task	family	train	evaluation	split	score	d_min	n_positive	n_neg	n_O	n_U	W_R	delta_O	delta_U	c	delta_R	residual	signed_agreement	radius_certificate	radius_margin
phosphorylation_st	esm2	replica	rebuilt	0	y_pred	0	18886	90181	51426	38755	0.429746842461	0.0314641082108	-0.0985908115172	0.130054919728	-0.0244265828889	0	0	0	-0.0244265828889
phosphorylation_st	esm2	replica	rebuilt	0	y_pred	1	18886	90181	51426	38755	0.429746842461	0.0314641082108	-0.0985908115172	0.130054919728	-0.0244265828889	0	0	0	-0.0244265828889
phosphorylation_st	esm2	replica	rebuilt	0	y_pred	2	18886	82188	51426	30762	0.374288217258	0.0314641082108	-0.0823608822615	0.113824990472	-0.0111392445525	0	0	0	-0.0111392445525
phosphorylation_st	esm2	replica	rebuilt	0	y_pred	3	18886	76580	51426	25154	0.328466962653	0.0314641082108	-0.0679319174464	0.0993960256571	-0.00118420243665	5.85469173142e-18	0	0	-0.00118420243665
phosphorylation_st	esm2	replica	rebuilt	0	y_pred	4	18886	70204	51426	18778	0.267477636602	0.0314641082108	-0.0641775605001	0.0956416687109	0.00588210070332	8.67361737988e-18	1	1	0.00588210070332
phosphorylation_st	esm2	replica	rebuilt	0	y_pred	5	18886	66793	51426	15367	0.230069019209	0.0314641082108	-0.051892022264	0.0833561304748	0.0122864450274	0	1	1	0.0122864450274
phosphorylation_st	esm2	replica	rebuilt	0	y_pred	6	18886	63037	51426	11611	0.184193410219	0.0314641082108	-0.0393493621776	0.0708134703884	0.0184207336105	3.46944695195e-18	1	1	0.0184207336105
phosphorylation_st	esm2	replica	rebuilt	0	y_pred	7	18886	60231	51426	8805	0.146187179359	0.0314641082108	-0.0334120867348	0.0648761949456	0.0219800402641	0	1	1	0.0219800402641
phosphorylation_st	esm2	replica	rebuilt	0	y_pred	8	18886	56997	51426	5571	0.0977419864203	0.0314641082108	-0.0165297161385	0.0479938243492	0.026773096483	0	1	1	0.026773096483
phosphorylation_st	esm2	replica	rebuilt	0	y_pred	9	18886	54314	51426	2888	0.0531722944361	0.0314641082108	0.00610585990062	0.0253582483101	0.0301157519652	3.46944695195e-18	1	1	0.0301157519652
phosphorylation_st	esm2	replica	rebuilt	0	y_pred	10	18886	51426	51426	0	0	0.0314641082108		0	0.0314641082108	0	1	1	0.0314641082108
phosphorylation_st	esm2	replica	rebuilt	0	init_0	0	18886	90181	51426	38755	0.429746842461	0.0328566923569	-0.104284049229	0.137140741586	-0.0260791083124	3.46944695195e-18	0	0	-0.0260791083124
phosphorylation_st	esm2	replica	rebuilt	0	init_0	1	18886	90181	51426	38755	0.429746842461	0.0328566923569	-0.104284049229	0.137140741586	-0.0260791083124	3.46944695195e-18	0	0	-0.0260791083124
phosphorylation_st	esm2	replica	rebuilt	0	init_0	2	18886	82188	51426	30762	0.374288217258	0.0328566923569	-0.0843488760471	0.117205568404	-0.0110119708937	1.73472347598e-18	0	0	-0.0110119708937
phosphorylation_st	esm2	replica	rebuilt	0	init_0	3	18886	76580	51426	25154	0.328466962653	0.0328566923569	-0.0665065380882	0.0993632304451	0.000219153853168	5.69206140555e-18	1	1	0.000219153853168
phosphorylation_st	esm2	replica	rebuilt	0	init_0	4	18886	70204	51426	18778	0.267477636602	0.0328566923569	-0.0619894313045	0.0948461236614	0.0074874753591	4.33680868994e-18	1	1	0.0074874753591
phosphorylation_st	esm2	replica	rebuilt	0	init_0	5	18886	66793	51426	15367	0.230069019209	0.0328566923569	-0.0483377208034	0.0811944131603	0.0141763733559	0	1	1	0.0141763733559
phosphorylation_st	esm2	replica	rebuilt	0	init_0	6	18886	63037	51426	11611	0.184193410219	0.0328566923569	-0.0323875449479	0.0652442373048	0.0208391337906	0	1	1	0.0208391337906
phosphorylation_st	esm2	replica	rebuilt	0	init_0	7	18886	60231	51426	8805	0.146187179359	0.0328566923569	-0.0264537823191	0.059310474676	0.0241862613575	0	1	1	0.0241862613575
phosphorylation_st	esm2	replica	rebuilt	0	init_0	8	18886	56997	51426	5571	0.0977419864203	0.0328566923569	-0.0100032071806	0.0428598995375	0.0286674806383	0	1	1	0.0286674806383
phosphorylation_st	esm2	replica	rebuilt	0	init_0	9	18886	54314	51426	2888	0.0531722944361	0.0328566923569	0.0083208006605	0.0245358916964	0.0315520626994	0	1	1	0.0315520626994
phosphorylation_st	esm2	replica	rebuilt	0	init_0	10	18886	51426	51426	0	0	0.0328566923569		0	0.0328566923569	0	1	1	0.0328566923569
phosphorylation_st	esm2	replica	rebuilt	0	init_1	0	18886	90181	51426	38755	0.429746842461	0.0268908120474	-0.100772527252	0.1276633393	-0.0279721049146	3.46944695195e-18	0	0	-0.0279721049146
phosphorylation_st	esm2	replica	rebuilt	0	init_1	1	18886	90181	51426	38755	0.429746842461	0.0268908120474	-0.100772527252	0.1276633393	-0.0279721049146	3.46944695195e-18	0	0	-0.0279721049146
phosphorylation_st	esm2	replica	rebuilt	0	init_1	2	18886	82188	51426	30762	0.374288217258	0.0268908120474	-0.087347819375	0.114238631422	-0.0158673616497	3.46944695195e-18	0	0	-0.0158673616497
phosphorylation_st	esm2	replica	rebuilt	0	init_1	3	18886	76580	51426	25154	0.328466962653	0.0268908120474	-0.0754624014219	0.102353213469	-0.00672883709869	1.73472347598e-18	0	0	-0.00672883709869
phosphorylation_st	esm2	replica	rebuilt	0	init_1	4	18886	70204	51426	18778	0.267477636602	0.0268908120474	-0.0727155746335	0.0996063866809	0.000248331147533	3.08997619158e-18	1	1	0.000248331147533
phosphorylation_st	esm2	replica	rebuilt	0	init_1	5	18886	66793	51426	15367	0.230069019209	0.0268908120474	-0.0610108025134	0.0879016145608	0.00666737379854	0	1	1	0.00666737379854
phosphorylation_st	esm2	replica	rebuilt	0	init_1	6	18886	63037	51426	11611	0.184193410219	0.0268908120474	-0.0509115985343	0.0778024105817	0.0125601207191	5.20417042793e-18	1	1	0.0125601207191
phosphorylation_st	esm2	replica	rebuilt	0	init_1	7	18886	60231	51426	8805	0.146187179359	0.0268908120474	-0.0447154579349	0.0716062699823	0.0164228934142	3.46944695195e-18	1	1	0.0164228934142
phosphorylation_st	esm2	replica	rebuilt	0	init_1	8	18886	56997	51426	5571	0.0977419864203	0.0268908120474	-0.0276877564074	0.0545785684548	0.0215561943506	3.46944695195e-18	1	1	0.0215561943506
phosphorylation_st	esm2	replica	rebuilt	0	init_1	9	18886	54314	51426	2888	0.0531722944361	0.0268908120474	0.000129751390688	0.0267610606567	0.0254678650507	3.46944695195e-18	1	1	0.0254678650507
phosphorylation_st	esm2	replica	rebuilt	0	init_1	10	18886	51426	51426	0	0	0.0268908120474		0	0.0268908120474	0	1	1	0.0268908120474
phosphorylation_st	esm2	replica	rebuilt	1	y_pred	0	17279	87254	46490	40764	0.467187750705	0.0314980202121	-0.120266928093	0.151764948305	-0.0394047046223	6.93889390391e-18	0	0	-0.0394047046223
phosphorylation_st	esm2	replica	rebuilt	1	y_pred	1	17279	87254	46490	40764	0.467187750705	0.0314980202121	-0.120266928093	0.151764948305	-0.0394047046223	6.93889390391e-18	0	0	-0.0394047046223
phosphorylation_st	esm2	replica	rebuilt	1	y_pred	2	17279	78640	46490	32150	0.408825025432	0.0314980202121	-0.0926837537849	0.124181773997	-0.0192705967004	3.46944695195e-18	0	0	-0.0192705967004
phosphorylation_st	esm2	replica	rebuilt	1	y_pred	3	17279	72187	46490	25697	0.355978223226	0.0314980202121	-0.0776884901743	0.109186510386	-0.00736999975547	1.04083408559e-17	0	0	-0.00736999975547
phosphorylation_st	esm2	replica	rebuilt	1	y_pred	4	17279	67267	46490	20777	0.308873593292	0.0314980202121	-0.0635594482889	0.095057468501	0.00213727834694	6.07153216592e-18	1	1	0.00213727834694
phosphorylation_st	esm2	replica	rebuilt	1	y_pred	5	17279	61773	46490	15283	0.247405824551	0.0314980202121	-0.0506787945818	0.0821768147939	0.0111669975891	3.46944695195e-18	1	1	0.0111669975891
phosphorylation_st	esm2	replica	rebuilt	1	y_pred	6	17279	58119	46490	11629	0.200089471601	0.0314980202121	-0.0417896429293	0.0732876631414	0.0168339304193	3.46944695195e-18	1	1	0.0168339304193
phosphorylation_st	esm2	replica	rebuilt	1	y_pred	7	17279	55124	46490	8634	0.156628691677	0.0314980202121	-0.022517542192	0.0540155624041	0.0230376333426	0	1	1	0.0230376333426
phosphorylation_st	esm2	replica	rebuilt	1	y_pred	8	17279	52878	46490	6388	0.120806384508	0.0314980202121	-0.00460942704547	0.0361074472576	0.0271360100551	0	1	1	0.0271360100551
phosphorylation_st	esm2	replica	rebuilt	1	y_pred	9	17279	49416	46490	2926	0.0592115913874	0.0314980202121	-0.0122460474089	0.043744067621	0.0289078643545	3.46944695195e-18	1	1	0.0289078643545
phosphorylation_st	esm2	replica	rebuilt	1	y_pred	10	17279	46490	46490	0	0	0.0314980202121		0	0.0314980202121	0	1	1	0.0314980202121
phosphorylation_st	esm2	replica	rebuilt	1	init_0	0	17279	87254	46490	40764	0.467187750705	0.0334307235954	-0.12841425557	0.161844979165	-0.0421812681836	1.38777878078e-17	0	0	-0.0421812681836
phosphorylation_st	esm2	replica	rebuilt	1	init_0	1	17279	87254	46490	40764	0.467187750705	0.0334307235954	-0.12841425557	0.161844979165	-0.0421812681836	1.38777878078e-17	0	0	-0.0421812681836
phosphorylation_st	esm2	replica	rebuilt	1	init_0	2	17279	78640	46490	32150	0.408825025432	0.0334307235954	-0.0972960021141	0.130726725709	-0.0200136333675	0	0	0	-0.0200136333675
phosphorylation_st	esm2	replica	rebuilt	1	init_0	3	17279	72187	46490	25697	0.355978223226	0.0334307235954	-0.0805950021948	0.11402572579	-0.00715995167341	8.67361737988e-19	0	0	-0.00715995167341
phosphorylation_st	esm2	replica	rebuilt	1	init_0	4	17279	67267	46490	20777	0.308873593292	0.0334307235954	-0.0646322959093	0.0980630195047	0.00314164639189	2.60208521397e-18	1	1	0.00314164639189
phosphorylation_st	esm2	replica	rebuilt	1	init_0	5	17279	61773	46490	15283	0.247405824551	0.0334307235954	-0.0516560966438	0.0850868202392	0.0123797486757	1.73472347598e-18	1	1	0.0123797486757
phosphorylation_st	esm2	replica	rebuilt	1	init_0	6	17279	58119	46490	11629	0.200089471601	0.0334307235954	-0.0412451079127	0.0746758315081	0.0184888759276	3.46944695195e-18	1	1	0.0184888759276
phosphorylation_st	esm2	replica	rebuilt	1	init_0	7	17279	55124	46490	8634	0.156628691677	0.0334307235954	-0.0201982029439	0.0536289265393	0.0250308949955	3.46944695195e-18	1	1	0.0250308949955
phosphorylation_st	esm2	replica	rebuilt	1	init_0	8	17279	52878	46490	6388	0.120806384508	0.0334307235954	0.000117274007927	0.0333134495875	0.0294062461953	3.46944695195e-18	1	1	0.0294062461953
phosphorylation_st	esm2	replica	rebuilt	1	init_0	9	17279	49416	46490	2926	0.0592115913874	0.0334307235954	-0.00654150054015	0.0399722241355	0.031063904593	3.46944695195e-18	1	1	0.031063904593
phosphorylation_st	esm2	replica	rebuilt	1	init_0	10	17279	46490	46490	0	0	0.0334307235954		0	0.0334307235954	0	1	1	0.0334307235954
phosphorylation_st	esm2	replica	rebuilt	1	init_1	0	17279	87254	46490	40764	0.467187750705	0.0294872420815	-0.114134961611	0.143622203692	-0.0376112922127	6.93889390391e-18	0	0	-0.0376112922127
phosphorylation_st	esm2	replica	rebuilt	1	init_1	1	17279	87254	46490	40764	0.467187750705	0.0294872420815	-0.114134961611	0.143622203692	-0.0376112922127	6.93889390391e-18	0	0	-0.0376112922127
phosphorylation_st	esm2	replica	rebuilt	1	init_1	2	17279	78640	46490	32150	0.408825025432	0.0294872420815	-0.090055687479	0.119542929561	-0.0193848991364	3.46944695195e-18	0	0	-0.0193848991364
phosphorylation_st	esm2	replica	rebuilt	1	init_1	3	17279	72187	46490	25697	0.355978223226	0.0294872420815	-0.0766518666139	0.106139108695	-0.00829596924668	0	0	0	-0.00829596924668
phosphorylation_st	esm2	replica	rebuilt	1	init_1	4	17279	67267	46490	20777	0.308873593292	0.0294872420815	-0.0641270909555	0.093614333037	0.000572246652674	2.81892564846e-18	1	1	0.000572246652674
phosphorylation_st	esm2	replica	rebuilt	1	init_1	5	17279	61773	46490	15283	0.247405824551	0.0294872420815	-0.0519647078841	0.0814519499655	0.00933555523896	0	1	1	0.00933555523896
phosphorylation_st	esm2	replica	rebuilt	1	init_1	6	17279	58119	46490	11629	0.200089471601	0.0294872420815	-0.0441236672951	0.0736109093766	0.0147584741202	1.73472347598e-18	1	1	0.0147584741202
phosphorylation_st	esm2	replica	rebuilt	1	init_1	7	17279	55124	46490	8634	0.156628691677	0.0294872420815	-0.0261589547489	0.0556461968304	0.0207714510751	6.93889390391e-18	1	1	0.0207714510751
phosphorylation_st	esm2	replica	rebuilt	1	init_1	8	17279	52878	46490	6388	0.120806384508	0.0294872420815	-0.0102031376616	0.0396903797431	0.024692390805	3.46944695195e-18	1	1	0.024692390805
phosphorylation_st	esm2	replica	rebuilt	1	init_1	9	17279	49416	46490	2926	0.0592115913874	0.0294872420815	-0.0192564615533	0.0487437036348	0.0266010498192	6.93889390391e-18	1	1	0.0266010498192
phosphorylation_st	esm2	replica	rebuilt	1	init_1	10	17279	46490	46490	0	0	0.0294872420815		0	0.0294872420815	0	1	1	0.0294872420815
phosphorylation_st	esm2	replica	rebuilt	2	y_pred	0	18590	90046	50233	39813	0.442140683651	0.030743323525	-0.0746006373502	0.105343960875	-0.0158335273549	3.46944695195e-18	0	0	-0.0158335273549
phosphorylation_st	esm2	replica	rebuilt	2	y_pred	1	18590	90046	50233	39813	0.442140683651	0.030743323525	-0.0746006373502	0.105343960875	-0.0158335273549	3.46944695195e-18	0	0	-0.0158335273549
phosphorylation_st	esm2	replica	rebuilt	2	y_pred	2	18590	82436	50233	32203	0.39064243777	0.030743323525	-0.0601450868672	0.0908884103921	-0.00476154667565	1.73472347598e-18	0	0	-0.00476154667565
phosphorylation_st	esm2	replica	rebuilt	2	y_pred	3	18590	76276	50233	26043	0.341431118569	0.030743323525	-0.0463625267658	0.0771058502908	0.00441698681194	4.33680868994e-18	1	1	0.00441698681194
phosphorylation_st	esm2	replica	rebuilt	2	y_pred	4	18590	71805	50233	21572	0.300424761507	0.030743323525	-0.0434952449667	0.0742385684917	0.00844021929124	0	1	1	0.00844021929124
phosphorylation_st	esm2	replica	rebuilt	2	y_pred	5	18590	66633	50233	16400	0.246124292768	0.030743323525	-0.0359744371482	0.0667177606732	0.0143224618642	5.20417042793e-18	1	1	0.0143224618642
phosphorylation_st	esm2	replica	rebuilt	2	y_pred	6	18590	62679	50233	12446	0.198567303244	0.030743323525	-0.0282677930359	0.0590111165609	0.0190256452481	3.46944695195e-18	1	1	0.0190256452481
phosphorylation_st	esm2	replica	rebuilt	2	y_pred	7	18590	60298	50233	10065	0.166920959236	0.030743323525	-0.0202039807416	0.0509473042666	0.0222391506263	0	1	1	0.0222391506263
phosphorylation_st	esm2	replica	rebuilt	2	y_pred	8	18590	57039	50233	6806	0.119321867494	0.030743323525	-0.0218254128836	0.0525687364086	0.0244707237249	3.46944695195e-18	1	1	0.0244707237249
phosphorylation_st	esm2	replica	rebuilt	2	y_pred	9	18590	53725	50233	3492	0.0649976733364	0.030743323525	-0.021773405685	0.0525167292099	0.0273298583151	0	1	1	0.0273298583151
phosphorylation_st	esm2	replica	rebuilt	2	y_pred	10	18590	50233	50233	0	0	0.030743323525		0	0.030743323525	0	1	1	0.030743323525
phosphorylation_st	esm2	replica	rebuilt	2	init_0	0	18590	90046	50233	39813	0.442140683651	0.0282963948516	-0.0974802731279	0.125776667979	-0.0273145871161	3.46944695195e-18	0	0	-0.0273145871161
phosphorylation_st	esm2	replica	rebuilt	2	init_0	1	18590	90046	50233	39813	0.442140683651	0.0282963948516	-0.0974802731279	0.125776667979	-0.0273145871161	3.46944695195e-18	0	0	-0.0273145871161
phosphorylation_st	esm2	replica	rebuilt	2	init_0	2	18590	82436	50233	32203	0.39064243777	0.0282963948516	-0.0817713458983	0.11006774075	-0.0147007357148	8.67361737988e-18	0	0	-0.0147007357148
phosphorylation_st	esm2	replica	rebuilt	2	init_0	3	18590	76276	50233	26043	0.341431118569	0.0282963948516	-0.0661835939928	0.0944799888444	-0.00396201342194	1.73472347598e-18	0	0	-0.00396201342194
phosphorylation_st	esm2	replica	rebuilt	2	init_0	4	18590	71805	50233	21572	0.300424761507	0.0282963948516	-0.0640721286444	0.0923685234961	0.000546603209585	5.42101086243e-19	1	1	0.000546603209585
phosphorylation_st	esm2	replica	rebuilt	2	init_0	5	18590	66633	50233	16400	0.246124292768	0.0282963948516	-0.056502678138	0.0847990729896	0.00742528298469	8.67361737988e-19	1	1	0.00742528298469
phosphorylation_st	esm2	replica	rebuilt	2	init_0	6	18590	62679	50233	12446	0.198567303244	0.0282963948516	-0.0468972858931	0.0751936807448	0.0133653884452	3.46944695195e-18	1	1	0.0133653884452
phosphorylation_st	esm2	replica	rebuilt	2	init_0	7	18590	60298	50233	10065	0.166920959236	0.0282963948516	-0.0353194579504	0.0636158528021	0.0176775756793	0	1	1	0.0176775756793
phosphorylation_st	esm2	replica	rebuilt	2	init_0	8	18590	57039	50233	6806	0.119321867494	0.0282963948516	-0.0388518334217	0.0671482282733	0.0202841428551	0	1	1	0.0202841428551
phosphorylation_st	esm2	replica	rebuilt	2	init_0	9	18590	53725	50233	3492	0.0649976733364	0.0282963948516	-0.0348788701386	0.0631752649902	0.0241901496149	6.93889390391e-18	1	1	0.0241901496149
phosphorylation_st	esm2	replica	rebuilt	2	init_0	10	18590	50233	50233	0	0	0.0282963948516		0	0.0282963948516	0	1	1	0.0282963948516
phosphorylation_st	esm2	replica	rebuilt	2	init_1	0	18590	90046	50233	39813	0.442140683651	0.0299325230494	-0.0597636520664	0.0896961751158	-0.00972580513717	3.46944695195e-18	0	0	-0.00972580513717
phosphorylation_st	esm2	replica	rebuilt	2	init_1	1	18590	90046	50233	39813	0.442140683651	0.0299325230494	-0.0597636520664	0.0896961751158	-0.00972580513717	3.46944695195e-18	0	0	-0.00972580513717
phosphorylation_st	esm2	replica	rebuilt	2	init_1	2	18590	82436	50233	32203	0.39064243777	0.0299325230494	-0.0466288160183	0.0765613390677	2.44149170402e-05	2.0667603913e-19	1	1	2.44149170402e-05
phosphorylation_st	esm2	replica	rebuilt	2	init_1	3	18590	76276	50233	26043	0.341431118569	0.0299325230494	-0.0346823074934	0.0646148305428	0.00787100918098	1.73472347598e-18	1	1	0.00787100918098
phosphorylation_st	esm2	replica	rebuilt	2	init_1	4	18590	71805	50233	21572	0.300424761507	0.0299325230494	-0.0311615569243	0.0610940799737	0.0115783486438	1.73472347598e-18	1	1	0.0115783486438
phosphorylation_st	esm2	replica	rebuilt	2	init_1	5	18590	66633	50233	16400	0.246124292768	0.0299325230494	-0.0234080954224	0.0533406184718	0.0168041010522	3.46944695195e-18	1	1	0.0168041010522
phosphorylation_st	esm2	replica	rebuilt	2	init_1	6	18590	62679	50233	12446	0.198567303244	0.0299325230494	-0.0170912413709	0.0470237644203	0.0205951409601	3.46944695195e-18	1	1	0.0205951409601
phosphorylation_st	esm2	replica	rebuilt	2	init_1	7	18590	60298	50233	10065	0.166920959236	0.0299325230494	-0.0111490374427	0.0410815604921	0.0230751495651	0	1	1	0.0230751495651
phosphorylation_st	esm2	replica	rebuilt	2	init_1	8	18590	57039	50233	6806	0.119321867494	0.0299325230494	-0.0106378149078	0.0405703379572	0.0250915945594	3.46944695195e-18	1	1	0.0250915945594
phosphorylation_st	esm2	replica	rebuilt	2	init_1	9	18590	53725	50233	3492	0.0649976733364	0.0299325230494	-0.0131662196293	0.0430987426787	0.0271312050515	6.93889390391e-18	1	1	0.0271312050515
phosphorylation_st	esm2	replica	rebuilt	2	init_1	10	18590	50233	50233	0	0	0.0299325230494		0	0.0299325230494	0	1	1	0.0299325230494
phosphorylation_y	esm2	replica	rebuilt	0	y_pred	0	1150	5860	4387	1473	0.251365187713	0.0540993647238	-0.0744106968919	0.128510061616	0.0217964089628	3.46944695195e-18	1	1	0.0217964089628
phosphorylation_y	esm2	replica	rebuilt	0	y_pred	1	1150	5860	4387	1473	0.251365187713	0.0540993647238	-0.0744106968919	0.128510061616	0.0217964089628	3.46944695195e-18	1	1	0.0217964089628
phosphorylation_y	esm2	replica	rebuilt	0	y_pred	2	1150	5762	4387	1375	0.238632419299	0.0540993647238	-0.0703803952569	0.124479759981	0.0243944584459	0	1	1	0.0243944584459
phosphorylation_y	esm2	replica	rebuilt	0	y_pred	3	1150	5647	4387	1260	0.223127324243	0.0540993647238	-0.0584506556246	0.112550020348	0.02898637984	6.93889390391e-18	1	1	0.02898637984
phosphorylation_y	esm2	replica	rebuilt	0	y_pred	4	1150	5466	4387	1079	0.19740212221	0.0540993647238	-0.0487311117379	0.102830476462	0.0338004104424	0	1	1	0.0338004104424
phosphorylation_y	esm2	replica	rebuilt	0	y_pred	5	1150	5346	4387	959	0.179386457164	0.0540993647238	-0.0484716869928	0.102571051717	0.0356995071488	0	1	1	0.0356995071488
phosphorylation_y	esm2	replica	rebuilt	0	y_pred	6	1150	5150	4387	763	0.148155339806	0.0540993647238	-0.0557023192205	0.109801683944	0.0378316589278	0	1	1	0.0378316589278
phosphorylation_y	esm2	replica	rebuilt	0	y_pred	7	1150	4934	4387	547	0.110863396838	0.0540993647238	-0.0686416024163	0.12274096714	0.0404918841755	6.93889390391e-18	1	1	0.0404918841755
phosphorylation_y	esm2	replica	rebuilt	0	y_pred	8	1150	4694	4387	307	0.0654026416702	0.0540993647238	-0.0453760090639	0.0994753737877	0.047593412497	6.93889390391e-18	1	1	0.047593412497
phosphorylation_y	esm2	replica	rebuilt	0	y_pred	9	1150	4573	4387	186	0.040673518478	0.0540993647238	-0.0307877512856	0.0848871160095	0.0506467070423	0	1	1	0.0506467070423
phosphorylation_y	esm2	replica	rebuilt	0	y_pred	10	1150	4387	4387	0	0	0.0540993647238		0	0.0540993647238	0	1	1	0.0540993647238
phosphorylation_y	esm2	replica	rebuilt	0	init_0	0	1150	5860	4387	1473	0.251365187713	0.0541545673482	-0.060540747956	0.114695315304	0.0253241578869	6.93889390391e-18	1	1	0.0253241578869
phosphorylation_y	esm2	replica	rebuilt	0	init_0	1	1150	5860	4387	1473	0.251365187713	0.0541545673482	-0.060540747956	0.114695315304	0.0253241578869	6.93889390391e-18	1	1	0.0253241578869
phosphorylation_y	esm2	replica	rebuilt	0	init_0	2	1150	5762	4387	1375	0.238632419299	0.0541545673482	-0.0551064031621	0.10926097051	0.0280813576204	3.46944695195e-18	1	1	0.0280813576204
phosphorylation_y	esm2	replica	rebuilt	0	init_0	3	1150	5647	4387	1260	0.223127324243	0.0541545673482	-0.0425569358178	0.096711503166	0.0325755884232	6.93889390391e-18	1	1	0.0325755884232
phosphorylation_y	esm2	replica	rebuilt	0	init_0	4	1150	5466	4387	1079	0.19740212221	0.0541545673482	-0.0343393641455	0.0884939314937	0.0366856774686	0	1	1	0.0366856774686
phosphorylation_y	esm2	replica	rebuilt	0	init_0	5	1150	5346	4387	959	0.179386457164	0.0541545673482	-0.0338296232489	0.087984190597	0.0383713951105	0	1	1	0.0383713951105
phosphorylation_y	esm2	replica	rebuilt	0	init_0	6	1150	5150	4387	763	0.148155339806	0.0541545673482	-0.0409789731609	0.0951335405091	0.0400600253271	0	1	1	0.0400600253271
phosphorylation_y	esm2	replica	rebuilt	0	init_0	7	1150	4934	4387	547	0.110863396838	0.0541545673482	-0.0549066051983	0.109061172547	0.0420636752965	0	1	1	0.0420636752965
phosphorylation_y	esm2	replica	rebuilt	0	init_0	8	1150	4694	4387	307	0.0654026416702	0.0541545673482	-0.0499391021102	0.104093669458	0.0473465663845	6.93889390391e-18	1	1	0.0473465663845
phosphorylation_y	esm2	replica	rebuilt	0	init_0	9	1150	4573	4387	186	0.040673518478	0.0541545673482	-0.0364399251987	0.0905944925469	0.0504697705816	6.93889390391e-18	1	1	0.0504697705816
phosphorylation_y	esm2	replica	rebuilt	0	init_0	10	1150	4387	4387	0	0	0.0541545673482		0	0.0541545673482	0	1	1	0.0541545673482
phosphorylation_y	esm2	replica	rebuilt	0	init_1	0	1150	5860	4387	1473	0.251365187713	0.04590687902	-0.0954851087694	0.141391987789	0.0103658554682	6.93889390391e-18	1	1	0.0103658554682
phosphorylation_y	esm2	replica	rebuilt	0	init_1	1	1150	5860	4387	1473	0.251365187713	0.04590687902	-0.0954851087694	0.141391987789	0.0103658554682	6.93889390391e-18	1	1	0.0103658554682
phosphorylation_y	esm2	replica	rebuilt	0	init_1	2	1150	5762	4387	1375	0.238632419299	0.04590687902	-0.0934994466403	0.13940632566	0.0126400102621	3.46944695195e-18	1	1	0.0126400102621
phosphorylation_y	esm2	replica	rebuilt	0	init_1	3	1150	5647	4387	1260	0.223127324243	0.04590687902	-0.0812415458937	0.127148424914	0.0175365911873	0	1	1	0.0175365911873
phosphorylation_y	esm2	replica	rebuilt	0	init_1	4	1150	5466	4387	1079	0.19740212221	0.04590687902	-0.0696619252931	0.115568804313	0.0230933517873	3.46944695195e-18	1	1	0.0230933517873
phosphorylation_y	esm2	replica	rebuilt	0	init_1	5	1150	5346	4387	959	0.179386457164	0.04590687902	-0.0690102915174	0.114917170537	0.02529229493	3.46944695195e-18	1	1	0.02529229493
phosphorylation_y	esm2	replica	rebuilt	0	init_1	6	1150	5150	4387	763	0.148155339806	0.04590687902	-0.0760578950368	0.121964774057	0.0278371464753	3.46944695195e-18	1	1	0.0278371464753
phosphorylation_y	esm2	replica	rebuilt	0	init_1	7	1150	4934	4387	547	0.110863396838	0.04590687902	-0.0876671170813	0.133573996101	0.031098412083	3.46944695195e-18	1	1	0.031098412083
phosphorylation_y	esm2	replica	rebuilt	0	init_1	8	1150	4694	4387	307	0.0654026416702	0.04590687902	-0.0500240759099	0.09593095493	0.0396327411497	1.38777878078e-17	1	1	0.0396327411497
phosphorylation_y	esm2	replica	rebuilt	0	init_1	9	1150	4573	4387	186	0.040673518478	0.04590687902	-0.0347755960729	0.080682475093	0.0426252388785	6.93889390391e-18	1	1	0.0426252388785
phosphorylation_y	esm2	replica	rebuilt	0	init_1	10	1150	4387	4387	0	0	0.04590687902		0	0.04590687902	0	1	1	0.04590687902
phosphorylation_y	esm2	replica	rebuilt	1	y_pred	0	1178	5681	4387	1294	0.227776799859	0.0435449814489	-0.0866494307014	0.13019441215	0.0138897148897	5.20417042793e-18	1	1	0.0138897148897
phosphorylation_y	esm2	replica	rebuilt	1	y_pred	1	1178	5681	4387	1294	0.227776799859	0.0435449814489	-0.0866494307014	0.13019441215	0.0138897148897	5.20417042793e-18	1	1	0.0138897148897
phosphorylation_y	esm2	replica	rebuilt	1	y_pred	2	1178	5516	4387	1129	0.204677302393	0.0435449814489	-0.0916774313853	0.135222412834	0.0158680227669	3.46944695195e-18	1	1	0.0158680227669
phosphorylation_y	esm2	replica	rebuilt	1	y_pred	3	1178	5427	4387	1040	0.19163442049	0.0435449814489	-0.0785437344913	0.12208871594	0.0201485811213	0	1	1	0.0201485811213
phosphorylation_y	esm2	replica	rebuilt	1	y_pred	4	1178	5385	4387	998	0.185329619313	0.0435449814489	-0.0747322318661	0.118277213315	0.0216247105318	3.46944695195e-18	1	1	0.0216247105318
phosphorylation_y	esm2	replica	rebuilt	1	y_pred	5	1178	5200	4387	813	0.156346153846	0.0435449814489	-0.0570968994919	0.100641880941	0.027810010448	6.93889390391e-18	1	1	0.027810010448
phosphorylation_y	esm2	replica	rebuilt	1	y_pred	6	1178	5091	4387	704	0.138283244942	0.0435449814489	-0.0626621826285	0.106207164077	0.0288583101642	6.93889390391e-18	1	1	0.0288583101642
phosphorylation_y	esm2	replica	rebuilt	1	y_pred	7	1178	4972	4387	585	0.117658889783	0.0435449814489	-0.0562034739454	0.0997484553943	0.0318086889297	6.93889390391e-18	1	1	0.0318086889297
phosphorylation_y	esm2	replica	rebuilt	1	y_pred	8	1178	4800	4387	413	0.0860416666667	0.0435449814489	-0.0483891522135	0.0919341336624	0.035634815365	6.93889390391e-18	1	1	0.035634815365
phosphorylation_y	esm2	replica	rebuilt	1	y_pred	9	1178	4571	4387	184	0.0402537737913	0.0435449814489	-0.0417435594597	0.0852885409086	0.0401117958162	0	1	1	0.0401117958162
phosphorylation_y	esm2	replica	rebuilt	1	y_pred	10	1178	4387	4387	0	0	0.0435449814489		0	0.0435449814489	0	1	1	0.0435449814489
phosphorylation_y	esm2	replica	rebuilt	1	init_0	0	1178	5681	4387	1294	0.227776799859	0.0447840761193	-0.0710475145834	0.115831590703	0.0184003270665	6.93889390391e-18	1	1	0.0184003270665
phosphorylation_y	esm2	replica	rebuilt	1	init_0	1	1178	5681	4387	1294	0.227776799859	0.0447840761193	-0.0710475145834	0.115831590703	0.0184003270665	6.93889390391e-18	1	1	0.0184003270665
phosphorylation_y	esm2	replica	rebuilt	1	init_0	2	1178	5516	4387	1129	0.204677302393	0.0447840761193	-0.0737111285886	0.118495204708	0.0205307972732	6.93889390391e-18	1	1	0.0205307972732
phosphorylation_y	esm2	replica	rebuilt	1	init_0	3	1178	5427	4387	1040	0.19163442049	0.0447840761193	-0.0628216011493	0.107605677269	0.0241631245145	1.38777878078e-17	1	1	0.0241631245145
phosphorylation_y	esm2	replica	rebuilt	1	init_0	4	1178	5385	4387	998	0.185329619313	0.0447840761193	-0.0589787384616	0.103762814581	0.0255537531942	1.04083408559e-17	1	1	0.0255537531942
phosphorylation_y	esm2	replica	rebuilt	1	init_0	5	1178	5200	4387	813	0.156346153846	0.0447840761193	-0.0490741494851	0.0938582256045	0.0301097035392	6.93889390391e-18	1	1	0.0301097035392
phosphorylation_y	esm2	replica	rebuilt	1	init_0	6	1178	5091	4387	704	0.138283244942	0.0447840761193	-0.0523500202578	0.0971340963771	0.0313520580778	6.93889390391e-18	1	1	0.0313520580778
phosphorylation_y	esm2	replica	rebuilt	1	init_0	7	1178	4972	4387	585	0.117658889783	0.0447840761193	-0.0465231523805	0.0913072284999	0.0340409689849	6.93889390391e-18	1	1	0.0340409689849
phosphorylation_y	esm2	replica	rebuilt	1	init_0	8	1178	4800	4387	413	0.0860416666667	0.0447840761193	-0.044993566475	0.0897776425943	0.0370594581211	6.93889390391e-18	1	1	0.0370594581211
phosphorylation_y	esm2	replica	rebuilt	1	init_0	9	1178	4571	4387	184	0.0402537737913	0.0447840761193	-0.0338220639256	0.0786061400449	0.0416198823394	6.93889390391e-18	1	1	0.0416198823394
phosphorylation_y	esm2	replica	rebuilt	1	init_0	10	1178	4387	4387	0	0	0.0447840761193		0	0.0447840761193	0	1	1	0.0447840761193
phosphorylation_y	esm2	replica	rebuilt	1	init_1	0	1178	5681	4387	1294	0.227776799859	0.0422357420423	-0.099884736396	0.142120478438	0.00986399426916	3.46944695195e-18	1	1	0.00986399426916
phosphorylation_y	esm2	replica	rebuilt	1	init_1	1	1178	5681	4387	1294	0.227776799859	0.0422357420423	-0.099884736396	0.142120478438	0.00986399426916	3.46944695195e-18	1	1	0.00986399426916
phosphorylation_y	esm2	replica	rebuilt	1	init_1	2	1178	5516	4387	1129	0.204677302393	0.0422357420423	-0.106961326715	0.149197068757	0.0116984884842	5.20417042793e-18	1	1	0.0116984884842
phosphorylation_y	esm2	replica	rebuilt	1	init_1	3	1178	5427	4387	1040	0.19163442049	0.0422357420423	-0.0921334236646	0.134369165707	0.0164859848403	3.46944695195e-18	1	1	0.0164859848403
phosphorylation_y	esm2	replica	rebuilt	1	init_1	4	1178	5385	4387	998	0.185329619313	0.0422357420423	-0.088352001116	0.130587743158	0.0180339653158	0	1	1	0.0180339653158
phosphorylation_y	esm2	replica	rebuilt	1	init_1	5	1178	5200	4387	813	0.156346153846	0.0422357420423	-0.0632250337784	0.105460775821	0.0257473553611	0	1	1	0.0257473553611
phosphorylation_y	esm2	replica	rebuilt	1	init_1	6	1178	5091	4387	704	0.138283244942	0.0422357420423	-0.0716190046689	0.113854746711	0.026491538215	0	1	1	0.026491538215
phosphorylation_y	esm2	replica	rebuilt	1	init_1	7	1178	4972	4387	585	0.117658889783	0.0422357420423	-0.064711302657	0.106947044699	0.0296524714974	0	1	1	0.0296524714974
phosphorylation_y	esm2	replica	rebuilt	1	init_1	8	1178	4800	4387	413	0.0860416666667	0.0422357420423	-0.0527014638839	0.0949372059262	0.0340671866157	0	1	1	0.0340671866157
phosphorylation_y	esm2	replica	rebuilt	1	init_1	9	1178	4571	4387	184	0.0402537737913	0.0422357420423	-0.0522348121355	0.0944705541778	0.0384329457245	0	1	1	0.0384329457245
phosphorylation_y	esm2	replica	rebuilt	1	init_1	10	1178	4387	4387	0	0	0.0422357420423		0	0.0422357420423	0	1	1	0.0422357420423
phosphorylation_y	esm2	replica	rebuilt	2	y_pred	0	1145	5950	4604	1346	0.226218487395	0.0464239374153	-0.118806166743	0.165230104159	0.00904583318043	5.20417042793e-18	1	1	0.00904583318043
phosphorylation_y	esm2	replica	rebuilt	2	y_pred	1	1145	5950	4604	1346	0.226218487395	0.0464239374153	-0.118806166743	0.165230104159	0.00904583318043	5.20417042793e-18	1	1	0.00904583318043
phosphorylation_y	esm2	replica	rebuilt	2	y_pred	2	1145	5838	4604	1234	0.211373758136	0.0464239374153	-0.121891034942	0.168314972357	0.0108465691576	0	1	1	0.0108465691576
phosphorylation_y	esm2	replica	rebuilt	2	y_pred	3	1145	5740	4604	1136	0.197909407666	0.0464239374153	-0.116961759641	0.163385697056	0.0140883708899	8.67361737988e-18	1	1	0.0140883708899
phosphorylation_y	esm2	replica	rebuilt	2	y_pred	4	1145	5660	4604	1056	0.186572438163	0.0464239374153	-0.111876819505	0.15830075692	0.0168893792337	3.46944695195e-18	1	1	0.0168893792337
phosphorylation_y	esm2	replica	rebuilt	2	y_pred	5	1145	5533	4604	929	0.167901680824	0.0464239374153	-0.102065422274	0.148489359689	0.021492324339	3.46944695195e-18	1	1	0.021492324339
phosphorylation_y	esm2	replica	rebuilt	2	y_pred	6	1145	5338	4604	734	0.137504683402	0.0464239374153	-0.0882292397939	0.134653177209	0.0279084949141	0	1	1	0.0279084949141
phosphorylation_y	esm2	replica	rebuilt	2	y_pred	7	1145	5230	4604	626	0.119694072658	0.0464239374153	-0.0794962121741	0.125920149589	0.0313520418813	6.93889390391e-18	1	1	0.0313520418813
phosphorylation_y	esm2	replica	rebuilt	2	y_pred	8	1145	4959	4604	355	0.0715870135108	0.0464239374153	-0.0834430161757	0.129866953591	0.037127150054	0	1	1	0.037127150054
phosphorylation_y	esm2	replica	rebuilt	2	y_pred	9	1145	4837	4604	233	0.0481703535249	0.0464239374153	-0.0124725902881	0.0588965277034	0.0435868708545	6.93889390391e-18	1	1	0.0435868708545
phosphorylation_y	esm2	replica	rebuilt	2	y_pred	10	1145	4604	4604	0	0	0.0464239374153		0	0.0464239374153	0	1	1	0.0464239374153
phosphorylation_y	esm2	replica	rebuilt	2	init_0	0	1145	5950	4604	1346	0.226218487395	0.051359554441	-0.139536520955	0.190896075396	0.0081753330153	0	1	1	0.0081753330153
phosphorylation_y	esm2	replica	rebuilt	2	init_0	1	1145	5950	4604	1346	0.226218487395	0.051359554441	-0.139536520955	0.190896075396	0.0081753330153	0	1	1	0.0081753330153
phosphorylation_y	esm2	replica	rebuilt	2	init_0	2	1145	5838	4604	1234	0.211373758136	0.051359554441	-0.142105766032	0.193465320473	0.0104660625835	3.46944695195e-18	1	1	0.0104660625835
phosphorylation_y	esm2	replica	rebuilt	2	init_0	3	1145	5740	4604	1136	0.197909407666	0.051359554441	-0.140700919491	0.192060473932	0.0133489798092	1.73472347598e-18	1	1	0.0133489798092
phosphorylation_y	esm2	replica	rebuilt	2	init_0	4	1145	5660	4604	1056	0.186572438163	0.051359554441	-0.136825542543	0.188185096984	0.0162494020708	6.93889390391e-18	1	1	0.0162494020708
phosphorylation_y	esm2	replica	rebuilt	2	init_0	5	1145	5533	4604	929	0.167901680824	0.051359554441	-0.129913368838	0.181272923279	0.0209235259345	3.46944695195e-18	1	1	0.0209235259345
phosphorylation_y	esm2	replica	rebuilt	2	init_0	6	1145	5338	4604	734	0.137504683402	0.051359554441	-0.119632212082	0.170991766523	0.0278473857209	3.46944695195e-18	1	1	0.0278473857209
phosphorylation_y	esm2	replica	rebuilt	2	init_0	7	1145	5230	4604	626	0.119694072658	0.051359554441	-0.113394115267	0.164753669708	0.0316395167283	6.93889390391e-18	1	1	0.0316395167283
phosphorylation_y	esm2	replica	rebuilt	2	init_0	8	1145	4959	4604	355	0.0715870135108	0.051359554441	-0.117794452303	0.169154006744	0.0392503242748	0	1	1	0.0392503242748
phosphorylation_y	esm2	replica	rebuilt	2	init_0	9	1145	4837	4604	233	0.0481703535249	0.051359554441	-0.0300972693367	0.0814568237777	0.0474357504426	6.93889390391e-18	1	1	0.0474357504426
phosphorylation_y	esm2	replica	rebuilt	2	init_0	10	1145	4604	4604	0	0	0.051359554441		0	0.051359554441	0	1	1	0.051359554441
phosphorylation_y	esm2	replica	rebuilt	2	init_1	0	1145	5950	4604	1346	0.226218487395	0.0418312915672	-0.103601484586	0.145432776154	0.00893170892811	3.46944695195e-18	1	1	0.00893170892811
phosphorylation_y	esm2	replica	rebuilt	2	init_1	1	1145	5950	4604	1346	0.226218487395	0.0418312915672	-0.103601484586	0.145432776154	0.00893170892811	3.46944695195e-18	1	1	0.00893170892811
phosphorylation_y	esm2	replica	rebuilt	2	init_1	2	1145	5838	4604	1234	0.211373758136	0.0418312915672	-0.107113232786	0.148944524353	0.0103483277009	1.73472347598e-18	1	1	0.0103483277009
phosphorylation_y	esm2	replica	rebuilt	2	init_1	3	1145	5740	4604	1136	0.197909407666	0.0418312915672	-0.100397087767	0.142228379334	0.01368295726	3.46944695195e-18	1	1	0.01368295726
phosphorylation_y	esm2	replica	rebuilt	2	init_1	4	1145	5660	4604	1056	0.186572438163	0.0418312915672	-0.0939100337435	0.135741325311	0.0165057015446	3.46944695195e-18	1	1	0.0165057015446
phosphorylation_y	esm2	replica	rebuilt	2	init_1	5	1145	5533	4604	929	0.167901680824	0.0418312915672	-0.0832115107102	0.125042802277	0.0208363948899	3.46944695195e-18	1	1	0.0208363948899
phosphorylation_y	esm2	replica	rebuilt	2	init_1	6	1145	5338	4604	734	0.137504683402	0.0418312915672	-0.068331092417	0.110162383984	0.0266834478347	3.46944695195e-18	1	1	0.0266834478347
phosphorylation_y	esm2	replica	rebuilt	2	init_1	7	1145	5230	4604	626	0.119694072658	0.0418312915672	-0.0585801582097	0.100411449777	0.029812636202	0	1	1	0.029812636202
phosphorylation_y	esm2	replica	rebuilt	2	init_1	8	1145	4959	4604	355	0.0715870135108	0.0418312915672	-0.0686671997048	0.110498491272	0.0339210345796	6.93889390391e-18	1	1	0.0339210345796
phosphorylation_y	esm2	replica	rebuilt	2	init_1	9	1145	4837	4604	233	0.0481703535249	0.0418312915672	-0.00689506531477	0.048726356882	0.0394841257302	6.93889390391e-18	1	1	0.0394841257302
phosphorylation_y	esm2	replica	rebuilt	2	init_1	10	1145	4604	4604	0	0	0.0418312915672		0	0.0418312915672	0	1	1	0.0418312915672
ubiquitination_k	esm2	replica	rebuilt	0	y_pred	0	10636	35299	13918	21381	0.605711209949	0.0464556620275	-0.0558900779161	0.102345739944	-0.0155362999469	3.46944695195e-18	0	0	-0.0155362999469
ubiquitination_k	esm2	replica	rebuilt	0	y_pred	1	10636	35299	13918	21381	0.605711209949	0.0464556620275	-0.0558900779161	0.102345739944	-0.0155362999469	3.46944695195e-18	0	0	-0.0155362999469
ubiquitination_k	esm2	replica	rebuilt	0	y_pred	2	10636	29826	13918	15908	0.533360155569	0.0464556620275	-0.0485801893229	0.0950358513504	-0.00423267443336	2.60208521397e-18	0	0	-0.00423267443336
ubiquitination_k	esm2	replica	rebuilt	0	y_pred	3	10636	26703	13918	12785	0.478785155226	0.0464556620275	-0.0496652516678	0.0961209136953	0.000434395443467	3.46944695195e-18	1	1	0.000434395443467
ubiquitination_k	esm2	replica	rebuilt	0	y_pred	4	10636	24126	13918	10208	0.423111995358	0.0464556620275	-0.0430778892677	0.0895335512952	0.00857294248757	6.93889390391e-18	1	1	0.00857294248757
ubiquitination_k	esm2	replica	rebuilt	0	y_pred	5	10636	21744	13918	7826	0.359915378955	0.0464556620275	-0.0313565116981	0.0778121737256	0.0184498640338	3.46944695195e-18	1	1	0.0184498640338
ubiquitination_k	esm2	replica	rebuilt	0	y_pred	6	10636	19441	13918	5523	0.284090324572	0.0464556620275	-0.0322264267782	0.0786820888057	0.0241028418807	3.46944695195e-18	1	1	0.0241028418807
ubiquitination_k	esm2	replica	rebuilt	0	y_pred	7	10636	18134	13918	4216	0.23249145252	0.0464556620275	-0.0100393997722	0.0564950617997	0.0333210430495	0	1	1	0.0333210430495
ubiquitination_k	esm2	replica	rebuilt	0	y_pred	8	10636	16563	13918	2645	0.159693292278	0.0464556620275	-0.018617051907	0.0650727139346	0.0360639861019	0	1	1	0.0360639861019
ubiquitination_k	esm2	replica	rebuilt	0	y_pred	9	10636	15560	13918	1642	0.105526992288	0.0464556620275	0.00291563160347	0.0435400304241	0.0418610135728	0	1	1	0.0418610135728
ubiquitination_k	esm2	replica	rebuilt	0	y_pred	10	10636	13918	13918	0	0	0.0464556620275		0	0.0464556620275	0	1	1	0.0464556620275
ubiquitination_k	esm2	replica	rebuilt	0	init_0	0	10636	35299	13918	21381	0.605711209949	0.0476230088001	-0.0504036030943	0.0980266118944	-0.0117528088977	1.73472347598e-18	0	0	-0.0117528088977
ubiquitination_k	esm2	replica	rebuilt	0	init_0	1	10636	35299	13918	21381	0.605711209949	0.0476230088001	-0.0504036030943	0.0980266118944	-0.0117528088977	1.73472347598e-18	0	0	-0.0117528088977
ubiquitination_k	esm2	replica	rebuilt	0	init_0	2	10636	29826	13918	15908	0.533360155569	0.0476230088001	-0.0448957817861	0.0925187905862	-0.00172282773999	2.16840434497e-18	0	0	-0.00172282773999
ubiquitination_k	esm2	replica	rebuilt	0	init_0	3	10636	26703	13918	12785	0.478785155226	0.0476230088001	-0.0463285382118	0.0939515470119	0.00264040278028	3.90312782095e-18	1	1	0.00264040278028
ubiquitination_k	esm2	replica	rebuilt	0	init_0	4	10636	24126	13918	10208	0.423111995358	0.0476230088001	-0.0412942527287	0.0889172615288	0.0100010488529	0	1	1	0.0100010488529
ubiquitination_k	esm2	replica	rebuilt	0	init_0	5	10636	21744	13918	7826	0.359915378955	0.0476230088001	-0.029187617201	0.0768106260011	0.0199776832351	0	1	1	0.0199776832351
ubiquitination_k	esm2	replica	rebuilt	0	init_0	6	10636	19441	13918	5523	0.284090324572	0.0476230088001	-0.0305154120786	0.0781384208787	0.0254246394511	0	1	1	0.0254246394511
ubiquitination_k	esm2	replica	rebuilt	0	init_0	7	10636	18134	13918	4216	0.23249145252	0.0476230088001	-0.00947457544568	0.0570975842458	0.0343483085034	0	1	1	0.0343483085034
ubiquitination_k	esm2	replica	rebuilt	0	init_0	8	10636	16563	13918	2645	0.159693292278	0.0476230088001	-0.0195409214061	0.0671639302062	0.0368973796631	6.93889390391e-18	1	1	0.0368973796631
ubiquitination_k	esm2	replica	rebuilt	0	init_0	9	10636	15560	13918	1642	0.105526992288	0.0476230088001	-0.00188160861991	0.04950461742	0.0423989354194	0	1	1	0.0423989354194
ubiquitination_k	esm2	replica	rebuilt	0	init_0	10	10636	13918	13918	0	0	0.0476230088001		0	0.0476230088001	0	1	1	0.0476230088001
ubiquitination_k	esm2	replica	rebuilt	0	init_1	0	10636	35299	13918	21381	0.605711209949	0.0460006079232	-0.0615962038961	0.107596811819	-0.0191719871505	1.38777878078e-17	0	0	-0.0191719871505
ubiquitination_k	esm2	replica	rebuilt	0	init_1	1	10636	35299	13918	21381	0.605711209949	0.0460006079232	-0.0615962038961	0.107596811819	-0.0191719871505	1.38777878078e-17	0	0	-0.0191719871505
ubiquitination_k	esm2	replica	rebuilt	0	init_1	2	10636	29826	13918	15908	0.533360155569	0.0460006079232	-0.0521177182016	0.0981183261248	-0.00633179776287	5.20417042793e-18	0	0	-0.00633179776287
ubiquitination_k	esm2	replica	rebuilt	0	init_1	3	10636	26703	13918	12785	0.478785155226	0.0460006079232	-0.052847057749	0.0988476656722	-0.00132618702937	2.16840434497e-18	0	0	-0.00132618702937
ubiquitination_k	esm2	replica	rebuilt	0	init_1	4	10636	24126	13918	10208	0.423111995358	0.0460006079232	-0.0448073222884	0.0908079302116	0.00757868337711	4.33680868994e-18	1	1	0.00757868337711
ubiquitination_k	esm2	replica	rebuilt	0	init_1	5	10636	21744	13918	7826	0.359915378955	0.0460006079232	-0.0338359699546	0.0798365778779	0.0172661957418	3.46944695195e-18	1	1	0.0172661957418
ubiquitination_k	esm2	replica	rebuilt	0	init_1	6	10636	19441	13918	5523	0.284090324572	0.0460006079232	-0.0342226942928	0.080223302216	0.0232099439585	6.93889390391e-18	1	1	0.0232099439585
ubiquitination_k	esm2	replica	rebuilt	0	init_1	7	10636	18134	13918	4216	0.23249145252	0.0460006079232	-0.0110314522908	0.0570320602141	0.0327411414038	0	1	1	0.0327411414038
ubiquitination_k	esm2	replica	rebuilt	0	init_1	8	10636	16563	13918	2645	0.159693292278	0.0460006079232	-0.0190815015665	0.0650821094898	0.0356074315904	1.38777878078e-17	1	1	0.0356074315904
ubiquitination_k	esm2	replica	rebuilt	0	init_1	9	10636	15560	13918	1642	0.105526992288	0.0460006079232	0.00532686314812	0.0406737447751	0.041708429972	1.38777878078e-17	1	1	0.041708429972
ubiquitination_k	esm2	replica	rebuilt	0	init_1	10	10636	13918	13918	0	0	0.0460006079232		0	0.0460006079232	0	1	1	0.0460006079232
ubiquitination_k	esm2	replica	rebuilt	1	y_pred	0	10109	36320	13091	23229	0.639564977974	0.0465169889591	-0.0401874167127	0.0867044056718	-0.00893611234461	5.20417042793e-18	0	0	-0.00893611234461
ubiquitination_k	esm2	replica	rebuilt	1	y_pred	1	10109	36320	13091	23229	0.639564977974	0.0465169889591	-0.0401874167127	0.0867044056718	-0.00893611234461	5.20417042793e-18	0	0	-0.00893611234461
ubiquitination_k	esm2	replica	rebuilt	1	y_pred	2	10109	30465	13091	17374	0.570293779747	0.0465169889591	-0.0348219288312	0.0813389177902	0.00012991009193	4.25549352701e-18	1	1	0.00012991009193
ubiquitination_k	esm2	replica	rebuilt	1	y_pred	3	10109	26396	13091	13305	0.504053644492	0.0465169889591	-0.0344201900896	0.0809371790487	0.00572030888471	3.46944695195e-18	1	1	0.00572030888471
ubiquitination_k	esm2	replica	rebuilt	1	y_pred	4	10109	23235	13091	10144	0.436582741554	0.0465169889591	-0.0276227292855	0.0741397182446	0.0141488675098	3.46944695195e-18	1	1	0.0141488675098
ubiquitination_k	esm2	replica	rebuilt	1	y_pred	5	10109	21010	13091	7919	0.376915754403	0.0465169889591	-0.0253235315313	0.0718405204904	0.0194391649818	3.46944695195e-18	1	1	0.0194391649818
ubiquitination_k	esm2	replica	rebuilt	1	y_pred	6	10109	18362	13091	5271	0.28706023309	0.0465169889591	-0.0265346107245	0.0730515996836	0.0255467797263	3.46944695195e-18	1	1	0.0255467797263
ubiquitination_k	esm2	replica	rebuilt	1	y_pred	7	10109	17195	13091	4104	0.238674033149	0.0465169889591	-0.0292847557144	0.0758017446734	0.0284250808381	3.46944695195e-18	1	1	0.0284250808381
ubiquitination_k	esm2	replica	rebuilt	1	y_pred	8	10109	14970	13091	1879	0.125517702071	0.0465169889591	-0.0589897946339	0.105506783593	0.0332740199296	6.93889390391e-18	1	1	0.0332740199296
ubiquitination_k	esm2	replica	rebuilt	1	y_pred	9	10109	14144	13091	1053	0.0744485294118	0.0465169889591	-0.0802540532319	0.126771042191	0.037079071296	6.93889390391e-18	1	1	0.037079071296
ubiquitination_k	esm2	replica	rebuilt	1	y_pred	10	10109	13091	13091	0	0	0.0465169889591		0	0.0465169889591	0	1	1	0.0465169889591
ubiquitination_k	esm2	replica	rebuilt	1	init_0	0	10109	36320	13091	23229	0.639564977974	0.049001208801	-0.0237301250542	0.0727313338552	0.00248479486592	3.90312782095e-18	1	1	0.00248479486592
ubiquitination_k	esm2	replica	rebuilt	1	init_0	1	10109	36320	13091	23229	0.639564977974	0.049001208801	-0.0237301250542	0.0727313338552	0.00248479486592	3.90312782095e-18	1	1	0.00248479486592
ubiquitination_k	esm2	replica	rebuilt	1	init_0	2	10109	30465	13091	17374	0.570293779747	0.049001208801	-0.0198508554443	0.0688520642453	0.00973530483916	3.46944695195e-18	1	1	0.00973530483916
ubiquitination_k	esm2	replica	rebuilt	1	init_0	3	10109	26396	13091	13305	0.504053644492	0.049001208801	-0.019076548894	0.068077757695	0.014686366926	1.73472347598e-18	1	1	0.014686366926
ubiquitination_k	esm2	replica	rebuilt	1	init_0	4	10109	23235	13091	10144	0.436582741554	0.049001208801	-0.0131990376271	0.0622002464281	0.0218456546901	3.46944695195e-18	1	1	0.0218456546901
ubiquitination_k	esm2	replica	rebuilt	1	init_0	5	10109	21010	13091	7919	0.376915754403	0.049001208801	-0.00965833071122	0.0586595395122	0.0268915042128	6.93889390391e-18	1	1	0.0268915042128
ubiquitination_k	esm2	replica	rebuilt	1	init_0	6	10109	18362	13091	5271	0.28706023309	0.049001208801	-0.0133314374738	0.0623326462748	0.0311079848322	6.93889390391e-18	1	1	0.0311079848322
ubiquitination_k	esm2	replica	rebuilt	1	init_0	7	10109	17195	13091	4104	0.238674033149	0.049001208801	-0.0154049057283	0.0644061145293	0.0336291416868	0	1	1	0.0336291416868
ubiquitination_k	esm2	replica	rebuilt	1	init_0	8	10109	14970	13091	1879	0.125517702071	0.049001208801	-0.0516348912342	0.100636100035	0.0363695967792	6.93889390391e-18	1	1	0.0363695967792
ubiquitination_k	esm2	replica	rebuilt	1	init_0	9	10109	14144	13091	1053	0.0744485294118	0.049001208801	-0.0705574198501	0.119558628651	0.0401002447194	6.93889390391e-18	1	1	0.0401002447194
ubiquitination_k	esm2	replica	rebuilt	1	init_0	10	10109	13091	13091	0	0	0.049001208801		0	0.049001208801	0	1	1	0.049001208801
ubiquitination_k	esm2	replica	rebuilt	1	init_1	0	10109	36320	13091	23229	0.639564977974	0.0457421258236	-0.0551790319986	0.100921157822	-0.0188035122561	3.46944695195e-18	0	0	-0.0188035122561
ubiquitination_k	esm2	replica	rebuilt	1	init_1	1	10109	36320	13091	23229	0.639564977974	0.0457421258236	-0.0551790319986	0.100921157822	-0.0188035122561	3.46944695195e-18	0	0	-0.0188035122561
ubiquitination_k	esm2	replica	rebuilt	1	init_1	2	10109	30465	13091	17374	0.570293779747	0.0457421258236	-0.0478551943138	0.0935973201374	-0.00763584365181	6.07153216592e-18	0	0	-0.00763584365181
ubiquitination_k	esm2	replica	rebuilt	1	init_1	3	10109	26396	13091	13305	0.504053644492	0.0457421258236	-0.0472414306755	0.092983556499	-0.00112657470756	2.60208521397e-18	0	0	-0.00112657470756
ubiquitination_k	esm2	replica	rebuilt	1	init_1	4	10109	23235	13091	10144	0.436582741554	0.0457421258236	-0.0393001720911	0.0850422979146	0.00861412625196	6.93889390391e-18	1	1	0.00861412625196
ubiquitination_k	esm2	replica	rebuilt	1	init_1	5	10109	21010	13091	7919	0.376915754403	0.0457421258236	-0.0383105686095	0.084052694433	0.0140613410918	1.73472347598e-18	1	1	0.0140613410918
ubiquitination_k	esm2	replica	rebuilt	1	init_1	6	10109	18362	13091	5271	0.28706023309	0.0457421258236	-0.0374313644714	0.083173490295	0.0218663243126	3.46944695195e-18	1	1	0.0218663243126
ubiquitination_k	esm2	replica	rebuilt	1	init_1	7	10109	17195	13091	4104	0.238674033149	0.0457421258236	-0.0406441859752	0.0863863117988	0.0251239563777	6.93889390391e-18	1	1	0.0251239563777
ubiquitination_k	esm2	replica	rebuilt	1	init_1	8	10109	14970	13091	1879	0.125517702071	0.0457421258236	-0.0631207386059	0.108862864429	0.0320779092395	6.93889390391e-18	1	1	0.0320779092395
ubiquitination_k	esm2	replica	rebuilt	1	init_1	9	10109	14144	13091	1053	0.0744485294118	0.0457421258236	-0.0861698652776	0.131911991101	0.0359214720743	6.93889390391e-18	1	1	0.0359214720743
ubiquitination_k	esm2	replica	rebuilt	1	init_1	10	10109	13091	13091	0	0	0.0457421258236		0	0.0457421258236	0	1	1	0.0457421258236
ubiquitination_k	esm2	replica	rebuilt	2	y_pred	0	10739	35089	14067	21022	0.599105132663	0.0428100985564	-0.0448341827768	0.0876442813332	-0.00969804023887	1.73472347598e-18	0	0	-0.00969804023887
ubiquitination_k	esm2	replica	rebuilt	2	y_pred	1	10739	35089	14067	21022	0.599105132663	0.0428100985564	-0.0448341827768	0.0876442813332	-0.00969804023887	1.73472347598e-18	0	0	-0.00969804023887
ubiquitination_k	esm2	replica	rebuilt	2	y_pred	2	10739	30000	14067	15933	0.5311	0.0428100985564	-0.0381990683856	0.081009166942	-0.000213870006518	2.43945488809e-19	0	0	-0.000213870006518
ubiquitination_k	esm2	replica	rebuilt	2	y_pred	3	10739	25957	14067	11890	0.458065261779	0.0428100985564	-0.0343058764691	0.0771159750254	0.007485949269	3.46944695195e-18	1	1	0.007485949269
ubiquitination_k	esm2	replica	rebuilt	2	y_pred	4	10739	23614	14067	9547	0.404294062844	0.0428100985564	-0.0196829984283	0.0624930969847	0.0175445104767	3.46944695195e-18	1	1	0.0175445104767
ubiquitination_k	esm2	replica	rebuilt	2	y_pred	5	10739	21739	14067	7672	0.352914117485	0.0428100985564	-0.0106053909129	0.0534154894693	0.0239590182303	3.46944695195e-18	1	1	0.0239590182303
ubiquitination_k	esm2	replica	rebuilt	2	y_pred	6	10739	19504	14067	5437	0.278763330599	0.0428100985564	-0.0176664555557	0.0604765541121	0.0259514529089	6.93889390391e-18	1	1	0.0259514529089
ubiquitination_k	esm2	replica	rebuilt	2	y_pred	7	10739	17516	14067	3449	0.19690568623	0.0428100985564	-0.019663360684	0.0624734592404	0.0305087191935	3.46944695195e-18	1	1	0.0305087191935
ubiquitination_k	esm2	replica	rebuilt	2	y_pred	8	10739	15803	14067	1736	0.109852559641	0.0428100985564	-0.0272906517139	0.0701007502703	0.0351093517065	0	1	1	0.0351093517065
ubiquitination_k	esm2	replica	rebuilt	2	y_pred	9	10739	15016	14067	949	0.0631992541289	0.0428100985564	0.00104961962205	0.0417604789343	0.0401708674357	6.93889390391e-18	1	1	0.0401708674357
ubiquitination_k	esm2	replica	rebuilt	2	y_pred	10	10739	14067	14067	0	0	0.0428100985564		0	0.0428100985564	0	1	1	0.0428100985564
ubiquitination_k	esm2	replica	rebuilt	2	init_0	0	10739	35089	14067	21022	0.599105132663	0.0428964385803	-0.0469252990776	0.0898217376579	-0.0109162254753	1.73472347598e-18	0	0	-0.0109162254753
ubiquitination_k	esm2	replica	rebuilt	2	init_0	1	10739	35089	14067	21022	0.599105132663	0.0428964385803	-0.0469252990776	0.0898217376579	-0.0109162254753	1.73472347598e-18	0	0	-0.0109162254753
ubiquitination_k	esm2	replica	rebuilt	2	init_0	2	10739	30000	14067	15933	0.5311	0.0428964385803	-0.038898515268	0.0817949538483	-0.000544861408573	3.25260651746e-18	0	0	-0.000544861408573
ubiquitination_k	esm2	replica	rebuilt	2	init_0	3	10739	25957	14067	11890	0.458065261779	0.0428964385803	-0.0306256070033	0.0735220455835	0.00921854352351	5.20417042793e-18	1	1	0.00921854352351
ubiquitination_k	esm2	replica	rebuilt	2	init_0	4	10739	23614	14067	9547	0.404294062844	0.0428964385803	-0.018064894327	0.0609613329073	0.0182501336228	0	1	1	0.0182501336228
ubiquitination_k	esm2	replica	rebuilt	2	init_0	5	10739	21739	14067	7672	0.352914117485	0.0428964385803	-0.00754784511173	0.050444283692	0.025093938719	0	1	1	0.025093938719
ubiquitination_k	esm2	replica	rebuilt	2	init_0	6	10739	19504	14067	5437	0.278763330599	0.0428964385803	-0.014344314202	0.0572407527823	0.0269398156887	0	1	1	0.0269398156887
ubiquitination_k	esm2	replica	rebuilt	2	init_0	7	10739	17516	14067	3449	0.19690568623	0.0428964385803	-0.0186560389317	0.061552477512	0.0307764057566	6.93889390391e-18	1	1	0.0307764057566
ubiquitination_k	esm2	replica	rebuilt	2	init_0	8	10739	15803	14067	1736	0.109852559641	0.0428964385803	-0.0307473824893	0.0736438210696	0.0348064763341	0	1	1	0.0348064763341
ubiquitination_k	esm2	replica	rebuilt	2	init_0	9	10739	15016	14067	949	0.0631992541289	0.0428964385803	-0.00632175781899	0.0492181963992	0.0397858852783	0	1	1	0.0397858852783
ubiquitination_k	esm2	replica	rebuilt	2	init_0	10	10739	14067	14067	0	0	0.0428964385803		0	0.0428964385803	0	1	1	0.0428964385803
ubiquitination_k	esm2	replica	rebuilt	2	init_1	0	10739	35089	14067	21022	0.599105132663	0.0399300864917	-0.0449267011092	0.0848567876009	-0.0109080505013	5.20417042793e-18	0	0	-0.0109080505013
ubiquitination_k	esm2	replica	rebuilt	2	init_1	1	10739	35089	14067	21022	0.599105132663	0.0399300864917	-0.0449267011092	0.0848567876009	-0.0109080505013	5.20417042793e-18	0	0	-0.0109080505013
ubiquitination_k	esm2	replica	rebuilt	2	init_1	2	10739	30000	14067	15933	0.5311	0.0399300864917	-0.039686180176	0.0796162666677	-0.00235411273551	2.60208521397e-18	0	0	-0.00235411273551
ubiquitination_k	esm2	replica	rebuilt	2	init_1	3	10739	25957	14067	11890	0.458065261779	0.0399300864917	-0.0390619391791	0.0789920256708	0.00374658357433	0	1	1	0.00374658357433
ubiquitination_k	esm2	replica	rebuilt	2	init_1	4	10739	23614	14067	9547	0.404294062844	0.0399300864917	-0.0228205528682	0.0627506393599	0.0145603755588	1.73472347598e-18	1	1	0.0145603755588
ubiquitination_k	esm2	replica	rebuilt	2	init_1	5	10739	21739	14067	7672	0.352914117485	0.0399300864917	-0.0149212204044	0.0548513068961	0.0205722859256	3.46944695195e-18	1	1	0.0205722859256
ubiquitination_k	esm2	replica	rebuilt	2	init_1	6	10739	19504	14067	5437	0.278763330599	0.0399300864917	-0.0224688768364	0.0623989633281	0.0225355436484	3.46944695195e-18	1	1	0.0225355436484
ubiquitination_k	esm2	replica	rebuilt	2	init_1	7	10739	17516	14067	3449	0.19690568623	0.0399300864917	-0.0225843912754	0.0625144777671	0.0276206303477	3.46944695195e-18	1	1	0.0276206303477
ubiquitination_k	esm2	replica	rebuilt	2	init_1	8	10739	15803	14067	1736	0.109852559641	0.0399300864917	-0.0271272651514	0.0670573516431	0.032563664771	6.93889390391e-18	1	1	0.032563664771
ubiquitination_k	esm2	replica	rebuilt	2	init_1	9	10739	15016	14067	949	0.0631992541289	0.0399300864917	0.00191903671667	0.038011049775	0.0375278164972	0	1	1	0.0375278164972
ubiquitination_k	esm2	replica	rebuilt	2	init_1	10	10739	14067	14067	0	0	0.0399300864917		0	0.0399300864917	0	1	1	0.0399300864917
sumoylation_k	esm2	replica	rebuilt	0	y_pred	0	3742	18148	4122	14026	0.772867533613	0.0329156672841	-0.108082574829	0.140998242113	-0.0760572963414	2.77555756156e-17	0	0	-0.0760572963414
sumoylation_k	esm2	replica	rebuilt	0	y_pred	1	3742	18148	4122	14026	0.772867533613	0.0329156672841	-0.108082574829	0.140998242113	-0.0760572963414	2.77555756156e-17	0	0	-0.0760572963414
sumoylation_k	esm2	replica	rebuilt	0	y_pred	2	3742	13346	4122	9224	0.691143413757	0.0329156672841	-0.0755792467122	0.108494913996	-0.0420698779505	0	0	0	-0.0420698779505
sumoylation_k	esm2	replica	rebuilt	0	y_pred	3	3742	10795	4122	6673	0.61815655396	0.0329156672841	-0.0707750939654	0.10369076125	-0.0311814563674	3.46944695195e-18	0	0	-0.0311814563674
sumoylation_k	esm2	replica	rebuilt	0	y_pred	4	3742	8739	4122	4617	0.528321318229	0.0329156672841	-0.0549316558018	0.0878473230859	-0.0134959462515	0	0	0	-0.0134959462515
sumoylation_k	esm2	replica	rebuilt	0	y_pred	5	3742	7657	4122	3535	0.46166906099	0.0329156672841	-0.0385641939013	0.0714798611854	-8.43731090215e-05	2.81892564846e-18	0	0	-8.43731090215e-05
sumoylation_k	esm2	replica	rebuilt	0	y_pred	6	3742	6815	4122	2693	0.395157740279	0.0329156672841	-0.031936630054	0.0648522973381	0.0072887800161	0	1	1	0.0072887800161
sumoylation_k	esm2	replica	rebuilt	0	y_pred	7	3742	5827	4122	1705	0.292603397975	0.0329156672841	-0.0148348539445	0.0477505212286	0.0189437025175	3.46944695195e-18	1	1	0.0189437025175
sumoylation_k	esm2	replica	rebuilt	0	y_pred	8	3742	5467	4122	1345	0.24602158405	0.0329156672841	0.00173614491585	0.0311795223683	0.0252448318012	3.46944695195e-18	1	1	0.0252448318012
sumoylation_k	esm2	replica	rebuilt	0	y_pred	9	3742	4719	4122	597	0.126509853783	0.0329156672841	-0.0248942019916	0.0578098692757	0.0256021491749	3.46944695195e-18	1	1	0.0256021491749
sumoylation_k	esm2	replica	rebuilt	0	y_pred	10	3742	4122	4122	0	0	0.0329156672841		0	0.0329156672841	0	1	1	0.0329156672841
sumoylation_k	esm2	replica	rebuilt	0	init_0	0	3742	18148	4122	14026	0.772867533613	0.0318008840986	-0.10286720897	0.134668093068	-0.0722797128474	1.38777878078e-17	0	0	-0.0722797128474
sumoylation_k	esm2	replica	rebuilt	0	init_0	1	3742	18148	4122	14026	0.772867533613	0.0318008840986	-0.10286720897	0.134668093068	-0.0722797128474	1.38777878078e-17	0	0	-0.0722797128474
sumoylation_k	esm2	replica	rebuilt	0	init_0	2	3742	13346	4122	9224	0.691143413757	0.0318008840986	-0.0738046746039	0.105605558702	-0.0411877022547	6.93889390391e-18	0	0	-0.0411877022547
sumoylation_k	esm2	replica	rebuilt	0	init_0	3	3742	10795	4122	6673	0.61815655396	0.0318008840986	-0.0670053855038	0.0988062696024	-0.0292768590285	1.04083408559e-17	0	0	-0.0292768590285
sumoylation_k	esm2	replica	rebuilt	0	init_0	4	3742	8739	4122	4617	0.528321318229	0.0318008840986	-0.0512514633774	0.083052347476	-0.0120774416019	1.73472347598e-18	0	0	-0.0120774416019
sumoylation_k	esm2	replica	rebuilt	0	init_0	5	3742	7657	4122	3535	0.46166906099	0.0318008840986	-0.0365570076134	0.068357891712	0.00024216042066	3.65918233214e-18	1	1	0.00024216042066
sumoylation_k	esm2	replica	rebuilt	0	init_0	6	3742	6815	4122	2693	0.395157740279	0.0318008840986	-0.0312726563295	0.0630735404281	0.00687688639163	6.93889390391e-18	1	1	0.00687688639163
sumoylation_k	esm2	replica	rebuilt	0	init_0	7	3742	5827	4122	1705	0.292603397975	0.0318008840986	-0.0113048207633	0.0431057048619	0.0191880083839	3.46944695195e-18	1	1	0.0191880083839
sumoylation_k	esm2	replica	rebuilt	0	init_0	8	3742	5467	4122	1345	0.24602158405	0.0318008840986	0.0063071851921	0.0254936989065	0.0255288839103	6.93889390391e-18	1	1	0.0255288839103
sumoylation_k	esm2	replica	rebuilt	0	init_0	9	3742	4719	4122	597	0.126509853783	0.0318008840986	-0.0344278850157	0.0662287691143	0.0234222922017	3.46944695195e-18	1	1	0.0234222922017
sumoylation_k	esm2	replica	rebuilt	0	init_0	10	3742	4122	4122	0	0	0.0318008840986		0	0.0318008840986	0	1	1	0.0318008840986
sumoylation_k	esm2	replica	rebuilt	0	init_1	0	3742	18148	4122	14026	0.772867533613	0.0362546357995	-0.106764929497	0.143019565296	-0.0742805428894	1.38777878078e-17	0	0	-0.0742805428894
sumoylation_k	esm2	replica	rebuilt	0	init_1	1	3742	18148	4122	14026	0.772867533613	0.0362546357995	-0.106764929497	0.143019565296	-0.0742805428894	1.38777878078e-17	0	0	-0.0742805428894
sumoylation_k	esm2	replica	rebuilt	0	init_1	2	3742	13346	4122	9224	0.691143413757	0.0362546357995	-0.0720924934744	0.108347129274	-0.0386287689976	6.93889390391e-18	0	0	-0.0386287689976
sumoylation_k	esm2	replica	rebuilt	0	init_1	3	3742	10795	4122	6673	0.61815655396	0.0362546357995	-0.069391053379	0.105645689178	-0.0290509393639	3.46944695195e-18	0	0	-0.0290509393639
sumoylation_k	esm2	replica	rebuilt	0	init_1	4	3742	8739	4122	4617	0.528321318229	0.0362546357995	-0.0541811991493	0.0904358349488	-0.0115245437358	0	0	0	-0.0115245437358
sumoylation_k	esm2	replica	rebuilt	0	init_1	5	3742	7657	4122	3535	0.46166906099	0.0362546357995	-0.0368765577787	0.0731311935782	0.00249222633115	3.46944695195e-18	1	1	0.00249222633115
sumoylation_k	esm2	replica	rebuilt	0	init_1	6	3742	6815	4122	2693	0.395157740279	0.0362546357995	-0.0297488212507	0.0660034570501	0.0101728588609	3.46944695195e-18	1	1	0.0101728588609
sumoylation_k	esm2	replica	rebuilt	0	init_1	7	3742	5827	4122	1705	0.292603397975	0.0362546357995	-0.0180188115879	0.0542734473873	0.0203740406741	0	1	1	0.0203740406741
sumoylation_k	esm2	replica	rebuilt	0	init_1	8	3742	5467	4122	1345	0.24602158405	0.0362546357995	-0.00324538693699	0.0395000227364	0.0265367776358	6.93889390391e-18	1	1	0.0265367776358
sumoylation_k	esm2	replica	rebuilt	0	init_1	9	3742	4719	4122	597	0.126509853783	0.0362546357995	-0.0116617292771	0.0479163650765	0.0301927434598	3.46944695195e-18	1	1	0.0301927434598
sumoylation_k	esm2	replica	rebuilt	0	init_1	10	3742	4122	4122	0	0	0.0362546357995		0	0.0362546357995	0	1	1	0.0362546357995
sumoylation_k	esm2	replica	rebuilt	1	y_pred	0	4235	22169	6053	16116	0.726961071767	0.0179994464481	-0.0977786197647	0.115778066213	-0.066166700653	0	0	0	-0.066166700653
sumoylation_k	esm2	replica	rebuilt	1	y_pred	1	4235	22169	6053	16116	0.726961071767	0.0179994464481	-0.0977786197647	0.115778066213	-0.066166700653	0	0	0	-0.066166700653
sumoylation_k	esm2	replica	rebuilt	1	y_pred	2	4235	17084	6053	11031	0.645691875439	0.0179994464481	-0.0783319671074	0.0963314135556	-0.0442009646342	0	0	0	-0.0442009646342
sumoylation_k	esm2	replica	rebuilt	1	y_pred	3	4235	13521	6053	7468	0.55232601139	0.0179994464481	-0.0627246736805	0.0807241201287	-0.0265865848455	3.46944695195e-18	0	0	-0.0265865848455
sumoylation_k	esm2	replica	rebuilt	1	y_pred	4	4235	11183	6053	5130	0.458732003935	0.0179994464481	-0.0628143131014	0.0808137595495	-0.0190724114155	3.46944695195e-18	0	0	-0.0190724114155
sumoylation_k	esm2	replica	rebuilt	1	y_pred	5	4235	9696	6053	3643	0.375721947195	0.0179994464481	-0.0516653211785	0.0696647676266	-0.00817513569539	0	0	0	-0.00817513569539
sumoylation_k	esm2	replica	rebuilt	1	y_pred	6	4235	8860	6053	2807	0.316817155756	0.0179994464481	-0.0283767306308	0.046376177079	0.00330667793114	2.60208521397e-18	1	1	0.00330667793114
sumoylation_k	esm2	replica	rebuilt	1	y_pred	7	4235	8030	6053	1977	0.246201743462	0.0179994464481	-0.0151220738612	0.0331215203094	0.00984487040187	1.73472347598e-18	1	1	0.00984487040187
sumoylation_k	esm2	replica	rebuilt	1	y_pred	8	4235	6962	6053	909	0.130565929331	0.0179994464481	-0.00864034455394	0.0266397910021	0.0145211973788	1.73472347598e-18	1	1	0.0145211973788
sumoylation_k	esm2	replica	rebuilt	1	y_pred	9	4235	6536	6053	483	0.0738984088127	0.0179994464481	-0.0360764212261	0.0540758676742	0.0140033258719	1.73472347598e-18	1	1	0.0140033258719
sumoylation_k	esm2	replica	rebuilt	1	y_pred	10	4235	6053	6053	0	0	0.0179994464481		0	0.0179994464481	0	1	1	0.0179994464481
sumoylation_k	esm2	replica	rebuilt	1	init_0	0	4235	22169	6053	16116	0.726961071767	0.0213376683842	-0.0972200659739	0.118557734358	-0.064849189251	1.38777878078e-17	0	0	-0.064849189251
sumoylation_k	esm2	replica	rebuilt	1	init_0	1	4235	22169	6053	16116	0.726961071767	0.0213376683842	-0.0972200659739	0.118557734358	-0.064849189251	1.38777878078e-17	0	0	-0.064849189251
sumoylation_k	esm2	replica	rebuilt	1	init_0	2	4235	17084	6053	11031	0.645691875439	0.0213376683842	-0.0822622025703	0.103599870954	-0.0455559265876	6.93889390391e-18	0	0	-0.0455559265876
sumoylation_k	esm2	replica	rebuilt	1	init_0	3	4235	13521	6053	7468	0.55232601139	0.0213376683842	-0.0573105778674	0.0786482462516	-0.0221018037707	0	0	0	-0.0221018037707
sumoylation_k	esm2	replica	rebuilt	1	init_0	4	4235	11183	6053	5130	0.458732003935	0.0213376683842	-0.0584457470582	0.0797834154424	-0.0152615376624	1.73472347598e-18	0	0	-0.0152615376624
sumoylation_k	esm2	replica	rebuilt	1	init_0	5	4235	9696	6053	3643	0.375721947195	0.0213376683842	-0.0461184636739	0.0674561320581	-0.0040070809029	2.60208521397e-18	0	0	-0.0040070809029
sumoylation_k	esm2	replica	rebuilt	1	init_0	6	4235	8860	6053	2807	0.316817155756	0.0213376683842	-0.0203620229238	0.041699691308	0.0081264907881	3.46944695195e-18	1	1	0.0081264907881
sumoylation_k	esm2	replica	rebuilt	1	init_0	7	4235	8030	6053	1977	0.246201743462	0.0213376683842	-0.00592379065272	0.0272614590369	0.01462584964	0	1	1	0.01462584964
sumoylation_k	esm2	replica	rebuilt	1	init_0	8	4235	6962	6053	909	0.130565929331	0.0213376683842	0.00595527085176	0.0153823975325	0.0193292513551	3.46944695195e-18	1	1	0.0193292513551
sumoylation_k	esm2	replica	rebuilt	1	init_0	9	4235	6536	6053	483	0.0738984088127	0.0213376683842	-0.0256161681345	0.0469538365187	0.0178678545778	0	1	1	0.0178678545778
sumoylation_k	esm2	replica	rebuilt	1	init_0	10	4235	6053	6053	0	0	0.0213376683842		0	0.0213376683842	0	1	1	0.0213376683842
sumoylation_k	esm2	replica	rebuilt	1	init_1	0	4235	22169	6053	16116	0.726961071767	0.013512380115	-0.0932161398925	0.106728520007	-0.0640750991778	1.38777878078e-17	0	0	-0.0640750991778
sumoylation_k	esm2	replica	rebuilt	1	init_1	1	4235	22169	6053	16116	0.726961071767	0.013512380115	-0.0932161398925	0.106728520007	-0.0640750991778	1.38777878078e-17	0	0	-0.0640750991778
sumoylation_k	esm2	replica	rebuilt	1	init_1	2	4235	17084	6053	11031	0.645691875439	0.013512380115	-0.0703478348075	0.0838602149225	-0.040635479333	0	0	0	-0.040635479333
sumoylation_k	esm2	replica	rebuilt	1	init_1	3	4235	13521	6053	7468	0.55232601139	0.013512380115	-0.0645123720317	0.0780247521467	-0.0295827200279	0	0	0	-0.0295827200279
sumoylation_k	esm2	replica	rebuilt	1	init_1	4	4235	11183	6053	5130	0.458732003935	0.013512380115	-0.0627096207001	0.076222000815	-0.0214530910628	6.93889390391e-18	0	0	-0.0214530910628
sumoylation_k	esm2	replica	rebuilt	1	init_1	5	4235	9696	6053	3643	0.375721947195	0.013512380115	-0.0537007623425	0.0672131424575	-0.0117410726462	0	0	0	-0.0117410726462
sumoylation_k	esm2	replica	rebuilt	1	init_1	6	4235	8860	6053	2807	0.316817155756	0.013512380115	-0.034563111533	0.048075491648	-0.00171876041053	2.16840434497e-18	0	0	-0.00171876041053
sumoylation_k	esm2	replica	rebuilt	1	init_1	7	4235	8030	6053	1977	0.246201743462	0.013512380115	-0.0232585596222	0.0367709397372	0.00445931064294	1.73472347598e-18	1	1	0.00445931064294
sumoylation_k	esm2	replica	rebuilt	1	init_1	8	4235	6962	6053	909	0.130565929331	0.013512380115	-0.0240622763575	0.0375746564725	0.00860641017336	1.73472347598e-18	1	1	0.00860641017336
sumoylation_k	esm2	replica	rebuilt	1	init_1	9	4235	6536	6053	483	0.0738984088127	0.013512380115	-0.0461533948829	0.0596657749979	0.00910317428204	1.73472347598e-18	1	1	0.00910317428204
sumoylation_k	esm2	replica	rebuilt	1	init_1	10	4235	6053	6053	0	0	0.013512380115		0	0.013512380115	0	1	1	0.013512380115
sumoylation_k	esm2	replica	rebuilt	2	y_pred	0	3636	18656	3660	14996	0.803816466552	0.0554677872159	-0.0841388836803	0.139606670896	-0.056750353691	6.93889390391e-18	0	0	-0.056750353691
sumoylation_k	esm2	replica	rebuilt	2	y_pred	1	3636	18656	3660	14996	0.803816466552	0.0554677872159	-0.0841388836803	0.139606670896	-0.056750353691	6.93889390391e-18	0	0	-0.056750353691
sumoylation_k	esm2	replica	rebuilt	2	y_pred	2	3636	13571	3660	9911	0.730307272861	0.0554677872159	-0.060585539686	0.116053326902	-0.0292868014603	3.46944695195e-18	0	0	-0.0292868014603
sumoylation_k	esm2	replica	rebuilt	2	y_pred	3	3636	11277	3660	7617	0.675445597233	0.0554677872159	-0.0437664909986	0.0992342782145	-0.0115595690987	6.93889390391e-18	0	0	-0.0115595690987
sumoylation_k	esm2	replica	rebuilt	2	y_pred	4	3636	9047	3660	5387	0.5954460042	0.0554677872159	-0.0410797251992	0.0965475124151	-0.00202104326714	8.67361737988e-19	0	0	-0.00202104326714
sumoylation_k	esm2	replica	rebuilt	2	y_pred	5	3636	7315	3660	3655	0.4996582365	0.0554677872159	-0.0486399494943	0.10410773671	0.00344949908525	2.60208521397e-18	1	1	0.00344949908525
sumoylation_k	esm2	replica	rebuilt	2	y_pred	6	3636	6386	3660	2726	0.426871280927	0.0554677872159	-0.0245263796372	0.0799941668531	0.0213205747446	0	1	1	0.0213205747446
sumoylation_k	esm2	replica	rebuilt	2	y_pred	7	3636	5856	3660	2196	0.375	0.0554677872159	-0.0310765423081	0.086544329524	0.0230136636444	3.46944695195e-18	1	1	0.0230136636444
sumoylation_k	esm2	replica	rebuilt	2	y_pred	8	3636	4825	3660	1165	0.241450777202	0.0554677872159	-0.0373676208823	0.0928354080981	0.0330526057787	6.93889390391e-18	1	1	0.0330526057787
sumoylation_k	esm2	replica	rebuilt	2	y_pred	9	3636	4118	3660	458	0.111219038368	0.0554677872159	0.0106041717709	0.044863615445	0.0504780990484	0	1	1	0.0504780990484
sumoylation_k	esm2	replica	rebuilt	2	y_pred	10	3636	3660	3660	0	0	0.0554677872159		0	0.0554677872159	0	1	1	0.0554677872159
sumoylation_k	esm2	replica	rebuilt	2	init_0	0	3636	18656	3660	14996	0.803816466552	0.0588872206893	-0.0812778071952	0.140165027885	-0.0537797367591	0	0	0	-0.0537797367591
sumoylation_k	esm2	replica	rebuilt	2	init_0	1	3636	18656	3660	14996	0.803816466552	0.0588872206893	-0.0812778071952	0.140165027885	-0.0537797367591	0	0	0	-0.0537797367591
sumoylation_k	esm2	replica	rebuilt	2	init_0	2	3636	13571	3660	9911	0.730307272861	0.0588872206893	-0.0593308775939	0.118218098283	-0.0274483162707	6.93889390391e-18	0	0	-0.0274483162707
sumoylation_k	esm2	replica	rebuilt	2	init_0	3	3636	11277	3660	7617	0.675445597233	0.0588872206893	-0.0432425775071	0.102129798196	-0.0100959018488	3.46944695195e-18	0	0	-0.0100959018488
sumoylation_k	esm2	replica	rebuilt	2	init_0	4	3636	9047	3660	5387	0.5954460042	0.0588872206893	-0.0371138306517	0.096001051341	0.00172377826928	3.25260651746e-18	1	1	0.00172377826928
sumoylation_k	esm2	replica	rebuilt	2	init_0	5	3636	7315	3660	3655	0.4996582365	0.0588872206893	-0.0439764462082	0.102863666898	0.00749054228731	4.33680868994e-18	1	1	0.00749054228731
sumoylation_k	esm2	replica	rebuilt	2	init_0	6	3636	6386	3660	2726	0.426871280927	0.0588872206893	-0.0167176062801	0.0756048269694	0.0266136913566	0	1	1	0.0266136913566
sumoylation_k	esm2	replica	rebuilt	2	init_0	7	3636	5856	3660	2196	0.375	0.0588872206893	-0.0238427929769	0.0827300136662	0.0278634655645	3.46944695195e-18	1	1	0.0278634655645
sumoylation_k	esm2	replica	rebuilt	2	init_0	8	3636	4825	3660	1165	0.241450777202	0.0588872206893	-0.0341029381908	0.0929901588801	0.0364346745555	6.93889390391e-18	1	1	0.0364346745555
sumoylation_k	esm2	replica	rebuilt	2	init_0	9	3636	4118	3660	458	0.111219038368	0.0588872206893	0.00424010741686	0.0546471132724	0.0528094213015	6.93889390391e-18	1	1	0.0528094213015
sumoylation_k	esm2	replica	rebuilt	2	init_0	10	3636	3660	3660	0	0	0.0588872206893		0	0.0588872206893	0	1	1	0.0588872206893
sumoylation_k	esm2	replica	rebuilt	2	init_1	0	3636	18656	3660	14996	0.803816466552	0.0530654670658	-0.0846460137812	0.137711480847	-0.0576292888723	6.93889390391e-18	0	0	-0.0576292888723
sumoylation_k	esm2	replica	rebuilt	2	init_1	1	3636	18656	3660	14996	0.803816466552	0.0530654670658	-0.0846460137812	0.137711480847	-0.0576292888723	6.93889390391e-18	0	0	-0.0576292888723
sumoylation_k	esm2	replica	rebuilt	2	init_1	2	3636	13571	3660	9911	0.730307272861	0.0530654670658	-0.0610431603649	0.114108627431	-0.030268893443	3.46944695195e-18	0	0	-0.030268893443
sumoylation_k	esm2	replica	rebuilt	2	init_1	3	3636	11277	3660	7617	0.675445597233	0.0530654670658	-0.0436613111226	0.0967267781884	-0.0122682093961	3.46944695195e-18	0	0	-0.0122682093961
sumoylation_k	esm2	replica	rebuilt	2	init_1	4	3636	9047	3660	5387	0.5954460042	0.0530654670658	-0.0450334689121	0.098098935978	-0.00534715237855	6.07153216592e-18	0	0	-0.00534715237855
sumoylation_k	esm2	replica	rebuilt	2	init_1	5	3636	7315	3660	3655	0.4996582365	0.0530654670658	-0.0530827159323	0.106148182998	2.7653141254e-05	8.44322441823e-18	1	1	2.7653141254e-05
sumoylation_k	esm2	replica	rebuilt	2	init_1	6	3636	6386	3660	2726	0.426871280927	0.0530654670658	-0.0337749108733	0.0868403779392	0.0159958036988	3.46944695195e-18	1	1	0.0159958036988
sumoylation_k	esm2	replica	rebuilt	2	init_1	7	3636	5856	3660	2196	0.375	0.0530654670658	-0.0401422428217	0.0932077098876	0.018112575858	3.46944695195e-18	1	1	0.018112575858
sumoylation_k	esm2	replica	rebuilt	2	init_1	8	3636	4825	3660	1165	0.241450777202	0.0530654670658	-0.0435834785195	0.0966489455854	0.0297295040385	1.38777878078e-17	1	1	0.0297295040385
sumoylation_k	esm2	replica	rebuilt	2	init_1	9	3636	4118	3660	458	0.111219038368	0.0530654670658	0.0158543146891	0.0372111523767	0.0489268784819	6.93889390391e-18	1	1	0.0489268784819
sumoylation_k	esm2	replica	rebuilt	2	init_1	10	3636	3660	3660	0	0	0.0530654670658		0	0.0530654670658	0	1	1	0.0530654670658
acetylation_k	esm2	replica	rebuilt	0	y_pred	0	3170	16277	2877	13400	0.823247527186	0.0384041714501	-0.195591494421	0.233995665871	-0.15423218185	0	0	0	-0.15423218185
acetylation_k	esm2	replica	rebuilt	0	y_pred	1	3170	16277	2877	13400	0.823247527186	0.0384041714501	-0.195591494421	0.233995665871	-0.15423218185	0	0	0	-0.15423218185
acetylation_k	esm2	replica	rebuilt	0	y_pred	2	3170	11266	2877	8389	0.744629859755	0.0384041714501	-0.132514299746	0.170918471196	-0.0888668257861	4.16333634234e-17	0	0	-0.0888668257861
acetylation_k	esm2	replica	rebuilt	0	y_pred	3	3170	9269	2877	6392	0.689610529723	0.0384041714501	-0.105897035135	0.144301206585	-0.0611074600624	6.93889390391e-18	0	0	-0.0611074600624
acetylation_k	esm2	replica	rebuilt	0	y_pred	4	3170	7831	2877	4954	0.632613970119	0.0384041714501	-0.074988028665	0.113392200115	-0.0333293184452	0	0	0	-0.0333293184452
acetylation_k	esm2	replica	rebuilt	0	y_pred	5	3170	6425	2877	3548	0.552217898833	0.0384041714501	-0.0451255694771	0.0835297409272	-0.00772244657477	3.46944695195e-18	0	0	-0.00772244657477
acetylation_k	esm2	replica	rebuilt	0	y_pred	6	3170	5656	2877	2779	0.491336633663	0.0384041714501	-0.032103666185	0.070507837635	0.00376108785957	1.73472347598e-18	1	1	0.00376108785957
acetylation_k	esm2	replica	rebuilt	0	y_pred	7	3170	4672	2877	1795	0.384203767123	0.0384041714501	-0.0233115119988	0.0617156834489	0.0146927733784	1.73472347598e-18	1	1	0.0146927733784
acetylation_k	esm2	replica	rebuilt	0	y_pred	8	3170	4158	2877	1281	0.308080808081	0.0384041714501	0.00648682392748	0.0319173475226	0.0285710492335	6.93889390391e-18	1	1	0.0285710492335
acetylation_k	esm2	replica	rebuilt	0	y_pred	9	3170	3285	2877	408	0.124200913242	0.0384041714501	0.00993497556751	0.0284691958825	0.0348682713222	0	1	1	0.0348682713222
acetylation_k	esm2	replica	rebuilt	0	y_pred	10	3170	2877	2877	0	0	0.0384041714501		0	0.0384041714501	0	1	1	0.0384041714501
acetylation_k	esm2	replica	rebuilt	0	init_0	0	3170	16277	2877	13400	0.823247527186	0.0413793065639	-0.20687993785	0.248259244414	-0.162999502501	0	0	0	-0.162999502501
acetylation_k	esm2	replica	rebuilt	0	init_0	1	3170	16277	2877	13400	0.823247527186	0.0413793065639	-0.20687993785	0.248259244414	-0.162999502501	0	0	0	-0.162999502501
acetylation_k	esm2	replica	rebuilt	0	init_0	2	3170	11266	2877	8389	0.744629859755	0.0413793065639	-0.142254277703	0.183633584266	-0.0953597435347	1.38777878078e-17	0	0	-0.0953597435347
acetylation_k	esm2	replica	rebuilt	0	init_0	3	3170	9269	2877	6392	0.689610529723	0.0413793065639	-0.116121221124	0.157500527688	-0.0672347157667	0	0	0	-0.0672347157667
acetylation_k	esm2	replica	rebuilt	0	init_0	4	3170	7831	2877	4954	0.632613970119	0.0413793065639	-0.0842841842108	0.125663490775	-0.0381171732341	6.93889390391e-18	0	0	-0.0381171732341
acetylation_k	esm2	replica	rebuilt	0	init_0	5	3170	6425	2877	3548	0.552217898833	0.0413793065639	-0.0491282688252	0.0905075753891	-0.00860059654593	1.73472347598e-18	0	0	-0.00860059654593
acetylation_k	esm2	replica	rebuilt	0	init_0	6	3170	5656	2877	2779	0.491336633663	0.0413793065639	-0.0329928837621	0.0743721903259	0.00483752493095	1.73472347598e-18	1	1	0.00483752493095
acetylation_k	esm2	replica	rebuilt	0	init_0	7	3170	4672	2877	1795	0.384203767123	0.0413793065639	-0.0249518905477	0.0663311971116	0.0158946107558	0	1	1	0.0158946107558
acetylation_k	esm2	replica	rebuilt	0	init_0	8	3170	4158	2877	1281	0.308080808081	0.0413793065639	0.0053749658316	0.0360043407323	0.0302870601767	0	1	1	0.0302870601767
acetylation_k	esm2	replica	rebuilt	0	init_0	9	3170	3285	2877	408	0.124200913242	0.0413793065639	0.00861477082947	0.0327645357344	0.0373099213037	6.93889390391e-18	1	1	0.0373099213037
acetylation_k	esm2	replica	rebuilt	0	init_0	10	3170	2877	2877	0	0	0.0413793065639		0	0.0413793065639	0	1	1	0.0413793065639
acetylation_k	esm2	replica	rebuilt	0	init_1	0	3170	16277	2877	13400	0.823247527186	0.0345072252576	-0.181592035877	0.216099261135	-0.143395957098	2.77555756156e-17	0	0	-0.143395957098
acetylation_k	esm2	replica	rebuilt	0	init_1	1	3170	16277	2877	13400	0.823247527186	0.0345072252576	-0.181592035877	0.216099261135	-0.143395957098	2.77555756156e-17	0	0	-0.143395957098
acetylation_k	esm2	replica	rebuilt	0	init_1	2	3170	11266	2877	8389	0.744629859755	0.0345072252576	-0.120723566575	0.155230791833	-0.0810822574946	0	0	0	-0.0810822574946
acetylation_k	esm2	replica	rebuilt	0	init_1	3	3170	9269	2877	6392	0.689610529723	0.0345072252576	-0.0940788071051	0.128586032363	-0.054167056635	0	0	0	-0.054167056635
acetylation_k	esm2	replica	rebuilt	0	init_1	4	3170	7831	2877	4954	0.632613970119	0.0345072252576	-0.0644775467423	0.098984772	-0.0281119243386	0	0	0	-0.0281119243386
acetylation_k	esm2	replica	rebuilt	0	init_1	5	3170	6425	2877	3548	0.552217898833	0.0345072252576	-0.0395626540389	0.0740698792965	-0.00639548785428	8.67361737988e-19	0	0	-0.00639548785428
acetylation_k	esm2	replica	rebuilt	0	init_1	6	3170	5656	2877	2779	0.491336633663	0.0345072252576	-0.0279723546245	0.0624795798822	0.00380871880563	4.33680868994e-19	1	1	0.00380871880563
acetylation_k	esm2	replica	rebuilt	0	init_1	7	3170	4672	2877	1795	0.384203767123	0.0345072252576	-0.0189991476499	0.0535063729075	0.0139498752215	1.73472347598e-18	1	1	0.0139498752215
acetylation_k	esm2	replica	rebuilt	0	init_1	8	3170	4158	2877	1281	0.308080808081	0.0345072252576	0.0104411232352	0.0240661020224	0.0270929210992	0	1	1	0.0270929210992
acetylation_k	esm2	replica	rebuilt	0	init_1	9	3170	3285	2877	408	0.124200913242	0.0345072252576	0.0163415445042	0.0181656807534	0.0322510311184	0	1	1	0.0322510311184
acetylation_k	esm2	replica	rebuilt	0	init_1	10	3170	2877	2877	0	0	0.0345072252576		0	0.0345072252576	0	1	1	0.0345072252576
acetylation_k	esm2	replica	rebuilt	1	y_pred	0	3283	16287	2971	13316	0.817584576656	0.0200423568554	-0.199279707848	0.219322064703	-0.159271980567	2.77555756156e-17	0	0	-0.159271980567
acetylation_k	esm2	replica	rebuilt	1	y_pred	1	3283	16287	2971	13316	0.817584576656	0.0200423568554	-0.199279707848	0.219322064703	-0.159271980567	2.77555756156e-17	0	0	-0.159271980567
acetylation_k	esm2	replica	rebuilt	1	y_pred	2	3283	11289	2971	8318	0.736823456462	0.0200423568554	-0.146214181825	0.166256538681	-0.102459360635	0	0	0	-0.102459360635
acetylation_k	esm2	replica	rebuilt	1	y_pred	3	3283	9109	2971	6138	0.67383906027	0.0200423568554	-0.116804733886	0.136847090742	-0.0721705581707	1.38777878078e-17	0	0	-0.0721705581707
acetylation_k	esm2	replica	rebuilt	1	y_pred	4	3283	7482	2971	4511	0.602913659449	0.0200423568554	-0.099793593526	0.119835950381	-0.0522083745227	6.93889390391e-18	0	0	-0.0522083745227
acetylation_k	esm2	replica	rebuilt	1	y_pred	5	3283	5948	2971	2977	0.500504371217	0.0200423568554	-0.0647917924107	0.0848341492661	-0.0224175056808	3.46944695195e-18	0	0	-0.0224175056808
acetylation_k	esm2	replica	rebuilt	1	y_pred	6	3283	4887	2971	1916	0.392060568856	0.0200423568554	-0.0442689835726	0.064311340428	-0.00517158385669	8.67361737988e-19	0	0	-0.00517158385669
acetylation_k	esm2	replica	rebuilt	1	y_pred	7	3283	4364	2971	1393	0.319202566453	0.0200423568554	-0.0182317969028	0.0382741537582	0.007825148747	1.73472347598e-18	1	1	0.007825148747
acetylation_k	esm2	replica	rebuilt	1	y_pred	8	3283	3912	2971	941	0.24054192229	0.0200423568554	-0.00860355879627	0.0286459156517	0.0131518132388	1.73472347598e-18	1	1	0.0131518132388
acetylation_k	esm2	replica	rebuilt	1	y_pred	9	3283	3485	2971	514	0.147489239598	0.0200423568554	0.00828759403175	0.0117547628237	0.0183086558249	3.46944695195e-18	1	1	0.0183086558249
acetylation_k	esm2	replica	rebuilt	1	y_pred	10	3283	2971	2971	0	0	0.0200423568554		0	0.0200423568554	0	1	1	0.0200423568554
acetylation_k	esm2	replica	rebuilt	1	init_0	0	3283	16287	2971	13316	0.817584576656	0.0279574827967	-0.196296607307	0.224254090104	-0.155389202525	2.77555756156e-17	0	0	-0.155389202525
acetylation_k	esm2	replica	rebuilt	1	init_0	1	3283	16287	2971	13316	0.817584576656	0.0279574827967	-0.196296607307	0.224254090104	-0.155389202525	2.77555756156e-17	0	0	-0.155389202525
acetylation_k	esm2	replica	rebuilt	1	init_0	2	3283	11289	2971	8318	0.736823456462	0.0279574827967	-0.141111408623	0.169068891419	-0.0966164421591	2.77555756156e-17	0	0	-0.0966164421591
acetylation_k	esm2	replica	rebuilt	1	init_0	3	3283	9109	2971	6138	0.67383906027	0.0279574827967	-0.110142328039	0.138099810836	-0.0650995639603	1.38777878078e-17	0	0	-0.0650995639603
acetylation_k	esm2	replica	rebuilt	1	init_0	4	3283	7482	2971	4511	0.602913659449	0.0279574827967	-0.0968005375968	0.124758020393	-0.0472608318244	0	0	0	-0.0472608318244
acetylation_k	esm2	replica	rebuilt	1	init_0	5	3283	5948	2971	2977	0.500504371217	0.0279574827967	-0.0623580663245	0.0903155491212	-0.0172458443274	3.46944695195e-18	0	0	-0.0172458443274
acetylation_k	esm2	replica	rebuilt	1	init_0	6	3283	4887	2971	1916	0.392060568856	0.0279574827967	-0.0428957424119	0.0708532252086	0.000178727016126	2.19550939928e-18	1	1	0.000178727016126
acetylation_k	esm2	replica	rebuilt	1	init_0	7	3283	4364	2971	1393	0.319202566453	0.0279574827967	-0.0241156174677	0.0520731002644	0.0113356155491	1.73472347598e-18	1	1	0.0113356155491
acetylation_k	esm2	replica	rebuilt	1	init_0	8	3283	3912	2971	941	0.24054192229	0.0279574827967	-0.0178269985171	0.0457844813138	0.0169443956504	0	1	1	0.0169443956504
acetylation_k	esm2	replica	rebuilt	1	init_0	9	3283	3485	2971	514	0.147489239598	0.0279574827967	0.0013078813034	0.0266496014933	0.0240269533368	3.46944695195e-18	1	1	0.0240269533368
acetylation_k	esm2	replica	rebuilt	1	init_0	10	3283	2971	2971	0	0	0.0279574827967		0	0.0279574827967	0	1	1	0.0279574827967
acetylation_k	esm2	replica	rebuilt	1	init_1	0	3283	16287	2971	13316	0.817584576656	0.0121180549967	-0.19809637695	0.210214431947	-0.159750022354	2.77555756156e-17	0	0	-0.159750022354
acetylation_k	esm2	replica	rebuilt	1	init_1	1	3283	16287	2971	13316	0.817584576656	0.0121180549967	-0.19809637695	0.210214431947	-0.159750022354	2.77555756156e-17	0	0	-0.159750022354
acetylation_k	esm2	replica	rebuilt	1	init_1	2	3283	11289	2971	8318	0.736823456462	0.0121180549967	-0.148593173852	0.160711228849	-0.106297748136	2.77555756156e-17	0	0	-0.106297748136
acetylation_k	esm2	replica	rebuilt	1	init_1	3	3283	9109	2971	6138	0.67383906027	0.0121180549967	-0.122889626518	0.135007681514	-0.0788553942443	1.38777878078e-17	0	0	-0.0788553942443
acetylation_k	esm2	replica	rebuilt	1	init_1	4	3283	7482	2971	4511	0.602913659449	0.0121180549967	-0.100846693293	0.11296474829	-0.0559899347835	6.93889390391e-18	0	0	-0.0559899347835
acetylation_k	esm2	replica	rebuilt	1	init_1	5	3283	5948	2971	2977	0.500504371217	0.0121180549967	-0.0658219258605	0.0779399808571	-0.0268912461149	3.46944695195e-18	0	0	-0.0268912461149
acetylation_k	esm2	replica	rebuilt	1	init_1	6	3283	4887	2971	1916	0.392060568856	0.0121180549967	-0.045068477645	0.0571865326417	-0.0103025295217	1.73472347598e-18	0	0	-0.0103025295217
acetylation_k	esm2	replica	rebuilt	1	init_1	7	3283	4364	2971	1393	0.319202566453	0.0121180549967	-0.0137738866212	0.0258919416179	0.00385328078178	4.33680868994e-19	1	1	0.00385328078178
acetylation_k	esm2	replica	rebuilt	1	init_1	8	3283	3912	2971	941	0.24054192229	0.0121180549967	-0.00145437336512	0.0135724283618	0.00885331698836	0	1	1	0.00885331698836
acetylation_k	esm2	replica	rebuilt	1	init_1	9	3283	3485	2971	514	0.147489239598	0.0121180549967	0.0173672058986	0.00524915090191	0.0128922482717	0	1	1	0.0113438617216
acetylation_k	esm2	replica	rebuilt	1	init_1	10	3283	2971	2971	0	0	0.0121180549967		0	0.0121180549967	0	1	1	0.0121180549967
acetylation_k	esm2	replica	rebuilt	2	y_pred	0	3522	16841	3276	13565	0.805474734279	0.0233440214275	-0.278011061218	0.301355082646	-0.219389883691	0	0	0	-0.219389883691
acetylation_k	esm2	replica	rebuilt	2	y_pred	1	3522	16841	3276	13565	0.805474734279	0.0233440214275	-0.278011061218	0.301355082646	-0.219389883691	0	0	0	-0.219389883691
acetylation_k	esm2	replica	rebuilt	2	y_pred	2	3522	11502	3276	8226	0.715179968701	0.0233440214275	-0.19791659332	0.221260614747	-0.134897138102	2.77555756156e-17	0	0	-0.134897138102
acetylation_k	esm2	replica	rebuilt	2	y_pred	3	3522	9066	3276	5790	0.638649900728	0.0233440214275	-0.162895870909	0.186239892336	-0.0955980673246	1.38777878078e-17	0	0	-0.0955980673246
acetylation_k	esm2	replica	rebuilt	2	y_pred	4	3522	7465	3276	4189	0.561152042867	0.0233440214275	-0.137612617833	0.160956639261	-0.0669771255068	0	0	0	-0.0669771255068
acetylation_k	esm2	replica	rebuilt	2	y_pred	5	3522	6505	3276	3229	0.496387394312	0.0233440214275	-0.103722317745	0.127066339172	-0.039730107579	0	0	0	-0.039730107579
acetylation_k	esm2	replica	rebuilt	2	y_pred	6	3522	5504	3276	2228	0.404796511628	0.0233440214275	-0.0737500726391	0.0970940940666	-0.0159593291503	3.46944695195e-18	0	0	-0.0159593291503
acetylation_k	esm2	replica	rebuilt	2	y_pred	7	3522	4958	3276	1682	0.339249697459	0.0233440214275	-0.0572761260796	0.0806201475071	-0.00400633922335	8.67361737988e-19	0	0	-0.00400633922335
acetylation_k	esm2	replica	rebuilt	2	y_pred	8	3522	4147	3276	871	0.210031347962	0.0233440214275	-0.078911072993	0.102255094421	0.00186724611033	1.51788304148e-18	1	1	0.00186724611033
acetylation_k	esm2	replica	rebuilt	2	y_pred	9	3522	3784	3276	508	0.134249471459	0.0233440214275	-0.0536870045205	0.077031025948	0.013002646908	3.46944695195e-18	1	1	0.013002646908
acetylation_k	esm2	replica	rebuilt	2	y_pred	10	3522	3276	3276	0	0	0.0233440214275		0	0.0233440214275	0	1	1	0.0233440214275
acetylation_k	esm2	replica	rebuilt	2	init_0	0	3522	16841	3276	13565	0.805474734279	0.0290982756911	-0.274841975865	0.303940251556	-0.215717917668	0	0	0	-0.215717917668
acetylation_k	esm2	replica	rebuilt	2	init_0	1	3522	16841	3276	13565	0.805474734279	0.0290982756911	-0.274841975865	0.303940251556	-0.215717917668	0	0	0	-0.215717917668
acetylation_k	esm2	replica	rebuilt	2	init_0	2	3522	11502	3276	8226	0.715179968701	0.0290982756911	-0.195425047353	0.224523323044	-0.131476307456	0	0	0	-0.131476307456
acetylation_k	esm2	replica	rebuilt	2	init_0	3	3522	9066	3276	5790	0.638649900728	0.0290982756911	-0.161245573101	0.190343848792	-0.0924648044444	1.38777878078e-17	0	0	-0.0924648044444
acetylation_k	esm2	replica	rebuilt	2	init_0	4	3522	7465	3276	4189	0.561152042867	0.0290982756911	-0.140036694629	0.16913497032	-0.065812158424	0	0	0	-0.065812158424
acetylation_k	esm2	replica	rebuilt	2	init_0	5	3522	6505	3276	3229	0.496387394312	0.0290982756911	-0.105524246215	0.134622521906	-0.0377266471735	6.93889390391e-18	0	0	-0.0377266471735
acetylation_k	esm2	replica	rebuilt	2	init_0	6	3522	5504	3276	2228	0.404796511628	0.0290982756911	-0.072677180727	0.101775456418	-0.0121000740363	3.46944695195e-18	0	0	-0.0121000740363
acetylation_k	esm2	replica	rebuilt	2	init_0	7	3522	4958	3276	1682	0.339249697459	0.0290982756911	-0.0490992241059	0.078197499797	0.00256979754297	1.73472347598e-18	1	1	0.00256979754297
acetylation_k	esm2	replica	rebuilt	2	init_0	8	3522	4147	3276	871	0.210031347962	0.0290982756911	-0.0694969002452	0.0985951759363	0.00839019798663	1.73472347598e-18	1	1	0.00839019798663
acetylation_k	esm2	replica	rebuilt	2	init_0	9	3522	3784	3276	508	0.134249471459	0.0290982756911	-0.051490742107	0.0805890177981	0.0182792426463	0	1	1	0.0182792426463
acetylation_k	esm2	replica	rebuilt	2	init_0	10	3522	3276	3276	0	0	0.0290982756911		0	0.0290982756911	0	1	1	0.0290982756911
acetylation_k	esm2	replica	rebuilt	2	init_1	0	3522	16841	3276	13565	0.805474734279	0.0209719613467	-0.273752400006	0.294724361352	-0.216421065299	0	0	0	-0.216421065299
acetylation_k	esm2	replica	rebuilt	2	init_1	1	3522	16841	3276	13565	0.805474734279	0.0209719613467	-0.273752400006	0.294724361352	-0.216421065299	0	0	0	-0.216421065299
acetylation_k	esm2	replica	rebuilt	2	init_1	2	3522	11502	3276	8226	0.715179968701	0.0209719613467	-0.195425081869	0.216397043216	-0.133790869247	0	0	0	-0.133790869247
acetylation_k	esm2	replica	rebuilt	2	init_1	3	3522	9066	3276	5790	0.638649900728	0.0209719613467	-0.160789692032	0.181761653379	-0.0951101005398	2.77555756156e-17	0	0	-0.0951101005398
acetylation_k	esm2	replica	rebuilt	2	init_1	4	3522	7465	3276	4189	0.561152042867	0.0209719613467	-0.131014898136	0.151986859483	-0.0643157753408	1.38777878078e-17	0	0	-0.0643157753408
acetylation_k	esm2	replica	rebuilt	2	init_1	5	3522	6505	3276	3229	0.496387394312	0.0209719613467	-0.0974222288815	0.118394190228	-0.0377974222424	6.93889390391e-18	0	0	-0.0377974222424
acetylation_k	esm2	replica	rebuilt	2	init_1	6	3522	5504	3276	2228	0.404796511628	0.0209719613467	-0.07281787115	0.0937898324967	-0.0169938356741	0	0	0	-0.0169938356741
acetylation_k	esm2	replica	rebuilt	2	init_1	7	3522	4958	3276	1682	0.339249697459	0.0209719613467	-0.0644357262419	0.0854076875887	-0.00800257082835	3.46944695195e-18	0	0	-0.00800257082835
acetylation_k	esm2	replica	rebuilt	2	init_1	8	3522	4147	3276	871	0.210031347962	0.0209719613467	-0.0875961888891	0.108568150236	-0.00183075359308	6.50521303491e-19	0	0	-0.00183075359308
acetylation_k	esm2	replica	rebuilt	2	init_1	9	3522	3784	3276	508	0.134249471459	0.0209719613467	-0.0606075087079	0.0815794700547	0.01001996061	3.46944695195e-18	1	1	0.01001996061
acetylation_k	esm2	replica	rebuilt	2	init_1	10	3522	3276	3276	0	0	0.0209719613467		0	0.0209719613467	0	1	1	0.0209719613467
methylation_k	esm2	replica	rebuilt	0	y_pred	0	1644	8025	619	7406	0.922866043614	0.108944652115	-0.297933614686	0.406878266801	-0.2665494842	5.55111512313e-17	0	0	-0.2665494842
methylation_k	esm2	replica	rebuilt	0	y_pred	1	1644	8025	619	7406	0.922866043614	0.108944652115	-0.297933614686	0.406878266801	-0.2665494842	5.55111512313e-17	0	0	-0.2665494842
methylation_k	esm2	replica	rebuilt	0	y_pred	2	1644	5003	619	4384	0.876274235459	0.108944652115	-0.261172775476	0.370117427592	-0.215379713778	5.55111512313e-17	0	0	-0.215379713778
methylation_k	esm2	replica	rebuilt	0	y_pred	3	1644	3120	619	2501	0.801602564103	0.108944652115	-0.194390248767	0.303334900882	-0.134209382213	2.77555756156e-17	0	0	-0.134209382213
methylation_k	esm2	replica	rebuilt	0	y_pred	4	1644	2017	619	1398	0.693108577095	0.108944652115	-0.1442073574	0.253152009515	-0.0665171769883	0	0	0	-0.0665171769883
methylation_k	esm2	replica	rebuilt	0	y_pred	5	1644	1515	619	896	0.591419141914	0.108944652115	-0.0935884276156	0.202533079731	-0.0108372881084	1.04083408559e-17	0	0	-0.0108372881084
methylation_k	esm2	replica	rebuilt	0	y_pred	6	1644	1356	619	737	0.543510324484	0.108944652115	-0.0831967402536	0.192141392369	0.00451382160211	8.67361737988e-18	1	1	0.00451382160211
methylation_k	esm2	replica	rebuilt	0	y_pred	7	1644	972	619	353	0.36316872428	0.108944652115	0.0299320044388	0.0790126476765	0.0802497296567	1.38777878078e-17	1	1	0.0802497296567
methylation_k	esm2	replica	rebuilt	0	y_pred	8	1644	838	619	219	0.261336515513	0.108944652115	0.0673335444233	0.041611107692	0.0980701502244	1.38777878078e-17	1	1	0.0980701502244
methylation_k	esm2	replica	rebuilt	0	y_pred	9	1644	675	619	56	0.082962962963	0.108944652115	0.0352092022941	0.0737354498212	0.102827340723	0	1	1	0.102827340723
methylation_k	esm2	replica	rebuilt	0	y_pred	10	1644	619	619	0	0	0.108944652115		0	0.108944652115	0	1	1	0.108944652115
methylation_k	esm2	replica	rebuilt	0	init_0	0	1644	8025	619	7406	0.922866043614	0.12695551258	-0.294180451768	0.421135964348	-0.261696568661	0	0	0	-0.261696568661
methylation_k	esm2	replica	rebuilt	0	init_0	1	1644	8025	619	7406	0.922866043614	0.12695551258	-0.294180451768	0.421135964348	-0.261696568661	0	0	0	-0.261696568661
methylation_k	esm2	replica	rebuilt	0	init_0	2	1644	5003	619	4384	0.876274235459	0.12695551258	-0.260749940061	0.387705452641	-0.212780786516	2.77555756156e-17	0	0	-0.212780786516
methylation_k	esm2	replica	rebuilt	0	init_0	3	1644	3120	619	2501	0.801602564103	0.12695551258	-0.195310805118	0.322266317698	-0.131373994011	0	0	0	-0.131373994011
methylation_k	esm2	replica	rebuilt	0	init_0	4	1644	2017	619	1398	0.693108577095	0.12695551258	-0.140758304356	0.267713816936	-0.0585992301447	6.93889390391e-18	0	0	-0.0585992301447
methylation_k	esm2	replica	rebuilt	0	init_0	5	1644	1515	619	896	0.591419141914	0.12695551258	-0.089589511101	0.216545023681	-0.00111335951113	1.40946282423e-17	0	0	-0.00111335951113
methylation_k	esm2	replica	rebuilt	0	init_0	6	1644	1356	619	737	0.543510324484	0.12695551258	-0.0811944755321	0.208149988112	0.013823845	8.67361737988e-18	1	1	0.013823845
methylation_k	esm2	replica	rebuilt	0	init_0	7	1644	972	619	353	0.36316872428	0.12695551258	0.0511888022718	0.0757667103083	0.0994394130546	1.38777878078e-17	1	1	0.0994394130546
methylation_k	esm2	replica	rebuilt	0	init_0	8	1644	838	619	219	0.261336515513	0.12695551258	0.0900618271506	0.0368936854295	0.117313845386	0	1	1	0.117313845386
methylation_k	esm2	replica	rebuilt	0	init_0	9	1644	675	619	56	0.082962962963	0.12695551258	0.054896593674	0.0720589189062	0.12097729116	0	1	1	0.12097729116
methylation_k	esm2	replica	rebuilt	0	init_0	10	1644	619	619	0	0	0.12695551258		0	0.12695551258	0	1	1	0.12695551258
methylation_k	esm2	replica	rebuilt	0	init_1	0	1644	8025	619	7406	0.922866043614	0.0906247420492	-0.287066267043	0.377691009093	-0.25793346522	5.55111512313e-17	0	0	-0.25793346522
methylation_k	esm2	replica	rebuilt	0	init_1	1	1644	8025	619	7406	0.922866043614	0.0906247420492	-0.287066267043	0.377691009093	-0.25793346522	5.55111512313e-17	0	0	-0.25793346522
methylation_k	esm2	replica	rebuilt	0	init_1	2	1644	5003	619	4384	0.876274235459	0.0906247420492	-0.251556617072	0.342181359122	-0.209219966803	2.77555756156e-17	0	0	-0.209219966803
methylation_k	esm2	replica	rebuilt	0	init_1	3	1644	3120	619	2501	0.801602564103	0.0906247420492	-0.202043999918	0.292668741968	-0.143979271945	0	0	0	-0.143979271945
methylation_k	esm2	replica	rebuilt	0	init_1	4	1644	2017	619	1398	0.693108577095	0.0906247420492	-0.146651977625	0.237276719675	-0.0738337875021	0	0	0	-0.0738337875021
methylation_k	esm2	replica	rebuilt	0	init_1	5	1644	1515	619	896	0.591419141914	0.0906247420492	-0.114518840155	0.205143582204	-0.030701099307	1.38777878078e-17	0	0	-0.030701099307
methylation_k	esm2	replica	rebuilt	0	init_1	6	1644	1356	619	737	0.543510324484	0.0906247420492	-0.0971981499272	0.187822891976	-0.0114589389144	5.20417042793e-18	0	0	-0.0114589389144
methylation_k	esm2	replica	rebuilt	0	init_1	7	1644	972	619	353	0.36316872428	0.0906247420492	-0.0690354831372	0.159660225186	0.03264114175	6.93889390391e-18	1	1	0.03264114175
methylation_k	esm2	replica	rebuilt	0	init_1	8	1644	838	619	219	0.261336515513	0.0906247420492	-0.0424179804242	0.133042722473	0.0558558205436	6.93889390391e-18	1	1	0.0558558205436
methylation_k	esm2	replica	rebuilt	0	init_1	9	1644	675	619	56	0.082962962963	0.0906247420492	-0.0339600712548	0.124584813304	0.0802888167973	1.38777878078e-17	1	1	0.0802888167973
methylation_k	esm2	replica	rebuilt	0	init_1	10	1644	619	619	0	0	0.0906247420492		0	0.0906247420492	0	1	1	0.0906247420492
methylation_k	esm2	replica	rebuilt	1	y_pred	0	1465	7792	382	7410	0.950975359343	0.0487732966424	-0.248668343213	0.297441639855	-0.234086373703	0	0	0	-0.234086373703
methylation_k	esm2	replica	rebuilt	1	y_pred	1	1465	7792	382	7410	0.950975359343	0.0487732966424	-0.248668343213	0.297441639855	-0.234086373703	0	0	0	-0.234086373703
methylation_k	esm2	replica	rebuilt	1	y_pred	2	1465	4989	382	4607	0.923431549409	0.0487732966424	-0.210581316012	0.259354612654	-0.190722935167	2.77555756156e-17	0	0	-0.190722935167
methylation_k	esm2	replica	rebuilt	1	y_pred	3	1465	3284	382	2902	0.883678440926	0.0487732966424	-0.14730114338	0.196074440022	-0.124493458822	1.38777878078e-17	0	0	-0.124493458822
methylation_k	esm2	replica	rebuilt	1	y_pred	4	1465	2385	382	2003	0.839832285115	0.0487732966424	-0.107720671552	0.156493968195	-0.0826553902734	1.38777878078e-17	0	0	-0.0826553902734
methylation_k	esm2	replica	rebuilt	1	y_pred	5	1465	1819	382	1437	0.789994502474	0.0487732966424	-0.0948936089359	0.143666905578	-0.0647227689519	2.77555756156e-17	0	0	-0.0647227689519
methylation_k	esm2	replica	rebuilt	1	y_pred	6	1465	1284	382	902	0.702492211838	0.0487732966424	-0.0564153984698	0.105188695112	-0.0251209424473	1.04083408559e-17	0	0	-0.0251209424473
methylation_k	esm2	replica	rebuilt	1	y_pred	7	1465	891	382	509	0.571268237935	0.0487732966424	0.0262952855428	0.0224780110996	0.0359323228493	0	1	1	0.0359323228493
methylation_k	esm2	replica	rebuilt	1	y_pred	8	1465	587	382	205	0.349233390119	0.0487732966424	-0.0578506617831	0.106623958425	0.0115366501736	8.67361737988e-18	1	1	0.0115366501736
methylation_k	esm2	replica	rebuilt	1	y_pred	9	1465	533	382	151	0.28330206379	0.0487732966424	-0.0976154419908	0.146388738633	0.00730106487203	8.67361737988e-18	1	1	0.00730106487203
methylation_k	esm2	replica	rebuilt	1	y_pred	10	1465	382	382	0	0	0.0487732966424		0	0.0487732966424	0	1	1	0.0487732966424
methylation_k	esm2	replica	rebuilt	1	init_0	0	1465	7792	382	7410	0.950975359343	0.0464199560424	-0.244831032688	0.29125098873	-0.230552557625	0	0	0	-0.230552557625
methylation_k	esm2	replica	rebuilt	1	init_0	1	1465	7792	382	7410	0.950975359343	0.0464199560424	-0.244831032688	0.29125098873	-0.230552557625	0	0	0	-0.230552557625
methylation_k	esm2	replica	rebuilt	1	init_0	2	1465	4989	382	4607	0.923431549409	0.0464199560424	-0.21013948947	0.256559445512	-0.190495130242	0	0	0	-0.190495130242
methylation_k	esm2	replica	rebuilt	1	init_0	3	1465	3284	382	2902	0.883678440926	0.0464199560424	-0.146516819047	0.192936775089	-0.124074112566	1.38777878078e-17	0	0	-0.124074112566
methylation_k	esm2	replica	rebuilt	1	init_0	4	1465	2385	382	2003	0.839832285115	0.0464199560424	-0.104822629537	0.151242585579	-0.0805984502114	0	0	0	-0.0805984502114
methylation_k	esm2	replica	rebuilt	1	init_0	5	1465	1819	382	1437	0.789994502474	0.0464199560424	-0.091644994193	0.138064950235	-0.0626505956279	2.77555756156e-17	0	0	-0.0626505956279
methylation_k	esm2	replica	rebuilt	1	init_0	6	1465	1284	382	902	0.702492211838	0.0464199560424	-0.059188530607	0.105608486649	-0.0277691833328	6.93889390391e-18	0	0	-0.0277691833328
methylation_k	esm2	replica	rebuilt	1	init_0	7	1465	891	382	509	0.571268237935	0.0464199560424	0.0354942100217	0.0109257460207	0.040178424365	6.93889390391e-18	1	1	0.040178424365
methylation_k	esm2	replica	rebuilt	1	init_0	8	1465	587	382	205	0.349233390119	0.0464199560424	-0.0447598435029	0.0911797995453	0.0145769255368	1.73472347598e-18	1	1	0.0145769255368
methylation_k	esm2	replica	rebuilt	1	init_0	9	1465	533	382	151	0.28330206379	0.0464199560424	-0.0874081775648	0.133828133607	0.00850616959832	1.73472347598e-18	1	1	0.00850616959832
methylation_k	esm2	replica	rebuilt	1	init_0	10	1465	382	382	0	0	0.0464199560424		0	0.0464199560424	0	1	1	0.0464199560424
methylation_k	esm2	replica	rebuilt	1	init_1	0	1465	7792	382	7410	0.950975359343	0.0870369708557	-0.258354958017	0.345391928873	-0.241422242818	5.55111512313e-17	0	0	-0.241422242818
methylation_k	esm2	replica	rebuilt	1	init_1	1	1465	7792	382	7410	0.950975359343	0.0870369708557	-0.258354958017	0.345391928873	-0.241422242818	5.55111512313e-17	0	0	-0.241422242818
methylation_k	esm2	replica	rebuilt	1	init_1	2	1465	4989	382	4607	0.923431549409	0.0870369708557	-0.210090669266	0.297127640122	-0.187340066234	2.77555756156e-17	0	0	-0.187340066234
methylation_k	esm2	replica	rebuilt	1	init_1	3	1465	3284	382	2902	0.883678440926	0.0870369708557	-0.156782894226	0.243819865082	-0.128421387387	2.77555756156e-17	0	0	-0.128421387387
methylation_k	esm2	replica	rebuilt	1	init_1	4	1465	2385	382	2003	0.839832285115	0.0870369708557	-0.12598167595	0.213018646806	-0.0918629660635	0	0	0	-0.0918629660635
methylation_k	esm2	replica	rebuilt	1	init_1	5	1465	1819	382	1437	0.789994502474	0.0870369708557	-0.097235186122	0.184272156978	-0.0585370201157	1.38777878078e-17	0	0	-0.0585370201157
methylation_k	esm2	replica	rebuilt	1	init_1	6	1465	1284	382	902	0.702492211838	0.0870369708557	-0.0538893471467	0.140926318002	-0.0119626699839	6.93889390391e-18	0	0	-0.0119626699839
methylation_k	esm2	replica	rebuilt	1	init_1	7	1465	891	382	509	0.571268237935	0.0870369708557	-0.0238599408597	0.110896911715	0.0236850875076	3.46944695195e-18	1	1	0.0236850875076
methylation_k	esm2	replica	rebuilt	1	init_1	8	1465	587	382	205	0.349233390119	0.0870369708557	-0.0966586198285	0.183695590684	0.0228843369711	3.46944695195e-18	1	1	0.0228843369711
methylation_k	esm2	replica	rebuilt	1	init_1	9	1465	533	382	151	0.28330206379	0.0870369708557	-0.127290192799	0.214327163655	0.0263176430662	1.73472347598e-17	1	1	0.0263176430662
methylation_k	esm2	replica	rebuilt	1	init_1	10	1465	382	382	0	0	0.0870369708557		0	0.0870369708557	0	1	1	0.0870369708557
methylation_k	esm2	replica	rebuilt	2	y_pred	0	1562	8077	399	7678	0.950600470472	0.0609028974485	-0.261575134103	0.322478031551	-0.245644871061	0	0	0	-0.245644871061
methylation_k	esm2	replica	rebuilt	2	y_pred	1	1562	8077	399	7678	0.950600470472	0.0609028974485	-0.261575134103	0.322478031551	-0.245644871061	0	0	0	-0.245644871061
methylation_k	esm2	replica	rebuilt	2	y_pred	2	1562	5038	399	4639	0.920801905518	0.0609028974485	-0.218270182738	0.279173080186	-0.196160206756	0	0	0	-0.196160206756
methylation_k	esm2	replica	rebuilt	2	y_pred	3	1562	3202	399	2803	0.875390381012	0.0609028974485	-0.192193132198	0.253096029647	-0.160654932377	0	0	0	-0.160654932377
methylation_k	esm2	replica	rebuilt	2	y_pred	4	1562	2069	399	1670	0.807153214113	0.0609028974485	-0.146324572366	0.207227469815	-0.106361420865	0	0	0	-0.106361420865
methylation_k	esm2	replica	rebuilt	2	y_pred	5	1562	1633	399	1234	0.75566442131	0.0609028974485	-0.0953630283247	0.156265925773	-0.0571817029214	6.93889390391e-18	0	0	-0.0571817029214
methylation_k	esm2	replica	rebuilt	2	y_pred	6	1562	1134	399	735	0.648148148148	0.0609028974485	-0.0955865060493	0.156489403498	-0.0405254196334	6.93889390391e-18	0	0	-0.0405254196334
methylation_k	esm2	replica	rebuilt	2	y_pred	7	1562	812	399	413	0.508620689655	0.0609028974485	-0.0167778628628	0.0776807603113	0.021392855566	0	1	1	0.021392855566
methylation_k	esm2	replica	rebuilt	2	y_pred	8	1562	604	399	205	0.33940397351	0.0609028974485	-0.0712969613691	0.132199858818	0.0160337400683	3.46944695195e-18	1	1	0.0160337400683
methylation_k	esm2	replica	rebuilt	2	y_pred	9	1562	461	399	62	0.134490238612	0.0609028974485	-0.417361942919	0.478264840367	-0.00341905505206	5.63785129692e-18	0	0	-0.00341905505206
methylation_k	esm2	replica	rebuilt	2	y_pred	10	1562	399	399	0	0	0.0609028974485		0	0.0609028974485	0	1	1	0.0609028974485
methylation_k	esm2	replica	rebuilt	2	init_0	0	1562	8077	399	7678	0.950600470472	0.0724217714581	-0.256038170818	0.328459942277	-0.239812404201	2.77555756156e-17	0	0	-0.239812404201
methylation_k	esm2	replica	rebuilt	2	init_0	1	1562	8077	399	7678	0.950600470472	0.0724217714581	-0.256038170818	0.328459942277	-0.239812404201	2.77555756156e-17	0	0	-0.239812404201
methylation_k	esm2	replica	rebuilt	2	init_0	2	1562	5038	399	4639	0.920801905518	0.0724217714581	-0.211283062186	0.283704833644	-0.188814179966	0	0	0	-0.188814179966
methylation_k	esm2	replica	rebuilt	2	init_0	3	1562	3202	399	2803	0.875390381012	0.0724217714581	-0.184550415391	0.256972186849	-0.152529209097	0	0	0	-0.152529209097
methylation_k	esm2	replica	rebuilt	2	init_0	4	1562	2069	399	1670	0.807153214113	0.0724217714581	-0.13786888451	0.210290655968	-0.0973150074046	1.38777878078e-17	0	0	-0.0973150074046
methylation_k	esm2	replica	rebuilt	2	init_0	5	1562	1633	399	1234	0.75566442131	0.0724217714581	-0.0832779941769	0.155699765635	-0.0452350018387	0	0	0	-0.0452350018387
methylation_k	esm2	replica	rebuilt	2	init_0	6	1562	1134	399	735	0.648148148148	0.0724217714581	-0.09022010853	0.162641879988	-0.0329942618675	1.38777878078e-17	0	0	-0.0329942618675
methylation_k	esm2	replica	rebuilt	2	init_0	7	1562	812	399	413	0.508620689655	0.0724217714581	-0.00940000558048	0.0818217770386	0.0308055227919	6.93889390391e-18	1	1	0.0308055227919
methylation_k	esm2	replica	rebuilt	2	init_0	8	1562	604	399	205	0.33940397351	0.0724217714581	-0.0558742700103	0.128296041468	0.0288775851981	6.93889390391e-18	1	1	0.0288775851981
methylation_k	esm2	replica	rebuilt	2	init_0	9	1562	461	399	62	0.134490238612	0.0724217714581	-0.417201891702	0.48962366316	0.00657216816974	8.67361737988e-19	1	1	0.00657216816974
methylation_k	esm2	replica	rebuilt	2	init_0	10	1562	399	399	0	0	0.0724217714581		0	0.0724217714581	0	1	1	0.0724217714581
methylation_k	esm2	replica	rebuilt	2	init_1	0	1562	8077	399	7678	0.950600470472	0.0384580208524	-0.250221128328	0.288679149181	-0.235960514174	2.77555756156e-17	0	0	-0.235960514174
methylation_k	esm2	replica	rebuilt	2	init_1	1	1562	8077	399	7678	0.950600470472	0.0384580208524	-0.250221128328	0.288679149181	-0.235960514174	2.77555756156e-17	0	0	-0.235960514174
methylation_k	esm2	replica	rebuilt	2	init_1	2	1562	5038	399	4639	0.920801905518	0.0384580208524	-0.229284218115	0.267742238968	-0.208079542977	5.55111512313e-17	0	0	-0.208079542977
methylation_k	esm2	replica	rebuilt	2	init_1	3	1562	3202	399	2803	0.875390381012	0.0384580208524	-0.213758877332	0.252216898185	-0.182330225747	0	0	0	-0.182330225747
methylation_k	esm2	replica	rebuilt	2	init_1	4	1562	2069	399	1670	0.807153214113	0.0384580208524	-0.173251704018	0.211709724871	-0.132424164036	0	0	0	-0.132424164036
methylation_k	esm2	replica	rebuilt	2	init_1	5	1562	1633	399	1234	0.75566442131	0.0384580208524	-0.128961332456	0.167419353309	-0.0880548278817	0	0	0	-0.0880548278817
methylation_k	esm2	replica	rebuilt	2	init_1	6	1562	1134	399	735	0.648148148148	0.0384580208524	-0.116338724991	0.154796745843	-0.0618732033051	6.93889390391e-18	0	0	-0.0618732033051
methylation_k	esm2	replica	rebuilt	2	init_1	7	1562	812	399	413	0.508620689655	0.0384580208524	-0.0772857483886	0.115743769241	-0.0204116548823	0	0	0	-0.0204116548823
methylation_k	esm2	replica	rebuilt	2	init_1	8	1562	604	399	205	0.33940397351	0.0384580208524	-0.142761000593	0.181219021446	-0.0230484351019	3.46944695195e-18	0	0	-0.0230484351019
methylation_k	esm2	replica	rebuilt	2	init_1	9	1562	461	399	62	0.134490238612	0.0384580208524	-0.44705402503	0.485512045882	-0.0268386100472	6.93889390391e-18	0	0	-0.0268386100472
methylation_k	esm2	replica	rebuilt	2	init_1	10	1562	399	399	0	0	0.0384580208524		0	0.0384580208524	0	1	1	0.0384580208524
methylation_r	esm2	replica	rebuilt	0	y_pred	0	1037	4845	539	4306	0.88875128999	0.0792066454003	-0.302132074686	0.381338720086	-0.259708633999	0	0	0	-0.259708633999
methylation_r	esm2	replica	rebuilt	0	y_pred	1	1037	4845	539	4306	0.88875128999	0.0792066454003	-0.302132074686	0.381338720086	-0.259708633999	0	0	0	-0.259708633999
methylation_r	esm2	replica	rebuilt	0	y_pred	2	1037	3753	539	3214	0.856381561418	0.0792066454003	-0.250686485536	0.329893130936	-0.203307749172	0	0	0	-0.203307749172
methylation_r	esm2	replica	rebuilt	0	y_pred	3	1037	2515	539	1976	0.785685884692	0.0792066454003	-0.18303953127	0.26224617667	-0.126836473924	2.77555756156e-17	0	0	-0.126836473924
methylation_r	esm2	replica	rebuilt	0	y_pred	4	1037	1763	539	1224	0.694271128758	0.0792066454003	-0.161420812298	0.240627457698	-0.087854051266	0	0	0	-0.087854051266
methylation_r	esm2	replica	rebuilt	0	y_pred	5	1037	1441	539	902	0.625954198473	0.0792066454003	-0.152898733555	0.232105378955	-0.0660806910448	1.38777878078e-17	0	0	-0.0660806910448
methylation_r	esm2	replica	rebuilt	0	y_pred	6	1037	1270	539	731	0.575590551181	0.0792066454003	-0.113975122915	0.193181768315	-0.0319869551022	2.08166817117e-17	0	0	-0.0319869551022
methylation_r	esm2	replica	rebuilt	0	y_pred	7	1037	931	539	392	0.421052631579	0.0792066454003	-0.0583684293389	0.137575074739	0.0212802981417	3.46944695195e-18	1	1	0.0212802981417
methylation_r	esm2	replica	rebuilt	0	y_pred	8	1037	786	539	247	0.314249363868	0.0792066454003	-0.0356759415786	0.114882586979	0.0431048655227	0	1	1	0.0431048655227
methylation_r	esm2	replica	rebuilt	0	y_pred	9	1037	586	539	47	0.080204778157	0.0792066454003	-0.109932497589	0.18913914299	0.0640367823961	1.38777878078e-17	1	1	0.0640367823961
methylation_r	esm2	replica	rebuilt	0	y_pred	10	1037	539	539	0	0	0.0792066454003		0	0.0792066454003	0	1	1	0.0792066454003
methylation_r	esm2	replica	rebuilt	0	init_0	0	1037	4845	539	4306	0.88875128999	0.0681482727219	-0.288908392273	0.357056664995	-0.249186298891	2.77555756156e-17	0	0	-0.249186298891
methylation_r	esm2	replica	rebuilt	0	init_0	1	1037	4845	539	4306	0.88875128999	0.0681482727219	-0.288908392273	0.357056664995	-0.249186298891	2.77555756156e-17	0	0	-0.249186298891
methylation_r	esm2	replica	rebuilt	0	init_0	2	1037	3753	539	3214	0.856381561418	0.0681482727219	-0.235368976975	0.303517249696	-0.19177830349	2.77555756156e-17	0	0	-0.19177830349
methylation_r	esm2	replica	rebuilt	0	init_0	3	1037	2515	539	1976	0.785685884692	0.0681482727219	-0.162884215211	0.231032487933	-0.113370691952	1.38777878078e-17	0	0	-0.113370691952
methylation_r	esm2	replica	rebuilt	0	init_0	4	1037	1763	539	1224	0.694271128758	0.0681482727219	-0.148130290368	0.216278563089	-0.0820076894003	1.38777878078e-17	0	0	-0.0820076894003
methylation_r	esm2	replica	rebuilt	0	init_0	5	1037	1441	539	902	0.625954198473	0.0681482727219	-0.138720982195	0.206869254917	-0.0613424059286	6.93889390391e-18	0	0	-0.0613424059286
methylation_r	esm2	replica	rebuilt	0	init_0	6	1037	1270	539	731	0.575590551181	0.0681482727219	-0.100557089468	0.16870536219	-0.0289569396882	0	0	0	-0.0289569396882
methylation_r	esm2	replica	rebuilt	0	init_0	7	1037	931	539	392	0.421052631579	0.0681482727219	-0.0323588451774	0.100507117899	0.025829486238	6.93889390391e-18	1	1	0.025829486238
methylation_r	esm2	replica	rebuilt	0	init_0	8	1037	786	539	247	0.314249363868	0.0681482727219	-0.0111853329637	0.0793336056856	0.0432177376019	1.38777878078e-17	1	1	0.0432177376019
methylation_r	esm2	replica	rebuilt	0	init_0	9	1037	586	539	47	0.080204778157	0.0681482727219	-0.0902152280515	0.158363500773	0.0554467632742	6.93889390391e-18	1	1	0.0554467632742
methylation_r	esm2	replica	rebuilt	0	init_0	10	1037	539	539	0	0	0.0681482727219		0	0.0681482727219	0	1	1	0.0681482727219
methylation_r	esm2	replica	rebuilt	0	init_1	0	1037	4845	539	4306	0.88875128999	0.0961582844762	-0.318166416666	0.414324701142	-0.272073328139	0	0	0	-0.272073328139
methylation_r	esm2	replica	rebuilt	0	init_1	1	1037	4845	539	4306	0.88875128999	0.0961582844762	-0.318166416666	0.414324701142	-0.272073328139	0	0	0	-0.272073328139
methylation_r	esm2	replica	rebuilt	0	init_1	2	1037	3753	539	3214	0.856381561418	0.0961582844762	-0.276007840577	0.372166125053	-0.222557922804	0	0	0	-0.222557922804
methylation_r	esm2	replica	rebuilt	0	init_1	3	1037	2515	539	1976	0.785685884692	0.0961582844762	-0.205937010764	0.30209529524	-0.141193724826	2.77555756156e-17	0	0	-0.141193724826
methylation_r	esm2	replica	rebuilt	0	init_1	4	1037	1763	539	1224	0.694271128758	0.0961582844762	-0.152317677312	0.248475961788	-0.0763514019837	2.77555756156e-17	0	0	-0.0763514019837
methylation_r	esm2	replica	rebuilt	0	init_1	5	1037	1441	539	902	0.625954198473	0.0961582844762	-0.141310855337	0.237469139813	-0.0524865205977	2.08166817117e-17	0	0	-0.0524865205977
methylation_r	esm2	replica	rebuilt	0	init_1	6	1037	1270	539	731	0.575590551181	0.0961582844762	-0.108224160243	0.20438244472	-0.0214823195317	6.93889390391e-18	0	0	-0.0214823195317
methylation_r	esm2	replica	rebuilt	0	init_1	7	1037	931	539	392	0.421052631579	0.0961582844762	-0.0609354397497	0.157093724226	0.0300135584864	6.93889390391e-18	1	1	0.0300135584864
methylation_r	esm2	replica	rebuilt	0	init_1	8	1037	786	539	247	0.314249363868	0.0961582844762	-0.0422290240846	0.138387308561	0.0526701607936	1.38777878078e-17	1	1	0.0526701607936
methylation_r	esm2	replica	rebuilt	0	init_1	9	1037	586	539	47	0.080204778157	0.0961582844762	-0.215228051458	0.311386335934	0.0711836124815	2.77555756156e-17	1	1	0.0711836124815
methylation_r	esm2	replica	rebuilt	0	init_1	10	1037	539	539	0	0	0.0961582844762		0	0.0961582844762	0	1	1	0.0961582844762
methylation_r	esm2	replica	rebuilt	1	y_pred	0	893	4794	247	4547	0.948477263246	0.0297772599299	-0.232784447913	0.262561707842	-0.219256550158	2.77555756156e-17	0	0	-0.219256550158
methylation_r	esm2	replica	rebuilt	1	y_pred	1	893	4794	247	4547	0.948477263246	0.0297772599299	-0.232784447913	0.262561707842	-0.219256550158	2.77555756156e-17	0	0	-0.219256550158
methylation_r	esm2	replica	rebuilt	1	y_pred	2	893	3675	247	3428	0.932789115646	0.0297772599299	-0.191356407479	0.221133667409	-0.176493818132	0	0	0	-0.176493818132
methylation_r	esm2	replica	rebuilt	1	y_pred	3	893	2675	247	2428	0.907663551402	0.0297772599299	-0.145073065081	0.174850325011	-0.128928007033	2.77555756156e-17	0	0	-0.128928007033
methylation_r	esm2	replica	rebuilt	1	y_pred	4	893	1953	247	1706	0.873527905786	0.0297772599299	-0.113406802157	0.143184062087	-0.0952980139665	1.38777878078e-17	0	0	-0.0952980139665
methylation_r	esm2	replica	rebuilt	1	y_pred	5	893	1380	247	1133	0.821014492754	0.0297772599299	-0.126653415948	0.156430675878	-0.0986545920769	1.38777878078e-17	0	0	-0.0986545920769
methylation_r	esm2	replica	rebuilt	1	y_pred	6	893	955	247	708	0.741361256545	0.0297772599299	-0.0748714104048	0.104648670335	-0.0478052098052	2.08166817117e-17	0	0	-0.0478052098052
methylation_r	esm2	replica	rebuilt	1	y_pred	7	893	611	247	364	0.595744680851	0.0297772599299	0.0151975683891	0.0145796915409	0.021091486246	0	1	1	0.021091486246
methylation_r	esm2	replica	rebuilt	1	y_pred	8	893	420	247	173	0.411904761905	0.0297772599299	-0.0505796529203	0.0803569128502	-0.00332213512505	3.90312782095e-18	0	0	-0.00332213512505
methylation_r	esm2	replica	rebuilt	1	y_pred	9	893	375	247	128	0.341333333333	0.0297772599299	-0.0272606382979	0.0570378982278	0.0103083240015	0	1	1	0.0103083240015
methylation_r	esm2	replica	rebuilt	1	y_pred	10	893	247	247	0	0	0.0297772599299		0	0.0297772599299	0	1	1	0.0297772599299
methylation_r	esm2	replica	rebuilt	1	init_0	0	893	4794	247	4547	0.948477263246	0.0416872571644	-0.207271151549	0.248958408713	-0.194444132994	2.77555756156e-17	0	0	-0.194444132994
methylation_r	esm2	replica	rebuilt	1	init_0	1	893	4794	247	4547	0.948477263246	0.0416872571644	-0.207271151549	0.248958408713	-0.194444132994	2.77555756156e-17	0	0	-0.194444132994
methylation_r	esm2	replica	rebuilt	1	init_0	2	893	3675	247	3428	0.932789115646	0.0416872571644	-0.166639335373	0.208326592537	-0.152637520854	2.77555756156e-17	0	0	-0.152637520854
methylation_r	esm2	replica	rebuilt	1	init_0	3	893	2675	247	2428	0.907663551402	0.0416872571644	-0.12229430441	0.163981561575	-0.107152829379	2.77555756156e-17	0	0	-0.107152829379
methylation_r	esm2	replica	rebuilt	1	init_0	4	893	1953	247	1706	0.873527905786	0.0416872571644	-0.095659348666	0.13734660583	-0.0782888357934	1.38777878078e-17	0	0	-0.0782888357934
methylation_r	esm2	replica	rebuilt	1	init_0	5	893	1380	247	1133	0.821014492754	0.0416872571644	-0.113125130341	0.154812387505	-0.0854159566353	1.38777878078e-17	0	0	-0.0854159566353
methylation_r	esm2	replica	rebuilt	1	init_0	6	893	955	247	708	0.741361256545	0.0416872571644	-0.0666451559841	0.108332413148	-0.0386261967719	0	0	0	-0.0386261967719
methylation_r	esm2	replica	rebuilt	1	init_0	7	893	611	247	364	0.595744680851	0.0416872571644	-0.00261496622079	0.0443022233851	0.0152944432328	3.46944695195e-18	1	1	0.0152944432328
methylation_r	esm2	replica	rebuilt	1	init_0	8	893	420	247	173	0.411904761905	0.0416872571644	-0.0779861349352	0.1196733921	-0.00760678291473	3.46944695195e-18	0	0	-0.00760678291473
methylation_r	esm2	replica	rebuilt	1	init_0	9	893	375	247	128	0.341333333333	0.0416872571644	-0.0735057390817	0.115192996246	0.00236804777902	8.67361737988e-19	1	1	0.00236804777902
methylation_r	esm2	replica	rebuilt	1	init_0	10	893	247	247	0	0	0.0416872571644		0	0.0416872571644	0	1	1	0.0416872571644
methylation_r	esm2	replica	rebuilt	1	init_1	0	893	4794	247	4547	0.948477263246	0.0320305026499	-0.242943244762	0.274973747411	-0.228775844759	0	0	0	-0.228775844759
methylation_r	esm2	replica	rebuilt	1	init_1	1	893	4794	247	4547	0.948477263246	0.0320305026499	-0.242943244762	0.274973747411	-0.228775844759	0	0	0	-0.228775844759
methylation_r	esm2	replica	rebuilt	1	init_1	2	893	3675	247	3428	0.932789115646	0.0320305026499	-0.20556829927	0.23759880192	-0.189599073672	0	0	0	-0.189599073672
methylation_r	esm2	replica	rebuilt	1	init_1	3	893	2675	247	2428	0.907663551402	0.0320305026499	-0.15887550249	0.19090600514	-0.141247919959	0	0	0	-0.141247919959
methylation_r	esm2	replica	rebuilt	1	init_1	4	893	1953	247	1706	0.873527905786	0.0320305026499	-0.120094548061	0.152125050711	-0.100854974315	0	0	0	-0.100854974315
methylation_r	esm2	replica	rebuilt	1	init_1	5	893	1380	247	1133	0.821014492754	0.0320305026499	-0.127064576993	0.159095079643	-0.098588863463	2.77555756156e-17	0	0	-0.098588863463
methylation_r	esm2	replica	rebuilt	1	init_1	6	893	955	247	708	0.741361256545	0.0320305026499	-0.0684656556646	0.100496158315	-0.042473455556	1.38777878078e-17	0	0	-0.042473455556
methylation_r	esm2	replica	rebuilt	1	init_1	7	893	611	247	364	0.595744680851	0.0320305026499	0.0470478569583	0.0150173543083	0.0409770115996	6.93889390391e-18	1	1	0.0230839937003
methylation_r	esm2	replica	rebuilt	1	init_1	8	893	420	247	173	0.411904761905	0.0320305026499	-0.0127970276201	0.04482753027	0.0135658294673	0	1	1	0.0135658294673
methylation_r	esm2	replica	rebuilt	1	init_1	9	893	375	247	128	0.341333333333	0.0320305026499	0.021915243561	0.0101152590889	0.0285778275476	3.46944695195e-18	1	1	0.0285778275476
methylation_r	esm2	replica	rebuilt	1	init_1	10	893	247	247	0	0	0.0320305026499		0	0.0320305026499	0	1	1	0.0320305026499
methylation_r	esm2	replica	rebuilt	2	y_pred	0	962	4943	360	4583	0.927169734979	0.0774962462462	-0.213650352042	0.291146598288	-0.192446068129	2.77555756156e-17	0	0	-0.192446068129
methylation_r	esm2	replica	rebuilt	2	y_pred	1	962	4943	360	4583	0.927169734979	0.0774962462462	-0.213650352042	0.291146598288	-0.192446068129	2.77555756156e-17	0	0	-0.192446068129
methylation_r	esm2	replica	rebuilt	2	y_pred	2	962	3543	360	3183	0.898391193903	0.0774962462462	-0.167068685448	0.244564931694	-0.142218734725	0	0	0	-0.142218734725
methylation_r	esm2	replica	rebuilt	2	y_pred	3	962	2520	360	2160	0.857142857143	0.0774962462462	-0.158604277354	0.236100523601	-0.124875631126	1.38777878078e-17	0	0	-0.124875631126
methylation_r	esm2	replica	rebuilt	2	y_pred	4	962	1704	360	1344	0.788732394366	0.0774962462462	-0.0999235842986	0.177419830545	-0.0624405215074	2.08166817117e-17	0	0	-0.0624405215074
methylation_r	esm2	replica	rebuilt	2	y_pred	5	962	1383	360	1023	0.739696312364	0.0774962462462	-0.0579727595857	0.135469005832	-0.0227096778073	1.04083408559e-17	0	0	-0.0227096778073
methylation_r	esm2	replica	rebuilt	2	y_pred	6	962	966	360	606	0.627329192547	0.0774962462462	-0.0468315802474	0.124327826494	-0.000498228759098	5.09575021068e-18	0	0	-0.000498228759098
methylation_r	esm2	replica	rebuilt	2	y_pred	7	962	728	360	368	0.505494505495	0.0774962462462	-0.0377878400976	0.115284086344	0.0192207740285	3.46944695195e-18	1	1	0.0192207740285
methylation_r	esm2	replica	rebuilt	2	y_pred	8	962	537	360	177	0.329608938547	0.0774962462462	-0.016913915219	0.0944101614652	0.0463778131376	6.93889390391e-18	1	1	0.0463778131376
methylation_r	esm2	replica	rebuilt	2	y_pred	9	962	413	360	53	0.128329297821	0.0774962462462	-0.27911583572	0.356612081966	0.0317324681731	6.93889390391e-18	1	1	0.0317324681731
methylation_r	esm2	replica	rebuilt	2	y_pred	10	962	360	360	0	0	0.0774962462462		0	0.0774962462462	0	1	1	0.0774962462462
methylation_r	esm2	replica	rebuilt	2	init_0	0	962	4943	360	4583	0.927169734979	0.0967241279741	-0.19897338215	0.295697510124	-0.177437654122	0	0	0	-0.177437654122
methylation_r	esm2	replica	rebuilt	2	init_0	1	962	4943	360	4583	0.927169734979	0.0967241279741	-0.19897338215	0.295697510124	-0.177437654122	0	0	0	-0.177437654122
methylation_r	esm2	replica	rebuilt	2	init_0	2	962	3543	360	3183	0.898391193903	0.0967241279741	-0.151108441872	0.247832569846	-0.125926470338	5.55111512313e-17	0	0	-0.125926470338
methylation_r	esm2	replica	rebuilt	2	init_0	3	962	2520	360	2160	0.857142857143	0.0967241279741	-0.144177109802	0.240901237776	-0.109762647263	1.38777878078e-17	0	0	-0.109762647263
methylation_r	esm2	replica	rebuilt	2	init_0	4	962	1704	360	1344	0.788732394366	0.0967241279741	-0.0843473109098	0.181071438884	-0.0460927815681	6.93889390391e-18	0	0	-0.0460927815681
methylation_r	esm2	replica	rebuilt	2	init_0	5	962	1383	360	1023	0.739696312364	0.0967241279741	-0.0425016715339	0.139225799508	-0.00626068250797	8.67361737988e-18	0	0	-0.00626068250797
methylation_r	esm2	replica	rebuilt	2	init_0	6	962	966	360	606	0.627329192547	0.0967241279741	-0.0344613463425	0.131185474317	0.0144276502972	3.46944695195e-18	1	1	0.0144276502972
methylation_r	esm2	replica	rebuilt	2	init_0	7	962	728	360	368	0.505494505495	0.0967241279741	-0.0264451324234	0.123169260398	0.0344627435974	6.93889390391e-18	1	1	0.0344627435974
methylation_r	esm2	replica	rebuilt	2	init_0	8	962	537	360	177	0.329608938547	0.0967241279741	0.00280724009538	0.0939168878788	0.0657682822487	1.38777878078e-17	1	1	0.0657682822487
methylation_r	esm2	replica	rebuilt	2	init_0	9	962	413	360	53	0.128329297821	0.0967241279741	-0.266896795199	0.363620923173	0.0500609102304	6.93889390391e-18	1	1	0.0500609102304
methylation_r	esm2	replica	rebuilt	2	init_0	10	962	360	360	0	0	0.0967241279741		0	0.0967241279741	0	1	1	0.0967241279741
methylation_r	esm2	replica	rebuilt	2	init_1	0	962	4943	360	4583	0.927169734979	0.0361443173943	-0.241127496855	0.27727181425	-0.22093371714	2.77555756156e-17	0	0	-0.22093371714
methylation_r	esm2	replica	rebuilt	2	init_1	1	962	4943	360	4583	0.927169734979	0.0361443173943	-0.241127496855	0.27727181425	-0.22093371714	2.77555756156e-17	0	0	-0.22093371714
methylation_r	esm2	replica	rebuilt	2	init_1	2	962	3543	360	3183	0.898391193903	0.0361443173943	-0.197089788984	0.233234106379	-0.173391149894	0	0	0	-0.173391149894
methylation_r	esm2	replica	rebuilt	2	init_1	3	962	2520	360	2160	0.857142857143	0.0361443173943	-0.182009413259	0.218153730654	-0.150844594595	0	0	0	-0.150844594595
methylation_r	esm2	replica	rebuilt	2	init_1	4	962	1704	360	1344	0.788732394366	0.0361443173943	-0.137002601846	0.173146919241	-0.100422266796	0	0	0	-0.100422266796
methylation_r	esm2	replica	rebuilt	2	init_1	5	962	1383	360	1023	0.739696312364	0.0361443173943	-0.0925013666949	0.128645684089	-0.0590144207281	1.38777878078e-17	0	0	-0.0590144207281
methylation_r	esm2	replica	rebuilt	2	init_1	6	962	966	360	606	0.627329192547	0.0361443173943	-0.0622036735898	0.0983479909841	-0.0255522483783	6.93889390391e-18	0	0	-0.0255522483783
methylation_r	esm2	replica	rebuilt	2	init_1	7	962	728	360	368	0.505494505495	0.0361443173943	-0.0571640829793	0.0933084003736	-0.011022566311	0	0	0	-0.011022566311
methylation_r	esm2	replica	rebuilt	2	init_1	8	962	537	360	177	0.329608938547	0.0361443173943	-0.100890329704	0.137034647098	-0.00902352717995	5.20417042793e-18	0	0	-0.00902352717995
methylation_r	esm2	replica	rebuilt	2	init_1	9	962	413	360	53	0.128329297821	0.0361443173943	-0.45800808065	0.494152398044	-0.0272699128631	1.38777878078e-17	0	0	-0.0272699128631
methylation_r	esm2	replica	rebuilt	2	init_1	10	962	360	360	0	0	0.0361443173943		0	0.0361443173943	0	1	1	0.0361443173943
glycosylation_n	esm2	replica	rebuilt	0	y_pred	0	809	4088	243	3845	0.940557729941	0.0267464277902	-0.0337781556964	0.0605245834866	-0.0301804370596	6.93889390391e-18	0	0	-0.0301804370596
glycosylation_n	esm2	replica	rebuilt	0	y_pred	1	809	4088	243	3845	0.940557729941	0.0267464277902	-0.0337781556964	0.0605245834866	-0.0301804370596	6.93889390391e-18	0	0	-0.0301804370596
glycosylation_n	esm2	replica	rebuilt	0	y_pred	2	809	2567	243	2324	0.905336969225	0.0267464277902	-0.0216654185167	0.048411846307	-0.0170826064199	0	0	0	-0.0170826064199
glycosylation_n	esm2	replica	rebuilt	0	y_pred	3	809	1720	243	1477	0.858720930233	0.0267464277902	-0.0212814034395	0.0480278312297	-0.0144960761204	0	0	0	-0.0144960761204
glycosylation_n	esm2	replica	rebuilt	0	y_pred	4	809	1240	243	997	0.804032258065	0.0267464277902	-0.0142268585732	0.0409732863635	-0.00619741616492	2.60208521397e-18	0	0	-0.00619741616492
glycosylation_n	esm2	replica	rebuilt	0	y_pred	5	809	812	243	569	0.700738916256	0.0267464277902	-0.0137599631561	0.0405063909464	-0.00163797670298	1.95156391047e-18	0	0	-0.00163797670298
glycosylation_n	esm2	replica	rebuilt	0	y_pred	6	809	672	243	429	0.638392857143	0.0267464277902	-0.0162709149112	0.0430173427015	-0.000715536523633	4.33680868994e-19	0	0	-0.000715536523633
glycosylation_n	esm2	replica	rebuilt	0	y_pred	7	809	530	243	287	0.541509433962	0.0267464277902	-0.0216510252689	0.0483974530591	0.000538750378991	3.25260651746e-18	1	1	0.000538750378991
glycosylation_n	esm2	replica	rebuilt	0	y_pred	8	809	347	243	104	0.299711815562	0.0267464277902	-0.00133117809261	0.0280776058829	0.0183312375545	3.46944695195e-18	1	1	0.0183312375545
glycosylation_n	esm2	replica	rebuilt	0	y_pred	9	809	297	243	54	0.181818181818	0.0267464277902	-0.0159547681179	0.0427011959082	0.0189825739888	6.93889390391e-18	1	1	0.0189825739888
glycosylation_n	esm2	replica	rebuilt	0	y_pred	10	809	243	243	0	0	0.0267464277902		0	0.0267464277902	0	1	1	0.0267464277902
glycosylation_n	esm2	replica	rebuilt	0	init_0	0	809	4088	243	3845	0.940557729941	0.0269346396252	-0.0448825871494	0.0718172267746	-0.0406136081606	0	0	0	-0.0406136081606
glycosylation_n	esm2	replica	rebuilt	0	init_0	1	809	4088	243	3845	0.940557729941	0.0269346396252	-0.0448825871494	0.0718172267746	-0.0406136081606	0	0	0	-0.0406136081606
glycosylation_n	esm2	replica	rebuilt	0	init_0	2	809	2567	243	2324	0.905336969225	0.0269346396252	-0.0271456654802	0.0540803051054	-0.0220262598937	3.46944695195e-18	0	0	-0.0220262598937
glycosylation_n	esm2	replica	rebuilt	0	init_0	3	809	1720	243	1477	0.858720930233	0.0269346396252	-0.0256604566267	0.0525950962519	-0.0182298703539	3.46944695195e-18	0	0	-0.0182298703539
glycosylation_n	esm2	replica	rebuilt	0	init_0	4	809	1240	243	997	0.804032258065	0.0269346396252	-0.0162409354144	0.0431755750396	-0.00777991546712	6.07153216592e-18	0	0	-0.00777991546712
glycosylation_n	esm2	replica	rebuilt	0	init_0	5	809	812	243	569	0.700738916256	0.0269346396252	-0.0124945418523	0.0394291814775	-0.000694922272221	9.75781955237e-19	0	0	-0.000694922272221
glycosylation_n	esm2	replica	rebuilt	0	init_0	6	809	672	243	429	0.638392857143	0.0269346396252	-0.0184535283423	0.0453881679675	-0.00204084260404	8.67361737988e-19	0	0	-0.00204084260404
glycosylation_n	esm2	replica	rebuilt	0	init_0	7	809	530	243	287	0.541509433962	0.0269346396252	-0.0244053182188	0.051339957844	-0.000866431886559	8.67361737988e-19	0	0	-0.000866431886559
glycosylation_n	esm2	replica	rebuilt	0	init_0	8	809	347	243	104	0.299711815562	0.0269346396252	0.00213345060378	0.0248011890214	0.0195014302355	3.46944695195e-18	1	1	0.0195014302355
glycosylation_n	esm2	replica	rebuilt	0	init_0	9	809	297	243	54	0.181818181818	0.0269346396252	-0.0046124616582	0.0315471012834	0.0211988030282	0	1	1	0.0211988030282
glycosylation_n	esm2	replica	rebuilt	0	init_0	10	809	243	243	0	0	0.0269346396252		0	0.0269346396252	0	1	1	0.0269346396252
glycosylation_n	esm2	replica	rebuilt	0	init_1	0	809	4088	243	3845	0.940557729941	0.028717565251	-0.036724849346	0.065442414597	-0.0328348036643	0	0	0	-0.0328348036643
glycosylation_n	esm2	replica	rebuilt	0	init_1	1	809	4088	243	3845	0.940557729941	0.028717565251	-0.036724849346	0.065442414597	-0.0328348036643	0	0	0	-0.0328348036643
glycosylation_n	esm2	replica	rebuilt	0	init_1	2	809	2567	243	2324	0.905336969225	0.028717565251	-0.0247990017637	0.0535165670147	-0.0197329613334	0	0	0	-0.0197329613334
glycosylation_n	esm2	replica	rebuilt	0	init_1	3	809	1720	243	1477	0.858720930233	0.028717565251	-0.0249453298329	0.0536628950839	-0.0173638859344	0	0	0	-0.0173638859344
glycosylation_n	esm2	replica	rebuilt	0	init_1	4	809	1240	243	997	0.804032258065	0.028717565251	-0.0163054057103	0.0450229709613	-0.00748235575581	2.60208521397e-18	0	0	-0.00748235575581
glycosylation_n	esm2	replica	rebuilt	0	init_1	5	809	812	243	569	0.700738916256	0.028717565251	-0.0154392261053	0.0441567913563	-0.00222481686933	3.46944695195e-18	0	0	-0.00222481686933
glycosylation_n	esm2	replica	rebuilt	0	init_1	6	809	672	243	429	0.638392857143	0.028717565251	-0.0148605000274	0.0435780652784	0.000897639649185	1.40946282423e-18	1	1	0.000897639649185
glycosylation_n	esm2	replica	rebuilt	0	init_1	7	809	530	243	287	0.541509433962	0.028717565251	-0.0203826292192	0.0491001944702	0.00212934673601	1.30104260698e-18	1	1	0.00212934673601
glycosylation_n	esm2	replica	rebuilt	0	init_1	8	809	347	243	104	0.299711815562	0.028717565251	-0.00307240657982	0.0317899718308	0.0191897350769	3.46944695195e-18	1	1	0.0191897350769
glycosylation_n	esm2	replica	rebuilt	0	init_1	9	809	297	243	54	0.181818181818	0.028717565251	-0.0217003158907	0.0504178811417	0.0195506777707	0	1	1	0.0195506777707
glycosylation_n	esm2	replica	rebuilt	0	init_1	10	809	243	243	0	0	0.028717565251		0	0.028717565251	0	1	1	0.028717565251
glycosylation_n	esm2	replica	rebuilt	1	y_pred	0	883	4173	787	3386	0.811406661874	0.0084527593784	-0.118630173274	0.127082932652	-0.0946631787859	0	0	0	-0.0946631787859
glycosylation_n	esm2	replica	rebuilt	1	y_pred	1	883	4173	787	3386	0.811406661874	0.0084527593784	-0.118630173274	0.127082932652	-0.0946631787859	0	0	0	-0.0946631787859
glycosylation_n	esm2	replica	rebuilt	1	y_pred	2	883	2562	787	1775	0.692818110851	0.0084527593784	-0.0796825801924	0.0881353395708	-0.0526090000822	0	0	0	-0.0526090000822
glycosylation_n	esm2	replica	rebuilt	1	y_pred	3	883	2086	787	1299	0.622722914669	0.0084527593784	-0.0753493627383	0.0838021221167	-0.0437327423616	6.93889390391e-18	0	0	-0.0437327423616
glycosylation_n	esm2	replica	rebuilt	1	y_pred	4	883	1573	787	786	0.499682136046	0.0084527593784	-0.0549436774355	0.0633964368139	-0.0232253075865	0	0	0	-0.0232253075865
glycosylation_n	esm2	replica	rebuilt	1	y_pred	5	883	1293	787	506	0.391337973705	0.0084527593784	-0.0360800630262	0.0445328224046	-0.00897462510478	0	0	0	-0.00897462510478
glycosylation_n	esm2	replica	rebuilt	1	y_pred	6	883	1186	787	399	0.336424957841	0.0084527593784	-0.0323345169265	0.0407872763049	-0.00526909833295	2.60208521397e-18	0	0	-0.00526909833295
glycosylation_n	esm2	replica	rebuilt	1	y_pred	7	883	1027	787	240	0.233690360273	0.0084527593784	-0.011848810872	0.0203015702504	0.00370847811248	4.33680868994e-19	1	1	0.00370847811248
glycosylation_n	esm2	replica	rebuilt	1	y_pred	8	883	901	787	114	0.126526082131	0.0084527593784	-0.00197691283702	0.0104296722154	0.00713313381508	0	1	1	0.00713313381508
glycosylation_n	esm2	replica	rebuilt	1	y_pred	9	883	835	787	48	0.0574850299401	0.0084527593784	-0.016775198188	0.0252279575664	0.00700252948237	1.73472347598e-18	1	1	0.00700252948237
glycosylation_n	esm2	replica	rebuilt	1	y_pred	10	883	787	787	0	0	0.0084527593784		0	0.0084527593784	0	1	1	0.0084527593784
glycosylation_n	esm2	replica	rebuilt	1	init_0	0	883	4173	787	3386	0.811406661874	0.0157442356757	-0.0991229290684	0.114867164744	-0.0774597470282	0	0	0	-0.0774597470282
glycosylation_n	esm2	replica	rebuilt	1	init_0	1	883	4173	787	3386	0.811406661874	0.0157442356757	-0.0991229290684	0.114867164744	-0.0774597470282	0	0	0	-0.0774597470282
glycosylation_n	esm2	replica	rebuilt	1	init_0	2	883	2562	787	1775	0.692818110851	0.0157442356757	-0.0657208938797	0.0814651295554	-0.0406962814831	0	0	0	-0.0406962814831
glycosylation_n	esm2	replica	rebuilt	1	init_0	3	883	2086	787	1299	0.622722914669	0.0157442356757	-0.0595418376537	0.0752860733294	-0.031138127342	6.93889390391e-18	0	0	-0.031138127342
glycosylation_n	esm2	replica	rebuilt	1	init_0	4	883	1573	787	786	0.499682136046	0.0157442356757	-0.0412174837689	0.0569617194446	-0.0127185179692	1.73472347598e-18	0	0	-0.0127185179692
glycosylation_n	esm2	replica	rebuilt	1	init_0	5	883	1293	787	506	0.391337973705	0.0157442356757	-0.0252485463229	0.0409927819987	-0.000297796568157	2.16840434497e-19	0	0	-0.000297796568157
glycosylation_n	esm2	replica	rebuilt	1	init_0	6	883	1186	787	399	0.336424957841	0.0157442356757	-0.0212663595569	0.0370105952326	0.0032929477349	8.67361737988e-19	1	1	0.0032929477349
glycosylation_n	esm2	replica	rebuilt	1	init_0	7	883	1027	787	240	0.233690360273	0.0157442356757	0.0021281615704	0.0136160741053	0.0125622904125	1.73472347598e-18	1	1	0.0125622904125
glycosylation_n	esm2	replica	rebuilt	1	init_0	8	883	901	787	114	0.126526082131	0.0157442356757	0.00494724921023	0.0107969864655	0.0143781352794	0	1	1	0.0143781352794
glycosylation_n	esm2	replica	rebuilt	1	init_0	9	883	835	787	48	0.0574850299401	0.0157442356757	0.0073140807852	0.00843015489051	0.0152596279694	1.73472347598e-18	1	1	0.0152596279694
glycosylation_n	esm2	replica	rebuilt	1	init_0	10	883	787	787	0	0	0.0157442356757		0	0.0157442356757	0	1	1	0.0157442356757
glycosylation_n	esm2	replica	rebuilt	1	init_1	0	883	4173	787	3386	0.811406661874	0.00321187588229	-0.151177588886	0.154389464768	-0.122060764354	0	0	0	-0.122060764354
glycosylation_n	esm2	replica	rebuilt	1	init_1	1	883	4173	787	3386	0.811406661874	0.00321187588229	-0.151177588886	0.154389464768	-0.122060764354	0	0	0	-0.122060764354
glycosylation_n	esm2	replica	rebuilt	1	init_1	2	883	2562	787	1775	0.692818110851	0.00321187588229	-0.103360821782	0.106572697665	-0.070623619182	0	0	0	-0.070623619182
glycosylation_n	esm2	replica	rebuilt	1	init_1	3	883	2086	787	1299	0.622722914669	0.00321187588229	-0.097231340076	0.100443215958	-0.059336416318	0	0	0	-0.059336416318
glycosylation_n	esm2	replica	rebuilt	1	init_1	4	883	1573	787	786	0.499682136046	0.00321187588229	-0.0722806244039	0.0754925002861	-0.0345103779161	0	0	0	-0.0345103779161
glycosylation_n	esm2	replica	rebuilt	1	init_1	5	883	1293	787	506	0.391337973705	0.00321187588229	-0.054266133689	0.0574780095713	-0.0192814519159	0	0	0	-0.0192814519159
glycosylation_n	esm2	replica	rebuilt	1	init_1	6	883	1186	787	399	0.336424957841	0.00321187588229	-0.0515388130576	0.0547506889399	-0.0152076223361	1.73472347598e-18	0	0	-0.0152076223361
glycosylation_n	esm2	replica	rebuilt	1	init_1	7	883	1027	787	240	0.233690360273	0.00321187588229	-0.032016798792	0.0352286746743	-0.00502072579427	8.67361737988e-19	0	0	-0.00502072579427
glycosylation_n	esm2	replica	rebuilt	1	init_1	8	883	901	787	114	0.126526082131	0.00321187588229	-0.0257495380581	0.0289614139404	-0.000452498356551	6.50521303491e-19	0	0	-0.000452498356551
glycosylation_n	esm2	replica	rebuilt	1	init_1	9	883	835	787	48	0.0574850299401	0.00321187588229	-0.042657606644	0.0458694825263	0.000575067305932	8.67361737988e-19	1	1	0.000575067305932
glycosylation_n	esm2	replica	rebuilt	1	init_1	10	883	787	787	0	0	0.00321187588229		0	0.00321187588229	0	1	1	0.00321187588229
glycosylation_n	esm2	replica	rebuilt	2	y_pred	0	707	3540	609	2931	0.827966101695	0.0121143711838	-0.0929687865701	0.105083157754	-0.0748909212955	1.38777878078e-17	0	0	-0.0748909212955
glycosylation_n	esm2	replica	rebuilt	2	y_pred	1	707	3540	609	2931	0.827966101695	0.0121143711838	-0.0929687865701	0.105083157754	-0.0748909212955	1.38777878078e-17	0	0	-0.0748909212955
glycosylation_n	esm2	replica	rebuilt	2	y_pred	2	707	2127	609	1518	0.713681241185	0.0121143711838	-0.0667562097825	0.0788705809662	-0.0441740829332	6.93889390391e-18	0	0	-0.0441740829332
glycosylation_n	esm2	replica	rebuilt	2	y_pred	3	707	1643	609	1034	0.629336579428	0.0121143711838	-0.0425983327816	0.0547127039654	-0.022318334781	3.46944695195e-18	0	0	-0.022318334781
glycosylation_n	esm2	replica	rebuilt	2	y_pred	4	707	1317	609	708	0.537585421412	0.0121143711838	-0.046680091738	0.0587944629218	-0.0194926749427	0	0	0	-0.0194926749427
glycosylation_n	esm2	replica	rebuilt	2	y_pred	5	707	1044	609	435	0.416666666667	0.0121143711838	-0.0165406688452	0.028655040029	0.000174771171698	8.13151629364e-20	1	1	0.000174771171698
glycosylation_n	esm2	replica	rebuilt	2	y_pred	6	707	847	609	238	0.280991735537	0.0121143711838	-0.0146375381836	0.0267519093674	0.00459730574171	0	1	1	0.00459730574171
glycosylation_n	esm2	replica	rebuilt	2	y_pred	7	707	764	609	155	0.202879581152	0.0121143711838	0.00145092850299	0.0106634426808	0.00995097639906	1.73472347598e-18	1	1	0.00995097639906
glycosylation_n	esm2	replica	rebuilt	2	y_pred	8	707	691	609	82	0.118668596237	0.0121143711838	0.00717563045503	0.00493874072874	0.0115282977543	1.73472347598e-18	1	1	0.0115282977543
glycosylation_n	esm2	replica	rebuilt	2	y_pred	9	707	639	609	30	0.0469483568075	0.0121143711838	0.0166902404526	0.00457586926884	0.0123292007269	1.73472347598e-18	1	1	0.0118995416406
glycosylation_n	esm2	replica	rebuilt	2	y_pred	10	707	609	609	0	0	0.0121143711838		0	0.0121143711838	0	1	1	0.0121143711838
glycosylation_n	esm2	replica	rebuilt	2	init_0	0	707	3540	609	2931	0.827966101695	0.0202757784575	-0.12780128722	0.148077065678	-0.102327012362	1.38777878078e-17	0	0	-0.102327012362
glycosylation_n	esm2	replica	rebuilt	2	init_0	1	707	3540	609	2931	0.827966101695	0.0202757784575	-0.12780128722	0.148077065678	-0.102327012362	1.38777878078e-17	0	0	-0.102327012362
glycosylation_n	esm2	replica	rebuilt	2	init_0	2	707	2127	609	1518	0.713681241185	0.0202757784575	-0.0899489017225	0.11022468018	-0.0583895081025	1.38777878078e-17	0	0	-0.0583895081025
glycosylation_n	esm2	replica	rebuilt	2	init_0	3	707	1643	609	1034	0.629336579428	0.0202757784575	-0.0650752765246	0.0853510549821	-0.0334387625355	0	0	0	-0.0334387625355
glycosylation_n	esm2	replica	rebuilt	2	init_0	4	707	1317	609	708	0.537585421412	0.0202757784575	-0.071396606973	0.0916723854306	-0.029005959496	3.46944695195e-18	0	0	-0.029005959496
glycosylation_n	esm2	replica	rebuilt	2	init_0	5	707	1044	609	435	0.416666666667	0.0202757784575	-0.0530068770424	0.0732826554999	-0.0102586613341	1.73472347598e-18	0	0	-0.0102586613341
glycosylation_n	esm2	replica	rebuilt	2	init_0	6	707	847	609	238	0.280991735537	0.0202757784575	-0.0361302937016	0.0564060721591	0.00442613834667	8.67361737988e-19	1	1	0.00442613834667
glycosylation_n	esm2	replica	rebuilt	2	init_0	7	707	764	609	155	0.202879581152	0.0202757784575	-0.0355386229867	0.0558144014442	0.00895217607026	0	1	1	0.00895217607026
glycosylation_n	esm2	replica	rebuilt	2	init_0	8	707	691	609	82	0.118668596237	0.0202757784575	0.00634767309484	0.0139281053627	0.0186229497459	0	1	1	0.0186229497459
glycosylation_n	esm2	replica	rebuilt	2	init_0	9	707	639	609	30	0.0469483568075	0.0202757784575	0.0105139085337	0.0097618699238	0.0198174747052	0	1	1	0.0198174747052
glycosylation_n	esm2	replica	rebuilt	2	init_0	10	707	609	609	0	0	0.0202757784575		0	0.0202757784575	0	1	1	0.0202757784575
glycosylation_n	esm2	replica	rebuilt	2	init_1	0	707	3540	609	2931	0.827966101695	0.0121817248579	-0.0879548329157	0.100136557774	-0.070727950519	1.38777878078e-17	0	0	-0.070727950519
glycosylation_n	esm2	replica	rebuilt	2	init_1	1	707	3540	609	2931	0.827966101695	0.0121817248579	-0.0879548329157	0.100136557774	-0.070727950519	1.38777878078e-17	0	0	-0.070727950519
glycosylation_n	esm2	replica	rebuilt	2	init_1	2	707	2127	609	1518	0.713681241185	0.0121817248579	-0.0634791740044	0.0756608988623	-0.0418160393513	0	0	0	-0.0418160393513
glycosylation_n	esm2	replica	rebuilt	2	init_1	3	707	1643	609	1034	0.629336579428	0.0121817248579	-0.0376403141834	0.0498220390413	-0.0191731067725	3.46944695195e-18	0	0	-0.0191731067725
glycosylation_n	esm2	replica	rebuilt	2	init_1	4	707	1317	609	708	0.537585421412	0.0121817248579	-0.0434356995022	0.0556174243601	-0.0177173916546	3.46944695195e-18	0	0	-0.0177173916546
glycosylation_n	esm2	replica	rebuilt	2	init_1	5	707	1044	609	435	0.416666666667	0.0121817248579	-0.0133216277293	0.0255033525872	0.00155532794659	8.67361737988e-19	1	1	0.00155532794659
glycosylation_n	esm2	replica	rebuilt	2	init_1	6	707	847	609	238	0.280991735537	0.0121817248579	-0.0130448218892	0.0252265467471	0.00509327370585	8.67361737988e-19	1	1	0.00509327370585
glycosylation_n	esm2	replica	rebuilt	2	init_1	7	707	764	609	155	0.202879581152	0.0121817248579	0.00671624766163	0.00546547719629	0.0110728911335	3.46944695195e-18	1	1	0.0110728911335
glycosylation_n	esm2	replica	rebuilt	2	init_1	8	707	691	609	82	0.118668596237	0.0121817248579	0.00698589022665	0.00519583463127	0.0115651424559	3.46944695195e-18	1	1	0.0115651424559
glycosylation_n	esm2	replica	rebuilt	2	init_1	9	707	639	609	30	0.0469483568075	0.0121817248579	0.0183404054691	0.0061586806112	0.0124708647927	1.73472347598e-18	1	1	0.0118925849231
glycosylation_n	esm2	replica	rebuilt	2	init_1	10	707	609	609	0	0	0.0121817248579		0	0.0121817248579	0	1	1	0.0121817248579
