protein	degree	n_eligible	excluded
9606.ENSP00000000412	4	9929	0
9606.ENSP00000001008	21	5955	0
9606.ENSP00000001146	2	10743	0
9606.ENSP00000002125	1	10522	0
9606.ENSP00000002165	1	10744	0
9606.ENSP00000002829	4	10212	0
9606.ENSP00000003084	20	6350	0
9606.ENSP00000003100	1	10743	0
9606.ENSP00000003302	8	7151	0
9606.ENSP00000004982	4	9284	0
9606.ENSP00000005178	4	9458	0
9606.ENSP00000005226	10	10548	0
9606.ENSP00000005257	10	8971	0
9606.ENSP00000005260	1	9932	0
9606.ENSP00000005284	49	9568	0
9606.ENSP00000005340	36	7544	0
9606.ENSP00000005386	13	7252	0
9606.ENSP00000005587	4	9714	0
9606.ENSP00000006015	1	9984	0
9606.ENSP00000006053	27	8615	0
9606.ENSP00000006275	15	10658	0
9606.ENSP00000008391	2	10287	0
9606.ENSP00000008527	12	8856	0
9606.ENSP00000008938	2	9092	0
9606.ENSP00000009041	2	10722	0
9606.ENSP00000009105	1	9648	0
9606.ENSP00000009530	21	7541	0
9606.ENSP00000011292	2	10743	0
9606.ENSP00000011619	10	9891	0
9606.ENSP00000011653	42	7517	0
9606.ENSP00000012443	26	7035	0
9606.ENSP00000013125	2	9408	0
9606.ENSP00000013807	35	7667	0
9606.ENSP00000014930	1	10726	0
9606.ENSP00000016171	11	10481	0
9606.ENSP00000017003	2	9444	0
9606.ENSP00000019103	6	9236	0
9606.ENSP00000020945	3	9205	0
9606.ENSP00000023064	2	10672	0
9606.ENSP00000023939	1	10744	0
9606.ENSP00000025008	23	6460	0
9606.ENSP00000025301	1	10475	0
9606.ENSP00000026218	6	10723	0
9606.ENSP00000027335	16	7419	0
9606.ENSP00000037243	39	7995	0
9606.ENSP00000037502	4	10447	0
9606.ENSP00000040738	6	8964	0
9606.ENSP00000043402	7	10088	0
9606.ENSP00000044462	52	7506	0
9606.ENSP00000046794	32	7031	0
9606.ENSP00000052754	48	6563	0
9606.ENSP00000053243	3	10445	0
9606.ENSP00000053468	98	9178	0
9606.ENSP00000053469	2	10743	0
9606.ENSP00000053867	2	10306	0
9606.ENSP00000054666	37	9380	0
9606.ENSP00000054668	1	10744	0
9606.ENSP00000054950	1	10420	0
9606.ENSP00000055077	15	8532	0
9606.ENSP00000055335	8	10138	0
9606.ENSP00000056233	1	10648	0
9606.ENSP00000064724	4	9683	0
9606.ENSP00000070846	8	9538	0
9606.ENSP00000074304	2	10471	0
9606.ENSP00000078429	10	9481	0
9606.ENSP00000078445	16	7814	0
9606.ENSP00000080059	9	7697	0
9606.ENSP00000081029	100	9315	0
9606.ENSP00000083182	19	8063	0
9606.ENSP00000085219	7	9504	0
9606.ENSP00000155840	23	9465	0
9606.ENSP00000155926	1	9982	0
9606.ENSP00000156084	4	7924	0
9606.ENSP00000156109	50	8460	0
9606.ENSP00000156471	79	8607	0
9606.ENSP00000157600	1	10708	0
9606.ENSP00000157812	45	7586	0
9606.ENSP00000158771	14	9488	0
9606.ENSP00000159060	11	9882	0
9606.ENSP00000159111	2	8127	0
9606.ENSP00000160262	7	9585	0
9606.ENSP00000160373	23	8623	0
9606.ENSP00000160382	44	7565	0
9606.ENSP00000161559	6	9423	0
9606.ENSP00000161863	2	10549	0
9606.ENSP00000162749	49	6294	0
9606.ENSP00000163416	1	10710	0
9606.ENSP00000164133	13	9055	0
9606.ENSP00000164139	3	10735	0
9606.ENSP00000164227	10	7531	0
9606.ENSP00000165524	1	10744	0
9606.ENSP00000166139	3	10394	0
9606.ENSP00000166244	4	10617	0
9606.ENSP00000166345	5	9887	0
9606.ENSP00000167106	3	10265	0
9606.ENSP00000167586	1	10736	0
9606.ENSP00000167588	1	10744	0
9606.ENSP00000168216	27	7589	0
9606.ENSP00000168712	14	8621	0
9606.ENSP00000169298	1	10744	0
9606.ENSP00000169551	11	10263	0
9606.ENSP00000170168	2	10743	0
9606.ENSP00000172229	32	6733	0
9606.ENSP00000173229	9	10382	0
9606.ENSP00000173898	2	9950	0
9606.ENSP00000174618	2	9466	0
9606.ENSP00000175091	2	10599	0
9606.ENSP00000175756	2	8084	0
9606.ENSP00000176183	2	10435	0
9606.ENSP00000176195	5	9236	0
9606.ENSP00000177694	4	9669	0
9606.ENSP00000177742	96	9762	0
9606.ENSP00000178640	3	10535	0
9606.ENSP00000179259	4	10678	0
9606.ENSP00000180166	14	8571	0
9606.ENSP00000180173	1	10744	0
9606.ENSP00000181383	2	10210	0
9606.ENSP00000181839	9	9415	0
9606.ENSP00000184183	2	10685	0
9606.ENSP00000184266	70	10160	0
9606.ENSP00000185150	10	9924	0
9606.ENSP00000185206	16	9298	0
9606.ENSP00000188312	6	9119	0
9606.ENSP00000188790	1	10728	0
9606.ENSP00000193322	1	10744	0
9606.ENSP00000194214	16	10469	0
9606.ENSP00000194530	4	10261	0
9606.ENSP00000196061	5	10704	0
9606.ENSP00000196371	2	10743	0
9606.ENSP00000198536	8	9578	0
9606.ENSP00000198767	19	9017	0
9606.ENSP00000198801	2	10738	0
9606.ENSP00000199280	1	10599	0
9606.ENSP00000199320	67	7688	0
9606.ENSP00000199447	4	10727	0
9606.ENSP00000199708	6	9885	0
9606.ENSP00000199764	2	10602	0
9606.ENSP00000199814	94	8322	0
9606.ENSP00000199936	8	10700	0
9606.ENSP00000200135	13	9862	0
9606.ENSP00000200181	35	7130	0
9606.ENSP00000200453	12	8142	0
9606.ENSP00000200457	3	9371	0
9606.ENSP00000200557	1	10635	0
9606.ENSP00000200676	25	8797	0
9606.ENSP00000201031	5	9019	0
9606.ENSP00000201586	1	10691	0
9606.ENSP00000202017	13	8796	0
9606.ENSP00000202556	4	7889	0
9606.ENSP00000202677	1	10744	0
9606.ENSP00000202967	2	9825	0
9606.ENSP00000203001	2	10741	0
9606.ENSP00000203407	69	10160	0
9606.ENSP00000203629	12	8552	0
9606.ENSP00000203664	5	7369	0
9606.ENSP00000204517	1	10282	0
9606.ENSP00000204549	23	9227	0
9606.ENSP00000204604	3	10527	0
9606.ENSP00000204679	1	10744	0
9606.ENSP00000204726	1	10665	0
9606.ENSP00000204961	17	9651	0
9606.ENSP00000205061	3	10102	0
9606.ENSP00000205143	6	9809	0
9606.ENSP00000205214	3	10088	0
9606.ENSP00000205402	17	10555	0
9606.ENSP00000205948	30	8019	0
9606.ENSP00000206474	8	10678	0
9606.ENSP00000206542	5	10502	0
9606.ENSP00000206765	3	10727	0
9606.ENSP00000207457	34	10235	0
9606.ENSP00000207549	2	10601	0
9606.ENSP00000209668	2	10743	0
9606.ENSP00000209728	24	8064	0
9606.ENSP00000209873	30	9509	0
9606.ENSP00000209875	32	8024	0
9606.ENSP00000209884	34	8734	0
9606.ENSP00000210060	2	10096	0
9606.ENSP00000210187	4	10175	0
9606.ENSP00000210313	22	7819	0
9606.ENSP00000210444	1	10744	0
9606.ENSP00000211076	2	10661	0
9606.ENSP00000211122	2	10741	0
9606.ENSP00000211287	5	10102	0
9606.ENSP00000211998	53	5511	0
9606.ENSP00000212015	41	6027	0
9606.ENSP00000212355	10	8800	0
9606.ENSP00000215057	2	10742	0
9606.ENSP00000215071	48	7474	0
9606.ENSP00000215095	11	10240	0
9606.ENSP00000215368	10	10012	0
9606.ENSP00000215375	32	10054	0
9606.ENSP00000215530	12	8621	0
9606.ENSP00000215565	72	9843	0
9606.ENSP00000215567	11	10683	0
9606.ENSP00000215570	4	10706	0
9606.ENSP00000215574	11	7459	0
9606.ENSP00000215631	5	10106	0
9606.ENSP00000215637	7	9485	0
9606.ENSP00000215659	7	9386	0
9606.ENSP00000215727	1	10637	0
9606.ENSP00000215730	38	9494	0
9606.ENSP00000215754	6	8385	0
9606.ENSP00000215781	4	10430	0
9606.ENSP00000215793	89	8127	0
9606.ENSP00000215794	5	9528	0
9606.ENSP00000215829	164	7240	0
9606.ENSP00000215832	35	5013	0
9606.ENSP00000215838	2	9265	0
9606.ENSP00000215904	2	10743	0
9606.ENSP00000215909	3	9545	0
9606.ENSP00000215957	3	9401	0
9606.ENSP00000215980	36	8520	0
9606.ENSP00000216024	5	8526	0
9606.ENSP00000216027	3	10072	0
9606.ENSP00000216034	24	9675	0
9606.ENSP00000216037	93	6851	0
9606.ENSP00000216038	6	10677	0
9606.ENSP00000216044	23	9152	0
9606.ENSP00000216106	9	9367	0
9606.ENSP00000216115	6	9612	0
9606.ENSP00000216117	2	10659	0
9606.ENSP00000216122	36	8587	0
9606.ENSP00000216124	2	10743	0
9606.ENSP00000216127	2	8921	0
9606.ENSP00000216133	71	7279	0
9606.ENSP00000216160	17	7208	0
9606.ENSP00000216180	8	10640	0
9606.ENSP00000216181	44	8199	0
9606.ENSP00000216185	4	9933	0
9606.ENSP00000216190	58	7314	0
9606.ENSP00000216211	3	10742	0
9606.ENSP00000216218	6	7464	0
9606.ENSP00000216223	13	7945	0
9606.ENSP00000216225	180	5949	0
9606.ENSP00000216237	12	8558	0
9606.ENSP00000216252	109	7880	0
9606.ENSP00000216254	1	10741	0
9606.ENSP00000216259	1	10744	0
9606.ENSP00000216271	1	10042	0
9606.ENSP00000216274	15	8537	0
9606.ENSP00000216277	33	9085	0
9606.ENSP00000216286	6	10282	0
9606.ENSP00000216294	8	9699	0
9606.ENSP00000216297	57	7849	0
9606.ENSP00000216330	4	7826	0
9606.ENSP00000216336	11	9857	0
9606.ENSP00000216341	7	8499	0
9606.ENSP00000216361	1	10744	0
9606.ENSP00000216366	22	10056	0
9606.ENSP00000216367	37	8500	0
9606.ENSP00000216373	9	7682	0
9606.ENSP00000216392	3	10735	0
9606.ENSP00000216410	1	10744	0
9606.ENSP00000216416	3	10252	0
9606.ENSP00000216442	36	10557	0
9606.ENSP00000216452	6	10723	0
9606.ENSP00000216455	50	7528	0
9606.ENSP00000216479	6	7680	0
9606.ENSP00000216484	7	10726	0
9606.ENSP00000216487	2	9630	0
9606.ENSP00000216492	2	10722	0
9606.ENSP00000216513	1	10499	0
9606.ENSP00000216540	2	7909	0
9606.ENSP00000216554	27	8648	0
9606.ENSP00000216629	4	9949	0
9606.ENSP00000216639	29	8410	0
9606.ENSP00000216714	43	6570	0
9606.ENSP00000216727	22	9298	0
9606.ENSP00000216756	1	10744	0
9606.ENSP00000216780	1	10736	0
9606.ENSP00000216797	28	6120	0
9606.ENSP00000216802	21	10085	0
9606.ENSP00000216807	15	8705	0
9606.ENSP00000216832	10	9655	0
9606.ENSP00000216911	22	6247	0
9606.ENSP00000216962	3	10735	0
9606.ENSP00000216968	8	10130	0
9606.ENSP00000217026	6	9542	0
9606.ENSP00000217086	15	8782	0
9606.ENSP00000217109	10	8480	0
9606.ENSP00000217121	1	10744	0
9606.ENSP00000217133	10	9724	0
9606.ENSP00000217169	10	7758	0
9606.ENSP00000217173	1	9768	0
9606.ENSP00000217182	8	9465	0
9606.ENSP00000217244	38	7571	0
9606.ENSP00000217260	3	10722	0
9606.ENSP00000217270	2	10743	0
9606.ENSP00000217372	2	10525	0
9606.ENSP00000217381	18	9385	0
9606.ENSP00000217386	3	10506	0
9606.ENSP00000217402	32	9579	0
9606.ENSP00000217407	4	9644	0
9606.ENSP00000217420	12	8990	0
9606.ENSP00000217426	2	10711	0
9606.ENSP00000217446	4	10741	0
9606.ENSP00000217455	2	10535	0
9606.ENSP00000217515	2	10023	0
9606.ENSP00000217740	7	9363	0
9606.ENSP00000217901	4	10738	0
9606.ENSP00000217958	24	8294	0
9606.ENSP00000217971	5	9968	0
9606.ENSP00000218004	6	10392	0
9606.ENSP00000218006	1	10744	0
9606.ENSP00000218008	10	9865	0
9606.ENSP00000218089	16	8504	0
9606.ENSP00000218099	8	9518	0
9606.ENSP00000218104	5	10475	0
9606.ENSP00000218176	1	10727	0
9606.ENSP00000218316	2	10543	0
9606.ENSP00000218340	2	10735	0
9606.ENSP00000218348	2	9156	0
9606.ENSP00000218388	9	9186	0
9606.ENSP00000218516	1	10744	0
9606.ENSP00000218548	18	10284	0
9606.ENSP00000218721	1	10744	0
9606.ENSP00000218758	1	10664	0
9606.ENSP00000218867	8	9617	0
9606.ENSP00000219022	1	10390	0
9606.ENSP00000219066	2	9699	0
9606.ENSP00000219070	15	7823	0
9606.ENSP00000219097	18	9542	0
9606.ENSP00000219169	2	10297	0
9606.ENSP00000219197	4	10563	0
9606.ENSP00000219204	1	10739	0
9606.ENSP00000219235	20	9894	0
9606.ENSP00000219244	25	9882	0
9606.ENSP00000219252	140	7074	0
9606.ENSP00000219255	14	8603	0
9606.ENSP00000219281	2	9738	0
9606.ENSP00000219302	9	10133	0
9606.ENSP00000219313	43	7607	0
9606.ENSP00000219315	1	8929	0
9606.ENSP00000219334	6	10735	0
9606.ENSP00000219345	4	10740	0
9606.ENSP00000219400	2	10198	0
9606.ENSP00000219409	9	8862	0
9606.ENSP00000219476	15	8155	0
9606.ENSP00000219479	9	10133	0
9606.ENSP00000219481	1	10535	0
9606.ENSP00000219548	40	5612	0
9606.ENSP00000219596	11	9178	0
9606.ENSP00000219782	1	10433	0
9606.ENSP00000219833	1	10505	0
9606.ENSP00000219905	32	7953	0
9606.ENSP00000219919	1	10744	0
9606.ENSP00000220003	12	7114	0
9606.ENSP00000220166	1	10733	0
9606.ENSP00000220325	1	10691	0
9606.ENSP00000220420	1	10737	0
9606.ENSP00000220429	13	9235	0
9606.ENSP00000220478	2	10734	0
9606.ENSP00000220507	4	9915	0
9606.ENSP00000220509	9	10533	0
9606.ENSP00000220514	5	10104	0
9606.ENSP00000220562	2	10743	0
9606.ENSP00000220592	69	5731	0
9606.ENSP00000220597	2	9884	0
9606.ENSP00000220616	4	10384	0
9606.ENSP00000220659	9	9718	0
9606.ENSP00000220669	1	9768	0
9606.ENSP00000220751	12	8071	0
9606.ENSP00000220764	1	10663	0
9606.ENSP00000220772	4	10396	0
9606.ENSP00000220809	9	8650	0
9606.ENSP00000220812	6	10246	0
9606.ENSP00000220849	60	7034	0
9606.ENSP00000220853	11	10539	0
9606.ENSP00000220913	20	9147	0
9606.ENSP00000220966	5	10729	0
9606.ENSP00000221086	3	10742	0
9606.ENSP00000221114	18	8745	0
9606.ENSP00000221130	9	10678	0
9606.ENSP00000221132	17	8740	0
9606.ENSP00000221138	47	8126	0
9606.ENSP00000221166	5	10636	0
9606.ENSP00000221233	23	9517	0
9606.ENSP00000221265	85	7312	0
9606.ENSP00000221307	1	10744	0
9606.ENSP00000221403	1	10736	0
9606.ENSP00000221418	1	10535	0
9606.ENSP00000221419	9	9125	0
9606.ENSP00000221452	11	7808	0
9606.ENSP00000221455	4	10394	0
9606.ENSP00000221459	4	10142	0
9606.ENSP00000221476	3	9540	0
9606.ENSP00000221480	2	10718	0
9606.ENSP00000221485	10	9540	0
9606.ENSP00000221486	2	10681	0
9606.ENSP00000221494	103	8039	0
9606.ENSP00000221496	1	10681	0
9606.ENSP00000221515	3	9466	0
9606.ENSP00000221543	4	9856	0
9606.ENSP00000221561	5	10198	0
9606.ENSP00000221566	11	7051	0
9606.ENSP00000221573	5	9722	0
9606.ENSP00000221700	1	10744	0
9606.ENSP00000221742	1	10744	0
9606.ENSP00000221801	76	7483	0
9606.ENSP00000221804	3	9306	0
9606.ENSP00000221847	7	9161	0
9606.ENSP00000221859	134	7099	0
9606.ENSP00000221891	2	10525	0
9606.ENSP00000221922	10	9875	0
9606.ENSP00000221930	33	6801	0
9606.ENSP00000221957	7	8894	0
9606.ENSP00000221972	17	8582	0
9606.ENSP00000221973	12	10640	0
9606.ENSP00000221980	2	10237	0
9606.ENSP00000221992	2	10470	0
9606.ENSP00000221996	2	10442	0
9606.ENSP00000222002	2	10691	0
9606.ENSP00000222005	43	5103	0
9606.ENSP00000222008	3	9924	0
9606.ENSP00000222139	23	8136	0
9606.ENSP00000222145	2	10584	0
9606.ENSP00000222219	1	10744	0
9606.ENSP00000222247	145	6689	0
9606.ENSP00000222254	27	7611	0
9606.ENSP00000222256	22	8330	0
9606.ENSP00000222271	5	9598	0
9606.ENSP00000222284	47	9336	0
9606.ENSP00000222286	1	10120	0
9606.ENSP00000222305	5	7820	0
9606.ENSP00000222330	10	7131	0
9606.ENSP00000222374	1	10719	0
9606.ENSP00000222381	26	8797	0
9606.ENSP00000222390	10	7587	0
9606.ENSP00000222399	11	9804	0
9606.ENSP00000222402	8	7917	0
9606.ENSP00000222462	4	10595	0
9606.ENSP00000222481	2	10743	0
9606.ENSP00000222482	1	10744	0
9606.ENSP00000222511	48	10039	0
9606.ENSP00000222547	24	10264	0
9606.ENSP00000222567	14	9571	0
9606.ENSP00000222573	27	7464	0
9606.ENSP00000222574	1	9672	0
9606.ENSP00000222644	1	10479	0
9606.ENSP00000222674	3	10510	0
9606.ENSP00000222693	12	6423	0
9606.ENSP00000222725	2	10743	0
9606.ENSP00000222726	11	10551	0
9606.ENSP00000222728	11	10551	0
9606.ENSP00000222747	3	10406	0
9606.ENSP00000222812	39	9168	0
9606.ENSP00000222823	9	7641	0
9606.ENSP00000222982	3	10716	0
9606.ENSP00000222990	1	10410	0
9606.ENSP00000223023	55	6048	0
9606.ENSP00000223029	11	10191	0
9606.ENSP00000223061	2	10721	0
9606.ENSP00000223095	7	9638	0
9606.ENSP00000223114	4	10733	0
9606.ENSP00000223127	13	10633	0
9606.ENSP00000223129	32	7878	0
9606.ENSP00000223136	11	9307	0
9606.ENSP00000223321	50	7535	0
9606.ENSP00000223324	111	8959	0
9606.ENSP00000223364	3	10373	0
9606.ENSP00000223366	11	10678	0
9606.ENSP00000223369	23	9998	0
9606.ENSP00000223398	1	10724	0
9606.ENSP00000223500	16	10511	0
9606.ENSP00000223641	109	7312	0
9606.ENSP00000223642	25	8377	0
9606.ENSP00000223795	4	10124	0
9606.ENSP00000223862	5	10487	0
9606.ENSP00000223864	1	10210	0
9606.ENSP00000224073	36	7455	0
9606.ENSP00000224140	2	9077	0
9606.ENSP00000224337	20	7769	0
9606.ENSP00000224356	2	10743	0
9606.ENSP00000224721	5	10385	0
9606.ENSP00000224784	12	9918	0
9606.ENSP00000224862	2	9334	0
9606.ENSP00000224950	33	8329	0
9606.ENSP00000225174	30	6346	0
9606.ENSP00000225275	19	8047	0
9606.ENSP00000225296	13	9285	0
9606.ENSP00000225298	74	7639	0
9606.ENSP00000225328	10	10246	0
9606.ENSP00000225371	2	10740	0
9606.ENSP00000225388	30	8615	0
9606.ENSP00000225430	143	6689	0
9606.ENSP00000225474	24	8658	0
9606.ENSP00000225504	80	7562	0
9606.ENSP00000225512	11	7839	0
9606.ENSP00000225519	1	10631	0
9606.ENSP00000225525	2	8088	0
9606.ENSP00000225538	10	10246	0
9606.ENSP00000225577	7	8826	0
9606.ENSP00000225655	19	7925	0
9606.ENSP00000225688	7	9525	0
9606.ENSP00000225698	7	9286	0
9606.ENSP00000225724	19	10283	0
9606.ENSP00000225726	48	9336	0
9606.ENSP00000225728	96	7673	0
9606.ENSP00000225729	1	10743	0
9606.ENSP00000225737	7	10194	0
9606.ENSP00000225792	66	5699	0
9606.ENSP00000225823	4	10605	0
9606.ENSP00000225831	37	9324	0
9606.ENSP00000225842	14	9366	0
9606.ENSP00000225844	26	9810	0
9606.ENSP00000225916	65	6237	0
9606.ENSP00000225927	3	10679	0
9606.ENSP00000225929	7	10700	0
9606.ENSP00000225941	12	10021	0
9606.ENSP00000225964	17	8807	0
9606.ENSP00000225969	113	8941	0
9606.ENSP00000225983	8	8403	0
9606.ENSP00000226004	4	10688	0
9606.ENSP00000226021	37	9747	0
9606.ENSP00000226091	13	9337	0
9606.ENSP00000226105	1	10329	0
9606.ENSP00000226193	1	10638	0
9606.ENSP00000226207	17	10259	0
9606.ENSP00000226218	39	7589	0
9606.ENSP00000226225	37	8737	0
9606.ENSP00000226230	2	10599	0
9606.ENSP00000226279	4	8760	0
9606.ENSP00000226284	5	9967	0
9606.ENSP00000226299	1	10632	0
9606.ENSP00000226317	18	9815	0
9606.ENSP00000226319	5	9224	0
9606.ENSP00000226413	2	10743	0
9606.ENSP00000226444	3	9696	0
9606.ENSP00000226524	19	9961	0
9606.ENSP00000226574	36	5565	0
9606.ENSP00000226730	25	8569	0
9606.ENSP00000226760	1	10696	0
9606.ENSP00000226796	29	8457	0
9606.ENSP00000226798	40	8769	0
9606.ENSP00000227155	12	9401	0
9606.ENSP00000227163	24	7565	0
9606.ENSP00000227266	1	10741	0
9606.ENSP00000227322	1	8401	0
9606.ENSP00000227348	2	10549	0
9606.ENSP00000227451	1	10610	0
9606.ENSP00000227471	4	10275	0
9606.ENSP00000227507	28	6032	0
9606.ENSP00000227524	84	7232	0
9606.ENSP00000227638	2	10682	0
9606.ENSP00000227667	29	8503	0
9606.ENSP00000227752	9	8927	0
9606.ENSP00000227868	8	10684	0
9606.ENSP00000228027	4	10579	0
9606.ENSP00000228251	5	8152	0
9606.ENSP00000228318	7	9506	0
9606.ENSP00000228347	21	9393	0
9606.ENSP00000228434	1	10543	0
9606.ENSP00000228437	2	9547	0
9606.ENSP00000228438	1	10741	0
9606.ENSP00000228463	12	8670	0
9606.ENSP00000228468	1	10732	0
9606.ENSP00000228476	3	10602	0
9606.ENSP00000228495	36	8756	0
9606.ENSP00000228506	12	10581	0
9606.ENSP00000228534	4	9859	0
9606.ENSP00000228641	5	9860	0
9606.ENSP00000228644	2	10441	0
9606.ENSP00000228682	11	7484	0
9606.ENSP00000228799	9	10538	0
9606.ENSP00000228825	20	8638	0
9606.ENSP00000228837	14	8609	0
9606.ENSP00000228841	7	9743	0
9606.ENSP00000228843	4	9383	0
9606.ENSP00000228850	1	10743	0
9606.ENSP00000228872	60	6342	0
9606.ENSP00000228918	10	9125	0
9606.ENSP00000228928	2	10729	0
9606.ENSP00000228938	2	10424	0
9606.ENSP00000228945	9	8772	0
9606.ENSP00000229030	11	10205	0
9606.ENSP00000229134	2	10638	0
9606.ENSP00000229135	10	9399	0
9606.ENSP00000229179	30	9697	0
9606.ENSP00000229195	13	10546	0
9606.ENSP00000229214	75	7701	0
9606.ENSP00000229238	102	9707	0
9606.ENSP00000229264	27	9539	0
9606.ENSP00000229266	1	10744	0
9606.ENSP00000229268	6	7646	0
9606.ENSP00000229270	5	9809	0
9606.ENSP00000229281	1	10744	0
9606.ENSP00000229304	1	10721	0
9606.ENSP00000229307	23	6508	0
9606.ENSP00000229330	13	8505	0
9606.ENSP00000229340	8	10284	0
9606.ENSP00000229379	27	10407	0
9606.ENSP00000229390	18	9114	0
9606.ENSP00000229395	9	10328	0
9606.ENSP00000229402	4	10485	0
9606.ENSP00000229554	2	10743	0
9606.ENSP00000229595	40	8278	0
9606.ENSP00000229708	4	10253	0
9606.ENSP00000229729	2	10536	0
9606.ENSP00000229758	18	8832	0
9606.ENSP00000229769	19	7609	0
9606.ENSP00000229795	16	8728	0
9606.ENSP00000229812	2	10724	0
9606.ENSP00000229829	16	9232	0
9606.ENSP00000229922	2	10331	0
9606.ENSP00000230048	1	10741	0
9606.ENSP00000230050	198	6649	0
9606.ENSP00000230053	1	10744	0
9606.ENSP00000230056	3	10131	0
9606.ENSP00000230085	8	9981	0
9606.ENSP00000230124	3	10610	0
9606.ENSP00000230340	91	7308	0
9606.ENSP00000230354	135	6229	0
9606.ENSP00000230361	2	10743	0
9606.ENSP00000230381	1	10744	0
9606.ENSP00000230449	18	9348	0
9606.ENSP00000230461	11	10733	0
9606.ENSP00000230538	10	9806	0
9606.ENSP00000230588	7	10155	0
9606.ENSP00000230640	63	7994	0
9606.ENSP00000230658	4	10454	0
9606.ENSP00000230792	4	10596	0
9606.ENSP00000230990	10	7706	0
9606.ENSP00000231004	1	9617	0
9606.ENSP00000231009	1	10666	0
9606.ENSP00000231021	2	10421	0
9606.ENSP00000231061	8	9149	0
9606.ENSP00000231228	5	9859	0
9606.ENSP00000231238	1	9118	0
9606.ENSP00000231368	1	10682	0
9606.ENSP00000231420	6	10600	0
9606.ENSP00000231449	15	9006	0
9606.ENSP00000231454	10	9621	0
9606.ENSP00000231487	105	5639	0
9606.ENSP00000231498	33	9140	0
9606.ENSP00000231509	39	5027	0
9606.ENSP00000231524	5	7913	0
9606.ENSP00000231572	19	9028	0
9606.ENSP00000231668	34	9033	0
9606.ENSP00000231721	1	10331	0
9606.ENSP00000231751	20	8719	0
9606.ENSP00000231790	18	8319	0
9606.ENSP00000231887	8	10182	0
9606.ENSP00000231948	36	7691	0
9606.ENSP00000232003	2	10047	0
9606.ENSP00000232375	3	10731	0
9606.ENSP00000232424	16	8866	0
9606.ENSP00000232461	8	9706	0
9606.ENSP00000232501	20	10131	0
9606.ENSP00000232564	30	9499	0
9606.ENSP00000232744	1	10220	0
9606.ENSP00000232888	84	7563	0
9606.ENSP00000232905	14	9159	0
9606.ENSP00000232975	10	10070	0
9606.ENSP00000233025	4	10741	0
9606.ENSP00000233027	1	10682	0
9606.ENSP00000233057	11	7511	0
9606.ENSP00000233078	4	10738	0
9606.ENSP00000233121	8	9611	0
9606.ENSP00000233146	36	7640	0
9606.ENSP00000233154	24	8387	0
9606.ENSP00000233156	3	10336	0
9606.ENSP00000233202	1	10738	0
9606.ENSP00000233242	43	7769	0
9606.ENSP00000233331	48	7301	0
9606.ENSP00000233336	5	10179	0
9606.ENSP00000233468	97	7891	0
9606.ENSP00000233575	4	10170	0
9606.ENSP00000233615	2	9266	0
9606.ENSP00000233627	75	9843	0
9606.ENSP00000233630	34	8138	0
9606.ENSP00000233668	4	9762	0
9606.ENSP00000233710	6	10665	0
9606.ENSP00000233809	5	9928	0
9606.ENSP00000233813	6	9777	0
9606.ENSP00000233826	4	10524	0
9606.ENSP00000233893	3	9930	0
9606.ENSP00000233948	5	10574	0
9606.ENSP00000233954	5	9888	0
9606.ENSP00000233997	2	10326	0
9606.ENSP00000234038	5	10141	0
9606.ENSP00000234071	8	9531	0
9606.ENSP00000234091	4	10302	0
9606.ENSP00000234111	4	10473	0
9606.ENSP00000234160	3	10603	0
9606.ENSP00000234170	2	10032	0
9606.ENSP00000234198	1	10242	0
9606.ENSP00000234256	1	10248	0
9606.ENSP00000234296	23	8623	0
9606.ENSP00000234310	26	8769	0
9606.ENSP00000234347	10	9958	0
9606.ENSP00000234371	1	10744	0
9606.ENSP00000234389	22	9645	0
9606.ENSP00000234396	33	10571	0
9606.ENSP00000234420	34	7746	0
9606.ENSP00000234453	1	10530	0
9606.ENSP00000234454	1	10742	0
9606.ENSP00000234701	2	10743	0
9606.ENSP00000234739	30	7490	0
9606.ENSP00000234816	1	10441	0
9606.ENSP00000234831	1	10383	0
9606.ENSP00000234961	5	9925	0
9606.ENSP00000235090	29	7770	0
9606.ENSP00000235310	31	8594	0
9606.ENSP00000235347	1	10744	0
9606.ENSP00000235382	2	10127	0
9606.ENSP00000235521	1	10723	0
9606.ENSP00000235628	11	10669	0
9606.ENSP00000235835	1	10744	0
9606.ENSP00000236040	2	10591	0
9606.ENSP00000236137	2	10743	0
9606.ENSP00000236192	29	10047	0
9606.ENSP00000236273	59	8772	0
9606.ENSP00000236671	4	9858	0
9606.ENSP00000236826	1	10466	0
9606.ENSP00000236850	47	7815	0
9606.ENSP00000236877	2	10735	0
9606.ENSP00000236959	5	10302	0
9606.ENSP00000237014	9	8706	0
9606.ENSP00000237172	1	9680	0
9606.ENSP00000237264	4	9568	0
9606.ENSP00000237281	1	9553	0
9606.ENSP00000237283	1	10744	0
9606.ENSP00000237380	98	7539	0
9606.ENSP00000237530	20	9888	0
9606.ENSP00000237596	8	9985	0
9606.ENSP00000237642	1	10407	0
9606.ENSP00000237837	6	9828	0
9606.ENSP00000237853	36	8207	0
9606.ENSP00000238112	28	9129	0
9606.ENSP00000238156	1	10167	0
9606.ENSP00000238497	11	10441	0
9606.ENSP00000238616	5	10485	0
9606.ENSP00000238628	7	10667	0
9606.ENSP00000238647	1	10738	0
9606.ENSP00000238651	10	10547	0
9606.ENSP00000238682	10	9246	0
9606.ENSP00000238714	8	9780	0
9606.ENSP00000238721	1	10744	0
9606.ENSP00000238738	8	9669	0
9606.ENSP00000238823	6	10212	0
9606.ENSP00000238855	32	9322	0
9606.ENSP00000238892	38	8247	0
9606.ENSP00000238994	13	10139	0
9606.ENSP00000239032	1	10744	0
9606.ENSP00000239144	1	10594	0
9606.ENSP00000239151	11	10551	0
9606.ENSP00000239165	14	9515	0
9606.ENSP00000239223	3	9655	0
9606.ENSP00000239231	2	10743	0
9606.ENSP00000239243	4	10035	0
9606.ENSP00000239347	1	10389	0
9606.ENSP00000239440	2	9496	0
9606.ENSP00000239666	22	8750	0
9606.ENSP00000239926	2	10400	0
9606.ENSP00000239938	10	8807	0
9606.ENSP00000239940	4	8596	0
9606.ENSP00000240055	4	8516	0
9606.ENSP00000240079	8	10298	0
9606.ENSP00000240093	14	10193	0
9606.ENSP00000240100	1	10093	0
9606.ENSP00000240123	6	9244	0
9606.ENSP00000240185	20	7824	0
9606.ENSP00000240285	3	10738	0
9606.ENSP00000240316	4	9593	0
9606.ENSP00000240361	1	10696	0
9606.ENSP00000240423	5	10716	0
9606.ENSP00000240488	2	9942	0
9606.ENSP00000240618	21	8361	0
9606.ENSP00000240652	13	8161	0
9606.ENSP00000240851	5	9862	0
9606.ENSP00000240874	4	9760	0
9606.ENSP00000240922	8	10605	0
9606.ENSP00000241014	12	7231	0
9606.ENSP00000241041	2	10512	0
9606.ENSP00000241052	3	10527	0
9606.ENSP00000241125	7	9927	0
9606.ENSP00000241256	5	9295	0
9606.ENSP00000241261	16	8643	0
9606.ENSP00000241337	4	10696	0
9606.ENSP00000241356	1	10537	0
9606.ENSP00000241416	26	9305	0
9606.ENSP00000241436	2	9795	0
9606.ENSP00000241453	6	8482	0
9606.ENSP00000241502	11	9789	0
9606.ENSP00000241651	4	10148	0
9606.ENSP00000242057	9	7826	0
9606.ENSP00000242067	8	10518	0
9606.ENSP00000242140	5	9089	0
9606.ENSP00000242159	11	10551	0
9606.ENSP00000242208	8	10091	0
9606.ENSP00000242249	14	9108	0
9606.ENSP00000242257	59	9993	0
9606.ENSP00000242261	11	6665	0
9606.ENSP00000242285	25	9083	0
9606.ENSP00000242351	3	9835	0
9606.ENSP00000242465	3	9602	0
9606.ENSP00000242480	10	8128	0
9606.ENSP00000242576	3	9167	0
9606.ENSP00000242591	17	10469	0
9606.ENSP00000242592	6	10693	0
9606.ENSP00000242719	3	9794	0
9606.ENSP00000242728	2	10743	0
9606.ENSP00000242729	15	9620	0
9606.ENSP00000242776	9	10107	0
9606.ENSP00000242784	5	10007	0
9606.ENSP00000242786	2	10427	0
9606.ENSP00000242839	5	10194	0
9606.ENSP00000242848	38	8360	0
9606.ENSP00000243045	1	10730	0
9606.ENSP00000243052	2	10743	0
9606.ENSP00000243077	21	6380	0
9606.ENSP00000243108	11	10551	0
9606.ENSP00000243167	2	10729	0
9606.ENSP00000243253	108	7181	0
9606.ENSP00000243298	4	10417	0
9606.ENSP00000243326	4	8539	0
9606.ENSP00000243344	9	10603	0
9606.ENSP00000243346	5	8421	0
9606.ENSP00000243347	7	8870	0
9606.ENSP00000243349	10	9764	0
9606.ENSP00000243389	2	10728	0
9606.ENSP00000243440	3	9627	0
9606.ENSP00000243457	9	10394	0
9606.ENSP00000243563	54	8675	0
9606.ENSP00000243578	13	10529	0
9606.ENSP00000243611	4	10661	0
9606.ENSP00000243644	3	8948	0
9606.ENSP00000243673	2	9723	0
9606.ENSP00000243706	7	10691	0
9606.ENSP00000243776	2	10743	0
9606.ENSP00000243786	4	10442	0
9606.ENSP00000243903	49	7301	0
9606.ENSP00000243911	2	10307	0
9606.ENSP00000243918	1	10744	0
9606.ENSP00000243924	4	9530	0
9606.ENSP00000243997	21	10491	0
9606.ENSP00000244007	48	6655	0
9606.ENSP00000244020	18	9449	0
9606.ENSP00000244040	3	10145	0
9606.ENSP00000244043	1	10513	0
9606.ENSP00000244050	21	6764	0
9606.ENSP00000244051	2	10741	0
9606.ENSP00000244061	1	10610	0
9606.ENSP00000244174	3	10092	0
9606.ENSP00000244227	42	8975	0
9606.ENSP00000244230	86	7556	0
9606.ENSP00000244241	3	10598	0
9606.ENSP00000244289	3	10461	0
9606.ENSP00000244336	3	9923	0
9606.ENSP00000244426	2	9334	0
9606.ENSP00000244496	2	10032	0
9606.ENSP00000244513	3	10563	0
9606.ENSP00000244519	5	10527	0
9606.ENSP00000244520	53	8715	0
9606.ENSP00000244534	3	10352	0
9606.ENSP00000244537	287	4746	0
9606.ENSP00000244565	3	10518	0
9606.ENSP00000244571	1	10744	0
9606.ENSP00000244573	6	9020	0
9606.ENSP00000244709	3	9754	0
9606.ENSP00000244728	5	10699	0
9606.ENSP00000244745	4	7894	0
9606.ENSP00000244763	14	9921	0
9606.ENSP00000244769	10	8676	0
9606.ENSP00000244869	6	8207	0
9606.ENSP00000245046	11	10539	0
9606.ENSP00000245157	8	10518	0
9606.ENSP00000245206	7	10730	0
9606.ENSP00000245255	8	8812	0
9606.ENSP00000245304	3	10303	0
9606.ENSP00000245414	10	7125	0
9606.ENSP00000245451	14	9931	0
9606.ENSP00000245457	1	10676	0
9606.ENSP00000245479	8	7646	0
9606.ENSP00000245539	98	9178	0
9606.ENSP00000245543	37	8863	0
9606.ENSP00000245544	35	9125	0
9606.ENSP00000245552	11	10669	0
9606.ENSP00000245615	3	10725	0
9606.ENSP00000245620	2	9843	0
9606.ENSP00000245787	4	10433	0
9606.ENSP00000245810	8	10293	0
9606.ENSP00000245816	3	10741	0
9606.ENSP00000245817	6	9467	0
9606.ENSP00000245838	18	9047	0
9606.ENSP00000245907	32	9377	0
9606.ENSP00000245908	9	9065	0
9606.ENSP00000245919	11	8480	0
9606.ENSP00000245923	1	10744	0
9606.ENSP00000245932	28	7734	0
9606.ENSP00000245934	36	8571	0
9606.ENSP00000245960	12	8296	0
9606.ENSP00000245983	2	10743	0
9606.ENSP00000246062	8	9583	0
9606.ENSP00000246069	1	10436	0
9606.ENSP00000246071	117	8099	0
9606.ENSP00000246080	1	10744	0
9606.ENSP00000246112	4	10708	0
9606.ENSP00000246115	2	10384	0
9606.ENSP00000246117	49	9336	0
9606.ENSP00000246166	1	10744	0
9606.ENSP00000246194	3	9938	0
9606.ENSP00000246515	1	10744	0
9606.ENSP00000246529	2	10572	0
9606.ENSP00000246548	5	10035	0
9606.ENSP00000246551	5	8989	0
9606.ENSP00000246553	1	10218	0
9606.ENSP00000246635	1	10744	0
9606.ENSP00000246657	39	8909	0
9606.ENSP00000246662	1	10744	0
9606.ENSP00000246672	4	9179	0
9606.ENSP00000246747	4	10711	0
9606.ENSP00000246792	6	9508	0
9606.ENSP00000246794	1	10125	0
9606.ENSP00000246802	7	9016	0
9606.ENSP00000246841	1	10629	0
9606.ENSP00000246868	2	8473	0
9606.ENSP00000246891	2	10698	0
9606.ENSP00000246895	2	10715	0
9606.ENSP00000246912	2	10519	0
9606.ENSP00000246914	1	10494	0
9606.ENSP00000246957	1	10659	0
9606.ENSP00000247001	22	8795	0
9606.ENSP00000247003	23	9360	0
9606.ENSP00000247005	4	10537	0
9606.ENSP00000247020	23	7603	0
9606.ENSP00000247026	1	10340	0
9606.ENSP00000247153	4	10204	0
9606.ENSP00000247178	21	8038	0
9606.ENSP00000247191	2	10321	0
9606.ENSP00000247219	9	7699	0
9606.ENSP00000247225	5	10109	0
9606.ENSP00000247271	3	10612	0
9606.ENSP00000247461	17	8599	0
9606.ENSP00000247470	21	8850	0
9606.ENSP00000247668	61	5412	0
9606.ENSP00000247815	3	9929	0
9606.ENSP00000247843	38	7369	0
9606.ENSP00000247970	8	7367	0
9606.ENSP00000247977	2	9334	0
9606.ENSP00000247986	4	9681	0
9606.ENSP00000248071	2	8877	0
9606.ENSP00000248076	3	10489	0
9606.ENSP00000248114	2	10675	0
9606.ENSP00000248121	1	10510	0
9606.ENSP00000248139	1	10586	0
9606.ENSP00000248150	12	9635	0
9606.ENSP00000248211	1	10261	0
9606.ENSP00000248244	15	7914	0
9606.ENSP00000248248	4	10710	0
9606.ENSP00000248342	55	7314	0
9606.ENSP00000248437	13	8985	0
9606.ENSP00000248553	21	6015	0
9606.ENSP00000248564	6	9801	0
9606.ENSP00000248572	15	9569	0
9606.ENSP00000248594	8	8684	0
9606.ENSP00000248598	8	9321	0
9606.ENSP00000248633	3	10617	0
9606.ENSP00000248846	18	8058	0
9606.ENSP00000248923	2	10743	0
9606.ENSP00000248948	1	10637	0
9606.ENSP00000248958	26	7491	0
9606.ENSP00000248975	15	8291	0
9606.ENSP00000249016	2	10743	0
9606.ENSP00000249041	3	10465	0
9606.ENSP00000249071	22	8197	0
9606.ENSP00000249075	4	10148	0
9606.ENSP00000249269	9	10375	0
9606.ENSP00000249299	75	8240	0
9606.ENSP00000249344	16	9601	0
9606.ENSP00000249363	2	10742	0
9606.ENSP00000249373	17	7845	0
9606.ENSP00000249396	10	7405	0
9606.ENSP00000249442	12	10063	0
9606.ENSP00000249647	35	9907	0
9606.ENSP00000249700	5	10521	0
9606.ENSP00000249749	6	9809	0
9606.ENSP00000249750	3	10742	0
9606.ENSP00000249776	1	10672	0
9606.ENSP00000249887	11	10317	0
9606.ENSP00000249910	2	9863	0
9606.ENSP00000249923	16	10362	0
9606.ENSP00000250003	25	7227	0
9606.ENSP00000250018	1	10744	0
9606.ENSP00000250024	1	10686	0
9606.ENSP00000250092	2	10567	0
9606.ENSP00000250111	19	10172	0
9606.ENSP00000250113	14	8628	0
9606.ENSP00000250160	1	10330	0
9606.ENSP00000250237	1	10744	0
9606.ENSP00000250263	7	9247	0
9606.ENSP00000250340	1	10335	0
9606.ENSP00000250351	1	10740	0
9606.ENSP00000250378	1	9600	0
9606.ENSP00000250405	12	9102	0
9606.ENSP00000250416	11	8591	0
9606.ENSP00000250448	16	7189	0
9606.ENSP00000250454	2	9982	0
9606.ENSP00000250457	6	8484	0
9606.ENSP00000250495	47	6771	0
9606.ENSP00000250498	19	9888	0
9606.ENSP00000250559	11	9294	0
9606.ENSP00000250615	1	9634	0
9606.ENSP00000250617	9	9166	0
9606.ENSP00000250699	1	10730	0
9606.ENSP00000250784	87	7265	0
9606.ENSP00000250863	2	10728	0
9606.ENSP00000250896	1	10618	0
9606.ENSP00000251020	2	9864	0
9606.ENSP00000251047	3	10713	0
9606.ENSP00000251102	6	9643	0
9606.ENSP00000251127	5	9644	0
9606.ENSP00000251143	6	10242	0
9606.ENSP00000251157	4	9176	0
9606.ENSP00000251166	1	10096	0
9606.ENSP00000251268	1	10744	0
9606.ENSP00000251287	3	10721	0
9606.ENSP00000251303	6	10195	0
9606.ENSP00000251337	6	9989	0
9606.ENSP00000251363	9	10736	0
9606.ENSP00000251372	3	9770	0
9606.ENSP00000251412	9	10269	0
9606.ENSP00000251413	15	8064	0
9606.ENSP00000251496	6	10615	0
9606.ENSP00000251535	2	10259	0
9606.ENSP00000251588	4	10520	0
9606.ENSP00000251595	44	7614	0
9606.ENSP00000251636	34	7769	0
9606.ENSP00000251642	3	9607	0
9606.ENSP00000251691	1	10429	0
9606.ENSP00000251775	35	9166	0
9606.ENSP00000251810	3	8026	0
9606.ENSP00000251864	7	9839	0
9606.ENSP00000251871	102	6926	0
9606.ENSP00000251900	40	8164	0
9606.ENSP00000251968	43	6081	0
9606.ENSP00000252011	2	10261	0
9606.ENSP00000252015	28	8122	0
9606.ENSP00000252037	4	8154	0
9606.ENSP00000252050	4	7434	0
9606.ENSP00000252071	11	8644	0
9606.ENSP00000252102	73	9843	0
9606.ENSP00000252137	3	8445	0
9606.ENSP00000252229	6	9860	0
9606.ENSP00000252242	5	10717	0
9606.ENSP00000252244	7	10577	0
9606.ENSP00000252268	24	9018	0
9606.ENSP00000252321	5	9328	0
9606.ENSP00000252456	5	9560	0
9606.ENSP00000252482	9	10255	0
9606.ENSP00000252483	12	9270	0
9606.ENSP00000252486	53	6629	0
9606.ENSP00000252506	5	9747	0
9606.ENSP00000252512	1	10683	0
9606.ENSP00000252530	2	10715	0
9606.ENSP00000252542	1	8739	0
9606.ENSP00000252575	6	10022	0
9606.ENSP00000252593	3	10465	0
9606.ENSP00000252595	3	10735	0
9606.ENSP00000252599	4	10470	0
9606.ENSP00000252602	103	9479	0
9606.ENSP00000252603	1	10498	0
9606.ENSP00000252622	79	8217	0
9606.ENSP00000252674	65	7619	0
9606.ENSP00000252677	5	10482	0
9606.ENSP00000252699	25	7136	0
9606.ENSP00000252711	69	10160	0
9606.ENSP00000252723	11	9719	0
9606.ENSP00000252729	32	9839	0
9606.ENSP00000252804	1	10744	0
9606.ENSP00000252809	2	10384	0
9606.ENSP00000252818	18	8772	0
9606.ENSP00000252825	4	10488	0
9606.ENSP00000252826	14	10385	0
9606.ENSP00000252891	8	7907	0
9606.ENSP00000252939	1	10481	0
9606.ENSP00000252951	11	8263	0
9606.ENSP00000252992	1	10744	0
9606.ENSP00000252996	147	6814	0
9606.ENSP00000252999	8	9846	0
9606.ENSP00000253023	10	9093	0
9606.ENSP00000253024	45	7357	0
9606.ENSP00000253039	62	7450	0
9606.ENSP00000253048	1	10335	0
9606.ENSP00000253055	1	10607	0
9606.ENSP00000253063	16	8265	0
9606.ENSP00000253083	8	8630	0
9606.ENSP00000253107	4	10184	0
9606.ENSP00000253108	59	7311	0
9606.ENSP00000253109	1	9388	0
9606.ENSP00000253188	1	10680	0
9606.ENSP00000253237	2	9690	0
9606.ENSP00000253247	74	7691	0
9606.ENSP00000253363	30	7991	0
9606.ENSP00000253382	2	10722	0
9606.ENSP00000253408	2	8735	0
9606.ENSP00000253413	35	10592	0
9606.ENSP00000253457	9	10640	0
9606.ENSP00000253458	6	8648	0
9606.ENSP00000253462	21	8745	0
9606.ENSP00000253496	4	10419	0
9606.ENSP00000253669	7	10691	0
9606.ENSP00000253686	96	9762	0
9606.ENSP00000253699	6	10368	0
9606.ENSP00000253754	10	9075	0
9606.ENSP00000253778	3	10742	0
9606.ENSP00000253794	22	9700	0
9606.ENSP00000253796	15	9048	0
9606.ENSP00000253799	3	10733	0
9606.ENSP00000253801	8	10678	0
9606.ENSP00000253814	2	9806	0
9606.ENSP00000253861	18	9062	0
9606.ENSP00000253925	11	8996	0
9606.ENSP00000254051	1	9876	0
9606.ENSP00000254066	24	6708	0
9606.ENSP00000254079	2	10061	0
9606.ENSP00000254101	9	10262	0
9606.ENSP00000254108	27	7438	0
9606.ENSP00000254190	2	10743	0
9606.ENSP00000254193	117	8099	0
9606.ENSP00000254227	9	8266	0
9606.ENSP00000254250	1	10744	0
9606.ENSP00000254260	2	9807	0
9606.ENSP00000254286	19	8701	0
9606.ENSP00000254301	33	5844	0
9606.ENSP00000254322	25	6297	0
9606.ENSP00000254325	3	8782	0
9606.ENSP00000254337	29	7975	0
9606.ENSP00000254436	18	6218	0
9606.ENSP00000254442	2	10742	0
9606.ENSP00000254480	40	7343	0
9606.ENSP00000254488	1	10744	0
9606.ENSP00000254508	30	9509	0
9606.ENSP00000254521	8	10701	0
9606.ENSP00000254605	5	9409	0
9606.ENSP00000254616	6	10706	0
9606.ENSP00000254630	96	9762	0
9606.ENSP00000254657	17	7193	0
9606.ENSP00000254661	16	8691	0
9606.ENSP00000254691	1	10488	0
9606.ENSP00000254695	2	9423	0
9606.ENSP00000254719	56	6962	0
9606.ENSP00000254722	1	10210	0
9606.ENSP00000254730	78	7594	0
9606.ENSP00000254759	5	10738	0
9606.ENSP00000254803	77	7691	0
9606.ENSP00000254810	160	6086	0
9606.ENSP00000254846	12	7789	0
9606.ENSP00000254854	1	10744	0
9606.ENSP00000254878	1	10682	0
9606.ENSP00000254900	43	7395	0
9606.ENSP00000254928	38	9878	0
9606.ENSP00000254940	22	9530	0
9606.ENSP00000254942	16	8849	0
9606.ENSP00000254950	13	10511	0
9606.ENSP00000254958	10	8328	0
9606.ENSP00000254963	1	10699	0
9606.ENSP00000254976	47	8281	0
9606.ENSP00000254998	7	10135	0
9606.ENSP00000255006	1	10471	0
9606.ENSP00000255008	4	9973	0
9606.ENSP00000255030	8	9381	0
9606.ENSP00000255040	4	9308	0
9606.ENSP00000255108	2	10667	0
9606.ENSP00000255120	38	7054	0
9606.ENSP00000255136	2	9744	0
9606.ENSP00000255192	2	10741	0
9606.ENSP00000255194	8	10443	0
9606.ENSP00000255262	5	9996	0
9606.ENSP00000255266	2	10733	0
9606.ENSP00000255304	1	10326	0
9606.ENSP00000255305	1	10601	0
9606.ENSP00000255380	3	10632	0
9606.ENSP00000255381	17	10259	0
9606.ENSP00000255390	1	10616	0
9606.ENSP00000255409	3	9818	0
9606.ENSP00000255416	7	9585	0
9606.ENSP00000255465	19	8083	0
9606.ENSP00000255476	3	9974	0
9606.ENSP00000255499	1	9934	0
9606.ENSP00000255631	9	7620	0
9606.ENSP00000255641	6	9956	0
9606.ENSP00000255764	97	7673	0
9606.ENSP00000255882	6	10643	0
9606.ENSP00000256001	16	8653	0
9606.ENSP00000256010	4	10261	0
9606.ENSP00000256015	1	10682	0
9606.ENSP00000256078	25	7709	0
9606.ENSP00000256079	3	8833	0
9606.ENSP00000256103	1	9388	0
9606.ENSP00000256104	2	9842	0
9606.ENSP00000256151	1	10735	0
9606.ENSP00000256178	1	10396	0
9606.ENSP00000256190	1	10654	0
9606.ENSP00000256194	1	10444	0
9606.ENSP00000256196	2	10500	0
9606.ENSP00000256255	1	10595	0
9606.ENSP00000256319	2	10736	0
9606.ENSP00000256339	5	9644	0
9606.ENSP00000256343	32	9839	0
9606.ENSP00000256366	2	10614	0
9606.ENSP00000256383	70	7002	0
9606.ENSP00000256398	5	10358	0
9606.ENSP00000256429	15	8365	0
9606.ENSP00000256441	35	9878	0
9606.ENSP00000256442	31	7472	0
9606.ENSP00000256443	101	7237	0
9606.ENSP00000256447	2	9847	0
9606.ENSP00000256458	9	8678	0
9606.ENSP00000256460	3	9598	0
9606.ENSP00000256474	30	6356	0
9606.ENSP00000256495	1	10744	0
9606.ENSP00000256497	3	10693	0
9606.ENSP00000256509	4	8740	0
9606.ENSP00000256544	3	10742	0
9606.ENSP00000256545	9	10640	0
9606.ENSP00000256592	6	9229	0
9606.ENSP00000256593	4	10696	0
9606.ENSP00000256637	11	8877	0
9606.ENSP00000256644	28	8683	0
9606.ENSP00000256646	17	8852	0
9606.ENSP00000256682	3	10254	0
9606.ENSP00000256689	1	10744	0
9606.ENSP00000256707	3	9810	0
9606.ENSP00000256722	4	10727	0
9606.ENSP00000256759	7	10356	0
9606.ENSP00000256785	3	10475	0
9606.ENSP00000256854	2	10435	0
9606.ENSP00000256857	6	10563	0
9606.ENSP00000256925	5	7674	0
9606.ENSP00000256969	4	9869	0
9606.ENSP00000256996	73	7083	0
9606.ENSP00000256999	2	10743	0
9606.ENSP00000257017	1	10383	0
9606.ENSP00000257068	4	9973	0
9606.ENSP00000257118	54	7542	0
9606.ENSP00000257177	2	10743	0
9606.ENSP00000257181	82	7792	0
9606.ENSP00000257189	4	10623	0
9606.ENSP00000257192	8	10041	0
9606.ENSP00000257198	6	10287	0
9606.ENSP00000257215	1	10744	0
9606.ENSP00000257245	15	10495	0
9606.ENSP00000257248	1	10647	0
9606.ENSP00000257264	1	9265	0
9606.ENSP00000257287	3	10496	0
9606.ENSP00000257290	19	6603	0
9606.ENSP00000257347	1	10740	0
9606.ENSP00000257408	15	9210	0
9606.ENSP00000257414	3	10257	0
9606.ENSP00000257430	39	6334	0
9606.ENSP00000257527	1	10310	0
9606.ENSP00000257548	5	7885	0
9606.ENSP00000257549	1	10744	0
9606.ENSP00000257552	2	10740	0
9606.ENSP00000257566	1	10361	0
9606.ENSP00000257570	1	9923	0
9606.ENSP00000257572	5	9641	0
9606.ENSP00000257600	3	9398	0
9606.ENSP00000257696	1	10685	0
9606.ENSP00000257700	8	10348	0
9606.ENSP00000257749	6	9374	0
9606.ENSP00000257770	13	9936	0
9606.ENSP00000257787	15	10014	0
9606.ENSP00000257789	17	9709	0
9606.ENSP00000257818	14	8017	0
9606.ENSP00000257829	81	7215	0
9606.ENSP00000257860	3	10689	0
9606.ENSP00000257863	6	9798	0
9606.ENSP00000257867	1	10193	0
9606.ENSP00000257868	10	9476	0
9606.ENSP00000257895	3	10739	0
9606.ENSP00000257904	41	6408	0
9606.ENSP00000257909	2	9950	0
9606.ENSP00000257915	1	10537	0
9606.ENSP00000257934	5	9493	0
9606.ENSP00000258042	5	9829	0
9606.ENSP00000258052	6	10735	0
9606.ENSP00000258080	5	9159	0
9606.ENSP00000258091	51	5943	0
9606.ENSP00000258098	5	10467	0
9606.ENSP00000258105	102	9707	0
9606.ENSP00000258111	9	10518	0
9606.ENSP00000258149	65	4415	0
9606.ENSP00000258169	18	9631	0
9606.ENSP00000258173	12	10529	0
9606.ENSP00000258198	29	8313	0
9606.ENSP00000258200	2	9334	0
9606.ENSP00000258201	2	10673	0
9606.ENSP00000258281	38	7872	0
9606.ENSP00000258301	44	9768	0
9606.ENSP00000258302	1	10431	0
9606.ENSP00000258317	1	10744	0
9606.ENSP00000258341	13	9415	0
9606.ENSP00000258383	102	9707	0
9606.ENSP00000258385	12	10729	0
9606.ENSP00000258399	2	8913	0
9606.ENSP00000258400	6	9611	0
9606.ENSP00000258411	3	10371	0
9606.ENSP00000258416	26	8141	0
9606.ENSP00000258418	7	10071	0
9606.ENSP00000258424	75	10160	0
9606.ENSP00000258428	13	7698	0
9606.ENSP00000258443	2	10634	0
9606.ENSP00000258455	107	9008	0
9606.ENSP00000258457	5	10715	0
9606.ENSP00000258484	33	7359	0
9606.ENSP00000258494	1	10744	0
9606.ENSP00000258499	2	9699	0
9606.ENSP00000258526	1	10672	0
9606.ENSP00000258648	100	7613	0
9606.ENSP00000258654	11	10575	0
9606.ENSP00000258704	1	10216	0
9606.ENSP00000258729	3	9943	0
9606.ENSP00000258739	2	10725	0
9606.ENSP00000258742	25	9202	0
9606.ENSP00000258772	3	10375	0
9606.ENSP00000258774	11	9889	0
9606.ENSP00000258787	1	9119	0
9606.ENSP00000258821	50	6987	0
9606.ENSP00000258874	1	10744	0
9606.ENSP00000258886	4	9171	0
9606.ENSP00000258930	4	10737	0
9606.ENSP00000258955	1	9461	0
9606.ENSP00000258962	85	6842	0
9606.ENSP00000259008	19	7827	0
9606.ENSP00000259021	13	9476	0
9606.ENSP00000259037	71	9843	0
9606.ENSP00000259053	1	10744	0
9606.ENSP00000259075	18	7785	0
9606.ENSP00000259154	1	10744	0
9606.ENSP00000259206	4	10187	0
9606.ENSP00000259211	2	10404	0
9606.ENSP00000259212	2	10390	0
9606.ENSP00000259213	1	10575	0
9606.ENSP00000259216	1	10575	0
9606.ENSP00000259229	23	10636	0
9606.ENSP00000259239	76	7685	0
9606.ENSP00000259253	3	10060	0
9606.ENSP00000259254	10	8840	0
9606.ENSP00000259324	4	10741	0
9606.ENSP00000259335	5	9872	0
9606.ENSP00000259339	1	10729	0
9606.ENSP00000259365	6	10034	0
9606.ENSP00000259371	1	10549	0
9606.ENSP00000259396	3	9954	0
9606.ENSP00000259400	28	9432	0
9606.ENSP00000259455	17	9717	0
9606.ENSP00000259457	50	7535	0
9606.ENSP00000259467	12	8984	0
9606.ENSP00000259469	152	6755	0
9606.ENSP00000259470	2	10733	0
9606.ENSP00000259512	20	8966	0
9606.ENSP00000259526	1	9927	0
9606.ENSP00000259569	1	10329	0
9606.ENSP00000259605	5	7913	0
9606.ENSP00000259607	40	9448	0
9606.ENSP00000259631	16	10124	0
9606.ENSP00000259632	21	8543	0
9606.ENSP00000259633	3	10112	0
9606.ENSP00000259698	16	8690	0
9606.ENSP00000259708	10	10228	0
9606.ENSP00000259727	1	10744	0
9606.ENSP00000259803	1	10744	0
9606.ENSP00000259808	58	5399	0
9606.ENSP00000259818	37	8754	0
9606.ENSP00000259873	95	9776	0
9606.ENSP00000259874	2	9720	0
9606.ENSP00000259895	98	7566	0
9606.ENSP00000259915	55	6319	0
9606.ENSP00000259938	2	10723	0
9606.ENSP00000259951	25	9050	0
9606.ENSP00000259963	6	10291	0
9606.ENSP00000260010	45	5689	0
9606.ENSP00000260102	102	9707	0
9606.ENSP00000260129	2	8549	0
9606.ENSP00000260184	1	9461	0
9606.ENSP00000260187	5	7780	0
9606.ENSP00000260191	4	10641	0
9606.ENSP00000260197	6	9146	0
9606.ENSP00000260210	77	8326	0
9606.ENSP00000260227	6	9531	0
9606.ENSP00000260247	6	9066	0
9606.ENSP00000260264	2	10322	0
9606.ENSP00000260270	4	10341	0
9606.ENSP00000260276	34	10235	0
9606.ENSP00000260283	1	9822	0
9606.ENSP00000260323	3	10486	0
9606.ENSP00000260356	28	8185	0
9606.ENSP00000260361	54	10183	0
9606.ENSP00000260363	5	9964	0
9606.ENSP00000260372	9	10350	0
9606.ENSP00000260383	18	8058	0
9606.ENSP00000260385	8	9964	0
9606.ENSP00000260386	6	9598	0
9606.ENSP00000260402	4	9720	0
9606.ENSP00000260408	27	8255	0
9606.ENSP00000260443	62	9259	0
9606.ENSP00000260447	1	10744	0
9606.ENSP00000260453	34	10235	0
9606.ENSP00000260502	2	10055	0
9606.ENSP00000260508	4	10686	0
9606.ENSP00000260526	2	10703	0
9606.ENSP00000260570	16	10469	0
9606.ENSP00000260585	1	10744	0
9606.ENSP00000260643	1	10741	0
9606.ENSP00000260649	3	10614	0
9606.ENSP00000260665	3	9947	0
9606.ENSP00000260682	5	10725	0
9606.ENSP00000260731	10	9771	0
9606.ENSP00000260746	4	10733	0
9606.ENSP00000260762	17	9964	0
9606.ENSP00000260803	1	10369	0
9606.ENSP00000260810	27	7328	0
9606.ENSP00000260818	1	10566	0
9606.ENSP00000260947	99	5507	0
9606.ENSP00000260950	15	8487	0
9606.ENSP00000260953	4	9708	0
9606.ENSP00000260970	43	8660	0
9606.ENSP00000261007	5	10729	0
9606.ENSP00000261015	27	9600	0
9606.ENSP00000261023	36	7951	0
9606.ENSP00000261024	4	10451	0
9606.ENSP00000261037	6	10270	0
9606.ENSP00000261047	2	10743	0
9606.ENSP00000261070	1	10722	0
9606.ENSP00000261167	65	7317	0
9606.ENSP00000261170	3	10405	0
9606.ENSP00000261183	1	10693	0
9606.ENSP00000261191	14	10399	0
9606.ENSP00000261195	4	10683	0
9606.ENSP00000261200	3	10705	0
9606.ENSP00000261205	22	8356	0
9606.ENSP00000261233	6	8759	0
9606.ENSP00000261245	98	7344	0
9606.ENSP00000261254	9	8732	0
9606.ENSP00000261263	1	10199	0
9606.ENSP00000261267	4	10316	0
9606.ENSP00000261292	8	10640	0
9606.ENSP00000261303	51	7416	0
9606.ENSP00000261304	1	10744	0
9606.ENSP00000261308	43	8806	0
9606.ENSP00000261313	3	10193	0
9606.ENSP00000261326	1	10685	0
9606.ENSP00000261340	2	10443	0
9606.ENSP00000261349	39	6665	0
9606.ENSP00000261366	10	9740	0
9606.ENSP00000261367	4	9174	0
9606.ENSP00000261377	2	10743	0
9606.ENSP00000261381	2	10067	0
9606.ENSP00000261383	13	10727	0
9606.ENSP00000261386	1	10588	0
9606.ENSP00000261396	27	9950	0
9606.ENSP00000261402	2	9992	0
9606.ENSP00000261405	18	8398	0
9606.ENSP00000261407	5	10685	0
9606.ENSP00000261416	4	10741	0
9606.ENSP00000261427	9	6794	0
9606.ENSP00000261438	2	10090	0
9606.ENSP00000261448	6	10476	0
9606.ENSP00000261461	24	8074	0
9606.ENSP00000261464	19	8010	0
9606.ENSP00000261475	3	9344	0
9606.ENSP00000261479	53	7476	0
9606.ENSP00000261483	1	10744	0
9606.ENSP00000261497	38	7910	0
9606.ENSP00000261499	13	10529	0
9606.ENSP00000261503	1	9495	0
9606.ENSP00000261507	2	10719	0
9606.ENSP00000261514	1	10475	0
9606.ENSP00000261520	37	8131	0
9606.ENSP00000261523	9	8225	0
9606.ENSP00000261534	1	10744	0
9606.ENSP00000261558	20	10156	0
9606.ENSP00000261574	3	9367	0
9606.ENSP00000261584	44	7676	0
9606.ENSP00000261590	5	10299	0
9606.ENSP00000261596	6	10642	0
9606.ENSP00000261597	24	8853	0
9606.ENSP00000261600	16	9080	0
9606.ENSP00000261601	42	7357	0
9606.ENSP00000261609	7	9528	0
9606.ENSP00000261622	4	10527	0
9606.ENSP00000261623	19	8554	0
9606.ENSP00000261636	5	10565	0
9606.ENSP00000261637	86	7527	0
9606.ENSP00000261643	2	10512	0
9606.ENSP00000261652	7	8743	0
9606.ENSP00000261667	7	9806	0
9606.ENSP00000261681	12	10093	0
9606.ENSP00000261692	7	8838	0
9606.ENSP00000261693	22	7625	0
9606.ENSP00000261700	7	10677	0
9606.ENSP00000261707	2	10263	0
9606.ENSP00000261708	73	7685	0
9606.ENSP00000261712	45	7474	0
9606.ENSP00000261716	3	10178	0
9606.ENSP00000261733	2	10743	0
9606.ENSP00000261735	1	10060	0
9606.ENSP00000261745	3	10537	0
9606.ENSP00000261751	12	10729	0
9606.ENSP00000261769	135	4861	0
9606.ENSP00000261772	1	10744	0
9606.ENSP00000261776	4	9440	0
9606.ENSP00000261783	4	9306	0
9606.ENSP00000261796	2	10723	0
9606.ENSP00000261797	1	10744	0
9606.ENSP00000261798	48	5907	0
9606.ENSP00000261799	28	6226	0
9606.ENSP00000261813	13	9381	0
9606.ENSP00000261819	48	7130	0
9606.ENSP00000261837	29	8067	0
9606.ENSP00000261839	2	9113	0
9606.ENSP00000261842	20	10156	0
9606.ENSP00000261845	9	9924	0
9606.ENSP00000261866	1	10674	0
9606.ENSP00000261868	58	7314	0
9606.ENSP00000261875	11	10683	0
9606.ENSP00000261879	6	9988	0
9606.ENSP00000261881	27	8590	0
9606.ENSP00000261883	2	10417	0
9606.ENSP00000261884	20	8680	0
9606.ENSP00000261889	12	8218	0
9606.ENSP00000261890	27	8664	0
9606.ENSP00000261893	2	10652	0
9606.ENSP00000261900	59	7465	0
9606.ENSP00000261917	4	10553	0
9606.ENSP00000261918	2	9876	0
9606.ENSP00000261921	1	10624	0
9606.ENSP00000261937	13	8611	0
9606.ENSP00000261942	22	8761	0
9606.ENSP00000261965	11	8951	0
9606.ENSP00000261973	32	8505	0
9606.ENSP00000261978	6	9968	0
9606.ENSP00000261994	1	10744	0
9606.ENSP00000262013	2	10540	0
9606.ENSP00000262018	12	9646	0
9606.ENSP00000262027	16	10157	0
9606.ENSP00000262030	33	10485	0
9606.ENSP00000262039	29	7079	0
9606.ENSP00000262041	1	10744	0
9606.ENSP00000262053	10	9645	0
9606.ENSP00000262094	5	10654	0
9606.ENSP00000262105	39	8374	0
9606.ENSP00000262113	11	7695	0
9606.ENSP00000262120	1	10717	0
9606.ENSP00000262133	20	7982	0
9606.ENSP00000262134	10	10435	0
9606.ENSP00000262138	52	9568	0
9606.ENSP00000262139	7	10172	0
9606.ENSP00000262144	15	10184	0
9606.ENSP00000262150	8	9895	0
9606.ENSP00000262158	30	6205	0
9606.ENSP00000262160	58	5712	0
9606.ENSP00000262177	4	8633	0
9606.ENSP00000262178	7	9175	0
9606.ENSP00000262186	5	7960	0
9606.ENSP00000262187	12	8784	0
9606.ENSP00000262188	37	7823	0
9606.ENSP00000262189	45	6858	0
9606.ENSP00000262193	51	7506	0
9606.ENSP00000262209	2	10620	0
9606.ENSP00000262213	4	10619	0
9606.ENSP00000262215	1	10731	0
9606.ENSP00000262225	10	10393	0
9606.ENSP00000262238	59	6087	0
9606.ENSP00000262241	53	7373	0
9606.ENSP00000262262	6	8609	0
9606.ENSP00000262265	17	7005	0
9606.ENSP00000262290	2	10469	0
9606.ENSP00000262291	2	9505	0
9606.ENSP00000262301	1	10662	0
9606.ENSP00000262302	1	10744	0
9606.ENSP00000262304	3	10477	0
9606.ENSP00000262305	6	10146	0
9606.ENSP00000262306	111	6031	0
9606.ENSP00000262315	11	9508	0
9606.ENSP00000262319	15	7910	0
9606.ENSP00000262320	41	5505	0
9606.ENSP00000262345	7	9961	0
9606.ENSP00000262352	1	10744	0
9606.ENSP00000262367	116	4870	0
9606.ENSP00000262370	1	10744	0
9606.ENSP00000262375	2	9120	0
9606.ENSP00000262376	4	9911	0
9606.ENSP00000262384	1	9667	0
9606.ENSP00000262394	3	9313	0
9606.ENSP00000262395	5	8766	0
9606.ENSP00000262406	3	10062	0
9606.ENSP00000262407	22	7833	0
9606.ENSP00000262415	47	8798	0
9606.ENSP00000262418	10	10231	0
9606.ENSP00000262428	1	10744	0
9606.ENSP00000262430	2	10597	0
9606.ENSP00000262435	19	6222	0
9606.ENSP00000262441	5	9302	0
9606.ENSP00000262450	14	8616	0
9606.ENSP00000262455	4	10168	0
9606.ENSP00000262457	11	9113	0
9606.ENSP00000262460	21	8745	0
9606.ENSP00000262483	1	10671	0
9606.ENSP00000262487	1	10730	0
9606.ENSP00000262494	17	9656	0
9606.ENSP00000262498	34	10235	0
9606.ENSP00000262506	19	8106	0
9606.ENSP00000262507	5	10738	0
9606.ENSP00000262510	9	9020	0
9606.ENSP00000262518	13	8330	0
9606.ENSP00000262519	14	7440	0
9606.ENSP00000262525	1	10261	0
9606.ENSP00000262554	12	10620	0
9606.ENSP00000262584	142	6687	0
9606.ENSP00000262593	1	10386	0
9606.ENSP00000262613	27	5774	0
9606.ENSP00000262622	1	10744	0
9606.ENSP00000262623	2	10697	0
9606.ENSP00000262626	1	9941	0
9606.ENSP00000262629	33	7409	0
9606.ENSP00000262633	43	8730	0
9606.ENSP00000262640	31	9891	0
9606.ENSP00000262643	19	8034	0
9606.ENSP00000262644	5	10737	0
9606.ENSP00000262646	4	10637	0
9606.ENSP00000262648	1	10120	0
9606.ENSP00000262653	4	10377	0
9606.ENSP00000262662	3	9907	0
9606.ENSP00000262710	8	9663	0
9606.ENSP00000262713	4	9268	0
9606.ENSP00000262715	20	7143	0
9606.ENSP00000262717	8	9895	0
9606.ENSP00000262719	8	8715	0
9606.ENSP00000262726	1	10416	0
9606.ENSP00000262741	22	8259	0
9606.ENSP00000262746	2	9805	0
9606.ENSP00000262768	7	10125	0
9606.ENSP00000262776	6	9280	0
9606.ENSP00000262794	5	10653	0
9606.ENSP00000262809	42	7232	0
9606.ENSP00000262815	5	10504	0
9606.ENSP00000262839	6	10390	0
9606.ENSP00000262843	1	10744	0
9606.ENSP00000262848	2	10679	0
9606.ENSP00000262850	12	9468	0
9606.ENSP00000262865	4	10193	0
9606.ENSP00000262866	1	9265	0
9606.ENSP00000262879	1	10744	0
9606.ENSP00000262887	17	8998	0
9606.ENSP00000262891	11	8729	0
9606.ENSP00000262904	6	9658	0
9606.ENSP00000262916	12	9562	0
9606.ENSP00000262942	13	8814	0
9606.ENSP00000262948	10	9278	0
9606.ENSP00000262958	3	10255	0
9606.ENSP00000262960	2	10538	0
9606.ENSP00000262962	44	8758	0
9606.ENSP00000262965	22	8084	0
9606.ENSP00000262971	7	7753	0
9606.ENSP00000262982	1	10492	0
9606.ENSP00000262995	19	7644	0
9606.ENSP00000263025	28	5850	0
9606.ENSP00000263026	3	9598	0
9606.ENSP00000263035	2	10687	0
9606.ENSP00000263038	1	10744	0
9606.ENSP00000263054	1	10587	0
9606.ENSP00000263056	3	8842	0
9606.ENSP00000263062	34	7357	0
9606.ENSP00000263071	1	10649	0
9606.ENSP00000263073	8	8872	0
9606.ENSP00000263080	1	10744	0
9606.ENSP00000263083	3	10220	0
9606.ENSP00000263087	2	9070	0
9606.ENSP00000263088	6	8172	0
9606.ENSP00000263092	10	10042	0
9606.ENSP00000263093	1	10715	0
9606.ENSP00000263094	1	10351	0
9606.ENSP00000263100	3	9104	0
9606.ENSP00000263102	3	10215	0
9606.ENSP00000263116	1	10654	0
9606.ENSP00000263125	12	7964	0
9606.ENSP00000263150	1	10739	0
9606.ENSP00000263160	6	10498	0
9606.ENSP00000263168	32	7872	0
9606.ENSP00000263181	9	9820	0
9606.ENSP00000263187	4	10353	0
9606.ENSP00000263202	16	7987	0
9606.ENSP00000263205	97	7620	0
9606.ENSP00000263207	4	10174	0
9606.ENSP00000263208	4	10277	0
9606.ENSP00000263209	30	7190	0
9606.ENSP00000263228	6	7738	0
9606.ENSP00000263233	8	9114	0
9606.ENSP00000263238	23	8468	0
9606.ENSP00000263239	24	9478	0
9606.ENSP00000263245	3	10649	0
9606.ENSP00000263246	4	9844	0
9606.ENSP00000263253	196	4089	0
9606.ENSP00000263256	26	8977	0
9606.ENSP00000263257	1	10722	0
9606.ENSP00000263269	29	9317	0
9606.ENSP00000263274	6	9099	0
9606.ENSP00000263277	11	10011	0
9606.ENSP00000263285	1	10658	0
9606.ENSP00000263314	10	10246	0
9606.ENSP00000263317	12	9380	0
9606.ENSP00000263321	2	10691	0
9606.ENSP00000263326	6	9003	0
9606.ENSP00000263334	5	8869	0
9606.ENSP00000263339	23	8004	0
9606.ENSP00000263341	27	7648	0
9606.ENSP00000263346	3	10253	0
9606.ENSP00000263354	44	9976	0
9606.ENSP00000263368	1	10744	0
9606.ENSP00000263370	4	10079	0
9606.ENSP00000263377	42	6428	0
9606.ENSP00000263379	13	9541	0
9606.ENSP00000263382	29	8315	0
9606.ENSP00000263384	42	8816	0
9606.ENSP00000263388	14	8999	0
9606.ENSP00000263390	97	7613	0
9606.ENSP00000263401	3	10704	0
9606.ENSP00000263408	24	8440	0
9606.ENSP00000263413	22	8330	0
9606.ENSP00000263431	3	10081	0
9606.ENSP00000263433	6	9789	0
9606.ENSP00000263461	1	10743	0
9606.ENSP00000263464	31	6592	0
9606.ENSP00000263556	2	10515	0
9606.ENSP00000263559	13	9693	0
9606.ENSP00000263578	45	10261	0
9606.ENSP00000263598	1	10565	0
9606.ENSP00000263620	1	10264	0
9606.ENSP00000263629	74	9248	0
9606.ENSP00000263635	1	10744	0
9606.ENSP00000263645	26	6710	0
9606.ENSP00000263650	2	10653	0
9606.ENSP00000263657	90	7311	0
9606.ENSP00000263663	7	9714	0
9606.ENSP00000263665	1	10743	0
9606.ENSP00000263672	4	10741	0
9606.ENSP00000263681	26	8915	0
9606.ENSP00000263686	17	8628	0
9606.ENSP00000263694	131	7917	0
9606.ENSP00000263697	15	8801	0
9606.ENSP00000263702	7	10494	0
9606.ENSP00000263708	1	10386	0
9606.ENSP00000263710	2	10464	0
9606.ENSP00000263726	4	10454	0
9606.ENSP00000263734	22	6381	0
9606.ENSP00000263735	6	7843	0
9606.ENSP00000263753	14	8874	0
9606.ENSP00000263754	97	5765	0
9606.ENSP00000263774	80	9777	0
9606.ENSP00000263780	28	9633	0
9606.ENSP00000263795	2	9342	0
9606.ENSP00000263798	2	10678	0
9606.ENSP00000263800	1	10744	0
9606.ENSP00000263847	2	10513	0
9606.ENSP00000263851	14	9396	0
9606.ENSP00000263856	30	9526	0
9606.ENSP00000263857	18	9047	0
9606.ENSP00000263864	35	9802	0
9606.ENSP00000263867	3	10645	0
9606.ENSP00000263881	1	10623	0
9606.ENSP00000263897	18	10284	0
9606.ENSP00000263904	31	6631	0
9606.ENSP00000263915	3	9572	0
9606.ENSP00000263918	28	6987	0
9606.ENSP00000263923	51	5317	0
9606.ENSP00000263925	9	7850	0
9606.ENSP00000263932	8	9703	0
9606.ENSP00000263934	3	10645	0
9606.ENSP00000263946	8	9579	0
9606.ENSP00000263956	7	10504	0
9606.ENSP00000263966	7	8571	0
9606.ENSP00000263967	29	5999	0
9606.ENSP00000263974	123	7135	0
9606.ENSP00000263980	35	7618	0
9606.ENSP00000263985	5	10729	0
9606.ENSP00000263991	3	10443	0
9606.ENSP00000264005	29	8378	0
9606.ENSP00000264012	18	7248	0
9606.ENSP00000264020	17	10469	0
9606.ENSP00000264025	15	7504	0
9606.ENSP00000264027	2	10459	0
9606.ENSP00000264028	13	10536	0
9606.ENSP00000264031	3	10742	0
9606.ENSP00000264033	76	4704	0
9606.ENSP00000264036	2	9716	0
9606.ENSP00000264039	10	9508	0
9606.ENSP00000264042	3	8390	0
9606.ENSP00000264065	4	9979	0
9606.ENSP00000264071	12	9079	0
9606.ENSP00000264072	1	10650	0
9606.ENSP00000264079	2	10740	0
9606.ENSP00000264093	9	10669	0
9606.ENSP00000264108	10	8400	0
9606.ENSP00000264110	51	6724	0
9606.ENSP00000264144	5	10657	0
9606.ENSP00000264156	37	8491	0
9606.ENSP00000264157	52	7973	0
9606.ENSP00000264159	1	9817	0
9606.ENSP00000264161	11	10190	0
9606.ENSP00000264162	1	10722	0
9606.ENSP00000264167	2	10523	0
9606.ENSP00000264183	18	8642	0
9606.ENSP00000264187	10	8975	0
9606.ENSP00000264192	2	10570	0
9606.ENSP00000264198	1	9740	0
9606.ENSP00000264218	4	9996	0
9606.ENSP00000264228	2	10743	0
9606.ENSP00000264230	32	10212	0
9606.ENSP00000264234	3	10742	0
9606.ENSP00000264245	1	10706	0
9606.ENSP00000264246	22	9123	0
9606.ENSP00000264254	9	9020	0
9606.ENSP00000264255	4	8263	0
9606.ENSP00000264257	7	10222	0
9606.ENSP00000264260	4	10138	0
9606.ENSP00000264263	85	9241	0
9606.ENSP00000264265	1	10744	0
9606.ENSP00000264276	1	10744	0
9606.ENSP00000264279	95	7017	0
9606.ENSP00000264313	1	10567	0
9606.ENSP00000264316	3	9313	0
9606.ENSP00000264318	12	10063	0
9606.ENSP00000264331	3	9986	0
9606.ENSP00000264335	25	7725	0
9606.ENSP00000264350	1	10434	0
9606.ENSP00000264360	6	9682	0
9606.ENSP00000264377	5	9829	0
9606.ENSP00000264380	3	10455	0
9606.ENSP00000264381	1	10706	0
9606.ENSP00000264382	2	10737	0
9606.ENSP00000264399	3	10409	0
9606.ENSP00000264409	3	10742	0
9606.ENSP00000264414	73	7320	0
9606.ENSP00000264428	2	10630	0
9606.ENSP00000264431	4	9604	0
9606.ENSP00000264433	10	10357	0
9606.ENSP00000264436	13	10003	0
9606.ENSP00000264444	3	8788	0
9606.ENSP00000264454	3	10497	0
9606.ENSP00000264463	8	8335	0
9606.ENSP00000264474	4	10640	0
9606.ENSP00000264498	35	7473	0
9606.ENSP00000264499	11	9587	0
9606.ENSP00000264515	80	5810	0
9606.ENSP00000264538	18	10115	0
9606.ENSP00000264552	48	6759	0
9606.ENSP00000264553	1	10549	0
9606.ENSP00000264554	3	9021	0
9606.ENSP00000264563	3	10257	0
9606.ENSP00000264605	3	10385	0
9606.ENSP00000264606	22	6506	0
9606.ENSP00000264607	2	10086	0
9606.ENSP00000264613	6	9800	0
9606.ENSP00000264634	19	9664	0
9606.ENSP00000264637	15	7988	0
9606.ENSP00000264638	3	10497	0
9606.ENSP00000264639	44	7495	0
9606.ENSP00000264645	56	8787	0
9606.ENSP00000264649	33	10558	0
9606.ENSP00000264657	80	4379	0
9606.ENSP00000264658	2	9334	0
9606.ENSP00000264663	1	10744	0
9606.ENSP00000264664	14	8559	0
9606.ENSP00000264669	1	10737	0
9606.ENSP00000264674	5	8328	0
9606.ENSP00000264690	7	9299	0
9606.ENSP00000264709	48	7230	0
9606.ENSP00000264710	11	9571	0
9606.ENSP00000264712	2	10600	0
9606.ENSP00000264716	7	9447	0
9606.ENSP00000264717	1	10730	0
9606.ENSP00000264718	5	9824	0
9606.ENSP00000264731	5	7706	0
9606.ENSP00000264734	6	9640	0
9606.ENSP00000264741	4	9103	0
9606.ENSP00000264758	15	9888	0
9606.ENSP00000264773	17	9497	0
9606.ENSP00000264824	10	8209	0
9606.ENSP00000264828	9	10445	0
9606.ENSP00000264832	34	6873	0
9606.ENSP00000264833	21	10060	0
9606.ENSP00000264834	6	7370	0
9606.ENSP00000264864	4	10643	0
9606.ENSP00000264866	1	10739	0
9606.ENSP00000264867	34	7021	0
9606.ENSP00000264870	1	10744	0
9606.ENSP00000264883	28	9921	0
9606.ENSP00000264896	20	7695	0
9606.ENSP00000264904	5	10362	0
9606.ENSP00000264914	2	10743	0
9606.ENSP00000264917	1	10744	0
9606.ENSP00000264926	16	7581	0
9606.ENSP00000264932	8	10517	0
9606.ENSP00000264933	46	8617	0
9606.ENSP00000264938	4	10017	0
9606.ENSP00000264951	18	9668	0
9606.ENSP00000264952	4	9130	0
9606.ENSP00000264954	8	8993	0
9606.ENSP00000264956	2	10307	0
9606.ENSP00000264968	2	10743	0
9606.ENSP00000264972	35	5873	0
9606.ENSP00000264977	21	8940	0
9606.ENSP00000264982	1	10440	0
9606.ENSP00000264990	2	10392	0
9606.ENSP00000264995	108	9012	0
9606.ENSP00000265016	1	10579	0
9606.ENSP00000265029	1	10708	0
9606.ENSP00000265038	82	7057	0
9606.ENSP00000265052	10	10414	0
9606.ENSP00000265056	71	7672	0
9606.ENSP00000265062	17	9984	0
9606.ENSP00000265070	3	10177	0
9606.ENSP00000265071	11	8877	0
9606.ENSP00000265073	1	10646	0
9606.ENSP00000265074	5	10720	0
9606.ENSP00000265077	10	9000	0
9606.ENSP00000265080	1	10678	0
9606.ENSP00000265081	33	8089	0
9606.ENSP00000265085	1	10298	0
9606.ENSP00000265087	1	10715	0
9606.ENSP00000265094	18	7687	0
9606.ENSP00000265097	12	9113	0
9606.ENSP00000265104	15	10727	0
9606.ENSP00000265107	40	8769	0
9606.ENSP00000265113	1	10744	0
9606.ENSP00000265131	2	10410	0
9606.ENSP00000265132	1	10637	0
9606.ENSP00000265138	2	9806	0
9606.ENSP00000265140	5	10113	0
9606.ENSP00000265148	9	9903	0
9606.ENSP00000265162	10	8814	0
9606.ENSP00000265164	5	10152	0
9606.ENSP00000265165	26	6813	0
9606.ENSP00000265171	48	6677	0
9606.ENSP00000265174	4	10730	0
9606.ENSP00000265195	3	8920	0
9606.ENSP00000265239	3	9598	0
9606.ENSP00000265245	45	9299	0
9606.ENSP00000265276	3	10742	0
9606.ENSP00000265295	9	9586	0
9606.ENSP00000265310	3	10510	0
9606.ENSP00000265316	16	10284	0
9606.ENSP00000265322	1	10535	0
9606.ENSP00000265339	14	7478	0
9606.ENSP00000265340	1	10550	0
9606.ENSP00000265343	41	8187	0
9606.ENSP00000265350	95	7650	0
9606.ENSP00000265351	14	8697	0
9606.ENSP00000265354	18	9432	0
9606.ENSP00000265361	6	10187	0
9606.ENSP00000265362	7	10148	0
9606.ENSP00000265371	46	7865	0
9606.ENSP00000265372	1	9982	0
9606.ENSP00000265381	6	9122	0
9606.ENSP00000265382	8	10333	0
9606.ENSP00000265388	2	9615	0
9606.ENSP00000265395	1	10683	0
9606.ENSP00000265421	14	7872	0
9606.ENSP00000265433	20	8124	0
9606.ENSP00000265441	12	10092	0
9606.ENSP00000265459	15	9476	0
9606.ENSP00000265465	26	8909	0
9606.ENSP00000265560	7	8238	0
9606.ENSP00000265562	8	9165	0
9606.ENSP00000265563	17	9950	0
9606.ENSP00000265564	23	9522	0
9606.ENSP00000265565	4	10338	0
9606.ENSP00000265594	3	10677	0
9606.ENSP00000265598	2	10567	0
9606.ENSP00000265602	18	9166	0
9606.ENSP00000265627	1	10567	0
9606.ENSP00000265634	1	10744	0
9606.ENSP00000265641	7	10738	0
9606.ENSP00000265643	10	9215	0
9606.ENSP00000265651	2	9334	0
9606.ENSP00000265686	26	10593	0
9606.ENSP00000265689	4	9221	0
9606.ENSP00000265708	3	10742	0
9606.ENSP00000265709	30	7948	0
9606.ENSP00000265713	30	7323	0
9606.ENSP00000265717	11	10107	0
9606.ENSP00000265723	1	9589	0
9606.ENSP00000265727	8	9829	0
9606.ENSP00000265728	13	9068	0
9606.ENSP00000265729	4	10458	0
9606.ENSP00000265732	37	8863	0
9606.ENSP00000265734	24	7405	0
9606.ENSP00000265748	6	9454	0
9606.ENSP00000265753	7	9589	0
9606.ENSP00000265769	2	10634	0
9606.ENSP00000265838	1	10744	0
9606.ENSP00000265843	1	10699	0
9606.ENSP00000265849	11	8414	0
9606.ENSP00000265857	6	10173	0
9606.ENSP00000265866	2	10284	0
9606.ENSP00000265872	14	8806	0
9606.ENSP00000265960	12	8538	0
9606.ENSP00000265963	98	6911	0
9606.ENSP00000265965	1	10741	0
9606.ENSP00000265967	12	10468	0
9606.ENSP00000265969	4	10080	0
9606.ENSP00000265970	7	9312	0
9606.ENSP00000265978	4	10678	0
9606.ENSP00000265983	6	9658	0
9606.ENSP00000265986	17	6898	0
9606.ENSP00000265990	1	9727	0
9606.ENSP00000265997	13	10235	0
9606.ENSP00000266000	43	6225	0
9606.ENSP00000266037	4	10348	0
9606.ENSP00000266041	15	8803	0
9606.ENSP00000266058	5	10527	0
9606.ENSP00000266068	1	10744	0
9606.ENSP00000266069	9	10636	0
9606.ENSP00000266070	21	8318	0
9606.ENSP00000266079	76	8104	0
9606.ENSP00000266085	8	9596	0
9606.ENSP00000266087	4	8806	0
9606.ENSP00000266088	2	8398	0
9606.ENSP00000266126	7	9970	0
9606.ENSP00000266254	4	10738	0
9606.ENSP00000266376	48	8514	0
9606.ENSP00000266383	1	10744	0
9606.ENSP00000266483	1	10744	0
9606.ENSP00000266503	3	10181	0
9606.ENSP00000266529	23	9227	0
9606.ENSP00000266544	72	9857	0
9606.ENSP00000266551	3	9219	0
9606.ENSP00000266556	2	10235	0
9606.ENSP00000266557	12	9215	0
9606.ENSP00000266604	47	9303	0
9606.ENSP00000266671	1	10145	0
9606.ENSP00000266674	8	10663	0
9606.ENSP00000266679	15	9916	0
9606.ENSP00000266718	12	9457	0
9606.ENSP00000266719	1	10584	0
9606.ENSP00000266732	3	10255	0
9606.ENSP00000266735	159	7582	0
9606.ENSP00000266744	4	8496	0
9606.ENSP00000266970	64	6049	0
9606.ENSP00000266987	31	8199	0
9606.ENSP00000267017	2	10740	0
9606.ENSP00000267082	32	6675	0
9606.ENSP00000267085	3	10730	0
9606.ENSP00000267101	32	6304	0
9606.ENSP00000267113	2	10743	0
9606.ENSP00000267116	3	10731	0
9606.ENSP00000267163	60	6798	0
9606.ENSP00000267199	10	10391	0
9606.ENSP00000267202	23	9700	0
9606.ENSP00000267257	53	5800	0
9606.ENSP00000267260	1	10540	0
9606.ENSP00000267377	3	10497	0
9606.ENSP00000267415	14	9085	0
9606.ENSP00000267430	26	8745	0
9606.ENSP00000267460	3	9020	0
9606.ENSP00000267484	1	10744	0
9606.ENSP00000267569	4	9615	0
9606.ENSP00000267594	1	10434	0
9606.ENSP00000267615	3	10742	0
9606.ENSP00000267622	4	10123	0
9606.ENSP00000267750	9	10640	0
9606.ENSP00000267803	1	10699	0
9606.ENSP00000267812	85	7819	0
9606.ENSP00000267843	13	8589	0
9606.ENSP00000267859	3	9022	0
9606.ENSP00000267884	89	7547	0
9606.ENSP00000267889	3	10673	0
9606.ENSP00000267890	2	10330	0
9606.ENSP00000267935	4	10681	0
9606.ENSP00000267938	2	10743	0
9606.ENSP00000267953	9	8164	0
9606.ENSP00000268053	2	10709	0
9606.ENSP00000268057	12	9741	0
9606.ENSP00000268058	13	7098	0
9606.ENSP00000268070	1	10626	0
9606.ENSP00000268099	1	10540	0
9606.ENSP00000268138	4	10108	0
9606.ENSP00000268150	3	10020	0
9606.ENSP00000268182	40	5002	0
9606.ENSP00000268184	2	10452	0
9606.ENSP00000268206	3	8128	0
9606.ENSP00000268231	12	9401	0
9606.ENSP00000268261	1	10744	0
9606.ENSP00000268379	79	9925	0
9606.ENSP00000268383	2	9127	0
9606.ENSP00000268459	16	9871	0
9606.ENSP00000268482	65	8617	0
9606.ENSP00000268483	10	9448	0
9606.ENSP00000268603	6	8419	0
9606.ENSP00000268613	2	8551	0
9606.ENSP00000268638	3	8610	0
9606.ENSP00000268655	1	10743	0
9606.ENSP00000268661	11	9236	0
9606.ENSP00000268668	73	9843	0
9606.ENSP00000268679	10	8703	0
9606.ENSP00000268695	1	10737	0
9606.ENSP00000268711	95	7650	0
9606.ENSP00000268712	68	5778	0
9606.ENSP00000268717	25	7387	0
9606.ENSP00000268719	7	10672	0
9606.ENSP00000268766	4	10532	0
9606.ENSP00000268802	45	7642	0
9606.ENSP00000268835	4	10739	0
9606.ENSP00000268876	2	8255	0
9606.ENSP00000268919	5	10465	0
9606.ENSP00000268933	9	9430	0
9606.ENSP00000269097	8	10678	0
9606.ENSP00000269141	43	6387	0
9606.ENSP00000269143	5	9969	0
9606.ENSP00000269159	2	10739	0
9606.ENSP00000269197	1	10250	0
9606.ENSP00000269202	6	10155	0
9606.ENSP00000269209	1	9459	0
9606.ENSP00000269216	4	10388	0
9606.ENSP00000269221	4	10710	0
9606.ENSP00000269228	6	10460	0
9606.ENSP00000269298	1	10744	0
9606.ENSP00000269299	2	10710	0
9606.ENSP00000269305	232	3541	0
9606.ENSP00000269383	1	10114	0
9606.ENSP00000269385	63	7159	0
9606.ENSP00000269394	1	10272	0
9606.ENSP00000269397	55	7300	0
9606.ENSP00000269439	1	9740	0
9606.ENSP00000269466	1	10744	0
9606.ENSP00000269489	3	10711	0
9606.ENSP00000269571	60	4512	0
9606.ENSP00000269576	6	10718	0
9606.ENSP00000269593	4	9747	0
9606.ENSP00000269601	74	8104	0
9606.ENSP00000269701	1	9789	0
9606.ENSP00000269848	7	10614	0
9606.ENSP00000269856	18	8923	0
9606.ENSP00000269878	1	10739	0
9606.ENSP00000269886	9	8861	0
9606.ENSP00000269967	2	10055	0
9606.ENSP00000269980	8	10570	0
9606.ENSP00000270061	1	10460	0
9606.ENSP00000270066	4	10201	0
9606.ENSP00000270077	1	10228	0
9606.ENSP00000270139	29	7643	0
9606.ENSP00000270142	8	7746	0
9606.ENSP00000270162	1	10744	0
9606.ENSP00000270172	23	8036	0
9606.ENSP00000270176	12	10556	0
9606.ENSP00000270223	2	10187	0
9606.ENSP00000270225	5	10035	0
9606.ENSP00000270257	16	9718	0
9606.ENSP00000270349	9	8383	0
9606.ENSP00000270458	50	9203	0
9606.ENSP00000270502	5	10706	0
9606.ENSP00000270517	17	8802	0
9606.ENSP00000270538	11	8899	0
9606.ENSP00000270586	48	7620	0
9606.ENSP00000270625	224	6541	0
9606.ENSP00000270631	6	9236	0
9606.ENSP00000270642	1	10744	0
9606.ENSP00000270722	8	9028	0
9606.ENSP00000270747	1	10627	0
9606.ENSP00000270800	9	8969	0
9606.ENSP00000270861	8	9929	0
9606.ENSP00000270879	7	10659	0
9606.ENSP00000271234	6	9324	0
9606.ENSP00000271277	15	9662	0
9606.ENSP00000271308	53	7506	0
9606.ENSP00000271331	2	10743	0
9606.ENSP00000271373	1	10744	0
9606.ENSP00000271450	10	8903	0
9606.ENSP00000271452	15	9375	0
9606.ENSP00000271469	1	10740	0
9606.ENSP00000271526	10	9442	0
9606.ENSP00000271555	13	8031	0
9606.ENSP00000271588	1	10744	0
9606.ENSP00000271620	2	9561	0
9606.ENSP00000271628	107	7834	0
9606.ENSP00000271636	12	8782	0
9606.ENSP00000271638	3	9830	0
9606.ENSP00000271640	30	7939	0
9606.ENSP00000271651	2	10711	0
9606.ENSP00000271688	9	10736	0
9606.ENSP00000271715	1	10204	0
9606.ENSP00000271751	1	9648	0
9606.ENSP00000271764	33	7695	0
9606.ENSP00000271889	18	7749	0
9606.ENSP00000272091	39	8985	0
9606.ENSP00000272133	21	10060	0
9606.ENSP00000272134	2	10708	0
9606.ENSP00000272190	2	10570	0
9606.ENSP00000272224	1	10666	0
9606.ENSP00000272233	10	9623	0
9606.ENSP00000272238	24	10626	0
9606.ENSP00000272286	16	10284	0
9606.ENSP00000272317	434	3930	0
9606.ENSP00000272321	3	10742	0
9606.ENSP00000272322	6	10521	0
9606.ENSP00000272324	1	10744	0
9606.ENSP00000272342	1	10181	0
9606.ENSP00000272369	6	9928	0
9606.ENSP00000272371	7	10093	0
9606.ENSP00000272418	102	9035	0
9606.ENSP00000272430	5	9692	0
9606.ENSP00000272519	4	10455	0
9606.ENSP00000272542	1	10744	0
9606.ENSP00000272602	4	10605	0
9606.ENSP00000272638	6	9664	0
9606.ENSP00000272645	137	7075	0
9606.ENSP00000272847	7	9236	0
9606.ENSP00000272902	1	10744	0
9606.ENSP00000272928	8	8764	0
9606.ENSP00000273047	31	7940	0
9606.ENSP00000273062	3	10252	0
9606.ENSP00000273077	2	10733	0
9606.ENSP00000273130	34	8450	0
9606.ENSP00000273153	1	10736	0
9606.ENSP00000273179	1	10590	0
9606.ENSP00000273183	1	10577	0
9606.ENSP00000273261	3	8223	0
9606.ENSP00000273283	1	10744	0
9606.ENSP00000273317	17	8167	0
9606.ENSP00000273320	2	10047	0
9606.ENSP00000273353	1	10660	0
9606.ENSP00000273395	9	10225	0
9606.ENSP00000273398	34	10557	0
9606.ENSP00000273450	1	10744	0
9606.ENSP00000273480	30	7699	0
9606.ENSP00000273541	48	8778	0
9606.ENSP00000273550	4	10324	0
9606.ENSP00000273588	7	10430	0
9606.ENSP00000273598	6	10738	0
9606.ENSP00000273610	4	10542	0
9606.ENSP00000273666	4	10450	0
9606.ENSP00000273668	40	8187	0
9606.ENSP00000273784	4	9095	0
9606.ENSP00000273853	48	8143	0
9606.ENSP00000273859	6	10733	0
9606.ENSP00000273963	33	8874	0
9606.ENSP00000274008	1	10744	0
9606.ENSP00000274031	4	8832	0
9606.ENSP00000274054	15	9235	0
9606.ENSP00000274063	1	10606	0
9606.ENSP00000274093	1	10736	0
9606.ENSP00000274137	71	9843	0
9606.ENSP00000274140	1	10611	0
9606.ENSP00000274192	2	10743	0
9606.ENSP00000274242	135	6551	0
9606.ENSP00000274255	37	6032	0
9606.ENSP00000274276	12	8702	0
9606.ENSP00000274278	1	10744	0
9606.ENSP00000274306	1	10721	0
9606.ENSP00000274311	79	7560	0
9606.ENSP00000274341	1	10586	0
9606.ENSP00000274353	2	10741	0
9606.ENSP00000274361	1	10724	0
9606.ENSP00000274364	10	8534	0
9606.ENSP00000274368	2	10542	0
9606.ENSP00000274376	17	7252	0
9606.ENSP00000274400	98	7594	0
9606.ENSP00000274457	18	8923	0
9606.ENSP00000274458	5	10704	0
9606.ENSP00000274496	1	10610	0
9606.ENSP00000274520	14	9200	0
9606.ENSP00000274532	1	10744	0
9606.ENSP00000274545	8	10063	0
9606.ENSP00000274547	8	10397	0
9606.ENSP00000274606	35	7743	0
9606.ENSP00000274625	13	8621	0
9606.ENSP00000274629	9	10518	0
9606.ENSP00000274711	4	9789	0
9606.ENSP00000274712	82	7819	0
9606.ENSP00000274721	6	10293	0
9606.ENSP00000274764	40	7441	0
9606.ENSP00000274773	1	10730	0
9606.ENSP00000274793	32	8717	0
9606.ENSP00000274813	1	10744	0
9606.ENSP00000274849	1	10473	0
9606.ENSP00000274938	1	10157	0
9606.ENSP00000275015	7	8548	0
9606.ENSP00000275053	1	10361	0
9606.ENSP00000275233	4	9473	0
9606.ENSP00000275364	23	8512	0
9606.ENSP00000275493	144	3556	0
9606.ENSP00000275517	12	9595	0
9606.ENSP00000275525	5	10040	0
9606.ENSP00000275603	47	6004	0
9606.ENSP00000275732	6	10082	0
9606.ENSP00000275815	10	9961	0
9606.ENSP00000276052	2	10742	0
9606.ENSP00000276055	1	10744	0
9606.ENSP00000276062	70	10087	0
9606.ENSP00000276079	12	9240	0
9606.ENSP00000276198	6	9611	0
9606.ENSP00000276201	23	9635	0
9606.ENSP00000276202	1	9735	0
9606.ENSP00000276297	3	10337	0
9606.ENSP00000276390	38	10405	0
9606.ENSP00000276410	11	10729	0
9606.ENSP00000276414	2	10743	0
9606.ENSP00000276420	4	9833	0
9606.ENSP00000276431	22	7921	0
9606.ENSP00000276440	3	9885	0
9606.ENSP00000276449	5	10179	0
9606.ENSP00000276533	24	8598	0
9606.ENSP00000276571	10	9833	0
9606.ENSP00000276585	96	9762	0
9606.ENSP00000276594	10	9293	0
9606.ENSP00000276603	26	7265	0
9606.ENSP00000276659	4	10677	0
9606.ENSP00000276689	73	9843	0
9606.ENSP00000276893	4	7474	0
9606.ENSP00000276914	11	9202	0
9606.ENSP00000276925	3	9580	0
9606.ENSP00000276927	12	9223	0
9606.ENSP00000276943	3	10267	0
9606.ENSP00000277010	4	9296	0
9606.ENSP00000277120	21	6618	0
9606.ENSP00000277458	2	10086	0
9606.ENSP00000277517	2	10709	0
9606.ENSP00000277575	1	10744	0
9606.ENSP00000277746	9	8992	0
9606.ENSP00000277865	4	10584	0
9606.ENSP00000277895	1	10744	0
9606.ENSP00000277942	3	10660	0
9606.ENSP00000278070	2	9943	0
9606.ENSP00000278193	9	9565	0
9606.ENSP00000278198	3	9852	0
9606.ENSP00000278282	1	10549	0
9606.ENSP00000278353	18	10666	0
9606.ENSP00000278379	1	10744	0
9606.ENSP00000278407	8	10352	0
9606.ENSP00000278412	54	7446	0
9606.ENSP00000278550	4	10518	0
9606.ENSP00000278568	22	7607	0
9606.ENSP00000278572	170	5757	0
9606.ENSP00000278612	1	9543	0
9606.ENSP00000278616	65	5942	0
9606.ENSP00000278618	1	10533	0
9606.ENSP00000278671	29	8705	0
9606.ENSP00000278742	4	9787	0
9606.ENSP00000278823	18	8477	0
9606.ENSP00000278833	1	10744	0
9606.ENSP00000278853	4	10736	0
9606.ENSP00000278888	4	9370	0
9606.ENSP00000278903	1	10744	0
9606.ENSP00000278927	5	9580	0
9606.ENSP00000278935	7	9373	0
9606.ENSP00000278947	14	10430	0
9606.ENSP00000278980	2	10704	0
9606.ENSP00000279022	25	8756	0
9606.ENSP00000279036	4	10741	0
9606.ENSP00000279068	2	10471	0
9606.ENSP00000279101	2	9589	0
9606.ENSP00000279146	8	6946	0
9606.ENSP00000279168	2	10741	0
9606.ENSP00000279227	4	9719	0
9606.ENSP00000279242	102	9707	0
9606.ENSP00000279249	2	9731	0
9606.ENSP00000279263	1	10355	0
9606.ENSP00000279281	5	10530	0
9606.ENSP00000279387	19	10210	0
9606.ENSP00000279441	4	10164	0
9606.ENSP00000279488	2	9720	0
9606.ENSP00000279804	4	10430	0
9606.ENSP00000279873	2	9834	0
9606.ENSP00000279907	1	10533	0
9606.ENSP00000280098	33	8874	0
9606.ENSP00000280154	3	9738	0
9606.ENSP00000280155	4	9994	0
9606.ENSP00000280326	61	5338	0
9606.ENSP00000280346	8	10684	0
9606.ENSP00000280350	4	9266	0
9606.ENSP00000280357	7	9881	0
9606.ENSP00000280358	5	10720	0
9606.ENSP00000280377	14	6711	0
9606.ENSP00000280481	3	10720	0
9606.ENSP00000280551	16	10062	0
9606.ENSP00000280557	38	7636	0
9606.ENSP00000280571	2	10495	0
9606.ENSP00000280605	2	10743	0
9606.ENSP00000280612	3	8889	0
9606.ENSP00000280665	7	10338	0
9606.ENSP00000280684	4	10456	0
9606.ENSP00000280700	7	9370	0
9606.ENSP00000280701	3	10405	0
9606.ENSP00000280706	2	10693	0
9606.ENSP00000280772	26	8032	0
9606.ENSP00000280904	6	10220	0
9606.ENSP00000280979	6	10012	0
9606.ENSP00000281030	1	10744	0
9606.ENSP00000281031	69	10160	0
9606.ENSP00000281038	2	10435	0
9606.ENSP00000281043	8	8069	0
9606.ENSP00000281141	1	10082	0
9606.ENSP00000281142	5	10626	0
9606.ENSP00000281154	25	8670	0
9606.ENSP00000281182	2	10732	0
9606.ENSP00000281187	11	10285	0
9606.ENSP00000281243	1	10497	0
9606.ENSP00000281282	5	9592	0
9606.ENSP00000281321	1	8050	0
9606.ENSP00000281382	2	10743	0
9606.ENSP00000281419	3	9778	0
9606.ENSP00000281453	38	8425	0
9606.ENSP00000281456	27	7136	0
9606.ENSP00000281513	7	10384	0
9606.ENSP00000281589	3	9603	0
9606.ENSP00000281623	9	8452	0
9606.ENSP00000281701	17	8507	0
9606.ENSP00000281741	1	10716	0
9606.ENSP00000281806	2	10743	0
9606.ENSP00000281821	15	9564	0
9606.ENSP00000281828	2	10743	0
9606.ENSP00000281830	2	10509	0
9606.ENSP00000281834	7	10064	0
9606.ENSP00000281923	1	10744	0
9606.ENSP00000281928	32	9183	0
9606.ENSP00000281938	30	6821	0
9606.ENSP00000281950	16	9718	0
9606.ENSP00000282018	1	10744	0
9606.ENSP00000282020	6	10361	0
9606.ENSP00000282032	1	10744	0
9606.ENSP00000282058	8	10678	0
9606.ENSP00000282074	11	9768	0
9606.ENSP00000282096	14	10021	0
9606.ENSP00000282111	14	7249	0
9606.ENSP00000282141	5	10248	0
9606.ENSP00000282146	1	10744	0
9606.ENSP00000282185	5	9870	0
9606.ENSP00000282249	2	10743	0
9606.ENSP00000282251	32	8924	0
9606.ENSP00000282272	4	10731	0
9606.ENSP00000282276	13	10195	0
9606.ENSP00000282326	2	10742	0
9606.ENSP00000282344	10	7361	0
9606.ENSP00000282356	9	9139	0
9606.ENSP00000282369	1	10409	0
9606.ENSP00000282382	1	10560	0
9606.ENSP00000282388	1	10667	0
9606.ENSP00000282397	13	8757	0
9606.ENSP00000282412	1	10434	0
9606.ENSP00000282486	2	10726	0
9606.ENSP00000282499	24	9888	0
9606.ENSP00000282516	25	9374	0
9606.ENSP00000282538	3	10730	0
9606.ENSP00000282541	1	10744	0
9606.ENSP00000282561	43	6734	0
9606.ENSP00000282572	1	9545	0
9606.ENSP00000282588	29	7569	0
9606.ENSP00000282605	4	9791	0
9606.ENSP00000282611	32	9839	0
9606.ENSP00000282633	8	10237	0
9606.ENSP00000282753	15	8198	0
9606.ENSP00000282841	2	10634	0
9606.ENSP00000282878	1	10743	0
9606.ENSP00000282892	98	7637	0
9606.ENSP00000282903	4	10711	0
9606.ENSP00000282928	1	10416	0
9606.ENSP00000283006	38	8439	0
9606.ENSP00000283027	1	10744	0
9606.ENSP00000283109	42	7630	0
9606.ENSP00000283131	56	7215	0
9606.ENSP00000283147	9	10168	0
9606.ENSP00000283148	1	9461	0
9606.ENSP00000283195	50	7477	0
9606.ENSP00000283228	4	9742	0
9606.ENSP00000283243	4	10685	0
9606.ENSP00000283249	29	7227	0
9606.ENSP00000283254	6	10545	0
9606.ENSP00000283285	3	10289	0
9606.ENSP00000283290	17	9184	0
9606.ENSP00000283309	3	10050	0
9606.ENSP00000283351	17	10616	0
9606.ENSP00000283415	11	10435	0
9606.ENSP00000283632	8	10636	0
9606.ENSP00000283752	1	10744	0
9606.ENSP00000283875	91	7192	0
9606.ENSP00000283882	7	9199	0
9606.ENSP00000283928	1	10624	0
9606.ENSP00000284073	2	10740	0
9606.ENSP00000284110	1	10744	0
9606.ENSP00000284116	1	10744	0
9606.ENSP00000284136	1	10331	0
9606.ENSP00000284154	6	9213	0
9606.ENSP00000284240	4	10064	0
9606.ENSP00000284262	1	10548	0
9606.ENSP00000284273	2	8909	0
9606.ENSP00000284274	8	7803	0
9606.ENSP00000284292	6	9515	0
9606.ENSP00000284320	24	7241	0
9606.ENSP00000284322	1	10691	0
9606.ENSP00000284382	9	10736	0
9606.ENSP00000284440	8	6450	0
9606.ENSP00000284476	1	10673	0
9606.ENSP00000284503	5	9040	0
9606.ENSP00000284509	2	10737	0
9606.ENSP00000284523	20	8945	0
9606.ENSP00000284551	2	9824	0
9606.ENSP00000284601	10	9826	0
9606.ENSP00000284629	7	9818	0
9606.ENSP00000284637	2	9490	0
9606.ENSP00000284669	33	8874	0
9606.ENSP00000284719	2	8705	0
9606.ENSP00000284727	24	10555	0
9606.ENSP00000284818	11	7920	0
9606.ENSP00000284856	3	9112	0
9606.ENSP00000284878	2	10207	0
9606.ENSP00000284885	1	10736	0
9606.ENSP00000284981	84	4783	0
9606.ENSP00000284987	1	10672	0
9606.ENSP00000284995	7	10424	0
9606.ENSP00000285018	14	10072	0
9606.ENSP00000285021	35	7691	0
9606.ENSP00000285039	9	8480	0
9606.ENSP00000285071	10	10357	0
9606.ENSP00000285093	2	10700	0
9606.ENSP00000285116	9	9586	0
9606.ENSP00000285208	5	10571	0
9606.ENSP00000285298	96	9762	0
9606.ENSP00000285311	5	10246	0
9606.ENSP00000285379	5	10103	0
9606.ENSP00000285381	1	10744	0
9606.ENSP00000285393	34	10622	0
9606.ENSP00000285398	101	7323	0
9606.ENSP00000285402	1	10733	0
9606.ENSP00000285407	1	9672	0
9606.ENSP00000285419	1	10743	0
9606.ENSP00000285518	7	10725	0
9606.ENSP00000285599	2	10725	0
9606.ENSP00000285667	1	10135	0
9606.ENSP00000285735	17	9447	0
9606.ENSP00000285737	1	10535	0
9606.ENSP00000285814	38	9273	0
9606.ENSP00000285848	86	9741	0
9606.ENSP00000285873	17	9539	0
9606.ENSP00000285930	2	10741	0
9606.ENSP00000285968	31	9509	0
9606.ENSP00000286175	20	9005	0
9606.ENSP00000286186	14	8676	0
9606.ENSP00000286201	22	8684	0
9606.ENSP00000286234	12	8147	0
9606.ENSP00000286301	10	8233	0
9606.ENSP00000286307	24	8163	0
9606.ENSP00000286317	95	7682	0
9606.ENSP00000286355	11	9254	0
9606.ENSP00000286371	19	10172	0
9606.ENSP00000286398	7	10687	0
9606.ENSP00000286424	3	9165	0
9606.ENSP00000286428	17	8765	0
9606.ENSP00000286479	1	10744	0
9606.ENSP00000286523	3	8917	0
9606.ENSP00000286548	54	7091	0
9606.ENSP00000286574	4	10567	0
9606.ENSP00000286628	10	10300	0
9606.ENSP00000286639	7	9391	0
9606.ENSP00000286648	9	10669	0
9606.ENSP00000286692	1	9699	0
9606.ENSP00000286713	2	10656	0
9606.ENSP00000286732	34	10235	0
9606.ENSP00000286758	24	9784	0
9606.ENSP00000286760	8	8707	0
9606.ENSP00000286788	50	5967	0
9606.ENSP00000286794	7	10653	0
9606.ENSP00000286808	1	10737	0
9606.ENSP00000286827	18	7874	0
9606.ENSP00000286918	8	8954	0
9606.ENSP00000286955	2	10743	0
9606.ENSP00000287020	2	10534	0
9606.ENSP00000287025	6	9099	0
9606.ENSP00000287078	1	10535	0
9606.ENSP00000287097	1	10228	0
9606.ENSP00000287139	9	10443	0
9606.ENSP00000287156	10	7307	0
9606.ENSP00000287169	1	10732	0
9606.ENSP00000287239	26	8410	0
9606.ENSP00000287295	2	9464	0
9606.ENSP00000287322	2	8759	0
9606.ENSP00000287394	15	7832	0
9606.ENSP00000287437	9	10227	0
9606.ENSP00000287461	1	10261	0
9606.ENSP00000287482	4	10453	0
9606.ENSP00000287490	69	10160	0
9606.ENSP00000287538	1	10642	0
9606.ENSP00000287585	1	10632	0
9606.ENSP00000287598	65	7141	0
9606.ENSP00000287600	5	10528	0
9606.ENSP00000287641	12	9826	0
9606.ENSP00000287647	31	6789	0
9606.ENSP00000287667	1	10502	0
9606.ENSP00000287706	1	10353	0
9606.ENSP00000287713	5	8498	0
9606.ENSP00000287727	7	8611	0
9606.ENSP00000287777	33	8874	0
9606.ENSP00000287814	1	10475	0
9606.ENSP00000287820	52	5902	0
9606.ENSP00000287842	9	7528	0
9606.ENSP00000287878	9	10262	0
9606.ENSP00000287907	3	9973	0
9606.ENSP00000287916	1	10655	0
9606.ENSP00000287934	16	10001	0
9606.ENSP00000287936	3	10704	0
9606.ENSP00000287957	3	10278	0
9606.ENSP00000288050	2	10743	0
9606.ENSP00000288065	1	9867	0
9606.ENSP00000288135	21	7221	0
9606.ENSP00000288139	40	9332	0
9606.ENSP00000288167	8	10500	0
9606.ENSP00000288207	10	8671	0
9606.ENSP00000288221	6	9489	0
9606.ENSP00000288266	13	7540	0
9606.ENSP00000288368	1	10159	0
9606.ENSP00000288490	1	10744	0
9606.ENSP00000288532	5	10738	0
9606.ENSP00000288607	1	10705	0
9606.ENSP00000288670	3	9660	0
9606.ENSP00000288699	3	10578	0
9606.ENSP00000288774	6	9990	0
9606.ENSP00000288828	9	9286	0
9606.ENSP00000288840	9	8511	0
9606.ENSP00000288937	114	8955	0
9606.ENSP00000289013	2	9822	0
9606.ENSP00000289081	21	7780	0
9606.ENSP00000289104	3	10098	0
9606.ENSP00000289228	9	10179	0
9606.ENSP00000289316	41	8195	0
9606.ENSP00000289359	1	10694	0
9606.ENSP00000289361	5	10554	0
9606.ENSP00000289371	77	7011	0
9606.ENSP00000289382	14	10546	0
9606.ENSP00000289429	2	10235	0
9606.ENSP00000289473	24	7407	0
9606.ENSP00000289528	4	7924	0
9606.ENSP00000289672	1	10744	0
9606.ENSP00000289746	13	8293	0
9606.ENSP00000289749	3	10238	0
9606.ENSP00000289753	5	9236	0
9606.ENSP00000289805	4	9863	0
9606.ENSP00000289902	21	8606	0
9606.ENSP00000289957	11	10729	0
9606.ENSP00000289968	3	10366	0
9606.ENSP00000290130	5	9843	0
9606.ENSP00000290158	29	7929	0
9606.ENSP00000290167	11	10536	0
9606.ENSP00000290200	13	9990	0
9606.ENSP00000290208	102	9707	0
9606.ENSP00000290231	1	10064	0
9606.ENSP00000290246	9	9710	0
9606.ENSP00000290277	12	8979	0
9606.ENSP00000290291	1	10720	0
9606.ENSP00000290295	3	10405	0
9606.ENSP00000290299	29	9926	0
9606.ENSP00000290310	2	10381	0
9606.ENSP00000290341	16	6878	0
9606.ENSP00000290349	4	10741	0
9606.ENSP00000290354	1	10742	0
9606.ENSP00000290374	4	9544	0
9606.ENSP00000290378	18	8717	0
9606.ENSP00000290399	1	10402	0
9606.ENSP00000290401	1	10342	0
9606.ENSP00000290429	36	9872	0
9606.ENSP00000290524	4	9974	0
9606.ENSP00000290541	50	7557	0
9606.ENSP00000290551	5	9974	0
9606.ENSP00000290573	10	10236	0
9606.ENSP00000290649	26	7410	0
9606.ENSP00000290650	3	10107	0
9606.ENSP00000290663	98	7620	0
9606.ENSP00000290722	1	10744	0
9606.ENSP00000290759	3	10454	0
9606.ENSP00000290765	1	10569	0
9606.ENSP00000290866	3	10269	0
9606.ENSP00000290881	2	10330	0
9606.ENSP00000290913	20	9878	0
9606.ENSP00000290921	32	6888	0
9606.ENSP00000290949	38	10465	0
9606.ENSP00000290953	2	10713	0
9606.ENSP00000291009	2	10255	0
9606.ENSP00000291232	8	9074	0
9606.ENSP00000291294	1	10209	0
9606.ENSP00000291295	135	5138	0
9606.ENSP00000291386	12	8449	0
9606.ENSP00000291526	1	10119	0
9606.ENSP00000291527	1	10744	0
9606.ENSP00000291536	1	10744	0
9606.ENSP00000291547	3	10589	0
9606.ENSP00000291552	9	9636	0
9606.ENSP00000291554	2	10432	0
9606.ENSP00000291560	1	9897	0
9606.ENSP00000291565	2	10743	0
9606.ENSP00000291568	2	10640	0
9606.ENSP00000291572	8	10725	0
9606.ENSP00000291574	16	10658	0
9606.ENSP00000291576	71	7685	0
9606.ENSP00000291582	18	8674	0
9606.ENSP00000291592	1	10563	0
9606.ENSP00000291634	39	7717	0
9606.ENSP00000291688	13	8853	0
9606.ENSP00000291700	11	6672	0
9606.ENSP00000291744	9	10043	0
9606.ENSP00000291759	6	9727	0
9606.ENSP00000291860	10	10331	0
9606.ENSP00000291890	37	8009	0
9606.ENSP00000291900	18	8923	0
9606.ENSP00000291906	4	10192	0
9606.ENSP00000292035	97	7624	0
9606.ENSP00000292079	9	10582	0
9606.ENSP00000292114	23	10636	0
9606.ENSP00000292169	5	7982	0
9606.ENSP00000292174	29	9692	0
9606.ENSP00000292180	4	10727	0
9606.ENSP00000292211	2	10743	0
9606.ENSP00000292301	56	8553	0
9606.ENSP00000292303	61	7971	0
9606.ENSP00000292314	25	8991	0
9606.ENSP00000292363	2	10569	0
9606.ENSP00000292377	2	9841	0
9606.ENSP00000292401	1	10703	0
9606.ENSP00000292408	29	7929	0
9606.ENSP00000292427	1	10744	0
9606.ENSP00000292432	9	10236	0
9606.ENSP00000292475	20	10593	0
9606.ENSP00000292476	26	9258	0
9606.ENSP00000292478	3	10693	0
9606.ENSP00000292513	2	10172	0
9606.ENSP00000292524	2	9723	0
9606.ENSP00000292574	1	9461	0
9606.ENSP00000292586	1	9461	0
9606.ENSP00000292599	13	8151	0
9606.ENSP00000292614	133	7099	0
9606.ENSP00000292616	7	10184	0
9606.ENSP00000292782	10	8094	0
9606.ENSP00000292823	1	10744	0
9606.ENSP00000292852	3	9028	0
9606.ENSP00000292853	2	9334	0
9606.ENSP00000292879	2	10447	0
9606.ENSP00000292896	5	9885	0
9606.ENSP00000292907	69	10160	0
9606.ENSP00000293190	29	9631	0
9606.ENSP00000293217	11	10423	0
9606.ENSP00000293288	30	7947	0
9606.ENSP00000293303	1	10220	0
9606.ENSP00000293328	27	6481	0
9606.ENSP00000293330	4	10385	0
9606.ENSP00000293350	3	10597	0
9606.ENSP00000293362	11	9872	0
9606.ENSP00000293373	11	10021	0
9606.ENSP00000293379	32	8112	0
9606.ENSP00000293441	10	9272	0
9606.ENSP00000293549	10	10070	0
9606.ENSP00000293636	2	10066	0
9606.ENSP00000293662	2	10381	0
9606.ENSP00000293695	5	10720	0
9606.ENSP00000293756	2	10716	0
9606.ENSP00000293760	3	10235	0
9606.ENSP00000293761	3	10669	0
9606.ENSP00000293777	97	7664	0
9606.ENSP00000293778	13	9932	0
9606.ENSP00000293805	1	10302	0
9606.ENSP00000293825	4	10318	0
9606.ENSP00000293831	70	7184	0
9606.ENSP00000293860	17	9718	0
9606.ENSP00000293872	15	9716	0
9606.ENSP00000293879	1	10646	0
9606.ENSP00000293883	18	10125	0
9606.ENSP00000293897	2	10522	0
9606.ENSP00000293973	1	10661	0
9606.ENSP00000294008	16	9345	0
9606.ENSP00000294016	3	10339	0
9606.ENSP00000294053	2	10741	0
9606.ENSP00000294117	15	9454	0
9606.ENSP00000294119	24	8711	0
9606.ENSP00000294129	11	9555	0
9606.ENSP00000294168	37	7872	0
9606.ENSP00000294179	36	9836	0
9606.ENSP00000294189	134	6860	0
9606.ENSP00000294244	19	8674	0
9606.ENSP00000294304	41	7504	0
9606.ENSP00000294309	1	10744	0
9606.ENSP00000294312	6	9460	0
9606.ENSP00000294338	3	10491	0
9606.ENSP00000294339	17	8240	0
9606.ENSP00000294353	18	8923	0
9606.ENSP00000294383	1	9915	0
9606.ENSP00000294409	1	10744	0
9606.ENSP00000294413	9	10305	0
9606.ENSP00000294485	1	10706	0
9606.ENSP00000294489	5	9514	0
9606.ENSP00000294507	2	10599	0
9606.ENSP00000294618	1	10629	0
9606.ENSP00000294664	13	10727	0
9606.ENSP00000294702	4	8680	0
9606.ENSP00000294724	4	10444	0
9606.ENSP00000294728	21	8091	0
9606.ENSP00000294740	2	9619	0
9606.ENSP00000294742	17	8673	0
9606.ENSP00000294785	9	8721	0
9606.ENSP00000294952	2	10743	0
9606.ENSP00000294954	7	9315	0
9606.ENSP00000295006	4	10740	0
9606.ENSP00000295025	13	7325	0
9606.ENSP00000295030	8	10048	0
9606.ENSP00000295050	4	8200	0
9606.ENSP00000295079	2	10520	0
9606.ENSP00000295101	3	10675	0
9606.ENSP00000295108	3	10279	0
9606.ENSP00000295119	30	9509	0
9606.ENSP00000295121	10	8804	0
9606.ENSP00000295201	34	10235	0
9606.ENSP00000295225	5	9917	0
9606.ENSP00000295228	9	10502	0
9606.ENSP00000295240	8	10518	0
9606.ENSP00000295256	1	10744	0
9606.ENSP00000295266	4	10687	0
9606.ENSP00000295269	1	10333	0
9606.ENSP00000295304	1	10744	0
9606.ENSP00000295314	5	10521	0
9606.ENSP00000295321	11	9505	0
9606.ENSP00000295379	5	10567	0
9606.ENSP00000295408	3	9928	0
9606.ENSP00000295414	1	10743	0
9606.ENSP00000295448	3	10742	0
9606.ENSP00000295452	9	10063	0
9606.ENSP00000295454	15	9867	0
9606.ENSP00000295491	95	9776	0
9606.ENSP00000295522	20	8852	0
9606.ENSP00000295550	3	10502	0
9606.ENSP00000295588	1	10710	0
9606.ENSP00000295589	9	9074	0
9606.ENSP00000295619	2	10743	0
9606.ENSP00000295633	4	9832	0
9606.ENSP00000295666	4	9788	0
9606.ENSP00000295682	12	10581	0
9606.ENSP00000295683	35	9743	0
9606.ENSP00000295685	19	8638	0
9606.ENSP00000295688	54	5869	0
9606.ENSP00000295702	15	9918	0
9606.ENSP00000295704	1	9740	0
9606.ENSP00000295709	2	10362	0
9606.ENSP00000295718	1	10744	0
9606.ENSP00000295731	9	10209	0
9606.ENSP00000295755	3	9466	0
9606.ENSP00000295756	11	8956	0
9606.ENSP00000295757	1	9568	0
9606.ENSP00000295767	4	10690	0
9606.ENSP00000295770	12	10581	0
9606.ENSP00000295797	13	8210	0
9606.ENSP00000295822	2	9461	0
9606.ENSP00000295824	35	10235	0
9606.ENSP00000295834	4	10024	0
9606.ENSP00000295851	16	8859	0
9606.ENSP00000295872	1	10744	0
9606.ENSP00000295887	1	10744	0
9606.ENSP00000295888	7	8289	0
9606.ENSP00000295897	40	7805	0
9606.ENSP00000295899	10	9867	0
9606.ENSP00000295900	28	7967	0
9606.ENSP00000295926	1	10594	0
9606.ENSP00000295927	12	9878	0
9606.ENSP00000295981	6	10492	0
9606.ENSP00000295987	11	9419	0
9606.ENSP00000296026	13	9876	0
9606.ENSP00000296027	18	9849	0
9606.ENSP00000296028	25	9672	0
9606.ENSP00000296029	29	9411	0
9606.ENSP00000296043	1	10035	0
9606.ENSP00000296046	2	10743	0
9606.ENSP00000296051	12	10468	0
9606.ENSP00000296099	9	9953	0
9606.ENSP00000296102	109	8956	0
9606.ENSP00000296129	2	8437	0
9606.ENSP00000296130	2	9416	0
9606.ENSP00000296135	7	10518	0
9606.ENSP00000296137	4	10345	0
9606.ENSP00000296140	54	9185	0
9606.ENSP00000296145	9	9336	0
9606.ENSP00000296149	5	10358	0
9606.ENSP00000296161	3	9398	0
9606.ENSP00000296181	35	7107	0
9606.ENSP00000296215	83	7935	0
9606.ENSP00000296220	2	10743	0
9606.ENSP00000296255	21	9888	0
9606.ENSP00000296257	5	9957	0
9606.ENSP00000296266	10	10527	0
9606.ENSP00000296271	22	7528	0
9606.ENSP00000296280	9	10562	0
9606.ENSP00000296318	4	10598	0
9606.ENSP00000296327	1	10744	0
9606.ENSP00000296328	21	8527	0
9606.ENSP00000296333	1	10744	0
9606.ENSP00000296343	6	9399	0
9606.ENSP00000296350	1	10210	0
9606.ENSP00000296370	1	10427	0
9606.ENSP00000296387	5	9760	0
9606.ENSP00000296411	1	10744	0
9606.ENSP00000296412	1	10744	0
9606.ENSP00000296417	112	7411	0
9606.ENSP00000296424	1	10744	0
9606.ENSP00000296435	15	8236	0
9606.ENSP00000296452	3	9879	0
9606.ENSP00000296456	1	10594	0
9606.ENSP00000296464	6	8683	0
9606.ENSP00000296473	5	10471	0
9606.ENSP00000296474	2	9257	0
9606.ENSP00000296490	25	7703	0
9606.ENSP00000296503	2	9522	0
9606.ENSP00000296504	27	8259	0
9606.ENSP00000296509	31	8645	0
9606.ENSP00000296518	2	10743	0
9606.ENSP00000296526	30	9016	0
9606.ENSP00000296543	9	10605	0
9606.ENSP00000296545	8	9585	0
9606.ENSP00000296557	1	9552	0
9606.ENSP00000296564	36	8207	0
9606.ENSP00000296575	3	10673	0
9606.ENSP00000296577	105	7409	0
9606.ENSP00000296581	81	8217	0
9606.ENSP00000296585	25	8372	0
9606.ENSP00000296597	29	10284	0
9606.ENSP00000296641	2	10633	0
9606.ENSP00000296674	207	6530	0
9606.ENSP00000296679	14	9878	0
9606.ENSP00000296682	1	10527	0
9606.ENSP00000296684	73	9798	0
9606.ENSP00000296694	1	10744	0
9606.ENSP00000296695	1	10736	0
9606.ENSP00000296702	71	7680	0
9606.ENSP00000296754	1	10744	0
9606.ENSP00000296755	3	9008	0
9606.ENSP00000296782	18	7233	0
9606.ENSP00000296785	4	9895	0
9606.ENSP00000296786	1	10016	0
9606.ENSP00000296792	67	7692	0
9606.ENSP00000296795	21	7254	0
9606.ENSP00000296849	1	10626	0
9606.ENSP00000296859	4	10312	0
9606.ENSP00000296861	2	9202	0
9606.ENSP00000296870	13	9539	0
9606.ENSP00000296871	21	8530	0
9606.ENSP00000296930	35	5287	0
9606.ENSP00000296946	2	10423	0
9606.ENSP00000296953	1	10282	0
9606.ENSP00000296980	1	10728	0
9606.ENSP00000297012	34	7853	0
9606.ENSP00000297029	8	9200	0
9606.ENSP00000297044	1	10540	0
9606.ENSP00000297056	1	10744	0
9606.ENSP00000297071	4	10274	0
9606.ENSP00000297109	19	8551	0
9606.ENSP00000297135	7	10630	0
9606.ENSP00000297145	7	10628	0
9606.ENSP00000297146	1	10617	0
9606.ENSP00000297151	63	8668	0
9606.ENSP00000297156	5	10247	0
9606.ENSP00000297185	51	6070	0
9606.ENSP00000297205	1	10744	0
9606.ENSP00000297258	2	10553	0
9606.ENSP00000297261	14	9872	0
9606.ENSP00000297265	16	10314	0
9606.ENSP00000297268	13	8868	0
9606.ENSP00000297283	2	10743	0
9606.ENSP00000297313	2	10354	0
9606.ENSP00000297316	2	8380	0
9606.ENSP00000297323	3	10034	0
9606.ENSP00000297325	2	10684	0
9606.ENSP00000297338	19	8359	0
9606.ENSP00000297347	97	7620	0
9606.ENSP00000297350	2	10460	0
9606.ENSP00000297423	1	9942	0
9606.ENSP00000297431	20	9338	0
9606.ENSP00000297439	7	8239	0
9606.ENSP00000297459	1	10383	0
9606.ENSP00000297494	19	6977	0
9606.ENSP00000297504	17	10284	0
9606.ENSP00000297508	5	9861	0
9606.ENSP00000297512	3	10732	0
9606.ENSP00000297540	7	9018	0
9606.ENSP00000297579	105	7009	0
9606.ENSP00000297581	2	10083	0
9606.ENSP00000297591	13	9487	0
9606.ENSP00000297613	10	10144	0
9606.ENSP00000297679	1	9461	0
9606.ENSP00000297689	1	10744	0
9606.ENSP00000297785	3	10742	0
9606.ENSP00000297792	7	9603	0
9606.ENSP00000297837	5	10532	0
9606.ENSP00000297848	7	10087	0
9606.ENSP00000297857	1	10065	0
9606.ENSP00000297904	7	9611	0
9606.ENSP00000297954	1	10744	0
9606.ENSP00000297990	77	7452	0
9606.ENSP00000298048	1	10205	0
9606.ENSP00000298097	1	9553	0
9606.ENSP00000298130	7	10726	0
9606.ENSP00000298139	23	7105	0
9606.ENSP00000298159	11	8508	0
9606.ENSP00000298229	18	7173	0
9606.ENSP00000298281	13	9920	0
9606.ENSP00000298282	1	10594	0
9606.ENSP00000298283	100	7118	0
9606.ENSP00000298288	21	8745	0
9606.ENSP00000298292	2	8598	0
9606.ENSP00000298307	18	8923	0
9606.ENSP00000298310	46	8179	0
9606.ENSP00000298316	17	8126	0
9606.ENSP00000298317	2	10693	0
9606.ENSP00000298351	3	10238	0
9606.ENSP00000298352	2	10260	0
9606.ENSP00000298355	3	9250	0
9606.ENSP00000298386	6	10129	0
9606.ENSP00000298428	7	9890	0
9606.ENSP00000298492	4	10326	0
9606.ENSP00000298510	1	10535	0
9606.ENSP00000298527	3	9898	0
9606.ENSP00000298532	9	9580	0
9606.ENSP00000298542	1	10626	0
9606.ENSP00000298552	28	7304	0
9606.ENSP00000298556	1	10744	0
9606.ENSP00000298573	1	10249	0
9606.ENSP00000298717	15	8271	0
9606.ENSP00000298743	6	10406	0
9606.ENSP00000298767	10	10136	0
9606.ENSP00000298786	3	10421	0
9606.ENSP00000298875	30	8887	0
9606.ENSP00000298892	1	10421	0
9606.ENSP00000298910	22	6228	0
9606.ENSP00000298925	1	10717	0
9606.ENSP00000299001	5	10420	0
9606.ENSP00000299022	13	10084	0
9606.ENSP00000299084	4	10195	0
9606.ENSP00000299106	17	8394	0
9606.ENSP00000299138	15	9403	0
9606.ENSP00000299155	2	10500	0
9606.ENSP00000299157	2	9723	0
9606.ENSP00000299163	9	8448	0
9606.ENSP00000299166	74	9796	0
9606.ENSP00000299178	6	10337	0
9606.ENSP00000299192	2	9627	0
9606.ENSP00000299198	6	8540	0
9606.ENSP00000299238	12	10468	0
9606.ENSP00000299259	25	7387	0
9606.ENSP00000299299	4	10525	0
9606.ENSP00000299300	56	5882	0
9606.ENSP00000299314	1	10744	0
9606.ENSP00000299367	3	10647	0
9606.ENSP00000299424	123	7135	0
9606.ENSP00000299427	3	10242	0
9606.ENSP00000299440	1	10434	0
9606.ENSP00000299441	1	10744	0
9606.ENSP00000299518	5	10733	0
9606.ENSP00000299563	1	9641	0
9606.ENSP00000299565	4	10729	0
9606.ENSP00000299575	2	9590	0
9606.ENSP00000299601	84	7332	0
9606.ENSP00000299638	13	9566	0
9606.ENSP00000299663	5	9178	0
9606.ENSP00000299665	3	10382	0
9606.ENSP00000299697	9	10669	0
9606.ENSP00000299705	15	10502	0
9606.ENSP00000299721	3	10581	0
9606.ENSP00000299727	7	9938	0
9606.ENSP00000299736	1	10227	0
9606.ENSP00000299766	3	10060	0
9606.ENSP00000299767	36	6128	0
9606.ENSP00000299821	4	10688	0
9606.ENSP00000299824	1	10525	0
9606.ENSP00000299847	1	10730	0
9606.ENSP00000299853	20	9717	0
9606.ENSP00000299855	9	9898	0
9606.ENSP00000299886	7	10630	0
9606.ENSP00000300026	12	9128	0
9606.ENSP00000300030	4	10520	0
9606.ENSP00000300035	2	8058	0
9606.ENSP00000300055	3	10415	0
9606.ENSP00000300056	3	10596	0
9606.ENSP00000300060	8	9213	0
9606.ENSP00000300061	13	9592	0
9606.ENSP00000300086	12	8353	0
9606.ENSP00000300087	21	8701	0
9606.ENSP00000300093	30	6400	0
9606.ENSP00000300105	55	8922	0
9606.ENSP00000300107	2	10741	0
9606.ENSP00000300113	1	10333	0
9606.ENSP00000300131	4	9852	0
9606.ENSP00000300134	17	7815	0
9606.ENSP00000300145	25	8168	0
9606.ENSP00000300146	18	9848	0
9606.ENSP00000300151	107	9012	0
9606.ENSP00000300213	1	10326	0
9606.ENSP00000300231	7	8618	0
9606.ENSP00000300245	5	10334	0
9606.ENSP00000300249	1	10372	0
9606.ENSP00000300283	3	10607	0
9606.ENSP00000300289	18	6763	0
9606.ENSP00000300291	10	9873	0
9606.ENSP00000300305	45	5841	0
9606.ENSP00000300403	4	9683	0
9606.ENSP00000300413	147	7621	0
9606.ENSP00000300452	5	10738	0
9606.ENSP00000300456	1	10741	0
9606.ENSP00000300527	2	10726	0
9606.ENSP00000300574	34	6576	0
9606.ENSP00000300589	14	8305	0
9606.ENSP00000300648	8	9384	0
9606.ENSP00000300651	126	5374	0
9606.ENSP00000300659	9	9780	0
9606.ENSP00000300688	20	10590	0
9606.ENSP00000300692	13	8429	0
9606.ENSP00000300738	2	10420	0
9606.ENSP00000300873	8	9797	0
9606.ENSP00000300900	1	10744	0
9606.ENSP00000300935	27	8602	0
9606.ENSP00000301019	23	8601	0
9606.ENSP00000301046	9	8655	0
9606.ENSP00000301050	35	9747	0
9606.ENSP00000301061	4	10245	0
9606.ENSP00000301067	18	7268	0
9606.ENSP00000301141	5	10666	0
9606.ENSP00000301149	1	10744	0
9606.ENSP00000301159	10	9545	0
9606.ENSP00000301175	3	10729	0
9606.ENSP00000301178	8	7868	0
9606.ENSP00000301180	1	10091	0
9606.ENSP00000301200	2	9649	0
9606.ENSP00000301218	5	9792	0
9606.ENSP00000301242	1	10525	0
9606.ENSP00000301280	4	8662	0
9606.ENSP00000301281	12	9601	0
9606.ENSP00000301295	6	9140	0
9606.ENSP00000301336	10	10174	0
9606.ENSP00000301364	47	7552	0
9606.ENSP00000301365	1	10621	0
9606.ENSP00000301396	30	7398	0
9606.ENSP00000301408	7	9315	0
9606.ENSP00000301420	2	10738	0
9606.ENSP00000301452	8	10736	0
9606.ENSP00000301454	3	10733	0
9606.ENSP00000301455	4	9526	0
9606.ENSP00000301457	71	10160	0
9606.ENSP00000301458	1	10669	0
9606.ENSP00000301459	2	9819	0
9606.ENSP00000301464	3	10140	0
9606.ENSP00000301466	1	10744	0
9606.ENSP00000301585	102	9707	0
9606.ENSP00000301587	23	10488	0
9606.ENSP00000301599	1	10252	0
9606.ENSP00000301633	7	9614	0
9606.ENSP00000301653	2	10731	0
9606.ENSP00000301691	2	10246	0
9606.ENSP00000301727	3	7904	0
9606.ENSP00000301729	2	10682	0
9606.ENSP00000301738	3	10055	0
9606.ENSP00000301740	121	7720	0
9606.ENSP00000301761	4	10643	0
9606.ENSP00000301764	119	5743	0
9606.ENSP00000301765	23	9700	0
9606.ENSP00000301785	1	10744	0
9606.ENSP00000301788	138	7007	0
9606.ENSP00000301825	4	10727	0
9606.ENSP00000301838	33	7556	0
9606.ENSP00000301873	5	9988	0
9606.ENSP00000301887	3	9627	0
9606.ENSP00000301896	2	10703	0
9606.ENSP00000301908	2	9973	0
9606.ENSP00000301945	1	10706	0
9606.ENSP00000301962	1	8050	0
9606.ENSP00000301972	6	10166	0
9606.ENSP00000302037	4	9997	0
9606.ENSP00000302079	3	10190	0
9606.ENSP00000302100	1	9727	0
9606.ENSP00000302108	2	10743	0
9606.ENSP00000302114	1	10744	0
9606.ENSP00000302150	14	8809	0
9606.ENSP00000302160	77	8217	0
9606.ENSP00000302177	9	10685	0
9606.ENSP00000302194	28	10621	0
9606.ENSP00000302232	4	10501	0
9606.ENSP00000302234	41	8713	0
9606.ENSP00000302276	3	10606	0
9606.ENSP00000302289	4	10721	0
9606.ENSP00000302297	2	10647	0
9606.ENSP00000302324	2	10740	0
9606.ENSP00000302327	21	7579	0
9606.ENSP00000302413	1	10483	0
9606.ENSP00000302476	9	7051	0
9606.ENSP00000302478	27	9663	0
9606.ENSP00000302486	21	7572	0
9606.ENSP00000302530	22	8605	0
9606.ENSP00000302543	2	9875	0
9606.ENSP00000302548	11	10551	0
9606.ENSP00000302569	11	7749	0
9606.ENSP00000302599	1	10732	0
9606.ENSP00000302620	7	9160	0
9606.ENSP00000302621	2	10355	0
9606.ENSP00000302625	20	7242	0
9606.ENSP00000302629	2	10743	0
9606.ENSP00000302640	8	9603	0
9606.ENSP00000302648	8	10293	0
9606.ENSP00000302716	1	10744	0
9606.ENSP00000302724	5	10617	0
9606.ENSP00000302728	1	10679	0
9606.ENSP00000302768	15	9268	0
9606.ENSP00000302783	17	10589	0
9606.ENSP00000302790	3	10361	0
9606.ENSP00000302801	2	10716	0
9606.ENSP00000302811	5	9973	0
9606.ENSP00000302830	6	10215	0
9606.ENSP00000302846	3	9551	0
9606.ENSP00000302886	91	6952	0
9606.ENSP00000302898	5	9891	0
9606.ENSP00000302913	2	10605	0
9606.ENSP00000302935	2	10034	0
9606.ENSP00000302961	96	3987	0
9606.ENSP00000302967	34	7227	0
9606.ENSP00000302968	21	8674	0
9606.ENSP00000303015	29	8979	0
9606.ENSP00000303058	1	10744	0
9606.ENSP00000303077	6	10730	0
9606.ENSP00000303145	20	9834	0
9606.ENSP00000303147	2	10482	0
9606.ENSP00000303153	2	10720	0
9606.ENSP00000303158	3	9633	0
9606.ENSP00000303174	7	10738	0
9606.ENSP00000303178	21	8674	0
9606.ENSP00000303192	2	9864	0
9606.ENSP00000303208	9	8763	0
9606.ENSP00000303211	2	10399	0
9606.ENSP00000303231	4	10460	0
9606.ENSP00000303276	3	10738	0
9606.ENSP00000303315	12	9203	0
9606.ENSP00000303325	2	10710	0
9606.ENSP00000303366	2	10639	0
9606.ENSP00000303373	122	5601	0
9606.ENSP00000303394	16	6679	0
9606.ENSP00000303398	2	8935	0
9606.ENSP00000303423	3	10742	0
9606.ENSP00000303424	1	9441	0
9606.ENSP00000303427	11	10136	0
9606.ENSP00000303437	3	10475	0
9606.ENSP00000303452	1	10477	0
9606.ENSP00000303468	3	10366	0
9606.ENSP00000303507	3	8727	0
9606.ENSP00000303511	6	10290	0
9606.ENSP00000303522	8	8564	0
9606.ENSP00000303525	2	10512	0
9606.ENSP00000303532	7	9229	0
9606.ENSP00000303540	5	10553	0
9606.ENSP00000303570	1	10491	0
9606.ENSP00000303575	2	10736	0
9606.ENSP00000303584	15	8535	0
9606.ENSP00000303634	12	8371	0
9606.ENSP00000303686	3	10078	0
9606.ENSP00000303706	4	9191	0
9606.ENSP00000303709	21	8882	0
9606.ENSP00000303754	17	6189	0
9606.ENSP00000303758	1	10668	0
9606.ENSP00000303775	2	10743	0
9606.ENSP00000303830	18	8073	0
9606.ENSP00000303908	13	10036	0
9606.ENSP00000303920	3	9979	0
9606.ENSP00000303942	6	9562	0
9606.ENSP00000303963	3	10577	0
9606.ENSP00000303978	4	10738	0
9606.ENSP00000303992	2	10397	0
9606.ENSP00000304004	1	10169	0
9606.ENSP00000304051	8	9556	0
9606.ENSP00000304102	25	7387	0
9606.ENSP00000304147	14	8791	0
9606.ENSP00000304226	1	10383	0
9606.ENSP00000304250	1	10393	0
9606.ENSP00000304277	1	10744	0
9606.ENSP00000304283	32	7750	0
9606.ENSP00000304290	12	10729	0
9606.ENSP00000304292	4	10466	0
9606.ENSP00000304327	2	9955	0
9606.ENSP00000304336	8	9382	0
9606.ENSP00000304353	35	8154	0
9606.ENSP00000304364	2	10743	0
9606.ENSP00000304408	10	10446	0
9606.ENSP00000304422	3	10247	0
9606.ENSP00000304429	1	10510	0
9606.ENSP00000304437	13	10020	0
9606.ENSP00000304467	1	9648	0
9606.ENSP00000304501	2	10169	0
9606.ENSP00000304586	3	10678	0
9606.ENSP00000304592	9	10029	0
9606.ENSP00000304593	10	9059	0
9606.ENSP00000304604	5	9826	0
9606.ENSP00000304642	2	10333	0
9606.ENSP00000304643	86	5178	0
9606.ENSP00000304669	22	6833	0
9606.ENSP00000304767	1	10744	0
9606.ENSP00000304802	3	10727	0
9606.ENSP00000304811	1	10716	0
9606.ENSP00000304822	3	10582	0
9606.ENSP00000304845	7	10738	0
9606.ENSP00000304891	25	10597	0
9606.ENSP00000304895	35	5922	0
9606.ENSP00000304903	18	9332	0
9606.ENSP00000304915	5	9607	0
9606.ENSP00000304930	1	10421	0
9606.ENSP00000304941	13	10529	0
9606.ENSP00000304945	5	9821	0
9606.ENSP00000304987	2	10436	0
9606.ENSP00000305071	6	9661	0
9606.ENSP00000305133	5	9786	0
9606.ENSP00000305161	2	10469	0
9606.ENSP00000305230	90	7189	0
9606.ENSP00000305255	26	10138	0
9606.ENSP00000305260	28	9584	0
9606.ENSP00000305288	11	9692	0
9606.ENSP00000305302	2	10427	0
9606.ENSP00000305372	25	6752	0
9606.ENSP00000305416	5	9973	0
9606.ENSP00000305422	25	6711	0
9606.ENSP00000305442	9	10587	0
9606.ENSP00000305449	2	10733	0
9606.ENSP00000305480	15	8685	0
9606.ENSP00000305494	1	10744	0
9606.ENSP00000305529	5	9588	0
9606.ENSP00000305556	9	8018	0
9606.ENSP00000305595	2	10743	0
9606.ENSP00000305603	2	10743	0
9606.ENSP00000305613	23	9900	0
9606.ENSP00000305632	4	10417	0
9606.ENSP00000305647	1	10567	0
9606.ENSP00000305651	34	9146	0
9606.ENSP00000305675	2	10679	0
9606.ENSP00000305682	102	9707	0
9606.ENSP00000305696	35	9970	0
9606.ENSP00000305699	5	10426	0
9606.ENSP00000305714	4	9551	0
9606.ENSP00000305725	2	10743	0
9606.ENSP00000305742	1	10744	0
9606.ENSP00000305766	3	9869	0
9606.ENSP00000305769	13	8346	0
9606.ENSP00000305790	126	7231	0
9606.ENSP00000305810	26	10250	0
9606.ENSP00000305875	3	10421	0
9606.ENSP00000305877	5	9996	0
9606.ENSP00000305899	2	9831	0
9606.ENSP00000305918	9	8486	0
9606.ENSP00000305924	1	10653	0
9606.ENSP00000305941	6	10556	0
9606.ENSP00000305988	5	9715	0
9606.ENSP00000305995	2	10093	0
9606.ENSP00000306003	21	10491	0
9606.ENSP00000306010	5	8859	0
9606.ENSP00000306080	48	10039	0
9606.ENSP00000306099	11	9016	0
9606.ENSP00000306100	1	10641	0
9606.ENSP00000306105	4	10626	0
9606.ENSP00000306117	5	10035	0
9606.ENSP00000306123	1	10598	0
9606.ENSP00000306124	3	9310	0
9606.ENSP00000306138	9	9587	0
9606.ENSP00000306157	7	9923	0
9606.ENSP00000306163	2	10576	0
9606.ENSP00000306185	2	10248	0
9606.ENSP00000306220	9	10640	0
9606.ENSP00000306245	41	5726	0
9606.ENSP00000306253	25	6368	0
9606.ENSP00000306275	3	10643	0
9606.ENSP00000306285	1	10744	0
9606.ENSP00000306320	4	10507	0
9606.ENSP00000306330	21	7987	0
9606.ENSP00000306397	78	9757	0
9606.ENSP00000306410	2	10727	0
9606.ENSP00000306449	1	10672	0
9606.ENSP00000306459	2	10722	0
9606.ENSP00000306461	1	10737	0
9606.ENSP00000306473	1	9755	0
9606.ENSP00000306490	11	10313	0
9606.ENSP00000306496	4	9981	0
9606.ENSP00000306497	10	9765	0
9606.ENSP00000306512	32	7490	0
9606.ENSP00000306548	111	8666	0
9606.ENSP00000306561	1	10592	0
9606.ENSP00000306606	2	10743	0
9606.ENSP00000306614	49	8790	0
9606.ENSP00000306625	10	9512	0
9606.ENSP00000306662	2	10743	0
9606.ENSP00000306670	1	9484	0
9606.ENSP00000306752	1	10728	0
9606.ENSP00000306760	2	10741	0
9606.ENSP00000306772	12	9538	0
9606.ENSP00000306788	1	9461	0
9606.ENSP00000306822	2	9890	0
9606.ENSP00000306844	1	10663	0
9606.ENSP00000306866	43	8030	0
9606.ENSP00000306881	18	10129	0
9606.ENSP00000306884	35	9185	0
9606.ENSP00000306894	1	10341	0
9606.ENSP00000306902	107	9012	0
9606.ENSP00000306906	3	9425	0
9606.ENSP00000306920	7	10494	0
9606.ENSP00000306983	34	8064	0
9606.ENSP00000306997	2	10316	0
9606.ENSP00000307004	6	9714	0
9606.ENSP00000307023	1	9672	0
9606.ENSP00000307046	10	8957	0
9606.ENSP00000307078	18	9318	0
9606.ENSP00000307126	1	10744	0
9606.ENSP00000307134	2	9943	0
9606.ENSP00000307143	13	9192	0
9606.ENSP00000307156	9	10585	0
9606.ENSP00000307181	11	9143	0
9606.ENSP00000307183	41	6992	0
9606.ENSP00000307199	4	10095	0
9606.ENSP00000307208	30	8312	0
9606.ENSP00000307235	2	8252	0
9606.ENSP00000307241	10	10687	0
9606.ENSP00000307259	1	10744	0
9606.ENSP00000307265	3	10604	0
9606.ENSP00000307272	36	6855	0
9606.ENSP00000307275	1	9906	0
9606.ENSP00000307280	19	10259	0
9606.ENSP00000307288	38	8486	0
9606.ENSP00000307292	3	9328	0
9606.ENSP00000307298	18	8923	0
9606.ENSP00000307305	4	8923	0
9606.ENSP00000307342	3	10721	0
9606.ENSP00000307411	5	9544	0
9606.ENSP00000307479	9	8873	0
9606.ENSP00000307491	12	7785	0
9606.ENSP00000307513	2	10685	0
9606.ENSP00000307567	17	8961	0
9606.ENSP00000307666	3	10682	0
9606.ENSP00000307674	3	10742	0
9606.ENSP00000307684	36	8045	0
9606.ENSP00000307697	3	10701	0
9606.ENSP00000307701	1	10518	0
9606.ENSP00000307705	36	8344	0
9606.ENSP00000307766	5	9973	0
9606.ENSP00000307774	1	10676	0
9606.ENSP00000307786	28	8076	0
9606.ENSP00000307822	2	10740	0
9606.ENSP00000307833	3	9028	0
9606.ENSP00000307850	3	9490	0
9606.ENSP00000307853	7	10150	0
9606.ENSP00000307858	1	10490	0
9606.ENSP00000307863	46	8927	0
9606.ENSP00000307889	136	6860	0
9606.ENSP00000307900	4	9989	0
9606.ENSP00000307911	1	10744	0
9606.ENSP00000307939	8	10339	0
9606.ENSP00000307940	92	7452	0
9606.ENSP00000307959	6	9328	0
9606.ENSP00000307971	2	10743	0
9606.ENSP00000308012	1	10570	0
9606.ENSP00000308022	36	7888	0
9606.ENSP00000308032	2	10710	0
9606.ENSP00000308117	1	9617	0
9606.ENSP00000308122	29	10593	0
9606.ENSP00000308179	73	7685	0
9606.ENSP00000308193	2	10681	0
9606.ENSP00000308208	8	9175	0
9606.ENSP00000308219	9	10072	0
9606.ENSP00000308236	28	7598	0
9606.ENSP00000308258	1	10744	0
9606.ENSP00000308275	102	9707	0
9606.ENSP00000308318	8	10138	0
9606.ENSP00000308339	2	10565	0
9606.ENSP00000308351	19	9041	0
9606.ENSP00000308354	1	10744	0
9606.ENSP00000308369	7	8807	0
9606.ENSP00000308405	25	8438	0
9606.ENSP00000308413	3	9323	0
9606.ENSP00000308430	13	10270	0
9606.ENSP00000308452	2	9989	0
9606.ENSP00000308461	13	9857	0
9606.ENSP00000308472	12	9534	0
9606.ENSP00000308533	16	9718	0
9606.ENSP00000308541	19	9675	0
9606.ENSP00000308546	5	9982	0
9606.ENSP00000308548	2	10462	0
9606.ENSP00000308576	9	10319	0
9606.ENSP00000308583	55	8228	0
9606.ENSP00000308622	6	10172	0
9606.ENSP00000308717	99	9707	0
9606.ENSP00000308720	6	10717	0
9606.ENSP00000308725	17	9867	0
9606.ENSP00000308733	1	10467	0
9606.ENSP00000308750	75	7197	0
9606.ENSP00000308753	5	10521	0
9606.ENSP00000308770	1	10742	0
9606.ENSP00000308772	2	10703	0
9606.ENSP00000308782	12	7949	0
9606.ENSP00000308815	23	9678	0
9606.ENSP00000308897	107	9017	0
9606.ENSP00000308925	4	9508	0
9606.ENSP00000308938	45	7024	0
9606.ENSP00000308944	5	9389	0
9606.ENSP00000309031	8	9443	0
9606.ENSP00000309052	32	9839	0
9606.ENSP00000309092	1	10744	0
9606.ENSP00000309096	2	10743	0
9606.ENSP00000309116	6	9654	0
9606.ENSP00000309124	4	8408	0
9606.ENSP00000309132	1	9461	0
9606.ENSP00000309245	1	10458	0
9606.ENSP00000309262	1	9672	0
9606.ENSP00000309334	137	6860	0
9606.ENSP00000309336	11	10551	0
9606.ENSP00000309338	2	10675	0
9606.ENSP00000309402	1	10722	0
9606.ENSP00000309415	27	8954	0
9606.ENSP00000309430	4	10741	0
9606.ENSP00000309432	1	10462	0
9606.ENSP00000309439	1	10698	0
9606.ENSP00000309457	9	10424	0
9606.ENSP00000309474	45	7577	0
9606.ENSP00000309477	2	10618	0
9606.ENSP00000309493	2	10595	0
9606.ENSP00000309504	1	10744	0
9606.ENSP00000309521	2	9200	0
9606.ENSP00000309538	1	9461	0
9606.ENSP00000309542	2	10743	0
9606.ENSP00000309548	1	10744	0
9606.ENSP00000309555	77	7019	0
9606.ENSP00000309565	68	10160	0
9606.ENSP00000309572	53	5807	0
9606.ENSP00000309591	38	6819	0
9606.ENSP00000309595	3	10281	0
9606.ENSP00000309597	5	9486	0
9606.ENSP00000309644	15	8373	0
9606.ENSP00000309714	3	9775	0
9606.ENSP00000309749	3	10132	0
9606.ENSP00000309767	21	9271	0
9606.ENSP00000309790	4	9708	0
9606.ENSP00000309830	142	6689	0
9606.ENSP00000309913	9	7624	0
9606.ENSP00000309953	2	10473	0
9606.ENSP00000309968	4	10359	0
9606.ENSP00000310003	22	9645	0
9606.ENSP00000310006	2	9458	0
9606.ENSP00000310008	25	8168	0
9606.ENSP00000310036	23	8031	0
9606.ENSP00000310042	47	9292	0
9606.ENSP00000310094	3	10587	0
9606.ENSP00000310120	1	10744	0
9606.ENSP00000310129	48	6756	0
9606.ENSP00000310170	7	9399	0
9606.ENSP00000310208	1	10579	0
9606.ENSP00000310216	9	10331	0
9606.ENSP00000310219	5	8153	0
9606.ENSP00000310226	12	10166	0
9606.ENSP00000310244	1	10744	0
9606.ENSP00000310260	42	8975	0
9606.ENSP00000310263	4	10365	0
9606.ENSP00000310301	1	8739	0
9606.ENSP00000310305	1	10218	0
9606.ENSP00000310332	3	9334	0
9606.ENSP00000310335	2	10736	0
9606.ENSP00000310356	9	9022	0
9606.ENSP00000310405	11	9886	0
9606.ENSP00000310406	1	9805	0
9606.ENSP00000310447	2	10695	0
9606.ENSP00000310448	65	8678	0
9606.ENSP00000310491	4	9077	0
9606.ENSP00000310520	32	7727	0
9606.ENSP00000310521	3	10497	0
9606.ENSP00000310551	13	10685	0
9606.ENSP00000310557	6	9626	0
9606.ENSP00000310572	52	6365	0
9606.ENSP00000310596	12	9865	0
9606.ENSP00000310620	4	10486	0
9606.ENSP00000310623	7	9926	0
9606.ENSP00000310631	3	9973	0
9606.ENSP00000310668	32	9594	0
9606.ENSP00000310670	4	8659	0
9606.ENSP00000310688	3	10657	0
9606.ENSP00000310696	3	10578	0
9606.ENSP00000310723	48	8930	0
9606.ENSP00000310726	101	9707	0
9606.ENSP00000310829	13	10727	0
9606.ENSP00000310841	4	8697	0
9606.ENSP00000310842	24	6978	0
9606.ENSP00000310861	5	10717	0
9606.ENSP00000310928	9	9040	0
9606.ENSP00000310933	2	9493	0
9606.ENSP00000311005	2	10649	0
9606.ENSP00000311032	12	8445	0
9606.ENSP00000311035	5	10082	0
9606.ENSP00000311083	23	7106	0
9606.ENSP00000311095	2	10735	0
9606.ENSP00000311121	36	9447	0
9606.ENSP00000311127	10	9471	0
9606.ENSP00000311135	69	7766	0
9606.ENSP00000311165	6	10435	0
9606.ENSP00000311184	2	10391	0
9606.ENSP00000311196	4	9967	0
9606.ENSP00000311219	1	10545	0
9606.ENSP00000311224	10	10547	0
9606.ENSP00000311273	13	10727	0
9606.ENSP00000311280	1	10645	0
9606.ENSP00000311290	1	8579	0
9606.ENSP00000311291	1	10489	0
9606.ENSP00000311313	1	10744	0
9606.ENSP00000311318	1	10373	0
9606.ENSP00000311344	35	8726	0
9606.ENSP00000311360	28	7863	0
9606.ENSP00000311368	6	9400	0
9606.ENSP00000311399	10	10162	0
9606.ENSP00000311405	5	10429	0
9606.ENSP00000311427	2	10579	0
9606.ENSP00000311429	3	10368	0
9606.ENSP00000311430	138	6860	0
9606.ENSP00000311449	18	9643	0
9606.ENSP00000311469	5	9845	0
9606.ENSP00000311486	8	10627	0
9606.ENSP00000311500	16	8847	0
9606.ENSP00000311502	2	10560	0
9606.ENSP00000311505	7	9506	0
9606.ENSP00000311513	11	7697	0
9606.ENSP00000311538	1	10165	0
9606.ENSP00000311579	9	8827	0
9606.ENSP00000311609	1	9475	0
9606.ENSP00000311648	1	10744	0
9606.ENSP00000311677	19	8557	0
9606.ENSP00000311697	12	8621	0
9606.ENSP00000311747	7	9375	0
9606.ENSP00000311816	9	8219	0
9606.ENSP00000311825	16	7451	0
9606.ENSP00000311827	31	7499	0
9606.ENSP00000311837	14	9615	0
9606.ENSP00000311899	1	10708	0
9606.ENSP00000311905	1	10228	0
9606.ENSP00000311962	6	9824	0
9606.ENSP00000311997	4	10689	0
9606.ENSP00000312002	18	8048	0
9606.ENSP00000312021	1	10728	0
9606.ENSP00000312027	2	10419	0
9606.ENSP00000312066	93	7189	0
9606.ENSP00000312081	2	10743	0
9606.ENSP00000312082	6	9441	0
9606.ENSP00000312107	10	9629	0
9606.ENSP00000312126	2	10544	0
9606.ENSP00000312129	1	10683	0
9606.ENSP00000312134	1	10715	0
9606.ENSP00000312143	1	8401	0
9606.ENSP00000312150	2	9920	0
9606.ENSP00000312158	3	10453	0
9606.ENSP00000312185	24	9270	0
9606.ENSP00000312244	45	7324	0
9606.ENSP00000312250	8	10678	0
9606.ENSP00000312262	21	7552	0
9606.ENSP00000312273	1	10647	0
9606.ENSP00000312311	104	9262	0
9606.ENSP00000312326	5	10674	0
9606.ENSP00000312356	3	10379	0
9606.ENSP00000312367	2	10260	0
9606.ENSP00000312379	21	8417	0
9606.ENSP00000312397	34	8874	0
9606.ENSP00000312442	19	9649	0
9606.ENSP00000312455	19	8783	0
9606.ENSP00000312506	2	9763	0
9606.ENSP00000312535	1	10685	0
9606.ENSP00000312599	3	10431	0
9606.ENSP00000312617	3	9949	0
9606.ENSP00000312618	11	10324	0
9606.ENSP00000312624	8	10485	0
9606.ENSP00000312631	2	9771	0
9606.ENSP00000312649	23	8638	0
9606.ENSP00000312652	18	8840	0
9606.ENSP00000312663	12	10729	0
9606.ENSP00000312664	6	9882	0
9606.ENSP00000312673	15	9590	0
9606.ENSP00000312675	5	9599	0
9606.ENSP00000312709	138	7106	0
9606.ENSP00000312734	6	9837	0
9606.ENSP00000312741	8	9218	0
9606.ENSP00000312778	18	10469	0
9606.ENSP00000312811	1	10743	0
9606.ENSP00000312814	2	10208	0
9606.ENSP00000312834	2	10519	0
9606.ENSP00000312946	2	10307	0
9606.ENSP00000312981	45	8965	0
9606.ENSP00000312987	21	6828	0
9606.ENSP00000312988	9	8455	0
9606.ENSP00000312995	35	8260	0
9606.ENSP00000312999	39	8464	0
9606.ENSP00000313007	49	7113	0
9606.ENSP00000313034	31	7888	0
9606.ENSP00000313050	1	10440	0
9606.ENSP00000313169	6	10021	0
9606.ENSP00000313171	9	9163	0
9606.ENSP00000313172	1	9766	0
9606.ENSP00000313199	22	7209	0
9606.ENSP00000313309	3	10742	0
9606.ENSP00000313377	2	10743	0
9606.ENSP00000313391	12	8504	0
9606.ENSP00000313419	20	8295	0
9606.ENSP00000313420	42	6225	0
9606.ENSP00000313423	5	10300	0
9606.ENSP00000313432	2	10734	0
9606.ENSP00000313454	7	7919	0
9606.ENSP00000313504	10	9515	0
9606.ENSP00000313571	3	9723	0
9606.ENSP00000313581	2	10738	0
9606.ENSP00000313582	1	10261	0
9606.ENSP00000313600	6	10733	0
9606.ENSP00000313603	26	8933	0
9606.ENSP00000313681	8	9049	0
9606.ENSP00000313752	1	9894	0
9606.ENSP00000313809	2	10743	0
9606.ENSP00000313811	2	9968	0
9606.ENSP00000313829	12	6979	0
9606.ENSP00000313851	11	9619	0
9606.ENSP00000313869	3	10010	0
9606.ENSP00000313875	11	9428	0
9606.ENSP00000313877	1	10230	0
9606.ENSP00000313933	25	8766	0
9606.ENSP00000313950	24	7126	0
9606.ENSP00000313967	4	10728	0
9606.ENSP00000313983	46	8312	0
9606.ENSP00000313995	18	8923	0
9606.ENSP00000314004	50	6813	0
9606.ENSP00000314029	30	7708	0
9606.ENSP00000314030	7	9030	0
9606.ENSP00000314036	8	10725	0
9606.ENSP00000314042	3	9869	0
9606.ENSP00000314067	11	9322	0
9606.ENSP00000314080	2	10090	0
9606.ENSP00000314099	1	10744	0
9606.ENSP00000314116	12	10529	0
9606.ENSP00000314129	3	10311	0
9606.ENSP00000314132	1	10522	0
9606.ENSP00000314151	4	10362	0
9606.ENSP00000314157	14	10261	0
9606.ENSP00000314193	71	7692	0
9606.ENSP00000314223	3	9973	0
9606.ENSP00000314299	3	10475	0
9606.ENSP00000314348	1	10298	0
9606.ENSP00000314420	7	9232	0
9606.ENSP00000314441	1	10744	0
9606.ENSP00000314444	11	10298	0
9606.ENSP00000314484	1	10744	0
9606.ENSP00000314499	9	8647	0
9606.ENSP00000314505	12	9512	0
9606.ENSP00000314508	5	9544	0
9606.ENSP00000314543	1	10219	0
9606.ENSP00000314544	4	10710	0
9606.ENSP00000314556	1	10385	0
9606.ENSP00000314608	1	10220	0
9606.ENSP00000314615	3	10369	0
9606.ENSP00000314724	2	10321	0
9606.ENSP00000314733	9	8340	0
9606.ENSP00000314792	2	10141	0
9606.ENSP00000314807	16	8382	0
9606.ENSP00000314897	9	9111	0
9606.ENSP00000314976	8	10160	0
9606.ENSP00000315011	5	10360	0
9606.ENSP00000315013	1	10535	0
9606.ENSP00000315017	85	9241	0
9606.ENSP00000315112	26	6382	0
9606.ENSP00000315118	1	10739	0
9606.ENSP00000315130	44	7427	0
9606.ENSP00000315136	2	9401	0
9606.ENSP00000315137	5	10109	0
9606.ENSP00000315182	4	9884	0
9606.ENSP00000315190	24	8280	0
9606.ENSP00000315299	94	5176	0
9606.ENSP00000315379	66	8935	0
9606.ENSP00000315397	96	9762	0
9606.ENSP00000315410	1	10634	0
9606.ENSP00000315465	1	10728	0
9606.ENSP00000315476	21	9495	0
9606.ENSP00000315477	18	8457	0
9606.ENSP00000315564	8	8925	0
9606.ENSP00000315569	10	10023	0
9606.ENSP00000315602	13	10729	0
9606.ENSP00000315644	2	10743	0
9606.ENSP00000315659	1	9932	0
9606.ENSP00000315680	4	10488	0
9606.ENSP00000315693	7	9984	0
9606.ENSP00000315700	4	9816	0
9606.ENSP00000315702	29	8654	0
9606.ENSP00000315713	2	10743	0
9606.ENSP00000315743	1	10436	0
9606.ENSP00000315768	18	6595	0
9606.ENSP00000315774	79	9843	0
9606.ENSP00000315775	10	10529	0
9606.ENSP00000315791	15	9905	0
9606.ENSP00000315915	1	10005	0
9606.ENSP00000315931	2	10711	0
9606.ENSP00000315997	13	8260	0
9606.ENSP00000316029	44	6885	0
9606.ENSP00000316032	37	8498	0
9606.ENSP00000316054	27	8165	0
9606.ENSP00000316114	56	7681	0
9606.ENSP00000316130	4	10417	0
9606.ENSP00000316152	5	9831	0
9606.ENSP00000316176	43	6322	0
9606.ENSP00000316228	9	9149	0
9606.ENSP00000316244	8	9329	0
9606.ENSP00000316329	9	10452	0
9606.ENSP00000316335	2	10743	0
9606.ENSP00000316338	26	7650	0
9606.ENSP00000316357	7	7406	0
9606.ENSP00000316377	8	9748	0
9606.ENSP00000316416	10	10097	0
9606.ENSP00000316454	3	10637	0
9606.ENSP00000316476	1	10744	0
9606.ENSP00000316496	3	9095	0
9606.ENSP00000316512	2	10302	0
9606.ENSP00000316543	2	9939	0
9606.ENSP00000316578	70	7491	0
9606.ENSP00000316589	8	10672	0
9606.ENSP00000316598	53	10039	0
9606.ENSP00000316605	4	10738	0
9606.ENSP00000316609	6	10470	0
9606.ENSP00000316628	1	10647	0
9606.ENSP00000316675	1	10632	0
9606.ENSP00000316729	4	9925	0
9606.ENSP00000316779	14	7476	0
9606.ENSP00000316786	2	10743	0
9606.ENSP00000316842	1	10675	0
9606.ENSP00000316845	2	10022	0
9606.ENSP00000316909	12	10090	0
9606.ENSP00000316924	3	10335	0
9606.ENSP00000316948	1	10744	0
9606.ENSP00000317027	2	10743	0
9606.ENSP00000317039	17	8897	0
9606.ENSP00000317123	119	7694	0
9606.ENSP00000317128	8	9359	0
9606.ENSP00000317159	78	9730	0
9606.ENSP00000317214	1	10585	0
9606.ENSP00000317232	1	10495	0
9606.ENSP00000317272	29	6015	0
9606.ENSP00000317300	12	10435	0
9606.ENSP00000317327	1	9265	0
9606.ENSP00000317331	14	9921	0
9606.ENSP00000317333	1	10740	0
9606.ENSP00000317334	55	5860	0
9606.ENSP00000317376	121	7666	0
9606.ENSP00000317379	2	10695	0
9606.ENSP00000317382	3	10644	0
9606.ENSP00000317404	2	10743	0
9606.ENSP00000317445	1	10672	0
9606.ENSP00000317468	30	9631	0
9606.ENSP00000317469	13	9853	0
9606.ENSP00000317473	11	9157	0
9606.ENSP00000317578	8	9113	0
9606.ENSP00000317674	27	8602	0
9606.ENSP00000317691	35	8154	0
9606.ENSP00000317714	38	9510	0
9606.ENSP00000317721	3	10442	0
9606.ENSP00000317780	78	10053	0
9606.ENSP00000317790	10	9818	0
9606.ENSP00000317817	6	8660	0
9606.ENSP00000317872	7	7893	0
9606.ENSP00000317891	7	7563	0
9606.ENSP00000317902	1	10739	0
9606.ENSP00000317904	5	10683	0
9606.ENSP00000317955	8	8407	0
9606.ENSP00000317971	3	9095	0
9606.ENSP00000317985	6	8404	0
9606.ENSP00000317992	28	7396	0
9606.ENSP00000317997	11	9882	0
9606.ENSP00000318016	7	10324	0
9606.ENSP00000318057	4	8443	0
9606.ENSP00000318066	1	10575	0
9606.ENSP00000318094	12	9590	0
9606.ENSP00000318128	14	10376	0
9606.ENSP00000318142	1	10732	0
9606.ENSP00000318147	2	10738	0
9606.ENSP00000318158	96	9762	0
9606.ENSP00000318165	23	8624	0
9606.ENSP00000318176	24	8392	0
9606.ENSP00000318195	22	5912	0
9606.ENSP00000318197	18	8744	0
9606.ENSP00000318234	1	10744	0
9606.ENSP00000318297	128	5403	0
9606.ENSP00000318351	6	10687	0
9606.ENSP00000318352	1	9997	0
9606.ENSP00000318355	1	10744	0
9606.ENSP00000318374	1	10549	0
9606.ENSP00000318429	17	10727	0
9606.ENSP00000318480	4	10421	0
9606.ENSP00000318486	1	10393	0
9606.ENSP00000318585	9	8470	0
9606.ENSP00000318629	23	9700	0
9606.ENSP00000318635	12	7703	0
9606.ENSP00000318641	34	9333	0
9606.ENSP00000318646	199	6641	0
9606.ENSP00000318650	2	10531	0
9606.ENSP00000318690	6	10160	0
9606.ENSP00000318697	9	9827	0
9606.ENSP00000318803	2	10693	0
9606.ENSP00000318821	2	10336	0
9606.ENSP00000318822	9	9540	0
9606.ENSP00000318861	109	7880	0
9606.ENSP00000318868	3	10617	0
9606.ENSP00000318884	1	10744	0
9606.ENSP00000318916	1	10744	0
9606.ENSP00000318944	1	8473	0
9606.ENSP00000318966	1	10370	0
9606.ENSP00000318986	1	9996	0
9606.ENSP00000319052	1	10694	0
9606.ENSP00000319060	9	9448	0
9606.ENSP00000319096	2	10510	0
9606.ENSP00000319104	70	7557	0
9606.ENSP00000319169	38	6871	0
9606.ENSP00000319170	2	10743	0
9606.ENSP00000319240	94	8315	0
9606.ENSP00000319255	2	8255	0
9606.ENSP00000319341	11	9865	0
9606.ENSP00000319370	9	10518	0
9606.ENSP00000319417	9	9586	0
9606.ENSP00000319464	1	10744	0
9606.ENSP00000319476	16	8855	0
9606.ENSP00000319482	1	10667	0
9606.ENSP00000319486	1	10573	0
9606.ENSP00000319531	3	10672	0
9606.ENSP00000319591	7	10535	0
9606.ENSP00000319597	8	9699	0
9606.ENSP00000319622	4	10740	0
9606.ENSP00000319635	43	7484	0
9606.ENSP00000319636	2	10743	0
9606.ENSP00000319664	2	10041	0
9606.ENSP00000319705	1	10697	0
9606.ENSP00000319713	1	10546	0
9606.ENSP00000319756	1	10726	0
9606.ENSP00000319781	1	10744	0
9606.ENSP00000319788	3	7646	0
9606.ENSP00000319799	1	9641	0
9606.ENSP00000319814	2	10204	0
9606.ENSP00000319829	6	10346	0
9606.ENSP00000319846	2	10743	0
9606.ENSP00000319851	1	9486	0
9606.ENSP00000319883	2	10427	0
9606.ENSP00000319992	2	10079	0
9606.ENSP00000320006	9	9424	0
9606.ENSP00000320017	1	10744	0
9606.ENSP00000320025	36	9800	0
9606.ENSP00000320043	4	10740	0
9606.ENSP00000320081	12	10556	0
9606.ENSP00000320084	8	9993	0
9606.ENSP00000320092	10	7571	0
9606.ENSP00000320117	5	9472	0
9606.ENSP00000320130	29	9198	0
9606.ENSP00000320147	105	5406	0
9606.ENSP00000320171	17	6741	0
9606.ENSP00000320176	42	6308	0
9606.ENSP00000320180	5	9236	0
9606.ENSP00000320184	96	9762	0
9606.ENSP00000320209	1	10744	0
9606.ENSP00000320236	5	10706	0
9606.ENSP00000320291	3	10636	0
9606.ENSP00000320295	15	9669	0
9606.ENSP00000320309	2	10743	0
9606.ENSP00000320318	1	10722	0
9606.ENSP00000320346	36	8207	0
9606.ENSP00000320359	18	10469	0
9606.ENSP00000320378	3	10419	0
9606.ENSP00000320416	23	9700	0
9606.ENSP00000320434	1	10672	0
9606.ENSP00000320485	54	6622	0
9606.ENSP00000320508	5	10527	0
9606.ENSP00000320543	10	6717	0
9606.ENSP00000320566	51	7155	0
9606.ENSP00000320567	96	9762	0
9606.ENSP00000320658	1	10686	0
9606.ENSP00000320663	2	10354	0
9606.ENSP00000320679	10	10292	0
9606.ENSP00000320797	1	10744	0
9606.ENSP00000320813	1	10744	0
9606.ENSP00000320821	4	10559	0
9606.ENSP00000320866	35	6361	0
9606.ENSP00000320885	4	10621	0
9606.ENSP00000320886	5	8390	0
9606.ENSP00000320898	18	7088	0
9606.ENSP00000320924	6	9085	0
9606.ENSP00000320935	3	9675	0
9606.ENSP00000320936	10	8857	0
9606.ENSP00000320949	22	10262	0
9606.ENSP00000320951	8	9616	0
9606.ENSP00000321070	2	10738	0
9606.ENSP00000321106	8	10303	0
9606.ENSP00000321195	2	10737	0
9606.ENSP00000321203	7	7928	0
9606.ENSP00000321221	7	8975	0
9606.ENSP00000321239	3	7645	0
9606.ENSP00000321260	15	10509	0
9606.ENSP00000321271	1	10664	0
9606.ENSP00000321320	1	10744	0
9606.ENSP00000321326	16	9015	0
9606.ENSP00000321330	2	9602	0
9606.ENSP00000321334	25	8797	0
9606.ENSP00000321345	5	10000	0
9606.ENSP00000321348	2	10637	0
9606.ENSP00000321388	22	8814	0
9606.ENSP00000321424	3	10089	0
9606.ENSP00000321449	74	7520	0
9606.ENSP00000321455	6	10678	0
9606.ENSP00000321537	9	9264	0
9606.ENSP00000321546	7	10471	0
9606.ENSP00000321573	1	10744	0
9606.ENSP00000321584	2	10495	0
9606.ENSP00000321606	3	10578	0
9606.ENSP00000321617	1	9768	0
9606.ENSP00000321636	21	8442	0
9606.ENSP00000321656	12	8665	0
9606.ENSP00000321691	2	10743	0
9606.ENSP00000321703	1	10274	0
9606.ENSP00000321706	19	8726	0
9606.ENSP00000321711	18	9717	0
9606.ENSP00000321735	2	10396	0
9606.ENSP00000321744	97	6005	0
9606.ENSP00000321797	15	8606	0
9606.ENSP00000321826	16	10218	0
9606.ENSP00000321835	1	9929	0
9606.ENSP00000321853	9	9152	0
9606.ENSP00000321874	2	10743	0
9606.ENSP00000321927	3	10162	0
9606.ENSP00000321971	6	10268	0
9606.ENSP00000322061	22	8624	0
9606.ENSP00000322159	1	10462	0
9606.ENSP00000322170	10	8422	0
9606.ENSP00000322180	6	10483	0
9606.ENSP00000322181	8	10723	0
9606.ENSP00000322191	1	10744	0
9606.ENSP00000322192	2	10743	0
9606.ENSP00000322229	7	10712	0
9606.ENSP00000322249	4	10459	0
9606.ENSP00000322251	2	10670	0
9606.ENSP00000322276	1	10744	0
9606.ENSP00000322316	5	10738	0
9606.ENSP00000322323	7	9807	0
9606.ENSP00000322343	1	9887	0
9606.ENSP00000322396	13	9442	0
9606.ENSP00000322408	2	9147	0
9606.ENSP00000322421	42	7689	0
9606.ENSP00000322439	104	8500	0
9606.ENSP00000322457	6	9290	0
9606.ENSP00000322460	16	10430	0
9606.ENSP00000322524	1	10739	0
9606.ENSP00000322532	3	9020	0
9606.ENSP00000322568	20	8467	0
9606.ENSP00000322570	41	8204	0
9606.ENSP00000322617	4	10641	0
9606.ENSP00000322706	1	10744	0
9606.ENSP00000322716	3	9027	0
9606.ENSP00000322775	3	9986	0
9606.ENSP00000322788	6	10073	0
9606.ENSP00000322802	1	9641	0
9606.ENSP00000322804	2	9790	0
9606.ENSP00000322832	3	10742	0
9606.ENSP00000322845	2	9845	0
9606.ENSP00000322898	3	10238	0
9606.ENSP00000322924	3	9973	0
9606.ENSP00000322991	3	10729	0
9606.ENSP00000323046	21	9537	0
9606.ENSP00000323047	59	9993	0
9606.ENSP00000323063	3	9296	0
9606.ENSP00000323065	104	9545	0
9606.ENSP00000323071	10	10547	0
9606.ENSP00000323076	37	10187	0
9606.ENSP00000323099	12	8372	0
9606.ENSP00000323155	1	10709	0
9606.ENSP00000323246	2	8986	0
9606.ENSP00000323264	17	9092	0
9606.ENSP00000323275	1	10744	0
9606.ENSP00000323280	4	9963	0
9606.ENSP00000323300	3	9972	0
9606.ENSP00000323302	2	10629	0
9606.ENSP00000323421	19	8697	0
9606.ENSP00000323511	5	9617	0
9606.ENSP00000323516	2	10743	0
9606.ENSP00000323527	5	10672	0
9606.ENSP00000323568	2	10296	0
9606.ENSP00000323580	22	9590	0
9606.ENSP00000323587	1	10565	0
9606.ENSP00000323588	54	6712	0
9606.ENSP00000323663	1	10537	0
9606.ENSP00000323670	1	8921	0
9606.ENSP00000323687	2	8527	0
9606.ENSP00000323696	2	10591	0
9606.ENSP00000323720	106	6870	0
9606.ENSP00000323811	1	10535	0
9606.ENSP00000323816	2	10399	0
9606.ENSP00000323856	11	8955	0
9606.ENSP00000323867	7	10458	0
9606.ENSP00000323889	10	7593	0
9606.ENSP00000323901	17	9790	0
9606.ENSP00000323929	23	8390	0
9606.ENSP00000323967	70	6833	0
9606.ENSP00000324020	7	10474	0
9606.ENSP00000324064	2	9285	0
9606.ENSP00000324101	18	6754	0
9606.ENSP00000324105	2	10510	0
9606.ENSP00000324122	90	7622	0
9606.ENSP00000324124	152	7083	0
9606.ENSP00000324173	46	5751	0
9606.ENSP00000324203	16	8525	0
9606.ENSP00000324270	5	9675	0
9606.ENSP00000324287	1	10708	0
9606.ENSP00000324302	2	10525	0
9606.ENSP00000324318	16	10658	0
9606.ENSP00000324323	16	9643	0
9606.ENSP00000324404	6	7824	0
9606.ENSP00000324419	1	10595	0
9606.ENSP00000324422	14	7292	0
9606.ENSP00000324511	12	10526	0
9606.ENSP00000324527	1	9119	0
9606.ENSP00000324532	5	10634	0
9606.ENSP00000324560	21	8570	0
9606.ENSP00000324573	3	9967	0
9606.ENSP00000324628	19	10389	0
9606.ENSP00000324633	1	10644	0
9606.ENSP00000324648	5	10638	0
9606.ENSP00000324729	10	9859	0
9606.ENSP00000324741	13	10658	0
9606.ENSP00000324792	1	10244	0
9606.ENSP00000324804	71	7805	0
9606.ENSP00000324806	53	5076	0
9606.ENSP00000324810	24	9663	0
9606.ENSP00000324842	2	10743	0
9606.ENSP00000324856	13	6501	0
9606.ENSP00000324857	6	9997	0
9606.ENSP00000324890	29	8098	0
9606.ENSP00000324944	9	10685	0
9606.ENSP00000325002	17	10363	0
9606.ENSP00000325017	5	10716	0
9606.ENSP00000325018	1	10261	0
9606.ENSP00000325074	24	8939	0
9606.ENSP00000325120	18	6151	0
9606.ENSP00000325136	4	10674	0
9606.ENSP00000325146	8	10654	0
9606.ENSP00000325239	17	10259	0
9606.ENSP00000325240	4	10194	0
9606.ENSP00000325285	3	9075	0
9606.ENSP00000325296	2	10743	0
9606.ENSP00000325312	1	10744	0
9606.ENSP00000325313	3	9360	0
9606.ENSP00000325326	1	10696	0
9606.ENSP00000325369	25	9379	0
9606.ENSP00000325376	20	8639	0
9606.ENSP00000325377	17	9330	0
9606.ENSP00000325398	4	10507	0
9606.ENSP00000325421	2	10660	0
9606.ENSP00000325425	3	9461	0
9606.ENSP00000325448	16	9645	0
9606.ENSP00000325485	9	10736	0
9606.ENSP00000325525	12	9967	0
9606.ENSP00000325526	12	9727	0
9606.ENSP00000325527	15	9535	0
9606.ENSP00000325548	2	10743	0
9606.ENSP00000325561	1	10741	0
9606.ENSP00000325562	19	9878	0
9606.ENSP00000325589	1	10578	0
9606.ENSP00000325594	3	10444	0
9606.ENSP00000325612	99	7608	0
9606.ENSP00000325655	2	10672	0
9606.ENSP00000325663	5	8124	0
9606.ENSP00000325674	9	10255	0
9606.ENSP00000325677	13	8061	0
9606.ENSP00000325681	4	10710	0
9606.ENSP00000325690	36	5383	0
9606.ENSP00000325708	3	10177	0
9606.ENSP00000325748	21	9064	0
9606.ENSP00000325819	2	9479	0
9606.ENSP00000325822	1	10744	0
9606.ENSP00000325827	9	10426	0
9606.ENSP00000325863	17	7875	0
9606.ENSP00000325905	19	9403	0
9606.ENSP00000325919	40	7417	0
9606.ENSP00000325929	1	10445	0
9606.ENSP00000325941	2	10186	0
9606.ENSP00000326018	4	9834	0
9606.ENSP00000326031	34	8327	0
9606.ENSP00000326042	13	8985	0
9606.ENSP00000326052	2	10743	0
9606.ENSP00000326119	8	9612	0
9606.ENSP00000326128	27	8802	0
9606.ENSP00000326159	5	10391	0
9606.ENSP00000326219	3	10532	0
9606.ENSP00000326238	3	10361	0
9606.ENSP00000326261	104	7797	0
9606.ENSP00000326305	1	10744	0
9606.ENSP00000326340	3	10071	0
9606.ENSP00000326366	23	6252	0
9606.ENSP00000326381	17	9213	0
9606.ENSP00000326411	3	10356	0
9606.ENSP00000326432	28	8925	0
9606.ENSP00000326519	9	8752	0
9606.ENSP00000326531	10	9797	0
9606.ENSP00000326550	9	8289	0
9606.ENSP00000326563	3	9681	0
9606.ENSP00000326603	1	10744	0
9606.ENSP00000326630	7	8690	0
9606.ENSP00000326649	12	10468	0
9606.ENSP00000326737	3	9490	0
9606.ENSP00000326767	97	7624	0
9606.ENSP00000326804	87	5776	0
9606.ENSP00000326806	86	7508	0
9606.ENSP00000326813	8	7656	0
9606.ENSP00000326869	1	10730	0
9606.ENSP00000326888	3	10259	0
9606.ENSP00000326948	1	10732	0
9606.ENSP00000326981	78	7609	0
9606.ENSP00000327025	6	9519	0
9606.ENSP00000327048	11	9034	0
9606.ENSP00000327054	3	10295	0
9606.ENSP00000327077	4	10642	0
9606.ENSP00000327116	5	10309	0
9606.ENSP00000327145	26	7341	0
9606.ENSP00000327179	73	7685	0
9606.ENSP00000327191	25	7585	0
9606.ENSP00000327213	13	7556	0
9606.ENSP00000327246	10	8345	0
9606.ENSP00000327251	9	9452	0
9606.ENSP00000327255	1	9649	0
9606.ENSP00000327268	74	9843	0
9606.ENSP00000327290	19	8866	0
9606.ENSP00000327336	18	7826	0
9606.ENSP00000327417	1	10485	0
9606.ENSP00000327431	5	9885	0
9606.ENSP00000327436	6	8970	0
9606.ENSP00000327440	2	10664	0
9606.ENSP00000327459	1	10744	0
9606.ENSP00000327467	6	10678	0
9606.ENSP00000327487	7	10424	0
9606.ENSP00000327509	1	10486	0
9606.ENSP00000327513	4	8233	0
9606.ENSP00000327545	1	10744	0
9606.ENSP00000327589	1	10729	0
9606.ENSP00000327599	3	9590	0
9606.ENSP00000327608	1	10626	0
9606.ENSP00000327611	1	10744	0
9606.ENSP00000327650	11	10390	0
9606.ENSP00000327687	5	9792	0
9606.ENSP00000327694	42	7814	0
9606.ENSP00000327758	11	9069	0
9606.ENSP00000327760	3	10347	0
9606.ENSP00000327786	1	10744	0
9606.ENSP00000327796	4	9095	0
9606.ENSP00000327801	11	8255	0
9606.ENSP00000327821	2	10329	0
9606.ENSP00000327824	7	10136	0
9606.ENSP00000327889	42	9079	0
9606.ENSP00000327890	5	9954	0
9606.ENSP00000327943	1	10734	0
9606.ENSP00000327959	5	8427	0
9606.ENSP00000328004	26	8059	0
9606.ENSP00000328023	50	8164	0
9606.ENSP00000328059	8	7766	0
9606.ENSP00000328088	3	9839	0
9606.ENSP00000328111	2	10598	0
9606.ENSP00000328133	6	10583	0
9606.ENSP00000328137	1	10513	0
9606.ENSP00000328169	8	9083	0
9606.ENSP00000328181	4	10372	0
9606.ENSP00000328187	3	9028	0
9606.ENSP00000328203	1	10535	0
9606.ENSP00000328207	1	10744	0
9606.ENSP00000328228	2	10172	0
9606.ENSP00000328236	2	10638	0
9606.ENSP00000328269	11	8465	0
9606.ENSP00000328277	1	10744	0
9606.ENSP00000328287	2	10643	0
9606.ENSP00000328340	2	9917	0
9606.ENSP00000328359	3	10253	0
9606.ENSP00000328412	5	10532	0
9606.ENSP00000328423	4	10328	0
9606.ENSP00000328472	4	9875	0
9606.ENSP00000328478	4	10605	0
9606.ENSP00000328484	35	8410	0
9606.ENSP00000328511	6	9582	0
9606.ENSP00000328524	2	10437	0
9606.ENSP00000328547	46	7600	0
9606.ENSP00000328570	4	10734	0
9606.ENSP00000328598	2	10725	0
9606.ENSP00000328625	1	10228	0
9606.ENSP00000328694	2	10738	0
9606.ENSP00000328708	9	9180	0
9606.ENSP00000328720	7	9217	0
9606.ENSP00000328729	2	10707	0
9606.ENSP00000328773	9	9262	0
9606.ENSP00000328777	15	9646	0
9606.ENSP00000328835	1	8050	0
9606.ENSP00000328848	8	9816	0
9606.ENSP00000328854	78	7684	0
9606.ENSP00000328875	18	10241	0
9606.ENSP00000328928	12	9321	0
9606.ENSP00000328938	2	10737	0
9606.ENSP00000328940	2	10608	0
9606.ENSP00000328968	29	8386	0
9606.ENSP00000328998	9	8692	0
9606.ENSP00000329002	2	9729	0
9606.ENSP00000329093	1	10744	0
9606.ENSP00000329097	4	9024	0
9606.ENSP00000329102	12	9257	0
9606.ENSP00000329106	1	10232	0
9606.ENSP00000329140	16	7814	0
9606.ENSP00000329170	2	10503	0
9606.ENSP00000329200	32	9839	0
9606.ENSP00000329213	2	9905	0
9606.ENSP00000329219	5	9581	0
9606.ENSP00000329243	1	10528	0
9606.ENSP00000329292	1	10744	0
9606.ENSP00000329312	6	9706	0
9606.ENSP00000329357	30	5949	0
9606.ENSP00000329374	1	10519	0
9606.ENSP00000329380	16	7639	0
9606.ENSP00000329403	5	9560	0
9606.ENSP00000329419	15	10536	0
9606.ENSP00000329466	6	7437	0
9606.ENSP00000329471	4	10648	0
9606.ENSP00000329507	7	9145	0
9606.ENSP00000329522	1	10216	0
9606.ENSP00000329558	2	10077	0
9606.ENSP00000329565	1	10216	0
9606.ENSP00000329614	1	10338	0
9606.ENSP00000329662	28	8340	0
9606.ENSP00000329668	2	9446	0
9606.ENSP00000329684	8	9236	0
9606.ENSP00000329697	10	10059	0
9606.ENSP00000329715	2	10743	0
9606.ENSP00000329757	41	10542	0
9606.ENSP00000329797	10	9748	0
9606.ENSP00000329880	1	10194	0
9606.ENSP00000329890	1	10427	0
9606.ENSP00000329915	24	7423	0
9606.ENSP00000329926	1	10744	0
9606.ENSP00000329932	8	8925	0
9606.ENSP00000329933	20	8430	0
9606.ENSP00000329967	45	5792	0
9606.ENSP00000329991	5	10177	0
9606.ENSP00000330032	3	10729	0
9606.ENSP00000330074	6	9144	0
9606.ENSP00000330098	1	9553	0
9606.ENSP00000330200	2	10634	0
9606.ENSP00000330218	1	9907	0
9606.ENSP00000330221	3	9431	0
9606.ENSP00000330237	13	8281	0
9606.ENSP00000330284	3	10742	0
9606.ENSP00000330289	15	10658	0
9606.ENSP00000330341	16	8434	0
9606.ENSP00000330349	2	9701	0
9606.ENSP00000330381	8	8760	0
9606.ENSP00000330382	10	9176	0
9606.ENSP00000330393	6	9363	0
9606.ENSP00000330426	1	10488	0
9606.ENSP00000330442	5	10740	0
9606.ENSP00000330484	7	10733	0
9606.ENSP00000330572	12	9493	0
9606.ENSP00000330631	1	10700	0
9606.ENSP00000330633	9	8840	0
9606.ENSP00000330658	4	10225	0
9606.ENSP00000330694	8	10414	0
9606.ENSP00000330696	11	10083	0
9606.ENSP00000330737	73	9843	0
9606.ENSP00000330753	3	8375	0
9606.ENSP00000330825	4	9038	0
9606.ENSP00000330875	17	9369	0
9606.ENSP00000330878	1	10430	0
9606.ENSP00000330898	13	9566	0
9606.ENSP00000330945	5	10638	0
9606.ENSP00000330959	5	10160	0
9606.ENSP00000331019	41	7650	0
9606.ENSP00000331040	3	10711	0
9606.ENSP00000331044	34	10235	0
9606.ENSP00000331087	2	10184	0
9606.ENSP00000331103	2	10716	0
9606.ENSP00000331106	4	10555	0
9606.ENSP00000331111	13	9725	0
9606.ENSP00000331127	2	10726	0
9606.ENSP00000331152	7	8566	0
9606.ENSP00000331172	9	9090	0
9606.ENSP00000331201	34	6650	0
9606.ENSP00000331210	4	10431	0
9606.ENSP00000331242	5	10246	0
9606.ENSP00000331302	2	9472	0
9606.ENSP00000331305	1	10682	0
9606.ENSP00000331310	50	6900	0
9606.ENSP00000331342	7	10442	0
9606.ENSP00000331358	10	9726	0
9606.ENSP00000331369	3	10721	0
9606.ENSP00000331487	20	7487	0
9606.ENSP00000331504	2	9760	0
9606.ENSP00000331544	5	9542	0
9606.ENSP00000331602	11	6721	0
9606.ENSP00000331614	13	7971	0
9606.ENSP00000331640	3	10417	0
9606.ENSP00000331678	9	9807	0
9606.ENSP00000331682	33	8874	0
9606.ENSP00000331736	13	8574	0
9606.ENSP00000331745	1	10676	0
9606.ENSP00000331746	11	9191	0
9606.ENSP00000331748	3	10587	0
9606.ENSP00000331831	6	10028	0
9606.ENSP00000331849	101	9707	0
9606.ENSP00000331857	12	9863	0
9606.ENSP00000331867	2	10739	0
9606.ENSP00000331879	4	8657	0
9606.ENSP00000331897	4	10738	0
9606.ENSP00000331901	5	9831	0
9606.ENSP00000331902	9	9565	0
9606.ENSP00000331983	3	10361	0
9606.ENSP00000332049	17	9508	0
9606.ENSP00000332103	9	10262	0
9606.ENSP00000332118	5	9513	0
9606.ENSP00000332164	5	10524	0
9606.ENSP00000332194	87	6969	0
9606.ENSP00000332198	33	7995	0
9606.ENSP00000332225	2	10743	0
9606.ENSP00000332247	29	10593	0
9606.ENSP00000332256	3	10742	0
9606.ENSP00000332296	7	9009	0
9606.ENSP00000332340	48	10039	0
9606.ENSP00000332353	13	9000	0
9606.ENSP00000332371	3	10659	0
9606.ENSP00000332407	1	9461	0
9606.ENSP00000332444	11	9994	0
9606.ENSP00000332448	1	10744	0
9606.ENSP00000332454	1	10371	0
9606.ENSP00000332504	14	9880	0
9606.ENSP00000332549	37	7734	0
9606.ENSP00000332565	3	10740	0
9606.ENSP00000332591	5	9959	0
9606.ENSP00000332604	58	7314	0
9606.ENSP00000332656	6	10735	0
9606.ENSP00000332659	7	10124	0
9606.ENSP00000332679	1	10719	0
9606.ENSP00000332706	4	9545	0
9606.ENSP00000332723	7	10659	0
9606.ENSP00000332737	9	9242	0
9606.ENSP00000332756	2	10737	0
9606.ENSP00000332766	3	10742	0
9606.ENSP00000332771	1	10744	0
9606.ENSP00000332790	43	7055	0
9606.ENSP00000332791	1	10220	0
9606.ENSP00000332812	1	10702	0
9606.ENSP00000332875	34	10235	0
9606.ENSP00000332879	1	10637	0
9606.ENSP00000332887	75	10111	0
9606.ENSP00000332900	2	9996	0
9606.ENSP00000332963	1	10744	0
9606.ENSP00000332973	103	4715	0
9606.ENSP00000332979	3	8817	0
9606.ENSP00000332983	4	10489	0
9606.ENSP00000333012	9	9678	0
9606.ENSP00000333019	1	10744	0
9606.ENSP00000333157	10	10178	0
9606.ENSP00000333203	9	10173	0
9606.ENSP00000333262	3	10742	0
9606.ENSP00000333266	8	7886	0
9606.ENSP00000333275	2	9639	0
9606.ENSP00000333277	265	5569	0
9606.ENSP00000333283	20	9316	0
9606.ENSP00000333298	21	8751	0
9606.ENSP00000333326	12	8985	0
9606.ENSP00000333329	1	10383	0
9606.ENSP00000333363	13	10727	0
9606.ENSP00000333401	98	9707	0
9606.ENSP00000333433	9	9586	0
9606.ENSP00000333496	11	8983	0
9606.ENSP00000333547	10	10181	0
9606.ENSP00000333633	18	7822	0
9606.ENSP00000333639	4	10639	0
9606.ENSP00000333640	1	10742	0
9606.ENSP00000333657	2	10412	0
9606.ENSP00000333664	8	10459	0
9606.ENSP00000333666	1	10572	0
9606.ENSP00000333667	9	9863	0
9606.ENSP00000333685	5	10147	0
9606.ENSP00000333769	23	7712	0
9606.ENSP00000333800	8	9706	0
9606.ENSP00000333821	4	9848	0
9606.ENSP00000333837	106	8958	0
9606.ENSP00000333896	1	10744	0
9606.ENSP00000333919	3	9616	0
9606.ENSP00000333920	2	10457	0
9606.ENSP00000333934	1	9911	0
9606.ENSP00000333946	7	10738	0
9606.ENSP00000333948	61	7767	0
9606.ENSP00000333982	6	9809	0
9606.ENSP00000333984	19	9438	0
9606.ENSP00000334002	29	8918	0
9606.ENSP00000334003	3	10742	0
9606.ENSP00000334008	14	8425	0
9606.ENSP00000334037	9	10640	0
9606.ENSP00000334042	1	10710	0
9606.ENSP00000334051	7	9866	0
9606.ENSP00000334100	16	9024	0
9606.ENSP00000334122	12	8621	0
9606.ENSP00000334134	2	10266	0
9606.ENSP00000334140	18	8923	0
9606.ENSP00000334145	8	10181	0
9606.ENSP00000334198	35	9399	0
9606.ENSP00000334216	2	10697	0
9606.ENSP00000334223	2	10728	0
9606.ENSP00000334300	2	10683	0
9606.ENSP00000334308	8	10436	0
9606.ENSP00000334314	1	10728	0
9606.ENSP00000334319	3	10218	0
9606.ENSP00000334329	8	9336	0
9606.ENSP00000334364	1	10744	0
9606.ENSP00000334373	12	8033	0
9606.ENSP00000334374	1	10717	0
9606.ENSP00000334382	11	9153	0
9606.ENSP00000334415	34	10235	0
9606.ENSP00000334448	163	7379	0
9606.ENSP00000334564	21	9393	0
9606.ENSP00000334642	1	10649	0
9606.ENSP00000334665	15	9298	0
9606.ENSP00000334675	5	9968	0
9606.ENSP00000334785	1	10333	0
9606.ENSP00000334808	1	9902	0
9606.ENSP00000334844	13	10529	0
9606.ENSP00000334851	2	10279	0
9606.ENSP00000334876	6	9120	0
9606.ENSP00000334910	2	10733	0
9606.ENSP00000334928	5	10034	0
9606.ENSP00000334941	1	10335	0
9606.ENSP00000334958	1	10418	0
9606.ENSP00000335044	63	7315	0
9606.ENSP00000335055	12	9239	0
9606.ENSP00000335062	21	8497	0
9606.ENSP00000335074	6	9282	0
9606.ENSP00000335076	2	9032	0
9606.ENSP00000335091	1	9889	0
9606.ENSP00000335094	12	10529	0
9606.ENSP00000335153	136	3462	0
9606.ENSP00000335193	11	10245	0
9606.ENSP00000335196	2	10604	0
9606.ENSP00000335203	3	9943	0
9606.ENSP00000335246	3	10742	0
9606.ENSP00000335247	1	10685	0
9606.ENSP00000335255	1	10441	0
9606.ENSP00000335292	1	10744	0
9606.ENSP00000335304	8	10570	0
9606.ENSP00000335307	1	10744	0
9606.ENSP00000335320	11	8343	0
9606.ENSP00000335321	116	7193	0
9606.ENSP00000335357	2	9438	0
9606.ENSP00000335371	16	10658	0
9606.ENSP00000335397	1	10672	0
9606.ENSP00000335463	14	9291	0
9606.ENSP00000335557	1	10611	0
9606.ENSP00000335560	2	9447	0
9606.ENSP00000335614	5	9593	0
9606.ENSP00000335620	4	10741	0
9606.ENSP00000335628	4	9163	0
9606.ENSP00000335632	2	10312	0
9606.ENSP00000335636	3	10719	0
9606.ENSP00000335655	2	10112	0
9606.ENSP00000335677	5	9231	0
9606.ENSP00000335808	38	8839	0
9606.ENSP00000336127	2	10731	0
9606.ENSP00000336524	3	10713	0
9606.ENSP00000336528	4	9603	0
9606.ENSP00000336571	8	9580	0
9606.ENSP00000336606	3	9670	0
9606.ENSP00000336655	4	10261	0
9606.ENSP00000336666	34	9322	0
9606.ENSP00000336687	47	7384	0
9606.ENSP00000336701	11	9227	0
9606.ENSP00000336702	78	7742	0
9606.ENSP00000336712	30	7904	0
9606.ENSP00000336721	1	10142	0
9606.ENSP00000336740	6	7832	0
9606.ENSP00000336741	66	8078	0
9606.ENSP00000336747	11	9707	0
9606.ENSP00000336750	37	7872	0
9606.ENSP00000336752	21	9249	0
9606.ENSP00000336762	3	10659	0
9606.ENSP00000336769	13	9950	0
9606.ENSP00000336775	5	9637	0
9606.ENSP00000336783	7	9282	0
9606.ENSP00000336790	21	7687	0
9606.ENSP00000336799	39	7917	0
9606.ENSP00000336800	33	8874	0
9606.ENSP00000336829	10	9106	0
9606.ENSP00000336831	15	9298	0
9606.ENSP00000336842	21	7787	0
9606.ENSP00000336868	79	7714	0
9606.ENSP00000336894	3	10380	0
9606.ENSP00000336914	1	10744	0
9606.ENSP00000336923	1	10574	0
9606.ENSP00000337014	14	9556	0
9606.ENSP00000337040	2	10735	0
9606.ENSP00000337053	20	9324	0
9606.ENSP00000337060	14	9111	0
9606.ENSP00000337065	22	9711	0
9606.ENSP00000337088	20	6572	0
9606.ENSP00000337122	1	10261	0
9606.ENSP00000337128	4	10598	0
9606.ENSP00000337168	17	9157	0
9606.ENSP00000337180	3	10741	0
9606.ENSP00000337194	58	8173	0
9606.ENSP00000337261	8	8658	0
9606.ENSP00000337289	36	8520	0
9606.ENSP00000337332	4	8448	0
9606.ENSP00000337335	1	10744	0
9606.ENSP00000337353	4	9666	0
9606.ENSP00000337354	1	10726	0
9606.ENSP00000337383	33	6994	0
9606.ENSP00000337386	5	9709	0
9606.ENSP00000337393	11	8804	0
9606.ENSP00000337432	5	9823	0
9606.ENSP00000337439	2	10116	0
9606.ENSP00000337443	2	10155	0
9606.ENSP00000337445	1	10744	0
9606.ENSP00000337446	4	10697	0
9606.ENSP00000337450	2	10736	0
9606.ENSP00000337451	8	10514	0
9606.ENSP00000337477	20	8414	0
9606.ENSP00000337500	34	8568	0
9606.ENSP00000337513	12	10016	0
9606.ENSP00000337598	11	9258	0
9606.ENSP00000337623	3	9817	0
9606.ENSP00000337632	13	9863	0
9606.ENSP00000337641	10	9056	0
9606.ENSP00000337675	1	8739	0
9606.ENSP00000337688	3	9728	0
9606.ENSP00000337691	1	10744	0
9606.ENSP00000337701	12	10494	0
9606.ENSP00000337733	5	10204	0
9606.ENSP00000337797	5	8950	0
9606.ENSP00000337838	8	10192	0
9606.ENSP00000337850	12	10467	0
9606.ENSP00000337854	2	10741	0
9606.ENSP00000337907	3	10098	0
9606.ENSP00000337946	35	10235	0
9606.ENSP00000337949	5	9236	0
9606.ENSP00000337976	36	6925	0
9606.ENSP00000337991	17	8510	0
9606.ENSP00000338010	6	9532	0
9606.ENSP00000338019	1	9230	0
9606.ENSP00000338039	19	10133	0
9606.ENSP00000338057	102	9707	0
9606.ENSP00000338082	5	9885	0
9606.ENSP00000338093	2	10717	0
9606.ENSP00000338127	1	10464	0
9606.ENSP00000338130	18	8042	0
9606.ENSP00000338157	10	8119	0
9606.ENSP00000338171	5	9060	0
9606.ENSP00000338173	5	10542	0
9606.ENSP00000338185	2	10195	0
9606.ENSP00000338186	36	7954	0
9606.ENSP00000338191	9	9735	0
9606.ENSP00000338207	5	10117	0
9606.ENSP00000338235	4	9495	0
9606.ENSP00000338258	2	9731	0
9606.ENSP00000338272	6	8881	0
9606.ENSP00000338283	4	10004	0
9606.ENSP00000338343	13	9531	0
9606.ENSP00000338348	6	8441	0
9606.ENSP00000338389	99	9707	0
9606.ENSP00000338413	15	7739	0
9606.ENSP00000338487	2	10743	0
9606.ENSP00000338562	31	10024	0
9606.ENSP00000338629	3	8241	0
9606.ENSP00000338641	9	10515	0
9606.ENSP00000338671	6	9631	0
9606.ENSP00000338673	1	10466	0
9606.ENSP00000338703	3	10731	0
9606.ENSP00000338727	2	10103	0
9606.ENSP00000338766	4	10723	0
9606.ENSP00000338769	3	10274	0
9606.ENSP00000338777	24	10154	0
9606.ENSP00000338788	1	10743	0
9606.ENSP00000338796	1	10744	0
9606.ENSP00000338812	1	10744	0
9606.ENSP00000338814	5	9076	0
9606.ENSP00000338844	13	9995	0
9606.ENSP00000338862	25	9568	0
9606.ENSP00000338864	1	10744	0
9606.ENSP00000338887	2	10741	0
9606.ENSP00000338927	1	8050	0
9606.ENSP00000338934	52	5736	0
9606.ENSP00000338988	1	10744	0
9606.ENSP00000338990	7	9358	0
9606.ENSP00000339001	69	6356	0
9606.ENSP00000339004	4	9056	0
9606.ENSP00000339030	1	10210	0
9606.ENSP00000339063	99	6318	0
9606.ENSP00000339090	77	8326	0
9606.ENSP00000339109	50	6897	0
9606.ENSP00000339115	11	10040	0
9606.ENSP00000339145	17	9954	0
9606.ENSP00000339186	35	6532	0
9606.ENSP00000339191	64	4381	0
9606.ENSP00000339208	1	10271	0
9606.ENSP00000339260	1	10744	0
9606.ENSP00000339299	2	10255	0
9606.ENSP00000339328	7	8147	0
9606.ENSP00000339381	2	10239	0
9606.ENSP00000339398	8	9482	0
9606.ENSP00000339404	4	10501	0
9606.ENSP00000339435	2	10245	0
9606.ENSP00000339449	34	10235	0
9606.ENSP00000339467	7	10081	0
9606.ENSP00000339477	13	8922	0
9606.ENSP00000339479	11	10669	0
9606.ENSP00000339495	63	6929	0
9606.ENSP00000339524	5	10268	0
9606.ENSP00000339527	32	5414	0
9606.ENSP00000339566	2	10357	0
9606.ENSP00000339577	4	10532	0
9606.ENSP00000339613	1	10744	0
9606.ENSP00000339634	3	10544	0
9606.ENSP00000339637	1	9083	0
9606.ENSP00000339692	1	10739	0
9606.ENSP00000339720	70	10222	0
9606.ENSP00000339723	26	8057	0
9606.ENSP00000339730	2	10451	0
9606.ENSP00000339787	1	10742	0
9606.ENSP00000339795	133	6862	0
9606.ENSP00000339804	3	9892	0
9606.ENSP00000339824	24	8055	0
9606.ENSP00000339826	7	9402	0
9606.ENSP00000339834	23	9227	0
9606.ENSP00000339835	117	6794	0
9606.ENSP00000339844	107	9262	0
9606.ENSP00000339850	3	10578	0
9606.ENSP00000339881	14	10136	0
9606.ENSP00000339883	14	8202	0
9606.ENSP00000339912	3	10401	0
9606.ENSP00000339916	1	10505	0
9606.ENSP00000339917	59	7793	0
9606.ENSP00000339933	9	10133	0
9606.ENSP00000339976	6	9714	0
9606.ENSP00000339992	11	7793	0
9606.ENSP00000340019	12	8313	0
9606.ENSP00000340211	1	10599	0
9606.ENSP00000340220	15	10355	0
9606.ENSP00000340243	1	9589	0
9606.ENSP00000340271	97	7592	0
9606.ENSP00000340278	14	7349	0
9606.ENSP00000340279	3	9738	0
9606.ENSP00000340292	2	9895	0
9606.ENSP00000340305	20	7018	0
9606.ENSP00000340329	6	8840	0
9606.ENSP00000340330	83	5012	0
9606.ENSP00000340347	16	7206	0
9606.ENSP00000340361	23	9092	0
9606.ENSP00000340373	2	9347	0
9606.ENSP00000340409	7	10717	0
9606.ENSP00000340454	2	9808	0
9606.ENSP00000340466	2	10124	0
9606.ENSP00000340505	1	9806	0
9606.ENSP00000340507	17	7646	0
9606.ENSP00000340510	9	9792	0
9606.ENSP00000340526	1	10744	0
9606.ENSP00000340568	1	10653	0
9606.ENSP00000340608	2	10695	0
9606.ENSP00000340644	2	10703	0
9606.ENSP00000340648	9	7530	0
9606.ENSP00000340677	2	10617	0
9606.ENSP00000340684	4	10733	0
9606.ENSP00000340688	16	9658	0
9606.ENSP00000340691	10	8990	0
9606.ENSP00000340736	6	10683	0
9606.ENSP00000340796	1	10614	0
9606.ENSP00000340820	19	5546	0
9606.ENSP00000340823	92	7164	0
9606.ENSP00000340864	1	10744	0
9606.ENSP00000340874	9	7706	0
9606.ENSP00000340883	70	6428	0
9606.ENSP00000340896	58	5985	0
9606.ENSP00000340900	4	10601	0
9606.ENSP00000340913	10	9684	0
9606.ENSP00000340935	2	10409	0
9606.ENSP00000340939	2	10664	0
9606.ENSP00000340943	5	10482	0
9606.ENSP00000340982	34	10235	0
9606.ENSP00000340989	33	5958	0
9606.ENSP00000340998	2	10458	0
9606.ENSP00000341013	1	10744	0
9606.ENSP00000341021	2	10672	0
9606.ENSP00000341030	4	10092	0
9606.ENSP00000341032	11	10076	0
9606.ENSP00000341044	2	10597	0
9606.ENSP00000341071	1	10190	0
9606.ENSP00000341082	111	8959	0
9606.ENSP00000341083	4	10715	0
9606.ENSP00000341094	42	8364	0
9606.ENSP00000341117	1	10744	0
9606.ENSP00000341141	4	9571	0
9606.ENSP00000341170	8	9939	0
9606.ENSP00000341189	64	5278	0
9606.ENSP00000341198	14	9656	0
9606.ENSP00000341206	1	10744	0
9606.ENSP00000341208	28	6517	0
9606.ENSP00000341243	10	9293	0
9606.ENSP00000341247	4	9449	0
9606.ENSP00000341268	40	7429	0
9606.ENSP00000341280	15	8227	0
9606.ENSP00000341289	47	9314	0
9606.ENSP00000341292	2	10743	0
9606.ENSP00000341324	1	10631	0
9606.ENSP00000341346	34	10235	0
9606.ENSP00000341351	28	8122	0
9606.ENSP00000341361	5	7913	0
9606.ENSP00000341382	8	10354	0
9606.ENSP00000341422	1	10242	0
9606.ENSP00000341483	4	8801	0
9606.ENSP00000341490	1	10730	0
9606.ENSP00000341524	15	9032	0
9606.ENSP00000341551	45	6289	0
9606.ENSP00000341562	2	10741	0
9606.ENSP00000341625	13	10236	0
9606.ENSP00000341637	4	10366	0
9606.ENSP00000341680	16	10342	0
9606.ENSP00000341743	1	10560	0
9606.ENSP00000341779	41	7498	0
9606.ENSP00000341785	6	8220	0
9606.ENSP00000341787	2	10634	0
9606.ENSP00000341803	4	10484	0
9606.ENSP00000341805	56	7477	0
9606.ENSP00000341821	4	10384	0
9606.ENSP00000341826	31	8287	0
9606.ENSP00000341838	14	10061	0
9606.ENSP00000341843	1	10700	0
9606.ENSP00000341874	5	9873	0
9606.ENSP00000341885	172	6791	0
9606.ENSP00000341940	35	6092	0
9606.ENSP00000341947	10	9481	0
9606.ENSP00000341957	11	7281	0
9606.ENSP00000342002	2	10239	0
9606.ENSP00000342007	9	10015	0
9606.ENSP00000342026	11	10524	0
9606.ENSP00000342056	1	10741	0
9606.ENSP00000342082	1	10629	0
9606.ENSP00000342098	2	10561	0
9606.ENSP00000342105	3	9080	0
9606.ENSP00000342114	2	10237	0
9606.ENSP00000342136	21	7734	0
9606.ENSP00000342143	10	9034	0
9606.ENSP00000342144	2	10307	0
9606.ENSP00000342156	9	9212	0
9606.ENSP00000342197	2	10634	0
9606.ENSP00000342215	12	9888	0
9606.ENSP00000342222	2	10742	0
9606.ENSP00000342235	30	5947	0
9606.ENSP00000342262	29	9813	0
9606.ENSP00000342267	1	10605	0
9606.ENSP00000342276	3	10402	0
9606.ENSP00000342278	3	10541	0
9606.ENSP00000342307	12	6689	0
9606.ENSP00000342331	7	10471	0
9606.ENSP00000342351	5	9088	0
9606.ENSP00000342374	146	7639	0
9606.ENSP00000342385	2	9961	0
9606.ENSP00000342434	17	7323	0
9606.ENSP00000342502	5	10729	0
9606.ENSP00000342510	2	10554	0
9606.ENSP00000342538	5	10179	0
9606.ENSP00000342560	1	10481	0
9606.ENSP00000342609	8	10736	0
9606.ENSP00000342637	2	10285	0
9606.ENSP00000342676	95	9762	0
9606.ENSP00000342681	10	8309	0
9606.ENSP00000342699	1	10739	0
9606.ENSP00000342710	3	10717	0
9606.ENSP00000342755	5	9258	0
9606.ENSP00000342778	1	10610	0
9606.ENSP00000342793	5	9656	0
9606.ENSP00000342848	10	9339	0
9606.ENSP00000342858	4	9664	0
9606.ENSP00000342889	155	7059	0
9606.ENSP00000342924	2	10408	0
9606.ENSP00000342931	1	9139	0
9606.ENSP00000342952	1	10209	0
9606.ENSP00000342981	2	9996	0
9606.ENSP00000343001	10	8014	0
9606.ENSP00000343023	25	7521	0
9606.ENSP00000343054	25	8531	0
9606.ENSP00000343103	1	10744	0
9606.ENSP00000343118	27	9188	0
9606.ENSP00000343129	1	10396	0
9606.ENSP00000343144	11	9114	0
9606.ENSP00000343158	5	9992	0
9606.ENSP00000343223	2	10626	0
9606.ENSP00000343273	33	8874	0
9606.ENSP00000343288	2	9401	0
9606.ENSP00000343290	34	10235	0
9606.ENSP00000343325	12	8344	0
9606.ENSP00000343339	5	10696	0
9606.ENSP00000343405	15	10129	0
9606.ENSP00000343412	41	7879	0
9606.ENSP00000343445	1	10744	0
9606.ENSP00000343479	15	7266	0
9606.ENSP00000343497	1	10311	0
9606.ENSP00000343505	9	9183	0
9606.ENSP00000343515	37	8183	0
9606.ENSP00000343526	10	7613	0
9606.ENSP00000343535	29	5854	0
9606.ENSP00000343577	3	9910	0
9606.ENSP00000343619	4	10554	0
9606.ENSP00000343635	16	10622	0
9606.ENSP00000343636	2	10384	0
9606.ENSP00000343657	4	10270	0
9606.ENSP00000343658	2	10306	0
9606.ENSP00000343676	3	10130	0
9606.ENSP00000343690	14	9048	0
9606.ENSP00000343701	13	8104	0
9606.ENSP00000343706	1	10296	0
9606.ENSP00000343741	14	8261	0
9606.ENSP00000343742	2	10661	0
9606.ENSP00000343782	3	8254	0
9606.ENSP00000343818	5	9947	0
9606.ENSP00000343838	7	10738	0
9606.ENSP00000343867	90	9210	0
9606.ENSP00000343885	2	10743	0
9606.ENSP00000343896	112	5366	0
9606.ENSP00000343899	8	9576	0
9606.ENSP00000343900	6	10240	0
9606.ENSP00000343925	21	5802	0
9606.ENSP00000343952	36	9154	0
9606.ENSP00000343957	17	8119	0
9606.ENSP00000343966	7	10088	0
9606.ENSP00000344087	7	9450	0
9606.ENSP00000344155	16	10284	0
9606.ENSP00000344166	8	7666	0
9606.ENSP00000344208	3	9680	0
9606.ENSP00000344215	4	7863	0
9606.ENSP00000344220	5	8023	0
9606.ENSP00000344241	24	9227	0
9606.ENSP00000344299	4	9277	0
9606.ENSP00000344314	4	10608	0
9606.ENSP00000344352	13	6954	0
9606.ENSP00000344392	16	10469	0
9606.ENSP00000344393	77	7691	0
9606.ENSP00000344401	1	10742	0
9606.ENSP00000344411	2	10739	0
9606.ENSP00000344432	2	10502	0
9606.ENSP00000344458	1	10744	0
9606.ENSP00000344468	7	8049	0
9606.ENSP00000344479	1	10342	0
9606.ENSP00000344488	2	10492	0
9606.ENSP00000344503	2	10303	0
9606.ENSP00000344504	42	7912	0
9606.ENSP00000344544	4	9230	0
9606.ENSP00000344547	3	9553	0
9606.ENSP00000344572	1	10616	0
9606.ENSP00000344609	1	10682	0
9606.ENSP00000344635	5	7843	0
9606.ENSP00000344666	21	6490	0
9606.ENSP00000344741	6	9858	0
9606.ENSP00000344758	1	9903	0
9606.ENSP00000344782	3	8754	0
9606.ENSP00000344786	10	9927	0
9606.ENSP00000344855	2	9334	0
9606.ENSP00000344866	4	9021	0
9606.ENSP00000344903	7	9708	0
9606.ENSP00000344942	4	10731	0
9606.ENSP00000345001	3	9969	0
9606.ENSP00000345008	5	9571	0
9606.ENSP00000345023	2	10569	0
9606.ENSP00000345055	26	9459	0
9606.ENSP00000345064	5	10079	0
9606.ENSP00000345083	11	8906	0
9606.ENSP00000345096	1	10737	0
9606.ENSP00000345179	5	9856	0
9606.ENSP00000345192	1	10722	0
9606.ENSP00000345193	9	9031	0
9606.ENSP00000345195	17	7280	0
9606.ENSP00000345206	24	6512	0
9606.ENSP00000345243	5	9955	0
9606.ENSP00000345259	12	9119	0
9606.ENSP00000345282	6	10600	0
9606.ENSP00000345341	2	9961	0
9606.ENSP00000345344	7	10103	0
9606.ENSP00000345347	25	6268	0
9606.ENSP00000345361	12	9087	0
9606.ENSP00000345412	8	10252	0
9606.ENSP00000345436	1	10626	0
9606.ENSP00000345445	16	9932	0
9606.ENSP00000345464	1	10732	0
9606.ENSP00000345492	4	9276	0
9606.ENSP00000345502	7	9287	0
9606.ENSP00000345571	28	6496	0
9606.ENSP00000345575	2	9139	0
9606.ENSP00000345656	11	10594	0
9606.ENSP00000345672	8	9542	0
9606.ENSP00000345681	12	9299	0
9606.ENSP00000345702	5	8489	0
9606.ENSP00000345708	7	10483	0
9606.ENSP00000345719	4	10619	0
9606.ENSP00000345728	6	9169	0
9606.ENSP00000345731	36	7619	0
9606.ENSP00000345751	13	9592	0
9606.ENSP00000345752	5	9851	0
9606.ENSP00000345767	3	9088	0
9606.ENSP00000345772	6	9588	0
9606.ENSP00000345774	2	10743	0
9606.ENSP00000345785	13	10201	0
9606.ENSP00000345793	1	10592	0
9606.ENSP00000345808	1	10194	0
9606.ENSP00000345824	3	10393	0
9606.ENSP00000345826	3	8506	0
9606.ENSP00000345837	51	6746	0
9606.ENSP00000345848	2	9970	0
9606.ENSP00000345853	1	10744	0
9606.ENSP00000345868	7	9927	0
9606.ENSP00000345873	7	9284	0
9606.ENSP00000345895	26	9500	0
9606.ENSP00000345917	82	7459	0
9606.ENSP00000345957	159	6663	0
9606.ENSP00000345984	3	8613	0
9606.ENSP00000345985	3	9699	0
9606.ENSP00000346001	137	6850	0
9606.ENSP00000346012	134	6862	0
9606.ENSP00000346015	138	6859	0
9606.ENSP00000346027	136	6860	0
9606.ENSP00000346032	28	5505	0
9606.ENSP00000346037	81	7586	0
9606.ENSP00000346050	202	6641	0
9606.ENSP00000346065	3	10426	0
9606.ENSP00000346080	2	9366	0
9606.ENSP00000346088	136	6860	0
9606.ENSP00000346103	10	9990	0
9606.ENSP00000346112	1	10744	0
9606.ENSP00000346120	17	7696	0
9606.ENSP00000346130	1	9768	0
9606.ENSP00000346139	2	10636	0
9606.ENSP00000346148	7	10458	0
9606.ENSP00000346151	7	8219	0
9606.ENSP00000346155	3	10742	0
9606.ENSP00000346160	1	10636	0
9606.ENSP00000346173	2	10598	0
9606.ENSP00000346175	1	10744	0
9606.ENSP00000346196	70	10160	0
9606.ENSP00000346206	6	9545	0
9606.ENSP00000346240	9	8596	0
9606.ENSP00000346265	3	10305	0
9606.ENSP00000346298	1	10427	0
9606.ENSP00000346300	30	6798	0
9606.ENSP00000346335	1	10072	0
9606.ENSP00000346340	25	7387	0
9606.ENSP00000346378	1	9484	0
9606.ENSP00000346437	15	7359	0
9606.ENSP00000346453	35	8152	0
9606.ENSP00000346464	37	7417	0
9606.ENSP00000346483	3	10738	0
9606.ENSP00000346508	9	9488	0
9606.ENSP00000346509	26	8438	0
9606.ENSP00000346534	7	9455	0
9606.ENSP00000346550	8	7924	0
9606.ENSP00000346634	19	8887	0
9606.ENSP00000346635	1	10731	0
9606.ENSP00000346643	9	10236	0
9606.ENSP00000346659	5	8923	0
9606.ENSP00000346667	1	10744	0
9606.ENSP00000346671	79	5456	0
9606.ENSP00000346693	7	10712	0
9606.ENSP00000346694	16	9080	0
9606.ENSP00000346697	5	9510	0
9606.ENSP00000346725	33	9048	0
9606.ENSP00000346762	8	9116	0
9606.ENSP00000346768	7	10738	0
9606.ENSP00000346829	12	10467	0
9606.ENSP00000346839	104	5286	0
9606.ENSP00000346874	1	10744	0
9606.ENSP00000346879	2	9152	0
9606.ENSP00000346886	2	10049	0
9606.ENSP00000346890	2	10334	0
9606.ENSP00000346916	1	10744	0
9606.ENSP00000346927	3	8922	0
9606.ENSP00000346964	1	10417	0
9606.ENSP00000346986	2	10218	0
9606.ENSP00000346990	2	10725	0
9606.ENSP00000346997	1	10108	0
9606.ENSP00000347005	14	9928	0
9606.ENSP00000347032	2	10743	0
9606.ENSP00000347041	4	9328	0
9606.ENSP00000347046	2	10733	0
9606.ENSP00000347055	5	10419	0
9606.ENSP00000347088	2	10743	0
9606.ENSP00000347119	1	10210	0
9606.ENSP00000347134	1	9822	0
9606.ENSP00000347140	2	10710	0
9606.ENSP00000347168	245	5227	0
9606.ENSP00000347170	5	10087	0
9606.ENSP00000347184	50	4962	0
9606.ENSP00000347188	1	10220	0
9606.ENSP00000347197	8	8407	0
9606.ENSP00000347198	3	10660	0
9606.ENSP00000347206	4	10741	0
9606.ENSP00000347232	28	8434	0
9606.ENSP00000347244	13	8837	0
9606.ENSP00000347277	102	9707	0
9606.ENSP00000347345	22	9393	0
9606.ENSP00000347379	29	6721	0
9606.ENSP00000347408	6	10579	0
9606.ENSP00000347409	1	10744	0
9606.ENSP00000347427	2	10306	0
9606.ENSP00000347433	2	10364	0
9606.ENSP00000347451	6	9611	0
9606.ENSP00000347457	2	10344	0
9606.ENSP00000347464	8	9440	0
9606.ENSP00000347495	2	10208	0
9606.ENSP00000347507	25	10033	0
9606.ENSP00000347532	1	10317	0
9606.ENSP00000347591	9	9965	0
9606.ENSP00000347602	18	8590	0
9606.ENSP00000347626	15	9643	0
9606.ENSP00000347646	2	10730	0
9606.ENSP00000347655	5	9092	0
9606.ENSP00000347672	9	9988	0
9606.ENSP00000347684	1	10460	0
9606.ENSP00000347689	3	10565	0
9606.ENSP00000347714	2	10395	0
9606.ENSP00000347716	23	8960	0
9606.ENSP00000347719	1	10739	0
9606.ENSP00000347754	25	10060	0
9606.ENSP00000347778	1	10538	0
9606.ENSP00000347792	11	9259	0
9606.ENSP00000347834	4	9269	0
9606.ENSP00000347845	2	10415	0
9606.ENSP00000347852	1	9265	0
9606.ENSP00000347896	1	10629	0
9606.ENSP00000347915	16	10469	0
9606.ENSP00000347916	2	9659	0
9606.ENSP00000347942	26	7716	0
9606.ENSP00000347948	8	9296	0
9606.ENSP00000348010	10	10036	0
9606.ENSP00000348020	7	10219	0
9606.ENSP00000348054	3	10704	0
9606.ENSP00000348056	38	6808	0
9606.ENSP00000348069	6	9326	0
9606.ENSP00000348089	73	6002	0
9606.ENSP00000348099	3	9908	0
9606.ENSP00000348107	21	9625	0
9606.ENSP00000348128	1	10685	0
9606.ENSP00000348163	1	10194	0
9606.ENSP00000348168	90	7758	0
9606.ENSP00000348169	4	9778	0
9606.ENSP00000348170	10	9136	0
9606.ENSP00000348206	1	10744	0
9606.ENSP00000348211	1	10432	0
9606.ENSP00000348215	12	7586	0
9606.ENSP00000348234	4	10734	0
9606.ENSP00000348278	1	10744	0
9606.ENSP00000348300	2	10677	0
9606.ENSP00000348349	7	9370	0
9606.ENSP00000348381	15	9192	0
9606.ENSP00000348416	72	5655	0
9606.ENSP00000348419	1	10261	0
9606.ENSP00000348429	1	10742	0
9606.ENSP00000348442	47	7474	0
9606.ENSP00000348455	12	8782	0
9606.ENSP00000348461	40	7460	0
9606.ENSP00000348489	2	9738	0
9606.ENSP00000348510	8	10468	0
9606.ENSP00000348527	36	8520	0
9606.ENSP00000348554	49	7130	0
9606.ENSP00000348565	3	10422	0
9606.ENSP00000348573	10	9954	0
9606.ENSP00000348596	2	10383	0
9606.ENSP00000348602	12	9065	0
9606.ENSP00000348632	18	7522	0
9606.ENSP00000348635	2	10655	0
9606.ENSP00000348645	1	10744	0
9606.ENSP00000348708	15	9815	0
9606.ENSP00000348752	5	10435	0
9606.ENSP00000348753	4	9884	0
9606.ENSP00000348757	3	10727	0
9606.ENSP00000348769	4	9125	0
9606.ENSP00000348772	1	10184	0
9606.ENSP00000348775	10	10601	0
9606.ENSP00000348821	1	10673	0
9606.ENSP00000348838	46	6874	0
9606.ENSP00000348848	2	10687	0
9606.ENSP00000348849	151	6691	0
9606.ENSP00000348886	1	10741	0
9606.ENSP00000348888	8	9717	0
9606.ENSP00000348924	93	6125	0
9606.ENSP00000348944	7	10240	0
9606.ENSP00000348959	2	10743	0
9606.ENSP00000348965	39	8029	0
9606.ENSP00000349003	3	9973	0
9606.ENSP00000349016	10	10185	0
9606.ENSP00000349022	2	10290	0
9606.ENSP00000349041	2	9635	0
9606.ENSP00000349078	2	10634	0
9606.ENSP00000349085	3	8617	0
9606.ENSP00000349087	2	10717	0
9606.ENSP00000349116	12	10526	0
9606.ENSP00000349124	21	9467	0
9606.ENSP00000349131	4	10355	0
9606.ENSP00000349142	30	10383	0
9606.ENSP00000349143	2	10634	0
9606.ENSP00000349156	15	6855	0
9606.ENSP00000349168	21	8726	0
9606.ENSP00000349204	5	10446	0
9606.ENSP00000349205	14	8799	0
9606.ENSP00000349208	8	10644	0
9606.ENSP00000349252	28	8720	0
9606.ENSP00000349259	16	8456	0
9606.ENSP00000349270	2	10397	0
9606.ENSP00000349274	1	9461	0
9606.ENSP00000349298	1	9681	0
9606.ENSP00000349305	3	10657	0
9606.ENSP00000349313	25	8168	0
9606.ENSP00000349320	38	9747	0
9606.ENSP00000349324	4	10365	0
9606.ENSP00000349351	9	9567	0
9606.ENSP00000349365	6	9267	0
9606.ENSP00000349396	17	10284	0
9606.ENSP00000349428	19	8452	0
9606.ENSP00000349430	84	5701	0
9606.ENSP00000349436	4	8110	0
9606.ENSP00000349437	10	9137	0
9606.ENSP00000349439	1	10741	0
9606.ENSP00000349446	1	10546	0
9606.ENSP00000349458	1	10465	0
9606.ENSP00000349486	19	7217	0
9606.ENSP00000349490	2	10743	0
9606.ENSP00000349493	2	10717	0
9606.ENSP00000349541	3	9209	0
9606.ENSP00000349543	41	8079	0
9606.ENSP00000349547	10	7957	0
9606.ENSP00000349577	4	10729	0
9606.ENSP00000349588	28	7023	0
9606.ENSP00000349595	5	10626	0
9606.ENSP00000349616	3	10394	0
9606.ENSP00000349640	62	7150	0
9606.ENSP00000349679	30	8328	0
9606.ENSP00000349689	7	10726	0
9606.ENSP00000349709	3	10490	0
9606.ENSP00000349722	16	6509	0
9606.ENSP00000349723	31	7629	0
9606.ENSP00000349727	2	9397	0
9606.ENSP00000349748	10	9049	0
9606.ENSP00000349768	1	10744	0
9606.ENSP00000349785	6	9449	0
9606.ENSP00000349790	5	10666	0
9606.ENSP00000349823	4	9929	0
9606.ENSP00000349824	5	9149	0
9606.ENSP00000349860	3	10742	0
9606.ENSP00000349884	1	10625	0
9606.ENSP00000349923	4	10507	0
9606.ENSP00000349954	7	9315	0
9606.ENSP00000349957	42	7225	0
9606.ENSP00000349967	20	9637	0
9606.ENSP00000349970	2	10633	0
9606.ENSP00000350005	6	9236	0
9606.ENSP00000350012	1	10742	0
9606.ENSP00000350032	1	10633	0
9606.ENSP00000350036	9	10212	0
9606.ENSP00000350071	27	8817	0
9606.ENSP00000350075	9	10256	0
9606.ENSP00000350090	1	10249	0
9606.ENSP00000350098	35	8154	0
9606.ENSP00000350132	19	9682	0
9606.ENSP00000350136	2	10743	0
9606.ENSP00000350162	2	10720	0
9606.ENSP00000350170	18	8429	0
9606.ENSP00000350198	7	9787	0
9606.ENSP00000350199	28	9192	0
9606.ENSP00000350224	1	9112	0
9606.ENSP00000350249	19	8441	0
9606.ENSP00000350256	21	9687	0
9606.ENSP00000350267	8	9744	0
9606.ENSP00000350310	4	9575	0
9606.ENSP00000350332	1	10583	0
9606.ENSP00000350333	33	8088	0
9606.ENSP00000350348	3	10492	0
9606.ENSP00000350359	20	7737	0
9606.ENSP00000350364	1	10744	0
9606.ENSP00000350369	9	9486	0
9606.ENSP00000350378	8	10726	0
9606.ENSP00000350386	15	9974	0
9606.ENSP00000350402	1	10716	0
9606.ENSP00000350425	26	8797	0
9606.ENSP00000350447	10	10129	0
9606.ENSP00000350491	26	8909	0
9606.ENSP00000350512	46	6047	0
9606.ENSP00000350630	1	10735	0
9606.ENSP00000350633	1	10009	0
9606.ENSP00000350676	23	8351	0
9606.ENSP00000350681	2	10628	0
9606.ENSP00000350686	4	9860	0
9606.ENSP00000350698	21	9360	0
9606.ENSP00000350704	1	10744	0
9606.ENSP00000350708	41	6785	0
9606.ENSP00000350718	1	9484	0
9606.ENSP00000350719	9	10223	0
9606.ENSP00000350786	2	10739	0
9606.ENSP00000350815	6	7670	0
9606.ENSP00000350844	3	10040	0
9606.ENSP00000350896	8	9984	0
9606.ENSP00000350928	3	10730	0
9606.ENSP00000350934	1	10199	0
9606.ENSP00000350937	2	10683	0
9606.ENSP00000350949	1	10744	0
9606.ENSP00000351015	7	8496	0
9606.ENSP00000351022	12	9930	0
9606.ENSP00000351052	3	9028	0
9606.ENSP00000351059	27	9408	0
9606.ENSP00000351132	9	9091	0
9606.ENSP00000351137	83	8492	0
9606.ENSP00000351138	1	10744	0
9606.ENSP00000351141	14	8728	0
9606.ENSP00000351142	2	10526	0
9606.ENSP00000351147	29	8122	0
9606.ENSP00000351155	2	10703	0
9606.ENSP00000351159	14	10546	0
9606.ENSP00000351185	7	9590	0
9606.ENSP00000351190	1	10744	0
9606.ENSP00000351209	23	7072	0
9606.ENSP00000351214	18	9862	0
9606.ENSP00000351250	34	7538	0
9606.ENSP00000351255	7	8535	0
9606.ENSP00000351273	42	7322	0
9606.ENSP00000351284	9	8766	0
9606.ENSP00000351314	24	10122	0
9606.ENSP00000351327	6	10296	0
9606.ENSP00000351338	17	8578	0
9606.ENSP00000351342	3	10688	0
9606.ENSP00000351345	1	10744	0
9606.ENSP00000351379	10	8422	0
9606.ENSP00000351380	47	9303	0
9606.ENSP00000351407	16	7293	0
9606.ENSP00000351446	166	5275	0
9606.ENSP00000351473	1	10744	0
9606.ENSP00000351490	38	7735	0
9606.ENSP00000351492	75	7822	0
9606.ENSP00000351497	13	8316	0
9606.ENSP00000351520	3	10742	0
9606.ENSP00000351530	1	10744	0
9606.ENSP00000351539	1	9984	0
9606.ENSP00000351575	18	9420	0
9606.ENSP00000351589	94	6298	0
9606.ENSP00000351591	8	9774	0
9606.ENSP00000351602	3	10530	0
9606.ENSP00000351605	16	9894	0
9606.ENSP00000351614	1	10579	0
9606.ENSP00000351642	7	10468	0
9606.ENSP00000351644	5	10218	0
9606.ENSP00000351646	35	6474	0
9606.ENSP00000351671	26	9373	0
9606.ENSP00000351682	2	10743	0
9606.ENSP00000351697	19	9152	0
9606.ENSP00000351706	3	10241	0
9606.ENSP00000351732	4	10737	0
9606.ENSP00000351737	6	10325	0
9606.ENSP00000351742	13	9245	0
9606.ENSP00000351777	60	5843	0
9606.ENSP00000351789	8	8743	0
9606.ENSP00000351790	2	10660	0
9606.ENSP00000351807	19	8962	0
9606.ENSP00000351811	9	9709	0
9606.ENSP00000351813	4	10185	0
9606.ENSP00000351832	1	10744	0
9606.ENSP00000351905	26	5885	0
9606.ENSP00000351908	16	6800	0
9606.ENSP00000351926	39	7827	0
9606.ENSP00000351933	35	8874	0
9606.ENSP00000351947	2	10239	0
9606.ENSP00000351957	2	10676	0
9606.ENSP00000351990	5	8705	0
9606.ENSP00000352011	7	10446	0
9606.ENSP00000352021	2	10491	0
9606.ENSP00000352035	16	9315	0
9606.ENSP00000352069	6	9462	0
9606.ENSP00000352071	5	9844	0
9606.ENSP00000352097	7	10726	0
9606.ENSP00000352119	93	6419	0
9606.ENSP00000352138	6	9059	0
9606.ENSP00000352167	1	10744	0
9606.ENSP00000352185	1	10675	0
9606.ENSP00000352252	192	4939	0
9606.ENSP00000352257	53	6414	0
9606.ENSP00000352264	33	6364	0
9606.ENSP00000352265	4	10738	0
9606.ENSP00000352271	10	8940	0
9606.ENSP00000352272	4	10053	0
9606.ENSP00000352282	7	8953	0
9606.ENSP00000352288	13	9599	0
9606.ENSP00000352358	4	9571	0
9606.ENSP00000352400	44	8770	0
9606.ENSP00000352401	1	10744	0
9606.ENSP00000352408	8	8630	0
9606.ENSP00000352414	21	7956	0
9606.ENSP00000352438	9	8658	0
9606.ENSP00000352455	4	10447	0
9606.ENSP00000352510	2	10403	0
9606.ENSP00000352513	1	9674	0
9606.ENSP00000352516	60	5647	0
9606.ENSP00000352522	32	10621	0
9606.ENSP00000352527	4	10524	0
9606.ENSP00000352536	6	10556	0
9606.ENSP00000352544	19	9950	0
9606.ENSP00000352561	13	9108	0
9606.ENSP00000352565	4	9968	0
9606.ENSP00000352572	16	7601	0
9606.ENSP00000352584	2	10741	0
9606.ENSP00000352608	48	9162	0
9606.ENSP00000352627	93	6419	0
9606.ENSP00000352672	1	10744	0
9606.ENSP00000352673	2	10114	0
9606.ENSP00000352676	6	7141	0
9606.ENSP00000352678	18	9623	0
9606.ENSP00000352706	29	9380	0
9606.ENSP00000352738	6	8937	0
9606.ENSP00000352798	6	8806	0
9606.ENSP00000352833	6	9432	0
9606.ENSP00000352835	9	9575	0
9606.ENSP00000352882	10	9821	0
9606.ENSP00000352900	15	9131	0
9606.ENSP00000352904	11	10669	0
9606.ENSP00000352925	89	5843	0
9606.ENSP00000352926	16	8026	0
9606.ENSP00000352927	1	10740	0
9606.ENSP00000352928	30	7975	0
9606.ENSP00000352936	1	10714	0
9606.ENSP00000353010	4	10619	0
9606.ENSP00000353013	1	10744	0
9606.ENSP00000353025	3	10110	0
9606.ENSP00000353030	7	8017	0
9606.ENSP00000353032	10	10246	0
9606.ENSP00000353048	8	9550	0
9606.ENSP00000353072	4	10626	0
9606.ENSP00000353098	4	10208	0
9606.ENSP00000353099	30	8256	0
9606.ENSP00000353104	1	10737	0
9606.ENSP00000353114	3	9946	0
9606.ENSP00000353128	1	10744	0
9606.ENSP00000353198	5	10521	0
9606.ENSP00000353246	28	9514	0
9606.ENSP00000353270	2	10633	0
9606.ENSP00000353292	13	9592	0
9606.ENSP00000353331	1	10265	0
9606.ENSP00000353332	3	10134	0
9606.ENSP00000353344	6	7926	0
9606.ENSP00000353375	1	10608	0
9606.ENSP00000353379	1	10116	0
9606.ENSP00000353393	4	9458	0
9606.ENSP00000353401	3	9382	0
9606.ENSP00000353408	29	7490	0
9606.ENSP00000353444	5	10019	0
9606.ENSP00000353452	7	9515	0
9606.ENSP00000353475	22	8385	0
9606.ENSP00000353512	1	10700	0
9606.ENSP00000353575	7	9970	0
9606.ENSP00000353582	20	8635	0
9606.ENSP00000353590	25	9025	0
9606.ENSP00000353600	4	10740	0
9606.ENSP00000353608	6	10295	0
9606.ENSP00000353654	4	10699	0
9606.ENSP00000353720	1	10744	0
9606.ENSP00000353731	17	7731	0
9606.ENSP00000353732	1	9916	0
9606.ENSP00000353735	12	7516	0
9606.ENSP00000353741	94	7157	0
9606.ENSP00000353770	4	9546	0
9606.ENSP00000353785	6	9346	0
9606.ENSP00000353793	25	8721	0
9606.ENSP00000353794	1	9460	0
9606.ENSP00000353850	4	9784	0
9606.ENSP00000353863	1	8050	0
9606.ENSP00000353864	10	9329	0
9606.ENSP00000353874	15	7527	0
9606.ENSP00000353904	5	9956	0
9606.ENSP00000353915	3	9973	0
9606.ENSP00000353920	1	10666	0
9606.ENSP00000353959	1	10570	0
9606.ENSP00000354003	8	10305	0
9606.ENSP00000354006	1	10742	0
9606.ENSP00000354040	68	8836	0
9606.ENSP00000354090	3	10385	0
9606.ENSP00000354091	18	8395	0
9606.ENSP00000354111	11	7974	0
9606.ENSP00000354125	64	7171	0
9606.ENSP00000354158	12	8771	0
9606.ENSP00000354204	1	10656	0
9606.ENSP00000354207	14	8095	0
9606.ENSP00000354213	1	10744	0
9606.ENSP00000354218	4	7559	0
9606.ENSP00000354223	1	10744	0
9606.ENSP00000354227	1	10661	0
9606.ENSP00000354251	15	9243	0
9606.ENSP00000354280	1	10736	0
9606.ENSP00000354294	3	10577	0
9606.ENSP00000354314	3	10705	0
9606.ENSP00000354340	4	9728	0
9606.ENSP00000354346	17	8901	0
9606.ENSP00000354357	3	10738	0
9606.ENSP00000354360	6	10211	0
9606.ENSP00000354361	5	8638	0
9606.ENSP00000354376	3	10448	0
9606.ENSP00000354394	43	4704	0
9606.ENSP00000354416	23	9956	0
9606.ENSP00000354451	4	9163	0
9606.ENSP00000354458	21	8813	0
9606.ENSP00000354461	3	10562	0
9606.ENSP00000354468	7	10049	0
9606.ENSP00000354476	8	7894	0
9606.ENSP00000354487	12	7392	0
9606.ENSP00000354488	9	10498	0
9606.ENSP00000354490	19	10172	0
9606.ENSP00000354497	5	8410	0
9606.ENSP00000354499	80	9909	0
9606.ENSP00000354511	1	10744	0
9606.ENSP00000354518	14	9188	0
9606.ENSP00000354522	9	7627	0
9606.ENSP00000354525	105	9063	0
9606.ENSP00000354532	4	10722	0
9606.ENSP00000354554	72	9067	0
9606.ENSP00000354558	43	6271	0
9606.ENSP00000354560	8	10399	0
9606.ENSP00000354566	13	8429	0
9606.ENSP00000354573	3	10497	0
9606.ENSP00000354580	113	8942	0
9606.ENSP00000354581	9	10678	0
9606.ENSP00000354607	18	8936	0
9606.ENSP00000354608	1	10744	0
9606.ENSP00000354610	5	10733	0
9606.ENSP00000354612	1	10513	0
9606.ENSP00000354621	15	7002	0
9606.ENSP00000354623	19	9942	0
9606.ENSP00000354632	30	10083	0
9606.ENSP00000354633	92	7758	0
9606.ENSP00000354643	1	10744	0
9606.ENSP00000354649	12	10581	0
9606.ENSP00000354652	5	9959	0
9606.ENSP00000354660	2	9107	0
9606.ENSP00000354665	68	10160	0
9606.ENSP00000354669	4	7924	0
9606.ENSP00000354671	3	8713	0
9606.ENSP00000354677	10	10675	0
9606.ENSP00000354686	1	10502	0
9606.ENSP00000354687	79	9843	0
9606.ENSP00000354688	4	10608	0
9606.ENSP00000354718	5	9575	0
9606.ENSP00000354720	16	9555	0
9606.ENSP00000354722	13	9259	0
9606.ENSP00000354723	1	10210	0
9606.ENSP00000354724	31	8488	0
9606.ENSP00000354728	68	9843	0
9606.ENSP00000354739	113	6889	0
9606.ENSP00000354742	9	8914	0
9606.ENSP00000354762	2	10743	0
9606.ENSP00000354772	24	9663	0
9606.ENSP00000354777	7	8952	0
9606.ENSP00000354778	5	10361	0
9606.ENSP00000354782	24	7885	0
9606.ENSP00000354791	45	7319	0
9606.ENSP00000354794	1	9936	0
9606.ENSP00000354813	70	9843	0
9606.ENSP00000354822	1	10037	0
9606.ENSP00000354826	7	9351	0
9606.ENSP00000354829	6	10735	0
9606.ENSP00000354837	7	8816	0
9606.ENSP00000354848	4	10576	0
9606.ENSP00000354850	1	10241	0
9606.ENSP00000354855	2	10512	0
9606.ENSP00000354859	15	8840	0
9606.ENSP00000354874	13	9903	0
9606.ENSP00000354876	37	10107	0
9606.ENSP00000354878	2	10614	0
9606.ENSP00000354900	17	6880	0
9606.ENSP00000354901	33	9489	0
9606.ENSP00000354910	7	8010	0
9606.ENSP00000354911	3	9020	0
9606.ENSP00000354916	4	9703	0
9606.ENSP00000354920	2	10553	0
9606.ENSP00000354923	30	7539	0
9606.ENSP00000354927	5	8606	0
9606.ENSP00000354932	12	9129	0
9606.ENSP00000354947	16	9146	0
9606.ENSP00000354952	21	6831	0
9606.ENSP00000354957	10	9868	0
9606.ENSP00000354960	10	10609	0
9606.ENSP00000354961	76	9777	0
9606.ENSP00000354972	7	10653	0
9606.ENSP00000354982	80	9990	0
9606.ENSP00000354995	1	10351	0
9606.ENSP00000355001	2	9434	0
9606.ENSP00000355011	9	9020	0
9606.ENSP00000355013	87	7285	0
9606.ENSP00000355014	1	10570	0
9606.ENSP00000355026	1	10232	0
9606.ENSP00000355046	71	9843	0
9606.ENSP00000355050	51	7884	0
9606.ENSP00000355051	92	7758	0
9606.ENSP00000355077	8	10414	0
9606.ENSP00000355094	18	8887	0
9606.ENSP00000355114	29	7679	0
9606.ENSP00000355124	1	10689	0
9606.ENSP00000355133	5	9452	0
9606.ENSP00000355140	4	10589	0
9606.ENSP00000355155	22	9645	0
9606.ENSP00000355167	1	10728	0
9606.ENSP00000355180	2	10726	0
9606.ENSP00000355187	2	10584	0
9606.ENSP00000355192	41	9048	0
9606.ENSP00000355195	2	10086	0
9606.ENSP00000355206	74	9843	0
9606.ENSP00000355228	1	9461	0
9606.ENSP00000355231	63	4946	0
9606.ENSP00000355237	1	9735	0
9606.ENSP00000355245	1	10476	0
9606.ENSP00000355249	5	9668	0
9606.ENSP00000355250	3	10729	0
9606.ENSP00000355261	9	8867	0
9606.ENSP00000355265	20	10593	0
9606.ENSP00000355279	20	10327	0
9606.ENSP00000355299	7	10424	0
9606.ENSP00000355308	11	10683	0
9606.ENSP00000355315	140	6689	0
9606.ENSP00000355316	1	10507	0
9606.ENSP00000355319	1	10344	0
9606.ENSP00000355325	51	7506	0
9606.ENSP00000355330	2	9409	0
9606.ENSP00000355354	1	9388	0
9606.ENSP00000355361	19	8550	0
9606.ENSP00000355370	14	9877	0
9606.ENSP00000355377	1	10744	0
9606.ENSP00000355385	2	10504	0
9606.ENSP00000355388	21	8574	0
9606.ENSP00000355421	1	9461	0
9606.ENSP00000355465	25	9957	0
9606.ENSP00000355470	12	10640	0
9606.ENSP00000355471	2	10340	0
9606.ENSP00000355492	32	9839	0
9606.ENSP00000355493	1	10744	0
9606.ENSP00000355499	1	10731	0
9606.ENSP00000355500	10	10184	0
9606.ENSP00000355506	12	8564	0
9606.ENSP00000355511	14	10005	0
9606.ENSP00000355518	1	10016	0
9606.ENSP00000355523	6	9370	0
9606.ENSP00000355533	19	9316	0
9606.ENSP00000355536	3	10742	0
9606.ENSP00000355537	13	8185	0
9606.ENSP00000355541	73	7685	0
9606.ENSP00000355566	11	9150	0
9606.ENSP00000355568	4	9599	0
9606.ENSP00000355574	6	10512	0
9606.ENSP00000355580	2	10733	0
9606.ENSP00000355599	2	9882	0
9606.ENSP00000355601	9	8047	0
9606.ENSP00000355605	16	9282	0
9606.ENSP00000355607	2	10523	0
9606.ENSP00000355609	62	7709	0
9606.ENSP00000355623	5	10510	0
9606.ENSP00000355627	10	9803	0
9606.ENSP00000355629	7	10630	0
9606.ENSP00000355632	1	10497	0
9606.ENSP00000355637	2	10738	0
9606.ENSP00000355645	55	7097	0
9606.ENSP00000355651	8	10219	0
9606.ENSP00000355652	6	9257	0
9606.ENSP00000355657	145	6715	0
9606.ENSP00000355658	2	10191	0
9606.ENSP00000355672	2	10739	0
9606.ENSP00000355675	3	10133	0
9606.ENSP00000355718	8	9143	0
9606.ENSP00000355731	2	9735	0
9606.ENSP00000355735	5	9561	0
9606.ENSP00000355736	1	10366	0
9606.ENSP00000355741	1	10739	0
9606.ENSP00000355747	9	9840	0
9606.ENSP00000355751	5	9978	0
9606.ENSP00000355759	31	7161	0
9606.ENSP00000355771	45	6632	0
9606.ENSP00000355777	7	9991	0
9606.ENSP00000355780	122	6484	0
9606.ENSP00000355785	2	10708	0
9606.ENSP00000355809	7	9762	0
9606.ENSP00000355812	6	10025	0
9606.ENSP00000355837	1	10740	0
9606.ENSP00000355865	32	6031	0
9606.ENSP00000355866	1	10594	0
9606.ENSP00000355877	2	10642	0
9606.ENSP00000355889	11	10195	0
9606.ENSP00000355890	24	8755	0
9606.ENSP00000355896	13	8027	0
9606.ENSP00000355899	6	10180	0
9606.ENSP00000355902	1	10355	0
9606.ENSP00000355904	5	9629	0
9606.ENSP00000355922	11	9500	0
9606.ENSP00000355923	3	8437	0
9606.ENSP00000355924	3	7022	0
9606.ENSP00000355944	13	9275	0
9606.ENSP00000355958	29	8056	0
9606.ENSP00000355961	33	9097	0
9606.ENSP00000355964	4	10685	0
9606.ENSP00000355966	18	9354	0
9606.ENSP00000355968	2	10553	0
9606.ENSP00000355991	21	8429	0
9606.ENSP00000355995	2	10743	0
9606.ENSP00000355996	1	10705	0
9606.ENSP00000356000	11	9850	0
9606.ENSP00000356001	102	9707	0
9606.ENSP00000356015	1	10744	0
9606.ENSP00000356016	5	10411	0
9606.ENSP00000356024	7	9626	0
9606.ENSP00000356030	8	10082	0
9606.ENSP00000356037	3	10676	0
9606.ENSP00000356047	5	10730	0
9606.ENSP00000356056	25	8484	0
9606.ENSP00000356064	1	10208	0
9606.ENSP00000356065	4	10596	0
9606.ENSP00000356070	8	9013	0
9606.ENSP00000356094	3	10410	0
9606.ENSP00000356102	1	10228	0
9606.ENSP00000356107	3	10096	0
9606.ENSP00000356110	1	10565	0
9606.ENSP00000356134	37	9751	0
9606.ENSP00000356150	13	6000	0
9606.ENSP00000356155	6	9451	0
9606.ENSP00000356156	8	9152	0
9606.ENSP00000356162	1	10744	0
9606.ENSP00000356172	1	10744	0
9606.ENSP00000356191	1	9617	0
9606.ENSP00000356198	1	10744	0
9606.ENSP00000356202	1	10744	0
9606.ENSP00000356205	5	9935	0
9606.ENSP00000356213	4	10362	0
9606.ENSP00000356218	2	10681	0
9606.ENSP00000356224	12	10092	0
9606.ENSP00000356230	45	8505	0
9606.ENSP00000356231	9	8904	0
9606.ENSP00000356233	7	8291	0
9606.ENSP00000356237	2	10476	0
9606.ENSP00000356247	4	10681	0
9606.ENSP00000356251	1	10672	0
9606.ENSP00000356256	12	9948	0
9606.ENSP00000356257	3	10023	0
9606.ENSP00000356308	3	10490	0
9606.ENSP00000356310	3	10490	0
9606.ENSP00000356319	5	10246	0
9606.ENSP00000356320	3	10490	0
9606.ENSP00000356329	3	10490	0
9606.ENSP00000356331	8	8043	0
9606.ENSP00000356355	4	10288	0
9606.ENSP00000356357	1	10702	0
9606.ENSP00000356370	3	10601	0
9606.ENSP00000356379	1	10735	0
9606.ENSP00000356381	2	10742	0
9606.ENSP00000356382	1	10744	0
9606.ENSP00000356385	2	10697	0
9606.ENSP00000356386	2	10435	0
9606.ENSP00000356395	1	10529	0
9606.ENSP00000356399	12	9610	0
9606.ENSP00000356404	2	10743	0
9606.ENSP00000356405	89	6591	0
9606.ENSP00000356416	2	9976	0
9606.ENSP00000356421	60	7110	0
9606.ENSP00000356426	26	6039	0
9606.ENSP00000356429	1	10248	0
9606.ENSP00000356430	1	10431	0
9606.ENSP00000356438	3	8050	0
9606.ENSP00000356448	45	8337	0
9606.ENSP00000356465	3	10591	0
9606.ENSP00000356468	2	9992	0
9606.ENSP00000356480	102	6730	0
9606.ENSP00000356489	2	10683	0
9606.ENSP00000356505	22	8307	0
9606.ENSP00000356515	8	9782	0
9606.ENSP00000356520	108	6433	0
9606.ENSP00000356529	6	9876	0
9606.ENSP00000356530	2	9046	0
9606.ENSP00000356540	14	10225	0
9606.ENSP00000356541	121	7345	0
9606.ENSP00000356545	13	9480	0
9606.ENSP00000356548	44	7405	0
9606.ENSP00000356562	3	9814	0
9606.ENSP00000356563	30	8704	0
9606.ENSP00000356579	2	9819	0
9606.ENSP00000356584	1	10729	0
9606.ENSP00000356587	8	8905	0
9606.ENSP00000356591	1	10744	0
9606.ENSP00000356602	7	10634	0
9606.ENSP00000356641	29	7252	0
9606.ENSP00000356646	1	10586	0
9606.ENSP00000356652	12	6554	0
9606.ENSP00000356658	4	9236	0
9606.ENSP00000356669	1	9882	0
9606.ENSP00000356671	5	9774	0
9606.ENSP00000356694	15	8515	0
9606.ENSP00000356696	1	10675	0
9606.ENSP00000356702	7	10596	0
9606.ENSP00000356713	9	8873	0
9606.ENSP00000356737	1	10605	0
9606.ENSP00000356771	2	10598	0
9606.ENSP00000356782	4	10595	0
9606.ENSP00000356785	53	9536	0
9606.ENSP00000356790	20	10172	0
9606.ENSP00000356792	24	9669	0
9606.ENSP00000356793	18	9960	0
9606.ENSP00000356807	3	10092	0
9606.ENSP00000356811	91	7436	0
9606.ENSP00000356814	28	8122	0
9606.ENSP00000356825	1	9881	0
9606.ENSP00000356832	5	9558	0
9606.ENSP00000356840	10	7891	0
9606.ENSP00000356846	3	10606	0
9606.ENSP00000356848	38	7872	0
9606.ENSP00000356853	2	10742	0
9606.ENSP00000356905	1	10744	0
9606.ENSP00000356906	1	10734	0
9606.ENSP00000356918	30	10127	0
9606.ENSP00000356919	8	8780	0
9606.ENSP00000356946	22	8556	0
9606.ENSP00000356951	34	10235	0
9606.ENSP00000356953	6	10643	0
9606.ENSP00000356954	5	9198	0
9606.ENSP00000356959	4	9141	0
9606.ENSP00000356967	5	10555	0
9606.ENSP00000356969	27	8689	0
9606.ENSP00000356972	81	9777	0
9606.ENSP00000356981	8	7501	0
9606.ENSP00000356982	3	10443	0
9606.ENSP00000356984	1	9699	0
9606.ENSP00000356989	24	8252	0
9606.ENSP00000356991	5	9851	0
9606.ENSP00000356992	1	10533	0
9606.ENSP00000357000	6	8127	0
9606.ENSP00000357005	23	7903	0
9606.ENSP00000357012	3	9371	0
9606.ENSP00000357036	3	10525	0
9606.ENSP00000357040	12	9700	0
9606.ENSP00000357047	100	7505	0
9606.ENSP00000357048	14	10536	0
9606.ENSP00000357051	14	10095	0
9606.ENSP00000357052	28	8122	0
9606.ENSP00000357055	4	9396	0
9606.ENSP00000357057	6	10476	0
9606.ENSP00000357060	9	10582	0
9606.ENSP00000357065	4	9930	0
9606.ENSP00000357067	4	10246	0
9606.ENSP00000357069	1	10744	0
9606.ENSP00000357079	34	10235	0
9606.ENSP00000357097	4	9370	0
9606.ENSP00000357103	10	9749	0
9606.ENSP00000357106	4	10284	0
9606.ENSP00000357110	8	10184	0
9606.ENSP00000357112	22	9020	0
9606.ENSP00000357113	7	7572	0
9606.ENSP00000357150	2	10235	0
9606.ENSP00000357152	2	10235	0
9606.ENSP00000357156	1	10000	0
9606.ENSP00000357169	2	9396	0
9606.ENSP00000357177	11	8113	0
9606.ENSP00000357178	3	9907	0
9606.ENSP00000357189	1	9610	0
9606.ENSP00000357206	2	10327	0
9606.ENSP00000357218	1	10351	0
9606.ENSP00000357255	4	9512	0
9606.ENSP00000357256	12	9468	0
9606.ENSP00000357265	3	10235	0
9606.ENSP00000357283	13	9728	0
9606.ENSP00000357288	32	8688	0
9606.ENSP00000357292	28	9150	0
9606.ENSP00000357297	5	9107	0
9606.ENSP00000357301	9	10080	0
9606.ENSP00000357307	2	9702	0
9606.ENSP00000357308	37	8520	0
9606.ENSP00000357320	102	8549	0
9606.ENSP00000357342	3	10721	0
9606.ENSP00000357348	2	10524	0
9606.ENSP00000357360	14	9977	0
9606.ENSP00000357384	2	10735	0
9606.ENSP00000357392	11	9798	0
9606.ENSP00000357393	9	10193	0
9606.ENSP00000357442	28	7496	0
9606.ENSP00000357453	2	10743	0
9606.ENSP00000357459	6	8460	0
9606.ENSP00000357461	12	10729	0
9606.ENSP00000357470	19	7568	0
9606.ENSP00000357480	2	10700	0
9606.ENSP00000357484	6	9908	0
9606.ENSP00000357511	34	10235	0
9606.ENSP00000357535	2	10682	0
9606.ENSP00000357547	1	10596	0
9606.ENSP00000357556	2	9950	0
9606.ENSP00000357564	2	10580	0
9606.ENSP00000357565	4	7924	0
9606.ENSP00000357583	3	10742	0
9606.ENSP00000357591	15	10658	0
9606.ENSP00000357622	14	8263	0
9606.ENSP00000357625	11	8728	0
9606.ENSP00000357633	7	10461	0
9606.ENSP00000357643	2	10050	0
9606.ENSP00000357644	15	8714	0
9606.ENSP00000357651	1	10744	0
9606.ENSP00000357668	4	8990	0
9606.ENSP00000357669	5	10657	0
9606.ENSP00000357674	21	9986	0
9606.ENSP00000357679	13	9863	0
9606.ENSP00000357704	7	7085	0
9606.ENSP00000357709	5	7527	0
9606.ENSP00000357711	4	10015	0
9606.ENSP00000357718	1	10702	0
9606.ENSP00000357721	11	7181	0
9606.ENSP00000357726	2	9761	0
9606.ENSP00000357727	2	9514	0
9606.ENSP00000357731	6	10649	0
9606.ENSP00000357748	11	8524	0
9606.ENSP00000357753	8	10597	0
9606.ENSP00000357789	2	10727	0
9606.ENSP00000357801	11	9231	0
9606.ENSP00000357804	7	9537	0
9606.ENSP00000357807	5	10663	0
9606.ENSP00000357812	6	9416	0
9606.ENSP00000357823	111	8959	0
9606.ENSP00000357835	2	10743	0
9606.ENSP00000357842	1	10744	0
9606.ENSP00000357844	1	10744	0
9606.ENSP00000357858	18	8715	0
9606.ENSP00000357863	6	10556	0
9606.ENSP00000357869	12	10002	0
9606.ENSP00000357873	6	10693	0
9606.ENSP00000357876	56	7184	0
9606.ENSP00000357883	8	10333	0
9606.ENSP00000357901	37	8863	0
9606.ENSP00000357905	3	10629	0
9606.ENSP00000357907	34	9114	0
9606.ENSP00000357909	1	10558	0
9606.ENSP00000357927	1	9834	0
9606.ENSP00000357928	121	7980	0
9606.ENSP00000357979	5	9145	0
9606.ENSP00000357981	3	10236	0
9606.ENSP00000357986	1	10687	0
9606.ENSP00000357998	5	9910	0
9606.ENSP00000358001	1	10567	0
9606.ENSP00000358019	9	10414	0
9606.ENSP00000358022	21	8192	0
9606.ENSP00000358033	1	10744	0
9606.ENSP00000358042	3	10729	0
9606.ENSP00000358059	1	10700	0
9606.ENSP00000358060	2	10717	0
9606.ENSP00000358064	3	9774	0
9606.ENSP00000358071	3	10536	0
9606.ENSP00000358072	28	7236	0
9606.ENSP00000358081	33	6343	0
9606.ENSP00000358089	5	9228	0
9606.ENSP00000358092	2	9639	0
9606.ENSP00000358099	1	10431	0
9606.ENSP00000358105	9	8222	0
9606.ENSP00000358120	1	10459	0
9606.ENSP00000358140	58	7314	0
9606.ENSP00000358142	3	10521	0
9606.ENSP00000358149	3	10721	0
9606.ENSP00000358151	103	5436	0
9606.ENSP00000358154	239	5727	0
9606.ENSP00000358155	72	6334	0
9606.ENSP00000358159	4	10501	0
9606.ENSP00000358160	157	5195	0
9606.ENSP00000358165	13	7504	0
9606.ENSP00000358200	8	10257	0
9606.ENSP00000358210	2	10399	0
9606.ENSP00000358223	9	10640	0
9606.ENSP00000358232	8	10640	0
9606.ENSP00000358238	8	9475	0
9606.ENSP00000358247	2	9334	0
9606.ENSP00000358262	33	8306	0
9606.ENSP00000358272	35	10266	0
9606.ENSP00000358283	2	10740	0
9606.ENSP00000358294	4	10432	0
9606.ENSP00000358301	4	8797	0
9606.ENSP00000358309	8	10155	0
9606.ENSP00000358310	20	8844	0
9606.ENSP00000358312	3	10653	0
9606.ENSP00000358320	17	9718	0
9606.ENSP00000358327	7	9134	0
9606.ENSP00000358335	59	6498	0
9606.ENSP00000358363	3	10318	0
9606.ENSP00000358400	2	10562	0
9606.ENSP00000358407	3	10742	0
9606.ENSP00000358414	1	10744	0
9606.ENSP00000358421	2	9397	0
9606.ENSP00000358423	12	9504	0
9606.ENSP00000358458	2	10651	0
9606.ENSP00000358460	1	10615	0
9606.ENSP00000358464	15	8703	0
9606.ENSP00000358466	1	10524	0
9606.ENSP00000358470	2	10264	0
9606.ENSP00000358474	42	7719	0
9606.ENSP00000358478	36	8207	0
9606.ENSP00000358488	2	10626	0
9606.ENSP00000358490	16	8275	0
9606.ENSP00000358497	8	9481	0
9606.ENSP00000358501	4	9926	0
9606.ENSP00000358513	8	9864	0
9606.ENSP00000358518	4	9307	0
9606.ENSP00000358525	17	8404	0
9606.ENSP00000358535	6	10720	0
9606.ENSP00000358541	18	9083	0
9606.ENSP00000358547	12	9867	0
9606.ENSP00000358548	10	9180	0
9606.ENSP00000358549	13	10195	0
9606.ENSP00000358554	74	7841	0
9606.ENSP00000358563	35	6852	0
9606.ENSP00000358575	1	10744	0
9606.ENSP00000358582	23	9923	0
9606.ENSP00000358596	1	10489	0
9606.ENSP00000358616	12	9959	0
9606.ENSP00000358635	20	7878	0
9606.ENSP00000358674	6	9931	0
9606.ENSP00000358695	3	10666	0
9606.ENSP00000358696	8	10228	0
9606.ENSP00000358698	5	10359	0
9606.ENSP00000358715	3	9716	0
9606.ENSP00000358716	21	7475	0
9606.ENSP00000358719	3	10736	0
9606.ENSP00000358723	14	9031	0
9606.ENSP00000358727	1	10737	0
9606.ENSP00000358737	23	10488	0
9606.ENSP00000358742	6	10470	0
9606.ENSP00000358747	4	10736	0
9606.ENSP00000358755	1	10744	0
9606.ENSP00000358765	2	10417	0
9606.ENSP00000358777	28	10032	0
9606.ENSP00000358778	1	10744	0
9606.ENSP00000358783	3	10742	0
9606.ENSP00000358784	7	9652	0
9606.ENSP00000358786	1	10723	0
9606.ENSP00000358794	1	10396	0
9606.ENSP00000358798	1	10744	0
9606.ENSP00000358799	12	9152	0
9606.ENSP00000358802	1	10702	0
9606.ENSP00000358810	19	9601	0
9606.ENSP00000358812	60	8738	0
9606.ENSP00000358813	4	9856	0
9606.ENSP00000358814	4	10113	0
9606.ENSP00000358831	7	10710	0
9606.ENSP00000358840	21	10491	0
9606.ENSP00000358851	3	10738	0
9606.ENSP00000358854	118	7262	0
9606.ENSP00000358857	22	7610	0
9606.ENSP00000358862	64	7316	0
9606.ENSP00000358865	3	10689	0
9606.ENSP00000358866	45	5152	0
9606.ENSP00000358867	37	9281	0
9606.ENSP00000358886	3	9438	0
9606.ENSP00000358894	1	10744	0
9606.ENSP00000358903	2	10681	0
9606.ENSP00000358918	11	9466	0
9606.ENSP00000358921	21	8543	0
9606.ENSP00000358931	2	10743	0
9606.ENSP00000358939	3	10631	0
9606.ENSP00000358953	1	10225	0
9606.ENSP00000358963	7	9882	0
9606.ENSP00000358965	34	10235	0
9606.ENSP00000358983	16	8070	0
9606.ENSP00000358994	28	6949	0
9606.ENSP00000358997	33	6963	0
9606.ENSP00000359000	3	10569	0
9606.ENSP00000359013	3	10489	0
9606.ENSP00000359018	1	9461	0
9606.ENSP00000359019	1	10577	0
9606.ENSP00000359022	2	10736	0
9606.ENSP00000359025	2	10407	0
9606.ENSP00000359042	1	10157	0
9606.ENSP00000359050	1	10646	0
9606.ENSP00000359073	11	7577	0
9606.ENSP00000359077	22	7201	0
9606.ENSP00000359085	2	10654	0
9606.ENSP00000359095	4	7963	0
9606.ENSP00000359096	2	10734	0
9606.ENSP00000359098	16	10509	0
9606.ENSP00000359100	2	10734	0
9606.ENSP00000359114	10	10443	0
9606.ENSP00000359128	2	9397	0
9606.ENSP00000359131	1	10744	0
9606.ENSP00000359151	6	10684	0
9606.ENSP00000359181	1	10442	0
9606.ENSP00000359206	45	5686	0
9606.ENSP00000359215	2	10663	0
9606.ENSP00000359216	4	10492	0
9606.ENSP00000359221	1	10244	0
9606.ENSP00000359224	2	10743	0
9606.ENSP00000359230	7	10691	0
9606.ENSP00000359233	4	10509	0
9606.ENSP00000359240	2	10565	0
9606.ENSP00000359258	1	10744	0
9606.ENSP00000359285	12	10729	0
9606.ENSP00000359292	8	10082	0
9606.ENSP00000359295	35	8039	0
9606.ENSP00000359297	2	9454	0
9606.ENSP00000359300	50	7472	0
9606.ENSP00000359305	3	10639	0
9606.ENSP00000359319	2	10431	0
9606.ENSP00000359321	13	8378	0
9606.ENSP00000359337	6	10397	0
9606.ENSP00000359339	36	7793	0
9606.ENSP00000359345	161	6184	0
9606.ENSP00000359353	9	10197	0
9606.ENSP00000359364	5	9428	0
9606.ENSP00000359370	10	10483	0
9606.ENSP00000359375	1	10408	0
9606.ENSP00000359380	11	10641	0
9606.ENSP00000359382	1	10203	0
9606.ENSP00000359384	4	10708	0
9606.ENSP00000359385	82	7138	0
9606.ENSP00000359386	4	10641	0
9606.ENSP00000359392	3	10740	0
9606.ENSP00000359398	29	8788	0
9606.ENSP00000359423	3	10222	0
9606.ENSP00000359424	43	5783	0
9606.ENSP00000359446	1	10744	0
9606.ENSP00000359454	2	10708	0
9606.ENSP00000359469	2	10085	0
9606.ENSP00000359483	2	10741	0
9606.ENSP00000359488	1	10742	0
9606.ENSP00000359490	1	10742	0
9606.ENSP00000359497	4	10741	0
9606.ENSP00000359504	2	10741	0
9606.ENSP00000359505	1	10737	0
9606.ENSP00000359506	41	7684	0
9606.ENSP00000359512	2	10741	0
9606.ENSP00000359518	31	7499	0
9606.ENSP00000359531	101	6336	0
9606.ENSP00000359532	8	9001	0
9606.ENSP00000359539	6	10730	0
9606.ENSP00000359552	9	8576	0
9606.ENSP00000359563	1	10679	0
9606.ENSP00000359571	1	9461	0
9606.ENSP00000359575	2	10460	0
9606.ENSP00000359583	1	10711	0
9606.ENSP00000359594	2	10743	0
9606.ENSP00000359596	2	10743	0
9606.ENSP00000359606	6	8870	0
9606.ENSP00000359621	3	10729	0
9606.ENSP00000359640	2	10740	0
9606.ENSP00000359643	8	10336	0
9606.ENSP00000359645	17	8710	0
9606.ENSP00000359663	21	9338	0
9606.ENSP00000359665	4	10643	0
9606.ENSP00000359668	1	10434	0
9606.ENSP00000359675	10	9637	0
9606.ENSP00000359682	3	10657	0
9606.ENSP00000359688	27	9478	0
9606.ENSP00000359699	1	10744	0
9606.ENSP00000359719	33	7639	0
9606.ENSP00000359727	10	7805	0
9606.ENSP00000359729	1	10744	0
9606.ENSP00000359740	2	10149	0
9606.ENSP00000359765	16	9658	0
9606.ENSP00000359799	4	8646	0
9606.ENSP00000359804	1	10497	0
9606.ENSP00000359818	20	9065	0
9606.ENSP00000359829	9	8456	0
9606.ENSP00000359837	51	7835	0
9606.ENSP00000359848	4	10741	0
9606.ENSP00000359859	59	9993	0
9606.ENSP00000359864	11	10291	0
9606.ENSP00000359866	1	10633	0
9606.ENSP00000359871	2	10598	0
9606.ENSP00000359890	1	10743	0
9606.ENSP00000359910	52	7506	0
9606.ENSP00000359939	20	9541	0
9606.ENSP00000359958	1	10343	0
9606.ENSP00000359976	2	10737	0
9606.ENSP00000359988	17	9584	0
9606.ENSP00000359990	1	10744	0
9606.ENSP00000359991	2	10743	0
9606.ENSP00000360002	3	10741	0
9606.ENSP00000360021	9	9713	0
9606.ENSP00000360025	11	8253	0
9606.ENSP00000360028	3	10741	0
9606.ENSP00000360034	90	7431	0
9606.ENSP00000360035	8	10138	0
9606.ENSP00000360058	5	9387	0
9606.ENSP00000360060	7	8704	0
9606.ENSP00000360065	13	10727	0
9606.ENSP00000360076	36	9073	0
9606.ENSP00000360107	34	10235	0
9606.ENSP00000360108	4	8962	0
9606.ENSP00000360116	2	10218	0
9606.ENSP00000360120	2	10506	0
9606.ENSP00000360129	1	10744	0
9606.ENSP00000360133	38	7620	0
9606.ENSP00000360141	89	7242	0
9606.ENSP00000360147	6	10155	0
9606.ENSP00000360154	17	9603	0
9606.ENSP00000360157	1	9825	0
9606.ENSP00000360158	3	10654	0
9606.ENSP00000360162	16	8670	0
9606.ENSP00000360167	1	10744	0
9606.ENSP00000360170	2	10642	0
9606.ENSP00000360181	6	9451	0
9606.ENSP00000360183	32	9875	0
9606.ENSP00000360215	5	8779	0
9606.ENSP00000360216	2	10056	0
9606.ENSP00000360217	9	10305	0
9606.ENSP00000360231	1	10377	0
9606.ENSP00000360242	32	6489	0
9606.ENSP00000360247	5	10725	0
9606.ENSP00000360250	5	10669	0
9606.ENSP00000360252	5	10678	0
9606.ENSP00000360266	69	5340	0
9606.ENSP00000360269	3	10006	0
9606.ENSP00000360280	3	9830	0
9606.ENSP00000360281	21	8813	0
9606.ENSP00000360290	7	10458	0
9606.ENSP00000360293	13	7843	0
9606.ENSP00000360296	10	10059	0
9606.ENSP00000360299	4	9295	0
9606.ENSP00000360305	2	10052	0
9606.ENSP00000360310	2	9995	0
9606.ENSP00000360317	3	10735	0
9606.ENSP00000360327	7	10275	0
9606.ENSP00000360329	1	10744	0
9606.ENSP00000360365	34	7688	0
9606.ENSP00000360371	3	10454	0
9606.ENSP00000360372	2	10735	0
9606.ENSP00000360412	16	9765	0
9606.ENSP00000360423	16	8408	0
9606.ENSP00000360464	43	8789	0
9606.ENSP00000360472	8	9690	0
9606.ENSP00000360473	15	9312	0
9606.ENSP00000360475	2	9854	0
9606.ENSP00000360483	29	9509	0
9606.ENSP00000360485	5	10296	0
9606.ENSP00000360488	2	10121	0
9606.ENSP00000360492	69	10160	0
9606.ENSP00000360493	40	6417	0
9606.ENSP00000360497	81	7994	0
9606.ENSP00000360498	105	9262	0
9606.ENSP00000360515	38	7872	0
9606.ENSP00000360522	2	10425	0
9606.ENSP00000360525	65	8431	0
9606.ENSP00000360526	10	8500	0
9606.ENSP00000360532	105	7444	0
9606.ENSP00000360538	2	9484	0
9606.ENSP00000360540	3	9858	0
9606.ENSP00000360561	4	10727	0
9606.ENSP00000360569	6	9163	0
9606.ENSP00000360576	1	10738	0
9606.ENSP00000360583	1	9845	0
9606.ENSP00000360608	36	9000	0
9606.ENSP00000360609	131	3461	0
9606.ENSP00000360613	15	7556	0
9606.ENSP00000360623	23	7969	0
9606.ENSP00000360638	2	10735	0
9606.ENSP00000360642	1	10661	0
9606.ENSP00000360660	1	10643	0
9606.ENSP00000360662	1	9940	0
9606.ENSP00000360664	1	10276	0
9606.ENSP00000360671	30	8277	0
9606.ENSP00000360672	12	9114	0
9606.ENSP00000360682	25	8168	0
9606.ENSP00000360683	14	7600	0
9606.ENSP00000360687	1	10744	0
9606.ENSP00000360688	9	10678	0
9606.ENSP00000360689	10	9105	0
9606.ENSP00000360697	6	10388	0
9606.ENSP00000360715	1	10201	0
9606.ENSP00000360718	2	10633	0
9606.ENSP00000360730	8	9903	0
9606.ENSP00000360761	7	10725	0
9606.ENSP00000360762	2	10583	0
9606.ENSP00000360776	1	10738	0
9606.ENSP00000360777	10	10313	0
9606.ENSP00000360782	6	10482	0
9606.ENSP00000360797	6	9536	0
9606.ENSP00000360798	37	6716	0
9606.ENSP00000360803	1	10079	0
9606.ENSP00000360806	6	10413	0
9606.ENSP00000360811	6	10454	0
9606.ENSP00000360821	1	10741	0
9606.ENSP00000360850	97	9181	0
9606.ENSP00000360858	1	10728	0
9606.ENSP00000360869	6	9520	0
9606.ENSP00000360871	9	10486	0
9606.ENSP00000360874	1	10638	0
9606.ENSP00000360876	2	10637	0
9606.ENSP00000360882	9	10445	0
9606.ENSP00000360916	13	7532	0
9606.ENSP00000360922	4	9434	0
9606.ENSP00000360938	2	10702	0
9606.ENSP00000360944	4	10453	0
9606.ENSP00000360958	2	10735	0
9606.ENSP00000360973	3	10461	0
9606.ENSP00000360988	1	10291	0
9606.ENSP00000360992	4	7924	0
9606.ENSP00000360997	1	10468	0
9606.ENSP00000361004	6	10087	0
9606.ENSP00000361009	5	8956	0
9606.ENSP00000361021	30	6630	0
9606.ENSP00000361027	15	8295	0
9606.ENSP00000361042	2	10743	0
9606.ENSP00000361043	2	9939	0
9606.ENSP00000361048	1	10662	0
9606.ENSP00000361057	3	10638	0
9606.ENSP00000361064	3	10599	0
9606.ENSP00000361066	31	6051	0
9606.ENSP00000361072	1	10744	0
9606.ENSP00000361076	149	6689	0
9606.ENSP00000361084	102	9707	0
9606.ENSP00000361097	1	10744	0
9606.ENSP00000361107	20	8922	0
9606.ENSP00000361110	1	10744	0
9606.ENSP00000361120	10	8970	0
9606.ENSP00000361160	1	10652	0
9606.ENSP00000361180	7	9722	0
9606.ENSP00000361186	5	8048	0
9606.ENSP00000361202	4	9158	0
9606.ENSP00000361206	103	9707	0
9606.ENSP00000361207	1	9847	0
9606.ENSP00000361209	34	10235	0
9606.ENSP00000361214	5	9704	0
9606.ENSP00000361219	7	10476	0
9606.ENSP00000361231	1	10518	0
9606.ENSP00000361264	8	8610	0
9606.ENSP00000361266	9	10029	0
9606.ENSP00000361275	5	9984	0
9606.ENSP00000361285	2	10742	0
9606.ENSP00000361287	2	10482	0
9606.ENSP00000361298	10	9750	0
9606.ENSP00000361302	1	10744	0
9606.ENSP00000361306	2	10304	0
9606.ENSP00000361310	5	7824	0
9606.ENSP00000361359	34	6385	0
9606.ENSP00000361363	47	7201	0
9606.ENSP00000361366	3	10009	0
9606.ENSP00000361400	2	10669	0
9606.ENSP00000361405	23	8314	0
9606.ENSP00000361418	4	9235	0
9606.ENSP00000361423	32	5452	0
9606.ENSP00000361433	22	9473	0
9606.ENSP00000361446	23	9698	0
9606.ENSP00000361458	2	10232	0
9606.ENSP00000361467	3	10254	0
9606.ENSP00000361471	1	10716	0
9606.ENSP00000361473	34	8234	0
9606.ENSP00000361475	4	10297	0
9606.ENSP00000361512	4	10739	0
9606.ENSP00000361522	3	9610	0
9606.ENSP00000361524	2	10184	0
9606.ENSP00000361540	49	7045	0
9606.ENSP00000361544	1	10639	0
9606.ENSP00000361548	2	10062	0
9606.ENSP00000361554	3	10575	0
9606.ENSP00000361557	5	10025	0
9606.ENSP00000361562	2	10718	0
9606.ENSP00000361595	2	10634	0
9606.ENSP00000361599	6	10183	0
9606.ENSP00000361626	64	5676	0
9606.ENSP00000361634	4	9172	0
9606.ENSP00000361635	14	9163	0
9606.ENSP00000361636	9	10079	0
9606.ENSP00000361658	28	9813	0
9606.ENSP00000361662	2	10717	0
9606.ENSP00000361663	1	10717	0
9606.ENSP00000361664	2	9633	0
9606.ENSP00000361666	1	10744	0
9606.ENSP00000361668	4	10598	0
9606.ENSP00000361700	1	10744	0
9606.ENSP00000361705	4	8873	0
9606.ENSP00000361721	1	8559	0
9606.ENSP00000361728	2	10105	0
9606.ENSP00000361746	2	10562	0
9606.ENSP00000361777	6	9330	0
9606.ENSP00000361800	17	9591	0
9606.ENSP00000361813	4	9710	0
9606.ENSP00000361818	16	7976	0
9606.ENSP00000361834	7	10651	0
9606.ENSP00000361850	9	9593	0
9606.ENSP00000361855	1	10683	0
9606.ENSP00000361867	4	10241	0
9606.ENSP00000361883	6	9916	0
9606.ENSP00000361892	6	10472	0
9606.ENSP00000361894	2	10702	0
9606.ENSP00000361895	2	10248	0
9606.ENSP00000361900	3	8255	0
9606.ENSP00000361914	2	10743	0
9606.ENSP00000361915	2	10664	0
9606.ENSP00000361918	97	7742	0
9606.ENSP00000361923	90	9771	0
9606.ENSP00000361926	1	10060	0
9606.ENSP00000361927	12	9450	0
9606.ENSP00000361930	28	6480	0
9606.ENSP00000361943	2	10524	0
9606.ENSP00000361949	3	9639	0
9606.ENSP00000361965	3	10369	0
9606.ENSP00000361982	2	10598	0
9606.ENSP00000361990	3	10107	0
9606.ENSP00000361993	3	10706	0
9606.ENSP00000361998	17	9294	0
9606.ENSP00000362010	3	9945	0
9606.ENSP00000362014	10	8936	0
9606.ENSP00000362018	36	8520	0
9606.ENSP00000362036	107	9008	0
9606.ENSP00000362041	41	6531	0
9606.ENSP00000362057	23	6994	0
9606.ENSP00000362058	73	10087	0
9606.ENSP00000362068	92	7690	0
9606.ENSP00000362071	1	10548	0
9606.ENSP00000362080	4	10439	0
9606.ENSP00000362082	14	8675	0
9606.ENSP00000362092	22	9155	0
9606.ENSP00000362095	1	10523	0
9606.ENSP00000362103	2	10503	0
9606.ENSP00000362105	77	7691	0
9606.ENSP00000362108	12	8479	0
9606.ENSP00000362109	5	8118	0
9606.ENSP00000362110	92	8044	0
9606.ENSP00000362115	9	10333	0
9606.ENSP00000362121	16	10469	0
9606.ENSP00000362125	1	10132	0
9606.ENSP00000362131	13	9192	0
9606.ENSP00000362139	7	10551	0
9606.ENSP00000362144	6	10240	0
9606.ENSP00000362146	19	9683	0
9606.ENSP00000362151	3	10496	0
9606.ENSP00000362153	51	9062	0
9606.ENSP00000362166	43	7458	0
9606.ENSP00000362170	3	10399	0
9606.ENSP00000362179	1	10484	0
9606.ENSP00000362181	8	9602	0
9606.ENSP00000362183	5	10457	0
9606.ENSP00000362195	11	8142	0
9606.ENSP00000362205	13	8564	0
9606.ENSP00000362207	1	10744	0
9606.ENSP00000362208	101	9065	0
9606.ENSP00000362268	19	9878	0
9606.ENSP00000362285	2	10743	0
9606.ENSP00000362287	32	8353	0
9606.ENSP00000362299	10	9767	0
9606.ENSP00000362300	44	6241	0
9606.ENSP00000362306	32	8099	0
9606.ENSP00000362308	1	8401	0
9606.ENSP00000362314	3	10135	0
9606.ENSP00000362328	1	10744	0
9606.ENSP00000362329	2	10743	0
9606.ENSP00000362334	49	7557	0
9606.ENSP00000362339	14	10210	0
9606.ENSP00000362340	1	10539	0
9606.ENSP00000362352	1	9495	0
9606.ENSP00000362353	8	9077	0
9606.ENSP00000362361	72	6602	0
9606.ENSP00000362387	1	10518	0
9606.ENSP00000362393	2	10733	0
9606.ENSP00000362399	13	10143	0
9606.ENSP00000362401	1	10744	0
9606.ENSP00000362403	2	10710	0
9606.ENSP00000362410	4	9235	0
9606.ENSP00000362413	5	9552	0
9606.ENSP00000362424	20	9784	0
9606.ENSP00000362441	32	7140	0
9606.ENSP00000362444	3	9810	0
9606.ENSP00000362463	1	10744	0
9606.ENSP00000362464	2	10674	0
9606.ENSP00000362481	1	10742	0
9606.ENSP00000362508	7	10738	0
9606.ENSP00000362524	1	10441	0
9606.ENSP00000362525	7	10738	0
9606.ENSP00000362532	13	9566	0
9606.ENSP00000362547	14	8278	0
9606.ENSP00000362549	7	10738	0
9606.ENSP00000362576	4	10186	0
9606.ENSP00000362578	12	8659	0
9606.ENSP00000362588	2	10723	0
9606.ENSP00000362592	106	7079	0
9606.ENSP00000362608	1	10744	0
9606.ENSP00000362618	1	10570	0
9606.ENSP00000362638	6	9554	0
9606.ENSP00000362639	2	10444	0
9606.ENSP00000362643	10	9515	0
9606.ENSP00000362649	179	4583	0
9606.ENSP00000362650	1	9484	0
9606.ENSP00000362656	1	10605	0
9606.ENSP00000362674	7	7090	0
9606.ENSP00000362680	132	3622	0
9606.ENSP00000362688	59	7314	0
9606.ENSP00000362690	7	9345	0
9606.ENSP00000362702	1	10728	0
9606.ENSP00000362711	4	9655	0
9606.ENSP00000362716	5	9236	0
9606.ENSP00000362717	4	10272	0
9606.ENSP00000362727	2	10460	0
9606.ENSP00000362728	4	10116	0
9606.ENSP00000362730	1	10078	0
9606.ENSP00000362734	3	10601	0
9606.ENSP00000362744	198	6649	0
9606.ENSP00000362748	9	8277	0
9606.ENSP00000362751	2	10605	0
9606.ENSP00000362768	11	8174	0
9606.ENSP00000362776	6	10658	0
9606.ENSP00000362795	42	9597	0
9606.ENSP00000362803	84	8269	0
9606.ENSP00000362807	42	8744	0
9606.ENSP00000362820	22	9367	0
9606.ENSP00000362824	47	7241	0
9606.ENSP00000362873	73	9843	0
9606.ENSP00000362900	16	9662	0
9606.ENSP00000362924	24	7141	0
9606.ENSP00000362931	8	8096	0
9606.ENSP00000362935	2	8190	0
9606.ENSP00000362936	1	10565	0
9606.ENSP00000362946	3	10611	0
9606.ENSP00000362948	96	7664	0
9606.ENSP00000362962	10	10109	0
9606.ENSP00000362981	2	8918	0
9606.ENSP00000362991	1	10396	0
9606.ENSP00000362994	17	8529	0
9606.ENSP00000363017	48	7868	0
9606.ENSP00000363018	113	6960	0
9606.ENSP00000363019	43	5962	0
9606.ENSP00000363023	4	9821	0
9606.ENSP00000363043	14	9632	0
9606.ENSP00000363054	35	9895	0
9606.ENSP00000363055	27	8214	0
9606.ENSP00000363068	3	10576	0
9606.ENSP00000363071	4	10238	0
9606.ENSP00000363079	12	9988	0
9606.ENSP00000363081	7	10246	0
9606.ENSP00000363089	70	5597	0
9606.ENSP00000363092	1	10724	0
9606.ENSP00000363124	51	6653	0
9606.ENSP00000363136	1	9824	0
9606.ENSP00000363149	1	10744	0
9606.ENSP00000363157	2	10649	0
9606.ENSP00000363162	29	10621	0
9606.ENSP00000363191	2	10585	0
9606.ENSP00000363193	43	7486	0
9606.ENSP00000363205	4	10394	0
9606.ENSP00000363211	2	10664	0
9606.ENSP00000363216	5	10570	0
9606.ENSP00000363229	9	10284	0
9606.ENSP00000363250	1	10598	0
9606.ENSP00000363255	4	10288	0
9606.ENSP00000363286	52	7803	0
9606.ENSP00000363308	1	9461	0
9606.ENSP00000363313	63	8947	0
9606.ENSP00000363314	3	10742	0
9606.ENSP00000363318	17	9066	0
9606.ENSP00000363322	47	7160	0
9606.ENSP00000363330	1	10694	0
9606.ENSP00000363339	3	9719	0
9606.ENSP00000363349	1	10510	0
9606.ENSP00000363360	3	10472	0
9606.ENSP00000363371	1	10565	0
9606.ENSP00000363377	12	6312	0
9606.ENSP00000363384	47	9303	0
9606.ENSP00000363390	3	10525	0
9606.ENSP00000363391	2	10689	0
9606.ENSP00000363397	2	10663	0
9606.ENSP00000363398	1	10744	0
9606.ENSP00000363400	7	10435	0
9606.ENSP00000363411	9	9795	0
9606.ENSP00000363435	25	7013	0
9606.ENSP00000363452	2	10743	0
9606.ENSP00000363458	4	10083	0
9606.ENSP00000363480	23	9017	0
9606.ENSP00000363492	13	8429	0
9606.ENSP00000363506	1	10744	0
9606.ENSP00000363512	2	10743	0
9606.ENSP00000363524	2	10688	0
9606.ENSP00000363553	15	9609	0
9606.ENSP00000363559	78	7647	0
9606.ENSP00000363571	6	10043	0
9606.ENSP00000363590	1	10744	0
9606.ENSP00000363591	29	7097	0
9606.ENSP00000363596	4	9973	0
9606.ENSP00000363603	1	10744	0
9606.ENSP00000363614	1	10744	0
9606.ENSP00000363616	3	10738	0
9606.ENSP00000363638	3	10740	0
9606.ENSP00000363640	27	8261	0
9606.ENSP00000363641	8	8703	0
9606.ENSP00000363642	71	7685	0
9606.ENSP00000363645	1	10741	0
9606.ENSP00000363661	4	10085	0
9606.ENSP00000363667	1	10650	0
9606.ENSP00000363680	2	10634	0
9606.ENSP00000363689	1	10720	0
9606.ENSP00000363708	22	9506	0
9606.ENSP00000363745	4	9645	0
9606.ENSP00000363746	78	7644	0
9606.ENSP00000363748	5	9973	0
9606.ENSP00000363770	4	10728	0
9606.ENSP00000363773	4	10728	0
9606.ENSP00000363779	8	8828	0
9606.ENSP00000363787	74	7009	0
9606.ENSP00000363794	10	10502	0
9606.ENSP00000363804	10	7470	0
9606.ENSP00000363817	15	8904	0
9606.ENSP00000363822	46	4710	0
9606.ENSP00000363826	13	10198	0
9606.ENSP00000363827	34	8253	0
9606.ENSP00000363832	3	10742	0
9606.ENSP00000363836	2	10730	0
9606.ENSP00000363840	9	10445	0
9606.ENSP00000363868	7	9659	0
9606.ENSP00000363869	1	10529	0
9606.ENSP00000363895	1	10586	0
9606.ENSP00000363921	15	7756	0
9606.ENSP00000363929	15	7271	0
9606.ENSP00000363944	28	8069	0
9606.ENSP00000363970	9	8929	0
9606.ENSP00000363976	17	9232	0
9606.ENSP00000363985	1	10744	0
9606.ENSP00000363993	39	9675	0
9606.ENSP00000363999	101	9707	0
9606.ENSP00000364000	9	10445	0
9606.ENSP00000364003	7	7376	0
9606.ENSP00000364016	35	9468	0
9606.ENSP00000364032	6	9545	0
9606.ENSP00000364035	2	10729	0
9606.ENSP00000364037	29	7968	0
9606.ENSP00000364076	12	9482	0
9606.ENSP00000364080	11	9354	0
9606.ENSP00000364114	10	9322	0
9606.ENSP00000364119	62	7450	0
9606.ENSP00000364126	1	9976	0
9606.ENSP00000364140	4	10644	0
9606.ENSP00000364145	4	10730	0
9606.ENSP00000364163	16	8163	0
9606.ENSP00000364190	2	10721	0
9606.ENSP00000364204	13	7110	0
9606.ENSP00000364210	15	7711	0
9606.ENSP00000364235	5	9662	0
9606.ENSP00000364240	10	9724	0
9606.ENSP00000364246	1	10737	0
9606.ENSP00000364270	26	7439	0
9606.ENSP00000364277	1	10744	0
9606.ENSP00000364289	78	7458	0
9606.ENSP00000364293	1	9758	0
9606.ENSP00000364298	4	7812	0
9606.ENSP00000364320	24	9107	0
9606.ENSP00000364349	11	9515	0
9606.ENSP00000364361	2	10459	0
9606.ENSP00000364389	2	10642	0
9606.ENSP00000364398	3	8824	0
9606.ENSP00000364403	6	9548	0
9606.ENSP00000364404	28	8122	0
9606.ENSP00000364412	4	10709	0
9606.ENSP00000364448	19	9647	0
9606.ENSP00000364486	7	10614	0
9606.ENSP00000364498	2	10520	0
9606.ENSP00000364512	8	10678	0
9606.ENSP00000364519	24	7462	0
9606.ENSP00000364520	3	10710	0
9606.ENSP00000364524	2	9591	0
9606.ENSP00000364543	4	8922	0
9606.ENSP00000364550	4	8772	0
9606.ENSP00000364578	43	7844	0
9606.ENSP00000364585	2	10239	0
9606.ENSP00000364589	79	6305	0
9606.ENSP00000364597	7	7564	0
9606.ENSP00000364639	14	8747	0
9606.ENSP00000364649	8	10518	0
9606.ENSP00000364650	4	10316	0
9606.ENSP00000364683	14	9232	0
9606.ENSP00000364685	5	9951	0
9606.ENSP00000364691	3	10693	0
9606.ENSP00000364694	1	10228	0
9606.ENSP00000364699	6	10643	0
9606.ENSP00000364709	11	9893	0
9606.ENSP00000364721	12	8786	0
9606.ENSP00000364731	6	10463	0
9606.ENSP00000364737	36	8520	0
9606.ENSP00000364749	3	10742	0
9606.ENSP00000364765	3	9738	0
9606.ENSP00000364782	3	10718	0
9606.ENSP00000364794	15	10191	0
9606.ENSP00000364801	30	5772	0
9606.ENSP00000364802	14	6728	0
9606.ENSP00000364805	14	6784	0
9606.ENSP00000364813	79	7929	0
9606.ENSP00000364815	4	9832	0
9606.ENSP00000364831	1	10744	0
9606.ENSP00000364839	34	8485	0
9606.ENSP00000364847	9	9139	0
9606.ENSP00000364855	2	10708	0
9606.ENSP00000364858	6	10526	0
9606.ENSP00000364859	3	10560	0
9606.ENSP00000364860	8	9421	0
9606.ENSP00000364864	6	10479	0
9606.ENSP00000364870	3	9466	0
9606.ENSP00000364885	5	8078	0
9606.ENSP00000364886	7	10356	0
9606.ENSP00000364898	70	6043	0
9606.ENSP00000364902	1	10744	0
9606.ENSP00000364912	4	9174	0
9606.ENSP00000364929	33	7983	0
9606.ENSP00000364956	1	10744	0
9606.ENSP00000364965	78	7594	0
9606.ENSP00000364976	6	9148	0
9606.ENSP00000364979	3	10699	0
9606.ENSP00000364995	3	9377	0
9606.ENSP00000365006	6	9584	0
9606.ENSP00000365012	14	7020	0
9606.ENSP00000365014	1	10252	0
9606.ENSP00000365016	19	7829	0
9606.ENSP00000365019	19	8674	0
9606.ENSP00000365042	18	8432	0
9606.ENSP00000365048	10	9465	0
9606.ENSP00000365049	2	10699	0
9606.ENSP00000365080	5	9644	0
9606.ENSP00000365081	25	8797	0
9606.ENSP00000365130	1	10743	0
9606.ENSP00000365131	12	9023	0
9606.ENSP00000365159	2	10739	0
9606.ENSP00000365162	5	9560	0
9606.ENSP00000365198	1	10664	0
9606.ENSP00000365210	4	9279	0
9606.ENSP00000365230	42	6323	0
9606.ENSP00000365243	19	10483	0
9606.ENSP00000365256	2	10369	0
9606.ENSP00000365266	1	10744	0
9606.ENSP00000365272	13	9394	0
9606.ENSP00000365280	5	9368	0
9606.ENSP00000365295	1	10434	0
9606.ENSP00000365301	1	10573	0
9606.ENSP00000365312	20	8310	0
9606.ENSP00000365322	18	8923	0
9606.ENSP00000365360	18	8923	0
9606.ENSP00000365370	1	10651	0
9606.ENSP00000365380	13	7049	0
9606.ENSP00000365388	1	10744	0
9606.ENSP00000365401	14	10055	0
9606.ENSP00000365402	34	8753	0
9606.ENSP00000365411	11	9618	0
9606.ENSP00000365435	11	8868	0
9606.ENSP00000365437	4	10590	0
9606.ENSP00000365441	32	9839	0
9606.ENSP00000365458	30	6617	0
9606.ENSP00000365462	4	10677	0
9606.ENSP00000365465	2	10700	0
9606.ENSP00000365477	6	10309	0
9606.ENSP00000365505	2	9696	0
9606.ENSP00000365529	2	10279	0
9606.ENSP00000365530	1	10550	0
9606.ENSP00000365569	9	8968	0
9606.ENSP00000365576	15	7218	0
9606.ENSP00000365588	24	7477	0
9606.ENSP00000365596	3	9973	0
9606.ENSP00000365606	1	10661	0
9606.ENSP00000365625	82	7994	0
9606.ENSP00000365643	1	9735	0
9606.ENSP00000365651	4	10065	0
9606.ENSP00000365663	5	10063	0
9606.ENSP00000365682	15	7777	0
9606.ENSP00000365687	2	9896	0
9606.ENSP00000365692	1	10744	0
9606.ENSP00000365694	6	9840	0
9606.ENSP00000365720	13	7835	0
9606.ENSP00000365730	29	8339	0
9606.ENSP00000365745	37	6639	0
9606.ENSP00000365757	2	10743	0
9606.ENSP00000365804	29	5259	0
9606.ENSP00000365806	1	9835	0
9606.ENSP00000365807	2	10273	0
9606.ENSP00000365817	29	8989	0
9606.ENSP00000365840	3	10742	0
9606.ENSP00000365844	1	10744	0
9606.ENSP00000365851	78	6910	0
9606.ENSP00000365858	19	7537	0
9606.ENSP00000365861	2	10595	0
9606.ENSP00000365891	45	6498	0
9606.ENSP00000365924	1	10536	0
9606.ENSP00000365926	4	9866	0
9606.ENSP00000365938	2	10707	0
9606.ENSP00000365944	4	9015	0
9606.ENSP00000365959	4	8720	0
9606.ENSP00000365962	4	10178	0
9606.ENSP00000365963	2	10523	0
9606.ENSP00000366006	1	10738	0
9606.ENSP00000366007	1	10744	0
9606.ENSP00000366024	20	9102	0
9606.ENSP00000366032	4	10704	0
9606.ENSP00000366047	1	9484	0
9606.ENSP00000366061	4	9996	0
9606.ENSP00000366070	2	10495	0
9606.ENSP00000366093	2	10390	0
9606.ENSP00000366109	10	9363	0
9606.ENSP00000366118	1	10744	0
9606.ENSP00000366135	80	7623	0
9606.ENSP00000366161	1	9667	0
9606.ENSP00000366179	1	10000	0
9606.ENSP00000366182	2	10628	0
9606.ENSP00000366233	11	9801	0
9606.ENSP00000366234	2	10549	0
9606.ENSP00000366237	1	10697	0
9606.ENSP00000366248	9	9657	0
9606.ENSP00000366249	4	10034	0
9606.ENSP00000366271	9	8832	0
9606.ENSP00000366288	2	10685	0
9606.ENSP00000366306	4	8203	0
9606.ENSP00000366307	7	9330	0
9606.ENSP00000366314	2	9996	0
9606.ENSP00000366330	2	9455	0
9606.ENSP00000366347	3	8856	0
9606.ENSP00000366390	1	10216	0
9606.ENSP00000366395	16	9346	0
9606.ENSP00000366396	2	10530	0
9606.ENSP00000366402	34	10235	0
9606.ENSP00000366404	7	7734	0
9606.ENSP00000366410	4	10596	0
9606.ENSP00000366413	1	8050	0
9606.ENSP00000366416	8	10097	0
9606.ENSP00000366460	2	9969	0
9606.ENSP00000366474	8	7622	0
9606.ENSP00000366475	6	10367	0
9606.ENSP00000366487	1	10744	0
9606.ENSP00000366488	32	7639	0
9606.ENSP00000366513	3	10578	0
9606.ENSP00000366525	3	10611	0
9606.ENSP00000366534	11	7640	0
9606.ENSP00000366557	88	8485	0
9606.ENSP00000366563	15	8789	0
9606.ENSP00000366565	23	9700	0
9606.ENSP00000366604	15	8834	0
9606.ENSP00000366618	10	7915	0
9606.ENSP00000366679	35	8410	0
9606.ENSP00000366682	1	10734	0
9606.ENSP00000366694	2	9996	0
9606.ENSP00000366702	1	8401	0
9606.ENSP00000366746	28	7616	0
9606.ENSP00000366748	7	10079	0
9606.ENSP00000366757	4	9602	0
9606.ENSP00000366797	1	10619	0
9606.ENSP00000366798	1	9461	0
9606.ENSP00000366800	19	9878	0
9606.ENSP00000366819	5	7894	0
9606.ENSP00000366828	22	9393	0
9606.ENSP00000366863	4	9538	0
9606.ENSP00000366886	33	8874	0
9606.ENSP00000366898	4	8895	0
9606.ENSP00000366915	5	8240	0
9606.ENSP00000366927	2	10743	0
9606.ENSP00000366934	5	10141	0
9606.ENSP00000366936	2	8291	0
9606.ENSP00000366937	4	10617	0
9606.ENSP00000366953	28	8122	0
9606.ENSP00000366962	93	6125	0
9606.ENSP00000366974	245	5227	0
9606.ENSP00000366997	18	9631	0
9606.ENSP00000366998	12	9721	0
9606.ENSP00000366999	157	5195	0
9606.ENSP00000367001	3	10571	0
9606.ENSP00000367013	9	9580	0
9606.ENSP00000367022	134	5970	0
9606.ENSP00000367024	2	10709	0
9606.ENSP00000367028	1	9830	0
9606.ENSP00000367029	14	9233	0
9606.ENSP00000367030	1	9996	0
9606.ENSP00000367034	245	5227	0
9606.ENSP00000367038	3	9334	0
9606.ENSP00000367049	17	8058	0
9606.ENSP00000367050	1	10700	0
9606.ENSP00000367064	6	9916	0
9606.ENSP00000367086	5	10663	0
9606.ENSP00000367104	2	10528	0
9606.ENSP00000367123	10	9671	0
9606.ENSP00000367139	1	10714	0
9606.ENSP00000367154	6	10250	0
9606.ENSP00000367196	1	9699	0
9606.ENSP00000367203	16	8680	0
9606.ENSP00000367208	4	7555	0
9606.ENSP00000367214	15	9298	0
9606.ENSP00000367220	26	8217	0
9606.ENSP00000367263	7	9382	0
9606.ENSP00000367265	1	10695	0
9606.ENSP00000367284	10	8706	0
9606.ENSP00000367299	28	7693	0
9606.ENSP00000367309	4	10733	0
9606.ENSP00000367312	1	10602	0
9606.ENSP00000367316	22	8657	0
9606.ENSP00000367318	13	10020	0
9606.ENSP00000367323	7	10376	0
9606.ENSP00000367343	2	10663	0
9606.ENSP00000367346	5	10521	0
9606.ENSP00000367391	2	10743	0
9606.ENSP00000367398	7	9761	0
9606.ENSP00000367406	118	7262	0
9606.ENSP00000367407	1	10744	0
9606.ENSP00000367433	1	9388	0
9606.ENSP00000367440	6	7548	0
9606.ENSP00000367446	1	10744	0
9606.ENSP00000367494	1	10416	0
9606.ENSP00000367498	37	7681	0
9606.ENSP00000367527	25	8168	0
9606.ENSP00000367545	7	7177	0
9606.ENSP00000367615	1	10744	0
9606.ENSP00000367623	1	10649	0
9606.ENSP00000367629	1	10271	0
9606.ENSP00000367686	6	9415	0
9606.ENSP00000367691	9	10227	0
9606.ENSP00000367705	46	7627	0
9606.ENSP00000367714	3	8906	0
9606.ENSP00000367721	26	9950	0
9606.ENSP00000367743	1	10613	0
9606.ENSP00000367762	1	10608	0
9606.ENSP00000367787	9	9058	0
9606.ENSP00000367797	7	8600	0
9606.ENSP00000367806	199	6649	0
9606.ENSP00000367817	5	9419	0
9606.ENSP00000367830	19	7454	0
9606.ENSP00000367832	17	10065	0
9606.ENSP00000367835	5	10133	0
9606.ENSP00000367841	19	9465	0
9606.ENSP00000367848	6	10395	0
9606.ENSP00000367851	17	8251	0
9606.ENSP00000367872	190	6959	0
9606.ENSP00000367878	1	10738	0
9606.ENSP00000367879	1	10744	0
9606.ENSP00000367880	1	10744	0
9606.ENSP00000367888	2	10502	0
9606.ENSP00000367891	3	9723	0
9606.ENSP00000367893	1	10744	0
9606.ENSP00000367910	23	8943	0
9606.ENSP00000367938	24	10471	0
9606.ENSP00000367939	73	10142	0
9606.ENSP00000367942	2	10631	0
9606.ENSP00000367972	4	10318	0
9606.ENSP00000367991	13	9401	0
9606.ENSP00000367992	1	10744	0
9606.ENSP00000368017	19	9586	0
9606.ENSP00000368022	28	6357	0
9606.ENSP00000368066	6	10704	0
9606.ENSP00000368100	12	8449	0
9606.ENSP00000368104	25	9008	0
9606.ENSP00000368119	3	10731	0
9606.ENSP00000368144	9	9334	0
9606.ENSP00000368164	12	9711	0
9606.ENSP00000368165	4	10643	0
9606.ENSP00000368166	45	6669	0
9606.ENSP00000368190	17	7406	0
9606.ENSP00000368215	11	7726	0
9606.ENSP00000368253	31	8041	0
9606.ENSP00000368264	1	10509	0
9606.ENSP00000368265	10	9930	0
9606.ENSP00000368278	5	10589	0
9606.ENSP00000368314	13	9496	0
9606.ENSP00000368356	3	10444	0
9606.ENSP00000368358	27	8907	0
9606.ENSP00000368370	4	7998	0
9606.ENSP00000368389	4	10693	0
9606.ENSP00000368411	12	10430	0
9606.ENSP00000368414	2	10557	0
9606.ENSP00000368439	1	10744	0
9606.ENSP00000368458	62	6657	0
9606.ENSP00000368459	46	7560	0
9606.ENSP00000368468	6	10733	0
9606.ENSP00000368486	1	10383	0
9606.ENSP00000368516	10	10495	0
9606.ENSP00000368523	5	10069	0
9606.ENSP00000368528	20	9878	0
9606.ENSP00000368538	12	9721	0
9606.ENSP00000368565	2	9118	0
9606.ENSP00000368572	1	10744	0
9606.ENSP00000368632	17	7390	0
9606.ENSP00000368646	3	10589	0
9606.ENSP00000368648	1	10744	0
9606.ENSP00000368678	10	9259	0
9606.ENSP00000368683	5	10446	0
9606.ENSP00000368686	22	7363	0
9606.ENSP00000368688	1	10505	0
9606.ENSP00000368710	2	10716	0
9606.ENSP00000368716	8	10605	0
9606.ENSP00000368727	13	10649	0
9606.ENSP00000368759	10	7359	0
9606.ENSP00000368766	2	10743	0
9606.ENSP00000368767	7	10426	0
9606.ENSP00000368797	33	8874	0
9606.ENSP00000368799	34	8763	0
9606.ENSP00000368801	64	8126	0
9606.ENSP00000368805	1	10744	0
9606.ENSP00000368831	12	10152	0
9606.ENSP00000368835	3	10731	0
9606.ENSP00000368856	4	8872	0
9606.ENSP00000368868	1	9849	0
9606.ENSP00000368872	1	10740	0
9606.ENSP00000368880	29	6045	0
9606.ENSP00000368881	44	8805	0
9606.ENSP00000368884	2	9882	0
9606.ENSP00000368927	62	7351	0
9606.ENSP00000368959	1	10652	0
9606.ENSP00000368966	8	9840	0
9606.ENSP00000368970	3	10686	0
9606.ENSP00000368982	3	10742	0
9606.ENSP00000368984	20	9541	0
9606.ENSP00000369017	6	10487	0
9606.ENSP00000369038	11	10191	0
9606.ENSP00000369042	1	9461	0
9606.ENSP00000369055	5	10578	0
9606.ENSP00000369071	5	8867	0
9606.ENSP00000369075	3	10114	0
9606.ENSP00000369081	7	10547	0
9606.ENSP00000369099	2	10736	0
9606.ENSP00000369126	8	7788	0
9606.ENSP00000369127	9	7606	0
9606.ENSP00000369129	12	9954	0
9606.ENSP00000369131	24	8346	0
9606.ENSP00000369134	6	10687	0
9606.ENSP00000369145	3	10372	0
9606.ENSP00000369154	7	8896	0
9606.ENSP00000369162	44	7420	0
9606.ENSP00000369176	69	9843	0
9606.ENSP00000369213	33	6323	0
9606.ENSP00000369217	17	7171	0
9606.ENSP00000369268	5	10605	0
9606.ENSP00000369270	2	9626	0
9606.ENSP00000369274	9	9515	0
9606.ENSP00000369286	2	10462	0
9606.ENSP00000369293	12	8880	0
9606.ENSP00000369314	1	10710	0
9606.ENSP00000369317	1	10739	0
9606.ENSP00000369318	5	9408	0
9606.ENSP00000369335	2	9334	0
9606.ENSP00000369373	4	8997	0
9606.ENSP00000369375	7	8838	0
9606.ENSP00000369383	2	10743	0
9606.ENSP00000369390	2	10574	0
9606.ENSP00000369391	24	8464	0
9606.ENSP00000369409	9	10255	0
9606.ENSP00000369411	13	9484	0
9606.ENSP00000369424	83	6831	0
9606.ENSP00000369442	20	9688	0
9606.ENSP00000369456	3	10731	0
9606.ENSP00000369461	3	10497	0
9606.ENSP00000369497	75	6046	0
9606.ENSP00000369530	1	10741	0
9606.ENSP00000369538	14	10069	0
9606.ENSP00000369545	7	10399	0
9606.ENSP00000369553	2	10377	0
9606.ENSP00000369554	6	9470	0
9606.ENSP00000369558	1	10389	0
9606.ENSP00000369564	1	10389	0
9606.ENSP00000369566	1	10389	0
9606.ENSP00000369571	1	10389	0
9606.ENSP00000369574	1	10389	0
9606.ENSP00000369578	2	10377	0
9606.ENSP00000369581	8	8614	0
9606.ENSP00000369604	1	9460	0
9606.ENSP00000369643	4	10657	0
9606.ENSP00000369647	4	10410	0
9606.ENSP00000369666	2	9334	0
9606.ENSP00000369674	30	8088	0
9606.ENSP00000369682	96	9762	0
9606.ENSP00000369689	94	5174	0
9606.ENSP00000369695	82	7475	0
9606.ENSP00000369699	1	10719	0
9606.ENSP00000369703	25	8124	0
9606.ENSP00000369716	21	8346	0
9606.ENSP00000369756	2	9109	0
9606.ENSP00000369757	209	6622	0
9606.ENSP00000369774	1	10261	0
9606.ENSP00000369784	16	8670	0
9606.ENSP00000369786	4	10250	0
9606.ENSP00000369798	6	10482	0
9606.ENSP00000369810	11	10254	0
9606.ENSP00000369814	1	10730	0
9606.ENSP00000369816	1	10187	0
9606.ENSP00000369820	8	10500	0
9606.ENSP00000369855	5	9198	0
9606.ENSP00000369857	7	8622	0
9606.ENSP00000369860	3	10670	0
9606.ENSP00000369871	8	10635	0
9606.ENSP00000369889	10	10432	0
9606.ENSP00000369895	16	9718	0
9606.ENSP00000369897	2	10643	0
9606.ENSP00000369899	21	9445	0
9606.ENSP00000369915	2	9995	0
9606.ENSP00000369927	8	10709	0
9606.ENSP00000369960	2	10743	0
9606.ENSP00000369962	5	9543	0
9606.ENSP00000369965	52	7877	0
9606.ENSP00000369981	14	7502	0
9606.ENSP00000369989	2	10742	0
9606.ENSP00000369996	12	7272	0
9606.ENSP00000370003	10	9202	0
9606.ENSP00000370010	6	8963	0
9606.ENSP00000370021	2	10741	0
9606.ENSP00000370023	3	10681	0
9606.ENSP00000370034	7	9407	0
9606.ENSP00000370057	1	10740	0
9606.ENSP00000370074	1	10572	0
9606.ENSP00000370078	7	8317	0
9606.ENSP00000370083	17	9301	0
9606.ENSP00000370114	34	7823	0
9606.ENSP00000370115	1	10629	0
9606.ENSP00000370119	16	9718	0
9606.ENSP00000370125	6	7528	0
9606.ENSP00000370128	1	10189	0
9606.ENSP00000370129	2	10730	0
9606.ENSP00000370150	1	10116	0
9606.ENSP00000370193	149	6485	0
9606.ENSP00000370196	1	10654	0
9606.ENSP00000370200	8	9699	0
9606.ENSP00000370208	11	7647	0
9606.ENSP00000370214	37	8477	0
9606.ENSP00000370222	18	9957	0
9606.ENSP00000370253	1	10744	0
9606.ENSP00000370254	3	10730	0
9606.ENSP00000370258	22	9158	0
9606.ENSP00000370270	4	8106	0
9606.ENSP00000370293	3	10192	0
9606.ENSP00000370297	1	10709	0
9606.ENSP00000370299	2	9686	0
9606.ENSP00000370337	5	10398	0
9606.ENSP00000370343	8	7729	0
9606.ENSP00000370345	2	10134	0
9606.ENSP00000370372	1	10725	0
9606.ENSP00000370373	12	9235	0
9606.ENSP00000370376	1	10735	0
9606.ENSP00000370377	1	9484	0
9606.ENSP00000370395	1	10721	0
9606.ENSP00000370421	2	10251	0
9606.ENSP00000370460	82	7994	0
9606.ENSP00000370473	17	7110	0
9606.ENSP00000370483	5	9778	0
9606.ENSP00000370503	6	9388	0
9606.ENSP00000370508	33	9983	0
9606.ENSP00000370517	8	10482	0
9606.ENSP00000370521	5	7831	0
9606.ENSP00000370527	1	10440	0
9606.ENSP00000370532	4	9220	0
9606.ENSP00000370542	30	6783	0
9606.ENSP00000370555	4	10683	0
9606.ENSP00000370557	19	8976	0
9606.ENSP00000370571	3	9642	0
9606.ENSP00000370588	4	10180	0
9606.ENSP00000370589	90	7265	0
9606.ENSP00000370593	8	10369	0
9606.ENSP00000370625	143	7051	0
9606.ENSP00000370635	1	10744	0
9606.ENSP00000370669	3	10695	0
9606.ENSP00000370671	33	8874	0
9606.ENSP00000370695	14	9025	0
9606.ENSP00000370698	21	7958	0
9606.ENSP00000370710	1	8986	0
9606.ENSP00000370719	27	8501	0
9606.ENSP00000370737	6	10610	0
9606.ENSP00000370744	4	9985	0
9606.ENSP00000370745	10	10126	0
9606.ENSP00000370748	1	10743	0
9606.ENSP00000370750	3	10739	0
9606.ENSP00000370767	4	10094	0
9606.ENSP00000370781	4	9930	0
9606.ENSP00000370803	7	9262	0
9606.ENSP00000370808	18	9503	0
9606.ENSP00000370812	2	10237	0
9606.ENSP00000370839	13	9646	0
9606.ENSP00000370842	10	8932	0
9606.ENSP00000370886	2	10417	0
9606.ENSP00000370896	3	7870	0
9606.ENSP00000370912	6	9662	0
9606.ENSP00000370936	43	7741	0
9606.ENSP00000370938	37	8219	0
9606.ENSP00000370950	2	9461	0
9606.ENSP00000370966	2	10743	0
9606.ENSP00000370968	11	8068	0
9606.ENSP00000370975	7	10572	0
9606.ENSP00000370978	5	9862	0
9606.ENSP00000370984	2	10704	0
9606.ENSP00000370989	14	7968	0
9606.ENSP00000371003	2	9005	0
9606.ENSP00000371018	4	10056	0
9606.ENSP00000371037	32	9839	0
9606.ENSP00000371040	6	10487	0
9606.ENSP00000371067	73	6147	0
9606.ENSP00000371070	1	10737	0
9606.ENSP00000371084	7	10733	0
9606.ENSP00000371085	16	9553	0
9606.ENSP00000371101	67	7709	0
9606.ENSP00000371117	1	9461	0
9606.ENSP00000371133	6	9303	0
9606.ENSP00000371141	1	9461	0
9606.ENSP00000371152	9	10736	0
9606.ENSP00000371155	24	10018	0
9606.ENSP00000371169	69	7692	0
9606.ENSP00000371175	12	9380	0
9606.ENSP00000371180	32	9839	0
9606.ENSP00000371188	4	9590	0
9606.ENSP00000371194	12	8613	0
9606.ENSP00000371219	7	9200	0
9606.ENSP00000371221	1	10744	0
9606.ENSP00000371230	1	10744	0
9606.ENSP00000371233	2	9890	0
9606.ENSP00000371234	1	10737	0
9606.ENSP00000371253	3	10678	0
9606.ENSP00000371267	19	8091	0
9606.ENSP00000371272	2	10702	0
9606.ENSP00000371278	2	8255	0
9606.ENSP00000371308	20	8538	0
9606.ENSP00000371321	9	9660	0
9606.ENSP00000371327	13	10021	0
9606.ENSP00000371328	4	10081	0
9606.ENSP00000371336	6	10669	0
9606.ENSP00000371341	4	8430	0
9606.ENSP00000371347	4	10409	0
9606.ENSP00000371362	1	10744	0
9606.ENSP00000371388	1	10713	0
9606.ENSP00000371419	2	10237	0
9606.ENSP00000371420	3	8334	0
9606.ENSP00000371425	6	9760	0
9606.ENSP00000371469	10	10087	0
9606.ENSP00000371471	3	9033	0
9606.ENSP00000371472	9	10192	0
9606.ENSP00000371475	70	5963	0
9606.ENSP00000371483	3	10089	0
9606.ENSP00000371505	3	9917	0
9606.ENSP00000371512	3	10678	0
9606.ENSP00000371532	10	8941	0
9606.ENSP00000371548	2	10647	0
9606.ENSP00000371577	2	10628	0
9606.ENSP00000371587	2	10721	0
9606.ENSP00000371594	12	9637	0
9606.ENSP00000371638	37	7297	0
9606.ENSP00000371682	28	8122	0
9606.ENSP00000371689	11	7844	0
9606.ENSP00000371693	3	10612	0
9606.ENSP00000371710	2	8457	0
9606.ENSP00000371770	16	10050	0
9606.ENSP00000371785	2	10711	0
9606.ENSP00000371790	14	8571	0
9606.ENSP00000371798	2	7949	0
9606.ENSP00000371805	3	9028	0
9606.ENSP00000371811	7	10678	0
9606.ENSP00000371858	8	9485	0
9606.ENSP00000371859	11	9262	0
9606.ENSP00000371897	3	10548	0
9606.ENSP00000371929	4	10641	0
9606.ENSP00000371936	3	10529	0
9606.ENSP00000371958	22	6147	0
9606.ENSP00000371985	11	9472	0
9606.ENSP00000372005	8	9807	0
9606.ENSP00000372023	11	7343	0
9606.ENSP00000372035	9	8536	0
9606.ENSP00000372042	18	8484	0
9606.ENSP00000372105	3	10742	0
9606.ENSP00000372127	3	10742	0
9606.ENSP00000372136	3	10253	0
9606.ENSP00000372139	2	10702	0
9606.ENSP00000372154	3	10742	0
9606.ENSP00000372155	21	10085	0
9606.ENSP00000372169	32	9839	0
9606.ENSP00000372170	3	10566	0
9606.ENSP00000372191	21	8160	0
9606.ENSP00000372193	1	10744	0
9606.ENSP00000372210	7	10446	0
9606.ENSP00000372274	3	9334	0
9606.ENSP00000372295	13	9549	0
9606.ENSP00000372313	1	10711	0
9606.ENSP00000372351	32	8284	0
9606.ENSP00000372394	4	9602	0
9606.ENSP00000372445	35	9970	0
9606.ENSP00000372459	2	9768	0
9606.ENSP00000372482	23	9227	0
9606.ENSP00000372484	3	10742	0
9606.ENSP00000372499	10	7528	0
9606.ENSP00000372547	1	10641	0
9606.ENSP00000372689	16	8919	0
9606.ENSP00000372750	3	10632	0
9606.ENSP00000372924	4	10376	0
9606.ENSP00000373153	11	10683	0
9606.ENSP00000373169	5	9973	0
9606.ENSP00000373176	1	10272	0
9606.ENSP00000373206	1	10164	0
9606.ENSP00000373272	1	9882	0
9606.ENSP00000373278	18	8674	0
9606.ENSP00000373298	4	10348	0
9606.ENSP00000373301	3	10088	0
9606.ENSP00000373312	49	9596	0
9606.ENSP00000373325	7	10525	0
9606.ENSP00000373328	1	10744	0
9606.ENSP00000373340	23	8608	0
9606.ENSP00000373347	4	10482	0
9606.ENSP00000373354	1	10210	0
9606.ENSP00000373370	2	10727	0
9606.ENSP00000373399	8	10333	0
9606.ENSP00000373404	103	9127	0
9606.ENSP00000373450	2	9334	0
9606.ENSP00000373472	1	10633	0
9606.ENSP00000373474	12	8672	0
9606.ENSP00000373477	9	10678	0
9606.ENSP00000373489	5	10244	0
9606.ENSP00000373518	10	9256	0
9606.ENSP00000373539	1	10368	0
9606.ENSP00000373570	1	10216	0
9606.ENSP00000373574	11	9628	0
9606.ENSP00000373600	1	9459	0
9606.ENSP00000373627	11	10526	0
9606.ENSP00000373648	12	9386	0
9606.ENSP00000373657	15	8981	0
9606.ENSP00000373669	7	10471	0
9606.ENSP00000373674	11	10669	0
9606.ENSP00000373684	2	10724	0
9606.ENSP00000373691	11	9929	0
9606.ENSP00000373696	1	9641	0
9606.ENSP00000373700	17	7118	0
9606.ENSP00000373706	6	9753	0
9606.ENSP00000373715	25	8714	0
9606.ENSP00000373772	14	7387	0
9606.ENSP00000373783	2	10007	0
9606.ENSP00000373854	2	10164	0
9606.ENSP00000373905	15	7600	0
9606.ENSP00000373918	1	10630	0
9606.ENSP00000373952	23	8007	0
9606.ENSP00000373979	18	9842	0
9606.ENSP00000374013	1	10744	0
9606.ENSP00000374036	4	10149	0
9606.ENSP00000374069	1	10744	0
9606.ENSP00000374125	2	10243	0
9606.ENSP00000374183	4	9751	0
9606.ENSP00000374205	1	10626	0
9606.ENSP00000374212	51	6656	0
9606.ENSP00000374218	2	10743	0
9606.ENSP00000374265	9	10678	0
9606.ENSP00000374268	1	10744	0
9606.ENSP00000374280	82	7527	0
9606.ENSP00000374309	10	9679	0
9606.ENSP00000374323	2	10224	0
9606.ENSP00000374332	1	10676	0
9606.ENSP00000374354	22	9452	0
9606.ENSP00000374359	1	10744	0
9606.ENSP00000374399	1	10743	0
9606.ENSP00000374409	2	8564	0
9606.ENSP00000374447	1	10629	0
9606.ENSP00000374455	62	5491	0
9606.ENSP00000374490	13	10727	0
9606.ENSP00000374507	1	10252	0
9606.ENSP00000374529	6	8948	0
9606.ENSP00000374552	4	7924	0
9606.ENSP00000374566	1	10599	0
9606.ENSP00000375063	3	10740	0
9606.ENSP00000375069	5	10561	0
9606.ENSP00000375080	17	8940	0
9606.ENSP00000375086	21	9704	0
9606.ENSP00000375608	15	9878	0
9606.ENSP00000375616	6	8746	0
9606.ENSP00000375618	3	9809	0
9606.ENSP00000375622	3	9161	0
9606.ENSP00000375629	12	8656	0
9606.ENSP00000375632	220	6564	0
9606.ENSP00000375639	22	7787	0
9606.ENSP00000375647	50	9203	0
9606.ENSP00000375653	14	7941	0
9606.ENSP00000375678	1	10740	0
9606.ENSP00000375682	4	10526	0
9606.ENSP00000375711	12	8863	0
9606.ENSP00000375730	137	6695	0
9606.ENSP00000375756	9	10394	0
9606.ENSP00000375777	32	7988	0
9606.ENSP00000375778	3	10659	0
9606.ENSP00000375795	6	10496	0
9606.ENSP00000375809	103	7435	0
9606.ENSP00000375810	8	10242	0
9606.ENSP00000375821	2	10468	0
9606.ENSP00000375836	2	10317	0
9606.ENSP00000375855	3	9991	0
9606.ENSP00000375857	2	8547	0
9606.ENSP00000375863	4	8740	0
9606.ENSP00000375873	26	7715	0
9606.ENSP00000375881	1	10679	0
9606.ENSP00000375892	7	9304	0
9606.ENSP00000375899	3	10204	0
9606.ENSP00000375914	1	9768	0
9606.ENSP00000375921	4	9946	0
9606.ENSP00000375978	47	7150	0
9606.ENSP00000375986	4	9428	0
9606.ENSP00000376007	2	10559	0
9606.ENSP00000376024	9	9214	0
9606.ENSP00000376048	5	9415	0
9606.ENSP00000376055	5	9830	0
9606.ENSP00000376077	21	7067	0
9606.ENSP00000376097	11	8602	0
9606.ENSP00000376123	5	8137	0
9606.ENSP00000376132	2	8815	0
9606.ENSP00000376167	28	7257	0
9606.ENSP00000376177	17	8696	0
9606.ENSP00000376178	14	10216	0
9606.ENSP00000376184	1	10744	0
9606.ENSP00000376188	3	10514	0
9606.ENSP00000376197	12	7464	0
9606.ENSP00000376204	1	9997	0
9606.ENSP00000376272	14	8548	0
9606.ENSP00000376276	22	9385	0
9606.ENSP00000376297	38	7319	0
9606.ENSP00000376303	2	10738	0
9606.ENSP00000376306	4	9321	0
9606.ENSP00000376309	8	9908	0
9606.ENSP00000376317	2	10721	0
9606.ENSP00000376330	11	8595	0
9606.ENSP00000376333	12	9313	0
9606.ENSP00000376345	159	4834	0
9606.ENSP00000376352	4	10724	0
9606.ENSP00000376367	23	8744	0
9606.ENSP00000376395	1	10385	0
9606.ENSP00000376397	1	10385	0
9606.ENSP00000376410	1	9735	0
9606.ENSP00000376432	1	10228	0
9606.ENSP00000376436	13	7099	0
9606.ENSP00000376440	6	9922	0
9606.ENSP00000376445	11	8017	0
9606.ENSP00000376453	9	10736	0
9606.ENSP00000376456	2	10743	0
9606.ENSP00000376457	5	9100	0
9606.ENSP00000376458	9	10225	0
9606.ENSP00000376472	19	9888	0
9606.ENSP00000376475	12	10281	0
9606.ENSP00000376500	47	7090	0
9606.ENSP00000376506	21	9038	0
9606.ENSP00000376523	13	10430	0
9606.ENSP00000376534	2	9868	0
9606.ENSP00000376544	11	8968	0
9606.ENSP00000376565	2	10739	0
9606.ENSP00000376568	2	10154	0
9606.ENSP00000376609	7	8625	0
9606.ENSP00000376611	7	7593	0
9606.ENSP00000376623	9	10194	0
9606.ENSP00000376637	37	6290	0
9606.ENSP00000376652	4	10011	0
9606.ENSP00000376658	6	10514	0
9606.ENSP00000376753	8	8889	0
9606.ENSP00000376765	5	7200	0
9606.ENSP00000376786	1	10325	0
9606.ENSP00000376792	25	10135	0
9606.ENSP00000376800	6	10315	0
9606.ENSP00000376808	36	6907	0
9606.ENSP00000376822	1	10585	0
9606.ENSP00000376823	2	9736	0
9606.ENSP00000376827	13	10529	0
9606.ENSP00000376849	14	9863	0
9606.ENSP00000376855	3	10419	0
9606.ENSP00000376865	9	9488	0
9606.ENSP00000376886	10	10075	0
9606.ENSP00000376889	9	10133	0
9606.ENSP00000376893	3	10362	0
9606.ENSP00000376899	4	9412	0
9606.ENSP00000376902	2	7733	0
9606.ENSP00000376911	1	10744	0
9606.ENSP00000376919	17	8809	0
9606.ENSP00000376921	2	10654	0
9606.ENSP00000376943	15	8839	0
9606.ENSP00000376945	3	9028	0
9606.ENSP00000376952	4	10603	0
9606.ENSP00000377001	42	7891	0
9606.ENSP00000377003	2	10257	0
9606.ENSP00000377007	44	8501	0
9606.ENSP00000377015	23	7408	0
9606.ENSP00000377027	8	10414	0
9606.ENSP00000377033	24	10555	0
9606.ENSP00000377036	17	9869	0
9606.ENSP00000377047	11	9513	0
9606.ENSP00000377055	6	10155	0
9606.ENSP00000377060	36	7690	0
9606.ENSP00000377061	20	9224	0
9606.ENSP00000377148	23	9307	0
9606.ENSP00000377192	3	7868	0
9606.ENSP00000377195	4	9474	0
9606.ENSP00000377218	4	8846	0
9606.ENSP00000377224	2	9920	0
9606.ENSP00000377233	2	9789	0
9606.ENSP00000377245	56	6236	0
9606.ENSP00000377257	1	10744	0
9606.ENSP00000377262	2	10271	0
9606.ENSP00000377265	4	9859	0
9606.ENSP00000377275	2	10550	0
9606.ENSP00000377296	1	9811	0
9606.ENSP00000377298	5	10065	0
9606.ENSP00000377311	4	10380	0
9606.ENSP00000377344	3	9139	0
9606.ENSP00000377353	9	9236	0
9606.ENSP00000377357	1	9805	0
9606.ENSP00000377372	5	9560	0
9606.ENSP00000377374	1	10635	0
9606.ENSP00000377384	1	10675	0
9606.ENSP00000377390	4	10703	0
9606.ENSP00000377411	1	10538	0
9606.ENSP00000377446	4	10614	0
9606.ENSP00000377456	1	10744	0
9606.ENSP00000377486	113	8955	0
9606.ENSP00000377492	5	8081	0
9606.ENSP00000377508	25	7651	0
9606.ENSP00000377536	8	9684	0
9606.ENSP00000377601	2	10004	0
9606.ENSP00000377617	2	10696	0
9606.ENSP00000377633	9	7722	0
9606.ENSP00000377640	137	6689	0
9606.ENSP00000377665	1	10471	0
9606.ENSP00000377681	21	6920	0
9606.ENSP00000377699	3	9315	0
9606.ENSP00000377700	2	10723	0
9606.ENSP00000377724	7	10726	0
9606.ENSP00000377769	2	10689	0
9606.ENSP00000377779	2	10735	0
9606.ENSP00000377783	8	10192	0
9606.ENSP00000377789	5	8510	0
9606.ENSP00000377793	4	10243	0
9606.ENSP00000377814	2	9482	0
9606.ENSP00000377833	1	10264	0
9606.ENSP00000377836	4	9561	0
9606.ENSP00000377840	8	10311	0
9606.ENSP00000377845	1	10744	0
9606.ENSP00000377854	1	10460	0
9606.ENSP00000377867	16	9950	0
9606.ENSP00000377900	8	10640	0
9606.ENSP00000377914	2	10728	0
9606.ENSP00000377934	7	9731	0
9606.ENSP00000377936	13	9133	0
9606.ENSP00000377941	23	7155	0
9606.ENSP00000377944	77	7614	0
9606.ENSP00000377948	1	10744	0
9606.ENSP00000377954	16	10127	0
9606.ENSP00000377958	49	5976	0
9606.ENSP00000377969	92	7686	0
9606.ENSP00000378015	8	10238	0
9606.ENSP00000378040	8	8637	0
9606.ENSP00000378046	1	10744	0
9606.ENSP00000378056	1	10744	0
9606.ENSP00000378058	2	8383	0
9606.ENSP00000378063	1	10731	0
9606.ENSP00000378089	4	9829	0
9606.ENSP00000378105	9	10537	0
9606.ENSP00000378118	27	9682	0
9606.ENSP00000378119	1	10744	0
9606.ENSP00000378131	4	10424	0
9606.ENSP00000378145	6	10678	0
9606.ENSP00000378163	135	6860	0
9606.ENSP00000378165	2	10304	0
9606.ENSP00000378176	6	10735	0
9606.ENSP00000378181	56	5988	0
9606.ENSP00000378191	10	10191	0
9606.ENSP00000378195	1	10407	0
9606.ENSP00000378199	47	7031	0
9606.ENSP00000378207	17	7886	0
9606.ENSP00000378235	2	9427	0
9606.ENSP00000378236	1	10159	0
9606.ENSP00000378248	1	10291	0
9606.ENSP00000378260	2	10743	0
9606.ENSP00000378275	1	10142	0
9606.ENSP00000378284	19	8760	0
9606.ENSP00000378288	5	9560	0
9606.ENSP00000378295	10	9870	0
9606.ENSP00000378306	20	9117	0
9606.ENSP00000378310	1	10744	0
9606.ENSP00000378313	4	10112	0
9606.ENSP00000378323	29	8788	0
9606.ENSP00000378324	4	9953	0
9606.ENSP00000378326	5	10729	0
9606.ENSP00000378332	5	8373	0
9606.ENSP00000378338	17	8355	0
9606.ENSP00000378340	3	10638	0
9606.ENSP00000378350	49	7130	0
9606.ENSP00000378356	6	9915	0
9606.ENSP00000378360	1	10114	0
9606.ENSP00000378364	2	10645	0
9606.ENSP00000378365	25	9811	0
9606.ENSP00000378367	6	8251	0
9606.ENSP00000378368	6	9183	0
9606.ENSP00000378394	5	9570	0
9606.ENSP00000378400	1	8579	0
9606.ENSP00000378402	62	5845	0
9606.ENSP00000378408	6	10600	0
9606.ENSP00000378409	1	9910	0
9606.ENSP00000378414	71	6639	0
9606.ENSP00000378416	1	10744	0
9606.ENSP00000378426	1	10744	0
9606.ENSP00000378464	3	10581	0
9606.ENSP00000378483	4	10041	0
9606.ENSP00000378485	5	8830	0
9606.ENSP00000378487	56	6602	0
9606.ENSP00000378488	3	10658	0
9606.ENSP00000378492	9	9760	0
9606.ENSP00000378504	10	9229	0
9606.ENSP00000378516	6	10489	0
9606.ENSP00000378517	23	8044	0
9606.ENSP00000378529	32	7575	0
9606.ENSP00000378557	7	9262	0
9606.ENSP00000378563	24	8284	0
9606.ENSP00000378570	2	10740	0
9606.ENSP00000378577	13	9579	0
9606.ENSP00000378578	40	8141	0
9606.ENSP00000378588	8	10706	0
9606.ENSP00000378611	1	9680	0
9606.ENSP00000378635	1	10682	0
9606.ENSP00000378687	18	10110	0
9606.ENSP00000378699	50	6405	0
9606.ENSP00000378702	25	8293	0
9606.ENSP00000378721	16	10153	0
9606.ENSP00000378725	2	9797	0
9606.ENSP00000378731	3	10116	0
9606.ENSP00000378736	38	8736	0
9606.ENSP00000378760	3	9745	0
9606.ENSP00000378769	35	8461	0
9606.ENSP00000378784	5	9993	0
9606.ENSP00000378786	33	8141	0
9606.ENSP00000378812	1	10672	0
9606.ENSP00000378845	24	7931	0
9606.ENSP00000378856	11	8832	0
9606.ENSP00000378857	2	10284	0
9606.ENSP00000378868	4	10185	0
9606.ENSP00000378877	7	10725	0
9606.ENSP00000378897	9	10736	0
9606.ENSP00000378912	1	10194	0
9606.ENSP00000378914	5	10092	0
9606.ENSP00000378917	5	9897	0
9606.ENSP00000378920	1	10095	0
9606.ENSP00000378935	2	10415	0
9606.ENSP00000378957	2	10473	0
9606.ENSP00000378958	1	10739	0
9606.ENSP00000378965	9	10065	0
9606.ENSP00000378972	5	10740	0
9606.ENSP00000378974	21	6572	0
9606.ENSP00000378992	4	10740	0
9606.ENSP00000379003	2	8519	0
9606.ENSP00000379011	2	10738	0
9606.ENSP00000379032	3	10742	0
9606.ENSP00000379038	3	10729	0
9606.ENSP00000379042	4	10702	0
9606.ENSP00000379047	1	10697	0
9606.ENSP00000379057	3	10068	0
9606.ENSP00000379078	47	7589	0
9606.ENSP00000379087	6	9196	0
9606.ENSP00000379092	5	7970	0
9606.ENSP00000379097	8	7990	0
9606.ENSP00000379098	9	9435	0
9606.ENSP00000379108	2	10696	0
9606.ENSP00000379110	25	9373	0
9606.ENSP00000379111	14	8975	0
9606.ENSP00000379133	1	10385	0
9606.ENSP00000379138	1	10187	0
9606.ENSP00000379140	46	7350	0
9606.ENSP00000379144	20	8602	0
9606.ENSP00000379156	2	9760	0
9606.ENSP00000379174	1	10163	0
9606.ENSP00000379181	31	9218	0
9606.ENSP00000379183	1	10734	0
9606.ENSP00000379201	2	9760	0
9606.ENSP00000379204	16	10177	0
9606.ENSP00000379218	1	10524	0
9606.ENSP00000379228	1	10252	0
9606.ENSP00000379256	20	8674	0
9606.ENSP00000379258	7	9510	0
9606.ENSP00000379263	34	10235	0
9606.ENSP00000379267	41	8176	0
9606.ENSP00000379287	53	4850	0
9606.ENSP00000379310	13	10727	0
9606.ENSP00000379330	16	7725	0
9606.ENSP00000379339	153	6672	0
9606.ENSP00000379350	73	5790	0
9606.ENSP00000379364	7	10502	0
9606.ENSP00000379365	2	9032	0
9606.ENSP00000379366	3	10512	0
9606.ENSP00000379372	97	7755	0
9606.ENSP00000379377	2	10743	0
9606.ENSP00000379383	1	10744	0
9606.ENSP00000379387	1	10261	0
9606.ENSP00000379392	1	9919	0
9606.ENSP00000379401	1	10744	0
9606.ENSP00000379430	2	10523	0
9606.ENSP00000379438	2	10081	0
9606.ENSP00000379441	3	7429	0
9606.ENSP00000379457	25	8569	0
9606.ENSP00000379458	1	10716	0
9606.ENSP00000379472	4	10358	0
9606.ENSP00000379496	2	10743	0
9606.ENSP00000379500	8	10024	0
9606.ENSP00000379503	1	10744	0
9606.ENSP00000379506	136	6860	0
9606.ENSP00000379563	11	9745	0
9606.ENSP00000379601	13	10169	0
9606.ENSP00000379602	12	10186	0
9606.ENSP00000379612	15	7672	0
9606.ENSP00000379616	28	8635	0
9606.ENSP00000379643	9	9584	0
9606.ENSP00000379644	6	7795	0
9606.ENSP00000379651	3	8991	0
9606.ENSP00000379658	2	9849	0
9606.ENSP00000379669	2	10743	0
9606.ENSP00000379678	11	9646	0
9606.ENSP00000379680	1	10744	0
9606.ENSP00000379682	2	10621	0
9606.ENSP00000379683	1	10507	0
9606.ENSP00000379696	2	9661	0
9606.ENSP00000379709	1	10530	0
9606.ENSP00000379721	11	7174	0
9606.ENSP00000379784	11	10496	0
9606.ENSP00000379802	2	10743	0
9606.ENSP00000379804	1	10744	0
9606.ENSP00000379823	4	10644	0
9606.ENSP00000379826	7	8858	0
9606.ENSP00000379836	1	10744	0
9606.ENSP00000379839	1	10725	0
9606.ENSP00000379841	6	9167	0
9606.ENSP00000379842	2	10695	0
9606.ENSP00000379847	4	9396	0
9606.ENSP00000379866	4	10644	0
9606.ENSP00000379869	5	10358	0
9606.ENSP00000379873	48	8025	0
9606.ENSP00000379888	199	6641	0
9606.ENSP00000379891	14	9773	0
9606.ENSP00000379904	8	8959	0
9606.ENSP00000379911	36	8520	0
9606.ENSP00000379915	2	10073	0
9606.ENSP00000379931	6	9484	0
9606.ENSP00000379946	27	8633	0
9606.ENSP00000379975	20	7706	0
9606.ENSP00000379999	8	9954	0
9606.ENSP00000380008	4	9973	0
9606.ENSP00000380024	32	6967	0
9606.ENSP00000380033	12	6613	0
9606.ENSP00000380044	21	7867	0
9606.ENSP00000380054	41	8182	0
9606.ENSP00000380070	22	6683	0
9606.ENSP00000380073	7	8513	0
9606.ENSP00000380074	14	10293	0
9606.ENSP00000380093	8	8857	0
9606.ENSP00000380109	3	9572	0
9606.ENSP00000380131	4	9719	0
9606.ENSP00000380150	12	8300	0
9606.ENSP00000380157	1	10742	0
9606.ENSP00000380178	6	7914	0
9606.ENSP00000380184	3	10742	0
9606.ENSP00000380227	31	7615	0
9606.ENSP00000380247	3	9757	0
9606.ENSP00000380251	1	10739	0
9606.ENSP00000380252	12	7611	0
9606.ENSP00000380256	4	8938	0
9606.ENSP00000380271	7	9376	0
9606.ENSP00000380281	2	8262	0
9606.ENSP00000380307	2	10477	0
9606.ENSP00000380308	33	8240	0
9606.ENSP00000380321	5	10677	0
9606.ENSP00000380322	10	9676	0
9606.ENSP00000380334	15	8995	0
9606.ENSP00000380336	71	7929	0
9606.ENSP00000380349	4	10054	0
9606.ENSP00000380352	1	10744	0
9606.ENSP00000380367	18	10259	0
9606.ENSP00000380378	22	9335	0
9606.ENSP00000380379	6	10529	0
9606.ENSP00000380401	3	10508	0
9606.ENSP00000380413	1	10744	0
9606.ENSP00000380421	5	10297	0
9606.ENSP00000380427	8	10379	0
9606.ENSP00000380432	27	7872	0
9606.ENSP00000380437	1	10474	0
9606.ENSP00000380440	5	9223	0
9606.ENSP00000380450	11	9196	0
9606.ENSP00000380460	7	7722	0
9606.ENSP00000380466	104	9262	0
9606.ENSP00000380494	2	9802	0
9606.ENSP00000380514	1	10744	0
9606.ENSP00000380517	3	8534	0
9606.ENSP00000380557	2	9442	0
9606.ENSP00000380598	13	10468	0
9606.ENSP00000380602	2	9484	0
9606.ENSP00000380638	22	6790	0
9606.ENSP00000380659	6	10132	0
9606.ENSP00000380661	2	10377	0
9606.ENSP00000380666	1	10680	0
9606.ENSP00000380675	1	10655	0
9606.ENSP00000380676	1	10735	0
9606.ENSP00000380679	1	10744	0
9606.ENSP00000380690	16	8708	0
9606.ENSP00000380697	18	6958	0
9606.ENSP00000380702	2	9127	0
9606.ENSP00000380713	3	10027	0
9606.ENSP00000380718	3	9406	0
9606.ENSP00000380734	5	10715	0
9606.ENSP00000380746	1	9460	0
9606.ENSP00000380762	14	9340	0
9606.ENSP00000380779	13	10529	0
9606.ENSP00000380785	4	10678	0
9606.ENSP00000380794	27	9620	0
9606.ENSP00000380855	8	9944	0
9606.ENSP00000380869	1	10744	0
9606.ENSP00000380876	1	10282	0
9606.ENSP00000380877	4	10501	0
9606.ENSP00000380878	5	9578	0
9606.ENSP00000380888	38	8976	0
9606.ENSP00000380901	3	10316	0
9606.ENSP00000380903	8	10298	0
9606.ENSP00000380904	19	9393	0
9606.ENSP00000380911	4	10626	0
9606.ENSP00000380921	19	6264	0
9606.ENSP00000380942	16	8380	0
9606.ENSP00000380948	50	7464	0
9606.ENSP00000380958	10	9510	0
9606.ENSP00000380998	16	10121	0
9606.ENSP00000381008	3	9966	0
9606.ENSP00000381026	2	10742	0
9606.ENSP00000381032	1	10710	0
9606.ENSP00000381034	8	7719	0
9606.ENSP00000381047	1	10744	0
9606.ENSP00000381057	3	10412	0
9606.ENSP00000381058	9	8335	0
9606.ENSP00000381064	15	10355	0
9606.ENSP00000381070	10	8938	0
9606.ENSP00000381097	10	10218	0
9606.ENSP00000381098	5	9344	0
9606.ENSP00000381102	2	10727	0
9606.ENSP00000381105	1	10484	0
9606.ENSP00000381129	4	9354	0
9606.ENSP00000381133	8	9415	0
9606.ENSP00000381185	72	5145	0
9606.ENSP00000381213	12	10468	0
9606.ENSP00000381214	8	9894	0
9606.ENSP00000381216	6	8885	0
9606.ENSP00000381231	5	9453	0
9606.ENSP00000381237	7	9574	0
9606.ENSP00000381247	32	9839	0
9606.ENSP00000381250	7	9865	0
9606.ENSP00000381266	1	10744	0
9606.ENSP00000381282	39	8136	0
9606.ENSP00000381293	29	10016	0
9606.ENSP00000381302	6	10642	0
9606.ENSP00000381333	7	9302	0
9606.ENSP00000381339	4	10435	0
9606.ENSP00000381340	1	10744	0
9606.ENSP00000381364	4	10253	0
9606.ENSP00000381377	3	10537	0
9606.ENSP00000381382	21	7910	0
9606.ENSP00000381386	2	10192	0
9606.ENSP00000381430	2	10297	0
9606.ENSP00000381448	1	10663	0
9606.ENSP00000381461	6	10094	0
9606.ENSP00000381492	1	9459	0
9606.ENSP00000381498	4	10188	0
9606.ENSP00000381504	4	10739	0
9606.ENSP00000381531	15	9153	0
9606.ENSP00000381549	1	10633	0
9606.ENSP00000381553	34	10235	0
9606.ENSP00000381577	4	7924	0
9606.ENSP00000381581	1	10194	0
9606.ENSP00000381588	4	9882	0
9606.ENSP00000381601	3	10295	0
9606.ENSP00000381605	1	10744	0
9606.ENSP00000381607	8	8589	0
9606.ENSP00000381654	1	10744	0
9606.ENSP00000381657	50	6783	0
9606.ENSP00000381666	1	10744	0
9606.ENSP00000381693	36	8561	0
9606.ENSP00000381698	18	7259	0
9606.ENSP00000381699	2	10743	0
9606.ENSP00000381717	38	6141	0
9606.ENSP00000381736	36	10054	0
9606.ENSP00000381773	7	9825	0
9606.ENSP00000381775	8	8533	0
9606.ENSP00000381823	16	10132	0
9606.ENSP00000381840	33	8325	0
9606.ENSP00000381844	3	10302	0
9606.ENSP00000381859	7	10294	0
9606.ENSP00000381876	4	10049	0
9606.ENSP00000381911	1	10743	0
9606.ENSP00000381949	1	10717	0
9606.ENSP00000381958	12	9502	0
9606.ENSP00000381968	7	10726	0
9606.ENSP00000381984	11	9620	0
9606.ENSP00000382004	27	6241	0
9606.ENSP00000382015	2	10743	0
9606.ENSP00000382021	1	10102	0
9606.ENSP00000382083	1	10744	0
9606.ENSP00000382090	5	9719	0
9606.ENSP00000382091	3	9952	0
9606.ENSP00000382177	11	8474	0
9606.ENSP00000382218	25	8168	0
9606.ENSP00000382226	3	10509	0
9606.ENSP00000382250	106	9009	0
9606.ENSP00000382323	2	10743	0
9606.ENSP00000382341	13	10097	0
9606.ENSP00000382379	4	10340	0
9606.ENSP00000382382	1	10444	0
9606.ENSP00000382390	2	10192	0
9606.ENSP00000382423	7	8158	0
9606.ENSP00000382507	4	9637	0
9606.ENSP00000382508	1	10557	0
9606.ENSP00000382511	1	10261	0
9606.ENSP00000382628	16	8056	0
9606.ENSP00000382646	34	10235	0
9606.ENSP00000382670	15	9298	0
9606.ENSP00000382684	4	9848	0
9606.ENSP00000382688	11	8536	0
9606.ENSP00000382697	7	9327	0
9606.ENSP00000382707	1	10725	0
9606.ENSP00000382708	34	10235	0
9606.ENSP00000382713	2	10743	0
9606.ENSP00000382717	10	10667	0
9606.ENSP00000382731	1	10728	0
9606.ENSP00000382770	9	10518	0
9606.ENSP00000382779	38	9708	0
9606.ENSP00000382783	8	9467	0
9606.ENSP00000382800	18	5809	0
9606.ENSP00000382805	4	9658	0
9606.ENSP00000382895	2	10637	0
9606.ENSP00000382953	7	10077	0
9606.ENSP00000383003	50	8070	0
9606.ENSP00000383023	17	10259	0
9606.ENSP00000383042	73	6391	0
9606.ENSP00000383044	1	9923	0
9606.ENSP00000383053	12	8060	0
9606.ENSP00000383067	1	10510	0
9606.ENSP00000383115	2	10278	0
9606.ENSP00000383145	3	10188	0
9606.ENSP00000383178	6	8883	0
9606.ENSP00000383199	19	6356	0
9606.ENSP00000383232	1	10744	0
9606.ENSP00000383234	1	10666	0
9606.ENSP00000383274	10	9324	0
9606.ENSP00000383295	3	9649	0
9606.ENSP00000383301	1	10261	0
9606.ENSP00000383303	3	10526	0
9606.ENSP00000383333	18	8674	0
9606.ENSP00000383365	2	10735	0
9606.ENSP00000383376	8	9021	0
9606.ENSP00000383382	7	8846	0
9606.ENSP00000383392	3	9796	0
9606.ENSP00000383402	18	9869	0
9606.ENSP00000383421	1	10677	0
9606.ENSP00000383428	9	9367	0
9606.ENSP00000383558	6	9210	0
9606.ENSP00000383611	15	8286	0
9606.ENSP00000383690	8	10626	0
9606.ENSP00000383692	7	9657	0
9606.ENSP00000383710	14	8219	0
9606.ENSP00000383719	4	9602	0
9606.ENSP00000383784	2	10741	0
9606.ENSP00000383820	3	8817	0
9606.ENSP00000383840	1	10744	0
9606.ENSP00000383866	3	10518	0
9606.ENSP00000383911	9	9976	0
9606.ENSP00000383920	9	9737	0
9606.ENSP00000383931	10	9209	0
9606.ENSP00000383949	146	7220	0
9606.ENSP00000383986	1	9127	0
9606.ENSP00000383996	3	10543	0
9606.ENSP00000384015	14	9063	0
9606.ENSP00000384018	51	6769	0
9606.ENSP00000384048	16	8260	0
9606.ENSP00000384053	13	8838	0
9606.ENSP00000384084	4	9976	0
9606.ENSP00000384092	21	8265	0
9606.ENSP00000384109	55	7295	0
9606.ENSP00000384126	1	10228	0
9606.ENSP00000384164	1	10725	0
9606.ENSP00000384169	8	9491	0
9606.ENSP00000384179	4	9092	0
9606.ENSP00000384182	3	10587	0
9606.ENSP00000384183	4	10645	0
9606.ENSP00000384193	1	10642	0
9606.ENSP00000384198	21	7787	0
9606.ENSP00000384211	19	9896	0
9606.ENSP00000384214	1	9461	0
9606.ENSP00000384259	5	9952	0
9606.ENSP00000384262	2	10028	0
9606.ENSP00000384264	3	10605	0
9606.ENSP00000384273	62	4286	0
9606.ENSP00000384290	17	9591	0
9606.ENSP00000384296	1	10744	0
9606.ENSP00000384302	70	7692	0
9606.ENSP00000384330	17	10259	0
9606.ENSP00000384334	1	10646	0
9606.ENSP00000384359	1	10744	0
9606.ENSP00000384363	1	10744	0
9606.ENSP00000384364	11	9866	0
9606.ENSP00000384367	1	10318	0
9606.ENSP00000384369	31	9983	0
9606.ENSP00000384371	15	8006	0
9606.ENSP00000384387	2	10521	0
9606.ENSP00000384400	2	10672	0
9606.ENSP00000384408	1	9817	0
9606.ENSP00000384421	14	9376	0
9606.ENSP00000384433	2	10554	0
9606.ENSP00000384474	5	9495	0
9606.ENSP00000384477	2	8092	0
9606.ENSP00000384484	5	10370	0
9606.ENSP00000384490	46	8019	0
9606.ENSP00000384491	2	10337	0
9606.ENSP00000384513	16	10284	0
9606.ENSP00000384515	15	8234	0
9606.ENSP00000384517	20	7234	0
9606.ENSP00000384537	11	8844	0
9606.ENSP00000384570	5	9618	0
9606.ENSP00000384573	2	10728	0
9606.ENSP00000384582	5	10655	0
9606.ENSP00000384597	3	9725	0
9606.ENSP00000384604	1	10354	0
9606.ENSP00000384610	5	10740	0
9606.ENSP00000384629	40	8435	0
9606.ENSP00000384638	15	6949	0
9606.ENSP00000384651	1	10632	0
9606.ENSP00000384675	37	6307	0
9606.ENSP00000384700	9	9780	0
9606.ENSP00000384708	2	10479	0
9606.ENSP00000384725	2	10625	0
9606.ENSP00000384744	6	10411	0
9606.ENSP00000384763	2	10735	0
9606.ENSP00000384792	2	10636	0
9606.ENSP00000384794	1	10744	0
9606.ENSP00000384823	3	9028	0
9606.ENSP00000384848	9	9334	0
9606.ENSP00000384849	34	5750	0
9606.ENSP00000384851	6	8419	0
9606.ENSP00000384863	29	6053	0
9606.ENSP00000384869	2	10578	0
9606.ENSP00000384881	1	10725	0
9606.ENSP00000384899	17	8475	0
9606.ENSP00000384906	5	9963	0
9606.ENSP00000384924	3	9648	0
9606.ENSP00000384949	7	10615	0
9606.ENSP00000384952	101	9065	0
9606.ENSP00000384957	7	8764	0
9606.ENSP00000384964	2	10598	0
9606.ENSP00000384973	7	10609	0
9606.ENSP00000384996	4	9909	0
9606.ENSP00000384999	2	10515	0
9606.ENSP00000385000	16	9766	0
9606.ENSP00000385019	2	10628	0
9606.ENSP00000385021	17	9372	0
9606.ENSP00000385025	19	9335	0
9606.ENSP00000385026	11	10729	0
9606.ENSP00000385035	7	10563	0
9606.ENSP00000385057	3	9545	0
9606.ENSP00000385096	35	8865	0
9606.ENSP00000385110	2	10070	0
9606.ENSP00000385142	14	9476	0
9606.ENSP00000385143	7	9383	0
9606.ENSP00000385158	5	9530	0
9606.ENSP00000385205	10	9340	0
9606.ENSP00000385216	38	6343	0
9606.ENSP00000385235	2	10743	0
9606.ENSP00000385269	15	8524	0
9606.ENSP00000385300	2	10231	0
9606.ENSP00000385334	13	9033	0
9606.ENSP00000385361	4	10073	0
9606.ENSP00000385385	4	9671	0
9606.ENSP00000385410	4	9483	0
9606.ENSP00000385415	1	9461	0
9606.ENSP00000385428	24	8842	0
9606.ENSP00000385432	9	10298	0
9606.ENSP00000385450	14	8974	0
9606.ENSP00000385451	9	9150	0
9606.ENSP00000385470	1	10744	0
9606.ENSP00000385477	15	9227	0
9606.ENSP00000385479	239	5727	0
9606.ENSP00000385480	5	10720	0
9606.ENSP00000385510	3	10690	0
9606.ENSP00000385519	6	9496	0
9606.ENSP00000385523	17	8606	0
9606.ENSP00000385571	7	7258	0
9606.ENSP00000385579	1	10739	0
9606.ENSP00000385616	10	10217	0
9606.ENSP00000385636	4	9539	0
9606.ENSP00000385675	19	7055	0
9606.ENSP00000385684	2	10092	0
9606.ENSP00000385714	1	10724	0
9606.ENSP00000385722	40	8975	0
9606.ENSP00000385725	155	7083	0
9606.ENSP00000385746	1	10742	0
9606.ENSP00000385749	6	10296	0
9606.ENSP00000385751	2	10675	0
9606.ENSP00000385757	1	10744	0
9606.ENSP00000385787	35	8154	0
9606.ENSP00000385808	14	9054	0
9606.ENSP00000385823	18	8401	0
9606.ENSP00000385828	1	10741	0
9606.ENSP00000385834	6	9781	0
9606.ENSP00000385886	1	10744	0
9606.ENSP00000385923	1	10671	0
9606.ENSP00000385958	203	6649	0
9606.ENSP00000385968	1	10683	0
9606.ENSP00000385990	6	10153	0
9606.ENSP00000386023	96	7907	0
9606.ENSP00000386029	2	10743	0
9606.ENSP00000386041	23	10043	0
9606.ENSP00000386043	7	9420	0
9606.ENSP00000386049	1	10629	0
9606.ENSP00000386069	1	10550	0
9606.ENSP00000386096	7	9370	0
9606.ENSP00000386104	2	10306	0
9606.ENSP00000386134	71	7555	0
9606.ENSP00000386135	8	8863	0
9606.ENSP00000386156	10	9875	0
9606.ENSP00000386165	3	9111	0
9606.ENSP00000386170	2	10414	0
9606.ENSP00000386181	16	10469	0
9606.ENSP00000386200	6	9915	0
9606.ENSP00000386212	19	10133	0
9606.ENSP00000386213	11	10040	0
9606.ENSP00000386229	2	10239	0
9606.ENSP00000386239	19	8381	0
9606.ENSP00000386264	1	10710	0
9606.ENSP00000386289	2	9454	0
9606.ENSP00000386306	4	10553	0
9606.ENSP00000386331	22	9245	0
9606.ENSP00000386378	1	10489	0
9606.ENSP00000386380	20	8253	0
9606.ENSP00000386385	1	10664	0
9606.ENSP00000386414	9	10212	0
9606.ENSP00000386419	16	8855	0
9606.ENSP00000386439	1	10697	0
9606.ENSP00000386443	5	10148	0
9606.ENSP00000386444	4	8032	0
9606.ENSP00000386452	1	10727	0
9606.ENSP00000386456	8	9918	0
9606.ENSP00000386458	33	8128	0
9606.ENSP00000386488	36	8207	0
9606.ENSP00000386503	1	10362	0
9606.ENSP00000386520	3	9027	0
9606.ENSP00000386531	6	10735	0
9606.ENSP00000386541	51	7324	0
9606.ENSP00000386559	24	8194	0
9606.ENSP00000386593	71	7314	0
9606.ENSP00000386597	2	10743	0
9606.ENSP00000386609	1	10674	0
9606.ENSP00000386636	2	9976	0
9606.ENSP00000386651	1	10741	0
9606.ENSP00000386655	3	9332	0
9606.ENSP00000386660	4	8335	0
9606.ENSP00000386710	3	10198	0
9606.ENSP00000386717	142	6689	0
9606.ENSP00000386722	2	9818	0
9606.ENSP00000386738	2	10010	0
9606.ENSP00000386759	45	7646	0
9606.ENSP00000386786	1	9883	0
9606.ENSP00000386834	4	9775	0
9606.ENSP00000386840	19	9196	0
9606.ENSP00000386857	11	9970	0
9606.ENSP00000386869	3	9331	0
9606.ENSP00000386880	24	7447	0
9606.ENSP00000386881	9	9463	0
9606.ENSP00000386884	65	6300	0
9606.ENSP00000386892	5	7845	0
9606.ENSP00000386894	3	9378	0
9606.ENSP00000386896	19	8848	0
9606.ENSP00000386918	2	10725	0
9606.ENSP00000386921	3	10324	0
9606.ENSP00000386935	3	10737	0
9606.ENSP00000386942	1	10744	0
9606.ENSP00000386962	32	9839	0
9606.ENSP00000387006	102	7965	0
9606.ENSP00000387007	5	10087	0
9606.ENSP00000387050	3	10501	0
9606.ENSP00000387091	1	10362	0
9606.ENSP00000387100	18	9167	0
9606.ENSP00000387122	1	10675	0
9606.ENSP00000387123	2	10639	0
9606.ENSP00000387159	4	10714	0
9606.ENSP00000387170	4	10202	0
9606.ENSP00000387180	1	10721	0
9606.ENSP00000387209	3	10637	0
9606.ENSP00000387211	7	10238	0
9606.ENSP00000387228	2	10648	0
9606.ENSP00000387229	1	10739	0
9606.ENSP00000387246	4	9790	0
9606.ENSP00000387262	22	9444	0
9606.ENSP00000387266	2	10743	0
9606.ENSP00000387278	1	10694	0
9606.ENSP00000387282	1	10579	0
9606.ENSP00000387286	15	10164	0
9606.ENSP00000387303	3	10606	0
9606.ENSP00000387334	8	8121	0
9606.ENSP00000387356	13	9413	0
9606.ENSP00000387362	4	9324	0
9606.ENSP00000387365	1	10504	0
9606.ENSP00000387393	51	7246	0
9606.ENSP00000387435	8	10293	0
9606.ENSP00000387471	7	9886	0
9606.ENSP00000387498	2	10668	0
9606.ENSP00000387549	6	10498	0
9606.ENSP00000387641	1	9553	0
9606.ENSP00000387654	25	8797	0
9606.ENSP00000387662	11	8708	0
9606.ENSP00000387699	42	6427	0
9606.ENSP00000387710	3	10416	0
9606.ENSP00000387739	11	7607	0
9606.ENSP00000387822	7	8416	0
9606.ENSP00000387875	1	10739	0
9606.ENSP00000387911	6	9644	0
9606.ENSP00000387996	21	9888	0
9606.ENSP00000388001	2	10729	0
9606.ENSP00000388107	347	4408	0
9606.ENSP00000388169	18	8638	0
9606.ENSP00000388183	9	10566	0
9606.ENSP00000388337	104	7451	0
9606.ENSP00000388510	6	9887	0
9606.ENSP00000388552	5	10445	0
9606.ENSP00000388566	7	10409	0
9606.ENSP00000388620	6	7880	0
9606.ENSP00000388631	3	10722	0
9606.ENSP00000388638	19	9651	0
9606.ENSP00000388658	1	10744	0
9606.ENSP00000388713	1	10733	0
9606.ENSP00000388723	1	10220	0
9606.ENSP00000388806	15	9009	0
9606.ENSP00000388825	1	10744	0
9606.ENSP00000388910	8	10055	0
9606.ENSP00000388940	16	8086	0
9606.ENSP00000388996	10	9889	0
9606.ENSP00000389009	2	10743	0
9606.ENSP00000389026	1	10548	0
9606.ENSP00000389060	1	10744	0
9606.ENSP00000389095	7	9593	0
9606.ENSP00000389103	162	6725	0
9606.ENSP00000389140	13	8727	0
9606.ENSP00000389160	69	10160	0
9606.ENSP00000389168	10	9169	0
9606.ENSP00000389176	2	10743	0
9606.ENSP00000389182	35	8154	0
9606.ENSP00000389241	2	10710	0
9606.ENSP00000389252	4	10538	0
9606.ENSP00000389277	4	9100	0
9606.ENSP00000389297	19	9878	0
9606.ENSP00000389326	26	8170	0
9606.ENSP00000389351	155	6710	0
9606.ENSP00000389356	1	9461	0
9606.ENSP00000389377	11	9228	0
9606.ENSP00000389381	1	9734	0
9606.ENSP00000389395	3	10742	0
9606.ENSP00000389445	29	8194	0
9606.ENSP00000389588	1	10721	0
9606.ENSP00000389600	10	9375	0
9606.ENSP00000389631	18	8638	0
9606.ENSP00000389649	22	9966	0
9606.ENSP00000389714	13	6937	0
9606.ENSP00000389715	4	10262	0
9606.ENSP00000389810	12	9738	0
9606.ENSP00000389814	4	9860	0
9606.ENSP00000389870	2	10681	0
9606.ENSP00000389900	3	9713	0
9606.ENSP00000389913	5	10302	0
9606.ENSP00000389948	11	10669	0
9606.ENSP00000389998	16	10480	0
9606.ENSP00000390011	2	10741	0
9606.ENSP00000390084	1	9852	0
9606.ENSP00000390265	4	10738	0
9606.ENSP00000390331	95	9776	0
9606.ENSP00000390394	1	10496	0
9606.ENSP00000390423	32	9839	0
9606.ENSP00000390436	10	8861	0
9606.ENSP00000390475	14	8811	0
9606.ENSP00000390535	7	9335	0
9606.ENSP00000390590	1	10652	0
9606.ENSP00000390600	12	10430	0
9606.ENSP00000390621	6	10653	0
9606.ENSP00000390625	1	10197	0
9606.ENSP00000390630	2	10738	0
9606.ENSP00000390647	53	10039	0
9606.ENSP00000390722	1	10664	0
9606.ENSP00000390783	13	10391	0
9606.ENSP00000390784	1	10722	0
9606.ENSP00000390941	1	10592	0
9606.ENSP00000391088	5	9644	0
9606.ENSP00000391090	8	8751	0
9606.ENSP00000391137	1	10208	0
9606.ENSP00000391211	46	7556	0
9606.ENSP00000391227	1	10744	0
9606.ENSP00000391249	15	8285	0
9606.ENSP00000391269	1	10561	0
9606.ENSP00000391311	12	10526	0
9606.ENSP00000391381	12	10643	0
9606.ENSP00000391457	44	7229	0
9606.ENSP00000391481	2	10743	0
9606.ENSP00000391498	1	10744	0
9606.ENSP00000391504	34	10235	0
9606.ENSP00000391583	8	8604	0
9606.ENSP00000391592	30	7556	0
9606.ENSP00000391594	5	8292	0
9606.ENSP00000391601	30	8421	0
9606.ENSP00000391669	30	6375	0
9606.ENSP00000391723	4	10389	0
9606.ENSP00000391739	1	10744	0
9606.ENSP00000391748	3	9646	0
9606.ENSP00000391788	3	10509	0
9606.ENSP00000391800	1	10418	0
9606.ENSP00000391803	8	8257	0
9606.ENSP00000391826	25	7966	0
9606.ENSP00000391942	23	9218	0
9606.ENSP00000392025	32	6068	0
9606.ENSP00000392028	1	10066	0
9606.ENSP00000392043	1	10396	0
9606.ENSP00000392065	10	9775	0
9606.ENSP00000392066	1	10676	0
9606.ENSP00000392094	122	7565	0
9606.ENSP00000392147	8	10532	0
9606.ENSP00000392197	1	10741	0
9606.ENSP00000392270	21	8660	0
9606.ENSP00000392318	33	8073	0
9606.ENSP00000392330	10	8823	0
9606.ENSP00000392353	2	10460	0
9606.ENSP00000392398	9	10678	0
9606.ENSP00000392423	4	9693	0
9606.ENSP00000392495	15	10658	0
9606.ENSP00000392500	12	9587	0
9606.ENSP00000392553	6	10642	0
9606.ENSP00000392617	33	7945	0
9606.ENSP00000392709	76	9777	0
9606.ENSP00000392726	2	10636	0
9606.ENSP00000392762	1	10742	0
9606.ENSP00000392767	5	9947	0
9606.ENSP00000392812	8	9380	0
9606.ENSP00000392828	1	10690	0
9606.ENSP00000392896	2	10242	0
9606.ENSP00000393097	15	9867	0
9606.ENSP00000393098	9	10065	0
9606.ENSP00000393128	1	10632	0
9606.ENSP00000393139	19	8552	0
9606.ENSP00000393154	1	9460	0
9606.ENSP00000393183	34	7769	0
9606.ENSP00000393222	5	9560	0
9606.ENSP00000393241	235	6533	0
9606.ENSP00000393275	1	10675	0
9606.ENSP00000393312	43	6313	0
9606.ENSP00000393313	20	7834	0
9606.ENSP00000393316	1	10560	0
9606.ENSP00000393324	16	8723	0
9606.ENSP00000393333	6	9442	0
9606.ENSP00000393379	15	9202	0
9606.ENSP00000393388	150	7603	0
9606.ENSP00000393392	10	9075	0
9606.ENSP00000393541	22	10437	0
9606.ENSP00000393559	3	10239	0
9606.ENSP00000393566	18	9232	0
9606.ENSP00000393596	1	10037	0
9606.ENSP00000393675	1	10744	0
9606.ENSP00000393762	6	8928	0
9606.ENSP00000393776	11	9661	0
9606.ENSP00000393840	15	10376	0
9606.ENSP00000393847	1	10737	0
9606.ENSP00000393922	1	10708	0
9606.ENSP00000393963	1	10701	0
9606.ENSP00000393978	3	10444	0
9606.ENSP00000394033	3	10740	0
9606.ENSP00000394049	1	10530	0
9606.ENSP00000394051	2	9296	0
9606.ENSP00000394071	19	9900	0
9606.ENSP00000394085	2	9455	0
9606.ENSP00000394107	27	10593	0
9606.ENSP00000394227	4	9280	0
9606.ENSP00000394331	4	9161	0
9606.ENSP00000394352	2	9967	0
9606.ENSP00000394390	1	10318	0
9606.ENSP00000394394	48	6961	0
9606.ENSP00000394417	33	7186	0
9606.ENSP00000394484	1	10717	0
9606.ENSP00000394496	5	9299	0
9606.ENSP00000394560	9	8787	0
9606.ENSP00000394624	9	8950	0
9606.ENSP00000394720	1	10744	0
9606.ENSP00000394734	1	10744	0
9606.ENSP00000394751	1	10744	0
9606.ENSP00000394757	4	9528	0
9606.ENSP00000394791	3	10120	0
9606.ENSP00000394794	5	9749	0
9606.ENSP00000394888	7	9565	0
9606.ENSP00000394936	2	10177	0
9606.ENSP00000395012	33	8874	0
9606.ENSP00000395249	1	10462	0
9606.ENSP00000395281	34	10235	0
9606.ENSP00000395294	6	10070	0
9606.ENSP00000395473	2	10725	0
9606.ENSP00000395535	18	7428	0
9606.ENSP00000395574	37	8124	0
9606.ENSP00000395590	1	9461	0
9606.ENSP00000395704	21	9747	0
9606.ENSP00000395708	5	9461	0
9606.ENSP00000395772	11	7171	0
9606.ENSP00000395793	3	10158	0
9606.ENSP00000396052	15	8667	0
9606.ENSP00000396163	2	10741	0
9606.ENSP00000396198	19	7994	0
9606.ENSP00000396301	68	8103	0
9606.ENSP00000396304	2	10653	0
9606.ENSP00000396308	2	10743	0
9606.ENSP00000396320	18	9494	0
9606.ENSP00000396330	2	10417	0
9606.ENSP00000396345	3	8696	0
9606.ENSP00000396467	4	10519	0
9606.ENSP00000396673	32	9371	0
9606.ENSP00000396688	13	9932	0
9606.ENSP00000396749	32	7499	0
9606.ENSP00000396915	16	10430	0
9606.ENSP00000396937	45	7495	0
9606.ENSP00000396954	1	10560	0
9606.ENSP00000396976	5	9409	0
9606.ENSP00000396995	3	10069	0
9606.ENSP00000397026	9	9224	0
9606.ENSP00000397082	2	10669	0
9606.ENSP00000397103	1	9461	0
9606.ENSP00000397133	6	10662	0
9606.ENSP00000397181	5	9790	0
9606.ENSP00000397259	40	8045	0
9606.ENSP00000397297	6	9564	0
9606.ENSP00000397351	1	10693	0
9606.ENSP00000397402	7	10424	0
9606.ENSP00000397415	7	10478	0
9606.ENSP00000397441	15	10348	0
9606.ENSP00000397459	10	9075	0
9606.ENSP00000397552	113	6797	0
9606.ENSP00000397563	5	9122	0
9606.ENSP00000397566	1	10717	0
9606.ENSP00000397673	1	9911	0
9606.ENSP00000397863	6	8894	0
9606.ENSP00000397881	2	10642	0
9606.ENSP00000397908	9	9668	0
9606.ENSP00000397911	3	10204	0
9606.ENSP00000397925	1	10563	0
9606.ENSP00000397927	14	9670	0
9606.ENSP00000397947	1	10530	0
9606.ENSP00000398017	4	9683	0
9606.ENSP00000398064	2	10533	0
9606.ENSP00000398124	13	7849	0
9606.ENSP00000398131	89	7106	0
9606.ENSP00000398211	1	10712	0
9606.ENSP00000398273	4	8529	0
9606.ENSP00000398368	11	8927	0
9606.ENSP00000398410	2	9277	0
9606.ENSP00000398495	11	8760	0
9606.ENSP00000398523	14	8390	0
9606.ENSP00000398560	2	10022	0
9606.ENSP00000398568	5	10267	0
9606.ENSP00000398597	20	9541	0
9606.ENSP00000398610	2	10441	0
9606.ENSP00000398629	12	9379	0
9606.ENSP00000398632	88	5325	0
9606.ENSP00000398655	12	8640	0
9606.ENSP00000398698	62	5472	0
9606.ENSP00000398736	2	10071	0
9606.ENSP00000398803	1	9461	0
9606.ENSP00000398824	33	7433	0
9606.ENSP00000398832	10	8746	0
9606.ENSP00000398837	11	8732	0
9606.ENSP00000398880	11	8772	0
9606.ENSP00000398890	16	9232	0
9606.ENSP00000399168	28	8558	0
9606.ENSP00000399208	3	10479	0
9606.ENSP00000399324	13	8621	0
9606.ENSP00000399376	13	7129	0
9606.ENSP00000399403	16	10128	0
9606.ENSP00000399415	5	10686	0
9606.ENSP00000399457	21	9888	0
9606.ENSP00000399465	5	9476	0
9606.ENSP00000399511	5	7915	0
9606.ENSP00000399518	2	8913	0
9606.ENSP00000399588	2	9256	0
9606.ENSP00000399679	1	9914	0
9606.ENSP00000399718	33	8073	0
9606.ENSP00000399745	10	8795	0
9606.ENSP00000399751	2	10602	0
9606.ENSP00000399797	8	9205	0
9606.ENSP00000399808	11	10551	0
9606.ENSP00000399851	20	9404	0
9606.ENSP00000399862	13	10546	0
9606.ENSP00000399888	3	9568	0
9606.ENSP00000399968	30	6898	0
9606.ENSP00000399970	24	8939	0
9606.ENSP00000399982	141	7101	0
9606.ENSP00000400010	4	8191	0
9606.ENSP00000400057	1	10744	0
9606.ENSP00000400101	1	10744	0
9606.ENSP00000400113	1	9502	0
9606.ENSP00000400142	9	8427	0
9606.ENSP00000400175	59	6061	0
9606.ENSP00000400184	1	10662	0
9606.ENSP00000400252	15	10727	0
9606.ENSP00000400312	2	10621	0
9606.ENSP00000400333	12	9252	0
9606.ENSP00000400341	2	8541	0
9606.ENSP00000400365	7	10243	0
9606.ENSP00000400433	8	9450	0
9606.ENSP00000400459	1	10442	0
9606.ENSP00000400533	13	9914	0
9606.ENSP00000400591	165	7239	0
9606.ENSP00000400646	19	9663	0
9606.ENSP00000400717	17	7661	0
9606.ENSP00000400882	4	10740	0
9606.ENSP00000400887	1	10744	0
9606.ENSP00000400892	16	8305	0
9606.ENSP00000400894	4	10240	0
9606.ENSP00000400906	13	7207	0
9606.ENSP00000401010	29	8540	0
9606.ENSP00000401018	21	8745	0
9606.ENSP00000401112	2	10003	0
9606.ENSP00000401191	38	7731	0
9606.ENSP00000401197	4	8654	0
9606.ENSP00000401237	1	10731	0
9606.ENSP00000401264	2	10743	0
9606.ENSP00000401277	9	8978	0
9606.ENSP00000401303	66	5355	0
9606.ENSP00000401371	12	8560	0
9606.ENSP00000401435	7	10521	0
9606.ENSP00000401445	31	6121	0
9606.ENSP00000401470	14	8816	0
9606.ENSP00000401502	1	10553	0
9606.ENSP00000401513	2	10743	0
9606.ENSP00000401514	13	10727	0
9606.ENSP00000401564	3	9828	0
9606.ENSP00000401566	1	10539	0
9606.ENSP00000401642	1	10261	0
9606.ENSP00000401645	3	10449	0
9606.ENSP00000401678	3	8452	0
9606.ENSP00000401720	3	10241	0
9606.ENSP00000401749	1	10518	0
9606.ENSP00000401764	2	8449	0
9606.ENSP00000401770	20	10593	0
9606.ENSP00000401831	9	10134	0
9606.ENSP00000401853	1	9693	0
9606.ENSP00000401878	33	8874	0
9606.ENSP00000401888	30	6425	0
9606.ENSP00000401907	20	9705	0
9606.ENSP00000401946	6	9470	0
9606.ENSP00000401980	42	6171	0
9606.ENSP00000402038	2	10635	0
9606.ENSP00000402060	10	9542	0
9606.ENSP00000402084	4	9248	0
9606.ENSP00000402107	19	7513	0
9606.ENSP00000402154	9	9981	0
9606.ENSP00000402257	6	9363	0
9606.ENSP00000402280	21	8674	0
9606.ENSP00000402301	3	8401	0
9606.ENSP00000402338	9	9580	0
9606.ENSP00000402346	15	10043	0
9606.ENSP00000402510	2	10741	0
9606.ENSP00000402515	21	8415	0
9606.ENSP00000402537	1	10654	0
9606.ENSP00000402584	1	10632	0
9606.ENSP00000402653	8	9318	0
9606.ENSP00000402723	8	8993	0
9606.ENSP00000402758	1	10318	0
9606.ENSP00000402797	1	10743	0
9606.ENSP00000402849	1	9461	0
9606.ENSP00000402861	14	10625	0
9606.ENSP00000402935	10	10052	0
9606.ENSP00000403077	1	10744	0
9606.ENSP00000403104	5	9367	0
9606.ENSP00000403172	144	6681	0
9606.ENSP00000403210	9	10640	0
9606.ENSP00000403310	24	9227	0
9606.ENSP00000403343	4	7898	0
9606.ENSP00000403362	49	7682	0
9606.ENSP00000403396	2	10731	0
9606.ENSP00000403397	1	9502	0
9606.ENSP00000403400	2	10072	0
9606.ENSP00000403453	9	10192	0
9606.ENSP00000403459	9	7836	0
9606.ENSP00000403465	13	10529	0
9606.ENSP00000403495	7	9346	0
9606.ENSP00000403524	2	9021	0
9606.ENSP00000403614	98	9707	0
9606.ENSP00000403644	1	10676	0
9606.ENSP00000403649	7	9315	0
9606.ENSP00000403663	26	8966	0
9606.ENSP00000403683	4	10432	0
9606.ENSP00000403701	75	5562	0
9606.ENSP00000403802	2	8958	0
9606.ENSP00000403888	23	7286	0
9606.ENSP00000403937	3	10711	0
9606.ENSP00000403954	3	10518	0
9606.ENSP00000403982	2	10598	0
9606.ENSP00000404042	3	10639	0
9606.ENSP00000404092	9	10414	0
9606.ENSP00000404121	11	9475	0
9606.ENSP00000404122	21	9597	0
9606.ENSP00000404131	13	7844	0
9606.ENSP00000404190	12	8294	0
9606.ENSP00000404203	2	10738	0
9606.ENSP00000404220	2	10596	0
9606.ENSP00000404232	34	10235	0
9606.ENSP00000404236	2	9843	0
9606.ENSP00000404251	3	10380	0
9606.ENSP00000404375	140	6691	0
9606.ENSP00000404381	2	9139	0
9606.ENSP00000404503	9	9547	0
9606.ENSP00000404570	17	10259	0
9606.ENSP00000404658	32	8705	0
9606.ENSP00000404676	1	10744	0
9606.ENSP00000404833	14	9357	0
9606.ENSP00000404843	1	10744	0
9606.ENSP00000404860	1	10121	0
9606.ENSP00000404911	5	10079	0
9606.ENSP00000404923	4	10164	0
9606.ENSP00000405004	25	8336	0
9606.ENSP00000405068	67	8428	0
9606.ENSP00000405252	6	10089	0
9606.ENSP00000405330	102	3814	0
9606.ENSP00000405338	11	7913	0
9606.ENSP00000405405	5	10299	0
9606.ENSP00000405453	1	10727	0
9606.ENSP00000405514	1	10295	0
9606.ENSP00000405573	1	10094	0
9606.ENSP00000405574	15	7059	0
9606.ENSP00000405635	1	10744	0
9606.ENSP00000405674	67	7692	0
9606.ENSP00000405726	39	8115	0
9606.ENSP00000405738	2	10511	0
9606.ENSP00000405841	14	9132	0
9606.ENSP00000405890	17	9112	0
9606.ENSP00000405926	25	10125	0
9606.ENSP00000405963	3	9810	0
9606.ENSP00000405965	23	7410	0
9606.ENSP00000405969	2	10699	0
9606.ENSP00000406012	12	10607	0
9606.ENSP00000406022	6	9383	0
9606.ENSP00000406037	52	7181	0
9606.ENSP00000406050	4	10641	0
9606.ENSP00000406157	4	10730	0
9606.ENSP00000406162	26	6585	0
9606.ENSP00000406164	1	10386	0
9606.ENSP00000406191	11	7564	0
9606.ENSP00000406209	11	6889	0
9606.ENSP00000406229	6	8146	0
9606.ENSP00000406261	9	10577	0
9606.ENSP00000406286	1	10015	0
9606.ENSP00000406293	1	9854	0
9606.ENSP00000406367	8	7702	0
9606.ENSP00000406463	3	8080	0
9606.ENSP00000406478	2	9843	0
9606.ENSP00000406490	8	8874	0
9606.ENSP00000406549	119	6688	0
9606.ENSP00000406577	2	10738	0
9606.ENSP00000406598	4	8844	0
9606.ENSP00000406674	2	10738	0
9606.ENSP00000406723	1	10744	0
9606.ENSP00000406861	1	10704	0
9606.ENSP00000406909	2	10672	0
9606.ENSP00000406970	4	9293	0
9606.ENSP00000407118	1	10538	0
9606.ENSP00000407193	2	10743	0
9606.ENSP00000407323	35	9161	0
9606.ENSP00000407336	72	9843	0
9606.ENSP00000407422	3	10535	0
9606.ENSP00000407442	1	8050	0
9606.ENSP00000407509	5	10740	0
9606.ENSP00000407546	12	10729	0
9606.ENSP00000407586	35	6381	0
9606.ENSP00000407592	10	10518	0
9606.ENSP00000407761	1	10733	0
9606.ENSP00000407818	9	7892	0
9606.ENSP00000407822	1	10582	0
9606.ENSP00000408002	2	10284	0
9606.ENSP00000408005	11	8801	0
9606.ENSP00000408025	8	9443	0
9606.ENSP00000408146	18	9230	0
9606.ENSP00000408205	8	10336	0
9606.ENSP00000408288	8	10138	0
9606.ENSP00000408292	4	9185	0
9606.ENSP00000408295	14	9299	0
9606.ENSP00000408367	6	10483	0
9606.ENSP00000408411	5	7600	0
9606.ENSP00000408526	2	10739	0
9606.ENSP00000408598	2	10479	0
9606.ENSP00000408617	12	7769	0
9606.ENSP00000408695	15	6347	0
9606.ENSP00000408910	27	8471	0
9606.ENSP00000408979	13	9675	0
9606.ENSP00000409007	15	8756	0
9606.ENSP00000409126	1	10482	0
9606.ENSP00000409231	14	10658	0
9606.ENSP00000409346	6	8709	0
9606.ENSP00000409382	1	10595	0
9606.ENSP00000409544	12	8487	0
9606.ENSP00000409581	68	4915	0
9606.ENSP00000409594	2	10516	0
9606.ENSP00000409666	6	9990	0
9606.ENSP00000409667	20	8997	0
9606.ENSP00000409799	24	8464	0
9606.ENSP00000409832	1	9461	0
9606.ENSP00000409952	6	10636	0
9606.ENSP00000410042	11	7730	0
9606.ENSP00000410059	5	9830	0
9606.ENSP00000410083	5	10560	0
9606.ENSP00000410186	9	10133	0
9606.ENSP00000410216	4	10130	0
9606.ENSP00000410242	3	9440	0
9606.ENSP00000410294	31	7341	0
9606.ENSP00000410309	2	10743	0
9606.ENSP00000410339	23	8827	0
9606.ENSP00000410402	16	8094	0
9606.ENSP00000410409	4	9725	0
9606.ENSP00000410446	1	9935	0
9606.ENSP00000410452	3	8363	0
9606.ENSP00000410481	2	10587	0
9606.ENSP00000410561	9	9034	0
9606.ENSP00000410689	1	8443	0
9606.ENSP00000410732	6	10625	0
9606.ENSP00000410746	3	9338	0
9606.ENSP00000410758	78	8214	0
9606.ENSP00000410759	2	10233	0
9606.ENSP00000410769	2	10349	0
9606.ENSP00000410798	7	8977	0
9606.ENSP00000410815	4	10487	0
9606.ENSP00000410818	3	9966	0
9606.ENSP00000410862	1	10723	0
9606.ENSP00000410926	2	9574	0
9606.ENSP00000410964	5	10082	0
9606.ENSP00000411010	67	7692	0
9606.ENSP00000411012	3	8749	0
9606.ENSP00000411073	27	8766	0
9606.ENSP00000411099	2	10190	0
9606.ENSP00000411152	4	10079	0
9606.ENSP00000411256	45	7887	0
9606.ENSP00000411268	1	10686	0
9606.ENSP00000411355	12	8887	0
9606.ENSP00000411397	2	10149	0
9606.ENSP00000411418	1	10744	0
9606.ENSP00000411471	1	10482	0
9606.ENSP00000411532	6	9063	0
9606.ENSP00000411593	1	10744	0
9606.ENSP00000411613	2	10739	0
9606.ENSP00000411672	24	10622	0
9606.ENSP00000411719	2	10715	0
9606.ENSP00000411770	8	10579	0
9606.ENSP00000411788	1	10660	0
9606.ENSP00000411816	1	10744	0
9606.ENSP00000411821	2	10743	0
9606.ENSP00000411822	59	8642	0
9606.ENSP00000411825	12	8878	0
9606.ENSP00000411848	1	10730	0
9606.ENSP00000411898	2	8344	0
9606.ENSP00000411932	2	9113	0
9606.ENSP00000411940	2	10389	0
9606.ENSP00000411960	5	10459	0
9606.ENSP00000412130	1	10185	0
9606.ENSP00000412178	2	9811	0
9606.ENSP00000412189	2	10743	0
9606.ENSP00000412209	6	9889	0
9606.ENSP00000412237	8	9889	0
9606.ENSP00000412302	16	8475	0
9606.ENSP00000412324	25	8762	0
9606.ENSP00000412457	1	10586	0
9606.ENSP00000412566	163	7240	0
9606.ENSP00000412673	2	10743	0
9606.ENSP00000412733	1	10744	0
9606.ENSP00000412894	24	8464	0
9606.ENSP00000412897	1	10389	0
9606.ENSP00000412940	3	10720	0
9606.ENSP00000413035	8	8337	0
9606.ENSP00000413064	1	10744	0
9606.ENSP00000413079	4	9250	0
9606.ENSP00000413156	1	10685	0
9606.ENSP00000413436	118	6885	0
9606.ENSP00000413479	1	10736	0
9606.ENSP00000413496	4	9545	0
9606.ENSP00000413507	15	9445	0
9606.ENSP00000413572	2	10410	0
9606.ENSP00000413606	4	10602	0
9606.ENSP00000413625	5	9438	0
9606.ENSP00000413697	6	7766	0
9606.ENSP00000413720	11	8475	0
9606.ENSP00000413861	3	9854	0
9606.ENSP00000413908	9	10481	0
9606.ENSP00000413929	5	9224	0
9606.ENSP00000413937	3	10742	0
9606.ENSP00000414066	2	10658	0
9606.ENSP00000414095	70	6636	0
9606.ENSP00000414109	22	8028	0
9606.ENSP00000414147	4	9652	0
9606.ENSP00000414150	3	9478	0
9606.ENSP00000414202	5	10703	0
9606.ENSP00000414237	33	9097	0
9606.ENSP00000414287	2	10622	0
9606.ENSP00000414303	9	9685	0
9606.ENSP00000414321	201	6641	0
9606.ENSP00000414330	2	10743	0
9606.ENSP00000414359	52	7506	0
9606.ENSP00000414378	9	10095	0
9606.ENSP00000414398	29	7134	0
9606.ENSP00000414516	28	8766	0
9606.ENSP00000414521	1	10744	0
9606.ENSP00000414624	5	10711	0
9606.ENSP00000414851	40	8176	0
9606.ENSP00000414856	1	10722	0
9606.ENSP00000414886	7	10512	0
9606.ENSP00000414906	22	8463	0
9606.ENSP00000414982	14	9084	0
9606.ENSP00000415056	2	10730	0
9606.ENSP00000415078	42	8816	0
9606.ENSP00000415090	2	10703	0
9606.ENSP00000415139	6	8409	0
9606.ENSP00000415151	20	6881	0
9606.ENSP00000415203	1	10744	0
9606.ENSP00000415243	5	8600	0
9606.ENSP00000415283	10	8928	0
9606.ENSP00000415332	2	10634	0
9606.ENSP00000415416	4	7923	0
9606.ENSP00000415430	5	7622	0
9606.ENSP00000415433	15	10355	0
9606.ENSP00000415436	32	7499	0
9606.ENSP00000415454	2	10743	0
9606.ENSP00000415464	2	9197	0
9606.ENSP00000415536	154	7083	0
9606.ENSP00000415556	28	8122	0
9606.ENSP00000415579	1	10744	0
9606.ENSP00000415743	25	7495	0
9606.ENSP00000415786	4	10085	0
9606.ENSP00000415822	2	10246	0
9606.ENSP00000415941	11	10184	0
9606.ENSP00000416015	1	10524	0
9606.ENSP00000416037	1	10697	0
9606.ENSP00000416066	13	9472	0
9606.ENSP00000416097	11	9672	0
9606.ENSP00000416193	10	10246	0
9606.ENSP00000416249	1	9461	0
9606.ENSP00000416250	7	9970	0
9606.ENSP00000416255	93	6452	0
9606.ENSP00000416269	64	8097	0
9606.ENSP00000416293	6	9924	0
9606.ENSP00000416330	1	9617	0
9606.ENSP00000416338	21	8081	0
9606.ENSP00000416341	1	10717	0
9606.ENSP00000416387	5	9381	0
9606.ENSP00000416429	142	6689	0
9606.ENSP00000416515	4	10402	0
9606.ENSP00000416523	7	9769	0
9606.ENSP00000416534	30	9023	0
9606.ENSP00000416561	5	10468	0
9606.ENSP00000416606	2	10479	0
9606.ENSP00000416658	9	10133	0
9606.ENSP00000416673	4	10000	0
9606.ENSP00000416683	4	10015	0
9606.ENSP00000416696	13	10020	0
9606.ENSP00000416739	1	9955	0
9606.ENSP00000416797	4	10053	0
9606.ENSP00000416799	11	8407	0
9606.ENSP00000416951	1	10601	0
9606.ENSP00000416959	9	9750	0
9606.ENSP00000416996	18	10219	0
9606.ENSP00000417050	3	10181	0
9606.ENSP00000417078	5	9115	0
9606.ENSP00000417132	38	7762	0
9606.ENSP00000417138	25	8797	0
9606.ENSP00000417142	74	9843	0
9606.ENSP00000417171	19	10627	0
9606.ENSP00000417175	10	10420	0
9606.ENSP00000417183	1	10744	0
9606.ENSP00000417190	2	10648	0
9606.ENSP00000417222	1	10700	0
9606.ENSP00000417229	3	9970	0
9606.ENSP00000417235	23	9282	0
9606.ENSP00000417261	2	10512	0
9606.ENSP00000417273	59	6336	0
9606.ENSP00000417291	7	10184	0
9606.ENSP00000417303	2	10090	0
9606.ENSP00000417335	5	10341	0
9606.ENSP00000417378	36	10557	0
9606.ENSP00000417404	5	9955	0
9606.ENSP00000417464	10	10012	0
9606.ENSP00000417498	4	7905	0
9606.ENSP00000417510	39	7869	0
9606.ENSP00000417559	54	8959	0
9606.ENSP00000417569	4	10459	0
9606.ENSP00000417601	5	9021	0
9606.ENSP00000417602	107	9262	0
9606.ENSP00000417653	1	9768	0
9606.ENSP00000417659	2	10699	0
9606.ENSP00000417677	5	10715	0
9606.ENSP00000417686	13	8588	0
9606.ENSP00000417706	5	9249	0
9606.ENSP00000417763	9	10605	0
9606.ENSP00000417864	9	9159	0
9606.ENSP00000417901	9	9336	0
9606.ENSP00000417914	1	10619	0
9606.ENSP00000417960	1	10744	0
9606.ENSP00000417963	14	9055	0
9606.ENSP00000417980	24	7959	0
9606.ENSP00000418008	96	9762	0
9606.ENSP00000418009	3	10641	0
9606.ENSP00000418018	3	10267	0
9606.ENSP00000418037	2	8925	0
9606.ENSP00000418070	8	9727	0
9606.ENSP00000418081	10	10276	0
9606.ENSP00000418082	135	6860	0
9606.ENSP00000418112	2	10660	0
9606.ENSP00000418221	6	9430	0
9606.ENSP00000418232	1	10411	0
9606.ENSP00000418259	1	10261	0
9606.ENSP00000418268	25	8919	0
9606.ENSP00000418287	7	9886	0
9606.ENSP00000418379	13	9320	0
9606.ENSP00000418401	50	8164	0
9606.ENSP00000418438	70	10160	0
9606.ENSP00000418447	91	6467	0
9606.ENSP00000418525	7	9775	0
9606.ENSP00000418529	15	9429	0
9606.ENSP00000418532	7	10738	0
9606.ENSP00000418563	14	9987	0
9606.ENSP00000418572	49	8081	0
9606.ENSP00000418582	3	8573	0
9606.ENSP00000418668	1	10742	0
9606.ENSP00000418669	1	10744	0
9606.ENSP00000418695	46	7495	0
9606.ENSP00000418734	3	8323	0
9606.ENSP00000418748	2	10511	0
9606.ENSP00000418751	3	10173	0
9606.ENSP00000418754	3	10436	0
9606.ENSP00000418767	1	10679	0
9606.ENSP00000418803	31	10255	0
9606.ENSP00000418813	2	9638	0
9606.ENSP00000418823	1	10704	0
9606.ENSP00000418915	29	6261	0
9606.ENSP00000418960	146	4876	0
9606.ENSP00000419005	24	9289	0
9606.ENSP00000419027	5	10270	0
9606.ENSP00000419060	27	6898	0
9606.ENSP00000419081	87	5177	0
9606.ENSP00000419085	12	9066	0
9606.ENSP00000419087	69	10160	0
9606.ENSP00000419101	6	10356	0
9606.ENSP00000419184	4	7580	0
9606.ENSP00000419243	5	10472	0
9606.ENSP00000419260	17	8223	0
9606.ENSP00000419270	42	8816	0
9606.ENSP00000419279	20	9597	0
9606.ENSP00000419298	1	9825	0
9606.ENSP00000419313	15	7938	0
9606.ENSP00000419325	5	9993	0
9606.ENSP00000419361	9	9699	0
9606.ENSP00000419370	67	9506	0
9606.ENSP00000419371	7	9139	0
9606.ENSP00000419378	1	10744	0
9606.ENSP00000419412	1	10744	0
9606.ENSP00000419413	9	10636	0
9606.ENSP00000419425	6	8580	0
9606.ENSP00000419446	2	10583	0
9606.ENSP00000419449	60	7426	0
9606.ENSP00000419465	24	7204	0
9606.ENSP00000419475	6	10421	0
9606.ENSP00000419494	26	7999	0
9606.ENSP00000419503	11	10683	0
9606.ENSP00000419599	3	10667	0
9606.ENSP00000419619	1	10694	0
9606.ENSP00000419628	3	10730	0
9606.ENSP00000419665	4	7934	0
9606.ENSP00000419692	33	7493	0
9606.ENSP00000419712	1	10744	0
9606.ENSP00000419740	59	9993	0
9606.ENSP00000419765	30	8665	0
9606.ENSP00000419782	16	7091	0
9606.ENSP00000419803	35	8874	0
9606.ENSP00000419851	1	9641	0
9606.ENSP00000419879	1	10744	0
9606.ENSP00000419881	10	8940	0
9606.ENSP00000419901	1	10743	0
9606.ENSP00000419923	1	8050	0
9606.ENSP00000419945	16	7545	0
9606.ENSP00000419952	4	10461	0
9606.ENSP00000419970	8	10110	0
9606.ENSP00000419975	3	10459	0
9606.ENSP00000420009	11	10551	0
9606.ENSP00000420037	6	10723	0
9606.ENSP00000420040	4	10571	0
9606.ENSP00000420091	1	10717	0
9606.ENSP00000420127	10	9714	0
9606.ENSP00000420161	2	10729	0
9606.ENSP00000420168	4	10741	0
9606.ENSP00000420174	7	8292	0
9606.ENSP00000420176	49	7873	0
9606.ENSP00000420180	2	10736	0
9606.ENSP00000420182	1	10121	0
9606.ENSP00000420194	2	9679	0
9606.ENSP00000420195	7	9635	0
9606.ENSP00000420211	1	10021	0
9606.ENSP00000420213	21	7242	0
9606.ENSP00000420270	1	10609	0
9606.ENSP00000420294	54	7542	0
9606.ENSP00000420295	2	10733	0
9606.ENSP00000420298	4	10033	0
9606.ENSP00000420306	25	7410	0
9606.ENSP00000420311	178	6358	0
9606.ENSP00000420321	6	10273	0
9606.ENSP00000420357	2	10743	0
9606.ENSP00000420387	7	10733	0
9606.ENSP00000420449	5	10734	0
9606.ENSP00000420525	6	9698	0
9606.ENSP00000420588	8	7645	0
9606.ENSP00000420608	12	10400	0
9606.ENSP00000420616	18	9222	0
9606.ENSP00000420617	24	8281	0
9606.ENSP00000420641	14	9921	0
9606.ENSP00000420682	1	10744	0
9606.ENSP00000420714	101	9065	0
9606.ENSP00000420826	1	10744	0
9606.ENSP00000420860	8	9683	0
9606.ENSP00000420875	5	10693	0
9606.ENSP00000420927	6	10687	0
9606.ENSP00000421076	18	10593	0
9606.ENSP00000421172	2	10230	0
9606.ENSP00000421180	12	8171	0
9606.ENSP00000421185	2	10743	0
9606.ENSP00000421280	6	9069	0
9606.ENSP00000421326	1	10370	0
9606.ENSP00000421339	4	8250	0
9606.ENSP00000421380	22	9700	0
9606.ENSP00000421491	31	8081	0
9606.ENSP00000421544	1	10738	0
9606.ENSP00000421592	74	7841	0
9606.ENSP00000421686	1	10216	0
9606.ENSP00000421710	6	9819	0
9606.ENSP00000421725	6	9540	0
9606.ENSP00000421736	1	10529	0
9606.ENSP00000421799	2	10589	0
9606.ENSP00000421801	3	9393	0
9606.ENSP00000421842	44	7206	0
9606.ENSP00000421861	1	9118	0
9606.ENSP00000421863	1	9867	0
9606.ENSP00000421926	19	6988	0
9606.ENSP00000421985	2	10701	0
9606.ENSP00000422007	1	10320	0
9606.ENSP00000422176	5	10740	0
9606.ENSP00000422185	2	10281	0
9606.ENSP00000422375	1	9484	0
9606.ENSP00000422464	13	9147	0
9606.ENSP00000422533	17	9655	0
9606.ENSP00000422554	1	10633	0
9606.ENSP00000422591	6	10262	0
9606.ENSP00000422607	1	10742	0
9606.ENSP00000422626	6	9950	0
9606.ENSP00000422793	1	10714	0
9606.ENSP00000422834	3	10720	0
9606.ENSP00000422896	13	9401	0
9606.ENSP00000422907	9	9715	0
9606.ENSP00000422947	1	10744	0
9606.ENSP00000423067	75	7611	0
9606.ENSP00000423190	2	10737	0
9606.ENSP00000423276	1	10744	0
9606.ENSP00000423325	3	10520	0
9606.ENSP00000423333	3	10233	0
9606.ENSP00000423390	1	9442	0
9606.ENSP00000423399	107	8955	0
9606.ENSP00000423463	1	10744	0
9606.ENSP00000423541	2	10735	0
9606.ENSP00000423563	36	7667	0
9606.ENSP00000423602	1	10229	0
9606.ENSP00000423630	3	9028	0
9606.ENSP00000423673	82	8415	0
9606.ENSP00000423674	3	10742	0
9606.ENSP00000423822	10	10675	0
9606.ENSP00000423897	1	10220	0
9606.ENSP00000423917	2	10521	0
9606.ENSP00000424007	4	10408	0
9606.ENSP00000424058	1	10216	0
9606.ENSP00000424123	2	10736	0
9606.ENSP00000424183	34	8346	0
9606.ENSP00000424198	33	8874	0
9606.ENSP00000424226	3	10518	0
9606.ENSP00000424261	2	10608	0
9606.ENSP00000424328	104	9693	0
9606.ENSP00000424381	1	10662	0
9606.ENSP00000424417	99	7599	0
9606.ENSP00000424495	3	8802	0
9606.ENSP00000424501	4	10078	0
9606.ENSP00000424544	14	10163	0
9606.ENSP00000424565	2	10703	0
9606.ENSP00000424571	6	9577	0
9606.ENSP00000424595	4	10739	0
9606.ENSP00000424598	2	9809	0
9606.ENSP00000424655	25	7387	0
9606.ENSP00000424757	2	10743	0
9606.ENSP00000424765	7	9666	0
9606.ENSP00000424798	18	9878	0
9606.ENSP00000424827	20	6246	0
9606.ENSP00000424838	5	10653	0
9606.ENSP00000424846	7	9131	0
9606.ENSP00000424870	93	7189	0
9606.ENSP00000424896	14	10524	0
9606.ENSP00000425031	4	9653	0
9606.ENSP00000425107	25	7312	0
9606.ENSP00000425130	25	8110	0
9606.ENSP00000425133	7	9324	0
9606.ENSP00000425261	2	9951	0
9606.ENSP00000425394	1	10744	0
9606.ENSP00000425556	1	10696	0
9606.ENSP00000425561	50	7793	0
9606.ENSP00000425587	12	9827	0
9606.ENSP00000425634	1	10744	0
9606.ENSP00000425658	1	10744	0
9606.ENSP00000425759	77	10053	0
9606.ENSP00000425824	6	9526	0
9606.ENSP00000425864	7	10471	0
9606.ENSP00000425915	1	9461	0
9606.ENSP00000425979	38	6276	0
9606.ENSP00000426070	1	10635	0
9606.ENSP00000426083	2	10743	0
9606.ENSP00000426103	7	8925	0
9606.ENSP00000426167	19	9888	0
9606.ENSP00000426191	14	9320	0
9606.ENSP00000426359	2	10104	0
9606.ENSP00000426387	1	10478	0
9606.ENSP00000426503	10	7600	0
9606.ENSP00000426548	1	10512	0
9606.ENSP00000426613	1	10065	0
9606.ENSP00000426632	7	7363	0
9606.ENSP00000426653	5	10342	0
9606.ENSP00000426654	52	6887	0
9606.ENSP00000426786	2	10743	0
9606.ENSP00000426809	1	10744	0
9606.ENSP00000426848	2	10487	0
9606.ENSP00000426909	160	5646	0
9606.ENSP00000426941	96	9762	0
9606.ENSP00000426948	1	10717	0
9606.ENSP00000426978	9	9630	0
9606.ENSP00000426983	15	7921	0
9606.ENSP00000427004	52	10116	0
9606.ENSP00000427018	6	10246	0
9606.ENSP00000427108	1	10154	0
9606.ENSP00000427211	1	9484	0
9606.ENSP00000427279	27	9606	0
9606.ENSP00000427421	1	9735	0
9606.ENSP00000427463	4	10741	0
9606.ENSP00000427514	15	7091	0
9606.ENSP00000427550	4	10101	0
9606.ENSP00000427552	1	10744	0
9606.ENSP00000427562	1	9805	0
9606.ENSP00000427603	7	10409	0
9606.ENSP00000427679	2	10232	0
9606.ENSP00000427687	2	10369	0
9606.ENSP00000427690	8	10305	0
9606.ENSP00000427695	13	10090	0
9606.ENSP00000427772	10	9516	0
9606.ENSP00000427793	12	7221	0
9606.ENSP00000427802	52	7877	0
9606.ENSP00000427866	9	10280	0
9606.ENSP00000427874	4	10505	0
9606.ENSP00000427900	3	9846	0
9606.ENSP00000427926	5	9886	0
9606.ENSP00000427985	9	9936	0
9606.ENSP00000428056	73	5194	0
9606.ENSP00000428085	148	6689	0
9606.ENSP00000428112	9	9940	0
9606.ENSP00000428182	1	10592	0
9606.ENSP00000428184	13	7844	0
9606.ENSP00000428205	3	9334	0
9606.ENSP00000428209	16	7532	0
9606.ENSP00000428220	5	9317	0
9606.ENSP00000428223	98	7173	0
9606.ENSP00000428259	13	9442	0
9606.ENSP00000428324	4	10183	0
9606.ENSP00000428338	1	9475	0
9606.ENSP00000428340	7	9477	0
9606.ENSP00000428417	11	9946	0
9606.ENSP00000428426	90	7229	0
9606.ENSP00000428480	1	10733	0
9606.ENSP00000428489	1	10266	0
9606.ENSP00000428518	5	10300	0
9606.ENSP00000428540	1	10744	0
9606.ENSP00000428564	18	10129	0
9606.ENSP00000428619	30	8955	0
9606.ENSP00000428657	9	10145	0
9606.ENSP00000428756	2	10201	0
9606.ENSP00000428780	1	10497	0
9606.ENSP00000428787	24	10154	0
9606.ENSP00000428845	12	9651	0
9606.ENSP00000428924	47	5890	0
9606.ENSP00000428976	1	10743	0
9606.ENSP00000428982	35	8706	0
9606.ENSP00000428994	33	8864	0
9606.ENSP00000429065	34	9097	0
9606.ENSP00000429084	9	7775	0
9606.ENSP00000429089	10	8997	0
9606.ENSP00000429150	1	10401	0
9606.ENSP00000429200	2	10738	0
9606.ENSP00000429283	3	10202	0
9606.ENSP00000429323	7	9970	0
9606.ENSP00000429367	1	10508	0
9606.ENSP00000429374	148	6830	0
9606.ENSP00000429562	11	9430	0
9606.ENSP00000429633	1	10619	0
9606.ENSP00000429690	25	10622	0
9606.ENSP00000429707	30	10213	0
9606.ENSP00000429744	3	10685	0
9606.ENSP00000429754	1	10744	0
9606.ENSP00000429824	13	9504	0
9606.ENSP00000429900	16	6897	0
9606.ENSP00000429931	57	7274	0
9606.ENSP00000429986	51	7544	0
9606.ENSP00000430031	2	10735	0
9606.ENSP00000430075	2	10743	0
9606.ENSP00000430100	4	10456	0
9606.ENSP00000430128	3	10338	0
9606.ENSP00000430241	1	10698	0
9606.ENSP00000430276	1	9822	0
9606.ENSP00000430282	30	10621	0
9606.ENSP00000430338	33	9097	0
9606.ENSP00000430344	4	10593	0
9606.ENSP00000430432	121	5882	0
9606.ENSP00000430493	17	10436	0
9606.ENSP00000430494	76	10048	0
9606.ENSP00000430598	2	10576	0
9606.ENSP00000430620	3	10656	0
9606.ENSP00000430656	1	10694	0
9606.ENSP00000430684	43	5210	0
9606.ENSP00000430690	1	10742	0
9606.ENSP00000430706	1	9461	0
9606.ENSP00000430711	6	9071	0
9606.ENSP00000430945	2	10193	0
9606.ENSP00000430950	2	10743	0
9606.ENSP00000431010	1	10717	0
9606.ENSP00000431040	107	9012	0
9606.ENSP00000431049	1	10535	0
9606.ENSP00000431240	81	7586	0
9606.ENSP00000431254	60	6869	0
9606.ENSP00000431284	2	10177	0
9606.ENSP00000431391	1	10273	0
9606.ENSP00000431418	33	7257	0
9606.ENSP00000431445	14	8459	0
9606.ENSP00000431512	34	6461	0
9606.ENSP00000431603	2	10322	0
9606.ENSP00000431775	3	9418	0
9606.ENSP00000431800	57	7312	0
9606.ENSP00000431813	4	9607	0
9606.ENSP00000431822	261	6006	0
9606.ENSP00000431876	1	10680	0
9606.ENSP00000431885	43	6854	0
9606.ENSP00000431926	40	6716	0
9606.ENSP00000431984	4	10740	0
9606.ENSP00000432119	19	9953	0
9606.ENSP00000432279	33	9521	0
9606.ENSP00000432412	17	8624	0
9606.ENSP00000432459	32	9839	0
9606.ENSP00000432472	15	9243	0
9606.ENSP00000432504	1	10743	0
9606.ENSP00000432511	31	8079	0
9606.ENSP00000432561	2	9969	0
9606.ENSP00000432568	9	8781	0
9606.ENSP00000432660	17	8004	0
9606.ENSP00000432688	6	10723	0
9606.ENSP00000432768	8	9113	0
9606.ENSP00000432786	2	8551	0
9606.ENSP00000432845	1	9882	0
9606.ENSP00000432886	23	9227	0
9606.ENSP00000433001	2	10336	0
9606.ENSP00000433112	1	10421	0
9606.ENSP00000433138	36	8591	0
9606.ENSP00000433157	7	10518	0
9606.ENSP00000433205	6	9271	0
9606.ENSP00000433208	8	9220	0
9606.ENSP00000433209	13	9863	0
9606.ENSP00000433277	2	9874	0
9606.ENSP00000433295	3	10675	0
9606.ENSP00000433415	11	10669	0
9606.ENSP00000433459	2	9962	0
9606.ENSP00000433488	8	8939	0
9606.ENSP00000433490	9	9191	0
9606.ENSP00000433560	3	7354	0
9606.ENSP00000433623	109	4218	0
9606.ENSP00000433642	16	9153	0
9606.ENSP00000433664	12	9558	0
9606.ENSP00000433681	7	10687	0
9606.ENSP00000433760	15	8156	0
9606.ENSP00000433847	1	10744	0
9606.ENSP00000433919	13	9328	0
9606.ENSP00000433933	8	10640	0
9606.ENSP00000433999	3	10698	0
9606.ENSP00000434024	60	6131	0
9606.ENSP00000434034	21	9991	0
9606.ENSP00000434056	36	7681	0
9606.ENSP00000434343	2	10681	0
9606.ENSP00000434359	17	9363	0
9606.ENSP00000434442	3	10649	0
9606.ENSP00000434466	33	9097	0
9606.ENSP00000434480	7	10736	0
9606.ENSP00000434516	3	10612	0
9606.ENSP00000434552	12	8171	0
9606.ENSP00000434614	55	7031	0
9606.ENSP00000434676	1	8598	0
9606.ENSP00000434717	2	10541	0
9606.ENSP00000434729	38	10557	0
9606.ENSP00000434776	1	9127	0
9606.ENSP00000434995	33	8408	0
9606.ENSP00000435096	155	6444	0
9606.ENSP00000435189	1	10691	0
9606.ENSP00000435210	10	7587	0
9606.ENSP00000435233	9	9583	0
9606.ENSP00000435289	7	10435	0
9606.ENSP00000435380	1	10722	0
9606.ENSP00000435389	24	8285	0
9606.ENSP00000435412	7	8112	0
9606.ENSP00000435460	3	10284	0
9606.ENSP00000435466	3	9622	0
9606.ENSP00000435506	1	9973	0
9606.ENSP00000435534	3	10172	0
9606.ENSP00000435585	11	10040	0
9606.ENSP00000435619	7	10414	0
9606.ENSP00000435637	3	10614	0
9606.ENSP00000435648	4	10564	0
9606.ENSP00000435712	18	8160	0
9606.ENSP00000435777	200	6649	0
9606.ENSP00000436005	17	10493	0
9606.ENSP00000436049	55	7314	0
9606.ENSP00000436126	1	10668	0
9606.ENSP00000436318	3	10341	0
9606.ENSP00000436423	3	9754	0
9606.ENSP00000436450	4	9236	0
9606.ENSP00000436455	1	10744	0
9606.ENSP00000436585	2	10679	0
9606.ENSP00000436607	12	9170	0
9606.ENSP00000436679	26	8695	0
9606.ENSP00000436682	1	10744	0
9606.ENSP00000436691	3	10560	0
9606.ENSP00000436786	89	6440	0
9606.ENSP00000436812	5	10661	0
9606.ENSP00000436836	21	10060	0
9606.ENSP00000436864	4	9387	0
9606.ENSP00000436926	21	7787	0
9606.ENSP00000437041	2	10681	0
9606.ENSP00000437073	5	10367	0
9606.ENSP00000437125	90	4325	0
9606.ENSP00000437256	41	7927	0
9606.ENSP00000437271	15	10405	0
9606.ENSP00000437360	46	7162	0
9606.ENSP00000437402	2	10510	0
9606.ENSP00000437464	5	8738	0
9606.ENSP00000437550	12	8994	0
9606.ENSP00000437563	11	10061	0
9606.ENSP00000437621	8	8993	0
9606.ENSP00000437659	54	7542	0
9606.ENSP00000437737	11	8954	0
9606.ENSP00000437775	6	9131	0
9606.ENSP00000437783	2	10693	0
9606.ENSP00000437790	1	8579	0
9606.ENSP00000437872	1	10697	0
9606.ENSP00000437955	59	4483	0
9606.ENSP00000438038	21	8788	0
9606.ENSP00000438040	1	10626	0
9606.ENSP00000438071	8	9778	0
9606.ENSP00000438085	12	7481	0
9606.ENSP00000438204	17	9862	0
9606.ENSP00000438244	1	10742	0
9606.ENSP00000438248	3	9595	0
9606.ENSP00000438262	21	7597	0
9606.ENSP00000438273	9	9519	0
9606.ENSP00000438349	56	7054	0
9606.ENSP00000438388	4	10224	0
9606.ENSP00000438399	17	10523	0
9606.ENSP00000438406	7	8473	0
9606.ENSP00000438455	4	10706	0
9606.ENSP00000438465	4	8926	0
9606.ENSP00000438483	14	8405	0
9606.ENSP00000438553	44	8185	0
9606.ENSP00000438574	10	7437	0
9606.ENSP00000438677	4	10499	0
9606.ENSP00000438689	5	10346	0
9606.ENSP00000438748	5	9616	0
9606.ENSP00000438788	50	6481	0
9606.ENSP00000438804	4	8499	0
9606.ENSP00000438875	1	10204	0
9606.ENSP00000438886	2	10740	0
9606.ENSP00000438949	35	9125	0
9606.ENSP00000438993	4	10065	0
9606.ENSP00000439020	68	7412	0
9606.ENSP00000439056	7	10691	0
9606.ENSP00000439065	1	10592	0
9606.ENSP00000439068	5	10052	0
9606.ENSP00000439120	3	10489	0
9606.ENSP00000439128	8	8532	0
9606.ENSP00000439170	1	10744	0
9606.ENSP00000439244	1	9726	0
9606.ENSP00000439479	1	10742	0
9606.ENSP00000439585	16	8775	0
9606.ENSP00000439625	2	10655	0
9606.ENSP00000439666	5	9949	0
9606.ENSP00000439689	3	8917	0
9606.ENSP00000439800	9	9632	0
9606.ENSP00000439856	12	10131	0
9606.ENSP00000439937	7	9647	0
9606.ENSP00000440005	33	8769	0
9606.ENSP00000440045	20	9930	0
9606.ENSP00000440066	3	10228	0
9606.ENSP00000440100	100	7603	0
9606.ENSP00000440185	4	10240	0
9606.ENSP00000440190	5	9828	0
9606.ENSP00000440222	1	10343	0
9606.ENSP00000440246	2	10738	0
9606.ENSP00000440273	5	8493	0
9606.ENSP00000440329	2	10743	0
9606.ENSP00000440374	1	9735	0
9606.ENSP00000440396	1	10609	0
9606.ENSP00000440402	1	10299	0
9606.ENSP00000440428	2	10307	0
9606.ENSP00000440440	2	9971	0
9606.ENSP00000440485	18	9626	0
9606.ENSP00000440502	1	10029	0
9606.ENSP00000440542	72	7305	0
9606.ENSP00000440556	8	9848	0
9606.ENSP00000440689	7	10391	0
9606.ENSP00000440704	3	10645	0
9606.ENSP00000440826	1	10533	0
9606.ENSP00000440850	1	10217	0
9606.ENSP00000440864	5	7963	0
9606.ENSP00000440915	24	8463	0
9606.ENSP00000440945	3	10625	0
9606.ENSP00000440984	8	10443	0
9606.ENSP00000441000	1	10645	0
9606.ENSP00000441039	2	9478	0
9606.ENSP00000441065	2	10396	0
9606.ENSP00000441126	69	10160	0
9606.ENSP00000441158	19	8161	0
9606.ENSP00000441214	1	9998	0
9606.ENSP00000441235	8	8740	0
9606.ENSP00000441273	21	8674	0
9606.ENSP00000441369	8	9938	0
9606.ENSP00000441543	279	4143	0
9606.ENSP00000441600	43	9255	0
9606.ENSP00000441765	7	8998	0
9606.ENSP00000441802	2	9912	0
9606.ENSP00000441828	27	8334	0
9606.ENSP00000441858	2	10742	0
9606.ENSP00000441875	8	7951	0
9606.ENSP00000441913	3	9546	0
9606.ENSP00000441927	2	10407	0
9606.ENSP00000441929	1	10744	0
9606.ENSP00000441930	1	10744	0
9606.ENSP00000441953	18	9624	0
9606.ENSP00000441954	9	8611	0
9606.ENSP00000441980	2	10743	0
9606.ENSP00000442008	7	10476	0
9606.ENSP00000442046	1	10481	0
9606.ENSP00000442047	6	9418	0
9606.ENSP00000442060	4	10256	0
9606.ENSP00000442068	1	10727	0
9606.ENSP00000442157	1	10643	0
9606.ENSP00000442308	4	8109	0
9606.ENSP00000442318	8	8662	0
9606.ENSP00000442397	3	10089	0
9606.ENSP00000442424	3	10586	0
9606.ENSP00000442460	15	7191	0
9606.ENSP00000442477	2	10739	0
9606.ENSP00000442521	5	9492	0
9606.ENSP00000442563	17	9597	0
9606.ENSP00000442600	28	8412	0
9606.ENSP00000442656	14	9145	0
9606.ENSP00000442682	1	10652	0
9606.ENSP00000442699	38	8568	0
9606.ENSP00000442736	7	9719	0
9606.ENSP00000442770	1	10598	0
9606.ENSP00000442786	1	10460	0
9606.ENSP00000442788	15	8070	0
9606.ENSP00000442795	11	8903	0
9606.ENSP00000442837	1	10354	0
9606.ENSP00000442954	17	7117	0
9606.ENSP00000442973	5	9835	0
9606.ENSP00000442982	3	9973	0
9606.ENSP00000443017	245	5227	0
9606.ENSP00000443113	6	10009	0
9606.ENSP00000443130	4	10643	0
9606.ENSP00000443168	1	10726	0
9606.ENSP00000443194	1	10744	0
9606.ENSP00000443204	1	10393	0
9606.ENSP00000443216	19	9888	0
9606.ENSP00000443246	4	10693	0
9606.ENSP00000443256	11	9938	0
9606.ENSP00000443291	1	10744	0
9606.ENSP00000443432	2	10743	0
9606.ENSP00000443459	3	10729	0
9606.ENSP00000443475	16	8616	0
9606.ENSP00000443631	4	9629	0
9606.ENSP00000443824	6	10229	0
9606.ENSP00000443827	2	10451	0
9606.ENSP00000443900	4	10394	0
9606.ENSP00000443985	5	9654	0
9606.ENSP00000443988	22	8384	0
9606.ENSP00000444029	42	8469	0
9606.ENSP00000444136	16	9664	0
9606.ENSP00000444198	7	7910	0
9606.ENSP00000444201	3	10515	0
9606.ENSP00000444271	6	10586	0
9606.ENSP00000444357	13	6397	0
9606.ENSP00000444408	2	10248	0
9606.ENSP00000444425	3	9315	0
9606.ENSP00000444433	1	10616	0
9606.ENSP00000444565	1	10743	0
9606.ENSP00000444596	8	7232	0
9606.ENSP00000444660	4	10261	0
9606.ENSP00000444688	19	10172	0
9606.ENSP00000444743	2	10743	0
9606.ENSP00000444788	2	10743	0
9606.ENSP00000444810	17	6053	0
9606.ENSP00000444812	1	10261	0
9606.ENSP00000444896	1	8559	0
9606.ENSP00000444935	7	10435	0
9606.ENSP00000445001	33	9097	0
9606.ENSP00000445002	27	8796	0
9606.ENSP00000445122	2	9397	0
9606.ENSP00000445135	8	10158	0
9606.ENSP00000445162	99	7047	0
9606.ENSP00000445175	4	10104	0
9606.ENSP00000445306	19	10172	0
9606.ENSP00000445381	5	9530	0
9606.ENSP00000445408	9	9706	0
9606.ENSP00000445440	4	10072	0
9606.ENSP00000445508	12	9663	0
9606.ENSP00000445633	93	6125	0
9606.ENSP00000445675	18	8923	0
9606.ENSP00000445725	2	10686	0
9606.ENSP00000445757	60	7660	0
9606.ENSP00000445772	1	10543	0
9606.ENSP00000445806	9	10194	0
9606.ENSP00000445831	44	8003	0
9606.ENSP00000445868	29	8766	0
9606.ENSP00000446007	6	10244	0
9606.ENSP00000446039	20	7544	0
9606.ENSP00000446093	14	8918	0
9606.ENSP00000446100	1	8929	0
9606.ENSP00000446184	39	7731	0
9606.ENSP00000446215	35	7984	0
9606.ENSP00000446252	3	8574	0
9606.ENSP00000446271	10	9684	0
9606.ENSP00000446479	2	9028	0
9606.ENSP00000446485	1	10558	0
9606.ENSP00000446576	14	8594	0
9606.ENSP00000446828	3	10737	0
9606.ENSP00000446872	2	10739	0
9606.ENSP00000446880	10	8205	0
9606.ENSP00000446917	1	10441	0
9606.ENSP00000446955	20	8271	0
9606.ENSP00000447001	145	6678	0
9606.ENSP00000447006	7	9491	0
9606.ENSP00000447053	10	9979	0
9606.ENSP00000447057	1	9771	0
9606.ENSP00000447121	1	10744	0
9606.ENSP00000447149	7	9202	0
9606.ENSP00000447211	2	10743	0
9606.ENSP00000447241	21	6903	0
9606.ENSP00000447297	36	5768	0
9606.ENSP00000447300	7	10101	0
9606.ENSP00000447378	5	10734	0
9606.ENSP00000447488	9	8126	0
9606.ENSP00000447537	20	10376	0
9606.ENSP00000447730	17	7007	0
9606.ENSP00000447942	15	8426	0
9606.ENSP00000448012	18	10183	0
9606.ENSP00000448035	53	7877	0
9606.ENSP00000448054	24	9957	0
9606.ENSP00000448071	3	10382	0
9606.ENSP00000448073	15	9848	0
9606.ENSP00000448083	1	10744	0
9606.ENSP00000448165	15	7166	0
9606.ENSP00000448182	4	10290	0
9606.ENSP00000448220	1	10744	0
9606.ENSP00000448387	12	9451	0
9606.ENSP00000448419	1	10179	0
9606.ENSP00000448598	37	7975	0
9606.ENSP00000448665	4	9793	0
9606.ENSP00000449026	27	8699	0
9606.ENSP00000449079	2	10741	0
9606.ENSP00000449089	9	9774	0
9606.ENSP00000449241	2	10446	0
9606.ENSP00000449270	13	10393	0
9606.ENSP00000449328	117	6874	0
9606.ENSP00000449381	8	9606	0
9606.ENSP00000449386	10	9380	0
9606.ENSP00000449396	69	7244	0
9606.ENSP00000449404	2	9469	0
9606.ENSP00000449428	19	9068	0
9606.ENSP00000449500	28	10622	0
9606.ENSP00000449535	2	10722	0
9606.ENSP00000449716	1	10724	0
9606.ENSP00000449751	1	10101	0
9606.ENSP00000449756	1	10744	0
9606.ENSP00000449795	3	10742	0
9606.ENSP00000449884	102	9707	0
9606.ENSP00000449960	1	10407	0
9606.ENSP00000449999	3	9858	0
9606.ENSP00000450337	4	9820	0
9606.ENSP00000450385	31	7637	0
9606.ENSP00000450480	6	10733	0
9606.ENSP00000450482	5	9874	0
9606.ENSP00000450524	1	10587	0
9606.ENSP00000450527	1	9495	0
9606.ENSP00000450540	5	10156	0
9606.ENSP00000450565	5	9988	0
9606.ENSP00000450584	2	10452	0
9606.ENSP00000450607	34	8223	0
9606.ENSP00000450731	27	10171	0
9606.ENSP00000450799	1	9806	0
9606.ENSP00000450832	2	9852	0
9606.ENSP00000450842	7	10733	0
9606.ENSP00000450857	5	9765	0
9606.ENSP00000450864	5	10601	0
9606.ENSP00000450873	1	10744	0
9606.ENSP00000450895	2	10670	0
9606.ENSP00000450909	1	10714	0
9606.ENSP00000450969	2	9163	0
9606.ENSP00000451030	1	10282	0
9606.ENSP00000451040	10	8850	0
9606.ENSP00000451080	11	9359	0
9606.ENSP00000451129	115	6699	0
9606.ENSP00000451162	9	10192	0
9606.ENSP00000451172	3	10701	0
9606.ENSP00000451188	4	9425	0
9606.ENSP00000451206	2	10703	0
9606.ENSP00000451211	12	10216	0
9606.ENSP00000451261	5	10067	0
9606.ENSP00000451291	44	7199	0
9606.ENSP00000451300	10	7842	0
9606.ENSP00000451406	9	10700	0
9606.ENSP00000451419	1	10744	0
9606.ENSP00000451506	4	8918	0
9606.ENSP00000451575	2	10086	0
9606.ENSP00000451583	1	10672	0
9606.ENSP00000451605	5	9183	0
9606.ENSP00000451812	9	9779	0
9606.ENSP00000451818	95	7107	0
9606.ENSP00000451828	69	4677	0
9606.ENSP00000451974	11	8568	0
9606.ENSP00000452007	3	10739	0
9606.ENSP00000452037	13	10727	0
9606.ENSP00000452120	4	9257	0
9606.ENSP00000452123	15	9553	0
9606.ENSP00000452126	7	10123	0
9606.ENSP00000452181	1	10697	0
9606.ENSP00000452245	1	10730	0
9606.ENSP00000452454	97	7189	0
9606.ENSP00000452479	2	10479	0
9606.ENSP00000452521	9	10642	0
9606.ENSP00000452522	5	9169	0
9606.ENSP00000452549	18	10275	0
9606.ENSP00000452634	9	10255	0
9606.ENSP00000452662	13	7717	0
9606.ENSP00000452697	4	10741	0
9606.ENSP00000452746	5	9638	0
9606.ENSP00000452747	2	10700	0
9606.ENSP00000452762	4	10452	0
9606.ENSP00000452763	133	6862	0
9606.ENSP00000452786	54	6133	0
9606.ENSP00000452871	19	7171	0
9606.ENSP00000452877	6	10137	0
9606.ENSP00000452885	4	7924	0
9606.ENSP00000452948	1	10744	0
9606.ENSP00000453015	7	8370	0
9606.ENSP00000453095	13	8046	0
9606.ENSP00000453273	4	10738	0
9606.ENSP00000453293	2	9401	0
9606.ENSP00000453508	35	6998	0
9606.ENSP00000453562	1	10538	0
9606.ENSP00000453704	1	10744	0
9606.ENSP00000453750	1	10744	0
9606.ENSP00000453793	6	10545	0
9606.ENSP00000453801	84	7250	0
9606.ENSP00000453858	8	8518	0
9606.ENSP00000454014	21	10060	0
9606.ENSP00000454038	1	10744	0
9606.ENSP00000454062	1	10732	0
9606.ENSP00000454071	5	9750	0
9606.ENSP00000454229	1	10744	0
9606.ENSP00000454264	3	9675	0
9606.ENSP00000454303	20	10156	0
9606.ENSP00000454341	1	10560	0
9606.ENSP00000454370	1	9461	0
9606.ENSP00000454437	1	10687	0
9606.ENSP00000454468	32	9839	0
9606.ENSP00000454500	2	10638	0
9606.ENSP00000454545	8	10056	0
9606.ENSP00000454623	20	9164	0
9606.ENSP00000454746	1	9461	0
9606.ENSP00000454786	101	7103	0
9606.ENSP00000454804	1	10477	0
9606.ENSP00000454836	73	7550	0
9606.ENSP00000454852	9	9314	0
9606.ENSP00000454973	1	9620	0
9606.ENSP00000455064	1	10680	0
9606.ENSP00000455106	31	9361	0
9606.ENSP00000455114	4	10741	0
9606.ENSP00000455215	4	9773	0
9606.ENSP00000455229	1	10303	0
9606.ENSP00000455265	6	9714	0
9606.ENSP00000455308	3	10395	0
9606.ENSP00000455426	3	9905	0
9606.ENSP00000455442	3	9601	0
9606.ENSP00000455507	3	10184	0
9606.ENSP00000455561	1	10744	0
9606.ENSP00000455607	10	9515	0
9606.ENSP00000455643	1	10744	0
9606.ENSP00000455716	19	9888	0
9606.ENSP00000455785	36	8770	0
9606.ENSP00000455791	16	9643	0
9606.ENSP00000455813	3	10517	0
9606.ENSP00000455897	7	10204	0
9606.ENSP00000456206	9	9827	0
9606.ENSP00000456218	4	9355	0
9606.ENSP00000456226	2	10175	0
9606.ENSP00000456337	34	10235	0
9606.ENSP00000456340	30	8114	0
9606.ENSP00000456609	3	9704	0
9606.ENSP00000456851	15	10376	0
9606.ENSP00000456908	2	10741	0
9606.ENSP00000456974	3	10742	0
9606.ENSP00000457016	21	7787	0
9606.ENSP00000457111	2	9418	0
9606.ENSP00000457168	11	10278	0
9606.ENSP00000457206	1	9475	0
9606.ENSP00000457230	4	8960	0
9606.ENSP00000457353	2	10683	0
9606.ENSP00000457411	8	6894	0
9606.ENSP00000457421	15	7256	0
9606.ENSP00000457492	2	10251	0
9606.ENSP00000457513	75	10160	0
9606.ENSP00000457539	1	10368	0
9606.ENSP00000457703	5	7924	0
9606.ENSP00000457718	2	10638	0
9606.ENSP00000457723	18	9380	0
9606.ENSP00000457728	17	10658	0
9606.ENSP00000457733	1	10352	0
9606.ENSP00000457788	3	10549	0
9606.ENSP00000457807	9	10394	0
9606.ENSP00000457810	38	8514	0
9606.ENSP00000457870	23	8586	0
9606.ENSP00000457991	4	9583	0
9606.ENSP00000458021	1	10641	0
9606.ENSP00000458162	98	6085	0
9606.ENSP00000458290	4	10342	0
9606.ENSP00000458316	1	10399	0
9606.ENSP00000458355	13	10727	0
9606.ENSP00000458585	1	10495	0
9606.ENSP00000458663	1	10559	0
9606.ENSP00000458762	2	9641	0
9606.ENSP00000458770	145	9672	0
9606.ENSP00000458791	4	9295	0
9606.ENSP00000458879	6	9431	0
9606.ENSP00000458954	30	9297	0
9606.ENSP00000459533	1	9906	0
9606.ENSP00000459580	1	10744	0
9606.ENSP00000459615	3	10611	0
9606.ENSP00000459626	2	10089	0
9606.ENSP00000459943	2	10425	0
9606.ENSP00000459962	8	9516	0
9606.ENSP00000460070	3	9950	0
9606.ENSP00000460236	2	9375	0
9606.ENSP00000460274	1	10744	0
9606.ENSP00000460348	126	7905	0
9606.ENSP00000460380	2	10304	0
9606.ENSP00000460437	2	10698	0
9606.ENSP00000460475	26	8718	0
9606.ENSP00000460547	1	10261	0
9606.ENSP00000460683	1	10744	0
9606.ENSP00000460823	2	9586	0
9606.ENSP00000460871	48	8787	0
9606.ENSP00000460885	2	9424	0
9606.ENSP00000460964	2	10648	0
9606.ENSP00000460971	4	10736	0
9606.ENSP00000461784	36	9821	0
9606.ENSP00000461830	1	10740	0
9606.ENSP00000461879	150	6581	0
9606.ENSP00000461930	96	9762	0
9606.ENSP00000461945	7	10469	0
9606.ENSP00000461947	4	10193	0
9606.ENSP00000462099	8	8713	0
9606.ENSP00000462116	7	9942	0
9606.ENSP00000462355	245	5227	0
9606.ENSP00000462468	15	6695	0
9606.ENSP00000462521	8	7125	0
9606.ENSP00000462647	7	9175	0
9606.ENSP00000462664	10	6690	0
9606.ENSP00000462667	245	5227	0
9606.ENSP00000462701	11	7947	0
9606.ENSP00000462729	5	7771	0
9606.ENSP00000462745	1	9347	0
9606.ENSP00000462945	31	7499	0
9606.ENSP00000462963	1	10626	0
9606.ENSP00000462980	39	8549	0
9606.ENSP00000463013	2	10741	0
9606.ENSP00000463027	7	8958	0
9606.ENSP00000463051	8	9801	0
9606.ENSP00000463058	75	8134	0
9606.ENSP00000463069	6	10356	0
9606.ENSP00000463092	3	10027	0
9606.ENSP00000463154	25	8126	0
9606.ENSP00000463233	2	9744	0
9606.ENSP00000463245	1	10571	0
9606.ENSP00000463334	3	10332	0
9606.ENSP00000463379	103	7195	0
9606.ENSP00000463393	32	9642	0
9606.ENSP00000463533	1	10548	0
9606.ENSP00000463559	13	9705	0
9606.ENSP00000463752	8	9927	0
9606.ENSP00000463762	4	10239	0
9606.ENSP00000463778	9	10394	0
9606.ENSP00000463784	135	6020	0
9606.ENSP00000463842	133	6862	0
9606.ENSP00000463939	13	8268	0
9606.ENSP00000463978	3	10382	0
9606.ENSP00000463982	11	9059	0
9606.ENSP00000464006	1	10687	0
9606.ENSP00000464030	25	7250	0
9606.ENSP00000464050	12	9850	0
9606.ENSP00000464317	18	10252	0
9606.ENSP00000464342	145	6689	0
9606.ENSP00000464357	53	8228	0
9606.ENSP00000464359	10	10274	0
9606.ENSP00000464383	13	10209	0
9606.ENSP00000464443	19	10015	0
9606.ENSP00000464512	1	10675	0
9606.ENSP00000464522	7	10422	0
9606.ENSP00000464780	5	10738	0
9606.ENSP00000464813	135	6860	0
9606.ENSP00000464814	3	10701	0
9606.ENSP00000464849	4	10740	0
9606.ENSP00000464955	1	10727	0
9606.ENSP00000465039	5	9189	0
9606.ENSP00000465075	11	9768	0
9606.ENSP00000465099	14	9725	0
9606.ENSP00000465213	24	8464	0
9606.ENSP00000465261	4	8373	0
9606.ENSP00000465295	2	10680	0
9606.ENSP00000465356	25	8797	0
9606.ENSP00000465419	15	9156	0
9606.ENSP00000465500	4	8852	0
9606.ENSP00000465630	5	10551	0
9606.ENSP00000465676	3	10035	0
9606.ENSP00000465685	10	10287	0
9606.ENSP00000465734	1	10744	0
9606.ENSP00000465759	5	9991	0
9606.ENSP00000465765	9	9450	0
9606.ENSP00000465776	2	10069	0
9606.ENSP00000465894	1	10106	0
9606.ENSP00000465992	1	10616	0
9606.ENSP00000466009	6	9959	0
9606.ENSP00000466010	172	6349	0
9606.ENSP00000466022	2	10068	0
9606.ENSP00000466025	2	9492	0
9606.ENSP00000466090	12	9373	0
9606.ENSP00000466111	14	8677	0
9606.ENSP00000466121	17	9219	0
9606.ENSP00000466134	1	10710	0
9606.ENSP00000466214	1	9273	0
9606.ENSP00000466259	2	10729	0
9606.ENSP00000466298	15	10332	0
9606.ENSP00000466363	11	9946	0
9606.ENSP00000466379	9	9437	0
9606.ENSP00000466399	7	9883	0
9606.ENSP00000466542	4	10198	0
9606.ENSP00000466664	1	10744	0
9606.ENSP00000466680	4	10187	0
9606.ENSP00000466690	9	10192	0
9606.ENSP00000466718	2	10560	0
9606.ENSP00000466775	26	8797	0
9606.ENSP00000466818	73	10160	0
9606.ENSP00000466834	3	10523	0
9606.ENSP00000466880	2	10743	0
9606.ENSP00000466953	3	10382	0
9606.ENSP00000466967	1	10744	0
9606.ENSP00000467024	17	7259	0
9606.ENSP00000467041	3	9266	0
9606.ENSP00000467123	7	10172	0
9606.ENSP00000467141	21	8412	0
9606.ENSP00000467176	7	10642	0
9606.ENSP00000467201	8	9530	0
9606.ENSP00000467262	68	10142	0
9606.ENSP00000467266	10	10512	0
9606.ENSP00000467290	2	10607	0
9606.ENSP00000467423	3	8434	0
9606.ENSP00000467494	7	9071	0
9606.ENSP00000467537	10	9911	0
9606.ENSP00000467579	5	9887	0
9606.ENSP00000467843	1	10471	0
9606.ENSP00000468002	2	10488	0
9606.ENSP00000468032	6	8528	0
9606.ENSP00000468086	1	10307	0
9606.ENSP00000468236	25	8797	0
9606.ENSP00000468253	3	10521	0
9606.ENSP00000468280	2	9858	0
9606.ENSP00000468304	32	7425	0
9606.ENSP00000468308	1	10671	0
9606.ENSP00000468348	7	10274	0
9606.ENSP00000468411	9	8222	0
9606.ENSP00000468633	4	10741	0
9606.ENSP00000468723	20	9878	0
9606.ENSP00000468897	11	8951	0
9606.ENSP00000468927	3	8667	0
9606.ENSP00000468956	4	7924	0
9606.ENSP00000468969	1	10501	0
9606.ENSP00000468991	5	9949	0
9606.ENSP00000469035	12	10556	0
9606.ENSP00000469049	4	10550	0
9606.ENSP00000469158	14	7644	0
9606.ENSP00000469240	34	9490	0
9606.ENSP00000469242	12	9752	0
9606.ENSP00000469332	5	10397	0
9606.ENSP00000469413	12	9191	0
9606.ENSP00000469455	6	9564	0
9606.ENSP00000469468	79	8214	0
9606.ENSP00000469534	2	10085	0
9606.ENSP00000469613	10	8279	0
9606.ENSP00000469686	9	8446	0
9606.ENSP00000469696	3	10565	0
9606.ENSP00000469836	2	10743	0
9606.ENSP00000469863	1	10202	0
9606.ENSP00000469880	1	10738	0
9606.ENSP00000469888	15	10658	0
9606.ENSP00000469981	1	10725	0
9606.ENSP00000470142	40	8074	0
9606.ENSP00000470152	7	9985	0
9606.ENSP00000470176	42	8948	0
9606.ENSP00000470248	5	10079	0
9606.ENSP00000470252	95	7298	0
9606.ENSP00000470259	2	10710	0
9606.ENSP00000470262	17	10658	0
9606.ENSP00000470539	1	10743	0
9606.ENSP00000470555	1	10740	0
9606.ENSP00000470560	77	7691	0
9606.ENSP00000470788	9	9919	0
9606.ENSP00000470972	195	6576	0
9606.ENSP00000471191	27	9823	0
9606.ENSP00000471239	8	8910	0
9606.ENSP00000471454	9	10192	0
9606.ENSP00000471455	81	7574	0
9606.ENSP00000471457	1	9822	0
9606.ENSP00000471477	5	9903	0
9606.ENSP00000471493	6	9915	0
9606.ENSP00000471683	1	10744	0
9606.ENSP00000471700	14	7135	0
9606.ENSP00000471851	1	10601	0
9606.ENSP00000471894	4	9641	0
9606.ENSP00000471896	24	6031	0
9606.ENSP00000471921	2	10082	0
9606.ENSP00000472109	8	9585	0
9606.ENSP00000472118	1	9118	0
9606.ENSP00000472249	7	10379	0
9606.ENSP00000472445	51	7639	0
9606.ENSP00000472465	4	10631	0
9606.ENSP00000472467	18	10053	0
9606.ENSP00000472469	206	6530	0
9606.ENSP00000472474	6	10733	0
9606.ENSP00000472530	9	9630	0
9606.ENSP00000472620	3	10057	0
9606.ENSP00000472808	3	10149	0
9606.ENSP00000472836	7	10471	0
9606.ENSP00000472847	3	10631	0
9606.ENSP00000472929	36	6519	0
9606.ENSP00000472985	199	6641	0
9606.ENSP00000472998	58	8689	0
9606.ENSP00000473001	6	9872	0
9606.ENSP00000473093	1	10261	0
9606.ENSP00000473172	121	5476	0
9606.ENSP00000473200	2	10184	0
9606.ENSP00000473238	2	10710	0
9606.ENSP00000473290	61	7884	0
9606.ENSP00000473348	4	7868	0
9606.ENSP00000473370	2	10339	0
9606.ENSP00000473381	2	10741	0
9606.ENSP00000473383	32	8887	0
9606.ENSP00000473391	28	8427	0
9606.ENSP00000473553	6	9598	0
9606.ENSP00000473623	4	8375	0
9606.ENSP00000473631	2	8885	0
9606.ENSP00000473980	102	9707	0
9606.ENSP00000473990	2	10743	0
9606.ENSP00000474032	18	9591	0
9606.ENSP00000474071	9	10192	0
9606.ENSP00000474090	3	10729	0
9606.ENSP00000474096	13	9337	0
9606.ENSP00000474135	1	10671	0
9606.ENSP00000474253	12	8805	0
9606.ENSP00000474385	3	10742	0
9606.ENSP00000474412	55	9144	0
9606.ENSP00000474534	2	10527	0
9606.ENSP00000474725	20	6574	0
9606.ENSP00000474823	13	10121	0
9606.ENSP00000475107	6	9061	0
9606.ENSP00000475224	3	10396	0
9606.ENSP00000475344	26	9076	0
9606.ENSP00000475615	99	7599	0
9606.ENSP00000475724	1	10689	0
9606.ENSP00000475727	4	9386	0
9606.ENSP00000475750	1	10398	0
9606.ENSP00000475814	44	6944	0
9606.ENSP00000475924	2	10452	0
9606.ENSP00000475986	1	10744	0
9606.ENSP00000476100	93	7660	0
9606.ENSP00000476117	5	10141	0
9606.ENSP00000476136	174	5559	0
9606.ENSP00000476140	1	10744	0
9606.ENSP00000476145	1	10159	0
9606.ENSP00000476228	19	8424	0
9606.ENSP00000476295	15	8690	0
9606.ENSP00000476369	3	9028	0
9606.ENSP00000476386	13	9532	0
9606.ENSP00000476412	30	9498	0
9606.ENSP00000476480	11	10669	0
9606.ENSP00000476519	9	10518	0
9606.ENSP00000476672	1	10744	0
9606.ENSP00000476742	11	10551	0
9606.ENSP00000476948	15	9566	0
9606.ENSP00000477213	9	8095	0
9606.ENSP00000477310	23	8593	0
9606.ENSP00000477341	1	10726	0
9606.ENSP00000477352	1	10731	0
9606.ENSP00000477437	8	10124	0
9606.ENSP00000477455	35	7543	0
9606.ENSP00000477502	1	10502	0
9606.ENSP00000477507	3	9578	0
9606.ENSP00000477527	54	7353	0
9606.ENSP00000477530	3	9462	0
9606.ENSP00000477538	3	9225	0
9606.ENSP00000477548	6	9843	0
9606.ENSP00000477563	6	10077	0
9606.ENSP00000477572	1	10737	0
9606.ENSP00000477587	2	10743	0
9606.ENSP00000477602	3	10724	0
9606.ENSP00000477613	37	6212	0
9606.ENSP00000477707	10	8470	0
9606.ENSP00000477713	43	5797	0
9606.ENSP00000477715	12	9094	0
9606.ENSP00000477725	5	9436	0
9606.ENSP00000477760	46	7162	0
9606.ENSP00000477781	2	9656	0
9606.ENSP00000477792	1	10208	0
9606.ENSP00000477796	1	10744	0
9606.ENSP00000477802	34	10235	0
9606.ENSP00000477848	66	7669	0
9606.ENSP00000477868	6	9840	0
9606.ENSP00000477870	25	6707	0
9606.ENSP00000477875	2	10558	0
9606.ENSP00000477907	40	8209	0
9606.ENSP00000477908	22	9299	0
9606.ENSP00000477920	1	10744	0
9606.ENSP00000477973	9	10212	0
9606.ENSP00000477999	16	8711	0
9606.ENSP00000478024	10	10078	0
9606.ENSP00000478026	1	10210	0
9606.ENSP00000478059	14	8859	0
9606.ENSP00000478061	11	9445	0
9606.ENSP00000478070	43	8758	0
9606.ENSP00000478121	115	5613	0
9606.ENSP00000478179	1	10324	0
9606.ENSP00000478187	13	8724	0
9606.ENSP00000478212	8	10056	0
9606.ENSP00000478220	1	10708	0
9606.ENSP00000478253	3	10678	0
9606.ENSP00000478255	1	10384	0
9606.ENSP00000478289	50	7357	0
9606.ENSP00000478303	166	6973	0
9606.ENSP00000478396	4	9164	0
9606.ENSP00000478417	3	10731	0
9606.ENSP00000478474	7	9510	0
9606.ENSP00000478479	3	10517	0
9606.ENSP00000478490	4	10316	0
9606.ENSP00000478501	48	6816	0
9606.ENSP00000478557	2	10432	0
9606.ENSP00000478561	2	10683	0
9606.ENSP00000478568	1	9461	0
9606.ENSP00000478589	2	10727	0
9606.ENSP00000478600	2	10068	0
9606.ENSP00000478672	7	8679	0
9606.ENSP00000478699	14	8631	0
9606.ENSP00000478721	15	10268	0
9606.ENSP00000478725	127	5976	0
9606.ENSP00000478754	28	8660	0
9606.ENSP00000478763	13	8388	0
9606.ENSP00000478766	43	10261	0
9606.ENSP00000478767	8	9263	0
9606.ENSP00000478771	240	4680	0
9606.ENSP00000478783	47	7930	0
9606.ENSP00000478874	2	9560	0
9606.ENSP00000478877	44	7408	0
9606.ENSP00000478887	66	4931	0
9606.ENSP00000478892	2	10483	0
9606.ENSP00000478893	4	9786	0
9606.ENSP00000478927	38	6281	0
9606.ENSP00000478942	3	10742	0
9606.ENSP00000478962	4	7983	0
9606.ENSP00000478982	29	7980	0
9606.ENSP00000478993	1	10743	0
9606.ENSP00000479032	27	6961	0
9606.ENSP00000479064	1	10679	0
9606.ENSP00000479071	2	9632	0
9606.ENSP00000479089	3	9853	0
9606.ENSP00000479097	4	10150	0
9606.ENSP00000479106	245	5227	0
9606.ENSP00000479113	8	10063	0
9606.ENSP00000479119	3	9660	0
9606.ENSP00000479134	1	10744	0
9606.ENSP00000479153	8	10147	0
9606.ENSP00000479168	2	10621	0
9606.ENSP00000479169	40	8211	0
9606.ENSP00000479202	1	10683	0
9606.ENSP00000479203	1	10651	0
9606.ENSP00000479216	6	9664	0
9606.ENSP00000479256	4	9750	0
9606.ENSP00000479261	18	9057	0
9606.ENSP00000479266	1	10106	0
9606.ENSP00000479284	40	7543	0
9606.ENSP00000479322	11	8517	0
9606.ENSP00000479326	2	10738	0
9606.ENSP00000479461	245	5227	0
9606.ENSP00000479488	7	9315	0
9606.ENSP00000479494	12	9285	0
9606.ENSP00000479504	21	9360	0
9606.ENSP00000479518	1	10687	0
9606.ENSP00000479526	28	8148	0
9606.ENSP00000479536	2	10244	0
9606.ENSP00000479542	1	10736	0
9606.ENSP00000479586	1	10744	0
9606.ENSP00000479598	7	9609	0
9606.ENSP00000479606	45	6848	0
9606.ENSP00000479617	27	7819	0
9606.ENSP00000479624	3	9462	0
9606.ENSP00000479636	2	10727	0
9606.ENSP00000479667	1	10744	0
9606.ENSP00000479669	5	10079	0
9606.ENSP00000479675	3	9676	0
9606.ENSP00000479719	21	8416	0
9606.ENSP00000479762	13	9974	0
9606.ENSP00000479794	245	5227	0
9606.ENSP00000479811	2	10620	0
9606.ENSP00000479816	2	10460	0
9606.ENSP00000479844	1	10021	0
9606.ENSP00000479860	7	8717	0
9606.ENSP00000479861	13	9401	0
9606.ENSP00000479870	1	10744	0
9606.ENSP00000479889	19	7744	0
9606.ENSP00000479904	5	8655	0
9606.ENSP00000479910	4	9548	0
9606.ENSP00000479919	9	9082	0
9606.ENSP00000479953	1	10741	0
9606.ENSP00000479955	5	10247	0
9606.ENSP00000479964	1	10700	0
9606.ENSP00000479969	1	10741	0
9606.ENSP00000480012	11	8926	0
9606.ENSP00000480035	8	9528	0
9606.ENSP00000480043	7	9624	0
9606.ENSP00000480050	2	10488	0
9606.ENSP00000480053	1	10645	0
9606.ENSP00000480090	1	10744	0
9606.ENSP00000480091	1	10744	0
9606.ENSP00000480132	16	8476	0
9606.ENSP00000480150	9	9385	0
9606.ENSP00000480157	8	9380	0
9606.ENSP00000480186	25	8915	0
9606.ENSP00000480279	4	10554	0
9606.ENSP00000480291	1	10526	0
9606.ENSP00000480301	4	7740	0
9606.ENSP00000480316	18	8058	0
9606.ENSP00000480322	2	10609	0
9606.ENSP00000480332	16	10658	0
9606.ENSP00000480359	1	10705	0
9606.ENSP00000480378	59	9993	0
9606.ENSP00000480405	2	10724	0
9606.ENSP00000480421	47	8234	0
9606.ENSP00000480428	3	10729	0
9606.ENSP00000480439	3	10709	0
9606.ENSP00000480443	2	10743	0
9606.ENSP00000480467	2	9823	0
9606.ENSP00000480484	2	10727	0
9606.ENSP00000480489	5	10655	0
9606.ENSP00000480514	47	9336	0
9606.ENSP00000480524	1	10744	0
9606.ENSP00000480535	2	10743	0
9606.ENSP00000480538	3	10727	0
9606.ENSP00000480549	2	9380	0
9606.ENSP00000480558	17	9871	0
9606.ENSP00000480571	2	10736	0
9606.ENSP00000480680	4	10212	0
9606.ENSP00000480707	12	10556	0
9606.ENSP00000480715	1	10744	0
9606.ENSP00000480763	9	10514	0
9606.ENSP00000480791	11	9174	0
9606.ENSP00000480798	1	9850	0
9606.ENSP00000480821	2	10186	0
9606.ENSP00000480826	158	5195	0
9606.ENSP00000480836	3	10302	0
9606.ENSP00000480853	18	9503	0
9606.ENSP00000480916	1	10744	0
9606.ENSP00000480960	245	5227	0
9606.ENSP00000480971	1	10522	0
9606.ENSP00000480987	57	8110	0
9606.ENSP00000480991	1	10744	0
9606.ENSP00000481006	2	10532	0
9606.ENSP00000481021	20	8126	0
9606.ENSP00000481022	2	10415	0
9606.ENSP00000481029	44	7556	0
9606.ENSP00000481038	31	7944	0
9606.ENSP00000481046	2	10743	0
9606.ENSP00000481056	2	10736	0
9606.ENSP00000481091	34	8067	0
9606.ENSP00000481109	1	10408	0
9606.ENSP00000481126	9	10533	0
9606.ENSP00000481127	4	10729	0
9606.ENSP00000481152	82	6695	0
9606.ENSP00000481244	19	10172	0
9606.ENSP00000481249	10	8839	0
9606.ENSP00000481301	1	10744	0
9606.ENSP00000481309	4	10714	0
9606.ENSP00000481314	4	10584	0
9606.ENSP00000481321	2	10743	0
9606.ENSP00000481357	3	10391	0
9606.ENSP00000481380	53	6175	0
9606.ENSP00000481450	5	10733	0
9606.ENSP00000481465	2	10110	0
9606.ENSP00000481486	245	5227	0
9606.ENSP00000481554	26	9837	0
9606.ENSP00000481570	19	6796	0
9606.ENSP00000481575	15	9967	0
9606.ENSP00000481593	1	10533	0
9606.ENSP00000481622	5	8689	0
9606.ENSP00000481633	4	10639	0
9606.ENSP00000481646	147	6830	0
9606.ENSP00000481675	3	8705	0
9606.ENSP00000481697	1	9461	0
9606.ENSP00000481733	99	7613	0
9606.ENSP00000481750	20	10156	0
9606.ENSP00000481762	8	8595	0
9606.ENSP00000481780	13	9310	0
9606.ENSP00000481841	6	9353	0
9606.ENSP00000481842	22	8307	0
9606.ENSP00000481848	10	10504	0
9606.ENSP00000481850	4	9791	0
9606.ENSP00000481859	2	10134	0
9606.ENSP00000481893	15	10466	0
9606.ENSP00000481912	2	10743	0
9606.ENSP00000481920	98	7620	0
9606.ENSP00000481956	16	7814	0
9606.ENSP00000481994	10	10445	0
9606.ENSP00000482032	4	10464	0
9606.ENSP00000482063	62	7271	0
9606.ENSP00000482075	56	5844	0
9606.ENSP00000482093	4	9474	0
9606.ENSP00000482107	34	8936	0
9606.ENSP00000482133	1	10742	0
9606.ENSP00000482169	6	10155	0
9606.ENSP00000482228	1	10687	0
9606.ENSP00000482232	13	9229	0
9606.ENSP00000482245	1	9914	0
9606.ENSP00000482259	19	9309	0
9606.ENSP00000482264	3	10701	0
9606.ENSP00000482285	1	10442	0
9606.ENSP00000482304	4	10736	0
9606.ENSP00000482306	8	10518	0
9606.ENSP00000482313	6	9591	0
9606.ENSP00000482335	2	10284	0
9606.ENSP00000482358	2	10415	0
9606.ENSP00000482431	93	6419	0
9606.ENSP00000482438	97	7664	0
9606.ENSP00000482457	30	6813	0
9606.ENSP00000482486	2	9652	0
9606.ENSP00000482538	93	6419	0
9606.ENSP00000482543	73	9278	0
9606.ENSP00000482546	11	10179	0
9606.ENSP00000482548	2	10743	0
9606.ENSP00000482564	26	8438	0
9606.ENSP00000482568	14	9398	0
9606.ENSP00000482581	3	8922	0
9606.ENSP00000482604	1	10669	0
9606.ENSP00000482609	6	10189	0
9606.ENSP00000482620	2	10515	0
9606.ENSP00000482632	1	10261	0
9606.ENSP00000482647	6	9539	0
9606.ENSP00000482657	6	8659	0
9606.ENSP00000482674	61	7039	0
9606.ENSP00000482678	27	6961	0
9606.ENSP00000482704	6	10701	0
9606.ENSP00000482743	2	10661	0
9606.ENSP00000482753	18	9512	0
9606.ENSP00000482773	4	10738	0
9606.ENSP00000482816	1	10742	0
9606.ENSP00000482826	25	10080	0
9606.ENSP00000482829	1	10744	0
9606.ENSP00000482841	1	10575	0
9606.ENSP00000482870	1	10503	0
9606.ENSP00000482954	8	9076	0
9606.ENSP00000483059	4	8936	0
9606.ENSP00000483110	4	10393	0
9606.ENSP00000483117	17	8443	0
9606.ENSP00000483125	3	10033	0
9606.ENSP00000483185	54	7337	0
9606.ENSP00000483228	4	10601	0
9606.ENSP00000483236	43	7244	0
9606.ENSP00000483254	1	10438	0
9606.ENSP00000483283	157	5195	0
9606.ENSP00000483300	3	9083	0
9606.ENSP00000483313	17	9153	0
9606.ENSP00000483328	14	9566	0
9606.ENSP00000483330	14	9886	0
9606.ENSP00000483345	16	8674	0
9606.ENSP00000483356	34	10235	0
9606.ENSP00000483364	10	10529	0
9606.ENSP00000483386	3	10736	0
9606.ENSP00000483397	2	9670	0
9606.ENSP00000483403	10	9564	0
9606.ENSP00000483415	1	10720	0
9606.ENSP00000483453	34	9322	0
9606.ENSP00000483484	51	9136	0
9606.ENSP00000483486	1	10744	0
9606.ENSP00000483547	1	10744	0
9606.ENSP00000483549	1	10481	0
9606.ENSP00000483552	1	10739	0
9606.ENSP00000483567	15	7483	0
9606.ENSP00000483570	23	7349	0
9606.ENSP00000483585	2	10700	0
9606.ENSP00000483631	3	10233	0
9606.ENSP00000483667	20	8553	0
9606.ENSP00000483688	51	7506	0
9606.ENSP00000483713	3	10669	0
9606.ENSP00000483721	5	9236	0
9606.ENSP00000483757	1	10735	0
9606.ENSP00000483811	1	9461	0
9606.ENSP00000483814	19	9916	0
9606.ENSP00000483825	62	5317	0
9606.ENSP00000483842	110	5721	0
9606.ENSP00000483872	20	8813	0
9606.ENSP00000483888	67	10160	0
9606.ENSP00000483903	39	8211	0
9606.ENSP00000483921	2	10454	0
9606.ENSP00000483936	1	10699	0
9606.ENSP00000483946	14	8361	0
9606.ENSP00000483989	2	10087	0
9606.ENSP00000484060	4	9012	0
9606.ENSP00000484078	10	9586	0
9606.ENSP00000484095	157	5195	0
9606.ENSP00000484105	26	8909	0
9606.ENSP00000484121	5	9606	0
9606.ENSP00000484288	25	8168	0
9606.ENSP00000484342	9	10003	0
9606.ENSP00000484343	4	10526	0
9606.ENSP00000484390	5	9442	0
9606.ENSP00000484431	3	9784	0
9606.ENSP00000484479	1	10389	0
9606.ENSP00000484525	20	9124	0
9606.ENSP00000484552	10	9148	0
9606.ENSP00000484580	3	10158	0
9606.ENSP00000484618	1	10418	0
9606.ENSP00000484638	157	5195	0
9606.ENSP00000484644	1	10744	0
9606.ENSP00000484658	158	5195	0
9606.ENSP00000484668	1	9461	0
9606.ENSP00000484669	26	9258	0
9606.ENSP00000484687	3	9569	0
9606.ENSP00000484710	7	9405	0
9606.ENSP00000484713	7	10324	0
9606.ENSP00000484715	3	9889	0
9606.ENSP00000484732	4	10645	0
9606.ENSP00000484789	245	5227	0
9606.ENSP00000484803	13	8768	0
9606.ENSP00000484810	3	9632	0
9606.ENSP00000484824	21	5202	0
9606.ENSP00000484841	157	5195	0
9606.ENSP00000484855	16	8268	0
9606.ENSP00000484903	102	9707	0
9606.ENSP00000484928	6	9914	0
9606.ENSP00000484940	6	10069	0
9606.ENSP00000484998	44	7404	0
9606.ENSP00000485010	3	9974	0
9606.ENSP00000485022	2	10447	0
9606.ENSP00000485033	29	7419	0
9606.ENSP00000485129	14	8920	0
9606.ENSP00000485230	1	10216	0
9606.ENSP00000485378	1	10744	0
9606.ENSP00000485398	1	10216	0
9606.ENSP00000485401	15	10408	0
9606.ENSP00000485478	1	10744	0
9606.ENSP00000485512	1	10744	0
9606.ENSP00000485513	7	10324	0
9606.ENSP00000485527	3	9453	0
9606.ENSP00000485586	2	10656	0
9606.ENSP00000485615	3	10682	0
9606.ENSP00000485627	8	10177	0
9606.ENSP00000485659	4	10252	0
9606.ENSP00000485698	53	10039	0
9606.ENSP00000486109	9	9071	0
9606.ENSP00000486252	33	7676	0
9606.ENSP00000486357	1	10744	0
9606.ENSP00000486361	27	8747	0
9606.ENSP00000486540	15	10403	0
9606.ENSP00000486574	24	8313	0
9606.ENSP00000486725	65	8147	0
9606.ENSP00000486891	26	7030	0
9606.ENSP00000486901	2	10356	0
9606.ENSP00000487073	5	7898	0
9606.ENSP00000487094	6	10382	0
9606.ENSP00000487164	7	10549	0
9606.ENSP00000487174	3	9967	0
9606.ENSP00000487358	15	8493	0
9606.ENSP00000487363	1	10744	0
9606.ENSP00000487365	10	8113	0
9606.ENSP00000487444	19	8970	0
9606.ENSP00000487717	1	10665	0
9606.ENSP00000487772	1	10216	0
9606.ENSP00000487785	11	9773	0
9606.ENSP00000487971	6	10642	0
9606.ENSP00000488361	8	8985	0
9606.ENSP00000488437	2	10529	0
9606.ENSP00000488642	2	10069	0
9606.ENSP00000488748	1	10039	0
9606.ENSP00000488912	5	9869	0
9606.ENSP00000489061	2	10743	0
9606.ENSP00000489189	14	6923	0
9606.ENSP00000489236	245	5227	0
9606.ENSP00000489262	9	9594	0
9606.ENSP00000489282	158	5169	0
9606.ENSP00000489311	31	8422	0
9606.ENSP00000489317	93	6125	0
9606.ENSP00000489407	21	9207	0
9606.ENSP00000489442	13	10211	0
9606.ENSP00000489551	5	10622	0
9606.ENSP00000489597	82	5431	0
9606.ENSP00000489674	2	10000	0
9606.ENSP00000489770	4	10601	0
9606.ENSP00000489774	4	9821	0
9606.ENSP00000489829	14	9223	0
9606.ENSP00000489910	1	10679	0
9606.ENSP00000490083	30	10586	0
9606.ENSP00000490107	21	9379	0
9606.ENSP00000490116	3	9900	0
9606.ENSP00000490143	1	10744	0
9606.ENSP00000490174	4	9973	0
9606.ENSP00000490225	18	6753	0
9606.ENSP00000490263	1	9461	0
9606.ENSP00000490491	34	7626	0
9606.ENSP00000490530	3	10248	0
9606.ENSP00000490614	4	10115	0
9606.ENSP00000490726	5	10536	0
9606.ENSP00000490744	1	10744	0
9606.ENSP00000490747	65	9993	0
9606.ENSP00000490760	12	10211	0
9606.ENSP00000490767	13	7427	0
9606.ENSP00000490935	2	10637	0
9606.ENSP00000490940	3	10507	0
9606.ENSP00000491014	2	10722	0
9606.ENSP00000491067	4	10273	0
9606.ENSP00000491073	3	10394	0
9606.ENSP00000491215	34	6879	0
9606.ENSP00000491227	1	10660	0
9606.ENSP00000491341	1	10065	0
9606.ENSP00000491377	3	10741	0
9606.ENSP00000491427	5	10399	0
9606.ENSP00000491504	1	10701	0
9606.ENSP00000491596	2	10199	0
9606.ENSP00000491651	1	10719	0
9606.ENSP00000491657	2	10516	0
9606.ENSP00000491663	1	10370	0
9606.ENSP00000491669	1	10370	0
9606.ENSP00000491717	32	9839	0
9606.ENSP00000491742	1	10074	0
9606.ENSP00000491768	1	10370	0
9606.ENSP00000491830	10	9892	0
9606.ENSP00000491865	1	9461	0
9606.ENSP00000491894	1	10370	0
9606.ENSP00000491949	1	10370	0
9606.ENSP00000491969	3	10488	0
9606.ENSP00000492001	5	10730	0
9606.ENSP00000492024	13	7588	0
9606.ENSP00000492033	3	9793	0
9606.ENSP00000492220	7	9999	0
9606.ENSP00000492240	1	10220	0
9606.ENSP00000492363	5	10079	0
9606.ENSP00000492441	107	7044	0
9606.ENSP00000492512	1	10370	0
9606.ENSP00000492798	1	10719	0
9606.ENSP00000493102	1	10744	0
9606.ENSP00000493153	1	10744	0
9606.ENSP00000493232	8	10667	0
9606.ENSP00000493252	1	10010	0
9606.ENSP00000493357	4	10289	0
9606.ENSP00000493382	1	10249	0
9606.ENSP00000493536	2	10118	0
9606.ENSP00000493594	24	9025	0
9606.ENSP00000493607	3	10475	0
9606.ENSP00000493623	10	8551	0
9606.ENSP00000493664	3	9579	0
9606.ENSP00000493688	2	10586	0
9606.ENSP00000493691	2	9952	0
9606.ENSP00000493712	70	6153	0
9606.ENSP00000493716	16	9590	0
9606.ENSP00000493728	13	8140	0
9606.ENSP00000493780	1	10410	0
9606.ENSP00000493805	1	10335	0
9606.ENSP00000493900	14	9528	0
9606.ENSP00000493906	2	10454	0
9606.ENSP00000493946	5	9901	0
9606.ENSP00000493970	1	10261	0
9606.ENSP00000493985	12	9918	0
9606.ENSP00000494040	26	7618	0
9606.ENSP00000494051	13	9401	0
9606.ENSP00000494061	3	10698	0
9606.ENSP00000494067	2	10605	0
9606.ENSP00000494125	6	10365	0
9606.ENSP00000494136	1	10505	0
9606.ENSP00000494162	12	7309	0
9606.ENSP00000494175	10	9680	0
9606.ENSP00000494260	2	10725	0
9606.ENSP00000494277	19	9139	0
9606.ENSP00000494321	5	10584	0
9606.ENSP00000494360	3	10655	0
9606.ENSP00000494468	6	9945	0
9606.ENSP00000494504	11	9958	0
9606.ENSP00000494538	20	7122	0
9606.ENSP00000494550	7	9370	0
9606.ENSP00000494576	4	10737	0
9606.ENSP00000494664	9	10236	0
9606.ENSP00000494684	5	10737	0
9606.ENSP00000494686	2	10677	0
9606.ENSP00000494689	14	9515	0
9606.ENSP00000494697	135	6860	0
9606.ENSP00000494708	5	9885	0
9606.ENSP00000494750	201	4568	0
9606.ENSP00000494788	23	9313	0
9606.ENSP00000494831	60	8475	0
9606.ENSP00000494957	16	8146	0
9606.ENSP00000494965	1	10744	0
9606.ENSP00000495061	3	8570	0
9606.ENSP00000495128	50	8164	0
9606.ENSP00000495192	1	10210	0
9606.ENSP00000495202	1	10744	0
9606.ENSP00000495203	1	10220	0
9606.ENSP00000495214	8	10001	0
9606.ENSP00000495240	34	7101	0
9606.ENSP00000495273	209	6314	0
9606.ENSP00000495274	9	10312	0
9606.ENSP00000495360	167	4001	0
9606.ENSP00000495385	1	10744	0
9606.ENSP00000495413	19	8579	0
9606.ENSP00000495481	11	10040	0
9606.ENSP00000495530	9	7836	0
9606.ENSP00000495537	7	10380	0
9606.ENSP00000495556	13	7179	0
9606.ENSP00000495557	2	9338	0
9606.ENSP00000495563	14	10180	0
9606.ENSP00000495631	20	6514	0
9606.ENSP00000495672	135	6860	0
9606.ENSP00000495710	1	10744	0
9606.ENSP00000495715	1	10617	0
9606.ENSP00000495726	2	10048	0
9606.ENSP00000495778	3	10682	0
9606.ENSP00000495795	23	8588	0
9606.ENSP00000495811	4	10401	0
9606.ENSP00000495855	4	10310	0
9606.ENSP00000495860	3	10742	0
9606.ENSP00000495909	10	9818	0
9606.ENSP00000495951	7	9279	0
9606.ENSP00000495965	20	8853	0
9606.ENSP00000496007	4	9790	0
9606.ENSP00000496014	18	8643	0
9606.ENSP00000496044	29	9338	0
9606.ENSP00000496114	4	10453	0
9606.ENSP00000496129	7	8511	0
9606.ENSP00000496150	1	10735	0
9606.ENSP00000496166	3	10116	0
9606.ENSP00000496168	31	7502	0
9606.ENSP00000496250	165	6121	0
9606.ENSP00000496255	3	9127	0
9606.ENSP00000496268	12	9646	0
9606.ENSP00000496301	1	10403	0
9606.ENSP00000496339	10	10284	0
9606.ENSP00000496355	6	9058	0
9606.ENSP00000496394	4	10310	0
9606.ENSP00000496396	9	8578	0
9606.ENSP00000496414	31	7428	0
9606.ENSP00000496416	9	9380	0
9606.ENSP00000496438	5	9597	0
9606.ENSP00000496491	2	10321	0
9606.ENSP00000496494	7	10365	0
9606.ENSP00000496496	1	10740	0
9606.ENSP00000496577	18	8008	0
9606.ENSP00000496593	20	8853	0
9606.ENSP00000496597	7	10614	0
9606.ENSP00000496695	18	6608	0
9606.ENSP00000496699	2	10300	0
9606.ENSP00000496779	33	8874	0
9606.ENSP00000496793	6	10659	0
9606.ENSP00000496813	2	10523	0
9606.ENSP00000496832	18	7556	0
9606.ENSP00000496848	18	9232	0
9606.ENSP00000496870	25	8675	0
9606.ENSP00000496939	16	9608	0
9606.ENSP00000496954	45	6695	0
9606.ENSP00000496959	15	9103	0
9606.ENSP00000497004	102	9707	0
9606.ENSP00000497008	1	10744	0
9606.ENSP00000497069	37	5624	0
9606.ENSP00000497070	1	10523	0
9606.ENSP00000497102	28	7883	0
9606.ENSP00000497110	1	10527	0
9606.ENSP00000497160	7	9970	0
9606.ENSP00000497174	21	9558	0
9606.ENSP00000497185	3	9539	0
9606.ENSP00000497217	1	9165	0
9606.ENSP00000497225	1	10733	0
9606.ENSP00000497236	1	10744	0
9606.ENSP00000497260	96	8342	0
9606.ENSP00000497271	20	7209	0
9606.ENSP00000497280	5	10706	0
9606.ENSP00000497290	22	6893	0
9606.ENSP00000497294	1	10479	0
9606.ENSP00000497305	22	10404	0
9606.ENSP00000497351	34	8840	0
9606.ENSP00000497382	2	10444	0
9606.ENSP00000497402	10	8606	0
9606.ENSP00000497413	9	9519	0
9606.ENSP00000497422	17	8669	0
9606.ENSP00000497443	6	9846	0
9606.ENSP00000497444	3	9857	0
9606.ENSP00000497474	71	10160	0
9606.ENSP00000497483	8	10599	0
9606.ENSP00000497509	5	8852	0
9606.ENSP00000497527	4	10643	0
9606.ENSP00000497569	5	10707	0
9606.ENSP00000497574	1	10744	0
9606.ENSP00000497585	2	10679	0
9606.ENSP00000497587	76	9843	0
9606.ENSP00000497588	1	10744	0
9606.ENSP00000497590	3	10191	0
9606.ENSP00000497594	16	6549	0
9606.ENSP00000497609	49	7301	0
9606.ENSP00000497641	96	7789	0
9606.ENSP00000497642	10	10022	0
9606.ENSP00000497653	6	9883	0
9606.ENSP00000497669	10	10476	0
9606.ENSP00000497690	1	10697	0
9606.ENSP00000497691	1	10537	0
9606.ENSP00000497720	2	9629	0
9606.ENSP00000497733	83	5496	0
9606.ENSP00000497737	9	10284	0
9606.ENSP00000497744	1	10744	0
9606.ENSP00000497767	3	10116	0
9606.ENSP00000497777	7	10435	0
9606.ENSP00000497806	90	5656	0
9606.ENSP00000497810	2	9598	0
9606.ENSP00000497815	21	10156	0
9606.ENSP00000497829	12	10729	0
9606.ENSP00000497880	1	10540	0
9606.ENSP00000497896	7	10733	0
9606.ENSP00000497910	57	7495	0
9606.ENSP00000497915	2	10509	0
9606.ENSP00000497916	5	7463	0
9606.ENSP00000497948	2	9726	0
9606.ENSP00000497968	6	9589	0
9606.ENSP00000497997	9	8326	0
9606.ENSP00000498010	4	10520	0
9606.ENSP00000498019	200	6641	0
9606.ENSP00000498042	2	10502	0
9606.ENSP00000498060	1	10439	0
9606.ENSP00000498065	1	10744	0
9606.ENSP00000498071	3	10435	0
9606.ENSP00000498074	9	10577	0
9606.ENSP00000498083	3	8906	0
9606.ENSP00000498104	18	8057	0
9606.ENSP00000498116	3	10526	0
9606.ENSP00000498198	1	10733	0
9606.ENSP00000498215	16	9372	0
9606.ENSP00000498227	19	8312	0
9606.ENSP00000498241	2	10547	0
9606.ENSP00000498246	1	10396	0
9606.ENSP00000498251	2	10473	0
9606.ENSP00000498255	1	10645	0
9606.ENSP00000498258	3	10229	0
9606.ENSP00000498260	1	10742	0
9606.ENSP00000498282	2	10743	0
9606.ENSP00000498321	45	6146	0
9606.ENSP00000498322	5	10716	0
9606.ENSP00000498330	4	10402	0
9606.ENSP00000498336	6	9691	0
9606.ENSP00000498358	3	10639	0
9606.ENSP00000498362	28	7799	0
9606.ENSP00000498374	1	10630	0
9606.ENSP00000498382	21	9916	0
9606.ENSP00000498386	1	10737	0
9606.ENSP00000498402	1	10744	0
9606.ENSP00000498408	9	10515	0
9606.ENSP00000498424	2	10743	0
9606.ENSP00000498441	12	9018	0
9606.ENSP00000498466	17	7531	0
9606.ENSP00000498469	17	9718	0
9606.ENSP00000498476	19	7224	0
9606.ENSP00000498497	1	9461	0
9606.ENSP00000498499	14	9340	0
9606.ENSP00000498510	2	9080	0
9606.ENSP00000498512	3	10742	0
9606.ENSP00000498577	16	9282	0
9606.ENSP00000498587	37	6033	0
9606.ENSP00000498596	5	8945	0
9606.ENSP00000498602	5	10311	0
9606.ENSP00000498603	10	10636	0
9606.ENSP00000498610	2	10743	0
9606.ENSP00000498616	1	10680	0
9606.ENSP00000498622	7	9559	0
9606.ENSP00000498627	1	9940	0
9606.ENSP00000498630	4	10160	0
9606.ENSP00000498653	13	7974	0
9606.ENSP00000498656	9	10515	0
9606.ENSP00000498660	2	10741	0
9606.ENSP00000498662	2	10444	0
9606.ENSP00000498671	4	8850	0
9606.ENSP00000498684	1	9897	0
9606.ENSP00000498700	2	10523	0
9606.ENSP00000498715	15	10399	0
9606.ENSP00000498737	1	10723	0
9606.ENSP00000498748	2	10531	0
9606.ENSP00000498750	99	6686	0
9606.ENSP00000498757	1	10731	0
9606.ENSP00000498772	1	10744	0
9606.ENSP00000498784	6	10302	0
9606.ENSP00000498791	95	7650	0
9606.ENSP00000498801	1	9461	0
9606.ENSP00000498803	2	9991	0
9606.ENSP00000498807	1	10371	0
9606.ENSP00000498819	1	9461	0
9606.ENSP00000498852	11	8768	0
9606.ENSP00000498864	1	10724	0
9606.ENSP00000498867	11	10195	0
9606.ENSP00000498872	12	9892	0
9606.ENSP00000498879	2	10280	0
9606.ENSP00000498881	40	7026	0
9606.ENSP00000498939	7	10568	0
9606.ENSP00000498945	1	9461	0
9606.ENSP00000498991	1	10744	0
9606.ENSP00000498994	5	10677	0
9606.ENSP00000498999	5	8697	0
9606.ENSP00000499020	2	10743	0
9606.ENSP00000499037	16	6428	0
9606.ENSP00000499044	198	6322	0
9606.ENSP00000499058	10	8774	0
9606.ENSP00000499067	55	7314	0
9606.ENSP00000499121	10	8536	0
9606.ENSP00000499129	7	9331	0
9606.ENSP00000499140	1	10744	0
9606.ENSP00000499185	33	8874	0
9606.ENSP00000499200	1	9461	0
9606.ENSP00000499211	15	9624	0
9606.ENSP00000499241	13	9651	0
9606.ENSP00000499289	1	8050	0
9606.ENSP00000499300	3	10705	0
9606.ENSP00000499406	22	10228	0
9606.ENSP00000499459	5	9099	0
9606.ENSP00000499465	2	10743	0
9606.ENSP00000499501	108	5906	0
9606.ENSP00000499522	8	8746	0
9606.ENSP00000499569	3	10565	0
9606.ENSP00000499582	1	10000	0
9606.ENSP00000499593	13	10061	0
9606.ENSP00000499655	3	10445	0
9606.ENSP00000499717	63	6436	0
9606.ENSP00000499734	15	8692	0
9606.ENSP00000499750	1	10208	0
9606.ENSP00000499786	19	6808	0
9606.ENSP00000499797	64	6807	0
9606.ENSP00000499846	1	10744	0
9606.ENSP00000499883	23	10555	0
9606.ENSP00000499900	65	6545	0
9606.ENSP00000500034	2	10737	0
9606.ENSP00000500094	2	10456	0
9606.ENSP00000500386	18	8572	0
9606.ENSP00000500409	8	9085	0
9606.ENSP00000500582	3	9525	0
9606.ENSP00000500595	1	9825	0
9606.ENSP00000500695	27	10029	0
9606.ENSP00000500891	3	9874	0
9606.ENSP00000500986	1	10744	0
9606.ENSP00000500990	34	5327	0
9606.ENSP00000501026	1	10735	0
9606.ENSP00000501092	11	7109	0
9606.ENSP00000501111	9	10640	0
9606.ENSP00000501135	3	10742	0
9606.ENSP00000501150	25	7559	0
9606.ENSP00000501245	3	8250	0
9606.ENSP00000501254	2	10743	0
9606.ENSP00000501277	35	8018	0
9606.ENSP00000501317	2	10656	0
