protein	degree	n_eligible	excluded
9606.ENSP00000000412	2	8376	0
9606.ENSP00000001008	9	7621	0
9606.ENSP00000001146	2	8703	0
9606.ENSP00000002165	1	8704	0
9606.ENSP00000002829	4	8547	0
9606.ENSP00000003084	8	7450	0
9606.ENSP00000003302	6	7274	0
9606.ENSP00000004982	1	8393	0
9606.ENSP00000005226	5	8699	0
9606.ENSP00000005257	5	8583	0
9606.ENSP00000005284	12	8537	0
9606.ENSP00000005340	27	7842	0
9606.ENSP00000005386	12	7067	0
9606.ENSP00000005587	3	8311	0
9606.ENSP00000006053	11	8061	0
9606.ENSP00000006275	11	8690	0
9606.ENSP00000008527	8	8347	0
9606.ENSP00000008938	1	8306	0
9606.ENSP00000009041	1	8700	0
9606.ENSP00000009530	18	7776	0
9606.ENSP00000011292	2	8703	0
9606.ENSP00000011619	3	8561	0
9606.ENSP00000011653	34	7527	0
9606.ENSP00000012443	18	7528	0
9606.ENSP00000013807	28	7599	0
9606.ENSP00000016171	3	8625	0
9606.ENSP00000017003	1	8692	0
9606.ENSP00000019103	4	8339	0
9606.ENSP00000020945	1	8348	0
9606.ENSP00000023064	2	8680	0
9606.ENSP00000025008	13	7130	0
9606.ENSP00000026218	6	8693	0
9606.ENSP00000027335	9	7387	0
9606.ENSP00000037243	21	7617	0
9606.ENSP00000037502	1	8704	0
9606.ENSP00000043402	7	8467	0
9606.ENSP00000044462	41	7330	0
9606.ENSP00000046794	24	7238	0
9606.ENSP00000052754	16	7257	0
9606.ENSP00000053243	2	8658	0
9606.ENSP00000053468	62	8505	0
9606.ENSP00000053469	2	8703	0
9606.ENSP00000054666	22	8504	0
9606.ENSP00000054668	1	8704	0
9606.ENSP00000055077	12	8205	0
9606.ENSP00000055335	8	8559	0
9606.ENSP00000064724	1	8305	0
9606.ENSP00000070846	4	8429	0
9606.ENSP00000074304	1	8704	0
9606.ENSP00000078429	3	8314	0
9606.ENSP00000078445	10	8329	0
9606.ENSP00000080059	4	8022	0
9606.ENSP00000081029	58	8532	0
9606.ENSP00000083182	16	7856	0
9606.ENSP00000085219	3	8552	0
9606.ENSP00000155840	23	8196	0
9606.ENSP00000156084	4	7429	0
9606.ENSP00000156109	9	8258	0
9606.ENSP00000156471	40	7903	0
9606.ENSP00000157600	1	8704	0
9606.ENSP00000157812	37	8069	0
9606.ENSP00000158771	10	8372	0
9606.ENSP00000159060	9	8578	0
9606.ENSP00000160262	6	8344	0
9606.ENSP00000160373	2	8427	0
9606.ENSP00000160382	15	7603	0
9606.ENSP00000161559	1	8553	0
9606.ENSP00000161863	1	8649	0
9606.ENSP00000162749	23	7639	0
9606.ENSP00000163416	1	8696	0
9606.ENSP00000164133	4	8594	0
9606.ENSP00000164139	3	8700	0
9606.ENSP00000164227	3	8405	0
9606.ENSP00000165524	1	8704	0
9606.ENSP00000166139	2	8555	0
9606.ENSP00000166244	2	8664	0
9606.ENSP00000166345	5	8433	0
9606.ENSP00000167106	2	8556	0
9606.ENSP00000167586	1	8704	0
9606.ENSP00000168216	17	8225	0
9606.ENSP00000168712	6	8276	0
9606.ENSP00000169298	1	8704	0
9606.ENSP00000169551	5	8642	0
9606.ENSP00000170168	2	8703	0
9606.ENSP00000172229	22	7509	0
9606.ENSP00000173229	8	8562	0
9606.ENSP00000173898	2	8242	0
9606.ENSP00000175091	2	8703	0
9606.ENSP00000176183	1	8579	0
9606.ENSP00000176195	1	8586	0
9606.ENSP00000177694	1	8471	0
9606.ENSP00000177742	36	8542	0
9606.ENSP00000178640	3	8663	0
9606.ENSP00000179259	3	8702	0
9606.ENSP00000180166	6	8276	0
9606.ENSP00000180173	1	8704	0
9606.ENSP00000181383	1	8704	0
9606.ENSP00000181839	1	8655	0
9606.ENSP00000184266	46	8489	0
9606.ENSP00000185150	2	8676	0
9606.ENSP00000185206	3	8373	0
9606.ENSP00000188312	4	7994	0
9606.ENSP00000193322	1	8704	0
9606.ENSP00000194214	15	8627	0
9606.ENSP00000194530	4	8658	0
9606.ENSP00000196061	2	8701	0
9606.ENSP00000196371	2	8703	0
9606.ENSP00000198536	3	8235	0
9606.ENSP00000198767	15	7892	0
9606.ENSP00000198801	2	8699	0
9606.ENSP00000199320	3	8222	0
9606.ENSP00000199708	2	8663	0
9606.ENSP00000199764	1	8704	0
9606.ENSP00000199814	42	7903	0
9606.ENSP00000199936	8	8675	0
9606.ENSP00000200135	5	8682	0
9606.ENSP00000200181	6	8014	0
9606.ENSP00000200453	6	7949	0
9606.ENSP00000201031	2	8075	0
9606.ENSP00000202017	6	8092	0
9606.ENSP00000202556	2	7673	0
9606.ENSP00000202677	1	8704	0
9606.ENSP00000203001	1	8704	0
9606.ENSP00000203407	34	8496	0
9606.ENSP00000203629	9	8120	0
9606.ENSP00000203664	4	7429	0
9606.ENSP00000204549	3	8543	0
9606.ENSP00000204604	2	8663	0
9606.ENSP00000204679	1	8704	0
9606.ENSP00000204961	11	8593	0
9606.ENSP00000205061	2	8521	0
9606.ENSP00000205143	6	8582	0
9606.ENSP00000205402	15	8674	0
9606.ENSP00000205948	1	8463	0
9606.ENSP00000206474	7	8689	0
9606.ENSP00000206542	4	8701	0
9606.ENSP00000206765	1	8704	0
9606.ENSP00000207549	1	8696	0
9606.ENSP00000209668	2	8703	0
9606.ENSP00000209728	18	8042	0
9606.ENSP00000209873	17	8378	0
9606.ENSP00000209875	21	7608	0
9606.ENSP00000209884	26	7750	0
9606.ENSP00000210187	1	8612	0
9606.ENSP00000210313	17	8258	0
9606.ENSP00000210444	1	8704	0
9606.ENSP00000211076	2	8629	0
9606.ENSP00000211287	3	8560	0
9606.ENSP00000211998	37	6477	0
9606.ENSP00000212015	19	7110	0
9606.ENSP00000212355	4	8412	0
9606.ENSP00000215071	35	8156	0
9606.ENSP00000215095	5	8591	0
9606.ENSP00000215368	6	8572	0
9606.ENSP00000215375	23	8629	0
9606.ENSP00000215530	7	8276	0
9606.ENSP00000215565	49	8475	0
9606.ENSP00000215567	11	8672	0
9606.ENSP00000215570	4	8681	0
9606.ENSP00000215574	8	7141	0
9606.ENSP00000215631	4	8555	0
9606.ENSP00000215637	6	8129	0
9606.ENSP00000215659	4	8560	0
9606.ENSP00000215727	1	8664	0
9606.ENSP00000215730	18	8455	0
9606.ENSP00000215754	3	8393	0
9606.ENSP00000215781	3	8608	0
9606.ENSP00000215793	59	7786	0
9606.ENSP00000215794	1	8542	0
9606.ENSP00000215829	106	7366	0
9606.ENSP00000215832	12	7559	0
9606.ENSP00000215838	1	8704	0
9606.ENSP00000215904	2	8703	0
9606.ENSP00000215957	1	8693	0
9606.ENSP00000215980	16	8429	0
9606.ENSP00000216024	2	8346	0
9606.ENSP00000216027	1	8539	0
9606.ENSP00000216034	7	8553	0
9606.ENSP00000216037	2	8122	0
9606.ENSP00000216038	5	8694	0
9606.ENSP00000216044	2	8680	0
9606.ENSP00000216106	7	8034	0
9606.ENSP00000216115	4	8403	0
9606.ENSP00000216117	1	8704	0
9606.ENSP00000216122	22	8213	0
9606.ENSP00000216124	2	8703	0
9606.ENSP00000216133	46	7297	0
9606.ENSP00000216160	8	7609	0
9606.ENSP00000216180	8	8692	0
9606.ENSP00000216181	20	7930	0
9606.ENSP00000216185	3	8574	0
9606.ENSP00000216190	27	7883	0
9606.ENSP00000216211	3	8702	0
9606.ENSP00000216218	4	7662	0
9606.ENSP00000216223	9	8156	0
9606.ENSP00000216225	112	6383	0
9606.ENSP00000216237	5	7984	0
9606.ENSP00000216252	61	7731	0
9606.ENSP00000216254	1	8703	0
9606.ENSP00000216259	1	8704	0
9606.ENSP00000216274	7	8330	0
9606.ENSP00000216277	9	8383	0
9606.ENSP00000216286	1	8560	0
9606.ENSP00000216294	6	8330	0
9606.ENSP00000216297	35	7488	0
9606.ENSP00000216330	1	8623	0
9606.ENSP00000216336	6	8575	0
9606.ENSP00000216341	4	8162	0
9606.ENSP00000216366	16	8571	0
9606.ENSP00000216367	23	8298	0
9606.ENSP00000216373	3	8060	0
9606.ENSP00000216392	3	8700	0
9606.ENSP00000216410	1	8704	0
9606.ENSP00000216416	1	8654	0
9606.ENSP00000216442	28	8643	0
9606.ENSP00000216452	6	8693	0
9606.ENSP00000216455	39	8239	0
9606.ENSP00000216479	2	7878	0
9606.ENSP00000216484	7	8697	0
9606.ENSP00000216487	2	8261	0
9606.ENSP00000216540	1	8036	0
9606.ENSP00000216554	18	8223	0
9606.ENSP00000216629	3	8349	0
9606.ENSP00000216639	11	8090	0
9606.ENSP00000216714	9	8465	0
9606.ENSP00000216727	6	8335	0
9606.ENSP00000216780	1	8704	0
9606.ENSP00000216797	18	6670	0
9606.ENSP00000216802	16	8355	0
9606.ENSP00000216807	6	7881	0
9606.ENSP00000216832	2	8438	0
9606.ENSP00000216911	9	7232	0
9606.ENSP00000216962	3	8700	0
9606.ENSP00000216968	2	8598	0
9606.ENSP00000217026	6	8103	0
9606.ENSP00000217086	4	8000	0
9606.ENSP00000217109	5	7727	0
9606.ENSP00000217133	9	8480	0
9606.ENSP00000217169	5	7422	0
9606.ENSP00000217182	5	8228	0
9606.ENSP00000217244	7	8306	0
9606.ENSP00000217260	1	8697	0
9606.ENSP00000217270	2	8703	0
9606.ENSP00000217381	5	8324	0
9606.ENSP00000217386	2	8643	0
9606.ENSP00000217402	26	8311	0
9606.ENSP00000217407	1	8594	0
9606.ENSP00000217420	6	8699	0
9606.ENSP00000217426	2	8703	0
9606.ENSP00000217446	4	8701	0
9606.ENSP00000217455	1	8704	0
9606.ENSP00000217515	1	8384	0
9606.ENSP00000217740	2	8392	0
9606.ENSP00000217901	4	8701	0
9606.ENSP00000217958	19	7804	0
9606.ENSP00000217971	3	8684	0
9606.ENSP00000218004	5	8578	0
9606.ENSP00000218006	1	8704	0
9606.ENSP00000218008	10	8459	0
9606.ENSP00000218089	13	8611	0
9606.ENSP00000218099	4	8186	0
9606.ENSP00000218104	2	8703	0
9606.ENSP00000218316	2	8579	0
9606.ENSP00000218340	1	8702	0
9606.ENSP00000218348	1	8290	0
9606.ENSP00000218388	7	8435	0
9606.ENSP00000218516	1	8704	0
9606.ENSP00000218548	2	8703	0
9606.ENSP00000218721	1	8704	0
9606.ENSP00000218758	1	8682	0
9606.ENSP00000218867	4	8625	0
9606.ENSP00000219066	1	8678	0
9606.ENSP00000219070	8	8195	0
9606.ENSP00000219097	9	8490	0
9606.ENSP00000219169	2	8499	0
9606.ENSP00000219197	2	8641	0
9606.ENSP00000219204	1	8703	0
9606.ENSP00000219235	11	8335	0
9606.ENSP00000219244	10	8439	0
9606.ENSP00000219252	57	7273	0
9606.ENSP00000219255	11	8090	0
9606.ENSP00000219302	9	8504	0
9606.ENSP00000219313	34	8203	0
9606.ENSP00000219315	1	8247	0
9606.ENSP00000219334	6	8699	0
9606.ENSP00000219345	4	8700	0
9606.ENSP00000219409	4	8360	0
9606.ENSP00000219476	4	8559	0
9606.ENSP00000219479	9	8504	0
9606.ENSP00000219548	11	7001	0
9606.ENSP00000219596	7	8465	0
9606.ENSP00000219905	26	7238	0
9606.ENSP00000220003	4	7663	0
9606.ENSP00000220166	1	8697	0
9606.ENSP00000220429	8	8478	0
9606.ENSP00000220509	8	8683	0
9606.ENSP00000220514	2	8703	0
9606.ENSP00000220562	2	8703	0
9606.ENSP00000220592	48	6482	0
9606.ENSP00000220597	1	8622	0
9606.ENSP00000220616	3	8621	0
9606.ENSP00000220659	2	8391	0
9606.ENSP00000220751	7	8064	0
9606.ENSP00000220809	7	7803	0
9606.ENSP00000220812	5	8538	0
9606.ENSP00000220849	24	7958	0
9606.ENSP00000220853	9	8696	0
9606.ENSP00000220913	18	8068	0
9606.ENSP00000220966	5	8700	0
9606.ENSP00000221086	3	8702	0
9606.ENSP00000221114	13	8449	0
9606.ENSP00000221130	9	8678	0
9606.ENSP00000221132	9	8265	0
9606.ENSP00000221138	16	8463	0
9606.ENSP00000221166	4	8701	0
9606.ENSP00000221233	17	8532	0
9606.ENSP00000221265	42	7489	0
9606.ENSP00000221307	1	8704	0
9606.ENSP00000221403	1	8704	0
9606.ENSP00000221419	4	8363	0
9606.ENSP00000221452	5	8173	0
9606.ENSP00000221459	1	8670	0
9606.ENSP00000221476	1	8702	0
9606.ENSP00000221480	2	8703	0
9606.ENSP00000221485	6	8699	0
9606.ENSP00000221486	2	8667	0
9606.ENSP00000221494	70	7550	0
9606.ENSP00000221496	1	8679	0
9606.ENSP00000221515	2	8305	0
9606.ENSP00000221543	2	8686	0
9606.ENSP00000221566	6	8149	0
9606.ENSP00000221573	4	8634	0
9606.ENSP00000221700	1	8704	0
9606.ENSP00000221742	1	8704	0
9606.ENSP00000221801	46	7781	0
9606.ENSP00000221804	3	7833	0
9606.ENSP00000221847	5	8472	0
9606.ENSP00000221859	47	7305	0
9606.ENSP00000221922	8	8331	0
9606.ENSP00000221930	19	7583	0
9606.ENSP00000221957	2	8280	0
9606.ENSP00000221972	8	8002	0
9606.ENSP00000221980	1	8525	0
9606.ENSP00000222005	23	7308	0
9606.ENSP00000222139	8	7837	0
9606.ENSP00000222145	1	8641	0
9606.ENSP00000222219	1	8704	0
9606.ENSP00000222247	92	7021	0
9606.ENSP00000222254	18	7851	0
9606.ENSP00000222256	4	8616	0
9606.ENSP00000222271	1	8270	0
9606.ENSP00000222286	1	8500	0
9606.ENSP00000222305	1	8704	0
9606.ENSP00000222330	8	7431	0
9606.ENSP00000222381	3	8538	0
9606.ENSP00000222390	6	7736	0
9606.ENSP00000222399	7	8298	0
9606.ENSP00000222402	2	8159	0
9606.ENSP00000222481	2	8703	0
9606.ENSP00000222482	1	8704	0
9606.ENSP00000222511	2	8552	0
9606.ENSP00000222547	9	8604	0
9606.ENSP00000222567	13	8125	0
9606.ENSP00000222573	18	7643	0
9606.ENSP00000222574	1	8438	0
9606.ENSP00000222693	3	7797	0
9606.ENSP00000222725	2	8703	0
9606.ENSP00000222726	2	8671	0
9606.ENSP00000222747	2	8659	0
9606.ENSP00000222812	21	8479	0
9606.ENSP00000222823	7	7320	0
9606.ENSP00000222982	3	8694	0
9606.ENSP00000223023	29	7536	0
9606.ENSP00000223029	10	8592	0
9606.ENSP00000223061	2	8694	0
9606.ENSP00000223095	6	8306	0
9606.ENSP00000223114	4	8698	0
9606.ENSP00000223127	4	8701	0
9606.ENSP00000223129	15	8356	0
9606.ENSP00000223136	6	8389	0
9606.ENSP00000223321	42	7411	0
9606.ENSP00000223324	58	8461	0
9606.ENSP00000223366	9	8666	0
9606.ENSP00000223369	10	8536	0
9606.ENSP00000223500	11	8618	0
9606.ENSP00000223641	16	8241	0
9606.ENSP00000223642	12	8133	0
9606.ENSP00000223795	1	8695	0
9606.ENSP00000223862	4	8690	0
9606.ENSP00000223864	1	8524	0
9606.ENSP00000224073	5	8158	0
9606.ENSP00000224140	2	8059	0
9606.ENSP00000224337	14	7378	0
9606.ENSP00000224356	2	8703	0
9606.ENSP00000224721	3	8699	0
9606.ENSP00000224784	11	8375	0
9606.ENSP00000224950	8	8467	0
9606.ENSP00000225174	21	6950	0
9606.ENSP00000225275	8	8582	0
9606.ENSP00000225296	10	8138	0
9606.ENSP00000225298	53	7792	0
9606.ENSP00000225328	10	8519	0
9606.ENSP00000225371	2	8700	0
9606.ENSP00000225388	1	8613	0
9606.ENSP00000225430	94	7041	0
9606.ENSP00000225474	15	8156	0
9606.ENSP00000225504	47	7566	0
9606.ENSP00000225512	4	8537	0
9606.ENSP00000225538	9	8519	0
9606.ENSP00000225577	3	8602	0
9606.ENSP00000225655	10	7692	0
9606.ENSP00000225688	1	8691	0
9606.ENSP00000225698	4	8520	0
9606.ENSP00000225724	5	8652	0
9606.ENSP00000225726	1	8704	0
9606.ENSP00000225728	42	7936	0
9606.ENSP00000225729	1	8704	0
9606.ENSP00000225737	2	8674	0
9606.ENSP00000225792	9	6971	0
9606.ENSP00000225823	1	8704	0
9606.ENSP00000225831	17	8280	0
9606.ENSP00000225842	4	8224	0
9606.ENSP00000225844	4	8427	0
9606.ENSP00000225916	37	6987	0
9606.ENSP00000225929	7	8675	0
9606.ENSP00000225941	7	8553	0
9606.ENSP00000225964	5	8694	0
9606.ENSP00000225969	64	8461	0
9606.ENSP00000225983	3	8275	0
9606.ENSP00000226004	4	8689	0
9606.ENSP00000226021	1	8591	0
9606.ENSP00000226091	10	8654	0
9606.ENSP00000226193	1	8697	0
9606.ENSP00000226207	8	8561	0
9606.ENSP00000226218	16	7720	0
9606.ENSP00000226225	27	7750	0
9606.ENSP00000226230	1	8697	0
9606.ENSP00000226279	3	8084	0
9606.ENSP00000226284	1	8639	0
9606.ENSP00000226299	1	8675	0
9606.ENSP00000226317	3	8505	0
9606.ENSP00000226319	4	8218	0
9606.ENSP00000226413	1	8704	0
9606.ENSP00000226444	1	8373	0
9606.ENSP00000226524	6	8606	0
9606.ENSP00000226574	19	6846	0
9606.ENSP00000226730	19	8007	0
9606.ENSP00000226796	8	8170	0
9606.ENSP00000226798	2	8385	0
9606.ENSP00000227155	6	8252	0
9606.ENSP00000227163	10	7944	0
9606.ENSP00000227348	2	8646	0
9606.ENSP00000227451	1	8677	0
9606.ENSP00000227471	2	8596	0
9606.ENSP00000227507	13	6802	0
9606.ENSP00000227524	60	7296	0
9606.ENSP00000227638	1	8682	0
9606.ENSP00000227667	8	8300	0
9606.ENSP00000227752	5	8146	0
9606.ENSP00000227868	5	8682	0
9606.ENSP00000228027	3	8699	0
9606.ENSP00000228251	3	7922	0
9606.ENSP00000228318	4	8236	0
9606.ENSP00000228347	17	8077	0
9606.ENSP00000228434	1	8579	0
9606.ENSP00000228437	1	8569	0
9606.ENSP00000228438	1	8704	0
9606.ENSP00000228463	7	8177	0
9606.ENSP00000228468	1	8704	0
9606.ENSP00000228476	2	8629	0
9606.ENSP00000228495	4	7975	0
9606.ENSP00000228506	8	8671	0
9606.ENSP00000228534	3	8572	0
9606.ENSP00000228682	5	8301	0
9606.ENSP00000228799	4	8692	0
9606.ENSP00000228825	13	7840	0
9606.ENSP00000228837	6	8276	0
9606.ENSP00000228841	5	8620	0
9606.ENSP00000228843	2	8266	0
9606.ENSP00000228872	52	6534	0
9606.ENSP00000228918	6	8369	0
9606.ENSP00000228928	2	8703	0
9606.ENSP00000228945	5	8338	0
9606.ENSP00000229030	4	8644	0
9606.ENSP00000229134	1	8653	0
9606.ENSP00000229135	4	8276	0
9606.ENSP00000229179	24	8340	0
9606.ENSP00000229195	13	8627	0
9606.ENSP00000229214	55	7795	0
9606.ENSP00000229238	26	8499	0
9606.ENSP00000229264	9	8378	0
9606.ENSP00000229266	1	8704	0
9606.ENSP00000229268	4	7429	0
9606.ENSP00000229270	2	8545	0
9606.ENSP00000229304	1	8704	0
9606.ENSP00000229307	9	7480	0
9606.ENSP00000229330	1	8335	0
9606.ENSP00000229340	4	8701	0
9606.ENSP00000229379	16	8557	0
9606.ENSP00000229390	4	8374	0
9606.ENSP00000229402	2	8646	0
9606.ENSP00000229595	37	7483	0
9606.ENSP00000229708	3	8642	0
9606.ENSP00000229758	15	8215	0
9606.ENSP00000229769	16	8130	0
9606.ENSP00000229795	7	8453	0
9606.ENSP00000229829	15	8066	0
9606.ENSP00000230050	89	7132	0
9606.ENSP00000230053	1	8704	0
9606.ENSP00000230056	3	8405	0
9606.ENSP00000230085	4	8675	0
9606.ENSP00000230124	2	8703	0
9606.ENSP00000230340	74	7032	0
9606.ENSP00000230354	63	7086	0
9606.ENSP00000230361	2	8703	0
9606.ENSP00000230381	1	8704	0
9606.ENSP00000230449	11	8542	0
9606.ENSP00000230461	8	8696	0
9606.ENSP00000230538	4	8638	0
9606.ENSP00000230588	7	8418	0
9606.ENSP00000230640	26	8161	0
9606.ENSP00000230658	4	8571	0
9606.ENSP00000230792	4	8693	0
9606.ENSP00000230990	7	7591	0
9606.ENSP00000231009	1	8704	0
9606.ENSP00000231061	3	8303	0
9606.ENSP00000231228	5	8204	0
9606.ENSP00000231238	1	8306	0
9606.ENSP00000231368	1	8704	0
9606.ENSP00000231420	6	8628	0
9606.ENSP00000231449	12	8193	0
9606.ENSP00000231454	7	8384	0
9606.ENSP00000231487	57	6349	0
9606.ENSP00000231498	25	8198	0
9606.ENSP00000231509	11	7090	0
9606.ENSP00000231524	5	7422	0
9606.ENSP00000231572	12	8592	0
9606.ENSP00000231668	4	8649	0
9606.ENSP00000231751	10	8334	0
9606.ENSP00000231790	9	8271	0
9606.ENSP00000231887	6	8629	0
9606.ENSP00000231948	34	7127	0
9606.ENSP00000232003	1	8524	0
9606.ENSP00000232424	7	8563	0
9606.ENSP00000232461	4	8344	0
9606.ENSP00000232501	9	8536	0
9606.ENSP00000232564	12	8320	0
9606.ENSP00000232888	60	7711	0
9606.ENSP00000232905	3	8487	0
9606.ENSP00000232975	9	8346	0
9606.ENSP00000233025	4	8701	0
9606.ENSP00000233057	2	7761	0
9606.ENSP00000233078	3	8702	0
9606.ENSP00000233121	6	8374	0
9606.ENSP00000233146	31	7569	0
9606.ENSP00000233154	12	8210	0
9606.ENSP00000233156	2	8677	0
9606.ENSP00000233202	1	8704	0
9606.ENSP00000233242	11	8334	0
9606.ENSP00000233331	19	7609	0
9606.ENSP00000233336	4	8524	0
9606.ENSP00000233468	31	8116	0
9606.ENSP00000233575	3	8547	0
9606.ENSP00000233627	47	8489	0
9606.ENSP00000233630	33	7371	0
9606.ENSP00000233668	2	8530	0
9606.ENSP00000233710	6	8683	0
9606.ENSP00000233809	3	8508	0
9606.ENSP00000233813	5	8449	0
9606.ENSP00000233826	4	8578	0
9606.ENSP00000233893	1	8646	0
9606.ENSP00000233954	4	8436	0
9606.ENSP00000234038	2	8653	0
9606.ENSP00000234071	5	8133	0
9606.ENSP00000234111	3	8702	0
9606.ENSP00000234160	1	8704	0
9606.ENSP00000234170	1	8526	0
9606.ENSP00000234256	1	8490	0
9606.ENSP00000234296	16	8272	0
9606.ENSP00000234310	20	8070	0
9606.ENSP00000234347	6	8591	0
9606.ENSP00000234371	1	8704	0
9606.ENSP00000234389	7	8359	0
9606.ENSP00000234396	24	8651	0
9606.ENSP00000234420	31	7404	0
9606.ENSP00000234453	1	8676	0
9606.ENSP00000234454	1	8702	0
9606.ENSP00000234701	2	8703	0
9606.ENSP00000234739	10	7703	0
9606.ENSP00000234961	2	8374	0
9606.ENSP00000235090	12	7978	0
9606.ENSP00000235310	23	7974	0
9606.ENSP00000235382	2	8473	0
9606.ENSP00000235521	1	8704	0
9606.ENSP00000235628	11	8694	0
9606.ENSP00000235835	1	8704	0
9606.ENSP00000236040	2	8652	0
9606.ENSP00000236137	1	8704	0
9606.ENSP00000236192	7	8615	0
9606.ENSP00000236273	37	8021	0
9606.ENSP00000236671	1	8704	0
9606.ENSP00000236850	23	7819	0
9606.ENSP00000236877	2	8698	0
9606.ENSP00000236959	3	8700	0
9606.ENSP00000237014	1	8704	0
9606.ENSP00000237172	1	8498	0
9606.ENSP00000237264	2	8397	0
9606.ENSP00000237283	1	8704	0
9606.ENSP00000237380	34	7936	0
9606.ENSP00000237530	17	8530	0
9606.ENSP00000237596	3	8645	0
9606.ENSP00000237642	1	8551	0
9606.ENSP00000237837	4	8494	0
9606.ENSP00000237853	33	7682	0
9606.ENSP00000238112	15	8195	0
9606.ENSP00000238497	9	8618	0
9606.ENSP00000238616	4	8681	0
9606.ENSP00000238628	6	8678	0
9606.ENSP00000238651	10	8695	0
9606.ENSP00000238682	6	8317	0
9606.ENSP00000238714	6	8414	0
9606.ENSP00000238721	1	8704	0
9606.ENSP00000238738	4	8545	0
9606.ENSP00000238823	1	8694	0
9606.ENSP00000238855	21	8525	0
9606.ENSP00000238892	8	7966	0
9606.ENSP00000238994	11	8559	0
9606.ENSP00000239032	1	8704	0
9606.ENSP00000239165	5	8514	0
9606.ENSP00000239223	1	8673	0
9606.ENSP00000239231	2	8703	0
9606.ENSP00000239243	1	8703	0
9606.ENSP00000239666	2	8667	0
9606.ENSP00000239926	1	8606	0
9606.ENSP00000239938	2	8652	0
9606.ENSP00000240055	3	8339	0
9606.ENSP00000240079	7	8530	0
9606.ENSP00000240093	5	8630	0
9606.ENSP00000240123	2	8207	0
9606.ENSP00000240185	9	8018	0
9606.ENSP00000240285	2	8702	0
9606.ENSP00000240361	1	8672	0
9606.ENSP00000240423	5	8698	0
9606.ENSP00000240488	1	8704	0
9606.ENSP00000240618	13	8338	0
9606.ENSP00000240652	8	8163	0
9606.ENSP00000240851	3	8302	0
9606.ENSP00000240922	5	8676	0
9606.ENSP00000241014	8	8195	0
9606.ENSP00000241052	2	8702	0
9606.ENSP00000241125	4	8537	0
9606.ENSP00000241256	3	8327	0
9606.ENSP00000241261	7	8373	0
9606.ENSP00000241337	1	8704	0
9606.ENSP00000241356	1	8596	0
9606.ENSP00000241416	18	8309	0
9606.ENSP00000241436	1	8230	0
9606.ENSP00000241453	2	8206	0
9606.ENSP00000241502	4	8558	0
9606.ENSP00000241651	1	8596	0
9606.ENSP00000242057	5	7803	0
9606.ENSP00000242067	8	8693	0
9606.ENSP00000242140	3	8441	0
9606.ENSP00000242159	1	8671	0
9606.ENSP00000242208	7	8613	0
9606.ENSP00000242249	8	8468	0
9606.ENSP00000242261	3	8258	0
9606.ENSP00000242285	14	8246	0
9606.ENSP00000242351	1	8365	0
9606.ENSP00000242465	3	8252	0
9606.ENSP00000242480	5	7681	0
9606.ENSP00000242576	3	8227	0
9606.ENSP00000242591	14	8627	0
9606.ENSP00000242592	6	8683	0
9606.ENSP00000242719	3	8308	0
9606.ENSP00000242728	2	8703	0
9606.ENSP00000242729	5	8517	0
9606.ENSP00000242776	2	8589	0
9606.ENSP00000242786	2	8582	0
9606.ENSP00000242839	2	8665	0
9606.ENSP00000242848	8	8566	0
9606.ENSP00000243052	2	8703	0
9606.ENSP00000243077	13	7312	0
9606.ENSP00000243253	19	8200	0
9606.ENSP00000243298	2	8633	0
9606.ENSP00000243344	6	8678	0
9606.ENSP00000243346	2	8086	0
9606.ENSP00000243347	2	8269	0
9606.ENSP00000243349	5	8416	0
9606.ENSP00000243389	2	8699	0
9606.ENSP00000243440	2	8658	0
9606.ENSP00000243457	9	8531	0
9606.ENSP00000243563	39	7905	0
9606.ENSP00000243578	10	8692	0
9606.ENSP00000243611	1	8697	0
9606.ENSP00000243644	3	8041	0
9606.ENSP00000243673	2	8394	0
9606.ENSP00000243706	7	8689	0
9606.ENSP00000243776	2	8703	0
9606.ENSP00000243786	1	8685	0
9606.ENSP00000243903	23	7120	0
9606.ENSP00000243911	2	8689	0
9606.ENSP00000243924	1	8351	0
9606.ENSP00000243997	16	8635	0
9606.ENSP00000244007	33	7300	0
9606.ENSP00000244020	5	8374	0
9606.ENSP00000244040	1	8704	0
9606.ENSP00000244050	11	6937	0
9606.ENSP00000244051	1	8704	0
9606.ENSP00000244174	3	8486	0
9606.ENSP00000244227	29	7925	0
9606.ENSP00000244230	61	7711	0
9606.ENSP00000244241	1	8696	0
9606.ENSP00000244289	2	8702	0
9606.ENSP00000244336	1	8704	0
9606.ENSP00000244513	1	8691	0
9606.ENSP00000244519	1	8691	0
9606.ENSP00000244520	19	8292	0
9606.ENSP00000244537	147	6040	0
9606.ENSP00000244571	1	8704	0
9606.ENSP00000244573	3	8197	0
9606.ENSP00000244709	2	8431	0
9606.ENSP00000244763	8	8565	0
9606.ENSP00000244769	4	8410	0
9606.ENSP00000244869	4	7854	0
9606.ENSP00000245046	9	8696	0
9606.ENSP00000245157	7	8693	0
9606.ENSP00000245206	6	8692	0
9606.ENSP00000245255	3	8625	0
9606.ENSP00000245414	6	7361	0
9606.ENSP00000245451	9	8591	0
9606.ENSP00000245457	1	8704	0
9606.ENSP00000245479	4	7793	0
9606.ENSP00000245539	55	8505	0
9606.ENSP00000245543	37	8065	0
9606.ENSP00000245544	26	8162	0
9606.ENSP00000245552	11	8694	0
9606.ENSP00000245615	3	8685	0
9606.ENSP00000245620	2	8367	0
9606.ENSP00000245787	4	8602	0
9606.ENSP00000245810	5	8648	0
9606.ENSP00000245816	1	8704	0
9606.ENSP00000245817	4	8430	0
9606.ENSP00000245838	11	8169	0
9606.ENSP00000245907	26	8371	0
9606.ENSP00000245908	5	8351	0
9606.ENSP00000245919	9	7729	0
9606.ENSP00000245932	17	7580	0
9606.ENSP00000245934	18	8084	0
9606.ENSP00000245960	9	8184	0
9606.ENSP00000245983	1	8704	0
9606.ENSP00000246062	6	8518	0
9606.ENSP00000246071	75	7669	0
9606.ENSP00000246112	3	8702	0
9606.ENSP00000246115	1	8579	0
9606.ENSP00000246166	1	8704	0
9606.ENSP00000246515	1	8704	0
9606.ENSP00000246548	5	8465	0
9606.ENSP00000246551	2	8156	0
9606.ENSP00000246657	12	8521	0
9606.ENSP00000246672	2	8365	0
9606.ENSP00000246747	2	8701	0
9606.ENSP00000246792	3	8636	0
9606.ENSP00000246802	2	8549	0
9606.ENSP00000246868	1	8704	0
9606.ENSP00000246891	1	8704	0
9606.ENSP00000246912	2	8690	0
9606.ENSP00000246957	1	8698	0
9606.ENSP00000247001	1	8533	0
9606.ENSP00000247003	3	8422	0
9606.ENSP00000247005	1	8704	0
9606.ENSP00000247020	1	8685	0
9606.ENSP00000247153	4	8560	0
9606.ENSP00000247178	11	8019	0
9606.ENSP00000247219	3	8274	0
9606.ENSP00000247225	5	8477	0
9606.ENSP00000247271	1	8675	0
9606.ENSP00000247461	4	8541	0
9606.ENSP00000247470	14	8349	0
9606.ENSP00000247668	33	7091	0
9606.ENSP00000247843	22	7399	0
9606.ENSP00000247970	3	8238	0
9606.ENSP00000247986	1	8450	0
9606.ENSP00000248071	2	8174	0
9606.ENSP00000248076	2	8647	0
9606.ENSP00000248114	2	8691	0
9606.ENSP00000248121	1	8644	0
9606.ENSP00000248150	7	8339	0
9606.ENSP00000248244	8	8105	0
9606.ENSP00000248248	3	8701	0
9606.ENSP00000248342	17	8079	0
9606.ENSP00000248437	12	8183	0
9606.ENSP00000248553	7	7612	0
9606.ENSP00000248564	4	8339	0
9606.ENSP00000248572	10	8308	0
9606.ENSP00000248594	1	8674	0
9606.ENSP00000248633	1	8704	0
9606.ENSP00000248846	13	7543	0
9606.ENSP00000248923	2	8703	0
9606.ENSP00000248958	1	8685	0
9606.ENSP00000248975	8	7926	0
9606.ENSP00000249016	2	8703	0
9606.ENSP00000249041	3	8561	0
9606.ENSP00000249071	13	8048	0
9606.ENSP00000249075	4	8398	0
9606.ENSP00000249269	4	8604	0
9606.ENSP00000249299	56	7882	0
9606.ENSP00000249344	5	8475	0
9606.ENSP00000249363	1	8703	0
9606.ENSP00000249373	11	8017	0
9606.ENSP00000249396	6	8193	0
9606.ENSP00000249442	6	8674	0
9606.ENSP00000249647	20	8483	0
9606.ENSP00000249749	6	8582	0
9606.ENSP00000249750	3	8702	0
9606.ENSP00000249776	1	8704	0
9606.ENSP00000249887	8	8610	0
9606.ENSP00000249923	8	8683	0
9606.ENSP00000250003	6	7775	0
9606.ENSP00000250018	1	8704	0
9606.ENSP00000250024	1	8704	0
9606.ENSP00000250092	2	8702	0
9606.ENSP00000250111	9	8645	0
9606.ENSP00000250113	5	8503	0
9606.ENSP00000250160	1	8544	0
9606.ENSP00000250237	1	8704	0
9606.ENSP00000250263	2	8524	0
9606.ENSP00000250340	1	8595	0
9606.ENSP00000250351	1	8700	0
9606.ENSP00000250378	1	8253	0
9606.ENSP00000250405	8	8344	0
9606.ENSP00000250416	5	8560	0
9606.ENSP00000250448	5	7749	0
9606.ENSP00000250457	5	8103	0
9606.ENSP00000250495	25	6869	0
9606.ENSP00000250498	12	8636	0
9606.ENSP00000250559	7	8219	0
9606.ENSP00000250615	1	8440	0
9606.ENSP00000250617	7	8087	0
9606.ENSP00000250699	1	8695	0
9606.ENSP00000250784	36	7222	0
9606.ENSP00000250863	1	8704	0
9606.ENSP00000250896	1	8668	0
9606.ENSP00000251047	1	8704	0
9606.ENSP00000251102	5	8263	0
9606.ENSP00000251127	5	8263	0
9606.ENSP00000251143	5	8460	0
9606.ENSP00000251157	1	8331	0
9606.ENSP00000251287	3	8693	0
9606.ENSP00000251303	6	8504	0
9606.ENSP00000251337	3	8361	0
9606.ENSP00000251363	9	8696	0
9606.ENSP00000251372	2	8367	0
9606.ENSP00000251412	3	8687	0
9606.ENSP00000251413	8	8482	0
9606.ENSP00000251496	5	8698	0
9606.ENSP00000251588	4	8593	0
9606.ENSP00000251595	40	7260	0
9606.ENSP00000251642	3	8253	0
9606.ENSP00000251775	19	8356	0
9606.ENSP00000251810	2	8703	0
9606.ENSP00000251864	2	8445	0
9606.ENSP00000251871	44	7913	0
9606.ENSP00000251900	40	7451	0
9606.ENSP00000251968	33	7123	0
9606.ENSP00000252015	27	7413	0
9606.ENSP00000252037	1	7949	0
9606.ENSP00000252050	1	7976	0
9606.ENSP00000252071	6	7880	0
9606.ENSP00000252102	49	8475	0
9606.ENSP00000252229	2	8542	0
9606.ENSP00000252242	1	8704	0
9606.ENSP00000252244	1	8704	0
9606.ENSP00000252268	16	7902	0
9606.ENSP00000252321	1	8678	0
9606.ENSP00000252483	11	8374	0
9606.ENSP00000252486	24	7386	0
9606.ENSP00000252506	3	8528	0
9606.ENSP00000252575	4	8428	0
9606.ENSP00000252593	2	8632	0
9606.ENSP00000252595	2	8698	0
9606.ENSP00000252599	2	8701	0
9606.ENSP00000252602	42	8488	0
9606.ENSP00000252603	1	8704	0
9606.ENSP00000252622	60	7868	0
9606.ENSP00000252674	48	7383	0
9606.ENSP00000252677	1	8690	0
9606.ENSP00000252699	15	7677	0
9606.ENSP00000252711	46	8488	0
9606.ENSP00000252723	11	8336	0
9606.ENSP00000252729	12	8537	0
9606.ENSP00000252804	1	8704	0
9606.ENSP00000252809	2	8656	0
9606.ENSP00000252818	9	7891	0
9606.ENSP00000252825	4	8678	0
9606.ENSP00000252826	1	8701	0
9606.ENSP00000252891	5	7992	0
9606.ENSP00000252939	1	8586	0
9606.ENSP00000252951	4	8270	0
9606.ENSP00000252996	68	6828	0
9606.ENSP00000252999	5	8299	0
9606.ENSP00000253023	6	7890	0
9606.ENSP00000253024	18	7912	0
9606.ENSP00000253039	27	8043	0
9606.ENSP00000253063	4	7915	0
9606.ENSP00000253108	23	7967	0
9606.ENSP00000253188	1	8685	0
9606.ENSP00000253237	2	8226	0
9606.ENSP00000253247	20	8025	0
9606.ENSP00000253363	6	8132	0
9606.ENSP00000253382	2	8683	0
9606.ENSP00000253408	1	8473	0
9606.ENSP00000253413	26	8643	0
9606.ENSP00000253457	9	8696	0
9606.ENSP00000253458	1	8050	0
9606.ENSP00000253462	12	8288	0
9606.ENSP00000253496	1	8682	0
9606.ENSP00000253669	7	8689	0
9606.ENSP00000253686	40	8542	0
9606.ENSP00000253699	5	8579	0
9606.ENSP00000253754	6	8012	0
9606.ENSP00000253778	3	8702	0
9606.ENSP00000253794	21	8337	0
9606.ENSP00000253796	9	8385	0
9606.ENSP00000253799	3	8699	0
9606.ENSP00000253801	8	8666	0
9606.ENSP00000253814	1	8419	0
9606.ENSP00000253861	9	8158	0
9606.ENSP00000253925	3	8568	0
9606.ENSP00000254051	1	8327	0
9606.ENSP00000254066	11	8130	0
9606.ENSP00000254101	6	8699	0
9606.ENSP00000254108	8	8151	0
9606.ENSP00000254190	2	8703	0
9606.ENSP00000254193	82	7576	0
9606.ENSP00000254227	4	8159	0
9606.ENSP00000254286	13	8011	0
9606.ENSP00000254301	13	7489	0
9606.ENSP00000254322	9	7596	0
9606.ENSP00000254325	1	8356	0
9606.ENSP00000254337	28	7396	0
9606.ENSP00000254436	9	7043	0
9606.ENSP00000254480	29	7781	0
9606.ENSP00000254488	1	8704	0
9606.ENSP00000254508	18	8378	0
9606.ENSP00000254521	6	8675	0
9606.ENSP00000254605	4	8315	0
9606.ENSP00000254616	5	8681	0
9606.ENSP00000254630	35	8542	0
9606.ENSP00000254657	10	8086	0
9606.ENSP00000254661	8	8082	0
9606.ENSP00000254691	1	8622	0
9606.ENSP00000254719	24	7253	0
9606.ENSP00000254722	1	8524	0
9606.ENSP00000254730	2	8283	0
9606.ENSP00000254759	3	8700	0
9606.ENSP00000254803	57	7793	0
9606.ENSP00000254810	103	6469	0
9606.ENSP00000254846	2	7932	0
9606.ENSP00000254854	1	8704	0
9606.ENSP00000254878	1	8684	0
9606.ENSP00000254900	34	7268	0
9606.ENSP00000254928	31	8584	0
9606.ENSP00000254940	1	8631	0
9606.ENSP00000254942	10	8430	0
9606.ENSP00000254950	8	8618	0
9606.ENSP00000254958	6	7930	0
9606.ENSP00000254976	25	8468	0
9606.ENSP00000254998	6	8578	0
9606.ENSP00000255008	2	8406	0
9606.ENSP00000255030	5	8479	0
9606.ENSP00000255040	1	8611	0
9606.ENSP00000255108	1	8704	0
9606.ENSP00000255120	32	7594	0
9606.ENSP00000255136	1	8656	0
9606.ENSP00000255192	2	8703	0
9606.ENSP00000255194	6	8659	0
9606.ENSP00000255262	4	8361	0
9606.ENSP00000255266	2	8701	0
9606.ENSP00000255304	1	8543	0
9606.ENSP00000255380	3	8643	0
9606.ENSP00000255409	2	8239	0
9606.ENSP00000255416	5	8581	0
9606.ENSP00000255465	9	7613	0
9606.ENSP00000255476	3	8348	0
9606.ENSP00000255499	1	8420	0
9606.ENSP00000255631	8	8126	0
9606.ENSP00000255641	5	8456	0
9606.ENSP00000255764	43	7936	0
9606.ENSP00000255882	6	8678	0
9606.ENSP00000256001	7	7880	0
9606.ENSP00000256010	4	8491	0
9606.ENSP00000256078	14	7648	0
9606.ENSP00000256104	1	8703	0
9606.ENSP00000256151	1	8704	0
9606.ENSP00000256190	1	8703	0
9606.ENSP00000256196	2	8640	0
9606.ENSP00000256319	1	8704	0
9606.ENSP00000256339	2	8615	0
9606.ENSP00000256343	3	8700	0
9606.ENSP00000256366	1	8704	0
9606.ENSP00000256383	49	7030	0
9606.ENSP00000256398	5	8539	0
9606.ENSP00000256429	6	7887	0
9606.ENSP00000256441	1	8683	0
9606.ENSP00000256442	13	8242	0
9606.ENSP00000256443	25	7362	0
9606.ENSP00000256447	1	8704	0
9606.ENSP00000256458	6	7821	0
9606.ENSP00000256460	3	8263	0
9606.ENSP00000256474	17	6760	0
9606.ENSP00000256495	1	8704	0
9606.ENSP00000256497	3	8688	0
9606.ENSP00000256509	4	8124	0
9606.ENSP00000256544	1	8704	0
9606.ENSP00000256545	9	8696	0
9606.ENSP00000256592	2	8538	0
9606.ENSP00000256637	5	8446	0
9606.ENSP00000256644	11	8576	0
9606.ENSP00000256646	8	8379	0
9606.ENSP00000256689	1	8704	0
9606.ENSP00000256707	2	8490	0
9606.ENSP00000256722	4	8700	0
9606.ENSP00000256759	4	8541	0
9606.ENSP00000256785	1	8620	0
9606.ENSP00000256854	1	8704	0
9606.ENSP00000256857	4	8680	0
9606.ENSP00000256969	1	8584	0
9606.ENSP00000256996	40	6993	0
9606.ENSP00000256999	2	8703	0
9606.ENSP00000257068	3	8395	0
9606.ENSP00000257118	50	7200	0
9606.ENSP00000257177	1	8704	0
9606.ENSP00000257181	55	7867	0
9606.ENSP00000257192	4	8581	0
9606.ENSP00000257198	2	8688	0
9606.ENSP00000257215	1	8704	0
9606.ENSP00000257245	8	8644	0
9606.ENSP00000257248	1	8646	0
9606.ENSP00000257287	1	8692	0
9606.ENSP00000257290	9	7557	0
9606.ENSP00000257347	1	8704	0
9606.ENSP00000257408	5	8166	0
9606.ENSP00000257414	2	8672	0
9606.ENSP00000257430	24	7143	0
9606.ENSP00000257548	4	7429	0
9606.ENSP00000257549	1	8704	0
9606.ENSP00000257552	2	8702	0
9606.ENSP00000257570	1	8365	0
9606.ENSP00000257572	3	8403	0
9606.ENSP00000257700	3	8685	0
9606.ENSP00000257749	2	8629	0
9606.ENSP00000257770	11	8694	0
9606.ENSP00000257787	7	8355	0
9606.ENSP00000257789	11	8479	0
9606.ENSP00000257818	11	7619	0
9606.ENSP00000257829	52	7795	0
9606.ENSP00000257860	3	8701	0
9606.ENSP00000257863	3	8594	0
9606.ENSP00000257868	4	8464	0
9606.ENSP00000257895	3	8702	0
9606.ENSP00000257904	23	6877	0
9606.ENSP00000257909	2	8242	0
9606.ENSP00000257934	4	8583	0
9606.ENSP00000258042	3	8699	0
9606.ENSP00000258052	6	8699	0
9606.ENSP00000258091	22	7681	0
9606.ENSP00000258098	5	8598	0
9606.ENSP00000258105	12	8489	0
9606.ENSP00000258111	9	8588	0
9606.ENSP00000258149	32	5944	0
9606.ENSP00000258169	17	8532	0
9606.ENSP00000258173	9	8689	0
9606.ENSP00000258198	15	8398	0
9606.ENSP00000258201	2	8685	0
9606.ENSP00000258281	27	7460	0
9606.ENSP00000258301	19	8490	0
9606.ENSP00000258302	1	8530	0
9606.ENSP00000258317	1	8704	0
9606.ENSP00000258341	9	8240	0
9606.ENSP00000258383	49	8488	0
9606.ENSP00000258385	1	8704	0
9606.ENSP00000258400	4	8405	0
9606.ENSP00000258416	20	7781	0
9606.ENSP00000258418	7	8649	0
9606.ENSP00000258424	28	8543	0
9606.ENSP00000258428	8	7336	0
9606.ENSP00000258443	2	8641	0
9606.ENSP00000258455	66	8505	0
9606.ENSP00000258457	5	8694	0
9606.ENSP00000258484	15	7725	0
9606.ENSP00000258494	1	8704	0
9606.ENSP00000258499	1	8591	0
9606.ENSP00000258526	1	8655	0
9606.ENSP00000258648	33	8320	0
9606.ENSP00000258654	7	8686	0
9606.ENSP00000258729	1	8631	0
9606.ENSP00000258739	2	8703	0
9606.ENSP00000258742	8	8476	0
9606.ENSP00000258772	2	8694	0
9606.ENSP00000258774	10	8463	0
9606.ENSP00000258821	2	7725	0
9606.ENSP00000258874	1	8704	0
9606.ENSP00000258886	2	8631	0
9606.ENSP00000258930	2	8701	0
9606.ENSP00000258962	19	7346	0
9606.ENSP00000259008	7	7598	0
9606.ENSP00000259021	10	8138	0
9606.ENSP00000259037	47	8489	0
9606.ENSP00000259075	9	7715	0
9606.ENSP00000259206	3	8448	0
9606.ENSP00000259211	1	8687	0
9606.ENSP00000259212	1	8687	0
9606.ENSP00000259229	10	8654	0
9606.ENSP00000259239	55	7782	0
9606.ENSP00000259253	3	8511	0
9606.ENSP00000259254	2	8397	0
9606.ENSP00000259324	4	8701	0
9606.ENSP00000259365	2	8373	0
9606.ENSP00000259371	1	8686	0
9606.ENSP00000259396	1	8445	0
9606.ENSP00000259400	16	8367	0
9606.ENSP00000259455	4	8406	0
9606.ENSP00000259457	38	8239	0
9606.ENSP00000259467	1	8370	0
9606.ENSP00000259469	90	7131	0
9606.ENSP00000259470	1	8697	0
9606.ENSP00000259512	7	8369	0
9606.ENSP00000259605	5	7422	0
9606.ENSP00000259607	11	8299	0
9606.ENSP00000259631	5	8648	0
9606.ENSP00000259632	12	8449	0
9606.ENSP00000259633	3	8493	0
9606.ENSP00000259708	6	8595	0
9606.ENSP00000259803	1	8704	0
9606.ENSP00000259808	33	7091	0
9606.ENSP00000259818	32	8143	0
9606.ENSP00000259873	34	8542	0
9606.ENSP00000259895	50	7624	0
9606.ENSP00000259915	9	7272	0
9606.ENSP00000259938	1	8693	0
9606.ENSP00000259951	22	8002	0
9606.ENSP00000259963	4	8635	0
9606.ENSP00000260010	29	7244	0
9606.ENSP00000260102	47	8488	0
9606.ENSP00000260187	4	7429	0
9606.ENSP00000260191	3	8701	0
9606.ENSP00000260197	2	8255	0
9606.ENSP00000260210	55	7802	0
9606.ENSP00000260227	1	8276	0
9606.ENSP00000260264	2	8652	0
9606.ENSP00000260270	3	8586	0
9606.ENSP00000260283	1	8521	0
9606.ENSP00000260323	2	8604	0
9606.ENSP00000260356	9	7851	0
9606.ENSP00000260361	47	8427	0
9606.ENSP00000260363	3	8625	0
9606.ENSP00000260372	7	8689	0
9606.ENSP00000260383	14	7904	0
9606.ENSP00000260385	3	8698	0
9606.ENSP00000260386	6	8263	0
9606.ENSP00000260402	1	8547	0
9606.ENSP00000260408	5	8577	0
9606.ENSP00000260443	33	8189	0
9606.ENSP00000260447	1	8704	0
9606.ENSP00000260502	1	8460	0
9606.ENSP00000260508	4	8699	0
9606.ENSP00000260570	15	8627	0
9606.ENSP00000260585	1	8704	0
9606.ENSP00000260643	1	8704	0
9606.ENSP00000260649	2	8680	0
9606.ENSP00000260665	1	8704	0
9606.ENSP00000260682	4	8694	0
9606.ENSP00000260731	2	8543	0
9606.ENSP00000260746	3	8699	0
9606.ENSP00000260762	9	8483	0
9606.ENSP00000260810	15	7583	0
9606.ENSP00000260947	81	6590	0
9606.ENSP00000260950	9	7701	0
9606.ENSP00000260953	1	8684	0
9606.ENSP00000260970	1	8649	0
9606.ENSP00000261007	2	8703	0
9606.ENSP00000261015	6	8396	0
9606.ENSP00000261023	22	7757	0
9606.ENSP00000261024	3	8685	0
9606.ENSP00000261037	1	8619	0
9606.ENSP00000261047	2	8703	0
9606.ENSP00000261070	1	8703	0
9606.ENSP00000261167	13	8147	0
9606.ENSP00000261170	2	8700	0
9606.ENSP00000261183	1	8701	0
9606.ENSP00000261191	10	8554	0
9606.ENSP00000261195	4	8678	0
9606.ENSP00000261200	2	8701	0
9606.ENSP00000261205	9	8492	0
9606.ENSP00000261233	5	7876	0
9606.ENSP00000261245	35	7522	0
9606.ENSP00000261254	7	7818	0
9606.ENSP00000261263	1	8416	0
9606.ENSP00000261267	1	8704	0
9606.ENSP00000261292	8	8692	0
9606.ENSP00000261303	34	8203	0
9606.ENSP00000261304	1	8704	0
9606.ENSP00000261308	1	8385	0
9606.ENSP00000261313	1	8704	0
9606.ENSP00000261340	1	8692	0
9606.ENSP00000261349	23	7646	0
9606.ENSP00000261366	5	8529	0
9606.ENSP00000261367	3	8026	0
9606.ENSP00000261377	2	8703	0
9606.ENSP00000261381	2	8502	0
9606.ENSP00000261383	6	8699	0
9606.ENSP00000261396	19	8340	0
9606.ENSP00000261405	9	7888	0
9606.ENSP00000261407	5	8678	0
9606.ENSP00000261416	4	8701	0
9606.ENSP00000261427	5	7192	0
9606.ENSP00000261438	2	8467	0
9606.ENSP00000261448	6	8573	0
9606.ENSP00000261461	15	8397	0
9606.ENSP00000261464	14	7643	0
9606.ENSP00000261475	1	8595	0
9606.ENSP00000261479	41	7330	0
9606.ENSP00000261483	1	8704	0
9606.ENSP00000261497	26	7624	0
9606.ENSP00000261499	10	8689	0
9606.ENSP00000261507	1	8704	0
9606.ENSP00000261520	33	7682	0
9606.ENSP00000261523	6	7605	0
9606.ENSP00000261534	1	8704	0
9606.ENSP00000261558	16	8571	0
9606.ENSP00000261584	9	7434	0
9606.ENSP00000261590	4	8678	0
9606.ENSP00000261596	6	8679	0
9606.ENSP00000261597	7	8464	0
9606.ENSP00000261600	11	8169	0
9606.ENSP00000261601	37	7309	0
9606.ENSP00000261609	3	8641	0
9606.ENSP00000261622	1	8685	0
9606.ENSP00000261623	15	8197	0
9606.ENSP00000261636	3	8692	0
9606.ENSP00000261637	57	7793	0
9606.ENSP00000261652	3	8647	0
9606.ENSP00000261667	2	8511	0
9606.ENSP00000261681	11	8507	0
9606.ENSP00000261692	1	8530	0
9606.ENSP00000261693	11	7712	0
9606.ENSP00000261700	5	8694	0
9606.ENSP00000261708	52	7793	0
9606.ENSP00000261712	35	8203	0
9606.ENSP00000261716	2	8703	0
9606.ENSP00000261733	2	8703	0
9606.ENSP00000261745	1	8704	0
9606.ENSP00000261751	6	8694	0
9606.ENSP00000261769	22	6630	0
9606.ENSP00000261772	1	8704	0
9606.ENSP00000261776	2	8703	0
9606.ENSP00000261783	1	8704	0
9606.ENSP00000261796	1	8696	0
9606.ENSP00000261798	11	6691	0
9606.ENSP00000261799	13	7100	0
9606.ENSP00000261813	7	8465	0
9606.ENSP00000261819	38	7269	0
9606.ENSP00000261837	13	7764	0
9606.ENSP00000261842	16	8571	0
9606.ENSP00000261845	2	8616	0
9606.ENSP00000261868	23	7935	0
9606.ENSP00000261875	11	8672	0
9606.ENSP00000261879	5	8457	0
9606.ENSP00000261881	11	8319	0
9606.ENSP00000261884	2	8702	0
9606.ENSP00000261889	9	8675	0
9606.ENSP00000261890	17	8118	0
9606.ENSP00000261900	47	7299	0
9606.ENSP00000261917	2	8591	0
9606.ENSP00000261918	2	8327	0
9606.ENSP00000261921	1	8694	0
9606.ENSP00000261937	8	7940	0
9606.ENSP00000261942	7	8368	0
9606.ENSP00000261965	7	8489	0
9606.ENSP00000261973	7	8303	0
9606.ENSP00000261994	1	8704	0
9606.ENSP00000262013	2	8677	0
9606.ENSP00000262018	5	8625	0
9606.ENSP00000262027	13	8592	0
9606.ENSP00000262030	23	8629	0
9606.ENSP00000262039	22	7387	0
9606.ENSP00000262053	1	8356	0
9606.ENSP00000262094	2	8693	0
9606.ENSP00000262105	23	8226	0
9606.ENSP00000262113	7	7538	0
9606.ENSP00000262133	9	7833	0
9606.ENSP00000262134	10	8632	0
9606.ENSP00000262138	12	8537	0
9606.ENSP00000262139	4	8671	0
9606.ENSP00000262144	7	8569	0
9606.ENSP00000262158	13	7581	0
9606.ENSP00000262160	31	6570	0
9606.ENSP00000262178	5	8318	0
9606.ENSP00000262186	1	8682	0
9606.ENSP00000262187	9	8321	0
9606.ENSP00000262188	27	7777	0
9606.ENSP00000262189	18	7448	0
9606.ENSP00000262193	39	8239	0
9606.ENSP00000262209	1	8645	0
9606.ENSP00000262213	1	8704	0
9606.ENSP00000262215	1	8703	0
9606.ENSP00000262225	2	8686	0
9606.ENSP00000262238	32	7115	0
9606.ENSP00000262241	35	7180	0
9606.ENSP00000262265	7	7132	0
9606.ENSP00000262291	1	8501	0
9606.ENSP00000262302	1	8704	0
9606.ENSP00000262304	1	8693	0
9606.ENSP00000262305	5	8496	0
9606.ENSP00000262306	67	7036	0
9606.ENSP00000262315	6	8656	0
9606.ENSP00000262319	11	7829	0
9606.ENSP00000262320	28	7125	0
9606.ENSP00000262345	4	8383	0
9606.ENSP00000262352	1	8704	0
9606.ENSP00000262367	81	5805	0
9606.ENSP00000262376	3	8410	0
9606.ENSP00000262384	1	8335	0
9606.ENSP00000262394	1	8509	0
9606.ENSP00000262395	1	8647	0
9606.ENSP00000262406	2	8555	0
9606.ENSP00000262407	11	7897	0
9606.ENSP00000262415	33	8012	0
9606.ENSP00000262418	4	8583	0
9606.ENSP00000262430	2	8624	0
9606.ENSP00000262435	11	6978	0
9606.ENSP00000262441	3	8350	0
9606.ENSP00000262450	5	7974	0
9606.ENSP00000262455	3	8529	0
9606.ENSP00000262457	3	8446	0
9606.ENSP00000262460	13	8288	0
9606.ENSP00000262483	1	8678	0
9606.ENSP00000262494	5	8350	0
9606.ENSP00000262506	7	8422	0
9606.ENSP00000262507	3	8700	0
9606.ENSP00000262510	5	8099	0
9606.ENSP00000262518	5	7869	0
9606.ENSP00000262519	10	7328	0
9606.ENSP00000262525	1	8649	0
9606.ENSP00000262554	7	8697	0
9606.ENSP00000262584	92	7058	0
9606.ENSP00000262613	10	8172	0
9606.ENSP00000262622	1	8704	0
9606.ENSP00000262623	2	8703	0
9606.ENSP00000262626	1	8348	0
9606.ENSP00000262629	15	8160	0
9606.ENSP00000262633	29	7925	0
9606.ENSP00000262640	22	8507	0
9606.ENSP00000262643	8	7690	0
9606.ENSP00000262644	5	8697	0
9606.ENSP00000262646	1	8704	0
9606.ENSP00000262648	1	8609	0
9606.ENSP00000262662	2	8486	0
9606.ENSP00000262710	2	8438	0
9606.ENSP00000262713	2	8587	0
9606.ENSP00000262715	10	8170	0
9606.ENSP00000262719	4	8280	0
9606.ENSP00000262741	19	7811	0
9606.ENSP00000262746	2	8469	0
9606.ENSP00000262768	4	8593	0
9606.ENSP00000262776	2	8192	0
9606.ENSP00000262794	1	8703	0
9606.ENSP00000262809	33	7682	0
9606.ENSP00000262815	2	8688	0
9606.ENSP00000262839	3	8669	0
9606.ENSP00000262850	5	8594	0
9606.ENSP00000262865	1	8678	0
9606.ENSP00000262879	1	8704	0
9606.ENSP00000262887	14	8449	0
9606.ENSP00000262891	8	7915	0
9606.ENSP00000262904	5	8350	0
9606.ENSP00000262916	11	8209	0
9606.ENSP00000262942	10	8032	0
9606.ENSP00000262948	5	8438	0
9606.ENSP00000262958	1	8625	0
9606.ENSP00000262960	2	8621	0
9606.ENSP00000262962	23	8116	0
9606.ENSP00000262965	7	8403	0
9606.ENSP00000262971	2	8222	0
9606.ENSP00000262995	15	7522	0
9606.ENSP00000263025	5	8250	0
9606.ENSP00000263026	3	8263	0
9606.ENSP00000263035	2	8683	0
9606.ENSP00000263056	2	8251	0
9606.ENSP00000263062	20	7405	0
9606.ENSP00000263073	4	8234	0
9606.ENSP00000263080	1	8704	0
9606.ENSP00000263083	1	8704	0
9606.ENSP00000263087	2	8286	0
9606.ENSP00000263088	3	8702	0
9606.ENSP00000263092	6	8586	0
9606.ENSP00000263093	1	8704	0
9606.ENSP00000263094	1	8594	0
9606.ENSP00000263100	2	8206	0
9606.ENSP00000263102	2	8641	0
9606.ENSP00000263125	4	8614	0
9606.ENSP00000263160	6	8699	0
9606.ENSP00000263168	20	7850	0
9606.ENSP00000263181	3	8543	0
9606.ENSP00000263187	1	8704	0
9606.ENSP00000263202	8	8150	0
9606.ENSP00000263205	30	8344	0
9606.ENSP00000263208	3	8410	0
9606.ENSP00000263209	7	8142	0
9606.ENSP00000263228	5	7429	0
9606.ENSP00000263233	2	8622	0
9606.ENSP00000263238	16	7767	0
9606.ENSP00000263253	91	5463	0
9606.ENSP00000263269	13	8359	0
9606.ENSP00000263274	6	7975	0
9606.ENSP00000263277	9	8561	0
9606.ENSP00000263314	10	8519	0
9606.ENSP00000263317	10	8302	0
9606.ENSP00000263321	1	8704	0
9606.ENSP00000263326	4	8157	0
9606.ENSP00000263334	4	8235	0
9606.ENSP00000263339	11	8156	0
9606.ENSP00000263341	18	7526	0
9606.ENSP00000263354	5	8577	0
9606.ENSP00000263368	1	8704	0
9606.ENSP00000263370	4	8421	0
9606.ENSP00000263377	22	6554	0
9606.ENSP00000263379	9	8200	0
9606.ENSP00000263382	21	7589	0
9606.ENSP00000263384	3	8385	0
9606.ENSP00000263388	7	8466	0
9606.ENSP00000263390	44	7855	0
9606.ENSP00000263408	10	8296	0
9606.ENSP00000263413	10	7950	0
9606.ENSP00000263431	3	8499	0
9606.ENSP00000263433	5	8502	0
9606.ENSP00000263464	15	7556	0
9606.ENSP00000263556	2	8701	0
9606.ENSP00000263559	10	8667	0
9606.ENSP00000263578	1	8567	0
9606.ENSP00000263629	31	8544	0
9606.ENSP00000263645	16	7453	0
9606.ENSP00000263650	2	8693	0
9606.ENSP00000263657	17	8129	0
9606.ENSP00000263663	4	8397	0
9606.ENSP00000263665	1	8704	0
9606.ENSP00000263672	4	8701	0
9606.ENSP00000263681	24	7934	0
9606.ENSP00000263686	12	7794	0
9606.ENSP00000263694	67	7601	0
9606.ENSP00000263702	7	8673	0
9606.ENSP00000263708	1	8603	0
9606.ENSP00000263726	1	8684	0
9606.ENSP00000263734	12	7242	0
9606.ENSP00000263735	2	8431	0
9606.ENSP00000263753	11	8369	0
9606.ENSP00000263754	58	6523	0
9606.ENSP00000263774	53	8475	0
9606.ENSP00000263780	24	8316	0
9606.ENSP00000263798	2	8703	0
9606.ENSP00000263800	1	8704	0
9606.ENSP00000263847	1	8701	0
9606.ENSP00000263851	10	8323	0
9606.ENSP00000263856	27	8314	0
9606.ENSP00000263857	13	8125	0
9606.ENSP00000263864	21	8444	0
9606.ENSP00000263897	3	8652	0
9606.ENSP00000263904	10	7350	0
9606.ENSP00000263915	3	8298	0
9606.ENSP00000263918	14	7707	0
9606.ENSP00000263923	28	5976	0
9606.ENSP00000263925	8	7408	0
9606.ENSP00000263932	3	8598	0
9606.ENSP00000263946	1	8686	0
9606.ENSP00000263956	5	8694	0
9606.ENSP00000263966	2	8641	0
9606.ENSP00000263967	15	7962	0
9606.ENSP00000263974	48	7037	0
9606.ENSP00000263980	10	8009	0
9606.ENSP00000263985	2	8703	0
9606.ENSP00000263991	2	8618	0
9606.ENSP00000264005	4	8004	0
9606.ENSP00000264012	7	7519	0
9606.ENSP00000264020	17	8627	0
9606.ENSP00000264025	10	8307	0
9606.ENSP00000264028	8	8683	0
9606.ENSP00000264031	3	8702	0
9606.ENSP00000264033	31	6014	0
9606.ENSP00000264039	4	8467	0
9606.ENSP00000264042	1	8664	0
9606.ENSP00000264065	2	8611	0
9606.ENSP00000264071	9	8480	0
9606.ENSP00000264079	2	8703	0
9606.ENSP00000264093	9	8694	0
9606.ENSP00000264108	8	7524	0
9606.ENSP00000264110	15	7515	0
9606.ENSP00000264144	4	8692	0
9606.ENSP00000264156	20	8226	0
9606.ENSP00000264157	44	7546	0
9606.ENSP00000264159	1	8230	0
9606.ENSP00000264161	11	8592	0
9606.ENSP00000264162	1	8692	0
9606.ENSP00000264183	10	7811	0
9606.ENSP00000264187	6	7913	0
9606.ENSP00000264198	1	8199	0
9606.ENSP00000264218	2	8603	0
9606.ENSP00000264228	2	8703	0
9606.ENSP00000264230	4	8596	0
9606.ENSP00000264234	3	8702	0
9606.ENSP00000264246	15	8131	0
9606.ENSP00000264254	9	8159	0
9606.ENSP00000264255	1	8647	0
9606.ENSP00000264257	5	8577	0
9606.ENSP00000264260	4	8395	0
9606.ENSP00000264263	1	8598	0
9606.ENSP00000264265	1	8704	0
9606.ENSP00000264279	66	7623	0
9606.ENSP00000264316	1	8588	0
9606.ENSP00000264318	7	8635	0
9606.ENSP00000264331	1	8704	0
9606.ENSP00000264335	11	8165	0
9606.ENSP00000264360	2	8627	0
9606.ENSP00000264377	2	8650	0
9606.ENSP00000264380	2	8703	0
9606.ENSP00000264382	2	8703	0
9606.ENSP00000264399	2	8684	0
9606.ENSP00000264409	3	8702	0
9606.ENSP00000264414	39	7646	0
9606.ENSP00000264428	2	8702	0
9606.ENSP00000264431	3	8267	0
9606.ENSP00000264433	4	8650	0
9606.ENSP00000264436	5	8541	0
9606.ENSP00000264444	2	8177	0
9606.ENSP00000264474	4	8654	0
9606.ENSP00000264498	17	7568	0
9606.ENSP00000264499	7	8693	0
9606.ENSP00000264515	67	6403	0
9606.ENSP00000264538	17	8464	0
9606.ENSP00000264552	38	6864	0
9606.ENSP00000264554	2	8196	0
9606.ENSP00000264563	2	8608	0
9606.ENSP00000264605	3	8677	0
9606.ENSP00000264606	12	7239	0
9606.ENSP00000264613	5	8637	0
9606.ENSP00000264634	16	8340	0
9606.ENSP00000264637	2	8503	0
9606.ENSP00000264638	2	8651	0
9606.ENSP00000264639	35	8156	0
9606.ENSP00000264645	20	8147	0
9606.ENSP00000264649	21	8646	0
9606.ENSP00000264657	31	6156	0
9606.ENSP00000264663	1	8704	0
9606.ENSP00000264664	6	8367	0
9606.ENSP00000264674	1	8345	0
9606.ENSP00000264690	3	8019	0
9606.ENSP00000264709	30	7094	0
9606.ENSP00000264710	3	8689	0
9606.ENSP00000264712	2	8691	0
9606.ENSP00000264716	6	8123	0
9606.ENSP00000264717	1	8695	0
9606.ENSP00000264731	3	8518	0
9606.ENSP00000264734	1	8704	0
9606.ENSP00000264741	2	8245	0
9606.ENSP00000264758	8	8470	0
9606.ENSP00000264773	13	8257	0
9606.ENSP00000264824	4	8500	0
9606.ENSP00000264828	4	8695	0
9606.ENSP00000264832	20	7621	0
9606.ENSP00000264834	4	7429	0
9606.ENSP00000264864	4	8678	0
9606.ENSP00000264867	16	7418	0
9606.ENSP00000264870	1	8704	0
9606.ENSP00000264883	20	8340	0
9606.ENSP00000264896	10	7803	0
9606.ENSP00000264904	2	8695	0
9606.ENSP00000264914	2	8703	0
9606.ENSP00000264917	1	8704	0
9606.ENSP00000264926	8	7423	0
9606.ENSP00000264932	6	8698	0
9606.ENSP00000264933	14	8115	0
9606.ENSP00000264938	3	8629	0
9606.ENSP00000264951	10	8355	0
9606.ENSP00000264952	1	8697	0
9606.ENSP00000264954	2	8518	0
9606.ENSP00000264956	2	8540	0
9606.ENSP00000264968	2	8703	0
9606.ENSP00000264972	19	7341	0
9606.ENSP00000264977	2	8620	0
9606.ENSP00000264982	1	8641	0
9606.ENSP00000264995	60	8461	0
9606.ENSP00000265016	1	8622	0
9606.ENSP00000265029	1	8678	0
9606.ENSP00000265038	54	6857	0
9606.ENSP00000265056	57	7418	0
9606.ENSP00000265062	6	8649	0
9606.ENSP00000265070	1	8704	0
9606.ENSP00000265071	2	7872	0
9606.ENSP00000265074	5	8685	0
9606.ENSP00000265077	5	8177	0
9606.ENSP00000265080	1	8669	0
9606.ENSP00000265081	7	8439	0
9606.ENSP00000265087	1	8700	0
9606.ENSP00000265094	8	7702	0
9606.ENSP00000265097	11	8169	0
9606.ENSP00000265104	1	8704	0
9606.ENSP00000265107	2	8369	0
9606.ENSP00000265113	1	8704	0
9606.ENSP00000265131	1	8662	0
9606.ENSP00000265138	1	8419	0
9606.ENSP00000265140	1	8704	0
9606.ENSP00000265148	1	8589	0
9606.ENSP00000265162	1	8491	0
9606.ENSP00000265164	2	8486	0
9606.ENSP00000265165	11	6885	0
9606.ENSP00000265171	30	7487	0
9606.ENSP00000265174	4	8690	0
9606.ENSP00000265195	1	8676	0
9606.ENSP00000265239	3	8263	0
9606.ENSP00000265245	2	8544	0
9606.ENSP00000265276	3	8702	0
9606.ENSP00000265295	6	8587	0
9606.ENSP00000265316	4	8700	0
9606.ENSP00000265339	7	8299	0
9606.ENSP00000265343	33	7682	0
9606.ENSP00000265350	33	7968	0
9606.ENSP00000265351	11	7878	0
9606.ENSP00000265354	10	8463	0
9606.ENSP00000265361	3	8547	0
9606.ENSP00000265362	6	8547	0
9606.ENSP00000265371	23	7533	0
9606.ENSP00000265372	1	8356	0
9606.ENSP00000265381	4	8299	0
9606.ENSP00000265382	8	8559	0
9606.ENSP00000265388	2	8273	0
9606.ENSP00000265395	1	8683	0
9606.ENSP00000265421	9	8485	0
9606.ENSP00000265433	6	8185	0
9606.ENSP00000265441	2	8538	0
9606.ENSP00000265459	10	8314	0
9606.ENSP00000265465	23	8222	0
9606.ENSP00000265560	2	8500	0
9606.ENSP00000265562	6	8334	0
9606.ENSP00000265563	13	8533	0
9606.ENSP00000265564	17	8532	0
9606.ENSP00000265565	4	8602	0
9606.ENSP00000265594	2	8701	0
9606.ENSP00000265598	2	8702	0
9606.ENSP00000265602	4	8692	0
9606.ENSP00000265627	1	8677	0
9606.ENSP00000265641	2	8703	0
9606.ENSP00000265643	3	8561	0
9606.ENSP00000265651	2	7979	0
9606.ENSP00000265686	13	8647	0
9606.ENSP00000265689	4	8377	0
9606.ENSP00000265709	21	8077	0
9606.ENSP00000265713	27	7305	0
9606.ENSP00000265717	7	8497	0
9606.ENSP00000265723	1	8036	0
9606.ENSP00000265727	3	8362	0
9606.ENSP00000265728	2	8615	0
9606.ENSP00000265729	2	8579	0
9606.ENSP00000265732	3	8363	0
9606.ENSP00000265734	16	7655	0
9606.ENSP00000265748	3	8505	0
9606.ENSP00000265753	5	8303	0
9606.ENSP00000265769	1	8650	0
9606.ENSP00000265838	1	8704	0
9606.ENSP00000265849	7	8439	0
9606.ENSP00000265857	4	8620	0
9606.ENSP00000265960	10	8079	0
9606.ENSP00000265963	33	7807	0
9606.ENSP00000265965	1	8704	0
9606.ENSP00000265967	2	8703	0
9606.ENSP00000265970	5	8442	0
9606.ENSP00000265978	4	8683	0
9606.ENSP00000265983	1	8518	0
9606.ENSP00000265986	15	6948	0
9606.ENSP00000265990	1	8398	0
9606.ENSP00000265997	12	8656	0
9606.ENSP00000266000	30	6734	0
9606.ENSP00000266041	7	8098	0
9606.ENSP00000266058	3	8668	0
9606.ENSP00000266069	5	8683	0
9606.ENSP00000266070	18	7668	0
9606.ENSP00000266079	59	7873	0
9606.ENSP00000266085	2	8228	0
9606.ENSP00000266087	3	7969	0
9606.ENSP00000266088	2	7997	0
9606.ENSP00000266126	7	8275	0
9606.ENSP00000266254	4	8701	0
9606.ENSP00000266376	23	8056	0
9606.ENSP00000266383	1	8704	0
9606.ENSP00000266483	1	8704	0
9606.ENSP00000266503	3	8541	0
9606.ENSP00000266529	1	8555	0
9606.ENSP00000266544	51	8310	0
9606.ENSP00000266551	3	8317	0
9606.ENSP00000266556	2	8501	0
9606.ENSP00000266557	9	8000	0
9606.ENSP00000266671	1	8546	0
9606.ENSP00000266674	6	8674	0
9606.ENSP00000266679	9	8507	0
9606.ENSP00000266718	4	8695	0
9606.ENSP00000266732	1	8467	0
9606.ENSP00000266735	109	7344	0
9606.ENSP00000266970	31	7317	0
9606.ENSP00000266987	26	7704	0
9606.ENSP00000267017	2	8703	0
9606.ENSP00000267082	21	7582	0
9606.ENSP00000267085	3	8702	0
9606.ENSP00000267101	23	6838	0
9606.ENSP00000267113	1	8704	0
9606.ENSP00000267163	15	7060	0
9606.ENSP00000267199	7	8683	0
9606.ENSP00000267202	21	8337	0
9606.ENSP00000267257	30	6858	0
9606.ENSP00000267377	1	8699	0
9606.ENSP00000267415	6	8612	0
9606.ENSP00000267430	18	8245	0
9606.ENSP00000267460	2	7914	0
9606.ENSP00000267594	1	8679	0
9606.ENSP00000267615	3	8702	0
9606.ENSP00000267622	1	8678	0
9606.ENSP00000267750	9	8696	0
9606.ENSP00000267803	1	8684	0
9606.ENSP00000267812	56	7754	0
9606.ENSP00000267843	6	8358	0
9606.ENSP00000267859	1	8438	0
9606.ENSP00000267884	5	8580	0
9606.ENSP00000267890	1	8700	0
9606.ENSP00000267935	1	8680	0
9606.ENSP00000267938	2	8703	0
9606.ENSP00000267953	4	8628	0
9606.ENSP00000268053	2	8688	0
9606.ENSP00000268057	7	8693	0
9606.ENSP00000268058	4	7995	0
9606.ENSP00000268138	2	8511	0
9606.ENSP00000268150	1	8554	0
9606.ENSP00000268182	24	6535	0
9606.ENSP00000268184	2	8604	0
9606.ENSP00000268206	1	8704	0
9606.ENSP00000268231	8	8175	0
9606.ENSP00000268261	1	8704	0
9606.ENSP00000268379	26	8524	0
9606.ENSP00000268383	1	8704	0
9606.ENSP00000268459	1	8704	0
9606.ENSP00000268482	19	8241	0
9606.ENSP00000268603	2	7839	0
9606.ENSP00000268613	1	8701	0
9606.ENSP00000268638	2	8520	0
9606.ENSP00000268661	1	8322	0
9606.ENSP00000268668	47	8475	0
9606.ENSP00000268679	2	8573	0
9606.ENSP00000268711	31	8344	0
9606.ENSP00000268712	31	6717	0
9606.ENSP00000268717	15	7278	0
9606.ENSP00000268719	3	8695	0
9606.ENSP00000268766	2	8700	0
9606.ENSP00000268802	15	8040	0
9606.ENSP00000268835	4	8701	0
9606.ENSP00000268876	1	7949	0
9606.ENSP00000268933	3	8498	0
9606.ENSP00000269097	8	8666	0
9606.ENSP00000269141	11	7221	0
9606.ENSP00000269143	1	8663	0
9606.ENSP00000269159	2	8699	0
9606.ENSP00000269202	6	8418	0
9606.ENSP00000269209	1	8206	0
9606.ENSP00000269216	1	8704	0
9606.ENSP00000269221	3	8701	0
9606.ENSP00000269228	4	8672	0
9606.ENSP00000269298	1	8704	0
9606.ENSP00000269299	2	8686	0
9606.ENSP00000269305	84	5241	0
9606.ENSP00000269383	1	8392	0
9606.ENSP00000269385	52	7165	0
9606.ENSP00000269397	51	7200	0
9606.ENSP00000269466	1	8704	0
9606.ENSP00000269489	1	8704	0
9606.ENSP00000269571	21	6170	0
9606.ENSP00000269576	1	8704	0
9606.ENSP00000269593	3	8531	0
9606.ENSP00000269601	59	7873	0
9606.ENSP00000269848	7	8695	0
9606.ENSP00000269856	16	7856	0
9606.ENSP00000269980	4	8683	0
9606.ENSP00000270066	2	8676	0
9606.ENSP00000270139	14	7665	0
9606.ENSP00000270142	5	8226	0
9606.ENSP00000270162	1	8704	0
9606.ENSP00000270172	10	7326	0
9606.ENSP00000270176	7	8624	0
9606.ENSP00000270225	3	8466	0
9606.ENSP00000270257	16	8265	0
9606.ENSP00000270349	7	8118	0
9606.ENSP00000270458	15	8507	0
9606.ENSP00000270502	5	8681	0
9606.ENSP00000270517	5	7795	0
9606.ENSP00000270538	6	8266	0
9606.ENSP00000270586	37	8239	0
9606.ENSP00000270625	126	6899	0
9606.ENSP00000270631	2	8582	0
9606.ENSP00000270642	1	8704	0
9606.ENSP00000270722	7	7799	0
9606.ENSP00000270800	5	8548	0
9606.ENSP00000270861	4	8699	0
9606.ENSP00000270879	4	8669	0
9606.ENSP00000271234	3	8192	0
9606.ENSP00000271277	1	8655	0
9606.ENSP00000271308	41	8182	0
9606.ENSP00000271331	2	8703	0
9606.ENSP00000271373	1	8704	0
9606.ENSP00000271450	4	8146	0
9606.ENSP00000271452	3	8647	0
9606.ENSP00000271469	1	8704	0
9606.ENSP00000271526	2	8482	0
9606.ENSP00000271555	6	8512	0
9606.ENSP00000271628	64	7649	0
9606.ENSP00000271636	8	8152	0
9606.ENSP00000271638	2	8443	0
9606.ENSP00000271640	27	7291	0
9606.ENSP00000271651	1	8704	0
9606.ENSP00000271688	9	8696	0
9606.ENSP00000271715	1	8485	0
9606.ENSP00000271889	10	8329	0
9606.ENSP00000272134	1	8704	0
9606.ENSP00000272190	2	8653	0
9606.ENSP00000272233	1	8704	0
9606.ENSP00000272238	10	8654	0
9606.ENSP00000272286	4	8700	0
9606.ENSP00000272317	255	5297	0
9606.ENSP00000272321	2	8702	0
9606.ENSP00000272322	3	8682	0
9606.ENSP00000272369	5	8694	0
9606.ENSP00000272418	67	8505	0
9606.ENSP00000272430	2	8501	0
9606.ENSP00000272519	4	8649	0
9606.ENSP00000272602	1	8704	0
9606.ENSP00000272638	6	8639	0
9606.ENSP00000272645	52	7282	0
9606.ENSP00000272847	4	8321	0
9606.ENSP00000272902	1	8704	0
9606.ENSP00000272928	4	7874	0
9606.ENSP00000273047	15	7859	0
9606.ENSP00000273062	1	8553	0
9606.ENSP00000273130	18	8266	0
9606.ENSP00000273183	1	8597	0
9606.ENSP00000273261	1	8383	0
9606.ENSP00000273317	12	7972	0
9606.ENSP00000273395	8	8595	0
9606.ENSP00000273398	26	8643	0
9606.ENSP00000273450	1	8704	0
9606.ENSP00000273480	20	7553	0
9606.ENSP00000273541	28	7937	0
9606.ENSP00000273550	3	8594	0
9606.ENSP00000273588	5	8640	0
9606.ENSP00000273598	4	8701	0
9606.ENSP00000273610	4	8698	0
9606.ENSP00000273668	33	7682	0
9606.ENSP00000273784	2	8170	0
9606.ENSP00000273853	43	7659	0
9606.ENSP00000273859	6	8696	0
9606.ENSP00000273963	26	7750	0
9606.ENSP00000274054	12	8166	0
9606.ENSP00000274093	1	8703	0
9606.ENSP00000274137	49	8475	0
9606.ENSP00000274192	2	8703	0
9606.ENSP00000274242	71	7156	0
9606.ENSP00000274255	17	6875	0
9606.ENSP00000274276	5	8532	0
9606.ENSP00000274311	2	8246	0
9606.ENSP00000274341	1	8641	0
9606.ENSP00000274353	2	8703	0
9606.ENSP00000274364	3	8113	0
9606.ENSP00000274368	2	8698	0
9606.ENSP00000274376	9	7956	0
9606.ENSP00000274400	49	7629	0
9606.ENSP00000274457	16	7856	0
9606.ENSP00000274520	8	8201	0
9606.ENSP00000274545	4	8646	0
9606.ENSP00000274547	8	8635	0
9606.ENSP00000274606	11	8016	0
9606.ENSP00000274625	7	8255	0
9606.ENSP00000274629	9	8588	0
9606.ENSP00000274711	2	8641	0
9606.ENSP00000274712	56	7853	0
9606.ENSP00000274721	5	8594	0
9606.ENSP00000274764	23	7463	0
9606.ENSP00000274793	11	8480	0
9606.ENSP00000274849	1	8647	0
9606.ENSP00000275015	5	7875	0
9606.ENSP00000275053	1	8485	0
9606.ENSP00000275233	2	8422	0
9606.ENSP00000275364	7	8468	0
9606.ENSP00000275493	63	5585	0
9606.ENSP00000275517	6	8677	0
9606.ENSP00000275525	5	8508	0
9606.ENSP00000275603	24	7664	0
9606.ENSP00000275732	2	8550	0
9606.ENSP00000275815	9	8537	0
9606.ENSP00000276055	1	8704	0
9606.ENSP00000276062	45	8489	0
9606.ENSP00000276079	6	8687	0
9606.ENSP00000276198	3	8521	0
9606.ENSP00000276201	16	8186	0
9606.ENSP00000276297	2	8626	0
9606.ENSP00000276390	29	8643	0
9606.ENSP00000276410	1	8698	0
9606.ENSP00000276414	2	8703	0
9606.ENSP00000276420	1	8626	0
9606.ENSP00000276431	14	7494	0
9606.ENSP00000276440	2	8529	0
9606.ENSP00000276449	4	8540	0
9606.ENSP00000276533	13	8265	0
9606.ENSP00000276571	7	8698	0
9606.ENSP00000276585	35	8542	0
9606.ENSP00000276603	11	8500	0
9606.ENSP00000276659	3	8696	0
9606.ENSP00000276689	50	8475	0
9606.ENSP00000276893	1	8230	0
9606.ENSP00000276914	1	8336	0
9606.ENSP00000276925	3	8440	0
9606.ENSP00000276927	7	7972	0
9606.ENSP00000276943	1	8537	0
9606.ENSP00000277010	1	8613	0
9606.ENSP00000277120	14	7623	0
9606.ENSP00000277517	1	8704	0
9606.ENSP00000277746	4	8344	0
9606.ENSP00000277865	1	8704	0
9606.ENSP00000277895	1	8704	0
9606.ENSP00000277942	2	8703	0
9606.ENSP00000278193	1	8704	0
9606.ENSP00000278198	2	8703	0
9606.ENSP00000278282	1	8633	0
9606.ENSP00000278353	17	8667	0
9606.ENSP00000278379	1	8704	0
9606.ENSP00000278407	6	8617	0
9606.ENSP00000278412	26	7597	0
9606.ENSP00000278550	2	8702	0
9606.ENSP00000278568	12	7779	0
9606.ENSP00000278572	102	6923	0
9606.ENSP00000278616	41	6835	0
9606.ENSP00000278618	1	8682	0
9606.ENSP00000278671	11	8576	0
9606.ENSP00000278742	4	8162	0
9606.ENSP00000278823	12	7856	0
9606.ENSP00000278833	1	8704	0
9606.ENSP00000278853	3	8702	0
9606.ENSP00000278888	4	8030	0
9606.ENSP00000278903	1	8704	0
9606.ENSP00000278927	1	8592	0
9606.ENSP00000278935	4	8700	0
9606.ENSP00000278947	4	8585	0
9606.ENSP00000279022	12	8025	0
9606.ENSP00000279036	4	8701	0
9606.ENSP00000279146	6	7201	0
9606.ENSP00000279168	2	8701	0
9606.ENSP00000279242	52	8488	0
9606.ENSP00000279263	1	8679	0
9606.ENSP00000279281	5	8634	0
9606.ENSP00000279387	6	8645	0
9606.ENSP00000279441	2	8675	0
9606.ENSP00000279488	1	8606	0
9606.ENSP00000279804	1	8676	0
9606.ENSP00000279873	1	8704	0
9606.ENSP00000280098	26	7750	0
9606.ENSP00000280154	3	8504	0
9606.ENSP00000280155	3	8350	0
9606.ENSP00000280326	24	7798	0
9606.ENSP00000280346	6	8682	0
9606.ENSP00000280357	4	8622	0
9606.ENSP00000280358	4	8701	0
9606.ENSP00000280377	4	7477	0
9606.ENSP00000280481	2	8703	0
9606.ENSP00000280551	13	8405	0
9606.ENSP00000280557	7	7424	0
9606.ENSP00000280571	2	8652	0
9606.ENSP00000280605	2	8703	0
9606.ENSP00000280612	2	8272	0
9606.ENSP00000280665	6	8560	0
9606.ENSP00000280684	2	8673	0
9606.ENSP00000280700	1	8492	0
9606.ENSP00000280701	2	8671	0
9606.ENSP00000280772	16	7968	0
9606.ENSP00000280904	3	8678	0
9606.ENSP00000280979	1	8600	0
9606.ENSP00000281030	1	8704	0
9606.ENSP00000281031	45	8489	0
9606.ENSP00000281038	1	8704	0
9606.ENSP00000281043	3	8207	0
9606.ENSP00000281142	4	8700	0
9606.ENSP00000281154	9	8315	0
9606.ENSP00000281182	2	8693	0
9606.ENSP00000281187	6	8675	0
9606.ENSP00000281243	1	8584	0
9606.ENSP00000281282	1	8305	0
9606.ENSP00000281382	2	8703	0
9606.ENSP00000281419	2	8584	0
9606.ENSP00000281453	17	8380	0
9606.ENSP00000281456	10	7558	0
9606.ENSP00000281513	3	8686	0
9606.ENSP00000281589	1	8656	0
9606.ENSP00000281623	7	7959	0
9606.ENSP00000281701	9	8159	0
9606.ENSP00000281806	2	8703	0
9606.ENSP00000281821	9	8630	0
9606.ENSP00000281828	2	8703	0
9606.ENSP00000281834	4	8430	0
9606.ENSP00000281923	1	8704	0
9606.ENSP00000281928	27	8359	0
9606.ENSP00000281938	5	8078	0
9606.ENSP00000281950	16	8265	0
9606.ENSP00000282018	1	8704	0
9606.ENSP00000282058	7	8689	0
9606.ENSP00000282074	3	8647	0
9606.ENSP00000282096	1	8704	0
9606.ENSP00000282111	8	7113	0
9606.ENSP00000282185	4	8502	0
9606.ENSP00000282249	2	8703	0
9606.ENSP00000282251	18	8036	0
9606.ENSP00000282276	8	8592	0
9606.ENSP00000282344	6	7429	0
9606.ENSP00000282356	8	8131	0
9606.ENSP00000282388	1	8704	0
9606.ENSP00000282397	8	8124	0
9606.ENSP00000282412	1	8627	0
9606.ENSP00000282499	4	8604	0
9606.ENSP00000282516	9	8677	0
9606.ENSP00000282538	3	8702	0
9606.ENSP00000282541	1	8704	0
9606.ENSP00000282561	27	7431	0
9606.ENSP00000282588	15	8122	0
9606.ENSP00000282611	1	8702	0
9606.ENSP00000282633	5	8680	0
9606.ENSP00000282753	11	8381	0
9606.ENSP00000282841	2	8703	0
9606.ENSP00000282878	1	8704	0
9606.ENSP00000282892	49	7864	0
9606.ENSP00000282903	2	8701	0
9606.ENSP00000283006	16	8429	0
9606.ENSP00000283027	1	8704	0
9606.ENSP00000283109	20	8015	0
9606.ENSP00000283131	30	7226	0
9606.ENSP00000283147	9	8514	0
9606.ENSP00000283195	43	7197	0
9606.ENSP00000283228	3	8689	0
9606.ENSP00000283243	2	8680	0
9606.ENSP00000283249	18	7643	0
9606.ENSP00000283254	4	8589	0
9606.ENSP00000283285	3	8647	0
9606.ENSP00000283290	8	8310	0
9606.ENSP00000283309	1	8697	0
9606.ENSP00000283351	15	8690	0
9606.ENSP00000283415	11	8632	0
9606.ENSP00000283632	3	8695	0
9606.ENSP00000283875	45	7671	0
9606.ENSP00000283882	2	7983	0
9606.ENSP00000283928	1	8704	0
9606.ENSP00000284073	2	8702	0
9606.ENSP00000284110	1	8704	0
9606.ENSP00000284116	1	8704	0
9606.ENSP00000284136	1	8558	0
9606.ENSP00000284154	1	8206	0
9606.ENSP00000284240	3	8467	0
9606.ENSP00000284274	6	7325	0
9606.ENSP00000284292	6	8263	0
9606.ENSP00000284320	11	7392	0
9606.ENSP00000284322	1	8682	0
9606.ENSP00000284382	9	8696	0
9606.ENSP00000284440	4	7429	0
9606.ENSP00000284476	1	8685	0
9606.ENSP00000284503	2	8392	0
9606.ENSP00000284523	9	8538	0
9606.ENSP00000284601	8	8559	0
9606.ENSP00000284637	1	8629	0
9606.ENSP00000284669	26	7750	0
9606.ENSP00000284719	1	8105	0
9606.ENSP00000284727	10	8657	0
9606.ENSP00000284818	7	7849	0
9606.ENSP00000284856	3	8036	0
9606.ENSP00000284878	1	8704	0
9606.ENSP00000284885	1	8704	0
9606.ENSP00000284981	27	6539	0
9606.ENSP00000284995	4	8636	0
9606.ENSP00000285018	8	8477	0
9606.ENSP00000285021	26	7308	0
9606.ENSP00000285039	4	8321	0
9606.ENSP00000285071	4	8650	0
9606.ENSP00000285093	2	8686	0
9606.ENSP00000285116	6	8587	0
9606.ENSP00000285298	35	8542	0
9606.ENSP00000285311	5	8538	0
9606.ENSP00000285393	20	8646	0
9606.ENSP00000285398	50	7605	0
9606.ENSP00000285402	1	8704	0
9606.ENSP00000285419	1	8703	0
9606.ENSP00000285518	7	8685	0
9606.ENSP00000285599	2	8703	0
9606.ENSP00000285667	1	8434	0
9606.ENSP00000285735	2	8570	0
9606.ENSP00000285814	3	8670	0
9606.ENSP00000285873	16	8265	0
9606.ENSP00000285930	2	8701	0
9606.ENSP00000285968	24	8340	0
9606.ENSP00000286186	8	8246	0
9606.ENSP00000286201	11	7698	0
9606.ENSP00000286234	10	8367	0
9606.ENSP00000286301	3	8522	0
9606.ENSP00000286307	6	8319	0
9606.ENSP00000286317	43	7917	0
9606.ENSP00000286355	4	8698	0
9606.ENSP00000286371	9	8645	0
9606.ENSP00000286398	7	8698	0
9606.ENSP00000286428	7	8465	0
9606.ENSP00000286479	1	8704	0
9606.ENSP00000286523	2	8047	0
9606.ENSP00000286548	21	8087	0
9606.ENSP00000286628	9	8588	0
9606.ENSP00000286639	5	8212	0
9606.ENSP00000286648	9	8694	0
9606.ENSP00000286758	13	8419	0
9606.ENSP00000286760	8	7879	0
9606.ENSP00000286788	26	7664	0
9606.ENSP00000286794	7	8696	0
9606.ENSP00000286827	7	8249	0
9606.ENSP00000286918	7	7871	0
9606.ENSP00000286955	2	8703	0
9606.ENSP00000287139	1	8704	0
9606.ENSP00000287156	8	7299	0
9606.ENSP00000287169	1	8697	0
9606.ENSP00000287239	25	7494	0
9606.ENSP00000287322	1	8560	0
9606.ENSP00000287394	15	7298	0
9606.ENSP00000287437	7	8556	0
9606.ENSP00000287482	3	8550	0
9606.ENSP00000287490	22	8548	0
9606.ENSP00000287598	31	7963	0
9606.ENSP00000287600	3	8630	0
9606.ENSP00000287641	5	8553	0
9606.ENSP00000287647	20	6917	0
9606.ENSP00000287706	1	8542	0
9606.ENSP00000287713	4	8693	0
9606.ENSP00000287727	4	8060	0
9606.ENSP00000287820	35	6756	0
9606.ENSP00000287842	7	7876	0
9606.ENSP00000287878	6	8699	0
9606.ENSP00000287907	2	8327	0
9606.ENSP00000287934	7	8593	0
9606.ENSP00000287936	2	8685	0
9606.ENSP00000288135	6	7918	0
9606.ENSP00000288139	14	8537	0
9606.ENSP00000288167	5	8693	0
9606.ENSP00000288207	3	8583	0
9606.ENSP00000288266	10	7460	0
9606.ENSP00000288368	1	8584	0
9606.ENSP00000288532	4	8700	0
9606.ENSP00000288607	1	8704	0
9606.ENSP00000288670	2	8331	0
9606.ENSP00000288699	1	8698	0
9606.ENSP00000288774	5	8380	0
9606.ENSP00000288828	7	8493	0
9606.ENSP00000288840	4	8048	0
9606.ENSP00000288937	60	8461	0
9606.ENSP00000289081	17	8123	0
9606.ENSP00000289104	1	8641	0
9606.ENSP00000289228	8	8540	0
9606.ENSP00000289316	7	7630	0
9606.ENSP00000289359	1	8668	0
9606.ENSP00000289361	2	8684	0
9606.ENSP00000289371	15	7557	0
9606.ENSP00000289382	14	8627	0
9606.ENSP00000289429	2	8501	0
9606.ENSP00000289473	14	8218	0
9606.ENSP00000289528	4	7429	0
9606.ENSP00000289672	1	8704	0
9606.ENSP00000289746	1	7863	0
9606.ENSP00000289753	2	8462	0
9606.ENSP00000289805	4	8285	0
9606.ENSP00000289902	18	7921	0
9606.ENSP00000289957	2	8694	0
9606.ENSP00000289968	1	8605	0
9606.ENSP00000290130	2	8703	0
9606.ENSP00000290158	9	8093	0
9606.ENSP00000290167	2	8660	0
9606.ENSP00000290200	12	8544	0
9606.ENSP00000290208	49	8489	0
9606.ENSP00000290246	6	8575	0
9606.ENSP00000290277	3	8370	0
9606.ENSP00000290295	2	8697	0
9606.ENSP00000290299	18	8415	0
9606.ENSP00000290310	2	8580	0
9606.ENSP00000290341	9	7100	0
9606.ENSP00000290349	4	8701	0
9606.ENSP00000290354	1	8702	0
9606.ENSP00000290374	3	8248	0
9606.ENSP00000290378	16	8329	0
9606.ENSP00000290401	1	8513	0
9606.ENSP00000290429	6	8576	0
9606.ENSP00000290524	2	8664	0
9606.ENSP00000290541	39	8239	0
9606.ENSP00000290551	1	8464	0
9606.ENSP00000290573	9	8539	0
9606.ENSP00000290649	11	7390	0
9606.ENSP00000290650	1	8676	0
9606.ENSP00000290663	33	8114	0
9606.ENSP00000290722	1	8704	0
9606.ENSP00000290866	1	8585	0
9606.ENSP00000290881	2	8573	0
9606.ENSP00000290913	8	8674	0
9606.ENSP00000290921	13	7420	0
9606.ENSP00000290949	23	8646	0
9606.ENSP00000290953	2	8695	0
9606.ENSP00000291009	1	8704	0
9606.ENSP00000291232	4	8206	0
9606.ENSP00000291295	88	6532	0
9606.ENSP00000291386	3	8384	0
9606.ENSP00000291547	2	8696	0
9606.ENSP00000291552	4	8350	0
9606.ENSP00000291554	2	8703	0
9606.ENSP00000291560	1	8428	0
9606.ENSP00000291565	2	8703	0
9606.ENSP00000291572	8	8685	0
9606.ENSP00000291574	12	8690	0
9606.ENSP00000291576	34	7822	0
9606.ENSP00000291582	18	7668	0
9606.ENSP00000291634	5	8192	0
9606.ENSP00000291688	11	8035	0
9606.ENSP00000291700	7	7436	0
9606.ENSP00000291744	5	8669	0
9606.ENSP00000291759	6	8311	0
9606.ENSP00000291860	9	8575	0
9606.ENSP00000291890	5	8265	0
9606.ENSP00000291900	16	7856	0
9606.ENSP00000291906	2	8651	0
9606.ENSP00000292035	31	8344	0
9606.ENSP00000292079	9	8645	0
9606.ENSP00000292114	11	8653	0
9606.ENSP00000292169	1	8579	0
9606.ENSP00000292174	7	8544	0
9606.ENSP00000292180	4	8689	0
9606.ENSP00000292211	2	8703	0
9606.ENSP00000292301	33	7975	0
9606.ENSP00000292303	35	7848	0
9606.ENSP00000292314	1	8495	0
9606.ENSP00000292363	1	8684	0
9606.ENSP00000292377	1	8239	0
9606.ENSP00000292401	1	8704	0
9606.ENSP00000292408	24	7945	0
9606.ENSP00000292427	1	8704	0
9606.ENSP00000292432	8	8666	0
9606.ENSP00000292475	16	8635	0
9606.ENSP00000292476	12	8522	0
9606.ENSP00000292513	1	8704	0
9606.ENSP00000292599	7	7551	0
9606.ENSP00000292614	48	7189	0
9606.ENSP00000292616	6	8631	0
9606.ENSP00000292782	4	7914	0
9606.ENSP00000292823	1	8704	0
9606.ENSP00000292879	2	8574	0
9606.ENSP00000292896	4	8311	0
9606.ENSP00000292907	22	8548	0
9606.ENSP00000293190	13	8359	0
9606.ENSP00000293217	10	8676	0
9606.ENSP00000293288	8	8265	0
9606.ENSP00000293328	8	7554	0
9606.ENSP00000293330	4	8478	0
9606.ENSP00000293362	2	8659	0
9606.ENSP00000293373	11	8519	0
9606.ENSP00000293379	23	7810	0
9606.ENSP00000293441	5	8258	0
9606.ENSP00000293549	4	8538	0
9606.ENSP00000293636	1	8672	0
9606.ENSP00000293695	4	8701	0
9606.ENSP00000293756	2	8703	0
9606.ENSP00000293760	1	8654	0
9606.ENSP00000293761	2	8703	0
9606.ENSP00000293777	33	8320	0
9606.ENSP00000293778	5	8493	0
9606.ENSP00000293825	2	8661	0
9606.ENSP00000293831	26	8021	0
9606.ENSP00000293860	16	8077	0
9606.ENSP00000293872	4	8519	0
9606.ENSP00000293883	7	8569	0
9606.ENSP00000293897	1	8699	0
9606.ENSP00000293973	1	8652	0
9606.ENSP00000294008	9	8096	0
9606.ENSP00000294016	2	8698	0
9606.ENSP00000294117	2	8455	0
9606.ENSP00000294119	9	8587	0
9606.ENSP00000294129	1	8465	0
9606.ENSP00000294168	27	7460	0
9606.ENSP00000294179	11	8603	0
9606.ENSP00000294189	76	7156	0
9606.ENSP00000294244	1	8522	0
9606.ENSP00000294304	22	8351	0
9606.ENSP00000294309	1	8704	0
9606.ENSP00000294312	4	8143	0
9606.ENSP00000294338	2	8641	0
9606.ENSP00000294339	9	8203	0
9606.ENSP00000294353	16	7856	0
9606.ENSP00000294383	1	8300	0
9606.ENSP00000294413	4	8583	0
9606.ENSP00000294485	1	8682	0
9606.ENSP00000294489	1	8654	0
9606.ENSP00000294507	2	8703	0
9606.ENSP00000294702	1	8348	0
9606.ENSP00000294724	4	8676	0
9606.ENSP00000294728	17	7519	0
9606.ENSP00000294742	11	7924	0
9606.ENSP00000294785	8	8195	0
9606.ENSP00000294952	2	8703	0
9606.ENSP00000294954	4	8367	0
9606.ENSP00000295006	3	8702	0
9606.ENSP00000295025	8	7671	0
9606.ENSP00000295030	5	8560	0
9606.ENSP00000295050	1	8230	0
9606.ENSP00000295101	3	8694	0
9606.ENSP00000295108	1	8596	0
9606.ENSP00000295119	21	8378	0
9606.ENSP00000295121	7	8032	0
9606.ENSP00000295225	3	8441	0
9606.ENSP00000295228	2	8665	0
9606.ENSP00000295240	7	8693	0
9606.ENSP00000295256	1	8704	0
9606.ENSP00000295266	4	8682	0
9606.ENSP00000295269	1	8576	0
9606.ENSP00000295304	1	8704	0
9606.ENSP00000295321	1	8421	0
9606.ENSP00000295379	3	8642	0
9606.ENSP00000295408	2	8703	0
9606.ENSP00000295448	3	8702	0
9606.ENSP00000295452	4	8646	0
9606.ENSP00000295454	7	8635	0
9606.ENSP00000295491	34	8542	0
9606.ENSP00000295522	7	8085	0
9606.ENSP00000295550	2	8703	0
9606.ENSP00000295588	1	8697	0
9606.ENSP00000295589	5	8279	0
9606.ENSP00000295619	2	8703	0
9606.ENSP00000295666	3	8508	0
9606.ENSP00000295682	3	8675	0
9606.ENSP00000295683	16	8269	0
9606.ENSP00000295685	12	7840	0
9606.ENSP00000295688	26	7664	0
9606.ENSP00000295702	5	8579	0
9606.ENSP00000295704	1	8199	0
9606.ENSP00000295718	1	8704	0
9606.ENSP00000295731	8	8516	0
9606.ENSP00000295755	1	8353	0
9606.ENSP00000295756	9	8204	0
9606.ENSP00000295767	2	8699	0
9606.ENSP00000295770	10	8636	0
9606.ENSP00000295797	11	8089	0
9606.ENSP00000295851	12	8481	0
9606.ENSP00000295887	1	8704	0
9606.ENSP00000295888	4	8031	0
9606.ENSP00000295897	26	7305	0
9606.ENSP00000295899	9	8560	0
9606.ENSP00000295900	20	7519	0
9606.ENSP00000295926	1	8640	0
9606.ENSP00000295927	4	8526	0
9606.ENSP00000295981	5	8603	0
9606.ENSP00000296026	5	8490	0
9606.ENSP00000296027	7	8342	0
9606.ENSP00000296028	5	8278	0
9606.ENSP00000296029	9	8509	0
9606.ENSP00000296043	1	8393	0
9606.ENSP00000296046	2	8703	0
9606.ENSP00000296051	2	8703	0
9606.ENSP00000296099	7	8698	0
9606.ENSP00000296102	56	8461	0
9606.ENSP00000296130	2	8322	0
9606.ENSP00000296135	1	8696	0
9606.ENSP00000296137	3	8627	0
9606.ENSP00000296140	25	8142	0
9606.ENSP00000296145	3	8613	0
9606.ENSP00000296149	5	8539	0
9606.ENSP00000296161	1	8704	0
9606.ENSP00000296181	19	7471	0
9606.ENSP00000296215	56	7802	0
9606.ENSP00000296255	18	8530	0
9606.ENSP00000296257	4	8333	0
9606.ENSP00000296266	6	8678	0
9606.ENSP00000296271	7	8208	0
9606.ENSP00000296280	7	8663	0
9606.ENSP00000296318	3	8693	0
9606.ENSP00000296327	1	8704	0
9606.ENSP00000296328	6	8326	0
9606.ENSP00000296333	1	8704	0
9606.ENSP00000296343	4	8363	0
9606.ENSP00000296370	1	8681	0
9606.ENSP00000296387	1	8704	0
9606.ENSP00000296412	1	8704	0
9606.ENSP00000296417	5	7697	0
9606.ENSP00000296424	1	8704	0
9606.ENSP00000296435	6	8344	0
9606.ENSP00000296464	4	8600	0
9606.ENSP00000296473	4	8701	0
9606.ENSP00000296474	1	8704	0
9606.ENSP00000296490	17	7542	0
9606.ENSP00000296503	1	8519	0
9606.ENSP00000296504	17	7771	0
9606.ENSP00000296509	27	7677	0
9606.ENSP00000296518	2	8703	0
9606.ENSP00000296526	8	8402	0
9606.ENSP00000296543	8	8676	0
9606.ENSP00000296545	5	8254	0
9606.ENSP00000296564	33	7682	0
9606.ENSP00000296575	3	8685	0
9606.ENSP00000296577	20	7985	0
9606.ENSP00000296581	58	7869	0
9606.ENSP00000296585	15	8122	0
9606.ENSP00000296597	7	8564	0
9606.ENSP00000296641	1	8693	0
9606.ENSP00000296674	139	6782	0
9606.ENSP00000296679	2	8675	0
9606.ENSP00000296682	1	8587	0
9606.ENSP00000296684	50	8475	0
9606.ENSP00000296695	1	8704	0
9606.ENSP00000296702	12	8038	0
9606.ENSP00000296755	1	8555	0
9606.ENSP00000296782	13	7569	0
9606.ENSP00000296785	4	8405	0
9606.ENSP00000296792	52	7793	0
9606.ENSP00000296795	7	7995	0
9606.ENSP00000296849	1	8704	0
9606.ENSP00000296859	2	8587	0
9606.ENSP00000296861	2	8190	0
9606.ENSP00000296870	9	8383	0
9606.ENSP00000296871	12	7988	0
9606.ENSP00000296930	10	6828	0
9606.ENSP00000296946	1	8704	0
9606.ENSP00000296953	1	8668	0
9606.ENSP00000296980	1	8690	0
9606.ENSP00000297012	31	7554	0
9606.ENSP00000297029	3	8398	0
9606.ENSP00000297044	1	8677	0
9606.ENSP00000297056	1	8704	0
9606.ENSP00000297109	4	7971	0
9606.ENSP00000297135	7	8686	0
9606.ENSP00000297145	3	8638	0
9606.ENSP00000297151	12	8281	0
9606.ENSP00000297156	4	8646	0
9606.ENSP00000297185	12	7350	0
9606.ENSP00000297205	1	8704	0
9606.ENSP00000297258	1	8682	0
9606.ENSP00000297261	10	8516	0
9606.ENSP00000297265	6	8602	0
9606.ENSP00000297268	8	8694	0
9606.ENSP00000297283	2	8703	0
9606.ENSP00000297316	1	8488	0
9606.ENSP00000297323	2	8699	0
9606.ENSP00000297338	14	8611	0
9606.ENSP00000297347	34	7927	0
9606.ENSP00000297350	1	8639	0
9606.ENSP00000297431	13	8281	0
9606.ENSP00000297439	5	8141	0
9606.ENSP00000297494	13	7548	0
9606.ENSP00000297504	1	8704	0
9606.ENSP00000297508	5	8426	0
9606.ENSP00000297512	2	8703	0
9606.ENSP00000297540	4	8259	0
9606.ENSP00000297579	84	7122	0
9606.ENSP00000297581	1	8668	0
9606.ENSP00000297591	10	8544	0
9606.ENSP00000297613	8	8518	0
9606.ENSP00000297689	1	8704	0
9606.ENSP00000297785	3	8702	0
9606.ENSP00000297837	3	8700	0
9606.ENSP00000297904	5	8228	0
9606.ENSP00000297954	1	8704	0
9606.ENSP00000297990	52	7793	0
9606.ENSP00000298130	7	8697	0
9606.ENSP00000298139	8	8278	0
9606.ENSP00000298159	8	7790	0
9606.ENSP00000298229	4	8151	0
9606.ENSP00000298281	2	8603	0
9606.ENSP00000298283	57	7194	0
9606.ENSP00000298288	4	7844	0
9606.ENSP00000298307	16	7856	0
9606.ENSP00000298310	2	8264	0
9606.ENSP00000298316	6	8632	0
9606.ENSP00000298351	1	8685	0
9606.ENSP00000298386	6	8419	0
9606.ENSP00000298428	3	8567	0
9606.ENSP00000298492	4	8485	0
9606.ENSP00000298527	2	8388	0
9606.ENSP00000298532	7	8397	0
9606.ENSP00000298552	19	8079	0
9606.ENSP00000298556	1	8704	0
9606.ENSP00000298573	1	8574	0
9606.ENSP00000298717	13	7864	0
9606.ENSP00000298743	6	8595	0
9606.ENSP00000298767	9	8677	0
9606.ENSP00000298786	3	8589	0
9606.ENSP00000298875	10	8522	0
9606.ENSP00000298910	4	8264	0
9606.ENSP00000298925	1	8693	0
9606.ENSP00000299001	3	8639	0
9606.ENSP00000299022	8	8692	0
9606.ENSP00000299084	1	8704	0
9606.ENSP00000299106	7	8138	0
9606.ENSP00000299138	9	8675	0
9606.ENSP00000299155	2	8609	0
9606.ENSP00000299163	8	8016	0
9606.ENSP00000299166	46	8488	0
9606.ENSP00000299178	4	8566	0
9606.ENSP00000299198	2	8633	0
9606.ENSP00000299238	2	8703	0
9606.ENSP00000299259	14	7408	0
9606.ENSP00000299299	2	8703	0
9606.ENSP00000299300	24	7984	0
9606.ENSP00000299314	1	8704	0
9606.ENSP00000299424	50	7263	0
9606.ENSP00000299427	3	8652	0
9606.ENSP00000299440	1	8522	0
9606.ENSP00000299441	1	8704	0
9606.ENSP00000299518	4	8701	0
9606.ENSP00000299563	1	8303	0
9606.ENSP00000299565	1	8695	0
9606.ENSP00000299575	1	8326	0
9606.ENSP00000299601	41	7513	0
9606.ENSP00000299638	6	8162	0
9606.ENSP00000299663	3	8370	0
9606.ENSP00000299665	3	8571	0
9606.ENSP00000299697	9	8694	0
9606.ENSP00000299705	1	8686	0
9606.ENSP00000299721	3	8663	0
9606.ENSP00000299727	5	8327	0
9606.ENSP00000299766	2	8689	0
9606.ENSP00000299767	15	7440	0
9606.ENSP00000299821	4	8698	0
9606.ENSP00000299847	1	8695	0
9606.ENSP00000299853	17	8077	0
9606.ENSP00000299855	4	8507	0
9606.ENSP00000299886	7	8686	0
9606.ENSP00000300026	8	8302	0
9606.ENSP00000300030	4	8593	0
9606.ENSP00000300035	1	8230	0
9606.ENSP00000300055	2	8694	0
9606.ENSP00000300056	2	8703	0
9606.ENSP00000300060	3	8368	0
9606.ENSP00000300061	5	8590	0
9606.ENSP00000300086	5	8612	0
9606.ENSP00000300087	13	8449	0
9606.ENSP00000300093	9	8171	0
9606.ENSP00000300105	4	8349	0
9606.ENSP00000300107	1	8704	0
9606.ENSP00000300113	1	8576	0
9606.ENSP00000300131	3	8270	0
9606.ENSP00000300134	6	8219	0
9606.ENSP00000300145	24	7656	0
9606.ENSP00000300146	9	8318	0
9606.ENSP00000300151	55	8488	0
9606.ENSP00000300231	2	7885	0
9606.ENSP00000300245	4	8683	0
9606.ENSP00000300283	1	8704	0
9606.ENSP00000300289	13	8275	0
9606.ENSP00000300291	8	8544	0
9606.ENSP00000300305	23	6589	0
9606.ENSP00000300403	3	8389	0
9606.ENSP00000300413	98	7482	0
9606.ENSP00000300452	1	8700	0
9606.ENSP00000300456	1	8702	0
9606.ENSP00000300527	2	8703	0
9606.ENSP00000300574	18	7182	0
9606.ENSP00000300589	6	8106	0
9606.ENSP00000300651	47	6618	0
9606.ENSP00000300659	9	8464	0
9606.ENSP00000300688	15	8635	0
9606.ENSP00000300692	9	8204	0
9606.ENSP00000300738	2	8703	0
9606.ENSP00000300873	2	8455	0
9606.ENSP00000300935	13	8189	0
9606.ENSP00000301019	18	7911	0
9606.ENSP00000301046	4	8422	0
9606.ENSP00000301050	15	8537	0
9606.ENSP00000301061	1	8617	0
9606.ENSP00000301067	11	7770	0
9606.ENSP00000301141	5	8664	0
9606.ENSP00000301149	1	8704	0
9606.ENSP00000301159	7	8173	0
9606.ENSP00000301175	3	8700	0
9606.ENSP00000301178	2	8703	0
9606.ENSP00000301200	1	8331	0
9606.ENSP00000301218	4	8656	0
9606.ENSP00000301280	2	8218	0
9606.ENSP00000301281	8	8382	0
9606.ENSP00000301295	2	8501	0
9606.ENSP00000301336	2	8694	0
9606.ENSP00000301364	24	7320	0
9606.ENSP00000301365	1	8645	0
9606.ENSP00000301396	27	7238	0
9606.ENSP00000301408	4	8596	0
9606.ENSP00000301420	2	8703	0
9606.ENSP00000301452	8	8696	0
9606.ENSP00000301454	1	8698	0
9606.ENSP00000301455	1	8704	0
9606.ENSP00000301457	46	8489	0
9606.ENSP00000301458	1	8704	0
9606.ENSP00000301464	3	8531	0
9606.ENSP00000301466	1	8704	0
9606.ENSP00000301585	46	8488	0
9606.ENSP00000301587	19	8635	0
9606.ENSP00000301633	3	8642	0
9606.ENSP00000301691	2	8538	0
9606.ENSP00000301727	1	7689	0
9606.ENSP00000301729	2	8682	0
9606.ENSP00000301738	1	8534	0
9606.ENSP00000301740	72	7610	0
9606.ENSP00000301761	4	8698	0
9606.ENSP00000301764	39	6990	0
9606.ENSP00000301765	21	8337	0
9606.ENSP00000301788	51	7227	0
9606.ENSP00000301825	4	8700	0
9606.ENSP00000301838	18	7669	0
9606.ENSP00000301873	2	8531	0
9606.ENSP00000301887	2	8658	0
9606.ENSP00000301896	1	8703	0
9606.ENSP00000301945	1	8704	0
9606.ENSP00000301972	2	8677	0
9606.ENSP00000302037	2	8413	0
9606.ENSP00000302079	3	8493	0
9606.ENSP00000302108	2	8703	0
9606.ENSP00000302114	1	8704	0
9606.ENSP00000302150	11	8404	0
9606.ENSP00000302160	58	7869	0
9606.ENSP00000302177	9	8678	0
9606.ENSP00000302194	13	8654	0
9606.ENSP00000302234	12	8117	0
9606.ENSP00000302276	3	8653	0
9606.ENSP00000302289	2	8690	0
9606.ENSP00000302324	2	8700	0
9606.ENSP00000302327	19	7605	0
9606.ENSP00000302413	1	8703	0
9606.ENSP00000302476	3	8476	0
9606.ENSP00000302478	23	8077	0
9606.ENSP00000302486	11	7814	0
9606.ENSP00000302530	7	8406	0
9606.ENSP00000302543	1	8617	0
9606.ENSP00000302548	1	8700	0
9606.ENSP00000302569	9	7930	0
9606.ENSP00000302599	1	8696	0
9606.ENSP00000302620	6	8122	0
9606.ENSP00000302621	1	8674	0
9606.ENSP00000302625	13	7350	0
9606.ENSP00000302629	2	8703	0
9606.ENSP00000302640	1	8607	0
9606.ENSP00000302648	5	8648	0
9606.ENSP00000302724	4	8690	0
9606.ENSP00000302728	1	8668	0
9606.ENSP00000302768	10	8273	0
9606.ENSP00000302783	14	8690	0
9606.ENSP00000302790	1	8527	0
9606.ENSP00000302811	4	8327	0
9606.ENSP00000302830	1	8697	0
9606.ENSP00000302846	2	8703	0
9606.ENSP00000302886	44	6970	0
9606.ENSP00000302898	1	8685	0
9606.ENSP00000302935	1	8491	0
9606.ENSP00000302961	37	6146	0
9606.ENSP00000302967	11	7692	0
9606.ENSP00000302968	1	8704	0
9606.ENSP00000303015	21	8105	0
9606.ENSP00000303077	6	8692	0
9606.ENSP00000303145	7	8462	0
9606.ENSP00000303147	2	8703	0
9606.ENSP00000303158	3	8326	0
9606.ENSP00000303178	1	8704	0
9606.ENSP00000303208	6	7891	0
9606.ENSP00000303231	2	8608	0
9606.ENSP00000303276	3	8701	0
9606.ENSP00000303315	7	8123	0
9606.ENSP00000303325	1	8698	0
9606.ENSP00000303373	83	6352	0
9606.ENSP00000303394	6	8194	0
9606.ENSP00000303398	1	8690	0
9606.ENSP00000303423	2	8703	0
9606.ENSP00000303427	10	8677	0
9606.ENSP00000303452	1	8586	0
9606.ENSP00000303507	1	8469	0
9606.ENSP00000303511	2	8703	0
9606.ENSP00000303522	5	8045	0
9606.ENSP00000303525	2	8666	0
9606.ENSP00000303532	7	8118	0
9606.ENSP00000303540	2	8586	0
9606.ENSP00000303575	2	8703	0
9606.ENSP00000303584	15	7749	0
9606.ENSP00000303634	2	8522	0
9606.ENSP00000303686	3	8388	0
9606.ENSP00000303706	2	8610	0
9606.ENSP00000303709	3	8385	0
9606.ENSP00000303754	11	6958	0
9606.ENSP00000303775	2	8703	0
9606.ENSP00000303830	12	8201	0
9606.ENSP00000303942	4	8389	0
9606.ENSP00000303963	1	8704	0
9606.ENSP00000303978	4	8701	0
9606.ENSP00000304051	1	8704	0
9606.ENSP00000304102	15	7407	0
9606.ENSP00000304147	12	7987	0
9606.ENSP00000304250	1	8674	0
9606.ENSP00000304283	20	7479	0
9606.ENSP00000304292	2	8639	0
9606.ENSP00000304327	1	8389	0
9606.ENSP00000304336	1	8646	0
9606.ENSP00000304353	22	7942	0
9606.ENSP00000304364	2	8703	0
9606.ENSP00000304408	6	8695	0
9606.ENSP00000304422	1	8675	0
9606.ENSP00000304501	1	8561	0
9606.ENSP00000304586	1	8701	0
9606.ENSP00000304592	7	8595	0
9606.ENSP00000304593	5	7988	0
9606.ENSP00000304604	3	8560	0
9606.ENSP00000304642	1	8577	0
9606.ENSP00000304643	45	6752	0
9606.ENSP00000304669	18	7170	0
9606.ENSP00000304767	1	8704	0
9606.ENSP00000304802	3	8700	0
9606.ENSP00000304822	1	8704	0
9606.ENSP00000304891	9	8654	0
9606.ENSP00000304895	15	7239	0
9606.ENSP00000304903	5	8315	0
9606.ENSP00000304915	5	8130	0
9606.ENSP00000304941	10	8689	0
9606.ENSP00000304945	3	8694	0
9606.ENSP00000304987	1	8611	0
9606.ENSP00000305071	4	8502	0
9606.ENSP00000305133	1	8563	0
9606.ENSP00000305230	7	8580	0
9606.ENSP00000305255	6	8627	0
9606.ENSP00000305260	8	8337	0
9606.ENSP00000305288	4	8353	0
9606.ENSP00000305302	1	8585	0
9606.ENSP00000305372	8	8100	0
9606.ENSP00000305416	4	8327	0
9606.ENSP00000305422	13	7245	0
9606.ENSP00000305442	8	8686	0
9606.ENSP00000305449	2	8699	0
9606.ENSP00000305480	5	8156	0
9606.ENSP00000305529	4	8215	0
9606.ENSP00000305556	4	7863	0
9606.ENSP00000305595	2	8703	0
9606.ENSP00000305603	2	8703	0
9606.ENSP00000305613	9	8585	0
9606.ENSP00000305632	3	8612	0
9606.ENSP00000305651	15	8337	0
9606.ENSP00000305682	49	8489	0
9606.ENSP00000305696	3	8597	0
9606.ENSP00000305699	5	8637	0
9606.ENSP00000305714	1	8634	0
9606.ENSP00000305725	2	8703	0
9606.ENSP00000305742	1	8704	0
9606.ENSP00000305766	2	8339	0
9606.ENSP00000305769	7	8144	0
9606.ENSP00000305790	83	7196	0
9606.ENSP00000305810	5	8649	0
9606.ENSP00000305875	3	8589	0
9606.ENSP00000305877	4	8361	0
9606.ENSP00000305918	4	8364	0
9606.ENSP00000305924	1	8689	0
9606.ENSP00000305941	3	8689	0
9606.ENSP00000305988	3	8560	0
9606.ENSP00000305995	2	8495	0
9606.ENSP00000306003	16	8635	0
9606.ENSP00000306010	2	8259	0
9606.ENSP00000306080	13	8496	0
9606.ENSP00000306099	5	8312	0
9606.ENSP00000306105	3	8700	0
9606.ENSP00000306117	1	8704	0
9606.ENSP00000306124	3	8424	0
9606.ENSP00000306138	8	8374	0
9606.ENSP00000306157	6	8508	0
9606.ENSP00000306185	1	8704	0
9606.ENSP00000306220	9	8696	0
9606.ENSP00000306245	24	6996	0
9606.ENSP00000306253	16	7321	0
9606.ENSP00000306275	1	8704	0
9606.ENSP00000306320	4	8701	0
9606.ENSP00000306330	11	8039	0
9606.ENSP00000306397	40	8477	0
9606.ENSP00000306449	1	8701	0
9606.ENSP00000306459	1	8692	0
9606.ENSP00000306490	11	8551	0
9606.ENSP00000306496	2	8511	0
9606.ENSP00000306497	9	8531	0
9606.ENSP00000306512	12	8174	0
9606.ENSP00000306548	64	8331	0
9606.ENSP00000306561	1	8678	0
9606.ENSP00000306606	2	8703	0
9606.ENSP00000306614	28	7897	0
9606.ENSP00000306625	1	8703	0
9606.ENSP00000306662	2	8703	0
9606.ENSP00000306670	1	8036	0
9606.ENSP00000306752	1	8703	0
9606.ENSP00000306760	1	8704	0
9606.ENSP00000306772	8	8508	0
9606.ENSP00000306822	2	8404	0
9606.ENSP00000306844	1	8663	0
9606.ENSP00000306866	20	7719	0
9606.ENSP00000306881	13	8376	0
9606.ENSP00000306884	9	8314	0
9606.ENSP00000306902	67	8461	0
9606.ENSP00000306920	6	8612	0
9606.ENSP00000306983	6	8110	0
9606.ENSP00000306997	1	8690	0
9606.ENSP00000307004	4	8497	0
9606.ENSP00000307046	4	8445	0
9606.ENSP00000307078	11	8252	0
9606.ENSP00000307126	1	8704	0
9606.ENSP00000307134	2	8408	0
9606.ENSP00000307143	11	8357	0
9606.ENSP00000307156	4	8623	0
9606.ENSP00000307181	7	8023	0
9606.ENSP00000307183	31	7063	0
9606.ENSP00000307199	2	8339	0
9606.ENSP00000307208	25	7492	0
9606.ENSP00000307235	1	8613	0
9606.ENSP00000307241	6	8683	0
9606.ENSP00000307259	1	8704	0
9606.ENSP00000307272	26	8145	0
9606.ENSP00000307280	1	8668	0
9606.ENSP00000307288	25	8036	0
9606.ENSP00000307298	16	7856	0
9606.ENSP00000307305	2	8340	0
9606.ENSP00000307342	2	8701	0
9606.ENSP00000307411	3	8110	0
9606.ENSP00000307479	6	8121	0
9606.ENSP00000307491	10	7387	0
9606.ENSP00000307513	2	8680	0
9606.ENSP00000307567	14	8592	0
9606.ENSP00000307666	3	8682	0
9606.ENSP00000307674	3	8702	0
9606.ENSP00000307684	31	7574	0
9606.ENSP00000307697	2	8689	0
9606.ENSP00000307701	1	8687	0
9606.ENSP00000307705	2	8351	0
9606.ENSP00000307766	2	8327	0
9606.ENSP00000307786	15	7965	0
9606.ENSP00000307822	2	8703	0
9606.ENSP00000307833	1	8069	0
9606.ENSP00000307850	2	8470	0
9606.ENSP00000307853	5	8504	0
9606.ENSP00000307863	14	8120	0
9606.ENSP00000307889	83	7156	0
9606.ENSP00000307900	2	8703	0
9606.ENSP00000307911	1	8704	0
9606.ENSP00000307939	5	8582	0
9606.ENSP00000307940	69	7207	0
9606.ENSP00000307959	5	8422	0
9606.ENSP00000307971	2	8703	0
9606.ENSP00000308012	1	8656	0
9606.ENSP00000308022	18	7640	0
9606.ENSP00000308032	2	8679	0
9606.ENSP00000308117	1	8270	0
9606.ENSP00000308122	20	8646	0
9606.ENSP00000308179	53	7793	0
9606.ENSP00000308193	2	8667	0
9606.ENSP00000308208	5	8391	0
9606.ENSP00000308219	9	8505	0
9606.ENSP00000308236	21	7480	0
9606.ENSP00000308258	1	8704	0
9606.ENSP00000308275	38	8489	0
9606.ENSP00000308318	8	8559	0
9606.ENSP00000308339	2	8587	0
9606.ENSP00000308351	16	8428	0
9606.ENSP00000308369	3	8146	0
9606.ENSP00000308405	25	7578	0
9606.ENSP00000308413	1	8673	0
9606.ENSP00000308430	10	8546	0
9606.ENSP00000308461	7	8607	0
9606.ENSP00000308472	5	8354	0
9606.ENSP00000308533	16	8265	0
9606.ENSP00000308541	13	8414	0
9606.ENSP00000308546	4	8479	0
9606.ENSP00000308576	6	8608	0
9606.ENSP00000308583	27	7665	0
9606.ENSP00000308622	3	8603	0
9606.ENSP00000308717	15	8499	0
9606.ENSP00000308720	3	8702	0
9606.ENSP00000308725	10	8635	0
9606.ENSP00000308750	66	7022	0
9606.ENSP00000308772	1	8700	0
9606.ENSP00000308782	9	8025	0
9606.ENSP00000308815	14	8335	0
9606.ENSP00000308897	53	8488	0
9606.ENSP00000308925	3	8485	0
9606.ENSP00000308938	18	7264	0
9606.ENSP00000308944	4	8294	0
9606.ENSP00000309031	1	8647	0
9606.ENSP00000309052	3	8699	0
9606.ENSP00000309092	1	8704	0
9606.ENSP00000309096	2	8703	0
9606.ENSP00000309116	4	8605	0
9606.ENSP00000309124	2	8276	0
9606.ENSP00000309245	1	8581	0
9606.ENSP00000309262	1	8445	0
9606.ENSP00000309334	85	7156	0
9606.ENSP00000309338	2	8672	0
9606.ENSP00000309402	1	8704	0
9606.ENSP00000309415	9	8556	0
9606.ENSP00000309430	4	8701	0
9606.ENSP00000309457	6	8683	0
9606.ENSP00000309474	34	8203	0
9606.ENSP00000309477	2	8701	0
9606.ENSP00000309493	1	8704	0
9606.ENSP00000309504	1	8704	0
9606.ENSP00000309542	2	8703	0
9606.ENSP00000309555	41	7154	0
9606.ENSP00000309565	26	8543	0
9606.ENSP00000309572	23	6776	0
9606.ENSP00000309591	21	7868	0
9606.ENSP00000309595	1	8704	0
9606.ENSP00000309597	3	8631	0
9606.ENSP00000309644	6	8587	0
9606.ENSP00000309749	1	8591	0
9606.ENSP00000309767	12	8483	0
9606.ENSP00000309790	2	8703	0
9606.ENSP00000309830	90	7059	0
9606.ENSP00000309913	4	7791	0
9606.ENSP00000309968	2	8660	0
9606.ENSP00000310003	2	8639	0
9606.ENSP00000310006	1	8399	0
9606.ENSP00000310008	24	7656	0
9606.ENSP00000310036	1	8542	0
9606.ENSP00000310042	2	8544	0
9606.ENSP00000310094	2	8703	0
9606.ENSP00000310120	1	8704	0
9606.ENSP00000310129	38	6785	0
9606.ENSP00000310170	6	8123	0
9606.ENSP00000310208	1	8700	0
9606.ENSP00000310216	9	8575	0
9606.ENSP00000310219	1	8488	0
9606.ENSP00000310226	2	8700	0
9606.ENSP00000310244	1	8704	0
9606.ENSP00000310260	26	8035	0
9606.ENSP00000310263	4	8480	0
9606.ENSP00000310332	2	8069	0
9606.ENSP00000310335	2	8703	0
9606.ENSP00000310356	4	8596	0
9606.ENSP00000310405	2	8703	0
9606.ENSP00000310447	2	8703	0
9606.ENSP00000310448	57	7882	0
9606.ENSP00000310491	2	8227	0
9606.ENSP00000310520	27	7599	0
9606.ENSP00000310551	13	8678	0
9606.ENSP00000310557	6	8250	0
9606.ENSP00000310572	34	8203	0
9606.ENSP00000310596	9	8395	0
9606.ENSP00000310620	4	8688	0
9606.ENSP00000310623	3	8596	0
9606.ENSP00000310631	1	8406	0
9606.ENSP00000310668	25	8313	0
9606.ENSP00000310670	2	8428	0
9606.ENSP00000310688	2	8703	0
9606.ENSP00000310696	3	8667	0
9606.ENSP00000310723	32	7911	0
9606.ENSP00000310726	19	8499	0
9606.ENSP00000310829	6	8699	0
9606.ENSP00000310841	2	7945	0
9606.ENSP00000310842	14	7007	0
9606.ENSP00000310928	3	8503	0
9606.ENSP00000311005	1	8699	0
9606.ENSP00000311032	6	8349	0
9606.ENSP00000311035	4	8506	0
9606.ENSP00000311083	9	7674	0
9606.ENSP00000311095	2	8697	0
9606.ENSP00000311121	17	8355	0
9606.ENSP00000311127	7	8191	0
9606.ENSP00000311135	15	8025	0
9606.ENSP00000311196	3	8535	0
9606.ENSP00000311219	1	8595	0
9606.ENSP00000311224	10	8695	0
9606.ENSP00000311273	6	8699	0
9606.ENSP00000311280	1	8704	0
9606.ENSP00000311313	1	8704	0
9606.ENSP00000311344	13	8565	0
9606.ENSP00000311360	13	8334	0
9606.ENSP00000311368	4	8128	0
9606.ENSP00000311399	2	8657	0
9606.ENSP00000311405	5	8690	0
9606.ENSP00000311427	2	8703	0
9606.ENSP00000311429	2	8695	0
9606.ENSP00000311430	87	7148	0
9606.ENSP00000311449	7	8523	0
9606.ENSP00000311469	1	8547	0
9606.ENSP00000311486	4	8692	0
9606.ENSP00000311500	5	8482	0
9606.ENSP00000311502	1	8686	0
9606.ENSP00000311505	3	8249	0
9606.ENSP00000311513	4	7594	0
9606.ENSP00000311538	1	8562	0
9606.ENSP00000311579	4	8453	0
9606.ENSP00000311648	1	8704	0
9606.ENSP00000311697	6	8276	0
9606.ENSP00000311747	3	8690	0
9606.ENSP00000311816	7	7871	0
9606.ENSP00000311825	7	7921	0
9606.ENSP00000311827	18	7405	0
9606.ENSP00000311837	2	8550	0
9606.ENSP00000311899	1	8678	0
9606.ENSP00000311905	1	8552	0
9606.ENSP00000311962	2	8408	0
9606.ENSP00000311997	4	8701	0
9606.ENSP00000312002	11	7893	0
9606.ENSP00000312021	1	8696	0
9606.ENSP00000312066	8	8262	0
9606.ENSP00000312081	2	8703	0
9606.ENSP00000312082	2	8459	0
9606.ENSP00000312107	6	8639	0
9606.ENSP00000312126	2	8698	0
9606.ENSP00000312129	1	8684	0
9606.ENSP00000312134	1	8700	0
9606.ENSP00000312150	1	8617	0
9606.ENSP00000312158	2	8608	0
9606.ENSP00000312185	8	8374	0
9606.ENSP00000312244	32	6969	0
9606.ENSP00000312250	8	8666	0
9606.ENSP00000312262	11	7911	0
9606.ENSP00000312311	52	8488	0
9606.ENSP00000312326	4	8691	0
9606.ENSP00000312356	2	8632	0
9606.ENSP00000312379	19	7648	0
9606.ENSP00000312397	27	7750	0
9606.ENSP00000312442	7	8596	0
9606.ENSP00000312455	11	8122	0
9606.ENSP00000312617	3	8339	0
9606.ENSP00000312618	3	8507	0
9606.ENSP00000312624	3	8647	0
9606.ENSP00000312631	1	8348	0
9606.ENSP00000312649	21	8067	0
9606.ENSP00000312652	12	8556	0
9606.ENSP00000312663	7	8694	0
9606.ENSP00000312664	4	8576	0
9606.ENSP00000312673	12	8342	0
9606.ENSP00000312675	3	8569	0
9606.ENSP00000312709	65	7040	0
9606.ENSP00000312734	2	8632	0
9606.ENSP00000312741	7	8231	0
9606.ENSP00000312778	15	8627	0
9606.ENSP00000312811	1	8704	0
9606.ENSP00000312834	2	8690	0
9606.ENSP00000312981	29	7925	0
9606.ENSP00000312987	11	7022	0
9606.ENSP00000312988	7	7874	0
9606.ENSP00000312995	8	8272	0
9606.ENSP00000312999	14	8145	0
9606.ENSP00000313007	20	7551	0
9606.ENSP00000313034	27	7413	0
9606.ENSP00000313169	2	8695	0
9606.ENSP00000313171	4	8656	0
9606.ENSP00000313172	1	8305	0
9606.ENSP00000313199	6	7517	0
9606.ENSP00000313309	2	8702	0
9606.ENSP00000313377	2	8703	0
9606.ENSP00000313391	3	8615	0
9606.ENSP00000313419	8	8113	0
9606.ENSP00000313420	28	7634	0
9606.ENSP00000313423	5	8594	0
9606.ENSP00000313432	2	8702	0
9606.ENSP00000313454	7	7427	0
9606.ENSP00000313504	8	8263	0
9606.ENSP00000313571	1	8704	0
9606.ENSP00000313581	2	8703	0
9606.ENSP00000313582	1	8649	0
9606.ENSP00000313600	6	8696	0
9606.ENSP00000313603	23	7921	0
9606.ENSP00000313681	6	8260	0
9606.ENSP00000313809	1	8704	0
9606.ENSP00000313829	3	7613	0
9606.ENSP00000313851	8	8677	0
9606.ENSP00000313869	1	8698	0
9606.ENSP00000313875	6	8305	0
9606.ENSP00000313877	1	8574	0
9606.ENSP00000313933	20	7883	0
9606.ENSP00000313950	5	8568	0
9606.ENSP00000313967	4	8696	0
9606.ENSP00000313983	28	7539	0
9606.ENSP00000313995	16	7856	0
9606.ENSP00000314004	42	6783	0
9606.ENSP00000314029	27	7238	0
9606.ENSP00000314030	1	8336	0
9606.ENSP00000314036	8	8685	0
9606.ENSP00000314042	1	8466	0
9606.ENSP00000314067	7	8100	0
9606.ENSP00000314080	1	8469	0
9606.ENSP00000314129	2	8645	0
9606.ENSP00000314151	3	8606	0
9606.ENSP00000314193	53	7793	0
9606.ENSP00000314223	2	8327	0
9606.ENSP00000314299	1	8620	0
9606.ENSP00000314420	2	8653	0
9606.ENSP00000314441	1	8704	0
9606.ENSP00000314444	6	8678	0
9606.ENSP00000314499	4	8592	0
9606.ENSP00000314505	7	8345	0
9606.ENSP00000314508	4	8582	0
9606.ENSP00000314543	1	8420	0
9606.ENSP00000314544	2	8701	0
9606.ENSP00000314608	1	8534	0
9606.ENSP00000314733	6	7925	0
9606.ENSP00000314807	10	8419	0
9606.ENSP00000314897	6	8084	0
9606.ENSP00000314976	6	8548	0
9606.ENSP00000315011	4	8631	0
9606.ENSP00000315017	27	8529	0
9606.ENSP00000315112	19	6853	0
9606.ENSP00000315130	11	7913	0
9606.ENSP00000315137	5	8477	0
9606.ENSP00000315182	1	8530	0
9606.ENSP00000315190	17	7903	0
9606.ENSP00000315299	45	6752	0
9606.ENSP00000315379	56	7882	0
9606.ENSP00000315397	35	8542	0
9606.ENSP00000315476	17	8532	0
9606.ENSP00000315477	12	7914	0
9606.ENSP00000315564	4	8391	0
9606.ENSP00000315602	7	8694	0
9606.ENSP00000315644	2	8703	0
9606.ENSP00000315680	4	8602	0
9606.ENSP00000315693	4	8516	0
9606.ENSP00000315700	2	8218	0
9606.ENSP00000315702	11	8471	0
9606.ENSP00000315713	2	8703	0
9606.ENSP00000315743	1	8621	0
9606.ENSP00000315768	10	7362	0
9606.ENSP00000315774	52	8475	0
9606.ENSP00000315775	8	8658	0
9606.ENSP00000315791	10	8422	0
9606.ENSP00000315915	1	8463	0
9606.ENSP00000315931	2	8703	0
9606.ENSP00000315997	11	7640	0
9606.ENSP00000316029	24	7116	0
9606.ENSP00000316032	30	7980	0
9606.ENSP00000316054	22	8281	0
9606.ENSP00000316114	47	7058	0
9606.ENSP00000316130	2	8655	0
9606.ENSP00000316176	25	7016	0
9606.ENSP00000316228	7	8325	0
9606.ENSP00000316244	4	8245	0
9606.ENSP00000316329	9	8579	0
9606.ENSP00000316335	2	8703	0
9606.ENSP00000316338	8	7964	0
9606.ENSP00000316357	2	8146	0
9606.ENSP00000316377	4	8355	0
9606.ENSP00000316416	9	8559	0
9606.ENSP00000316476	1	8704	0
9606.ENSP00000316512	1	8418	0
9606.ENSP00000316543	1	8484	0
9606.ENSP00000316578	36	7238	0
9606.ENSP00000316589	1	8697	0
9606.ENSP00000316598	8	8546	0
9606.ENSP00000316605	1	8704	0
9606.ENSP00000316609	6	8670	0
9606.ENSP00000316675	1	8655	0
9606.ENSP00000316779	6	7926	0
9606.ENSP00000316786	2	8703	0
9606.ENSP00000316845	2	8492	0
9606.ENSP00000316909	6	8699	0
9606.ENSP00000316924	3	8470	0
9606.ENSP00000316948	1	8704	0
9606.ENSP00000317027	2	8703	0
9606.ENSP00000317039	8	8439	0
9606.ENSP00000317123	86	7636	0
9606.ENSP00000317128	3	8551	0
9606.ENSP00000317159	38	8455	0
9606.ENSP00000317272	17	6645	0
9606.ENSP00000317300	12	8632	0
9606.ENSP00000317331	9	8565	0
9606.ENSP00000317334	23	7664	0
9606.ENSP00000317376	59	8532	0
9606.ENSP00000317379	2	8703	0
9606.ENSP00000317382	3	8700	0
9606.ENSP00000317404	2	8703	0
9606.ENSP00000317445	1	8701	0
9606.ENSP00000317468	26	8314	0
9606.ENSP00000317469	8	8667	0
9606.ENSP00000317473	5	8611	0
9606.ENSP00000317578	6	8398	0
9606.ENSP00000317674	4	8136	0
9606.ENSP00000317691	22	7942	0
9606.ENSP00000317714	17	8498	0
9606.ENSP00000317721	2	8703	0
9606.ENSP00000317780	28	8543	0
9606.ENSP00000317790	3	8491	0
9606.ENSP00000317817	4	8237	0
9606.ENSP00000317872	2	7569	0
9606.ENSP00000317891	3	7584	0
9606.ENSP00000317904	4	8678	0
9606.ENSP00000317955	7	8120	0
9606.ENSP00000317971	1	8295	0
9606.ENSP00000317985	2	8510	0
9606.ENSP00000317992	5	7581	0
9606.ENSP00000317997	10	8578	0
9606.ENSP00000318016	7	8530	0
9606.ENSP00000318057	3	7683	0
9606.ENSP00000318066	1	8704	0
9606.ENSP00000318094	10	8050	0
9606.ENSP00000318128	7	8570	0
9606.ENSP00000318142	1	8696	0
9606.ENSP00000318147	2	8701	0
9606.ENSP00000318158	36	8542	0
9606.ENSP00000318165	7	8433	0
9606.ENSP00000318176	3	8325	0
9606.ENSP00000318195	6	7820	0
9606.ENSP00000318197	12	8183	0
9606.ENSP00000318297	76	6079	0
9606.ENSP00000318351	3	8688	0
9606.ENSP00000318429	2	8703	0
9606.ENSP00000318486	1	8674	0
9606.ENSP00000318585	3	7962	0
9606.ENSP00000318629	21	8337	0
9606.ENSP00000318635	12	7473	0
9606.ENSP00000318641	17	8530	0
9606.ENSP00000318646	74	7192	0
9606.ENSP00000318650	1	8691	0
9606.ENSP00000318690	3	8497	0
9606.ENSP00000318697	9	8480	0
9606.ENSP00000318803	1	8696	0
9606.ENSP00000318822	9	8391	0
9606.ENSP00000318861	67	7508	0
9606.ENSP00000318868	2	8648	0
9606.ENSP00000318884	1	8704	0
9606.ENSP00000319060	1	8264	0
9606.ENSP00000319104	21	7478	0
9606.ENSP00000319169	28	7184	0
9606.ENSP00000319170	2	8703	0
9606.ENSP00000319240	64	7699	0
9606.ENSP00000319341	7	8311	0
9606.ENSP00000319370	9	8588	0
9606.ENSP00000319417	6	8587	0
9606.ENSP00000319464	1	8704	0
9606.ENSP00000319476	9	8030	0
9606.ENSP00000319482	1	8668	0
9606.ENSP00000319486	1	8601	0
9606.ENSP00000319531	3	8675	0
9606.ENSP00000319591	4	8684	0
9606.ENSP00000319597	5	8407	0
9606.ENSP00000319635	22	7756	0
9606.ENSP00000319636	2	8703	0
9606.ENSP00000319664	1	8574	0
9606.ENSP00000319713	1	8659	0
9606.ENSP00000319756	1	8696	0
9606.ENSP00000319788	1	8703	0
9606.ENSP00000319799	1	8177	0
9606.ENSP00000319814	1	8704	0
9606.ENSP00000319846	1	8704	0
9606.ENSP00000319883	2	8582	0
9606.ENSP00000320006	4	8528	0
9606.ENSP00000320025	6	8574	0
9606.ENSP00000320043	4	8700	0
9606.ENSP00000320081	7	8624	0
9606.ENSP00000320084	3	8526	0
9606.ENSP00000320092	3	8244	0
9606.ENSP00000320117	4	8148	0
9606.ENSP00000320130	11	8449	0
9606.ENSP00000320147	53	6396	0
9606.ENSP00000320171	13	7259	0
9606.ENSP00000320176	20	7006	0
9606.ENSP00000320180	3	8339	0
9606.ENSP00000320184	35	8542	0
9606.ENSP00000320209	1	8704	0
9606.ENSP00000320236	5	8681	0
9606.ENSP00000320291	2	8694	0
9606.ENSP00000320295	12	8459	0
9606.ENSP00000320309	2	8703	0
9606.ENSP00000320346	33	7682	0
9606.ENSP00000320359	15	8627	0
9606.ENSP00000320378	1	8685	0
9606.ENSP00000320416	21	8337	0
9606.ENSP00000320485	31	7374	0
9606.ENSP00000320508	1	8702	0
9606.ENSP00000320543	3	8498	0
9606.ENSP00000320566	34	7268	0
9606.ENSP00000320567	36	8536	0
9606.ENSP00000320658	1	8704	0
9606.ENSP00000320663	1	8651	0
9606.ENSP00000320679	2	8637	0
9606.ENSP00000320866	19	7929	0
9606.ENSP00000320885	2	8649	0
9606.ENSP00000320886	3	8595	0
9606.ENSP00000320898	10	7277	0
9606.ENSP00000320924	4	8294	0
9606.ENSP00000320935	2	8703	0
9606.ENSP00000320936	7	8603	0
9606.ENSP00000320949	19	8490	0
9606.ENSP00000320951	4	8412	0
9606.ENSP00000321070	2	8703	0
9606.ENSP00000321106	6	8544	0
9606.ENSP00000321203	5	7409	0
9606.ENSP00000321221	3	8111	0
9606.ENSP00000321239	1	8669	0
9606.ENSP00000321260	14	8557	0
9606.ENSP00000321326	12	8194	0
9606.ENSP00000321330	1	8531	0
9606.ENSP00000321334	1	8645	0
9606.ENSP00000321345	5	8368	0
9606.ENSP00000321348	1	8673	0
9606.ENSP00000321388	21	7831	0
9606.ENSP00000321424	3	8641	0
9606.ENSP00000321449	50	7793	0
9606.ENSP00000321455	5	8698	0
9606.ENSP00000321537	4	8296	0
9606.ENSP00000321546	7	8570	0
9606.ENSP00000321584	1	8704	0
9606.ENSP00000321617	1	8647	0
9606.ENSP00000321636	9	8439	0
9606.ENSP00000321656	11	8137	0
9606.ENSP00000321691	1	8704	0
9606.ENSP00000321706	18	7969	0
9606.ENSP00000321711	16	8604	0
9606.ENSP00000321735	1	8557	0
9606.ENSP00000321744	46	6776	0
9606.ENSP00000321797	7	8255	0
9606.ENSP00000321826	2	8608	0
9606.ENSP00000321835	1	8386	0
9606.ENSP00000321853	2	8169	0
9606.ENSP00000321874	2	8703	0
9606.ENSP00000321971	3	8650	0
9606.ENSP00000322061	9	8302	0
9606.ENSP00000322170	6	7865	0
9606.ENSP00000322180	6	8656	0
9606.ENSP00000322181	8	8693	0
9606.ENSP00000322192	2	8703	0
9606.ENSP00000322229	7	8680	0
9606.ENSP00000322249	4	8600	0
9606.ENSP00000322251	2	8637	0
9606.ENSP00000322276	1	8704	0
9606.ENSP00000322316	3	8700	0
9606.ENSP00000322323	1	8704	0
9606.ENSP00000322343	1	8486	0
9606.ENSP00000322396	1	8604	0
9606.ENSP00000322421	39	7261	0
9606.ENSP00000322439	26	8315	0
9606.ENSP00000322457	2	8650	0
9606.ENSP00000322460	8	8564	0
9606.ENSP00000322524	1	8700	0
9606.ENSP00000322532	1	8531	0
9606.ENSP00000322570	24	7873	0
9606.ENSP00000322617	4	8701	0
9606.ENSP00000322706	1	8704	0
9606.ENSP00000322775	1	8632	0
9606.ENSP00000322788	5	8514	0
9606.ENSP00000322804	1	8404	0
9606.ENSP00000322832	1	8704	0
9606.ENSP00000322898	2	8617	0
9606.ENSP00000322924	2	8327	0
9606.ENSP00000322991	3	8692	0
9606.ENSP00000323046	17	8532	0
9606.ENSP00000323047	9	8536	0
9606.ENSP00000323065	52	8467	0
9606.ENSP00000323071	10	8695	0
9606.ENSP00000323076	13	8563	0
9606.ENSP00000323099	6	8093	0
9606.ENSP00000323246	1	8704	0
9606.ENSP00000323264	13	8186	0
9606.ENSP00000323280	1	8689	0
9606.ENSP00000323300	1	8704	0
9606.ENSP00000323421	13	8677	0
9606.ENSP00000323511	4	8516	0
9606.ENSP00000323516	1	8704	0
9606.ENSP00000323527	1	8686	0
9606.ENSP00000323568	1	8703	0
9606.ENSP00000323580	16	8627	0
9606.ENSP00000323588	9	7585	0
9606.ENSP00000323687	1	8704	0
9606.ENSP00000323696	2	8652	0
9606.ENSP00000323720	46	7871	0
9606.ENSP00000323856	6	8349	0
9606.ENSP00000323867	6	8699	0
9606.ENSP00000323889	7	7394	0
9606.ENSP00000323901	5	8629	0
9606.ENSP00000323929	9	8137	0
9606.ENSP00000323967	30	7464	0
9606.ENSP00000324020	1	8702	0
9606.ENSP00000324064	1	8649	0
9606.ENSP00000324101	9	7864	0
9606.ENSP00000324105	1	8700	0
9606.ENSP00000324122	82	7030	0
9606.ENSP00000324124	69	7266	0
9606.ENSP00000324173	15	8066	0
9606.ENSP00000324203	8	8170	0
9606.ENSP00000324270	2	8466	0
9606.ENSP00000324287	1	8704	0
9606.ENSP00000324318	14	8690	0
9606.ENSP00000324323	4	8641	0
9606.ENSP00000324404	4	7649	0
9606.ENSP00000324422	9	7782	0
9606.ENSP00000324511	3	8651	0
9606.ENSP00000324532	2	8697	0
9606.ENSP00000324560	8	8202	0
9606.ENSP00000324573	2	8616	0
9606.ENSP00000324628	1	8690	0
9606.ENSP00000324648	4	8679	0
9606.ENSP00000324729	5	8647	0
9606.ENSP00000324804	34	8310	0
9606.ENSP00000324806	24	6681	0
9606.ENSP00000324810	22	8334	0
9606.ENSP00000324842	2	8703	0
9606.ENSP00000324856	6	8400	0
9606.ENSP00000324857	1	8672	0
9606.ENSP00000324890	21	7731	0
9606.ENSP00000324944	9	8678	0
9606.ENSP00000325002	8	8683	0
9606.ENSP00000325017	5	8698	0
9606.ENSP00000325018	1	8649	0
9606.ENSP00000325074	13	8488	0
9606.ENSP00000325120	8	7416	0
9606.ENSP00000325136	3	8682	0
9606.ENSP00000325285	1	8704	0
9606.ENSP00000325296	2	8703	0
9606.ENSP00000325313	1	8690	0
9606.ENSP00000325326	1	8683	0
9606.ENSP00000325369	21	8571	0
9606.ENSP00000325376	2	8450	0
9606.ENSP00000325377	8	8538	0
9606.ENSP00000325398	4	8701	0
9606.ENSP00000325425	2	8703	0
9606.ENSP00000325448	14	8592	0
9606.ENSP00000325485	9	8696	0
9606.ENSP00000325525	12	8387	0
9606.ENSP00000325526	7	8514	0
9606.ENSP00000325527	6	8241	0
9606.ENSP00000325548	2	8703	0
9606.ENSP00000325562	6	8674	0
9606.ENSP00000325589	1	8649	0
9606.ENSP00000325594	1	8696	0
9606.ENSP00000325612	33	8320	0
9606.ENSP00000325663	2	8174	0
9606.ENSP00000325674	1	8684	0
9606.ENSP00000325677	5	8299	0
9606.ENSP00000325681	4	8701	0
9606.ENSP00000325690	31	6231	0
9606.ENSP00000325708	1	8595	0
9606.ENSP00000325748	7	8500	0
9606.ENSP00000325819	1	8575	0
9606.ENSP00000325822	1	8704	0
9606.ENSP00000325827	5	8579	0
9606.ENSP00000325863	4	8037	0
9606.ENSP00000325905	5	8347	0
9606.ENSP00000325919	17	8078	0
9606.ENSP00000326018	4	8369	0
9606.ENSP00000326031	16	7825	0
9606.ENSP00000326042	12	8183	0
9606.ENSP00000326052	1	8704	0
9606.ENSP00000326119	8	8391	0
9606.ENSP00000326128	24	7847	0
9606.ENSP00000326159	3	8603	0
9606.ENSP00000326219	2	8703	0
9606.ENSP00000326238	3	8530	0
9606.ENSP00000326261	20	8198	0
9606.ENSP00000326305	1	8704	0
9606.ENSP00000326340	3	8494	0
9606.ENSP00000326366	16	7314	0
9606.ENSP00000326381	10	8232	0
9606.ENSP00000326432	7	8576	0
9606.ENSP00000326519	9	7924	0
9606.ENSP00000326531	9	8560	0
9606.ENSP00000326550	4	8494	0
9606.ENSP00000326563	3	8240	0
9606.ENSP00000326630	4	8082	0
9606.ENSP00000326649	1	8704	0
9606.ENSP00000326737	1	8697	0
9606.ENSP00000326767	29	8344	0
9606.ENSP00000326804	42	6776	0
9606.ENSP00000326806	31	7635	0
9606.ENSP00000326813	6	7403	0
9606.ENSP00000326888	2	8502	0
9606.ENSP00000326948	1	8704	0
9606.ENSP00000326981	56	7782	0
9606.ENSP00000327025	6	8244	0
9606.ENSP00000327048	5	8167	0
9606.ENSP00000327054	3	8646	0
9606.ENSP00000327116	1	8682	0
9606.ENSP00000327145	11	7978	0
9606.ENSP00000327179	55	7793	0
9606.ENSP00000327191	16	8100	0
9606.ENSP00000327213	4	7904	0
9606.ENSP00000327246	6	8180	0
9606.ENSP00000327251	9	8246	0
9606.ENSP00000327268	49	8475	0
9606.ENSP00000327290	15	8122	0
9606.ENSP00000327336	10	7772	0
9606.ENSP00000327431	1	8664	0
9606.ENSP00000327436	6	7937	0
9606.ENSP00000327440	1	8704	0
9606.ENSP00000327467	6	8698	0
9606.ENSP00000327487	4	8636	0
9606.ENSP00000327509	1	8591	0
9606.ENSP00000327513	2	8580	0
9606.ENSP00000327589	1	8704	0
9606.ENSP00000327599	2	8207	0
9606.ENSP00000327650	7	8683	0
9606.ENSP00000327687	4	8656	0
9606.ENSP00000327694	23	8524	0
9606.ENSP00000327758	3	8497	0
9606.ENSP00000327786	1	8704	0
9606.ENSP00000327796	2	8293	0
9606.ENSP00000327801	3	8692	0
9606.ENSP00000327821	1	8529	0
9606.ENSP00000327824	5	8548	0
9606.ENSP00000327889	25	8035	0
9606.ENSP00000327890	2	8562	0
9606.ENSP00000327943	1	8703	0
9606.ENSP00000327959	2	8313	0
9606.ENSP00000328004	8	8160	0
9606.ENSP00000328023	4	8584	0
9606.ENSP00000328059	7	7318	0
9606.ENSP00000328088	1	8704	0
9606.ENSP00000328111	2	8693	0
9606.ENSP00000328133	5	8658	0
9606.ENSP00000328169	5	8523	0
9606.ENSP00000328181	3	8661	0
9606.ENSP00000328207	1	8704	0
9606.ENSP00000328228	1	8654	0
9606.ENSP00000328236	2	8695	0
9606.ENSP00000328269	6	7873	0
9606.ENSP00000328277	1	8704	0
9606.ENSP00000328287	2	8694	0
9606.ENSP00000328340	1	8365	0
9606.ENSP00000328359	2	8703	0
9606.ENSP00000328412	3	8702	0
9606.ENSP00000328423	2	8599	0
9606.ENSP00000328472	1	8406	0
9606.ENSP00000328478	2	8614	0
9606.ENSP00000328484	30	7572	0
9606.ENSP00000328511	3	8361	0
9606.ENSP00000328524	2	8597	0
9606.ENSP00000328547	25	7212	0
9606.ENSP00000328570	2	8701	0
9606.ENSP00000328598	2	8697	0
9606.ENSP00000328625	1	8552	0
9606.ENSP00000328708	9	8100	0
9606.ENSP00000328720	5	8086	0
9606.ENSP00000328729	1	8690	0
9606.ENSP00000328773	5	8456	0
9606.ENSP00000328777	9	8481	0
9606.ENSP00000328854	57	7793	0
9606.ENSP00000328875	17	8675	0
9606.ENSP00000328940	2	8633	0
9606.ENSP00000328968	14	8101	0
9606.ENSP00000328998	3	8679	0
9606.ENSP00000329093	1	8704	0
9606.ENSP00000329097	1	8223	0
9606.ENSP00000329102	7	8173	0
9606.ENSP00000329140	10	8329	0
9606.ENSP00000329213	1	8631	0
9606.ENSP00000329219	2	8328	0
9606.ENSP00000329312	4	8331	0
9606.ENSP00000329357	14	6890	0
9606.ENSP00000329380	10	8091	0
9606.ENSP00000329403	5	8263	0
9606.ENSP00000329419	11	8624	0
9606.ENSP00000329471	2	8703	0
9606.ENSP00000329507	3	8097	0
9606.ENSP00000329668	2	8196	0
9606.ENSP00000329684	6	8339	0
9606.ENSP00000329697	10	8469	0
9606.ENSP00000329715	1	8704	0
9606.ENSP00000329757	21	8643	0
9606.ENSP00000329797	5	8524	0
9606.ENSP00000329880	1	8404	0
9606.ENSP00000329890	1	8585	0
9606.ENSP00000329915	16	8100	0
9606.ENSP00000329926	1	8704	0
9606.ENSP00000329932	4	8391	0
9606.ENSP00000329933	7	7777	0
9606.ENSP00000329967	21	7208	0
9606.ENSP00000329991	4	8653	0
9606.ENSP00000330032	3	8702	0
9606.ENSP00000330074	2	8647	0
9606.ENSP00000330200	1	8691	0
9606.ENSP00000330221	1	8704	0
9606.ENSP00000330237	6	8267	0
9606.ENSP00000330284	3	8702	0
9606.ENSP00000330289	14	8690	0
9606.ENSP00000330341	9	8047	0
9606.ENSP00000330381	5	7862	0
9606.ENSP00000330382	10	7966	0
9606.ENSP00000330393	3	8367	0
9606.ENSP00000330442	5	8700	0
9606.ENSP00000330484	4	8701	0
9606.ENSP00000330572	6	8561	0
9606.ENSP00000330633	5	8430	0
9606.ENSP00000330658	3	8666	0
9606.ENSP00000330694	7	8556	0
9606.ENSP00000330696	10	8519	0
9606.ENSP00000330737	51	8475	0
9606.ENSP00000330753	1	8011	0
9606.ENSP00000330825	3	8455	0
9606.ENSP00000330875	15	8172	0
9606.ENSP00000330898	2	8280	0
9606.ENSP00000330945	2	8686	0
9606.ENSP00000330959	5	8434	0
9606.ENSP00000331019	1	8308	0
9606.ENSP00000331087	2	8384	0
9606.ENSP00000331103	2	8703	0
9606.ENSP00000331106	1	8704	0
9606.ENSP00000331111	13	8125	0
9606.ENSP00000331127	1	8703	0
9606.ENSP00000331152	1	8347	0
9606.ENSP00000331172	9	8204	0
9606.ENSP00000331201	24	8276	0
9606.ENSP00000331210	3	8589	0
9606.ENSP00000331242	5	8538	0
9606.ENSP00000331302	1	8367	0
9606.ENSP00000331310	32	7102	0
9606.ENSP00000331342	5	8598	0
9606.ENSP00000331358	2	8701	0
9606.ENSP00000331369	1	8703	0
9606.ENSP00000331487	10	7373	0
9606.ENSP00000331544	2	8257	0
9606.ENSP00000331602	5	8485	0
9606.ENSP00000331614	3	7833	0
9606.ENSP00000331640	1	8571	0
9606.ENSP00000331678	1	8628	0
9606.ENSP00000331682	26	7750	0
9606.ENSP00000331736	9	7928	0
9606.ENSP00000331746	9	8280	0
9606.ENSP00000331831	3	8702	0
9606.ENSP00000331849	7	8496	0
9606.ENSP00000331857	9	8499	0
9606.ENSP00000331867	2	8703	0
9606.ENSP00000331897	4	8701	0
9606.ENSP00000331901	2	8688	0
9606.ENSP00000331902	1	8501	0
9606.ENSP00000331983	1	8667	0
9606.ENSP00000332049	11	8366	0
9606.ENSP00000332103	6	8696	0
9606.ENSP00000332118	3	8676	0
9606.ENSP00000332164	4	8668	0
9606.ENSP00000332194	51	7336	0
9606.ENSP00000332198	18	7885	0
9606.ENSP00000332225	2	8703	0
9606.ENSP00000332247	14	8647	0
9606.ENSP00000332256	3	8702	0
9606.ENSP00000332296	6	8364	0
9606.ENSP00000332340	4	8546	0
9606.ENSP00000332353	10	8380	0
9606.ENSP00000332444	4	8550	0
9606.ENSP00000332448	1	8704	0
9606.ENSP00000332454	1	8691	0
9606.ENSP00000332504	4	8625	0
9606.ENSP00000332549	18	8020	0
9606.ENSP00000332591	3	8391	0
9606.ENSP00000332604	30	7874	0
9606.ENSP00000332656	6	8699	0
9606.ENSP00000332659	2	8628	0
9606.ENSP00000332679	1	8683	0
9606.ENSP00000332706	1	8613	0
9606.ENSP00000332723	2	8690	0
9606.ENSP00000332737	3	8230	0
9606.ENSP00000332756	1	8697	0
9606.ENSP00000332766	3	8702	0
9606.ENSP00000332771	1	8704	0
9606.ENSP00000332790	22	7594	0
9606.ENSP00000332887	24	8524	0
9606.ENSP00000332900	1	8370	0
9606.ENSP00000332963	1	8704	0
9606.ENSP00000332973	43	6166	0
9606.ENSP00000332979	3	7686	0
9606.ENSP00000333012	1	8625	0
9606.ENSP00000333019	1	8704	0
9606.ENSP00000333157	9	8559	0
9606.ENSP00000333203	3	8637	0
9606.ENSP00000333262	3	8702	0
9606.ENSP00000333266	7	7415	0
9606.ENSP00000333277	158	5941	0
9606.ENSP00000333283	13	8394	0
9606.ENSP00000333298	3	8702	0
9606.ENSP00000333326	12	8183	0
9606.ENSP00000333363	6	8699	0
9606.ENSP00000333401	51	8488	0
9606.ENSP00000333433	6	8587	0
9606.ENSP00000333496	7	8580	0
9606.ENSP00000333547	5	8601	0
9606.ENSP00000333633	13	7856	0
9606.ENSP00000333639	4	8653	0
9606.ENSP00000333657	1	8698	0
9606.ENSP00000333664	7	8677	0
9606.ENSP00000333667	6	8472	0
9606.ENSP00000333685	4	8560	0
9606.ENSP00000333769	14	7692	0
9606.ENSP00000333800	7	8269	0
9606.ENSP00000333821	3	8358	0
9606.ENSP00000333837	33	8534	0
9606.ENSP00000333896	1	8704	0
9606.ENSP00000333919	3	8231	0
9606.ENSP00000333920	1	8704	0
9606.ENSP00000333934	1	8684	0
9606.ENSP00000333946	2	8700	0
9606.ENSP00000333982	4	8473	0
9606.ENSP00000333984	6	8571	0
9606.ENSP00000334002	16	8169	0
9606.ENSP00000334003	3	8702	0
9606.ENSP00000334008	10	7863	0
9606.ENSP00000334037	9	8696	0
9606.ENSP00000334042	1	8689	0
9606.ENSP00000334051	4	8339	0
9606.ENSP00000334100	10	8241	0
9606.ENSP00000334122	6	8276	0
9606.ENSP00000334134	2	8555	0
9606.ENSP00000334140	16	7856	0
9606.ENSP00000334145	5	8677	0
9606.ENSP00000334198	2	8703	0
9606.ENSP00000334216	2	8703	0
9606.ENSP00000334223	2	8699	0
9606.ENSP00000334300	1	8702	0
9606.ENSP00000334308	5	8636	0
9606.ENSP00000334329	5	8201	0
9606.ENSP00000334373	8	7503	0
9606.ENSP00000334382	5	8318	0
9606.ENSP00000334448	23	8129	0
9606.ENSP00000334564	17	8077	0
9606.ENSP00000334642	1	8696	0
9606.ENSP00000334675	2	8624	0
9606.ENSP00000334844	8	8692	0
9606.ENSP00000334876	4	8559	0
9606.ENSP00000334910	1	8702	0
9606.ENSP00000334928	2	8486	0
9606.ENSP00000334941	1	8595	0
9606.ENSP00000335044	19	7584	0
9606.ENSP00000335055	9	8519	0
9606.ENSP00000335062	14	7462	0
9606.ENSP00000335074	1	8579	0
9606.ENSP00000335076	2	7925	0
9606.ENSP00000335091	1	8340	0
9606.ENSP00000335153	67	5115	0
9606.ENSP00000335193	6	8683	0
9606.ENSP00000335196	1	8666	0
9606.ENSP00000335203	1	8486	0
9606.ENSP00000335246	3	8702	0
9606.ENSP00000335247	1	8678	0
9606.ENSP00000335292	1	8704	0
9606.ENSP00000335304	4	8683	0
9606.ENSP00000335320	8	7703	0
9606.ENSP00000335321	74	7575	0
9606.ENSP00000335357	1	8484	0
9606.ENSP00000335371	10	8690	0
9606.ENSP00000335463	8	8493	0
9606.ENSP00000335560	2	8357	0
9606.ENSP00000335614	1	8651	0
9606.ENSP00000335620	1	8704	0
9606.ENSP00000335628	3	8027	0
9606.ENSP00000335632	2	8569	0
9606.ENSP00000335636	1	8704	0
9606.ENSP00000335655	1	8404	0
9606.ENSP00000335808	4	8330	0
9606.ENSP00000336127	2	8697	0
9606.ENSP00000336524	1	8701	0
9606.ENSP00000336528	2	8374	0
9606.ENSP00000336571	1	8305	0
9606.ENSP00000336606	3	8296	0
9606.ENSP00000336655	4	8658	0
9606.ENSP00000336666	27	8480	0
9606.ENSP00000336687	28	7303	0
9606.ENSP00000336701	9	8365	0
9606.ENSP00000336702	5	8110	0
9606.ENSP00000336712	27	7390	0
9606.ENSP00000336740	2	8539	0
9606.ENSP00000336741	34	8113	0
9606.ENSP00000336747	3	8579	0
9606.ENSP00000336750	27	7460	0
9606.ENSP00000336752	12	8484	0
9606.ENSP00000336762	1	8701	0
9606.ENSP00000336769	10	8511	0
9606.ENSP00000336775	2	8256	0
9606.ENSP00000336783	4	8256	0
9606.ENSP00000336790	14	7666	0
9606.ENSP00000336799	30	7942	0
9606.ENSP00000336800	26	7750	0
9606.ENSP00000336829	6	8056	0
9606.ENSP00000336842	19	7609	0
9606.ENSP00000336868	43	7546	0
9606.ENSP00000336894	1	8702	0
9606.ENSP00000336914	1	8704	0
9606.ENSP00000336923	1	8623	0
9606.ENSP00000337014	11	8465	0
9606.ENSP00000337040	2	8702	0
9606.ENSP00000337053	8	8641	0
9606.ENSP00000337060	11	8420	0
9606.ENSP00000337065	1	8439	0
9606.ENSP00000337088	9	7105	0
9606.ENSP00000337128	4	8631	0
9606.ENSP00000337168	1	8654	0
9606.ENSP00000337180	1	8702	0
9606.ENSP00000337261	7	8335	0
9606.ENSP00000337289	17	7728	0
9606.ENSP00000337332	1	8247	0
9606.ENSP00000337335	1	8704	0
9606.ENSP00000337353	1	8678	0
9606.ENSP00000337354	1	8693	0
9606.ENSP00000337383	20	7430	0
9606.ENSP00000337386	1	8704	0
9606.ENSP00000337393	7	8092	0
9606.ENSP00000337432	4	8213	0
9606.ENSP00000337439	1	8565	0
9606.ENSP00000337443	1	8499	0
9606.ENSP00000337445	1	8704	0
9606.ENSP00000337446	3	8700	0
9606.ENSP00000337450	2	8700	0
9606.ENSP00000337451	3	8648	0
9606.ENSP00000337477	5	7979	0
9606.ENSP00000337500	30	7729	0
9606.ENSP00000337513	6	8563	0
9606.ENSP00000337598	10	8106	0
9606.ENSP00000337623	3	8230	0
9606.ENSP00000337632	13	8560	0
9606.ENSP00000337641	6	8565	0
9606.ENSP00000337688	2	8570	0
9606.ENSP00000337701	10	8692	0
9606.ENSP00000337733	5	8407	0
9606.ENSP00000337797	2	8684	0
9606.ENSP00000337838	5	8497	0
9606.ENSP00000337850	3	8700	0
9606.ENSP00000337854	2	8701	0
9606.ENSP00000337907	1	8704	0
9606.ENSP00000337949	3	8339	0
9606.ENSP00000337976	16	7400	0
9606.ENSP00000337991	17	7630	0
9606.ENSP00000338010	4	8114	0
9606.ENSP00000338039	14	8355	0
9606.ENSP00000338057	39	8489	0
9606.ENSP00000338082	3	8339	0
9606.ENSP00000338093	2	8683	0
9606.ENSP00000338127	1	8561	0
9606.ENSP00000338130	16	8054	0
9606.ENSP00000338157	2	8332	0
9606.ENSP00000338171	3	8442	0
9606.ENSP00000338173	1	8704	0
9606.ENSP00000338185	1	8537	0
9606.ENSP00000338186	28	7733	0
9606.ENSP00000338191	2	8634	0
9606.ENSP00000338207	1	8573	0
9606.ENSP00000338235	1	8686	0
9606.ENSP00000338272	4	7979	0
9606.ENSP00000338283	3	8541	0
9606.ENSP00000338343	9	8384	0
9606.ENSP00000338348	4	8398	0
9606.ENSP00000338389	26	8489	0
9606.ENSP00000338413	7	7420	0
9606.ENSP00000338487	2	8703	0
9606.ENSP00000338562	9	8579	0
9606.ENSP00000338629	2	7974	0
9606.ENSP00000338671	4	8407	0
9606.ENSP00000338703	3	8693	0
9606.ENSP00000338727	1	8703	0
9606.ENSP00000338766	3	8698	0
9606.ENSP00000338769	2	8584	0
9606.ENSP00000338777	21	8571	0
9606.ENSP00000338788	1	8704	0
9606.ENSP00000338796	1	8704	0
9606.ENSP00000338814	2	8544	0
9606.ENSP00000338844	8	8579	0
9606.ENSP00000338862	2	8639	0
9606.ENSP00000338864	1	8704	0
9606.ENSP00000338887	1	8704	0
9606.ENSP00000338934	24	6995	0
9606.ENSP00000338988	1	8704	0
9606.ENSP00000338990	5	8461	0
9606.ENSP00000339001	18	8298	0
9606.ENSP00000339004	1	8681	0
9606.ENSP00000339030	1	8419	0
9606.ENSP00000339063	16	7758	0
9606.ENSP00000339090	55	7802	0
9606.ENSP00000339109	38	7269	0
9606.ENSP00000339186	11	7715	0
9606.ENSP00000339191	26	6275	0
9606.ENSP00000339208	1	8479	0
9606.ENSP00000339260	1	8704	0
9606.ENSP00000339299	2	8507	0
9606.ENSP00000339328	3	8521	0
9606.ENSP00000339398	6	8147	0
9606.ENSP00000339404	2	8702	0
9606.ENSP00000339467	4	8474	0
9606.ENSP00000339477	8	7773	0
9606.ENSP00000339479	11	8694	0
9606.ENSP00000339495	44	7459	0
9606.ENSP00000339524	1	8704	0
9606.ENSP00000339527	18	6389	0
9606.ENSP00000339577	1	8670	0
9606.ENSP00000339613	1	8704	0
9606.ENSP00000339634	1	8597	0
9606.ENSP00000339637	1	8065	0
9606.ENSP00000339692	1	8704	0
9606.ENSP00000339720	59	8488	0
9606.ENSP00000339795	79	7156	0
9606.ENSP00000339804	2	8636	0
9606.ENSP00000339824	10	7863	0
9606.ENSP00000339826	6	8425	0
9606.ENSP00000339834	6	8315	0
9606.ENSP00000339835	77	6624	0
9606.ENSP00000339844	53	8488	0
9606.ENSP00000339881	7	8569	0
9606.ENSP00000339883	5	8387	0
9606.ENSP00000339912	2	8642	0
9606.ENSP00000339916	1	8696	0
9606.ENSP00000339917	45	7553	0
9606.ENSP00000339933	9	8504	0
9606.ENSP00000339976	4	8397	0
9606.ENSP00000339992	3	7683	0
9606.ENSP00000340019	4	8204	0
9606.ENSP00000340220	5	8554	0
9606.ENSP00000340243	1	8036	0
9606.ENSP00000340271	29	7490	0
9606.ENSP00000340278	3	8233	0
9606.ENSP00000340279	3	8388	0
9606.ENSP00000340305	12	7076	0
9606.ENSP00000340329	1	8613	0
9606.ENSP00000340330	45	6511	0
9606.ENSP00000340347	8	7113	0
9606.ENSP00000340361	18	8123	0
9606.ENSP00000340373	1	8453	0
9606.ENSP00000340409	6	8699	0
9606.ENSP00000340466	1	8704	0
9606.ENSP00000340505	1	8226	0
9606.ENSP00000340507	14	7693	0
9606.ENSP00000340510	5	8369	0
9606.ENSP00000340568	1	8629	0
9606.ENSP00000340608	2	8690	0
9606.ENSP00000340644	2	8693	0
9606.ENSP00000340648	6	7350	0
9606.ENSP00000340684	4	8699	0
9606.ENSP00000340688	2	8702	0
9606.ENSP00000340691	5	8315	0
9606.ENSP00000340736	4	8678	0
9606.ENSP00000340796	1	8686	0
9606.ENSP00000340820	4	7973	0
9606.ENSP00000340823	31	7678	0
9606.ENSP00000340874	1	8528	0
9606.ENSP00000340883	39	6630	0
9606.ENSP00000340896	22	7300	0
9606.ENSP00000340900	1	8704	0
9606.ENSP00000340913	5	8495	0
9606.ENSP00000340935	1	8631	0
9606.ENSP00000340943	5	8698	0
9606.ENSP00000340989	24	6360	0
9606.ENSP00000341021	1	8662	0
9606.ENSP00000341030	2	8703	0
9606.ENSP00000341032	1	8660	0
9606.ENSP00000341044	2	8624	0
9606.ENSP00000341082	51	8461	0
9606.ENSP00000341083	3	8684	0
9606.ENSP00000341094	42	7540	0
9606.ENSP00000341117	1	8704	0
9606.ENSP00000341141	3	8325	0
9606.ENSP00000341170	4	8631	0
9606.ENSP00000341189	20	6748	0
9606.ENSP00000341198	10	8429	0
9606.ENSP00000341206	1	8704	0
9606.ENSP00000341208	14	6812	0
9606.ENSP00000341243	3	8382	0
9606.ENSP00000341247	3	8195	0
9606.ENSP00000341268	27	7488	0
9606.ENSP00000341280	10	8067	0
9606.ENSP00000341289	9	8480	0
9606.ENSP00000341292	1	8704	0
9606.ENSP00000341351	27	7413	0
9606.ENSP00000341361	5	7422	0
9606.ENSP00000341382	7	8698	0
9606.ENSP00000341483	1	8559	0
9606.ENSP00000341524	10	8175	0
9606.ENSP00000341551	20	6980	0
9606.ENSP00000341562	2	8701	0
9606.ENSP00000341625	9	8546	0
9606.ENSP00000341637	2	8635	0
9606.ENSP00000341680	7	8570	0
9606.ENSP00000341779	20	8267	0
9606.ENSP00000341785	3	8567	0
9606.ENSP00000341787	1	8691	0
9606.ENSP00000341805	32	7155	0
9606.ENSP00000341821	2	8538	0
9606.ENSP00000341826	6	8304	0
9606.ENSP00000341838	14	8345	0
9606.ENSP00000341843	1	8704	0
9606.ENSP00000341874	2	8488	0
9606.ENSP00000341885	102	7040	0
9606.ENSP00000341940	12	7679	0
9606.ENSP00000341947	6	8173	0
9606.ENSP00000341957	7	7407	0
9606.ENSP00000342002	1	8649	0
9606.ENSP00000342007	7	8463	0
9606.ENSP00000342026	10	8636	0
9606.ENSP00000342056	1	8704	0
9606.ENSP00000342082	1	8673	0
9606.ENSP00000342098	2	8587	0
9606.ENSP00000342114	1	8551	0
9606.ENSP00000342136	13	8307	0
9606.ENSP00000342143	2	8674	0
9606.ENSP00000342144	2	8540	0
9606.ENSP00000342156	4	8487	0
9606.ENSP00000342197	1	8691	0
9606.ENSP00000342215	11	8381	0
9606.ENSP00000342222	2	8702	0
9606.ENSP00000342235	21	7220	0
9606.ENSP00000342262	25	8335	0
9606.ENSP00000342267	1	8678	0
9606.ENSP00000342276	2	8703	0
9606.ENSP00000342278	2	8703	0
9606.ENSP00000342307	4	7358	0
9606.ENSP00000342331	7	8570	0
9606.ENSP00000342351	2	8452	0
9606.ENSP00000342374	100	7379	0
9606.ENSP00000342385	2	8534	0
9606.ENSP00000342434	5	8236	0
9606.ENSP00000342502	5	8700	0
9606.ENSP00000342510	1	8698	0
9606.ENSP00000342538	4	8524	0
9606.ENSP00000342609	8	8696	0
9606.ENSP00000342637	1	8646	0
9606.ENSP00000342676	34	8539	0
9606.ENSP00000342681	5	8051	0
9606.ENSP00000342755	2	8112	0
9606.ENSP00000342793	3	8702	0
9606.ENSP00000342848	8	8519	0
9606.ENSP00000342858	3	8388	0
9606.ENSP00000342889	68	7292	0
9606.ENSP00000342924	1	8652	0
9606.ENSP00000342981	1	8370	0
9606.ENSP00000343001	1	8647	0
9606.ENSP00000343023	22	7267	0
9606.ENSP00000343054	1	8533	0
9606.ENSP00000343118	11	8576	0
9606.ENSP00000343144	10	8176	0
9606.ENSP00000343158	1	8686	0
9606.ENSP00000343223	2	8703	0
9606.ENSP00000343273	26	7750	0
9606.ENSP00000343288	1	8438	0
9606.ENSP00000343325	6	8432	0
9606.ENSP00000343339	3	8682	0
9606.ENSP00000343405	14	8405	0
9606.ENSP00000343412	38	7358	0
9606.ENSP00000343479	10	7182	0
9606.ENSP00000343497	1	8537	0
9606.ENSP00000343505	2	8698	0
9606.ENSP00000343515	33	7682	0
9606.ENSP00000343526	7	7266	0
9606.ENSP00000343535	13	6666	0
9606.ENSP00000343577	3	8239	0
9606.ENSP00000343619	2	8694	0
9606.ENSP00000343636	2	8656	0
9606.ENSP00000343657	2	8701	0
9606.ENSP00000343676	2	8537	0
9606.ENSP00000343701	7	7789	0
9606.ENSP00000343741	2	8279	0
9606.ENSP00000343742	2	8649	0
9606.ENSP00000343782	2	8605	0
9606.ENSP00000343818	1	8688	0
9606.ENSP00000343867	14	8544	0
9606.ENSP00000343885	2	8703	0
9606.ENSP00000343896	68	6009	0
9606.ENSP00000343899	3	8630	0
9606.ENSP00000343900	1	8676	0
9606.ENSP00000343925	12	6789	0
9606.ENSP00000343952	14	8321	0
9606.ENSP00000343957	12	7732	0
9606.ENSP00000343966	4	8690	0
9606.ENSP00000344087	1	8493	0
9606.ENSP00000344155	4	8700	0
9606.ENSP00000344166	6	7421	0
9606.ENSP00000344208	1	8388	0
9606.ENSP00000344215	1	8594	0
9606.ENSP00000344220	3	7834	0
9606.ENSP00000344241	7	8323	0
9606.ENSP00000344299	4	8025	0
9606.ENSP00000344314	1	8689	0
9606.ENSP00000344352	7	7900	0
9606.ENSP00000344392	14	8627	0
9606.ENSP00000344393	57	7793	0
9606.ENSP00000344411	2	8703	0
9606.ENSP00000344432	1	8696	0
9606.ENSP00000344458	1	8704	0
9606.ENSP00000344468	1	8693	0
9606.ENSP00000344479	1	8656	0
9606.ENSP00000344504	6	8031	0
9606.ENSP00000344544	1	8419	0
9606.ENSP00000344547	2	8332	0
9606.ENSP00000344635	2	7689	0
9606.ENSP00000344666	6	8028	0
9606.ENSP00000344741	6	8319	0
9606.ENSP00000344782	1	8348	0
9606.ENSP00000344786	8	8486	0
9606.ENSP00000344866	3	7978	0
9606.ENSP00000344903	3	8627	0
9606.ENSP00000344942	2	8699	0
9606.ENSP00000345001	3	8352	0
9606.ENSP00000345008	2	8612	0
9606.ENSP00000345055	19	8431	0
9606.ENSP00000345064	5	8433	0
9606.ENSP00000345083	6	8523	0
9606.ENSP00000345096	1	8704	0
9606.ENSP00000345179	1	8659	0
9606.ENSP00000345192	1	8704	0
9606.ENSP00000345193	4	8355	0
9606.ENSP00000345195	5	7429	0
9606.ENSP00000345206	15	7719	0
9606.ENSP00000345243	1	8668	0
9606.ENSP00000345259	9	8240	0
9606.ENSP00000345282	6	8628	0
9606.ENSP00000345341	2	8534	0
9606.ENSP00000345344	4	8529	0
9606.ENSP00000345347	12	7173	0
9606.ENSP00000345361	10	8032	0
9606.ENSP00000345412	8	8514	0
9606.ENSP00000345445	7	8667	0
9606.ENSP00000345464	1	8704	0
9606.ENSP00000345492	3	8111	0
9606.ENSP00000345571	18	7032	0
9606.ENSP00000345656	4	8698	0
9606.ENSP00000345672	6	8379	0
9606.ENSP00000345681	8	8149	0
9606.ENSP00000345702	3	8339	0
9606.ENSP00000345708	3	8701	0
9606.ENSP00000345719	2	8661	0
9606.ENSP00000345728	5	8510	0
9606.ENSP00000345731	17	7940	0
9606.ENSP00000345751	6	8320	0
9606.ENSP00000345752	4	8701	0
9606.ENSP00000345767	1	8495	0
9606.ENSP00000345772	2	8385	0
9606.ENSP00000345774	2	8703	0
9606.ENSP00000345785	6	8630	0
9606.ENSP00000345808	1	8404	0
9606.ENSP00000345824	1	8664	0
9606.ENSP00000345826	2	8068	0
9606.ENSP00000345837	15	7493	0
9606.ENSP00000345873	3	8263	0
9606.ENSP00000345895	5	8383	0
9606.ENSP00000345917	1	8289	0
9606.ENSP00000345957	93	7017	0
9606.ENSP00000345984	1	8498	0
9606.ENSP00000346001	83	7199	0
9606.ENSP00000346012	13	8132	0
9606.ENSP00000346015	85	7156	0
9606.ENSP00000346027	84	7156	0
9606.ENSP00000346032	18	6773	0
9606.ENSP00000346037	65	7273	0
9606.ENSP00000346050	131	6866	0
9606.ENSP00000346065	1	8699	0
9606.ENSP00000346080	1	8328	0
9606.ENSP00000346088	76	7167	0
9606.ENSP00000346103	10	8611	0
9606.ENSP00000346120	4	8627	0
9606.ENSP00000346130	1	8647	0
9606.ENSP00000346139	1	8701	0
9606.ENSP00000346148	6	8699	0
9606.ENSP00000346151	3	8560	0
9606.ENSP00000346155	2	8703	0
9606.ENSP00000346173	2	8703	0
9606.ENSP00000346196	46	8489	0
9606.ENSP00000346206	6	8347	0
9606.ENSP00000346240	7	7969	0
9606.ENSP00000346298	1	8585	0
9606.ENSP00000346300	15	7601	0
9606.ENSP00000346335	1	8552	0
9606.ENSP00000346340	15	7408	0
9606.ENSP00000346437	8	8021	0
9606.ENSP00000346453	33	7496	0
9606.ENSP00000346464	17	7364	0
9606.ENSP00000346483	1	8704	0
9606.ENSP00000346508	9	8226	0
9606.ENSP00000346509	26	7578	0
9606.ENSP00000346550	1	8518	0
9606.ENSP00000346634	19	8307	0
9606.ENSP00000346635	1	8702	0
9606.ENSP00000346643	8	8666	0
9606.ENSP00000346659	1	8689	0
9606.ENSP00000346671	38	6417	0
9606.ENSP00000346693	7	8680	0
9606.ENSP00000346694	8	8500	0
9606.ENSP00000346697	4	8379	0
9606.ENSP00000346725	10	8298	0
9606.ENSP00000346762	4	8565	0
9606.ENSP00000346829	2	8666	0
9606.ENSP00000346839	54	6183	0
9606.ENSP00000346874	1	8704	0
9606.ENSP00000346886	1	8642	0
9606.ENSP00000346890	2	8487	0
9606.ENSP00000346927	3	7960	0
9606.ENSP00000346964	1	8635	0
9606.ENSP00000347032	2	8703	0
9606.ENSP00000347041	1	8544	0
9606.ENSP00000347046	2	8701	0
9606.ENSP00000347055	5	8620	0
9606.ENSP00000347088	2	8703	0
9606.ENSP00000347134	1	8521	0
9606.ENSP00000347140	2	8686	0
9606.ENSP00000347168	102	6657	0
9606.ENSP00000347170	2	8631	0
9606.ENSP00000347184	21	6546	0
9606.ENSP00000347188	1	8534	0
9606.ENSP00000347197	3	8133	0
9606.ENSP00000347198	3	8674	0
9606.ENSP00000347206	4	8701	0
9606.ENSP00000347232	9	8167	0
9606.ENSP00000347244	5	8124	0
9606.ENSP00000347277	23	8489	0
9606.ENSP00000347345	17	8077	0
9606.ENSP00000347379	17	7943	0
9606.ENSP00000347408	6	8659	0
9606.ENSP00000347409	1	8704	0
9606.ENSP00000347433	1	8617	0
9606.ENSP00000347451	5	8144	0
9606.ENSP00000347457	2	8610	0
9606.ENSP00000347464	3	8299	0
9606.ENSP00000347495	1	8704	0
9606.ENSP00000347507	15	8512	0
9606.ENSP00000347532	1	8568	0
9606.ENSP00000347591	6	8528	0
9606.ENSP00000347602	6	8299	0
9606.ENSP00000347655	1	8645	0
9606.ENSP00000347672	8	8433	0
9606.ENSP00000347714	1	8571	0
9606.ENSP00000347716	13	7978	0
9606.ENSP00000347754	4	8701	0
9606.ENSP00000347792	8	8559	0
9606.ENSP00000347834	3	8030	0
9606.ENSP00000347845	2	8515	0
9606.ENSP00000347915	3	8678	0
9606.ENSP00000347916	1	8259	0
9606.ENSP00000347942	13	8255	0
9606.ENSP00000347948	6	8367	0
9606.ENSP00000348020	7	8439	0
9606.ENSP00000348056	11	8213	0
9606.ENSP00000348069	2	8614	0
9606.ENSP00000348089	55	6917	0
9606.ENSP00000348107	17	8532	0
9606.ENSP00000348163	1	8404	0
9606.ENSP00000348168	44	7676	0
9606.ENSP00000348169	3	8353	0
9606.ENSP00000348170	8	7962	0
9606.ENSP00000348206	1	8704	0
9606.ENSP00000348215	4	8028	0
9606.ENSP00000348234	4	8695	0
9606.ENSP00000348349	4	8194	0
9606.ENSP00000348381	6	8515	0
9606.ENSP00000348416	51	6788	0
9606.ENSP00000348419	1	8649	0
9606.ENSP00000348442	36	8156	0
9606.ENSP00000348455	9	7939	0
9606.ENSP00000348461	11	7995	0
9606.ENSP00000348510	7	8620	0
9606.ENSP00000348527	15	8485	0
9606.ENSP00000348554	38	7269	0
9606.ENSP00000348565	3	8542	0
9606.ENSP00000348573	6	8489	0
9606.ENSP00000348602	4	8496	0
9606.ENSP00000348632	13	7350	0
9606.ENSP00000348635	1	8704	0
9606.ENSP00000348645	1	8704	0
9606.ENSP00000348708	11	8319	0
9606.ENSP00000348752	5	8589	0
9606.ENSP00000348757	2	8703	0
9606.ENSP00000348769	2	8448	0
9606.ENSP00000348775	10	8676	0
9606.ENSP00000348821	1	8651	0
9606.ENSP00000348838	35	7033	0
9606.ENSP00000348848	2	8697	0
9606.ENSP00000348849	96	7001	0
9606.ENSP00000348888	4	8293	0
9606.ENSP00000348924	42	6885	0
9606.ENSP00000348944	6	8540	0
9606.ENSP00000348959	2	8703	0
9606.ENSP00000348965	23	7891	0
9606.ENSP00000349003	2	8327	0
9606.ENSP00000349016	5	8573	0
9606.ENSP00000349022	2	8604	0
9606.ENSP00000349041	2	8451	0
9606.ENSP00000349078	2	8703	0
9606.ENSP00000349116	7	8666	0
9606.ENSP00000349124	14	8488	0
9606.ENSP00000349131	1	8697	0
9606.ENSP00000349142	23	8629	0
9606.ENSP00000349143	1	8691	0
9606.ENSP00000349156	10	7388	0
9606.ENSP00000349168	2	8703	0
9606.ENSP00000349204	5	8579	0
9606.ENSP00000349205	8	8052	0
9606.ENSP00000349208	2	8686	0
9606.ENSP00000349252	24	7724	0
9606.ENSP00000349259	5	8461	0
9606.ENSP00000349298	1	8250	0
9606.ENSP00000349305	1	8703	0
9606.ENSP00000349313	24	7656	0
9606.ENSP00000349320	16	8537	0
9606.ENSP00000349324	1	8687	0
9606.ENSP00000349351	4	8263	0
9606.ENSP00000349365	6	7824	0
9606.ENSP00000349396	5	8700	0
9606.ENSP00000349428	3	8551	0
9606.ENSP00000349430	57	6477	0
9606.ENSP00000349437	8	8067	0
9606.ENSP00000349446	1	8704	0
9606.ENSP00000349486	6	8340	0
9606.ENSP00000349490	2	8703	0
9606.ENSP00000349493	2	8700	0
9606.ENSP00000349541	1	8276	0
9606.ENSP00000349543	35	7662	0
9606.ENSP00000349547	3	8484	0
9606.ENSP00000349577	4	8700	0
9606.ENSP00000349588	16	7856	0
9606.ENSP00000349595	5	8670	0
9606.ENSP00000349616	3	8567	0
9606.ENSP00000349640	45	7082	0
9606.ENSP00000349679	12	8427	0
9606.ENSP00000349689	7	8697	0
9606.ENSP00000349709	3	8642	0
9606.ENSP00000349722	3	7453	0
9606.ENSP00000349723	22	7844	0
9606.ENSP00000349748	7	8643	0
9606.ENSP00000349768	1	8704	0
9606.ENSP00000349785	3	8603	0
9606.ENSP00000349790	2	8703	0
9606.ENSP00000349823	1	8605	0
9606.ENSP00000349860	3	8702	0
9606.ENSP00000349923	4	8701	0
9606.ENSP00000349954	4	8596	0
9606.ENSP00000349957	34	7343	0
9606.ENSP00000349967	9	8403	0
9606.ENSP00000349970	1	8704	0
9606.ENSP00000350005	2	8514	0
9606.ENSP00000350036	9	8677	0
9606.ENSP00000350071	8	8505	0
9606.ENSP00000350075	2	8477	0
9606.ENSP00000350090	1	8450	0
9606.ENSP00000350098	22	7942	0
9606.ENSP00000350132	4	8390	0
9606.ENSP00000350136	2	8703	0
9606.ENSP00000350162	1	8704	0
9606.ENSP00000350170	8	8240	0
9606.ENSP00000350198	5	8306	0
9606.ENSP00000350199	10	8346	0
9606.ENSP00000350249	7	8309	0
9606.ENSP00000350256	6	8556	0
9606.ENSP00000350267	7	8188	0
9606.ENSP00000350310	4	8246	0
9606.ENSP00000350332	1	8656	0
9606.ENSP00000350333	3	8208	0
9606.ENSP00000350348	2	8620	0
9606.ENSP00000350359	10	8329	0
9606.ENSP00000350364	1	8704	0
9606.ENSP00000350369	6	8337	0
9606.ENSP00000350378	8	8697	0
9606.ENSP00000350386	1	8700	0
9606.ENSP00000350425	6	8427	0
9606.ENSP00000350447	7	8677	0
9606.ENSP00000350491	23	8222	0
9606.ENSP00000350512	17	7031	0
9606.ENSP00000350630	1	8699	0
9606.ENSP00000350676	18	7609	0
9606.ENSP00000350681	1	8681	0
9606.ENSP00000350708	28	7413	0
9606.ENSP00000350719	6	8635	0
9606.ENSP00000350786	2	8703	0
9606.ENSP00000350815	1	8434	0
9606.ENSP00000350844	1	8525	0
9606.ENSP00000350896	3	8676	0
9606.ENSP00000350928	3	8702	0
9606.ENSP00000350937	2	8686	0
9606.ENSP00000350949	1	8704	0
9606.ENSP00000351015	1	8704	0
9606.ENSP00000351022	10	8297	0
9606.ENSP00000351059	14	8231	0
9606.ENSP00000351132	2	8683	0
9606.ENSP00000351137	46	7855	0
9606.ENSP00000351138	1	8704	0
9606.ENSP00000351141	11	8252	0
9606.ENSP00000351142	2	8677	0
9606.ENSP00000351147	28	7413	0
9606.ENSP00000351159	13	8627	0
9606.ENSP00000351185	4	8488	0
9606.ENSP00000351209	9	7819	0
9606.ENSP00000351214	7	8553	0
9606.ENSP00000351250	20	7291	0
9606.ENSP00000351255	5	7936	0
9606.ENSP00000351273	27	7398	0
9606.ENSP00000351284	7	7795	0
9606.ENSP00000351314	17	8355	0
9606.ENSP00000351327	3	8594	0
9606.ENSP00000351338	11	8098	0
9606.ENSP00000351342	3	8689	0
9606.ENSP00000351345	1	8704	0
9606.ENSP00000351379	6	7865	0
9606.ENSP00000351407	9	7528	0
9606.ENSP00000351446	81	6669	0
9606.ENSP00000351490	30	7118	0
9606.ENSP00000351492	13	8340	0
9606.ENSP00000351497	8	7556	0
9606.ENSP00000351520	3	8702	0
9606.ENSP00000351575	4	8391	0
9606.ENSP00000351589	53	6709	0
9606.ENSP00000351591	4	8349	0
9606.ENSP00000351602	3	8602	0
9606.ENSP00000351605	6	8630	0
9606.ENSP00000351646	23	7295	0
9606.ENSP00000351671	9	8338	0
9606.ENSP00000351682	2	8703	0
9606.ENSP00000351697	17	8082	0
9606.ENSP00000351706	1	8704	0
9606.ENSP00000351732	1	8701	0
9606.ENSP00000351737	3	8507	0
9606.ENSP00000351742	7	8521	0
9606.ENSP00000351777	26	8108	0
9606.ENSP00000351789	5	7852	0
9606.ENSP00000351807	11	8089	0
9606.ENSP00000351811	5	8561	0
9606.ENSP00000351813	1	8669	0
9606.ENSP00000351832	1	8704	0
9606.ENSP00000351905	11	7124	0
9606.ENSP00000351908	6	7807	0
9606.ENSP00000351926	23	8524	0
9606.ENSP00000351933	28	7750	0
9606.ENSP00000351947	1	8649	0
9606.ENSP00000351957	2	8703	0
9606.ENSP00000351990	4	7930	0
9606.ENSP00000352011	2	8703	0
9606.ENSP00000352035	16	8130	0
9606.ENSP00000352071	4	8341	0
9606.ENSP00000352097	7	8697	0
9606.ENSP00000352119	52	6811	0
9606.ENSP00000352138	4	7931	0
9606.ENSP00000352167	1	8704	0
9606.ENSP00000352185	1	8704	0
9606.ENSP00000352252	132	5968	0
9606.ENSP00000352257	31	7556	0
9606.ENSP00000352264	18	6633	0
9606.ENSP00000352265	4	8701	0
9606.ENSP00000352271	8	8432	0
9606.ENSP00000352272	1	8560	0
9606.ENSP00000352282	7	7871	0
9606.ENSP00000352288	8	8287	0
9606.ENSP00000352358	2	8263	0
9606.ENSP00000352400	29	8307	0
9606.ENSP00000352401	1	8704	0
9606.ENSP00000352408	8	7738	0
9606.ENSP00000352414	8	8151	0
9606.ENSP00000352438	3	8337	0
9606.ENSP00000352455	1	8679	0
9606.ENSP00000352516	36	6247	0
9606.ENSP00000352522	20	8646	0
9606.ENSP00000352527	4	8578	0
9606.ENSP00000352536	5	8694	0
9606.ENSP00000352544	3	8663	0
9606.ENSP00000352561	9	8280	0
9606.ENSP00000352565	1	8590	0
9606.ENSP00000352572	2	8581	0
9606.ENSP00000352584	2	8701	0
9606.ENSP00000352608	16	8201	0
9606.ENSP00000352627	52	6811	0
9606.ENSP00000352672	1	8704	0
9606.ENSP00000352673	1	8704	0
9606.ENSP00000352676	6	7034	0
9606.ENSP00000352678	16	8604	0
9606.ENSP00000352738	2	8568	0
9606.ENSP00000352833	3	8580	0
9606.ENSP00000352835	6	8238	0
9606.ENSP00000352882	7	8540	0
9606.ENSP00000352900	8	8191	0
9606.ENSP00000352904	11	8694	0
9606.ENSP00000352925	64	6322	0
9606.ENSP00000352926	5	8385	0
9606.ENSP00000352928	28	7396	0
9606.ENSP00000352936	1	8675	0
9606.ENSP00000353010	4	8671	0
9606.ENSP00000353030	4	8221	0
9606.ENSP00000353032	9	8519	0
9606.ENSP00000353072	4	8670	0
9606.ENSP00000353099	28	7767	0
9606.ENSP00000353104	1	8704	0
9606.ENSP00000353114	3	8425	0
9606.ENSP00000353198	4	8625	0
9606.ENSP00000353246	4	8639	0
9606.ENSP00000353270	1	8704	0
9606.ENSP00000353292	5	8590	0
9606.ENSP00000353331	1	8527	0
9606.ENSP00000353344	3	7657	0
9606.ENSP00000353393	4	8157	0
9606.ENSP00000353408	10	7506	0
9606.ENSP00000353444	4	8427	0
9606.ENSP00000353452	7	8263	0
9606.ENSP00000353475	9	8073	0
9606.ENSP00000353512	1	8704	0
9606.ENSP00000353575	7	8275	0
9606.ENSP00000353582	13	7891	0
9606.ENSP00000353590	18	8025	0
9606.ENSP00000353600	3	8702	0
9606.ENSP00000353608	1	8697	0
9606.ENSP00000353654	1	8704	0
9606.ENSP00000353720	1	8704	0
9606.ENSP00000353731	13	7605	0
9606.ENSP00000353741	7	7316	0
9606.ENSP00000353770	2	8703	0
9606.ENSP00000353785	2	8540	0
9606.ENSP00000353793	11	8497	0
9606.ENSP00000353850	3	8316	0
9606.ENSP00000353864	6	8100	0
9606.ENSP00000353874	7	7637	0
9606.ENSP00000353904	5	8456	0
9606.ENSP00000353915	2	8327	0
9606.ENSP00000354003	5	8583	0
9606.ENSP00000354006	1	8702	0
9606.ENSP00000354040	26	8226	0
9606.ENSP00000354090	1	8611	0
9606.ENSP00000354091	3	8180	0
9606.ENSP00000354111	2	8289	0
9606.ENSP00000354125	41	7841	0
9606.ENSP00000354158	7	8073	0
9606.ENSP00000354207	10	7816	0
9606.ENSP00000354213	1	8704	0
9606.ENSP00000354218	2	7673	0
9606.ENSP00000354223	1	8704	0
9606.ENSP00000354227	1	8704	0
9606.ENSP00000354251	13	8325	0
9606.ENSP00000354280	1	8704	0
9606.ENSP00000354294	1	8704	0
9606.ENSP00000354314	3	8702	0
9606.ENSP00000354340	3	8201	0
9606.ENSP00000354346	2	8622	0
9606.ENSP00000354357	1	8704	0
9606.ENSP00000354360	1	8692	0
9606.ENSP00000354376	1	8683	0
9606.ENSP00000354394	20	6610	0
9606.ENSP00000354416	3	8672	0
9606.ENSP00000354451	2	8239	0
9606.ENSP00000354458	9	8302	0
9606.ENSP00000354461	1	8667	0
9606.ENSP00000354468	3	8679	0
9606.ENSP00000354476	5	7678	0
9606.ENSP00000354487	5	7749	0
9606.ENSP00000354490	9	8645	0
9606.ENSP00000354497	2	8289	0
9606.ENSP00000354499	26	8543	0
9606.ENSP00000354511	1	8704	0
9606.ENSP00000354518	8	8177	0
9606.ENSP00000354522	1	8589	0
9606.ENSP00000354525	39	8461	0
9606.ENSP00000354532	3	8702	0
9606.ENSP00000354554	22	8455	0
9606.ENSP00000354558	26	8129	0
9606.ENSP00000354560	3	8691	0
9606.ENSP00000354566	11	7942	0
9606.ENSP00000354580	53	8461	0
9606.ENSP00000354581	9	8678	0
9606.ENSP00000354607	7	8520	0
9606.ENSP00000354608	1	8704	0
9606.ENSP00000354610	2	8701	0
9606.ENSP00000354612	1	8704	0
9606.ENSP00000354621	5	8195	0
9606.ENSP00000354623	6	8636	0
9606.ENSP00000354632	20	8629	0
9606.ENSP00000354633	29	7738	0
9606.ENSP00000354643	1	8704	0
9606.ENSP00000354649	9	8671	0
9606.ENSP00000354652	3	8391	0
9606.ENSP00000354660	1	8649	0
9606.ENSP00000354665	44	8495	0
9606.ENSP00000354669	4	7429	0
9606.ENSP00000354671	1	8584	0
9606.ENSP00000354677	9	8678	0
9606.ENSP00000354687	45	8489	0
9606.ENSP00000354718	3	8496	0
9606.ENSP00000354720	16	8460	0
9606.ENSP00000354722	3	8487	0
9606.ENSP00000354724	27	7733	0
9606.ENSP00000354728	43	8495	0
9606.ENSP00000354739	81	7182	0
9606.ENSP00000354742	9	7899	0
9606.ENSP00000354762	1	8704	0
9606.ENSP00000354772	22	8334	0
9606.ENSP00000354777	5	8461	0
9606.ENSP00000354778	4	8604	0
9606.ENSP00000354782	20	7766	0
9606.ENSP00000354791	21	7935	0
9606.ENSP00000354813	46	8489	0
9606.ENSP00000354822	1	8616	0
9606.ENSP00000354826	5	8263	0
9606.ENSP00000354829	6	8699	0
9606.ENSP00000354837	1	8521	0
9606.ENSP00000354848	2	8658	0
9606.ENSP00000354850	1	8665	0
9606.ENSP00000354855	1	8674	0
9606.ENSP00000354859	6	8132	0
9606.ENSP00000354874	9	8597	0
9606.ENSP00000354876	20	8543	0
9606.ENSP00000354878	2	8654	0
9606.ENSP00000354900	10	8096	0
9606.ENSP00000354901	16	8204	0
9606.ENSP00000354910	5	8287	0
9606.ENSP00000354911	1	7926	0
9606.ENSP00000354916	3	8406	0
9606.ENSP00000354923	14	7925	0
9606.ENSP00000354927	4	8166	0
9606.ENSP00000354932	5	8312	0
9606.ENSP00000354947	9	8407	0
9606.ENSP00000354952	16	7194	0
9606.ENSP00000354957	7	8556	0
9606.ENSP00000354960	2	8701	0
9606.ENSP00000354961	45	8489	0
9606.ENSP00000354972	6	8696	0
9606.ENSP00000354982	26	8543	0
9606.ENSP00000354995	1	8594	0
9606.ENSP00000355011	2	8302	0
9606.ENSP00000355013	41	7482	0
9606.ENSP00000355014	1	8681	0
9606.ENSP00000355046	46	8489	0
9606.ENSP00000355050	13	7982	0
9606.ENSP00000355051	27	7883	0
9606.ENSP00000355077	7	8556	0
9606.ENSP00000355114	28	7368	0
9606.ENSP00000355133	2	8554	0
9606.ENSP00000355140	3	8696	0
9606.ENSP00000355155	7	8359	0
9606.ENSP00000355180	2	8703	0
9606.ENSP00000355192	20	8212	0
9606.ENSP00000355206	46	8489	0
9606.ENSP00000355231	28	7376	0
9606.ENSP00000355249	5	8350	0
9606.ENSP00000355261	3	8529	0
9606.ENSP00000355265	16	8635	0
9606.ENSP00000355279	13	8627	0
9606.ENSP00000355299	4	8636	0
9606.ENSP00000355308	11	8672	0
9606.ENSP00000355315	46	7779	0
9606.ENSP00000355316	1	8620	0
9606.ENSP00000355325	38	8239	0
9606.ENSP00000355330	1	8270	0
9606.ENSP00000355361	13	7889	0
9606.ENSP00000355370	12	8533	0
9606.ENSP00000355377	1	8704	0
9606.ENSP00000355388	21	7625	0
9606.ENSP00000355465	16	8340	0
9606.ENSP00000355470	1	8669	0
9606.ENSP00000355471	2	8613	0
9606.ENSP00000355493	1	8704	0
9606.ENSP00000355500	5	8700	0
9606.ENSP00000355506	8	8419	0
9606.ENSP00000355511	1	8700	0
9606.ENSP00000355523	2	8557	0
9606.ENSP00000355533	16	8192	0
9606.ENSP00000355536	2	8703	0
9606.ENSP00000355537	6	7860	0
9606.ENSP00000355541	54	7792	0
9606.ENSP00000355566	7	8366	0
9606.ENSP00000355568	1	8699	0
9606.ENSP00000355580	1	8704	0
9606.ENSP00000355599	1	8704	0
9606.ENSP00000355601	4	8117	0
9606.ENSP00000355605	11	8387	0
9606.ENSP00000355623	2	8625	0
9606.ENSP00000355627	6	8625	0
9606.ENSP00000355629	7	8686	0
9606.ENSP00000355637	2	8700	0
9606.ENSP00000355645	50	7188	0
9606.ENSP00000355651	3	8669	0
9606.ENSP00000355652	1	8623	0
9606.ENSP00000355657	85	6658	0
9606.ENSP00000355658	1	8469	0
9606.ENSP00000355672	2	8703	0
9606.ENSP00000355718	6	8582	0
9606.ENSP00000355731	2	8331	0
9606.ENSP00000355747	8	8420	0
9606.ENSP00000355751	3	8523	0
9606.ENSP00000355759	11	7747	0
9606.ENSP00000355771	21	7489	0
9606.ENSP00000355777	4	8519	0
9606.ENSP00000355780	83	6568	0
9606.ENSP00000355785	1	8704	0
9606.ENSP00000355809	3	8480	0
9606.ENSP00000355865	14	7060	0
9606.ENSP00000355877	2	8679	0
9606.ENSP00000355889	8	8592	0
9606.ENSP00000355890	19	8081	0
9606.ENSP00000355896	9	8121	0
9606.ENSP00000355922	6	8587	0
9606.ENSP00000355944	5	8470	0
9606.ENSP00000355958	28	7363	0
9606.ENSP00000355961	11	8530	0
9606.ENSP00000355964	4	8678	0
9606.ENSP00000355966	11	8241	0
9606.ENSP00000355968	1	8704	0
9606.ENSP00000355991	1	8498	0
9606.ENSP00000355995	2	8703	0
9606.ENSP00000356000	6	8541	0
9606.ENSP00000356001	30	8489	0
9606.ENSP00000356015	1	8704	0
9606.ENSP00000356016	3	8613	0
9606.ENSP00000356024	5	8318	0
9606.ENSP00000356030	5	8603	0
9606.ENSP00000356037	3	8671	0
9606.ENSP00000356047	3	8702	0
9606.ENSP00000356056	7	8475	0
9606.ENSP00000356065	4	8659	0
9606.ENSP00000356070	6	8660	0
9606.ENSP00000356094	3	8566	0
9606.ENSP00000356107	2	8648	0
9606.ENSP00000356134	6	8522	0
9606.ENSP00000356150	9	6325	0
9606.ENSP00000356155	5	8442	0
9606.ENSP00000356156	3	8618	0
9606.ENSP00000356162	1	8704	0
9606.ENSP00000356198	1	8704	0
9606.ENSP00000356205	3	8346	0
9606.ENSP00000356213	2	8563	0
9606.ENSP00000356218	2	8684	0
9606.ENSP00000356224	7	8547	0
9606.ENSP00000356230	38	7562	0
9606.ENSP00000356231	3	8125	0
9606.ENSP00000356233	3	7758	0
9606.ENSP00000356247	3	8674	0
9606.ENSP00000356256	6	8635	0
9606.ENSP00000356257	1	8404	0
9606.ENSP00000356308	3	8642	0
9606.ENSP00000356310	3	8642	0
9606.ENSP00000356319	3	8543	0
9606.ENSP00000356320	3	8642	0
9606.ENSP00000356329	3	8642	0
9606.ENSP00000356331	5	7793	0
9606.ENSP00000356355	2	8571	0
9606.ENSP00000356370	3	8662	0
9606.ENSP00000356381	1	8704	0
9606.ENSP00000356382	1	8704	0
9606.ENSP00000356386	2	8610	0
9606.ENSP00000356395	1	8620	0
9606.ENSP00000356399	7	8421	0
9606.ENSP00000356404	2	8703	0
9606.ENSP00000356405	39	7065	0
9606.ENSP00000356416	1	8392	0
9606.ENSP00000356421	27	7329	0
9606.ENSP00000356426	13	6848	0
9606.ENSP00000356429	1	8406	0
9606.ENSP00000356438	1	8704	0
9606.ENSP00000356448	20	7800	0
9606.ENSP00000356465	1	8683	0
9606.ENSP00000356480	80	6796	0
9606.ENSP00000356489	1	8704	0
9606.ENSP00000356505	12	8218	0
9606.ENSP00000356515	4	8342	0
9606.ENSP00000356520	44	6840	0
9606.ENSP00000356529	2	8406	0
9606.ENSP00000356530	2	8306	0
9606.ENSP00000356540	4	8609	0
9606.ENSP00000356541	73	7321	0
9606.ENSP00000356545	8	8260	0
9606.ENSP00000356548	24	7254	0
9606.ENSP00000356562	1	8250	0
9606.ENSP00000356563	5	8509	0
9606.ENSP00000356584	1	8697	0
9606.ENSP00000356587	6	7890	0
9606.ENSP00000356591	1	8704	0
9606.ENSP00000356602	6	8649	0
9606.ENSP00000356641	27	7413	0
9606.ENSP00000356652	7	7856	0
9606.ENSP00000356658	2	8339	0
9606.ENSP00000356671	3	8579	0
9606.ENSP00000356694	10	8237	0
9606.ENSP00000356702	6	8693	0
9606.ENSP00000356713	8	7984	0
9606.ENSP00000356737	1	8688	0
9606.ENSP00000356771	2	8651	0
9606.ENSP00000356782	2	8703	0
9606.ENSP00000356785	14	8325	0
9606.ENSP00000356790	9	8645	0
9606.ENSP00000356792	2	8703	0
9606.ENSP00000356793	2	8703	0
9606.ENSP00000356807	2	8620	0
9606.ENSP00000356811	5	8131	0
9606.ENSP00000356814	27	7413	0
9606.ENSP00000356832	3	8333	0
9606.ENSP00000356840	5	8228	0
9606.ENSP00000356848	27	7460	0
9606.ENSP00000356853	2	8703	0
9606.ENSP00000356905	1	8704	0
9606.ENSP00000356918	8	8614	0
9606.ENSP00000356919	3	8555	0
9606.ENSP00000356946	9	8123	0
9606.ENSP00000356953	5	8698	0
9606.ENSP00000356954	1	8491	0
9606.ENSP00000356959	1	8504	0
9606.ENSP00000356967	3	8677	0
9606.ENSP00000356969	9	8419	0
9606.ENSP00000356972	50	8475	0
9606.ENSP00000356981	4	7429	0
9606.ENSP00000356982	2	8614	0
9606.ENSP00000356989	18	7981	0
9606.ENSP00000356991	5	8439	0
9606.ENSP00000357000	1	8704	0
9606.ENSP00000357005	14	7984	0
9606.ENSP00000357012	1	8695	0
9606.ENSP00000357036	2	8632	0
9606.ENSP00000357040	10	8400	0
9606.ENSP00000357047	31	8344	0
9606.ENSP00000357048	11	8624	0
9606.ENSP00000357051	2	8660	0
9606.ENSP00000357052	27	7413	0
9606.ENSP00000357055	2	8595	0
9606.ENSP00000357057	6	8573	0
9606.ENSP00000357060	9	8645	0
9606.ENSP00000357065	2	8479	0
9606.ENSP00000357067	3	8694	0
9606.ENSP00000357069	1	8704	0
9606.ENSP00000357097	4	8030	0
9606.ENSP00000357103	8	8477	0
9606.ENSP00000357106	3	8648	0
9606.ENSP00000357112	13	8480	0
9606.ENSP00000357113	2	7470	0
9606.ENSP00000357150	1	8502	0
9606.ENSP00000357152	1	8502	0
9606.ENSP00000357177	6	8446	0
9606.ENSP00000357178	3	8409	0
9606.ENSP00000357206	1	8668	0
9606.ENSP00000357255	2	8523	0
9606.ENSP00000357256	4	8499	0
9606.ENSP00000357265	1	8681	0
9606.ENSP00000357283	9	8276	0
9606.ENSP00000357288	11	8576	0
9606.ENSP00000357292	2	8301	0
9606.ENSP00000357297	2	8209	0
9606.ENSP00000357301	8	8365	0
9606.ENSP00000357308	16	8429	0
9606.ENSP00000357320	64	8526	0
9606.ENSP00000357342	2	8701	0
9606.ENSP00000357348	2	8631	0
9606.ENSP00000357360	3	8674	0
9606.ENSP00000357384	2	8696	0
9606.ENSP00000357392	4	8572	0
9606.ENSP00000357393	3	8572	0
9606.ENSP00000357442	26	7147	0
9606.ENSP00000357453	2	8703	0
9606.ENSP00000357459	4	8261	0
9606.ENSP00000357461	6	8694	0
9606.ENSP00000357470	9	7648	0
9606.ENSP00000357480	1	8704	0
9606.ENSP00000357484	2	8527	0
9606.ENSP00000357535	2	8680	0
9606.ENSP00000357547	1	8644	0
9606.ENSP00000357564	1	8674	0
9606.ENSP00000357565	4	7429	0
9606.ENSP00000357583	3	8702	0
9606.ENSP00000357591	10	8690	0
9606.ENSP00000357622	10	7947	0
9606.ENSP00000357625	6	8209	0
9606.ENSP00000357633	3	8701	0
9606.ENSP00000357643	2	8652	0
9606.ENSP00000357644	11	7856	0
9606.ENSP00000357668	1	8590	0
9606.ENSP00000357669	3	8684	0
9606.ENSP00000357674	14	8460	0
9606.ENSP00000357679	10	8560	0
9606.ENSP00000357704	4	7469	0
9606.ENSP00000357709	3	8583	0
9606.ENSP00000357711	1	8704	0
9606.ENSP00000357718	1	8704	0
9606.ENSP00000357721	3	7908	0
9606.ENSP00000357726	2	8344	0
9606.ENSP00000357727	1	8609	0
9606.ENSP00000357731	1	8704	0
9606.ENSP00000357748	8	8022	0
9606.ENSP00000357753	2	8703	0
9606.ENSP00000357801	7	8165	0
9606.ENSP00000357804	5	8695	0
9606.ENSP00000357807	5	8695	0
9606.ENSP00000357812	3	8032	0
9606.ENSP00000357823	58	8461	0
9606.ENSP00000357835	2	8703	0
9606.ENSP00000357844	1	8704	0
9606.ENSP00000357858	6	8437	0
9606.ENSP00000357863	5	8694	0
9606.ENSP00000357869	6	8576	0
9606.ENSP00000357873	6	8683	0
9606.ENSP00000357876	47	7074	0
9606.ENSP00000357883	8	8559	0
9606.ENSP00000357901	7	8240	0
9606.ENSP00000357905	1	8704	0
9606.ENSP00000357907	32	8359	0
9606.ENSP00000357928	53	7920	0
9606.ENSP00000357979	2	8325	0
9606.ENSP00000357981	3	8632	0
9606.ENSP00000357986	1	8689	0
9606.ENSP00000357998	2	8570	0
9606.ENSP00000358019	7	8556	0
9606.ENSP00000358022	14	7926	0
9606.ENSP00000358033	1	8704	0
9606.ENSP00000358042	2	8703	0
9606.ENSP00000358059	1	8677	0
9606.ENSP00000358060	2	8683	0
9606.ENSP00000358064	1	8703	0
9606.ENSP00000358072	22	7562	0
9606.ENSP00000358081	6	7905	0
9606.ENSP00000358089	3	8527	0
9606.ENSP00000358099	1	8530	0
9606.ENSP00000358105	6	8457	0
9606.ENSP00000358120	1	8667	0
9606.ENSP00000358140	36	7879	0
9606.ENSP00000358142	2	8703	0
9606.ENSP00000358149	2	8703	0
9606.ENSP00000358151	56	6666	0
9606.ENSP00000358154	119	6049	0
9606.ENSP00000358155	44	6789	0
9606.ENSP00000358159	3	8702	0
9606.ENSP00000358160	114	6039	0
9606.ENSP00000358165	4	8069	0
9606.ENSP00000358200	7	8598	0
9606.ENSP00000358210	1	8667	0
9606.ENSP00000358223	9	8692	0
9606.ENSP00000358232	8	8692	0
9606.ENSP00000358238	3	8670	0
9606.ENSP00000358262	27	7597	0
9606.ENSP00000358272	10	8565	0
9606.ENSP00000358283	2	8703	0
9606.ENSP00000358294	4	8533	0
9606.ENSP00000358301	3	8337	0
9606.ENSP00000358309	1	8664	0
9606.ENSP00000358310	15	8122	0
9606.ENSP00000358312	2	8703	0
9606.ENSP00000358320	9	8596	0
9606.ENSP00000358327	4	8397	0
9606.ENSP00000358335	8	7722	0
9606.ENSP00000358363	1	8659	0
9606.ENSP00000358414	1	8704	0
9606.ENSP00000358421	1	8704	0
9606.ENSP00000358423	4	8607	0
9606.ENSP00000358458	1	8702	0
9606.ENSP00000358464	11	8176	0
9606.ENSP00000358466	1	8653	0
9606.ENSP00000358470	1	8654	0
9606.ENSP00000358474	39	7323	0
9606.ENSP00000358488	2	8703	0
9606.ENSP00000358490	10	7653	0
9606.ENSP00000358497	2	8368	0
9606.ENSP00000358501	4	8374	0
9606.ENSP00000358513	5	8332	0
9606.ENSP00000358518	2	8233	0
9606.ENSP00000358525	9	7947	0
9606.ENSP00000358535	3	8701	0
9606.ENSP00000358541	2	8655	0
9606.ENSP00000358548	4	8196	0
9606.ENSP00000358549	6	8684	0
9606.ENSP00000358554	40	7726	0
9606.ENSP00000358563	14	7923	0
9606.ENSP00000358582	16	8571	0
9606.ENSP00000358635	11	7508	0
9606.ENSP00000358674	4	8620	0
9606.ENSP00000358695	2	8684	0
9606.ENSP00000358696	6	8540	0
9606.ENSP00000358716	17	8041	0
9606.ENSP00000358719	2	8703	0
9606.ENSP00000358723	9	8249	0
9606.ENSP00000358737	20	8635	0
9606.ENSP00000358742	6	8670	0
9606.ENSP00000358755	1	8704	0
9606.ENSP00000358765	2	8545	0
9606.ENSP00000358777	22	8483	0
9606.ENSP00000358783	3	8702	0
9606.ENSP00000358784	3	8350	0
9606.ENSP00000358794	1	8557	0
9606.ENSP00000358798	1	8704	0
9606.ENSP00000358799	9	8467	0
9606.ENSP00000358810	9	8471	0
9606.ENSP00000358812	17	8031	0
9606.ENSP00000358813	3	8343	0
9606.ENSP00000358814	2	8703	0
9606.ENSP00000358831	7	8678	0
9606.ENSP00000358840	15	8635	0
9606.ENSP00000358854	45	7519	0
9606.ENSP00000358857	9	7692	0
9606.ENSP00000358862	54	7184	0
9606.ENSP00000358865	3	8701	0
9606.ENSP00000358866	20	7428	0
9606.ENSP00000358867	15	8175	0
9606.ENSP00000358886	2	8450	0
9606.ENSP00000358894	1	8704	0
9606.ENSP00000358903	2	8684	0
9606.ENSP00000358918	5	8571	0
9606.ENSP00000358921	15	7982	0
9606.ENSP00000358931	2	8703	0
9606.ENSP00000358939	1	8704	0
9606.ENSP00000358963	4	8324	0
9606.ENSP00000358983	8	7862	0
9606.ENSP00000358994	16	7007	0
9606.ENSP00000358997	20	7328	0
9606.ENSP00000359013	3	8631	0
9606.ENSP00000359022	2	8696	0
9606.ENSP00000359025	1	8638	0
9606.ENSP00000359042	1	8452	0
9606.ENSP00000359073	7	7946	0
9606.ENSP00000359077	15	7791	0
9606.ENSP00000359085	1	8703	0
9606.ENSP00000359096	2	8701	0
9606.ENSP00000359098	15	8557	0
9606.ENSP00000359100	2	8701	0
9606.ENSP00000359114	8	8694	0
9606.ENSP00000359131	1	8704	0
9606.ENSP00000359151	3	8683	0
9606.ENSP00000359206	19	6668	0
9606.ENSP00000359215	1	8704	0
9606.ENSP00000359216	1	8691	0
9606.ENSP00000359221	1	8632	0
9606.ENSP00000359224	2	8703	0
9606.ENSP00000359230	7	8689	0
9606.ENSP00000359233	2	8703	0
9606.ENSP00000359258	1	8704	0
9606.ENSP00000359285	6	8694	0
9606.ENSP00000359292	1	8704	0
9606.ENSP00000359295	12	7775	0
9606.ENSP00000359300	35	7241	0
9606.ENSP00000359319	1	8579	0
9606.ENSP00000359321	6	8119	0
9606.ENSP00000359337	4	8646	0
9606.ENSP00000359339	8	7758	0
9606.ENSP00000359345	92	6835	0
9606.ENSP00000359353	4	8646	0
9606.ENSP00000359364	2	8321	0
9606.ENSP00000359370	10	8579	0
9606.ENSP00000359380	8	8674	0
9606.ENSP00000359384	3	8702	0
9606.ENSP00000359385	3	7806	0
9606.ENSP00000359392	3	8702	0
9606.ENSP00000359398	20	7884	0
9606.ENSP00000359423	1	8701	0
9606.ENSP00000359424	19	7017	0
9606.ENSP00000359446	1	8704	0
9606.ENSP00000359483	1	8704	0
9606.ENSP00000359488	1	8704	0
9606.ENSP00000359497	1	8704	0
9606.ENSP00000359506	12	8193	0
9606.ENSP00000359518	17	7719	0
9606.ENSP00000359531	48	7243	0
9606.ENSP00000359532	6	8111	0
9606.ENSP00000359539	6	8692	0
9606.ENSP00000359552	3	8545	0
9606.ENSP00000359563	1	8704	0
9606.ENSP00000359583	1	8681	0
9606.ENSP00000359594	2	8703	0
9606.ENSP00000359596	2	8703	0
9606.ENSP00000359606	1	8639	0
9606.ENSP00000359621	2	8703	0
9606.ENSP00000359640	2	8703	0
9606.ENSP00000359643	8	8569	0
9606.ENSP00000359645	2	8519	0
9606.ENSP00000359663	9	8283	0
9606.ENSP00000359665	4	8678	0
9606.ENSP00000359675	2	8455	0
9606.ENSP00000359682	2	8699	0
9606.ENSP00000359688	2	8690	0
9606.ENSP00000359699	1	8704	0
9606.ENSP00000359719	19	7877	0
9606.ENSP00000359727	7	8089	0
9606.ENSP00000359729	1	8704	0
9606.ENSP00000359765	2	8702	0
9606.ENSP00000359804	1	8609	0
9606.ENSP00000359818	17	8217	0
9606.ENSP00000359829	4	8285	0
9606.ENSP00000359837	27	7428	0
9606.ENSP00000359848	4	8701	0
9606.ENSP00000359864	10	8516	0
9606.ENSP00000359871	2	8703	0
9606.ENSP00000359910	40	8239	0
9606.ENSP00000359939	18	8435	0
9606.ENSP00000359976	2	8699	0
9606.ENSP00000359991	2	8703	0
9606.ENSP00000360021	4	8417	0
9606.ENSP00000360025	8	8266	0
9606.ENSP00000360034	57	7211	0
9606.ENSP00000360035	8	8559	0
9606.ENSP00000360058	5	8316	0
9606.ENSP00000360060	6	8297	0
9606.ENSP00000360076	1	8599	0
9606.ENSP00000360108	2	8265	0
9606.ENSP00000360120	2	8578	0
9606.ENSP00000360129	1	8704	0
9606.ENSP00000360133	15	8485	0
9606.ENSP00000360141	57	7698	0
9606.ENSP00000360147	6	8418	0
9606.ENSP00000360154	11	8442	0
9606.ENSP00000360162	11	7746	0
9606.ENSP00000360170	2	8703	0
9606.ENSP00000360181	3	8223	0
9606.ENSP00000360183	19	8491	0
9606.ENSP00000360215	4	8292	0
9606.ENSP00000360217	6	8523	0
9606.ENSP00000360242	17	8012	0
9606.ENSP00000360247	5	8694	0
9606.ENSP00000360250	4	8700	0
9606.ENSP00000360252	4	8683	0
9606.ENSP00000360266	43	6406	0
9606.ENSP00000360269	1	8625	0
9606.ENSP00000360280	1	8675	0
9606.ENSP00000360281	9	8302	0
9606.ENSP00000360290	6	8699	0
9606.ENSP00000360293	7	7627	0
9606.ENSP00000360296	10	8469	0
9606.ENSP00000360299	2	8327	0
9606.ENSP00000360310	1	8704	0
9606.ENSP00000360317	3	8697	0
9606.ENSP00000360327	2	8592	0
9606.ENSP00000360365	1	8413	0
9606.ENSP00000360372	2	8697	0
9606.ENSP00000360423	8	8260	0
9606.ENSP00000360464	1	8516	0
9606.ENSP00000360472	6	8356	0
9606.ENSP00000360473	10	8438	0
9606.ENSP00000360475	1	8359	0
9606.ENSP00000360483	16	8378	0
9606.ENSP00000360485	2	8594	0
9606.ENSP00000360492	45	8489	0
9606.ENSP00000360493	10	7415	0
9606.ENSP00000360497	60	7767	0
9606.ENSP00000360498	61	8488	0
9606.ENSP00000360515	27	7460	0
9606.ENSP00000360522	2	8703	0
9606.ENSP00000360525	32	7893	0
9606.ENSP00000360526	8	7831	0
9606.ENSP00000360532	61	7559	0
9606.ENSP00000360540	2	8359	0
9606.ENSP00000360561	4	8700	0
9606.ENSP00000360569	5	8606	0
9606.ENSP00000360576	1	8704	0
9606.ENSP00000360608	16	8089	0
9606.ENSP00000360609	59	5203	0
9606.ENSP00000360613	6	8299	0
9606.ENSP00000360623	13	8291	0
9606.ENSP00000360638	2	8696	0
9606.ENSP00000360662	1	8330	0
9606.ENSP00000360671	13	8131	0
9606.ENSP00000360672	10	8176	0
9606.ENSP00000360682	24	7656	0
9606.ENSP00000360683	8	7619	0
9606.ENSP00000360687	1	8704	0
9606.ENSP00000360688	9	8678	0
9606.ENSP00000360689	7	8285	0
9606.ENSP00000360697	6	8564	0
9606.ENSP00000360715	1	8424	0
9606.ENSP00000360718	1	8704	0
9606.ENSP00000360730	6	8330	0
9606.ENSP00000360761	7	8685	0
9606.ENSP00000360762	1	8656	0
9606.ENSP00000360777	10	8551	0
9606.ENSP00000360782	1	8660	0
9606.ENSP00000360797	5	8184	0
9606.ENSP00000360798	14	7846	0
9606.ENSP00000360806	3	8630	0
9606.ENSP00000360811	2	8571	0
9606.ENSP00000360821	1	8703	0
9606.ENSP00000360850	38	8542	0
9606.ENSP00000360869	2	8703	0
9606.ENSP00000360871	4	8674	0
9606.ENSP00000360874	1	8703	0
9606.ENSP00000360876	2	8703	0
9606.ENSP00000360882	4	8694	0
9606.ENSP00000360916	8	7912	0
9606.ENSP00000360922	1	8613	0
9606.ENSP00000360938	2	8703	0
9606.ENSP00000360944	2	8691	0
9606.ENSP00000360958	2	8697	0
9606.ENSP00000360973	2	8648	0
9606.ENSP00000360992	4	7429	0
9606.ENSP00000361004	4	8548	0
9606.ENSP00000361009	4	7953	0
9606.ENSP00000361021	16	7924	0
9606.ENSP00000361027	13	7653	0
9606.ENSP00000361043	1	8664	0
9606.ENSP00000361048	1	8656	0
9606.ENSP00000361064	3	8614	0
9606.ENSP00000361066	16	6569	0
9606.ENSP00000361076	89	7116	0
9606.ENSP00000361084	12	8499	0
9606.ENSP00000361107	16	8227	0
9606.ENSP00000361110	1	8704	0
9606.ENSP00000361120	6	8269	0
9606.ENSP00000361180	5	8694	0
9606.ENSP00000361186	4	8701	0
9606.ENSP00000361202	2	8445	0
9606.ENSP00000361206	66	8486	0
9606.ENSP00000361214	4	8454	0
9606.ENSP00000361219	5	8694	0
9606.ENSP00000361231	1	8687	0
9606.ENSP00000361264	6	7775	0
9606.ENSP00000361266	8	8595	0
9606.ENSP00000361275	3	8443	0
9606.ENSP00000361285	2	8703	0
9606.ENSP00000361287	2	8703	0
9606.ENSP00000361298	3	8543	0
9606.ENSP00000361302	1	8704	0
9606.ENSP00000361310	2	8230	0
9606.ENSP00000361359	18	6646	0
9606.ENSP00000361363	24	7097	0
9606.ENSP00000361366	2	8703	0
9606.ENSP00000361400	1	8704	0
9606.ENSP00000361405	11	8168	0
9606.ENSP00000361418	3	8339	0
9606.ENSP00000361423	13	7217	0
9606.ENSP00000361433	17	8532	0
9606.ENSP00000361446	17	8077	0
9606.ENSP00000361458	1	8508	0
9606.ENSP00000361473	33	7594	0
9606.ENSP00000361475	2	8652	0
9606.ENSP00000361512	4	8701	0
9606.ENSP00000361522	3	8282	0
9606.ENSP00000361524	1	8410	0
9606.ENSP00000361540	28	7864	0
9606.ENSP00000361544	1	8628	0
9606.ENSP00000361548	2	8438	0
9606.ENSP00000361554	2	8580	0
9606.ENSP00000361562	2	8689	0
9606.ENSP00000361595	1	8691	0
9606.ENSP00000361599	2	8664	0
9606.ENSP00000361626	27	7049	0
9606.ENSP00000361635	9	8340	0
9606.ENSP00000361636	7	8391	0
9606.ENSP00000361658	19	8378	0
9606.ENSP00000361662	2	8700	0
9606.ENSP00000361664	1	8455	0
9606.ENSP00000361666	1	8704	0
9606.ENSP00000361668	4	8631	0
9606.ENSP00000361705	2	8047	0
9606.ENSP00000361721	1	7801	0
9606.ENSP00000361728	1	8645	0
9606.ENSP00000361777	1	8679	0
9606.ENSP00000361800	10	8425	0
9606.ENSP00000361818	10	7710	0
9606.ENSP00000361834	2	8703	0
9606.ENSP00000361850	3	8521	0
9606.ENSP00000361867	1	8650	0
9606.ENSP00000361883	2	8366	0
9606.ENSP00000361892	4	8657	0
9606.ENSP00000361894	2	8703	0
9606.ENSP00000361895	2	8490	0
9606.ENSP00000361914	2	8703	0
9606.ENSP00000361915	1	8704	0
9606.ENSP00000361918	57	7203	0
9606.ENSP00000361923	33	8542	0
9606.ENSP00000361927	1	8678	0
9606.ENSP00000361930	13	7625	0
9606.ENSP00000361943	2	8631	0
9606.ENSP00000361949	1	8656	0
9606.ENSP00000361965	2	8526	0
9606.ENSP00000361993	1	8696	0
9606.ENSP00000361998	4	8064	0
9606.ENSP00000362010	1	8702	0
9606.ENSP00000362014	7	8501	0
9606.ENSP00000362018	16	8429	0
9606.ENSP00000362036	66	8499	0
9606.ENSP00000362041	33	7302	0
9606.ENSP00000362057	13	8431	0
9606.ENSP00000362058	48	8489	0
9606.ENSP00000362068	30	7852	0
9606.ENSP00000362080	2	8665	0
9606.ENSP00000362082	9	7789	0
9606.ENSP00000362092	16	8526	0
9606.ENSP00000362105	57	7793	0
9606.ENSP00000362108	6	8194	0
9606.ENSP00000362109	2	8240	0
9606.ENSP00000362110	59	7706	0
9606.ENSP00000362115	8	8559	0
9606.ENSP00000362121	16	8627	0
9606.ENSP00000362131	11	8357	0
9606.ENSP00000362139	2	8691	0
9606.ENSP00000362144	4	8698	0
9606.ENSP00000362146	4	8590	0
9606.ENSP00000362153	10	8150	0
9606.ENSP00000362166	31	7335	0
9606.ENSP00000362179	1	8587	0
9606.ENSP00000362181	4	8312	0
9606.ENSP00000362183	4	8656	0
9606.ENSP00000362195	2	8414	0
9606.ENSP00000362205	10	7608	0
9606.ENSP00000362207	1	8704	0
9606.ENSP00000362208	65	8526	0
9606.ENSP00000362268	7	8674	0
9606.ENSP00000362285	2	8703	0
9606.ENSP00000362287	5	8306	0
9606.ENSP00000362299	7	8412	0
9606.ENSP00000362300	17	7446	0
9606.ENSP00000362306	4	8319	0
9606.ENSP00000362314	3	8385	0
9606.ENSP00000362329	2	8703	0
9606.ENSP00000362334	40	8239	0
9606.ENSP00000362339	14	8405	0
9606.ENSP00000362353	5	8329	0
9606.ENSP00000362361	49	7405	0
9606.ENSP00000362399	7	8565	0
9606.ENSP00000362401	1	8704	0
9606.ENSP00000362403	2	8688	0
9606.ENSP00000362410	2	8220	0
9606.ENSP00000362413	2	8495	0
9606.ENSP00000362424	16	8476	0
9606.ENSP00000362441	27	6980	0
9606.ENSP00000362444	2	8363	0
9606.ENSP00000362524	1	8597	0
9606.ENSP00000362532	1	8703	0
9606.ENSP00000362547	13	7836	0
9606.ENSP00000362576	1	8704	0
9606.ENSP00000362578	4	7917	0
9606.ENSP00000362592	77	6915	0
9606.ENSP00000362608	1	8704	0
9606.ENSP00000362618	1	8656	0
9606.ENSP00000362638	6	8263	0
9606.ENSP00000362643	8	8263	0
9606.ENSP00000362649	85	6109	0
9606.ENSP00000362674	1	8223	0
9606.ENSP00000362680	63	5120	0
9606.ENSP00000362688	23	7975	0
9606.ENSP00000362690	4	8365	0
9606.ENSP00000362702	1	8700	0
9606.ENSP00000362711	3	8623	0
9606.ENSP00000362716	1	8586	0
9606.ENSP00000362727	1	8704	0
9606.ENSP00000362728	1	8648	0
9606.ENSP00000362734	3	8662	0
9606.ENSP00000362744	82	7190	0
9606.ENSP00000362748	3	8282	0
9606.ENSP00000362768	6	8362	0
9606.ENSP00000362795	25	8189	0
9606.ENSP00000362803	37	7872	0
9606.ENSP00000362807	12	8380	0
9606.ENSP00000362820	9	8324	0
9606.ENSP00000362824	13	7867	0
9606.ENSP00000362873	49	8488	0
9606.ENSP00000362900	3	8376	0
9606.ENSP00000362924	5	8153	0
9606.ENSP00000362948	39	7871	0
9606.ENSP00000362962	2	8700	0
9606.ENSP00000362981	1	8674	0
9606.ENSP00000362991	1	8557	0
9606.ENSP00000362994	8	7999	0
9606.ENSP00000363017	19	8133	0
9606.ENSP00000363018	81	7085	0
9606.ENSP00000363019	16	6995	0
9606.ENSP00000363043	3	8384	0
9606.ENSP00000363054	16	8513	0
9606.ENSP00000363055	4	8583	0
9606.ENSP00000363068	2	8699	0
9606.ENSP00000363071	1	8675	0
9606.ENSP00000363079	8	8550	0
9606.ENSP00000363081	7	8538	0
9606.ENSP00000363089	40	6641	0
9606.ENSP00000363092	1	8700	0
9606.ENSP00000363124	30	6857	0
9606.ENSP00000363157	2	8658	0
9606.ENSP00000363162	24	8643	0
9606.ENSP00000363193	33	8320	0
9606.ENSP00000363205	3	8596	0
9606.ENSP00000363216	3	8683	0
9606.ENSP00000363229	6	8699	0
9606.ENSP00000363255	3	8676	0
9606.ENSP00000363286	19	8002	0
9606.ENSP00000363313	56	7882	0
9606.ENSP00000363314	2	8703	0
9606.ENSP00000363318	16	8104	0
9606.ENSP00000363322	38	7269	0
9606.ENSP00000363360	3	8675	0
9606.ENSP00000363377	6	7067	0
9606.ENSP00000363384	3	8568	0
9606.ENSP00000363390	1	8656	0
9606.ENSP00000363391	1	8704	0
9606.ENSP00000363397	2	8690	0
9606.ENSP00000363398	1	8704	0
9606.ENSP00000363400	7	8632	0
9606.ENSP00000363411	3	8428	0
9606.ENSP00000363435	11	7755	0
9606.ENSP00000363452	2	8703	0
9606.ENSP00000363458	3	8520	0
9606.ENSP00000363480	7	8282	0
9606.ENSP00000363492	5	8595	0
9606.ENSP00000363512	1	8704	0
9606.ENSP00000363553	12	8324	0
9606.ENSP00000363559	44	8157	0
9606.ENSP00000363571	4	8599	0
9606.ENSP00000363590	1	8704	0
9606.ENSP00000363591	8	8391	0
9606.ENSP00000363596	3	8324	0
9606.ENSP00000363603	1	8704	0
9606.ENSP00000363614	1	8704	0
9606.ENSP00000363616	2	8701	0
9606.ENSP00000363638	3	8700	0
9606.ENSP00000363640	22	7520	0
9606.ENSP00000363641	7	8199	0
9606.ENSP00000363642	55	7793	0
9606.ENSP00000363661	1	8622	0
9606.ENSP00000363667	1	8683	0
9606.ENSP00000363680	2	8702	0
9606.ENSP00000363708	15	8513	0
9606.ENSP00000363746	57	7793	0
9606.ENSP00000363748	3	8327	0
9606.ENSP00000363770	4	8696	0
9606.ENSP00000363773	4	8696	0
9606.ENSP00000363779	5	8539	0
9606.ENSP00000363787	61	7111	0
9606.ENSP00000363794	10	8664	0
9606.ENSP00000363804	2	7834	0
9606.ENSP00000363817	10	8200	0
9606.ENSP00000363822	17	6038	0
9606.ENSP00000363826	8	8526	0
9606.ENSP00000363827	23	7735	0
9606.ENSP00000363832	3	8702	0
9606.ENSP00000363836	1	8704	0
9606.ENSP00000363840	5	8695	0
9606.ENSP00000363868	2	8572	0
9606.ENSP00000363869	1	8620	0
9606.ENSP00000363921	13	8055	0
9606.ENSP00000363929	7	7924	0
9606.ENSP00000363944	28	7238	0
9606.ENSP00000363970	3	8079	0
9606.ENSP00000363976	15	8066	0
9606.ENSP00000363985	1	8704	0
9606.ENSP00000363993	18	8355	0
9606.ENSP00000363999	51	8489	0
9606.ENSP00000364000	5	8694	0
9606.ENSP00000364003	6	7284	0
9606.ENSP00000364016	20	8355	0
9606.ENSP00000364032	6	8347	0
9606.ENSP00000364037	27	7238	0
9606.ENSP00000364076	5	8148	0
9606.ENSP00000364080	4	8513	0
9606.ENSP00000364114	5	8147	0
9606.ENSP00000364119	41	8011	0
9606.ENSP00000364126	1	8659	0
9606.ENSP00000364140	2	8703	0
9606.ENSP00000364145	3	8702	0
9606.ENSP00000364163	7	8103	0
9606.ENSP00000364190	1	8699	0
9606.ENSP00000364204	4	8289	0
9606.ENSP00000364210	7	8424	0
9606.ENSP00000364235	2	8695	0
9606.ENSP00000364270	11	7780	0
9606.ENSP00000364277	1	8704	0
9606.ENSP00000364289	23	7553	0
9606.ENSP00000364293	1	8280	0
9606.ENSP00000364298	2	7878	0
9606.ENSP00000364320	3	8510	0
9606.ENSP00000364349	10	8318	0
9606.ENSP00000364361	2	8630	0
9606.ENSP00000364389	1	8684	0
9606.ENSP00000364404	27	7413	0
9606.ENSP00000364412	4	8677	0
9606.ENSP00000364448	13	8201	0
9606.ENSP00000364486	7	8695	0
9606.ENSP00000364498	1	8695	0
9606.ENSP00000364512	8	8666	0
9606.ENSP00000364519	9	8097	0
9606.ENSP00000364520	2	8703	0
9606.ENSP00000364524	1	8679	0
9606.ENSP00000364543	2	8538	0
9606.ENSP00000364550	2	7943	0
9606.ENSP00000364578	35	7440	0
9606.ENSP00000364589	35	7140	0
9606.ENSP00000364639	2	8548	0
9606.ENSP00000364649	7	8698	0
9606.ENSP00000364650	1	8704	0
9606.ENSP00000364683	13	8375	0
9606.ENSP00000364685	4	8447	0
9606.ENSP00000364691	1	8704	0
9606.ENSP00000364699	5	8698	0
9606.ENSP00000364709	7	8586	0
9606.ENSP00000364721	7	8200	0
9606.ENSP00000364731	3	8618	0
9606.ENSP00000364737	15	8485	0
9606.ENSP00000364749	1	8702	0
9606.ENSP00000364765	2	8468	0
9606.ENSP00000364782	2	8689	0
9606.ENSP00000364794	15	8592	0
9606.ENSP00000364801	10	7510	0
9606.ENSP00000364802	6	8080	0
9606.ENSP00000364805	3	7862	0
9606.ENSP00000364813	58	7869	0
9606.ENSP00000364815	1	8704	0
9606.ENSP00000364831	1	8704	0
9606.ENSP00000364839	29	7729	0
9606.ENSP00000364847	3	8525	0
9606.ENSP00000364855	1	8704	0
9606.ENSP00000364858	4	8618	0
9606.ENSP00000364859	2	8683	0
9606.ENSP00000364860	5	7951	0
9606.ENSP00000364864	2	8691	0
9606.ENSP00000364885	2	7956	0
9606.ENSP00000364886	2	8654	0
9606.ENSP00000364898	51	6752	0
9606.ENSP00000364902	1	8704	0
9606.ENSP00000364929	28	7332	0
9606.ENSP00000364965	1	8588	0
9606.ENSP00000364976	4	8442	0
9606.ENSP00000364979	1	8704	0
9606.ENSP00000364995	2	8196	0
9606.ENSP00000365006	3	8301	0
9606.ENSP00000365012	1	8480	0
9606.ENSP00000365016	7	7984	0
9606.ENSP00000365019	19	7668	0
9606.ENSP00000365042	7	8293	0
9606.ENSP00000365048	4	8301	0
9606.ENSP00000365049	2	8699	0
9606.ENSP00000365080	1	8615	0
9606.ENSP00000365130	1	8704	0
9606.ENSP00000365131	6	8472	0
9606.ENSP00000365159	2	8703	0
9606.ENSP00000365162	5	8263	0
9606.ENSP00000365198	1	8675	0
9606.ENSP00000365210	3	8583	0
9606.ENSP00000365230	25	7197	0
9606.ENSP00000365243	4	8623	0
9606.ENSP00000365272	6	8309	0
9606.ENSP00000365280	2	8313	0
9606.ENSP00000365295	1	8679	0
9606.ENSP00000365312	14	8108	0
9606.ENSP00000365322	16	7856	0
9606.ENSP00000365360	16	7856	0
9606.ENSP00000365380	6	7723	0
9606.ENSP00000365388	1	8704	0
9606.ENSP00000365401	5	8468	0
9606.ENSP00000365402	26	7893	0
9606.ENSP00000365411	5	8251	0
9606.ENSP00000365435	6	8329	0
9606.ENSP00000365437	3	8702	0
9606.ENSP00000365441	12	8537	0
9606.ENSP00000365458	6	8216	0
9606.ENSP00000365462	2	8700	0
9606.ENSP00000365465	2	8688	0
9606.ENSP00000365477	2	8669	0
9606.ENSP00000365505	1	8704	0
9606.ENSP00000365529	1	8692	0
9606.ENSP00000365569	4	8340	0
9606.ENSP00000365576	5	7383	0
9606.ENSP00000365588	9	7486	0
9606.ENSP00000365596	1	8406	0
9606.ENSP00000365606	1	8696	0
9606.ENSP00000365625	58	7803	0
9606.ENSP00000365651	3	8341	0
9606.ENSP00000365663	4	8341	0
9606.ENSP00000365682	8	7703	0
9606.ENSP00000365687	2	8534	0
9606.ENSP00000365692	1	8704	0
9606.ENSP00000365694	2	8543	0
9606.ENSP00000365720	8	7703	0
9606.ENSP00000365730	6	8611	0
9606.ENSP00000365745	17	7182	0
9606.ENSP00000365757	2	8703	0
9606.ENSP00000365804	11	6318	0
9606.ENSP00000365817	25	7963	0
9606.ENSP00000365840	3	8702	0
9606.ENSP00000365851	58	7166	0
9606.ENSP00000365858	11	7648	0
9606.ENSP00000365891	23	6865	0
9606.ENSP00000365926	2	8560	0
9606.ENSP00000365938	1	8690	0
9606.ENSP00000365944	2	8145	0
9606.ENSP00000365962	1	8549	0
9606.ENSP00000366007	1	8704	0
9606.ENSP00000366024	15	8034	0
9606.ENSP00000366047	1	8373	0
9606.ENSP00000366061	2	8603	0
9606.ENSP00000366070	1	8702	0
9606.ENSP00000366093	2	8521	0
9606.ENSP00000366109	7	8261	0
9606.ENSP00000366118	1	8704	0
9606.ENSP00000366135	20	8367	0
9606.ENSP00000366179	1	8613	0
9606.ENSP00000366182	1	8681	0
9606.ENSP00000366233	4	8349	0
9606.ENSP00000366234	2	8658	0
9606.ENSP00000366237	1	8704	0
9606.ENSP00000366248	2	8555	0
9606.ENSP00000366249	1	8433	0
9606.ENSP00000366271	8	7676	0
9606.ENSP00000366288	1	8693	0
9606.ENSP00000366306	3	7745	0
9606.ENSP00000366307	2	8664	0
9606.ENSP00000366314	1	8370	0
9606.ENSP00000366347	1	8506	0
9606.ENSP00000366395	8	8603	0
9606.ENSP00000366396	2	8649	0
9606.ENSP00000366404	2	8572	0
9606.ENSP00000366410	4	8693	0
9606.ENSP00000366416	7	8390	0
9606.ENSP00000366474	2	7845	0
9606.ENSP00000366475	4	8671	0
9606.ENSP00000366488	18	7877	0
9606.ENSP00000366525	2	8667	0
9606.ENSP00000366534	4	8077	0
9606.ENSP00000366557	51	7868	0
9606.ENSP00000366563	15	7932	0
9606.ENSP00000366565	21	8337	0
9606.ENSP00000366604	2	8555	0
9606.ENSP00000366618	3	8352	0
9606.ENSP00000366679	30	7572	0
9606.ENSP00000366694	1	8370	0
9606.ENSP00000366702	1	7997	0
9606.ENSP00000366746	27	7365	0
9606.ENSP00000366748	2	8674	0
9606.ENSP00000366757	4	8296	0
9606.ENSP00000366800	2	8674	0
9606.ENSP00000366819	4	7429	0
9606.ENSP00000366828	17	8077	0
9606.ENSP00000366863	1	8704	0
9606.ENSP00000366886	26	7750	0
9606.ENSP00000366898	4	8121	0
9606.ENSP00000366927	2	8703	0
9606.ENSP00000366934	2	8366	0
9606.ENSP00000366937	2	8684	0
9606.ENSP00000366953	27	7413	0
9606.ENSP00000366962	42	6885	0
9606.ENSP00000366974	102	6657	0
9606.ENSP00000366997	17	8532	0
9606.ENSP00000366998	8	8675	0
9606.ENSP00000366999	114	6039	0
9606.ENSP00000367001	1	8686	0
9606.ENSP00000367013	8	8398	0
9606.ENSP00000367022	77	6605	0
9606.ENSP00000367029	13	8125	0
9606.ENSP00000367034	102	6657	0
9606.ENSP00000367038	1	8704	0
9606.ENSP00000367049	15	7540	0
9606.ENSP00000367050	1	8677	0
9606.ENSP00000367064	6	8363	0
9606.ENSP00000367086	5	8695	0
9606.ENSP00000367123	9	8494	0
9606.ENSP00000367139	1	8675	0
9606.ENSP00000367154	3	8529	0
9606.ENSP00000367203	9	7924	0
9606.ENSP00000367208	2	7878	0
9606.ENSP00000367220	18	7772	0
9606.ENSP00000367263	7	8165	0
9606.ENSP00000367265	1	8675	0
9606.ENSP00000367284	6	8452	0
9606.ENSP00000367299	25	7365	0
9606.ENSP00000367309	4	8699	0
9606.ENSP00000367312	1	8689	0
9606.ENSP00000367316	2	8327	0
9606.ENSP00000367318	6	8645	0
9606.ENSP00000367323	3	8630	0
9606.ENSP00000367343	2	8690	0
9606.ENSP00000367391	2	8703	0
9606.ENSP00000367398	4	8684	0
9606.ENSP00000367406	41	7554	0
9606.ENSP00000367433	1	8436	0
9606.ENSP00000367440	4	7429	0
9606.ENSP00000367446	1	8704	0
9606.ENSP00000367494	1	8680	0
9606.ENSP00000367498	1	8203	0
9606.ENSP00000367527	24	7656	0
9606.ENSP00000367545	5	7752	0
9606.ENSP00000367615	1	8704	0
9606.ENSP00000367623	1	8704	0
9606.ENSP00000367686	2	8448	0
9606.ENSP00000367691	8	8569	0
9606.ENSP00000367705	36	7326	0
9606.ENSP00000367714	1	8683	0
9606.ENSP00000367721	16	8340	0
9606.ENSP00000367743	1	8688	0
9606.ENSP00000367762	1	8669	0
9606.ENSP00000367787	6	8417	0
9606.ENSP00000367797	2	8255	0
9606.ENSP00000367806	132	6898	0
9606.ENSP00000367817	1	8385	0
9606.ENSP00000367830	13	7641	0
9606.ENSP00000367832	5	8422	0
9606.ENSP00000367841	7	8459	0
9606.ENSP00000367848	6	8635	0
9606.ENSP00000367851	14	8197	0
9606.ENSP00000367872	100	7543	0
9606.ENSP00000367879	1	8704	0
9606.ENSP00000367880	1	8704	0
9606.ENSP00000367888	2	8599	0
9606.ENSP00000367891	1	8704	0
9606.ENSP00000367893	1	8704	0
9606.ENSP00000367910	18	8046	0
9606.ENSP00000367938	7	8623	0
9606.ENSP00000367939	24	8543	0
9606.ENSP00000367942	2	8665	0
9606.ENSP00000367972	1	8704	0
9606.ENSP00000367991	5	8179	0
9606.ENSP00000367992	1	8704	0
9606.ENSP00000368017	17	8566	0
9606.ENSP00000368022	16	6991	0
9606.ENSP00000368066	3	8702	0
9606.ENSP00000368100	5	8037	0
9606.ENSP00000368104	14	8549	0
9606.ENSP00000368119	3	8693	0
9606.ENSP00000368144	9	8414	0
9606.ENSP00000368164	9	8312	0
9606.ENSP00000368165	2	8698	0
9606.ENSP00000368166	30	7401	0
9606.ENSP00000368190	14	7346	0
9606.ENSP00000368215	5	7816	0
9606.ENSP00000368253	1	8594	0
9606.ENSP00000368264	1	8573	0
9606.ENSP00000368265	5	8563	0
9606.ENSP00000368278	3	8638	0
9606.ENSP00000368314	4	8492	0
9606.ENSP00000368356	2	8703	0
9606.ENSP00000368358	25	7934	0
9606.ENSP00000368370	1	8660	0
9606.ENSP00000368414	1	8704	0
9606.ENSP00000368439	1	8704	0
9606.ENSP00000368458	36	6842	0
9606.ENSP00000368459	3	8377	0
9606.ENSP00000368468	5	8698	0
9606.ENSP00000368516	8	8674	0
9606.ENSP00000368528	7	8674	0
9606.ENSP00000368538	10	8235	0
9606.ENSP00000368565	1	8704	0
9606.ENSP00000368572	1	8704	0
9606.ENSP00000368632	4	7886	0
9606.ENSP00000368646	3	8686	0
9606.ENSP00000368648	1	8704	0
9606.ENSP00000368678	8	8117	0
9606.ENSP00000368683	4	8631	0
9606.ENSP00000368686	13	7726	0
9606.ENSP00000368710	1	8704	0
9606.ENSP00000368716	7	8696	0
9606.ENSP00000368727	12	8658	0
9606.ENSP00000368759	2	8544	0
9606.ENSP00000368766	2	8703	0
9606.ENSP00000368767	5	8575	0
9606.ENSP00000368797	26	7750	0
9606.ENSP00000368799	26	7750	0
9606.ENSP00000368801	51	7892	0
9606.ENSP00000368805	1	8704	0
9606.ENSP00000368831	10	8667	0
9606.ENSP00000368872	1	8704	0
9606.ENSP00000368880	14	7015	0
9606.ENSP00000368881	3	8322	0
9606.ENSP00000368927	18	8055	0
9606.ENSP00000368966	4	8657	0
9606.ENSP00000368970	1	8683	0
9606.ENSP00000368982	2	8703	0
9606.ENSP00000368984	17	8532	0
9606.ENSP00000369017	6	8581	0
9606.ENSP00000369038	10	8592	0
9606.ENSP00000369055	4	8667	0
9606.ENSP00000369071	3	8177	0
9606.ENSP00000369081	1	8702	0
9606.ENSP00000369099	2	8703	0
9606.ENSP00000369126	8	7631	0
9606.ENSP00000369127	2	8166	0
9606.ENSP00000369129	6	8581	0
9606.ENSP00000369131	11	7735	0
9606.ENSP00000369134	4	8682	0
9606.ENSP00000369145	2	8521	0
9606.ENSP00000369154	5	8085	0
9606.ENSP00000369162	15	7926	0
9606.ENSP00000369176	45	8489	0
9606.ENSP00000369213	18	7100	0
9606.ENSP00000369217	9	7180	0
9606.ENSP00000369268	2	8614	0
9606.ENSP00000369274	8	8263	0
9606.ENSP00000369286	1	8704	0
9606.ENSP00000369293	7	8122	0
9606.ENSP00000369373	1	8340	0
9606.ENSP00000369375	3	8580	0
9606.ENSP00000369383	2	8703	0
9606.ENSP00000369390	1	8704	0
9606.ENSP00000369391	16	8225	0
9606.ENSP00000369411	11	8205	0
9606.ENSP00000369424	49	7043	0
9606.ENSP00000369442	17	8487	0
9606.ENSP00000369456	3	8693	0
9606.ENSP00000369461	2	8682	0
9606.ENSP00000369497	20	7140	0
9606.ENSP00000369530	1	8704	0
9606.ENSP00000369538	1	8700	0
9606.ENSP00000369545	3	8675	0
9606.ENSP00000369554	2	8536	0
9606.ENSP00000369578	2	8536	0
9606.ENSP00000369581	6	7972	0
9606.ENSP00000369643	3	8691	0
9606.ENSP00000369647	3	8566	0
9606.ENSP00000369666	2	7979	0
9606.ENSP00000369674	20	7883	0
9606.ENSP00000369682	36	8542	0
9606.ENSP00000369689	45	6752	0
9606.ENSP00000369695	69	7239	0
9606.ENSP00000369703	20	8195	0
9606.ENSP00000369716	12	7867	0
9606.ENSP00000369756	1	8253	0
9606.ENSP00000369757	136	6876	0
9606.ENSP00000369774	1	8649	0
9606.ENSP00000369784	12	8183	0
9606.ENSP00000369786	2	8681	0
9606.ENSP00000369798	5	8698	0
9606.ENSP00000369810	10	8569	0
9606.ENSP00000369816	1	8445	0
9606.ENSP00000369820	7	8636	0
9606.ENSP00000369855	3	8360	0
9606.ENSP00000369857	6	7741	0
9606.ENSP00000369860	2	8695	0
9606.ENSP00000369871	8	8672	0
9606.ENSP00000369889	2	8695	0
9606.ENSP00000369895	16	8265	0
9606.ENSP00000369897	1	8704	0
9606.ENSP00000369899	18	8524	0
9606.ENSP00000369927	6	8677	0
9606.ENSP00000369960	2	8703	0
9606.ENSP00000369962	5	8207	0
9606.ENSP00000369965	17	8240	0
9606.ENSP00000369981	4	7602	0
9606.ENSP00000369996	8	7249	0
9606.ENSP00000370003	6	8225	0
9606.ENSP00000370010	3	8036	0
9606.ENSP00000370023	3	8675	0
9606.ENSP00000370034	4	8453	0
9606.ENSP00000370057	1	8704	0
9606.ENSP00000370078	2	8626	0
9606.ENSP00000370083	16	8265	0
9606.ENSP00000370114	8	7469	0
9606.ENSP00000370119	16	8265	0
9606.ENSP00000370129	1	8693	0
9606.ENSP00000370150	1	8638	0
9606.ENSP00000370193	70	6910	0
9606.ENSP00000370196	1	8703	0
9606.ENSP00000370200	6	8397	0
9606.ENSP00000370208	8	7337	0
9606.ENSP00000370214	16	8429	0
9606.ENSP00000370222	1	8658	0
9606.ENSP00000370254	1	8704	0
9606.ENSP00000370258	13	8434	0
9606.ENSP00000370293	2	8651	0
9606.ENSP00000370299	1	8672	0
9606.ENSP00000370337	2	8702	0
9606.ENSP00000370343	3	8388	0
9606.ENSP00000370345	1	8704	0
9606.ENSP00000370372	1	8693	0
9606.ENSP00000370373	4	8170	0
9606.ENSP00000370376	1	8695	0
9606.ENSP00000370377	1	8373	0
9606.ENSP00000370421	1	8486	0
9606.ENSP00000370460	62	7724	0
9606.ENSP00000370473	9	7601	0
9606.ENSP00000370483	4	8349	0
9606.ENSP00000370503	5	8586	0
9606.ENSP00000370508	27	8595	0
9606.ENSP00000370517	7	8695	0
9606.ENSP00000370521	1	8559	0
9606.ENSP00000370527	1	8553	0
9606.ENSP00000370532	2	8381	0
9606.ENSP00000370542	13	7281	0
9606.ENSP00000370555	3	8693	0
9606.ENSP00000370557	7	8423	0
9606.ENSP00000370571	1	8704	0
9606.ENSP00000370588	3	8512	0
9606.ENSP00000370589	57	7759	0
9606.ENSP00000370593	3	8658	0
9606.ENSP00000370625	60	7058	0
9606.ENSP00000370635	1	8704	0
9606.ENSP00000370669	3	8680	0
9606.ENSP00000370671	26	7750	0
9606.ENSP00000370695	10	8034	0
9606.ENSP00000370698	16	8178	0
9606.ENSP00000370710	1	8140	0
9606.ENSP00000370719	11	8042	0
9606.ENSP00000370737	4	8667	0
9606.ENSP00000370744	3	8479	0
9606.ENSP00000370745	9	8683	0
9606.ENSP00000370748	1	8704	0
9606.ENSP00000370750	3	8702	0
9606.ENSP00000370767	3	8529	0
9606.ENSP00000370803	2	8690	0
9606.ENSP00000370808	13	8312	0
9606.ENSP00000370839	7	8437	0
9606.ENSP00000370842	3	8578	0
9606.ENSP00000370886	2	8545	0
9606.ENSP00000370912	5	8301	0
9606.ENSP00000370936	34	7159	0
9606.ENSP00000370938	34	8320	0
9606.ENSP00000370950	1	8704	0
9606.ENSP00000370966	1	8704	0
9606.ENSP00000370968	3	8637	0
9606.ENSP00000370975	6	8637	0
9606.ENSP00000370978	3	8443	0
9606.ENSP00000370984	1	8680	0
9606.ENSP00000370989	9	8086	0
9606.ENSP00000371018	3	8432	0
9606.ENSP00000371037	2	8698	0
9606.ENSP00000371040	6	8581	0
9606.ENSP00000371067	40	7203	0
9606.ENSP00000371084	6	8696	0
9606.ENSP00000371101	51	7795	0
9606.ENSP00000371152	9	8696	0
9606.ENSP00000371155	18	8340	0
9606.ENSP00000371169	51	7793	0
9606.ENSP00000371175	6	8338	0
9606.ENSP00000371180	1	8702	0
9606.ENSP00000371188	4	8258	0
9606.ENSP00000371194	9	7741	0
9606.ENSP00000371219	1	8704	0
9606.ENSP00000371221	1	8704	0
9606.ENSP00000371233	1	8535	0
9606.ENSP00000371253	3	8700	0
9606.ENSP00000371267	9	8027	0
9606.ENSP00000371272	1	8693	0
9606.ENSP00000371308	12	7815	0
9606.ENSP00000371321	6	8214	0
9606.ENSP00000371327	11	8477	0
9606.ENSP00000371328	1	8601	0
9606.ENSP00000371336	6	8637	0
9606.ENSP00000371341	1	8331	0
9606.ENSP00000371347	3	8580	0
9606.ENSP00000371362	1	8704	0
9606.ENSP00000371388	1	8692	0
9606.ENSP00000371419	2	8642	0
9606.ENSP00000371420	2	7948	0
9606.ENSP00000371425	4	8406	0
9606.ENSP00000371469	5	8651	0
9606.ENSP00000371471	2	8703	0
9606.ENSP00000371472	1	8700	0
9606.ENSP00000371475	55	6293	0
9606.ENSP00000371483	3	8641	0
9606.ENSP00000371505	2	8571	0
9606.ENSP00000371532	5	8433	0
9606.ENSP00000371577	2	8703	0
9606.ENSP00000371594	8	8339	0
9606.ENSP00000371638	31	7567	0
9606.ENSP00000371682	27	7413	0
9606.ENSP00000371693	2	8600	0
9606.ENSP00000371770	5	8526	0
9606.ENSP00000371785	1	8704	0
9606.ENSP00000371790	7	8255	0
9606.ENSP00000371805	3	7787	0
9606.ENSP00000371811	6	8698	0
9606.ENSP00000371859	9	7995	0
9606.ENSP00000371897	1	8655	0
9606.ENSP00000371929	3	8701	0
9606.ENSP00000371936	2	8664	0
9606.ENSP00000371958	9	7611	0
9606.ENSP00000371985	8	8586	0
9606.ENSP00000372005	4	8516	0
9606.ENSP00000372023	3	7383	0
9606.ENSP00000372035	8	8023	0
9606.ENSP00000372042	7	8620	0
9606.ENSP00000372136	2	8703	0
9606.ENSP00000372139	2	8703	0
9606.ENSP00000372155	15	8355	0
9606.ENSP00000372169	12	8537	0
9606.ENSP00000372170	2	8701	0
9606.ENSP00000372191	20	7526	0
9606.ENSP00000372193	1	8704	0
9606.ENSP00000372210	5	8652	0
9606.ENSP00000372274	1	8632	0
9606.ENSP00000372295	7	8455	0
9606.ENSP00000372313	1	8692	0
9606.ENSP00000372351	12	7599	0
9606.ENSP00000372445	13	8590	0
9606.ENSP00000372482	1	8589	0
9606.ENSP00000372499	9	7734	0
9606.ENSP00000372547	1	8672	0
9606.ENSP00000372689	11	8677	0
9606.ENSP00000372750	3	8643	0
9606.ENSP00000372924	2	8683	0
9606.ENSP00000373153	11	8672	0
9606.ENSP00000373169	3	8327	0
9606.ENSP00000373206	1	8552	0
9606.ENSP00000373278	18	7668	0
9606.ENSP00000373298	1	8696	0
9606.ENSP00000373301	1	8609	0
9606.ENSP00000373312	39	8146	0
9606.ENSP00000373325	4	8693	0
9606.ENSP00000373328	1	8704	0
9606.ENSP00000373340	22	7519	0
9606.ENSP00000373347	2	8696	0
9606.ENSP00000373399	8	8559	0
9606.ENSP00000373404	56	8461	0
9606.ENSP00000373474	10	8244	0
9606.ENSP00000373477	9	8678	0
9606.ENSP00000373489	2	8648	0
9606.ENSP00000373518	6	8585	0
9606.ENSP00000373574	8	8410	0
9606.ENSP00000373648	11	8209	0
9606.ENSP00000373657	7	8023	0
9606.ENSP00000373669	7	8570	0
9606.ENSP00000373674	11	8694	0
9606.ENSP00000373684	1	8692	0
9606.ENSP00000373691	3	8658	0
9606.ENSP00000373700	8	7863	0
9606.ENSP00000373706	2	8521	0
9606.ENSP00000373715	15	7971	0
9606.ENSP00000373772	6	8122	0
9606.ENSP00000373783	1	8409	0
9606.ENSP00000373854	2	8435	0
9606.ENSP00000373905	11	7900	0
9606.ENSP00000373952	16	7749	0
9606.ENSP00000373979	13	8690	0
9606.ENSP00000374013	1	8704	0
9606.ENSP00000374036	1	8677	0
9606.ENSP00000374069	1	8704	0
9606.ENSP00000374125	1	8611	0
9606.ENSP00000374183	4	8524	0
9606.ENSP00000374212	34	7268	0
9606.ENSP00000374265	9	8678	0
9606.ENSP00000374268	1	8704	0
9606.ENSP00000374280	42	7496	0
9606.ENSP00000374309	5	8581	0
9606.ENSP00000374332	1	8704	0
9606.ENSP00000374354	18	8435	0
9606.ENSP00000374399	1	8704	0
9606.ENSP00000374455	33	6476	0
9606.ENSP00000374490	6	8699	0
9606.ENSP00000374507	1	8499	0
9606.ENSP00000374529	3	8451	0
9606.ENSP00000374552	4	7429	0
9606.ENSP00000375063	3	8702	0
9606.ENSP00000375080	2	8620	0
9606.ENSP00000375086	5	8525	0
9606.ENSP00000375608	12	8362	0
9606.ENSP00000375616	3	7830	0
9606.ENSP00000375618	2	8367	0
9606.ENSP00000375622	1	8704	0
9606.ENSP00000375629	8	8178	0
9606.ENSP00000375632	126	6949	0
9606.ENSP00000375639	20	7609	0
9606.ENSP00000375647	12	8537	0
9606.ENSP00000375653	9	8487	0
9606.ENSP00000375678	1	8700	0
9606.ENSP00000375711	9	8357	0
9606.ENSP00000375730	77	7060	0
9606.ENSP00000375756	9	8531	0
9606.ENSP00000375777	3	8510	0
9606.ENSP00000375778	3	8692	0
9606.ENSP00000375795	5	8658	0
9606.ENSP00000375809	53	7580	0
9606.ENSP00000375810	6	8595	0
9606.ENSP00000375821	1	8654	0
9606.ENSP00000375855	2	8361	0
9606.ENSP00000375857	2	7863	0
9606.ENSP00000375863	1	8581	0
9606.ENSP00000375873	13	7965	0
9606.ENSP00000375892	2	8345	0
9606.ENSP00000375899	2	8407	0
9606.ENSP00000375914	1	8647	0
9606.ENSP00000375921	3	8433	0
9606.ENSP00000375978	27	7634	0
9606.ENSP00000375986	3	8252	0
9606.ENSP00000376007	1	8704	0
9606.ENSP00000376024	2	8703	0
9606.ENSP00000376048	2	8616	0
9606.ENSP00000376055	4	8471	0
9606.ENSP00000376077	18	7197	0
9606.ENSP00000376097	2	8228	0
9606.ENSP00000376123	4	7568	0
9606.ENSP00000376167	17	7246	0
9606.ENSP00000376177	12	7924	0
9606.ENSP00000376178	5	8605	0
9606.ENSP00000376184	1	8704	0
9606.ENSP00000376188	2	8579	0
9606.ENSP00000376197	6	8116	0
9606.ENSP00000376204	1	8305	0
9606.ENSP00000376272	12	8205	0
9606.ENSP00000376276	7	8315	0
9606.ENSP00000376297	14	8277	0
9606.ENSP00000376303	2	8703	0
9606.ENSP00000376317	2	8703	0
9606.ENSP00000376330	10	7712	0
9606.ENSP00000376333	4	8296	0
9606.ENSP00000376345	83	6212	0
9606.ENSP00000376352	1	8699	0
9606.ENSP00000376367	11	8430	0
9606.ENSP00000376397	1	8611	0
9606.ENSP00000376436	7	7327	0
9606.ENSP00000376440	3	8651	0
9606.ENSP00000376445	6	7659	0
9606.ENSP00000376453	9	8696	0
9606.ENSP00000376456	2	8703	0
9606.ENSP00000376457	2	8643	0
9606.ENSP00000376458	8	8595	0
9606.ENSP00000376472	12	8533	0
9606.ENSP00000376475	6	8594	0
9606.ENSP00000376500	27	7320	0
9606.ENSP00000376506	8	8349	0
9606.ENSP00000376523	1	8683	0
9606.ENSP00000376544	5	8289	0
9606.ENSP00000376568	1	8645	0
9606.ENSP00000376609	4	8215	0
9606.ENSP00000376611	3	8393	0
9606.ENSP00000376623	9	8559	0
9606.ENSP00000376637	28	7687	0
9606.ENSP00000376652	2	8479	0
9606.ENSP00000376658	1	8704	0
9606.ENSP00000376753	5	8065	0
9606.ENSP00000376765	1	8209	0
9606.ENSP00000376786	1	8654	0
9606.ENSP00000376792	12	8602	0
9606.ENSP00000376808	19	7710	0
9606.ENSP00000376822	1	8634	0
9606.ENSP00000376827	7	8692	0
9606.ENSP00000376849	10	8499	0
9606.ENSP00000376855	2	8684	0
9606.ENSP00000376865	9	8226	0
9606.ENSP00000376886	9	8504	0
9606.ENSP00000376889	9	8504	0
9606.ENSP00000376893	2	8678	0
9606.ENSP00000376899	2	8479	0
9606.ENSP00000376902	1	8050	0
9606.ENSP00000376911	1	8704	0
9606.ENSP00000376921	2	8703	0
9606.ENSP00000376943	13	8283	0
9606.ENSP00000376945	1	8069	0
9606.ENSP00000376952	4	8633	0
9606.ENSP00000377001	31	7429	0
9606.ENSP00000377003	1	8546	0
9606.ENSP00000377007	35	7714	0
9606.ENSP00000377015	5	7370	0
9606.ENSP00000377027	5	8683	0
9606.ENSP00000377033	16	8635	0
9606.ENSP00000377036	3	8618	0
9606.ENSP00000377047	5	8605	0
9606.ENSP00000377055	6	8418	0
9606.ENSP00000377060	24	7528	0
9606.ENSP00000377061	8	8540	0
9606.ENSP00000377148	9	8368	0
9606.ENSP00000377192	1	8704	0
9606.ENSP00000377195	2	8635	0
9606.ENSP00000377218	2	8564	0
9606.ENSP00000377224	2	8486	0
9606.ENSP00000377233	1	8563	0
9606.ENSP00000377245	40	6689	0
9606.ENSP00000377257	1	8704	0
9606.ENSP00000377265	1	8702	0
9606.ENSP00000377275	1	8667	0
9606.ENSP00000377298	1	8704	0
9606.ENSP00000377353	3	8339	0
9606.ENSP00000377372	5	8263	0
9606.ENSP00000377384	1	8704	0
9606.ENSP00000377390	2	8702	0
9606.ENSP00000377411	1	8559	0
9606.ENSP00000377446	2	8703	0
9606.ENSP00000377486	59	8461	0
9606.ENSP00000377492	1	8276	0
9606.ENSP00000377508	11	7642	0
9606.ENSP00000377536	2	8683	0
9606.ENSP00000377617	2	8700	0
9606.ENSP00000377633	3	8384	0
9606.ENSP00000377640	90	7059	0
9606.ENSP00000377681	10	8148	0
9606.ENSP00000377724	7	8697	0
9606.ENSP00000377769	1	8685	0
9606.ENSP00000377779	2	8703	0
9606.ENSP00000377783	3	8702	0
9606.ENSP00000377789	3	8025	0
9606.ENSP00000377793	3	8543	0
9606.ENSP00000377840	3	8590	0
9606.ENSP00000377845	1	8704	0
9606.ENSP00000377867	7	8611	0
9606.ENSP00000377900	8	8692	0
9606.ENSP00000377914	1	8704	0
9606.ENSP00000377934	6	8469	0
9606.ENSP00000377936	7	8620	0
9606.ENSP00000377941	16	7632	0
9606.ENSP00000377944	41	7810	0
9606.ENSP00000377948	1	8704	0
9606.ENSP00000377954	14	8592	0
9606.ENSP00000377958	24	8003	0
9606.ENSP00000377969	45	7671	0
9606.ENSP00000378015	6	8546	0
9606.ENSP00000378040	2	8413	0
9606.ENSP00000378056	1	8704	0
9606.ENSP00000378063	1	8704	0
9606.ENSP00000378089	2	8691	0
9606.ENSP00000378105	9	8670	0
9606.ENSP00000378118	7	8421	0
9606.ENSP00000378119	1	8704	0
9606.ENSP00000378131	3	8601	0
9606.ENSP00000378145	6	8698	0
9606.ENSP00000378163	77	7156	0
9606.ENSP00000378165	1	8648	0
9606.ENSP00000378176	6	8699	0
9606.ENSP00000378181	19	6684	0
9606.ENSP00000378191	10	8592	0
9606.ENSP00000378199	1	8488	0
9606.ENSP00000378207	10	7882	0
9606.ENSP00000378260	2	8703	0
9606.ENSP00000378275	1	8510	0
9606.ENSP00000378284	3	8622	0
9606.ENSP00000378295	8	8491	0
9606.ENSP00000378306	11	8488	0
9606.ENSP00000378310	1	8704	0
9606.ENSP00000378313	2	8575	0
9606.ENSP00000378323	22	8123	0
9606.ENSP00000378326	3	8702	0
9606.ENSP00000378338	8	8053	0
9606.ENSP00000378350	38	7269	0
9606.ENSP00000378356	3	8619	0
9606.ENSP00000378360	1	8392	0
9606.ENSP00000378364	1	8704	0
9606.ENSP00000378365	2	8510	0
9606.ENSP00000378367	4	8454	0
9606.ENSP00000378368	4	8340	0
9606.ENSP00000378394	3	8691	0
9606.ENSP00000378402	29	7432	0
9606.ENSP00000378408	6	8628	0
9606.ENSP00000378409	1	8239	0
9606.ENSP00000378414	29	7464	0
9606.ENSP00000378416	1	8704	0
9606.ENSP00000378426	1	8704	0
9606.ENSP00000378464	3	8663	0
9606.ENSP00000378483	1	8649	0
9606.ENSP00000378485	3	8399	0
9606.ENSP00000378487	31	7389	0
9606.ENSP00000378488	3	8654	0
9606.ENSP00000378492	6	8351	0
9606.ENSP00000378504	9	8362	0
9606.ENSP00000378517	9	7779	0
9606.ENSP00000378529	17	8201	0
9606.ENSP00000378557	4	8446	0
9606.ENSP00000378563	18	7981	0
9606.ENSP00000378570	1	8702	0
9606.ENSP00000378577	3	8582	0
9606.ENSP00000378578	33	7682	0
9606.ENSP00000378588	6	8681	0
9606.ENSP00000378611	1	8498	0
9606.ENSP00000378635	1	8674	0
9606.ENSP00000378687	2	8703	0
9606.ENSP00000378699	17	8017	0
9606.ENSP00000378702	18	7655	0
9606.ENSP00000378721	14	8405	0
9606.ENSP00000378731	2	8703	0
9606.ENSP00000378736	32	7937	0
9606.ENSP00000378760	2	8642	0
9606.ENSP00000378769	17	8268	0
9606.ENSP00000378786	27	7654	0
9606.ENSP00000378845	6	8003	0
9606.ENSP00000378856	7	8028	0
9606.ENSP00000378857	1	8704	0
9606.ENSP00000378868	1	8704	0
9606.ENSP00000378877	7	8685	0
9606.ENSP00000378897	9	8696	0
9606.ENSP00000378912	1	8404	0
9606.ENSP00000378914	5	8471	0
9606.ENSP00000378917	3	8339	0
9606.ENSP00000378935	2	8515	0
9606.ENSP00000378957	1	8612	0
9606.ENSP00000378965	2	8564	0
9606.ENSP00000378972	2	8702	0
9606.ENSP00000378974	14	7536	0
9606.ENSP00000378992	2	8702	0
9606.ENSP00000379011	2	8703	0
9606.ENSP00000379032	1	8704	0
9606.ENSP00000379038	3	8702	0
9606.ENSP00000379042	2	8686	0
9606.ENSP00000379047	1	8704	0
9606.ENSP00000379057	2	8413	0
9606.ENSP00000379078	34	7151	0
9606.ENSP00000379087	2	8502	0
9606.ENSP00000379092	3	7887	0
9606.ENSP00000379097	5	7810	0
9606.ENSP00000379098	6	8241	0
9606.ENSP00000379108	2	8700	0
9606.ENSP00000379110	12	8289	0
9606.ENSP00000379111	11	7973	0
9606.ENSP00000379140	19	7678	0
9606.ENSP00000379144	16	7905	0
9606.ENSP00000379156	1	8521	0
9606.ENSP00000379181	7	8418	0
9606.ENSP00000379201	1	8647	0
9606.ENSP00000379204	10	8517	0
9606.ENSP00000379218	1	8571	0
9606.ENSP00000379228	1	8499	0
9606.ENSP00000379256	10	8532	0
9606.ENSP00000379258	4	8581	0
9606.ENSP00000379267	38	7682	0
9606.ENSP00000379287	23	6728	0
9606.ENSP00000379330	13	8036	0
9606.ENSP00000379339	88	7061	0
9606.ENSP00000379350	50	6789	0
9606.ENSP00000379364	6	8648	0
9606.ENSP00000379365	1	8703	0
9606.ENSP00000379366	3	8652	0
9606.ENSP00000379372	43	7708	0
9606.ENSP00000379377	2	8703	0
9606.ENSP00000379383	1	8704	0
9606.ENSP00000379392	1	8427	0
9606.ENSP00000379441	2	7371	0
9606.ENSP00000379457	13	7938	0
9606.ENSP00000379472	3	8543	0
9606.ENSP00000379496	2	8703	0
9606.ENSP00000379506	85	7156	0
9606.ENSP00000379563	10	8405	0
9606.ENSP00000379601	8	8673	0
9606.ENSP00000379602	3	8601	0
9606.ENSP00000379612	8	8126	0
9606.ENSP00000379616	12	8025	0
9606.ENSP00000379643	4	8571	0
9606.ENSP00000379644	3	7997	0
9606.ENSP00000379651	2	8367	0
9606.ENSP00000379658	1	8704	0
9606.ENSP00000379669	2	8703	0
9606.ENSP00000379680	1	8704	0
9606.ENSP00000379682	1	8704	0
9606.ENSP00000379696	2	8515	0
9606.ENSP00000379709	1	8676	0
9606.ENSP00000379721	7	7234	0
9606.ENSP00000379784	1	8625	0
9606.ENSP00000379802	2	8703	0
9606.ENSP00000379823	2	8703	0
9606.ENSP00000379826	2	8317	0
9606.ENSP00000379836	1	8704	0
9606.ENSP00000379841	6	8223	0
9606.ENSP00000379842	2	8690	0
9606.ENSP00000379866	2	8703	0
9606.ENSP00000379869	5	8539	0
9606.ENSP00000379873	40	7387	0
9606.ENSP00000379888	126	6859	0
9606.ENSP00000379891	8	8384	0
9606.ENSP00000379904	3	8421	0
9606.ENSP00000379911	16	8429	0
9606.ENSP00000379931	4	8359	0
9606.ENSP00000379946	20	7883	0
9606.ENSP00000379975	13	7950	0
9606.ENSP00000379999	2	8696	0
9606.ENSP00000380008	3	8327	0
9606.ENSP00000380024	23	6999	0
9606.ENSP00000380033	5	7284	0
9606.ENSP00000380044	15	8131	0
9606.ENSP00000380054	33	7682	0
9606.ENSP00000380070	13	7356	0
9606.ENSP00000380073	7	7927	0
9606.ENSP00000380074	8	8633	0
9606.ENSP00000380093	2	8567	0
9606.ENSP00000380150	6	8314	0
9606.ENSP00000380157	1	8704	0
9606.ENSP00000380178	6	7426	0
9606.ENSP00000380184	3	8702	0
9606.ENSP00000380227	23	7703	0
9606.ENSP00000380247	2	8325	0
9606.ENSP00000380252	5	8358	0
9606.ENSP00000380256	1	8069	0
9606.ENSP00000380271	1	8704	0
9606.ENSP00000380281	2	7687	0
9606.ENSP00000380308	20	8386	0
9606.ENSP00000380322	9	8696	0
9606.ENSP00000380334	10	8235	0
9606.ENSP00000380336	50	7896	0
9606.ENSP00000380349	1	8656	0
9606.ENSP00000380352	1	8704	0
9606.ENSP00000380367	8	8561	0
9606.ENSP00000380378	10	8444	0
9606.ENSP00000380379	1	8649	0
9606.ENSP00000380421	4	8493	0
9606.ENSP00000380432	21	7606	0
9606.ENSP00000380437	1	8615	0
9606.ENSP00000380440	4	8084	0
9606.ENSP00000380450	9	8519	0
9606.ENSP00000380460	6	7403	0
9606.ENSP00000380466	51	8488	0
9606.ENSP00000380598	7	8570	0
9606.ENSP00000380602	1	8373	0
9606.ENSP00000380638	8	7485	0
9606.ENSP00000380659	3	8387	0
9606.ENSP00000380661	1	8532	0
9606.ENSP00000380666	1	8685	0
9606.ENSP00000380675	1	8667	0
9606.ENSP00000380676	1	8704	0
9606.ENSP00000380679	1	8704	0
9606.ENSP00000380690	6	8475	0
9606.ENSP00000380697	11	7064	0
9606.ENSP00000380702	1	8704	0
9606.ENSP00000380718	1	8368	0
9606.ENSP00000380734	5	8694	0
9606.ENSP00000380762	6	8575	0
9606.ENSP00000380779	11	8689	0
9606.ENSP00000380785	4	8683	0
9606.ENSP00000380794	24	8316	0
9606.ENSP00000380855	5	8412	0
9606.ENSP00000380876	1	8557	0
9606.ENSP00000380877	3	8702	0
9606.ENSP00000380878	4	8546	0
9606.ENSP00000380888	33	8320	0
9606.ENSP00000380901	1	8619	0
9606.ENSP00000380903	4	8570	0
9606.ENSP00000380904	17	8077	0
9606.ENSP00000380911	4	8700	0
9606.ENSP00000380921	8	6931	0
9606.ENSP00000380942	13	8174	0
9606.ENSP00000380948	32	7906	0
9606.ENSP00000380958	5	8263	0
9606.ENSP00000380998	11	8618	0
9606.ENSP00000381008	2	8538	0
9606.ENSP00000381026	2	8702	0
9606.ENSP00000381034	2	8360	0
9606.ENSP00000381047	1	8704	0
9606.ENSP00000381057	2	8584	0
9606.ENSP00000381064	7	8530	0
9606.ENSP00000381070	5	8550	0
9606.ENSP00000381097	3	8676	0
9606.ENSP00000381098	3	8665	0
9606.ENSP00000381102	2	8698	0
9606.ENSP00000381105	1	8704	0
9606.ENSP00000381129	1	8645	0
9606.ENSP00000381133	1	8609	0
9606.ENSP00000381185	35	6955	0
9606.ENSP00000381213	1	8704	0
9606.ENSP00000381214	4	8552	0
9606.ENSP00000381216	3	8183	0
9606.ENSP00000381231	3	8699	0
9606.ENSP00000381237	1	8704	0
9606.ENSP00000381247	2	8700	0
9606.ENSP00000381266	1	8704	0
9606.ENSP00000381282	5	8633	0
9606.ENSP00000381293	16	8643	0
9606.ENSP00000381302	6	8679	0
9606.ENSP00000381333	4	8698	0
9606.ENSP00000381339	2	8578	0
9606.ENSP00000381340	1	8704	0
9606.ENSP00000381364	4	8398	0
9606.ENSP00000381377	1	8642	0
9606.ENSP00000381382	11	7504	0
9606.ENSP00000381386	1	8704	0
9606.ENSP00000381448	1	8673	0
9606.ENSP00000381461	2	8620	0
9606.ENSP00000381504	4	8701	0
9606.ENSP00000381531	10	8364	0
9606.ENSP00000381577	4	7429	0
9606.ENSP00000381588	2	8585	0
9606.ENSP00000381601	2	8675	0
9606.ENSP00000381607	3	8325	0
9606.ENSP00000381654	1	8704	0
9606.ENSP00000381657	46	6920	0
9606.ENSP00000381666	1	8704	0
9606.ENSP00000381693	26	7750	0
9606.ENSP00000381698	9	8091	0
9606.ENSP00000381699	2	8703	0
9606.ENSP00000381717	30	6576	0
9606.ENSP00000381736	23	8629	0
9606.ENSP00000381773	3	8634	0
9606.ENSP00000381775	4	7918	0
9606.ENSP00000381823	15	8376	0
9606.ENSP00000381840	29	7733	0
9606.ENSP00000381859	6	8553	0
9606.ENSP00000381876	4	8446	0
9606.ENSP00000381911	1	8704	0
9606.ENSP00000381958	8	8333	0
9606.ENSP00000381968	7	8697	0
9606.ENSP00000381984	2	8703	0
9606.ENSP00000382004	11	7568	0
9606.ENSP00000382021	1	8622	0
9606.ENSP00000382091	1	8564	0
9606.ENSP00000382177	5	8602	0
9606.ENSP00000382218	24	7656	0
9606.ENSP00000382226	2	8579	0
9606.ENSP00000382250	65	8505	0
9606.ENSP00000382323	1	8704	0
9606.ENSP00000382341	3	8689	0
9606.ENSP00000382379	3	8702	0
9606.ENSP00000382382	1	8673	0
9606.ENSP00000382423	2	7902	0
9606.ENSP00000382508	1	8699	0
9606.ENSP00000382628	10	7636	0
9606.ENSP00000382684	2	8588	0
9606.ENSP00000382688	2	8541	0
9606.ENSP00000382697	4	8510	0
9606.ENSP00000382713	2	8703	0
9606.ENSP00000382717	6	8678	0
9606.ENSP00000382731	1	8692	0
9606.ENSP00000382770	9	8588	0
9606.ENSP00000382779	30	8324	0
9606.ENSP00000382783	1	8305	0
9606.ENSP00000382800	8	6814	0
9606.ENSP00000382805	2	8586	0
9606.ENSP00000382895	2	8692	0
9606.ENSP00000382953	4	8646	0
9606.ENSP00000383003	15	7945	0
9606.ENSP00000383042	49	6872	0
9606.ENSP00000383044	1	8365	0
9606.ENSP00000383053	6	8514	0
9606.ENSP00000383067	1	8612	0
9606.ENSP00000383178	2	8507	0
9606.ENSP00000383199	13	6912	0
9606.ENSP00000383232	1	8704	0
9606.ENSP00000383234	1	8695	0
9606.ENSP00000383274	8	8274	0
9606.ENSP00000383295	3	8504	0
9606.ENSP00000383303	2	8642	0
9606.ENSP00000383333	18	7668	0
9606.ENSP00000383365	2	8696	0
9606.ENSP00000383376	7	8015	0
9606.ENSP00000383382	6	8141	0
9606.ENSP00000383392	3	8439	0
9606.ENSP00000383402	2	8645	0
9606.ENSP00000383428	7	8034	0
9606.ENSP00000383558	4	8298	0
9606.ENSP00000383611	7	7733	0
9606.ENSP00000383690	7	8663	0
9606.ENSP00000383692	1	8555	0
9606.ENSP00000383710	12	8394	0
9606.ENSP00000383784	1	8703	0
9606.ENSP00000383820	2	7974	0
9606.ENSP00000383911	1	8666	0
9606.ENSP00000383920	1	8408	0
9606.ENSP00000383931	8	8250	0
9606.ENSP00000383949	109	7459	0
9606.ENSP00000383986	1	8093	0
9606.ENSP00000383996	1	8701	0
9606.ENSP00000384015	11	8376	0
9606.ENSP00000384018	22	7255	0
9606.ENSP00000384048	11	7760	0
9606.ENSP00000384053	9	8029	0
9606.ENSP00000384092	10	8524	0
9606.ENSP00000384109	31	7366	0
9606.ENSP00000384126	1	8552	0
9606.ENSP00000384169	5	8186	0
9606.ENSP00000384179	2	8350	0
9606.ENSP00000384183	1	8704	0
9606.ENSP00000384198	5	7956	0
9606.ENSP00000384211	16	8355	0
9606.ENSP00000384259	2	8524	0
9606.ENSP00000384262	2	8642	0
9606.ENSP00000384264	1	8614	0
9606.ENSP00000384273	27	6381	0
9606.ENSP00000384290	11	8425	0
9606.ENSP00000384296	1	8704	0
9606.ENSP00000384302	53	7793	0
9606.ENSP00000384330	8	8561	0
9606.ENSP00000384363	1	8704	0
9606.ENSP00000384364	6	8611	0
9606.ENSP00000384371	4	8078	0
9606.ENSP00000384387	2	8555	0
9606.ENSP00000384400	2	8667	0
9606.ENSP00000384408	1	8230	0
9606.ENSP00000384421	3	8385	0
9606.ENSP00000384474	4	8310	0
9606.ENSP00000384484	4	8698	0
9606.ENSP00000384490	45	7297	0
9606.ENSP00000384513	4	8700	0
9606.ENSP00000384515	10	7832	0
9606.ENSP00000384517	10	7468	0
9606.ENSP00000384537	9	8150	0
9606.ENSP00000384570	4	8600	0
9606.ENSP00000384573	1	8702	0
9606.ENSP00000384582	3	8689	0
9606.ENSP00000384597	2	8510	0
9606.ENSP00000384604	1	8651	0
9606.ENSP00000384610	5	8700	0
9606.ENSP00000384629	38	7584	0
9606.ENSP00000384638	11	7280	0
9606.ENSP00000384651	1	8704	0
9606.ENSP00000384675	16	7038	0
9606.ENSP00000384700	6	8414	0
9606.ENSP00000384708	2	8693	0
9606.ENSP00000384744	2	8659	0
9606.ENSP00000384763	2	8698	0
9606.ENSP00000384794	1	8704	0
9606.ENSP00000384823	1	8146	0
9606.ENSP00000384848	9	8414	0
9606.ENSP00000384849	17	7431	0
9606.ENSP00000384851	2	8452	0
9606.ENSP00000384863	11	8105	0
9606.ENSP00000384899	14	7856	0
9606.ENSP00000384924	2	8413	0
9606.ENSP00000384949	5	8700	0
9606.ENSP00000384952	62	8532	0
9606.ENSP00000384957	5	7906	0
9606.ENSP00000384964	1	8665	0
9606.ENSP00000384973	6	8674	0
9606.ENSP00000384996	1	8697	0
9606.ENSP00000384999	2	8701	0
9606.ENSP00000385000	2	8543	0
9606.ENSP00000385019	2	8703	0
9606.ENSP00000385021	17	8130	0
9606.ENSP00000385025	3	8656	0
9606.ENSP00000385026	7	8695	0
9606.ENSP00000385035	5	8687	0
9606.ENSP00000385096	26	7750	0
9606.ENSP00000385110	2	8413	0
9606.ENSP00000385142	10	8314	0
9606.ENSP00000385143	1	8259	0
9606.ENSP00000385205	4	8484	0
9606.ENSP00000385216	25	6983	0
9606.ENSP00000385235	2	8703	0
9606.ENSP00000385269	8	8078	0
9606.ENSP00000385334	12	8027	0
9606.ENSP00000385361	4	8331	0
9606.ENSP00000385385	1	8702	0
9606.ENSP00000385428	12	8366	0
9606.ENSP00000385432	4	8587	0
9606.ENSP00000385450	13	8142	0
9606.ENSP00000385451	4	8556	0
9606.ENSP00000385470	1	8704	0
9606.ENSP00000385477	5	8213	0
9606.ENSP00000385479	118	6049	0
9606.ENSP00000385480	3	8701	0
9606.ENSP00000385510	3	8702	0
9606.ENSP00000385519	4	8312	0
9606.ENSP00000385523	9	7914	0
9606.ENSP00000385571	4	7553	0
9606.ENSP00000385616	7	8635	0
9606.ENSP00000385636	4	8322	0
9606.ENSP00000385675	11	7979	0
9606.ENSP00000385714	1	8704	0
9606.ENSP00000385722	19	8051	0
9606.ENSP00000385725	72	7023	0
9606.ENSP00000385749	6	8594	0
9606.ENSP00000385757	1	8704	0
9606.ENSP00000385787	22	7942	0
9606.ENSP00000385808	4	8540	0
9606.ENSP00000385823	12	7856	0
9606.ENSP00000385828	1	8702	0
9606.ENSP00000385834	1	8622	0
9606.ENSP00000385958	102	7002	0
9606.ENSP00000385968	1	8684	0
9606.ENSP00000386023	45	7648	0
9606.ENSP00000386029	2	8703	0
9606.ENSP00000386041	13	8517	0
9606.ENSP00000386043	3	8498	0
9606.ENSP00000386096	4	8194	0
9606.ENSP00000386134	53	7707	0
9606.ENSP00000386135	5	8263	0
9606.ENSP00000386156	9	8234	0
9606.ENSP00000386165	1	8468	0
9606.ENSP00000386181	14	8627	0
9606.ENSP00000386200	1	8616	0
9606.ENSP00000386212	2	8659	0
9606.ENSP00000386229	1	8406	0
9606.ENSP00000386239	18	7608	0
9606.ENSP00000386289	1	8373	0
9606.ENSP00000386306	4	8585	0
9606.ENSP00000386331	4	8699	0
9606.ENSP00000386380	13	7668	0
9606.ENSP00000386414	6	8677	0
9606.ENSP00000386419	10	7904	0
9606.ENSP00000386443	1	8620	0
9606.ENSP00000386444	2	8519	0
9606.ENSP00000386456	1	8704	0
9606.ENSP00000386458	7	8138	0
9606.ENSP00000386488	33	7682	0
9606.ENSP00000386531	6	8699	0
9606.ENSP00000386541	39	7269	0
9606.ENSP00000386559	22	7760	0
9606.ENSP00000386593	38	7049	0
9606.ENSP00000386597	2	8703	0
9606.ENSP00000386651	1	8704	0
9606.ENSP00000386655	2	8482	0
9606.ENSP00000386660	3	7895	0
9606.ENSP00000386710	2	8472	0
9606.ENSP00000386717	95	7014	0
9606.ENSP00000386722	1	8587	0
9606.ENSP00000386759	24	7210	0
9606.ENSP00000386857	11	8375	0
9606.ENSP00000386869	2	8506	0
9606.ENSP00000386880	13	7451	0
9606.ENSP00000386881	5	8388	0
9606.ENSP00000386884	38	7485	0
9606.ENSP00000386892	4	7744	0
9606.ENSP00000386894	3	8113	0
9606.ENSP00000386896	5	8307	0
9606.ENSP00000386918	2	8703	0
9606.ENSP00000386935	1	8704	0
9606.ENSP00000386942	1	8704	0
9606.ENSP00000387006	82	7563	0
9606.ENSP00000387007	4	8698	0
9606.ENSP00000387050	3	8702	0
9606.ENSP00000387100	1	8677	0
9606.ENSP00000387159	2	8698	0
9606.ENSP00000387170	2	8500	0
9606.ENSP00000387211	4	8599	0
9606.ENSP00000387246	3	8663	0
9606.ENSP00000387262	13	8623	0
9606.ENSP00000387266	1	8704	0
9606.ENSP00000387278	1	8674	0
9606.ENSP00000387282	1	8639	0
9606.ENSP00000387286	4	8697	0
9606.ENSP00000387303	1	8701	0
9606.ENSP00000387334	4	7737	0
9606.ENSP00000387356	6	8246	0
9606.ENSP00000387362	1	8647	0
9606.ENSP00000387393	28	7238	0
9606.ENSP00000387435	5	8648	0
9606.ENSP00000387471	7	8407	0
9606.ENSP00000387498	2	8670	0
9606.ENSP00000387549	6	8699	0
9606.ENSP00000387662	6	8071	0
9606.ENSP00000387699	26	6887	0
9606.ENSP00000387710	3	8559	0
9606.ENSP00000387739	9	7511	0
9606.ENSP00000387822	5	7629	0
9606.ENSP00000387911	1	8704	0
9606.ENSP00000387996	12	8406	0
9606.ENSP00000388001	2	8703	0
9606.ENSP00000388107	235	5441	0
9606.ENSP00000388169	12	7840	0
9606.ENSP00000388183	3	8683	0
9606.ENSP00000388337	8	8565	0
9606.ENSP00000388510	4	8493	0
9606.ENSP00000388552	3	8690	0
9606.ENSP00000388566	3	8631	0
9606.ENSP00000388620	1	8704	0
9606.ENSP00000388631	2	8703	0
9606.ENSP00000388638	6	8366	0
9606.ENSP00000388806	10	7934	0
9606.ENSP00000388825	1	8704	0
9606.ENSP00000388910	7	8528	0
9606.ENSP00000388940	9	7884	0
9606.ENSP00000388996	9	8368	0
9606.ENSP00000389009	2	8703	0
9606.ENSP00000389026	1	8622	0
9606.ENSP00000389095	1	8676	0
9606.ENSP00000389103	90	7142	0
9606.ENSP00000389140	5	8252	0
9606.ENSP00000389160	50	8488	0
9606.ENSP00000389168	6	8429	0
9606.ENSP00000389176	2	8703	0
9606.ENSP00000389182	22	7942	0
9606.ENSP00000389241	2	8703	0
9606.ENSP00000389252	1	8655	0
9606.ENSP00000389297	9	8674	0
9606.ENSP00000389326	18	7992	0
9606.ENSP00000389351	89	7153	0
9606.ENSP00000389377	9	8379	0
9606.ENSP00000389395	3	8702	0
9606.ENSP00000389445	27	7733	0
9606.ENSP00000389588	1	8699	0
9606.ENSP00000389600	7	8231	0
9606.ENSP00000389631	13	7840	0
9606.ENSP00000389649	18	8635	0
9606.ENSP00000389714	12	7278	0
9606.ENSP00000389715	2	8605	0
9606.ENSP00000389810	6	8470	0
9606.ENSP00000389814	3	8693	0
9606.ENSP00000389870	2	8697	0
9606.ENSP00000389913	3	8577	0
9606.ENSP00000389948	11	8694	0
9606.ENSP00000389998	9	8689	0
9606.ENSP00000390011	1	8704	0
9606.ENSP00000390265	4	8701	0
9606.ENSP00000390331	6	8595	0
9606.ENSP00000390423	3	8699	0
9606.ENSP00000390436	9	8106	0
9606.ENSP00000390475	9	7828	0
9606.ENSP00000390535	2	8703	0
9606.ENSP00000390590	1	8692	0
9606.ENSP00000390621	1	8704	0
9606.ENSP00000390625	1	8391	0
9606.ENSP00000390783	4	8657	0
9606.ENSP00000390784	1	8692	0
9606.ENSP00000391088	4	8263	0
9606.ENSP00000391090	4	8338	0
9606.ENSP00000391211	37	7223	0
9606.ENSP00000391227	1	8704	0
9606.ENSP00000391249	10	8175	0
9606.ENSP00000391269	1	8659	0
9606.ENSP00000391311	9	8666	0
9606.ENSP00000391457	43	7088	0
9606.ENSP00000391481	2	8703	0
9606.ENSP00000391583	6	8007	0
9606.ENSP00000391592	17	7886	0
9606.ENSP00000391594	3	8396	0
9606.ENSP00000391601	8	7824	0
9606.ENSP00000391669	16	6965	0
9606.ENSP00000391739	1	8704	0
9606.ENSP00000391748	2	8247	0
9606.ENSP00000391800	1	8572	0
9606.ENSP00000391803	3	8574	0
9606.ENSP00000391826	16	7833	0
9606.ENSP00000391942	2	8578	0
9606.ENSP00000392025	17	6809	0
9606.ENSP00000392028	1	8292	0
9606.ENSP00000392065	1	8704	0
9606.ENSP00000392094	84	7541	0
9606.ENSP00000392147	3	8702	0
9606.ENSP00000392270	17	8182	0
9606.ENSP00000392318	10	7949	0
9606.ENSP00000392330	2	8689	0
9606.ENSP00000392353	1	8704	0
9606.ENSP00000392398	9	8678	0
9606.ENSP00000392423	1	8675	0
9606.ENSP00000392495	14	8690	0
9606.ENSP00000392500	4	8349	0
9606.ENSP00000392553	6	8679	0
9606.ENSP00000392617	25	7781	0
9606.ENSP00000392709	52	8475	0
9606.ENSP00000392726	2	8703	0
9606.ENSP00000392767	4	8518	0
9606.ENSP00000392812	8	8397	0
9606.ENSP00000393097	8	8635	0
9606.ENSP00000393098	8	8569	0
9606.ENSP00000393139	5	8401	0
9606.ENSP00000393183	29	7408	0
9606.ENSP00000393241	128	6892	0
9606.ENSP00000393275	1	8662	0
9606.ENSP00000393312	27	8048	0
9606.ENSP00000393313	3	8531	0
9606.ENSP00000393324	1	8538	0
9606.ENSP00000393379	9	8271	0
9606.ENSP00000393388	108	7357	0
9606.ENSP00000393392	6	8012	0
9606.ENSP00000393541	21	8627	0
9606.ENSP00000393566	15	8066	0
9606.ENSP00000393675	1	8704	0
9606.ENSP00000393762	2	8583	0
9606.ENSP00000393776	2	8498	0
9606.ENSP00000393840	7	8570	0
9606.ENSP00000393922	1	8704	0
9606.ENSP00000393978	2	8703	0
9606.ENSP00000394033	2	8703	0
9606.ENSP00000394085	1	8236	0
9606.ENSP00000394107	7	8657	0
9606.ENSP00000394227	2	8524	0
9606.ENSP00000394352	1	8646	0
9606.ENSP00000394394	38	7269	0
9606.ENSP00000394417	17	7719	0
9606.ENSP00000394560	8	8084	0
9606.ENSP00000394624	6	8104	0
9606.ENSP00000394734	1	8704	0
9606.ENSP00000394757	2	8301	0
9606.ENSP00000394791	3	8426	0
9606.ENSP00000394794	3	8554	0
9606.ENSP00000394888	1	8331	0
9606.ENSP00000394936	1	8445	0
9606.ENSP00000395012	1	8534	0
9606.ENSP00000395294	4	8430	0
9606.ENSP00000395473	2	8703	0
9606.ENSP00000395535	13	7166	0
9606.ENSP00000395574	33	7682	0
9606.ENSP00000395704	5	8545	0
9606.ENSP00000395708	1	8704	0
9606.ENSP00000395772	6	7296	0
9606.ENSP00000395793	2	8423	0
9606.ENSP00000396052	4	7946	0
9606.ENSP00000396163	1	8704	0
9606.ENSP00000396198	10	8111	0
9606.ENSP00000396301	49	7896	0
9606.ENSP00000396308	2	8703	0
9606.ENSP00000396320	9	8243	0
9606.ENSP00000396467	3	8670	0
9606.ENSP00000396673	2	8639	0
9606.ENSP00000396688	7	8595	0
9606.ENSP00000396749	8	7956	0
9606.ENSP00000396915	9	8564	0
9606.ENSP00000396937	36	8156	0
9606.ENSP00000396976	4	8315	0
9606.ENSP00000396995	3	8548	0
9606.ENSP00000397026	5	8379	0
9606.ENSP00000397082	1	8704	0
9606.ENSP00000397133	6	8699	0
9606.ENSP00000397181	2	8537	0
9606.ENSP00000397259	27	7624	0
9606.ENSP00000397297	5	8309	0
9606.ENSP00000397402	4	8636	0
9606.ENSP00000397415	7	8562	0
9606.ENSP00000397441	7	8686	0
9606.ENSP00000397552	63	7115	0
9606.ENSP00000397563	2	8545	0
9606.ENSP00000397566	1	8694	0
9606.ENSP00000397673	1	8684	0
9606.ENSP00000397863	5	7714	0
9606.ENSP00000397908	7	8574	0
9606.ENSP00000397911	2	8407	0
9606.ENSP00000397927	6	8396	0
9606.ENSP00000398124	6	8079	0
9606.ENSP00000398131	5	7871	0
9606.ENSP00000398273	1	8617	0
9606.ENSP00000398368	6	8588	0
9606.ENSP00000398410	1	8188	0
9606.ENSP00000398495	4	8150	0
9606.ENSP00000398523	10	7865	0
9606.ENSP00000398560	1	8681	0
9606.ENSP00000398568	3	8604	0
9606.ENSP00000398597	17	8532	0
9606.ENSP00000398610	2	8691	0
9606.ENSP00000398629	7	8272	0
9606.ENSP00000398632	45	6743	0
9606.ENSP00000398655	8	8024	0
9606.ENSP00000398698	19	7284	0
9606.ENSP00000398824	28	7364	0
9606.ENSP00000398832	6	8415	0
9606.ENSP00000398837	3	8083	0
9606.ENSP00000398880	2	8291	0
9606.ENSP00000398890	15	8066	0
9606.ENSP00000399168	25	7972	0
9606.ENSP00000399208	1	8704	0
9606.ENSP00000399324	6	8276	0
9606.ENSP00000399376	7	8040	0
9606.ENSP00000399403	7	8576	0
9606.ENSP00000399415	5	8699	0
9606.ENSP00000399457	17	8530	0
9606.ENSP00000399465	2	8220	0
9606.ENSP00000399511	1	8465	0
9606.ENSP00000399588	1	8206	0
9606.ENSP00000399718	7	8110	0
9606.ENSP00000399745	9	8304	0
9606.ENSP00000399797	3	8332	0
9606.ENSP00000399851	16	8318	0
9606.ENSP00000399862	13	8627	0
9606.ENSP00000399888	1	8237	0
9606.ENSP00000399968	20	7119	0
9606.ENSP00000399970	8	8590	0
9606.ENSP00000399982	66	7006	0
9606.ENSP00000400057	1	8704	0
9606.ENSP00000400142	2	8123	0
9606.ENSP00000400175	32	7522	0
9606.ENSP00000400252	1	8704	0
9606.ENSP00000400312	2	8656	0
9606.ENSP00000400333	5	8362	0
9606.ENSP00000400365	5	8580	0
9606.ENSP00000400433	2	8703	0
9606.ENSP00000400459	1	8624	0
9606.ENSP00000400533	1	8517	0
9606.ENSP00000400591	106	7357	0
9606.ENSP00000400646	16	8604	0
9606.ENSP00000400717	8	7604	0
9606.ENSP00000400887	1	8704	0
9606.ENSP00000400892	12	7987	0
9606.ENSP00000400894	3	8603	0
9606.ENSP00000400906	3	7964	0
9606.ENSP00000401010	23	7885	0
9606.ENSP00000401018	15	8275	0
9606.ENSP00000401191	7	8131	0
9606.ENSP00000401197	2	8565	0
9606.ENSP00000401264	1	8704	0
9606.ENSP00000401277	8	8340	0
9606.ENSP00000401303	32	6390	0
9606.ENSP00000401371	4	8418	0
9606.ENSP00000401435	4	8682	0
9606.ENSP00000401445	3	8307	0
9606.ENSP00000401470	10	7984	0
9606.ENSP00000401502	1	8674	0
9606.ENSP00000401513	1	8704	0
9606.ENSP00000401514	6	8699	0
9606.ENSP00000401564	2	8482	0
9606.ENSP00000401645	1	8672	0
9606.ENSP00000401678	1	8681	0
9606.ENSP00000401720	1	8704	0
9606.ENSP00000401764	1	7801	0
9606.ENSP00000401770	16	8635	0
9606.ENSP00000401878	26	7750	0
9606.ENSP00000401888	17	7002	0
9606.ENSP00000401907	15	8366	0
9606.ENSP00000401946	2	8346	0
9606.ENSP00000401980	29	6730	0
9606.ENSP00000402060	4	8664	0
9606.ENSP00000402084	3	8437	0
9606.ENSP00000402107	17	7146	0
9606.ENSP00000402154	9	8377	0
9606.ENSP00000402257	4	8194	0
9606.ENSP00000402301	2	8703	0
9606.ENSP00000402338	3	8239	0
9606.ENSP00000402346	11	8624	0
9606.ENSP00000402515	5	8498	0
9606.ENSP00000402537	1	8703	0
9606.ENSP00000402584	1	8656	0
9606.ENSP00000402653	2	8614	0
9606.ENSP00000402723	6	8243	0
9606.ENSP00000402861	14	8680	0
9606.ENSP00000402935	8	8675	0
9606.ENSP00000403077	1	8704	0
9606.ENSP00000403172	93	7052	0
9606.ENSP00000403210	9	8696	0
9606.ENSP00000403310	10	8317	0
9606.ENSP00000403343	2	7959	0
9606.ENSP00000403362	26	8180	0
9606.ENSP00000403396	2	8697	0
9606.ENSP00000403397	1	8315	0
9606.ENSP00000403400	1	8549	0
9606.ENSP00000403453	1	8700	0
9606.ENSP00000403459	3	7935	0
9606.ENSP00000403465	9	8692	0
9606.ENSP00000403495	6	8414	0
9606.ENSP00000403524	1	8065	0
9606.ENSP00000403614	19	8495	0
9606.ENSP00000403649	4	8596	0
9606.ENSP00000403663	17	8449	0
9606.ENSP00000403683	3	8675	0
9606.ENSP00000403701	23	6509	0
9606.ENSP00000403888	10	8116	0
9606.ENSP00000404092	7	8556	0
9606.ENSP00000404121	3	8613	0
9606.ENSP00000404122	14	8627	0
9606.ENSP00000404131	12	7537	0
9606.ENSP00000404190	5	8313	0
9606.ENSP00000404220	2	8655	0
9606.ENSP00000404236	2	8367	0
9606.ENSP00000404251	1	8679	0
9606.ENSP00000404375	32	7813	0
9606.ENSP00000404503	7	8391	0
9606.ENSP00000404570	8	8561	0
9606.ENSP00000404658	28	7733	0
9606.ENSP00000404676	1	8704	0
9606.ENSP00000404833	12	8324	0
9606.ENSP00000404911	5	8433	0
9606.ENSP00000404923	4	8512	0
9606.ENSP00000405004	20	7773	0
9606.ENSP00000405068	20	7963	0
9606.ENSP00000405252	1	8676	0
9606.ENSP00000405330	44	5612	0
9606.ENSP00000405338	6	7897	0
9606.ENSP00000405573	1	8400	0
9606.ENSP00000405574	11	7236	0
9606.ENSP00000405635	1	8704	0
9606.ENSP00000405674	5	8425	0
9606.ENSP00000405726	21	8130	0
9606.ENSP00000405841	10	8317	0
9606.ENSP00000405890	6	8695	0
9606.ENSP00000405926	18	8405	0
9606.ENSP00000405963	3	8313	0
9606.ENSP00000405965	14	7247	0
9606.ENSP00000405969	1	8701	0
9606.ENSP00000406012	6	8678	0
9606.ENSP00000406022	2	8245	0
9606.ENSP00000406037	46	6815	0
9606.ENSP00000406050	2	8701	0
9606.ENSP00000406157	4	8690	0
9606.ENSP00000406162	15	7340	0
9606.ENSP00000406191	3	8250	0
9606.ENSP00000406209	2	8597	0
9606.ENSP00000406229	1	8484	0
9606.ENSP00000406261	9	8691	0
9606.ENSP00000406478	2	8367	0
9606.ENSP00000406490	6	8446	0
9606.ENSP00000406549	59	6933	0
9606.ENSP00000406577	1	8704	0
9606.ENSP00000406598	2	8569	0
9606.ENSP00000406674	2	8699	0
9606.ENSP00000406723	1	8704	0
9606.ENSP00000406909	2	8667	0
9606.ENSP00000406970	1	8653	0
9606.ENSP00000407193	2	8703	0
9606.ENSP00000407323	10	8416	0
9606.ENSP00000407336	45	8489	0
9606.ENSP00000407509	5	8700	0
9606.ENSP00000407546	7	8694	0
9606.ENSP00000407586	23	6613	0
9606.ENSP00000407592	9	8588	0
9606.ENSP00000407818	5	7429	0
9606.ENSP00000407822	1	8624	0
9606.ENSP00000408005	4	8354	0
9606.ENSP00000408025	7	8695	0
9606.ENSP00000408146	15	8066	0
9606.ENSP00000408205	8	8569	0
9606.ENSP00000408288	8	8559	0
9606.ENSP00000408295	12	8205	0
9606.ENSP00000408367	6	8656	0
9606.ENSP00000408411	1	8702	0
9606.ENSP00000408526	2	8699	0
9606.ENSP00000408598	2	8639	0
9606.ENSP00000408617	5	7779	0
9606.ENSP00000408695	9	7771	0
9606.ENSP00000408910	17	7940	0
9606.ENSP00000408979	6	8595	0
9606.ENSP00000409007	8	8010	0
9606.ENSP00000409126	1	8586	0
9606.ENSP00000409231	9	8690	0
9606.ENSP00000409346	6	8044	0
9606.ENSP00000409544	4	8262	0
9606.ENSP00000409581	21	6547	0
9606.ENSP00000409594	1	8609	0
9606.ENSP00000409666	2	8631	0
9606.ENSP00000409667	12	8139	0
9606.ENSP00000409799	15	8225	0
9606.ENSP00000409952	4	8682	0
9606.ENSP00000410042	7	8188	0
9606.ENSP00000410059	3	8471	0
9606.ENSP00000410186	9	8504	0
9606.ENSP00000410242	2	8575	0
9606.ENSP00000410294	21	7989	0
9606.ENSP00000410309	2	8703	0
9606.ENSP00000410339	9	8543	0
9606.ENSP00000410402	13	7870	0
9606.ENSP00000410409	4	8397	0
9606.ENSP00000410452	1	8209	0
9606.ENSP00000410481	2	8628	0
9606.ENSP00000410561	1	8639	0
9606.ENSP00000410689	1	7726	0
9606.ENSP00000410732	4	8680	0
9606.ENSP00000410746	1	8690	0
9606.ENSP00000410758	59	7869	0
9606.ENSP00000410798	5	7699	0
9606.ENSP00000410815	4	8610	0
9606.ENSP00000410818	3	8474	0
9606.ENSP00000410964	1	8694	0
9606.ENSP00000411010	50	7793	0
9606.ENSP00000411012	1	8560	0
9606.ENSP00000411073	20	7883	0
9606.ENSP00000411152	4	8421	0
9606.ENSP00000411256	21	7616	0
9606.ENSP00000411268	1	8696	0
9606.ENSP00000411355	7	8091	0
9606.ENSP00000411397	1	8665	0
9606.ENSP00000411418	1	8704	0
9606.ENSP00000411532	1	8704	0
9606.ENSP00000411613	2	8700	0
9606.ENSP00000411672	2	8669	0
9606.ENSP00000411719	2	8691	0
9606.ENSP00000411770	3	8669	0
9606.ENSP00000411816	1	8704	0
9606.ENSP00000411821	2	8703	0
9606.ENSP00000411822	23	7969	0
9606.ENSP00000411825	8	8269	0
9606.ENSP00000411848	1	8699	0
9606.ENSP00000411898	1	7997	0
9606.ENSP00000411932	2	8036	0
9606.ENSP00000411960	4	8682	0
9606.ENSP00000412130	1	8529	0
9606.ENSP00000412178	1	8681	0
9606.ENSP00000412189	2	8703	0
9606.ENSP00000412209	2	8561	0
9606.ENSP00000412237	4	8542	0
9606.ENSP00000412302	10	7856	0
9606.ENSP00000412324	11	8463	0
9606.ENSP00000412566	106	7360	0
9606.ENSP00000412673	2	8703	0
9606.ENSP00000412894	15	8225	0
9606.ENSP00000412940	2	8703	0
9606.ENSP00000413035	2	8703	0
9606.ENSP00000413064	1	8704	0
9606.ENSP00000413079	4	7843	0
9606.ENSP00000413436	70	7186	0
9606.ENSP00000413496	1	8580	0
9606.ENSP00000413507	10	8651	0
9606.ENSP00000413625	1	8633	0
9606.ENSP00000413697	6	7352	0
9606.ENSP00000413720	8	7748	0
9606.ENSP00000413861	2	8393	0
9606.ENSP00000413929	1	8348	0
9606.ENSP00000413937	3	8702	0
9606.ENSP00000414095	34	7203	0
9606.ENSP00000414109	18	7544	0
9606.ENSP00000414147	2	8535	0
9606.ENSP00000414202	2	8702	0
9606.ENSP00000414237	12	8502	0
9606.ENSP00000414287	1	8704	0
9606.ENSP00000414303	7	8296	0
9606.ENSP00000414321	127	6916	0
9606.ENSP00000414330	2	8703	0
9606.ENSP00000414359	41	8103	0
9606.ENSP00000414378	3	8572	0
9606.ENSP00000414398	5	8496	0
9606.ENSP00000414516	21	7883	0
9606.ENSP00000414624	3	8701	0
9606.ENSP00000414851	5	8539	0
9606.ENSP00000414886	2	8684	0
9606.ENSP00000414906	13	7982	0
9606.ENSP00000414982	8	8537	0
9606.ENSP00000415056	1	8704	0
9606.ENSP00000415078	6	8340	0
9606.ENSP00000415090	1	8700	0
9606.ENSP00000415139	2	8318	0
9606.ENSP00000415151	8	7914	0
9606.ENSP00000415203	1	8704	0
9606.ENSP00000415243	3	8085	0
9606.ENSP00000415283	8	8130	0
9606.ENSP00000415416	1	8351	0
9606.ENSP00000415430	1	8624	0
9606.ENSP00000415433	4	8554	0
9606.ENSP00000415436	8	7956	0
9606.ENSP00000415454	2	8703	0
9606.ENSP00000415464	1	8510	0
9606.ENSP00000415536	70	7213	0
9606.ENSP00000415556	27	7413	0
9606.ENSP00000415743	13	7629	0
9606.ENSP00000415786	1	8664	0
9606.ENSP00000415822	1	8682	0
9606.ENSP00000415941	6	8596	0
9606.ENSP00000416037	1	8687	0
9606.ENSP00000416066	4	8422	0
9606.ENSP00000416097	3	8656	0
9606.ENSP00000416193	10	8519	0
9606.ENSP00000416250	7	8275	0
9606.ENSP00000416255	26	7895	0
9606.ENSP00000416269	14	8337	0
9606.ENSP00000416293	2	8703	0
9606.ENSP00000416330	1	8270	0
9606.ENSP00000416338	5	8235	0
9606.ENSP00000416341	1	8693	0
9606.ENSP00000416387	5	8351	0
9606.ENSP00000416429	87	7059	0
9606.ENSP00000416515	2	8688	0
9606.ENSP00000416523	4	8566	0
9606.ENSP00000416534	21	8234	0
9606.ENSP00000416561	4	8610	0
9606.ENSP00000416606	2	8693	0
9606.ENSP00000416658	9	8504	0
9606.ENSP00000416683	3	8465	0
9606.ENSP00000416696	6	8645	0
9606.ENSP00000416797	2	8543	0
9606.ENSP00000416799	5	8209	0
9606.ENSP00000416959	1	8668	0
9606.ENSP00000416996	11	8546	0
9606.ENSP00000417050	1	8641	0
9606.ENSP00000417078	3	8683	0
9606.ENSP00000417132	33	7281	0
9606.ENSP00000417142	50	8475	0
9606.ENSP00000417175	3	8698	0
9606.ENSP00000417222	1	8704	0
9606.ENSP00000417229	3	8275	0
9606.ENSP00000417235	6	8389	0
9606.ENSP00000417261	2	8576	0
9606.ENSP00000417273	26	7373	0
9606.ENSP00000417303	1	8469	0
9606.ENSP00000417335	4	8567	0
9606.ENSP00000417378	26	8646	0
9606.ENSP00000417404	4	8432	0
9606.ENSP00000417498	1	8325	0
9606.ENSP00000417510	24	7474	0
9606.ENSP00000417559	6	8089	0
9606.ENSP00000417569	4	8600	0
9606.ENSP00000417601	3	8049	0
9606.ENSP00000417602	64	8488	0
9606.ENSP00000417677	5	8694	0
9606.ENSP00000417686	4	8396	0
9606.ENSP00000417763	8	8676	0
9606.ENSP00000417864	4	8514	0
9606.ENSP00000417901	2	8703	0
9606.ENSP00000417960	1	8704	0
9606.ENSP00000417963	6	8565	0
9606.ENSP00000417980	20	7583	0
9606.ENSP00000418008	35	8542	0
9606.ENSP00000418009	3	8651	0
9606.ENSP00000418018	1	8537	0
9606.ENSP00000418037	2	7859	0
9606.ENSP00000418070	8	8432	0
9606.ENSP00000418081	4	8578	0
9606.ENSP00000418082	85	7155	0
9606.ENSP00000418112	1	8704	0
9606.ENSP00000418259	1	8649	0
9606.ENSP00000418268	11	8272	0
9606.ENSP00000418287	7	8407	0
9606.ENSP00000418379	2	8135	0
9606.ENSP00000418401	3	8584	0
9606.ENSP00000418438	47	8489	0
9606.ENSP00000418447	35	8334	0
9606.ENSP00000418525	7	8268	0
9606.ENSP00000418529	6	8639	0
9606.ENSP00000418563	2	8605	0
9606.ENSP00000418572	26	8277	0
9606.ENSP00000418582	1	8704	0
9606.ENSP00000418669	1	8704	0
9606.ENSP00000418695	36	8156	0
9606.ENSP00000418734	1	8200	0
9606.ENSP00000418754	1	8649	0
9606.ENSP00000418803	5	8566	0
9606.ENSP00000418915	8	7424	0
9606.ENSP00000418960	79	5961	0
9606.ENSP00000419005	2	8385	0
9606.ENSP00000419027	4	8701	0
9606.ENSP00000419060	13	7313	0
9606.ENSP00000419081	45	6752	0
9606.ENSP00000419085	5	8571	0
9606.ENSP00000419087	45	8489	0
9606.ENSP00000419184	1	8699	0
9606.ENSP00000419243	5	8584	0
9606.ENSP00000419260	11	8170	0
9606.ENSP00000419270	8	8317	0
9606.ENSP00000419279	14	8627	0
9606.ENSP00000419298	1	8488	0
9606.ENSP00000419313	10	8388	0
9606.ENSP00000419325	2	8703	0
9606.ENSP00000419361	2	8567	0
9606.ENSP00000419370	28	8495	0
9606.ENSP00000419371	4	8466	0
9606.ENSP00000419412	1	8704	0
9606.ENSP00000419413	6	8695	0
9606.ENSP00000419425	4	8223	0
9606.ENSP00000419449	24	7892	0
9606.ENSP00000419465	16	7784	0
9606.ENSP00000419494	14	7572	0
9606.ENSP00000419503	11	8672	0
9606.ENSP00000419599	1	8704	0
9606.ENSP00000419628	2	8703	0
9606.ENSP00000419665	1	8704	0
9606.ENSP00000419692	22	7504	0
9606.ENSP00000419740	4	8540	0
9606.ENSP00000419765	22	7879	0
9606.ENSP00000419782	3	8484	0
9606.ENSP00000419803	28	7750	0
9606.ENSP00000419851	1	8303	0
9606.ENSP00000419879	1	8704	0
9606.ENSP00000419881	7	8670	0
9606.ENSP00000419945	14	7542	0
9606.ENSP00000419952	2	8673	0
9606.ENSP00000419970	3	8628	0
9606.ENSP00000419975	1	8617	0
9606.ENSP00000420037	6	8693	0
9606.ENSP00000420040	2	8684	0
9606.ENSP00000420127	4	8411	0
9606.ENSP00000420161	2	8699	0
9606.ENSP00000420168	1	8704	0
9606.ENSP00000420174	4	8396	0
9606.ENSP00000420176	16	8318	0
9606.ENSP00000420194	1	8704	0
9606.ENSP00000420195	3	8337	0
9606.ENSP00000420213	11	7845	0
9606.ENSP00000420294	50	7200	0
9606.ENSP00000420295	2	8701	0
9606.ENSP00000420298	3	8356	0
9606.ENSP00000420306	13	8511	0
9606.ENSP00000420311	87	7132	0
9606.ENSP00000420321	5	8550	0
9606.ENSP00000420357	1	8704	0
9606.ENSP00000420387	6	8696	0
9606.ENSP00000420449	2	8703	0
9606.ENSP00000420525	2	8637	0
9606.ENSP00000420588	4	7651	0
9606.ENSP00000420608	9	8696	0
9606.ENSP00000420616	8	8153	0
9606.ENSP00000420617	3	8251	0
9606.ENSP00000420641	8	8565	0
9606.ENSP00000420682	1	8704	0
9606.ENSP00000420714	63	8505	0
9606.ENSP00000420826	1	8704	0
9606.ENSP00000420860	1	8503	0
9606.ENSP00000420875	2	8697	0
9606.ENSP00000420927	2	8687	0
9606.ENSP00000421172	1	8699	0
9606.ENSP00000421180	5	7706	0
9606.ENSP00000421185	2	8703	0
9606.ENSP00000421280	5	7963	0
9606.ENSP00000421339	2	8406	0
9606.ENSP00000421380	21	8337	0
9606.ENSP00000421491	29	7608	0
9606.ENSP00000421544	1	8703	0
9606.ENSP00000421592	23	8087	0
9606.ENSP00000421710	4	8339	0
9606.ENSP00000421725	3	8405	0
9606.ENSP00000421736	1	8620	0
9606.ENSP00000421799	1	8696	0
9606.ENSP00000421801	3	7872	0
9606.ENSP00000421842	36	7331	0
9606.ENSP00000421863	1	8223	0
9606.ENSP00000421926	14	6983	0
9606.ENSP00000421985	2	8686	0
9606.ENSP00000422007	1	8560	0
9606.ENSP00000422176	2	8702	0
9606.ENSP00000422464	11	8006	0
9606.ENSP00000422533	2	8698	0
9606.ENSP00000422591	4	8651	0
9606.ENSP00000422626	3	8653	0
9606.ENSP00000422793	1	8704	0
9606.ENSP00000422834	2	8703	0
9606.ENSP00000422896	11	8175	0
9606.ENSP00000422907	5	8431	0
9606.ENSP00000423067	53	7793	0
9606.ENSP00000423190	2	8699	0
9606.ENSP00000423325	3	8667	0
9606.ENSP00000423333	1	8450	0
9606.ENSP00000423399	44	8461	0
9606.ENSP00000423541	2	8703	0
9606.ENSP00000423563	32	7450	0
9606.ENSP00000423630	1	8069	0
9606.ENSP00000423673	50	8489	0
9606.ENSP00000423674	3	8702	0
9606.ENSP00000423822	9	8678	0
9606.ENSP00000423917	1	8687	0
9606.ENSP00000424007	4	8578	0
9606.ENSP00000424123	2	8696	0
9606.ENSP00000424183	15	8495	0
9606.ENSP00000424198	1	8555	0
9606.ENSP00000424261	2	8683	0
9606.ENSP00000424328	80	8486	0
9606.ENSP00000424417	47	7650	0
9606.ENSP00000424495	1	8093	0
9606.ENSP00000424501	1	8704	0
9606.ENSP00000424544	9	8391	0
9606.ENSP00000424565	1	8704	0
9606.ENSP00000424595	3	8701	0
9606.ENSP00000424598	1	8627	0
9606.ENSP00000424655	14	7408	0
9606.ENSP00000424757	1	8704	0
9606.ENSP00000424765	6	8441	0
9606.ENSP00000424798	2	8684	0
9606.ENSP00000424827	11	7342	0
9606.ENSP00000424846	6	8202	0
9606.ENSP00000424870	5	8580	0
9606.ENSP00000424896	12	8656	0
9606.ENSP00000425107	18	7761	0
9606.ENSP00000425130	3	7869	0
9606.ENSP00000425133	3	8529	0
9606.ENSP00000425394	1	8704	0
9606.ENSP00000425561	36	7553	0
9606.ENSP00000425587	9	8496	0
9606.ENSP00000425634	1	8704	0
9606.ENSP00000425759	27	8543	0
9606.ENSP00000425824	5	8248	0
9606.ENSP00000425864	7	8570	0
9606.ENSP00000425979	13	7177	0
9606.ENSP00000426083	2	8703	0
9606.ENSP00000426103	1	8603	0
9606.ENSP00000426167	10	8568	0
9606.ENSP00000426191	6	8625	0
9606.ENSP00000426359	1	8657	0
9606.ENSP00000426503	6	7420	0
9606.ENSP00000426548	1	8639	0
9606.ENSP00000426632	1	8325	0
9606.ENSP00000426653	1	8696	0
9606.ENSP00000426654	39	7238	0
9606.ENSP00000426786	2	8703	0
9606.ENSP00000426848	2	8614	0
9606.ENSP00000426909	101	6415	0
9606.ENSP00000426941	36	8542	0
9606.ENSP00000426978	9	8362	0
9606.ENSP00000426983	8	7604	0
9606.ENSP00000427004	1	8606	0
9606.ENSP00000427108	1	8602	0
9606.ENSP00000427211	1	8373	0
9606.ENSP00000427279	8	8352	0
9606.ENSP00000427463	4	8701	0
9606.ENSP00000427514	6	7977	0
9606.ENSP00000427550	1	8702	0
9606.ENSP00000427562	1	8469	0
9606.ENSP00000427603	1	8703	0
9606.ENSP00000427679	2	8643	0
9606.ENSP00000427687	2	8539	0
9606.ENSP00000427690	5	8603	0
9606.ENSP00000427695	12	8656	0
9606.ENSP00000427772	4	8594	0
9606.ENSP00000427793	5	7503	0
9606.ENSP00000427802	2	8599	0
9606.ENSP00000427866	4	8648	0
9606.ENSP00000427874	3	8701	0
9606.ENSP00000427900	2	8379	0
9606.ENSP00000427926	4	8407	0
9606.ENSP00000427985	3	8651	0
9606.ENSP00000428056	26	6884	0
9606.ENSP00000428085	92	7059	0
9606.ENSP00000428112	2	8400	0
9606.ENSP00000428184	5	8290	0
9606.ENSP00000428205	3	7979	0
9606.ENSP00000428209	8	7416	0
9606.ENSP00000428220	2	8537	0
9606.ENSP00000428223	60	7961	0
9606.ENSP00000428259	10	8075	0
9606.ENSP00000428324	3	8543	0
9606.ENSP00000428340	6	8101	0
9606.ENSP00000428417	2	8582	0
9606.ENSP00000428426	42	7712	0
9606.ENSP00000428518	5	8594	0
9606.ENSP00000428540	1	8704	0
9606.ENSP00000428564	14	8405	0
9606.ENSP00000428619	1	8435	0
9606.ENSP00000428657	4	8518	0
9606.ENSP00000428787	6	8659	0
9606.ENSP00000428845	9	8340	0
9606.ENSP00000428924	20	7230	0
9606.ENSP00000428976	1	8703	0
9606.ENSP00000428982	33	8344	0
9606.ENSP00000428994	11	8451	0
9606.ENSP00000429065	13	8393	0
9606.ENSP00000429084	4	7429	0
9606.ENSP00000429089	4	8004	0
9606.ENSP00000429200	2	8700	0
9606.ENSP00000429283	2	8529	0
9606.ENSP00000429323	7	8275	0
9606.ENSP00000429374	94	7053	0
9606.ENSP00000429562	5	8258	0
9606.ENSP00000429690	17	8646	0
9606.ENSP00000429707	14	8557	0
9606.ENSP00000429744	3	8686	0
9606.ENSP00000429824	1	8662	0
9606.ENSP00000429900	7	7373	0
9606.ENSP00000429931	26	7936	0
9606.ENSP00000429986	39	7296	0
9606.ENSP00000430031	2	8696	0
9606.ENSP00000430075	2	8703	0
9606.ENSP00000430100	4	8646	0
9606.ENSP00000430282	19	8646	0
9606.ENSP00000430338	13	8130	0
9606.ENSP00000430344	2	8703	0
9606.ENSP00000430432	75	6889	0
9606.ENSP00000430493	12	8656	0
9606.ENSP00000430494	29	8543	0
9606.ENSP00000430598	2	8665	0
9606.ENSP00000430620	3	8684	0
9606.ENSP00000430684	16	6876	0
9606.ENSP00000430711	3	8339	0
9606.ENSP00000430945	2	8565	0
9606.ENSP00000430950	2	8703	0
9606.ENSP00000431010	1	8682	0
9606.ENSP00000431040	50	8461	0
9606.ENSP00000431240	66	7241	0
9606.ENSP00000431254	42	7027	0
9606.ENSP00000431284	1	8586	0
9606.ENSP00000431391	1	8551	0
9606.ENSP00000431418	22	7540	0
9606.ENSP00000431445	9	8204	0
9606.ENSP00000431512	2	7878	0
9606.ENSP00000431603	2	8652	0
9606.ENSP00000431775	2	8330	0
9606.ENSP00000431800	20	8202	0
9606.ENSP00000431813	2	8647	0
9606.ENSP00000431822	117	7074	0
9606.ENSP00000431876	1	8702	0
9606.ENSP00000431885	17	8032	0
9606.ENSP00000431926	35	6806	0
9606.ENSP00000431984	3	8702	0
9606.ENSP00000432119	3	8594	0
9606.ENSP00000432279	30	8314	0
9606.ENSP00000432412	7	8364	0
9606.ENSP00000432472	12	8481	0
9606.ENSP00000432511	15	7873	0
9606.ENSP00000432561	1	8704	0
9606.ENSP00000432568	3	8045	0
9606.ENSP00000432660	9	7791	0
9606.ENSP00000432688	6	8693	0
9606.ENSP00000432768	1	8689	0
9606.ENSP00000432886	19	8122	0
9606.ENSP00000433112	1	8617	0
9606.ENSP00000433138	17	8340	0
9606.ENSP00000433157	7	8693	0
9606.ENSP00000433205	1	8428	0
9606.ENSP00000433208	3	8554	0
9606.ENSP00000433209	2	8631	0
9606.ENSP00000433277	2	8203	0
9606.ENSP00000433295	3	8694	0
9606.ENSP00000433415	11	8694	0
9606.ENSP00000433459	1	8335	0
9606.ENSP00000433488	1	8467	0
9606.ENSP00000433490	5	8485	0
9606.ENSP00000433560	1	8704	0
9606.ENSP00000433623	63	5376	0
9606.ENSP00000433642	7	8144	0
9606.ENSP00000433664	10	8289	0
9606.ENSP00000433681	7	8698	0
9606.ENSP00000433760	12	7367	0
9606.ENSP00000433847	1	8704	0
9606.ENSP00000433919	11	8084	0
9606.ENSP00000433933	8	8692	0
9606.ENSP00000433999	3	8686	0
9606.ENSP00000434024	33	6677	0
9606.ENSP00000434034	11	8521	0
9606.ENSP00000434056	4	8161	0
9606.ENSP00000434343	2	8684	0
9606.ENSP00000434359	5	8270	0
9606.ENSP00000434466	11	8502	0
9606.ENSP00000434480	7	8696	0
9606.ENSP00000434516	3	8656	0
9606.ENSP00000434552	5	7706	0
9606.ENSP00000434614	40	7238	0
9606.ENSP00000434717	2	8655	0
9606.ENSP00000434729	22	8646	0
9606.ENSP00000434776	1	8093	0
9606.ENSP00000434995	20	8215	0
9606.ENSP00000435096	88	7104	0
9606.ENSP00000435210	3	8439	0
9606.ENSP00000435233	3	8385	0
9606.ENSP00000435289	7	8632	0
9606.ENSP00000435380	1	8698	0
9606.ENSP00000435412	3	8344	0
9606.ENSP00000435460	2	8602	0
9606.ENSP00000435466	1	8527	0
9606.ENSP00000435534	2	8697	0
9606.ENSP00000435585	1	8695	0
9606.ENSP00000435619	7	8556	0
9606.ENSP00000435648	4	8656	0
9606.ENSP00000435712	11	7736	0
9606.ENSP00000435777	129	6936	0
9606.ENSP00000436005	14	8690	0
9606.ENSP00000436049	15	8139	0
9606.ENSP00000436318	1	8636	0
9606.ENSP00000436423	2	8530	0
9606.ENSP00000436450	2	8339	0
9606.ENSP00000436585	2	8700	0
9606.ENSP00000436607	7	8461	0
9606.ENSP00000436679	15	8112	0
9606.ENSP00000436691	2	8683	0
9606.ENSP00000436786	65	6831	0
9606.ENSP00000436812	1	8704	0
9606.ENSP00000436926	19	7609	0
9606.ENSP00000437041	2	8684	0
9606.ENSP00000437073	1	8704	0
9606.ENSP00000437125	40	6484	0
9606.ENSP00000437256	34	7710	0
9606.ENSP00000437271	13	8622	0
9606.ENSP00000437360	37	7331	0
9606.ENSP00000437402	2	8645	0
9606.ENSP00000437464	4	7852	0
9606.ENSP00000437550	6	8589	0
9606.ENSP00000437563	10	8518	0
9606.ENSP00000437621	4	8071	0
9606.ENSP00000437659	51	7200	0
9606.ENSP00000437737	4	8434	0
9606.ENSP00000437775	3	7955	0
9606.ENSP00000437783	1	8704	0
9606.ENSP00000437955	32	6049	0
9606.ENSP00000438038	13	8363	0
9606.ENSP00000438040	1	8674	0
9606.ENSP00000438071	1	8621	0
9606.ENSP00000438085	9	7358	0
9606.ENSP00000438204	7	8550	0
9606.ENSP00000438244	1	8704	0
9606.ENSP00000438262	16	7861	0
9606.ENSP00000438273	2	8675	0
9606.ENSP00000438349	5	8398	0
9606.ENSP00000438388	2	8543	0
9606.ENSP00000438399	12	8622	0
9606.ENSP00000438406	4	8453	0
9606.ENSP00000438455	1	8696	0
9606.ENSP00000438465	2	8239	0
9606.ENSP00000438483	8	7744	0
9606.ENSP00000438553	16	7587	0
9606.ENSP00000438574	3	8090	0
9606.ENSP00000438677	3	8702	0
9606.ENSP00000438689	4	8683	0
9606.ENSP00000438748	2	8676	0
9606.ENSP00000438788	39	7111	0
9606.ENSP00000438804	2	8703	0
9606.ENSP00000438886	1	8704	0
9606.ENSP00000438949	13	8248	0
9606.ENSP00000438993	3	8548	0
9606.ENSP00000439020	29	8038	0
9606.ENSP00000439056	7	8689	0
9606.ENSP00000439068	2	8684	0
9606.ENSP00000439120	1	8674	0
9606.ENSP00000439128	1	8587	0
9606.ENSP00000439244	1	8562	0
9606.ENSP00000439479	1	8704	0
9606.ENSP00000439585	4	8376	0
9606.ENSP00000439666	1	8541	0
9606.ENSP00000439800	2	8698	0
9606.ENSP00000439856	3	8530	0
9606.ENSP00000439937	3	8612	0
9606.ENSP00000440005	13	8487	0
9606.ENSP00000440045	4	8670	0
9606.ENSP00000440066	2	8539	0
9606.ENSP00000440100	31	8344	0
9606.ENSP00000440185	2	8685	0
9606.ENSP00000440190	1	8683	0
9606.ENSP00000440246	2	8703	0
9606.ENSP00000440273	2	8187	0
9606.ENSP00000440329	2	8703	0
9606.ENSP00000440440	2	8289	0
9606.ENSP00000440485	8	8317	0
9606.ENSP00000440502	1	8416	0
9606.ENSP00000440542	48	7131	0
9606.ENSP00000440556	5	8503	0
9606.ENSP00000440689	4	8601	0
9606.ENSP00000440704	2	8696	0
9606.ENSP00000440864	2	7638	0
9606.ENSP00000440915	16	8225	0
9606.ENSP00000440984	5	8659	0
9606.ENSP00000441000	1	8704	0
9606.ENSP00000441039	2	8290	0
9606.ENSP00000441065	2	8557	0
9606.ENSP00000441126	45	8489	0
9606.ENSP00000441158	9	8570	0
9606.ENSP00000441235	5	8050	0
9606.ENSP00000441369	6	8699	0
9606.ENSP00000441543	172	5506	0
9606.ENSP00000441600	22	8173	0
9606.ENSP00000441765	3	8508	0
9606.ENSP00000441828	4	8198	0
9606.ENSP00000441875	1	8704	0
9606.ENSP00000441913	2	8627	0
9606.ENSP00000441927	2	8583	0
9606.ENSP00000441953	13	8281	0
9606.ENSP00000441954	5	8085	0
9606.ENSP00000441980	2	8703	0
9606.ENSP00000442060	1	8655	0
9606.ENSP00000442308	1	8533	0
9606.ENSP00000442318	3	7916	0
9606.ENSP00000442397	3	8641	0
9606.ENSP00000442424	3	8653	0
9606.ENSP00000442460	13	7510	0
9606.ENSP00000442477	2	8703	0
9606.ENSP00000442563	16	8318	0
9606.ENSP00000442600	17	8262	0
9606.ENSP00000442656	8	8314	0
9606.ENSP00000442682	1	8660	0
9606.ENSP00000442699	20	8234	0
9606.ENSP00000442736	6	8294	0
9606.ENSP00000442788	5	8211	0
9606.ENSP00000442795	5	8189	0
9606.ENSP00000442954	14	7184	0
9606.ENSP00000442973	2	8613	0
9606.ENSP00000442982	2	8327	0
9606.ENSP00000443017	102	6657	0
9606.ENSP00000443113	6	8512	0
9606.ENSP00000443130	4	8698	0
9606.ENSP00000443194	1	8704	0
9606.ENSP00000443216	11	8636	0
9606.ENSP00000443246	2	8688	0
9606.ENSP00000443256	9	8544	0
9606.ENSP00000443291	1	8704	0
9606.ENSP00000443432	2	8703	0
9606.ENSP00000443459	3	8692	0
9606.ENSP00000443475	12	8183	0
9606.ENSP00000443631	1	8537	0
9606.ENSP00000443824	4	8674	0
9606.ENSP00000443900	4	8515	0
9606.ENSP00000443988	12	7845	0
9606.ENSP00000444029	23	7935	0
9606.ENSP00000444136	13	8125	0
9606.ENSP00000444198	3	7684	0
9606.ENSP00000444201	1	8639	0
9606.ENSP00000444271	5	8687	0
9606.ENSP00000444357	7	7420	0
9606.ENSP00000444408	1	8490	0
9606.ENSP00000444425	1	8370	0
9606.ENSP00000444596	6	7422	0
9606.ENSP00000444660	3	8653	0
9606.ENSP00000444688	9	8645	0
9606.ENSP00000444743	2	8703	0
9606.ENSP00000444788	2	8703	0
9606.ENSP00000444810	10	7424	0
9606.ENSP00000444935	7	8632	0
9606.ENSP00000445001	11	8502	0
9606.ENSP00000445002	4	8512	0
9606.ENSP00000445122	1	8704	0
9606.ENSP00000445135	3	8610	0
9606.ENSP00000445162	50	7605	0
9606.ENSP00000445175	1	8704	0
9606.ENSP00000445306	9	8645	0
9606.ENSP00000445381	5	8442	0
9606.ENSP00000445408	6	8304	0
9606.ENSP00000445508	8	8161	0
9606.ENSP00000445633	42	6885	0
9606.ENSP00000445675	16	7856	0
9606.ENSP00000445757	42	7566	0
9606.ENSP00000445772	1	8579	0
9606.ENSP00000445806	4	8676	0
9606.ENSP00000445831	10	7630	0
9606.ENSP00000445868	22	7879	0
9606.ENSP00000446007	3	8545	0
9606.ENSP00000446039	12	7987	0
9606.ENSP00000446093	9	8489	0
9606.ENSP00000446184	8	8061	0
9606.ENSP00000446215	23	7559	0
9606.ENSP00000446252	3	7982	0
9606.ENSP00000446271	3	8561	0
9606.ENSP00000446479	1	8613	0
9606.ENSP00000446576	6	8073	0
9606.ENSP00000446828	3	8697	0
9606.ENSP00000446872	2	8703	0
9606.ENSP00000446880	2	7901	0
9606.ENSP00000446917	1	8572	0
9606.ENSP00000446955	12	8025	0
9606.ENSP00000447001	93	7058	0
9606.ENSP00000447006	4	8554	0
9606.ENSP00000447053	4	8427	0
9606.ENSP00000447149	5	8165	0
9606.ENSP00000447241	10	7852	0
9606.ENSP00000447297	17	7082	0
9606.ENSP00000447300	4	8569	0
9606.ENSP00000447378	2	8703	0
9606.ENSP00000447488	4	8597	0
9606.ENSP00000447537	12	8570	0
9606.ENSP00000447730	12	7495	0
9606.ENSP00000447942	8	8465	0
9606.ENSP00000448012	7	8603	0
9606.ENSP00000448035	2	8599	0
9606.ENSP00000448054	18	8340	0
9606.ENSP00000448071	1	8703	0
9606.ENSP00000448073	1	8654	0
9606.ENSP00000448083	1	8704	0
9606.ENSP00000448165	10	7553	0
9606.ENSP00000448182	2	8686	0
9606.ENSP00000448387	2	8391	0
9606.ENSP00000448598	33	7163	0
9606.ENSP00000448665	2	8445	0
9606.ENSP00000449026	23	7921	0
9606.ENSP00000449079	2	8702	0
9606.ENSP00000449089	4	8689	0
9606.ENSP00000449241	2	8598	0
9606.ENSP00000449270	11	8624	0
9606.ENSP00000449328	83	7162	0
9606.ENSP00000449381	3	8568	0
9606.ENSP00000449386	3	8254	0
9606.ENSP00000449396	30	7464	0
9606.ENSP00000449404	1	8699	0
9606.ENSP00000449428	3	8367	0
9606.ENSP00000449500	16	8646	0
9606.ENSP00000449535	2	8683	0
9606.ENSP00000449716	1	8695	0
9606.ENSP00000449756	1	8704	0
9606.ENSP00000449795	3	8702	0
9606.ENSP00000449884	71	8486	0
9606.ENSP00000449999	1	8611	0
9606.ENSP00000450337	1	8670	0
9606.ENSP00000450385	12	8025	0
9606.ENSP00000450480	6	8696	0
9606.ENSP00000450482	4	8333	0
9606.ENSP00000450527	1	8255	0
9606.ENSP00000450540	2	8668	0
9606.ENSP00000450565	1	8689	0
9606.ENSP00000450607	13	8206	0
9606.ENSP00000450731	12	8597	0
9606.ENSP00000450799	1	8226	0
9606.ENSP00000450842	1	8696	0
9606.ENSP00000450857	2	8498	0
9606.ENSP00000450864	4	8645	0
9606.ENSP00000450873	1	8704	0
9606.ENSP00000450895	2	8637	0
9606.ENSP00000450909	1	8704	0
9606.ENSP00000450969	1	8567	0
9606.ENSP00000451030	1	8557	0
9606.ENSP00000451040	6	8190	0
9606.ENSP00000451080	11	8084	0
9606.ENSP00000451129	51	7803	0
9606.ENSP00000451162	3	8699	0
9606.ENSP00000451172	2	8703	0
9606.ENSP00000451188	1	8414	0
9606.ENSP00000451206	1	8695	0
9606.ENSP00000451211	9	8476	0
9606.ENSP00000451261	3	8425	0
9606.ENSP00000451291	4	8146	0
9606.ENSP00000451300	6	7988	0
9606.ENSP00000451406	9	8675	0
9606.ENSP00000451419	1	8704	0
9606.ENSP00000451506	2	8703	0
9606.ENSP00000451575	2	8448	0
9606.ENSP00000451583	1	8676	0
9606.ENSP00000451605	2	8362	0
9606.ENSP00000451812	6	8208	0
9606.ENSP00000451818	14	8079	0
9606.ENSP00000451828	31	6180	0
9606.ENSP00000451974	8	8346	0
9606.ENSP00000452007	2	8703	0
9606.ENSP00000452120	1	8327	0
9606.ENSP00000452126	7	8530	0
9606.ENSP00000452181	1	8694	0
9606.ENSP00000452454	42	7708	0
9606.ENSP00000452479	2	8639	0
9606.ENSP00000452521	6	8696	0
9606.ENSP00000452522	2	8360	0
9606.ENSP00000452549	3	8565	0
9606.ENSP00000452662	10	7397	0
9606.ENSP00000452697	4	8701	0
9606.ENSP00000452746	4	8306	0
9606.ENSP00000452747	2	8693	0
9606.ENSP00000452762	2	8703	0
9606.ENSP00000452763	75	7163	0
9606.ENSP00000452786	35	6714	0
9606.ENSP00000452871	11	7451	0
9606.ENSP00000452877	1	8703	0
9606.ENSP00000452885	4	7429	0
9606.ENSP00000452948	1	8704	0
9606.ENSP00000453015	2	8399	0
9606.ENSP00000453095	7	7767	0
9606.ENSP00000453273	4	8701	0
9606.ENSP00000453293	1	8373	0
9606.ENSP00000453508	20	7147	0
9606.ENSP00000453562	1	8629	0
9606.ENSP00000453793	4	8694	0
9606.ENSP00000453801	36	7682	0
9606.ENSP00000453858	3	8175	0
9606.ENSP00000454014	1	8654	0
9606.ENSP00000454071	4	8510	0
9606.ENSP00000454303	16	8571	0
9606.ENSP00000454545	7	8566	0
9606.ENSP00000454623	4	8162	0
9606.ENSP00000454786	53	7211	0
9606.ENSP00000454836	52	7793	0
9606.ENSP00000454852	4	8451	0
9606.ENSP00000455064	1	8685	0
9606.ENSP00000455106	6	8382	0
9606.ENSP00000455114	4	8701	0
9606.ENSP00000455215	1	8683	0
9606.ENSP00000455229	1	8593	0
9606.ENSP00000455265	4	8397	0
9606.ENSP00000455426	1	8700	0
9606.ENSP00000455442	1	8677	0
9606.ENSP00000455507	3	8540	0
9606.ENSP00000455561	1	8704	0
9606.ENSP00000455607	8	8263	0
9606.ENSP00000455643	1	8704	0
9606.ENSP00000455716	10	8671	0
9606.ENSP00000455785	27	7750	0
9606.ENSP00000455813	2	8616	0
9606.ENSP00000455897	5	8598	0
9606.ENSP00000456206	9	8480	0
9606.ENSP00000456218	1	8593	0
9606.ENSP00000456226	1	8617	0
9606.ENSP00000456340	27	7413	0
9606.ENSP00000456609	1	8704	0
9606.ENSP00000456851	7	8570	0
9606.ENSP00000456908	1	8704	0
9606.ENSP00000456974	3	8702	0
9606.ENSP00000457016	20	7609	0
9606.ENSP00000457168	3	8700	0
9606.ENSP00000457230	2	8431	0
9606.ENSP00000457353	2	8671	0
9606.ENSP00000457411	1	8613	0
9606.ENSP00000457421	10	7270	0
9606.ENSP00000457492	1	8545	0
9606.ENSP00000457513	28	8543	0
9606.ENSP00000457703	4	7429	0
9606.ENSP00000457723	12	8093	0
9606.ENSP00000457728	14	8690	0
9606.ENSP00000457788	2	8703	0
9606.ENSP00000457807	9	8531	0
9606.ENSP00000457810	16	8429	0
9606.ENSP00000457870	13	8216	0
9606.ENSP00000457991	1	8667	0
9606.ENSP00000458021	1	8655	0
9606.ENSP00000458162	68	6923	0
9606.ENSP00000458290	2	8607	0
9606.ENSP00000458355	6	8699	0
9606.ENSP00000458663	1	8682	0
9606.ENSP00000458770	101	8456	0
9606.ENSP00000458791	2	8327	0
9606.ENSP00000458954	24	8363	0
9606.ENSP00000459615	3	8649	0
9606.ENSP00000459626	1	8404	0
9606.ENSP00000459943	1	8609	0
9606.ENSP00000459962	6	8263	0
9606.ENSP00000460070	2	8506	0
9606.ENSP00000460236	1	8373	0
9606.ENSP00000460348	103	7490	0
9606.ENSP00000460380	2	8619	0
9606.ENSP00000460475	19	8288	0
9606.ENSP00000460683	1	8704	0
9606.ENSP00000460871	2	8634	0
9606.ENSP00000460971	3	8702	0
9606.ENSP00000461784	6	8636	0
9606.ENSP00000461879	70	6820	0
9606.ENSP00000461930	36	8542	0
9606.ENSP00000461945	1	8704	0
9606.ENSP00000461947	3	8647	0
9606.ENSP00000462099	5	8337	0
9606.ENSP00000462355	102	6657	0
9606.ENSP00000462468	6	7298	0
9606.ENSP00000462521	7	7840	0
9606.ENSP00000462647	3	8563	0
9606.ENSP00000462664	7	7273	0
9606.ENSP00000462667	102	6657	0
9606.ENSP00000462701	1	7863	0
9606.ENSP00000462729	4	7429	0
9606.ENSP00000462945	18	7405	0
9606.ENSP00000462963	1	8696	0
9606.ENSP00000462980	11	8006	0
9606.ENSP00000463027	5	8225	0
9606.ENSP00000463051	6	8532	0
9606.ENSP00000463058	24	7803	0
9606.ENSP00000463069	3	8674	0
9606.ENSP00000463092	1	8704	0
9606.ENSP00000463154	21	7318	0
9606.ENSP00000463233	1	8656	0
9606.ENSP00000463334	1	8654	0
9606.ENSP00000463379	3	8251	0
9606.ENSP00000463393	10	8545	0
9606.ENSP00000463559	8	8569	0
9606.ENSP00000463752	3	8670	0
9606.ENSP00000463762	2	8677	0
9606.ENSP00000463778	9	8531	0
9606.ENSP00000463784	60	6986	0
9606.ENSP00000463842	68	7157	0
9606.ENSP00000463939	10	7891	0
9606.ENSP00000463978	1	8557	0
9606.ENSP00000463982	3	8627	0
9606.ENSP00000464030	13	7477	0
9606.ENSP00000464050	7	8298	0
9606.ENSP00000464342	90	7059	0
9606.ENSP00000464357	28	7665	0
9606.ENSP00000464359	8	8569	0
9606.ENSP00000464383	6	8585	0
9606.ENSP00000464443	13	8627	0
9606.ENSP00000464522	4	8676	0
9606.ENSP00000464780	4	8701	0
9606.ENSP00000464813	84	7156	0
9606.ENSP00000464814	2	8693	0
9606.ENSP00000464849	2	8702	0
9606.ENSP00000465039	2	8640	0
9606.ENSP00000465075	3	8647	0
9606.ENSP00000465099	13	8125	0
9606.ENSP00000465213	16	8225	0
9606.ENSP00000465261	1	8704	0
9606.ENSP00000465295	2	8703	0
9606.ENSP00000465356	6	8455	0
9606.ENSP00000465419	9	8216	0
9606.ENSP00000465500	3	7897	0
9606.ENSP00000465630	1	8675	0
9606.ENSP00000465676	1	8479	0
9606.ENSP00000465685	7	8596	0
9606.ENSP00000465734	1	8704	0
9606.ENSP00000465759	4	8580	0
9606.ENSP00000465894	1	8466	0
9606.ENSP00000465992	1	8659	0
9606.ENSP00000466009	3	8625	0
9606.ENSP00000466010	99	7075	0
9606.ENSP00000466022	2	8426	0
9606.ENSP00000466090	8	8538	0
9606.ENSP00000466111	9	8009	0
9606.ENSP00000466121	13	8305	0
9606.ENSP00000466134	1	8704	0
9606.ENSP00000466259	1	8704	0
9606.ENSP00000466298	6	8616	0
9606.ENSP00000466363	10	8377	0
9606.ENSP00000466379	4	8682	0
9606.ENSP00000466399	6	8670	0
9606.ENSP00000466690	3	8699	0
9606.ENSP00000466775	7	8427	0
9606.ENSP00000466818	28	8543	0
9606.ENSP00000466834	3	8679	0
9606.ENSP00000466880	2	8703	0
9606.ENSP00000466953	2	8587	0
9606.ENSP00000467024	9	7199	0
9606.ENSP00000467041	2	7994	0
9606.ENSP00000467123	5	8518	0
9606.ENSP00000467141	14	8008	0
9606.ENSP00000467176	6	8637	0
9606.ENSP00000467201	4	8537	0
9606.ENSP00000467262	20	8548	0
9606.ENSP00000467266	1	8622	0
9606.ENSP00000467494	5	7952	0
9606.ENSP00000467537	5	8417	0
9606.ENSP00000468002	1	8701	0
9606.ENSP00000468032	1	8353	0
9606.ENSP00000468086	1	8689	0
9606.ENSP00000468253	3	8614	0
9606.ENSP00000468280	1	8623	0
9606.ENSP00000468304	22	7357	0
9606.ENSP00000468308	1	8704	0
9606.ENSP00000468348	7	8575	0
9606.ENSP00000468411	6	8457	0
9606.ENSP00000468633	4	8701	0
9606.ENSP00000468723	7	8674	0
9606.ENSP00000468897	10	7978	0
9606.ENSP00000468927	2	8163	0
9606.ENSP00000468956	4	7429	0
9606.ENSP00000468991	1	8541	0
9606.ENSP00000469035	8	8683	0
9606.ENSP00000469049	4	8589	0
9606.ENSP00000469158	11	7637	0
9606.ENSP00000469240	28	8314	0
9606.ENSP00000469242	4	8392	0
9606.ENSP00000469332	4	8646	0
9606.ENSP00000469413	5	8143	0
9606.ENSP00000469455	6	8260	0
9606.ENSP00000469468	58	7869	0
9606.ENSP00000469534	1	8368	0
9606.ENSP00000469613	1	8622	0
9606.ENSP00000469686	2	8661	0
9606.ENSP00000469836	2	8703	0
9606.ENSP00000469880	1	8700	0
9606.ENSP00000469888	7	8690	0
9606.ENSP00000469981	1	8685	0
9606.ENSP00000470142	21	7868	0
9606.ENSP00000470152	2	8563	0
9606.ENSP00000470176	23	8524	0
9606.ENSP00000470248	5	8433	0
9606.ENSP00000470252	48	7565	0
9606.ENSP00000470262	15	8690	0
9606.ENSP00000470555	1	8700	0
9606.ENSP00000470560	58	7794	0
9606.ENSP00000470788	8	8322	0
9606.ENSP00000470972	121	6893	0
9606.ENSP00000471191	21	8340	0
9606.ENSP00000471239	2	8410	0
9606.ENSP00000471457	1	8521	0
9606.ENSP00000471477	2	8538	0
9606.ENSP00000471493	4	8339	0
9606.ENSP00000471683	1	8704	0
9606.ENSP00000471700	8	7694	0
9606.ENSP00000471851	1	8643	0
9606.ENSP00000471894	1	8699	0
9606.ENSP00000471896	12	7158	0
9606.ENSP00000472109	3	8385	0
9606.ENSP00000472249	2	8539	0
9606.ENSP00000472445	47	7359	0
9606.ENSP00000472465	2	8703	0
9606.ENSP00000472469	127	6848	0
9606.ENSP00000472474	6	8694	0
9606.ENSP00000472530	9	8362	0
9606.ENSP00000472620	2	8583	0
9606.ENSP00000472836	7	8570	0
9606.ENSP00000472847	1	8704	0
9606.ENSP00000472929	25	6838	0
9606.ENSP00000472985	131	6875	0
9606.ENSP00000472998	23	8134	0
9606.ENSP00000473001	3	8498	0
9606.ENSP00000473093	1	8649	0
9606.ENSP00000473172	67	6441	0
9606.ENSP00000473290	39	7566	0
9606.ENSP00000473348	2	8703	0
9606.ENSP00000473370	2	8599	0
9606.ENSP00000473381	2	8703	0
9606.ENSP00000473383	1	8420	0
9606.ENSP00000473391	14	7830	0
9606.ENSP00000473553	6	8422	0
9606.ENSP00000473623	2	8681	0
9606.ENSP00000473980	38	8489	0
9606.ENSP00000473990	2	8703	0
9606.ENSP00000474032	15	8277	0
9606.ENSP00000474071	3	8699	0
9606.ENSP00000474090	3	8702	0
9606.ENSP00000474253	9	7828	0
9606.ENSP00000474412	18	8315	0
9606.ENSP00000474534	1	8686	0
9606.ENSP00000474725	14	7150	0
9606.ENSP00000474823	8	8617	0
9606.ENSP00000475107	6	7819	0
9606.ENSP00000475344	21	8192	0
9606.ENSP00000475615	45	7636	0
9606.ENSP00000475727	3	8366	0
9606.ENSP00000475750	1	8595	0
9606.ENSP00000475814	34	6835	0
9606.ENSP00000475924	1	8647	0
9606.ENSP00000475986	1	8704	0
9606.ENSP00000476100	31	7825	0
9606.ENSP00000476117	5	8366	0
9606.ENSP00000476136	75	6398	0
9606.ENSP00000476145	1	8584	0
9606.ENSP00000476228	18	7668	0
9606.ENSP00000476295	15	7693	0
9606.ENSP00000476386	7	8560	0
9606.ENSP00000476412	26	8311	0
9606.ENSP00000476480	11	8694	0
9606.ENSP00000476519	9	8588	0
9606.ENSP00000476672	1	8704	0
9606.ENSP00000476948	2	8703	0
9606.ENSP00000477213	3	7977	0
9606.ENSP00000477310	9	8418	0
9606.ENSP00000477437	4	8685	0
9606.ENSP00000477455	14	7901	0
9606.ENSP00000477507	1	8292	0
9606.ENSP00000477527	21	7618	0
9606.ENSP00000477530	1	8315	0
9606.ENSP00000477538	1	8704	0
9606.ENSP00000477548	5	8303	0
9606.ENSP00000477563	4	8416	0
9606.ENSP00000477572	1	8704	0
9606.ENSP00000477587	2	8703	0
9606.ENSP00000477602	3	8685	0
9606.ENSP00000477613	23	6849	0
9606.ENSP00000477707	4	8373	0
9606.ENSP00000477713	17	6853	0
9606.ENSP00000477715	2	8545	0
9606.ENSP00000477725	4	8308	0
9606.ENSP00000477760	38	7269	0
9606.ENSP00000477796	1	8704	0
9606.ENSP00000477848	49	7795	0
9606.ENSP00000477868	6	8438	0
9606.ENSP00000477870	18	7272	0
9606.ENSP00000477875	2	8579	0
9606.ENSP00000477907	19	7630	0
9606.ENSP00000477908	15	8007	0
9606.ENSP00000477973	9	8677	0
9606.ENSP00000477999	14	8033	0
9606.ENSP00000478024	5	8427	0
9606.ENSP00000478059	5	8583	0
9606.ENSP00000478061	8	8263	0
9606.ENSP00000478070	16	8143	0
9606.ENSP00000478121	56	6998	0
9606.ENSP00000478179	1	8496	0
9606.ENSP00000478187	7	8437	0
9606.ENSP00000478212	5	8588	0
9606.ENSP00000478220	1	8682	0
9606.ENSP00000478253	3	8700	0
9606.ENSP00000478255	1	8506	0
9606.ENSP00000478289	44	7381	0
9606.ENSP00000478303	83	7017	0
9606.ENSP00000478396	4	7962	0
9606.ENSP00000478474	3	8184	0
9606.ENSP00000478490	3	8555	0
9606.ENSP00000478501	38	7238	0
9606.ENSP00000478561	2	8671	0
9606.ENSP00000478589	2	8703	0
9606.ENSP00000478600	1	8469	0
9606.ENSP00000478672	7	7668	0
9606.ENSP00000478699	7	8156	0
9606.ENSP00000478721	14	8507	0
9606.ENSP00000478725	60	6218	0
9606.ENSP00000478754	18	7940	0
9606.ENSP00000478763	9	7754	0
9606.ENSP00000478767	3	8618	0
9606.ENSP00000478771	168	5538	0
9606.ENSP00000478783	1	8609	0
9606.ENSP00000478877	23	7242	0
9606.ENSP00000478887	28	6116	0
9606.ENSP00000478893	1	8348	0
9606.ENSP00000478927	22	6912	0
9606.ENSP00000478942	3	8702	0
9606.ENSP00000478962	2	7753	0
9606.ENSP00000478982	16	8225	0
9606.ENSP00000478993	1	8703	0
9606.ENSP00000479032	26	7056	0
9606.ENSP00000479064	1	8704	0
9606.ENSP00000479089	3	8347	0
9606.ENSP00000479097	2	8456	0
9606.ENSP00000479106	102	6657	0
9606.ENSP00000479113	4	8646	0
9606.ENSP00000479119	1	8619	0
9606.ENSP00000479153	5	8667	0
9606.ENSP00000479168	1	8704	0
9606.ENSP00000479169	5	7630	0
9606.ENSP00000479202	1	8685	0
9606.ENSP00000479216	6	8639	0
9606.ENSP00000479256	3	8345	0
9606.ENSP00000479261	9	8214	0
9606.ENSP00000479266	1	8624	0
9606.ENSP00000479284	21	7436	0
9606.ENSP00000479322	6	7914	0
9606.ENSP00000479461	102	6657	0
9606.ENSP00000479488	1	8704	0
9606.ENSP00000479494	11	8035	0
9606.ENSP00000479504	1	8526	0
9606.ENSP00000479526	20	7798	0
9606.ENSP00000479536	2	8490	0
9606.ENSP00000479598	4	8483	0
9606.ENSP00000479606	18	8164	0
9606.ENSP00000479617	23	7279	0
9606.ENSP00000479624	1	8315	0
9606.ENSP00000479636	2	8703	0
9606.ENSP00000479667	1	8704	0
9606.ENSP00000479669	5	8651	0
9606.ENSP00000479675	2	8161	0
9606.ENSP00000479719	14	8418	0
9606.ENSP00000479762	3	8687	0
9606.ENSP00000479794	102	6657	0
9606.ENSP00000479816	1	8704	0
9606.ENSP00000479844	1	8400	0
9606.ENSP00000479860	5	8501	0
9606.ENSP00000479861	10	8175	0
9606.ENSP00000479870	1	8704	0
9606.ENSP00000479889	11	7549	0
9606.ENSP00000479910	1	8619	0
9606.ENSP00000479919	3	8225	0
9606.ENSP00000479953	1	8704	0
9606.ENSP00000479955	3	8514	0
9606.ENSP00000479969	1	8704	0
9606.ENSP00000480012	7	8137	0
9606.ENSP00000480035	8	8196	0
9606.ENSP00000480043	6	8221	0
9606.ENSP00000480053	1	8704	0
9606.ENSP00000480090	1	8704	0
9606.ENSP00000480091	1	8704	0
9606.ENSP00000480132	9	8139	0
9606.ENSP00000480150	4	8461	0
9606.ENSP00000480157	8	8397	0
9606.ENSP00000480186	23	7934	0
9606.ENSP00000480279	2	8699	0
9606.ENSP00000480291	1	8703	0
9606.ENSP00000480301	3	8237	0
9606.ENSP00000480316	14	7904	0
9606.ENSP00000480322	1	8683	0
9606.ENSP00000480332	14	8690	0
9606.ENSP00000480378	2	8547	0
9606.ENSP00000480405	2	8695	0
9606.ENSP00000480421	4	8320	0
9606.ENSP00000480428	3	8699	0
9606.ENSP00000480439	2	8703	0
9606.ENSP00000480443	2	8703	0
9606.ENSP00000480467	1	8239	0
9606.ENSP00000480489	3	8689	0
9606.ENSP00000480514	1	8704	0
9606.ENSP00000480524	1	8704	0
9606.ENSP00000480535	2	8703	0
9606.ENSP00000480549	2	8057	0
9606.ENSP00000480558	4	8437	0
9606.ENSP00000480571	2	8700	0
9606.ENSP00000480680	1	8558	0
9606.ENSP00000480707	11	8624	0
9606.ENSP00000480715	1	8704	0
9606.ENSP00000480763	1	8664	0
9606.ENSP00000480791	9	8285	0
9606.ENSP00000480798	1	8419	0
9606.ENSP00000480826	114	6039	0
9606.ENSP00000480836	3	8496	0
9606.ENSP00000480853	12	8356	0
9606.ENSP00000480916	1	8704	0
9606.ENSP00000480960	102	6657	0
9606.ENSP00000480987	24	8200	0
9606.ENSP00000480991	1	8704	0
9606.ENSP00000481006	1	8704	0
9606.ENSP00000481021	10	8034	0
9606.ENSP00000481029	36	7495	0
9606.ENSP00000481038	18	8229	0
9606.ENSP00000481046	2	8703	0
9606.ENSP00000481091	27	7575	0
9606.ENSP00000481126	8	8683	0
9606.ENSP00000481127	4	8700	0
9606.ENSP00000481152	74	6656	0
9606.ENSP00000481244	9	8645	0
9606.ENSP00000481249	6	8272	0
9606.ENSP00000481301	1	8704	0
9606.ENSP00000481309	4	8675	0
9606.ENSP00000481314	1	8691	0
9606.ENSP00000481321	2	8703	0
9606.ENSP00000481357	1	8517	0
9606.ENSP00000481380	20	6882	0
9606.ENSP00000481450	2	8701	0
9606.ENSP00000481486	102	6657	0
9606.ENSP00000481554	5	8630	0
9606.ENSP00000481570	11	7079	0
9606.ENSP00000481575	2	8703	0
9606.ENSP00000481593	1	8682	0
9606.ENSP00000481633	4	8653	0
9606.ENSP00000481646	76	7173	0
9606.ENSP00000481675	1	8206	0
9606.ENSP00000481733	34	8274	0
9606.ENSP00000481750	16	8571	0
9606.ENSP00000481762	6	7806	0
9606.ENSP00000481780	8	8447	0
9606.ENSP00000481841	4	8279	0
9606.ENSP00000481842	13	7739	0
9606.ENSP00000481848	9	8588	0
9606.ENSP00000481859	1	8704	0
9606.ENSP00000481893	13	8656	0
9606.ENSP00000481912	2	8703	0
9606.ENSP00000481920	45	7873	0
9606.ENSP00000481956	10	8329	0
9606.ENSP00000481994	3	8676	0
9606.ENSP00000482032	2	8703	0
9606.ENSP00000482063	53	7187	0
9606.ENSP00000482075	33	7129	0
9606.ENSP00000482093	2	8653	0
9606.ENSP00000482169	4	8701	0
9606.ENSP00000482228	1	8689	0
9606.ENSP00000482232	8	8538	0
9606.ENSP00000482259	13	8007	0
9606.ENSP00000482264	3	8698	0
9606.ENSP00000482285	1	8539	0
9606.ENSP00000482304	3	8702	0
9606.ENSP00000482306	7	8693	0
9606.ENSP00000482313	1	8629	0
9606.ENSP00000482335	2	8543	0
9606.ENSP00000482358	2	8607	0
9606.ENSP00000482431	52	6811	0
9606.ENSP00000482438	35	8113	0
9606.ENSP00000482457	18	7745	0
9606.ENSP00000482486	1	8256	0
9606.ENSP00000482538	52	6811	0
9606.ENSP00000482543	49	8475	0
9606.ENSP00000482546	8	8677	0
9606.ENSP00000482548	2	8703	0
9606.ENSP00000482564	26	7578	0
9606.ENSP00000482568	8	8245	0
9606.ENSP00000482581	2	8266	0
9606.ENSP00000482609	4	8505	0
9606.ENSP00000482620	1	8676	0
9606.ENSP00000482632	1	8649	0
9606.ENSP00000482647	3	8434	0
9606.ENSP00000482657	2	8399	0
9606.ENSP00000482674	24	7583	0
9606.ENSP00000482678	26	7056	0
9606.ENSP00000482704	6	8675	0
9606.ENSP00000482743	2	8629	0
9606.ENSP00000482753	6	8467	0
9606.ENSP00000482773	4	8701	0
9606.ENSP00000482816	1	8704	0
9606.ENSP00000482829	1	8704	0
9606.ENSP00000482954	5	7833	0
9606.ENSP00000483059	1	8704	0
9606.ENSP00000483110	3	8688	0
9606.ENSP00000483117	6	8309	0
9606.ENSP00000483125	1	8393	0
9606.ENSP00000483185	29	8103	0
9606.ENSP00000483228	4	8645	0
9606.ENSP00000483236	29	7409	0
9606.ENSP00000483283	114	6039	0
9606.ENSP00000483300	3	8065	0
9606.ENSP00000483313	13	8229	0
9606.ENSP00000483328	2	8280	0
9606.ENSP00000483330	2	8442	0
9606.ENSP00000483345	16	7668	0
9606.ENSP00000483364	8	8692	0
9606.ENSP00000483397	1	8414	0
9606.ENSP00000483403	4	8352	0
9606.ENSP00000483453	1	8644	0
9606.ENSP00000483484	6	8443	0
9606.ENSP00000483547	1	8704	0
9606.ENSP00000483567	15	7400	0
9606.ENSP00000483570	11	7492	0
9606.ENSP00000483585	2	8693	0
9606.ENSP00000483667	19	7615	0
9606.ENSP00000483688	39	8239	0
9606.ENSP00000483713	1	8704	0
9606.ENSP00000483721	3	8339	0
9606.ENSP00000483814	9	8538	0
9606.ENSP00000483825	31	6829	0
9606.ENSP00000483842	62	6777	0
9606.ENSP00000483872	1	8687	0
9606.ENSP00000483888	45	8489	0
9606.ENSP00000483903	5	7630	0
9606.ENSP00000483921	1	8573	0
9606.ENSP00000483946	8	7869	0
9606.ENSP00000484078	2	8513	0
9606.ENSP00000484095	114	6039	0
9606.ENSP00000484105	24	8222	0
9606.ENSP00000484121	2	8639	0
9606.ENSP00000484288	24	7656	0
9606.ENSP00000484342	1	8656	0
9606.ENSP00000484390	2	8613	0
9606.ENSP00000484431	2	8607	0
9606.ENSP00000484525	2	8404	0
9606.ENSP00000484552	5	8455	0
9606.ENSP00000484618	1	8572	0
9606.ENSP00000484638	114	6039	0
9606.ENSP00000484644	1	8704	0
9606.ENSP00000484658	114	6039	0
9606.ENSP00000484669	11	8522	0
9606.ENSP00000484687	1	8639	0
9606.ENSP00000484710	3	8454	0
9606.ENSP00000484713	7	8530	0
9606.ENSP00000484732	1	8704	0
9606.ENSP00000484789	102	6657	0
9606.ENSP00000484810	3	8288	0
9606.ENSP00000484824	10	6301	0
9606.ENSP00000484841	114	6039	0
9606.ENSP00000484855	9	8538	0
9606.ENSP00000484903	25	8489	0
9606.ENSP00000484940	6	8412	0
9606.ENSP00000484998	35	8203	0
9606.ENSP00000485022	1	8578	0
9606.ENSP00000485033	9	7615	0
9606.ENSP00000485129	9	7665	0
9606.ENSP00000485401	7	8562	0
9606.ENSP00000485512	1	8704	0
9606.ENSP00000485513	7	8530	0
9606.ENSP00000485527	1	8699	0
9606.ENSP00000485586	1	8686	0
9606.ENSP00000485627	7	8530	0
9606.ENSP00000485659	1	8704	0
9606.ENSP00000486109	3	8669	0
9606.ENSP00000486252	2	8309	0
9606.ENSP00000486357	1	8704	0
9606.ENSP00000486361	4	8512	0
9606.ENSP00000486540	14	8520	0
9606.ENSP00000486574	22	8335	0
9606.ENSP00000486725	17	8146	0
9606.ENSP00000486891	9	7113	0
9606.ENSP00000486901	2	8694	0
9606.ENSP00000487073	5	7679	0
9606.ENSP00000487164	4	8683	0
9606.ENSP00000487174	1	8551	0
9606.ENSP00000487365	6	8297	0
9606.ENSP00000487444	10	8170	0
9606.ENSP00000487785	8	8455	0
9606.ENSP00000487971	6	8679	0
9606.ENSP00000488361	5	8203	0
9606.ENSP00000488437	2	8645	0
9606.ENSP00000488642	2	8548	0
9606.ENSP00000488748	1	8574	0
9606.ENSP00000488912	2	8698	0
9606.ENSP00000489061	2	8703	0
9606.ENSP00000489189	8	8021	0
9606.ENSP00000489236	102	6657	0
9606.ENSP00000489262	6	8260	0
9606.ENSP00000489282	114	6039	0
9606.ENSP00000489311	31	7590	0
9606.ENSP00000489317	42	6885	0
9606.ENSP00000489407	9	8324	0
9606.ENSP00000489442	7	8565	0
9606.ENSP00000489597	46	6487	0
9606.ENSP00000489770	3	8689	0
9606.ENSP00000489829	6	8248	0
9606.ENSP00000489910	1	8704	0
9606.ENSP00000490083	19	8642	0
9606.ENSP00000490107	10	8174	0
9606.ENSP00000490174	2	8402	0
9606.ENSP00000490225	9	7114	0
9606.ENSP00000490491	29	7464	0
9606.ENSP00000490530	2	8497	0
9606.ENSP00000490614	2	8543	0
9606.ENSP00000490726	4	8700	0
9606.ENSP00000490744	1	8704	0
9606.ENSP00000490747	2	8520	0
9606.ENSP00000490767	10	7473	0
9606.ENSP00000490935	1	8703	0
9606.ENSP00000490940	2	8702	0
9606.ENSP00000491014	2	8703	0
9606.ENSP00000491067	1	8620	0
9606.ENSP00000491215	5	7884	0
9606.ENSP00000491377	1	8704	0
9606.ENSP00000491427	1	8554	0
9606.ENSP00000491504	1	8681	0
9606.ENSP00000491596	1	8618	0
9606.ENSP00000491717	1	8702	0
9606.ENSP00000491742	1	8477	0
9606.ENSP00000491830	1	8677	0
9606.ENSP00000492001	3	8702	0
9606.ENSP00000492024	2	8239	0
9606.ENSP00000492033	3	8229	0
9606.ENSP00000492363	5	8433	0
9606.ENSP00000492441	7	8155	0
9606.ENSP00000493153	1	8704	0
9606.ENSP00000493232	7	8698	0
9606.ENSP00000493252	1	8471	0
9606.ENSP00000493357	1	8676	0
9606.ENSP00000493536	1	8452	0
9606.ENSP00000493594	18	8025	0
9606.ENSP00000493607	3	8601	0
9606.ENSP00000493623	2	8473	0
9606.ENSP00000493664	3	8295	0
9606.ENSP00000493688	2	8689	0
9606.ENSP00000493691	2	8389	0
9606.ENSP00000493712	17	7047	0
9606.ENSP00000493716	12	8593	0
9606.ENSP00000493728	4	8281	0
9606.ENSP00000493780	1	8579	0
9606.ENSP00000493900	1	8564	0
9606.ENSP00000493946	2	8695	0
9606.ENSP00000493985	6	8438	0
9606.ENSP00000494040	7	7797	0
9606.ENSP00000494051	8	8175	0
9606.ENSP00000494125	5	8618	0
9606.ENSP00000494162	6	7159	0
9606.ENSP00000494175	5	8258	0
9606.ENSP00000494260	2	8697	0
9606.ENSP00000494277	11	8436	0
9606.ENSP00000494321	3	8701	0
9606.ENSP00000494360	2	8703	0
9606.ENSP00000494468	4	8455	0
9606.ENSP00000494504	10	8559	0
9606.ENSP00000494538	6	8014	0
9606.ENSP00000494550	4	8194	0
9606.ENSP00000494576	2	8701	0
9606.ENSP00000494664	9	8539	0
9606.ENSP00000494684	3	8701	0
9606.ENSP00000494689	6	8293	0
9606.ENSP00000494697	83	7156	0
9606.ENSP00000494708	4	8311	0
9606.ENSP00000494750	105	6277	0
9606.ENSP00000494788	8	8482	0
9606.ENSP00000494831	17	8234	0
9606.ENSP00000494957	9	8263	0
9606.ENSP00000494965	1	8704	0
9606.ENSP00000495061	1	7863	0
9606.ENSP00000495128	6	8580	0
9606.ENSP00000495203	1	8534	0
9606.ENSP00000495214	3	8586	0
9606.ENSP00000495240	28	6867	0
9606.ENSP00000495273	130	6892	0
9606.ENSP00000495274	5	8659	0
9606.ENSP00000495360	88	5473	0
9606.ENSP00000495385	1	8704	0
9606.ENSP00000495413	18	7668	0
9606.ENSP00000495481	3	8658	0
9606.ENSP00000495530	5	8223	0
9606.ENSP00000495537	3	8589	0
9606.ENSP00000495556	10	7283	0
9606.ENSP00000495557	1	8704	0
9606.ENSP00000495563	4	8533	0
9606.ENSP00000495631	12	7345	0
9606.ENSP00000495672	83	7156	0
9606.ENSP00000495726	1	8676	0
9606.ENSP00000495778	2	8692	0
9606.ENSP00000495795	9	8302	0
9606.ENSP00000495811	3	8615	0
9606.ENSP00000495860	3	8702	0
9606.ENSP00000495909	3	8509	0
9606.ENSP00000495951	3	8427	0
9606.ENSP00000495965	6	8012	0
9606.ENSP00000496007	1	8379	0
9606.ENSP00000496014	16	7706	0
9606.ENSP00000496044	24	8077	0
9606.ENSP00000496114	4	8575	0
9606.ENSP00000496129	5	8493	0
9606.ENSP00000496166	2	8703	0
9606.ENSP00000496168	21	7827	0
9606.ENSP00000496250	96	6893	0
9606.ENSP00000496255	1	8704	0
9606.ENSP00000496268	5	8437	0
9606.ENSP00000496339	6	8699	0
9606.ENSP00000496355	3	8195	0
9606.ENSP00000496396	7	8152	0
9606.ENSP00000496414	13	7580	0
9606.ENSP00000496416	9	8087	0
9606.ENSP00000496438	3	8270	0
9606.ENSP00000496491	2	8551	0
9606.ENSP00000496494	6	8582	0
9606.ENSP00000496577	12	7953	0
9606.ENSP00000496597	7	8695	0
9606.ENSP00000496695	13	7083	0
9606.ENSP00000496779	26	7750	0
9606.ENSP00000496793	2	8703	0
9606.ENSP00000496813	2	8688	0
9606.ENSP00000496832	8	7886	0
9606.ENSP00000496848	15	8066	0
9606.ENSP00000496870	17	8127	0
9606.ENSP00000496939	15	8244	0
9606.ENSP00000496954	13	7357	0
9606.ENSP00000496959	10	8040	0
9606.ENSP00000497004	42	8489	0
9606.ENSP00000497069	19	6780	0
9606.ENSP00000497102	16	7478	0
9606.ENSP00000497110	1	8677	0
9606.ENSP00000497160	7	8275	0
9606.ENSP00000497174	11	8449	0
9606.ENSP00000497185	1	8538	0
9606.ENSP00000497217	1	8169	0
9606.ENSP00000497236	1	8704	0
9606.ENSP00000497260	64	7669	0
9606.ENSP00000497271	11	7256	0
9606.ENSP00000497280	5	8681	0
9606.ENSP00000497290	12	7225	0
9606.ENSP00000497294	1	8693	0
9606.ENSP00000497351	27	7750	0
9606.ENSP00000497402	4	8004	0
9606.ENSP00000497413	6	8518	0
9606.ENSP00000497422	6	8419	0
9606.ENSP00000497443	3	8406	0
9606.ENSP00000497444	1	8668	0
9606.ENSP00000497474	26	8543	0
9606.ENSP00000497483	7	8661	0
9606.ENSP00000497509	1	8295	0
9606.ENSP00000497527	4	8678	0
9606.ENSP00000497569	1	8684	0
9606.ENSP00000497574	1	8704	0
9606.ENSP00000497587	50	8475	0
9606.ENSP00000497588	1	8704	0
9606.ENSP00000497590	1	8682	0
9606.ENSP00000497594	4	7409	0
9606.ENSP00000497609	30	7222	0
9606.ENSP00000497641	47	7734	0
9606.ENSP00000497642	1	8704	0
9606.ENSP00000497653	4	8474	0
9606.ENSP00000497669	7	8686	0
9606.ENSP00000497690	1	8700	0
9606.ENSP00000497720	1	8259	0
9606.ENSP00000497733	49	6721	0
9606.ENSP00000497737	8	8506	0
9606.ENSP00000497744	1	8704	0
9606.ENSP00000497767	2	8703	0
9606.ENSP00000497777	2	8594	0
9606.ENSP00000497806	45	6887	0
9606.ENSP00000497810	2	8288	0
9606.ENSP00000497815	16	8571	0
9606.ENSP00000497829	1	8704	0
9606.ENSP00000497896	7	8696	0
9606.ENSP00000497910	31	7483	0
9606.ENSP00000497915	1	8592	0
9606.ENSP00000497916	2	7661	0
9606.ENSP00000497948	2	8538	0
9606.ENSP00000497968	6	8147	0
9606.ENSP00000497997	7	7767	0
9606.ENSP00000498010	3	8625	0
9606.ENSP00000498019	78	7140	0
9606.ENSP00000498042	1	8652	0
9606.ENSP00000498060	1	8603	0
9606.ENSP00000498071	3	8600	0
9606.ENSP00000498074	9	8691	0
9606.ENSP00000498083	3	8426	0
9606.ENSP00000498104	10	7767	0
9606.ENSP00000498198	1	8704	0
9606.ENSP00000498215	13	8394	0
9606.ENSP00000498227	12	7788	0
9606.ENSP00000498255	1	8648	0
9606.ENSP00000498258	1	8683	0
9606.ENSP00000498282	2	8703	0
9606.ENSP00000498321	28	7011	0
9606.ENSP00000498322	4	8701	0
9606.ENSP00000498330	4	8546	0
9606.ENSP00000498336	5	8700	0
9606.ENSP00000498358	3	8697	0
9606.ENSP00000498362	2	8436	0
9606.ENSP00000498382	9	8538	0
9606.ENSP00000498386	1	8699	0
9606.ENSP00000498402	1	8704	0
9606.ENSP00000498424	2	8703	0
9606.ENSP00000498441	5	8312	0
9606.ENSP00000498466	16	7676	0
9606.ENSP00000498469	17	8077	0
9606.ENSP00000498476	8	7721	0
9606.ENSP00000498499	4	8575	0
9606.ENSP00000498577	11	8060	0
9606.ENSP00000498587	18	7607	0
9606.ENSP00000498596	2	8217	0
9606.ENSP00000498602	3	8584	0
9606.ENSP00000498603	4	8695	0
9606.ENSP00000498610	2	8703	0
9606.ENSP00000498616	1	8702	0
9606.ENSP00000498622	4	8388	0
9606.ENSP00000498630	3	8549	0
9606.ENSP00000498653	3	8542	0
9606.ENSP00000498660	2	8701	0
9606.ENSP00000498662	1	8677	0
9606.ENSP00000498671	2	8382	0
9606.ENSP00000498700	1	8688	0
9606.ENSP00000498715	9	8530	0
9606.ENSP00000498748	2	8663	0
9606.ENSP00000498750	34	7561	0
9606.ENSP00000498791	31	8344	0
9606.ENSP00000498852	6	8245	0
9606.ENSP00000498864	1	8688	0
9606.ENSP00000498867	10	8592	0
9606.ENSP00000498872	8	8675	0
9606.ENSP00000498879	2	8568	0
9606.ENSP00000498881	28	7358	0
9606.ENSP00000498939	3	8652	0
9606.ENSP00000498994	2	8701	0
9606.ENSP00000498999	3	7739	0
9606.ENSP00000499020	1	8704	0
9606.ENSP00000499037	10	7119	0
9606.ENSP00000499044	82	7160	0
9606.ENSP00000499058	4	8266	0
9606.ENSP00000499067	15	8180	0
9606.ENSP00000499121	4	8481	0
9606.ENSP00000499129	4	8496	0
9606.ENSP00000499140	1	8704	0
9606.ENSP00000499185	26	7750	0
9606.ENSP00000499211	12	8396	0
9606.ENSP00000499241	3	8616	0
9606.ENSP00000499289	1	7689	0
9606.ENSP00000499300	3	8701	0
9606.ENSP00000499406	5	8620	0
9606.ENSP00000499459	4	8659	0
9606.ENSP00000499465	2	8703	0
9606.ENSP00000499501	84	6079	0
9606.ENSP00000499593	12	8345	0
9606.ENSP00000499717	43	7244	0
9606.ENSP00000499734	15	7705	0
9606.ENSP00000499786	8	7345	0
9606.ENSP00000499797	56	7198	0
9606.ENSP00000499883	9	8657	0
9606.ENSP00000499900	37	7553	0
9606.ENSP00000500034	1	8697	0
9606.ENSP00000500386	15	8056	0
9606.ENSP00000500409	5	8367	0
9606.ENSP00000500582	2	8345	0
9606.ENSP00000500695	8	8557	0
9606.ENSP00000500986	1	8704	0
9606.ENSP00000500990	14	7234	0
9606.ENSP00000501026	1	8704	0
9606.ENSP00000501092	2	8582	0
9606.ENSP00000501111	9	8692	0
9606.ENSP00000501150	16	7888	0
9606.ENSP00000501245	2	8501	0
9606.ENSP00000501254	2	8703	0
9606.ENSP00000501277	20	7646	0
9606.ENSP00000501317	2	8672	0
