protein	degree	n_eligible	excluded
1	33	464	0
10	23	484	0
100	36	302	0
1000	113	108	0
10000	69	264	0
100008588	3	2074	0
100008589	3	2074	0
100009675	1	4723	0
10001	95	234	0
10002	19	1162	0
10003	11	4033	0
100033411	17	1341	0
100033413	2	1423	0
100033416	1	1999	0
100033417	1	1999	0
100033418	1	1999	0
100033420	1	1999	0
100033430	1	2594	0
100033432	1	1962	0
100033433	1	2594	0
100033435	1	2594	0
100033821	1	2594	0
100034743	1	1410	0
100037417	17	430	0
10004	3	2605	0
100048912	4	1155	0
10005	54	151	0
10006	202	89	0
10007	58	183	0
10008	294	109	0
10009	126	121	0
100093630	2	1516	0
1001	20	644	0
10010	209	92	0
100101267	98	112	0
100101467	14	1359	0
100101490	1	2491	0
100101629	8	2968	0
10011	70	206	0
100113381	1	3341	0
100113393	1	2090	0
100124516	1	3145	0
100124533	1	4093	0
100124541	1	4786	0
100124700	10	676	0
100125556	2	2532	0
100126270	1	4605	0
100126299	1	2090	0
100126314	1	3145	0
100126346	1	3145	0
100126595	1	7595	0
100126693	1	4241	0
100127889	2	4932	0
100127983	1	4509	0
100128025	1	2090	0
100128071	1	4354	0
100128140	1	2090	0
100128236	1	3309	0
100128252	4	4231	0
100128274	3	2765	0
100128327	12	3860	0
100128338	1	4354	0
100128378	1	6627	0
100128400	1	5146	0
100128429	1	3155	0
100128503	1	2665	0
100128525	39	242	0
100128553	2	16420	0
100128554	7	2891	0
100128569	2	1290	0
100128588	2	3073	0
100128688	1	4354	0
100128731	107	204	0
100128881	1	5201	0
100128927	66	274	0
100129118	2	7985	0
100129195	1	4354	0
100129196	1	4354	0
100129239	1	4540	0
100129271	53	179	0
100129278	5	1367	0
100129387	2	2435	0
100129405	1	2090	0
100129480	1	2090	0
100129482	1	2214	0
100129492	1	1666	0
100129543	2	2959	0
100129583	3	2251	0
100129654	4	5240	0
100129669	1	1249	0
100129696	1	6193	0
100129777	1	6633	0
100129792	5	915	0
100129794	20	806	0
100129842	2	2059	0
100129845	1	4354	0
100129858	1	4354	0
100129917	1	6437	0
100129924	1	6520	0
100129969	1	3188	0
100129982	1	3276	0
10013	915	16	0
100130075	1	8895	0
100130086	9	4046	0
100130097	1	3223	0
100130238	1	1999	0
100130302	2	1047	0
100130348	14	2747	0
100130417	2	1609	0
100130418	1	1999	0
100130449	1	2214	0
100130557	2	2379	0
100130561	3	1930	0
100130562	1	2090	0
100130581	1	3145	0
100130613	4	1973	0
100130691	1	1999	0
100130717	1	3145	0
100130733	3	2285	0
100130742	1	6873	0
100130827	13	1759	0
100130863	1	3141	0
100130889	1	2214	0
100130892	10	920	0
100130932	30	298	0
100130958	36	1033	0
100130967	1	4442	0
100130988	3	3316	0
100131017	46	215	0
100131067	1	4354	0
100131196	1	3276	0
100131211	3	1348	0
100131234	1	15022	0
100131294	1	3823	0
100131303	9	3318	0
100131390	3	3924	0
100131439	2	3235	0
100131551	1	8957	0
100131561	1	4093	0
100131608	1	11711	0
100131689	1	7477	0
100131713	3	1452	0
100131755	14	596	0
100131816	3	1839	0
100131827	2	4069	0
100131863	2	2303	0
100131897	1	4212	0
100131971	6	744	0
100131980	2	1512	0
100131997	12	831	0
100132015	1	3223	0
100132053	1	3139	0
100132057	1	5772	0
100132074	17	475	0
100132103	1	2454	0
100132116	1	5570	0
100132163	1	3186	0
100132247	3	1631	0
100132285	36	1396	0
100132288	4	3464	0
100132403	2	3495	0
100132406	3	1783	0
100132417	1	17202	0
100132476	14	2397	0
100132565	20	1089	0
100132594	1	2090	0
100132735	88	233	0
100132774	1	2214	0
100132795	1	3276	0
100132803	1	4354	0
100132832	1	1962	0
100132979	5	1520	0
100132992	1	5375	0
100133053	1	4540	0
100133091	3	1136	0
100133093	18	2335	0
100133161	1	8674	0
100133205	15	850	0
100133251	1	11711	0
100133311	1	3145	0
100133315	1	2214	0
100133669	2	1702	0
100133941	5	1561	0
100133991	1	8674	0
100134444	3	3198	0
100134869	1	2090	0
100134934	5	1947	0
100134938	37	1667	0
100137047	20	580	0
100137049	8	1599	0
10014	358	58	0
100141515	1	3145	0
100142659	6	2570	0
100144435	1	10096	0
100144748	1	4354	0
100144878	3	2564	0
100147744	1	2090	0
10015	227	56	0
100151683	12	800	0
100151684	13	581	0
10016	194	58	0
100169751	1	2090	0
100169753	1	2090	0
100169754	1	2090	0
100169755	1	2090	0
100169756	1	2090	0
100169757	1	2090	0
100169758	2	1549	0
100169759	1	2090	0
100169760	1	2090	0
100169761	1	2090	0
100169762	1	2090	0
100169763	1	2090	0
100169764	1	2090	0
100169766	1	2090	0
100169767	1	2090	0
100169768	1	2090	0
10017	18	1638	0
100170217	2	3411	0
100170229	2	948	0
100170765	2	7517	0
100170841	28	321	0
10018	68	168	0
100187907	1	10805	0
100188776	1	12258	0
100188893	40	723	0
100188953	1	3145	0
100189137	1	6482	0
10019	19	439	0
100190986	1	2214	0
100191040	1	3145	0
1002	11	884	0
10020	99	124	0
10021	4	12799	0
10022	56	474	0
10023	17	883	0
100233209	1	3471	0
10024	54	209	0
10025	104	154	0
10026	76	115	0
100271066	2	1561	0
100271357	1	4688	0
100271715	4	1447	0
100271836	2	1258	0
100271849	8	2119	0
100271873	1	5953	0
100271927	4	496	0
100272147	5	926	0
100272216	1	2148	0
100272228	1	2214	0
100287015	1	6437	0
100287042	3	1257	0
100287045	1	8395	0
100287082	1	2090	0
100287171	86	207	0
100287205	1	4442	0
100287226	1	5606	0
100287284	1	5157	0
100287314	7	1378	0
100287327	1	2562	0
100287362	1	14043	0
100287364	2	2637	0
100287399	5	4293	0
100287482	1	5468	0
100287513	1	19788	0
100287559	1	2090	0
100287569	1	2951	0
100287616	1	8674	0
100287765	1	1962	0
100287898	2	918	0
100287922	1	1962	0
100287932	71	148	0
100288069	1	1962	0
100288072	3	3287	0
100288142	2	1900	0
100288413	10	1005	0
100288540	1	5429	0
100288615	1	1962	0
100288637	1	2214	0
100288687	212	100	0
100288695	11	2125	0
100288711	42	418	0
100288778	10	1435	0
100288797	68	605	0
100288805	1	2148	0
100289087	3	4648	0
100289178	1	2214	0
100289187	1	9799	0
100289211	38	370	0
100289274	1	4354	0
100289290	1	11811	0
100289511	1	3145	0
100289574	1	6776	0
100289635	2	1970	0
100289678	10	2086	0
100293516	7	736	0
100293534	1	5557	0
100294362	1	3145	0
1003	96	286	0
100302090	21	599	0
100302123	1	3145	0
100302138	2	2581	0
100302143	1	2090	0
100302168	1	4894	0
100302213	1	4894	0
100302242	1	6133	0
100302246	1	3145	0
100302256	1	4656	0
100302258	1	7161	0
100302650	1	3145	0
100302652	1	3923	0
100302692	3	734	0
100302736	10	351	0
100303453	1	2090	0
100303728	2	1696	0
100307126	2	2620	0
100310785	3	3648	0
100310812	4	4171	0
100313824	1	2090	0
100316868	2	2701	0
100316904	28	629	0
100359396	1	2090	0
10036	189	106	0
100379666	1	3145	0
10038	113	152	0
100380873	2	1780	0
100381270	6	1007	0
10039	16	389	0
1004	2	2593	0
10040	79	195	0
100418781	1	2090	0
100418811	1	2090	0
100418861	1	4354	0
100418910	1	2090	0
100419743	1	3068	0
100419906	2	3523	0
10042	112	198	0
100420300	1	2090	0
100421113	1	2090	0
100421816	1	4354	0
100421865	1	2090	0
100422854	1	3145	0
100423008	1	4656	0
100423062	127	137	0
10043	99	93	0
10044	166	134	0
10045	72	285	0
10046	6	862	0
100462977	10	1042	0
100463486	2	1258	0
10047	44	606	0
10048	427	32	0
10049	368	51	0
100499177	1	8674	0
100499227	16	1179	0
100499467	2	3086	0
100499483	30	314	0
1005	3	2157	0
10050	1	2951	0
100500804	1	6121	0
100500812	1	3145	0
100500815	1	2090	0
100500842	4	1027	0
100500862	1	2090	0
100500938	3	5165	0
100505385	1	3145	0
100505478	3	5385	0
100505498	1	5688	0
100505540	1	2296	0
100505573	1	5491	0
100505616	1	3471	0
100505624	1	2090	0
100505636	1	4354	0
100505641	1	8674	0
100505666	1	2214	0
100505696	1	6437	0
100505705	1	7794	0
100505715	1	2578	0
100505724	1	2951	0
100505741	30	405	0
100505746	1	2578	0
100505753	1	2454	0
100505776	1	6776	0
100505817	10	1098	0
100505852	1	3331	0
100505876	3	1708	0
100505879	1	15580	0
100505929	1	4212	0
100505994	16	603	0
100506012	4	2734	0
100506020	1	2090	0
100506055	1	9346	0
100506085	1	8674	0
100506127	2	918	0
100506144	16	1364	0
100506164	20	1265	0
100506175	1	2578	0
100506190	2	2514	0
100506311	3	1155	0
100506334	1	4354	0
100506421	1	4354	0
100506422	2	2104	0
100506436	3	2621	0
100506465	3	3090	0
100506495	1	4656	0
100506548	1	3145	0
100506562	1	8325	0
100506564	1	3017	0
100506627	11	1317	0
100506637	1	4354	0
100506649	1	2090	0
100506658	489	51	0
100506688	1	6795	0
100506696	1	2635	0
100506736	3	1378	0
100506742	16	475	0
100506753	18	839	0
100506757	1	8677	0
100506797	1	4544	0
100506810	1	2578	0
100506866	1	6437	0
100506888	2	3936	0
100506898	2	4406	0
100506906	1	2090	0
100506990	1	2214	0
100507003	1	3327	0
100507032	1	4354	0
100507056	65	316	0
100507062	1	4354	0
100507098	1	3117	0
100507118	1	2090	0
100507178	1	2214	0
100507203	1	10224	0
100507290	48	386	0
100507303	1	2090	0
100507321	4	1203	0
100507373	1	2214	0
100507398	1	2090	0
100507419	1	8674	0
100507421	3	1746	0
100507423	1	2090	0
100507436	92	277	0
100507459	1	8674	0
100507462	5	4917	0
100507495	1	2214	0
100507533	2	3006	0
100507537	47	1455	0
100507547	1	2578	0
100507577	1	12689	0
100507584	2	2411	0
100507602	2	4193	0
100507617	1	2090	0
100507642	1	2578	0
100507679	1	1391	0
100507703	18	1295	0
100507739	5	1863	0
100507855	1	7058	0
100508120	1	1962	0
100508781	1	8395	0
100509457	4	8647	0
10051	271	53	0
10052	38	543	0
100526693	34	228	0
100526737	96	269	0
100526739	4	1964	0
100526740	74	205	0
100526760	4	659	0
100526767	2	3560	0
100526783	2	1693	0
100526832	1	6951	0
100526835	1	7544	0
100526836	6	3962	0
100526837	4	638	0
100526842	9	459	0
100527943	3	925	0
100527960	1	2090	0
100527963	15	562	0
100528007	1	6181	0
100528016	1	2090	0
100528018	1	912	0
100528019	20	1196	0
100528030	2	905	0
100528062	2	2718	0
100528064	51	497	0
100529063	9	670	0
100529067	1	1999	0
100529097	7	450	0
100529141	1	1666	0
100529144	15	408	0
100529209	3	1069	0
100529215	17	1197	0
100529239	10	400	0
100529241	10	366	0
100529257	4	729	0
100529261	6	599	0
100529264	2	1111	0
10053	57	273	0
100532726	2	3589	0
100532731	29	378	0
100532735	5	732	0
100532736	13	657	0
100532737	9	495	0
100532746	2	1111	0
100533106	25	1171	0
100533107	2	2003	0
100533178	1	2585	0
100533181	34	2436	0
100533183	1	2214	0
100533467	10	602	0
100533496	1	1962	0
100533952	1	2090	0
100533955	4	393	0
100533970	1	2090	0
100533975	1	1962	0
100534012	1	11343	0
100534589	2	1111	0
100534593	3	466	0
100534595	7	319	0
100534599	35	492	0
10054	163	84	0
10055	132	76	0
10056	158	82	0
10057	48	353	0
10058	70	157	0
10059	321	56	0
1006	21	811	0
10060	4	2536	0
10061	191	74	0
100616101	1	9201	0
100616103	2	2720	0
100616191	1	2665	0
100616202	1	3145	0
100616368	1	4656	0
100616385	1	4656	0
100616436	1	2090	0
10062	51	252	0
10063	64	218	0
100630923	1	2214	0
100631383	2	12051	0
100652730	1	1962	0
100652748	23	262	0
100652772	1	6437	0
100652824	5	1972	0
100652909	1	2578	0
100653515	4	1659	0
10066	128	150	0
10067	188	66	0
10068	1	14092	0
10069	32	303	0
1007	5	852	0
10071	4	1859	0
10072	40	173	0
10073	39	379	0
10075	1060	26	0
100750225	14	805	0
100750247	3	3048	0
10076	107	167	0
10078	107	141	0
10079	76	200	0
1008	6	982	0
10081	47	179	0
10082	33	309	0
100820829	1	8764	0
10083	28	738	0
10084	96	103	0
100846978	1	2578	0
100847046	1	3145	0
100847079	1	8230	0
10085	33	267	0
100852407	1	2090	0
10086	2	2185	0
100861402	1	2090	0
100861412	5	1560	0
100861437	6	2035	0
100862678	1	3834	0
100862685	2	4551	0
100862847	1	2951	0
10087	53	216	0
100873291	1	3145	0
100873308	1	2090	0
100873334	1	3145	0
100873374	1	3145	0
100873385	1	3145	0
100873387	1	3145	0
100873412	1	2090	0
100873427	1	2090	0
100873453	1	2090	0
100873463	1	2090	0
100873513	1	2090	0
100873557	1	2090	0
100873612	1	2090	0
100873618	1	3145	0
100873697	1	3145	0
100873815	1	2090	0
100873832	1	2090	0
100873861	1	2090	0
100874042	1	2090	0
100874054	2	5694	0
100874088	1	2578	0
100874112	1	2578	0
100874261	1	2090	0
100874303	1	2090	0
100874315	1	4354	0
100874323	1	2090	0
100874365	1	3146	0
100874392	1	3298	0
100885848	2	6777	0
100885850	22	374	0
100887067	1	2090	0
10089	4	1435	0
1009	12	1078	0
10090	38	303	0
10092	102	97	0
10093	153	74	0
10094	172	83	0
10095	209	63	0
10096	293	59	0
10097	306	49	0
10098	79	399	0
10099	99	195	0
100996279	2	4948	0
100996437	1	4354	0
100996648	3	5756	0
100996747	1	7827	0
100996928	17	655	0
100996939	7	3947	0
101	4	2346	0
1010	14	1440	0
10100	68	477	0
10101	166	82	0
10102	368	100	0
10103	17	1671	0
10105	147	111	0
101059918	7	1381	0
10106	61	293	0
101060022	2	5668	0
101060200	3	918	0
101060226	232	214	0
101060264	3	989	0
101060301	5	1003	0
101060321	8	633	0
101060351	2	1331	0
101060521	9	3763	0
101060621	1	8395	0
101060684	5	695	0
101060691	1	8674	0
10107	46	400	0
10109	176	83	0
10110	30	388	0
10111	366	49	0
10112	1053	28	0
10113	162	83	0
10114	36	234	0
10116	85	245	0
10117	3	1986	0
1012	42	196	0
10120	109	108	0
10121	261	70	0
10123	134	210	0
10124	16	1234	0
101241878	1	3309	0
10125	9	1586	0
10126	37	565	0
10127	144	152	0
10128	821	30	0
10129	12	559	0
101290500	1	3271	0
1013	13	882	0
10130	311	45	0
10131	452	45	0
10133	420	41	0
10134	548	35	0
10135	119	105	0
10136	33	559	0
10137	112	111	0
10138	200	89	0
10139	25	411	0
1014	26	772	0
10140	40	326	0
10141	24	754	0
101410536	1	2578	0
10142	203	83	0
10143	51	571	0
10144	29	393	0
10146	823	24	0
10147	206	96	0
10148	14	735	0
10149	11	2375	0
1015	6	2246	0
10150	28	239	0
10151	2	3791	0
10152	282	66	0
10153	244	78	0
10154	13	1038	0
10155	1455	24	0
10156	5	728	0
10157	72	142	0
10158	77	657	0
10159	305	62	0
1016	4	1701	0
10160	132	97	0
10161	66	640	0
10162	74	219	0
10163	133	115	0
10164	5	2684	0
10165	251	53	0
10166	64	234	0
10168	20	602	0
10169	85	242	0
1017	761	27	0
10170	21	1094	0
10171	108	118	0
10172	3	1514	0
101730217	1	912	0
101735302	1	4354	0
10174	181	90	0
10175	33	941	0
10178	22	537	0
10179	122	131	0
1018	104	141	0
10180	124	101	0
101805492	1	4578	0
10181	134	110	0
10184	22	1616	0
10186	6	3402	0
10188	117	93	0
10189	391	52	0
1019	265	53	0
10190	122	141	0
101926888	1	2090	0
101926895	1	2090	0
101926987	1	2090	0
101927057	1	2578	0
101927314	1	2578	0
101927359	1	4354	0
101927501	1	2578	0
101927581	1	6504	0
101927588	1	2578	0
101927777	1	5006	0
101927957	1	1962	0
101928094	1	1962	0
101928108	1	1391	0
101928122	1	5168	0
101928154	1	2454	0
101928243	6	1313	0
101928279	1	1962	0
101928405	1	4595	0
101928464	1	3145	0
101928492	1	2090	0
101928509	1	2578	0
101928555	1	6009	0
101928601	36	477	0
101928687	2	2681	0
101928728	1	1962	0
101928841	1	1962	0
101928877	1	2578	0
101929110	1	3145	0
101929145	1	2090	0
101929222	1	2090	0
101929344	2	2914	0
101929639	1	2090	0
101929664	1	2090	0
101929701	1	2578	0
101929709	1	2578	0
101929745	1	2578	0
101929780	1	2090	0
101929876	66	650	0
101929977	1	10122	0
10193	146	122	0
101930047	1	8040	0
101930123	1	7523	0
101930400	7	1982	0
10194	17	557	0
10195	40	386	0
101954266	1	2090	0
101954269	1	2090	0
101954273	1	2090	0
101954276	1	2090	0
101954277	1	2090	0
101954278	1	2090	0
10196	123	114	0
10197	387	56	0
10198	95	238	0
10199	171	125	0
102	88	161	0
1020	196	76	0
10200	68	256	0
10201	16	443	0
10202	93	154	0
10203	4	7964	0
10204	98	138	0
10205	17	943	0
10206	146	138	0
10207	81	150	0
10208	34	497	0
10209	32	249	0
1021	206	83	0
10210	90	154	0
10211	466	41	0
10212	1112	32	0
10213	512	36	0
10214	35	823	0
10215	18	580	0
102157401	3	2677	0
102157402	22	295	0
10216	9	860	0
10217	89	276	0
10218	23	740	0
10219	7	4237	0
1022	492	39	0
10220	45	581	0
10221	40	359	0
102216342	1	1962	0
10223	15	1044	0
10224	3	1913	0
10225	15	824	0
10226	135	78	0
10227	17	314	0
10228	440	55	0
102288414	42	256	0
10229	23	987	0
10230	4	4392	0
10231	23	1313	0
10232	46	384	0
10233	12	1701	0
10234	20	928	0
10235	10	577	0
10236	533	46	0
10237	24	844	0
10238	320	61	0
10239	26	376	0
1024	214	118	0
10240	303	70	0
10241	484	39	0
10242	10	1212	0
10243	72	137	0
10244	28	404	0
10245	42	279	0
10246	55	623	0
102464835	1	2090	0
102465464	1	2090	0
102466854	1	2090	0
10247	37	283	0
10248	65	201	0
10249	10	2064	0
1025	661	34	0
10250	339	57	0
10251	28	1718	0
10252	107	216	0
10253	146	123	0
10254	143	101	0
10256	42	455	0
10257	55	196	0
1026	347	49	0
10260	89	140	0
10261	8	1210	0
10262	315	62	0
10263	47	279	0
10265	4	2013	0
102659353	2	1258	0
10266	75	663	0
10267	32	612	0
10268	172	218	0
10269	148	83	0
1027	129	97	0
10270	183	85	0
10272	4	916	0
102723099	6	1145	0
102723170	5	860	0
102723508	1	1962	0
102723553	3	2429	0
102723555	2	2436	0
102723631	7	1161	0
102723680	1	4442	0
102723729	1	5553	0
102723737	1	4442	0
102724023	12	1076	0
102724159	8	954	0
102724307	1	2578	0
102724334	147	210	0
102724428	6	5377	0
102724473	1	10193	0
102724488	5	7398	0
102724539	1	3145	0
102724560	12	565	0
102724594	40	201	0
102724631	34	758	0
102724652	6	2440	0
102724776	1	2578	0
102724820	1	2090	0
102724827	1	1962	0
102725509	8	1181	0
10273	592	25	0
10274	99	106	0
10276	32	282	0
10277	128	93	0
10278	35	247	0
10279	43	1049	0
1028	35	457	0
10280	111	145	0
102800317	5	3192	0
10281	10	837	0
10282	385	78	0
10283	66	161	0
10284	481	58	0
10285	107	125	0
10286	254	77	0
10287	28	430	0
10288	7	3507	0
10289	54	208	0
1029	321	60	0
10290	19	277	0
10291	455	62	0
10293	73	191	0
10294	532	44	0
10295	136	88	0
10296	145	110	0
10297	15	406	0
10298	162	85	0
10299	49	379	0
103	285	57	0
1030	71	174	0
10300	58	196	0
10301	19	541	0
10302	45	448	0
10307	25	350	0
10308	12	472	0
10309	29	490	0
1031	90	145	0
10311	75	246	0
10312	69	296	0
10313	164	80	0
10314	116	86	0
10316	1	14467	0
10317	25	1374	0
10318	1214	18	0
10319	40	362	0
1032	79	251	0
10320	284	73	0
10321	9	1212	0
10322	32	185	0
10324	20	835	0
10325	52	254	0
10326	11	607	0
10327	60	194	0
10328	189	86	0
10329	19	1018	0
1033	51	399	0
10330	51	133	0
10331	83	335	0
10332	15	911	0
10333	6	1952	0
103344929	74	137	0
10335	13	1137	0
10336	92	191	0
10342	254	49	0
10343	8	505	0
10344	34	932	0
10345	75	231	0
10346	28	444	0
10347	20	681	0
10349	8	633	0
10350	8	1274	0
103504728	1	2090	0
103504731	1	2090	0
10351	9	1342	0
10352	29	386	0
10357	37	289	0
1036	14	1077	0
10360	261	108	0
10361	12	927	0
10362	120	159	0
10363	236	83	0
10365	13	509	0
10367	77	110	0
10368	9	1068	0
10369	26	559	0
10370	16	510	0
10371	9	568	0
10376	464	41	0
10379	38	436	0
1038	9	777	0
10380	92	172	0
10381	440	50	0
10382	223	64	0
10383	547	38	0
10384	25	656	0
10385	89	647	0
10388	5	1684	0
10389	77	176	0
1039	135	184	0
10390	66	161	0
10391	21	285	0
103910	123	111	0
10392	29	359	0
10393	66	199	0
10394	48	903	0
10395	58	241	0
10396	13	576	0
10397	216	50	0
10398	62	203	0
10399	660	34	0
104	489	55	0
1040	55	408	0
10400	39	1060	0
10401	77	171	0
10402	24	927	0
10403	304	82	0
10404	20	576	0
10406	24	977	0
10407	2	3497	0
10409	297	45	0
1041	122	102	0
10410	511	62	0
10411	20	361	0
10412	222	121	0
10413	1083	16	0
10417	9	733	0
10418	23	621	0
10419	440	51	0
10420	95	357	0
10421	233	77	0
10422	114	110	0
10423	161	87	0
10424	272	71	0
10425	293	74	0
10426	216	74	0
104266957	1	7161	0
10427	202	71	0
10428	77	138	0
1043	6	1172	0
10430	83	571	0
10432	533	42	0
104326058	1	2090	0
10434	65	180	0
10435	16	827	0
104355133	1	2090	0
104355295	1	1962	0
10436	92	104	0
10437	73	254	0
10438	53	399	0
10439	18	372	0
1044	74	365	0
10440	19	535	0
10443	75	274	0
10444	73	219	0
10445	228	128	0
10446	24	577	0
10447	116	138	0
10449	167	98	0
1045	28	349	0
10450	264	74	0
10451	48	177	0
10452	305	49	0
10454	246	46	0
10455	102	121	0
10456	393	40	0
10457	17	385	0
10458	185	74	0
10459	320	60	0
1046	9	1804	0
10460	146	98	0
10461	116	178	0
10462	31	991	0
10463	149	122	0
10464	199	107	0
10465	118	107	0
10466	62	184	0
10467	53	231	0
10468	26	780	0
10469	241	69	0
1047	235	123	0
10471	161	98	0
10472	51	212	0
10473	100	172	0
10474	137	152	0
10475	46	196	0
10476	236	62	0
10477	125	123	0
10478	68	170	0
10479	45	439	0
1048	10	756	0
10480	178	76	0
10481	20	953	0
10482	1335	19	0
10483	180	63	0
10484	239	53	0
10485	4	3186	0
10486	62	164	0
10487	193	63	0
10488	235	150	0
10489	81	124	0
10490	182	100	0
10491	107	149	0
10492	686	30	0
10493	121	84	0
10494	100	132	0
10495	31	319	0
10497	48	234	0
10498	263	62	0
10499	120	145	0
105	16	485	0
1050	1171	29	0
10500	4	1102	0
10501	41	833	0
10505	33	556	0
10507	28	579	0
10509	37	531	0
1051	1420	19	0
10512	50	290	0
10513	189	139	0
10514	428	46	0
10516	156	185	0
10517	135	106	0
10518	79	393	0
10519	64	402	0
1052	53	199	0
10520	20	765	0
10521	404	42	0
10522	42	309	0
10523	261	79	0
10524	319	60	0
10525	300	41	0
10526	190	81	0
10527	298	52	0
10528	562	39	0
10529	72	183	0
1053	49	384	0
10531	142	149	0
10533	189	80	0
10534	286	82	0
10535	75	189	0
10536	84	190	0
10537	49	274	0
10538	21	851	0
10539	189	72	0
1054	58	248	0
10540	318	64	0
10541	154	84	0
10542	146	103	0
10544	37	228	0
10548	48	251	0
10549	204	66	0
10550	189	86	0
10551	934	13	0
10552	99	94	0
10553	58	254	0
10554	258	86	0
10555	66	210	0
10556	107	139	0
10557	88	185	0
10558	151	77	0
10559	41	621	0
1056	2	11520	0
10560	68	495	0
10561	4	3587	0
10562	74	320	0
10563	8	2172	0
10564	125	99	0
10565	144	108	0
10566	8	3167	0
10567	123	176	0
10568	47	1141	0
10569	143	107	0
10570	61	182	0
10572	49	208	0
10573	243	80	0
10574	564	40	0
10575	504	42	0
10576	648	38	0
10577	49	252	0
10578	39	619	0
10579	72	115	0
1058	364	89	0
10580	82	176	0
10581	6	1259	0
10584	20	663	0
10585	54	292	0
10586	141	143	0
10587	55	281	0
10588	13	474	0
10589	66	152	0
1059	120	135	0
10590	73	363	0
10591	15	356	0
10592	308	68	0
10594	756	28	0
10595	23	470	0
10597	34	552	0
10598	283	49	0
10599	14	1749	0
1060	97	170	0
10600	77	155	0
10602	19	509	0
10603	41	336	0
10605	145	109	0
10606	330	52	0
10607	173	101	0
10608	10	658	0
10609	67	250	0
10610	2	2677	0
10611	196	74	0
10612	70	137	0
10613	149	86	0
10614	909	30	0
10615	177	110	0
10616	557	32	0
10617	96	145	0
10618	1580	17	0
1062	78	187	0
10620	111	133	0
10621	61	207	0
10622	33	931	0
10623	107	107	0
10625	150	81	0
10626	58	170	0
10627	195	71	0
10628	209	90	0
10629	112	125	0
1063	112	105	0
10630	16	817	0
10631	6	3293	0
10632	142	94	0
10633	6	1754	0
10634	42	265	0
10635	33	266	0
10636	23	422	0
10637	3	3581	0
10640	127	114	0
10641	89	212	0
10642	475	50	0
10643	562	45	0
10644	358	77	0
10645	66	181	0
10647	19	1244	0
10648	131	306	0
10650	9	926	0
10651	153	104	0
10652	231	74	0
10653	134	154	0
10654	94	141	0
10655	3	3058	0
10656	91	166	0
10657	363	42	0
10658	282	86	0
10659	47	241	0
1066	15	529	0
10660	24	1145	0
10661	35	397	0
10664	420	56	0
10665	3	3171	0
10666	52	629	0
10667	135	105	0
10668	101	366	0
10669	30	469	0
10670	60	209	0
10671	62	334	0
10672	126	98	0
10673	118	218	0
10675	32	730	0
10677	33	806	0
10678	510	41	0
1068	60	443	0
10681	45	180	0
10682	244	113	0
10683	7	683	0
10686	1	2296	0
10687	251	112	0
10688	1	8892	0
1069	127	131	0
10690	13	1244	0
10691	37	476	0
10692	1	16508	0
10693	200	149	0
10694	533	38	0
10695	195	126	0
10699	5	5052	0
107	4	1575	0
1070	74	205	0
1071	3	1240	0
10712	119	196	0
10713	197	85	0
10714	87	161	0
10715	24	373	0
10716	112	171	0
10717	22	472	0
10718	2	1941	0
1072	370	40	0
10720	6	1743	0
10721	16	580	0
10723	129	148	0
10724	121	108	0
10725	37	200	0
10726	286	59	0
10728	429	62	0
107282092	1	6264	0
1073	117	105	0
10730	179	91	0
10732	2	1984	0
10733	134	181	0
10734	14	529	0
10735	227	68	0
10736	27	460	0
10738	19	670	0
10739	21	552	0
10741	9	450	0
10742	23	642	0
10743	97	128	0
10744	13	904	0
10745	17	1030	0
10746	69	169	0
10747	10	461	0
10748	8	3904	0
10749	118	126	0
1075	45	190	0
10750	12	1942	0
10752	8	1293	0
10753	3	1118	0
10755	106	111	0
10758	43	256	0
10761	23	1119	0
10762	337	51	0
10763	136	105	0
10765	91	151	0
10766	18	630	0
10767	116	107	0
10768	375	46	0
10769	68	188	0
10771	93	156	0
10772	266	79	0
10773	11	1330	0
10775	71	213	0
10776	19	300	0
10777	2	4630	0
10780	7	542	0
10781	14	1866	0
10782	16	554	0
10783	154	147	0
10785	88	147	0
10786	1	9555	0
10787	182	69	0
10788	113	100	0
10791	169	177	0
10793	20	554	0
10794	142	149	0
10795	11	717	0
10797	105	118	0
10799	47	225	0
108	11	1290	0
1080	1472	16	0
10800	1	16077	0
10801	259	47	0
10802	186	70	0
10803	18	1268	0
10804	15	2728	0
10806	20	601	0
10807	187	119	0
10808	430	42	0
10809	15	322	0
1081	27	1081	0
10810	52	223	0
10811	61	432	0
10813	223	81	0
10814	21	422	0
10815	42	297	0
10816	1	8679	0
10817	112	310	0
10818	92	188	0
1082	11	1057	0
10825	19	440	0
10826	36	493	0
10827	83	152	0
10838	22	531	0
1084	4	10509	0
10840	37	229	0
10841	27	374	0
10842	3	1782	0
10844	168	67	0
10845	188	75	0
10846	5	767	0
10847	113	125	0
10848	88	124	0
10849	486	70	0
10850	3	13393	0
10855	42	348	0
10856	596	33	0
10857	367	50	0
10858	4	3123	0
10859	9	1361	0
10861	5	1605	0
10863	5	1003	0
10865	131	208	0
10866	1	2296	0
10867	7	337	0
10868	205	76	0
10869	144	92	0
1087	4	3835	0
10870	202	170	0
10871	14	2909	0
10873	4	794	0
10874	84	588	0
10875	15	1284	0
10876	34	1666	0
10877	2	2891	0
10878	5	2797	0
10879	21	719	0
1088	118	566	0
10880	2	1867	0
10881	4	655	0
10882	37	968	0
10884	200	113	0
10885	153	109	0
10886	4	1180	0
10887	20	820	0
10888	2	7623	0
10890	178	53	0
10891	72	190	0
10892	66	154	0
10893	4	1983	0
10894	26	1940	0
10896	30	665	0
10897	123	154	0
10898	87	138	0
10899	31	674	0
109	56	314	0
10900	62	424	0
10901	85	165	0
10902	140	131	0
10903	19	650	0
10904	21	526	0
10905	44	243	0
10906	60	137	0
10907	74	196	0
10908	99	97	0
10910	283	68	0
10911	12	469	0
10912	76	232	0
10913	60	617	0
10914	87	119	0
10915	201	84	0
10916	236	55	0
10917	31	934	0
10919	271	84	0
10920	110	109	0
10921	412	59	0
10922	25	362	0
10923	231	64	0
10924	2	4397	0
10926	28	448	0
10927	101	124	0
10928	167	104	0
10929	99	128	0
10930	2	6891	0
10933	213	65	0
10934	2	5295	0
10935	292	55	0
10938	148	94	0
10939	338	47	0
10940	269	80	0
10941	2	3834	0
10942	25	420	0
10943	27	333	0
10944	92	174	0
10945	93	154	0
10946	288	74	0
10947	27	286	0
10948	72	408	0
10949	344	61	0
10950	96	237	0
10951	264	70	0
10952	758	32	0
10953	112	130	0
10954	100	130	0
10955	18	559	0
10956	211	87	0
10957	20	530	0
10959	131	78	0
10960	101	88	0
10961	125	82	0
10962	42	248	0
10963	1012	21	0
10964	11	1572	0
10965	110	233	0
10966	32	398	0
10969	314	77	0
10970	587	28	0
10971	1088	15	0
10972	242	64	0
10973	171	113	0
10974	10	1388	0
10975	51	753	0
10978	64	154	0
10979	181	74	0
10980	390	51	0
10981	65	214	0
10982	122	86	0
10983	18	529	0
10984	2	6245	0
10985	339	51	0
10987	1079	22	0
10988	250	83	0
10989	442	44	0
10990	2	5094	0
10991	8	857	0
10992	506	43	0
10993	4	4155	0
10994	179	80	0
10998	5	1524	0
10999	111	87	0
11000	85	168	0
11001	112	127	0
11004	172	70	0
11005	14	754	0
11006	24	1283	0
11007	165	182	0
11009	31	345	0
1101	3	3626	0
11010	18	463	0
11011	145	121	0
11012	32	841	0
11013	1	8686	0
11014	103	141	0
11015	48	704	0
11016	63	267	0
11017	167	115	0
11018	63	206	0
11019	15	1245	0
1102	51	268	0
11020	43	430	0
11021	561	32	0
11022	76	176	0
11023	16	672	0
11024	1	18491	0
11025	10	2367	0
11026	10	1666	0
1103	8	767	0
11030	338	85	0
11031	44	244	0
11033	21	550	0
11034	176	82	0
11035	53	251	0
11036	19	2062	0
11037	8	560	0
11039	1	2214	0
1104	194	78	0
11040	31	463	0
11041	111	194	0
11043	264	109	0
11044	12	353	0
11045	148	266	0
11046	1	2090	0
11047	255	51	0
1105	109	130	0
11051	355	54	0
11052	507	50	0
11054	46	163	0
11055	3	3552	0
11056	168	98	0
11057	3	1071	0
11059	248	64	0
1106	61	131	0
11060	832	32	0
11061	7	1156	0
11062	11	824	0
11063	18	728	0
11064	190	107	0
11065	88	169	0
11066	39	344	0
11067	7	2453	0
11068	30	578	0
11069	23	386	0
1107	759	31	0
11070	48	550	0
11072	174	120	0
11073	569	42	0
11074	454	50	0
11075	86	145	0
11076	37	226	0
11077	315	118	0
11078	121	106	0
11079	162	88	0
1108	910	31	0
11080	137	112	0
11081	15	1228	0
11082	19	579	0
11083	174	78	0
11085	54	560	0
11086	1	8551	0
1109	7	1660	0
11091	1082	20	0
11092	20	1239	0
11093	24	1580	0
11094	21	865	0
11095	2	6368	0
11096	4	1347	0
11097	145	136	0
11098	52	187	0
11099	89	238	0
111	7	1938	0
11100	347	51	0
11101	78	217	0
11102	43	292	0
11103	378	69	0
11104	65	147	0
11105	13	860	0
11107	57	452	0
11108	21	584	0
1111	190	93	0
11112	88	165	0
11113	1410	21	0
11116	190	135	0
11117	102	252	0
11118	24	486	0
11119	22	771	0
1112	54	330	0
11120	61	342	0
11122	9	641	0
11123	17	1061	0
11124	328	45	0
11126	47	992	0
11127	128	123	0
11128	151	131	0
11129	77	140	0
1113	13	503	0
11130	135	136	0
11131	10	657	0
11132	29	386	0
11133	57	341	0
11135	130	127	0
11136	4	1506	0
11137	167	79	0
11138	47	490	0
1114	37	241	0
11140	631	26	0
11141	6	1637	0
11142	11	770	0
11143	140	109	0
11144	27	624	0
11145	10	1110	0
11146	172	94	0
11147	4	2050	0
11148	14	3208	0
11149	14	686	0
11151	101	118	0
11152	47	220	0
11153	6	600	0
11154	28	335	0
11155	12	635	0
11156	99	199	0
11157	86	202	0
11158	11	908	0
11159	27	451	0
1116	15	364	0
11160	232	57	0
11161	137	149	0
11162	18	1119	0
11163	13	295	0
11164	68	167	0
11165	96	186	0
11166	10	1031	0
11167	66	400	0
11168	199	69	0
11169	172	99	0
1117	9	2044	0
11170	69	386	0
11171	255	70	0
11172	24	779	0
11173	55	886	0
11174	8	1152	0
11176	73	195	0
11177	123	123	0
11178	117	144	0
11179	23	345	0
1118	11	1224	0
11180	281	65	0
11181	1	10276	0
11182	6	788	0
11183	98	103	0
11184	115	159	0
11185	3	4682	0
11186	94	141	0
11187	134	98	0
11188	154	85	0
11189	11	1646	0
1119	11	306	0
11190	283	61	0
11193	104	164	0
11194	58	647	0
11196	200	69	0
11197	144	162	0
11198	422	45	0
11199	8	814	0
112	50	394	0
1120	3	613	0
11200	218	75	0
11201	37	218	0
11202	34	1151	0
1121	54	289	0
11211	63	479	0
11212	107	173	0
11213	32	510	0
11214	88	83	0
11215	102	117	0
11216	34	242	0
11217	58	215	0
11218	211	75	0
11219	52	581	0
1122	57	231	0
11221	68	308	0
11222	171	119	0
11223	1	5296	0
11224	500	51	0
11226	48	486	0
11227	19	980	0
11228	89	130	0
1123	27	409	0
11230	103	142	0
11231	339	53	0
11232	34	550	0
11234	35	351	0
11235	98	184	0
11236	41	569	0
11237	18	1502	0
11238	7	1105	0
112398	36	253	0
112399	1292	28	0
1124	25	674	0
11240	6	1474	0
112401	30	784	0
11243	96	170	0
11244	94	177	0
11245	2	4227	0
112464	70	183	0
11247	34	551	0
112476	21	1033	0
112479	3	5350	0
11248	56	470	0
112483	15	908	0
112487	8	911	0
11249	31	907	0
112495	28	253	0
11250	299	172	0
11251	4	8512	0
11252	178	76	0
11253	61	181	0
11254	1	11567	0
11255	4	2975	0
11257	1	2296	0
112574	78	141	0
11258	121	147	0
11259	12	482	0
112597	13	989	0
11260	218	71	0
112609	76	452	0
11261	74	120	0
112611	8	1850	0
112616	48	872	0
11262	7	1405	0
11264	3	1846	0
11266	63	226	0
11267	71	208	0
11269	247	76	0
11270	69	394	0
112703	2	1983	0
112714	40	217	0
11272	53	502	0
112724	78	185	0
11273	271	75	0
11274	58	259	0
112744	30	600	0
11275	87	246	0
112752	23	931	0
112755	41	411	0
11276	73	172	0
11277	51	230	0
112770	83	354	0
11278	187	152	0
11279	326	92	0
1128	4	6529	0
11280	2	1671	0
112802	41	373	0
11281	147	183	0
112812	36	560	0
112817	23	1220	0
11282	26	301	0
11283	7	1939	0
11284	131	77	0
112840	33	266	0
112849	34	335	0
11285	67	173	0
112858	85	136	0
112869	160	157	0
112885	18	1119	0
1129	14	1146	0
112936	81	187	0
112937	7	1214	0
112939	88	120	0
112942	21	551	0
112950	98	171	0
112970	31	377	0
113	9	897	0
1130	49	275	0
113000	5	1150	0
113026	117	157	0
11309	4	914	0
113091	1	11749	0
1131	76	292	0
11311	124	94	0
113115	44	314	0
11313	54	186	0
113130	139	129	0
11314	7	1896	0
113146	145	85	0
11315	341	50	0
113157	3	2904	0
11316	318	49	0
11317	9	756	0
113174	185	135	0
113177	1	7949	0
113178	31	300	0
113179	23	891	0
11318	454	102	0
113189	50	297	0
11319	116	115	0
1132	89	236	0
11320	1	9854	0
113201	41	176	0
11321	118	127	0
11322	30	335	0
113220	5	1192	0
113230	3	1423	0
113235	5	1335	0
113246	41	298	0
11325	205	83	0
113251	210	68	0
11326	178	249	0
113263	23	307	0
113277	213	267	0
113278	1	3621	0
11328	70	163	0
11329	169	86	0
1133	37	740	0
11330	18	1090	0
11331	526	32	0
11332	169	67	0
11333	101	111	0
11334	67	310	0
11335	611	43	0
11336	140	92	0
11337	127	123	0
11338	630	32	0
11339	214	138	0
1134	41	863	0
11340	183	96	0
113402	42	657	0
11341	5	6055	0
113419	2	3071	0
11342	69	271	0
11343	33	314	0
11344	92	127	0
113444	37	530	0
11345	163	75	0
113451	14	1445	0
113452	27	829	0
113457	13	323	0
11346	179	94	0
113510	15	630	0
113540	3	2181	0
1136	34	1641	0
113612	4	1426	0
113622	2	2433	0
113655	20	696	0
113675	7	500	0
1137	152	288	0
113730	26	879	0
113746	11	1154	0
113763	13	1410	0
113791	20	1000	0
1138	52	970	0
113802	11	2023	0
113828	35	296	0
113829	29	478	0
113835	4	1347	0
113878	328	57	0
1139	26	378	0
114	14	1753	0
1140	28	1371	0
114026	3	3308	0
114034	138	120	0
114043	1	4354	0
114044	2	7573	0
114049	50	166	0
114088	83	138	0
1141	101	392	0
114112	18	653	0
114131	19	950	0
114132	3	3006	0
114134	12	483	0
1142	6	2558	0
114294	190	81	0
114299	67	269	0
1143	67	477	0
114327	77	416	0
114335	3	4634	0
114336	16	1178	0
1144	67	893	0
1145	29	1897	0
114548	112	165	0
114569	53	331	0
114571	116	550	0
114599	2	1890	0
1146	22	1561	0
114609	43	390	0
114625	25	684	0
114659	7	742	0
1147	206	66	0
114757	12	1832	0
114769	7	1238	0
114770	1	6224	0
114771	11	2106	0
114780	22	771	0
114781	51	204	0
114783	96	247	0
114784	4	1476	0
114785	92	169	0
114786	7	3549	0
114787	89	158	0
114788	2	3846	0
114789	46	263	0
114790	82	156	0
114791	51	305	0
114792	11	823	0
114793	178	75	0
114794	23	380	0
114795	2	2082	0
114796	1	7203	0
114798	5	1815	0
114799	27	324	0
114800	64	517	0
114801	39	647	0
114803	50	275	0
114804	38	256	0
114805	15	1673	0
114815	3	2004	0
114818	24	485	0
114819	1	3837	0
114821	15	804	0
114822	49	390	0
114823	160	120	0
114824	65	257	0
114825	74	251	0
114826	15	597	0
114827	13	709	0
114836	16	1430	0
114876	36	266	0
114879	41	223	0
114880	74	191	0
114881	11	584	0
114882	270	57	0
114883	90	116	0
114884	53	197	0
114885	99	86	0
114897	46	387	0
114898	60	515	0
114899	9	1374	0
1149	14	934	0
114900	5	2362	0
114902	3	5499	0
114904	9	1243	0
114905	67	712	0
114907	249	127	0
114908	6	1116	0
114915	1	2090	0
114926	5	2027	0
114928	123	154	0
114932	111	293	0
114960	3	5951	0
114971	185	97	0
114984	59	204	0
114990	160	142	0
114991	34	218	0
115	147	165	0
115004	328	63	0
115019	2	4073	0
115024	12	491	0
115098	115	109	0
115106	177	153	0
115123	47	304	0
115196	11	710	0
1152	258	59	0
115201	31	879	0
115207	102	128	0
115209	136	271	0
115265	156	230	0
115273	2	5072	0
115286	6	3023	0
115290	59	247	0
115294	21	279	0
1153	157	74	0
115330	2	10789	0
115350	2	6344	0
115352	13	955	0
115353	19	343	0
115361	1	8280	0
115362	16	1158	0
115399	12	607	0
1154	31	393	0
115416	174	174	0
115426	128	109	0
1155	101	120	0
115509	73	347	0
115548	78	149	0
115557	30	354	0
115560	7	2143	0
115572	68	385	0
115584	6	850	0
115650	11	1554	0
115653	29	1994	0
115677	12	853	0
115701	24	522	0
115703	9	625	0
115704	59	239	0
115708	84	164	0
115727	9	1566	0
115752	47	487	0
115761	43	433	0
115795	25	1198	0
1158	48	352	0
115811	5	1882	0
115817	42	429	0
115825	32	825	0
115827	15	509	0
115861	4	3443	0
1159	72	208	0
115908	20	649	0
115939	47	252	0
115948	41	408	0
115950	51	525	0
115992	90	218	0
116	29	1008	0
1160	52	428	0
116028	21	397	0
116039	8	1066	0
116064	8	1223	0
116068	13	967	0
116071	30	625	0
116085	4	2618	0
116092	94	182	0
1161	113	178	0
116113	97	198	0
116115	79	255	0
116135	13	2413	0
116138	86	187	0
116143	119	173	0
116150	60	226	0
116151	97	708	0
116154	35	395	0
116159	7	1629	0
116173	237	161	0
116179	32	696	0
116211	39	1006	0
116224	28	464	0
116225	116	242	0
116228	47	265	0
116236	25	438	0
116238	19	1071	0
116254	82	442	0
116255	2	2090	0
116285	9	2211	0
1163	96	147	0
116328	12	1074	0
116337	2	3028	0
116349	6	2285	0
116362	11	2609	0
116369	2	3042	0
116372	56	485	0
116379	13	2286	0
1164	47	324	0
116412	78	314	0
116437	1	8237	0
116441	46	1256	0
116442	53	271	0
116443	7	1025	0
116444	26	849	0
116447	31	276	0
116448	27	731	0
116449	29	641	0
116461	59	411	0
116496	23	281	0
116511	1	6890	0
116519	16	1683	0
116535	1	912	0
116540	194	93	0
116541	58	266	0
116729	9	1635	0
116832	4	2462	0
116833	2	2085	0
116835	65	277	0
116840	165	159	0
116841	149	117	0
116842	11	2315	0
116843	7	1217	0
116844	9	1562	0
116931	45	429	0
116937	1	2090	0
116938	1	2090	0
116966	8	748	0
116969	50	1567	0
116983	19	671	0
116984	33	246	0
116985	46	141	0
116986	21	719	0
116987	114	113	0
116988	75	110	0
117	2	5080	0
117143	56	313	0
117144	119	344	0
117145	83	337	0
117153	16	890	0
117154	11	1472	0
117155	2	2946	0
117156	1	17466	0
117157	29	372	0
117159	207	65	0
117166	8	1672	0
117177	112	152	0
117178	286	75	0
117195	2	1248	0
117196	5	3919	0
117245	7	1490	0
117246	394	54	0
117247	33	430	0
117248	18	1718	0
117283	30	353	0
117285	3	7506	0
117286	65	647	0
117289	17	1533	0
1173	414	39	0
1174	55	156	0
1175	104	116	0
117531	9	1157	0
117532	1	4212	0
117579	3	11647	0
117581	17	1246	0
117583	42	223	0
117584	84	168	0
1176	123	105	0
117608	3	1036	0
117854	72	127	0
1179	4	1432	0
118	154	82	0
1180	12	802	0
1181	42	415	0
1182	50	275	0
1183	4	1457	0
1184	16	528	0
118424	38	226	0
118426	41	564	0
118427	15	779	0
118429	22	377	0
118430	29	620	0
118460	113	120	0
118461	11	1084	0
118471	17	553	0
118472	34	431	0
118487	240	145	0
118490	24	1012	0
118491	3	1425	0
1185	7	443	0
1186	135	119	0
118611	8	489	0
118663	2	5606	0
118672	4	4931	0
1187	23	1284	0
118738	20	506	0
118788	24	340	0
1188	1	3570	0
118812	32	1009	0
118813	63	169	0
118856	2	2990	0
118881	199	113	0
118924	46	315	0
118932	22	1370	0
118980	83	171	0
118987	426	50	0
119	81	119	0
119016	4	2039	0
119032	32	608	0
1191	236	54	0
119180	84	465	0
1192	163	65	0
1193	19	937	0
119358	4	1343	0
119369	2	4339	0
119385	3	3013	0
119391	24	641	0
119392	33	626	0
119395	1	3570	0
119437	5	4582	0
119467	12	3632	0
1195	208	117	0
119504	63	263	0
119559	105	153	0
119587	3	3223	0
1196	194	114	0
119678	1	8805	0
119682	1	4442	0
119694	1	5122	0
119710	25	615	0
119764	4	6999	0
119765	1	4442	0
119774	3	6895	0
1198	213	74	0
12	114	210	0
120	137	89	0
1200	100	101	0
120071	48	666	0
1201	115	188	0
120114	66	386	0
120146	9	870	0
120224	46	930	0
120227	1	2562	0
120237	1	17584	0
1203	67	373	0
120379	70	378	0
120406	8	2310	0
120425	2	6545	0
120526	9	705	0
120534	31	321	0
1207	188	89	0
120787	1	16245	0
1208	1	13546	0
120892	481	36	0
1209	125	83	0
120935	3	1510	0
120939	105	382	0
121006	10	687	0
121053	28	352	0
1211	344	48	0
1212	174	100	0
121214	78	469	0
121227	47	395	0
121256	71	490	0
121260	59	422	0
121268	6	1997	0
121274	21	748	0
121278	4	2866	0
1213	628	29	0
121340	297	124	0
121355	11	885	0
121391	36	287	0
121441	216	88	0
121457	172	68	0
1215	37	713	0
121504	116	132	0
121506	28	758	0
121512	21	283	0
121536	47	274	0
121549	15	1281	0
121551	8	836	0
121599	5	652	0
121601	18	896	0
121642	17	457	0
121643	6	2023	0
121665	54	544	0
121793	47	1181	0
121952	1	9257	0
122011	57	204	0
122042	4	4398	0
122060	87	201	0
122183	108	308	0
122258	1	3335	0
122402	9	635	0
122416	26	613	0
122481	7	1559	0
122509	64	562	0
122553	38	451	0
122589	1	3276	0
122616	5	817	0
122618	80	388	0
122622	11	422	0
122651	2	2159	0
122664	8	2986	0
122704	157	172	0
122706	7	1390	0
122742	1	2258	0
122769	40	269	0
122773	2	3306	0
122786	54	201	0
122809	21	458	0
122830	27	360	0
122867	1	11746	0
122876	6	5985	0
122945	1	9582	0
122953	23	318	0
122961	69	286	0
122970	3	4357	0
123	26	341	0
1230	346	83	0
123016	20	464	0
123036	14	691	0
123041	2	921	0
123096	29	707	0
123099	1	5523	0
123103	25	518	0
123169	120	119	0
1232	9	3621	0
123207	9	891	0
123228	24	664	0
123263	94	230	0
123264	12	2540	0
123283	58	214	0
1233	37	666	0
123346	4	2202	0
123355	12	816	0
1234	21	1190	0
1235	84	886	0
123591	14	683	0
1236	3	2297	0
123606	7	1947	0
123624	7	1698	0
123688	8	1058	0
1237	14	2022	0
123720	9	1072	0
123722	113	318	0
123745	18	1308	0
123775	2	3721	0
1238	80	447	0
123803	12	1165	0
123811	32	565	0
123872	10	853	0
123876	2	3050	0
123879	26	287	0
123904	3	3315	0
123920	29	543	0
123970	4	1457	0
124	5	2503	0
1240	98	542	0
124044	12	682	0
124045	20	876	0
124056	17	538	0
124093	4	4380	0
1241	4	1796	0
124149	10	1215	0
124152	2	4968	0
124220	141	165	0
124222	8	1306	0
124245	872	34	0
124359	21	325	0
1244	68	220	0
124401	37	355	0
124402	1	15244	0
124404	25	505	0
124411	5	573	0
124446	22	2785	0
124454	89	138	0
124460	20	705	0
124491	13	1279	0
124512	29	440	0
124535	4	773	0
124538	4	3672	0
124540	169	111	0
124565	59	273	0
124583	79	301	0
124590	22	959	0
124599	6	1042	0
124602	6	2889	0
124626	20	976	0
124637	2	1828	0
124641	6	566	0
124739	52	261	0
124751	8	652	0
124773	1	11201	0
124783	4	2166	0
124790	81	181	0
124801	156	96	0
124808	44	255	0
124817	3	693	0
124842	2	8502	0
124872	6	722	0
124912	6	1624	0
124923	11	1320	0
124925	8	824	0
124930	9	536	0
124935	13	637	0
124936	35	1009	0
124944	100	170	0
124961	4	3424	0
124975	12	1846	0
124976	2	1419	0
124989	5	2619	0
124995	174	120	0
124997	36	239	0
125	11	649	0
125050	14	551	0
125058	27	347	0
125061	14	656	0
125111	452	97	0
125113	33	573	0
125115	433	100	0
125144	6	1233	0
125150	16	534	0
125170	34	744	0
125206	3	3893	0
125208	1	2090	0
125228	30	420	0
125336	6	1427	0
125476	35	332	0
125488	9	829	0
125704	3	1863	0
1258	3	3449	0
125875	29	1285	0
125893	15	695	0
1259	5	5616	0
125919	21	452	0
125950	166	91	0
125958	3	3525	0
125962	2	3053	0
125963	25	788	0
125965	3	5659	0
125972	139	237	0
125981	3	2475	0
125988	68	166	0
125997	40	671	0
126	17	2142	0
126003	81	162	0
126006	12	1863	0
126014	3	5210	0
126017	14	850	0
126068	9	1268	0
126069	22	1764	0
126070	38	465	0
126074	33	746	0
126075	1	5402	0
1261	33	716	0
126119	37	385	0
126123	1	2450	0
126129	4	713	0
126133	69	147	0
126147	22	1711	0
1262	39	1079	0
126204	4	800	0
126205	2	7048	0
126206	14	516	0
126208	39	177	0
126231	6	376	0
126235	1	1666	0
126248	3	799	0
126259	2	2956	0
126272	9	2562	0
126282	48	176	0
126295	16	418	0
126298	24	328	0
126299	30	351	0
1263	38	252	0
126306	20	571	0
126308	26	292	0
126321	31	636	0
126326	6	1372	0
126328	58	280	0
126353	163	90	0
126364	183	133	0
126374	12	803	0
126375	60	230	0
126382	10	1151	0
126393	13	980	0
1264	28	843	0
126402	4	3275	0
126410	14	2518	0
126432	13	1300	0
126433	19	531	0
1265	77	112	0
126526	32	227	0
126549	1	3621	0
126567	15	1001	0
1266	75	120	0
126626	13	612	0
126637	6	1376	0
126638	2	6063	0
126668	2	3104	0
126669	8	601	0
126695	191	154	0
1267	191	68	0
126731	3	1558	0
126789	58	240	0
126792	27	333	0
1268	9	2684	0
126820	3	7393	0
126823	8	2342	0
126859	9	1922	0
126868	29	779	0
1269	107	254	0
126917	16	581	0
126961	150	137	0
126969	4	4483	0
127	5	540	0
1270	25	851	0
127002	57	309	0
127003	1	3680	0
127018	70	225	0
127064	1	19885	0
127066	1	2529	0
127069	3	3403	0
127077	1	6823	0
1271	11	526	0
127124	4	1851	0
1272	45	298	0
127247	23	507	0
127253	51	325	0
127254	6	1644	0
127255	8	885	0
127262	5	1041	0
127281	13	1298	0
127294	9	1175	0
127343	2	1562	0
127385	1	11297	0
127391	6	2936	0
127396	12	740	0
127428	32	300	0
127435	17	1025	0
127495	11	1270	0
127534	10	3165	0
127540	5	1470	0
127544	81	209	0
127550	1	3536	0
127579	2	7230	0
127602	30	288	0
127608	1	3298	0
127665	64	319	0
127687	16	1055	0
1277	108	128	0
127700	14	1184	0
127703	71	528	0
127731	1	5146	0
127733	41	323	0
127795	20	782	0
1278	50	223	0
127829	93	137	0
127833	127	219	0
127845	31	1491	0
127933	47	433	0
127943	1	8235	0
128	54	138	0
1280	41	334	0
128025	16	583	0
128061	57	221	0
128077	11	707	0
1281	22	466	0
128153	4	3845	0
128178	15	525	0
1282	31	382	0
128209	2	8308	0
128229	6	1272	0
128239	139	99	0
128240	58	166	0
128272	54	345	0
128308	128	177	0
128312	182	125	0
128338	2	1650	0
128344	12	1813	0
128346	6	2158	0
128372	1	17780	0
128387	8	927	0
1284	54	240	0
128408	21	539	0
128414	3	6655	0
128434	4	1339	0
128439	5	2611	0
128486	63	1421	0
128488	6	1823	0
128497	17	2261	0
1285	9	824	0
128553	36	283	0
1286	9	495	0
128602	24	984	0
128611	6	483	0
128637	17	546	0
128646	85	715	0
128653	9	1532	0
128674	5	5541	0
1287	54	268	0
128710	63	204	0
1288	17	845	0
128817	56	491	0
128821	77	440	0
128822	5	2346	0
128853	33	428	0
128859	2	1727	0
128861	3	881	0
128866	717	26	0
128869	102	169	0
128872	8	604	0
128876	3	2797	0
1289	46	226	0
128954	1	4787	0
128977	47	498	0
128989	27	402	0
1290	16	409	0
129025	15	1249	0
129049	12	796	0
129080	30	494	0
1291	105	159	0
129138	30	360	0
1292	80	307	0
129285	73	168	0
129293	1	3145	0
1293	14	555	0
129303	46	702	0
1294	18	435	0
129401	423	59	0
129446	38	242	0
129450	15	1125	0
1295	128	180	0
129521	26	1485	0
129530	3	6206	0
129531	38	302	0
129563	32	284	0
1296	42	305	0
129642	25	292	0
129684	3	1943	0
129685	50	259	0
1297	11	719	0
129787	13	1740	0
1298	14	738	0
129804	20	600	0
129807	27	618	0
129831	209	105	0
129852	20	1118	0
129868	50	530	0
129880	18	1910	0
129881	7	1857	0
1299	8	586	0
13	2	6213	0
130	11	550	0
1300	35	538	0
130013	5	4268	0
130026	12	787	0
130074	57	295	0
130075	1	4936	0
1301	22	330	0
130106	9	2214	0
130120	1	12090	0
130132	9	2338	0
130162	9	888	0
1302	9	629	0
130271	16	395	0
1303	47	323	0
130340	18	1492	0
130355	5	1985	0
130367	2	5844	0
130399	12	1553	0
130497	3	3496	0
1305	11	572	0
130502	12	1935	0
130507	97	215	0
130535	14	472	0
130540	34	642	0
130557	6	2366	0
130560	22	3512	0
130574	31	1111	0
130576	36	841	0
130589	19	436	0
1306	6	515	0
130617	42	274	0
1307	15	404	0
130733	2	6873	0
130752	2	7788	0
1308	30	288	0
130813	11	1555	0
130814	2	1449	0
130827	22	1955	0
130872	5	994	0
130888	2	4380	0
130916	25	228	0
130940	11	1463	0
130951	16	1375	0
131	8	823	0
1310	1	3139	0
131034	29	671	0
131076	38	264	0
131096	2	1415	0
1311	12	867	0
131118	197	116	0
131149	2	3173	0
131177	7	1109	0
1312	167	73	0
131368	11	2181	0
131375	1	4458	0
131377	50	557	0
1314	398	39	0
131405	66	287	0
131408	6	818	0
131450	22	2078	0
131474	131	151	0
1315	278	47	0
131540	41	792	0
131544	69	184	0
131566	49	219	0
131578	135	229	0
131583	35	485	0
1316	90	262	0
131601	35	490	0
131616	56	656	0
131669	1	15488	0
1317	186	114	0
1318	33	1004	0
131831	5	1773	0
131870	22	385	0
131873	8	1241	0
131890	22	540	0
131920	11	1216	0
131965	15	1025	0
132	40	289	0
132001	56	222	0
132014	10	1670	0
132112	2	7119	0
132141	49	601	0
132158	61	477	0
132160	52	374	0
132200	14	1762	0
132204	15	1020	0
132228	49	397	0
132241	1	1999	0
132243	44	536	0
132299	69	155	0
132320	167	144	0
132321	4	2701	0
132332	2	9278	0
132430	53	464	0
1325	18	3169	0
1326	20	496	0
132625	17	383	0
132660	92	159	0
132671	26	412	0
1327	416	49	0
132720	101	287	0
132724	415	59	0
132789	38	376	0
132851	6	1013	0
132864	35	314	0
132884	87	275	0
1329	145	85	0
132946	1	11828	0
132949	12	582	0
132954	7	2459	0
132989	3	855	0
133	5	2281	0
133015	18	941	0
133022	29	1017	0
133060	4	2970	0
133121	45	643	0
133308	3	664	0
133383	6	1020	0
133396	25	1461	0
133418	35	998	0
133482	17	1007	0
133522	25	329	0
133558	7	677	0
133584	13	778	0
133619	54	133	0
133686	51	194	0
133688	4	4500	0
133690	13	925	0
1337	51	300	0
133746	39	270	0
133874	1	6087	0
1339	5	1732	0
133923	43	817	0
133957	19	449	0
134	16	832	0
1340	95	142	0
134111	2	2075	0
134121	4	5029	0
134145	9	888	0
134147	85	165	0
134187	1	12148	0
134218	79	158	0
134265	18	418	0
134266	26	367	0
134285	75	450	0
134288	17	1065	0
134353	47	294	0
134359	93	223	0
134391	51	956	0
134429	6	3859	0
134430	203	106	0
134492	420	46	0
1345	119	154	0
134510	83	161	0
134526	14	1630	0
134548	27	550	0
134549	17	601	0
134553	47	255	0
1346	11	2733	0
134637	10	528	0
1347	103	168	0
134701	19	1111	0
134728	14	901	0
1348	1	3907	0
134829	19	1086	0
134860	2	13512	0
134864	5	3395	0
1349	19	743	0
134957	35	308	0
135	23	923	0
1350	93	264	0
1351	321	122	0
135112	40	276	0
135114	27	555	0
135138	27	276	0
135152	18	1006	0
135154	12	1884	0
1352	7	2826	0
135228	90	166	0
135250	21	1399	0
135293	60	235	0
135295	131	247	0
1353	33	245	0
135398	91	352	0
135458	17	640	0
1355	347	64	0
1356	57	202	0
135644	12	718	0
135656	1	2296	0
1357	1	5141	0
1358	8	1284	0
135886	2	4183	0
135892	53	316	0
1359	3	3872	0
135927	119	371	0
135932	44	624	0
135935	5	3327	0
135946	7	967	0
135948	1	2454	0
136	39	901	0
136051	20	842	0
1361	6	2663	0
1362	168	87	0
136227	4	1748	0
136242	14	1226	0
136263	116	263	0
136288	9	2512	0
1363	44	423	0
136306	10	2387	0
136319	153	109	0
136332	2	1195	0
136371	32	329	0
1364	72	254	0
1365	20	387	0
136541	1	10395	0
1366	83	563	0
136647	34	309	0
1368	42	270	0
136853	44	642	0
136895	15	1144	0
1369	8	1475	0
136991	11	2977	0
1370	3	931	0
137075	2	3505	0
1371	94	116	0
137107	5	1425	0
137133	1	2665	0
137196	9	3431	0
137209	60	665	0
1373	136	93	0
137362	4	4040	0
137392	26	581	0
1374	160	75	0
137492	31	180	0
1375	4	3281	0
137529	3	4879	0
1376	66	261	0
137682	6	3951	0
137695	39	280	0
137735	35	638	0
137797	8	3901	0
1378	2	15531	0
137814	1	3842	0
137835	6	3806	0
137868	30	964	0
137872	3	4256	0
137886	39	483	0
1379	7	3241	0
137902	16	722	0
137964	129	120	0
137970	4	981	0
137994	5	1199	0
1380	11	994	0
138009	40	326	0
138046	64	238	0
138050	10	1604	0
138065	19	711	0
1381	13	784	0
138151	47	399	0
138162	2	1296	0
138199	51	436	0
1382	77	196	0
138240	2	8476	0
138241	10	719	0
138307	8	3763	0
138311	14	768	0
1384	44	282	0
138428	28	236	0
138429	5	2479	0
138474	22	302	0
1385	220	85	0
1386	238	62	0
138639	70	242	0
138649	1	2090	0
1387	516	49	0
138715	9	1717	0
138716	71	208	0
138724	4	945	0
138799	2	5252	0
1388	59	333	0
138802	1	4442	0
138803	34	1532	0
138804	1	3155	0
138883	1	12724	0
1389	10	459	0
1390	72	201	0
139065	27	728	0
139067	28	493	0
139081	8	1460	0
139105	11	1338	0
139135	3	776	0
139170	2	12467	0
139189	5	1270	0
1392	23	1236	0
139212	16	1480	0
139221	4	1545	0
139231	20	644	0
139285	57	176	0
1393	14	976	0
139322	82	188	0
139324	26	550	0
139341	31	437	0
139378	7	730	0
1394	18	1303	0
139411	1	3145	0
139422	65	467	0
139425	2	3064	0
1395	4	1930	0
139562	33	370	0
139596	21	713	0
139599	10	1029	0
1396	51	314	0
139604	1	11541	0
139628	41	479	0
1397	43	150	0
139716	7	1574	0
139728	1	5294	0
139735	2	791	0
139741	15	565	0
139760	4	2261	0
139793	5	1802	0
1398	347	58	0
139804	10	818	0
139818	48	232	0
139886	16	433	0
1399	206	62	0
14	73	126	0
140	13	1128	0
1400	127	125	0
140032	71	306	0
1401	68	418	0
140258	43	831	0
140290	70	311	0
1404	4	1040	0
140432	8	1157	0
140453	2	1076	0
140456	245	98	0
140458	22	607	0
140459	94	143	0
140460	55	314	0
140461	31	423	0
140462	44	344	0
140465	103	109	0
140467	16	997	0
140469	46	317	0
140545	45	392	0
140564	147	195	0
140576	66	147	0
140578	32	1375	0
140596	8	2161	0
140597	23	505	0
1406	250	146	0
140606	21	608	0
140609	157	124	0
140612	5	1769	0
140623	1	4354	0
140625	10	1700	0
140628	9	1286	0
140679	8	1192	0
140680	16	917	0
140683	23	1388	0
140685	29	319	0
140686	3	6570	0
140688	13	421	0
140689	124	180	0
140690	39	337	0
140691	85	162	0
140699	4	1111	0
1407	150	124	0
140700	2	2777	0
140701	4	1281	0
140706	6	851	0
140707	119	160	0
140710	109	112	0
140711	12	1139	0
140730	9	648	0
140732	4	1195	0
140733	7	704	0
140735	259	88	0
140738	7	1702	0
140739	21	600	0
140766	4	1562	0
140767	177	154	0
140775	126	129	0
1408	188	94	0
140801	115	140	0
140803	4	914	0
140807	56	325	0
140809	48	348	0
140823	12	1501	0
140825	7	936	0
140828	1	5222	0
140831	3	1412	0
140832	2	6788	0
140836	21	1483	0
140838	20	452	0
140849	3	4917	0
140850	26	827	0
140851	1	8575	0
140856	2	7037	0
140862	1	4354	0
140870	10	1207	0
140873	1	4756	0
140876	10	1706	0
140880	73	364	0
140881	2	11155	0
140883	6	1038	0
140885	88	101	0
140886	141	186	0
140890	176	112	0
140892	1	3335	0
140893	10	845	0
1409	186	154	0
140901	25	369	0
140902	4	902	0
140909	1	2454	0
140947	17	2559	0
141	10	1329	0
1410	164	84	0
1411	24	1791	0
1412	25	1274	0
1413	32	605	0
1414	12	1237	0
1415	7	2266	0
1416	1	1999	0
1417	61	536	0
1418	5	2236	0
1419	3	17450	0
142	1298	16	0
1420	11	1827	0
1421	15	2096	0
142678	64	209	0
142679	95	228	0
142680	5	7365	0
142683	56	699	0
142684	18	841	0
142685	33	356	0
142686	49	424	0
142689	35	484	0
1427	11	2424	0
1428	10	1285	0
142891	4	2692	0
1429	155	157	0
142937	2	2016	0
142940	38	192	0
143	43	201	0
143098	97	158	0
1431	456	59	0
143162	11	1103	0
143187	58	331	0
1432	302	65	0
143241	35	633	0
143244	23	327	0
143279	8	779	0
143379	14	1760	0
143384	21	798	0
1434	299	55	0
143425	14	532	0
143458	6	595	0
143471	71	174	0
1435	14	629	0
143503	2	6972	0
143570	8	629	0
1436	48	277	0
143630	4	1413	0
143662	5	5737	0
143684	97	184	0
143686	11	562	0
143689	17	771	0
1437	14	807	0
1438	7	3496	0
143872	24	358	0
143879	8	581	0
143884	176	88	0
143888	75	148	0
1439	18	586	0
143903	8	2219	0
143941	2	2141	0
1440	12	1446	0
144097	54	183	0
1441	13	877	0
144100	115	124	0
144106	11	548	0
144108	96	195	0
144110	49	853	0
144124	1	1249	0
144132	15	385	0
144165	14	468	0
144193	5	2279	0
144195	20	306	0
1442	14	1997	0
144203	3	5047	0
144233	8	619	0
144245	7	2212	0
1443	14	886	0
144321	20	906	0
144347	1	3372	0
144348	30	335	0
144363	23	1138	0
1444	6	853	0
144402	102	127	0
144404	112	182	0
144406	5	529	0
144423	4	2429	0
144453	1	13729	0
144455	40	273	0
1445	143	67	0
144501	63	172	0
144535	6	1092	0
144568	124	181	0
144577	11	2390	0
1446	31	382	0
144608	1	16841	0
144699	37	362	0
1447	33	345	0
144712	1	2090	0
144715	10	1208	0
144717	37	552	0
1448	15	652	0
144811	41	453	0
144983	150	114	0
145165	20	359	0
145173	34	536	0
1452	357	50	0
145200	1	5208	0
145226	44	500	0
145258	78	555	0
145264	99	252	0
145270	1	18357	0
145282	99	201	0
1453	244	59	0
145376	1	6095	0
145389	13	911	0
1454	298	58	0
145407	9	702	0
145447	4	1600	0
145482	22	360	0
145483	78	254	0
145497	4	4320	0
1455	112	105	0
145501	15	1371	0
145508	295	119	0
145553	52	371	0
145567	24	288	0
145581	2	3919	0
1456	131	92	0
145645	2	2273	0
1457	861	25	0
145741	12	1628	0
145748	3	2950	0
145773	20	722	0
145781	12	683	0
145788	1	7590	0
145814	2	3228	0
145837	1	6254	0
145853	5	1729	0
145858	12	3329	0
145864	36	714	0
145873	7	3159	0
1459	664	38	0
145942	8	3537	0
145946	30	843	0
145957	5	4537	0
146	16	502	0
1460	594	43	0
146050	26	324	0
146057	20	420	0
146059	32	362	0
146177	3	928	0
146183	13	467	0
146198	30	396	0
1462	43	441	0
146206	23	432	0
146212	8	1710	0
146223	33	563	0
146225	17	993	0
146227	3	1515	0
146279	51	406	0
1463	15	938	0
146310	123	229	0
146325	82	410	0
146330	24	389	0
146378	17	1599	0
146395	2	12238	0
1464	71	186	0
146433	3	4505	0
146434	25	810	0
146439	10	884	0
146456	38	1261	0
1465	64	107	0
146540	94	316	0
146542	116	213	0
146556	1	6459	0
146562	32	463	0
1466	63	120	0
146664	117	299	0
146691	61	136	0
146705	168	108	0
146712	3	1597	0
146713	34	312	0
146722	3	1698	0
146723	1	1391	0
146754	31	333	0
146760	12	417	0
146779	12	1014	0
1468	191	66	0
146802	2	3048	0
146822	9	3745	0
146845	10	794	0
146849	10	1033	0
146850	13	697	0
146852	26	932	0
146853	12	2200	0
146857	4	5303	0
146862	20	659	0
146880	1	9680	0
146894	7	5861	0
1469	138	153	0
146909	62	181	0
146923	13	575	0
146956	47	255	0
147	6	725	0
1470	52	389	0
147007	137	135	0
147011	3	2744	0
147015	34	265	0
147040	8	743	0
1471	25	280	0
147111	2	4356	0
147138	6	1461	0
147166	14	344	0
147172	1	1999	0
147179	37	291	0
147183	33	662	0
147199	12	2179	0
1472	91	267	0
1473	35	601	0
147323	3	5757	0
147339	116	126	0
147372	19	520	0
1474	90	208	0
147407	8	1482	0
147409	108	293	0
147429	1	3570	0
147463	18	1426	0
147495	5	5289	0
1475	136	134	0
147525	7	2301	0
1476	95	121	0
147645	1	4878	0
147650	5	1268	0
147657	8	693	0
147658	3	6487	0
147660	16	944	0
147664	1	9086	0
147670	1	6459	0
147685	11	1456	0
147686	22	869	0
147687	177	137	0
147694	5	1678	0
147699	2	1974	0
1477	96	124	0
147700	107	203	0
147719	122	220	0
147744	12	4087	0
147746	36	476	0
147791	1	6354	0
147798	29	1384	0
1478	160	71	0
147804	8	2084	0
147807	55	433	0
147808	31	475	0
147837	10	1241	0
147841	77	189	0
147872	113	251	0
1479	133	94	0
147906	16	1344	0
147912	31	831	0
147920	3	6400	0
147923	30	338	0
147929	3	771	0
147945	6	1426	0
147948	4	1043	0
147949	3	633	0
147965	6	789	0
147968	23	470	0
147991	22	353	0
148	26	747	0
148014	6	1726	0
148022	47	352	0
148066	109	299	0
148103	9	989	0
148109	15	505	0
148113	30	751	0
148137	18	1067	0
148156	25	390	0
148170	2	1479	0
148198	1	2291	0
1482	68	295	0
148203	4	1809	0
148206	16	411	0
148213	1	2291	0
148223	94	214	0
148229	4	654	0
148231	2	6134	0
148252	27	521	0
148254	11	513	0
148266	11	344	0
148268	2	3358	0
148281	115	153	0
148304	13	1760	0
148327	13	432	0
148345	3	3534	0
148362	37	269	0
148398	41	326	0
148413	5	3137	0
148418	5	1775	0
148423	43	236	0
148479	14	1179	0
1485	109	253	0
148523	14	974	0
148534	100	400	0
148545	1	8499	0
148581	138	215	0
1486	30	680	0
148641	4	1614	0
148696	1	2214	0
1487	344	51	0
148738	1	11650	0
148741	27	334	0
148753	18	901	0
148789	27	324	0
1488	361	57	0
148808	225	179	0
148811	11	1571	0
148823	12	2092	0
148867	82	197	0
148870	13	1220	0
1489	11	1091	0
148932	364	61	0
148979	15	581	0
1490	28	234	0
149013	3	1521	0
149018	16	3523	0
149041	679	51	0
149069	20	756	0
149076	39	216	0
149095	19	480	0
1491	68	181	0
149111	28	1199	0
149175	35	1343	0
149224	7	535	0
149233	10	589	0
149297	5	2458	0
1493	106	268	0
149345	12	624	0
149371	152	106	0
149420	19	556	0
149428	15	1110	0
149461	67	709	0
149465	8	495	0
149466	29	908	0
149473	37	850	0
149478	1	1391	0
149483	11	1960	0
149499	4	635	0
1495	336	47	0
149563	8	1350	0
1496	58	163	0
149603	34	346	0
149628	357	82	0
149643	1	10649	0
149647	2	4359	0
149699	6	3872	0
1497	2	3023	0
149708	12	1312	0
149775	1	2214	0
149840	10	730	0
1499	950	20	0
149950	7	1930	0
149951	25	1514	0
149954	1	8040	0
149986	105	119	0
149998	1	4754	0
15	9	1431	0
150	9	1717	0
1500	243	45	0
150000	1	6985	0
150082	30	402	0
150084	12	1555	0
150094	60	152	0
1501	28	196	0
150159	1	3570	0
150160	156	248	0
150165	3	9324	0
150209	9	1062	0
150221	17	1389	0
150223	5	1825	0
150248	20	1268	0
150274	810	43	0
150275	25	365	0
150280	28	676	0
150290	23	480	0
150297	11	741	0
1503	187	73	0
150350	21	1383	0
150353	34	343	0
150356	1	2090	0
150365	9	1509	0
150368	12	659	0
150372	12	1569	0
150379	32	286	0
150383	36	504	0
1504	2	8698	0
150465	19	340	0
150468	24	302	0
150472	60	254	0
150483	118	295	0
150572	52	532	0
150590	2	3900	0
1506	13	1595	0
150677	7	2431	0
150678	44	334	0
150681	3	1696	0
150684	120	140	0
150696	9	755	0
150709	6	1030	0
150726	3	2673	0
150737	56	528	0
150759	1	1962	0
150763	34	1242	0
150771	38	585	0
150786	5	1823	0
1508	221	65	0
150864	39	218	0
1509	150	67	0
150921	11	690	0
150946	10	661	0
150962	5	4150	0
151	7	2667	0
1510	13	670	0
151011	141	107	0
151050	4	1858	0
151056	18	959	0
1511	70	259	0
151112	9	1989	0
151126	5	725	0
151176	27	1656	0
151188	77	204	0
151194	35	194	0
151195	59	305	0
1512	58	405	0
151230	31	302	0
151242	1	5429	0
151246	67	265	0
151254	75	216	0
151258	2	1278	0
151278	114	431	0
151295	2	4521	0
1513	14	1012	0
151306	27	1330	0
151313	11	516	0
151354	7	1656	0
151393	28	568	0
1514	224	77	0
151473	5	1441	0
151477	1	10663	0
1515	103	252	0
151507	4	1354	0
151516	26	480	0
151525	4	1050	0
151531	6	1851	0
151556	3	4943	0
151613	26	326	0
151636	62	140	0
151647	54	629	0
151648	86	214	0
151649	1	2296	0
151651	3	1528	0
151742	13	1602	0
151790	3	4964	0
151827	2	4210	0
151835	19	591	0
151871	40	531	0
151887	10	471	0
151888	30	796	0
1519	13	1884	0
151903	104	175	0
151963	101	122	0
151987	112	166	0
152	17	692	0
1520	138	193	0
152002	54	147	0
152006	102	155	0
152007	17	289	0
152015	2	3306	0
152078	9	1310	0
152098	5	1496	0
1521	2	8282	0
152100	10	599	0
152110	14	948	0
152137	66	118	0
152185	190	148	0
152189	65	356	0
152195	4	849	0
1522	47	221	0
152206	52	268	0
152217	22	400	0
152273	206	85	0
1523	186	75	0
152302	1	1999	0
152330	6	735	0
1524	3	4137	0
152404	1	14274	0
152405	1	8739	0
152485	32	367	0
1525	358	54	0
152503	56	201	0
152518	102	118	0
152519	113	571	0
152559	26	636	0
152573	32	1023	0
152579	36	209	0
152586	2	1717	0
152663	12	584	0
152687	5	647	0
1527	32	813	0
152756	15	1786	0
152789	37	396	0
1528	124	125	0
152815	19	913	0
152816	47	599	0
152831	9	871	0
152877	4	597	0
152926	34	510	0
152940	22	1010	0
152992	39	356	0
153	10	2020	0
153020	9	793	0
153090	74	171	0
153129	39	473	0
153222	11	556	0
153241	105	218	0
153328	33	549	0
153339	6	585	0
153364	60	337	0
153396	26	653	0
1534	63	495	0
153443	63	175	0
153478	27	394	0
1535	58	268	0
153527	113	132	0
153562	59	218	0
153571	1	12890	0
153572	6	1582	0
153579	153	220	0
1536	17	1037	0
153642	89	417	0
153643	16	936	0
153657	25	837	0
153684	3	4798	0
1537	222	67	0
153733	27	712	0
153743	14	396	0
153745	3	2225	0
153768	16	870	0
153769	46	248	0
153770	18	1294	0
1538	20	1096	0
153830	28	412	0
1539	26	469	0
153918	27	558	0
154	324	50	0
1540	854	23	0
154007	38	301	0
154043	47	510	0
154064	12	2066	0
154075	15	650	0
154091	71	363	0
154141	31	663	0
154150	1	3788	0
154197	15	976	0
154214	8	1273	0
1543	75	286	0
154313	65	426	0
154386	2	2028	0
1544	10	678	0
154449	1	3145	0
154467	58	549	0
1545	14	404	0
154661	8	1235	0
154664	14	455	0
154743	22	1374	0
154754	7	440	0
154790	2	7945	0
154791	57	236	0
154796	308	60	0
1548	7	2103	0
154807	97	187	0
154810	88	159	0
154865	77	270	0
154881	79	146	0
1549	2	18866	0
155	3	2035	0
155006	9	2225	0
155038	28	695	0
155051	11	1856	0
155054	1	10568	0
155060	5	2249	0
155061	319	71	0
155066	2	7883	0
1551	5	3123	0
155100	8	3353	0
155184	7	1829	0
155185	42	417	0
1553	5	4871	0
155368	36	384	0
155370	2	3480	0
155382	18	791	0
155400	58	347	0
155435	120	96	0
155465	39	325	0
1555	8	2391	0
1557	4	4555	0
1558	15	1001	0
1559	103	261	0
156	86	127	0
1562	26	1283	0
1565	4	4782	0
157	16	394	0
1571	18	1156	0
157247	1	6805	0
157285	25	196	0
1573	28	948	0
157310	4	1163	0
157313	77	166	0
157378	51	242	0
157381	1	3145	0
157506	19	279	0
157556	1	2296	0
157567	128	336	0
157570	69	189	0
157574	15	727	0
1576	16	789	0
157638	31	239	0
157657	7	915	0
157680	73	143	0
157695	5	840	0
157697	14	560	0
1577	10	1749	0
157708	1	9586	0
157724	2	7114	0
157739	2	1974	0
157753	124	205	0
157769	137	109	0
157773	6	2402	0
157777	3	2185	0
157807	2	9761	0
157869	3	5669	0
1579	4	4537	0
157922	92	132	0
157927	3	910	0
158	180	73	0
1580	2	10507	0
158038	18	662	0
158046	5	1978	0
158055	49	488	0
158056	17	1020	0
158062	66	570	0
158067	18	800	0
158078	147	96	0
158135	7	742	0
158158	23	585	0
158160	20	570	0
1582	6	1102	0
158219	16	388	0
158234	40	779	0
158248	6	761	0
158293	18	644	0
158297	49	490	0
1583	6	3023	0
158326	2	4168	0
158345	3	3000	0
158358	12	482	0
158399	58	257	0
1584	2	2195	0
158401	4	1710	0
158405	20	503	0
158427	39	229	0
158431	38	687	0
158471	30	392	0
158506	19	480	0
158511	4	1349	0
158521	14	1786	0
158584	2	2155	0
158586	18	776	0
1586	16	908	0
158724	2	3665	0
158747	96	206	0
158763	113	194	0
158787	60	587	0
158798	18	614	0
1588	40	656	0
158800	3	5168	0
158801	1	3155	0
158809	10	1498	0
158830	4	2881	0
158835	3	3927	0
158866	120	304	0
158880	49	456	0
1589	23	1172	0
158983	15	1151	0
159	118	113	0
159013	8	671	0
159090	40	313	0
159091	8	1489	0
1591	54	581	0
159119	10	2518	0
159162	1	9038	0
159163	35	773	0
159195	211	105	0
1592	3	3615	0
159296	4	1024	0
1593	13	350	0
159371	32	514	0
1594	2	3822	0
1595	133	100	0
159686	15	463	0
159963	2	4176	0
159989	76	282	0
16	154	82	0
160	274	50	0
1600	85	143	0
160065	48	511	0
1601	122	101	0
160140	12	1645	0
1602	97	164	0
160287	41	249	0
160298	2	5719	0
1603	92	121	0
160335	14	421	0
160364	34	634	0
1604	60	196	0
160418	95	97	0
160419	2	4263	0
160428	39	224	0
160492	3	1203	0
1605	123	119	0
160518	15	444	0
1606	10	876	0
160622	12	1186	0
1607	4	2016	0
160728	25	501	0
160760	72	282	0
160762	3	4722	0
160777	11	873	0
1608	31	508	0
160851	30	362	0
160857	9	3641	0
160897	24	405	0
1609	17	655	0
161	182	70	0
1610	9	1519	0
161003	8	1677	0
1611	9	509	0
161142	3	3044	0
161145	43	1138	0
161176	439	48	0
161198	84	211	0
1612	198	124	0
161247	1	2296	0
161253	3	6485	0
161291	84	519	0
1613	79	156	0
161357	2	1696	0
161394	1	4354	0
161424	122	114	0
161436	18	603	0
161497	1	8957	0
1615	319	61	0
161502	13	2337	0
161514	31	889	0
161582	20	622	0
1616	346	64	0
1617	9	2726	0
161725	16	333	0
161742	49	276	0
161753	9	868	0
161779	1	4424	0
1618	143	220	0
161823	6	1544	0
161829	2	5561	0
161835	6	1058	0
161882	12	915	0
161931	8	699	0
162	214	62	0
1620	33	347	0
162073	14	1381	0
162083	1	4424	0
1621	10	857	0
1622	41	222	0
162239	44	295	0
162333	8	734	0
162394	39	271	0
162417	8	1315	0
162427	220	135	0
162461	16	948	0
162466	57	365	0
162494	4	1872	0
162514	6	5767	0
162515	5	2674	0
162517	3	877	0
162540	4	2815	0
162605	28	929	0
162655	1	20041	0
162681	10	874	0
162699	4	2419	0
1627	392	48	0
1628	13	983	0
1629	187	105	0
162962	5	1682	0
162963	6	2190	0
162966	3	1816	0
162967	26	566	0
162968	42	433	0
162972	64	459	0
162979	29	677	0
162989	15	838	0
162993	6	1847	0
162998	1	12310	0
163	349	50	0
1630	63	251	0
163033	67	313	0
163049	19	633	0
163050	44	275	0
163051	11	2970	0
163059	9	2621	0
163071	19	453	0
163081	10	442	0
163087	18	482	0
163115	1	5606	0
163126	19	836	0
163131	1	5606	0
163154	30	663	0
163183	100	268	0
1632	61	156	0
163223	1	8897	0
163227	19	436	0
163255	2	3528	0
163259	12	1037	0
1633	59	171	0
163351	18	425	0
1634	26	504	0
163479	2	3529	0
163486	20	393	0
1635	27	247	0
163589	10	1016	0
163590	197	81	0
1636	16	541	0
163688	7	1760	0
163702	46	308	0
163732	5	1201	0
163747	2	7325	0
163778	3	918	0
163782	21	769	0
163786	156	157	0
1638	20	862	0
163859	35	234	0
163882	23	376	0
1639	464	47	0
163933	2	3682	0
164	139	94	0
164045	7	884	0
164091	8	875	0
1641	82	170	0
164118	1	6055	0
164127	59	303	0
164153	14	1184	0
1642	633	35	0
164237	2	4011	0
164284	3	9011	0
1643	138	140	0
164312	7	4464	0
164395	12	1030	0
1644	5	663	0
1645	20	384	0
164592	35	943	0
1646	54	278	0
164633	5	1487	0
164656	2	1418	0
164668	3	1536	0
164684	10	1311	0
1647	92	199	0
164714	1	12505	0
164781	10	1327	0
164832	23	707	0
1649	117	135	0
165	6	1837	0
1650	367	44	0
165055	120	194	0
165082	12	594	0
165100	13	1438	0
165140	49	611	0
165186	2	2911	0
1652	12	385	0
165215	55	330	0
165257	1	18179	0
1653	441	41	0
165324	23	534	0
1654	632	33	0
1655	521	39	0
165530	9	1592	0
165545	18	1166	0
1656	488	33	0
165631	4	1825	0
1657	56	241	0
165721	79	222	0
165829	70	377	0
1659	285	86	0
165904	17	655	0
165918	98	163	0
166	433	78	0
1660	673	30	0
166012	5	1012	0
1662	178	106	0
1663	66	216	0
166336	7	658	0
166348	2	4082	0
166378	94	99	0
166379	7	1660	0
1665	481	40	0
1666	81	116	0
166614	29	277	0
166647	16	511	0
166655	3	1836	0
1667	95	303	0
166752	3	3464	0
166785	5	739	0
166793	27	259	0
1668	4	1960	0
166815	5	676	0
166824	10	1516	0
166863	9	1050	0
166929	12	669	0
166968	22	764	0
166979	34	515	0
167	1	10114	0
1670	68	332	0
1671	21	557	0
167127	19	2287	0
167153	44	268	0
1672	10	2297	0
167227	94	180	0
1673	2	4004	0
167359	8	807	0
1674	146	114	0
167410	5	4977	0
167465	7	1767	0
1675	4	1534	0
167555	1	13345	0
1676	67	152	0
167681	7	913	0
167691	124	214	0
1677	28	233	0
1678	79	257	0
167826	29	1050	0
167838	90	255	0
168002	15	1078	0
168090	6	1536	0
168374	54	310	0
168391	6	1415	0
168400	6	1151	0
168417	6	1527	0
168433	24	687	0
168448	1	17565	0
168451	6	2005	0
168455	23	495	0
168507	7	786	0
168537	1	4442	0
168544	174	283	0
168620	73	347	0
168667	2	2849	0
1687	52	215	0
168850	37	311	0
168975	1	5296	0
1690	46	348	0
169026	71	529	0
169044	8	310	0
169166	7	1184	0
169200	4	1444	0
169270	2	4653	0
169355	11	2715	0
169436	5	2224	0
169522	9	498	0
169611	7	576	0
169693	10	1318	0
169714	76	136	0
169792	23	319	0
169834	1	15125	0
169841	53	438	0
169966	19	1274	0
169981	31	355	0
170062	12	1134	0
170063	6	983	0
170082	143	131	0
170261	34	385	0
170302	27	755	0
170384	73	1042	0
170392	64	349	0
170393	12	2063	0
170394	17	478	0
170463	49	312	0
170482	21	1018	0
170506	291	90	0
170572	87	891	0
170575	43	1284	0
170589	23	1459	0
170591	10	3612	0
170595	1	5208	0
170622	55	447	0
170626	20	1206	0
170679	1	7916	0
170680	27	600	0
170685	20	334	0
170689	8	730	0
170690	5	1906	0
170691	20	541	0
170692	7	660	0
170712	11	2686	0
170825	3	2392	0
170850	7	1011	0
170954	129	95	0
170958	3	1471	0
170959	21	448	0
170960	8	639	0
170961	9	834	0
171	21	376	0
171017	68	154	0
171019	2	5937	0
171023	287	43	0
171024	25	230	0
171169	8	1152	0
171177	242	97	0
171222	1	4706	0
171389	14	694	0
171392	11	645	0
171425	14	570	0
171482	57	365	0
171483	166	169	0
171484	62	438	0
171523	2	1386	0
171546	13	500	0
171558	9	860	0
171568	89	303	0
171586	21	1401	0
1716	89	271	0
1717	176	86	0
1718	146	68	0
1719	127	110	0
172	4	909	0
1723	26	343	0
1725	97	134	0
1727	328	62	0
1728	85	120	0
1729	152	84	0
173	10	2026	0
1730	49	243	0
1731	45	257	0
1734	16	526	0
1735	20	825	0
1736	383	72	0
1737	225	70	0
1738	478	62	0
1739	191	84	0
174	22	460	0
1740	41	525	0
1741	104	131	0
1742	133	121	0
1743	470	32	0
1744	1	1962	0
1745	7	2168	0
1746	18	423	0
1747	4	4869	0
1748	4	5012	0
1749	17	1261	0
175	31	424	0
1750	32	454	0
1755	55	366	0
1756	99	90	0
1757	38	548	0
1758	2	5436	0
1759	106	110	0
176	7	1868	0
1760	21	453	0
1761	5	4508	0
1762	81	183	0
1763	69	183	0
1767	25	345	0
1768	34	353	0
1769	19	355	0
177	18	494	0
1770	17	369	0
1773	2	1783	0
1774	118	139	0
1775	23	804	0
1776	3	3742	0
1777	18	306	0
1778	469	42	0
178	101	116	0
1780	104	130	0
1781	285	58	0
1783	150	87	0
1785	253	49	0
1786	234	62	0
1787	21	352	0
1788	100	154	0
1789	103	187	0
1791	13	481	0
1793	54	173	0
1794	63	228	0
1795	53	302	0
1796	39	499	0
1797	19	953	0
1798	14	547	0
18	72	183	0
1800	63	700	0
1801	59	198	0
1802	44	219	0
1803	433	51	0
1804	16	711	0
1805	2	1159	0
1806	17	358	0
1807	9	1056	0
1808	207	59	0
1809	78	141	0
181	10	1877	0
1810	73	190	0
1811	1	8087	0
1812	16	1496	0
1813	99	266	0
1814	29	622	0
1815	23	504	0
1816	9	2217	0
1818	1	3145	0
1819	63	158	0
182	34	196	0
1820	120	128	0
1821	5	1522	0
1822	180	129	0
1823	124	108	0
1824	150	130	0
1825	101	103	0
1826	160	161	0
1827	47	321	0
1828	184	80	0
1829	255	59	0
183	27	197	0
1830	31	613	0
1831	62	194	0
1832	406	42	0
1833	2	4913	0
1834	2	2798	0
1836	48	573	0
1837	120	88	0
1838	101	183	0
1839	14	738	0
1840	29	428	0
1841	37	180	0
1842	1	3952	0
1843	96	162	0
1844	78	217	0
1845	72	115	0
1846	113	167	0
1847	52	351	0
1848	122	118	0
1849	68	247	0
185	93	256	0
1850	40	393	0
1852	97	152	0
1854	121	107	0
1855	122	132	0
1856	534	34	0
1857	265	73	0
1859	1061	23	0
186	11	838	0
1861	69	162	0
1869	159	140	0
187	208	217	0
1870	35	316	0
1871	63	213	0
1874	477	56	0
1875	22	999	0
1876	184	130	0
1877	96	243	0
1879	13	1061	0
1880	37	939	0
1889	105	139	0
189	42	718	0
1890	88	203	0
1891	222	71	0
1892	230	83	0
1893	126	98	0
1894	884	28	0
1896	99	305	0
19	27	258	0
190	20	543	0
1901	105	220	0
1902	205	325	0
1903	3	5933	0
1906	5	2131	0
1908	103	358	0
1909	48	572	0
191	286	64	0
1910	34	692	0
1911	77	185	0
1912	140	114	0
1915	705	28	0
191585	1	2214	0
1917	296	56	0
192111	266	63	0
192286	17	495	0
192666	53	298	0
192668	24	931	0
192669	145	116	0
192670	117	161	0
192683	24	872	0
1933	198	65	0
1936	323	40	0
193629	1	9228	0
1937	438	41	0
1938	541	29	0
1939	52	185	0
1942	96	145	0
1943	67	378	0
1944	105	178	0
1945	234	109	0
1946	68	348	0
1947	248	89	0
1948	124	187	0
1949	50	370	0
1950	19	417	0
1951	38	366	0
1952	95	216	0
1953	14	412	0
1954	54	203	0
1955	6	1754	0
1956	1718	14	0
1958	54	260	0
195814	37	773	0
195827	2	1983	0
195828	1	1391	0
1959	163	209	0
196	128	135	0
1960	2	2823	0
196051	50	626	0
196074	274	103	0
1961	4	2466	0
1962	144	134	0
196264	5	2094	0
196294	243	154	0
196335	1	16856	0
196374	86	124	0
196383	6	1400	0
196385	30	266	0
196394	4	3620	0
1964	107	111	0
196403	105	136	0
196410	17	462	0
196441	182	96	0
196446	1	10395	0
196463	44	155	0
196472	20	1089	0
196477	14	1767	0
196483	25	780	0
1965	250	66	0
196500	15	1971	0
196513	103	180	0
196527	127	109	0
196528	149	124	0
196541	19	456	0
196549	1	3749	0
1967	128	90	0
196740	12	1277	0
196743	3	2261	0
196792	57	408	0
1968	293	66	0
196872	1	1962	0
196883	7	1698	0
1969	708	38	0
196913	2	2878	0
196951	15	1027	0
196993	1	4080	0
196996	10	1160	0
197	95	114	0
197003	1	7118	0
197021	25	1248	0
197131	157	93	0
197135	2	4348	0
197187	1	1962	0
197196	2	4250	0
197257	48	487	0
197258	43	231	0
197259	53	287	0
1973	338	51	0
197320	10	697	0
197322	59	217	0
197335	34	314	0
197342	5	1476	0
197350	1	4354	0
197358	7	878	0
197370	33	363	0
1974	161	81	0
197407	147	184	0
1975	391	44	0
1977	193	96	0
1978	80	178	0
1979	35	318	0
1981	411	48	0
1982	137	69	0
1983	200	70	0
1984	238	61	0
198437	1	11727	0
199	10	901	0
1990	17	1081	0
1991	24	780	0
1992	67	198	0
199221	19	398	0
199223	14	522	0
1993	167	118	0
1994	2026	21	0
1995	25	450	0
1996	36	238	0
199675	13	1755	0
199692	19	639	0
1997	119	219	0
199704	4	981	0
199713	161	171	0
199720	24	498	0
199731	45	320	0
199745	27	508	0
199746	14	577	0
199777	3	1860	0
199786	3	2097	0
1998	149	117	0
199800	1	4354	0
199834	79	795	0
199857	8	5585	0
199870	19	466	0
1999	48	322	0
199920	8	2874	0
199953	126	108	0
199964	1	3480	0
199990	61	238	0
2	180	94	0
20	106	167	0
2000	110	275	0
200008	3	4505	0
200010	5	1378	0
200014	36	519	0
200030	3	1743	0
200081	237	63	0
2001	47	456	0
200132	9	1736	0
200150	53	572	0
200162	16	358	0
200172	2	1248	0
200185	69	310	0
200186	59	171	0
2002	104	127	0
200205	92	164	0
200232	260	387	0
200261	2	6942	0
200298	1	6641	0
200312	3	8571	0
200315	11	1112	0
200316	65	315	0
200350	27	711	0
200373	2	3221	0
2004	114	224	0
200403	12	2153	0
200407	3	1699	0
200424	23	294	0
2005	86	211	0
200504	7	3047	0
200523	49	604	0
200539	20	924	0
200558	41	444	0
200576	43	186	0
2006	20	538	0
200634	33	1119	0
200728	403	121	0
200734	58	252	0
200765	11	670	0
200810	5	5145	0
200844	3	1671	0
200845	68	247	0
200879	57	514	0
200894	316	89	0
200895	288	82	0
2009	29	271	0
200909	3	6354	0
200916	78	144	0
200931	7	2572	0
200933	86	195	0
200942	8	2011	0
200958	24	845	0
2010	784	23	0
2011	265	61	0
201134	28	372	0
201158	55	557	0
201161	116	140	0
201163	97	146	0
201164	149	176	0
201176	11	357	0
201181	32	728	0
2012	62	770	0
201232	29	596	0
201254	27	362	0
201255	20	1634	0
201266	52	319	0
201283	1	9488	0
201292	77	159	0
201294	25	297	0
201299	7	2350	0
2013	5	2096	0
201305	20	2756	0
2014	67	495	0
201456	12	1024	0
201475	26	357	0
201501	15	1150	0
201514	11	568	0
201516	15	1485	0
201562	73	166	0
201595	250	60	0
2016	9	2533	0
201625	15	450	0
201626	115	111	0
201627	82	229	0
201633	25	1523	0
2017	416	40	0
201725	15	607	0
201780	5	5071	0
201798	5	2287	0
201799	38	1022	0
2018	34	418	0
201895	6	1537	0
2019	107	220	0
201931	186	177	0
201965	19	344	0
201973	20	638	0
202	73	205	0
2020	7	1606	0
202018	37	476	0
202051	50	520	0
202052	74	352	0
2021	59	198	0
202134	27	1148	0
202151	10	885	0
202181	1	1962	0
2022	205	142	0
202243	65	448	0
202299	141	138	0
2023	702	31	0
202333	32	275	0
202374	16	917	0
202459	4	1253	0
202559	128	139	0
2026	133	110	0
202658	2	7578	0
2027	86	139	0
2028	5	4140	0
202865	3	5430	0
2029	59	227	0
202915	100	211	0
203	62	151	0
2030	112	137	0
203054	15	585	0
203062	36	420	0
203068	677	33	0
203069	6	672	0
203076	11	1710	0
203100	182	160	0
203102	25	1374	0
203111	34	557	0
203190	2	2495	0
203197	26	877	0
203228	1318	19	0
203238	7	659	0
203245	14	693	0
203259	48	305	0
203260	66	381	0
203274	1	4354	0
203286	54	217	0
2033	1317	21	0
203328	48	804	0
2034	160	113	0
203427	9	663	0
203447	4	1896	0
2035	116	101	0
203522	19	1166	0
203523	10	786	0
203547	108	251	0
203562	197	174	0
203569	8	3136	0
2036	161	88	0
203611	5	2015	0
2037	276	51	0
2038	10	725	0
203859	11	813	0
2039	35	218	0
204	166	105	0
2040	325	49	0
204010	1	11034	0
2041	232	97	0
2042	100	138	0
204219	59	642	0
2043	181	103	0
2044	144	149	0
204474	3	5348	0
2045	279	89	0
2046	156	143	0
2047	22	544	0
2048	182	84	0
204801	4	1519	0
204851	34	314	0
2049	24	345	0
204962	20	1015	0
205	170	125	0
2050	133	133	0
2051	76	215	0
205147	1	4442	0
2052	103	104	0
2053	18	432	0
205327	6	2533	0
2054	75	244	0
205428	50	213	0
2055	32	643	0
205564	58	341	0
2056	14	1031	0
2057	36	455	0
205717	20	471	0
2058	491	44	0
205860	63	304	0
2059	100	114	0
206	1	4354	0
2060	206	60	0
2063	39	357	0
206338	2	2126	0
206358	11	817	0
2064	676	37	0
206412	1	14347	0
206426	11	2008	0
2065	325	55	0
2066	167	136	0
2067	56	260	0
2068	74	144	0
2069	11	1354	0
207	566	22	0
2070	246	96	0
207063	22	607	0
2071	161	99	0
207147	1	14093	0
2072	82	167	0
2073	56	249	0
2074	226	96	0
2077	105	183	0
2078	216	92	0
2079	224	66	0
208	118	83	0
2081	55	166	0
2086	3	779	0
2091	628	45	0
2098	75	154	0
2099	2291	14	0
21	41	465	0
210	40	286	0
2100	2290	15	0
2101	62	156	0
2103	100	117	0
2104	68	205	0
2107	130	98	0
2108	278	51	0
2109	170	85	0
211	133	210	0
2110	21	242	0
2113	108	161	0
2114	51	253	0
2115	20	630	0
2116	2	3840	0
2117	129	154	0
2118	66	247	0
2119	31	294	0
212	4	1718	0
2120	103	115	0
2121	5	711	0
2122	360	67	0
2123	20	975	0
2124	33	1445	0
2125	92	234	0
2128	1	6351	0
213	369	47	0
2130	838	28	0
2131	51	384	0
2132	78	195	0
2134	6	4866	0
2135	46	899	0
2137	106	234	0
2138	45	299	0
2139	121	178	0
214	77	142	0
2140	70	183	0
2145	82	357	0
2146	1457	16	0
2147	41	290	0
2149	27	934	0
215	74	124	0
2150	171	140	0
2152	24	309	0
2153	18	738	0
2155	17	704	0
2157	18	780	0
2158	38	745	0
2159	26	582	0
216	50	252	0
2160	9	1237	0
2161	68	339	0
2162	14	572	0
2165	2	8993	0
2166	11	1629	0
2167	19	729	0
2168	14	435	0
2169	4	1486	0
217	130	89	0
2170	30	369	0
2171	150	99	0
2172	2	5880	0
2173	16	404	0
2175	158	112	0
2176	85	163	0
2177	823	30	0
2178	29	467	0
218	75	209	0
2180	71	151	0
2181	253	50	0
2182	138	79	0
2184	21	264	0
2185	77	190	0
2186	190	105	0
2187	24	519	0
2188	22	757	0
2189	101	193	0
219	185	84	0
2191	19	481	0
2192	120	116	0
219285	11	390	0
219287	5	910	0
219293	36	222	0
2193	167	91	0
219333	66	175	0
219347	1	8674	0
219348	27	763	0
2194	394	40	0
219402	296	144	0
219409	46	725	0
219431	3	3381	0
219432	1	1391	0
219437	2	6065	0
219447	1	17354	0
219482	3	4105	0
219484	4	2453	0
219487	2	5804	0
219493	1	4509	0
2195	103	150	0
219527	64	1261	0
219537	5	1446	0
219541	103	161	0
219557	1	6584	0
219578	3	2909	0
219595	10	838	0
2196	7	582	0
219621	26	815	0
219654	7	709	0
219670	12	889	0
219681	5	2629	0
219699	78	264	0
2197	200	88	0
219736	14	876	0
219738	89	434	0
219743	24	232	0
219749	5	640	0
219770	13	1095	0
219771	46	220	0
219790	8	887	0
219793	1	13587	0
219833	9	1261	0
219844	5	2896	0
219854	77	646	0
219855	1	1391	0
219865	1	4645	0
219869	1	6309	0
219870	5	2267	0
219873	7	4180	0
219874	40	480	0
219899	11	563	0
2199	52	648	0
219902	20	1071	0
219927	176	133	0
219931	62	385	0
219938	8	2481	0
219957	4	1557	0
219972	3	1464	0
219981	3	2459	0
219983	2	2190	0
219988	177	94	0
219990	1	4267	0
219995	38	1557	0
22	135	88	0
220	51	315	0
2200	31	285	0
220001	62	395	0
220002	24	1580	0
220004	78	233	0
220032	4	3788	0
220042	14	802	0
220047	11	1632	0
220064	12	802	0
220074	4	1136	0
220081	8	575	0
220082	134	284	0
2201	56	191	0
220107	1	7646	0
220108	46	548	0
220134	67	210	0
220136	30	562	0
220164	23	885	0
2202	118	117	0
220202	1	8774	0
220213	169	100	0
220296	5	586	0
2203	345	58	0
220323	61	1261	0
220359	12	1040	0
220388	18	915	0
2204	6	3140	0
220416	1	3286	0
220441	20	1115	0
2205	35	866	0
220594	9	1641	0
2206	7	1115	0
2207	86	503	0
220717	129	148	0
2208	7	1710	0
220869	8	647	0
220885	8	643	0
2209	46	977	0
220929	70	248	0
220963	5	1151	0
220965	19	806	0
220972	61	294	0
220979	2	3228	0
220988	487	37	0
220992	29	397	0
221	107	212	0
2210	3	2490	0
221002	6	2611	0
221035	30	298	0
221037	85	154	0
221044	1	9047	0
221061	88	195	0
221074	79	646	0
221078	14	469	0
221079	55	410	0
221091	62	300	0
221092	273	62	0
221120	53	216	0
221143	7	1499	0
221150	148	135	0
221154	93	115	0
221178	17	477	0
221184	89	132	0
221188	92	594	0
2212	46	513	0
221241	1	6501	0
221264	17	695	0
221294	26	250	0
2213	15	1072	0
221301	39	1314	0
221302	171	133	0
221322	93	213	0
221336	5	2791	0
221357	8	1852	0
221391	2	7641	0
221393	1	6584	0
221395	7	2196	0
2214	32	580	0
221400	8	1041	0
221409	11	1670	0
221416	2	1258	0
221421	18	693	0
221424	33	580	0
221443	15	351	0
221458	7	2793	0
221472	25	456	0
221476	8	2398	0
221477	8	1090	0
221481	55	235	0
221491	1	18828	0
221496	94	118	0
2215	42	933	0
221504	114	194	0
221527	7	1732	0
221545	9	1324	0
221547	2	2347	0
221613	70	155	0
221656	58	263	0
221662	38	464	0
221687	11	779	0
221692	10	598	0
2217	114	259	0
221710	2	1457	0
221711	5	622	0
221718	3	3992	0
221749	7	1344	0
221756	1	2214	0
221785	73	309	0
221786	10	677	0
2218	10	1202	0
221806	67	434	0
221823	34	322	0
221830	53	188	0
221833	3	10838	0
221838	1	2090	0
221883	1	2635	0
221895	60	322	0
2219	32	841	0
221908	10	507	0
221914	8	1089	0
221927	94	151	0
221935	20	301	0
221937	237	64	0
221938	8	1862	0
221955	56	294	0
221960	13	314	0
221981	25	387	0
222	24	428	0
2220	3	10025	0
222008	5	5351	0
222068	74	131	0
2221	1	3475	0
222166	34	367	0
222171	8	768	0
222183	3	882	0
222194	114	131	0
2222	136	80	0
222223	6	944	0
222229	115	114	0
222234	10	2001	0
222235	42	405	0
222236	3	2250	0
222255	80	223	0
222256	7	3366	0
222389	94	252	0
2224	124	92	0
222484	101	152	0
222487	12	4406	0
222537	1	5191	0
222546	43	512	0
222553	18	1346	0
222584	141	112	0
222611	1	3352	0
222642	62	1035	0
222643	22	707	0
222658	16	376	0
222659	1	6584	0
222662	141	514	0
222663	2	743	0
222696	38	878	0
222698	24	350	0
2228	1	5540	0
222826	3	1733	0
222865	35	1034	0
222894	15	1750	0
222950	11	593	0
222962	3	1791	0
222967	2	3032	0
223	81	121	0
2230	39	410	0
223082	47	315	0
223117	6	1263	0
2232	70	190	0
2235	125	104	0
2237	192	72	0
2239	76	145	0
224	304	48	0
2241	38	190	0
2242	34	296	0
2243	87	133	0
2244	191	98	0
2245	41	252	0
2246	39	620	0
2247	45	246	0
2248	62	513	0
2249	39	849	0
225	3	1724	0
2250	6	2545	0
2251	4	4242	0
2252	5	3410	0
2253	104	393	0
2254	13	1940	0
2255	12	776	0
2256	169	160	0
225689	55	234	0
2257	75	327	0
2258	114	211	0
2259	41	768	0
226	311	54	0
2260	608	34	0
2261	288	85	0
2262	11	786	0
2263	217	103	0
2264	442	65	0
2266	95	175	0
2267	76	298	0
2268	82	176	0
2271	166	107	0
2272	18	791	0
2273	120	86	0
2274	382	51	0
2275	268	73	0
2277	36	845	0
22794	140	106	0
22795	75	242	0
22796	83	198	0
22797	12	1575	0
22798	4	3532	0
2280	108	117	0
22800	84	143	0
22801	4	836	0
22802	24	1055	0
22803	332	50	0
22806	303	63	0
22807	25	509	0
22808	13	953	0
22809	19	672	0
2281	31	811	0
22818	132	82	0
22820	222	65	0
22821	31	217	0
22822	62	197	0
22823	78	207	0
22824	238	57	0
22826	223	83	0
22827	360	57	0
22828	61	150	0
22829	5	1488	0
22832	162	146	0
22834	6	686	0
22835	12	489	0
22836	95	174	0
22837	66	153	0
22838	15	1805	0
22839	67	181	0
22841	79	187	0
22843	38	264	0
22844	5	1265	0
22845	50	972	0
22846	14	657	0
22847	47	247	0
22848	108	97	0
22849	4	902	0
22850	56	241	0
22852	132	142	0
22853	100	167	0
22854	102	266	0
22856	49	307	0
22858	57	220	0
22859	72	190	0
2286	76	142	0
22861	40	309	0
22862	288	50	0
22863	63	290	0
22864	128	213	0
22865	19	590	0
22866	14	501	0
22868	272	99	0
22869	22	655	0
2287	125	92	0
22870	165	81	0
22871	21	1133	0
22872	178	74	0
22873	41	235	0
22874	33	224	0
22875	24	370	0
22876	40	209	0
22877	17	498	0
22878	73	151	0
22879	21	500	0
2288	272	47	0
22880	86	122	0
22881	6	1851	0
22882	70	169	0
22883	108	187	0
22884	74	132	0
22885	34	399	0
22887	39	212	0
22888	21	473	0
22889	58	261	0
2289	409	50	0
22890	137	124	0
22891	17	499	0
22893	61	202	0
22894	177	91	0
22895	25	427	0
22897	129	155	0
22898	4	1736	0
22899	47	284	0
229	34	495	0
2290	84	218	0
22900	52	436	0
22901	37	431	0
22902	53	185	0
22903	17	320	0
22904	13	356	0
22905	92	121	0
22906	75	218	0
22907	512	47	0
22908	142	82	0
22909	56	280	0
22911	36	254	0
22913	352	48	0
22914	21	1001	0
22915	27	594	0
22916	125	119	0
22918	29	561	0
22919	508	39	0
22920	104	142	0
22921	60	220	0
22924	221	113	0
22925	3	2047	0
22926	111	138	0
22927	143	136	0
22928	30	329	0
22929	72	151	0
22930	150	85	0
22931	129	87	0
22932	8	788	0
22933	147	98	0
22934	56	157	0
22936	30	597	0
22937	117	164	0
22938	733	37	0
2294	33	403	0
22941	35	276	0
22943	23	374	0
22944	66	238	0
22948	512	46	0
22949	39	242	0
2295	53	475	0
22950	132	94	0
22953	67	504	0
22954	184	61	0
22955	48	375	0
2296	227	104	0
2297	4	3068	0
22974	201	79	0
22976	354	78	0
22977	16	888	0
22978	107	99	0
22979	68	217	0
2298	56	325	0
22980	89	120	0
22981	456	78	0
22982	9	359	0
22983	222	122	0
22984	378	69	0
22985	295	63	0
22986	6	2266	0
22987	12	1146	0
22989	20	474	0
2299	91	255	0
22990	12	417	0
22992	95	127	0
22993	8	1494	0
22994	198	80	0
22995	164	155	0
22996	12	873	0
22997	8	805	0
22998	93	117	0
22999	19	610	0
23	196	72	0
230	121	97	0
2300	194	141	0
23001	97	122	0
23002	51	207	0
23005	68	357	0
23007	72	183	0
23008	53	254	0
2301	7	1805	0
23011	113	86	0
23012	72	126	0
23013	136	136	0
23014	60	140	0
23015	34	735	0
23016	122	112	0
23017	10	1332	0
23019	271	63	0
2302	25	1057	0
23020	427	40	0
23022	115	94	0
23023	22	246	0
23024	38	353	0
23025	10	1006	0
23026	11	439	0
23028	796	40	0
23029	287	83	0
2303	41	412	0
23030	64	183	0
23031	126	150	0
23032	138	99	0
23033	19	304	0
23034	44	171	0
23035	31	332	0
23036	60	210	0
23037	22	392	0
23038	147	105	0
23039	1092	27	0
2304	79	325	0
23040	8	904	0
23041	143	89	0
23042	203	85	0
23043	154	98	0
23046	48	226	0
23047	174	75	0
23048	117	109	0
23049	87	121	0
2305	111	161	0
23051	46	259	0
23052	83	128	0
23053	66	208	0
23054	139	147	0
23057	23	410	0
23059	226	78	0
2306	28	594	0
23060	138	131	0
23061	77	142	0
23062	80	150	0
23063	168	91	0
23064	154	96	0
23065	405	41	0
23066	85	167	0
23067	69	258	0
2307	85	229	0
23070	210	86	0
23071	175	81	0
23072	34	367	0
23074	71	173	0
23075	74	133	0
23076	311	63	0
23077	215	78	0
23078	333	69	0
2308	331	57	0
23080	22	321	0
23081	63	206	0
23082	18	467	0
23085	181	80	0
23086	53	231	0
23087	97	291	0
23089	103	115	0
2309	84	130	0
23090	39	320	0
23091	154	93	0
23092	64	224	0
23093	47	262	0
23094	111	125	0
23095	159	92	0
23096	33	173	0
23097	86	266	0
23098	49	237	0
23099	46	294	0
231	78	188	0
2310	5	1492	0
23101	36	388	0
23102	90	229	0
23105	33	452	0
23107	326	67	0
23108	10	436	0
23109	6	1630	0
23111	102	102	0
23112	279	89	0
23113	169	134	0
23114	7	567	0
23116	12	744	0
23117	2	2281	0
23118	165	79	0
23119	58	209	0
2312	103	151	0
23120	4	2594	0
23122	135	87	0
23125	17	670	0
23126	263	73	0
23127	65	324	0
23129	22	271	0
2313	58	297	0
23130	41	261	0
23131	110	128	0
23132	98	155	0
23133	174	94	0
23135	93	179	0
23136	245	71	0
23137	991	29	0
23138	49	230	0
23139	50	181	0
2314	288	57	0
23140	130	129	0
23141	202	93	0
23142	30	241	0
23143	62	160	0
23144	226	146	0
23145	6	1173	0
23148	20	386	0
23149	71	254	0
2315	5	1125	0
23150	6	1638	0
23151	61	189	0
23152	674	34	0
23154	105	122	0
23155	185	83	0
23157	76	129	0
23158	55	316	0
2316	608	19	0
23160	112	123	0
23161	20	726	0
23162	56	237	0
23163	108	104	0
23164	212	61	0
23165	234	56	0
23166	10	877	0
23167	106	165	0
23168	105	108	0
23169	3	926	0
2317	297	45	0
23170	119	103	0
23171	64	218	0
23172	88	127	0
23173	49	158	0
23174	36	272	0
23175	30	210	0
23176	79	137	0
23177	19	529	0
23178	130	173	0
23179	14	605	0
2318	217	67	0
23180	35	217	0
23181	94	116	0
23184	145	93	0
23185	237	81	0
23186	495	46	0
23187	44	156	0
23189	38	186	0
2319	280	48	0
23190	180	84	0
23191	188	66	0
23192	122	130	0
23193	361	53	0
23194	25	407	0
23195	189	75	0
23196	342	66	0
23197	434	35	0
23198	93	145	0
23199	154	108	0
23200	8	1153	0
23201	142	118	0
23203	379	87	0
23204	126	126	0
23205	6	1103	0
23207	12	965	0
23208	30	318	0
23209	19	628	0
2321	156	156	0
23210	198	102	0
23211	147	97	0
23212	340	67	0
23213	32	726	0
23214	87	157	0
23215	274	68	0
23216	60	153	0
23217	4	1343	0
23218	24	414	0
23219	105	172	0
2322	189	115	0
23220	20	598	0
23221	164	112	0
23223	300	58	0
23224	173	64	0
23225	172	60	0
23228	16	365	0
23229	26	239	0
2323	3	5754	0
23230	104	107	0
23231	54	385	0
23232	10	1119	0
23233	44	211	0
23234	289	81	0
23235	104	124	0
23236	46	181	0
23237	25	479	0
23239	305	66	0
2324	246	91	0
23240	87	341	0
23241	18	390	0
23242	75	164	0
23243	229	89	0
23244	242	67	0
23245	9	847	0
23246	187	98	0
23247	11	552	0
23248	144	101	0
23250	35	328	0
23251	9	884	0
23252	56	207	0
23253	37	229	0
23254	26	270	0
23255	80	128	0
23256	223	65	0
23258	21	321	0
23259	42	221	0
2326	10	2826	0
23261	8	616	0
23262	63	191	0
23263	20	317	0
23264	49	192	0
23265	123	104	0
23266	86	191	0
23268	109	139	0
23269	225	87	0
2327	3	3557	0
23270	36	417	0
23271	161	122	0
23272	84	137	0
23274	625	50	0
23275	16	298	0
23276	39	288	0
23277	137	128	0
23279	174	78	0
2328	5	3289	0
23281	368	86	0
23283	92	111	0
23284	23	993	0
23285	38	379	0
23286	91	156	0
23287	60	185	0
23288	33	307	0
2329	3	2816	0
23291	462	59	0
23293	82	178	0
23294	160	94	0
23295	88	142	0
23299	422	62	0
2330	6	1382	0
23300	12	742	0
23301	129	91	0
23303	142	124	0
23304	116	121	0
23305	5	1236	0
23306	88	154	0
23307	95	121	0
23308	19	840	0
23309	137	120	0
2331	41	399	0
23310	145	92	0
23312	64	179	0
23313	26	387	0
23314	159	144	0
23315	21	695	0
23316	14	1180	0
23317	140	63	0
23318	84	147	0
2332	283	51	0
23321	49	192	0
23322	184	147	0
23324	70	534	0
23325	102	105	0
23326	157	112	0
23327	304	45	0
23328	50	293	0
23329	25	256	0
23331	105	115	0
23332	117	98	0
23333	69	198	0
23334	38	356	0
23335	50	185	0
23336	55	169	0
23338	46	340	0
23339	53	220	0
2334	6	1572	0
23341	230	82	0
23344	421	35	0
23345	110	99	0
23347	187	74	0
23348	59	165	0
23349	6	2987	0
2335	806	32	0
23350	342	76	0
23351	20	394	0
23352	307	49	0
23353	156	105	0
23354	131	139	0
23355	61	222	0
23357	53	390	0
23358	106	94	0
23359	1	8717	0
23360	63	150	0
23361	126	138	0
23362	68	182	0
23363	901	34	0
23365	91	111	0
23366	12	926	0
23367	466	47	0
23368	164	111	0
23369	138	113	0
23370	32	203	0
23371	232	96	0
23373	26	405	0
23376	1026	28	0
23378	257	99	0
23379	50	268	0
23380	156	108	0
23381	78	155	0
23382	137	115	0
23383	136	122	0
23384	158	89	0
23385	177	73	0
23386	146	97	0
23387	70	146	0
23389	101	192	0
2339	76	189	0
23390	278	85	0
23392	318	44	0
23394	202	90	0
23395	143	125	0
23396	42	218	0
23397	305	75	0
23398	47	192	0
23399	69	249	0
23400	97	199	0
23401	26	442	0
23403	31	254	0
23404	154	126	0
23405	170	98	0
23406	54	174	0
23408	63	181	0
23409	12	1024	0
23410	89	174	0
23411	390	58	0
23412	70	208	0
23413	77	251	0
23414	29	506	0
23415	5	1717	0
23416	2	1995	0
23417	29	550	0
23418	8	1623	0
2342	96	146	0
23420	179	89	0
23421	69	280	0
23423	24	343	0
23424	50	323	0
23426	82	148	0
23428	31	1548	0
23429	233	84	0
23431	50	252	0
23432	29	378	0
23433	435	68	0
23434	9	2298	0
23435	514	34	0
23436	13	2239	0
23437	1	7061	0
23438	184	122	0
23439	59	890	0
23440	9	3194	0
23443	10	743	0
23446	39	306	0
23450	533	47	0
23451	548	46	0
23452	5	1216	0
23456	74	184	0
23457	33	1365	0
2346	15	468	0
23460	9	2940	0
23461	8	652	0
23462	137	131	0
23463	59	163	0
23464	57	162	0
23466	279	106	0
23467	25	676	0
23468	328	77	0
23469	113	112	0
23471	47	119	0
23473	39	309	0
23474	45	153	0
23475	82	245	0
23476	1591	25	0
23478	92	145	0
23479	41	238	0
2348	225	85	0
23480	41	241	0
23481	251	76	0
23483	8	2020	0
23484	76	353	0
23491	15	960	0
23492	43	297	0
23493	50	350	0
23495	44	633	0
23498	6	2179	0
23499	201	62	0
2350	1	18060	0
23500	28	541	0
23503	48	310	0
23504	5	3444	0
23505	141	122	0
23506	44	281	0
23507	30	439	0
23508	5	1762	0
23509	37	234	0
23510	54	239	0
23511	144	97	0
23512	636	43	0
23513	254	58	0
23514	22	354	0
23515	75	127	0
23516	112	106	0
23517	225	86	0
23518	86	154	0
2352	7	1699	0
23520	6	2862	0
23521	549	51	0
23522	33	264	0
23523	78	215	0
23524	444	36	0
23526	24	305	0
23527	48	178	0
23528	168	109	0
23529	12	977	0
2353	263	89	0
23530	174	73	0
23531	24	694	0
23532	95	145	0
23533	7	923	0
23534	230	71	0
23536	10	439	0
23539	5	3095	0
2354	44	384	0
23541	23	430	0
23542	108	188	0
23543	285	73	0
23544	10	961	0
23545	127	120	0
23546	2	10015	0
23548	49	367	0
23549	84	161	0
2355	82	189	0
23550	17	418	0
23551	13	814	0
23552	113	139	0
23553	4	3200	0
23554	21	2212	0
23555	274	243	0
23556	68	218	0
23557	157	130	0
23558	80	124	0
23559	41	586	0
2356	26	347	0
23560	402	54	0
23562	4	6779	0
23563	33	737	0
23564	69	177	0
23566	65	360	0
23567	376	116	0
23568	38	407	0
23569	32	316	0
2357	140	245	0
23576	47	178	0
2358	136	489	0
23580	76	155	0
23581	156	87	0
23582	134	249	0
23583	45	456	0
23584	31	590	0
23585	16	618	0
23586	1763	20	0
23587	18	561	0
23588	74	262	0
23589	55	132	0
23590	23	418	0
23592	265	56	0
23593	15	446	0
23594	45	281	0
23595	91	118	0
23596	5	1518	0
23597	160	96	0
23598	161	116	0
23600	66	395	0
23601	19	1185	0
23603	325	45	0
23604	14	764	0
23607	193	70	0
23608	165	124	0
23609	383	62	0
23612	29	295	0
23613	190	95	0
23616	44	464	0
23617	24	591	0
23619	51	438	0
23621	33	356	0
23623	101	234	0
23624	73	194	0
23625	6	2210	0
23626	3	1799	0
23627	7	4166	0
23630	7	1591	0
23632	70	396	0
23633	167	93	0
23635	103	213	0
23636	257	57	0
23637	117	91	0
23639	18	1103	0
23640	165	78	0
23641	112	248	0
23642	8	778	0
23643	8	2416	0
23644	214	81	0
23645	38	211	0
23646	240	69	0
23647	99	122	0
23648	90	152	0
23649	129	117	0
23650	220	72	0
23654	162	96	0
23657	76	208	0
23658	69	253	0
23659	16	396	0
23660	15	858	0
23666	10	768	0
23670	112	122	0
23671	12	968	0
23673	240	70	0
23676	3	9636	0
23677	129	91	0
23678	61	193	0
23682	28	361	0
23683	43	205	0
23704	35	644	0
23705	34	169	0
23708	106	154	0
23710	147	92	0
23714	3	4320	0
23729	26	275	0
23731	36	202	0
23732	1	6209	0
23741	49	317	0
23742	8	4316	0
23743	7	1218	0
23746	34	409	0
23753	306	76	0
23759	76	128	0
23760	52	135	0
23761	65	139	0
23762	24	190	0
23764	43	224	0
23765	153	169	0
23766	2	2292	0
23767	19	424	0
23768	21	1216	0
23769	40	400	0
23770	532	43	0
23772	1	5294	0
23774	344	71	0
23779	23	305	0
23780	108	146	0
23784	1	18414	0
23786	137	121	0
23787	197	92	0
23788	408	39	0
238	588	39	0
239	9	861	0
2395	54	387	0
24	5	1158	0
240	70	295	0
241	11	2925	0
24137	101	103	0
24138	68	169	0
24139	37	192	0
24140	73	172	0
24141	10	540	0
24142	13	686	0
24144	410	54	0
24145	273	99	0
24146	4	1728	0
24147	4	7147	0
24148	334	59	0
24149	132	110	0
24150	1	2259	0
242	98	184	0
2436	1	3589	0
2444	48	331	0
245	1	2214	0
245711	11	670	0
245802	7	3473	0
245806	2	2533	0
245812	19	652	0
245908	1	10910	0
245909	16	2245	0
245910	12	1309	0
245911	3	11758	0
245913	14	1104	0
245915	3	8467	0
245928	2	3942	0
245929	2	3070	0
245930	6	2604	0
245932	1	3570	0
245934	20	1693	0
245936	15	2122	0
245937	4	1830	0
245938	18	1407	0
245939	1	13443	0
245940	1	5523	0
245972	57	493	0
245973	42	352	0
246	9	1479	0
246100	78	390	0
246126	1	6636	0
246175	91	258	0
246176	54	304	0
246181	71	470	0
246184	48	298	0
246213	6	3682	0
246243	46	223	0
246269	13	979	0
246329	43	656	0
246330	36	332	0
246715	1	3471	0
246721	4	1285	0
246744	16	1227	0
246777	1	4755	0
246778	5	4685	0
247	22	1127	0
2475	314	57	0
248	69	224	0
2483	57	190	0
2487	10	1256	0
2488	1	17720	0
249	23	545	0
2491	34	334	0
2492	35	635	0
2494	34	397	0
2495	168	82	0
2498	1	3186	0
25	219	69	0
250	126	160	0
251	31	582	0
2512	343	81	0
2515	8	2080	0
2516	33	270	0
2517	26	249	0
2519	42	201	0
2520	36	870	0
2521	747	34	0
2523	35	726	0
2524	1	8501	0
2525	26	1410	0
2526	8	3021	0
252839	224	120	0
252884	21	1359	0
2529	5	1475	0
252969	20	604	0
252983	81	240	0
252995	126	323	0
2530	111	191	0
253012	38	1031	0
253017	1	5168	0
253018	1	2214	0
2531	99	162	0
253143	58	202	0
253152	25	644	0
253175	1	2148	0
253190	7	2645	0
2532	3	8177	0
253260	721	32	0
2533	21	483	0
253314	3	2574	0
2534	358	49	0
253430	11	765	0
253461	143	154	0
2535	59	865	0
253512	42	634	0
253558	73	155	0
253559	7	742	0
253635	53	210	0
253639	82	279	0
253650	9	766	0
2537	49	303	0
253714	62	263	0
253724	3	1447	0
253725	67	203	0
253738	23	577	0
253769	8	502	0
253782	102	198	0
2538	3	10311	0
253827	89	171	0
253832	34	632	0
253868	1	5168	0
2539	202	75	0
253935	1	3273	0
253943	247	85	0
253959	74	127	0
253980	50	251	0
253982	5	1035	0
254013	28	419	0
254042	10	1185	0
254048	88	182	0
254050	2	4052	0
254065	43	266	0
254102	52	192	0
254122	24	663	0
254158	5	3005	0
254170	16	777	0
254173	16	1250	0
254187	138	171	0
2542	46	370	0
254225	73	160	0
254228	4	2043	0
254240	2	4421	0
254251	12	955	0
254263	10	1271	0
254268	10	1553	0
254272	5	2337	0
254295	7	1370	0
2543	13	1175	0
254359	13	1175	0
254394	49	430	0
254427	56	182	0
254428	38	1072	0
254528	4	2580	0
254531	47	248	0
254552	21	1225	0
2547	912	27	0
254773	55	504	0
254778	6	3400	0
254786	1	2951	0
2548	115	117	0
254827	18	439	0
254863	15	904	0
254879	1	4834	0
254887	72	227	0
254896	42	518	0
2549	161	105	0
254910	88	682	0
254950	80	485	0
254956	12	2242	0
254958	3	6084	0
2550	42	480	0
255022	1	13150	0
255027	2	1249	0
255031	1	8674	0
255043	106	696	0
255057	76	308	0
255061	2	15930	0
255082	3	1137	0
2551	128	127	0
255101	4	2842	0
255104	5	1331	0
255119	7	1106	0
255167	2	4890	0
255180	1	8367	0
255189	9	1788	0
255193	4	2678	0
255220	6	612	0
255231	31	455	0
255239	30	603	0
255252	31	324	0
255275	11	3712	0
2553	36	318	0
255308	29	256	0
255324	4	6108	0
255330	41	801	0
255374	15	666	0
255394	20	404	0
2554	134	110	0
255403	13	584	0
255426	8	710	0
255488	38	350	0
2555	3	1910	0
255520	15	376	0
2556	24	1132	0
255626	179	100	0
255631	5	566	0
2557	4	1369	0
255725	18	2128	0
255738	74	321	0
255743	7	1445	0
255758	38	511	0
255762	8	844	0
255798	6	1657	0
2558	1	17079	0
255809	82	361	0
255812	1	2090	0
255877	31	943	0
2559	11	2166	0
255919	5	696	0
255926	2	2279	0
255928	3	2249	0
255967	65	176	0
2560	6	814	0
256006	6	2497	0
256051	4	705	0
256076	4	924	0
2561	8	765	0
256126	19	1088	0
256130	7	2729	0
256158	4	1290	0
2562	14	813	0
256223	1	19212	0
256227	3	2014	0
256236	1	3145	0
256281	17	406	0
256297	13	2064	0
2563	24	1282	0
256302	12	1059	0
256309	13	519	0
256329	18	2189	0
256355	14	1717	0
256356	6	1153	0
256364	57	217	0
256369	19	835	0
256380	6	3048	0
256394	2	1579	0
2564	50	702	0
256435	29	1735	0
256471	59	899	0
256472	1	8290	0
2565	3	5744	0
256536	2	3308	0
256586	14	1116	0
2566	21	794	0
256643	2	2491	0
256646	55	533	0
256691	10	752	0
2567	3	2317	0
256714	66	200	0
256764	8	1015	0
2568	2	2182	0
256815	13	2408	0
2569	6	1852	0
256933	27	665	0
256949	4	726	0
256957	3	2229	0
256979	6	5801	0
256987	31	256	0
257	19	1083	0
257000	3	1140	0
257019	26	713	0
257044	7	2576	0
257062	3	3804	0
257068	5	2171	0
2571	26	442	0
257101	9	4901	0
257106	5	788	0
257144	5	911	0
257160	102	164	0
257169	10	577	0
257194	13	583	0
2572	47	886	0
257203	146	171	0
257218	95	187	0
257236	160	249	0
257240	61	260	0
257313	2	3013	0
257364	61	179	0
257397	61	193	0
2574	1	10193	0
257407	6	588	0
257415	29	222	0
25758	6	929	0
25759	37	569	0
257629	9	871	0
25763	81	383	0
25764	113	137	0
25766	20	518	0
25769	1	2578	0
2577	50	660	0
25770	4	1893	0
25771	31	345	0
25776	179	169	0
25777	207	67	0
25778	66	296	0
25780	18	650	0
25782	140	84	0
25787	1	4354	0
25788	53	237	0
25789	41	934	0
25790	15	508	0
25791	75	182	0
25792	53	268	0
25793	590	42	0
25794	6	1194	0
25796	68	139	0
25797	42	230	0
25798	5	1530	0
25799	46	297	0
258	4	1303	0
2580	172	76	0
25800	118	205	0
25801	45	296	0
258010	29	450	0
25802	8	865	0
25803	35	351	0
25804	172	119	0
25805	12	2042	0
25806	8	2977	0
25807	26	725	0
25809	26	711	0
2581	33	291	0
25812	3	9357	0
25813	199	76	0
25814	121	89	0
25816	33	345	0
25817	16	1100	0
25818	106	258	0
25819	48	810	0
2582	50	158	0
25820	249	90	0
25821	79	241	0
25822	113	207	0
25823	2	8797	0
25824	164	92	0
25825	79	322	0
25827	31	307	0
25828	143	155	0
25829	35	662	0
2583	22	869	0
25830	21	731	0
25831	980	37	0
25832	3	1492	0
25833	7	1360	0
25834	37	1060	0
25836	189	80	0
25837	18	794	0
25839	105	138	0
2584	75	123	0
25840	359	75	0
25841	98	165	0
25842	244	110	0
25843	147	105	0
25844	181	129	0
25845	1	3471	0
25847	23	464	0
25849	14	1358	0
2585	21	315	0
25850	6	1233	0
25851	13	417	0
25852	228	79	0
25853	104	156	0
25854	2	1522	0
25855	91	144	0
25858	3	1515	0
25861	22	709	0
25862	59	291	0
25864	63	585	0
25865	251	83	0
2587	3	2589	0
25870	53	162	0
25871	102	154	0
25873	502	60	0
25874	56	180	0
25875	59	215	0
25876	8	2143	0
25878	9	688	0
25879	222	95	0
2588	81	409	0
25880	68	955	0
25884	33	987	0
25885	192	89	0
25886	121	225	0
25888	26	450	0
2589	46	273	0
25890	12	969	0
25891	3	3580	0
25893	19	633	0
25894	151	148	0
25895	364	82	0
25896	105	163	0
25897	19	561	0
25898	322	72	0
259	21	389	0
2590	92	161	0
25900	52	424	0
25901	30	294	0
25902	155	100	0
25903	10	588	0
25904	141	134	0
25906	125	242	0
25907	3	740	0
25909	142	82	0
2591	17	466	0
25911	29	343	0
25912	79	349	0
25913	233	120	0
25914	21	314	0
25915	119	139	0
25917	93	146	0
259173	9	1865	0
259197	118	464	0
2592	21	612	0
25920	111	114	0
25921	108	155	0
259215	5	2255	0
259217	102	142	0
25923	179	92	0
259230	9	602	0
259232	5	1450	0
259236	30	1031	0
259239	18	887	0
25924	7	1448	0
259240	5	3486	0
259249	4	3310	0
25925	38	400	0
25926	119	98	0
259266	138	133	0
25927	21	574	0
25928	26	814	0
259282	124	106	0
259285	1	7642	0
259287	19	1540	0
25929	239	78	0
259290	6	2382	0
259294	24	1037	0
259295	1	5711	0
259296	2	10221	0
2593	31	257	0
25930	153	87	0
259307	12	690	0
259308	1	6108	0
25932	132	101	0
25934	90	278	0
25936	54	369	0
25937	387	65	0
25938	25	210	0
25939	187	63	0
25940	233	86	0
25941	20	609	0
25942	346	59	0
25943	8	1317	0
25945	78	246	0
25946	20	385	0
25948	11	350	0
25949	69	202	0
2595	6	2448	0
25950	9	836	0
25953	130	124	0
25956	20	466	0
25957	46	201	0
25959	281	81	0
2596	37	265	0
25960	6	1302	0
25961	16	963	0
25962	2936	7	0
25963	183	141	0
25966	43	354	0
2597	682	23	0
25970	30	388	0
25972	44	647	0
25973	51	218	0
25974	16	420	0
25975	20	676	0
25976	1540	28	0
25977	73	211	0
25978	76	128	0
25979	100	103	0
25980	656	30	0
25981	17	501	0
25983	118	170	0
25984	30	317	0
25987	3	3122	0
25988	39	350	0
25989	60	206	0
25992	3	2045	0
25994	75	147	0
25996	32	319	0
25998	122	146	0
25999	15	580	0
26	11	2391	0
26000	89	111	0
26001	55	392	0
26002	47	216	0
26003	365	49	0
26005	33	339	0
26007	92	126	0
26009	137	140	0
26010	124	116	0
26011	14	968	0
26012	32	560	0
26013	107	204	0
26015	93	150	0
26017	30	234	0
26018	59	243	0
26019	156	109	0
26020	113	373	0
26022	23	753	0
26024	131	157	0
26025	9	1696	0
26027	18	717	0
260293	3	1099	0
260294	15	394	0
26030	99	122	0
26031	108	100	0
26032	24	744	0
26033	10	1195	0
260334	13	688	0
26034	10	1954	0
26035	44	242	0
26036	82	126	0
26037	161	112	0
26038	70	317	0
26039	100	176	0
26040	28	354	0
260425	54	212	0
260429	8	1670	0
26043	260	63	0
260431	1	7874	0
260434	2	3639	0
260436	11	1453	0
26045	19	1186	0
26046	197	93	0
26047	17	670	0
26048	8	1258	0
26049	34	188	0
26050	51	313	0
26051	63	315	0
26052	86	142	0
26053	43	291	0
26054	40	204	0
26056	176	73	0
26057	217	90	0
26058	254	85	0
26059	34	298	0
26060	174	72	0
26061	24	365	0
26063	52	153	0
26064	213	59	0
26065	242	70	0
26070	2	1881	0
26071	10	632	0
26073	204	80	0
26074	1	1249	0
26084	42	270	0
26085	10	2411	0
26086	54	188	0
26088	115	100	0
26090	90	135	0
26091	72	174	0
26092	226	55	0
26093	84	199	0
26094	377	70	0
26095	11	1414	0
26097	210	72	0
26098	96	205	0
26099	20	242	0
26100	78	152	0
26108	23	899	0
26112	29	891	0
26115	81	155	0
26118	26	436	0
26119	31	510	0
26121	369	56	0
26122	59	254	0
26123	332	130	0
26127	90	214	0
26128	180	118	0
26130	176	78	0
26133	103	156	0
26135	1429	20	0
26136	328	51	0
26137	36	263	0
26138	1	8214	0
26140	15	820	0
26145	81	175	0
26146	93	188	0
26147	79	174	0
26148	52	316	0
26149	8	525	0
2615	26	758	0
26150	29	382	0
26151	18	658	0
26152	15	753	0
26153	14	489	0
26154	8	762	0
26155	274	66	0
26156	457	58	0
26157	8	2405	0
2616	1	4656	0
26160	53	344	0
26164	275	120	0
26165	5	3867	0
26166	4	1365	0
26167	15	750	0
26168	297	67	0
2617	260	64	0
261726	117	114	0
261729	9	1383	0
26173	168	95	0
261734	63	214	0
26175	1	6548	0
2618	222	64	0
26188	1	4858	0
26189	3	4878	0
2619	15	592	0
26190	37	319	0
26191	51	306	0
262	55	279	0
2620	6	612	0
26205	51	251	0
26206	88	320	0
26207	20	416	0
2621	73	275	0
2622	120	194	0
26223	9	1324	0
26224	22	510	0
26225	79	186	0
26226	1	4437	0
26227	372	36	0
26228	19	637	0
26229	99	165	0
2623	146	156	0
26230	15	548	0
26231	29	609	0
26232	407	74	0
26233	581	56	0
26234	43	376	0
26235	104	150	0
26238	1	5294	0
26239	80	485	0
2624	187	142	0
26240	64	241	0
26248	6	2953	0
26249	35	284	0
2625	179	115	0
26251	1	17287	0
26253	351	81	0
26254	14	1876	0
26256	6	1124	0
26258	78	251	0
26259	153	139	0
2626	399	47	0
26260	196	106	0
26261	13	536	0
26262	71	339	0
26263	539	41	0
26266	28	1235	0
26267	44	455	0
26268	13	428	0
26269	13	482	0
2627	23	355	0
26270	716	38	0
26271	49	243	0
26272	35	262	0
26273	64	174	0
26275	67	201	0
26276	192	86	0
26277	127	180	0
26278	51	161	0
26279	20	1130	0
2628	10	565	0
26280	2	1884	0
26281	2	12540	0
26284	236	100	0
26285	4	1645	0
26286	104	98	0
26287	13	697	0
26289	10	833	0
2629	126	106	0
26290	8	1374	0
26291	10	1109	0
26292	106	138	0
26297	15	987	0
26298	13	632	0
2630	24	723	0
2631	239	63	0
2632	71	134	0
2633	37	237	0
26330	166	119	0
26333	4	1830	0
2634	53	221	0
26341	8	3120	0
2635	9	1576	0
26353	165	117	0
26354	329	65	0
26355	71	139	0
2636	7	2843	0
2637	4	1537	0
2638	59	220	0
2639	90	132	0
2641	24	1008	0
2642	106	390	0
2643	61	300	0
2644	18	555	0
2645	10	806	0
2646	13	490	0
26468	56	530	0
26469	54	244	0
2647	47	459	0
26470	41	309	0
26471	682	43	0
26472	30	264	0
2648	172	129	0
2649	6	2912	0
26493	3	2975	0
26494	1	1249	0
26499	14	455	0
2650	31	677	0
26502	22	299	0
26503	7	981	0
26504	61	206	0
26505	175	81	0
26507	54	1180	0
26508	27	461	0
26509	101	122	0
2651	22	432	0
26511	71	400	0
26512	101	138	0
26515	23	1089	0
26517	168	103	0
26519	87	296	0
26520	41	339	0
26521	52	276	0
26523	166	82	0
26524	289	72	0
26525	44	583	0
26526	21	2016	0
26528	136	93	0
2653	58	496	0
26532	8	2511	0
26533	1	4458	0
26534	1	12081	0
26538	71	1091	0
26539	47	579	0
26548	21	823	0
2657	2	2510	0
26574	322	74	0
26575	46	615	0
26576	189	204	0
26577	26	1163	0
26578	87	138	0
26579	15	836	0
2658	6	6083	0
26580	188	176	0
26582	10	2468	0
26583	3	7354	0
26584	6	3101	0
26585	4	3612	0
26586	127	92	0
26589	182	137	0
26595	1	7811	0
266	1	9897	0
2660	29	1180	0
26608	172	85	0
26609	4	5640	0
2661	56	384	0
26610	52	249	0
2662	6	3777	0
2664	139	95	0
26648	1	6795	0
2665	172	76	0
266553	17	507	0
26658	1	4780	0
26659	6	1857	0
266629	4	2255	0
26664	1	10300	0
266655	1	2090	0
266697	2	4653	0
2667	3	3419	0
266722	7	1966	0
266727	3	4560	0
266740	24	761	0
266743	5	2504	0
266747	7	1975	0
2668	23	590	0
266812	52	417	0
26683	1	17354	0
26686	2	6439	0
2669	145	145	0
26692	1	2296	0
26696	4	2316	0
266971	252	117	0
266977	29	1584	0
267	223	78	0
2670	211	53	0
267002	3	5974	0
267004	5	2051	0
267010	27	475	0
267012	2	10054	0
267020	4	3799	0
2671	71	230	0
26716	1	10674	0
2672	21	523	0
2673	153	78	0
26735	3	1178	0
2674	43	348	0
26747	137	156	0
26748	2	9099	0
26749	34	752	0
2675	4	1301	0
26750	27	386	0
26751	14	728	0
2676	12	3714	0
26762	26	496	0
26765	1	4786	0
26768	3	1405	0
2677	67	134	0
26774	1	3145	0
2678	21	537	0
26781	3	1755	0
26782	2	3566	0
26784	1	8409	0
26785	1	4723	0
26786	1	4786	0
26787	1	2090	0
26788	1	4786	0
26789	1	4786	0
26790	1	3145	0
26791	1	3145	0
26792	1	2578	0
26793	1	2578	0
26795	1	4093	0
26799	1	2594	0
268	7	1331	0
26800	2	2546	0
26806	2	2546	0
26807	1	2214	0
26809	1	3145	0
2681	1	4148	0
26810	1	4093	0
26811	1	3145	0
26813	2	2793	0
26814	1	4894	0
26815	1	4894	0
26816	1	4786	0
26817	1	4786	0
26818	1	4786	0
26820	4	1072	0
26821	3	2620	0
26824	27	596	0
26825	1	6941	0
26826	1	6941	0
26827	7	1831	0
26828	1	2090	0
2683	48	247	0
26831	9	775	0
26832	3	1663	0
26834	1	2090	0
26835	12	646	0
26851	2	1565	0
26853	1	2594	0
26855	2	2546	0
2686	110	171	0
26861	1	2090	0
26863	1	2090	0
26864	1	2090	0
26865	1	2090	0
26866	1	2090	0
26869	1	2090	0
2687	5	4392	0
26870	1	2090	0
26871	21	658	0
26872	5	1257	0
26873	11	381	0
2688	13	1488	0
2689	5	3873	0
269	42	447	0
2690	42	415	0
2691	3	3303	0
2692	2	9168	0
2693	3	7512	0
2694	15	945	0
2695	43	981	0
26952	7	1523	0
26953	102	154	0
26958	149	77	0
26959	120	210	0
2696	2	5441	0
26960	76	150	0
2697	566	28	0
26973	122	107	0
26974	1	10032	0
26980	1	9198	0
26984	126	209	0
26985	145	91	0
26986	655	35	0
26993	236	64	0
26994	160	108	0
26995	347	99	0
26996	2	8857	0
26998	8	1024	0
26999	157	89	0
27	100	125	0
270	10	492	0
2700	17	784	0
27000	214	107	0
27004	1	6584	0
27005	159	138	0
27006	1	12953	0
2701	9	1546	0
27010	23	768	0
27012	5	1129	0
27013	8	1847	0
27018	35	570	0
27019	6	848	0
2702	36	870	0
27020	251	88	0
27022	26	1092	0
27023	133	176	0
2703	158	344	0
27030	58	293	0
27031	33	402	0
27032	89	176	0
27033	57	633	0
27034	33	329	0
27035	11	960	0
27036	10	1702	0
27037	137	91	0
27039	10	2624	0
27040	111	232	0
27042	94	121	0
27043	178	84	0
27044	337	48	0
2705	78	189	0
2706	65	455	0
27063	25	368	0
27065	38	708	0
27067	225	92	0
27068	135	111	0
27069	133	173	0
2707	18	866	0
27071	25	620	0
27072	55	188	0
27074	485	87	0
27075	3	1204	0
27076	139	159	0
27077	30	608	0
27079	34	243	0
27085	22	422	0
27086	249	88	0
27087	376	96	0
27089	157	103	0
2709	72	506	0
27090	23	629	0
27091	41	604	0
27092	57	621	0
27094	52	1248	0
27095	68	121	0
27097	103	144	0
27098	1	13712	0
271	102	109	0
2710	89	286	0
27101	272	57	0
27102	27	384	0
27106	52	282	0
27107	109	192	0
27109	19	702	0
27111	67	530	0
27113	29	323	0
27115	11	758	0
2712	7	715	0
27120	109	454	0
27121	9	1528	0
27122	75	188	0
27123	48	663	0
27124	19	770	0
27125	118	130	0
27127	11	909	0
27128	42	466	0
27129	22	651	0
2713	11	1285	0
27130	18	404	0
27131	132	98	0
27132	74	209	0
27133	7	745	0
27134	13	784	0
27136	13	860	0
27141	76	341	0
27143	80	173	0
27145	28	335	0
27146	12	715	0
27147	5	646	0
27148	41	391	0
27151	5	1713	0
27152	50	282	0
27153	99	233	0
27154	163	167	0
27156	50	542	0
27158	50	236	0
27159	38	387	0
27161	460	59	0
27163	220	193	0
27164	20	478	0
27165	14	630	0
27166	26	673	0
2717	60	233	0
27173	38	360	0
27175	35	284	0
27177	3	3838	0
27178	26	1588	0
27179	20	1085	0
27180	7	2209	0
27181	1	14069	0
27183	76	125	0
27185	420	44	0
2719	69	320	0
27190	77	421	0
27198	4	4543	0
27199	1	4081	0
272	11	1472	0
2720	108	98	0
27201	1	2296	0
27202	74	503	0
27229	158	93	0
27230	61	485	0
27231	5	1573	0
27232	37	620	0
27233	107	336	0
27235	84	256	0
27236	132	119	0
27237	93	111	0
27238	115	82	0
27239	4	1367	0
27240	16	1525	0
27241	19	1111	0
27242	23	486	0
27243	96	162	0
27244	10	463	0
27245	74	155	0
27246	133	107	0
27247	51	435	0
27248	127	104	0
27249	33	764	0
27250	171	80	0
27252	214	110	0
27253	38	318	0
27254	4	1561	0
27255	1	17006	0
27257	96	171	0
27258	113	164	0
27283	26	817	0
27284	4	4492	0
27285	22	711	0
27287	102	318	0
27288	37	319	0
27289	242	88	0
2729	28	203	0
27290	11	3087	0
27291	22	538	0
27292	186	90	0
27293	38	358	0
27294	46	516	0
27295	22	380	0
27296	7	1278	0
27297	88	281	0
273	53	302	0
2730	53	185	0
27300	16	335	0
27301	35	279	0
27302	61	1305	0
27303	50	392	0
27304	43	216	0
27306	7	3216	0
27309	438	95	0
2731	308	65	0
27314	33	489	0
27315	42	818	0
27316	455	46	0
27319	2	1227	0
27321	1	8487	0
27324	27	284	0
27327	279	98	0
27328	6	947	0
27329	6	1419	0
2733	149	151	0
27330	66	221	0
27332	257	76	0
27333	90	113	0
27334	105	319	0
27335	168	94	0
27336	138	106	0
27338	141	82	0
27339	434	40	0
2734	117	77	0
27340	204	107	0
27341	107	163	0
27342	140	95	0
27343	74	171	0
27344	16	1226	0
27345	4	2264	0
27346	104	164	0
27347	93	148	0
27348	57	207	0
27349	110	145	0
2735	119	127	0
27350	187	117	0
27351	65	207	0
27352	21	439	0
2736	60	211	0
2737	68	195	0
2738	125	313	0
2739	104	142	0
274	103	119	0
2740	119	372	0
2741	2	4936	0
2742	28	765	0
27429	250	69	0
2743	39	669	0
27430	104	92	0
27433	18	504	0
27434	20	620	0
27436	137	107	0
27439	1	8582	0
2744	213	77	0
27440	70	207	0
27443	47	329	0
27445	58	167	0
2745	42	312	0
2746	236	76	0
2747	34	251	0
2749	2	1746	0
275	8	538	0
2752	138	81	0
276	25	448	0
2760	72	267	0
2762	60	178	0
2764	29	294	0
2765	57	575	0
2766	6	639	0
2767	94	130	0
2768	45	254	0
2769	10	673	0
277	2	8693	0
2770	133	109	0
2771	228	48	0
2773	211	58	0
2774	18	358	0
2775	83	207	0
2776	105	151	0
2778	219	58	0
2779	10	765	0
278	88	365	0
2780	21	395	0
2781	67	152	0
2782	276	45	0
2783	486	38	0
2784	44	387	0
2785	20	965	0
2786	23	533	0
2787	75	220	0
2788	18	1422	0
279	19	699	0
2790	42	411	0
2791	12	1333	0
2792	21	1187	0
2793	11	990	0
2794	89	138	0
2796	8	1495	0
2797	1	2296	0
2798	5	3292	0
2799	117	116	0
28	3	6625	0
280	9	700	0
2800	173	112	0
2801	724	38	0
2802	225	67	0
2803	215	70	0
2804	199	59	0
2805	273	71	0
2806	106	132	0
280636	35	337	0
280655	1	3276	0
280657	7	1884	0
280658	10	3545	0
280660	1	4835	0
280664	2	3651	0
2810	678	36	0
2811	19	317	0
2812	59	665	0
2813	4	6631	0
2814	62	471	0
2815	91	421	0
2817	174	76	0
2819	20	419	0
2820	90	122	0
2821	197	89	0
2822	7	2087	0
28227	28	582	0
2823	142	178	0
28231	43	365	0
28232	13	605	0
28234	9	2560	0
2824	24	491	0
2826	3	2045	0
282616	3	3201	0
282617	4	2778	0
282618	6	2400	0
282679	1	9223	0
2827	10	763	0
282763	1	15722	0
282770	5	5739	0
2828	4	4591	0
282808	15	734	0
282809	82	254	0
282890	9	1300	0
2829	2	3524	0
282966	12	3033	0
282969	20	907	0
282973	4	1076	0
282974	86	185	0
28299	14	623	0
282991	78	191	0
282996	42	278	0
283	8	1138	0
2830	2	1358	0
283025	1	1249	0
283050	1	3708	0
283078	15	472	0
2831	3	3976	0
283106	109	181	0
283111	1	8013	0
283120	24	537	0
283129	10	864	0
283130	1	7161	0
283131	22	358	0
283149	50	207	0
283150	42	419	0
283152	18	1355	0
28316	1	4442	0
283160	1	4834	0
283165	2	2971	0
28317	2	2277	0
28318	9	702	0
2832	17	1720	0
283208	112	164	0
283209	15	468	0
283212	10	2882	0
283219	34	411	0
283229	22	565	0
283232	67	713	0
283234	43	464	0
283237	135	122	0
283238	1	3276	0
283248	29	661	0
283254	2	3900	0
283267	1	2090	0
283284	1	5588	0
283297	5	2105	0
2833	10	2124	0
283303	1	2454	0
283310	1	10510	0
283314	1	1962	0
283316	1	13200	0
283335	1	2214	0
283337	24	195	0
283349	38	291	0
283358	15	2216	0
283365	1	7016	0
283372	1	6685	0
283373	86	150	0
283375	47	1214	0
283377	43	250	0
283383	7	704	0
283385	69	400	0
2834	3	5105	0
283416	1	1962	0
283417	1	12554	0
283420	1	8325	0
283431	35	193	0
283446	9	569	0
283450	37	239	0
283455	44	263	0
283458	99	205	0
283459	57	426	0
283460	1	4656	0
283461	5	1880	0
283463	9	569	0
283464	97	122	0
283471	22	851	0
283487	8	3043	0
283489	142	95	0
2835	92	548	0
283514	5	1016	0
283518	8	3031	0
283537	2	5072	0
283551	21	602	0
283554	2	898	0
283556	3	3542	0
283576	17	1808	0
283578	61	261	0
283596	1	2578	0
283600	5	3984	0
283601	1	8492	0
283617	2	5620	0
283629	8	2365	0
283635	49	315	0
283638	67	190	0
283643	56	243	0
283651	1	2259	0
283652	4	3785	0
283659	10	1013	0
283677	1	4678	0
283685	36	565	0
283687	1	2214	0
283694	1	4267	0
2837	1	19282	0
283726	2	5268	0
283742	105	104	0
283748	29	669	0
283755	3	831	0
283767	1	6638	0
283768	23	1065	0
283777	3	5013	0
283788	2	7192	0
283796	1	5826	0
2838	2	1427	0
283807	12	1080	0
283820	41	157	0
283847	1	4669	0
283848	2	1905	0
283849	16	683	0
28386	1	5557	0
283869	18	3132	0
283870	193	201	0
283871	24	225	0
28388	1	2578	0
283888	1	3145	0
283897	14	2770	0
283899	74	222	0
283922	1	1962	0
283927	2	2747	0
283932	2	1662	0
283933	13	2269	0
283948	20	2148	0
283951	4	6535	0
283953	2	5640	0
28396	7	1292	0
283970	13	703	0
283971	1	11413	0
283985	19	1432	0
283987	20	1366	0
283989	33	362	0
283991	8	1377	0
284	15	632	0
2840	279	149	0
284001	165	161	0
284004	11	1112	0
28401	1	5074	0
284014	1	3133	0
284021	65	689	0
284023	1	7161	0
284029	2	1152	0
284040	2	4977	0
284047	9	1205	0
284058	97	176	0
284067	8	1905	0
284069	101	224	0
284071	14	633	0
284076	12	457	0
284083	3	3988	0
284086	62	245	0
28409	1	1523	0
284098	24	657	0
284099	11	1608	0
2841	13	3197	0
28410	2	2084	0
284100	1	1666	0
284106	87	217	0
284110	102	137	0
284111	20	1228	0
284114	24	553	0
284119	286	53	0
28412	1	2592	0
284129	8	1337	0
284131	16	925	0
284161	38	445	0
284184	39	596	0
284185	1	8214	0
284194	44	861	0
2842	2	3304	0
284203	1	3133	0
284207	54	753	0
284217	51	258	0
28423	1	2090	0
28424	2	1472	0
284252	34	373	0
284257	13	1822	0
284273	33	227	0
284274	3	2894	0
284276	2	3378	0
284297	25	1025	0
2843	3	3637	0
284306	16	1628	0
284307	3	6293	0
284309	17	504	0
284312	54	460	0
284323	24	360	0
284325	75	277	0
284338	12	1959	0
28434	3	1211	0
284340	16	6853	0
284346	26	546	0
284348	12	2184	0
284349	1	2579	0
284352	41	269	0
284355	20	1484	0
284359	30	1004	0
284361	50	509	0
284365	2	3056	0
284366	19	467	0
284369	112	334	0
284370	5	580	0
284371	4	1340	0
284382	2	1293	0
28439	2	2957	0
284390	4	6690	0
284391	13	1374	0
284393	7	740	0
2844	80	664	0
284402	2	1592	0
284403	100	136	0
284406	12	415	0
284412	1	7821	0
284415	55	605	0
284417	1	9965	0
284418	10	1071	0
28442	4	1620	0
284422	2	3221	0
284427	89	381	0
284434	4	4455	0
284439	12	784	0
284440	4	1585	0
284443	4	1652	0
284451	14	721	0
284454	2	1516	0
284459	4	686	0
284467	77	377	0
28448	1	1249	0
284485	4	2255	0
284486	16	2010	0
28449	1	6410	0
284498	6	717	0
2845	3	9463	0
28452	2	1350	0
284521	6	3064	0
284541	2	2515	0
284565	5	1251	0
2846	35	506	0
28461	2	1270	0
284611	11	569	0
284612	19	911	0
284613	5	2616	0
284615	52	605	0
284618	5	1127	0
28465	3	2020	0
284654	14	1351	0
284656	85	311	0
28466	5	1089	0
28468	3	1573	0
284680	26	443	0
284685	1	3276	0
284695	221	79	0
284697	4	787	0
2847	1	11823	0
284702	2	1281	0
284716	7	1410	0
284723	1	4212	0
284729	1	1999	0
28473	1	2578	0
28474	2	1139	0
284751	1	10310	0
284756	94	310	0
28476	1	2562	0
28477	1	2562	0
2848	31	1011	0
284800	1	10510	0
284801	1	2090	0
284802	4	1042	0
284805	3	4985	0
284827	9	2059	0
28486	1	3309	0
284889	1	2090	0
2849	1	14854	0
284904	23	941	0
284930	2	1902	0
284958	2	1045	0
284992	11	1140	0
284996	547	47	0
285	14	1176	0
2850	4	7114	0
285016	10	2579	0
285025	10	1063	0
285033	1	4354	0
285051	4	1218	0
28506	1	2562	0
285093	52	519	0
28511	28	351	0
285116	1	1962	0
28512	13	849	0
285126	9	1435	0
28513	29	449	0
28514	24	752	0
285141	5	2191	0
285148	24	338	0
285172	17	351	0
285175	10	780	0
285180	15	2235	0
285190	22	417	0
285193	60	276	0
285195	22	586	0
2852	1	2190	0
285203	60	348	0
285205	4	5243	0
285220	42	329	0
285231	10	1756	0
285237	16	548	0
285242	7	3200	0
285267	2	1971	0
285268	7	1342	0
285282	162	92	0
285286	1	2578	0
285296	1	2148	0
285311	1	6786	0
285313	13	408	0
285315	29	491	0
285331	31	421	0
285335	2	3354	0
285343	4	4063	0
285346	10	1764	0
285349	7	891	0
285362	50	364	0
285367	197	127	0
285368	5	660	0
285381	11	1535	0
285382	2	3082	0
285386	23	1651	0
285423	2	2445	0
285429	22	652	0
285440	7	1095	0
285463	1	2090	0
285464	6	1060	0
285489	7	2518	0
285498	5	611	0
285512	4	3359	0
285513	44	284	0
285521	7	3063	0
285527	58	188	0
285533	4	5400	0
285550	3	793	0
285555	4	5358	0
285556	3	1657	0
285590	61	181	0
285596	10	2170	0
285598	187	143	0
285600	10	512	0
285601	9	3182	0
285605	28	437	0
285613	48	823	0
285622	6	3616	0
285636	23	316	0
285641	1	13621	0
285643	13	431	0
285668	3	4542	0
285671	8	1519	0
285672	67	182	0
285676	4	2209	0
285679	8	1702	0
285692	1	2578	0
285696	1	2214	0
2857	14	2680	0
285704	10	1369	0
285708	1	12603	0
28574	1	5431	0
285753	92	219	0
285755	6	2067	0
285758	1	6437	0
285761	31	466	0
28577	2	11811	0
285782	18	537	0
285829	1	3276	0
285830	1	2578	0
28584	1	6181	0
285848	20	1091	0
285855	200	93	0
285877	1	1391	0
2859	132	318	0
285943	1	11492	0
285955	4	2338	0
285958	1	8674	0
285962	162	119	0
285966	41	414	0
285971	24	491	0
285973	20	452	0
285987	2	4178	0
285989	4	1096	0
286	47	182	0
286002	19	569	0
286006	10	1278	0
286016	1	5010	0
286042	2	2431	0
286046	6	1356	0
286053	39	223	0
286075	78	338	0
286077	138	110	0
286097	14	1256	0
2861	77	153	0
286102	1	3186	0
286103	27	846	0
286122	2	2744	0
286128	55	328	0
286133	24	608	0
286144	2	1941	0
286148	43	413	0
286151	72	179	0
286183	7	2623	0
286187	2	2658	0
2862	64	510	0
28620	3	5433	0
286204	4	430	0
286205	56	224	0
286207	4	2407	0
286234	3	2233	0
286256	2	1702	0
286257	33	253	0
286262	48	198	0
2863	1	3579	0
286310	4	4611	0
286319	8	1167	0
286336	5	1280	0
286343	21	636	0
286365	1	4201	0
28638	1	10801	0
286380	16	1189	0
28639	1	10801	0
2864	234	238	0
286410	85	227	0
286411	37	435	0
286423	1	8060	0
28643	1	19994	0
286436	1	9145	0
286451	115	269	0
286464	3	2766	0
286467	4	868	0
286499	80	236	0
2865	13	3015	0
286514	9	722	0
286527	1	4354	0
286530	177	264	0
2866	110	1045	0
28663	47	595	0
286676	9	1198	0
2867	118	682	0
286749	3	1983	0
286753	110	565	0
2868	30	386	0
286826	112	202	0
286827	46	257	0
286887	77	164	0
2869	174	117	0
28699	6	1380	0
287	185	80	0
2870	130	136	0
287015	147	234	0
2872	50	213	0
2873	208	78	0
2874	137	141	0
2875	16	1045	0
28755	14	1613	0
2876	66	177	0
2877	5	736	0
28778	11	1011	0
2878	4	3524	0
28785	3	1581	0
28786	1	3570	0
2879	87	141	0
28793	1	15651	0
28796	3	1019	0
28797	2	3531	0
288	184	77	0
2880	1	2587	0
28803	1	3788	0
28804	1	3788	0
28813	1	7452	0
28815	4	1776	0
28816	1	8065	0
28817	1	7293	0
2882	64	202	0
28820	2	3208	0
28822	4	1711	0
28823	1	3745	0
28831	1	5208	0
28834	15	534	0
2885	726	21	0
2886	173	129	0
2887	154	79	0
28874	2	703	0
28875	1	6181	0
28877	2	2343	0
28878	11	600	0
2888	24	614	0
28881	2	2253	0
28882	18	361	0
28883	11	1003	0
28884	3	664	0
28885	9	318	0
2889	34	197	0
28893	1	5557	0
28896	6	950	0
2890	40	282	0
28901	1	5557	0
28902	4	3056	0
28903	1	3745	0
28908	21	297	0
2891	52	304	0
28912	7	844	0
28913	5	877	0
28916	12	666	0
28919	8	610	0
2892	29	542	0
28920	10	281	0
28921	5	2063	0
28923	4	932	0
2893	26	425	0
28930	2	2693	0
28933	4	1681	0
28935	3	2380	0
28937	2	2693	0
28938	2	4500	0
2894	14	812	0
28940	2	1442	0
28941	1	6181	0
28942	4	2125	0
28946	1	2562	0
28949	1	2562	0
2895	10	593	0
28950	1	2562	0
28951	47	260	0
28952	147	125	0
28954	7	1258	0
28955	5	3827	0
28956	103	208	0
28957	224	85	0
28958	84	207	0
28959	26	1798	0
2896	228	68	0
28960	388	70	0
28962	78	240	0
28964	143	92	0
28965	52	422	0
28966	32	557	0
28969	115	112	0
2897	31	424	0
28970	43	228	0
28971	36	256	0
28972	146	152	0
28973	302	59	0
28974	27	310	0
28976	415	72	0
28977	233	122	0
28978	41	584	0
2898	21	322	0
28981	71	218	0
28982	103	154	0
28983	12	1694	0
28984	10	1192	0
28985	118	134	0
28986	21	581	0
28987	111	95	0
28988	171	82	0
28989	55	164	0
2899	4	5722	0
28990	15	1224	0
28991	54	486	0
28992	55	145	0
28996	89	151	0
28998	218	123	0
28999	278	131	0
29	37	133	0
290	173	130	0
2900	7	688	0
2901	12	663	0
29015	39	325	0
2902	55	224	0
29028	57	176	0
2903	63	274	0
29035	467	63	0
2904	57	214	0
2905	15	558	0
29057	8	1437	0
29058	42	461	0
2906	8	523	0
29062	31	198	0
29063	9	386	0
29066	210	106	0
29068	63	290	0
2907	12	2536	0
29070	19	692	0
29071	30	750	0
29072	129	110	0
29074	196	142	0
29078	182	120	0
29079	436	61	0
2908	945	31	0
29080	107	148	0
29081	15	565	0
29082	71	231	0
29083	20	388	0
29085	47	205	0
29086	91	112	0
29087	25	313	0
29088	203	121	0
29089	73	163	0
2909	96	129	0
29090	42	227	0
29091	20	1161	0
29092	1	6437	0
29093	173	111	0
29094	24	372	0
29095	56	405	0
29097	42	200	0
29098	31	907	0
29099	40	255	0
291	219	68	0
29100	50	670	0
29101	62	199	0
29102	171	103	0
29103	164	227	0
29104	4	703	0
29105	88	147	0
29106	16	556	0
29107	33	357	0
29108	80	265	0
29109	74	140	0
2911	47	300	0
29110	389	41	0
29113	21	689	0
29114	40	306	0
29115	105	106	0
29116	49	495	0
29117	624	39	0
29118	6	1749	0
29119	111	243	0
2912	362	57	0
29121	195	255	0
29122	43	383	0
29123	152	100	0
29124	13	1669	0
29126	382	68	0
29127	194	78	0
29128	201	84	0
2913	9	800	0
2914	3	2211	0
2915	21	700	0
2916	1	8717	0
2917	8	1858	0
2918	1	6912	0
2919	22	540	0
292	409	43	0
2920	22	1333	0
2921	11	2304	0
2922	2	13352	0
2923	458	36	0
2925	60	916	0
2926	513	60	0
2928	60	333	0
293	424	35	0
2931	447	49	0
2932	824	19	0
2934	188	67	0
2935	297	70	0
2936	100	123	0
2937	34	279	0
2938	21	672	0
2939	9	1176	0
2940	4	1493	0
2941	11	2816	0
2944	14	974	0
2946	20	315	0
2947	149	90	0
2948	15	672	0
2949	14	848	0
2950	204	59	0
2952	24	287	0
2953	4	2355	0
2954	21	270	0
2956	259	67	0
2957	84	174	0
2958	17	1028	0
2959	121	149	0
2960	100	121	0
2961	167	88	0
2962	209	92	0
2963	132	114	0
2965	88	138	0
2966	45	247	0
2967	50	253	0
2968	71	185	0
2969	372	49	0
2970	1	1999	0
2971	10	978	0
2972	86	129	0
2974	4	1429	0
2975	232	80	0
2976	167	97	0
29760	41	327	0
29761	100	115	0
29763	123	102	0
29765	28	467	0
29766	237	58	0
29767	76	134	0
2977	17	691	0
29775	124	173	0
29777	385	79	0
2978	8	1416	0
29780	19	371	0
29781	165	103	0
29785	83	270	0
29789	140	68	0
2979	8	1353	0
29796	56	176	0
29797	10	4115	0
29798	3	4823	0
29799	7	2199	0
2980	14	1679	0
29800	24	1398	0
29801	24	609	0
29803	109	147	0
2981	3	3061	0
2982	39	411	0
2983	33	395	0
2984	2	8789	0
29841	5	2727	0
29842	8	1325	0
29843	126	77	0
29844	156	155	0
29850	2	6102	0
29851	15	1178	0
29855	78	152	0
2986	5	4774	0
2987	54	278	0
29880	62	196	0
29881	2	1255	0
29882	225	91	0
29883	133	115	0
29886	42	178	0
29887	5	1626	0
29888	146	87	0
29889	349	75	0
29890	103	120	0
29893	34	307	0
29894	248	79	0
29895	16	871	0
29896	331	77	0
29899	27	355	0
2990	70	258	0
29901	14	704	0
29902	8	2711	0
29903	56	250	0
29904	52	214	0
29906	49	385	0
29907	17	333	0
29909	4	4473	0
29911	179	137	0
29914	113	162	0
29915	90	182	0
29916	39	431	0
29919	142	126	0
2992	44	258	0
29920	197	81	0
29922	156	128	0
29923	3	2037	0
29924	114	108	0
29925	65	166	0
29926	48	146	0
29927	212	71	0
29928	8	640	0
29929	28	306	0
2993	173	181	0
29930	18	2344	0
29931	3	1985	0
29934	49	214	0
29935	450	44	0
29937	85	175	0
2994	54	807	0
29940	30	629	0
29941	177	110	0
29942	221	238	0
29943	8	840	0
29944	18	441	0
29945	125	131	0
29946	44	384	0
29947	83	245	0
29948	52	265	0
29949	3	2390	0
2995	15	1392	0
29950	71	278	0
29951	5	1945	0
29952	37	261	0
29953	24	619	0
29954	56	340	0
29956	207	62	0
29957	134	98	0
29958	6	1205	0
29959	127	97	0
29960	82	218	0
29964	16	1540	0
29965	17	467	0
29966	141	89	0
29967	51	521	0
29968	91	91	0
29969	8	1249	0
2997	115	111	0
29970	32	570	0
29974	32	397	0
29978	783	22	0
29979	426	52	0
2998	10	873	0
29980	25	671	0
29982	66	270	0
29984	563	59	0
29985	44	387	0
29986	49	1624	0
29988	45	499	0
29989	1	18956	0
2999	73	300	0
29990	42	442	0
29991	9	2342	0
29992	23	916	0
29993	53	229	0
29994	55	207	0
29995	20	352	0
29997	284	81	0
29998	67	239	0
29999	4	3873	0
30	70	173	0
3000	11	896	0
30000	222	79	0
30001	123	98	0
30008	133	225	0
30009	10	886	0
3001	15	423	0
30010	23	1460	0
30011	299	55	0
30012	257	144	0
30014	6	3007	0
3002	16	727	0
3003	15	584	0
3004	7	1117	0
3005	248	71	0
3006	650	30	0
30061	5	3366	0
30062	2	4240	0
3007	299	66	0
3008	660	35	0
3009	451	54	0
301	295	45	0
3010	227	139	0
3012	175	145	0
3013	107	147	0
3014	581	38	0
3015	367	69	0
3017	333	71	0
3018	417	60	0
302	399	29	0
3020	927	42	0
3021	100	149	0
3024	495	60	0
3026	5	1523	0
3028	428	43	0
3029	79	99	0
3030	517	28	0
3032	440	27	0
3033	115	108	0
3034	136	122	0
3035	117	120	0
3036	9	599	0
3037	3	5702	0
3038	12	2014	0
3039	69	139	0
304	76	144	0
3040	104	138	0
3042	26	857	0
3043	181	86	0
3045	74	136	0
3046	15	847	0
3047	20	515	0
3048	24	496	0
3049	27	1501	0
3050	51	277	0
3052	114	171	0
3053	11	1129	0
3054	261	63	0
3055	154	81	0
3059	60	275	0
306	47	211	0
3060	2	6083	0
3061	3	2314	0
3062	35	1155	0
3064	330	57	0
3065	1067	26	0
3066	826	32	0
3067	3	1542	0
3068	321	54	0
3069	839	33	0
307	47	189	0
3070	179	62	0
3071	16	590	0
3073	93	145	0
3074	58	140	0
3075	132	173	0
3077	114	339	0
3078	4	3768	0
308	218	70	0
3080	2	2289	0
3081	6	995	0
30811	106	221	0
30812	12	756	0
30813	64	303	0
30814	5	4230	0
30815	103	287	0
30817	34	853	0
30818	30	645	0
30819	14	1042	0
3082	38	303	0
30820	23	1976	0
30827	120	121	0
3083	21	1511	0
30832	32	396	0
30833	37	337	0
30834	63	315	0
30835	17	1134	0
30836	140	102	0
30837	39	457	0
3084	100	294	0
30844	125	115	0
30845	27	291	0
30846	64	196	0
30848	33	706	0
30849	99	116	0
30850	94	204	0
30851	58	212	0
3087	44	653	0
309	117	116	0
3090	34	417	0
3091	427	49	0
3092	87	97	0
3093	141	88	0
3094	172	89	0
3096	184	100	0
30968	263	44	0
3097	30	316	0
3098	221	62	0
3099	120	96	0
31	298	54	0
310	176	82	0
3101	27	902	0
3104	138	172	0
3105	275	59	0
3106	238	82	0
3107	356	55	0
3108	4	2170	0
3109	52	420	0
311	100	89	0
3110	29	437	0
3111	4	3968	0
3112	3	4385	0
3113	116	420	0
3115	92	319	0
3117	133	352	0
3118	2	11824	0
3119	77	387	0
312	19	801	0
3120	9	1060	0
3122	163	218	0
3123	121	247	0
3125	65	321	0
3126	10	662	0
3127	29	369	0
313	2	9384	0
3131	6	3147	0
3133	76	352	0
3134	84	734	0
3135	115	353	0
3136	19	281	0
3139	1	4354	0
314	12	823	0
3140	61	569	0
3141	38	297	0
3142	37	395	0
3145	21	220	0
3146	457	45	0
3148	248	68	0
3149	89	118	0
3150	164	115	0
3151	220	85	0
3155	68	210	0
3156	91	206	0
3157	113	118	0
3158	12	499	0
3159	403	52	0
316	10	670	0
3161	104	117	0
3162	121	143	0
3163	283	59	0
3164	202	88	0
3167	6	2277	0
3169	518	57	0
317	88	147	0
3170	26	524	0
3171	50	292	0
3172	262	127	0
3174	18	826	0
3175	9	1190	0
3176	10	634	0
317648	1	1962	0
317649	10	784	0
317662	4	3231	0
317671	9	2815	0
3177	25	629	0
317701	2	5518	0
317702	1	1391	0
317705	3	1848	0
317719	44	355	0
317749	12	1659	0
317754	2	16313	0
317760	1	1962	0
317761	5	5037	0
317762	124	125	0
317772	235	84	0
317781	102	160	0
3178	934	23	0
318	11	477	0
3181	740	27	0
3182	354	51	0
3183	628	31	0
3184	613	31	0
3185	582	40	0
3186	1	2889	0
3187	1567	22	0
3188	298	63	0
3189	302	57	0
319	4	5857	0
3190	714	20	0
319089	5	1650	0
3191	1973	12	0
319101	52	229	0
319103	1	4786	0
3192	984	21	0
3195	168	183	0
3196	140	245	0
3198	351	94	0
3199	16	993	0
32	131	142	0
320	93	260	0
3200	13	968	0
3201	10	793	0
3202	87	195	0
3203	1	6426	0
3204	21	610	0
3205	27	371	0
3206	44	268	0
3207	12	818	0
3208	40	600	0
3209	14	713	0
321	44	228	0
3211	33	543	0
3212	33	681	0
3213	7	1744	0
3214	6	986	0
3215	109	163	0
3216	54	313	0
3217	20	538	0
3218	15	809	0
3219	123	181	0
322	182	65	0
3221	34	329	0
3222	45	514	0
3223	14	492	0
3224	118	216	0
3225	54	340	0
3226	17	448	0
3227	22	466	0
3228	5	3003	0
3229	20	967	0
323	77	168	0
3231	2	11478	0
3232	11	716	0
3233	25	439	0
3234	11	1486	0
3235	10	1163	0
3236	11	1286	0
3237	13	1121	0
3238	18	859	0
3239	75	347	0
324	322	45	0
3240	100	151	0
3241	86	181	0
3242	18	811	0
3248	8	652	0
3249	96	407	0
325	26	590	0
3250	16	933	0
3251	117	102	0
3257	10	2093	0
326	96	157	0
326278	1	2090	0
3263	69	208	0
326340	2	6410	0
326342	25	1543	0
326343	3	5736	0
3265	681	47	0
326594	1	5995	0
3266	4	2140	0
326624	9	999	0
326625	123	150	0
3267	106	95	0
3268	18	258	0
3269	15	809	0
327	86	115	0
3270	7	4314	0
3272	2	6341	0
3273	54	323	0
3275	80	257	0
3276	900	30	0
327657	9	870	0
328	1258	20	0
3280	50	218	0
3281	58	243	0
3283	8	765	0
3284	19	1269	0
329	224	67	0
3290	21	1054	0
3291	8	733	0
3292	17	1221	0
3293	28	392	0
3294	10	1486	0
3295	173	80	0
3297	598	41	0
3298	72	189	0
3299	50	465	0
33	15	789	0
330	1321	18	0
3300	98	122	0
3301	525	32	0
3303	1562	20	0
3304	300	55	0
3305	283	56	0
3306	412	44	0
3308	656	24	0
3309	1525	18	0
331	233	61	0
3310	320	51	0
3311	81	136	0
3312	2167	11	0
3313	686	28	0
3315	704	32	0
3316	133	162	0
332	95	156	0
3320	1239	21	0
3321	72	143	0
3323	110	189	0
3324	54	189	0
3326	900	28	0
3327	97	145	0
3329	999	23	0
333	51	256	0
3336	292	51	0
3337	290	44	0
3338	56	311	0
3339	74	148	0
333926	25	801	0
333929	7	827	0
333932	217	72	0
334	105	118	0
3340	33	490	0
3344	16	597	0
3346	3	9327	0
3347	29	805	0
335	178	142	0
3350	27	463	0
3351	62	451	0
3352	3	8740	0
3354	8	787	0
3356	7	1815	0
3357	28	858	0
3358	126	274	0
3359	105	410	0
336	101	202	0
3360	17	2061	0
3361	2	2739	0
3362	53	313	0
3363	6	937	0
3364	67	213	0
337	19	525	0
3371	22	209	0
3373	27	599	0
3375	3	1835	0
3376	386	45	0
337867	165	92	0
337873	41	354	0
337874	3	1950	0
337875	2	3437	0
337876	36	493	0
337878	37	621	0
337879	78	493	0
337880	108	401	0
337882	46	926	0
337959	98	384	0
337960	84	337	0
337963	8	2971	0
337966	102	340	0
337967	186	233	0
337968	160	272	0
337969	46	859	0
337970	17	1092	0
337971	10	2420	0
337972	98	380	0
337973	78	599	0
337974	116	345	0
337978	30	1396	0
337979	14	1906	0
338	145	103	0
338069	1	1999	0
338094	1	2296	0
3381	12	2607	0
3382	25	578	0
3383	249	75	0
338321	9	883	0
338322	11	989	0
338323	6	1142	0
338324	75	372	0
338328	132	529	0
338339	260	104	0
338376	26	1465	0
338382	15	891	0
338398	3	4309	0
3384	54	549	0
338429	1	1999	0
338440	5	2905	0
3385	21	506	0
338567	29	1358	0
338596	1	14629	0
338599	38	588	0
3386	39	568	0
338645	1	1999	0
338657	27	420	0
338662	1	4458	0
338667	1	4810	0
338674	11	2445	0
338692	58	273	0
338699	5	1823	0
338707	8	2646	0
338751	2	4392	0
338761	71	592	0
338773	8	5614	0
338785	58	270	0
338797	7	3096	0
338809	128	226	0
338811	45	411	0
338872	36	622	0
338879	9	2102	0
338917	14	1420	0
339	15	969	0
339005	118	376	0
339044	4	1518	0
339105	2	5709	0
339122	45	300	0
339123	32	636	0
339145	5	4546	0
339168	17	1646	0
339175	20	379	0
339184	1	2296	0
339201	3	1536	0
339210	2	6314	0
339221	27	810	0
339229	53	1045	0
339230	199	152	0
339231	82	268	0
339263	4	836	0
339287	70	189	0
339291	1	3221	0
339302	109	367	0
339318	8	465	0
339324	14	1304	0
339327	2	1354	0
339344	52	397	0
339345	24	1554	0
339366	8	1328	0
339390	30	874	0
339398	2	4290	0
3394	54	271	0
339403	11	1527	0
339416	6	1552	0
339448	47	166	0
339451	12	720	0
339456	1	5051	0
339479	25	882	0
339487	13	722	0
339488	1	4259	0
339500	3	965	0
339501	1	5921	0
339512	4	1160	0
339529	1	12214	0
339535	5	1449	0
339541	6	1719	0
339559	1	6437	0
3396	386	83	0
339665	17	1609	0
339669	18	863	0
3397	62	227	0
339745	14	1441	0
339761	5	2293	0
339766	3	946	0
339768	4	1174	0
339779	7	1073	0
339789	1	4212	0
339799	2	3886	0
3398	91	180	0
339804	4	1652	0
339829	12	608	0
339834	81	423	0
339855	2	2572	0
339883	1	4022	0
339896	8	1133	0
3399	46	498	0
339906	6	1392	0
339942	4	997	0
339965	22	454	0
339967	13	1324	0
339970	2	3676	0
339976	6	1159	0
339977	3	1689	0
339983	11	681	0
34	142	72	0
3400	18	838	0
340024	1	3309	0
340061	99	164	0
340069	19	790	0
340075	5	1499	0
340120	4	1284	0
340146	3	5439	0
340152	2	2899	0
340156	89	227	0
340168	1	6179	0
340204	12	2503	0
340205	7	1442	0
340252	4	1370	0
340260	4	571	0
340267	4	1940	0
340273	13	954	0
340277	20	670	0
340307	7	4948	0
340348	64	549	0
340351	7	714	0
340359	91	370	0
340371	63	226	0
340385	27	678	0
340390	4	2535	0
340419	22	1158	0
340441	5	2208	0
340481	25	685	0
340485	2	5808	0
340527	48	414	0
340529	10	562	0
340533	7	1513	0
340542	26	1082	0
340543	10	1494	0
340547	71	456	0
340554	3	3663	0
340571	1	8697	0
340578	13	819	0
340595	3	1410	0
340596	12	2380	0
340602	15	472	0
340706	35	406	0
340719	17	1654	0
340784	8	822	0
340811	1	6805	0
340900	3	2644	0
340990	9	646	0
341	35	1013	0
341019	8	921	0
341032	4	1880	0
341116	7	2340	0
341208	71	486	0
341277	1	5157	0
341333	1	2715	0
341346	1	3749	0
341350	4	2327	0
341359	4	2282	0
341392	1	3058	0
341405	15	582	0
341418	1	14657	0
341567	177	326	0
3416	175	89	0
341640	56	239	0
341676	6	635	0
3417	122	108	0
341799	1	3208	0
3418	192	58	0
341883	5	521	0
3419	103	86	0
3420	93	125	0
342096	54	347	0
3421	56	200	0
342125	1	5208	0
342132	78	358	0
342184	10	624	0
3422	36	189	0
3423	118	306	0
342346	7	1152	0
342357	8	912	0
342371	148	186	0
342372	3	1032	0
3425	54	289	0
342510	13	2758	0
342527	30	391	0
342538	22	565	0
342574	194	214	0
3426	11	713	0
342618	2	3006	0
342666	2	7772	0
342667	18	627	0
3428	709	34	0
342850	1	6627	0
342865	1	5406	0
342892	6	694	0
342897	107	121	0
342898	7	1348	0
3429	8	1274	0
342900	46	1411	0
342908	1	6584	0
342909	13	1052	0
342926	26	796	0
342931	3	7926	0
342933	5	2711	0
342945	33	1114	0
342977	16	829	0
342979	13	758	0
343	7	2066	0
3430	33	271	0
343035	15	1023	0
343068	7	905	0
343069	161	138	0
343070	12	2007	0
343071	3	6802	0
343099	64	277	0
3431	121	188	0
343170	1	5168	0
343171	2	2254	0
343263	12	1628	0
3433	60	220	0
3434	63	224	0
343413	1	17413	0
343450	30	2180	0
343472	2	5487	0
343477	3	1185	0
343521	15	1197	0
343563	1	4212	0
343578	12	850	0
343637	15	1416	0
343641	1	5643	0
3437	79	172	0
343702	1	2578	0
3438	1	5208	0
3439	12	2324	0
343930	34	1342	0
343990	9	569	0
344	39	600	0
3440	10	1874	0
344018	16	2571	0
344022	31	825	0
3441	40	1242	0
344148	31	592	0
344167	2	2209	0
344191	9	4421	0
3442	20	833	0
3443	7	4646	0
344382	2	7257	0
344387	12	1134	0
3444	8	3295	0
3445	13	1109	0
344558	54	246	0
344561	2	10576	0
3446	6	2568	0
344657	3	892	0
344658	11	2125	0
3447	10	3214	0
344758	1	2454	0
344787	4	2042	0
3448	15	1228	0
344805	3	1079	0
344807	2	3574	0
344838	9	950	0
344875	1	1962	0
344892	88	923	0
3449	6	1745	0
344901	5	4941	0
344905	1	6133	0
345	41	443	0
345062	4	6585	0
345079	11	625	0
3451	6	12046	0
345193	4	3353	0
3452	30	1326	0
345222	1	4910	0
345274	178	456	0
345275	139	498	0
3454	56	231	0
345456	9	1582	0
345462	4	948	0
3455	27	442	0
345557	3	3252	0
3456	7	3823	0
345611	23	637	0
345630	34	224	0
345643	6	3513	0
345651	289	70	0
345757	221	151	0
345778	75	363	0
3458	17	840	0
345895	2	10336	0
3459	83	263	0
345930	28	524	0
346	26	1336	0
3460	60	503	0
346007	3	761	0
346157	7	2194	0
346171	15	671	0
346288	31	674	0
346389	13	411	0
346547	1	3680	0
346562	13	832	0
346606	22	1296	0
346653	4	3671	0
346673	10	2481	0
346689	103	384	0
3467	7	1253	0
347	167	126	0
347148	1	7161	0
347240	35	294	0
347252	5	1135	0
347273	7	990	0
347344	5	974	0
347365	13	2351	0
347404	2	5423	0
347442	24	654	0
347475	1	2794	0
347487	35	907	0
3475	37	178	0
347516	46	794	0
347517	7	1778	0
347527	3	3835	0
347541	1	12186	0
3476	147	114	0
347688	387	61	0
347689	2	2049	0
347730	42	1195	0
347731	19	856	0
347733	210	69	0
347734	88	138	0
347735	53	676	0
347736	1	1391	0
347741	8	3720	0
347746	2	1320	0
347853	1	4309	0
347862	64	299	0
3479	23	737	0
347902	23	594	0
347918	13	504	0
348	155	71	0
3480	407	38	0
348013	15	953	0
348093	83	377	0
348094	6	1523	0
3481	36	323	0
348110	25	324	0
348158	3	1492	0
348174	16	886	0
348180	67	197	0
3482	261	47	0
348235	29	505	0
348254	2	992	0
348262	50	225	0
3483	11	696	0
348303	11	1906	0
348327	2	3046	0
348378	3	2438	0
3484	24	454	0
348487	16	781	0
3485	13	574	0
3486	46	277	0
348645	1	2214	0
348654	28	245	0
3487	34	381	0
348738	12	1340	0
348793	28	723	0
3488	119	191	0
348801	24	566	0
348807	10	749	0
348825	2	836	0
3489	48	528	0
348938	19	697	0
348980	62	678	0
348995	599	55	0
3490	18	361	0
349075	5	1014	0
3491	44	173	0
349114	1	4756	0
349136	25	532	0
349149	2	6049	0
349160	1	2578	0
3492	18	583	0
3493	125	186	0
349334	1	9152	0
3494	87	301	0
3495	27	652	0
349565	7	1074	0
349667	13	721	0
3497	2	4614	0
35	19	399	0
350	21	295	0
3500	169	81	0
3501	127	110	0
3502	47	378	0
3503	47	377	0
350383	2	3116	0
3507	122	149	0
3508	33	291	0
351	2324	15	0
3512	68	279	0
3514	127	97	0
3516	245	77	0
3519	4	1524	0
3523	1	3788	0
352909	5	1690	0
352954	5	2820	0
352999	14	1838	0
353	97	102	0
353116	18	303	0
353131	83	1134	0
353132	82	717	0
353133	76	591	0
353134	69	643	0
353135	67	936	0
353137	90	622	0
353139	67	1914	0
353140	87	677	0
353141	73	689	0
353142	75	1174	0
353143	45	1155	0
353144	66	1225	0
353145	59	1074	0
353149	12	1257	0
353164	10	2151	0
353174	95	435	0
353189	27	998	0
353219	5	3846	0
353238	14	1249	0
353267	1	2491	0
353274	55	234	0
353288	34	775	0
353299	6	2066	0
353322	3	2793	0
353323	127	378	0
353324	11	1477	0
353332	62	863	0
353333	26	2284	0
353345	21	978	0
353355	2	1363	0
353376	20	1078	0
353497	16	930	0
3535	4	2485	0
353500	19	1092	0
353511	1	6847	0
353513	1	2296	0
353514	31	562	0
353515	1	6972	0
3537	25	355	0
3538	33	476	0
3539	5	1518	0
354	49	356	0
3542	13	590	0
3543	9	2019	0
3547	15	1481	0
3549	1	6600	0
355	340	58	0
3550	198	84	0
3551	210	76	0
3552	70	373	0
3553	45	221	0
3554	31	675	0
3556	36	345	0
3557	43	521	0
3558	5	2713	0
3559	47	1094	0
356	92	317	0
3560	25	533	0
3561	25	1157	0
3562	5	3941	0
3563	44	678	0
3565	3	3439	0
3566	45	392	0
3567	3	5422	0
3568	123	314	0
3569	10	989	0
357	15	268	0
3570	19	904	0
3572	64	217	0
3574	9	1140	0
3575	129	177	0
3576	15	1031	0
3577	9	1450	0
3578	4	2839	0
3579	19	1550	0
358	135	243	0
3581	25	1003	0
3586	17	1522	0
3587	20	1589	0
3588	5	1890	0
3589	9	947	0
359	63	357	0
3590	2	7900	0
3592	9	2161	0
3593	3	7347	0
3594	77	349	0
3595	7	792	0
3596	15	1385	0
3597	13	979	0
359710	5	3141	0
359787	45	460	0
3598	131	186	0
359845	22	688	0
359948	109	117	0
36	68	162	0
360	238	135	0
3600	9	1288	0
360023	13	547	0
360030	2	4723	0
3601	8	1637	0
360132	7	2990	0
360165	1	1391	0
360200	2	840	0
360203	6	2081	0
360226	1	10152	0
360227	2	6392	0
3603	107	154	0
3604	29	851	0
3605	10	2313	0
3606	29	441	0
3607	228	96	0
3608	584	40	0
3609	887	28	0
361	6	1288	0
3611	302	44	0
3612	27	249	0
3613	74	206	0
3614	133	121	0
3615	406	45	0
3617	3	2207	0
3619	75	128	0
362	11	1322	0
3620	6	1612	0
3621	104	151	0
3622	64	255	0
3623	9	1004	0
3624	20	1601	0
3625	10	1617	0
3627	18	7162	0
3628	20	360	0
363	328	400	0
3630	508	45	0
3631	15	225	0
3632	30	283	0
3633	23	274	0
3635	56	283	0
3636	203	83	0
3638	124	94	0
364	4	4723	0
3640	17	946	0
3641	5	5961	0
3642	8	998	0
3643	316	69	0
3645	89	247	0
3646	253	67	0
3651	15	977	0
3652	30	372	0
3653	1	1999	0
3654	301	65	0
3655	135	70	0
3656	51	317	0
3658	54	224	0
3659	62	262	0
366	41	544	0
3660	100	142	0
3661	129	98	0
3662	78	323	0
3663	48	289	0
3664	16	1589	0
3665	90	186	0
3667	107	95	0
3669	12	1498	0
367	946	32	0
3670	36	386	0
3671	137	272	0
3672	42	304	0
3673	90	108	0
3674	20	619	0
3675	55	145	0
3676	535	49	0
3678	111	105	0
3679	97	252	0
368	52	374	0
3680	22	506	0
3681	45	403	0
3682	7	583	0
3683	9	941	0
3684	59	219	0
3685	147	99	0
3687	3	4043	0
3688	317	46	0
3689	55	264	0
369	371	48	0
3690	54	228	0
3691	108	135	0
3692	345	57	0
3693	121	84	0
3694	10	713	0
3695	16	743	0
3696	37	205	0
3697	19	684	0
3698	88	188	0
3699	21	338	0
37	122	94	0
3700	28	256	0
3702	48	261	0
3703	174	67	0
3704	94	138	0
3705	28	211	0
3706	6	580	0
3707	25	207	0
3708	113	119	0
3709	116	90	0
3710	206	85	0
3712	61	210	0
3713	130	200	0
3714	107	178	0
3716	214	82	0
3717	130	100	0
3718	114	156	0
372	220	59	0
3720	39	310	0
3725	421	41	0
3726	110	150	0
3727	70	198	0
3728	464	35	0
373	358	73	0
3730	144	220	0
373073	2	3484	0
373156	111	118	0
3732	40	345	0
3735	363	54	0
373509	33	333	0
3736	20	1502	0
3737	116	419	0
3738	728	33	0
373856	5	1506	0
373861	1	6469	0
373863	18	1063	0
3739	59	417	0
374	13	749	0
3741	57	287	0
3742	16	777	0
374286	1	912	0
374291	296	71	0
374308	29	792	0
374354	371	70	0
374355	27	895	0
374378	60	703	0
374383	75	297	0
374393	26	266	0
374395	90	549	0
3744	23	1503	0
374403	13	529	0
374407	46	377	0
374454	78	166	0
374462	9	1704	0
3745	27	1047	0
374569	13	2745	0
3746	12	2868	0
374618	36	358	0
374650	3	4641	0
374654	143	143	0
374655	3	2989	0
374659	56	243	0
374666	40	205	0
374677	4	2215	0
3747	1	19243	0
374739	4	1390	0
374768	2	10187	0
374786	6	497	0
3748	27	1040	0
374819	2	2398	0
374860	8	684	0
374864	2	1882	0
374868	8	704	0
374872	11	1227	0
374875	3	743	0
374877	20	686	0
374879	12	716	0
374882	66	182	0
374887	10	779	0
374897	112	139	0
374899	21	328	0
3749	34	480	0
374900	7	1138	0
374907	21	1095	0
374918	10	2528	0
374920	18	533	0
374928	13	438	0
374955	2	1341	0
374969	3	940	0
374977	4	2001	0
374986	48	390	0
374987	1	5468	0
375	219	81	0
3750	1	5296	0
375033	9	2087	0
375035	45	318	0
375056	228	66	0
375057	20	1102	0
375061	4	1757	0
3751	20	612	0
375133	4	4624	0
375190	6	1120	0
3752	38	296	0
375248	32	373	0
375260	7	384	0
375287	10	1430	0
375298	12	1047	0
3753	20	1466	0
375307	16	1275	0
375316	2	2290	0
375323	31	866	0
375337	7	1136	0
375341	34	545	0
375346	5	1601	0
375387	25	610	0
3754	19	1122	0
375444	32	394	0
375449	24	469	0
375484	43	288	0
3755	19	734	0
375513	1	6437	0
375519	54	632	0
375567	61	635	0
375593	20	565	0
3756	14	520	0
375607	10	912	0
375611	1	7865	0
375612	3	9995	0
375686	5	2284	0
3757	39	246	0
375743	20	384	0
375748	7	997	0
375757	3	5454	0
375759	1	3379	0
375775	7	793	0
375790	259	47	0
375791	509	91	0
3758	4	2081	0
375850	1	6941	0
3759	29	600	0
3760	10	909	0
3761	14	1748	0
376132	36	666	0
3762	19	1346	0
376267	28	298	0
3763	78	780	0
3764	40	1380	0
376497	29	352	0
3765	5	2183	0
3766	35	394	0
376693	1	3276	0
3767	19	1002	0
3768	26	988	0
376940	10	589	0
377	124	82	0
377007	1	8146	0
377047	6	1903	0
3772	7	1770	0
3773	1	4628	0
377381	1	3502	0
3775	72	262	0
377630	33	407	0
377677	6	825	0
3777	5	2007	0
3778	18	522	0
377841	1	13000	0
3779	7	1339	0
378	277	47	0
3780	7	1673	0
3781	6	998	0
378108	17	651	0
3782	10	796	0
3783	61	419	0
3784	19	618	0
3785	18	594	0
3786	10	3169	0
3787	1	9965	0
378706	1	2090	0
378707	2	1258	0
378708	34	396	0
3788	7	2670	0
378805	1	2578	0
378807	5	3899	0
378884	23	642	0
378925	6	2219	0
378938	138	158	0
378948	1	14224	0
378949	1	5224	0
378950	3	4204	0
378951	28	842	0
379	135	182	0
3790	36	842	0
379025	1	6437	0
3791	133	144	0
3792	12	548	0
3795	25	794	0
3796	228	78	0
3797	19	575	0
3798	78	172	0
3799	327	43	0
38	218	68	0
3800	70	160	0
3801	249	93	0
3802	27	1675	0
3803	11	2890	0
3804	62	621	0
3805	92	289	0
3806	2	4977	0
3808	19	1453	0
381	223	61	0
3810	15	973	0
3811	10	4256	0
3812	21	1651	0
3813	25	1784	0
3814	11	738	0
3815	95	338	0
3816	42	593	0
3817	32	716	0
3818	10	2637	0
382	569	36	0
3820	54	671	0
3821	159	334	0
3822	44	937	0
3823	27	1760	0
3824	102	392	0
3827	44	611	0
383	137	97	0
3831	246	55	0
3832	250	68	0
3833	93	126	0
3834	1	6800	0
3835	125	100	0
3836	340	64	0
3837	523	37	0
3838	498	37	0
3839	237	68	0
384	18	548	0
3840	214	61	0
3841	88	130	0
3842	290	53	0
3843	401	45	0
3845	1283	18	0
3846	202	227	0
3848	228	56	0
3849	233	63	0
3850	89	216	0
3851	61	182	0
3852	181	76	0
3853	147	91	0
3854	133	96	0
3855	73	208	0
3856	435	51	0
3857	159	78	0
3858	178	73	0
3859	22	675	0
3860	108	138	0
3861	181	70	0
3866	169	156	0
386607	5	388	0
386617	3	1324	0
386618	10	1847	0
386627	1	2090	0
386653	17	1032	0
386672	11	3578	0
386674	87	861	0
386675	292	147	0
386676	240	175	0
386677	152	417	0
386678	63	1158	0
386680	159	479	0
386681	400	132	0
386682	293	151	0
386683	145	414	0
386684	51	1164	0
386724	20	1389	0
3868	192	75	0
387	1173	22	0
387032	78	248	0
387066	2	2497	0
387082	14	407	0
387103	13	700	0
387104	32	334	0
387119	33	397	0
387129	34	772	0
3872	242	61	0
387254	3	698	0
387263	31	411	0
387264	12	4299	0
387266	65	980	0
387267	62	1024	0
387316	1	8501	0
387332	10	815	0
387338	80	165	0
387357	4	2494	0
387496	13	1079	0
3875	405	45	0
387509	1	6916	0
387521	27	305	0
387522	42	255	0
387569	1	2491	0
387597	21	526	0
3876	1	2090	0
387601	2	1263	0
387640	13	578	0
387680	124	114	0
387700	5	2968	0
387707	5	1450	0
387712	2	3432	0
387715	6	2995	0
387718	3	2907	0
387733	6	1780	0
387751	9	591	0
387753	1	5009	0
387755	27	920	0
387758	68	535	0
387763	1	4354	0
387778	12	1573	0
387787	2	4539	0
387836	5	6353	0
387837	183	457	0
387849	19	1794	0
387856	13	1200	0
387867	10	610	0
387882	22	776	0
387893	78	177	0
387911	50	869	0
387914	18	899	0
387921	34	1204	0
387923	61	525	0
387990	8	2186	0
388	833	30	0
3880	270	82	0
388015	7	548	0
388077	1	5675	0
3881	453	82	0
388115	13	576	0
388121	2	4743	0
388122	7	740	0
388125	44	884	0
388135	167	229	0
388152	1	2090	0
388199	1	6424	0
3882	39	403	0
388228	10	943	0
388255	1	2592	0
388272	47	269	0
388289	1	8923	0
3883	10	762	0
388323	1	5468	0
388324	238	143	0
388325	5	2385	0
388333	60	257	0
388335	8	2019	0
388336	38	474	0
388339	1	3276	0
388344	10	502	0
388364	1	4424	0
388372	24	1385	0
388381	1	9809	0
388387	2	9466	0
388389	35	746	0
388394	1	4101	0
3884	93	174	0
388403	5	1111	0
388407	16	1300	0
388419	2	2966	0
388468	12	1400	0
388474	2	1930	0
3885	282	126	0
388503	4	1380	0
388507	1	4384	0
388512	23	683	0
388523	1	2291	0
388524	151	202	0
388531	17	1243	0
388536	4	5495	0
388551	13	1519	0
388552	18	452	0
388555	74	529	0
388558	11	414	0
388559	9	906	0
388561	8	634	0
388564	1	2214	0
388566	3	1673	0
388567	6	1137	0
388569	88	296	0
388585	2	3725	0
388588	58	1183	0
388591	6	899	0
388595	4	7743	0
3886	108	238	0
388610	4	1695	0
388611	9	1981	0
388630	2	2372	0
388633	198	235	0
388646	9	1566	0
388649	7	3885	0
388650	88	518	0
388662	5	635	0
388677	380	112	0
388695	13	1140	0
388697	138	82	0
388698	113	99	0
3887	52	411	0
388701	55	435	0
388707	1	3276	0
388719	1	2259	0
388722	2	6508	0
388730	3	4197	0
388743	8	1024	0
388753	24	419	0
388789	3	1392	0
388796	1	8674	0
3888	34	573	0
388815	1	1999	0
388818	93	435	0
388849	1	3144	0
388882	28	669	0
388886	1	4354	0
3889	67	340	0
388931	1	4354	0
388939	9	991	0
388951	67	279	0
388960	6	1121	0
388962	36	533	0
388965	2	11018	0
388969	27	383	0
389	578	40	0
3890	47	363	0
389015	4	6533	0
389036	1	3068	0
389058	3	743	0
389072	24	347	0
389073	1	7009	0
389084	25	805	0
3891	60	241	0
389114	8	2008	0
389118	68	332	0
389119	18	693	0
389123	24	556	0
389124	5	2387	0
389125	1	5715	0
389136	69	449	0
389141	1	3276	0
389151	7	1394	0
389158	2	4784	0
389161	1	2090	0
389170	5	1076	0
389177	1	1999	0
389197	1	7882	0
3892	76	249	0
389203	13	772	0
389206	5	2246	0
389207	16	1301	0
389208	2	2137	0
389257	4	1274	0
389289	8	1130	0
389320	8	1550	0
389333	1	4201	0
389336	14	2786	0
389337	6	602	0
389362	54	766	0
389376	8	3978	0
389383	2	2839	0
389384	30	409	0
389396	1	7726	0
389400	2	3082	0
389421	214	166	0
389432	1	3068	0
389434	7	1273	0
389435	5	1290	0
3895	317	43	0
389524	15	862	0
389541	41	286	0
389549	27	894	0
389610	1	3318	0
389643	3	4801	0
389649	2	2464	0
389658	1	3618	0
389677	74	151	0
389690	1	12022	0
389692	15	708	0
3897	47	195	0
389730	2	2395	0
389741	11	1828	0
389762	1	11503	0
389763	2	2526	0
389766	1	14543	0
389792	4	1536	0
389799	6	1079	0
3898	52	174	0
389812	11	2415	0
389813	3	1294	0
389840	18	629	0
389842	2	1774	0
389849	1	4656	0
389856	37	373	0
389857	1	2579	0
389860	4	5348	0
389874	6	2138	0
389895	2	2510	0
389898	16	386	0
3899	13	609	0
389903	1	10858	0
389906	1	1999	0
389941	6	4175	0
39	60	142	0
390	268	87	0
390010	3	2345	0
390037	4	3737	0
390059	1	3560	0
390072	3	6521	0
390075	4	7525	0
390078	1	19927	0
390083	1	5790	0
390113	1	5481	0
390151	2	3306	0
390155	1	4458	0
390167	1	4442	0
390174	1	4004	0
390190	1	4442	0
3902	14	1597	0
390201	1	2301	0
390205	3	1631	0
390212	197	453	0
390226	1	19577	0
390231	1	6744	0
390259	1	2637	0
390260	1	7805	0
390261	6	3504	0
390264	7	1813	0
390265	1	6309	0
390271	1	6677	0
3903	7	1408	0
390321	1	13735	0
390323	1	1804	0
390327	1	12454	0
390354	1	2090	0
3904	47	583	0
390429	28	1063	0
390436	1	4424	0
390437	1	4331	0
390439	4	7944	0
390443	3	5238	0
390502	2	2578	0
390531	1	4928	0
390535	24	1127	0
390594	2	1326	0
390598	4	2122	0
3906	5	1141	0
390612	1	2090	0
390616	35	708	0
390627	1	3471	0
390637	16	503	0
390664	17	867	0
390667	2	7628	0
390748	36	837	0
390760	1	7630	0
390792	58	320	0
3908	21	363	0
390874	7	1399	0
390883	1	2148	0
390892	2	2655	0
3909	53	234	0
390916	138	134	0
390927	7	659	0
390928	23	767	0
390937	1	9821	0
390980	7	376	0
390992	4	2032	0
390999	4	1117	0
391	894	26	0
3910	37	228	0
391002	2	1391	0
391004	10	1239	0
391059	2	4787	0
3911	99	113	0
391104	5	2427	0
391109	1	3837	0
391114	4	2300	0
391123	118	222	0
391195	2	7681	0
391196	21	1103	0
3912	130	82	0
391211	16	1659	0
391257	40	446	0
3913	115	111	0
391356	40	366	0
391365	1	17188	0
3914	85	134	0
391475	1	1804	0
3915	124	69	0
3916	641	32	0
391627	9	1657	0
391634	110	95	0
391712	1	18957	0
391714	5	1312	0
391723	12	1257	0
391769	19	885	0
3918	22	334	0
391833	1	3276	0
392	213	63	0
3920	584	41	0
3921	499	40	0
392138	1	10563	0
392197	6	2284	0
392255	4	3668	0
392307	23	1218	0
392309	8	3723	0
392360	1	7041	0
392364	1	4635	0
392391	5	6257	0
392399	26	2039	0
3924	1	2090	0
392465	1	2947	0
392490	7	1360	0
3925	185	70	0
392509	2	7982	0
392617	6	803	0
392636	1	12967	0
3927	232	52	0
392748	1	4259	0
392843	4	1769	0
392862	6	1834	0
3929	17	785	0
392979	2	1885	0
393	25	375	0
3930	293	61	0
3931	6	3073	0
3932	395	47	0
3933	102	207	0
3934	155	177	0
3936	97	141	0
3937	45	231	0
3938	5	695	0
3939	375	53	0
394	54	189	0
394261	2	2279	0
3945	314	51	0
3948	39	332	0
3949	134	103	0
395	6	1022	0
3950	23	899	0
3952	13	807	0
3953	30	510	0
3954	226	68	0
3955	10	656	0
3956	318	51	0
3957	10	745	0
3958	327	39	0
3959	274	41	0
396	175	88	0
3960	21	630	0
3963	137	102	0
3964	173	122	0
3965	586	38	0
397	37	383	0
3972	4	3760	0
3973	9	2163	0
3975	99	341	0
3976	8	1595	0
3977	33	367	0
3978	109	133	0
398	18	885	0
3980	203	68	0
3981	149	129	0
3982	1	6795	0
3983	164	54	0
3984	85	133	0
3985	78	146	0
3987	88	128	0
3988	42	204	0
399	505	54	0
3990	8	3282	0
3991	12	1445	0
3992	81	152	0
3993	129	138	0
399473	1	8501	0
399474	1	5726	0
399491	1	5523	0
3995	38	274	0
399512	14	1167	0
3996	141	85	0
399664	44	190	0
399665	13	715	0
399668	1	4354	0
399669	5	5047	0
399670	1	7505	0
399671	2	1744	0
399687	280	63	0
399693	74	232	0
399694	21	560	0
399726	2	1305	0
399761	6	1059	0
3998	435	39	0
399806	1	3145	0
399814	4	2490	0
399818	37	819	0
399823	52	418	0
399888	1	16209	0
399909	67	266	0
399942	1	2090	0
399947	56	588	0
399959	2	1897	0
399967	4	6369	0
399975	1	1962	0
399979	58	184	0
40	14	626	0
400	189	75	0
4000	1248	14	0
400011	1	3276	0
400027	1	4354	0
400043	1	9622	0
400055	1	5540	0
400073	1	3145	0
4001	594	30	0
400120	14	1588	0
400126	1	4354	0
400221	1	3117	0
400224	4	886	0
400242	2	1797	0
400258	47	952	0
400322	2	4755	0
400359	5	3394	0
400360	2	6051	0
400389	1	3276	0
4004	152	219	0
400410	3	1485	0
400456	1	2596	0
400499	1	2454	0
4005	252	137	0
400506	273	123	0
400566	3	2260	0
400569	65	298	0
400581	5	6183	0
400591	5	2737	0
400619	3	1383	0
400629	52	482	0
400643	1	4656	0
400657	1	4354	0
400673	20	940	0
400680	1	8674	0
400682	1	6438	0
4007	73	228	0
400709	1	15514	0
400713	1	5606	0
400720	8	456	0
400735	2	15717	0
400745	6	794	0
400757	1	1249	0
400793	52	221	0
400798	6	4590	0
4008	171	72	0
400818	2	1805	0
400823	3	1609	0
400830	3	1788	0
400831	8	2575	0
4009	4	2638	0
400916	73	394	0
400927	1	1999	0
400931	3	698	0
400932	1	1962	0
400935	1	1999	0
400954	10	579	0
400961	51	549	0
400966	49	308	0
400986	12	348	0
401	5	1253	0
4010	30	364	0
401010	1	1666	0
401024	25	280	0
401027	1	18320	0
401036	26	593	0
401052	2	1796	0
401067	2	3809	0
401068	1	2296	0
401089	1	11714	0
401115	4	3907	0
401124	2	3381	0
401137	17	1179	0
401138	24	1268	0
401145	24	501	0
401152	89	477	0
401190	3	2724	0
4012	185	94	0
401207	1	3223	0
401250	30	1254	0
401251	16	766	0
401253	1	3309	0
401262	2	4187	0
401264	1	4354	0
401285	8	2422	0
401288	1	10568	0
401296	1	8501	0
4013	49	261	0
401387	2	1939	0
401388	58	466	0
401393	2	3574	0
401397	2	3764	0
401399	9	814	0
4014	34	277	0
401409	11	1360	0
401442	1	5500	0
401447	3	1820	0
401466	23	377	0
401474	12	724	0
401494	1	12106	0
4015	35	302	0
401505	114	204	0
401507	2	7942	0
401508	26	1256	0
401509	2	3101	0
401535	14	1563	0
401541	45	421	0
401546	5	3497	0
401548	22	317	0
401561	1	1666	0
401562	2	12003	0
401563	4	5837	0
401565	7	2173	0
401577	2	1515	0
4016	14	789	0
401612	2	2459	0
401647	10	1144	0
401666	1	4442	0
401667	1	6181	0
4017	410	61	0
401720	3	3377	0
4018	5	1331	0
401817	1	3276	0
401827	5	1444	0
401934	1	3621	0
401944	2	1089	0
401992	1	11185	0
401993	1	4212	0
401994	3	1906	0
402	82	125	0
402055	3	1397	0
402057	1	6733	0
402117	39	1080	0
402135	1	6584	0
402160	1	7218	0
4023	33	268	0
402381	114	224	0
402415	9	1948	0
402483	2	2545	0
4025	5	2936	0
402569	8	1338	0
4026	120	88	0
402643	7	1268	0
402682	46	419	0
402778	1	5606	0
4029	26	291	0
403	74	169	0
403244	3	927	0
4033	10	872	0
403312	2	2263	0
403313	66	292	0
403314	3	3405	0
403341	29	693	0
4034	35	249	0
4035	160	69	0
4036	134	158	0
4037	45	558	0
4038	80	204	0
4040	121	173	0
404037	2	5912	0
404093	81	171	0
4041	100	229	0
404203	2	1457	0
404216	1	11540	0
404217	32	1334	0
404220	13	654	0
404266	1	2214	0
404281	12	316	0
4043	171	82	0
4045	9	486	0
404550	6	3790	0
404552	26	764	0
4046	38	447	0
404636	30	502	0
404663	3	787	0
404665	2	2751	0
404672	31	704	0
4047	60	142	0
404734	107	179	0
404785	10	1610	0
4048	56	159	0
4049	23	629	0
405	229	98	0
4050	2	7203	0
4051	4	1616	0
4052	78	161	0
4053	84	461	0
4054	26	345	0
4055	86	160	0
4056	12	3804	0
4057	143	104	0
405753	50	782	0
405754	15	1170	0
4058	149	126	0
4059	49	147	0
406	97	184	0
4060	30	368	0
4061	13	520	0
4062	57	703	0
4063	8	2438	0
4064	1	10712	0
4065	1	1391	0
4066	11	1266	0
4067	677	36	0
4068	38	406	0
406881	107	265	0
406882	95	321	0
406883	101	273	0
406884	100	235	0
406885	96	312	0
406886	100	302	0
406887	105	293	0
406888	93	301	0
406889	96	281	0
406890	116	287	0
406891	113	250	0
406892	1	12171	0
406894	1	4656	0
406895	1	4656	0
406896	1	4656	0
406899	82	326	0
4069	120	117	0
406900	97	287	0
406901	84	299	0
406903	81	295	0
406904	89	276	0
406905	78	327	0
406906	70	340	0
406909	3	4544	0
406911	1	4656	0
406912	1	4656	0
406914	1	4656	0
406915	91	316	0
406916	98	291	0
406919	1	4535	0
406921	1	3145	0
406929	67	351	0
406930	87	323	0
406931	1	4656	0
406932	70	342	0
406933	87	310	0
406934	1	4656	0
406935	79	320	0
406936	1	4656	0
406937	80	324	0
406943	1	3145	0
406947	91	284	0
406948	74	331	0
406949	102	293	0
406950	75	261	0
406951	84	278	0
406952	84	302	0
406953	72	327	0
406958	2	3612	0
406959	2	2212	0
406964	1	4656	0
406967	1	11552	0
406976	83	309	0
406977	75	335	0
406979	99	295	0
406980	103	297	0
406981	93	264	0
406982	73	333	0
406983	76	342	0
406984	83	322	0
406985	89	325	0
406986	1	3145	0
406987	1	4656	0
406988	92	277	0
406989	78	301	0
406991	96	279	0
406996	92	299	0
406998	1	4656	0
406999	2	4199	0
407	15	1209	0
4070	128	189	0
407004	1	4656	0
407006	89	271	0
407007	78	313	0
407008	4	2551	0
407011	1	1999	0
407012	2	2212	0
407014	100	259	0
407017	1	3145	0
407018	1	2090	0
407019	1	4656	0
407021	86	249	0
407023	1	4656	0
407024	72	307	0
407025	70	344	0
407026	88	319	0
407028	1	4656	0
407029	1	3145	0
407030	1	3145	0
407031	1	4656	0
407035	83	313	0
407040	104	248	0
407041	109	274	0
407042	78	334	0
407043	102	256	0
407044	83	316	0
407045	75	341	0
407046	84	334	0
407047	76	342	0
407048	77	271	0
407049	88	293	0
407050	83	334	0
407051	69	354	0
407054	77	301	0
4071	7	551	0
4072	25	308	0
4074	60	142	0
4076	440	58	0
4077	368	50	0
407738	8	3754	0
407835	1	4093	0
407975	2	1569	0
407977	6	2057	0
408	300	53	0
408029	23	617	0
408050	61	237	0
4081	13	2635	0
408186	1	3837	0
408187	14	1829	0
4082	597	29	0
408263	88	861	0
4084	37	339	0
4085	252	78	0
4086	172	127	0
4087	314	58	0
4088	387	42	0
4089	444	44	0
409	439	39	0
4090	84	137	0
4091	51	340	0
4092	108	201	0
4093	130	128	0
4094	56	276	0
4097	39	263	0
4099	16	750	0
41	54	375	0
410	73	197	0
4100	93	146	0
4101	29	453	0
4102	134	154	0
4103	57	238	0
4105	90	301	0
4107	145	176	0
4108	207	141	0
4109	49	427	0
411	37	328	0
4110	134	192	0
4111	24	952	0
4112	8	1639	0
4113	349	114	0
4114	4	4435	0
4115	60	305	0
4116	249	85	0
4117	40	353	0
4118	81	655	0
412	32	897	0
4121	57	288	0
4122	88	356	0
4123	33	237	0
4124	47	238	0
4125	60	210	0
4126	72	333	0
4128	15	326	0
4129	37	303	0
4130	91	144	0
4131	504	35	0
4133	76	128	0
4134	310	51	0
4135	15	705	0
4137	947	15	0
4139	69	177	0
414	2	911	0
4140	234	72	0
414059	10	586	0
414060	2	1331	0
414061	60	295	0
414062	4	6212	0
4141	325	55	0
414149	13	1703	0
414153	4	1001	0
414157	14	1913	0
414189	1	7009	0
414194	2	1220	0
4142	84	300	0
414236	63	451	0
4143	21	360	0
414301	64	446	0
414318	3	3743	0
414325	11	3247	0
414332	1	4903	0
4144	204	69	0
4145	31	276	0
4146	8	3091	0
4147	101	196	0
414771	1	3471	0
414777	3	1406	0
4148	10	2321	0
414899	11	730	0
4149	224	100	0
414918	9	432	0
414919	167	137	0
414927	2	4596	0
415	25	1029	0
4150	86	111	0
4151	17	848	0
415116	58	187	0
415117	26	833	0
4152	69	144	0
4153	30	678	0
4154	249	65	0
4155	84	146	0
4157	17	594	0
4158	3	7513	0
4159	3	2341	0
416	31	825	0
4160	17	1093	0
4161	1	15572	0
4162	465	61	0
4163	212	134	0
4166	17	389	0
4168	15	430	0
417	7	1614	0
4170	124	95	0
4171	1050	17	0
4172	341	52	0
4173	295	57	0
4174	412	35	0
4175	272	57	0
4176	405	43	0
4179	36	274	0
4184	78	864	0
4185	28	833	0
4188	426	116	0
4189	196	147	0
419	28	1335	0
4190	145	92	0
4191	517	53	0
4192	78	159	0
4193	622	34	0
4194	102	152	0
4199	64	180	0
420	13	419	0
4200	86	157	0
4201	24	928	0
4204	1264	26	0
4205	71	232	0
4207	14	1105	0
4208	36	276	0
4209	81	170	0
421	50	183	0
4210	19	901	0
4211	31	1179	0
4212	87	219	0
4214	150	94	0
4215	74	162	0
4216	72	147	0
4217	128	101	0
4218	167	90	0
4221	1019	41	0
4222	104	176	0
4223	694	59	0
4224	10	1781	0
4225	5	2634	0
4232	44	205	0
4233	231	67	0
4234	48	266	0
4236	269	73	0
4237	8	1079	0
4238	67	743	0
4239	138	196	0
4240	50	186	0
4241	65	233	0
4242	22	1346	0
4245	31	438	0
4246	101	343	0
4247	30	276	0
4248	3	2120	0
4249	57	250	0
425	1	3704	0
4250	221	250	0
4253	97	156	0
4254	19	712	0
4255	89	136	0
4256	5	2585	0
4257	124	107	0
4258	33	329	0
4259	265	73	0
4261	39	345	0
4267	70	151	0
427	78	187	0
4277	67	283	0
4281	118	100	0
4282	257	54	0
4283	76	844	0
4284	51	629	0
4285	80	192	0
4286	50	153	0
4287	435	29	0
4288	635	44	0
4289	117	132	0
429	36	534	0
4291	111	236	0
4292	245	83	0
4293	28	470	0
4294	42	349	0
4295	2	7305	0
4296	55	171	0
4297	289	62	0
4298	122	134	0
4299	61	233	0
43	3	1722	0
430	8	927	0
4300	85	201	0
4301	311	56	0
4302	99	105	0
4303	29	313	0
4306	34	302	0
4308	10	644	0
4311	124	125	0
4312	14	982	0
4313	51	315	0
4314	20	672	0
4316	24	1521	0
4317	6	2343	0
431705	8	1177	0
431707	51	526	0
4318	36	643	0
4319	20	2093	0
432	54	217	0
4320	1	1391	0
4321	4	1205	0
4322	16	1754	0
4323	57	229	0
432369	12	721	0
4324	27	556	0
4325	2	1188	0
4326	3	1078	0
4327	8	2289	0
4329	45	206	0
433	88	241	0
4330	29	326	0
4331	116	132	0
4332	180	229	0
4335	26	295	0
4336	23	729	0
4337	32	373	0
4338	20	401	0
434	8	1513	0
4340	20	782	0
4342	74	206	0
4343	1281	26	0
4345	6	3508	0
435	26	257	0
4350	93	102	0
4351	48	212	0
4352	34	601	0
4353	52	278	0
4354	112	122	0
4355	40	258	0
4356	34	349	0
4357	65	170	0
4358	54	272	0
4359	5	972	0
4360	5	1411	0
4361	280	59	0
4363	134	87	0
43847	6	2508	0
43849	9	3023	0
439	107	129	0
439921	69	200	0
439936	1	1962	0
439949	1	4354	0
439990	2	4884	0
439996	6	3668	0
440	177	91	0
440021	61	1438	0
440023	93	1009	0
440026	155	100	0
440044	1	7805	0
440050	70	1017	0
440051	65	1323	0
440068	2	3940	0
440073	3	748	0
440077	1	3680	0
440081	5	913	0
440087	6	1765	0
440093	116	141	0
440097	7	1515	0
440107	22	639	0
440119	1	1962	0
440138	57	243	0
440145	39	656	0
440163	15	1896	0
440176	1	3276	0
440184	33	678	0
440193	67	149	0
440248	29	681	0
440253	1	4093	0
440270	4	1399	0
440275	71	179	0
440279	11	750	0
440288	1	8674	0
440295	215	211	0
440300	1	2214	0
440307	3	820	0
440348	2	2166	0
440354	2	1258	0
440356	1	3197	0
440387	2	7142	0
440400	29	607	0
440414	2	6596	0
440416	1	2090	0
440423	1	2090	0
440434	14	529	0
440435	3	4132	0
440452	2	1969	0
440456	3	1446	0
440482	2	1927	0
440498	11	1982	0
440503	8	3327	0
440515	3	1654	0
440519	36	306	0
440533	40	1046	0
440556	1	2296	0
440563	274	122	0
440567	3	4861	0
440570	3	6356	0
440574	58	266	0
440587	2	5883	0
440590	19	1476	0
440603	10	1984	0
440686	136	186	0
440689	183	95	0
440695	1	16578	0
440699	18	1084	0
440712	22	1231	0
440730	4834	3	0
440738	73	188	0
440786	1	6410	0
440822	7	1022	0
440823	1	4645	0
440829	1	6864	0
440836	9	2596	0
440854	1	3331	0
440894	1	8674	0
440910	1	2214	0
440915	57	195	0
440944	4	1326	0
440955	1	9849	0
440957	5	958	0
440992	1	2090	0
440993	1	2090	0
441024	17	1630	0
441027	1	4354	0
441046	74	486	0
441054	2	2600	0
441058	6	2244	0
441061	1	4133	0
441094	3	1370	0
441108	2	4868	0
441150	8	1949	0
441151	2	3076	0
441155	1	7150	0
441161	10	1271	0
441168	3	7421	0
441177	1	2214	0
441178	2	11797	0
441191	4	1321	0
441194	1	3744	0
441208	8	670	0
441212	5	1855	0
441234	3	1777	0
441246	2	3664	0
441250	22	1533	0
441251	11	1023	0
441263	2	1415	0
441272	1	17075	0
441273	4	4171	0
441282	14	1035	0
441294	4	3011	0
441308	1	9371	0
441315	1	8395	0
441362	4	4452	0
441376	15	2054	0
441381	15	1355	0
441400	21	342	0
441425	1	4442	0
441430	6	3888	0
441432	2	2821	0
441452	2	1312	0
441457	1	1962	0
441459	7	569	0
441476	10	1083	0
441478	2	4373	0
441502	66	195	0
441509	2	3242	0
441518	13	665	0
441519	8	798	0
441521	77	313	0
441525	54	479	0
441531	38	552	0
441549	4	5102	0
441608	1	4866	0
441631	12	892	0
441642	9	1102	0
441669	2	6533	0
441670	1	1391	0
441869	3	1892	0
441873	1	1410	0
441925	10	1550	0
441933	22	2002	0
441951	1	2090	0
442038	9	1617	0
442112	1	4354	0
442114	1	7709	0
442117	2	2366	0
442179	1	12244	0
442184	1	3834	0
442185	1	5815	0
442191	3	13000	0
442227	1	7728	0
442247	47	696	0
442253	1	9069	0
442319	3	1370	0
442361	1	10149	0
442444	1	1249	0
442497	4	1090	0
442523	2	2251	0
442524	1	4354	0
442578	3	2828	0
442721	2	2416	0
442897	1	3145	0
442898	1	4656	0
442900	1	3145	0
442903	1	3145	0
442908	1	4656	0
442920	1	13764	0
443	7	1778	0
4430	266	47	0
4435	34	325	0
4436	295	52	0
4437	98	121	0
4438	13	614	0
4439	24	472	0
444	314	51	0
4440	110	160	0
445	186	92	0
445328	7	1142	0
445329	7	595	0
445341	3	3340	0
445347	2	2230	0
445372	3	6215	0
445571	88	307	0
445582	134	128	0
445815	37	199	0
4477	46	675	0
4478	316	41	0
4481	19	611	0
4482	32	313	0
4485	10	607	0
4486	172	118	0
4487	16	1393	0
4488	184	106	0
448831	1	6469	0
448834	282	66	0
4489	1	10025	0
4490	5	10671	0
4493	6	1935	0
4494	10	758	0
4495	8	1360	0
449520	1	9208	0
4496	4	1488	0
4499	17	593	0
4500	1	13263	0
4501	20	813	0
4502	34	340	0
4503	1	9094	0
4504	8	1026	0
4507	91	147	0
4508	25	261	0
4509	42	313	0
4512	60	509	0
4513	198	62	0
4514	39	323	0
4515	5	760	0
4519	19	929	0
4520	113	181	0
4521	80	168	0
4522	266	57	0
4524	45	266	0
4528	340	125	0
4534	67	193	0
4535	70	276	0
4536	22	757	0
4537	2	1874	0
4538	67	230	0
4539	4	1119	0
4540	64	228	0
4541	7	2585	0
4542	38	223	0
4543	161	113	0
4544	130	140	0
4547	11	344	0
4548	115	129	0
4549	2	1832	0
4550	4	1680	0
4552	16	411	0
4556	1	2090	0
4565	1	6884	0
4577	1	2090	0
4580	114	147	0
4582	157	109	0
4583	4	808	0
4584	1	5082	0
4585	7	1000	0
4586	21	572	0
4588	1	13263	0
4589	24	685	0
4591	627	29	0
4593	67	339	0
4594	56	203	0
4595	27	314	0
4597	52	173	0
4598	55	206	0
4599	52	257	0
460	5	1244	0
4600	18	348	0
4601	48	260	0
4602	124	171	0
4603	12	1081	0
4604	39	414	0
4605	145	151	0
4606	42	405	0
4607	11	1153	0
4608	9	1078	0
4609	2968	12	0
4610	46	556	0
4613	1369	20	0
4615	80	158	0
4616	26	767	0
4617	30	1437	0
4618	15	1474	0
4619	61	246	0
462	48	204	0
4620	45	289	0
4621	45	243	0
4622	64	280	0
4624	57	251	0
4625	97	153	0
4626	42	383	0
4627	733	29	0
4628	341	41	0
4629	126	117	0
463	106	132	0
4632	54	163	0
4633	21	796	0
4634	21	407	0
4635	20	476	0
4636	4	1475	0
4637	242	49	0
4638	99	140	0
4640	23	389	0
4641	380	41	0
4642	187	74	0
4643	196	77	0
4644	179	84	0
4645	101	109	0
4646	384	41	0
4647	26	277	0
4648	2	2090	0
4649	96	141	0
4650	106	107	0
4651	131	124	0
4653	44	363	0
4654	164	165	0
4656	62	410	0
4659	306	52	0
466	52	292	0
4660	58	233	0
4661	10	660	0
4664	26	271	0
4665	130	154	0
4666	206	67	0
4668	61	190	0
4669	71	256	0
467	90	167	0
4670	717	35	0
4671	10	1290	0
4673	341	55	0
4674	33	666	0
4675	22	844	0
4676	203	67	0
4677	140	102	0
4678	203	91	0
468	88	164	0
4680	256	97	0
4681	16	772	0
4682	58	216	0
4683	175	90	0
4684	70	155	0
4685	19	336	0
4686	335	49	0
4688	29	375	0
4689	8	1416	0
4690	200	114	0
4691	778	27	0
4692	384	49	0
4693	33	559	0
4694	42	886	0
4695	192	105	0
4696	88	311	0
4697	311	62	0
4698	224	57	0
47	327	42	0
4700	142	138	0
4701	203	103	0
4702	173	89	0
4703	91	134	0
4704	303	52	0
4705	145	106	0
4706	151	151	0
4707	38	629	0
4708	10	980	0
4709	101	197	0
471	150	99	0
4710	74	141	0
4711	120	161	0
4712	51	258	0
4713	98	264	0
4714	122	142	0
4715	131	109	0
4716	134	115	0
4717	1	3618	0
4718	76	330	0
4719	337	53	0
472	305	44	0
4720	275	50	0
4722	377	46	0
4723	287	71	0
4724	187	122	0
4725	146	140	0
4726	232	97	0
4728	246	78	0
4729	197	87	0
473	90	178	0
4731	177	150	0
4733	369	52	0
4734	552	34	0
4735	176	78	0
4736	480	43	0
4738	364	54	0
4739	78	195	0
474	77	246	0
4741	175	104	0
474170	8	1087	0
474338	1	3276	0
474343	28	562	0
474344	5	1667	0
474354	6	686	0
474381	106	438	0
474382	23	831	0
474383	4	4094	0
4744	40	404	0
4745	34	510	0
4747	138	122	0
475	29	234	0
4750	81	185	0
4751	122	123	0
4752	21	494	0
4753	50	265	0
4756	35	249	0
4758	66	134	0
4759	49	401	0
476	539	34	0
4760	18	951	0
4761	10	1427	0
4762	15	1480	0
4763	169	101	0
477	42	210	0
4771	331	64	0
4772	156	112	0
4773	192	81	0
4774	721	73	0
4775	42	213	0
4776	36	443	0
4778	18	814	0
4779	40	314	0
478	236	120	0
4780	159	115	0
4781	673	69	0
4782	812	47	0
4783	33	317	0
4784	591	97	0
479	179	246	0
4790	273	66	0
4791	110	116	0
4792	208	99	0
4793	79	169	0
4794	30	294	0
4795	92	251	0
4796	102	151	0
4798	116	141	0
4799	451	50	0
48	42	157	0
480	26	397	0
4800	94	146	0
4801	54	224	0
4802	155	143	0
4803	9	1449	0
4804	59	246	0
4807	84	324	0
4808	23	941	0
4809	280	78	0
481	150	81	0
4810	48	208	0
4811	30	377	0
4814	22	977	0
4815	80	587	0
4817	67	229	0
4818	49	971	0
482	20	342	0
4820	85	182	0
4821	4	1439	0
4824	47	312	0
4825	3	3722	0
4826	2	2273	0
4828	31	802	0
4829	1	16147	0
483	232	69	0
4830	190	65	0
4831	182	89	0
4832	96	147	0
4833	182	102	0
4835	27	284	0
4836	151	100	0
4837	14	409	0
4838	8	2625	0
4839	413	60	0
4841	531	40	0
4842	33	418	0
4843	162	94	0
4846	50	196	0
4848	170	127	0
4849	147	104	0
4850	61	190	0
4851	335	48	0
4852	7	1989	0
4853	411	60	0
4854	105	151	0
4855	11	757	0
4856	33	468	0
4857	16	358	0
4858	14	385	0
486	5	2913	0
4860	79	143	0
4861	243	147	0
4862	40	333	0
4863	63	317	0
4864	347	58	0
4867	92	251	0
4868	17	869	0
4869	1238	20	0
487	413	61	0
4878	56	534	0
4879	27	708	0
488	346	48	0
4880	9	1693	0
4881	7	1785	0
4882	6	1303	0
4883	11	524	0
4884	75	256	0
4885	18	1110	0
4886	3	7017	0
4887	62	452	0
4888	1	5958	0
4889	2	3976	0
489	224	148	0
4891	36	395	0
4892	10	971	0
4893	673	38	0
4897	29	231	0
4898	118	136	0
4899	75	189	0
49	5	1996	0
490	230	54	0
4900	14	565	0
4901	8	1622	0
4902	3	6027	0
4904	730	33	0
4905	222	55	0
4907	82	160	0
4908	26	484	0
4909	10	1291	0
491	184	219	0
4913	46	217	0
4914	2041	13	0
4915	128	146	0
4916	360	55	0
4917	4	649	0
4919	108	156	0
492	82	190	0
4920	329	62	0
4921	127	116	0
4922	5	1145	0
4923	61	397	0
492303	4	10277	0
492307	1	12197	0
492311	2	2052	0
4924	87	121	0
4925	81	128	0
4926	465	47	0
4927	132	96	0
4928	212	72	0
4929	21	530	0
493	154	120	0
4931	144	123	0
4935	2	6225	0
493753	22	432	0
4938	16	576	0
493812	1	10522	0
493829	48	284	0
493856	231	79	0
493860	6	2048	0
493861	33	679	0
493869	266	132	0
4939	13	351	0
493901	2	3739	0
493911	12	1732	0
4940	64	165	0
494115	159	107	0
494119	94	371	0
494141	1	3570	0
494143	21	785	0
494188	2	4273	0
494197	16	1723	0
4942	199	80	0
4943	57	387	0
494324	2	2212	0
494327	1	4656	0
494470	12	664	0
494513	1	6992	0
494514	15	546	0
4946	33	268	0
4947	11	501	0
4948	4	8502	0
495	99	249	0
4951	7	2391	0
4952	170	73	0
4953	21	376	0
4956	28	785	0
4957	153	142	0
4958	5	2648	0
496	7	2434	0
4967	236	66	0
4968	15	901	0
4969	12	1449	0
497049	1	2580	0
497258	2	1516	0
4973	28	462	0
4974	9	1109	0
4975	13	2268	0
4976	186	75	0
497661	8	2674	0
4978	18	674	0
498	530	30	0
4982	6	1417	0
4983	8	735	0
4985	40	567	0
49854	164	136	0
49855	30	239	0
49856	124	178	0
4986	11	1986	0
49860	75	317	0
49861	10	1246	0
4987	98	324	0
4988	136	201	0
4990	8	2919	0
4991	1	3188	0
4994	4	2949	0
4995	2	2155	0
4998	79	164	0
4999	104	123	0
50	222	58	0
5000	99	130	0
5001	84	144	0
5002	44	787	0
5003	6	2471	0
5004	64	546	0
5005	17	1104	0
5007	120	79	0
5008	14	955	0
5009	103	415	0
501	121	89	0
5010	11	1821	0
5013	153	224	0
5015	51	405	0
5016	4	3302	0
5017	11	888	0
5018	147	111	0
5019	122	118	0
5020	7	1854	0
5021	14	1383	0
5023	23	1248	0
5024	2	2096	0
5025	45	652	0
5026	29	788	0
5027	18	820	0
5028	43	922	0
5029	106	318	0
5031	376	76	0
5032	5	1053	0
5033	290	43	0
5034	412	30	0
503497	63	1537	0
503542	1	2214	0
503582	8	1161	0
5036	270	55	0
503618	1	18212	0
503627	55	573	0
503638	10	1549	0
503639	21	677	0
5037	256	60	0
503834	17	850	0
503835	11	1696	0
504180	1	10910	0
504189	1	4936	0
5042	84	105	0
5045	224	80	0
5046	55	304	0
5047	70	254	0
5048	216	74	0
50484	49	180	0
50485	44	219	0
50486	19	779	0
50487	5	2623	0
50488	174	101	0
50489	22	576	0
5049	69	149	0
5050	65	118	0
50506	28	820	0
50507	11	1623	0
50508	1	12215	0
50509	7	1282	0
5051	16	463	0
50511	15	789	0
50512	55	243	0
50514	33	523	0
50515	13	503	0
5052	372	48	0
5053	7	725	0
5054	46	194	0
5055	102	178	0
5058	189	76	0
506	577	33	0
50604	14	2083	0
50613	2	1284	0
50614	44	648	0
50615	4	3264	0
50616	6	3007	0
50617	27	716	0
50618	146	92	0
50619	58	214	0
5062	190	65	0
50624	2	2961	0
50626	46	192	0
50628	250	63	0
5063	30	507	0
50632	3	2868	0
50636	68	235	0
5064	75	161	0
50640	57	206	0
50649	60	196	0
50650	16	352	0
50651	6	1914	0
5066	44	333	0
50674	146	207	0
5068	12	922	0
5069	14	527	0
50700	8	1846	0
5071	3416	7	0
50717	147	99	0
5073	142	107	0
5074	120	105	0
5075	3	2693	0
5076	79	303	0
5077	36	434	0
5078	17	854	0
5079	55	391	0
5080	344	99	0
50801	8	2281	0
50804	137	95	0
50805	5	2612	0
50807	67	154	0
50808	65	194	0
50809	325	60	0
5081	122	282	0
50810	42	345	0
50813	149	99	0
50814	161	75	0
5082	125	128	0
5083	126	264	0
50831	1	4354	0
50836	4	6098	0
50837	14	1593	0
50838	2	2768	0
50839	4	11122	0
50840	5	1842	0
50846	40	839	0
50848	52	342	0
50852	22	844	0
50853	8	828	0
50854	2	1771	0
50855	61	256	0
50856	101	377	0
50859	6	1703	0
50861	41	475	0
50862	12	925	0
50863	34	278	0
50865	26	345	0
5087	73	224	0
5089	74	180	0
509	417	34	0
5090	88	242	0
5091	192	70	0
5092	84	183	0
5093	645	30	0
50937	21	465	0
5094	280	47	0
50940	1	1410	0
50943	86	294	0
50944	25	353	0
50945	8	1024	0
5095	133	88	0
5096	167	104	0
50964	34	714	0
5097	74	278	0
5098	52	275	0
5099	277	68	0
50999	63	206	0
51	99	163	0
5100	3	1676	0
51000	5	1387	0
51001	351	88	0
51002	60	279	0
51003	123	193	0
51004	52	197	0
51005	7	451	0
51006	127	390	0
51008	69	165	0
51009	120	114	0
5101	38	348	0
51010	97	127	0
51011	49	321	0
51012	6	1008	0
51013	105	137	0
51014	80	130	0
51015	75	171	0
51016	161	198	0
51018	153	111	0
51019	133	172	0
51020	21	415	0
51021	180	107	0
51022	11	676	0
51023	190	178	0
51024	208	101	0
51025	117	119	0
51026	222	83	0
51027	33	531	0
51028	54	202	0
51029	15	1079	0
51030	29	769	0
51031	80	159	0
51032	33	446	0
51035	204	64	0
5104	32	463	0
51042	56	217	0
51043	56	202	0
51046	26	840	0
5105	115	121	0
51050	82	338	0
51053	105	123	0
51054	1	17796	0
51056	104	104	0
51057	1	2090	0
51058	28	366	0
51059	6	870	0
5106	99	107	0
51060	137	85	0
51061	85	218	0
51062	50	215	0
51063	4	5715	0
51065	195	82	0
51066	198	176	0
51067	228	89	0
51068	115	130	0
51069	223	117	0
51070	90	103	0
51071	37	243	0
51072	58	180	0
51073	272	75	0
51074	45	305	0
51075	223	130	0
51076	31	309	0
51077	91	166	0
51078	75	124	0
51079	138	104	0
5108	425	59	0
51081	346	65	0
51082	137	160	0
51083	24	482	0
51084	56	209	0
51085	43	202	0
51086	18	783	0
51087	285	147	0
51088	14	603	0
51090	64	326	0
51091	17	715	0
51092	139	570	0
51093	4	711	0
51094	48	290	0
51095	53	210	0
51096	131	94	0
51097	190	79	0
51098	36	562	0
51099	34	447	0
5110	250	67	0
51100	118	110	0
51101	58	157	0
51102	24	362	0
51103	140	241	0
51104	58	1192	0
51105	73	262	0
51106	77	147	0
51107	46	382	0
51108	66	577	0
51109	118	94	0
5111	475	42	0
51110	80	235	0
51111	20	422	0
51112	46	266	0
51114	47	1254	0
51115	46	216	0
51116	270	77	0
51117	37	546	0
51118	85	163	0
51119	175	88	0
51121	434	63	0
51122	79	196	0
51123	9	486	0
51124	57	345	0
51125	63	345	0
51126	24	929	0
51127	80	212	0
51128	337	61	0
51129	29	411	0
51130	82	222	0
51131	136	292	0
51132	378	51	0
51133	161	129	0
51134	40	253	0
51135	42	474	0
51136	30	718	0
51138	173	70	0
51141	176	88	0
51142	245	110	0
51143	227	76	0
51144	216	51	0
51146	49	647	0
51147	74	228	0
51148	117	223	0
51149	13	602	0
51150	151	76	0
51151	15	738	0
51154	171	85	0
51155	42	236	0
51156	16	1181	0
51157	31	501	0
5116	231	96	0
51160	110	108	0
51161	114	229	0
51162	77	164	0
51163	32	195	0
51164	128	97	0
51166	22	464	0
51167	4	2336	0
51168	11	665	0
51170	384	71	0
51171	46	457	0
51172	24	1062	0
51174	27	546	0
51175	15	566	0
51176	59	318	0
51177	75	254	0
51179	29	448	0
5118	6	509	0
51181	53	156	0
51182	87	155	0
51184	101	175	0
51185	197	78	0
51186	30	660	0
51187	104	210	0
51188	75	313	0
5119	100	133	0
51191	245	79	0
51192	5	1552	0
51193	23	631	0
51194	155	84	0
51195	6	1208	0
51196	15	446	0
51199	353	86	0
51200	80	184	0
51201	4	3511	0
51202	177	82	0
51203	100	118	0
51204	331	100	0
51205	31	690	0
51206	10	1156	0
51207	102	175	0
51208	4	4238	0
51209	25	925	0
5121	46	1020	0
51213	98	203	0
51214	1	3145	0
51218	79	321	0
5122	12	1150	0
51222	78	213	0
51224	63	463	0
51225	77	507	0
51226	13	1174	0
51227	34	770	0
51228	27	297	0
51230	42	298	0
51231	141	120	0
51232	23	279	0
51233	9	1737	0
51234	277	74	0
51236	35	228	0
51237	10	1899	0
51239	69	286	0
51241	22	607	0
51244	36	214	0
51246	11	718	0
51247	61	222	0
51248	61	171	0
51249	19	1203	0
5125	105	310	0
51250	281	156	0
51251	87	179	0
51252	2	5375	0
51253	212	97	0
51255	138	193	0
51256	57	227	0
51257	76	226	0
51258	129	280	0
51259	245	128	0
5126	1	3223	0
51260	46	150	0
51263	152	220	0
51264	183	124	0
51265	65	148	0
51266	4	1862	0
51267	16	1452	0
51268	15	371	0
5127	126	129	0
51270	35	332	0
51271	31	290	0
51272	42	454	0
51274	225	108	0
51275	1	8674	0
51276	5	955	0
51277	14	1415	0
51278	9	1048	0
51279	9	923	0
5128	61	154	0
51280	133	167	0
51281	2	1818	0
51282	65	657	0
51283	28	703	0
51284	12	1963	0
51285	9	688	0
51286	12	339	0
51287	24	555	0
51289	10	859	0
5129	126	105	0
51290	236	90	0
51291	31	254	0
51292	17	330	0
51293	58	274	0
51294	22	1133	0
51295	225	83	0
51296	232	82	0
51297	99	238	0
51298	11	1493	0
51299	39	1403	0
513	131	96	0
5130	62	165	0
51300	219	117	0
51301	3	10358	0
51302	5	4087	0
51303	22	277	0
51304	15	762	0
51305	2	2465	0
51306	24	393	0
51307	68	284	0
51308	65	273	0
51309	13	691	0
51310	3	2124	0
51311	8	1322	0
51312	5	797	0
51313	3	1688	0
51314	12	973	0
51315	8	447	0
51316	25	617	0
51317	344	88	0
51318	92	280	0
51319	104	155	0
5132	9	1299	0
51320	83	141	0
51321	23	1252	0
51322	83	119	0
51324	198	107	0
51326	16	1603	0
51327	14	1483	0
51329	108	114	0
5133	79	321	0
51330	7	1218	0
51332	15	388	0
51333	58	243	0
51334	14	666	0
51335	234	151	0
51337	119	103	0
51338	41	550	0
51339	25	502	0
5134	42	216	0
51340	167	110	0
51341	136	93	0
51343	1120	31	0
51347	48	206	0
51348	7	2079	0
51350	83	183	0
51351	1	6733	0
51352	12	1660	0
5136	5	1369	0
51360	12	504	0
51361	237	89	0
51362	114	147	0
51363	28	438	0
51364	20	1370	0
51365	6	1687	0
51366	538	45	0
51367	35	355	0
51368	177	126	0
5137	11	454	0
51371	61	344	0
51372	44	213	0
51373	228	104	0
51374	8	1500	0
51375	22	641	0
51377	306	53	0
51378	32	1019	0
51379	36	229	0
5138	112	179	0
51380	15	577	0
51382	93	145	0
51384	29	907	0
51385	11	523	0
51386	238	66	0
51388	167	98	0
51389	13	798	0
5139	76	177	0
51390	60	487	0
51393	6	1083	0
51397	44	441	0
51398	7	1825	0
51399	74	210	0
514	56	365	0
5140	112	126	0
51400	145	99	0
51406	66	167	0
51409	32	376	0
5141	24	415	0
51411	12	1125	0
51412	79	157	0
5142	67	201	0
51421	148	102	0
51422	63	326	0
51426	55	184	0
51427	31	350	0
51428	148	97	0
51429	142	91	0
5143	9	3847	0
51430	53	285	0
51433	134	123	0
51434	161	98	0
51435	89	212	0
51438	29	306	0
51439	70	332	0
5144	62	157	0
51440	27	1433	0
51441	450	42	0
51442	15	1390	0
51444	101	114	0
51447	20	402	0
51449	79	154	0
5145	9	1325	0
51451	28	253	0
51454	38	274	0
51455	30	227	0
51458	16	3098	0
5146	8	759	0
51460	51	387	0
51463	34	276	0
51465	169	100	0
51466	64	201	0
5147	60	333	0
51471	19	2119	0
51473	29	359	0
51474	424	39	0
51475	59	1082	0
51477	71	151	0
51478	36	306	0
51479	217	78	0
5148	7	1576	0
51480	9	2507	0
51481	1	7461	0
5149	11	893	0
51490	115	190	0
51491	177	100	0
51493	360	68	0
51495	237	68	0
51496	68	152	0
51497	98	130	0
51499	49	254	0
515	324	57	0
5150	17	966	0
51501	18	423	0
51503	120	110	0
51504	83	128	0
51506	63	229	0
51507	74	139	0
5151	19	324	0
51510	90	166	0
51512	211	94	0
51513	26	966	0
51514	118	143	0
51517	127	108	0
5152	54	310	0
51520	352	58	0
51522	64	227	0
51523	19	482	0
51524	5	1487	0
51526	12	1019	0
51527	21	628	0
51528	13	985	0
51529	77	246	0
5153	4	2088	0
51530	124	124	0
51531	32	528	0
51533	28	399	0
51534	137	96	0
51535	138	83	0
51537	33	854	0
51538	104	128	0
5154	27	368	0
51540	41	274	0
51542	32	413	0
51545	108	145	0
51547	742	44	0
51548	626	55	0
5155	84	419	0
51550	63	198	0
51552	208	63	0
51554	7	2639	0
51555	8	491	0
51557	3	2976	0
51559	48	196	0
5156	362	63	0
51560	102	124	0
51561	7	3977	0
51562	165	139	0
51564	133	117	0
51566	128	86	0
51567	69	177	0
51569	108	167	0
5157	41	711	0
51571	80	121	0
51573	33	361	0
51574	1110	27	0
51575	148	123	0
5158	8	1753	0
51582	19	780	0
51585	111	135	0
51586	109	140	0
51588	168	113	0
5159	201	79	0
51592	454	37	0
51593	332	52	0
51594	101	120	0
51596	47	177	0
51599	176	98	0
516	31	884	0
5160	734	30	0
51601	13	1154	0
51602	287	62	0
51603	74	155	0
51604	196	81	0
51605	95	130	0
51606	135	94	0
51608	150	94	0
5161	20	395	0
51611	18	368	0
51614	338	97	0
51616	111	165	0
51617	24	718	0
51619	120	158	0
5162	311	41	0
51621	17	336	0
51622	70	260	0
51626	39	289	0
51629	8	808	0
5163	354	98	0
51631	343	57	0
51633	83	177	0
51634	100	163	0
51635	135	144	0
51637	204	80	0
51639	192	88	0
5164	30	382	0
51642	150	148	0
51643	13	1169	0
51645	129	133	0
51646	71	206	0
51647	103	150	0
51649	291	65	0
5165	118	102	0
51650	166	180	0
51651	220	73	0
51652	59	214	0
51654	100	133	0
51655	39	670	0
51657	42	286	0
51659	47	451	0
5166	48	442	0
51660	5	1558	0
51661	143	223	0
51663	295	76	0
51665	25	559	0
51666	32	420	0
51667	52	146	0
51668	30	455	0
51669	195	169	0
5167	52	212	0
51673	5	2606	0
51676	43	274	0
51678	73	151	0
5168	9	800	0
51684	90	250	0
51686	41	792	0
5169	7	2158	0
51690	106	160	0
51691	93	167	0
51692	136	108	0
51693	70	232	0
51696	10	464	0
51699	125	104	0
517	6	2844	0
5170	179	74	0
51700	29	411	0
51701	68	208	0
51702	35	859	0
51703	30	385	0
51704	98	287	0
51705	9	2653	0
51706	123	150	0
5171	2	17189	0
51710	17	649	0
51714	46	369	0
51715	52	272	0
51716	8	3101	0
51719	65	189	0
5172	13	1535	0
51720	114	105	0
51725	12	778	0
51726	341	52	0
51727	103	113	0
51728	77	328	0
51729	152	108	0
5173	12	1491	0
51733	1	11240	0
51734	11	800	0
51735	77	135	0
51738	17	897	0
5174	58	269	0
51741	618	34	0
51742	192	134	0
51744	37	895	0
51747	175	80	0
5175	26	453	0
51750	93	180	0
51751	1	9928	0
51752	72	116	0
51754	5	1333	0
51755	177	83	0
51759	619	44	0
5176	36	514	0
51760	52	238	0
51761	5	1312	0
51762	69	149	0
51763	61	210	0
51764	35	1007	0
51765	184	71	0
51768	6	719	0
51773	120	94	0
51776	95	127	0
51778	17	984	0
5178	12	362	0
51780	98	115	0
5179	9	3063	0
518	17	500	0
51802	8	3138	0
51804	42	347	0
51805	45	296	0
51806	183	86	0
51807	82	157	0
51808	163	94	0
51809	56	290	0
51816	6	925	0
5184	88	141	0
5187	80	238	0
5188	94	254	0
5189	86	171	0
5190	79	239	0
5191	36	762	0
5192	24	506	0
5193	42	812	0
5194	25	511	0
5195	227	109	0
5196	28	1939	0
5197	22	1558	0
5198	145	87	0
5199	42	415	0
52	92	113	0
5201	172	126	0
5202	242	75	0
5203	121	166	0
5204	296	77	0
5205	6	717	0
5207	20	388	0
5208	54	161	0
5209	63	142	0
521	105	138	0
5210	34	221	0
5211	197	54	0
5212	3	1802	0
5213	167	83	0
5214	271	51	0
5216	487	38	0
5217	141	89	0
5218	44	237	0
522	198	117	0
5223	184	78	0
5224	76	178	0
5225	5	1463	0
5226	164	91	0
5228	6	1261	0
5229	21	409	0
523	249	64	0
5230	309	50	0
5232	49	348	0
5236	105	147	0
5238	78	122	0
5239	9	2015	0
5241	71	205	0
5243	52	233	0
5244	6	2570	0
5245	1111	23	0
525	110	190	0
5250	384	37	0
5251	2	4017	0
5252	170	101	0
5253	71	154	0
5255	40	213	0
5256	67	207	0
5257	58	176	0
526	224	56	0
5260	4	3753	0
5261	90	149	0
5264	23	645	0
5265	133	94	0
5266	7	1985	0
5267	18	623	0
5268	149	126	0
5269	39	207	0
527	127	226	0
5270	45	262	0
5271	81	283	0
5272	50	200	0
5273	3	2185	0
5274	8	1549	0
5275	81	295	0
5276	14	1051	0
5277	46	821	0
5279	3	7653	0
528	91	168	0
5281	25	874	0
5283	157	279	0
5284	130	140	0
5286	170	95	0
5287	43	165	0
5288	3	1328	0
5289	97	98	0
529	109	111	0
5290	153	96	0
5291	78	208	0
5292	65	167	0
5293	14	871	0
5294	29	656	0
5295	346	65	0
5296	218	71	0
5297	212	70	0
5298	50	220	0
53	82	181	0
5300	357	54	0
5303	77	183	0
5304	180	110	0
5305	199	100	0
5306	31	254	0
5307	126	167	0
5308	60	271	0
5309	6	1465	0
5310	39	224	0
5311	71	258	0
5313	49	283	0
5314	11	1085	0
5315	473	26	0
5316	70	259	0
5317	134	112	0
5318	224	65	0
5319	6	1012	0
5320	29	370	0
5321	54	191	0
5322	9	3322	0
5324	11	1194	0
5325	20	333	0
5326	62	457	0
5327	54	250	0
5328	49	333	0
5329	127	127	0
533	33	550	0
5330	14	755	0
5331	87	153	0
5332	29	331	0
5333	52	214	0
53335	103	193	0
53336	6	1013	0
53339	107	195	0
5334	7	809	0
53340	14	2306	0
53342	4	1014	0
53343	40	249	0
53344	12	1616	0
53345	11	2909	0
53346	2	5863	0
53347	123	134	0
53349	56	182	0
5335	225	60	0
53353	69	184	0
53354	6	987	0
53358	61	300	0
5336	74	149	0
53369	1	13547	0
5337	118	127	0
53371	116	134	0
53373	29	650	0
5338	127	130	0
5339	413	40	0
534	37	297	0
5340	70	170	0
53405	16	994	0
53407	137	99	0
5341	9	1159	0
5345	23	497	0
5346	12	1076	0
5347	817	30	0
5348	15	1237	0
5349	92	391	0
535	167	87	0
5350	68	692	0
5351	287	63	0
5352	172	67	0
5354	112	225	0
5355	107	176	0
5356	196	90	0
5357	124	127	0
5358	229	66	0
5359	167	98	0
5360	53	713	0
5361	115	157	0
53615	286	86	0
53616	25	307	0
5362	81	312	0
53630	3	3051	0
53632	79	271	0
53635	67	178	0
53637	16	1323	0
5364	35	229	0
5365	9	1901	0
5366	177	112	0
5367	14	1944	0
5368	15	876	0
537	115	112	0
5371	920	22	0
5372	20	481	0
5373	40	182	0
5375	8	1687	0
5376	69	468	0
5378	108	157	0
5379	5	3139	0
538	91	225	0
5380	1	1999	0
53820	111	279	0
53822	3	4103	0
53826	86	361	0
53829	1	13358	0
5383	1	10528	0
53831	24	1003	0
53832	33	625	0
53833	33	682	0
53834	52	243	0
53838	15	553	0
53840	16	726	0
53841	16	404	0
53842	7	4864	0
5387	5	4506	0
539	333	39	0
53904	11	479	0
53905	9	916	0
53916	33	301	0
53917	26	391	0
53918	114	94	0
53919	1	3188	0
5393	131	116	0
53938	75	147	0
5394	216	95	0
53940	8	1244	0
53942	1	7619	0
53944	39	247	0
53947	15	340	0
5395	85	129	0
5396	14	673	0
53981	158	97	0
54	30	425	0
540	42	268	0
54014	48	193	0
54020	6	1278	0
54033	169	103	0
54039	122	155	0
54053	1	4354	0
54058	21	685	0
54059	97	281	0
5406	10	1678	0
54065	18	478	0
54067	1	4354	0
54069	92	170	0
5407	54	812	0
5408	13	1356	0
54084	1	8957	0
54088	1	3944	0
5409	5	1238	0
54093	20	794	0
54097	11	1482	0
54101	445	50	0
54102	28	714	0
54103	6	1152	0
54106	69	211	0
54107	80	152	0
54108	53	178	0
5411	283	78	0
54112	15	2391	0
5412	32	306	0
5413	47	150	0
5414	24	347	0
54143	1	4354	0
54145	22	266	0
541465	3	895	0
541466	25	669	0
541468	132	283	0
541471	2	7166	0
541472	1	2296	0
541473	1	3570	0
54148	207	99	0
54149	12	1251	0
541565	3	3357	0
541611	1	5431	0
54165	274	68	0
54187	97	131	0
5420	76	118	0
54205	173	72	0
54206	105	138	0
54209	11	2556	0
54210	15	1168	0
54212	27	762	0
5422	110	116	0
54221	23	771	0
5423	61	226	0
5424	321	68	0
5425	69	166	0
5426	126	113	0
5427	55	234	0
542767	1	4097	0
5428	104	210	0
5429	80	171	0
5430	495	48	0
5431	355	65	0
5432	331	71	0
54328	49	1040	0
54329	3	4292	0
5433	143	155	0
54331	60	290	0
54332	37	224	0
5434	277	75	0
54344	15	466	0
54345	5	1507	0
54346	23	1611	0
5435	140	198	0
5436	171	152	0
54360	1	2578	0
54361	36	278	0
54363	6	1646	0
5437	218	96	0
5438	123	180	0
54386	550	59	0
5439	147	168	0
5440	147	144	0
54407	133	87	0
5441	164	113	0
54413	89	242	0
54414	64	340	0
5442	204	90	0
54429	6	7277	0
5443	31	783	0
54431	252	58	0
54432	42	619	0
54433	208	95	0
54434	69	160	0
54436	6	813	0
54437	10	1608	0
54438	51	332	0
54439	136	99	0
5444	19	837	0
54440	3	1202	0
54441	3	1704	0
54442	90	104	0
54443	1779	15	0
5445	200	84	0
54453	22	259	0
54454	16	459	0
54455	255	95	0
54456	4	2267	0
54457	24	684	0
54458	54	453	0
5446	4	4632	0
54460	108	176	0
54461	167	131	0
54462	65	201	0
54463	74	179	0
54464	250	73	0
54465	28	356	0
54466	15	695	0
54467	10	424	0
54468	69	171	0
54469	20	459	0
5447	208	63	0
54470	6	1341	0
54471	49	238	0
54472	353	39	0
54474	61	395	0
54475	205	100	0
54476	52	226	0
54477	230	69	0
54478	39	194	0
54480	63	411	0
54482	12	404	0
54487	237	103	0
5449	28	719	0
54490	5	1604	0
54491	404	104	0
54492	4	1662	0
54494	8	1320	0
54495	107	99	0
54496	49	194	0
54497	47	165	0
54498	11	649	0
54499	188	85	0
545	204	78	0
5450	51	419	0
54502	206	133	0
54503	51	276	0
54504	159	94	0
54505	96	132	0
54507	215	156	0
54508	1	5146	0
54509	671	48	0
5451	163	89	0
54510	12	716	0
54511	19	1021	0
54512	177	112	0
54514	22	324	0
54516	242	186	0
54517	132	111	0
54518	18	674	0
5452	25	506	0
54520	100	126	0
54521	105	113	0
54522	5	1642	0
54529	27	638	0
5453	14	1421	0
54531	36	494	0
54532	138	145	0
54534	227	122	0
54535	227	125	0
54536	83	146	0
54537	42	290	0
54538	10	486	0
54539	97	225	0
5454	15	832	0
54540	27	248	0
54541	20	293	0
54542	669	45	0
54543	28	663	0
54544	65	366	0
54545	44	213	0
54546	12	805	0
54549	46	344	0
5455	15	983	0
54550	100	247	0
54551	57	281	0
54552	125	101	0
54554	49	282	0
54555	65	155	0
54556	84	157	0
54557	200	164	0
54558	14	762	0
54566	84	152	0
5457	7	1036	0
54575	32	522	0
54576	2	6883	0
54577	57	652	0
54578	2	8303	0
54579	13	1651	0
5458	80	537	0
54581	2	908	0
54583	87	142	0
54584	55	179	0
54585	49	217	0
54587	10	530	0
5459	12	1071	0
54596	28	633	0
546	208	105	0
5460	333	84	0
54600	12	1855	0
54602	53	319	0
54606	299	71	0
54617	83	140	0
54619	7	1350	0
54620	103	152	0
54621	2	1578	0
54622	110	180	0
54623	190	91	0
54625	44	209	0
54626	3	2038	0
54627	28	701	0
54629	31	619	0
5463	3	3053	0
5464	182	69	0
5465	78	204	0
54657	4	4409	0
54658	8	1412	0
54659	3	9083	0
54660	1	11297	0
54662	12	556	0
54663	110	157	0
54664	306	105	0
54665	155	150	0
5467	108	174	0
54674	3	1674	0
54675	3	3753	0
54676	54	208	0
54677	16	1344	0
5468	289	58	0
54680	66	173	0
54681	36	324	0
54682	103	247	0
5469	184	79	0
547	96	111	0
5470	25	589	0
54700	34	299	0
54704	104	140	0
54707	18	615	0
54708	201	102	0
5471	63	168	0
54714	6	2420	0
54715	87	173	0
54716	34	974	0
54718	6	1566	0
54726	233	74	0
54729	1	4309	0
5473	26	1045	0
54732	144	71	0
54733	72	193	0
54734	32	261	0
54737	92	137	0
54738	202	216	0
54739	40	248	0
54741	13	1051	0
54742	2	3032	0
54749	73	264	0
5475	50	309	0
54751	49	269	0
54752	17	1773	0
54753	1	1391	0
54754	44	385	0
54756	12	547	0
54757	1	1249	0
54758	30	189	0
5476	110	118	0
54760	4	2761	0
54762	19	661	0
54763	59	503	0
54764	4160	8	0
54765	69	180	0
54766	1	11932	0
54768	17	307	0
54769	39	249	0
54776	51	230	0
54777	13	586	0
54778	99	156	0
5478	862	26	0
54780	51	294	0
54784	33	244	0
54785	170	178	0
54788	167	58	0
5479	326	43	0
54790	139	125	0
54793	219	59	0
54795	39	254	0
54796	11	483	0
54797	75	284	0
54798	3	1809	0
54799	55	288	0
5480	24	309	0
54800	57	267	0
54801	156	105	0
54802	16	974	0
54805	27	294	0
54806	54	247	0
54807	4	6010	0
54808	77	278	0
54809	27	284	0
5481	88	101	0
54810	27	294	0
54811	18	467	0
54812	52	155	0
54813	24	391	0
54814	86	110	0
54815	217	94	0
54816	22	554	0
54819	235	141	0
54820	105	116	0
54821	81	139	0
54822	121	184	0
54823	5	1020	0
54825	12	1850	0
54826	12	419	0
54827	3	2078	0
54828	78	127	0
54829	4	2790	0
5483	1	13570	0
54830	35	371	0
54831	17	835	0
548313	2	12148	0
54832	115	101	0
54834	19	327	0
54836	35	394	0
54838	8	584	0
54839	102	165	0
54840	76	205	0
54841	13	856	0
54842	40	800	0
54843	15	936	0
54845	75	406	0
54847	3	971	0
54848	5	1396	0
54849	50	238	0
54850	60	193	0
54851	50	461	0
54852	9	915	0
54853	59	202	0
54855	138	125	0
54856	41	282	0
54857	5	3531	0
54858	15	370	0
54859	47	278	0
548593	26	861	0
548594	3	14995	0
548596	79	138	0
54860	8	2763	0
54861	31	275	0
54862	153	90	0
54863	20	379	0
548644	19	782	0
548645	282	114	0
54865	232	92	0
54866	4	2413	0
54867	143	101	0
54868	6	2540	0
54869	43	397	0
54870	140	92	0
54872	59	195	0
54873	13	835	0
54874	51	193	0
54875	22	542	0
54876	64	261	0
54877	24	308	0
54878	52	360	0
54879	37	1303	0
54880	292	81	0
54881	171	114	0
54882	218	74	0
54883	58	244	0
54884	103	164	0
54885	5	994	0
54886	19	1474	0
54887	88	133	0
54888	280	59	0
54890	49	169	0
54891	25	390	0
54892	91	133	0
54893	40	484	0
54894	426	43	0
54896	12	1672	0
54897	42	151	0
54898	60	280	0
54899	40	277	0
549	304	125	0
54900	8	1957	0
54901	214	68	0
54902	119	214	0
54903	109	225	0
54904	113	99	0
54905	14	475	0
54906	100	107	0
54908	304	73	0
54910	155	138	0
54913	57	343	0
54914	65	178	0
54915	442	51	0
54916	12	1285	0
54918	86	190	0
54919	154	102	0
54920	17	313	0
54921	28	241	0
54922	16	669	0
54923	59	307	0
54925	44	431	0
54926	62	224	0
54927	258	47	0
54928	55	259	0
54929	70	206	0
5493	168	127	0
54930	97	147	0
54931	205	84	0
54932	8	933	0
54933	7	784	0
54934	68	229	0
54935	117	149	0
54936	31	274	0
54937	1	14007	0
54938	94	117	0
54939	105	204	0
5494	140	97	0
54940	414	52	0
54941	53	243	0
54942	15	1676	0
54943	95	365	0
54946	34	248	0
54947	74	243	0
54948	176	123	0
54949	34	241	0
5495	210	70	0
54951	66	292	0
54952	30	430	0
54953	94	125	0
54954	184	105	0
54955	154	167	0
54956	48	315	0
54957	34	337	0
54958	68	253	0
54959	15	751	0
5496	318	56	0
54960	59	271	0
54961	70	180	0
54962	31	361	0
54963	49	212	0
54964	5	4619	0
54965	4	1426	0
54967	51	577	0
54968	221	158	0
54969	38	238	0
54970	15	558	0
54971	271	107	0
54972	126	150	0
54973	99	149	0
54974	58	223	0
54976	32	272	0
54977	5	4325	0
54978	54	292	0
54979	12	1435	0
5498	72	204	0
54980	7	2112	0
54981	7	1204	0
54982	100	129	0
54984	96	146	0
54985	3	1348	0
54986	27	296	0
54987	31	257	0
54988	54	591	0
54989	97	262	0
5499	593	34	0
54991	10	792	0
54993	9	689	0
54994	120	121	0
54995	29	295	0
54996	41	305	0
54997	10	2796	0
54998	282	150	0
55	139	150	0
550	235	70	0
5500	457	49	0
55000	6	600	0
55001	1	3680	0
55002	58	204	0
55003	123	132	0
55004	716	27	0
55005	191	159	0
55006	279	130	0
55007	17	765	0
55008	13	543	0
55009	5	3368	0
5501	709	33	0
55010	9	566	0
55011	731	41	0
55012	41	315	0
55013	170	273	0
55014	261	90	0
55015	50	192	0
55016	70	281	0
55017	65	353	0
5502	11	2499	0
55020	21	320	0
55022	25	454	0
55023	191	97	0
55024	9	572	0
55025	1	3868	0
55026	16	665	0
55027	165	98	0
55028	262	115	0
55030	52	215	0
55031	188	87	0
55032	18	727	0
55033	81	347	0
55034	38	324	0
55035	115	142	0
55036	34	487	0
55037	333	66	0
55038	44	338	0
55039	10	768	0
5504	59	175	0
55040	57	207	0
55041	71	195	0
55048	133	133	0
55049	19	669	0
55051	30	258	0
55052	170	153	0
55054	1137	19	0
55055	30	296	0
55057	28	573	0
5506	52	373	0
55061	49	566	0
55062	50	344	0
55063	7	1989	0
550631	6	908	0
55064	5	1149	0
550643	5	6407	0
55065	9	4089	0
55066	96	149	0
55068	19	500	0
55069	48	723	0
5507	32	558	0
55070	154	132	0
55071	23	413	0
55072	398	48	0
55073	1	1962	0
55074	30	272	0
55075	131	92	0
55076	17	1775	0
55079	5	978	0
55080	16	491	0
55081	88	349	0
55082	168	77	0
55083	51	224	0
55084	9	757	0
55086	49	225	0
55088	26	521	0
55089	2	4279	0
5509	21	562	0
55090	97	176	0
55092	99	274	0
55093	428	75	0
55094	101	161	0
55095	120	115	0
55096	8	3535	0
551	26	708	0
5510	100	153	0
55100	75	158	0
55101	15	276	0
55102	87	178	0
55103	46	344	0
55105	33	273	0
55106	7	1291	0
55107	9	878	0
55108	21	493	0
55109	58	279	0
5511	90	120	0
55110	158	108	0
55111	31	570	0
55112	44	239	0
55113	7	2244	0
55114	94	148	0
55116	37	795	0
55117	147	116	0
55118	27	769	0
55119	102	105	0
55120	65	363	0
55122	73	242	0
55124	14	749	0
55125	185	104	0
55127	219	72	0
55128	100	186	0
55129	30	278	0
55130	21	913	0
55131	349	63	0
55132	140	128	0
55133	111	136	0
55135	89	165	0
55137	11	591	0
55138	210	124	0
55139	39	201	0
5514	175	93	0
55140	95	123	0
55142	125	132	0
55143	115	121	0
55144	28	343	0
55145	114	179	0
55146	6	2753	0
55147	91	166	0
55148	94	194	0
55149	147	95	0
5515	436	39	0
55150	3	3898	0
55151	62	240	0
55152	22	377	0
55153	154	117	0
55154	56	210	0
55156	66	158	0
55157	140	113	0
55159	75	126	0
5516	248	79	0
55160	60	222	0
55161	160	64	0
55163	43	207	0
55164	25	316	0
55165	254	62	0
55166	105	173	0
55167	34	230	0
55168	136	161	0
55170	146	146	0
55171	23	569	0
55172	101	154	0
55173	214	120	0
55174	49	368	0
55175	71	211	0
55176	40	215	0
55177	312	46	0
55178	165	91	0
55179	43	292	0
5518	577	33	0
55180	6	1283	0
55181	105	151	0
55182	41	210	0
55183	199	87	0
55184	7	1638	0
55186	6	715	0
55187	63	169	0
55188	43	418	0
5519	153	108	0
55190	6	448	0
55191	35	149	0
55192	130	121	0
55193	213	83	0
55194	67	472	0
55195	34	484	0
55196	47	266	0
55197	173	113	0
55198	72	142	0
55199	34	640	0
552	3	2910	0
5520	275	58	0
55200	41	414	0
55201	105	115	0
55203	4	2232	0
55204	70	250	0
55205	24	265	0
55206	71	153	0
55207	196	80	0
55208	30	380	0
55209	36	265	0
5521	237	95	0
55210	334	50	0
55211	138	170	0
55212	86	227	0
55213	20	395	0
55214	28	271	0
55215	214	65	0
55216	160	125	0
55217	55	289	0
55218	385	82	0
55219	176	95	0
5522	63	235	0
55220	17	1172	0
55222	16	673	0
55223	31	346	0
55224	20	841	0
55225	17	596	0
55226	298	67	0
55227	80	133	0
55228	121	250	0
55229	77	128	0
5523	42	226	0
55230	51	216	0
55231	22	336	0
55233	83	146	0
55234	200	69	0
55236	147	109	0
55237	18	744	0
55238	86	446	0
55239	51	278	0
5524	106	91	0
55240	142	134	0
55243	118	161	0
55244	52	1154	0
55245	103	144	0
55246	37	188	0
55247	95	172	0
55248	118	209	0
55249	51	266	0
5525	77	172	0
55250	86	159	0
55251	25	411	0
55252	280	60	0
55253	110	282	0
55254	48	1213	0
55255	128	134	0
55256	41	222	0
55257	101	139	0
55258	1	8744	0
55259	9	1538	0
5526	32	705	0
55260	31	443	0
55262	35	758	0
55266	42	597	0
55267	20	909	0
55268	20	688	0
55269	503	54	0
5527	77	129	0
55270	10	1011	0
55272	108	148	0
55273	34	968	0
55274	136	174	0
55275	101	139	0
55276	52	184	0
55277	4	1558	0
55278	106	229	0
55279	2	3124	0
5528	145	108	0
55280	74	162	0
55281	57	529	0
55282	13	832	0
55283	63	716	0
55284	94	192	0
55285	40	257	0
55286	10	967	0
55287	10	1737	0
55288	60	164	0
552889	13	543	0
55289	2	2746	0
552891	12	1104	0
5529	108	105	0
55290	36	476	0
552900	117	113	0
55291	247	59	0
55293	22	337	0
55294	941	25	0
55295	76	187	0
55296	13	617	0
55297	25	337	0
55298	13	549	0
55299	298	81	0
553	29	991	0
5530	143	89	0
55300	58	282	0
55301	1	4442	0
55303	4	1262	0
55304	9	623	0
55308	83	127	0
5531	132	116	0
55311	105	159	0
553115	100	119	0
553117	29	244	0
55312	25	1039	0
55313	19	421	0
55314	8	1042	0
55315	2	2875	0
553158	9	1912	0
55316	52	324	0
55317	18	1298	0
55319	90	135	0
5532	76	134	0
55320	54	197	0
55321	1	4354	0
55322	26	291	0
55323	11	1211	0
55324	117	120	0
55325	99	208	0
55326	67	177	0
55327	96	109	0
55328	2	7085	0
55329	38	413	0
5533	72	164	0
55330	18	835	0
55331	8	1358	0
55332	12	1137	0
55333	127	154	0
55334	91	382	0
55335	20	1340	0
55336	11	559	0
55337	95	220	0
55339	139	116	0
5534	63	238	0
55340	75	686	0
55341	162	81	0
55342	231	86	0
55343	8	1770	0
55344	7	705	0
55345	23	281	0
55346	74	145	0
55347	92	151	0
55349	23	342	0
5535	31	717	0
55350	1	19425	0
55351	14	779	0
55352	69	203	0
55353	47	1045	0
55354	7	1112	0
55355	103	151	0
55356	21	1217	0
55357	36	291	0
55359	160	139	0
5536	184	66	0
55361	68	175	0
55362	143	133	0
55363	42	277	0
55364	33	564	0
55365	16	1985	0
55366	262	70	0
55367	46	392	0
5537	220	51	0
55370	86	438	0
55374	14	1215	0
55379	819	22	0
5538	254	57	0
55380	1	9741	0
55384	5	1339	0
55388	118	94	0
5539	9	1950	0
554	122	275	0
5540	1	7128	0
5542	18	1217	0
554203	3	916	0
554206	1	8501	0
554207	1	2296	0
55421	151	117	0
554210	75	337	0
55422	62	270	0
554223	19	1114	0
554226	1	2090	0
55423	3	4738	0
554235	13	1239	0
554236	3	1135	0
55425	40	381	0
554250	5	1970	0
554251	3	835	0
554313	41	210	0
55432	518	41	0
55435	27	429	0
554354	1	2090	0
55437	29	409	0
5544	16	1129	0
5545	3	3391	0
55450	7	925	0
55454	103	375	0
5546	87	151	0
55466	81	135	0
5547	42	191	0
55471	68	230	0
5548	2	2935	0
55486	220	156	0
5549	30	491	0
5550	84	149	0
55500	23	436	0
55501	69	448	0
55502	46	264	0
55503	17	1002	0
55504	44	479	0
55505	85	164	0
55506	208	124	0
55507	71	595	0
55508	26	891	0
55509	53	481	0
5551	47	773	0
55510	18	315	0
55511	6	1300	0
55512	23	516	0
55515	132	314	0
5552	14	1060	0
55520	4	2610	0
55521	140	126	0
55526	62	239	0
55527	101	214	0
55529	35	401	0
5553	275	150	0
55530	8	1632	0
55531	13	1489	0
55532	5	3695	0
55534	16	588	0
55536	82	216	0
5554	19	518	0
55540	36	923	0
55544	23	378	0
5555	1	3341	0
55552	5	1137	0
55553	150	174	0
55554	149	256	0
55556	11	414	0
55558	90	204	0
55559	109	228	0
55561	34	228	0
55565	13	1479	0
55567	12	568	0
55568	52	257	0
5557	97	150	0
55571	109	135	0
55572	63	161	0
55573	83	131	0
55576	8	1263	0
55577	151	93	0
55578	89	150	0
5558	84	161	0
55582	15	679	0
55584	73	519	0
55585	62	143	0
55586	12	1220	0
55588	98	220	0
55589	97	108	0
55591	156	119	0
55592	2	6134	0
55593	49	220	0
55596	144	89	0
55599	45	268	0
55600	56	380	0
55601	84	211	0
55602	136	89	0
55603	82	232	0
55604	77	184	0
55605	105	118	0
55607	119	113	0
55608	24	527	0
55609	59	167	0
55610	116	121	0
55611	347	59	0
55612	32	367	0
55613	23	546	0
55614	76	130	0
55615	38	238	0
55616	25	309	0
55617	13	301	0
55619	24	271	0
5562	245	59	0
55620	21	563	0
55621	117	114	0
55622	97	120	0
55623	63	181	0
55624	82	244	0
55625	18	539	0
55626	265	70	0
55627	162	82	0
55628	12	601	0
55629	26	360	0
5563	233	86	0
55630	162	455	0
55631	85	155	0
55632	16	590	0
55633	192	114	0
55634	19	554	0
55635	30	506	0
55636	148	125	0
55638	29	507	0
5564	90	139	0
55640	3	2247	0
55643	68	176	0
55644	140	109	0
55646	371	69	0
55647	20	664	0
5565	232	120	0
55650	2	3678	0
55651	123	116	0
55652	13	604	0
55653	15	2771	0
55654	10	552	0
55655	44	338	0
55656	61	234	0
55657	41	519	0
55658	137	130	0
55659	8	899	0
5566	388	49	0
55660	412	51	0
55661	302	81	0
55662	313	63	0
55663	81	390	0
55664	29	456	0
55665	31	194	0
55666	188	76	0
55667	134	117	0
55668	70	276	0
55669	45	187	0
5567	178	94	0
55670	11	691	0
55671	179	114	0
55672	8	519	0
55676	108	189	0
55677	112	119	0
55679	20	637	0
5568	100	163	0
55680	33	276	0
55681	181	78	0
55683	77	193	0
55684	130	99	0
55686	15	598	0
55687	86	190	0
55689	167	103	0
5569	9	1114	0
55690	44	177	0
55691	15	437	0
55692	237	84	0
55693	41	300	0
55695	62	154	0
55696	164	80	0
55697	198	69	0
55698	44	314	0
55699	257	53	0
5570	7	2332	0
55700	158	79	0
55701	62	145	0
55702	69	187	0
55703	114	146	0
55704	220	75	0
55705	224	57	0
55706	202	74	0
55707	60	152	0
55709	311	85	0
5571	141	96	0
55711	41	521	0
55713	2	2111	0
55714	56	165	0
55715	66	290	0
55716	945	26	0
55717	130	87	0
55718	97	165	0
55719	38	273	0
55720	315	64	0
55721	13	924	0
55722	106	125	0
55723	107	230	0
55726	68	175	0
55727	10	452	0
55728	85	194	0
55729	79	170	0
5573	295	43	0
55731	41	489	0
55732	58	622	0
55733	1	5678	0
55734	48	178	0
55735	217	81	0
55737	258	61	0
55738	127	108	0
55739	64	143	0
55740	108	99	0
55741	100	351	0
55742	77	103	0
55743	52	216	0
55744	31	429	0
55745	11	1956	0
55746	177	65	0
55748	132	103	0
55749	184	83	0
5575	156	125	0
55750	129	96	0
55751	11	1240	0
55752	108	91	0
55753	44	254	0
55754	129	153	0
55755	179	104	0
55756	63	199	0
55757	77	160	0
55758	174	104	0
55759	133	124	0
5576	194	57	0
55760	38	260	0
55761	109	188	0
55762	7	1489	0
55763	138	91	0
55764	60	306	0
55765	65	256	0
55766	128	168	0
55768	64	186	0
55769	12	781	0
5577	126	134	0
55770	99	110	0
55771	124	185	0
55773	54	236	0
55775	29	269	0
55776	31	427	0
55777	86	159	0
55778	7	414	0
55779	14	960	0
5578	276	58	0
55780	1	1999	0
55781	124	102	0
55783	20	705	0
55784	10	383	0
55785	36	231	0
55786	6	1439	0
55787	96	167	0
55788	8	1006	0
55789	192	111	0
5579	197	88	0
55790	61	319	0
55791	247	82	0
55793	41	420	0
55794	222	102	0
55795	85	127	0
55796	15	749	0
55798	23	413	0
55799	9	2708	0
558	340	46	0
5580	156	88	0
55800	212	166	0
55801	8	1295	0
55802	165	105	0
55803	14	276	0
55805	22	1073	0
55806	46	385	0
55808	4	2039	0
55809	35	254	0
5581	125	88	0
55810	79	248	0
55811	4	1614	0
55812	24	464	0
55813	84	148	0
55814	36	339	0
55815	20	427	0
55816	16	956	0
55818	62	229	0
55819	322	65	0
5582	70	144	0
55821	2	4716	0
55823	80	149	0
55824	59	400	0
55825	24	380	0
55827	208	95	0
55829	52	280	0
5583	24	375	0
55830	55	249	0
55831	118	126	0
55832	935	19	0
55833	168	93	0
55835	175	126	0
55837	74	192	0
55839	58	492	0
5584	299	47	0
55840	36	385	0
55841	15	272	0
55843	21	267	0
55844	157	138	0
55845	122	177	0
55846	27	695	0
55847	86	129	0
55848	79	252	0
5585	137	85	0
55850	112	125	0
55851	78	328	0
55852	183	90	0
55853	3	1936	0
55854	113	107	0
55855	8	491	0
55856	43	189	0
55857	26	629	0
55858	94	116	0
55859	51	353	0
5586	176	79	0
55860	85	165	0
55861	10	975	0
55862	53	173	0
55863	48	247	0
55867	3	2283	0
55869	41	281	0
5587	172	91	0
55870	57	191	0
55871	174	167	0
55872	147	81	0
55876	11	824	0
55879	5	1350	0
5588	42	247	0
55884	83	212	0
55885	147	149	0
55888	18	1016	0
55889	3	2523	0
5589	253	61	0
55890	102	236	0
55891	10	1720	0
55892	12	390	0
55893	18	431	0
55894	11	3247	0
55897	9	1333	0
55898	223	83	0
5590	360	51	0
55900	24	310	0
55901	3	2766	0
55902	14	302	0
55904	44	210	0
55905	88	128	0
55906	44	402	0
55907	109	101	0
55908	9	1262	0
55909	42	262	0
5591	673	23	0
55911	3	2180	0
55914	243	73	0
55915	92	111	0
55916	45	270	0
55917	71	155	0
5592	46	374	0
55920	216	67	0
55922	241	81	0
55924	26	237	0
55929	180	106	0
5593	11	1020	0
55930	169	100	0
55937	43	1009	0
5594	432	45	0
5595	340	49	0
55954	47	584	0
55957	91	238	0
55958	79	222	0
55959	115	133	0
5596	66	266	0
55964	54	191	0
55966	3	1636	0
55967	199	120	0
55968	164	74	0
55969	100	198	0
5597	469	45	0
55970	101	124	0
55971	123	102	0
55972	49	354	0
55973	38	232	0
55974	7	1090	0
55975	42	270	0
5598	138	89	0
5599	220	77	0
55997	125	345	0
55998	12	567	0
55999	1	4645	0
56	3	2245	0
5600	40	327	0
56000	7	1272	0
56001	60	315	0
56005	63	166	0
56006	70	148	0
5601	174	91	0
5602	52	254	0
5603	34	249	0
56033	9	1024	0
56034	12	1791	0
5604	246	66	0
5605	258	66	0
56052	46	157	0
5606	241	63	0
56061	56	233	0
56062	31	356	0
56063	19	1553	0
5607	110	140	0
5608	56	179	0
5609	174	89	0
56097	21	947	0
56098	71	486	0
56099	5	1585	0
5610	346	69	0
56100	8	724	0
56101	42	618	0
56102	7	2966	0
56103	43	587	0
56104	74	436	0
56105	18	2957	0
56106	18	822	0
56107	33	553	0
56108	24	636	0
56109	23	1064	0
5611	217	67	0
56110	62	620	0
56111	33	557	0
56112	8	1374	0
56113	2	4963	0
56114	2	1065	0
5612	99	156	0
56121	26	538	0
56122	22	561	0
56123	4	1823	0
56124	14	740	0
56125	55	501	0
56126	7	2524	0
56127	2	4848	0
56128	3	2755	0
56129	43	575	0
5613	43	366	0
56130	26	1124	0
56131	2	10847	0
56132	141	191	0
56133	10	1744	0
56134	43	664	0
56135	17	1168	0
56136	4	6972	0
56137	44	992	0
56138	17	1524	0
56139	19	1186	0
56140	53	540	0
56141	10	1125	0
56142	6	717	0
56143	2	4404	0
56144	53	406	0
56145	32	1628	0
56146	12	1052	0
56147	6	1396	0
56154	19	439	0
56155	31	400	0
56156	19	1789	0
56157	26	1143	0
56158	19	1254	0
56159	93	274	0
5616	139	199	0
56160	38	274	0
56163	13	569	0
56164	14	836	0
56165	8	1067	0
56169	5	2727	0
5617	6	2208	0
56171	17	425	0
56172	12	757	0
5618	16	580	0
56180	5	1804	0
56181	61	182	0
5619	2	3847	0
5620	38	679	0
56203	6	2147	0
56204	11	562	0
5621	2246	9	0
5623	5	4851	0
5624	15	1029	0
56241	16	1804	0
56242	6	1440	0
56243	98	98	0
56244	154	321	0
56246	3	3732	0
5625	11	708	0
56252	159	85	0
56254	202	78	0
56255	73	184	0
56256	18	575	0
56257	854	28	0
56259	143	99	0
5626	54	481	0
56260	2	4232	0
56261	7	1249	0
56262	84	148	0
56265	1	5772	0
56267	42	209	0
56269	19	430	0
5627	38	644	0
56270	62	258	0
56271	18	1478	0
56287	28	1072	0
56288	284	56	0
5629	37	342	0
563	142	119	0
5630	199	110	0
56300	42	441	0
56301	2	3204	0
56302	27	487	0
5631	192	89	0
56311	2	2597	0
56339	282	53	0
5634	239	86	0
56341	87	203	0
56342	186	104	0
56344	37	940	0
5635	101	111	0
5636	100	106	0
5638	14	840	0
5639	8	1352	0
5641	46	182	0
56413	48	383	0
5644	69	141	0
5645	34	327	0
5646	55	297	0
56474	117	141	0
56475	97	288	0
56477	23	1603	0
56478	292	100	0
56479	29	489	0
5648	23	429	0
5649	15	372	0
5650	73	279	0
5651	2	3054	0
5652	55	363	0
56521	56	281	0
5653	29	695	0
5654	35	302	0
56547	20	1589	0
56548	28	792	0
5655	179	242	0
5657	81	210	0
566	21	1145	0
5660	112	97	0
56603	29	692	0
56604	28	404	0
56605	54	236	0
56606	32	1076	0
56616	266	72	0
5662	4	4788	0
56623	65	390	0
56624	4	8195	0
5663	195	81	0
5664	67	228	0
56647	141	86	0
56648	55	175	0
56649	308	120	0
56650	70	350	0
56651	1	3117	0
56652	125	156	0
56654	68	216	0
56655	32	402	0
56656	2	6468	0
56658	106	186	0
56659	1	2450	0
56660	1	12126	0
56663	2	1738	0
56664	3	1295	0
56666	8	839	0
56667	37	318	0
56670	3	3780	0
56672	19	646	0
56673	15	1411	0
56674	108	271	0
56675	13	721	0
56676	10	1417	0
56681	272	81	0
56683	81	126	0
5669	50	598	0
567	82	159	0
5670	2	4000	0
56704	229	85	0
5671	19	1483	0
5672	7	5142	0
56729	8	848	0
5673	4	4134	0
56731	3	1838	0
5675	2	5286	0
56751	3	5712	0
56776	61	289	0
5678	21	785	0
5680	60	517	0
5681	62	351	0
5682	474	38	0
56829	602	36	0
5683	209	64	0
56832	1	10167	0
56833	13	2130	0
56834	7	2011	0
5684	439	38	0
56848	16	582	0
56849	23	938	0
5685	304	53	0
56850	184	76	0
56851	145	98	0
56852	459	58	0
56853	10	1567	0
5686	337	40	0
5687	296	59	0
5688	255	50	0
56882	16	325	0
56884	2	8846	0
56886	201	67	0
56888	154	93	0
56889	132	76	0
5689	333	50	0
56890	8	1642	0
56891	48	542	0
56892	4	620	0
56893	251	68	0
56894	83	268	0
56895	69	301	0
56896	64	152	0
56897	115	100	0
56898	39	288	0
56899	26	216	0
5690	205	65	0
56900	39	793	0
56901	15	583	0
56902	125	114	0
56903	7	530	0
56904	99	135	0
56905	77	157	0
56906	28	783	0
56907	25	228	0
5691	191	72	0
56910	35	325	0
56911	11	1599	0
56912	40	669	0
56913	51	660	0
56914	1	13443	0
56915	157	120	0
56916	190	94	0
56917	25	663	0
56918	3	4601	0
56919	61	145	0
5692	214	60	0
56920	4	1462	0
56922	175	84	0
56923	29	1066	0
56924	69	167	0
56925	38	462	0
56926	177	74	0
56927	24	856	0
56928	232	194	0
56929	21	717	0
5693	232	61	0
56931	53	149	0
56934	45	651	0
56935	62	846	0
56937	50	271	0
56938	26	685	0
5694	220	68	0
56940	138	217	0
56941	48	194	0
56942	18	356	0
56943	176	143	0
56944	11	1553	0
56945	277	63	0
56946	133	148	0
56947	178	86	0
56948	28	306	0
56949	178	107	0
5695	203	83	0
56950	63	241	0
56951	17	473	0
56952	37	307	0
56954	72	189	0
56955	8	1301	0
56956	14	657	0
56957	68	158	0
5696	103	148	0
56961	17	1147	0
56963	17	1053	0
56964	1	10607	0
56965	12	1382	0
56969	86	397	0
5697	7	3288	0
56970	51	268	0
56971	1	2090	0
56975	186	105	0
56977	16	650	0
56978	4	1527	0
56979	7	1202	0
5698	87	181	0
56980	66	286	0
56981	20	425	0
56983	107	232	0
56984	69	200	0
56986	14	1105	0
56987	109	124	0
5699	89	250	0
56990	21	286	0
56992	91	138	0
56993	359	50	0
56994	64	308	0
56995	19	313	0
56996	50	326	0
56997	219	82	0
56998	39	258	0
56999	5	1459	0
570	26	605	0
5700	343	41	0
57001	33	497	0
57002	27	358	0
57003	446	40	0
57007	19	332	0
5701	359	40	0
57010	9	1134	0
57016	42	262	0
57017	214	146	0
57018	57	136	0
57019	89	142	0
5702	406	48	0
57020	42	243	0
57026	28	257	0
57030	2	2106	0
57035	26	513	0
57037	63	246	0
57038	89	166	0
5704	326	55	0
57045	15	449	0
57047	15	1802	0
57048	46	591	0
5705	470	34	0
57050	150	127	0
57053	8	3413	0
57054	1	3570	0
57055	21	953	0
57057	18	1217	0
5706	324	45	0
57060	43	284	0
57062	576	34	0
5707	386	38	0
5708	418	38	0
57082	106	168	0
57084	2	2590	0
57085	160	116	0
57088	75	335	0
57089	51	469	0
5709	377	46	0
57091	9	710	0
57092	90	108	0
57093	11	1001	0
57094	14	1277	0
57095	43	209	0
57096	66	351	0
57097	15	1130	0
57099	25	261	0
571	106	124	0
5710	326	41	0
57101	2	1276	0
57102	11	1215	0
57103	60	155	0
57104	40	464	0
57105	21	707	0
57106	64	222	0
57107	23	759	0
57109	259	89	0
5711	116	86	0
57110	10	1358	0
57111	256	102	0
57113	4	4703	0
57116	24	531	0
57117	116	135	0
57118	48	232	0
57119	5	1559	0
57120	290	76	0
57121	2	2320	0
57122	211	63	0
57124	1	4793	0
57125	5	2860	0
57126	4	2719	0
57127	4	7181	0
57128	67	265	0
57129	202	106	0
5713	254	63	0
57130	168	87	0
57132	42	286	0
57134	5	1537	0
57135	1	3570	0
57136	70	94	0
57139	47	866	0
5714	167	85	0
57140	8	1009	0
57142	322	44	0
57143	75	262	0
57144	110	139	0
57146	53	357	0
57147	91	227	0
57148	60	180	0
57149	10	1203	0
5715	169	85	0
57150	17	1144	0
57151	31	1568	0
57152	143	283	0
57153	12	431	0
57154	475	40	0
57156	33	701	0
57157	15	498	0
57158	25	536	0
57159	319	103	0
5716	186	87	0
57161	51	254	0
57162	63	204	0
57165	7	2450	0
57167	25	485	0
57168	33	1464	0
57169	59	165	0
5717	343	39	0
57171	49	217	0
57172	9	1635	0
57175	184	85	0
57176	108	219	0
57178	45	199	0
57179	48	157	0
5718	298	50	0
57180	54	431	0
57181	149	120	0
57182	108	169	0
57184	20	704	0
57185	17	545	0
57186	34	239	0
57187	191	73	0
57188	14	3349	0
57189	19	571	0
5719	295	59	0
57190	65	305	0
57191	3	4309	0
57192	17	1173	0
57194	6	837	0
57198	41	550	0
572	100	136	0
5720	263	56	0
57205	7	631	0
57209	12	497	0
5721	128	90	0
57210	11	614	0
57211	36	452	0
57212	1	3570	0
57213	44	303	0
57214	66	343	0
57215	118	147	0
57216	177	96	0
57217	17	272	0
57221	79	143	0
57222	259	68	0
57223	71	217	0
57224	48	173	0
57226	27	591	0
57228	41	610	0
5723	16	289	0
57231	59	315	0
5724	48	453	0
5725	439	42	0
5726	3	3793	0
5727	266	83	0
5728	637	33	0
57282	3	1364	0
5729	10	830	0
57291	25	389	0
57292	1	13349	0
573	472	46	0
5730	29	372	0
5731	3	3200	0
5732	2	2920	0
57325	110	197	0
57326	209	77	0
5733	117	262	0
57332	242	88	0
57333	24	462	0
57335	29	470	0
57336	12	980	0
57337	26	456	0
57338	50	518	0
5734	47	408	0
57343	5	850	0
57348	298	265	0
57369	2	4681	0
5737	18	1203	0
57379	68	172	0
5738	50	217	0
57380	80	348	0
57381	623	46	0
5739	69	378	0
57393	4	6063	0
57396	43	282	0
573971	1	2665	0
574	1	1999	0
5740	5	1247	0
574016	5	2994	0
57402	69	187	0
574029	2	1978	0
57403	20	621	0
574031	96	267	0
574032	85	321	0
574033	84	309	0
574036	1	3618	0
57404	17	240	0
574040	5	1065	0
574042	2	4053	0
57405	61	228	0
57406	24	390	0
57407	240	83	0
57408	7	3645	0
57409	43	439	0
5741	9	1080	0
57410	149	78	0
57412	5	542	0
57414	102	164	0
57415	9	1762	0
57418	123	102	0
57419	19	1719	0
5742	12	548	0
5743	44	181	0
5744	6	938	0
574411	77	338	0
57446	36	213	0
57447	45	266	0
574470	1	18672	0
57448	249	82	0
57449	25	391	0
5745	85	327	0
57451	7	1383	0
57452	20	582	0
57453	8	996	0
574537	1	15178	0
57455	11	623	0
57456	59	220	0
57458	38	245	0
57459	232	90	0
5746	116	208	0
57460	120	146	0
57461	133	123	0
57462	34	252	0
57463	90	326	0
57464	35	325	0
57465	36	235	0
57466	144	118	0
57467	21	2293	0
57468	7	1616	0
57469	1	4241	0
5747	273	48	0
57470	114	97	0
57471	5	1384	0
57472	55	279	0
57473	198	98	0
57474	49	274	0
57475	13	472	0
57476	67	241	0
57477	3	1234	0
57478	27	236	0
57479	82	195	0
57480	65	272	0
57481	2	3858	0
57482	39	208	0
57484	19	479	0
57486	50	170	0
57488	364	49	0
57489	39	310	0
57491	6	874	0
57492	195	128	0
57493	11	618	0
57494	12	581	0
57495	3	1993	0
57496	55	137	0
57497	7	623	0
57498	184	77	0
575	31	812	0
57502	4	2746	0
57504	168	109	0
57505	322	74	0
57506	294	48	0
57507	90	228	0
57508	102	126	0
57509	80	138	0
57510	217	64	0
57511	159	107	0
57512	6	631	0
57513	47	196	0
57514	44	315	0
57515	62	203	0
57519	35	232	0
57520	318	91	0
57521	319	56	0
57522	37	231	0
57523	28	411	0
57524	6	643	0
57526	20	988	0
57528	9	1044	0
57529	12	953	0
5753	91	132	0
57530	148	107	0
57531	28	391	0
57532	411	68	0
57533	36	332	0
57534	292	79	0
57535	15	546	0
57536	41	530	0
57537	10	684	0
57538	8	517	0
57539	35	337	0
5754	112	111	0
57540	5	2127	0
57541	42	239	0
57542	89	201	0
57544	61	265	0
57545	43	445	0
57546	19	858	0
57547	37	410	0
57549	9	1277	0
57551	49	189	0
57552	86	190	0
57553	76	113	0
57554	35	272	0
57555	63	361	0
57556	56	356	0
57558	25	274	0
57559	72	165	0
5756	167	81	0
57560	28	943	0
57561	224	92	0
57562	80	254	0
57563	79	212	0
57565	65	374	0
57567	25	456	0
57568	124	123	0
57569	28	287	0
5757	195	75	0
57570	43	245	0
57571	3	1178	0
57572	55	209	0
57573	12	1238	0
57574	110	276	0
57575	61	359	0
57576	5	2080	0
57577	7	547	0
57578	9	515	0
57579	85	195	0
57580	65	168	0
57583	15	479	0
57584	177	88	0
57585	34	356	0
57586	4	2420	0
57587	57	234	0
57589	21	367	0
57590	63	177	0
57591	54	200	0
57592	113	113	0
57593	4	1174	0
57594	143	143	0
57595	18	562	0
57596	54	344	0
57597	40	308	0
57599	146	109	0
576	10	1070	0
57600	20	373	0
57602	598	61	0
57604	6	1532	0
57605	6	812	0
57606	121	86	0
57608	36	314	0
57609	64	114	0
57610	112	155	0
57611	10	1083	0
57613	73	244	0
57614	61	164	0
57615	11	1263	0
57616	77	203	0
57617	116	125	0
57619	75	142	0
57620	131	151	0
57621	446	63	0
57622	126	243	0
57623	8	786	0
57624	16	551	0
57626	16	618	0
57628	5	1091	0
5763	81	140	0
57630	100	157	0
57631	68	177	0
57633	7	1340	0
57634	176	105	0
57636	59	177	0
57639	81	278	0
5764	102	167	0
57642	26	501	0
57643	5	1088	0
57644	63	246	0
57645	28	248	0
57646	114	131	0
57647	176	111	0
57648	112	138	0
57649	107	190	0
57650	171	83	0
57653	1	2214	0
57654	38	261	0
57655	164	113	0
57657	5	1126	0
57658	74	149	0
57659	31	574	0
57661	61	199	0
57662	122	111	0
57663	23	413	0
57664	2969	10	0
57665	37	266	0
57666	64	234	0
57669	298	68	0
57670	80	199	0
57673	111	171	0
57674	148	64	0
57677	8	784	0
57678	24	283	0
57679	24	385	0
5768	66	186	0
57680	261	66	0
57683	60	192	0
57684	37	546	0
57685	57	189	0
57687	10	431	0
57688	7	889	0
57689	52	641	0
57690	137	152	0
57691	18	833	0
57692	30	421	0
57693	64	288	0
57695	114	173	0
57696	164	104	0
57697	60	207	0
57698	120	97	0
57699	40	408	0
577	13	1512	0
5770	606	38	0
57700	54	413	0
57701	106	172	0
57703	102	129	0
57704	24	277	0
57705	5	601	0
57706	100	214	0
57707	31	272	0
57708	80	210	0
57709	73	489	0
5771	193	71	0
57710	4	4206	0
57711	6	543	0
57713	35	279	0
57715	47	404	0
57716	15	628	0
57717	40	660	0
57718	14	520	0
57719	13	416	0
57720	55	282	0
57721	555	35	0
57722	33	834	0
57724	12	465	0
57727	117	110	0
57728	33	401	0
57730	59	315	0
57731	46	265	0
57732	7	964	0
57733	10	885	0
5774	91	171	0
5775	48	298	0
57758	2	5438	0
57761	153	117	0
57763	32	402	0
5777	222	104	0
5778	63	224	0
57786	57	243	0
57787	72	157	0
57794	138	96	0
57795	24	700	0
57798	126	161	0
57799	30	807	0
578	36	302	0
5780	100	137	0
57801	23	974	0
57804	10	1157	0
57805	337	58	0
5781	318	44	0
57817	3	3504	0
57818	3	1849	0
57819	168	109	0
5782	136	97	0
57820	17	449	0
57821	6	746	0
57822	9	1821	0
57823	19	878	0
57826	53	167	0
57827	27	732	0
57828	5	801	0
5783	176	99	0
57830	6	9326	0
57834	5	430	0
57835	6	882	0
5784	166	106	0
5786	134	105	0
57862	53	437	0
57863	3	1334	0
5787	32	358	0
5788	32	507	0
5789	124	171	0
579	8	1360	0
5790	15	994	0
5791	52	192	0
5792	216	66	0
5793	94	174	0
5794	80	233	0
5795	79	145	0
5796	169	92	0
5797	61	243	0
5798	114	243	0
5799	55	288	0
58	279	48	0
580	324	69	0
5800	138	148	0
5801	105	189	0
5802	137	130	0
5803	25	245	0
5805	44	238	0
5806	58	326	0
581	118	94	0
5810	47	319	0
5813	261	86	0
5814	143	102	0
58155	65	174	0
58157	158	115	0
58158	10	2088	0
5816	4	3977	0
58160	7	1020	0
58164	1	9039	0
5817	157	130	0
5818	16	669	0
58189	12	1305	0
5819	162	97	0
58190	103	183	0
58191	87	248	0
582	111	248	0
5820	13	546	0
5822	130	110	0
5824	186	124	0
5825	250	53	0
5826	38	358	0
5827	281	92	0
5828	19	860	0
5829	309	62	0
583	52	398	0
5830	188	95	0
5831	199	78	0
5832	185	80	0
5833	38	206	0
5834	142	87	0
5836	116	107	0
5837	81	161	0
58472	93	104	0
58473	29	760	0
58475	11	3914	0
58476	5	1866	0
58477	329	55	0
58478	38	217	0
58480	508	51	0
58484	22	680	0
58485	51	414	0
58486	8	794	0
58487	30	259	0
58488	12	1223	0
58489	7	1245	0
58490	224	84	0
58491	78	336	0
58492	21	450	0
58493	45	230	0
58494	11	1253	0
58495	126	127	0
58496	26	407	0
58497	35	240	0
58498	8	1730	0
58499	63	207	0
585	44	320	0
58500	129	117	0
58503	6	4280	0
58504	63	308	0
58505	51	196	0
58506	133	136	0
58508	134	119	0
58509	103	118	0
58510	1	1391	0
58511	43	536	0
58512	21	405	0
58513	129	69	0
58515	52	367	0
58516	136	126	0
58517	306	71	0
58524	86	502	0
58525	207	96	0
58526	70	288	0
58527	7	1075	0
58528	32	362	0
58529	45	276	0
58530	8	1064	0
58531	2	4206	0
58533	215	71	0
58538	2	7768	0
5858	14	869	0
5859	406	48	0
586	67	207	0
5860	38	208	0
5861	386	33	0
5862	527	41	0
5863	27	253	0
5864	70	218	0
5865	296	92	0
5866	55	483	0
5867	449	61	0
5868	692	27	0
5869	124	82	0
587	28	220	0
5870	127	95	0
5871	97	257	0
5872	101	110	0
5873	80	187	0
5874	35	433	0
5875	81	214	0
5876	88	181	0
5877	77	316	0
5878	564	31	0
5879	988	23	0
5880	664	43	0
5881	614	43	0
5883	54	246	0
5884	85	206	0
5885	378	64	0
5886	216	71	0
5887	219	63	0
5888	224	100	0
5889	44	227	0
5890	43	317	0
5891	26	508	0
5892	96	222	0
5893	61	145	0
5894	1840	16	0
5896	27	265	0
5897	7	1879	0
5898	121	84	0
58985	24	1475	0
58986	30	598	0
5899	77	168	0
59	335	76	0
590	61	290	0
5900	30	405	0
5901	449	42	0
5902	210	59	0
5903	342	53	0
5905	291	47	0
5906	148	79	0
59067	7	2600	0
5908	172	82	0
59082	2	4090	0
59084	6	990	0
5909	46	193	0
5910	139	104	0
5911	79	202	0
5912	35	282	0
5913	18	358	0
5914	159	115	0
5915	27	647	0
5916	44	508	0
5917	324	50	0
5918	21	1133	0
5919	4	4971	0
5920	26	491	0
5921	137	104	0
5922	24	455	0
5923	15	629	0
5924	26	508	0
5925	316	71	0
5926	68	288	0
59269	20	341	0
5927	65	205	0
59271	64	541	0
59272	1112	17	0
59274	10	1081	0
59277	19	712	0
5928	555	36	0
59283	13	530	0
59284	19	868	0
59285	33	535	0
59286	76	203	0
5929	281	75	0
593	174	99	0
5930	208	76	0
59307	12	447	0
5931	486	49	0
5932	108	124	0
5933	96	160	0
59335	3	2175	0
59336	10	1102	0
59338	105	138	0
59339	91	99	0
5934	74	234	0
59340	1	5268	0
59341	16	825	0
59342	77	232	0
59343	165	71	0
59344	50	378	0
59345	120	117	0
59347	3	3142	0
59348	17	485	0
59349	100	152	0
5935	158	104	0
59350	85	518	0
59352	4	1429	0
59353	34	462	0
5936	323	71	0
5937	205	105	0
5939	249	153	0
594	65	175	0
5940	27	791	0
5942	1	7118	0
5947	32	279	0
5948	3	2261	0
594837	2	1544	0
594839	1	4093	0
594855	25	1270	0
5949	16	1781	0
595	263	75	0
5950	26	493	0
595097	1	2090	0
595099	1	2090	0
595100	1	2090	0
595101	1	2090	0
5953	1	5208	0
5954	255	56	0
5955	277	52	0
5956	4	3192	0
5957	18	878	0
5959	8	1624	0
596	129	86	0
5961	28	766	0
5962	276	69	0
5965	286	68	0
5966	376	79	0
5967	6	1618	0
5968	5	2070	0
597	21	585	0
5970	430	42	0
5971	75	208	0
5972	11	3209	0
5973	5	1801	0
5976	559	49	0
5977	341	67	0
5978	259	84	0
5979	265	65	0
598	189	69	0
5980	38	227	0
5981	220	79	0
5982	167	80	0
5983	173	86	0
5984	219	99	0
5985	198	79	0
5986	5	7119	0
5987	506	56	0
5988	4	2894	0
5989	73	166	0
599	71	166	0
5990	23	477	0
5991	43	246	0
5992	2	10471	0
5993	51	215	0
5994	20	449	0
5995	10	2148	0
5996	8	1176	0
5997	75	188	0
5998	56	262	0
5999	16	791	0
60	971	18	0
6000	15	773	0
6001	13	401	0
6002	33	357	0
6003	13	594	0
6004	15	866	0
6005	7	1958	0
6007	8	2915	0
6009	93	124	0
6010	11	1338	0
6011	9	1223	0
6013	91	647	0
6014	14	700	0
6015	200	84	0
6016	20	1014	0
6017	7	1804	0
6018	63	202	0
6019	11	2709	0
602	49	246	0
6023	3	1054	0
6025	2	3500	0
6029	9	2492	0
6030	1	2090	0
6031	1	2090	0
60312	58	155	0
60313	84	191	0
60314	78	117	0
60343	20	296	0
6035	11	1165	0
60358	1	2585	0
6036	4	2166	0
6037	13	1053	0
60370	47	387	0
6038	12	2093	0
60385	38	513	0
60386	74	210	0
6039	1	17858	0
604	226	103	0
60401	19	1207	0
6041	35	356	0
60412	196	66	0
6043	3	1560	0
60436	21	506	0
60437	3	779	0
6045	809	35	0
6046	413	64	0
60468	86	250	0
6047	1408	16	0
6048	126	203	0
60481	361	66	0
60482	7	860	0
60484	48	620	0
60485	148	129	0
60487	40	204	0
60488	299	75	0
60489	18	282	0
6049	73	190	0
60490	12	1632	0
60491	173	122	0
60492	219	183	0
60493	292	77	0
60494	2	2076	0
60495	23	845	0
60496	80	137	0
605	124	200	0
6050	212	71	0
60500	1	7640	0
60506	17	923	0
60509	24	434	0
6051	53	167	0
6052	3	1077	0
60526	5	439	0
60528	175	76	0
60529	17	939	0
60558	102	151	0
60559	121	99	0
60560	47	204	0
60561	215	102	0
6059	392	50	0
60592	46	239	0
606	1	1999	0
6060	3	1709	0
60625	64	205	0
60626	87	108	0
606293	1	1999	0
606551	1	3276	0
6066	14	1372	0
60672	48	351	0
60673	88	214	0
60674	10	548	0
60675	12	2307	0
60676	3	4342	0
60677	4	1971	0
60678	47	166	0
6068	1	3145	0
60680	36	1305	0
60681	91	137	0
60682	64	134	0
60684	57	147	0
60685	16	428	0
60686	8	717	0
607	86	175	0
6076	1	8042	0
6079	1	2090	0
608	21	509	0
6080	3	1368	0
6082	1	2090	0
6083	2	2648	0
6084	2	3374	0
6085	2	3374	0
6086	1	4161	0
6091	88	138	0
6092	33	262	0
6093	162	78	0
6094	3	3164	0
6095	33	429	0
6096	36	394	0
6097	39	305	0
6098	94	205	0
610	7	1202	0
6100	98	118	0
6101	8	599	0
6102	92	186	0
6103	47	372	0
611	3	1380	0
6117	3049	12	0
6118	2897	9	0
6119	2872	11	0
6120	52	364	0
6121	7	1640	0
6122	696	42	0
6123	64	240	0
6124	748	30	0
6125	587	40	0
6128	599	32	0
6129	474	47	0
613	215	75	0
6130	653	38	0
613037	4	1077	0
6132	518	52	0
613209	41	1265	0
613210	42	1057	0
613212	59	1226	0
613227	17	782	0
613266	1	9680	0
6133	391	50	0
6134	680	47	0
6135	625	40	0
6136	391	43	0
6137	668	49	0
6138	508	50	0
6139	556	43	0
6141	503	51	0
6142	428	60	0
6143	601	61	0
6144	353	60	0
6146	407	51	0
6147	594	46	0
6150	214	114	0
6152	371	59	0
6154	377	53	0
6155	415	57	0
6156	451	47	0
6157	442	54	0
6158	442	46	0
6159	274	65	0
6160	667	40	0
6161	317	72	0
6164	282	61	0
6165	376	56	0
6166	306	83	0
6167	153	129	0
6168	385	69	0
6169	315	64	0
617	106	152	0
6170	110	144	0
6171	9	543	0
6173	125	115	0
6175	634	36	0
6176	298	59	0
618	1	6786	0
6181	383	46	0
6182	341	60	0
6183	237	101	0
6184	805	16	0
6185	777	30	0
6187	620	36	0
6188	696	34	0
6189	622	26	0
6191	480	47	0
619190	1	2214	0
6192	84	147	0
619208	2	11915	0
619279	22	515	0
6193	405	49	0
619383	1	1962	0
6194	836	30	0
619498	2	2546	0
6195	197	66	0
619505	1	4093	0
619553	1	3145	0
619563	4	1655	0
619565	2	1707	0
619567	1	3618	0
619568	1	3618	0
619569	1	4894	0
619570	1	2594	0
6196	174	88	0
6197	193	70	0
6198	110	95	0
6199	252	72	0
6201	454	46	0
6202	624	49	0
6203	506	41	0
6204	552	46	0
6205	481	50	0
6206	320	49	0
6207	464	51	0
6208	496	48	0
6209	409	48	0
6210	394	44	0
6217	704	31	0
6218	292	66	0
622	58	157	0
6222	389	57	0
6223	619	35	0
6224	508	40	0
6227	254	73	0
6228	353	53	0
6229	509	52	0
623	31	1003	0
6230	378	48	0
6231	309	51	0
6232	339	57	0
6233	459	38	0
6234	287	57	0
6235	177	91	0
6236	18	548	0
6237	51	249	0
6238	313	50	0
6239	89	144	0
624	27	761	0
6240	126	101	0
6241	93	97	0
6242	109	133	0
6247	2	4400	0
6248	12	705	0
6249	177	95	0
6251	63	124	0
6252	108	144	0
6253	42	619	0
6256	155	130	0
6257	60	214	0
6258	35	405	0
6259	207	93	0
6261	30	259	0
6262	49	258	0
6263	23	298	0
627	42	311	0
6271	31	514	0
6272	196	92	0
6273	406	78	0
6274	58	635	0
6275	128	129	0
6276	2	13367	0
6277	231	97	0
6278	174	98	0
6279	186	64	0
6280	262	69	0
6281	117	107	0
6282	74	133	0
6283	2	2585	0
6284	40	347	0
6285	171	153	0
6286	277	103	0
6288	47	661	0
6289	10	2216	0
629	42	241	0
6291	10	3023	0
6293	183	81	0
6294	240	66	0
6295	6	1413	0
6296	14	665	0
6297	91	167	0
6299	95	260	0
6300	62	209	0
6301	119	102	0
6302	50	448	0
63027	35	508	0
6303	97	172	0
63035	87	174	0
63036	15	1026	0
6304	120	151	0
6305	148	107	0
6307	86	177	0
6309	36	617	0
631	49	349	0
6310	469	40	0
6311	290	76	0
6314	110	125	0
6317	208	75	0
6318	186	138	0
6319	133	75	0
632	8	1175	0
6320	93	296	0
6322	58	219	0
6323	10	1279	0
6324	15	1825	0
6326	64	303	0
6327	90	374	0
6328	13	1083	0
6329	91	371	0
633	20	440	0
6330	4	3621	0
6331	25	562	0
6332	4	2026	0
6334	9	754	0
6335	7	1148	0
6336	2	2914	0
6337	63	341	0
6338	20	643	0
6339	22	764	0
634	11	1624	0
6340	16	1096	0
6341	164	136	0
6342	66	136	0
6343	6	2770	0
6344	6	4397	0
6345	4	3295	0
6346	5	5268	0
6347	29	633	0
6348	169	273	0
6349	35	908	0
635	11	1850	0
6351	25	1778	0
6352	57	464	0
6354	10	1215	0
6355	14	7678	0
6356	27	1388	0
6357	21	942	0
6358	14	1950	0
6359	6	4616	0
636	225	93	0
6360	8	2091	0
6361	11	2116	0
6362	19	635	0
6363	14	1995	0
6364	14	817	0
6366	35	937	0
6367	40	621	0
6368	4	5233	0
6369	6	2819	0
637	130	106	0
6370	10	3906	0
6372	34	948	0
6373	23	2370	0
6374	24	1228	0
6375	25	1010	0
6376	70	605	0
638	123	333	0
6382	73	160	0
63826	20	279	0
63827	31	689	0
6383	141	119	0
6385	72	163	0
6386	415	46	0
6387	30	754	0
63874	15	1218	0
63875	155	168	0
63876	45	337	0
63877	23	417	0
6388	54	155	0
6389	385	40	0
63891	816	29	0
63892	111	132	0
63893	776	32	0
63894	38	224	0
63895	5	1706	0
63897	103	139	0
63898	124	166	0
63899	35	371	0
639	78	160	0
6390	186	97	0
63901	63	211	0
63904	84	252	0
63905	29	597	0
63906	4	1220	0
63908	49	370	0
6391	20	492	0
63910	7	1152	0
63915	42	260	0
63916	56	167	0
63917	30	603	0
6392	19	698	0
63920	15	1111	0
63922	87	143	0
63923	22	1367	0
63924	15	897	0
63925	28	516	0
63926	15	535	0
63928	13	2101	0
63929	73	131	0
63931	206	106	0
63932	77	126	0
63933	188	247	0
63934	8	545	0
63935	21	255	0
63939	39	402	0
63940	81	288	0
63941	10	749	0
63943	30	296	0
63946	2	6733	0
63947	2	4139	0
63948	94	274	0
63951	3	2165	0
6396	188	77	0
63967	83	163	0
6397	17	397	0
63970	2	6384	0
63971	36	197	0
63973	2	3837	0
63974	4	2743	0
63976	194	100	0
63977	82	277	0
63978	92	241	0
63979	62	307	0
6398	18	1067	0
63982	9	1007	0
6399	98	213	0
640	188	94	0
6400	138	108	0
64005	12	756	0
64006	3	5150	0
6401	18	811	0
6402	15	1101	0
6403	10	1428	0
6404	8	1655	0
6405	11	420	0
6406	87	224	0
64061	102	206	0
64062	128	96	0
64063	14	1639	0
64064	27	722	0
64065	5	1223	0
64066	3	2923	0
64067	9	602	0
6407	67	293	0
64072	67	450	0
64073	20	570	0
64077	36	309	0
64078	2	1225	0
64080	19	1360	0
64081	22	421	0
64083	132	107	0
64084	22	634	0
64087	149	85	0
64089	12	826	0
64090	17	866	0
64091	22	2128	0
64092	14	660	0
64093	53	270	0
64094	8	1099	0
64096	1	19610	0
64097	127	159	0
64098	48	360	0
641	198	102	0
64100	90	498	0
64101	19	969	0
64102	18	1179	0
64105	36	494	0
64106	2	2039	0
64108	9	2401	0
64109	57	691	0
64110	31	547	0
64111	3	2519	0
64112	42	430	0
64114	20	441	0
64115	28	997	0
64116	35	630	0
64118	17	342	0
64121	67	176	0
64122	10	537	0
64127	98	154	0
64129	35	372	0
641293	7	698	0
641298	1	1962	0
64130	37	427	0
64131	13	706	0
64132	47	394	0
641339	8	770	0
64135	38	247	0
641364	5	1515	0
641367	1	3570	0
64137	7	2046	0
641371	123	142	0
641372	6	3442	0
641373	9	726	0
641384	9	1325	0
6414	6	1027	0
64145	55	203	0
641455	2	2960	0
64146	72	248	0
64147	69	221	0
64149	51	184	0
6415	7	943	0
64151	196	79	0
641517	37	1198	0
6416	63	148	0
641638	2	2601	0
641648	2	1967	0
641649	2	2046	0
641654	10	3710	0
64167	25	310	0
64168	33	386	0
64170	162	146	0
641700	12	1183	0
64172	7	1174	0
64174	48	719	0
64175	177	84	0
6418	280	51	0
64180	8	658	0
64184	59	458	0
6419	23	573	0
641977	1	2148	0
642	130	71	0
64207	49	166	0
64208	1	10089	0
6421	540	34	0
64210	301	65	0
64215	357	64	0
64216	80	138	0
64218	11	1391	0
64219	119	174	0
6422	16	665	0
64220	16	901	0
64221	14	853	0
64222	85	210	0
64223	105	132	0
64224	24	932	0
64225	95	149	0
642273	11	740	0
6423	24	859	0
64231	1	15739	0
64232	1	3570	0
642345	1	4354	0
64236	21	376	0
642394	2	1924	0
6424	47	436	0
64240	2	3882	0
64241	14	1270	0
642475	6	1033	0
642477	1	1962	0
6425	4	2344	0
642517	1	7009	0
642585	1	3276	0
642587	1	3834	0
642597	1	15289	0
6426	549	39	0
642612	4	8643	0
642623	30	1204	0
642636	2	2879	0
642658	5	3959	0
6427	251	65	0
642778	1	6976	0
6428	488	38	0
642812	1	3276	0
642819	2	3212	0
64282	136	132	0
64283	29	261	0
64284	20	606	0
642843	7	2672	0
64285	12	529	0
642852	1	3618	0
64288	17	1174	0
6429	292	72	0
642938	38	476	0
642943	1	3145	0
642954	1	6588	0
642968	17	1482	0
642987	5	1529	0
643	6	3173	0
6430	465	61	0
643008	42	677	0
6431	496	62	0
643136	2	4624	0
643155	1	11679	0
643161	18	2335	0
64318	217	103	0
64319	105	166	0
6432	388	61	0
64320	42	205	0
643201	2	1755	0
64321	80	475	0
643224	2	3167	0
643226	1	1249	0
643236	40	1010	0
64324	113	128	0
643246	18	491	0
643253	1	7726	0
64326	326	66	0
64327	76	317	0
64328	97	154	0
6433	97	133	0
643314	37	370	0
64332	11	754	0
64333	44	247	0
643338	1	4628	0
643365	1	6862	0
643376	4	1092	0
643382	2	4411	0
643394	1	6224	0
6434	344	56	0
643414	7	3053	0
64342	46	274	0
64343	37	361	0
64344	5	1415	0
643535	1	2454	0
64359	35	218	0
643596	1	5465	0
643615	1	4661	0
643617	1	3276	0
643641	3	1340	0
643646	1	17020	0
643650	1	1962	0
643677	12	491	0
643699	1	4354	0
643719	1	1962	0
643736	1	7425	0
64374	73	221	0
64375	33	655	0
643752	20	806	0
64376	62	424	0
64377	84	339	0
643783	1	3145	0
643834	1	9757	0
643836	66	398	0
643837	1	1962	0
643847	11	976	0
643853	70	424	0
64386	3	2582	0
64388	34	629	0
6439	1	6584	0
643904	1	3963	0
643911	5	1802	0
64393	24	361	0
643949	1	3276	0
64395	150	144	0
64396	35	371	0
64397	80	182	0
64398	84	169	0
643988	2	3554	0
64399	6	459	0
644	83	104	0
6440	221	197	0
64400	102	160	0
644019	9	590	0
64403	6	1506	0
644041	6	880	0
64405	1	2148	0
644054	19	2133	0
644068	14	1579	0
64407	6	1152	0
644096	9	1010	0
6441	4	6735	0
64410	15	587	0
64411	63	193	0
64412	75	293	0
644128	1	1666	0
644139	1	4212	0
644150	13	658	0
64417	15	632	0
64418	11	567	0
644186	59	536	0
64419	114	99	0
644192	1	4354	0
6442	104	366	0
64420	36	627	0
64421	40	396	0
64422	77	149	0
64423	285	59	0
64425	326	85	0
64426	134	142	0
64427	16	890	0
64428	31	216	0
64429	51	362	0
6443	82	691	0
64430	9	613	0
64431	47	333	0
644314	1	1666	0
64432	263	82	0
644338	4	1324	0
64434	129	123	0
644353	2	1859	0
644378	1	5761	0
6444	11	866	0
644414	4	3530	0
644422	1	3276	0
64446	78	373	0
644464	1	3276	0
6445	18	810	0
644524	15	1827	0
644540	7	1573	0
644591	26	740	0
644596	1	1962	0
6446	66	189	0
644619	12	1351	0
6447	22	754	0
644739	1	8774	0
64478	5	867	0
6448	38	282	0
644815	25	259	0
644890	3	5816	0
6449	300	64	0
644903	3	3894	0
644907	1	6262	0
644914	2	4527	0
644934	1	8193	0
644943	61	296	0
644961	2	991	0
644962	1	4354	0
64499	17	930	0
645	53	177	0
6450	8	1115	0
645000	1	2090	0
645027	2	989	0
645051	1	3471	0
64506	138	162	0
645073	5	4063	0
645086	1	3276	0
6451	149	135	0
645104	75	852	0
645121	6	1206	0
645142	1	4259	0
64518	40	552	0
6452	37	358	0
645203	1	10173	0
6453	256	66	0
645313	1	3145	0
645323	1	10946	0
645345	28	496	0
645369	3	1452	0
645425	1	1391	0
645432	42	517	0
645455	113	231	0
6455	150	105	0
645513	1	1999	0
6456	70	217	0
645644	1	1962	0
645676	1	5871	0
645683	35	265	0
645694	1	10121	0
6457	132	153	0
645745	1	13734	0
64577	13	526	0
64579	6	1673	0
6458	1	1962	0
64581	52	563	0
645811	5	1261	0
64582	6	1325	0
645836	2	3837	0
645840	6	2190	0
6459	1	1962	0
64591	12	1436	0
645922	9	1686	0
64595	1	1999	0
645957	1	2090	0
64598	23	1482	0
64599	210	115	0
646	5	1450	0
64600	4	1272	0
64601	108	109	0
646090	1	4767	0
6461	78	125	0
646174	1	4442	0
6462	58	361	0
646262	1	3874	0
646309	4	1181	0
646377	1	1391	0
6464	322	46	0
64641	59	869	0
64645	5	839	0
646450	1	8624	0
64648	5	1139	0
646508	1	2816	0
64651	20	746	0
646603	1	4725	0
646625	1	3013	0
64663	7	1711	0
646643	6	1132	0
646644	1	1666	0
646698	3	1124	0
646723	1	4354	0
646754	3	2722	0
646762	1	2214	0
646780	1	4354	0
646785	1	3276	0
646799	16	1983	0
6468	58	254	0
646817	27	294	0
64682	144	96	0
646851	1	5669	0
646875	2	2842	0
64689	101	144	0
6469	9	2544	0
646915	2	3363	0
64693	10	2388	0
646938	1	7873	0
646960	12	598	0
646962	1	14284	0
646982	1	3246	0
64699	36	596	0
6470	86	147	0
647000	1	3420	0
647013	1	1391	0
647024	24	382	0
647030	2	1803	0
647042	1	4055	0
64708	134	87	0
647087	2	4331	0
647099	1	3568	0
64710	219	81	0
647107	1	2578	0
64711	4	6038	0
647121	1	1962	0
647135	9	528	0
64714	23	421	0
64718	68	252	0
6472	668	43	0
647219	2	3278	0
647286	1	3327	0
6473	9	3678	0
647309	1	8674	0
647310	1	3471	0
6474	6	689	0
64743	22	303	0
64744	187	91	0
64745	401	82	0
64746	247	61	0
64747	7	545	0
64748	68	493	0
64750	149	86	0
64753	167	257	0
64754	68	142	0
64755	180	124	0
64756	127	179	0
64757	65	181	0
64759	82	117	0
6476	4	3052	0
64760	32	462	0
64761	43	219	0
64762	27	411	0
64763	204	105	0
64764	20	351	0
64766	10	843	0
64768	108	523	0
64769	91	207	0
6477	214	92	0
64770	127	146	0
64771	18	292	0
64772	7	708	0
64773	15	911	0
64776	41	638	0
64777	48	326	0
64778	161	78	0
64779	9	902	0
6478	94	172	0
64780	70	205	0
64781	88	212	0
64782	45	413	0
64783	173	78	0
64784	59	167	0
64785	68	206	0
64786	154	88	0
64787	58	175	0
64788	50	891	0
64789	20	385	0
64792	49	469	0
64793	164	100	0
64794	257	122	0
647946	1	9302	0
64795	169	89	0
647979	5	1024	0
64798	82	134	0
64799	5	1299	0
648	624	34	0
6480	24	440	0
64800	8	933	0
648000	1	5037	0
64801	55	447	0
64802	122	161	0
64805	60	690	0
64806	40	550	0
64816	21	553	0
6482	27	348	0
6483	24	389	0
64834	50	149	0
64837	165	87	0
64838	20	1470	0
64839	83	245	0
6484	55	450	0
64840	6	1719	0
64841	30	261	0
64843	44	489	0
64844	78	232	0
64847	53	243	0
64848	198	104	0
64849	11	1354	0
64850	6	973	0
64852	47	218	0
64853	28	231	0
64854	58	285	0
64855	142	94	0
64856	23	1684	0
64857	28	274	0
64858	33	324	0
64859	24	361	0
64860	28	316	0
64864	23	445	0
64866	20	475	0
6487	19	682	0
648791	1	3988	0
64881	69	484	0
6489	19	1281	0
64895	34	314	0
64897	47	298	0
649	97	214	0
6490	62	464	0
64900	72	285	0
64901	19	422	0
64902	4	4682	0
6491	187	116	0
649159	1	3145	0
64919	71	331	0
6492	11	511	0
64921	7	1597	0
64922	1	4892	0
649238	2	6587	0
64924	100	256	0
64925	71	252	0
64926	27	347	0
64927	101	222	0
64928	119	115	0
6493	26	297	0
649305	1	2578	0
649330	22	516	0
6494	36	211	0
64940	6	2355	0
64943	115	123	0
649458	1	4381	0
64946	92	202	0
64949	441	62	0
6495	40	324	0
64951	272	93	0
6496	15	1256	0
64960	142	143	0
64963	216	100	0
64965	367	66	0
64968	175	102	0
64969	280	71	0
6497	161	89	0
64975	200	112	0
64976	173	140	0
64978	242	78	0
64979	9	771	0
6498	111	184	0
64981	56	267	0
64983	119	271	0
6499	104	136	0
649946	1	11295	0
650	16	1747	0
6500	478	58	0
65003	393	59	0
65005	207	117	0
65008	198	108	0
65009	50	311	0
65010	69	232	0
65012	2	884	0
65018	678	32	0
6502	290	81	0
6503	25	553	0
6504	123	353	0
6505	174	176	0
65055	28	486	0
65056	70	202	0
650560	1	2090	0
65057	78	188	0
65059	63	145	0
6506	12	727	0
65061	116	226	0
65062	200	122	0
650623	1	1962	0
65065	16	471	0
650655	1	4354	0
6507	68	127	0
65078	36	530	0
6508	7	1148	0
65080	224	87	0
65082	234	86	0
65083	206	109	0
65084	9	1796	0
6509	22	277	0
65094	61	285	0
65095	226	107	0
651	3	2118	0
6510	252	74	0
65108	122	82	0
65109	133	137	0
6511	3	1695	0
65110	44	233	0
65117	68	143	0
6512	2	9673	0
65122	14	742	0
65123	139	99	0
65124	26	273	0
65125	126	83	0
6513	235	61	0
6514	10	1058	0
651430	1	3145	0
6515	23	210	0
6517	54	308	0
651746	7	750	0
6518	28	835	0
6519	3	1442	0
652	124	201	0
6520	362	44	0
6521	23	601	0
65217	3	2800	0
6522	125	165	0
65220	77	210	0
652276	1	1962	0
6523	6	1211	0
6524	6	1352	0
65243	13	496	0
65244	108	97	0
65249	3	1123	0
6525	39	175	0
65250	19	436	0
65251	11	549	0
65258	80	486	0
6526	59	397	0
65260	123	148	0
65263	106	116	0
65264	60	163	0
65265	166	97	0
65266	18	442	0
65267	54	227	0
65268	34	266	0
6527	29	2018	0
6528	31	570	0
6529	23	731	0
652966	2	1152	0
652968	14	1906	0
652991	1	2578	0
652995	2	2131	0
653	4	2978	0
6530	3	1697	0
653067	12	1518	0
653073	2	4365	0
653082	1	10848	0
6531	21	420	0
653121	81	252	0
653125	2	9163	0
653140	20	574	0
653145	47	440	0
653147	1	6588	0
653149	5	2257	0
653162	1	3276	0
653166	25	1785	0
653188	2	6652	0
653192	3	1601	0
6532	20	443	0
653214	3	2020	0
653220	41	733	0
653226	1	2665	0
653234	1	3335	0
653238	1	1999	0
653240	90	803	0
653247	5	2889	0
653259	3	2739	0
653268	3	2139	0
653269	106	262	0
6533	36	276	0
653308	1	3145	0
653316	10	2154	0
653319	3	792	0
653333	16	864	0
653361	84	232	0
653390	2	2964	0
6534	3	1560	0
653404	47	447	0
653423	10	1325	0
653437	39	620	0
653440	16	404	0
653441	3	2328	0
653447	4	992	0
653464	2	845	0
653483	1	3145	0
653486	1	4853	0
653489	48	215	0
653499	91	289	0
6535	141	172	0
653505	10	912	0
653509	3	4959	0
653519	116	188	0
653566	1	4894	0
653567	6	7009	0
653583	85	193	0
653598	8	2354	0
6536	13	932	0
653602	1	6001	0
653604	28	387	0
653606	1	5431	0
653619	1	16346	0
653639	2	4598	0
653641	3	3928	0
653643	2	5539	0
653650	3	614	0
653657	1	12625	0
653659	1	1999	0
653689	10	598	0
653720	3	3271	0
653781	51	264	0
653784	21	551	0
6538	1	2578	0
653808	11	1098	0
653820	2	6223	0
653857	9	1156	0
6539	3	3748	0
654	15	844	0
6540	4	3084	0
6541	190	93	0
6542	97	370	0
654231	5	3616	0
654254	3	2042	0
6543	6	1188	0
654319	4	1555	0
654320	3	1156	0
654321	1	8409	0
654322	3	1370	0
654346	34	851	0
654364	94	114	0
654429	9	2371	0
654433	1	8674	0
654463	6	1385	0
654483	53	278	0
6545	1	4101	0
6546	5	586	0
6547	12	2022	0
654790	3	1863	0
6548	108	144	0
654817	2	3438	0
6549	9	636	0
655	74	282	0
6550	14	729	0
6553	22	455	0
6554	120	553	0
6555	12	2290	0
6557	4	1702	0
6558	189	85	0
6559	19	477	0
656	21	617	0
6560	124	108	0
6561	32	515	0
6563	33	588	0
6564	78	502	0
6565	26	1139	0
6566	194	61	0
6567	44	841	0
6568	1	11611	0
6569	4	2076	0
657	238	86	0
6570	151	423	0
6571	101	385	0
6572	5	4355	0
6573	71	185	0
6574	80	225	0
6575	66	258	0
6576	266	48	0
658	26	520	0
6580	26	1255	0
6581	4	1015	0
6582	80	362	0
6583	188	328	0
6584	22	662	0
6585	19	354	0
6586	5	821	0
6588	9	1252	0
659	81	193	0
6590	29	369	0
6591	46	242	0
6594	187	101	0
6595	331	49	0
6596	134	86	0
6597	412	52	0
65975	37	200	0
65977	26	581	0
65979	109	107	0
6598	345	53	0
65980	104	139	0
65981	15	720	0
65982	43	261	0
65983	41	384	0
65985	24	356	0
65986	151	124	0
65987	17	1248	0
65988	39	283	0
65989	35	729	0
6599	369	51	0
65990	25	556	0
65991	96	346	0
65992	1246	21	0
65993	311	66	0
65996	2	3813	0
65997	18	683	0
65999	43	353	0
660	77	183	0
66000	29	720	0
66002	9	1510	0
66004	3	4314	0
66005	72	149	0
66008	61	294	0
6601	339	60	0
6602	328	73	0
6603	176	99	0
66035	2	1919	0
66036	66	144	0
66037	40	892	0
6604	91	233	0
6605	273	71	0
6606	294	66	0
6607	77	174	0
6608	43	710	0
6609	30	288	0
661	86	222	0
6610	84	640	0
6611	115	122	0
6612	106	142	0
6613	580	39	0
6614	2	1167	0
6615	522	42	0
6616	51	363	0
6617	32	430	0
6618	7	2031	0
6619	20	468	0
662	117	150	0
6620	19	414	0
6621	72	309	0
6622	988	20	0
6623	39	451	0
6624	248	63	0
6625	974	33	0
6626	477	48	0
6627	292	71	0
6628	492	39	0
6629	251	89	0
663	70	278	0
6631	426	57	0
6632	327	38	0
6633	389	47	0
6634	337	47	0
6635	286	57	0
6636	370	69	0
6637	170	110	0
6638	179	109	0
664	93	171	0
6640	93	233	0
6641	58	206	0
6642	211	57	0
6643	203	81	0
6645	142	109	0
6646	287	57	0
664618	125	158	0
6647	417	39	0
664701	1	1391	0
664709	1	2214	0
6648	90	148	0
6649	11	1101	0
665	62	319	0
6650	31	322	0
6651	195	83	0
6652	92	133	0
6653	131	121	0
6654	71	202	0
6655	47	252	0
6656	6	736	0
6657	1350	25	0
6658	17	474	0
6659	74	185	0
666	8	1184	0
6660	160	142	0
6662	90	144	0
6663	67	382	0
6664	6	1818	0
6665	135	245	0
6666	8	657	0
6667	335	48	0
6668	38	278	0
667	275	51	0
6670	71	133	0
6671	42	442	0
6672	204	114	0
6674	30	328	0
6675	40	166	0
6676	29	857	0
6677	1	6510	0
6678	50	246	0
668	67	246	0
6683	56	145	0
6687	110	134	0
6688	47	383	0
6689	14	1015	0
669	29	404	0
6690	6	2091	0
6691	27	1452	0
6692	52	496	0
6693	52	305	0
6695	9	417	0
6696	94	168	0
6697	108	136	0
6698	16	606	0
6699	44	372	0
670	47	252	0
6700	20	468	0
6701	4	1036	0
6702	1	8586	0
6703	14	671	0
6704	28	524	0
6705	3	1571	0
6706	7	721	0
6707	27	791	0
6708	81	135	0
6709	462	35	0
671	8	724	0
6710	77	194	0
6711	381	37	0
6712	152	100	0
6713	43	206	0
6714	530	29	0
6715	4	1038	0
6716	5	4079	0
6717	75	158	0
6718	9	2813	0
672	1222	27	0
6720	95	137	0
6721	117	125	0
6722	101	177	0
6723	62	148	0
6725	36	503	0
6726	424	69	0
6727	360	59	0
6728	231	96	0
6729	139	89	0
673	165	98	0
6730	363	58	0
6731	330	66	0
6732	473	49	0
6733	715	47	0
6734	278	56	0
6736	12	797	0
6737	685	28	0
6738	189	82	0
6741	455	35	0
6742	572	36	0
6744	121	90	0
6745	445	53	0
6746	44	390	0
6747	154	96	0
6748	207	68	0
6749	678	43	0
675	234	104	0
6750	2	13326	0
6751	12	1368	0
6752	8	827	0
6753	12	1364	0
6754	3	9458	0
6755	4	5776	0
6756	13	1059	0
6757	44	397	0
6758	9	3089	0
6759	8	2720	0
676	78	254	0
6760	86	157	0
6762	1	7129	0
6764	20	359	0
6767	188	72	0
6768	202	176	0
6769	29	379	0
677	29	312	0
6770	11	2252	0
6772	298	58	0
6773	74	149	0
6774	403	43	0
6775	31	608	0
6776	97	117	0
677679	1	4093	0
677681	1	3067	0
6777	99	119	0
677766	2	1146	0
677767	2	1146	0
677768	2	4214	0
677769	3	734	0
677770	117	182	0
677771	1	3145	0
677772	2	2307	0
677773	1	4786	0
677774	1	6608	0
677775	5	741	0
677776	1	9661	0
677777	1	1962	0
677780	1	3145	0
677781	1	4093	0
677796	1	4786	0
677797	1	3145	0
6778	75	224	0
677800	1	10400	0
677801	1	3145	0
677804	2	2421	0
677805	1	1962	0
677808	1	2090	0
677809	1	8409	0
677810	1	3145	0
677813	1	4093	0
677815	1	2594	0
677822	1	1962	0
677823	2	1565	0
677824	1	4093	0
677826	2	1707	0
677832	2	1565	0
677833	2	2763	0
677838	1	2214	0
677840	1	2594	0
677841	1	4093	0
677842	2	1565	0
677843	1	4786	0
677844	1	4786	0
677845	1	4786	0
677846	1	4786	0
677847	1	6608	0
677850	2	1501	0
6779	57	719	0
678	210	99	0
6780	1524	18	0
6781	4	1006	0
6782	117	130	0
6783	15	740	0
6785	127	611	0
6786	385	46	0
6787	578	43	0
6788	185	105	0
6789	150	80	0
6790	664	38	0
6792	29	315	0
6793	58	151	0
6794	264	86	0
6795	40	312	0
6799	17	1337	0
6801	134	93	0
6804	170	171	0
6809	142	146	0
6810	415	51	0
6811	254	64	0
6812	119	80	0
6813	83	178	0
6814	92	165	0
6815	82	233	0
6817	65	198	0
6818	17	590	0
6819	17	867	0
682	792	27	0
6820	60	527	0
6821	95	228	0
6822	8	701	0
6827	58	205	0
6829	389	58	0
683	13	2925	0
6830	212	75	0
6832	136	130	0
6833	10	805	0
6834	185	163	0
6835	63	234	0
6836	185	69	0
6837	78	259	0
6838	412	70	0
6839	228	119	0
684	51	203	0
6840	227	65	0
6843	45	333	0
6844	180	86	0
6845	110	133	0
6846	18	4015	0
6847	17	522	0
685	23	1455	0
6850	223	90	0
6853	41	284	0
6854	25	407	0
6855	124	317	0
6856	32	180	0
6857	75	199	0
686	31	540	0
6860	8	848	0
6861	9	2526	0
6862	116	260	0
6863	8	1098	0
6865	4	4515	0
6866	15	1259	0
6867	170	80	0
6868	53	205	0
6869	66	747	0
687	94	252	0
6870	72	511	0
6871	196	122	0
6872	235	75	0
6873	127	131	0
6874	153	105	0
6875	22	378	0
6876	76	190	0
6877	80	157	0
6878	235	91	0
6879	103	150	0
688	186	119	0
6880	155	123	0
6881	101	128	0
6882	46	336	0
6883	98	173	0
6884	31	667	0
6885	364	48	0
6886	89	209	0
6887	10	2691	0
6888	133	95	0
689	751	25	0
6890	124	122	0
6891	87	129	0
6892	62	133	0
6894	80	128	0
6895	125	135	0
6897	196	77	0
6898	5	2417	0
6899	12	688	0
6900	16	632	0
6901	180	184	0
6902	103	134	0
6903	10	366	0
6904	131	83	0
6905	59	170	0
6906	9	1274	0
6907	136	131	0
6908	223	94	0
6909	27	475	0
6910	146	141	0
6911	39	970	0
6913	13	1858	0
6915	62	462	0
6916	4	1421	0
6917	118	112	0
6919	155	88	0
6920	7	761	0
692053	1	4093	0
692063	1	3618	0
692072	1	3618	0
692073	1	4786	0
692075	1	3618	0
692076	1	4093	0
692084	3	1431	0
692086	2	1565	0
692088	1	2594	0
692089	1	2594	0
692091	1	4786	0
692093	1	4786	0
6921	240	73	0
692109	2	2140	0
692148	1	4786	0
692158	1	2594	0
692195	1	3618	0
692196	3	1496	0
692201	1	2578	0
692203	2	1811	0
692204	1	2594	0
692224	2	2283	0
692227	3	1339	0
6923	319	71	0
692312	142	146	0
6924	233	63	0
6925	290	102	0
6926	69	150	0
6927	61	240	0
6928	187	150	0
6929	169	118	0
693155	1	1999	0
693164	1	4656	0
693174	1	2090	0
693197	2	1771	0
693199	1	2090	0
6932	25	341	0
6934	258	94	0
6935	186	87	0
6936	59	187	0
6938	130	138	0
6939	12	1007	0
694	21	551	0
6940	38	437	0
6941	30	323	0
6942	142	126	0
6943	12	1253	0
6944	116	146	0
6945	58	191	0
6947	8	2702	0
6948	14	557	0
6949	259	67	0
695	99	117	0
6950	542	38	0
6953	22	600	0
6954	13	1137	0
6955	23	660	0
6957	6	2025	0
696	18	427	0
6975	36	696	0
6976	54	643	0
6981	1	8168	0
6988	7	2539	0
699	125	157	0
6990	31	304	0
6991	2	4156	0
6992	20	468	0
6993	234	79	0
6996	61	189	0
6997	66	577	0
6999	21	667	0
70	668	41	0
7001	301	46	0
7003	155	143	0
7004	75	224	0
7005	30	372	0
7006	58	330	0
7007	6	1335	0
7008	5	994	0
7009	115	258	0
701	159	105	0
7010	109	205	0
7011	47	223	0
7012	9	702	0
7013	339	74	0
7014	323	63	0
7015	101	159	0
7016	31	376	0
7018	173	79	0
7019	419	49	0
7020	98	143	0
7021	19	519	0
7022	34	272	0
7023	148	157	0
7024	434	42	0
7025	53	214	0
7026	137	145	0
7027	118	150	0
7029	50	421	0
7030	51	236	0
7031	25	387	0
7032	2	3536	0
7033	6	2244	0
7035	22	231	0
7036	21	692	0
7037	476	33	0
7038	5	936	0
7039	79	344	0
7040	297	51	0
7041	41	200	0
7042	17	517	0
7043	11	1033	0
7044	4	3196	0
7045	15	821	0
7046	133	107	0
7047	8	3165	0
7048	185	85	0
7049	41	328	0
705	345	57	0
7050	27	260	0
7051	218	87	0
7052	207	49	0
7053	150	106	0
7054	29	363	0
7056	35	497	0
7057	101	138	0
7058	15	1236	0
7059	70	393	0
706	41	338	0
7060	6	707	0
7062	15	501	0
7064	94	149	0
7066	5	1860	0
7067	90	171	0
7068	61	202	0
7069	64	265	0
7070	42	210	0
7071	42	322	0
7072	104	108	0
7073	162	89	0
7074	197	104	0
7075	14	447	0
7076	39	335	0
7077	274	68	0
7078	85	181	0
7079	5	3342	0
708	797	33	0
7080	164	120	0
7082	293	52	0
7083	223	69	0
7084	13	1123	0
7086	340	64	0
7087	44	380	0
7088	205	89	0
7089	131	174	0
7090	370	65	0
7091	85	160	0
7092	8	430	0
7093	15	1680	0
7094	260	67	0
7095	498	41	0
7096	16	1104	0
7097	39	472	0
7098	47	274	0
7099	42	369	0
71	463	37	0
710	40	325	0
7100	16	696	0
7101	36	601	0
7102	29	957	0
7103	73	715	0
7104	23	2376	0
7105	62	294	0
7106	50	470	0
7107	9	784	0
7108	14	659	0
7109	74	199	0
7110	79	130	0
7111	147	154	0
7112	759	24	0
7113	336	71	0
7114	67	172	0
7115	3	5399	0
7116	1	11151	0
7117	2	2108	0
7118	1	2531	0
712	60	374	0
7120	3	4555	0
7122	39	1311	0
7123	17	749	0
7124	314	66	0
7125	58	304	0
7126	72	180	0
7127	40	398	0
7128	180	79	0
713	81	266	0
7130	27	772	0
7132	187	85	0
7133	142	186	0
7134	28	522	0
7135	52	625	0
7136	27	615	0
7137	19	1387	0
7138	77	299	0
7139	14	973	0
714	27	465	0
7140	21	1076	0
7141	11	1154	0
7142	30	845	0
7143	13	1137	0
7145	37	207	0
7148	13	502	0
715	12	713	0
7150	638	38	0
7151	1	1962	0
7153	495	51	0
7155	258	67	0
7156	92	179	0
7157	2185	10	0
7158	478	50	0
7159	230	87	0
716	9	1679	0
7161	157	129	0
7162	32	288	0
7163	97	137	0
7164	39	405	0
7165	151	100	0
7166	10	922	0
7167	270	62	0
7168	245	67	0
7169	200	75	0
717	12	1371	0
7170	369	49	0
7171	252	62	0
7172	11	394	0
7174	115	109	0
7175	253	61	0
7177	2	3168	0
7178	280	64	0
7179	128	169	0
718	137	84	0
7180	39	857	0
7181	83	251	0
7182	1400	23	0
7184	632	28	0
7185	297	86	0
7186	587	34	0
7187	208	88	0
7188	86	178	0
7189	431	35	0
719	97	534	0
7190	24	440	0
72	53	205	0
720	67	182	0
7200	2	9665	0
7201	19	2376	0
7203	589	40	0
7204	97	96	0
7205	350	56	0
721	14	469	0
7214	2	2773	0
7216	68	249	0
722	29	518	0
7220	24	456	0
7221	4	5361	0
7222	18	622	0
7223	16	984	0
7224	21	1299	0
7225	16	1400	0
7226	7	772	0
7227	136	134	0
723790	47	379	0
723961	2	11500	0
724022	1	4656	0
724033	2	1957	0
724102	3	1021	0
7247	104	110	0
7248	242	74	0
7249	152	88	0
725	29	381	0
7251	284	42	0
7252	15	809	0
7253	83	245	0
7257	183	87	0
7258	6	1031	0
7259	115	109	0
726	11	312	0
7260	76	154	0
7262	20	521	0
7263	56	253	0
7264	49	231	0
7265	148	104	0
7266	416	46	0
7267	118	115	0
7268	123	123	0
727	33	437	0
7270	107	218	0
7272	163	78	0
7273	285	41	0
7274	47	721	0
7275	23	866	0
7276	90	156	0
727676	2	1971	0
7277	482	40	0
727751	1	10174	0
727758	1	4011	0
727764	3	4422	0
7278	137	106	0
727800	74	287	0
727803	1	3276	0
727830	1	5082	0
727832	1	15544	0
727837	9	2699	0
727851	73	224	0
727857	12	2393	0
727866	2	9764	0
727896	1	1666	0
727897	39	291	0
727905	1	1391	0
727909	1	2669	0
727910	10	2246	0
727936	22	481	0
727940	1	2562	0
727956	16	832	0
727957	38	275	0
728	150	390	0
7280	298	48	0
728013	9	692	0
728024	1	4259	0
728026	1	9405	0
728039	1	1962	0
728047	4	2965	0
728096	1	5557	0
728113	11	705	0
728116	16	999	0
728118	5	804	0
728130	2	1572	0
728137	5	4973	0
728175	2	8203	0
728190	1	4354	0
728192	1	2259	0
728194	3	1916	0
728226	1	3907	0
728233	34	1252	0
728239	10	878	0
728262	1	4354	0
728269	7	3882	0
728276	2	2153	0
728279	2	3444	0
728294	143	155	0
7283	364	43	0
728310	2	1493	0
728318	1	2951	0
728323	2	1075	0
728340	47	189	0
728343	4	4055	0
728358	10	1346	0
728369	1	5888	0
728377	1	2090	0
728378	229	105	0
728386	1	2951	0
7284	669	26	0
728403	2	16952	0
728411	4	878	0
728431	2	5476	0
728441	1	15400	0
728464	1	3145	0
728489	31	930	0
728492	12	4117	0
728505	4	4215	0
728556	1	5452	0
728568	9	1789	0
728577	50	738	0
728591	2	1808	0
728597	1	7009	0
728599	1	3276	0
7286	59	402	0
728621	7	574	0
728622	2	3026	0
728635	4	2828	0
728637	6	1748	0
728638	1	9686	0
728642	177	100	0
728643	1	2090	0
728655	160	139	0
728656	1	5627	0
728661	4	1777	0
728689	97	126	0
728695	14	1928	0
7287	3	5768	0
728712	4	7478	0
728741	14	799	0
728743	1	6437	0
728747	5	967	0
728758	1	4093	0
728763	7	985	0
728774	2	2304	0
728780	1	2794	0
728791	1	3276	0
7288	37	406	0
728833	5	1571	0
728841	4	746	0
728858	1	11722	0
728888	1	2578	0
7289	337	84	0
728911	7	1111	0
728927	2	1730	0
728929	1	8778	0
728945	2	3325	0
728953	1	3276	0
728957	1	10621	0
728970	4	2885	0
729	14	1016	0
7290	150	109	0
729020	3	5367	0
729082	1	2214	0
729085	7	7834	0
729092	3	2293	0
7291	66	199	0
729156	2	1314	0
729171	1	9139	0
729209	1	2090	0
729211	2	1696	0
729230	41	559	0
729233	89	345	0
729238	35	568	0
729240	89	345	0
729246	89	345	0
729250	100	300	0
729254	1	2578	0
729262	4	1099	0
729288	1	4095	0
7293	8	1673	0
729324	1	5167	0
729330	22	1259	0
729359	6	821	0
729362	11	633	0
729396	1	10193	0
7294	34	676	0
729402	7	698	0
729408	1	4245	0
729428	2	9099	0
729438	15	548	0
729440	28	367	0
729447	2	9412	0
729475	5	834	0
729480	2	4357	0
7295	336	47	0
729500	1	3276	0
729515	51	476	0
729533	2	7778	0
729540	31	371	0
729582	1	4354	0
729583	1	6617	0
7296	106	113	0
729603	1	6258	0
729611	8	1123	0
729665	6	951	0
729678	1	6437	0
7297	139	110	0
729708	3	1354	0
729727	1	9821	0
729732	1	2214	0
729747	3	1655	0
729759	1	17354	0
729774	1	3276	0
729786	2	2413	0
729789	1	3145	0
7298	91	188	0
729809	1	3952	0
729830	32	381	0
729852	12	892	0
729857	27	518	0
729862	2	5412	0
729867	1	4354	0
729873	10	611	0
7299	3	2017	0
729920	1	3644	0
729967	4	3974	0
729991	41	594	0
729993	2	1459	0
730	8	1199	0
7300	1	7009	0
730029	2	1135	0
730051	1	1804	0
730087	10	1217	0
730092	1	3837	0
7301	155	98	0
730112	24	1063	0
730211	95	210	0
730249	3	2581	0
730262	1	16307	0
730291	1	3987	0
730394	15	1186	0
7305	76	633	0
7306	9	993	0
730668	1	3683	0
7307	227	89	0
730755	94	653	0
731	19	915	0
7310	8	2423	0
7311	399	43	0
731220	1	1249	0
731275	1	1962	0
7314	407	48	0
7316	1648	12	0
7317	353	50	0
7318	16	511	0
7319	221	77	0
732	7	3979	0
7320	85	184	0
7321	286	76	0
7322	312	61	0
7323	274	68	0
7324	162	98	0
7325	92	140	0
7326	35	212	0
7327	80	137	0
7328	1960	15	0
7329	614	36	0
733	9	1808	0
7332	207	76	0
7334	321	56	0
7335	113	114	0
7336	88	150	0
7337	417	40	0
734	3	1163	0
7341	254	80	0
7342	65	183	0
7343	216	85	0
7345	236	51	0
7347	178	76	0
7348	59	958	0
7349	3	4215	0
735	14	817	0
7350	3	5463	0
7351	23	687	0
7352	14	885	0
7353	152	98	0
7355	23	434	0
7356	9	1523	0
7357	35	507	0
7358	99	99	0
7360	90	106	0
7363	1	9223	0
7364	3	1381	0
7365	4	1191	0
7366	5	1412	0
7367	2	6362	0
7368	83	237	0
7369	6	4100	0
7371	56	175	0
7372	97	123	0
7373	88	168	0
7374	40	231	0
7375	288	69	0
7376	66	246	0
7378	78	176	0
7379	141	331	0
738	132	116	0
7380	3	5333	0
7381	119	105	0
7384	218	68	0
7385	349	41	0
7386	234	80	0
7388	130	109	0
7389	31	246	0
7390	13	889	0
7391	79	176	0
7392	43	302	0
7398	126	155	0
7399	5	1729	0
740	179	97	0
7401	28	2153	0
7402	209	60	0
7403	156	134	0
7404	23	366	0
7405	60	203	0
7407	248	59	0
7408	285	64	0
7409	185	113	0
741	93	211	0
7410	92	118	0
7411	198	101	0
7412	466	46	0
7414	276	61	0
7415	1395	15	0
7416	513	31	0
7417	408	35	0
7419	333	46	0
7421	118	142	0
7422	50	194	0
7423	29	1280	0
7424	3	5350	0
7425	27	343	0
7428	464	44	0
7429	18	360	0
7430	533	37	0
7431	771	19	0
7432	16	1272	0
7433	192	170	0
7434	191	218	0
7436	30	364	0
7439	7	1136	0
744	21	1455	0
7441	1	4011	0
7442	10	359	0
7443	274	83	0
7444	220	84	0
7447	31	319	0
7448	177	84	0
745	7	1540	0
7450	31	381	0
7451	1	16437	0
7453	186	66	0
7454	73	222	0
7455	2	5691	0
7456	40	293	0
7458	114	100	0
746	37	298	0
7461	25	231	0
7462	8	833	0
7464	58	189	0
7465	88	171	0
7466	103	111	0
7468	263	81	0
7469	84	104	0
747	19	538	0
7471	7	3167	0
7472	18	1016	0
7473	5	2808	0
7474	62	513	0
7475	7	2977	0
7476	38	537	0
7477	8	507	0
7478	6	1602	0
7479	5	3956	0
7480	23	641	0
7481	29	588	0
7482	5	1055	0
7483	2	7390	0
7484	7	1590	0
7485	60	397	0
7486	93	152	0
7490	67	194	0
7494	45	252	0
7495	4	3649	0
7498	12	652	0
750	1	5311	0
7503	11	680	0
7504	10	1050	0
7507	85	153	0
7508	169	123	0
751071	7	1587	0
7511	107	115	0
7512	2	4286	0
7514	1473	21	0
7515	167	89	0
7516	24	753	0
7517	169	115	0
7518	115	142	0
752	89	190	0
7520	503	44	0
752014	5	5460	0
7525	354	37	0
7526	1	1804	0
7528	435	44	0
7529	975	17	0
753	58	301	0
7531	1163	17	0
7532	1176	22	0
7533	1070	26	0
7534	1195	21	0
7535	67	201	0
7536	299	48	0
7538	175	152	0
7539	5	945	0
754	47	218	0
7541	82	136	0
7542	443	44	0
7543	17	385	0
7544	11	1234	0
7545	114	345	0
7546	37	374	0
7547	24	509	0
7549	78	343	0
755	48	326	0
7551	27	568	0
7552	35	264	0
7553	22	510	0
7554	42	265	0
7555	269	69	0
7556	12	927	0
7559	18	330	0
7561	6	532	0
7562	17	764	0
7564	34	315	0
7565	36	315	0
7566	13	1719	0
7567	24	899	0
7568	42	718	0
7569	4	1032	0
757	24	704	0
7570	113	185	0
7571	28	659	0
7572	159	109	0
7574	13	852	0
7576	8	480	0
7579	64	392	0
758	37	439	0
7580	15	2440	0
7581	8	593	0
7582	6	661	0
7584	39	296	0
7586	65	134	0
7587	3	804	0
7589	102	162	0
759	10	1503	0
7592	9	928	0
7593	28	507	0
7594	1	4394	0
7596	8	593	0
7597	43	292	0
760	60	192	0
761	9	867	0
7617	7	1007	0
762	8	1611	0
7620	17	688	0
7621	35	442	0
7625	33	451	0
7626	1	5606	0
7627	8	1195	0
7629	103	215	0
763	7	888	0
7633	12	765	0
7634	10	2588	0
7637	12	369	0
7638	9	833	0
7639	7	1231	0
7643	3	1324	0
7644	13	407	0
765	67	410	0
7652	4	2236	0
767	37	449	0
7673	1	7867	0
7675	46	372	0
767558	1	2214	0
7678	58	224	0
768	211	130	0
7681	210	136	0
7682	6	1806	0
768206	1	5208	0
768211	74	166	0
768213	1	4894	0
768216	1	3145	0
768217	1	4656	0
768239	4	4759	0
7690	119	177	0
7692	28	350	0
7693	2	5821	0
7694	10	1444	0
7695	35	329	0
7696	2	5078	0
7697	18	1117	0
7699	9	664	0
770	10	1028	0
7700	2	1118	0
7701	18	389	0
7702	56	218	0
7703	89	155	0
7704	164	112	0
7705	91	125	0
7706	2517	10	0
7707	131	106	0
7709	43	206	0
771	11	447	0
7710	27	1228	0
7711	9	1452	0
7712	8	1568	0
7716	97	118	0
7718	46	532	0
7726	195	72	0
7727	65	376	0
7728	12	1212	0
773	98	373	0
7730	22	453	0
7732	4	1883	0
7733	9	945	0
7737	690	31	0
7738	64	283	0
7739	60	156	0
774	12	1120	0
7741	56	267	0
7743	50	299	0
7745	130	143	0
7746	18	1545	0
7748	57	339	0
775	42	235	0
7750	262	82	0
7752	12	606	0
7753	31	1015	0
7755	21	372	0
7756	98	107	0
7757	1	2291	0
776	10	536	0
7760	29	460	0
7761	14	1545	0
7762	21	474	0
7763	31	283	0
7764	89	164	0
7766	29	767	0
7767	18	672	0
7768	5	980	0
7769	12	574	0
777	7	1104	0
7770	19	333	0
7771	7	1261	0
7772	4	858	0
7773	10	1034	0
7775	52	412	0
7776	9	519	0
777778	5	1156	0
7779	114	129	0
778	3	2322	0
7780	100	396	0
7781	42	637	0
7782	55	430	0
7783	8	1850	0
7784	14	778	0
7786	19	390	0
7789	13	519	0
779	10	1227	0
7791	319	54	0
7795	1	2822	0
7798	186	82	0
7799	40	265	0
780	110	154	0
7802	17	701	0
7803	102	141	0
7804	77	132	0
7805	57	285	0
780776	5	2481	0
780851	6	1154	0
780852	1	2090	0
780853	3	982	0
7809	63	298	0
781	77	176	0
7812	270	52	0
7813	52	256	0
7818	319	62	0
782	13	1002	0
7827	7	2446	0
783	10	801	0
7832	25	449	0
7834	1	2301	0
7837	78	154	0
784	27	621	0
7840	157	142	0
7841	156	61	0
7844	27	607	0
7846	692	32	0
7849	105	263	0
785	13	1399	0
7850	59	510	0
7851	149	259	0
7852	239	101	0
7855	18	714	0
7857	14	327	0
786	40	838	0
7862	74	207	0
7866	31	197	0
7867	46	206	0
7869	73	148	0
7870	1	7461	0
7871	123	150	0
7873	79	143	0
7874	820	23	0
7879	867	21	0
788	63	225	0
7881	13	538	0
7884	63	248	0
78986	56	357	0
78987	161	191	0
78988	91	239	0
78989	19	629	0
78990	96	151	0
78991	40	231	0
78992	30	598	0
78994	37	279	0
78995	40	362	0
78996	25	488	0
78997	4	1202	0
78998	1	11343	0
78999	65	300	0
790	401	55	0
79000	13	777	0
79001	123	151	0
79002	54	168	0
79003	87	230	0
79004	42	247	0
79005	197	135	0
79006	45	539	0
79007	3	3145	0
79008	45	409	0
79009	258	83	0
79012	110	167	0
79016	364	70	0
79017	68	138	0
79018	71	394	0
79019	103	303	0
79020	22	736	0
79022	68	663	0
79023	64	124	0
79024	2	3070	0
79025	66	201	0
79026	317	37	0
79027	178	129	0
79029	99	132	0
7903	82	403	0
79031	96	161	0
79033	24	350	0
79034	25	365	0
79035	71	210	0
79036	170	183	0
79037	19	1030	0
79038	83	112	0
79039	356	49	0
79041	9	1405	0
79042	34	318	0
79047	65	154	0
79048	78	184	0
7905	368	67	0
79050	173	88	0
79053	52	490	0
79054	17	938	0
79056	37	543	0
79057	4	2528	0
79058	79	124	0
79064	58	320	0
79065	434	57	0
79066	29	237	0
79068	84	176	0
79070	67	208	0
79071	6	1508	0
79072	133	326	0
79073	113	82	0
79074	37	218	0
79075	47	370	0
79077	57	132	0
79078	19	476	0
79080	151	139	0
79081	12	980	0
79083	19	448	0
79084	350	62	0
79085	40	297	0
79086	4	1113	0
79087	26	340	0
79088	53	275	0
79089	43	654	0
79090	52	694	0
79091	25	351	0
79092	14	1477	0
79094	3	7645	0
79095	23	1385	0
790955	20	402	0
79096	81	201	0
79097	2	3005	0
79098	20	326	0
79101	93	227	0
79102	98	206	0
79104	1	11492	0
79109	120	143	0
7913	199	75	0
79132	24	384	0
79133	86	373	0
79134	3	2860	0
79135	141	182	0
79137	36	245	0
79139	449	48	0
79140	22	524	0
79142	39	251	0
79143	181	84	0
79144	12	1025	0
79145	7	711	0
79147	36	415	0
79148	9	615	0
79149	37	373	0
7915	52	190	0
79152	45	524	0
79153	38	763	0
79154	8	2393	0
79155	949	21	0
79156	10	1016	0
79157	21	646	0
79158	46	229	0
79159	145	181	0
7916	366	65	0
79161	47	839	0
79165	116	139	0
79168	3	13174	0
79169	305	57	0
7917	436	37	0
79170	1	3460	0
79171	331	82	0
79172	45	383	0
79173	42	431	0
79174	65	207	0
79175	25	714	0
79176	29	307	0
79177	26	764	0
79178	62	205	0
7918	103	152	0
79180	116	94	0
79183	11	596	0
79184	121	99	0
79187	71	215	0
79188	157	68	0
7919	562	29	0
79190	11	2059	0
79191	1	3618	0
79192	2	2026	0
7920	81	241	0
7922	144	91	0
79228	87	134	0
7923	34	531	0
79230	17	577	0
79258	5	1099	0
79269	121	161	0
79289	2	6153	0
79290	1	6714	0
793	8	631	0
79315	1	3570	0
7932	2	8710	0
79339	1	8760	0
79345	1	15785	0
7936	193	81	0
79363	11	819	0
79364	28	275	0
79365	40	434	0
79366	150	183	0
79368	11	1896	0
79369	3	3313	0
79370	120	162	0
794	8	1453	0
7940	4	1394	0
79400	13	566	0
7941	3	6364	0
79411	24	714	0
79412	24	970	0
79413	5	1143	0
79414	56	680	0
79415	83	277	0
7942	38	327	0
79441	97	203	0
79442	2	7301	0
79443	98	103	0
79444	56	295	0
79446	55	249	0
79447	49	270	0
79465	53	583	0
79473	1	4442	0
795	1	4458	0
79541	144	324	0
79549	2	2028	0
79567	22	239	0
79568	97	106	0
7957	51	263	0
79570	64	1207	0
79571	97	105	0
79572	143	168	0
79573	78	220	0
79574	6	760	0
79575	10	1673	0
79576	133	144	0
79577	370	31	0
79581	9	1042	0
79582	7	2164	0
79583	71	558	0
79585	56	136	0
79586	41	202	0
79587	97	170	0
79589	64	176	0
79590	207	96	0
79591	17	323	0
79594	99	170	0
79595	175	117	0
79596	146	125	0
79598	165	126	0
796	14	1681	0
79600	149	204	0
79602	122	159	0
79603	61	822	0
79605	6	1146	0
79607	76	212	0
79608	52	340	0
79609	17	591	0
79611	10	610	0
79612	31	271	0
79613	66	250	0
79616	44	404	0
79618	133	134	0
79621	56	208	0
79622	31	408	0
79623	20	832	0
79624	65	211	0
79625	15	818	0
79626	7	1376	0
79627	2	4930	0
79628	1	1391	0
79629	4	1192	0
79630	166	432	0
79631	67	176	0
79632	68	228	0
79633	78	203	0
79634	14	421	0
79635	12	1171	0
79637	80	279	0
79639	12	818	0
79640	4	1576	0
79641	30	322	0
79642	5	1985	0
79643	26	346	0
79644	4	1137	0
79645	8	1300	0
79646	12	343	0
79647	20	424	0
79648	99	139	0
79649	122	130	0
7965	441	34	0
79650	49	430	0
79651	166	96	0
79652	8	2430	0
79654	120	108	0
79656	30	419	0
79657	214	85	0
79658	28	237	0
79659	72	163	0
79660	18	926	0
79661	272	177	0
79663	20	1457	0
79664	65	255	0
79665	247	85	0
79666	189	119	0
79668	19	491	0
79669	304	191	0
79670	119	139	0
79671	72	164	0
79672	59	135	0
79673	31	329	0
79674	5	1249	0
79675	91	234	0
79676	6	1510	0
79677	82	180	0
79679	18	674	0
79680	13	619	0
79682	107	198	0
79683	5	807	0
79684	18	957	0
79685	31	484	0
79686	7	791	0
79689	8	1622	0
79690	3	1582	0
79691	34	230	0
79692	3	1075	0
79693	22	424	0
79694	59	572	0
79695	86	225	0
79696	98	239	0
79697	59	165	0
79698	29	406	0
79699	92	160	0
797	9	2212	0
79701	32	325	0
79703	1	8040	0
79705	102	160	0
79706	41	203	0
79707	134	100	0
79709	154	69	0
79710	76	187	0
79711	213	62	0
79712	1	2296	0
79714	72	168	0
79716	41	208	0
79717	31	342	0
79718	148	84	0
79719	32	327	0
79720	56	173	0
79722	227	74	0
79723	73	324	0
79724	124	126	0
79725	5	1388	0
79726	105	144	0
79727	414	155	0
79728	81	195	0
79729	4	2004	0
79730	7	892	0
79731	80	207	0
79733	30	336	0
79734	125	144	0
79735	48	201	0
79736	217	147	0
79738	20	608	0
79739	14	334	0
79740	28	1377	0
79741	17	287	0
79742	1	4442	0
79744	8	650	0
79745	46	304	0
79746	11	1522	0
79747	11	704	0
79748	8	1579	0
7975	31	276	0
79750	1	4422	0
79751	116	92	0
79752	16	353	0
79753	396	77	0
79754	32	305	0
79755	27	371	0
79758	20	1523	0
79759	223	137	0
7976	19	981	0
79760	62	240	0
79762	23	570	0
79763	64	153	0
79767	34	441	0
79768	46	234	0
79770	63	277	0
79772	5	756	0
79774	12	604	0
79776	73	312	0
79777	14	811	0
79778	140	127	0
7978	16	1173	0
79780	26	283	0
79781	4	601	0
79782	204	126	0
79783	21	728	0
79784	190	77	0
79786	36	284	0
79788	2	3173	0
79789	63	150	0
7979	140	141	0
79791	42	269	0
79792	21	348	0
79794	44	488	0
79796	74	220	0
79797	142	139	0
79798	197	77	0
79799	6	748	0
7980	39	296	0
79800	3	1204	0
79801	75	130	0
79802	3	1985	0
79803	33	214	0
79804	1	3570	0
79805	13	600	0
79807	25	341	0
79809	18	475	0
79810	32	505	0
79811	155	105	0
79812	6	2253	0
79813	174	127	0
79814	44	335	0
79815	2	3238	0
79816	6	1209	0
79817	31	530	0
79818	38	302	0
79819	3	1989	0
7982	360	83	0
79820	1	2381	0
79822	9	508	0
79823	35	199	0
79825	2	2136	0
79827	8	1620	0
79828	18	328	0
79829	976	31	0
79830	72	175	0
79831	29	616	0
79832	101	158	0
79833	69	215	0
79834	148	103	0
79836	18	366	0
79837	140	100	0
79838	5	888	0
79839	150	182	0
7984	75	122	0
79840	14	728	0
79841	10	585	0
79842	58	292	0
79843	72	319	0
79844	22	913	0
79845	15	852	0
79846	9	965	0
79847	10	867	0
79848	92	252	0
79849	10	2501	0
79850	35	692	0
79852	1	9079	0
79853	18	1089	0
79856	12	1005	0
79858	23	318	0
79861	60	198	0
79862	51	417	0
79863	61	263	0
79864	8	587	0
79865	25	1210	0
79866	47	344	0
79867	303	154	0
79868	176	134	0
79869	332	59	0
79870	15	1342	0
79871	155	142	0
79872	73	133	0
79873	38	703	0
79874	92	150	0
79875	49	389	0
79876	117	120	0
79877	81	172	0
79879	27	205	0
7988	47	497	0
79882	165	95	0
79883	2	2092	0
79884	49	321	0
79885	150	168	0
79886	42	179	0
79887	88	278	0
79888	122	93	0
79890	458	41	0
79891	4	1896	0
79892	151	109	0
79893	14	501	0
79894	11	1284	0
79895	5	1666	0
79896	76	209	0
79897	21	677	0
79898	7	834	0
79899	22	757	0
799	6	1789	0
79901	47	265	0
79902	131	89	0
79903	3	1691	0
79905	7	709	0
79906	4	985	0
79908	46	1069	0
7991	55	430	0
79912	14	386	0
79913	67	206	0
79915	71	200	0
79917	33	872	0
79918	5	2194	0
79919	10	1274	0
79921	46	196	0
79922	349	98	0
79923	239	123	0
79924	2	4532	0
79925	13	448	0
79927	25	703	0
79929	1	3145	0
7993	78	261	0
79930	44	372	0
79931	33	438	0
79932	88	139	0
79933	9	1697	0
79934	109	169	0
79937	118	322	0
79939	74	163	0
7994	508	62	0
79940	1	4354	0
79943	68	393	0
79944	55	183	0
79946	1	4354	0
79947	9	2514	0
79948	13	815	0
79949	7	1295	0
79953	19	1086	0
79954	152	121	0
79955	6	2120	0
79956	146	144	0
79957	8	2474	0
79958	8	360	0
79959	218	117	0
79960	69	181	0
79961	35	390	0
79962	39	467	0
79966	45	230	0
79968	376	55	0
79969	21	227	0
79970	15	616	0
79971	89	184	0
79973	2	1762	0
79974	2	1341	0
79977	18	377	0
79979	27	358	0
79980	91	167	0
79981	51	910	0
79982	64	178	0
79983	198	90	0
79986	2	1817	0
79987	11	727	0
79989	61	296	0
79990	56	288	0
79991	93	226	0
79992	1	9576	0
79993	16	814	0
79998	4	3031	0
800	262	57	0
8000	145	345	0
80000	15	492	0
80003	10	459	0
80004	75	186	0
80005	104	127	0
80006	34	399	0
80007	112	163	0
80008	1	4212	0
8001	9	2154	0
80010	37	244	0
80011	106	149	0
80012	81	154	0
80013	46	350	0
80014	28	350	0
80017	19	320	0
80018	49	162	0
80019	38	304	0
80020	95	189	0
80021	18	2019	0
80022	102	285	0
80023	13	1619	0
80024	4	766	0
80025	34	233	0
80028	57	149	0
80031	16	459	0
80032	15	517	0
80034	2	1092	0
80035	1	2214	0
80036	21	811	0
80039	1	15022	0
80045	1	1962	0
80055	28	339	0
80059	29	615	0
80060	1	2090	0
80063	17	664	0
80067	16	846	0
80070	4	1944	0
80071	11	604	0
80086	35	195	0
80094	1	2296	0
80095	10	869	0
80097	73	156	0
80099	8	2340	0
801	558	39	0
80108	15	917	0
80110	8	566	0
80111	25	795	0
80114	27	411	0
80115	7	3586	0
80117	115	245	0
80119	14	798	0
80122	5	1437	0
80124	152	116	0
80125	172	127	0
80127	5	1260	0
80128	29	275	0
80129	10	880	0
8013	46	290	0
80131	95	176	0
80133	3	996	0
80135	130	201	0
80139	97	145	0
80142	96	137	0
80143	61	301	0
80144	103	149	0
80145	114	162	0
80146	89	144	0
80148	25	935	0
80149	34	284	0
80150	22	309	0
80152	34	246	0
80153	157	82	0
80154	3	1541	0
80155	151	102	0
80157	2	3101	0
80161	1	1999	0
80162	5	515	0
80164	11	490	0
80167	33	424	0
80168	4	5569	0
80169	56	290	0
80173	131	118	0
80174	34	364	0
80176	31	279	0
80177	11	1245	0
80178	21	855	0
80179	250	99	0
80183	11	1888	0
80184	162	102	0
80185	49	182	0
8019	490	63	0
80194	15	933	0
80195	45	682	0
80196	55	192	0
80198	57	213	0
80199	22	557	0
802	1	1249	0
80201	47	233	0
80204	126	128	0
80205	70	179	0
80206	10	882	0
80207	43	249	0
80208	54	275	0
80209	35	314	0
8021	183	71	0
80210	19	359	0
80212	52	310	0
80213	83	381	0
80216	7	1303	0
80217	6	904	0
80218	91	126	0
80219	16	374	0
8022	176	249	0
80221	96	157	0
80222	138	103	0
80223	124	97	0
80224	64	202	0
80227	76	182	0
80228	6	1422	0
80230	474	32	0
80231	7	1045	0
80232	175	85	0
80233	100	165	0
80235	3	1451	0
80237	23	753	0
80243	13	882	0
80254	166	195	0
80255	24	1055	0
80256	66	222	0
80258	111	173	0
80262	47	331	0
80263	32	333	0
80264	30	505	0
80267	116	176	0
8027	151	89	0
80270	383	109	0
80271	18	587	0
80273	207	72	0
80279	165	70	0
8028	49	240	0
8029	8	1311	0
80298	8	1621	0
8030	286	58	0
80301	38	237	0
80303	71	189	0
80304	101	166	0
80305	91	162	0
80306	101	228	0
80307	5	1652	0
80308	113	132	0
80309	9	815	0
8031	43	242	0
80310	22	1135	0
80311	81	195	0
80312	39	272	0
80313	24	529	0
80314	72	275	0
80315	150	108	0
80316	3	2362	0
80317	28	448	0
80318	42	290	0
80319	13	688	0
80320	19	1004	0
80321	261	127	0
80323	21	953	0
80324	132	123	0
80325	16	510	0
80326	36	568	0
80328	26	669	0
80329	10	4864	0
80331	373	62	0
80332	77	539	0
80333	23	1120	0
80335	196	94	0
80336	26	296	0
80339	8	1193	0
8034	33	1103	0
80341	9	2623	0
80342	81	222	0
80343	5	2141	0
80344	132	121	0
80345	13	1142	0
80346	190	125	0
80347	94	116	0
80349	153	102	0
80350	1	6322	0
80351	59	293	0
80352	8	1233	0
8036	67	116	0
8038	43	576	0
80380	35	1097	0
80381	29	296	0
8045	40	340	0
8048	15	1415	0
805	194	90	0
8050	106	126	0
8061	66	252	0
8065	524	42	0
80700	320	59	0
80704	17	1949	0
80705	95	256	0
80709	7	725	0
80712	3	2889	0
80714	80	209	0
80723	21	1463	0
80724	96	168	0
80725	32	235	0
80726	70	232	0
80727	72	190	0
80728	112	127	0
8073	109	164	0
80731	27	1204	0
80736	3	1184	0
80737	4	1094	0
80739	2	4436	0
8074	4	1685	0
80740	11	2995	0
80741	14	1247	0
80742	245	169	0
80745	15	1092	0
80746	53	260	0
80755	119	108	0
80757	14	1941	0
80758	4	1270	0
80759	15	1269	0
8076	44	655	0
80760	11	671	0
80761	10	932	0
80762	100	206	0
80763	32	579	0
80764	96	138	0
80765	1	2578	0
80772	8	1629	0
80774	13	487	0
80775	42	425	0
80776	72	399	0
80777	277	55	0
80778	48	550	0
8078	211	62	0
80781	88	123	0
80789	108	127	0
8079	127	101	0
80790	28	253	0
808	310	59	0
80816	164	118	0
80817	189	145	0
80818	19	514	0
8082	2	3629	0
80820	31	264	0
80821	33	282	0
80823	60	348	0
80824	234	134	0
80829	137	109	0
80830	14	961	0
80831	2	1120	0
80832	2	4731	0
80833	35	1087	0
80834	26	1300	0
80835	2	1663	0
8085	160	112	0
80851	32	271	0
80852	10	1269	0
80853	4	1480	0
80854	76	148	0
80856	288	89	0
8086	154	74	0
80862	1	3471	0
80863	7	1717	0
80864	50	418	0
8087	622	39	0
8089	175	131	0
80895	109	110	0
80896	7	1651	0
8091	136	117	0
8092	23	612	0
80975	47	361	0
8099	115	160	0
81	373	39	0
810	228	95	0
8100	50	507	0
81025	2	3297	0
81027	128	144	0
81029	4	3301	0
81030	39	424	0
81031	2	1645	0
81034	34	468	0
81035	66	218	0
81037	100	116	0
81050	1	2258	0
8106	185	78	0
811	389	38	0
8110	95	178	0
8115	59	336	0
8120	34	288	0
8123	1	1962	0
81248	1	4212	0
8125	126	97	0
8128	9	2844	0
81285	10	1597	0
813	331	43	0
81309	1	3188	0
8131	74	224	0
81327	1	5523	0
81328	1	19492	0
8139	250	110	0
81392	1	3836	0
81399	1	17354	0
814	50	249	0
8140	179	67	0
8148	394	61	0
81488	127	155	0
81490	87	215	0
81492	32	754	0
81493	62	287	0
81494	22	890	0
815	218	81	0
81501	1	7968	0
81502	135	89	0
8153	436	63	0
81532	115	124	0
81533	540	33	0
81537	45	295	0
81539	173	114	0
81542	229	62	0
81543	17	3045	0
81544	54	381	0
81545	144	154	0
81550	207	101	0
81551	36	799	0
81552	10	657	0
81553	6	630	0
81554	98	159	0
81555	130	123	0
81556	93	168	0
81557	23	1135	0
81558	13	950	0
81559	170	123	0
81562	95	206	0
81563	32	307	0
81565	152	129	0
81566	4	1359	0
81567	217	55	0
81569	18	456	0
81570	212	85	0
81571	2	1538	0
81572	100	233	0
81573	19	1185	0
81575	6	1269	0
81576	63	387	0
81577	8	1187	0
81578	9	775	0
81579	14	632	0
816	144	126	0
81602	13	1319	0
81603	91	157	0
81605	26	427	0
81606	22	933	0
81607	25	815	0
81608	208	87	0
81609	498	45	0
8161	548	44	0
81610	81	149	0
81611	114	116	0
81614	15	1336	0
81615	2	1900	0
81616	8	1233	0
81617	28	500	0
81618	88	254	0
81619	7	688	0
81620	71	275	0
81621	12	994	0
81622	414	74	0
81623	2	4679	0
81624	108	140	0
81626	5	1729	0
81627	198	75	0
81628	114	135	0
81629	78	252	0
81631	546	27	0
8165	500	47	0
81669	90	146	0
81671	185	109	0
81688	18	798	0
81689	90	215	0
81691	32	561	0
81693	1	9391	0
817	196	74	0
8170	15	1548	0
81704	119	132	0
81706	11	878	0
8174	4	5386	0
8175	262	77	0
8178	70	193	0
81786	79	172	0
81788	49	243	0
81789	21	825	0
81790	61	355	0
81792	50	541	0
81793	11	2182	0
81794	11	1101	0
81796	2	1258	0
81797	3	5709	0
818	181	84	0
81831	55	407	0
81832	10	735	0
81833	110	435	0
81839	231	85	0
81844	133	96	0
81846	39	257	0
81847	74	218	0
81848	82	241	0
81849	3	4012	0
81850	183	249	0
81851	218	254	0
81853	277	199	0
81854	2	7153	0
81855	156	88	0
81856	11	498	0
81857	88	254	0
81858	182	115	0
8187	11	450	0
81870	1	2951	0
81873	76	160	0
81875	44	252	0
81876	200	54	0
81887	170	105	0
81888	25	671	0
81889	170	215	0
8189	220	76	0
81890	38	215	0
81892	332	58	0
81894	33	610	0
819	122	119	0
8190	3	2329	0
8192	558	60	0
81926	36	308	0
81928	19	463	0
81929	133	82	0
8193	92	298	0
81930	46	269	0
81931	5	882	0
81932	56	363	0
8195	16	381	0
820	7	1573	0
8200	31	1360	0
8202	181	102	0
8204	153	84	0
8208	151	102	0
8209	391	86	0
821	1230	24	0
8214	72	267	0
8215	4	2264	0
8216	107	173	0
8218	180	97	0
822	77	153	0
8220	136	112	0
8224	12	631	0
8225	72	187	0
8226	60	361	0
8227	101	125	0
8228	12	1138	0
823	190	73	0
8233	69	291	0
8237	539	30	0
8239	396	39	0
824	146	88	0
8241	253	68	0
8242	122	129	0
8243	412	49	0
825	36	489	0
826	117	106	0
8260	163	84	0
8263	10	2146	0
8266	349	47	0
8269	16	1479	0
827	16	874	0
8270	108	154	0
8273	5	967	0
8277	8	1795	0
828	24	498	0
8284	6	1879	0
8287	49	252	0
8288	13	1020	0
8289	219	87	0
829	356	42	0
8290	424	68	0
8291	58	204	0
8292	30	691	0
8293	21	360	0
8294	106	143	0
8295	748	39	0
830	410	58	0
8301	254	60	0
8302	36	487	0
8303	7	808	0
8309	5	3388	0
831	98	118	0
8310	40	235	0
8312	145	96	0
8313	71	248	0
8314	1283	24	0
8315	89	152	0
8317	114	123	0
8318	121	113	0
832	1023	24	0
8320	5	3299	0
8321	13	883	0
8322	11	1740	0
8323	51	391	0
8324	73	174	0
8325	19	1591	0
83259	3	1490	0
8326	4	5188	0
8328	101	178	0
8329	72	268	0
833	105	108	0
8330	15	421	0
8331	143	108	0
8332	11	786	0
8334	98	152	0
8335	512	66	0
8336	231	159	0
8337	149	113	0
8338	313	80	0
8339	573	71	0
83394	13	312	0
834	70	168	0
8340	213	84	0
83401	6	2677	0
8341	143	124	0
83416	12	875	0
83417	15	2413	0
8342	102	123	0
8343	12	495	0
83439	13	1081	0
8344	61	351	0
83440	87	152	0
83442	46	172	0
83443	133	151	0
83444	169	126	0
83445	10	2434	0
83446	18	654	0
83447	56	327	0
83448	14	324	0
83449	9	1495	0
8345	446	61	0
83450	22	576	0
83451	63	227	0
83452	34	366	0
8346	60	334	0
83460	57	356	0
83461	176	97	0
83463	39	778	0
83464	9	1383	0
83468	26	745	0
8347	260	96	0
83473	29	221	0
83475	19	379	0
83478	480	34	0
83479	21	280	0
8348	147	121	0
83480	7	1846	0
83481	185	82	0
83482	9	2609	0
83483	12	1176	0
8349	690	50	0
835	47	169	0
8350	909	39	0
8351	18	540	0
8352	495	94	0
8353	225	102	0
83538	23	739	0
83539	10	695	0
8354	39	640	0
83540	117	138	0
83541	101	235	0
83543	47	178	0
83544	7	798	0
83546	9	2810	0
83547	24	644	0
83548	87	152	0
83549	16	508	0
8355	25	740	0
83550	25	1303	0
83552	1	11099	0
8356	41	557	0
8357	37	443	0
8358	67	342	0
8359	1760	19	0
83590	69	145	0
83591	11	1136	0
83592	1	1249	0
83593	48	320	0
83594	38	291	0
83595	80	361	0
83596	39	293	0
83597	8	1805	0
836	128	83	0
8360	31	235	0
83604	9	3902	0
83605	39	277	0
83606	87	228	0
83607	17	453	0
83608	153	149	0
8361	67	209	0
8362	54	222	0
8363	45	181	0
83636	2	1795	0
83637	62	174	0
83638	17	344	0
83639	254	89	0
8364	46	223	0
83640	79	152	0
83641	17	352	0
83642	36	384	0
83643	4	965	0
83648	95	316	0
8365	41	166	0
83650	1	8181	0
83657	14	370	0
83658	84	142	0
83659	29	621	0
8366	54	214	0
83660	50	166	0
83666	27	232	0
83667	38	219	0
8367	34	196	0
8368	58	232	0
8369	33	402	0
83690	7	1277	0
83692	41	299	0
83693	68	180	0
83694	50	310	0
83695	21	361	0
83696	86	171	0
83698	12	796	0
83699	21	298	0
837	48	328	0
8370	85	158	0
83700	28	427	0
83706	57	255	0
83707	13	529	0
83714	7	2322	0
83715	17	418	0
83716	2	2317	0
83719	133	232	0
8372	9	1377	0
83723	2	5994	0
83729	44	394	0
83732	557	49	0
83733	38	256	0
83734	16	900	0
83737	344	45	0
83740	135	380	0
83741	76	263	0
83742	2	1560	0
83743	392	55	0
83744	12	558	0
83746	205	116	0
83752	58	174	0
83755	160	272	0
83756	13	976	0
83758	6	1762	0
83759	264	96	0
83786	17	316	0
83787	32	314	0
8379	137	89	0
83795	41	728	0
838	4	5487	0
8382	10	2567	0
8383	2	5725	0
83844	13	914	0
83849	10	1197	0
83850	5	1129	0
83851	40	1054	0
83852	17	1251	0
83853	11	1629	0
83854	3	2281	0
83855	421	67	0
83856	7	655	0
83857	7	764	0
83858	216	72	0
83860	87	256	0
83861	9	979	0
83862	63	219	0
83869	1	1999	0
8387	3	5974	0
83871	66	155	0
83872	10	528	0
83873	20	1431	0
83874	28	285	0
83875	1	9965	0
83876	1	1249	0
83877	19	1010	0
83878	238	118	0
83879	8	762	0
8388	1	6351	0
83882	61	291	0
83884	6	1288	0
83886	1	7090	0
83887	2	3327	0
83888	5	1776	0
83889	20	337	0
83890	2	2566	0
83891	19	358	0
83892	174	90	0
83893	1	3008	0
83894	19	1081	0
83895	47	1376	0
83896	84	572	0
83897	78	519	0
83899	148	364	0
839	36	176	0
8390	1	4394	0
83900	139	413	0
83901	99	457	0
83902	47	1197	0
83903	125	123	0
83930	50	600	0
83931	57	307	0
83932	594	46	0
83933	40	320	0
83937	8	2615	0
83938	7	1275	0
83939	138	98	0
8394	142	93	0
83940	54	227	0
83941	6	905	0
83942	39	360	0
83943	383	87	0
8395	10	737	0
83953	1	1804	0
83955	11	927	0
83957	3	1274	0
83959	5	828	0
8396	81	145	0
8398	23	258	0
83983	45	270	0
83985	72	183	0
83986	126	189	0
83987	656	32	0
83988	52	496	0
83989	25	424	0
8399	108	295	0
83990	88	174	0
83992	48	304	0
83998	8	2479	0
840	64	143	0
84000	104	413	0
84002	5	2004	0
8402	233	61	0
8403	10	2171	0
84033	64	180	0
84034	26	833	0
8404	18	887	0
8405	484	45	0
84056	30	218	0
84057	45	305	0
84058	47	278	0
84059	56	308	0
8406	8	754	0
84060	72	325	0
84061	184	77	0
84062	158	185	0
84063	14	821	0
84064	16	323	0
84065	52	450	0
84066	56	553	0
84067	40	246	0
84068	24	846	0
84069	54	301	0
8407	218	62	0
84070	10	470	0
84071	5	916	0
84072	8	1187	0
84073	28	796	0
84074	9	648	0
84075	1	3837	0
84076	18	597	0
84077	12	558	0
84078	213	130	0
84079	39	206	0
8408	174	92	0
84080	221	111	0
84081	197	93	0
84083	32	266	0
84084	9	1425	0
84085	50	164	0
8409	112	196	0
841	171	120	0
84100	35	309	0
84101	47	465	0
84102	33	843	0
84103	16	727	0
84105	46	310	0
84106	45	197	0
84107	2	2774	0
84108	168	143	0
84109	3	3590	0
8411	154	74	0
8412	64	189	0
84124	12	1494	0
84125	42	289	0
84126	92	178	0
84128	98	127	0
84129	148	103	0
84131	93	158	0
84132	66	186	0
84133	32	365	0
84134	8	1301	0
84135	105	122	0
84138	24	442	0
84140	157	133	0
84141	10	1550	0
84142	34	235	0
84144	44	309	0
84146	185	115	0
84148	81	204	0
84152	7	1489	0
84153	22	469	0
84154	226	96	0
84159	68	154	0
8416	38	471	0
84162	42	235	0
84163	11	1009	0
84164	116	148	0
84166	22	291	0
84167	29	251	0
84168	134	117	0
8417	652	37	0
84171	99	170	0
84172	150	118	0
84173	14	769	0
84174	23	875	0
84176	4	1641	0
84179	3	2484	0
8418	1	9371	0
84181	71	173	0
84182	72	248	0
84186	65	241	0
84187	35	680	0
84188	106	102	0
84189	11	2133	0
8419	67	454	0
84190	10	1068	0
84191	173	165	0
84193	34	212	0
84196	170	94	0
84197	267	103	0
842	58	280	0
8420	5	671	0
84203	16	1045	0
84206	219	149	0
84210	8	3788	0
84215	6	1292	0
84216	1	3590	0
84217	81	466	0
84218	3	2405	0
84219	39	407	0
84220	95	227	0
84221	55	313	0
84223	8	888	0
84224	6	615	0
84226	4	716	0
84229	4	2758	0
84230	28	331	0
84231	115	144	0
84232	31	676	0
84233	96	179	0
84236	345	75	0
84239	1	4212	0
8424	26	518	0
84240	69	210	0
84243	71	242	0
84245	37	232	0
84246	91	218	0
84247	13	661	0
84248	151	110	0
84249	14	726	0
8425	65	292	0
84250	21	642	0
84251	36	575	0
84253	6	640	0
84254	45	202	0
84255	24	865	0
84256	31	220	0
84258	21	669	0
84259	77	178	0
84260	129	138	0
84261	22	346	0
84262	97	196	0
84263	123	112	0
84264	5	2217	0
84265	38	425	0
84266	12	615	0
84267	38	207	0
84268	16	432	0
84269	12	1430	0
8427	23	591	0
84270	26	428	0
84271	219	70	0
84272	68	378	0
84273	99	215	0
84274	93	259	0
84275	25	584	0
84276	22	1116	0
84277	216	115	0
84278	1	9917	0
84279	9	2402	0
8428	158	107	0
84280	16	494	0
84281	16	823	0
84282	26	420	0
84283	65	520	0
84284	135	92	0
84285	92	220	0
84286	6	1702	0
84287	9	1578	0
84288	14	1559	0
84289	106	174	0
84290	49	532	0
84292	189	155	0
84293	85	151	0
84294	188	130	0
84295	155	84	0
84296	64	243	0
84298	139	182	0
84299	19	1092	0
843	47	410	0
84300	50	222	0
84301	119	116	0
84302	50	705	0
84303	80	151	0
84304	25	1537	0
84305	131	110	0
84306	66	200	0
84307	61	418	0
84309	103	108	0
8431	66	281	0
84310	190	79	0
84311	201	104	0
84312	126	277	0
84313	68	210	0
84314	51	530	0
84315	14	973	0
84316	37	499	0
84317	94	179	0
84318	64	288	0
84319	125	95	0
84320	19	746	0
84321	83	112	0
84324	151	99	0
84326	10	1474	0
84327	8	540	0
84328	22	360	0
84329	30	490	0
8433	3	5372	0
84330	114	222	0
84331	49	258	0
84332	11	2770	0
84333	102	234	0
84334	5	972	0
84335	29	260	0
84336	29	521	0
84337	27	381	0
8434	54	269	0
84340	176	155	0
84342	38	299	0
84343	44	333	0
8435	5	2230	0
8436	59	162	0
84364	126	90	0
84365	425	66	0
8437	8	1148	0
84376	201	85	0
8438	9	961	0
8439	40	393	0
844	3	3774	0
8440	249	110	0
84417	3	1391	0
84418	23	953	0
84419	135	338	0
8443	78	185	0
84432	4	4042	0
84433	33	495	0
84436	4	688	0
84437	14	568	0
84439	28	605	0
8444	39	494	0
84440	23	612	0
84441	14	506	0
84443	3	819	0
84444	798	47	0
84445	510	54	0
84446	34	353	0
84447	306	55	0
84448	13	683	0
84449	21	578	0
8445	167	100	0
84450	254	88	0
84451	111	173	0
84455	17	646	0
84456	121	156	0
84457	20	573	0
84458	212	81	0
8446	81	216	0
84460	26	505	0
84461	114	166	0
84464	570	36	0
84465	5	1569	0
84466	14	857	0
84467	15	1014	0
8447	6	3626	0
8448	16	1182	0
8449	173	86	0
84498	39	209	0
845	63	344	0
8450	727	29	0
84501	19	403	0
84502	67	365	0
84503	2	902	0
84504	1	19716	0
8451	825	16	0
84513	2	13794	0
84514	64	216	0
84515	56	226	0
84516	84	165	0
84517	1	9504	0
84518	16	1959	0
84519	20	1372	0
8452	3146	6	0
84520	18	685	0
84522	156	153	0
84524	74	227	0
84525	13	951	0
84527	13	1327	0
84528	103	314	0
84529	30	362	0
8453	589	34	0
84530	35	498	0
84532	23	299	0
84536	4	2490	0
8454	881	32	0
84541	19	524	0
84542	13	613	0
84545	155	137	0
84546	1	2214	0
84547	28	1230	0
84548	84	441	0
84549	152	131	0
8455	53	193	0
84552	31	421	0
84553	116	249	0
84557	237	66	0
8456	39	294	0
84561	8	2850	0
84569	117	481	0
84570	5	778	0
84572	31	432	0
8458	139	140	0
8459	118	282	0
846	20	684	0
8460	20	528	0
84612	134	116	0
84614	7	877	0
84616	80	1080	0
84617	238	65	0
84618	26	838	0
84619	174	115	0
8462	19	570	0
84620	16	2852	0
84622	6	2006	0
84623	2	1553	0
84624	23	1190	0
84626	40	456	0
84627	8	594	0
84628	7	1695	0
84629	88	144	0
8463	125	149	0
84630	24	443	0
84631	1	5565	0
84632	19	385	0
84634	3	3849	0
84639	8	2823	0
8464	58	249	0
84640	31	378	0
84641	78	473	0
84643	50	527	0
84645	7	3614	0
84647	4	4585	0
84648	72	865	0
84649	6	1160	0
84650	3	2040	0
84651	18	1334	0
84654	19	690	0
84656	232	82	0
84657	1	9484	0
84659	64	528	0
84660	4	1663	0
84661	184	89	0
84662	103	173	0
84665	30	299	0
84666	15	1100	0
84667	9	840	0
84668	34	242	0
84669	114	89	0
8467	396	52	0
84674	8	1759	0
84675	464	46	0
84676	334	78	0
84677	3	4063	0
84678	153	124	0
84679	4	1591	0
8468	80	232	0
84680	9	970	0
84681	338	112	0
84684	4	2094	0
84687	178	99	0
84688	38	577	0
84689	6	5555	0
84690	12	930	0
84691	5	768	0
84692	1	4725	0
84693	10	806	0
84694	4	3446	0
84695	22	646	0
84696	1	12061	0
84699	58	361	0
847	168	87	0
8470	76	145	0
84700	13	860	0
84701	24	965	0
84705	81	192	0
84706	37	152	0
84707	105	300	0
84708	568	51	0
84709	221	183	0
8471	285	61	0
84717	188	92	0
84719	1	5222	0
84720	61	258	0
84722	31	233	0
84725	13	1296	0
84726	265	73	0
84727	50	360	0
8473	941	28	0
84733	121	156	0
84735	17	430	0
84740	1	2090	0
84747	36	251	0
84749	106	135	0
84750	8	720	0
84752	3	2054	0
84759	205	144	0
8476	136	95	0
84765	5	3295	0
84766	58	387	0
84767	5	2181	0
84769	3	3383	0
8477	1	18785	0
84775	10	1148	0
84777	5	1411	0
84779	59	396	0
84787	41	347	0
8479	81	135	0
84790	466	43	0
84791	4	1357	0
84792	3	4781	0
84795	4	3487	0
84798	5	1367	0
8480	226	66	0
84803	102	136	0
84804	8	1431	0
84807	120	210	0
84808	1	2450	0
84809	15	1697	0
8481	345	92	0
84811	110	199	0
84812	30	428	0
84814	1	15861	0
84816	88	247	0
84817	51	184	0
84818	51	535	0
8482	24	770	0
84820	1	1999	0
84823	224	51	0
84824	2	3305	0
84826	21	643	0
8483	2	4721	0
84830	5	4591	0
84832	20	443	0
84833	111	97	0
84836	28	236	0
84838	53	465	0
8484	5	1187	0
84842	16	544	0
84844	151	133	0
84851	132	230	0
84856	82	381	0
84858	60	248	0
84859	109	119	0
84861	125	139	0
84864	95	143	0
84865	10	540	0
84866	132	247	0
84867	76	220	0
84868	81	295	0
84869	40	265	0
8487	106	151	0
84870	7	659	0
84871	68	352	0
84872	197	197	0
84873	4	1590	0
84874	20	595	0
84875	29	190	0
84876	40	349	0
84878	6	2352	0
84879	2	5664	0
84881	243	139	0
84883	27	198	0
84885	124	532	0
84886	90	142	0
84888	8	421	0
84889	50	714	0
84890	17	624	0
84891	3	3605	0
84892	80	224	0
84893	28	244	0
84894	51	357	0
84895	20	466	0
84896	78	122	0
84897	21	499	0
84898	58	323	0
84899	50	333	0
8490	11	1300	0
84900	2	3096	0
84901	68	179	0
84902	142	170	0
84904	55	361	0
84905	20	616	0
84908	101	164	0
84909	20	583	0
8491	80	150	0
84910	14	1594	0
84911	7	1433	0
84912	38	546	0
84913	2	7718	0
84914	133	194	0
84915	12	1299	0
84916	163	88	0
84918	40	602	0
84919	75	281	0
8492	15	1189	0
84920	46	688	0
84922	17	751	0
84923	7	790	0
84924	18	436	0
84925	5	3591	0
84926	27	524	0
84928	148	92	0
84929	6	2689	0
8493	56	277	0
84930	48	232	0
84932	78	148	0
84933	11	1866	0
84934	48	354	0
84935	6	1498	0
84936	54	275	0
84937	35	391	0
84938	38	618	0
84939	31	366	0
84940	37	531	0
84941	23	696	0
84942	27	828	0
84944	20	438	0
84945	2	12869	0
84946	194	89	0
84947	16	490	0
84948	69	278	0
8495	41	184	0
84950	159	96	0
84951	42	233	0
84952	43	168	0
84953	2	2376	0
84954	11	998	0
84955	62	180	0
84957	63	324	0
84958	10	841	0
84959	146	81	0
8496	173	75	0
84960	42	429	0
84961	13	1138	0
84962	82	152	0
84964	2	2790	0
84966	38	505	0
84967	18	841	0
84968	27	814	0
84969	33	752	0
8497	8	697	0
84970	103	227	0
84971	14	895	0
84973	2	4321	0
84975	83	401	0
84976	13	706	0
84978	64	202	0
8498	103	116	0
84981	2	1304	0
84984	156	201	0
84985	39	442	0
84986	64	163	0
84987	145	223	0
84988	55	312	0
8499	28	244	0
84991	201	76	0
84992	5	3853	0
84993	65	226	0
84996	4	2069	0
8500	205	68	0
85002	2	7188	0
85004	2	3893	0
85007	15	655	0
85009	2	2774	0
8501	10	1359	0
85012	5	1122	0
85013	88	486	0
85014	8	1026	0
85015	35	376	0
85016	13	456	0
85019	6	1044	0
8502	146	79	0
85021	99	125	0
85025	91	676	0
85026	3	1233	0
85027	52	1167	0
85028	3	1005	0
8503	191	130	0
8504	169	136	0
8505	28	230	0
8506	69	149	0
8507	21	390	0
8508	223	78	0
8509	41	535	0
8510	2	3877	0
8513	12	1758	0
8514	43	345	0
8515	4	1670	0
8516	61	698	0
8517	437	44	0
8518	168	84	0
8519	354	60	0
8520	212	84	0
8521	67	379	0
8522	36	366	0
85235	117	129	0
85236	328	63	0
8525	83	174	0
8526	64	182	0
8527	22	418	0
8528	2	2759	0
85280	30	969	0
85285	29	1541	0
85289	74	876	0
8529	37	1334	0
85291	130	385	0
85293	81	473	0
85294	100	595	0
8530	12	1889	0
85300	7	797	0
85301	6	1332	0
85302	163	110	0
8531	377	61	0
85313	165	101	0
85315	3	6050	0
85319	69	402	0
8532	5	1149	0
85320	4	1503	0
85329	12	1057	0
8533	229	59	0
8534	5	1521	0
85349	3	3008	0
8535	198	101	0
85352	59	460	0
85358	304	65	0
85359	30	720	0
8536	86	138	0
85360	112	130	0
85363	89	133	0
85364	170	105	0
85365	35	194	0
85366	99	143	0
85369	98	108	0
8537	8	512	0
85376	21	1320	0
85377	93	127	0
85378	61	225	0
85379	192	107	0
8538	2	4490	0
85389	2	1565	0
8539	183	73	0
85390	1	4786	0
85391	1	2090	0
85395	176	111	0
85397	11	1137	0
8540	188	72	0
85403	123	192	0
85406	45	294	0
85407	20	382	0
85409	36	228	0
8541	36	319	0
85413	36	522	0
85414	3	2148	0
85415	21	548	0
85416	4	1275	0
85417	13	545	0
8542	4	4474	0
8543	155	154	0
85437	130	256	0
85438	14	2576	0
85439	86	131	0
8544	81	171	0
85440	249	65	0
85441	53	201	0
85442	22	280	0
85443	5	2864	0
85444	24	917	0
85445	21	675	0
85446	8	1137	0
85449	1	4023	0
8545	53	179	0
85450	52	224	0
85451	406	47	0
85452	10	539	0
85453	50	224	0
85455	3	990	0
85456	163	89	0
85457	17	683	0
85458	20	358	0
85459	46	213	0
8546	182	80	0
85460	19	917	0
85461	92	112	0
85462	6	832	0
85463	7	699	0
85464	34	246	0
85465	27	203	0
8547	43	560	0
85474	6	2415	0
85476	313	88	0
85477	56	199	0
85478	12	565	0
85479	82	274	0
8548	124	201	0
85480	4	1049	0
85481	64	361	0
8549	11	995	0
8550	46	192	0
85508	9	1394	0
85509	69	491	0
8552	1	3145	0
8553	116	146	0
8554	331	63	0
8555	155	207	0
8556	106	201	0
85569	6	1316	0
8557	48	338	0
8558	51	322	0
8559	94	172	0
8560	60	230	0
8562	72	156	0
8563	122	126	0
8564	8	2137	0
8565	141	85	0
8566	49	147	0
8567	82	115	0
8568	147	103	0
8569	66	180	0
857	704	27	0
8570	270	49	0
8572	20	323	0
8573	191	80	0
8574	61	193	0
8575	393	87	0
8576	153	165	0
8577	36	710	0
8578	20	2168	0
858	109	178	0
8581	17	1382	0
85865	135	140	0
859	61	338	0
8590	1	11100	0
86	259	68	0
860	71	202	0
8600	32	524	0
8601	114	238	0
8602	176	97	0
8603	67	187	0
8604	229	77	0
8605	3	1643	0
8607	543	42	0
8608	1	4442	0
8609	5	818	0
861	290	63	0
8611	14	948	0
8612	20	606	0
8613	26	538	0
8614	48	330	0
8615	193	67	0
8618	65	214	0
862	118	190	0
8620	2	3720	0
8621	150	91	0
8622	5	1583	0
8623	37	209	0
8624	100	124	0
8625	143	165	0
8626	156	110	0
8629	46	255	0
863	75	274	0
8630	14	2124	0
8631	100	262	0
8632	22	352	0
8633	29	434	0
8634	123	163	0
8635	18	428	0
8636	42	413	0
8637	9	1137	0
8638	221	112	0
8639	24	885	0
864	59	261	0
8641	59	571	0
8642	18	408	0
8643	16	631	0
8644	38	249	0
8645	33	416	0
8646	89	543	0
8647	7	775	0
8648	134	143	0
8649	137	144	0
865	97	153	0
8650	212	59	0
8651	165	116	0
8653	101	152	0
8654	14	1205	0
8655	458	42	0
8658	97	157	0
8659	103	151	0
866	13	1547	0
8660	76	137	0
8661	345	54	0
86614	33	576	0
8662	330	60	0
8663	245	71	0
8664	234	60	0
8665	294	46	0
8666	232	57	0
8667	246	61	0
8668	244	74	0
8669	123	114	0
867	467	42	0
8671	10	321	0
8672	137	99	0
8673	96	150	0
8674	139	179	0
8675	68	182	0
8676	144	161	0
8677	110	224	0
8678	198	72	0
868	90	162	0
8681	14	1157	0
8682	83	215	0
8683	221	59	0
8685	9	1031	0
8687	171	201	0
8688	99	284	0
8689	70	273	0
869	1	2453	0
8690	9	1252	0
8692	82	606	0
8693	14	458	0
8694	38	325	0
8697	231	73	0
8698	134	369	0
87	307	47	0
8701	9	452	0
8702	36	546	0
8703	79	356	0
8704	118	232	0
8705	31	734	0
8706	29	791	0
8707	11	2582	0
8708	2	1927	0
871	294	42	0
8710	65	266	0
8711	38	344	0
8712	36	849	0
8714	21	241	0
8715	59	382	0
8717	103	164	0
87171	1	13658	0
87178	141	120	0
8718	12	804	0
8720	59	237	0
8721	88	100	0
8722	42	930	0
8723	62	175	0
8724	181	85	0
8725	134	128	0
8726	574	37	0
8727	64	195	0
8728	33	893	0
8729	376	48	0
873	137	85	0
8731	84	119	0
8732	128	114	0
8733	83	176	0
8735	47	266	0
8736	20	961	0
8737	189	88	0
8738	24	505	0
8739	6	1370	0
874	39	221	0
8740	76	272	0
8741	28	618	0
8742	22	538	0
8743	22	540	0
8744	84	587	0
8745	8	442	0
8747	62	525	0
8748	1	1962	0
8749	15	2680	0
875	138	99	0
8751	60	181	0
8754	102	133	0
8756	35	598	0
8759	1	8991	0
8760	97	140	0
8761	442	34	0
8763	8	1130	0
8764	31	394	0
8766	824	35	0
8767	83	205	0
8771	30	772	0
8772	110	122	0
8773	186	77	0
8774	78	134	0
8775	184	58	0
8776	103	154	0
87769	10	2133	0
8777	88	151	0
8778	14	1125	0
8780	74	188	0
8784	10	861	0
8785	20	746	0
8786	11	577	0
8787	13	709	0
8788	95	280	0
8789	25	540	0
8790	4	4964	0
8792	17	368	0
8793	41	579	0
8794	100	283	0
8795	157	118	0
8796	32	382	0
8797	130	138	0
8798	32	348	0
8799	33	240	0
88	139	132	0
8800	11	1230	0
8801	112	118	0
8802	121	102	0
8803	179	75	0
8804	26	386	0
8805	382	65	0
8807	4	1872	0
8808	14	627	0
8809	4	2646	0
881	8	747	0
8812	113	103	0
8813	166	80	0
8814	22	755	0
8815	200	80	0
8816	92	162	0
8817	2	5783	0
8818	48	677	0
8819	153	131	0
8820	13	1773	0
8821	26	650	0
8822	40	482	0
8823	11	1427	0
8824	29	404	0
8825	49	370	0
8826	550	26	0
8828	45	305	0
8829	303	80	0
883	19	280	0
8831	185	95	0
8832	6	849	0
8833	156	85	0
8834	101	226	0
8835	95	199	0
8836	239	92	0
8837	61	239	0
8838	17	1561	0
8839	13	1523	0
8840	4	2787	0
8841	284	68	0
8842	18	350	0
8844	120	189	0
88455	120	102	0
8846	4	1016	0
8847	4	952	0
8848	99	142	0
885	4	3523	0
8850	243	104	0
8851	54	221	0
8852	8	2382	0
8853	38	208	0
8854	40	302	0
8856	46	351	0
8857	16	532	0
8858	32	664	0
8859	25	416	0
886	1	19209	0
8861	98	187	0
8862	7	2003	0
8863	16	1561	0
8864	140	133	0
8867	80	144	0
8869	14	1496	0
887	17	1979	0
8870	23	421	0
8871	39	264	0
8872	1835	13	0
8874	112	103	0
88745	60	198	0
8875	48	931	0
8876	8	3990	0
8877	34	424	0
8878	1210	21	0
8879	198	75	0
8880	306	52	0
8881	227	88	0
8882	81	187	0
8883	93	115	0
8884	72	156	0
8886	324	57	0
8887	332	50	0
8888	97	92	0
889	41	306	0
8890	129	100	0
8891	119	129	0
8892	125	101	0
8893	159	88	0
8894	227	62	0
8895	113	100	0
8896	112	82	0
8897	62	165	0
8898	68	166	0
8899	312	75	0
89	98	205	0
890	165	127	0
8900	59	237	0
8904	57	117	0
8905	53	198	0
8906	64	175	0
8907	212	53	0
8908	29	709	0
8909	23	1105	0
891	228	72	0
8910	24	569	0
8911	4	754	0
8912	14	451	0
89122	50	177	0
8913	7	594	0
8914	83	159	0
8915	83	205	0
8916	62	212	0
892	183	117	0
8924	452	49	0
8925	140	113	0
8926	6	950	0
8927	23	350	0
8928	102	327	0
8929	4	1004	0
8930	80	130	0
8932	144	167	0
8933	47	266	0
8934	87	223	0
8935	47	353	0
8936	82	148	0
8938	5	920	0
8939	294	68	0
894	145	122	0
8940	1469	21	0
8941	19	1040	0
8942	68	278	0
8943	159	91	0
8945	748	34	0
896	81	159	0
8968	73	241	0
8969	248	88	0
8970	185	79	0
8971	278	74	0
8972	9	2188	0
8973	1	11359	0
8974	137	101	0
8975	111	119	0
8976	112	127	0
89765	130	171	0
89766	13	1602	0
89777	111	110	0
89778	10	1314	0
89780	33	727	0
89781	4	1008	0
89782	30	437	0
89790	9	693	0
89792	1	9917	0
89795	28	369	0
89796	142	94	0
89797	41	242	0
898	139	142	0
89801	15	552	0
89822	1	10400	0
89832	1	3570	0
89839	30	297	0
89845	35	610	0
89846	7	1196	0
89848	19	647	0
89849	11	818	0
8985	164	90	0
89853	17	893	0
89857	21	442	0
89858	23	909	0
8986	86	156	0
89866	7	994	0
89869	15	700	0
8987	122	176	0
89870	47	320	0
89872	21	566	0
89874	17	493	0
89876	9	1749	0
8988	19	1762	0
89882	15	684	0
89884	165	215	0
89885	99	421	0
89886	3	6562	0
89887	19	337	0
8989	3	1815	0
89890	95	216	0
89891	53	263	0
89894	6	3139	0
899	2068	10	0
8991	154	139	0
89910	52	261	0
8992	31	1275	0
89927	24	570	0
8993	5	4623	0
89932	16	516	0
8994	120	106	0
89941	321	68	0
89944	61	497	0
8995	67	625	0
89953	119	98	0
89958	35	354	0
8996	35	326	0
8997	35	230	0
89970	72	186	0
89978	24	933	0
8999	68	316	0
9	7	1263	0
90	58	282	0
900	45	166	0
90007	625	36	0
9001	106	250	0
90011	3	2296	0
90019	1	3177	0
9002	5	906	0
90025	36	288	0
90050	4	4946	0
90060	167	111	0
90070	88	224	0
90075	7	701	0
901	14	914	0
90102	142	105	0
90113	12	600	0
90120	1	3145	0
90121	33	346	0
9013	103	165	0
90133	3	3771	0
90134	4	2229	0
90135	21	427	0
90139	28	1574	0
9014	84	177	0
90141	15	1084	0
9015	72	255	0
9016	29	873	0
90161	53	464	0
90167	3	2842	0
90187	53	520	0
9019	116	180	0
90196	28	1346	0
90199	4	1665	0
902	91	133	0
9020	158	141	0
90203	66	245	0
90204	3	887	0
9021	94	169	0
9022	61	353	0
9023	4	8160	0
90231	115	126	0
90233	2	1790	0
9024	25	306	0
90249	5	2866	0
9025	417	46	0
9026	143	86	0
90268	167	94	0
9027	30	998	0
90271	2	1962	0
90273	78	528	0
9028	18	1874	0
90288	5	1811	0
90293	82	166	0
9031	199	83	0
90313	6	2441	0
90316	35	796	0
90317	15	590	0
9032	31	1052	0
90321	9	578	0
90324	54	252	0
90326	66	326	0
9033	3	12150	0
90332	11	891	0
90333	6	869	0
90338	9	497	0
9034	9	3857	0
90342	4	1632	0
90353	71	279	0
90355	30	448	0
90362	62	400	0
9037	1	1391	0
90378	119	115	0
90379	252	139	0
90381	26	240	0
9039	69	187	0
90390	81	237	0
904	216	102	0
9040	611	24	0
90407	14	465	0
90410	139	245	0
90411	78	179	0
90416	16	798	0
90417	88	139	0
90423	12	1599	0
90427	29	525	0
9043	260	65	0
9044	126	124	0
90441	126	115	0
9045	536	50	0
90459	31	264	0
9046	110	198	0
9047	47	367	0
9048	1	19432	0
90480	276	76	0
90485	68	536	0
90488	84	161	0
9049	167	87	0
905	55	217	0
9050	27	325	0
90506	25	975	0
90507	29	331	0
9051	91	261	0
9052	67	172	0
90522	69	198	0
90523	10	917	0
90525	2	7248	0
90527	2	2635	0
90529	2	9367	0
9053	240	74	0
9054	137	114	0
9055	969	26	0
90550	188	99	0
90557	34	709	0
9056	3	1735	0
9057	52	277	0
90576	1	2291	0
9058	18	934	0
90580	128	140	0
90586	1	6250	0
90589	14	657	0
90594	26	970	0
9060	58	190	0
9061	76	177	0
90624	51	332	0
90627	45	327	0
9063	168	89	0
90632	2	1351	0
90634	6	3606	0
90637	25	494	0
90639	7	895	0
9064	48	333	0
90649	2	1170	0
90655	31	679	0
9066	16	348	0
90665	39	247	0
90668	1	4317	0
90673	11	761	0
90678	80	145	0
9069	9	609	0
90693	4	3812	0
9070	244	80	0
90701	53	1035	0
9071	23	795	0
9073	13	2280	0
90736	2	1835	0
90737	12	1261	0
9074	7	2081	0
9075	29	623	0
9076	20	879	0
90768	1	2296	0
9077	262	97	0
90780	51	332	0
90784	1	1962	0
9079	31	819	0
90799	49	345	0
908	562	45	0
9080	17	2526	0
90806	73	209	0
90809	72	226	0
9081	1	10050	0
9082	1	3475	0
90826	27	445	0
90827	7	4323	0
9083	3	2025	0
90835	3	2530	0
9084	7	857	0
90843	17	358	0
9085	4	1072	0
90850	420	43	0
90853	2	2061	0
9086	29	232	0
90861	51	187	0
90864	36	386	0
90865	9	1404	0
9087	37	543	0
90871	5	933	0
90874	16	539	0
9088	136	142	0
909	70	646	0
9091	33	559	0
9092	315	53	0
9093	360	55	0
90933	221	119	0
9094	144	125	0
9095	17	1354	0
90952	9	1026	0
90956	80	179	0
90957	247	84	0
9096	7	2577	0
9097	476	42	0
9098	24	435	0
90987	20	789	0
9099	240	79	0
90990	6	1267	0
90993	202	290	0
91	88	252	0
910	76	499	0
9100	300	59	0
9101	144	84	0
91010	35	256	0
91012	28	830	0
9103	2	5021	0
91039	103	149	0
9104	8	1570	0
91050	5	1304	0
91056	36	384	0
91057	9	1103	0
9107	86	115	0
91074	8	916	0
9108	62	394	0
9110	156	110	0
91107	47	155	0
9111	115	132	0
9112	262	74	0
91120	3	863	0
9113	441	46	0
91133	22	710	0
91137	265	141	0
9114	170	81	0
91147	127	204	0
91151	9	1085	0
91156	45	582	0
9117	11	2240	0
91179	20	373	0
9118	134	113	0
91181	4	1428	0
9119	181	134	0
912	6	1809	0
9120	9	518	0
9121	5	1427	0
9122	8	991	0
91227	1	10872	0
9123	56	149	0
9124	92	102	0
9125	225	96	0
91252	12	1197	0
9126	398	48	0
9127	57	332	0
91272	27	578	0
9128	260	62	0
91283	21	525	0
91289	114	108	0
9129	262	83	0
91298	8	451	0
913	35	788	0
9130	93	103	0
91300	7	443	0
91304	89	205	0
9131	615	36	0
91319	24	1567	0
9132	6	734	0
9133	63	211	0
9134	24	376	0
9135	174	74	0
91351	20	547	0
91355	3	1456	0
9136	125	144	0
91368	30	382	0
91369	77	201	0
91373	13	387	0
9138	131	109	0
9139	46	257	0
91392	3	2123	0
914	18	515	0
9140	85	174	0
91404	36	382	0
91408	93	163	0
91409	32	672	0
9141	82	120	0
91419	58	318	0
9142	46	741	0
9143	28	469	0
91433	66	265	0
9144	74	253	0
91442	21	481	0
91445	155	104	0
9145	102	254	0
91452	199	93	0
9146	514	28	0
91461	17	490	0
91464	31	444	0
9147	86	141	0
9148	13	488	0
9149	85	240	0
915	77	289	0
9150	197	106	0
9152	37	777	0
91522	13	495	0
91523	6	1323	0
91526	48	219	0
9153	15	1990	0
91543	23	761	0
91544	50	376	0
9156	51	260	0
91574	228	141	0
9158	62	200	0
91582	93	169	0
91584	21	400	0
9159	3	2061	0
916	58	477	0
91603	53	264	0
91607	372	66	0
91608	55	245	0
91612	20	520	0
91614	15	584	0
9162	7	945	0
91624	87	145	0
91646	2	2368	0
91647	115	126	0
91653	21	913	0
9166	297	125	0
91661	23	479	0
91662	9	475	0
91663	95	112	0
91664	30	379	0
9167	86	178	0
9168	54	182	0
91683	24	532	0
91687	22	510	0
91689	27	830	0
9169	129	128	0
91694	106	212	0
91695	4	888	0
917	19	1102	0
9170	117	397	0
91703	26	1149	0
9172	26	565	0
9173	20	932	0
91734	13	2459	0
91746	392	57	0
91748	106	157	0
91749	20	761	0
9175	42	240	0
91750	48	342	0
91752	9	550	0
91754	103	124	0
91768	42	227	0
9177	19	2432	0
91775	37	379	0
91782	80	147	0
9179	49	279	0
9180	52	284	0
91801	7	809	0
91807	8	1235	0
9181	212	64	0
9182	38	286	0
91828	4	1419	0
9183	142	117	0
91833	83	129	0
9184	224	64	0
9185	25	498	0
91851	9	1564	0
91860	2	2046	0
91862	1	3621	0
91869	76	181	0
9187	3	1724	0
91875	62	158	0
9188	714	47	0
9189	92	192	0
91893	11	1872	0
91894	310	73	0
919	35	882	0
9191	27	379	0
91937	14	1392	0
9194	29	479	0
91942	129	143	0
91947	82	269	0
91949	69	159	0
9196	10	1012	0
91966	5	5854	0
9197	154	112	0
91975	5	990	0
91977	68	466	0
91978	80	181	0
92	92	501	0
920	94	154	0
9200	24	445	0
92002	18	882	0
9201	120	142	0
92014	150	228	0
92017	41	246	0
9202	160	87	0
9203	137	88	0
9204	85	203	0
9205	37	288	0
92070	3	2771	0
9208	147	104	0
92086	3	3242	0
9209	107	104	0
92092	40	228	0
921	18	989	0
9210	5	2385	0
92104	36	458	0
92105	102	140	0
92106	19	418	0
9211	52	420	0
9212	747	31	0
92126	5	530	0
92129	54	688	0
9213	110	157	0
9214	10	1325	0
92140	499	46	0
9215	22	1396	0
92154	45	268	0
92162	16	1769	0
9217	458	35	0
92170	152	191	0
9218	670	26	0
92181	27	591	0
9219	426	52	0
92196	8	2174	0
9220	6	1140	0
9221	318	65	0
92211	5	3497	0
9223	133	127	0
92235	4	2090	0
92241	10	1626	0
92255	61	308	0
92259	105	196	0
9227	6	4364	0
9228	20	1527	0
92283	7	588	0
92285	6	1328	0
9229	23	443	0
92291	15	657	0
92292	6	971	0
92293	2	3274	0
923	152	248	0
9230	151	84	0
92304	14	938	0
92305	32	402	0
9231	173	92	0
92312	382	67	0
9232	56	240	0
92335	24	563	0
92342	61	380	0
92344	84	176	0
92345	135	133	0
92346	10	564	0
9235	29	488	0
92359	28	1127	0
9236	82	238	0
92369	123	222	0
92370	29	700	0
9238	396	57	0
92399	295	110	0
924	19	1537	0
9240	184	165	0
92400	15	1630	0
9241	40	781	0
9242	13	1068	0
92421	684	43	0
9244	71	398	0
9245	20	943	0
9246	114	109	0
9247	35	870	0
9248	57	418	0
92482	5	2211	0
92483	48	369	0
9249	39	404	0
925	17	756	0
9252	118	101	0
92521	136	99	0
9253	108	116	0
9254	72	407	0
9255	254	66	0
92552	11	924	0
92558	1	3335	0
9256	22	1009	0
92565	10	1463	0
92579	14	463	0
9258	103	235	0
92591	20	543	0
92595	92	171	0
92597	60	231	0
926	18	691	0
9260	257	59	0
92609	250	63	0
9261	117	124	0
92610	40	241	0
9262	58	356	0
9263	24	313	0
9265	30	261	0
9266	44	407	0
92667	110	182	0
9267	46	258	0
92675	27	280	0
92689	26	348	0
92691	73	502	0
9270	29	331	0
92703	27	513	0
9271	14	637	0
92714	65	241	0
92715	15	399	0
92736	5	6134	0
92737	4	1376	0
9274	112	199	0
92745	31	502	0
92747	53	391	0
92749	6	853	0
9275	95	189	0
9276	357	53	0
9277	168	117	0
9278	20	355	0
92797	19	447	0
92799	106	127	0
928	76	135	0
92806	2	1146	0
92815	79	171	0
9282	132	146	0
92822	30	484	0
9283	56	573	0
9284	2	1819	0
92840	108	196	0
92856	107	172	0
9287	1	7630	0
9288	8	1322	0
9289	56	290	0
929	45	453	0
9290	66	404	0
92906	158	102	0
92912	27	411	0
92922	60	300	0
9293	34	1382	0
92935	44	245	0
9294	29	1009	0
92949	12	476	0
9295	195	89	0
9296	116	172	0
92960	8	4623	0
9297	1	3618	0
92979	5	1684	0
9298	1	3618	0
9299	1	3618	0
92999	143	226	0
93	94	244	0
930	21	903	0
9300	2	1967	0
9301	1	3618	0
93010	23	799	0
9302	2	1457	0
9303	2	1457	0
93034	4	1049	0
93035	5	1823	0
9304	5	1229	0
93058	3	4899	0
9306	119	150	0
9308	63	476	0
93081	3	2988	0
93082	4	1916	0
93099	24	320	0
931	53	394	0
9310	12	1042	0
93100	49	213	0
93107	16	1684	0
93109	14	1292	0
9311	7	2576	0
9312	54	414	0
9313	4	1852	0
93134	10	388	0
9314	153	112	0
93144	56	223	0
93145	87	343	0
9315	17	364	0
93166	88	275	0
9317	38	337	0
9318	227	68	0
93183	37	558	0
93185	231	88	0
9319	273	73	0
93190	12	2562	0
932	39	1181	0
9320	206	80	0
9321	155	79	0
93210	8	1051	0
9322	98	167	0
93233	56	608	0
9324	56	255	0
9325	200	95	0
9326	47	290	0
93273	14	1238	0
9328	157	92	0
9329	191	90	0
933	20	618	0
9330	203	82	0
9331	21	2725	0
9332	7	752	0
93323	123	135	0
9333	32	461	0
9334	57	281	0
93343	54	187	0
93349	8	1000	0
9337	70	250	0
93377	207	173	0
9338	73	216	0
93380	377	48	0
9340	1	8957	0
93408	27	793	0
9341	306	83	0
9342	239	70	0
93426	122	255	0
9343	1434	21	0
93432	3	1941	0
93436	142	104	0
9344	71	179	0
93474	23	707	0
9348	8	1375	0
93487	44	377	0
9349	516	35	0
93492	84	259	0
9350	16	859	0
9351	165	108	0
93517	3	948	0
9352	221	65	0
9353	58	187	0
9354	101	147	0
9355	178	238	0
93550	6	2315	0
9356	26	1034	0
9358	2	2021	0
93587	24	286	0
93594	48	370	0
9360	123	114	0
9361	454	50	0
93611	38	279	0
9362	17	583	0
93621	90	184	0
93622	3	1296	0
93624	88	169	0
93627	80	190	0
9363	36	453	0
9364	21	366	0
93643	52	185	0
93649	16	639	0
9365	5	1901	0
93650	1	4354	0
93655	1	1999	0
93659	3	2696	0
93661	1	6910	0
93663	107	136	0
93664	23	577	0
9367	590	52	0
9368	163	104	0
9369	26	488	0
9370	98	415	0
9371	49	143	0
9372	102	154	0
9373	92	124	0
9374	46	410	0
9375	61	152	0
9376	21	522	0
9377	211	64	0
9378	21	453	0
9379	8	667	0
9380	100	141	0
9381	10	513	0
9382	76	183	0
9388	63	515	0
9389	4	4717	0
939	71	351	0
9390	3	8096	0
9391	284	59	0
9392	50	240	0
9394	34	504	0
93953	4	1930	0
9397	72	140	0
93973	52	246	0
93974	163	105	0
93979	19	486	0
9398	5	1505	0
93986	71	177	0
9399	8	1008	0
94	32	497	0
940	17	892	0
9400	107	141	0
94005	134	100	0
94009	1	2214	0
9401	1413	23	0
94015	23	687	0
9402	96	189	0
94025	16	392	0
94027	1	4354	0
9403	57	229	0
94030	14	419	0
94031	16	1144	0
94032	3	3376	0
94033	1	3223	0
94039	32	701	0
9404	65	316	0
94056	143	119	0
94059	7	644	0
9406	195	82	0
9407	4	1904	0
94081	406	54	0
94086	11	2553	0
9409	60	393	0
94097	50	424	0
941	76	331	0
9410	630	40	0
94101	65	217	0
94103	56	195	0
94104	95	141	0
94107	43	701	0
9411	64	180	0
94115	2	3424	0
9412	149	132	0
94120	5	3614	0
94121	66	215	0
94122	17	856	0
9413	83	291	0
94134	66	176	0
94137	3	2003	0
9414	278	55	0
9415	66	116	0
9416	473	57	0
94160	11	929	0
94162	1	4786	0
9419	25	267	0
942	7	1345	0
9420	3	4231	0
9421	15	1139	0
9422	39	243	0
9423	17	647	0
94233	5	2787	0
94234	137	204	0
94235	123	364	0
94239	167	72	0
94240	25	450	0
94241	18	431	0
9425	90	138	0
9426	20	1158	0
9427	132	228	0
94274	21	351	0
9429	35	249	0
943	28	748	0
9435	4	1097	0
9436	2	4209	0
9437	21	723	0
9439	219	95	0
944	139	314	0
9440	189	99	0
9441	102	299	0
9442	100	204	0
9443	77	256	0
9444	188	85	0
9445	99	223	0
9446	102	112	0
9447	110	162	0
9448	233	77	0
945	27	965	0
9450	216	162	0
9451	153	112	0
9452	20	1223	0
9453	61	258	0
9454	124	93	0
9455	26	462	0
9456	89	166	0
9457	94	419	0
9459	86	157	0
946	7	2117	0
9462	156	96	0
9463	480	65	0
9464	30	404	0
9465	46	508	0
9466	64	486	0
9467	26	259	0
9468	11	356	0
9469	14	669	0
947	2	2375	0
9470	239	81	0
9472	16	474	0
9473	3	5972	0
9474	413	55	0
9475	144	75	0
9476	10	903	0
9477	182	106	0
9478	10	1505	0
9479	47	318	0
948	29	568	0
9480	11	561	0
9481	1	10870	0
9482	215	109	0
9486	51	766	0
9487	3	6757	0
9488	19	812	0
9489	9	457	0
949	110	118	0
9491	95	117	0
9493	1014	23	0
9495	70	199	0
9496	4	2514	0
9497	179	88	0
9498	35	347	0
9499	16	769	0
95	47	181	0
950	194	89	0
9500	282	73	0
9501	23	591	0
9502	14	1948	0
9506	252	92	0
9507	60	328	0
9508	7	582	0
9509	52	821	0
951	8	1298	0
9510	89	158	0
9512	364	91	0
9513	421	49	0
9514	10	1279	0
9515	9	749	0
9516	73	155	0
9517	75	124	0
9518	69	223	0
9519	39	177	0
952	8	1953	0
9520	166	85	0
9521	124	121	0
9522	178	81	0
9524	278	49	0
9525	85	106	0
9526	60	162	0
9527	109	106	0
9528	180	162	0
9529	336	55	0
953	14	882	0
9530	219	91	0
9531	623	37	0
9532	612	46	0
9533	299	73	0
9534	9	827	0
9535	15	569	0
9536	21	796	0
9537	31	240	0
9538	83	163	0
954	94	331	0
9540	16	412	0
9541	70	198	0
9542	5	1263	0
9543	2	4226	0
9545	31	409	0
9546	58	297	0
9547	40	589	0
955	46	318	0
9550	74	120	0
9551	110	90	0
9552	26	311	0
9553	47	372	0
9554	339	40	0
9555	449	52	0
9556	21	371	0
9557	105	129	0
9559	161	102	0
956	16	1417	0
9560	33	1809	0
9562	55	188	0
9563	27	241	0
9564	538	45	0
9567	119	91	0
9568	13	1397	0
95681	25	298	0
9569	89	191	0
957	13	679	0
9570	126	144	0
9572	21	588	0
9573	12	2131	0
9575	82	254	0
9576	22	522	0
9577	87	102	0
9578	102	116	0
958	141	176	0
9580	37	345	0
9581	99	189	0
9582	129	172	0
9583	18	823	0
9584	1031	19	0
9585	87	127	0
9586	164	185	0
9587	58	333	0
9588	250	63	0
9589	191	66	0
959	11	864	0
9590	150	88	0
9592	36	357	0
9595	16	1373	0
960	219	66	0
9600	13	478	0
9601	469	37	0
9603	18	919	0
9604	39	290	0
9605	35	641	0
9607	44	562	0
9609	2	6731	0
961	63	130	0
9610	106	131	0
9611	293	68	0
9612	241	79	0
9615	60	253	0
9616	140	140	0
9617	239	181	0
9618	191	93	0
9619	10	625	0
962	32	492	0
9620	72	198	0
9622	8	1380	0
9623	46	478	0
9625	192	120	0
9626	3	4522	0
9627	28	313	0
9628	17	368	0
963	95	803	0
9630	11	457	0
9631	472	42	0
9632	155	76	0
9633	24	841	0
9635	5	1774	0
9636	487	48	0
9637	34	350	0
9638	81	312	0
9639	85	141	0
9640	76	169	0
9641	99	160	0
9643	164	87	0
9644	121	130	0
9645	26	278	0
96459	33	212	0
9646	215	74	0
9647	66	123	0
9648	122	93	0
9649	9	563	0
965	26	263	0
9650	68	198	0
9651	10	678	0
9652	106	120	0
9653	117	103	0
9654	23	300	0
9655	22	352	0
9656	412	52	0
9657	279	59	0
9658	57	199	0
9659	187	83	0
96597	1	8721	0
966	88	110	0
9662	263	134	0
96626	13	630	0
9663	21	407	0
9665	127	128	0
9666	175	126	0
9667	199	77	0
9668	7	770	0
9669	192	75	0
967	101	179	0
9670	92	145	0
9672	36	439	0
9673	8	1035	0
9674	5	2784	0
9675	100	131	0
96764	68	186	0
9677	51	308	0
9678	88	164	0
9679	17	434	0
968	29	497	0
9681	38	322	0
9682	58	167	0
9683	35	212	0
9684	15	342	0
9685	205	73	0
9686	28	288	0
9687	28	253	0
9688	257	54	0
9689	173	96	0
969	22	1269	0
9690	204	60	0
9692	131	149	0
9693	82	148	0
9694	390	58	0
9695	202	64	0
9696	50	201	0
9697	6	571	0
9698	288	71	0
9699	12	465	0
97	7	369	0
970	166	164	0
9700	73	170	0
9701	115	107	0
9702	158	96	0
9703	36	211	0
9704	29	316	0
9705	5	774	0
9706	24	353	0
9708	4	5861	0
9709	164	97	0
971	26	928	0
9710	166	119	0
9711	52	264	0
9712	104	107	0
9715	40	528	0
9716	188	117	0
9717	4	1137	0
9718	28	598	0
9719	2	5850	0
972	144	145	0
9720	4	1937	0
9721	27	726	0
9722	110	125	0
9723	2	2781	0
9724	50	213	0
9725	101	269	0
9726	40	245	0
9727	19	345	0
9728	32	436	0
9729	58	366	0
973	244	279	0
9730	215	83	0
9731	84	254	0
9732	67	135	0
9733	528	47	0
9734	70	240	0
9735	93	149	0
9736	158	107	0
9737	38	341	0
9738	165	109	0
9739	162	121	0
974	112	216	0
9741	29	371	0
9742	52	435	0
9743	139	92	0
9744	17	491	0
9745	63	228	0
9746	65	641	0
9747	117	94	0
9748	179	102	0
9749	28	281	0
975	295	62	0
9750	13	869	0
9751	13	448	0
9752	30	1979	0
9753	61	441	0
9754	19	491	0
9755	76	184	0
9757	121	150	0
9758	7	994	0
9759	394	39	0
976	150	138	0
9760	12	1320	0
9761	98	103	0
9762	27	278	0
9764	8	421	0
9765	103	120	0
9766	15	533	0
9767	52	300	0
9768	50	241	0
977	57	230	0
9770	42	239	0
9771	36	494	0
9772	32	650	0
9774	315	66	0
9775	486	47	0
9776	204	113	0
9777	99	126	0
9778	74	227	0
9779	89	102	0
978	50	283	0
9780	48	268	0
9781	91	158	0
9782	640	31	0
9783	11	1315	0
9784	76	139	0
9785	167	76	0
9786	25	434	0
9787	62	145	0
9788	28	330	0
9789	143	80	0
9790	220	90	0
9791	209	80	0
9792	34	340	0
9793	279	55	0
9794	70	190	0
9796	36	481	0
9797	17	386	0
9798	88	113	0
98	11	562	0
9801	159	100	0
9802	181	122	0
9804	233	75	0
9805	54	160	0
9806	19	812	0
9807	43	246	0
9808	4	1400	0
9810	256	63	0
9811	72	163	0
9812	7	1130	0
9813	9	741	0
9814	28	429	0
9815	134	120	0
9816	99	123	0
9817	282	48	0
9818	89	164	0
9819	63	314	0
9820	840	25	0
9821	343	65	0
9823	27	317	0
9824	65	198	0
9825	85	142	0
9826	68	169	0
9827	17	1221	0
9828	47	200	0
9829	59	230	0
983	519	36	0
9830	380	58	0
9831	10	554	0
9832	20	1081	0
9833	104	147	0
9836	28	336	0
9837	31	400	0
9839	92	144	0
984	173	91	0
9840	15	687	0
9841	156	181	0
9842	53	302	0
9843	5	2136	0
9844	36	253	0
9846	120	146	0
9847	90	138	0
9848	2	2273	0
9849	51	281	0
9851	157	193	0
9852	68	165	0
9853	36	233	0
9854	106	164	0
9855	85	116	0
9856	3	2188	0
9857	148	101	0
9858	12	582	0
9859	309	52	0
9860	61	396	0
9861	293	48	0
9862	112	130	0
9863	30	460	0
9865	1	14030	0
9866	201	170	0
9867	146	112	0
9868	135	97	0
9869	205	86	0
987	172	69	0
9870	26	501	0
9871	55	163	0
9873	61	215	0
9874	59	202	0
9875	132	141	0
9877	210	85	0
9878	141	101	0
9879	220	63	0
988	829	37	0
9880	32	312	0
9881	6	642	0
9882	124	95	0
9883	147	105	0
9884	1	1962	0
9885	30	227	0
9886	150	167	0
9887	319	91	0
9889	32	228	0
989	210	58	0
9890	12	644	0
9891	92	123	0
9892	50	259	0
9894	130	121	0
9895	16	320	0
9896	24	298	0
9897	89	114	0
9898	295	66	0
9899	8	576	0
990	111	151	0
9900	72	127	0
9901	44	175	0
9902	64	143	0
9903	45	299	0
9904	215	118	0
9905	27	461	0
9906	7	1334	0
9907	33	323	0
9908	503	49	0
9909	12	417	0
991	225	70	0
9910	120	127	0
9911	44	317	0
9912	36	380	0
9913	68	237	0
9914	1	2450	0
9915	83	261	0
9917	59	226	0
9918	208	78	0
9919	424	35	0
9920	6	780	0
9921	427	62	0
9922	91	145	0
9923	23	638	0
9924	392	59	0
9925	52	293	0
9926	69	142	0
9927	138	98	0
9928	1809	16	0
9929	56	255	0
993	119	115	0
9931	255	93	0
9933	248	88	0
9934	4	1033	0
9935	243	187	0
9936	11	1394	0
9937	20	381	0
9938	49	405	0
9939	448	52	0
994	114	239	0
9940	6	1632	0
9941	49	462	0
9942	12	534	0
9943	147	93	0
9945	63	160	0
9946	24	284	0
9947	17	486	0
9948	202	58	0
9949	32	337	0
995	149	124	0
9950	214	89	0
9951	12	2508	0
9953	7	1969	0
9955	3	2793	0
9956	16	1055	0
9957	37	838	0
9958	484	38	0
9959	1	9182	0
996	231	79	0
9960	63	162	0
9961	165	78	0
9962	20	624	0
9963	24	1883	0
9965	3	4829	0
9966	2	13459	0
9967	431	51	0
9968	169	102	0
9969	82	225	0
997	320	66	0
9970	40	309	0
9971	29	442	0
9972	212	73	0
9973	41	287	0
9975	60	254	0
9976	146	256	0
9978	551	32	0
998	1280	22	0
9980	43	240	0
9982	253	207	0
9984	183	104	0
9985	38	369	0
9986	9	659	0
9987	366	54	0
9988	6	849	0
9989	74	154	0
999	718	32	0
9990	119	185	0
9991	185	109	0
9992	5	8073	0
9993	178	178	0
9994	47	212	0
9997	131	92	0
