protein	degree	n_eligible	excluded
1433B_HUMAN	1080	21	0
1433E_HUMAN	1282	16	0
1433F_HUMAN	1110	22	0
1433G_HUMAN	1286	23	0
1433S_HUMAN	810	35	0
1433T_HUMAN	1169	20	0
1433Z_HUMAN	1500	18	0
1A01_HUMAN	298	50	0
1A02_HUMAN	19	351	0
1A03_HUMAN	184	95	0
1A11_HUMAN	5	2466	0
1A1L1_HUMAN	9	590	0
1A23_HUMAN	7	5254	0
1A24_HUMAN	3	7270	0
1A26_HUMAN	5	2986	0
1A29_HUMAN	1	5342	0
1A30_HUMAN	3	3045	0
1A31_HUMAN	1	5342	0
1A36_HUMAN	1	17017	0
1A66_HUMAN	16	1211	0
1A68_HUMAN	4	2583	0
1A69_HUMAN	2	4338	0
1A74_HUMAN	3	7426	0
1B07_HUMAN	526	31	0
1B08_HUMAN	5	5951	0
1B13_HUMAN	1	7342	0
1B15_HUMAN	2	11727	0
1B27_HUMAN	6	2994	0
1B35_HUMAN	5	6748	0
1B42_HUMAN	269	89	0
1B44_HUMAN	2	5281	0
1B45_HUMAN	3	4237	0
1B46_HUMAN	4	12556	0
1B51_HUMAN	1	7812	0
1B53_HUMAN	1	7812	0
1B55_HUMAN	1	16159	0
1B57_HUMAN	6	4435	0
1B73_HUMAN	5	6306	0
1C01_HUMAN	366	42	0
1C02_HUMAN	7	6003	0
1C03_HUMAN	7	2370	0
1C04_HUMAN	44	306	0
1C05_HUMAN	6	11213	0
1C06_HUMAN	6	6006	0
1C07_HUMAN	261	73	0
1C08_HUMAN	5	6306	0
1C12_HUMAN	5	3631	0
1C14_HUMAN	3	13442	0
1C15_HUMAN	7	6235	0
1C16_HUMAN	4	12556	0
1C17_HUMAN	6	11213	0
1C18_HUMAN	6	11213	0
2A5A_HUMAN	92	135	0
2A5B_HUMAN	33	561	0
2A5D_HUMAN	165	96	0
2A5E_HUMAN	121	105	0
2A5G_HUMAN	81	141	0
2AAA_HUMAN	637	31	0
2AAB_HUMAN	174	100	0
2ABA_HUMAN	310	50	0
2ABB_HUMAN	337	66	0
2ABD_HUMAN	179	124	0
2ABG_HUMAN	77	175	0
2B11_HUMAN	129	138	0
2B13_HUMAN	1	9532	0
2B14_HUMAN	5	2854	0
2B1F_HUMAN	107	205	0
2B32_HUMAN	65	197	0
3BHS1_HUMAN	10	422	0
3BHS2_HUMAN	18	914	0
3BHS7_HUMAN	382	78	0
3BP1_HUMAN	47	314	0
3BP2_HUMAN	46	226	0
3BP5L_HUMAN	35	239	0
3BP5_HUMAN	31	255	0
3HAO_HUMAN	6	1482	0
3HIDH_HUMAN	102	121	0
3MG_HUMAN	121	101	0
41_HUMAN	233	63	0
4EBP1_HUMAN	80	149	0
4EBP2_HUMAN	34	293	0
4EBP3_HUMAN	10	541	0
4ET_HUMAN	295	97	0
4F2_HUMAN	433	37	0
5HT1A_HUMAN	31	358	0
5HT1B_HUMAN	67	296	0
5HT1D_HUMAN	3	7392	0
5HT1E_HUMAN	144	152	0
5HT2A_HUMAN	27	549	0
5HT2B_HUMAN	30	575	0
5HT2C_HUMAN	160	154	0
5HT3A_HUMAN	122	222	0
5HT3B_HUMAN	21	1574	0
5HT3C_HUMAN	89	536	0
5HT3D_HUMAN	4	3721	0
5HT3E_HUMAN	9	2072	0
5HT4R_HUMAN	18	1187	0
5HT5A_HUMAN	2	1394	0
5HT6R_HUMAN	55	250	0
5HT7R_HUMAN	78	165	0
5NT1A_HUMAN	26	580	0
5NT1B_HUMAN	3	1207	0
5NT3L_HUMAN,5NT3B_HUMAN	12	397	0
5NT3_HUMAN,5NT3A_HUMAN	97	128	0
5NTC_HUMAN	111	92	0
5NTD_HUMAN	97	112	0
68MP_HUMAN	28	293	0
6PGD_HUMAN	184	72	0
6PGL_HUMAN	78	129	0
7B2_HUMAN	28	408	0
8ODP_HUMAN	85	150	0
A16A1_HUMAN	74	141	0
A16L1_HUMAN	2049	14	0
A16L2_HUMAN	12	518	0
A1AG1_HUMAN	64	394	0
A1AG2_HUMAN	17	722	0
A1ATR_HUMAN	2	1890	0
A1AT_HUMAN	155	69	0
A1BG_HUMAN	33	350	0
A1CF_HUMAN	32	317	0
A20A1_HUMAN	11	1208	0
A20A2_HUMAN	7	2814	0
A20A3_HUMAN	1	3442	0
A20A4_HUMAN	7	643	0
A20A5_HUMAN	2	1342	0
A26L1_HUMAN	18	464	0
A2AP_HUMAN	24	355	0
A2GL_HUMAN	12	911	0
A2LD1_HUMAN,GGACT_HUMAN	10	1530	0
A2MG_HUMAN	204	73	0
A2ML1_HUMAN	148	114	0
A3LT2_HUMAN	1	2504	0
A4GAT_HUMAN	15	254	0
A4GCT_HUMAN	51	421	0
A4_HUMAN	984	27	0
A7L3B_HUMAN	15	396	0
AA1R_HUMAN	22	486	0
AA2AR_HUMAN	33	443	0
AA2BR_HUMAN	42	563	0
AA3R_HUMAN	13	759	0
AAA1_HUMAN	7	825	0
AAAD_HUMAN	2	4888	0
AAAS_HUMAN	178	74	0
AAAT_HUMAN	294	58	0
AACS_HUMAN	42	214	0
AACT_HUMAN	128	131	0
AADAT_HUMAN	22	368	0
AAGAB_HUMAN	35	241	0
AAK1_HUMAN	113	86	0
AAKB1_HUMAN	231	73	0
AAKB2_HUMAN	245	92	0
AAKG1_HUMAN	176	71	0
AAKG2_HUMAN	72	221	0
AAKG3_HUMAN	78	199	0
AAMP_HUMAN	77	136	0
AAPK1_HUMAN	406	41	0
AAPK2_HUMAN	245	71	0
AARD_HUMAN	15	1255	0
AASD1_HUMAN	126	94	0
AASS_HUMAN	91	109	0
AAT1_HUMAN,MAAT1_HUMAN	11	572	0
AATC2_HUMAN	4	2923	0
AATC_HUMAN	282	64	0
AATF_HUMAN	339	75	0
AATM_HUMAN	144	99	0
AB12B_HUMAN	4	1159	0
AB1IP_HUMAN	20	446	0
ABC3A_HUMAN	11	802	0
ABC3B_HUMAN	76	160	0
ABC3C_HUMAN	189	125	0
ABC3D_HUMAN	147	191	0
ABC3F_HUMAN	66	259	0
ABC3G_HUMAN	15	293	0
ABC3H_HUMAN	2	2037	0
ABCA1_HUMAN	51	150	0
ABCA2_HUMAN	117	109	0
ABCA3_HUMAN	72	245	0
ABCA4_HUMAN	5	1084	0
ABCA5_HUMAN	12	426	0
ABCA6_HUMAN	9	1949	0
ABCA7_HUMAN	20	532	0
ABCA8_HUMAN	11	600	0
ABCA9_HUMAN	10	526	0
ABCAA_HUMAN	8	502	0
ABCAB_HUMAN	1	4386	0
ABCAC_HUMAN	14	457	0
ABCAD_HUMAN	15	313	0
ABCB5_HUMAN	20	429	0
ABCB6_HUMAN	94	98	0
ABCB7_HUMAN	147	79	0
ABCB8_HUMAN	64	375	0
ABCB9_HUMAN	34	814	0
ABCBA_HUMAN	95	142	0
ABCBB_HUMAN	8	537	0
ABCC8_HUMAN	11	599	0
ABCC9_HUMAN	5	1578	0
ABCCB_HUMAN	5	969	0
ABCCD_HUMAN	1	5395	0
ABCD1_HUMAN	86	99	0
ABCD2_HUMAN	5	853	0
ABCD3_HUMAN	279	47	0
ABCD4_HUMAN	59	226	0
ABCE1_HUMAN	411	43	0
ABCF1_HUMAN	222	69	0
ABCF2_HUMAN	211	63	0
ABCF3_HUMAN	149	90	0
ABCG1_HUMAN	13	574	0
ABCG2_HUMAN	50	185	0
ABCG4_HUMAN	9	1204	0
ABCG5_HUMAN	5	1527	0
ABCG8_HUMAN	15	875	0
ABD12_HUMAN	117	92	0
ABEC1_HUMAN	15	757	0
ABEC2_HUMAN	2	5906	0
ABEC4_HUMAN	2	5063	0
ABH15_HUMAN	33	265	0
ABHD1_HUMAN	1	10055	0
ABHD2_HUMAN	5	676	0
ABHD3_HUMAN	23	900	0
ABHD4_HUMAN	15	883	0
ABHD5_HUMAN	36	281	0
ABHD6_HUMAN	24	297	0
ABHD8_HUMAN	10	1257	0
ABHDA_HUMAN	108	145	0
ABHDB_HUMAN	90	164	0
ABHDD_HUMAN	4	4960	0
ABHEA_HUMAN	65	360	0
ABHEB_HUMAN	32	200	0
ABHGA_HUMAN	104	150	0
ABHGB_HUMAN	2	1741	0
ABI1_HUMAN	219	80	0
ABI2_HUMAN	293	63	0
ABI3_HUMAN	100	261	0
ABL1_HUMAN	366	42	0
ABL2_HUMAN	112	96	0
ABLM1_HUMAN	183	63	0
ABLM2_HUMAN	25	358	0
ABLM3_HUMAN	41	258	0
ABP1_HUMAN,AOC1_HUMAN	15	669	0
ABRAL_HUMAN	7	752	0
ABRA_HUMAN	37	408	0
ABR_HUMAN	40	144	0
ABT1_HUMAN	427	77	0
ABTB1_HUMAN	16	413	0
ABTB2_HUMAN	100	144	0
ACACA_HUMAN	330	47	0
ACACB_HUMAN	140	108	0
ACAD8_HUMAN	37	233	0
ACAD9_HUMAN	442	58	0
ACADL_HUMAN	18	545	0
ACADM_HUMAN	157	81	0
ACADS_HUMAN	29	253	0
ACADV_HUMAN	149	73	0
ACAP1_HUMAN	22	311	0
ACAP2_HUMAN	51	148	0
ACAP3_HUMAN	21	528	0
ACATN_HUMAN	219	85	0
ACBD4_HUMAN	13	938	0
ACBD5_HUMAN	213	79	0
ACBD6_HUMAN	22	557	0
ACBD7_HUMAN	14	1112	0
ACBG1_HUMAN	6	872	0
ACBG2_HUMAN	8	836	0
ACBP_HUMAN	43	191	0
ACCN4_HUMAN	131	186	0
ACCN5_HUMAN	7	2044	0
ACD10_HUMAN	104	137	0
ACD11_HUMAN	177	105	0
ACDSB_HUMAN	86	117	0
ACD_HUMAN	90	165	0
ACE2_HUMAN	1087	18	0
ACER1_HUMAN	3	1525	0
ACER2_HUMAN	2	4400	0
ACER3_HUMAN	8	938	0
ACES_HUMAN	8	702	0
ACE_HUMAN	24	337	0
ACH10_HUMAN	8	2280	0
ACHA3_HUMAN	53	534	0
ACHA4_HUMAN	178	149	0
ACHA5_HUMAN	56	471	0
ACHA6_HUMAN	1	9959	0
ACHA7_HUMAN	30	265	0
ACHA9_HUMAN	73	320	0
ACHA_HUMAN	43	512	0
ACHB2_HUMAN	142	170	0
ACHB3_HUMAN	6	1952	0
ACHB4_HUMAN	71	261	0
ACHB_HUMAN	78	369	0
ACHD_HUMAN	75	459	0
ACHE_HUMAN	35	972	0
ACHG_HUMAN	21	1150	0
ACINU_HUMAN	323	62	0
ACK1_HUMAN	122	91	0
ACL6A_HUMAN	275	70	0
ACL6B_HUMAN	88	163	0
ACL7A_HUMAN	6	583	0
ACL7B_HUMAN	1	3235	0
ACLY_HUMAN	357	48	0
ACM1_HUMAN	3	2570	0
ACM2_HUMAN	12	953	0
ACM3_HUMAN	79	209	0
ACM4_HUMAN	162	116	0
ACM5_HUMAN	37	511	0
ACMSD_HUMAN	6	2543	0
ACN9_HUMAN,SDHF3_HUMAN	49	290	0
ACO11_HUMAN	19	481	0
ACO12_HUMAN	14	1129	0
ACO13_HUMAN	53	176	0
ACOC_HUMAN	48	152	0
ACOD_HUMAN	147	67	0
ACON_HUMAN	256	57	0
ACOT1_HUMAN	126	126	0
ACOT2_HUMAN	129	173	0
ACOT4_HUMAN	2	5009	0
ACOT6_HUMAN	6	2717	0
ACOT8_HUMAN	67	127	0
ACOT9_HUMAN	185	74	0
ACOX1_HUMAN	117	134	0
ACOX2_HUMAN	4	3558	0
ACOX3_HUMAN	41	201	0
ACOXL_HUMAN	2	1949	0
ACPH_HUMAN	91	104	0
ACPL2_HUMAN,PXYP1_HUMAN	31	430	0
ACPM_HUMAN	180	125	0
ACRBP_HUMAN	21	637	0
ACRC_HUMAN	6	938	0
ACRO_HUMAN	8	1376	0
ACS2A_HUMAN	2	2418	0
ACS2B_HUMAN	3	1036	0
ACS2L_HUMAN	26	279	0
ACSA_HUMAN	14	270	0
ACSF2_HUMAN	100	140	0
ACSF3_HUMAN	66	189	0
ACSF4_HUMAN	12	461	0
ACSL1_HUMAN	104	116	0
ACSL3_HUMAN	272	47	0
ACSL4_HUMAN	177	70	0
ACSL5_HUMAN	36	224	0
ACSL6_HUMAN	11	565	0
ACSM1_HUMAN	8	1522	0
ACSM3_HUMAN	15	522	0
ACSM4_HUMAN	1	2427	0
ACSM5_HUMAN	54	459	0
ACSS3_HUMAN	10	398	0
ACTA_HUMAN	357	79	0
ACTBL_HUMAN	334	57	0
ACTBM_HUMAN	66	156	0
ACTB_HUMAN	1021	20	0
ACTC_HUMAN	689	41	0
ACTG_HUMAN	511	34	0
ACTHR_HUMAN	4	2629	0
ACTH_HUMAN	60	157	0
ACTL8_HUMAN	18	421	0
ACTL9_HUMAN	3	856	0
ACTN1_HUMAN	342	47	0
ACTN2_HUMAN	164	99	0
ACTN3_HUMAN	106	159	0
ACTN4_HUMAN	414	40	0
ACTS_HUMAN	290	48	0
ACTT1_HUMAN	19	374	0
ACTT2_HUMAN	10	1276	0
ACTT3_HUMAN	1	8209	0
ACTY_HUMAN	114	111	0
ACTZ_HUMAN	284	57	0
ACV1B_HUMAN	107	123	0
ACV1C_HUMAN	12	1025	0
ACVL1_HUMAN	37	264	0
ACVR1_HUMAN	96	156	0
ACY1_HUMAN	59	176	0
ACY2_HUMAN	7	1043	0
ACY3_HUMAN	26	793	0
ACYP1_HUMAN	6	345	0
ACYP2_HUMAN	12	442	0
ADA10_HUMAN	172	79	0
ADA11_HUMAN	29	545	0
ADA12_HUMAN	58	292	0
ADA15_HUMAN	87	112	0
ADA17_HUMAN	72	146	0
ADA18_HUMAN	15	1773	0
ADA19_HUMAN	48	364	0
ADA1A_HUMAN	36	413	0
ADA1B_HUMAN	14	436	0
ADA1D_HUMAN	32	300	0
ADA20_HUMAN	1	1289	0
ADA21_HUMAN	64	329	0
ADA22_HUMAN	33	197	0
ADA23_HUMAN	13	265	0
ADA28_HUMAN	5	760	0
ADA29_HUMAN	2	3952	0
ADA2A_HUMAN	8	1423	0
ADA2B_HUMAN	6	2695	0
ADA2C_HUMAN	18	527	0
ADA30_HUMAN	60	339	0
ADA32_HUMAN	29	828	0
ADA33_HUMAN	79	323	0
ADAD2_HUMAN	7	757	0
ADAL_HUMAN	6	967	0
ADAM2_HUMAN	11	1092	0
ADAM5_HUMAN	3	972	0
ADAM7_HUMAN	35	441	0
ADAM8_HUMAN	16	918	0
ADAM9_HUMAN	128	107	0
ADAP1_HUMAN	26	409	0
ADAP2_HUMAN	9	349	0
ADAS_HUMAN	204	72	0
ADAT1_HUMAN	10	303	0
ADAT2_HUMAN	9	598	0
ADAT3_HUMAN	24	667	0
ADA_HUMAN	36	213	0
ADCK1_HUMAN	90	163	0
ADCK2_HUMAN	98	129	0
ADCK3_HUMAN	256	74	0
ADCK4_HUMAN	141	111	0
ADCK5_HUMAN	54	237	0
ADCY1_HUMAN	5	925	0
ADCY2_HUMAN	12	786	0
ADCY3_HUMAN	82	191	0
ADCY4_HUMAN	7	1237	0
ADCY5_HUMAN	9	1280	0
ADCY6_HUMAN	61	213	0
ADCY7_HUMAN	27	470	0
ADCY8_HUMAN	17	511	0
ADCY9_HUMAN	169	104	0
ADCYA_HUMAN	5	926	0
ADC_HUMAN,AZIN2_HUMAN	14	986	0
ADDA_HUMAN	174	83	0
ADDB_HUMAN	83	115	0
ADDG_HUMAN	152	90	0
ADEC1_HUMAN	1	1745	0
ADGB_HUMAN	13	510	0
ADH1A_HUMAN	5	1551	0
ADH1B_HUMAN	13	405	0
ADH1G_HUMAN	18	1354	0
ADH4_HUMAN	5	515	0
ADH6_HUMAN	11	422	0
ADH7_HUMAN	11	758	0
ADHX_HUMAN	56	135	0
ADIPO_HUMAN	133	220	0
ADIP_HUMAN	296	84	0
ADK_HUMAN	50	196	0
ADM2_HUMAN	1	5536	0
ADM5_HUMAN	1	3050	0
ADML_HUMAN	5	1542	0
ADNP2_HUMAN	59	217	0
ADNP_HUMAN	217	78	0
ADO_HUMAN,AOXA_HUMAN	15	425	0
ADPGK_HUMAN	110	84	0
ADPPT_HUMAN	97	114	0
ADPRH_HUMAN	10	1091	0
ADR1_HUMAN	53	211	0
ADR2_HUMAN	120	114	0
ADRB1_HUMAN	15	1092	0
ADRB2_HUMAN	325	46	0
ADRB3_HUMAN	3	1081	0
ADRM1_HUMAN	268	47	0
ADRO_HUMAN	78	150	0
ADSV_HUMAN	59	191	0
ADT1_HUMAN	245	60	0
ADT2_HUMAN	542	33	0
ADT3_HUMAN	534	30	0
ADT4_HUMAN	59	238	0
ADTRP_HUMAN	5	3326	0
ADXL_HUMAN	35	554	0
ADX_HUMAN	43	301	0
AEBP1_HUMAN	6	1009	0
AEBP2_HUMAN	44	277	0
AEDO_HUMAN	20	416	0
AEGP_HUMAN	17	756	0
AEN_HUMAN	47	312	0
AER61_HUMAN	60	256	0
AES_HUMAN	441	81	0
AF10_HUMAN	56	216	0
AF17_HUMAN	98	116	0
AF1L1_HUMAN	21	254	0
AF1L2_HUMAN	19	394	0
AF1Q_HUMAN	54	196	0
AF9_HUMAN	90	188	0
AFAD_HUMAN	331	53	0
AFAM_HUMAN	25	770	0
AFAP1_HUMAN	67	130	0
AFF1_HUMAN	62	193	0
AFF2_HUMAN	12	468	0
AFF3_HUMAN	14	416	0
AFF4_HUMAN	130	119	0
AFG32_HUMAN	368	46	0
AFMID_HUMAN,KFA_HUMAN	13	409	0
AFTIN_HUMAN	56	170	0
AG10A_HUMAN	54	460	0
AG10B_HUMAN	15	721	0
AG2_HUMAN	1	3050	0
AGA10_HUMAN	1	2473	0
AGA11_HUMAN	4	1667	0
AGAL_HUMAN	92	133	0
AGAP1_HUMAN	119	112	0
AGAP2_HUMAN	24	350	0
AGAP3_HUMAN	85	118	0
AGAP4_HUMAN	5	1224	0
AGAP5_HUMAN	3	1585	0
AGAP6_HUMAN	1	5201	0
AGAP7_HUMAN	3	1505	0
AGAP9_HUMAN	1	5201	0
AGFG1_HUMAN	116	100	0
AGFG2_HUMAN	18	257	0
AGGF1_HUMAN	61	251	0
AGK_HUMAN	156	77	0
AGM1_HUMAN	85	130	0
AGO1_HUMAN	302	71	0
AGO2_HUMAN	519	41	0
AGO3_HUMAN	155	115	0
AGO4_HUMAN	130	127	0
AGO61_HUMAN	86	183	0
AGPD1_HUMAN,HYKK_HUMAN	8	783	0
AGR2_HUMAN	955	14	0
AGR3_HUMAN	39	252	0
AGRIN_HUMAN	279	43	0
AGRP_HUMAN	12	1294	0
AGT2_HUMAN	4	3765	0
AGTR1_HUMAN	99	169	0
AGTR2_HUMAN	9	909	0
AHDC1_HUMAN	78	146	0
AHI1_HUMAN	60	201	0
AHNK2_HUMAN	152	77	0
AHNK_HUMAN	345	40	0
AHRR_HUMAN	6	645	0
AHR_HUMAN	126	114	0
AHSA1_HUMAN	301	41	0
AHSA2_HUMAN	5	637	0
AHSP_HUMAN	23	843	0
AICDA_HUMAN	70	181	0
AIDA_HUMAN	30	231	0
AIF1L_HUMAN	53	148	0
AIF1_HUMAN	12	545	0
AIFM1_HUMAN	676	29	0
AIFM2_HUMAN	36	176	0
AIFM3_HUMAN	10	776	0
AIG1_HUMAN	67	338	0
AIM1L_HUMAN	29	391	0
AIM1_HUMAN	82	180	0
AIM2_HUMAN	114	149	0
AIMP1_HUMAN	228	62	0
AIMP2_HUMAN	418	33	0
AINX_HUMAN	154	87	0
AIPL1_HUMAN	33	336	0
AIP_HUMAN	180	88	0
AIRE_HUMAN	105	115	0
AJAP1_HUMAN	4	684	0
AJUBA_HUMAN	96	126	0
AK17A_HUMAN	129	121	0
AK1A1_HUMAN	69	143	0
AK1BA_HUMAN	47	194	0
AK1BF_HUMAN	15	488	0
AK1C1_HUMAN	29	251	0
AK1C2_HUMAN	64	201	0
AK1C3_HUMAN	41	205	0
AK1C4_HUMAN	11	866	0
AK1D1_HUMAN	9	2040	0
AKA10_HUMAN	121	118	0
AKA11_HUMAN	110	88	0
AKA12_HUMAN	172	76	0
AKA28_HUMAN	18	492	0
AKA7A_HUMAN	47	382	0
AKA7G_HUMAN	21	803	0
AKAP1_HUMAN	505	45	0
AKAP2_HUMAN	111	99	0
AKAP3_HUMAN	11	946	0
AKAP4_HUMAN	14	563	0
AKAP5_HUMAN	73	185	0
AKAP6_HUMAN	23	251	0
AKAP8_HUMAN	206	74	0
AKAP9_HUMAN	229	60	0
AKCL1_HUMAN	1	5250	0
AKCL2_HUMAN	1	875	0
AKD1A_HUMAN	6	932	0
AKD1_HUMAN	23	379	0
AKIB1_HUMAN	11	366	0
AKIP1_HUMAN	24	362	0
AKIP_HUMAN	288	140	0
AKIR1_HUMAN	21	321	0
AKIR2_HUMAN	75	201	0
AKNA_HUMAN	10	504	0
AKND1_HUMAN	8	2772	0
AKP13_HUMAN	95	93	0
AKP8L_HUMAN	306	62	0
AKT1_HUMAN	829	24	0
AKT2_HUMAN	173	64	0
AKT3_HUMAN	88	199	0
AKTIP_HUMAN	107	137	0
AKTS1_HUMAN	37	192	0
AL1A1_HUMAN	58	165	0
AL1A2_HUMAN	39	245	0
AL1A3_HUMAN	61	192	0
AL1B1_HUMAN	204	70	0
AL1L1_HUMAN	88	266	0
AL1L2_HUMAN	57	180	0
AL2CL_HUMAN	10	1299	0
AL2S8_HUMAN,CARTF_HUMAN	5	851	0
AL2SA_HUMAN	78	212	0
AL2SB_HUMAN	35	392	0
AL3A1_HUMAN	80	162	0
AL3A2_HUMAN	348	41	0
AL3B1_HUMAN	132	126	0
AL3B2_HUMAN	26	284	0
AL4A1_HUMAN	119	142	0
AL5AP_HUMAN	10	2283	0
AL7A1_HUMAN	129	103	0
AL8A1_HUMAN	13	519	0
AL9A1_HUMAN	87	110	0
ALAT1_HUMAN	17	653	0
ALAT2_HUMAN	38	178	0
ALBU_HUMAN	404	47	0
ALDH2_HUMAN	152	72	0
ALDOA_HUMAN	341	53	0
ALDOB_HUMAN	37	416	0
ALDOC_HUMAN	133	90	0
ALDR_HUMAN	92	149	0
ALEX_HUMAN	239	53	0
ALG11_HUMAN	69	187	0
ALG12_HUMAN	27	278	0
ALG13_HUMAN	178	122	0
ALG14_HUMAN	11	2924	0
ALG1L_HUMAN	5	3605	0
ALG1_HUMAN	61	133	0
ALG2_HUMAN	56	141	0
ALG3_HUMAN	73	209	0
ALG5_HUMAN	73	148	0
ALG6_HUMAN	34	230	0
ALG8_HUMAN	57	309	0
ALG9_HUMAN	77	176	0
ALKB1_HUMAN	4	793	0
ALKB2_HUMAN	18	383	0
ALKB3_HUMAN	53	211	0
ALKB4_HUMAN	33	204	0
ALKB5_HUMAN	52	153	0
ALKB6_HUMAN	2	1987	0
ALKB7_HUMAN	11	597	0
ALKB8_HUMAN	15	516	0
ALKMO_HUMAN	2	6535	0
ALK_HUMAN	611	31	0
ALLC_HUMAN	2	3470	0
ALMS1_HUMAN	168	106	0
ALPK1_HUMAN	8	733	0
ALPK2_HUMAN	27	339	0
ALPK3_HUMAN	10	397	0
ALR_HUMAN	75	211	0
ALS2_HUMAN	27	270	0
ALS_HUMAN	11	452	0
ALX1_HUMAN	29	286	0
ALX3_HUMAN	19	791	0
ALX4_HUMAN	19	679	0
AMAC1_HUMAN	100	218	0
AMACR_HUMAN	67	324	0
AMBN_HUMAN	6	928	0
AMBP_HUMAN	23	284	0
AMCL2_HUMAN	4	5153	0
AMCL3_HUMAN	1	18395	0
AMD_HUMAN	50	231	0
AMELX_HUMAN	1	5939	0
AMELY_HUMAN	1	8168	0
AMER1_HUMAN	69	200	0
AMER2_HUMAN	8	504	0
AMER3_HUMAN	4	1841	0
AMERL_HUMAN	18	413	0
AMFR1_HUMAN,AMFR_HUMAN	264	66	0
AMFR2_HUMAN	104	309	0
AMGO1_HUMAN	98	210	0
AMGO2_HUMAN	38	300	0
AMGO3_HUMAN	20	940	0
AMHR2_HUMAN	43	285	0
AMMR1_HUMAN	26	738	0
AMN1_HUMAN	4	2810	0
AMNLS_HUMAN	2	8009	0
AMOL1_HUMAN	96	133	0
AMOL2_HUMAN	151	98	0
AMOT_HUMAN	321	73	0
AMP1D_HUMAN,MAP12_HUMAN	15	621	0
AMPB_HUMAN	76	143	0
AMPD1_HUMAN	17	328	0
AMPD2_HUMAN	114	106	0
AMPD3_HUMAN	16	386	0
AMPE_HUMAN	18	856	0
AMPH_HUMAN	61	229	0
AMPL_HUMAN	123	99	0
AMPM1_HUMAN,MAP11_HUMAN	57	129	0
AMPM2_HUMAN,MAP2_HUMAN	262	89	0
AMPN_HUMAN	177	96	0
AMPO_HUMAN	20	373	0
AMPQ_HUMAN	2	1667	0
AMRA1_HUMAN	279	61	0
AMRP_HUMAN	191	62	0
AMTN_HUMAN	26	774	0
AMY1_HUMAN	117	158	0
AMY2B_HUMAN	9	526	0
AMYP_HUMAN	20	512	0
AMZ1_HUMAN	42	311	0
AMZ2_HUMAN	24	779	0
AN13A_HUMAN	163	106	0
AN13B_HUMAN	10	500	0
AN13C_HUMAN	20	712	0
AN13D_HUMAN	67	282	0
AN18A_HUMAN	12	511	0
AN18B_HUMAN	7	432	0
AN20B_HUMAN	1	7143	0
AN30A_HUMAN	10	729	0
AN30B_HUMAN	9	506	0
AN32A_HUMAN	135	102	0
AN32B_HUMAN	161	91	0
AN32C_HUMAN	6	1962	0
AN32E_HUMAN	133	109	0
AN33B_HUMAN	7	496	0
AN34A_HUMAN	53	401	0
AN34B_HUMAN	3	916	0
AN34C_HUMAN	36	510	0
AN36A_HUMAN	9	1103	0
AN36B_HUMAN	66	227	0
ANAG_HUMAN	81	173	0
ANC2_HUMAN	233	94	0
ANDR_HUMAN	964	35	0
ANFB_HUMAN	147	168	0
ANFC_HUMAN	8	1205	0
ANFY1_HUMAN	224	72	0
ANF_HUMAN	57	346	0
ANGE1_HUMAN	58	267	0
ANGE2_HUMAN	75	189	0
ANGI_HUMAN	127	129	0
ANGL2_HUMAN	16	505	0
ANGL3_HUMAN	8	1666	0
ANGL4_HUMAN	36	255	0
ANGL5_HUMAN	2	2222	0
ANGL6_HUMAN	4	863	0
ANGL7_HUMAN	36	534	0
ANGP1_HUMAN	14	498	0
ANGP2_HUMAN	15	674	0
ANGP4_HUMAN	32	710	0
ANGT_HUMAN	27	165	0
ANHX_HUMAN	1	4114	0
ANK1_HUMAN	50	161	0
ANK2_HUMAN	266	61	0
ANK36_HUMAN	29	314	0
ANK3_HUMAN	197	71	0
ANKAR_HUMAN	7	715	0
ANKH1_HUMAN	300	66	0
ANKH_HUMAN	127	157	0
ANKK1_HUMAN	31	398	0
ANKL1_HUMAN	2	1241	0
ANKL2_HUMAN	220	71	0
ANKR1_HUMAN	29	311	0
ANKR2_HUMAN	13	520	0
ANKR5_HUMAN,ANKE1_HUMAN	20	398	0
ANKR6_HUMAN	10	938	0
ANKR7_HUMAN	3	1683	0
ANKR9_HUMAN	26	479	0
ANKS3_HUMAN	37	269	0
ANKS6_HUMAN	53	206	0
ANKY1_HUMAN	2	1303	0
ANKY2_HUMAN	65	218	0
ANKZ1_HUMAN	44	191	0
ANLN_HUMAN	1768	17	0
ANM10_HUMAN,ANM9_HUMAN	31	308	0
ANM1_HUMAN	879	27	0
ANM2_HUMAN	87	197	0
ANM3_HUMAN	206	79	0
ANM5_HUMAN	468	48	0
ANM6_HUMAN	143	145	0
ANM7_HUMAN	45	217	0
ANM8_HUMAN	83	202	0
ANO10_HUMAN	48	205	0
ANO1_HUMAN	10	472	0
ANO2_HUMAN	2	810	0
ANO3_HUMAN	10	630	0
ANO4_HUMAN	29	504	0
ANO5_HUMAN	11	567	0
ANO6_HUMAN	147	87	0
ANO7_HUMAN	69	192	0
ANO8_HUMAN	15	326	0
ANO9_HUMAN	6	1838	0
ANPRA_HUMAN	13	515	0
ANPRB_HUMAN	28	433	0
ANPRC_HUMAN	11	409	0
ANR10_HUMAN	27	417	0
ANR11_HUMAN	199	86	0
ANR12_HUMAN	42	192	0
ANR16_HUMAN	4	1229	0
ANR17_HUMAN	234	81	0
ANR19_HUMAN	1	1346	0
ANR22_HUMAN	124	217	0
ANR23_HUMAN	22	652	0
ANR24_HUMAN	12	508	0
ANR26_HUMAN	143	117	0
ANR27_HUMAN	54	168	0
ANR28_HUMAN	244	66	0
ANR29_HUMAN	20	799	0
ANR31_HUMAN	6	1627	0
ANR32_HUMAN,SLF1_HUMAN	24	465	0
ANR33_HUMAN	15	441	0
ANR35_HUMAN	27	271	0
ANR37_HUMAN	3	1994	0
ANR39_HUMAN	68	259	0
ANR40_HUMAN	87	169	0
ANR42_HUMAN	6	870	0
ANR43_HUMAN	27	407	0
ANR44_HUMAN	55	166	0
ANR45_HUMAN	4	2523	0
ANR46_HUMAN	132	169	0
ANR49_HUMAN	53	329	0
ANR50_HUMAN	107	148	0
ANR52_HUMAN	89	157	0
ANR53_HUMAN	4	2254	0
ANR54_HUMAN	30	271	0
ANR55_HUMAN	229	74	0
ANR56_HUMAN	10	478	0
ANR62_HUMAN	3	1938	0
ANR63_HUMAN	1	4706	0
ANR65_HUMAN	3	1243	0
ANRA2_HUMAN	35	386	0
ANS1A_HUMAN	165	90	0
ANS1B_HUMAN	28	205	0
ANS4B_HUMAN	8	920	0
ANT3_HUMAN	61	153	0
ANTR1_HUMAN	148	91	0
ANTR2_HUMAN	22	260	0
ANX10_HUMAN	9	506	0
ANX11_HUMAN	113	91	0
ANX13_HUMAN	19	602	0
ANXA1_HUMAN	291	49	0
ANXA2_HUMAN	447	37	0
ANXA3_HUMAN	50	176	0
ANXA4_HUMAN	54	144	0
ANXA5_HUMAN	222	67	0
ANXA6_HUMAN	119	98	0
ANXA7_HUMAN	181	76	0
ANXA8_HUMAN	51	335	0
ANXA9_HUMAN	37	505	0
AOAH_HUMAN	3	3899	0
AOC2_HUMAN	12	567	0
AOC3_HUMAN	26	534	0
AOFA_HUMAN	32	205	0
AOFB_HUMAN	42	218	0
AP180_HUMAN	62	184	0
AP1AR_HUMAN	36	272	0
AP1B1_HUMAN	241	56	0
AP1G1_HUMAN	155	83	0
AP1G2_HUMAN	77	120	0
AP1M1_HUMAN	240	58	0
AP1M2_HUMAN	71	162	0
AP1S1_HUMAN	69	138	0
AP1S2_HUMAN	59	159	0
AP1S3_HUMAN	19	1041	0
AP2A1_HUMAN	313	45	0
AP2A2_HUMAN	213	68	0
AP2A_HUMAN	161	98	0
AP2B1_HUMAN	415	41	0
AP2B_HUMAN	24	335	0
AP2C_HUMAN	102	144	0
AP2D_HUMAN	77	220	0
AP2E_HUMAN	1	3071	0
AP2M1_HUMAN	459	42	0
AP2S1_HUMAN	170	69	0
AP3B1_HUMAN	209	70	0
AP3B2_HUMAN	38	201	0
AP3D1_HUMAN	186	77	0
AP3M1_HUMAN	159	79	0
AP3M2_HUMAN	31	202	0
AP3S1_HUMAN	139	99	0
AP3S2_HUMAN	35	302	0
AP4AT_HUMAN	166	143	0
AP4A_HUMAN	13	310	0
AP4B1_HUMAN	28	268	0
AP4E1_HUMAN	52	195	0
AP4M1_HUMAN	58	223	0
AP4S1_HUMAN	30	296	0
AP5B1_HUMAN	45	244	0
AP5M1_HUMAN	14	856	0
AP5S1_HUMAN	19	1093	0
AP5Z1_HUMAN	40	230	0
APAF_HUMAN	88	125	0
APBA1_HUMAN	101	214	0
APBA2_HUMAN	55	207	0
APBA3_HUMAN	68	243	0
APBB1_HUMAN	191	68	0
APBB2_HUMAN	88	126	0
APBB3_HUMAN	27	290	0
APBP2_HUMAN	193	133	0
APC10_HUMAN	71	161	0
APC11_HUMAN	86	217	0
APC13_HUMAN	24	446	0
APC15_HUMAN	118	227	0
APC16_HUMAN	66	239	0
APC1_HUMAN	158	99	0
APC2_HUMAN	33	258	0
APC4_HUMAN	126	122	0
APC5_HUMAN	145	107	0
APC7_HUMAN	170	94	0
APCD1_HUMAN	7	2845	0
APCDL_HUMAN	3	7097	0
APC_HUMAN	351	45	0
APEL_HUMAN	7	1060	0
APEX1_HUMAN	1263	23	0
APEX2_HUMAN	32	320	0
APH1A_HUMAN	65	168	0
APH1B_HUMAN	13	809	0
API5_HUMAN	195	86	0
APJ_HUMAN	231	150	0
APLD1_HUMAN	6	848	0
APLF_HUMAN	46	335	0
APLP1_HUMAN	60	200	0
APLP2_HUMAN	124	88	0
APM2_HUMAN,ADIRF_HUMAN	11	726	0
APMAP_HUMAN	93	79	0
APOA1_HUMAN	184	112	0
APOA2_HUMAN	99	137	0
APOA4_HUMAN	20	454	0
APOA5_HUMAN	20	967	0
APOA_HUMAN	7	869	0
APOB_HUMAN	164	75	0
APOC1_HUMAN	38	618	0
APOC2_HUMAN	38	371	0
APOC3_HUMAN	43	303	0
APOC4_HUMAN	26	859	0
APOD_HUMAN	191	95	0
APOE_HUMAN	179	69	0
APOF_HUMAN	4	4498	0
APOH_HUMAN	34	240	0
APOL1_HUMAN	9	793	0
APOL2_HUMAN	120	122	0
APOL3_HUMAN	34	787	0
APOL4_HUMAN	3	3141	0
APOL5_HUMAN	10	461	0
APOL6_HUMAN	16	623	0
APOM_HUMAN	51	487	0
APOOL_HUMAN,MIC27_HUMAN	99	144	0
APOO_HUMAN,MIC26_HUMAN	145	170	0
APOP1_HUMAN	5	750	0
APR3_HUMAN,ARAID_HUMAN	19	865	0
APRG1_HUMAN	1	2692	0
APRV1_HUMAN	29	355	0
APR_HUMAN	177	102	0
APTX_HUMAN	81	149	0
APT_HUMAN	111	86	0
AQ12B_HUMAN	38	395	0
AQP10_HUMAN	23	407	0
AQP11_HUMAN	1	7201	0
AQP1_HUMAN	151	161	0
AQP2_HUMAN	67	258	0
AQP3_HUMAN	241	94	0
AQP4_HUMAN	8	790	0
AQP5_HUMAN	11	935	0
AQP6_HUMAN	328	178	0
AQP73_HUMAN	2	2084	0
AQP7_HUMAN	6	3633	0
AQP8_HUMAN	7	1503	0
AQP9_HUMAN	42	330	0
AQR_HUMAN	159	112	0
AR13A_HUMAN	3	2752	0
AR13B_HUMAN	330	63	0
AR2BP_HUMAN	38	281	0
AR6P1_HUMAN	136	105	0
AR6P4_HUMAN	117	113	0
AR6P6_HUMAN	86	162	0
AR7EP_HUMAN	34	261	0
ARAF_HUMAN	381	40	0
ARAP1_HUMAN	48	143	0
ARAP2_HUMAN	37	181	0
ARAP3_HUMAN	78	161	0
ARBK1_HUMAN	215	66	0
ARBK2_HUMAN	15	331	0
ARC1A_HUMAN	137	88	0
ARC1B_HUMAN	222	70	0
ARCH_HUMAN	15	503	0
ARC_HUMAN	24	298	0
AREG_HUMAN	16	582	0
ARF1_HUMAN	255	63	0
ARF3_HUMAN	133	86	0
ARF4_HUMAN	292	49	0
ARF5_HUMAN	230	52	0
ARF6_HUMAN	654	29	0
ARFG1_HUMAN	133	119	0
ARFG2_HUMAN	133	83	0
ARFG3_HUMAN	104	106	0
ARFP1_HUMAN	144	101	0
ARFP2_HUMAN	100	125	0
ARFRP_HUMAN	32	213	0
ARG35_HUMAN	19	536	0
ARGAL_HUMAN	67	180	0
ARGFX_HUMAN	8	841	0
ARGI1_HUMAN	147	93	0
ARGI2_HUMAN	19	413	0
ARGL1_HUMAN	187	73	0
ARH37_HUMAN	6	469	0
ARH38_HUMAN	6	1015	0
ARH40_HUMAN	72	150	0
ARHG1_HUMAN	140	97	0
ARHG2_HUMAN	231	62	0
ARHG3_HUMAN	22	251	0
ARHG4_HUMAN	65	153	0
ARHG5_HUMAN	77	136	0
ARHG6_HUMAN	97	145	0
ARHG7_HUMAN	130	101	0
ARHG8_HUMAN	36	223	0
ARHG9_HUMAN	28	202	0
ARHGA_HUMAN	93	108	0
ARHGB_HUMAN	83	120	0
ARHGC_HUMAN	94	102	0
ARHGF_HUMAN	48	231	0
ARHGG_HUMAN	95	101	0
ARHGH_HUMAN	59	147	0
ARHGI_HUMAN	35	182	0
ARHGJ_HUMAN	57	269	0
ARHGP_HUMAN	26	314	0
ARHGQ_HUMAN	49	189	0
ARHL1_HUMAN	1	1581	0
ARHL2_HUMAN	46	212	0
ARH_HUMAN	31	445	0
ARI1A_HUMAN	229	86	0
ARI1B_HUMAN	219	101	0
ARI1_HUMAN	250	99	0
ARI2_HUMAN	290	72	0
ARI3A_HUMAN	123	117	0
ARI3B_HUMAN	115	124	0
ARI3C_HUMAN	9	1277	0
ARI4A_HUMAN	64	221	0
ARI4B_HUMAN	197	101	0
ARI5A_HUMAN	132	193	0
ARI5B_HUMAN	74	126	0
ARID2_HUMAN	154	116	0
ARIP4_HUMAN	96	141	0
ARK72_HUMAN	77	151	0
ARK73_HUMAN	36	376	0
ARK74_HUMAN	73	403	0
ARL10_HUMAN	197	108	0
ARL11_HUMAN	40	351	0
ARL14_HUMAN	117	153	0
ARL15_HUMAN	116	122	0
ARL16_HUMAN	83	209	0
ARL17_HUMAN	16	1055	0
ARL1_HUMAN	211	60	0
ARL2_HUMAN	98	112	0
ARL3_HUMAN	81	133	0
ARL4A_HUMAN	16	976	0
ARL4C_HUMAN	147	132	0
ARL4D_HUMAN	138	141	0
ARL5A_HUMAN	76	181	0
ARL5B_HUMAN	56	293	0
ARL6_HUMAN	36	274	0
ARL8A_HUMAN	108	114	0
ARL8B_HUMAN	216	67	0
ARL9_HUMAN	1	9977	0
ARLY_HUMAN	25	222	0
ARM10_HUMAN	45	205	0
ARM12_HUMAN	13	1145	0
ARMC1_HUMAN	64	176	0
ARMC2_HUMAN	7	581	0
ARMC3_HUMAN	5	1925	0
ARMC4_HUMAN	23	673	0
ARMC5_HUMAN	201	77	0
ARMC6_HUMAN	282	64	0
ARMC7_HUMAN	79	252	0
ARMC8_HUMAN	241	73	0
ARMC9_HUMAN	138	96	0
ARMS2_HUMAN	16	967	0
ARMX1_HUMAN	21	399	0
ARMX2_HUMAN	43	217	0
ARMX3_HUMAN	148	84	0
ARMX4_HUMAN	14	452	0
ARMX5_HUMAN	32	221	0
ARMX6_HUMAN	6	907	0
ARNT2_HUMAN	82	246	0
ARNT_HUMAN	224	76	0
AROS_HUMAN	96	135	0
ARP10_HUMAN	91	152	0
ARP11_HUMAN	9	856	0
ARP19_HUMAN	19	277	0
ARP21_HUMAN	2	3466	0
ARP2_HUMAN	333	44	0
ARP3B_HUMAN	68	246	0
ARP3C_HUMAN	6	3793	0
ARP3_HUMAN	312	45	0
ARP5L_HUMAN	94	140	0
ARP5_HUMAN	73	175	0
ARP6_HUMAN	62	239	0
ARP8_HUMAN	54	197	0
ARPC2_HUMAN	198	62	0
ARPC3_HUMAN	193	72	0
ARPC4_HUMAN	180	70	0
ARPC5_HUMAN	120	85	0
ARPM1_HUMAN	1	8209	0
ARRB1_HUMAN	322	49	0
ARRB2_HUMAN	458	38	0
ARRC_HUMAN	32	305	0
ARRD1_HUMAN	67	219	0
ARRD2_HUMAN	52	231	0
ARRD3_HUMAN	235	83	0
ARRD4_HUMAN	86	192	0
ARRD5_HUMAN	42	376	0
ARRS_HUMAN	6	995	0
ARSA_HUMAN	80	150	0
ARSB_HUMAN	55	201	0
ARSD_HUMAN	2	641	0
ARSE_HUMAN	27	695	0
ARSF_HUMAN	33	450	0
ARSG_HUMAN	37	349	0
ARSH_HUMAN	3	2983	0
ARSI_HUMAN	5	1049	0
ARSJ_HUMAN	6	757	0
ARSK_HUMAN	95	280	0
ARTN_HUMAN	1	17983	0
ARV1_HUMAN	61	362	0
ARVC_HUMAN	53	142	0
ARX_HUMAN	28	534	0
ARY1_HUMAN	7	749	0
ARY2_HUMAN	22	476	0
AS3MT_HUMAN	4	431	0
ASA2B_HUMAN	2	1356	0
ASAH1_HUMAN	91	136	0
ASAH2_HUMAN	6	4299	0
ASAP1_HUMAN	92	120	0
ASAP2_HUMAN	53	143	0
ASAP3_HUMAN	27	244	0
ASB10_HUMAN	31	288	0
ASB11_HUMAN	240	80	0
ASB12_HUMAN	35	373	0
ASB13_HUMAN	33	267	0
ASB14_HUMAN	50	299	0
ASB15_HUMAN	32	328	0
ASB16_HUMAN	25	341	0
ASB17_HUMAN	23	388	0
ASB18_HUMAN	26	475	0
ASB1_HUMAN	31	394	0
ASB2_HUMAN	41	253	0
ASB3_HUMAN	85	182	0
ASB4_HUMAN	42	325	0
ASB5_HUMAN	22	449	0
ASB6_HUMAN	99	142	0
ASB7_HUMAN	59	223	0
ASB8_HUMAN	32	338	0
ASB9_HUMAN	62	231	0
ASCC1_HUMAN	75	149	0
ASCC2_HUMAN	124	115	0
ASCC3_HUMAN	186	92	0
ASCL1_HUMAN	46	257	0
ASCL2_HUMAN	10	554	0
ASCL3_HUMAN	10	2250	0
ASCL4_HUMAN	17	587	0
ASCL5_HUMAN	2	2471	0
ASC_HUMAN	89	195	0
ASF1A_HUMAN	206	120	0
ASF1B_HUMAN	109	193	0
ASGL1_HUMAN	22	275	0
ASGR1_HUMAN	57	183	0
ASGR2_HUMAN	98	175	0
ASH1L_HUMAN	62	167	0
ASH2L_HUMAN	258	72	0
ASHWN_HUMAN	37	252	0
ASIC1_HUMAN	66	197	0
ASIC2_HUMAN	16	426	0
ASIC3_HUMAN	7	2207	0
ASIC4_HUMAN	143	189	0
ASIC5_HUMAN	6	2307	0
ASIP_HUMAN	9	883	0
ASM3A_HUMAN	4	1693	0
ASM3B_HUMAN	50	246	0
ASML_HUMAN	50	187	0
ASM_HUMAN	34	216	0
ASNA_HUMAN	115	91	0
ASND1_HUMAN	30	442	0
ASNS_HUMAN	186	98	0
ASPC1_HUMAN	87	119	0
ASPD_HUMAN	14	594	0
ASPG_HUMAN	37	291	0
ASPH1_HUMAN	3	1524	0
ASPH2_HUMAN	49	657	0
ASPH_HUMAN	366	44	0
ASPM_HUMAN	164	118	0
ASPN_HUMAN	4	2110	0
ASPP1_HUMAN	169	110	0
ASPP2_HUMAN	232	83	0
ASPX_HUMAN	3	1113	0
ASSY_HUMAN	201	84	0
ASTE1_HUMAN	15	798	0
ASTER_HUMAN	8	1164	0
ASTL_HUMAN	8	708	0
ASTN1_HUMAN	9	646	0
ASTN2_HUMAN	9	625	0
ASUN_HUMAN	79	160	0
ASXL1_HUMAN	302	49	0
ASXL2_HUMAN	282	69	0
ASXL3_HUMAN	163	105	0
ASZ1_HUMAN	12	2114	0
AT10A_HUMAN	6	521	0
AT10B_HUMAN	5	1721	0
AT10D_HUMAN	8	436	0
AT11A_HUMAN	43	208	0
AT11B_HUMAN	27	529	0
AT11C_HUMAN	117	157	0
AT12A_HUMAN	182	161	0
AT131_HUMAN	220	81	0
AT132_HUMAN	122	138	0
AT133_HUMAN	178	119	0
AT134_HUMAN	1	2799	0
AT135_HUMAN	1	4719	0
AT1A1_HUMAN	666	25	0
AT1A2_HUMAN	70	146	0
AT1A3_HUMAN	317	60	0
AT1A4_HUMAN	29	314	0
AT1B1_HUMAN	183	57	0
AT1B2_HUMAN	23	253	0
AT1B3_HUMAN	267	54	0
AT1B4_HUMAN	61	555	0
AT2A1_HUMAN	428	55	0
AT2A2_HUMAN	374	36	0
AT2A3_HUMAN	241	99	0
AT2B1_HUMAN	266	49	0
AT2B2_HUMAN	192	115	0
AT2B3_HUMAN	93	134	0
AT2B4_HUMAN	201	77	0
AT2C1_HUMAN	137	107	0
AT2C2_HUMAN	2	1727	0
AT2L1_HUMAN	6	931	0
AT2L2_HUMAN	18	347	0
AT5EL_HUMAN	23	355	0
AT5F1_HUMAN	405	46	0
AT5G1_HUMAN	38	530	0
AT5G2_HUMAN	8	1679	0
AT5G3_HUMAN	25	360	0
AT5L2_HUMAN	4	3087	0
AT5SL_HUMAN	23	219	0
AT7L1_HUMAN	82	199	0
AT7L2_HUMAN	57	295	0
AT7L3_HUMAN	56	294	0
AT8A1_HUMAN	43	234	0
AT8A2_HUMAN	13	524	0
AT8B1_HUMAN	9	450	0
AT8B2_HUMAN	48	325	0
AT8B3_HUMAN	5	456	0
AT8B4_HUMAN	7	1002	0
ATAD1_HUMAN	108	110	0
ATAD2_HUMAN	69	133	0
ATAD4_HUMAN	1	2223	0
ATAD5_HUMAN	77	166	0
ATAT_HUMAN	20	377	0
ATBD4_HUMAN,DPH6_HUMAN	35	474	0
ATCAY_HUMAN	12	716	0
ATD2B_HUMAN	20	309	0
ATD3A_HUMAN	511	42	0
ATD3B_HUMAN	306	59	0
ATD3C_HUMAN	39	212	0
ATE1_HUMAN	99	160	0
ATF1_HUMAN	58	251	0
ATF2_HUMAN	253	58	0
ATF3_HUMAN	89	152	0
ATF4_HUMAN	102	133	0
ATF5_HUMAN	21	571	0
ATF6A_HUMAN	130	108	0
ATF6B_HUMAN	67	193	0
ATF7_HUMAN	65	259	0
ATG10_HUMAN	17	682	0
ATG12_HUMAN	116	124	0
ATG13_HUMAN	214	121	0
ATG2A_HUMAN	120	122	0
ATG2B_HUMAN	95	147	0
ATG3_HUMAN	90	131	0
ATG4A_HUMAN	31	553	0
ATG4B_HUMAN	127	117	0
ATG4C_HUMAN	41	310	0
ATG4D_HUMAN	8	878	0
ATG5_HUMAN	470	45	0
ATG7_HUMAN	193	93	0
ATG9A_HUMAN	458	52	0
ATG9B_HUMAN	22	334	0
ATGA1_HUMAN	92	168	0
ATHL1_HUMAN	5	397	0
ATIF1_HUMAN	174	100	0
ATL1_HUMAN	13	368	0
ATL2_HUMAN	9	1104	0
ATL3_HUMAN	30	609	0
ATL4_HUMAN	216	153	0
ATL5_HUMAN	8	832	0
ATLA1_HUMAN	57	147	0
ATLA2_HUMAN	102	115	0
ATLA3_HUMAN	192	79	0
ATMIN_HUMAN	13	566	0
ATM_HUMAN	309	42	0
ATN1_HUMAN	188	108	0
ATNG_HUMAN	6	1326	0
ATOH1_HUMAN	77	207	0
ATOH7_HUMAN	2	4086	0
ATOH8_HUMAN	3	4415	0
ATOX1_HUMAN	32	198	0
ATP23_HUMAN	62	227	0
ATP4A_HUMAN	101	177	0
ATP4B_HUMAN	7	1823	0
ATP5E_HUMAN	62	275	0
ATP5H_HUMAN	267	61	0
ATP5I_HUMAN	134	107	0
ATP5J_HUMAN	238	82	0
ATP5L_HUMAN	188	73	0
ATP5S_HUMAN	21	452	0
ATP6_HUMAN	37	201	0
ATP7A_HUMAN	105	142	0
ATP7B_HUMAN	63	158	0
ATP8_HUMAN	49	226	0
ATP9A_HUMAN	107	117	0
ATP9B_HUMAN	31	304	0
ATPA_HUMAN	617	29	0
ATPB_HUMAN	659	28	0
ATPD_HUMAN	157	102	0
ATPF1_HUMAN	133	140	0
ATPF2_HUMAN	118	144	0
ATPG_HUMAN	455	31	0
ATPK_HUMAN	134	74	0
ATPO_HUMAN	375	32	0
ATRAP_HUMAN	172	98	0
ATRIP_HUMAN	99	160	0
ATRN1_HUMAN	28	442	0
ATRN_HUMAN	76	122	0
ATRX_HUMAN	218	91	0
ATR_HUMAN	205	69	0
ATS10_HUMAN	12	643	0
ATS12_HUMAN	74	226	0
ATS13_HUMAN	26	1127	0
ATS14_HUMAN	4	1110	0
ATS15_HUMAN	8	505	0
ATS16_HUMAN	5	1377	0
ATS17_HUMAN	20	406	0
ATS18_HUMAN	7	549	0
ATS19_HUMAN	3	3939	0
ATS1_HUMAN	102	121	0
ATS20_HUMAN	6	594	0
ATS2_HUMAN	54	540	0
ATS3_HUMAN	12	385	0
ATS4_HUMAN	68	208	0
ATS5_HUMAN	5	983	0
ATS6_HUMAN	8	796	0
ATS7_HUMAN	58	561	0
ATS8_HUMAN	2	5303	0
ATS9_HUMAN	5	1039	0
ATTY_HUMAN	19	429	0
ATX10_HUMAN	158	73	0
ATX1L_HUMAN	152	156	0
ATX1_HUMAN	471	41	0
ATX2L_HUMAN	283	66	0
ATX2_HUMAN	315	72	0
ATX3L_HUMAN	10	890	0
ATX3_HUMAN	425	32	0
ATX7_HUMAN	110	126	0
AUGN_HUMAN	3	1006	0
AUHM_HUMAN	307	122	0
AUP1_HUMAN	270	64	0
AURKA_HUMAN	633	34	0
AURKB_HUMAN	842	29	0
AURKC_HUMAN	36	319	0
AUTS2_HUMAN	46	226	0
AUXI_HUMAN	62	171	0
AVEN_HUMAN	27	242	0
AVIL_HUMAN	34	467	0
AVL9_HUMAN	24	247	0
AVPI1_HUMAN	49	288	0
AVR2A_HUMAN	95	252	0
AVR2B_HUMAN	103	158	0
AWAT2_HUMAN	3	3301	0
AX2R_HUMAN	8	823	0
AXA2L_HUMAN	81	120	0
AXA81_HUMAN	10	547	0
AXA82_HUMAN	15	852	0
AXDN1_HUMAN	9	1252	0
AXIN1_HUMAN	173	83	0
AXIN2_HUMAN	84	177	0
AZI1_HUMAN,CP131_HUMAN	223	75	0
AZI2_HUMAN	40	286	0
AZIN1_HUMAN	19	586	0
B2CL1_HUMAN	203	76	0
B2CL2_HUMAN	93	109	0
B2L10_HUMAN	23	787	0
B2L11_HUMAN	99	139	0
B2L12_HUMAN	42	232	0
B2L13_HUMAN	138	121	0
B2L14_HUMAN	122	155	0
B2L15_HUMAN	11	1310	0
B2LA1_HUMAN	21	634	0
B2MG_HUMAN	140	99	0
B3A2_HUMAN	149	126	0
B3A3_HUMAN	13	598	0
B3A4_HUMAN	73	242	0
B3AT_HUMAN	172	98	0
B3GA1_HUMAN	375	68	0
B3GA2_HUMAN	19	702	0
B3GA3_HUMAN	141	102	0
B3GL1_HUMAN	29	533	0
B3GL2_HUMAN	34	249	0
B3GLT_HUMAN	38	379	0
B3GN1_HUMAN	146	115	0
B3GN2_HUMAN	521	34	0
B3GN3_HUMAN	84	192	0
B3GN4_HUMAN	4	1952	0
B3GN5_HUMAN	6	1233	0
B3GN7_HUMAN	24	576	0
B3GN8_HUMAN	21	678	0
B3GN9_HUMAN	3	979	0
B3GNL_HUMAN	4	1151	0
B3GT1_HUMAN	2	9958	0
B3GT2_HUMAN	16	1429	0
B3GT4_HUMAN	32	458	0
B3GT5_HUMAN	24	887	0
B3GT6_HUMAN	51	192	0
B4GN1_HUMAN	27	543	0
B4GN2_HUMAN	6	477	0
B4GN3_HUMAN	20	1143	0
B4GN4_HUMAN	10	1236	0
B4GT1_HUMAN	48	195	0
B4GT2_HUMAN	121	177	0
B4GT3_HUMAN	84	201	0
B4GT4_HUMAN	41	330	0
B4GT5_HUMAN	71	176	0
B4GT6_HUMAN	22	1522	0
B4GT7_HUMAN	81	135	0
B9D1_HUMAN	31	470	0
B9D2_HUMAN	78	288	0
BAALC_HUMAN	15	897	0
BAAT_HUMAN	26	408	0
BABA1_HUMAN	96	108	0
BACD1_HUMAN	56	212	0
BACD2_HUMAN	85	156	0
BACD3_HUMAN	174	87	0
BACE1_HUMAN	56	198	0
BACE2_HUMAN	90	187	0
BACH1_HUMAN	130	107	0
BACH2_HUMAN	88	226	0
BACH_HUMAN	195	58	0
BAD_HUMAN	108	116	0
BAFL_HUMAN	21	840	0
BAF_HUMAN	217	61	0
BAG1_HUMAN	471	49	0
BAG2_HUMAN	734	42	0
BAG3_HUMAN	640	37	0
BAG4_HUMAN	235	80	0
BAG5_HUMAN	384	48	0
BAG6_HUMAN	477	35	0
BAGE1_HUMAN	1	1454	0
BAGE2_HUMAN	69	300	0
BAHC1_HUMAN	44	241	0
BAHD1_HUMAN	62	186	0
BAI1_HUMAN	26	417	0
BAI2_HUMAN,AGRB2_HUMAN	17	553	0
BAI3_HUMAN,AGRB3_HUMAN	13	916	0
BAIP2_HUMAN	196	72	0
BAIP3_HUMAN	5	673	0
BAKOR_HUMAN	351	60	0
BAK_HUMAN	42	221	0
BAMBI_HUMAN	13	1083	0
BANK1_HUMAN	11	390	0
BANP_HUMAN	270	96	0
BAP18_HUMAN	110	169	0
BAP1_HUMAN	1287	20	0
BAP29_HUMAN	57	168	0
BAP31_HUMAN	607	36	0
BARD1_HUMAN	323	59	0
BARH1_HUMAN	3	4488	0
BARH2_HUMAN	2	3940	0
BARX1_HUMAN	8	1364	0
BARX2_HUMAN	2	3467	0
BASI_HUMAN	819	26	0
BASP1_HUMAN	309	46	0
BAT1_HUMAN	116	204	0
BATF2_HUMAN	31	377	0
BATF3_HUMAN	56	347	0
BATF_HUMAN	29	587	0
BAX_HUMAN	134	87	0
BAZ1A_HUMAN	129	126	0
BAZ1B_HUMAN	230	63	0
BAZ2A_HUMAN	82	149	0
BAZ2B_HUMAN	64	184	0
BBC3B_HUMAN	13	791	0
BBC3_HUMAN	25	358	0
BBIP1_HUMAN	10	1192	0
BBS10_HUMAN	23	455	0
BBS12_HUMAN	19	791	0
BBS1_HUMAN	135	184	0
BBS2_HUMAN	69	228	0
BBS4_HUMAN	52	254	0
BBS5_HUMAN	22	795	0
BBS7_HUMAN	105	183	0
BBX_HUMAN	128	107	0
BC11A_HUMAN	109	181	0
BC11B_HUMAN	73	275	0
BCAM_HUMAN	62	118	0
BCAP_HUMAN	27	241	0
BCAR1_HUMAN	743	41	0
BCAR3_HUMAN	100	129	0
BCAS1_HUMAN	12	311	0
BCAS3_HUMAN	79	109	0
BCAS4_HUMAN	15	2148	0
BCAT1_HUMAN	67	201	0
BCAT2_HUMAN	42	200	0
BCCIP_HUMAN	145	96	0
BCD1_HUMAN	71	156	0
BCDO1_HUMAN	4	785	0
BCDO2_HUMAN	3	1377	0
BCE1_HUMAN	86	145	0
BCKD_HUMAN	146	86	0
BCL10_HUMAN	84	164	0
BCL2_HUMAN	138	71	0
BCL3_HUMAN	50	217	0
BCL6B_HUMAN	29	724	0
BCL6_HUMAN	230	99	0
BCL7A_HUMAN	135	194	0
BCL7B_HUMAN	97	169	0
BCL7C_HUMAN	119	206	0
BCL8_HUMAN	1	1454	0
BCL9L_HUMAN	62	142	0
BCL9_HUMAN	89	146	0
BCLF1_HUMAN	367	56	0
BCORL_HUMAN	99	129	0
BCOR_HUMAN	309	78	0
BCR_HUMAN	227	66	0
BCS1_HUMAN	125	135	0
BD1L1_HUMAN	131	85	0
BD1L2_HUMAN	13	1289	0
BDH2_HUMAN	40	239	0
BDH_HUMAN	59	143	0
BDNF_HUMAN	40	241	0
BDP1_HUMAN	39	249	0
BEAN1_HUMAN	2	1259	0
BEAN_HUMAN	2	1462	0
BECN1_HUMAN	240	57	0
BEGIN_HUMAN	60	366	0
BEND2_HUMAN	8	938	0
BEND3_HUMAN	128	147	0
BEND4_HUMAN	5	1150	0
BEND5_HUMAN	33	376	0
BEND6_HUMAN	5	2047	0
BEND7_HUMAN	95	221	0
BEST1_HUMAN	7	830	0
BEST2_HUMAN	17	562	0
BEST3_HUMAN	1	11658	0
BET1L_HUMAN	43	375	0
BET1_HUMAN	392	61	0
BEX1_HUMAN	48	279	0
BEX2_HUMAN	103	220	0
BEX3_HUMAN	46	328	0
BEX4_HUMAN	21	606	0
BEX5_HUMAN	32	698	0
BFAR_HUMAN	27	711	0
BFSP1_HUMAN	51	303	0
BFSP2_HUMAN	70	344	0
BGAL_HUMAN	137	85	0
BGAT_HUMAN	3	5079	0
BGH3_HUMAN	20	412	0
BGLR_HUMAN	89	130	0
BHA09_HUMAN	12	1582	0
BHA15_HUMAN	73	278	0
BHE22_HUMAN	2	867	0
BHE23_HUMAN	23	397	0
BHE40_HUMAN	135	121	0
BHE41_HUMAN	41	353	0
BHLH9_HUMAN	81	254	0
BHMT1_HUMAN	11	1385	0
BHMT2_HUMAN	6	1756	0
BI1_HUMAN	145	162	0
BI2L1_HUMAN	141	84	0
BI2L2_HUMAN	7	1413	0
BICC1_HUMAN	28	308	0
BICD1_HUMAN	231	83	0
BICD2_HUMAN	428	66	0
BICR1_HUMAN	1	3167	0
BICR2_HUMAN	9	831	0
BID_HUMAN	133	105	0
BIEA_HUMAN	94	100	0
BIG1_HUMAN	166	86	0
BIG2_HUMAN	150	86	0
BIG3_HUMAN	92	109	0
BIK_HUMAN	132	232	0
BIN1_HUMAN	156	90	0
BIN2_HUMAN	11	958	0
BIN3_HUMAN	44	201	0
BINCA_HUMAN	29	362	0
BIRC1_HUMAN	12	523	0
BIRC2_HUMAN	233	69	0
BIRC3_HUMAN	1319	19	0
BIRC5_HUMAN	89	143	0
BIRC6_HUMAN	258	81	0
BIRC7_HUMAN	54	284	0
BIRC8_HUMAN	32	497	0
BIVM_HUMAN	14	603	0
BKRB1_HUMAN	33	621	0
BKRB2_HUMAN	35	341	0
BL1S1_HUMAN	51	315	0
BL1S2_HUMAN	79	190	0
BL1S3_HUMAN	17	364	0
BLCAP_HUMAN	22	284	0
BLID_HUMAN	11	587	0
BLK_HUMAN	189	105	0
BLMH_HUMAN	140	70	0
BLM_HUMAN	212	83	0
BLNK_HUMAN	43	274	0
BLVRB_HUMAN	59	140	0
BMAL1_HUMAN	105	167	0
BMAL2_HUMAN	26	517	0
BMF_HUMAN	26	415	0
BMI1_HUMAN	1237	22	0
BMP10_HUMAN	59	813	0
BMP15_HUMAN	7	1128	0
BMP1_HUMAN	118	166	0
BMP2K_HUMAN	106	92	0
BMP2_HUMAN	25	980	0
BMP3B_HUMAN,GDF10_HUMAN	7	2432	0
BMP3_HUMAN	6	1212	0
BMP4_HUMAN	163	142	0
BMP5_HUMAN	9	1531	0
BMP6_HUMAN	14	597	0
BMP7_HUMAN	71	201	0
BMP8A_HUMAN	20	760	0
BMP8B_HUMAN	26	365	0
BMPER_HUMAN	3	1116	0
BMPR2_HUMAN	91	140	0
BMR1A_HUMAN	245	75	0
BMR1B_HUMAN	23	502	0
BMS1_HUMAN	229	87	0
BMX_HUMAN	89	119	0
BN3D2_HUMAN	8	452	0
BNC1_HUMAN	6	627	0
BNC2_HUMAN	18	295	0
BNI3L_HUMAN	69	235	0
BNIP2_HUMAN	71	176	0
BNIP3_HUMAN	97	162	0
BNIPL_HUMAN	16	694	0
BOC_HUMAN	26	477	0
BOD1_HUMAN	30	522	0
BODG_HUMAN	29	369	0
BOK_HUMAN	9	815	0
BOLA1_HUMAN	67	328	0
BOLA2_HUMAN	131	104	0
BOLA3_HUMAN	54	288	0
BOLL_HUMAN	45	631	0
BOP1_HUMAN	194	111	0
BORA_HUMAN	49	282	0
BOREA_HUMAN	119	103	0
BORG1_HUMAN	16	464	0
BORG2_HUMAN	18	404	0
BORG3_HUMAN	2	970	0
BORG4_HUMAN	77	143	0
BORG5_HUMAN	137	112	0
BPAEB_HUMAN	282	50	0
BPHL_HUMAN	52	194	0
BPIA1_HUMAN	111	189	0
BPIA2_HUMAN	25	883	0
BPIA3_HUMAN	3	698	0
BPIB1_HUMAN	66	227	0
BPIB2_HUMAN	9	1967	0
BPIB3_HUMAN	5	2060	0
BPIB4_HUMAN	2	5400	0
BPIB6_HUMAN	1	1361	0
BPIFC_HUMAN	2	3670	0
BPIL2_HUMAN	2	3618	0
BPIL3_HUMAN	2	1208	0
BPI_HUMAN	9	536	0
BPL1_HUMAN	38	232	0
BPNT1_HUMAN	103	148	0
BPTF_HUMAN	193	99	0
BRAC_HUMAN	117	235	0
BRAF_HUMAN	506	46	0
BRAP_HUMAN	89	143	0
BRAT1_HUMAN	113	116	0
BRCA1_HUMAN	1221	23	0
BRCA2_HUMAN	242	81	0
BRCC3_HUMAN	126	90	0
BRD1_HUMAN	385	57	0
BRD2_HUMAN	421	60	0
BRD3_HUMAN	481	65	0
BRD4_HUMAN	1581	24	0
BRD7_HUMAN	626	38	0
BRD8_HUMAN	153	100	0
BRD9_HUMAN	106	123	0
BRDT_HUMAN	78	232	0
BRE1A_HUMAN	206	70	0
BRE1B_HUMAN	265	62	0
BRE_HUMAN	102	81	0
BRF2_HUMAN	63	234	0
BRI3B_HUMAN	130	100	0
BRI3_HUMAN	23	626	0
BRK1_HUMAN	133	133	0
BRM1L_HUMAN	130	245	0
BRMS1_HUMAN	93	158	0
BROMI_HUMAN	94	161	0
BROX_HUMAN	52	201	0
BRPF1_HUMAN	82	169	0
BRPF3_HUMAN	179	120	0
BRSK1_HUMAN	40	209	0
BRSK2_HUMAN	35	198	0
BRWD1_HUMAN	50	195	0
BRWD3_HUMAN	49	203	0
BRX1_HUMAN	316	69	0
BSCL2_HUMAN	245	97	0
BSDC1_HUMAN	23	291	0
BSH_HUMAN	1	1835	0
BSND_HUMAN	64	250	0
BSN_HUMAN	28	252	0
BSPRY_HUMAN	38	305	0
BSSP4_HUMAN	14	1111	0
BST1_HUMAN	14	2030	0
BST2_HUMAN	57	154	0
BT1A1_HUMAN	22	298	0
BT2A1_HUMAN	70	210	0
BT2A2_HUMAN	103	317	0
BT2A3_HUMAN	6	951	0
BT3A1_HUMAN	32	463	0
BT3A2_HUMAN	24	331	0
BT3A3_HUMAN	25	411	0
BT3L4_HUMAN	96	143	0
BTAF1_HUMAN	157	91	0
BTBD1_HUMAN	116	166	0
BTBD2_HUMAN	76	160	0
BTBD3_HUMAN	18	261	0
BTBD6_HUMAN	20	364	0
BTBD7_HUMAN	13	313	0
BTBD8_HUMAN	26	389	0
BTBD9_HUMAN	58	182	0
BTBDA_HUMAN	24	305	0
BTBDB_HUMAN	9	594	0
BTBDG_HUMAN	2	4605	0
BTBDH_HUMAN	2	2150	0
BTBDI_HUMAN	4	662	0
BTBDJ_HUMAN	1	970	0
BTC_HUMAN	26	592	0
BTD_HUMAN	34	461	0
BTF3_HUMAN	757	24	0
BTG1_HUMAN	26	379	0
BTG2_HUMAN	22	391	0
BTG3_HUMAN	97	197	0
BTG4_HUMAN	1	10721	0
BTK_HUMAN	155	92	0
BTLA_HUMAN	32	497	0
BTNL2_HUMAN	161	169	0
BTNL3_HUMAN	34	647	0
BTNL8_HUMAN	49	690	0
BTNL9_HUMAN	154	166	0
BUB1B_HUMAN	170	89	0
BUB1_HUMAN	133	137	0
BUB3_HUMAN	244	61	0
BUD13_HUMAN	125	153	0
BUD31_HUMAN	114	93	0
BUP1_HUMAN	1	8748	0
BWR1B_HUMAN	5	3247	0
BY55_HUMAN	48	601	0
BYST_HUMAN	368	53	0
BZW1_HUMAN	180	84	0
BZW2_HUMAN	130	83	0
C102A_HUMAN	66	226	0
C102B_HUMAN	153	177	0
C109B_HUMAN,MCUB_HUMAN	178	204	0
C10_HUMAN	49	213	0
C11B1_HUMAN	2	1370	0
C144A_HUMAN	9	926	0
C144B_HUMAN	10	774	0
C163A_HUMAN	11	437	0
C163B_HUMAN	1	11865	0
C16L2_HUMAN	9	1316	0
C170L_HUMAN	128	158	0
C19L1_HUMAN	77	151	0
C19L2_HUMAN	187	85	0
C1D_HUMAN	61	386	0
C1GLC_HUMAN	40	467	0
C1GLT_HUMAN	59	382	0
C1QA_HUMAN	105	185	0
C1QBP_HUMAN	830	32	0
C1QB_HUMAN	87	187	0
C1QC_HUMAN	65	216	0
C1QL2_HUMAN	1	16417	0
C1QL3_HUMAN	7	1998	0
C1QL4_HUMAN	76	332	0
C1QR1_HUMAN	34	337	0
C1QRF_HUMAN	46	599	0
C1QT1_HUMAN	64	272	0
C1QT2_HUMAN	67	333	0
C1QT3_HUMAN	9	1018	0
C1QT4_HUMAN	6	1622	0
C1QT5_HUMAN	4	4227	0
C1QT6_HUMAN	11	827	0
C1QT7_HUMAN	69	479	0
C1QT8_HUMAN	18	612	0
C1QT9_HUMAN	36	441	0
C1RL_HUMAN	10	607	0
C1R_HUMAN	18	413	0
C1S_HUMAN	18	619	0
C1T9A_HUMAN	81	310	0
C1T9B_HUMAN	132	202	0
C1T9L_HUMAN	50	565	0
C1TC_HUMAN	298	48	0
C1TM_HUMAN	171	88	0
C27C1_HUMAN	7	1365	0
C2AIL_HUMAN	29	293	0
C2C2L_HUMAN	118	118	0
C2C4A_HUMAN	12	1195	0
C2C4B_HUMAN	44	674	0
C2C4C_HUMAN	14	662	0
C2CD3_HUMAN	46	243	0
C2D1A_HUMAN	163	78	0
C2D1B_HUMAN	42	332	0
C2D2A_HUMAN	43	369	0
C2D2B_HUMAN	6	930	0
C2D4D_HUMAN	2	1179	0
C2TA_HUMAN	33	348	0
C3AR_HUMAN	100	336	0
C42S1_HUMAN	15	303	0
C42S2_HUMAN	26	227	0
C43BP_HUMAN	58	182	0
C4BPA_HUMAN	32	390	0
C4BPB_HUMAN	30	286	0
C560_HUMAN	27	258	0
C56D1_HUMAN	5	1231	0
C56D2_HUMAN	29	549	0
C5ARL_HUMAN,C5AR2_HUMAN	77	297	0
C5AR_HUMAN,C5AR1_HUMAN	154	240	0
C8AP2_HUMAN	52	194	0
C99L2_HUMAN	43	191	0
CA021_HUMAN	33	232	0
CA026_HUMAN	5	591	0
CA031_HUMAN	28	273	0
CA043_HUMAN	87	219	0
CA049_HUMAN	55	392	0
CA050_HUMAN	20	369	0
CA051_HUMAN	14	1255	0
CA052_HUMAN	43	210	0
CA053_HUMAN	2	5247	0
CA054_HUMAN	254	200	0
CA055_HUMAN	34	217	0
CA056_HUMAN	6	2047	0
CA062_HUMAN	11	1078	0
CA063_HUMAN	98	266	0
CA064_HUMAN	7	1921	0
CA065_HUMAN	60	265	0
CA066_HUMAN	4	509	0
CA074_HUMAN	14	848	0
CA083_HUMAN	31	279	0
CA086_HUMAN	61	210	0
CA087_HUMAN	20	531	0
CA088_HUMAN	12	1181	0
CA092_HUMAN	4	468	0
CA094_HUMAN	100	203	0
CA095_HUMAN	23	652	0
CA096_HUMAN	5	901	0
CA097_HUMAN	4	948	0
CA101_HUMAN	7	1709	0
CA104_HUMAN	5	814	0
CA105_HUMAN	7	642	0
CA106_HUMAN	92	175	0
CA109_HUMAN	197	93	0
CA110_HUMAN	4	983	0
CA111_HUMAN	27	407	0
CA112_HUMAN	78	290	0
CA114_HUMAN	7	603	0
CA115_HUMAN	21	646	0
CA118_HUMAN	1	3903	0
CA120_HUMAN	1	1505	0
CA122_HUMAN	18	691	0
CA123_HUMAN	32	216	0
CA124_HUMAN	592	40	0
CA125_HUMAN	11	1062	0
CA127_HUMAN	3	2583	0
CA129_HUMAN	3	725	0
CA131_HUMAN	63	212	0
CA133_HUMAN	1	2890	0
CA135_HUMAN	12	501	0
CA141_HUMAN	2	833	0
CA144_HUMAN	26	215	0
CA146_HUMAN	7	2677	0
CA150_HUMAN	12	1431	0
CA158_HUMAN	12	1736	0
CA159_HUMAN	12	510	0
CA161_HUMAN	29	568	0
CA162_HUMAN	6	1071	0
CA167_HUMAN	8	492	0
CA168_HUMAN	10	977	0
CA170_HUMAN	1	1797	0
CA172_HUMAN	192	117	0
CA173_HUMAN	6	996	0
CA174_HUMAN	91	157	0
CA175_HUMAN	4	1413	0
CA177_HUMAN	3	3167	0
CA182_HUMAN	6	951	0
CA183_HUMAN	23	262	0
CA186_HUMAN	22	912	0
CA189_HUMAN	55	361	0
CA194_HUMAN	1	2551	0
CA198_HUMAN	104	107	0
CA201_HUMAN	3	6031	0
CA210_HUMAN	30	598	0
CA212_HUMAN	39	345	0
CA216_HUMAN	74	347	0
CA217_HUMAN	1	4333	0
CA220_HUMAN	6	3815	0
CA226_HUMAN	56	177	0
CA227_HUMAN	1	9171	0
CA228_HUMAN	6	1088	0
CA230_HUMAN	4	1674	0
CA233_HUMAN	3	2261	0
CA2D1_HUMAN	116	107	0
CA2D2_HUMAN	80	242	0
CA2D3_HUMAN	12	1279	0
CA2D4_HUMAN	1	1646	0
CAAP1_HUMAN	45	188	0
CAB39_HUMAN	69	172	0
CAB45_HUMAN	179	69	0
CABIN_HUMAN	77	188	0
CABL1_HUMAN	54	173	0
CABL2_HUMAN	20	326	0
CABP1_HUMAN	9	993	0
CABP2_HUMAN	56	660	0
CABP4_HUMAN	9	846	0
CABP5_HUMAN	36	654	0
CABP7_HUMAN	5	1162	0
CABP8_HUMAN	13	563	0
CABS1_HUMAN	12	1934	0
CABYR_HUMAN	7	859	0
CAC1A_HUMAN	102	220	0
CAC1B_HUMAN	15	746	0
CAC1C_HUMAN	659	39	0
CAC1D_HUMAN	10	402	0
CAC1E_HUMAN	8	635	0
CAC1F_HUMAN	4	1239	0
CAC1G_HUMAN	10	365	0
CAC1H_HUMAN	15	311	0
CAC1I_HUMAN	6	515	0
CAC1S_HUMAN	13	598	0
CACB1_HUMAN	19	732	0
CACB2_HUMAN	11	503	0
CACB3_HUMAN	32	343	0
CACB4_HUMAN	17	786	0
CACO1_HUMAN	73	159	0
CACO2_HUMAN	489	34	0
CACP_HUMAN	51	198	0
CAD10_HUMAN	6	734	0
CAD11_HUMAN	30	495	0
CAD12_HUMAN	15	904	0
CAD13_HUMAN	53	134	0
CAD15_HUMAN	15	538	0
CAD16_HUMAN	27	507	0
CAD17_HUMAN	8	792	0
CAD18_HUMAN	4	1276	0
CAD19_HUMAN	28	338	0
CAD20_HUMAN	2	2107	0
CAD23_HUMAN	76	281	0
CAD24_HUMAN	10	908	0
CAD26_HUMAN	3	558	0
CAD28_HUMAN	7	2562	0
CAD29_HUMAN	67	248	0
CADH1_HUMAN	736	28	0
CADH2_HUMAN	157	67	0
CADH3_HUMAN	24	366	0
CADH4_HUMAN	16	754	0
CADH5_HUMAN	106	159	0
CADH6_HUMAN	3	1888	0
CADH7_HUMAN	9	995	0
CADH8_HUMAN	24	579	0
CADH9_HUMAN	5	597	0
CADM1_HUMAN	52	127	0
CADM2_HUMAN	8	453	0
CADM3_HUMAN	12	476	0
CADM4_HUMAN	58	178	0
CAF17_HUMAN	100	146	0
CAF1A_HUMAN	182	96	0
CAF1B_HUMAN	151	117	0
CAGE1_HUMAN	19	384	0
CAH10_HUMAN	72	288	0
CAH11_HUMAN	15	362	0
CAH12_HUMAN	23	262	0
CAH13_HUMAN	6	639	0
CAH14_HUMAN	70	239	0
CAH1_HUMAN	10	1139	0
CAH2_HUMAN	75	136	0
CAH3_HUMAN	9	653	0
CAH4_HUMAN	11	912	0
CAH5A_HUMAN	7	665	0
CAH5B_HUMAN,CA5BL_HUMAN,CAH5B_HUMAN	7	798	0
CAH6_HUMAN	69	297	0
CAH8_HUMAN	37	335	0
CAH9_HUMAN	213	104	0
CAHD1_HUMAN	79	130	0
CAHM1_HUMAN	2	4379	0
CAHM2_HUMAN	5	4197	0
CAHM3_HUMAN	1	1713	0
CALB1_HUMAN	10	436	0
CALB2_HUMAN	14	696	0
CALCA_HUMAN	16	936	0
CALCB_HUMAN	9	1449	0
CALCR_HUMAN	6	1187	0
CALC_HUMAN	9	1690	0
CALD1_HUMAN	287	57	0
CALI_HUMAN	7	746	0
CALL3_HUMAN	250	80	0
CALL4_HUMAN	2	1468	0
CALL5_HUMAN	199	71	0
CALL6_HUMAN	7	1219	0
CALM_HUMAN	767	26	0
CALR3_HUMAN	140	156	0
CALRL_HUMAN	6	5432	0
CALR_HUMAN	423	33	0
CALU_HUMAN	366	44	0
CALX_HUMAN	1301	14	0
CALY_HUMAN	7	1482	0
CAMKV_HUMAN	139	133	0
CAMLG_HUMAN	134	89	0
CAMP1_HUMAN	95	119	0
CAMP2_HUMAN	171	102	0
CAMP3_HUMAN	133	101	0
CAMP_HUMAN	4	1684	0
CAN10_HUMAN	30	283	0
CAN11_HUMAN	10	554	0
CAN12_HUMAN	23	401	0
CAN13_HUMAN	15	520	0
CAN14_HUMAN	1	2367	0
CAN15_HUMAN	30	300	0
CAN1_HUMAN	206	64	0
CAN2_HUMAN	161	77	0
CAN3_HUMAN	44	269	0
CAN5_HUMAN	17	237	0
CAN6_HUMAN	17	609	0
CAN7_HUMAN	41	249	0
CAN8_HUMAN	8	676	0
CAN9_HUMAN	4	671	0
CANB1_HUMAN	72	207	0
CANB2_HUMAN	32	486	0
CAND1_HUMAN	934	22	0
CAND2_HUMAN	115	132	0
CANT1_HUMAN	105	194	0
CAP1_HUMAN	208	58	0
CAP2_HUMAN	65	151	0
CAP7_HUMAN	81	229	0
CAPG_HUMAN	100	117	0
CAPON_HUMAN	112	126	0
CAPR1_HUMAN	473	52	0
CAPR2_HUMAN	15	501	0
CAPS1_HUMAN	107	138	0
CAPS2_HUMAN	36	346	0
CAPSL_HUMAN	13	918	0
CAPZB_HUMAN	1059	28	0
CAR10_HUMAN	135	134	0
CAR11_HUMAN	34	310	0
CAR14_HUMAN	12	1098	0
CAR16_HUMAN	7	1821	0
CAR17_HUMAN	3	2468	0
CAR18_HUMAN	3	2481	0
CARD6_HUMAN	12	552	0
CARD8_HUMAN	53	339	0
CARD9_HUMAN	178	114	0
CARF_HUMAN	157	88	0
CARM1_HUMAN	275	59	0
CART_HUMAN	44	438	0
CASA1_HUMAN	30	352	0
CASB_HUMAN	33	278	0
CASC1_HUMAN	9	1104	0
CASC2_HUMAN	3	791	0
CASC3_HUMAN	153	102	0
CASC4_HUMAN	49	142	0
CASC5_HUMAN	115	117	0
CASD1_HUMAN	6	1180	0
CASK_HUMAN	21	380	0
CASL_HUMAN	81	176	0
CASP1_HUMAN	76	139	0
CASP2_HUMAN	49	164	0
CASP3_HUMAN	141	89	0
CASP4_HUMAN	67	232	0
CASP5_HUMAN	6	3195	0
CASP6_HUMAN	38	161	0
CASP7_HUMAN	69	144	0
CASP8_HUMAN	228	85	0
CASP9_HUMAN	57	269	0
CASPA_HUMAN	52	275	0
CASPC_HUMAN	8	384	0
CASPE_HUMAN	168	84	0
CASPG_HUMAN	1	3050	0
CASP_HUMAN	206	69	0
CASQ1_HUMAN	5	1477	0
CASQ2_HUMAN	68	254	0
CASR_HUMAN	19	494	0
CASS4_HUMAN	38	245	0
CASZ1_HUMAN	45	147	0
CATA_HUMAN	188	77	0
CATB_HUMAN	235	57	0
CATC_HUMAN	55	147	0
CATD_HUMAN	163	60	0
CATE_HUMAN	15	482	0
CATF_HUMAN	47	497	0
CATG_HUMAN	94	149	0
CATH_HUMAN	66	236	0
CATK_HUMAN	15	707	0
CATL1_HUMAN	230	59	0
CATL2_HUMAN	115	154	0
CATL3_HUMAN	1	5768	0
CATO_HUMAN	13	1246	0
CATS_HUMAN	141	143	0
CATW_HUMAN	2	6376	0
CATZ_HUMAN	48	182	0
CAV1_HUMAN	749	27	0
CAV2_HUMAN	116	131	0
CAV3_HUMAN	62	223	0
CAYP1_HUMAN	28	385	0
CAZA1_HUMAN	399	38	0
CAZA2_HUMAN	430	49	0
CAZA3_HUMAN	1	5431	0
CB015_HUMAN	2	2715	0
CB016_HUMAN	5	429	0
CB018_HUMAN	104	136	0
CB027_HUMAN	24	417	0
CB029_HUMAN	107	135	0
CB034_HUMAN	33	188	0
CB039_HUMAN	7	625	0
CB042_HUMAN	7	1385	0
CB043_HUMAN	5	370	0
CB044_HUMAN	111	128	0
CB046_HUMAN	1	2799	0
CB047_HUMAN	145	105	0
CB048_HUMAN	12	928	0
CB050_HUMAN	11	917	0
CB052_HUMAN	1	8772	0
CB053_HUMAN	8	696	0
CB054_HUMAN	12	843	0
CB055_HUMAN	11	376	0
CB057_HUMAN	12	2128	0
CB060_HUMAN	15	792	0
CB061_HUMAN	4	734	0
CB062_HUMAN	16	1488	0
CB063_HUMAN	8	587	0
CB064_HUMAN	21	389	0
CB065_HUMAN	17	659	0
CB066_HUMAN	1	16882	0
CB068_HUMAN	27	320	0
CB069_HUMAN	9	829	0
CB071_HUMAN	9	802	0
CB072_HUMAN	6	417	0
CB073_HUMAN	20	818	0
CB074_HUMAN	4	1132	0
CB076_HUMAN	5	1536	0
CB077_HUMAN	9	796	0
CB078_HUMAN	5	957	0
CB079_HUMAN	39	287	0
CB080_HUMAN	1	5201	0
CB082_HUMAN	25	566	0
CB083_HUMAN	3	3590	0
CB084_HUMAN	21	441	0
CB085_HUMAN	52	381	0
CB086_HUMAN	2	1027	0
CB088_HUMAN	15	685	0
CB089_HUMAN	2	768	0
CB39L_HUMAN	29	381	0
CB5D1_HUMAN	2	1296	0
CB5D2_HUMAN	40	525	0
CBG_HUMAN	13	1070	0
CBLB_HUMAN	96	148	0
CBLC_HUMAN	80	177	0
CBLN1_HUMAN	4	757	0
CBLN2_HUMAN	1	18604	0
CBLN3_HUMAN	3	8856	0
CBLN4_HUMAN	132	134	0
CBL_HUMAN	481	38	0
CBPA1_HUMAN	1	3867	0
CBPA2_HUMAN	9	659	0
CBPA3_HUMAN	3	3028	0
CBPA4_HUMAN	101	120	0
CBPA5_HUMAN	18	342	0
CBPA6_HUMAN	14	828	0
CBPB2_HUMAN	12	1074	0
CBPC1_HUMAN	70	169	0
CBPC2_HUMAN	12	402	0
CBPC3_HUMAN	7	528	0
CBPC4_HUMAN	7	1177	0
CBPC5_HUMAN	23	348	0
CBPC6_HUMAN	67	263	0
CBPD_HUMAN	191	73	0
CBPE_HUMAN	50	234	0
CBPM_HUMAN	46	189	0
CBPN_HUMAN	9	775	0
CBPQ_HUMAN	20	1133	0
CBPZ_HUMAN	5	795	0
CBP_HUMAN	515	44	0
CBR1_HUMAN	173	85	0
CBR3_HUMAN	44	180	0
CBR4_HUMAN	43	205	0
CBS_HUMAN	155	85	0
CBWD1_HUMAN	181	119	0
CBWD2_HUMAN	70	178	0
CBWD3_HUMAN	92	233	0
CBWD5_HUMAN	9	416	0
CBWD6_HUMAN	14	405	0
CBWD7_HUMAN	9	473	0
CBX1_HUMAN	289	63	0
CBX2_HUMAN	136	142	0
CBX3_HUMAN	667	46	0
CBX4_HUMAN	226	95	0
CBX5_HUMAN	349	62	0
CBX6_HUMAN	306	99	0
CBX7_HUMAN	45	248	0
CBX8_HUMAN	265	78	0
CBY1_HUMAN	178	143	0
CC014_HUMAN	10	614	0
CC016_HUMAN	1	1346	0
CC017_HUMAN	107	140	0
CC018_HUMAN	132	148	0
CC019_HUMAN	40	186	0
CC020_HUMAN	11	577	0
CC023_HUMAN	5	2109	0
CC024_HUMAN	33	657	0
CC025_HUMAN	5	1051	0
CC026_HUMAN	132	105	0
CC030_HUMAN	2	5370	0
CC032_HUMAN	199	152	0
CC033_HUMAN	30	471	0
CC036_HUMAN	21	874	0
CC037_HUMAN	50	185	0
CC038_HUMAN	17	400	0
CC042_HUMAN	1	8118	0
CC043_HUMAN	6	1306	0
CC045_HUMAN	51	289	0
CC046_HUMAN	41	583	0
CC047_HUMAN	4	754	0
CC048_HUMAN	1	2319	0
CC049_HUMAN	14	1133	0
CC054_HUMAN	18	694	0
CC055_HUMAN	9	678	0
CC056_HUMAN	1	5068	0
CC058_HUMAN	68	142	0
CC062_HUMAN	36	448	0
CC067_HUMAN	3	1224	0
CC070_HUMAN	9	545	0
CC071_HUMAN	3	1965	0
CC072_HUMAN	1	10153	0
CC074_HUMAN	1	3574	0
CC078_HUMAN	7	561	0
CC079_HUMAN	1	5280	0
CC103_HUMAN	37	514	0
CC104_HUMAN,CFA36_HUMAN	22	435	0
CC105_HUMAN	5	1901	0
CC106_HUMAN	60	206	0
CC107_HUMAN	68	330	0
CC108_HUMAN	4	1163	0
CC110_HUMAN	17	345	0
CC111_HUMAN,PRIPO_HUMAN	20	477	0
CC112_HUMAN	31	434	0
CC113_HUMAN	22	466	0
CC114_HUMAN	60	350	0
CC115_HUMAN	99	145	0
CC116_HUMAN	34	689	0
CC117_HUMAN	25	308	0
CC120_HUMAN	201	107	0
CC121_HUMAN	12	874	0
CC122_HUMAN	9	2364	0
CC124_HUMAN	145	95	0
CC125_HUMAN	66	342	0
CC126_HUMAN	8	1709	0
CC127_HUMAN	32	280	0
CC130_HUMAN	66	333	0
CC132_HUMAN,VPS50_HUMAN	119	122	0
CC134_HUMAN	27	190	0
CC135_HUMAN,DRC7_HUMAN	5	1719	0
CC136_HUMAN	167	213	0
CC137_HUMAN	206	144	0
CC138_HUMAN	121	167	0
CC140_HUMAN	114	335	0
CC141_HUMAN	12	699	0
CC142_HUMAN	10	366	0
CC146_HUMAN	84	225	0
CC147_HUMAN,CFA58_HUMAN	19	387	0
CC148_HUMAN	13	959	0
CC149_HUMAN	4	1324	0
CC14A_HUMAN	103	179	0
CC14B_HUMAN	156	181	0
CC14C_HUMAN	1	16022	0
CC150_HUMAN	17	548	0
CC151_HUMAN	41	336	0
CC152_HUMAN	5	627	0
CC153_HUMAN	18	867	0
CC154_HUMAN	6	772	0
CC155_HUMAN,KASH5_HUMAN	115	156	0
CC157_HUMAN	7	628	0
CC159_HUMAN	2	3377	0
CC160_HUMAN	1	1756	0
CC164_HUMAN	3	1907	0
CC166_HUMAN	1	4125	0
CC167_HUMAN	59	355	0
CC170_HUMAN	11	652	0
CC171_HUMAN	3	1702	0
CC172_HUMAN	27	689	0
CC28A_HUMAN	31	243	0
CC28B_HUMAN	29	444	0
CC42B_HUMAN	1	3009	0
CC4L_HUMAN	56	523	0
CC50A_HUMAN	177	103	0
CC50B_HUMAN	88	340	0
CC50C_HUMAN	1	1646	0
CC64A_HUMAN	4	1548	0
CC71L_HUMAN	24	396	0
CC74A_HUMAN	35	463	0
CC74B_HUMAN	32	497	0
CC85A_HUMAN	64	327	0
CC85B_HUMAN	171	184	0
CC85C_HUMAN	129	119	0
CC88B_HUMAN	45	407	0
CC90A_HUMAN,MCUR1_HUMAN	191	201	0
CC90B_HUMAN	223	155	0
CCAR1_HUMAN	206	79	0
CCBE1_HUMAN	30	340	0
CCBP2_HUMAN	83	401	0
CCD11_HUMAN,CFA53_HUMAN	29	593	0
CCD12_HUMAN	106	152	0
CCD13_HUMAN	69	218	0
CCD14_HUMAN	131	139	0
CCD15_HUMAN	11	618	0
CCD17_HUMAN	12	1223	0
CCD18_HUMAN	69	222	0
CCD19_HUMAN,CFA45_HUMAN	16	405	0
CCD22_HUMAN	161	113	0
CCD23_HUMAN,SVBP_HUMAN	3	564	0
CCD24_HUMAN	38	548	0
CCD25_HUMAN	46	138	0
CCD26_HUMAN	9	2614	0
CCD27_HUMAN	15	734	0
CCD30_HUMAN	8	420	0
CCD33_HUMAN	176	131	0
CCD34_HUMAN	10	657	0
CCD36_HUMAN	80	317	0
CCD37_HUMAN	10	598	0
CCD38_HUMAN	4	966	0
CCD39_HUMAN	15	443	0
CCD40_HUMAN	36	394	0
CCD41_HUMAN,CEP83_HUMAN	42	228	0
CCD42_HUMAN	11	666	0
CCD43_HUMAN	50	209	0
CCD47_HUMAN	473	40	0
CCD48_HUMAN,EFCC1_HUMAN	2	1477	0
CCD50_HUMAN	69	117	0
CCD51_HUMAN	80	147	0
CCD53_HUMAN	140	124	0
CCD54_HUMAN	1	4039	0
CCD56_HUMAN,COA3_HUMAN	121	131	0
CCD57_HUMAN	174	150	0
CCD58_HUMAN	68	182	0
CCD60_HUMAN	14	606	0
CCD61_HUMAN	55	224	0
CCD62_HUMAN	6	557	0
CCD63_HUMAN	4	3193	0
CCD65_HUMAN	14	439	0
CCD66_HUMAN	36	294	0
CCD67_HUMAN,DEUP1_HUMAN	77	226	0
CCD68_HUMAN	22	677	0
CCD69_HUMAN	30	600	0
CCD70_HUMAN	19	518	0
CCD71_HUMAN	75	233	0
CCD72_HUMAN,TMA7_HUMAN	48	204	0
CCD73_HUMAN	5	1694	0
CCD75_HUMAN,GPT11_HUMAN	58	194	0
CCD77_HUMAN	68	234	0
CCD78_HUMAN	6	2539	0
CCD79_HUMAN,TERB1_HUMAN	2	2625	0
CCD80_HUMAN	25	293	0
CCD81_HUMAN	6	948	0
CCD82_HUMAN	26	243	0
CCD83_HUMAN	12	872	0
CCD84_HUMAN	35	326	0
CCD86_HUMAN	156	112	0
CCD87_HUMAN	23	246	0
CCD89_HUMAN	26	472	0
CCD91_HUMAN	28	248	0
CCD92_HUMAN	51	267	0
CCD93_HUMAN	106	126	0
CCD94_HUMAN	73	166	0
CCD96_HUMAN	170	225	0
CCD97_HUMAN	55	232	0
CCDB1_HUMAN	133	190	0
CCDC3_HUMAN	4	620	0
CCDC6_HUMAN	299	63	0
CCDC7_HUMAN	10	481	0
CCDC8_HUMAN	660	33	0
CCDC9_HUMAN	96	163	0
CCG1_HUMAN	45	552	0
CCG2_HUMAN	25	508	0
CCG3_HUMAN	10	1161	0
CCG4_HUMAN	71	294	0
CCG5_HUMAN	56	326	0
CCG6_HUMAN	33	372	0
CCG7_HUMAN	20	599	0
CCG8_HUMAN	13	396	0
CCGL_HUMAN	12	786	0
CCHCR_HUMAN	237	105	0
CCHL_HUMAN	128	139	0
CCKAR_HUMAN	1	17809	0
CCKN_HUMAN	4	2333	0
CCL11_HUMAN	8	951	0
CCL13_HUMAN	5	1379	0
CCL14_HUMAN	14	960	0
CCL15_HUMAN	5	4056	0
CCL16_HUMAN	7	1443	0
CCL17_HUMAN	9	1542	0
CCL18_HUMAN	21	306	0
CCL19_HUMAN	15	1486	0
CCL1_HUMAN	5	4202	0
CCL20_HUMAN	8	585	0
CCL21_HUMAN	21	511	0
CCL22_HUMAN	38	381	0
CCL23_HUMAN	3	3653	0
CCL24_HUMAN	3	2083	0
CCL25_HUMAN	5	1998	0
CCL26_HUMAN	15	1291	0
CCL27_HUMAN	3	10155	0
CCL28_HUMAN	5	1480	0
CCL2_HUMAN	29	357	0
CCL3_HUMAN	175	183	0
CCL4_HUMAN	28	944	0
CCL5_HUMAN	38	301	0
CCL7_HUMAN	17	602	0
CCL8_HUMAN	3	8176	0
CCM2_HUMAN	56	183	0
CCNA1_HUMAN	85	185	0
CCNA2_HUMAN	168	127	0
CCNB1_HUMAN	217	80	0
CCNB2_HUMAN	67	173	0
CCNB3_HUMAN	13	571	0
CCNC_HUMAN	187	99	0
CCND1_HUMAN	268	78	0
CCND2_HUMAN	146	102	0
CCND3_HUMAN	92	138	0
CCNE1_HUMAN	104	127	0
CCNE2_HUMAN	26	355	0
CCNF_HUMAN	2063	9	0
CCNG1_HUMAN	48	180	0
CCNG2_HUMAN	16	668	0
CCNH_HUMAN	96	137	0
CCNI2_HUMAN	37	377	0
CCNI_HUMAN	21	330	0
CCNJL_HUMAN	43	327	0
CCNJ_HUMAN	11	463	0
CCNK_HUMAN	117	113	0
CCNL1_HUMAN	68	141	0
CCNL2_HUMAN	102	125	0
CCNO_HUMAN	34	319	0
CCNT1_HUMAN	231	86	0
CCNT2_HUMAN	57	202	0
CCNY_HUMAN	60	164	0
CCPG1_HUMAN	110	161	0
CCR10_HUMAN	13	727	0
CCR1_HUMAN	350	86	0
CCR2_HUMAN	47	331	0
CCR3_HUMAN	11	2687	0
CCR4_HUMAN	38	453	0
CCR5_HUMAN	27	682	0
CCR6_HUMAN	97	457	0
CCR7_HUMAN	6	1479	0
CCR8_HUMAN	16	1401	0
CCR9_HUMAN	55	466	0
CCRL1_HUMAN	5	1736	0
CCRL2_HUMAN	9	2816	0
CCS_HUMAN	44	226	0
CCYL1_HUMAN	64	202	0
CCYL2_HUMAN	2	851	0
CCZ1B_HUMAN	88	177	0
CCZ1_HUMAN	20	304	0
CD003_HUMAN	90	303	0
CD006_HUMAN	24	516	0
CD017_HUMAN	17	521	0
CD019_HUMAN	11	632	0
CD021_HUMAN	25	271	0
CD022_HUMAN	6	1521	0
CD026_HUMAN	47	415	0
CD027_HUMAN	41	204	0
CD029_HUMAN	33	301	0
CD031_HUMAN	15	553	0
CD032_HUMAN	107	183	0
CD033_HUMAN	5	1488	0
CD034_HUMAN	6	1033	0
CD036_HUMAN	4	613	0
CD037_HUMAN	5	3663	0
CD038_HUMAN	1	2962	0
CD039_HUMAN	15	1369	0
CD040_HUMAN	17	912	0
CD044_HUMAN	1	3962	0
CD045_HUMAN	23	722	0
CD046_HUMAN	14	688	0
CD047_HUMAN	2	1814	0
CD048_HUMAN	4	2881	0
CD050_HUMAN	3	4438	0
CD051_HUMAN	1	4039	0
CD052_HUMAN	18	508	0
CD109_HUMAN	122	112	0
CD11A_HUMAN	187	83	0
CD11B_HUMAN	184	101	0
CD123_HUMAN	1830	16	0
CD14_HUMAN	51	353	0
CD151_HUMAN	65	159	0
CD158_HUMAN	22	362	0
CD15L_HUMAN	1	17803	0
CD166_HUMAN	90	100	0
CD177_HUMAN	102	169	0
CD180_HUMAN	1	8834	0
CD19_HUMAN	27	453	0
CD1A_HUMAN	74	370	0
CD1B_HUMAN	77	273	0
CD1D_HUMAN	9	831	0
CD1E_HUMAN	37	499	0
CD209_HUMAN	20	709	0
CD20B_HUMAN	38	333	0
CD20_HUMAN	50	294	0
CD226_HUMAN	110	229	0
CD22_HUMAN	22	364	0
CD244_HUMAN	55	380	0
CD248_HUMAN	4	1576	0
CD24_HUMAN	5	1104	0
CD276_HUMAN	43	206	0
CD27_HUMAN	112	160	0
CD28_HUMAN	30	477	0
CD2A1_HUMAN,CDN2A_HUMAN,ARF_HUMAN	373	49	0
CD2A2_HUMAN	39	252	0
CD2AP_HUMAN	212	66	0
CD2B2_HUMAN	248	65	0
CD2_HUMAN	20	466	0
CD302_HUMAN	16	787	0
CD320_HUMAN	62	206	0
CD33_HUMAN	48	321	0
CD34_HUMAN	4	1647	0
CD36_HUMAN	30	367	0
CD37L_HUMAN	30	345	0
CD37_HUMAN	16	561	0
CD38_HUMAN	10	1134	0
CD3D_HUMAN	89	183	0
CD3E_HUMAN	63	294	0
CD3G_HUMAN	18	687	0
CD3Z_HUMAN	41	436	0
CD40L_HUMAN	10	698	0
CD44_HUMAN	277	54	0
CD47_HUMAN	71	111	0
CD48_HUMAN	35	337	0
CD4_HUMAN	96	129	0
CD52_HUMAN	7	801	0
CD53_HUMAN	119	311	0
CD59_HUMAN	101	111	0
CD5L_HUMAN	1	3167	0
CD5R1_HUMAN	53	222	0
CD5R2_HUMAN	21	661	0
CD5_HUMAN	23	517	0
CD63_HUMAN	117	132	0
CD68_HUMAN	52	249	0
CD69_HUMAN	22	827	0
CD6_HUMAN	155	179	0
CD70_HUMAN	175	122	0
CD72_HUMAN	26	637	0
CD79A_HUMAN	252	111	0
CD79B_HUMAN	123	132	0
CD7_HUMAN	19	999	0
CD80_HUMAN	164	155	0
CD81_HUMAN	464	46	0
CD82_HUMAN	45	232	0
CD83_HUMAN	64	340	0
CD86_HUMAN	8	850	0
CD8A_HUMAN	20	512	0
CD8B_HUMAN	18	614	0
CD97_HUMAN	178	91	0
CD99_HUMAN	76	138	0
CD9_HUMAN	170	68	0
CDA7L_HUMAN	83	208	0
CDAC1_HUMAN	13	955	0
CDAN1_HUMAN	42	219	0
CDC16_HUMAN	233	101	0
CDC20_HUMAN	228	74	0
CDC23_HUMAN	247	92	0
CDC26_HUMAN	56	232	0
CDC27_HUMAN	245	88	0
CDC37_HUMAN	651	25	0
CDC42_HUMAN	1144	17	0
CDC45_HUMAN	133	89	0
CDC5L_HUMAN	933	31	0
CDC6_HUMAN	115	103	0
CDC73_HUMAN	411	29	0
CDC7_HUMAN	121	121	0
CDCA2_HUMAN	81	131	0
CDCA3_HUMAN	178	85	0
CDCA4_HUMAN	49	268	0
CDCA5_HUMAN	141	116	0
CDCA7_HUMAN	13	477	0
CDCP1_HUMAN	23	278	0
CDCP2_HUMAN	3	3358	0
CDD_HUMAN	59	218	0
CDHR1_HUMAN	6	1764	0
CDHR2_HUMAN	15	1219	0
CDHR3_HUMAN	7	2562	0
CDHR4_HUMAN	68	290	0
CDHR5_HUMAN	19	304	0
CDIPT_HUMAN	173	69	0
CDK10_HUMAN	50	290	0
CDK12_HUMAN	204	70	0
CDK13_HUMAN	158	73	0
CDK14_HUMAN	46	200	0
CDK15_HUMAN	117	183	0
CDK16_HUMAN	140	122	0
CDK17_HUMAN	68	156	0
CDK18_HUMAN	140	104	0
CDK19_HUMAN	90	205	0
CDK1_HUMAN	439	42	0
CDK20_HUMAN	118	118	0
CDK2_HUMAN	800	27	0
CDK3_HUMAN	105	166	0
CDK4_HUMAN	319	52	0
CDK5_HUMAN	274	49	0
CDK6_HUMAN	218	70	0
CDK7_HUMAN	485	42	0
CDK8_HUMAN	215	103	0
CDK9_HUMAN	715	29	0
CDKA1_HUMAN	119	145	0
CDKA2_HUMAN	46	299	0
CDKAL_HUMAN	242	61	0
CDKL1_HUMAN	23	564	0
CDKL2_HUMAN	68	231	0
CDKL3_HUMAN	65	144	0
CDKL4_HUMAN	11	888	0
CDKL5_HUMAN	33	205	0
CDKN3_HUMAN	51	297	0
CDN1A_HUMAN	340	58	0
CDN1B_HUMAN	130	90	0
CDN1C_HUMAN	33	340	0
CDN2B_HUMAN	76	151	0
CDN2C_HUMAN	93	137	0
CDN2D_HUMAN	81	240	0
CDNF_HUMAN	4	3205	0
CDO1_HUMAN	14	803	0
CDON_HUMAN	26	289	0
CDR1_HUMAN	7	791	0
CDR2L_HUMAN	93	177	0
CDR2_HUMAN	144	138	0
CDRT1_HUMAN	1	641	0
CDRT4_HUMAN	2	3732	0
CDRTF_HUMAN	9	2584	0
CDS1_HUMAN	63	257	0
CDS2_HUMAN	117	89	0
CDSN_HUMAN	134	92	0
CDT1_HUMAN	77	223	0
CDV3_HUMAN	89	112	0
CDX1_HUMAN	72	334	0
CDX2_HUMAN	24	313	0
CDX4_HUMAN	9	1232	0
CDY1_HUMAN	4	781	0
CDY2_HUMAN	22	507	0
CDYL1_HUMAN	90	130	0
CDYL2_HUMAN	21	276	0
CE004_HUMAN	36	325	0
CE017_HUMAN	1	1289	0
CE022_HUMAN	30	242	0
CE024_HUMAN	48	206	0
CE025_HUMAN	51	196	0
CE027_HUMAN	2	1578	0
CE028_HUMAN	15	329	0
CE030_HUMAN	33	255	0
CE034_HUMAN	32	309	0
CE035_HUMAN	7	658	0
CE036_HUMAN	9	537	0
CE040_HUMAN	88	531	0
CE042_HUMAN	24	284	0
CE043_HUMAN	1	10196	0
CE044_HUMAN	32	281	0
CE045_HUMAN	14	405	0
CE046_HUMAN	14	1928	0
CE048_HUMAN	8	1199	0
CE049_HUMAN	4	3674	0
CE051_HUMAN	35	226	0
CE054_HUMAN	19	684	0
CE055_HUMAN	6	1504	0
CE056_HUMAN	2	3751	0
CE058_HUMAN	1	4493	0
CE060_HUMAN	8	1147	0
CE064_HUMAN	3	3221	0
CE065_HUMAN	1	3377	0
CE104_HUMAN	86	198	0
CE112_HUMAN	31	263	0
CE120_HUMAN	112	197	0
CE128_HUMAN	303	99	0
CE152_HUMAN	194	114	0
CE164_HUMAN	131	157	0
CE170_HUMAN	407	50	0
CE192_HUMAN	285	76	0
CE290_HUMAN	184	108	0
CE350_HUMAN	154	100	0
CE57L_HUMAN	96	167	0
CE85L_HUMAN	37	263	0
CEA16_HUMAN	14	928	0
CEA19_HUMAN	1	1346	0
CEA21_HUMAN	81	261	0
CEAM1_HUMAN	19	550	0
CEAM3_HUMAN	4	8749	0
CEAM5_HUMAN	13	459	0
CEAM6_HUMAN	256	83	0
CEAM7_HUMAN	4	2478	0
CEAM8_HUMAN	127	327	0
CEBPA_HUMAN	486	75	0
CEBPB_HUMAN	1422	17	0
CEBPD_HUMAN	51	216	0
CEBPE_HUMAN	48	336	0
CEBPG_HUMAN	61	198	0
CEBPZ_HUMAN	251	72	0
CECR1_HUMAN	7	661	0
CECR2_HUMAN	49	252	0
CECR5_HUMAN	105	148	0
CECR6_HUMAN	1	7062	0
CEGT_HUMAN	45	338	0
CEI_HUMAN	1	11786	0
CEL2A_HUMAN	18	625	0
CEL2B_HUMAN	33	333	0
CEL3A_HUMAN	53	320	0
CEL3B_HUMAN	13	1419	0
CELA1_HUMAN	19	657	0
CELF1_HUMAN	255	97	0
CELF2_HUMAN	32	216	0
CELF3_HUMAN	13	760	0
CELF4_HUMAN	9	1805	0
CELF5_HUMAN	37	846	0
CELF6_HUMAN	6	1136	0
CELR1_HUMAN	76	149	0
CELR2_HUMAN	126	119	0
CELR3_HUMAN	53	211	0
CEL_HUMAN	1	11977	0
CEMP1_HUMAN	5	2276	0
CEND_HUMAN	13	227	0
CENP1_HUMAN	2	799	0
CENPA_HUMAN	365	85	0
CENPB_HUMAN	133	145	0
CENPC_HUMAN	118	148	0
CENPE_HUMAN	85	162	0
CENPF_HUMAN	136	85	0
CENPH_HUMAN	116	162	0
CENPI_HUMAN	37	282	0
CENPJ_HUMAN	183	112	0
CENPK_HUMAN	38	396	0
CENPL_HUMAN	24	390	0
CENPM_HUMAN	104	184	0
CENPN_HUMAN	59	416	0
CENPO_HUMAN	47	292	0
CENPP_HUMAN	49	333	0
CENPQ_HUMAN	103	182	0
CENPR_HUMAN	93	193	0
CENPS_HUMAN	35	396	0
CENPT_HUMAN	43	232	0
CENPU_HUMAN	112	176	0
CENPV_HUMAN	126	107	0
CENPW_HUMAN	12	637	0
CENPX_HUMAN	26	370	0
CEP19_HUMAN	157	179	0
CEP41_HUMAN	29	233	0
CEP44_HUMAN	185	127	0
CEP55_HUMAN	261	60	0
CEP57_HUMAN	162	91	0
CEP63_HUMAN	529	51	0
CEP68_HUMAN	30	277	0
CEP70_HUMAN	265	112	0
CEP72_HUMAN	123	101	0
CEP76_HUMAN	225	104	0
CEP78_HUMAN	107	150	0
CEP85_HUMAN	167	107	0
CEP89_HUMAN	146	145	0
CEP95_HUMAN	51	254	0
CEP97_HUMAN	170	113	0
CEPT1_HUMAN	73	131	0
CER1_HUMAN	35	411	0
CERK1_HUMAN	90	192	0
CERKL_HUMAN	15	707	0
CERS1_HUMAN	43	237	0
CERS2_HUMAN	228	56	0
CERS3_HUMAN	60	443	0
CERS4_HUMAN	64	383	0
CERS5_HUMAN	43	493	0
CERS6_HUMAN	110	135	0
CERU_HUMAN	66	165	0
CETN1_HUMAN	65	323	0
CETN2_HUMAN	128	128	0
CETN3_HUMAN	82	166	0
CETP_HUMAN	4	808	0
CF001_HUMAN	2	11071	0
CF010_HUMAN	3	2878	0
CF012_HUMAN	1	2502	0
CF015_HUMAN	22	516	0
CF035_HUMAN	52	333	0
CF047_HUMAN	48	377	0
CF057_HUMAN	31	583	0
CF058_HUMAN	16	1029	0
CF059_HUMAN	1	7335	0
CF062_HUMAN	20	528	0
CF070_HUMAN	1	1454	0
CF072_HUMAN	83	272	0
CF081_HUMAN	55	202	0
CF089_HUMAN	13	639	0
CF094_HUMAN	27	377	0
CF099_HUMAN	1	3442	0
CF100_HUMAN	1	6033	0
CF106_HUMAN	14	326	0
CF118_HUMAN	5	2420	0
CF120_HUMAN	50	219	0
CF122_HUMAN	1	9809	0
CF123_HUMAN	1	3052	0
CF124_HUMAN	1	2226	0
CF126_HUMAN	2	1797	0
CF127_HUMAN	12	1544	0
CF130_HUMAN	15	325	0
CF132_HUMAN	24	307	0
CF134_HUMAN	19	220	0
CF136_HUMAN	9	868	0
CF138_HUMAN	1	4011	0
CF141_HUMAN	102	260	0
CF145_HUMAN	7	1082	0
CF146_HUMAN	4	1077	0
CF154_HUMAN	33	393	0
CF155_HUMAN	1	3050	0
CF162_HUMAN	23	681	0
CF163_HUMAN	1	12765	0
CF165_HUMAN	65	389	0
CF174_HUMAN	36	248	0
CF176_HUMAN	2	937	0
CF186_HUMAN	1	2226	0
CF195_HUMAN	2	1441	0
CF201_HUMAN	15	475	0
CF203_HUMAN	306	138	0
CF211_HUMAN	88	151	0
CF218_HUMAN	3	3002	0
CF222_HUMAN	31	344	0
CF223_HUMAN	2	868	0
CF225_HUMAN	2	10631	0
CF226_HUMAN	8	1279	0
CF227_HUMAN	1	2303	0
CF228_HUMAN	2	1067	0
CFAB_HUMAN	44	209	0
CFAD_HUMAN	6	1055	0
CFAH_HUMAN	142	126	0
CFAI_HUMAN	15	444	0
CFC1_HUMAN	127	248	0
CFDP1_HUMAN	74	146	0
CFLAR_HUMAN	78	181	0
CFTR_HUMAN	1865	14	0
CG010_HUMAN	42	274	0
CG013_HUMAN	1	2634	0
CG023_HUMAN	47	539	0
CG025_HUMAN	32	439	0
CG026_HUMAN	26	306	0
CG029_HUMAN	14	959	0
CG031_HUMAN	14	1273	0
CG033_HUMAN	4	2138	0
CG034_HUMAN	121	241	0
CG038_HUMAN	9	560	0
CG040_HUMAN	1	7392	0
CG041_HUMAN	34	417	0
CG043_HUMAN	39	467	0
CG044_HUMAN	49	245	0
CG045_HUMAN	153	150	0
CG046_HUMAN	19	482	0
CG050_HUMAN	195	93	0
CG051_HUMAN	11	420	0
CG052_HUMAN	10	664	0
CG053_HUMAN	9	1717	0
CG055_HUMAN	109	139	0
CG057_HUMAN	9	1798	0
CG058_HUMAN	1	1953	0
CG059_HUMAN	47	225	0
CG060_HUMAN	24	797	0
CG062_HUMAN	1	4989	0
CG063_HUMAN	9	723	0
CG069_HUMAN	9	1451	0
CG070_HUMAN	3	3424	0
CG073_HUMAN	3	1544	0
CGAT1_HUMAN	63	209	0
CGAT2_HUMAN	142	200	0
CGB1_HUMAN	4	1374	0
CGB2_HUMAN	16	741	0
CGBP1_HUMAN	55	157	0
CGHB_HUMAN	11	878	0
CGL_HUMAN	72	130	0
CGNL1_HUMAN	57	125	0
CGRE1_HUMAN	37	272	0
CGRF1_HUMAN	107	217	0
CGT_HUMAN	94	170	0
CH004_HUMAN	14	254	0
CH031_HUMAN	2	1855	0
CH033_HUMAN	185	78	0
CH034_HUMAN	12	1085	0
CH037_HUMAN	33	362	0
CH038_HUMAN	6	1389	0
CH040_HUMAN	5	1399	0
CH042_HUMAN	6	555	0
CH044_HUMAN	3	2847	0
CH045_HUMAN	3	1475	0
CH046_HUMAN	6	2492	0
CH047_HUMAN	39	337	0
CH048_HUMAN	6	1622	0
CH051_HUMAN	1	8899	0
CH058_HUMAN	3	2292	0
CH059_HUMAN	23	346	0
CH071_HUMAN	1	6443	0
CH073_HUMAN	8	755	0
CH074_HUMAN	11	1326	0
CH076_HUMAN	10	987	0
CH077_HUMAN	27	627	0
CH079_HUMAN	6	1080	0
CH082_HUMAN	169	134	0
CH083_HUMAN	4	1158	0
CH086_HUMAN	2	1312	0
CH10_HUMAN	322	51	0
CH25H_HUMAN	4	6537	0
CH3L1_HUMAN	34	188	0
CH3L2_HUMAN	9	1550	0
CH60_HUMAN	1093	28	0
CHAC1_HUMAN	3	6208	0
CHAC2_HUMAN	69	197	0
CHADL_HUMAN	3	666	0
CHAD_HUMAN	5	2250	0
CHAP1_HUMAN	153	92	0
CHC10_HUMAN	117	180	0
CHCH1_HUMAN	254	117	0
CHCH2_HUMAN	308	82	0
CHCH3_HUMAN,MIC19_HUMAN	294	50	0
CHCH5_HUMAN	13	886	0
CHCH6_HUMAN,MIC25_HUMAN	93	148	0
CHCH7_HUMAN	8	425	0
CHCH8_HUMAN,COA4_HUMAN	25	407	0
CHCH9_HUMAN	31	396	0
CHD1L_HUMAN	128	106	0
CHD1_HUMAN	134	116	0
CHD2_HUMAN	82	116	0
CHD3_HUMAN	773	34	0
CHD4_HUMAN	942	28	0
CHD5_HUMAN	85	174	0
CHD6_HUMAN	78	135	0
CHD7_HUMAN	164	107	0
CHD8_HUMAN	308	50	0
CHD9_HUMAN	80	170	0
CHDH_HUMAN	32	230	0
CHERP_HUMAN	269	70	0
CHFR_HUMAN	66	175	0
CHIA_HUMAN	56	212	0
CHIC1_HUMAN	12	1159	0
CHIC2_HUMAN	70	328	0
CHID1_HUMAN	86	127	0
CHIN_HUMAN	32	290	0
CHIO_HUMAN	29	350	0
CHIP_HUMAN	635	30	0
CHIT1_HUMAN	11	775	0
CHK1_HUMAN	196	101	0
CHK2_HUMAN	221	77	0
CHKA_HUMAN	8	367	0
CHKB_HUMAN	3	471	0
CHL1_HUMAN,NCHL1_HUMAN	10	790	0
CHLE_HUMAN	64	219	0
CHM1A_HUMAN	112	102	0
CHM1B_HUMAN	47	200	0
CHM2A_HUMAN	107	137	0
CHM2B_HUMAN	82	116	0
CHM4A_HUMAN	79	172	0
CHM4B_HUMAN	728	28	0
CHM4C_HUMAN	681	36	0
CHMP3_HUMAN	67	169	0
CHMP5_HUMAN	110	114	0
CHMP6_HUMAN	38	219	0
CHMP7_HUMAN	82	123	0
CHODL_HUMAN	32	901	0
CHP1_HUMAN	99	89	0
CHP2_HUMAN	13	1230	0
CHPF2_HUMAN	92	189	0
CHPT1_HUMAN	74	198	0
CHRC1_HUMAN	54	177	0
CHRD1_HUMAN	131	105	0
CHRD_HUMAN	91	319	0
CHSP1_HUMAN	53	135	0
CHSS1_HUMAN	62	197	0
CHSS2_HUMAN	55	138	0
CHSS3_HUMAN	51	276	0
CHST1_HUMAN	6	674	0
CHST2_HUMAN	4	714	0
CHST3_HUMAN	23	377	0
CHST4_HUMAN	7	1270	0
CHST5_HUMAN	34	414	0
CHST6_HUMAN	20	284	0
CHST7_HUMAN	30	521	0
CHST8_HUMAN	88	264	0
CHST9_HUMAN	16	420	0
CHSTA_HUMAN	55	435	0
CHSTB_HUMAN	19	346	0
CHSTC_HUMAN	73	262	0
CHSTD_HUMAN	5	690	0
CHSTE_HUMAN	62	185	0
CHSTF_HUMAN	29	313	0
CHTOP_HUMAN	279	61	0
CHUR_HUMAN	20	509	0
CI009_HUMAN	21	742	0
CI016_HUMAN	24	994	0
CI021_HUMAN	3	929	0
CI037_HUMAN	2	918	0
CI040_HUMAN	33	297	0
CI041_HUMAN	57	343	0
CI043_HUMAN	10	469	0
CI045_HUMAN	2	1048	0
CI050_HUMAN	1	2639	0
CI057_HUMAN	2	6904	0
CI062_HUMAN	3	641	0
CI064_HUMAN	43	185	0
CI068_HUMAN	5	696	0
CI071_HUMAN	11	805	0
CI072_HUMAN	1331	23	0
CI078_HUMAN	619	44	0
CI084_HUMAN	4	1041	0
CI085_HUMAN	18	473	0
CI091_HUMAN	28	602	0
CI093_HUMAN	8	476	0
CI098_HUMAN	17	576	0
CI100_HUMAN	55	282	0
CI102_HUMAN	8	672	0
CI106_HUMAN	3	2833	0
CI114_HUMAN	81	176	0
CI116_HUMAN	2	944	0
CI117_HUMAN	5	1506	0
CI119_HUMAN	3	4149	0
CI123_HUMAN	9	594	0
CI128_HUMAN	23	841	0
CI131_HUMAN	4	691	0
CI134_HUMAN	1	875	0
CI135_HUMAN	1	1646	0
CI139_HUMAN	4	4258	0
CI140_HUMAN	35	303	0
CI142_HUMAN	37	217	0
CI152_HUMAN	5	2559	0
CI153_HUMAN	1	12796	0
CI163_HUMAN	50	366	0
CI169_HUMAN	534	73	0
CI170_HUMAN	14	1167	0
CI171_HUMAN	6	668	0
CI172_HUMAN	3	765	0
CI173_HUMAN	10	837	0
CI174_HUMAN	32	249	0
CIA30_HUMAN	171	168	0
CIAO1_HUMAN	336	52	0
CIB1_HUMAN	74	256	0
CIB2_HUMAN	123	241	0
CIB3_HUMAN	63	457	0
CIB4_HUMAN	9	1397	0
CIC_HUMAN	660	34	0
CIDEA_HUMAN	15	647	0
CIDEB_HUMAN	75	275	0
CIDEC_HUMAN	15	649	0
CIKS_HUMAN	43	248	0
CILP1_HUMAN	4	1073	0
CILP2_HUMAN	31	501	0
CING_HUMAN	157	101	0
CINP_HUMAN	65	206	0
CIP1_HUMAN	17	506	0
CIP2A_HUMAN	199	83	0
CIP4_HUMAN	113	134	0
CIR1A_HUMAN	202	94	0
CIR1_HUMAN	75	153	0
CIRBP_HUMAN	163	77	0
CISD1_HUMAN	99	102	0
CISD2_HUMAN	261	63	0
CISD3_HUMAN	130	121	0
CISH_HUMAN	30	302	0
CISY_HUMAN	485	56	0
CITE1_HUMAN	36	260	0
CITE2_HUMAN	16	415	0
CITE4_HUMAN	5	862	0
CIZ1_HUMAN	55	222	0
CJ011_HUMAN	7	843	0
CJ012_HUMAN	52	283	0
CJ025_HUMAN	3	2171	0
CJ032_HUMAN	41	387	0
CJ035_HUMAN	95	254	0
CJ040_HUMAN	1	875	0
CJ046_HUMAN	22	496	0
CJ047_HUMAN	57	158	0
CJ053_HUMAN	15	1569	0
CJ055_HUMAN	60	363	0
CJ057_HUMAN	46	383	0
CJ062_HUMAN	14	1272	0
CJ067_HUMAN	15	830	0
CJ068_HUMAN	28	180	0
CJ071_HUMAN	12	689	0
CJ072_HUMAN	12	868	0
CJ076_HUMAN	18	253	0
CJ079_HUMAN	7	692	0
CJ081_HUMAN	7	903	0
CJ082_HUMAN	14	1377	0
CJ084_HUMAN	24	324	0
CJ085_HUMAN	1	9974	0
CJ088_HUMAN	118	131	0
CJ090_HUMAN	9	437	0
CJ091_HUMAN	12	1517	0
CJ092_HUMAN	14	471	0
CJ095_HUMAN	2	2825	0
CJ107_HUMAN	28	509	0
CJ109_HUMAN	2	1370	0
CJ110_HUMAN	3	1211	0
CJ114_HUMAN	2	951	0
CJ118_HUMAN	33	288	0
CJ120_HUMAN	4	1718	0
CJ122_HUMAN	3	2227	0
CJ125_HUMAN	20	643	0
CJ131_HUMAN	2	3618	0
CK001_HUMAN	41	492	0
CK010_HUMAN	43	203	0
CK016_HUMAN	14	1200	0
CK020_HUMAN	3	1052	0
CK024_HUMAN	16	432	0
CK035_HUMAN	21	1131	0
CK036_HUMAN	1	1324	0
CK041_HUMAN	5	691	0
CK042_HUMAN	2	4320	0
CK045_HUMAN	8	1725	0
CK048_HUMAN	13	663	0
CK049_HUMAN	89	157	0
CK051_HUMAN	124	205	0
CK052_HUMAN	307	66	0
CK053_HUMAN	3	7395	0
CK054_HUMAN	49	199	0
CK057_HUMAN	163	133	0
CK063_HUMAN	6	645	0
CK065_HUMAN	11	741	0
CK067_HUMAN	40	245	0
CK068_HUMAN	18	306	0
CK070_HUMAN	12	405	0
CK071_HUMAN	7	1386	0
CK074_HUMAN	25	488	0
CK075_HUMAN	63	554	0
CK080_HUMAN	1	6216	0
CK083_HUMAN	26	304	0
CK084_HUMAN	62	133	0
CK085_HUMAN	10	669	0
CK087_HUMAN	55	401	0
CK2N1_HUMAN	7	626	0
CK2N2_HUMAN	5	1937	0
CK5P1_HUMAN	109	134	0
CK5P2_HUMAN	305	70	0
CK5P3_HUMAN	190	60	0
CKAP2_HUMAN	133	82	0
CKAP4_HUMAN	630	30	0
CKAP5_HUMAN	307	43	0
CKLF1_HUMAN	3	1485	0
CKLF2_HUMAN	18	666	0
CKLF3_HUMAN	30	485	0
CKLF4_HUMAN	39	393	0
CKLF5_HUMAN	239	94	0
CKLF6_HUMAN	93	137	0
CKLF7_HUMAN	50	510	0
CKLF8_HUMAN	66	244	0
CKLF_HUMAN	5	1107	0
CKP2L_HUMAN	34	236	0
CKS1_HUMAN	95	143	0
CKS2_HUMAN	50	294	0
CL004_HUMAN	12	899	0
CL012_HUMAN	13	1147	0
CL023_HUMAN	101	128	0
CL026_HUMAN	10	1054	0
CL027_HUMAN	1	3141	0
CL028_HUMAN	2	2901	0
CL029_HUMAN	12	363	0
CL032_HUMAN	21	320	0
CL035_HUMAN	53	196	0
CL040_HUMAN	5	1228	0
CL043_HUMAN	49	253	0
CL045_HUMAN	28	297	0
CL047_HUMAN	2	4331	0
CL049_HUMAN	46	290	0
CL050_HUMAN	2	3055	0
CL053_HUMAN	15	1366	0
CL055_HUMAN	11	642	0
CL059_HUMAN	104	275	0
CL060_HUMAN	2	8496	0
CL061_HUMAN	1	1289	0
CL065_HUMAN	225	167	0
CL066_HUMAN	12	1836	0
CL068_HUMAN	13	956	0
CL069_HUMAN	6	1306	0
CL070_HUMAN	1	2509	0
CL071_HUMAN	1	9914	0
CL072_HUMAN	28	326	0
CL073_HUMAN	10	1193	0
CL074_HUMAN	127	193	0
CL076_HUMAN	1	2226	0
CL12A_HUMAN	38	403	0
CL12B_HUMAN	190	240	0
CL16A_HUMAN	620	41	0
CL17A_HUMAN	24	506	0
CL18A_HUMAN	16	544	0
CL18C_HUMAN	1	9997	0
CL19A_HUMAN	1	5123	0
CL3L1_HUMAN	42	525	0
CLAP1_HUMAN	139	90	0
CLAP2_HUMAN	151	71	0
CLASR_HUMAN	78	164	0
CLAT_HUMAN	10	446	0
CLC10_HUMAN	31	557	0
CLC11_HUMAN	123	154	0
CLC14_HUMAN	84	152	0
CLC1A_HUMAN	17	1064	0
CLC1B_HUMAN	5	1257	0
CLC2A_HUMAN	7	4729	0
CLC2B_HUMAN	151	165	0
CLC2D_HUMAN	209	150	0
CLC2L_HUMAN	2	6532	0
CLC3A_HUMAN	57	343	0
CLC4A_HUMAN	115	223	0
CLC4C_HUMAN	28	501	0
CLC4D_HUMAN	259	87	0
CLC4E_HUMAN	354	57	0
CLC4F_HUMAN	9	1132	0
CLC4G_HUMAN	84	147	0
CLC4K_HUMAN	24	408	0
CLC4M_HUMAN	18	603	0
CLC5A_HUMAN	19	829	0
CLC7A_HUMAN	54	312	0
CLCA1_HUMAN	8	623	0
CLCA2_HUMAN	7	874	0
CLCA4_HUMAN	25	622	0
CLCA_HUMAN	363	42	0
CLCB_HUMAN	188	105	0
CLCC1_HUMAN	225	65	0
CLCF1_HUMAN	14	441	0
CLCKA_HUMAN	27	887	0
CLCKB_HUMAN	1	1713	0
CLCN1_HUMAN	12	644	0
CLCN2_HUMAN	41	311	0
CLCN3_HUMAN	74	200	0
CLCN4_HUMAN	18	644	0
CLCN5_HUMAN	45	245	0
CLCN6_HUMAN	16	261	0
CLCN7_HUMAN	165	97	0
CLD10_HUMAN	23	575	0
CLD11_HUMAN	13	1160	0
CLD12_HUMAN	10	442	0
CLD14_HUMAN	4	5409	0
CLD15_HUMAN	4	1213	0
CLD16_HUMAN	1	13852	0
CLD17_HUMAN	4	1223	0
CLD18_HUMAN	5	2633	0
CLD19_HUMAN	70	411	0
CLD1_HUMAN	27	373	0
CLD20_HUMAN	10	785	0
CLD22_HUMAN	7	3348	0
CLD23_HUMAN	2	2502	0
CLD2_HUMAN	33	345	0
CLD3_HUMAN	24	310	0
CLD4_HUMAN	72	178	0
CLD5_HUMAN	39	846	0
CLD6_HUMAN	9	1306	0
CLD7_HUMAN	85	324	0
CLD8_HUMAN	13	1614	0
CLD9_HUMAN	19	1678	0
CLDN1_HUMAN	84	195	0
CLDN2_HUMAN	29	852	0
CLGN_HUMAN	525	62	0
CLH1_HUMAN	723	23	0
CLH2_HUMAN	195	82	0
CLIC1_HUMAN	182	54	0
CLIC2_HUMAN	16	754	0
CLIC3_HUMAN	65	293	0
CLIC4_HUMAN	137	95	0
CLIC5_HUMAN	17	717	0
CLIC6_HUMAN	29	488	0
CLIP1_HUMAN	194	76	0
CLIP2_HUMAN	50	139	0
CLIP3_HUMAN	19	432	0
CLIP4_HUMAN	53	238	0
CLK1_HUMAN	83	171	0
CLK2_HUMAN	204	105	0
CLK3_HUMAN	217	77	0
CLK4_HUMAN	42	240	0
CLM1_HUMAN	7	3615	0
CLM2_HUMAN	20	1749	0
CLM4_HUMAN	8	1798	0
CLM6_HUMAN	21	1704	0
CLM7_HUMAN	10	996	0
CLM8_HUMAN	14	832	0
CLM9_HUMAN	7	3920	0
CLMN_HUMAN	67	122	0
CLMP_HUMAN	8	1021	0
CLN3_HUMAN	124	130	0
CLN5_HUMAN	67	278	0
CLN6_HUMAN	131	105	0
CLN8_HUMAN	31	604	0
CLNK_HUMAN	29	442	0
CLOCK_HUMAN	88	235	0
CLP1L_HUMAN	130	89	0
CLP1_HUMAN	68	166	0
CLPB_HUMAN	259	76	0
CLPH_HUMAN	15	1316	0
CLPP_HUMAN	573	56	0
CLPT1_HUMAN	159	71	0
CLPX_HUMAN	223	77	0
CLRN1_HUMAN	28	1423	0
CLRN2_HUMAN	78	459	0
CLRN3_HUMAN	12	2352	0
CLSPN_HUMAN	82	159	0
CLTR1_HUMAN	2	9845	0
CLTR2_HUMAN	27	434	0
CLU1O_HUMAN	5	2258	0
CLUA1_HUMAN	224	89	0
CLUL1_HUMAN	2	3379	0
CLUS_HUMAN	316	39	0
CLVS1_HUMAN	3	3011	0
CLVS2_HUMAN	22	653	0
CLYBL_HUMAN	16	338	0
CM016_HUMAN	46	849	0
CM028_HUMAN	1	2473	0
CM029_HUMAN	8	2030	0
CM031_HUMAN	40	314	0
CM033_HUMAN	7	858	0
CM035_HUMAN	1	1419	0
CM036_HUMAN	13	3047	0
CM038_HUMAN	2	1386	0
CM039_HUMAN	18	392	0
CMA1_HUMAN	59	357	0
CMAH_HUMAN	1	7501	0
CMBL_HUMAN	96	129	0
CMC1_HUMAN	251	65	0
CMC2_HUMAN	339	37	0
CMGA_HUMAN	17	387	0
CMIP_HUMAN	32	190	0
CMKMT_HUMAN	13	656	0
CML1_HUMAN	105	307	0
CMTA1_HUMAN	9	456	0
CMTA2_HUMAN	14	508	0
CMTD1_HUMAN	221	108	0
CMYA5_HUMAN	36	226	0
CN021_HUMAN	141	103	0
CN025_HUMAN	5	1164	0
CN037_HUMAN	9	511	0
CN038_HUMAN	8	584	0
CN043_HUMAN	126	127	0
CN045_HUMAN	6	746	0
CN048_HUMAN	19	528	0
CN053_HUMAN	32	485	0
CN070_HUMAN	2	1251	0
CN073_HUMAN	4	839	0
CN079_HUMAN	5	627	0
CN080_HUMAN	56	219	0
CN083_HUMAN	43	703	0
CN093_HUMAN	8	571	0
CN101_HUMAN	15	547	0
CN102_HUMAN	34	200	0
CN105_HUMAN	34	358	0
CN109_HUMAN	1	4873	0
CN115_HUMAN	19	501	0
CN118_HUMAN	70	256	0
CN119_HUMAN	64	277	0
CN132_HUMAN	1	4635	0
CN135_HUMAN	9	431	0
CN138_HUMAN	16	551	0
CN139_HUMAN	6	825	0
CN142_HUMAN	18	556	0
CN148_HUMAN	1	7309	0
CN159_HUMAN	29	274	0
CN166_HUMAN	234	82	0
CN16B_HUMAN	6	1299	0
CN174_HUMAN	1	3050	0
CN176_HUMAN	2	3055	0
CN178_HUMAN	1	5391	0
CN180_HUMAN	49	597	0
CN182_HUMAN	21	459	0
CN183_HUMAN	2	2132	0
CN37_HUMAN	210	55	0
CNBD1_HUMAN	7	848	0
CNBP1_HUMAN	46	207	0
CNBP_HUMAN	291	65	0
CNCG_HUMAN	12	842	0
CND1_HUMAN	219	67	0
CND2_HUMAN	314	62	0
CND3_HUMAN	210	74	0
CNDD3_HUMAN	337	38	0
CNDG2_HUMAN	115	110	0
CNDH2_HUMAN	170	93	0
CNDP1_HUMAN	16	448	0
CNDP2_HUMAN	134	96	0
CNEP1_HUMAN	71	213	0
CNFN_HUMAN	17	1383	0
CNGA1_HUMAN	5	4061	0
CNGA2_HUMAN	2	2440	0
CNGA3_HUMAN	40	435	0
CNGA4_HUMAN	41	730	0
CNGB1_HUMAN	5	1832	0
CNGB3_HUMAN	6	1815	0
CNIH2_HUMAN	10	805	0
CNIH3_HUMAN	29	779	0
CNIH4_HUMAN	74	140	0
CNIH_HUMAN,CNIH1_HUMAN	34	592	0
CNKR1_HUMAN	40	252	0
CNKR2_HUMAN	22	305	0
CNKR3_HUMAN	54	314	0
CNN1_HUMAN	34	369	0
CNN2_HUMAN	91	102	0
CNN3_HUMAN	127	79	0
CNNM1_HUMAN	83	482	0
CNNM2_HUMAN	45	172	0
CNNM3_HUMAN	188	79	0
CNNM4_HUMAN	81	136	0
CNO6L_HUMAN	90	214	0
CNOT1_HUMAN	284	63	0
CNOT2_HUMAN	173	121	0
CNOT3_HUMAN	181	105	0
CNOT4_HUMAN	62	166	0
CNOT6_HUMAN	60	196	0
CNOT7_HUMAN	137	127	0
CNOT8_HUMAN	77	203	0
CNOTA_HUMAN,CNO10_HUMAN	145	120	0
CNO_HUMAN,BL1S4_HUMAN	19	598	0
CNPD1_HUMAN	8	1014	0
CNPY2_HUMAN	58	127	0
CNPY3_HUMAN	200	91	0
CNPY4_HUMAN	23	386	0
CNR1_HUMAN	16	733	0
CNR2_HUMAN	112	163	0
CNRG_HUMAN	11	825	0
CNRP1_HUMAN	21	422	0
CNST_HUMAN	17	348	0
CNT3B_HUMAN	50	861	0
CNTD1_HUMAN	3	577	0
CNTFR_HUMAN	26	243	0
CNTF_HUMAN	29	464	0
CNTLN_HUMAN	23	420	0
CNTN1_HUMAN	66	187	0
CNTN2_HUMAN	45	229	0
CNTN4_HUMAN	8	509	0
CNTN5_HUMAN	2	1036	0
CNTN6_HUMAN	1	15508	0
CNTP1_HUMAN	96	122	0
CNTP2_HUMAN	20	328	0
CNTP3_HUMAN	121	201	0
CNTP4_HUMAN	25	444	0
CNTP5_HUMAN	5	967	0
CNTRB_HUMAN	176	142	0
CNTRL_HUMAN	200	81	0
CO002_HUMAN	8	3133	0
CO017_HUMAN	22	474	0
CO026_HUMAN	13	958	0
CO027_HUMAN	14	541	0
CO028_HUMAN	2	1117	0
CO029_HUMAN	59	169	0
CO032_HUMAN	13	2342	0
CO033_HUMAN	15	768	0
CO037_HUMAN	2	1303	0
CO038_HUMAN	33	247	0
CO039_HUMAN	80	154	0
CO040_HUMAN	9	590	0
CO041_HUMAN	31	297	0
CO043_HUMAN	1	14727	0
CO044_HUMAN	96	142	0
CO052_HUMAN	21	376	0
CO053_HUMAN	5	2568	0
CO054_HUMAN	2	4498	0
CO057_HUMAN	16	591	0
CO059_HUMAN	169	199	0
CO060_HUMAN	1	3407	0
CO061_HUMAN	10	980	0
CO062_HUMAN	1	3622	0
CO1A1_HUMAN	171	80	0
CO1A2_HUMAN	72	153	0
CO2A1_HUMAN	46	249	0
CO2_HUMAN	13	946	0
CO3A1_HUMAN	39	249	0
CO3_HUMAN	174	74	0
CO4A1_HUMAN	33	269	0
CO4A2_HUMAN	62	169	0
CO4A3_HUMAN	16	501	0
CO4A4_HUMAN	9	425	0
CO4A5_HUMAN	58	193	0
CO4A6_HUMAN	19	621	0
CO4A_HUMAN	96	124	0
CO4B_HUMAN	31	262	0
CO5A1_HUMAN	66	152	0
CO5A2_HUMAN	22	324	0
CO5A3_HUMAN	11	707	0
CO5_HUMAN	36	290	0
CO6A1_HUMAN	122	134	0
CO6A2_HUMAN	97	220	0
CO6A3_HUMAN	25	295	0
CO6A5_HUMAN	4	660	0
CO6A6_HUMAN	10	756	0
CO6_HUMAN	20	474	0
CO7A1_HUMAN	26	250	0
CO7_HUMAN	11	601	0
CO8A1_HUMAN	137	152	0
CO8A2_HUMAN	42	255	0
CO8A_HUMAN	22	507	0
CO8B_HUMAN	7	2844	0
CO8G_HUMAN	9	1290	0
CO9A1_HUMAN	13	525	0
CO9A2_HUMAN	14	495	0
CO9A3_HUMAN	8	433	0
CO9_HUMAN	19	366	0
COA5_HUMAN	20	994	0
COAA1_HUMAN	58	280	0
COAC_HUMAN	17	924	0
COASY_HUMAN	93	115	0
COBA1_HUMAN	28	320	0
COBA2_HUMAN	11	445	0
COBL1_HUMAN	69	130	0
COBL_HUMAN	79	143	0
COCA1_HUMAN	57	225	0
COCH_HUMAN	51	229	0
CODA1_HUMAN	11	479	0
COE1_HUMAN	14	552	0
COE2_HUMAN	58	605	0
COE3_HUMAN	25	432	0
COE4_HUMAN	2	1818	0
COEA1_HUMAN	99	148	0
COF1_HUMAN	397	43	0
COF2_HUMAN	129	99	0
COFA1_HUMAN	8	343	0
COG1_HUMAN	88	153	0
COG2_HUMAN	100	138	0
COG3_HUMAN	96	129	0
COG4_HUMAN	124	120	0
COG5_HUMAN	74	148	0
COG6_HUMAN	171	89	0
COG7_HUMAN	82	135	0
COG8_HUMAN	44	197	0
COGA1_HUMAN	22	288	0
COHA1_HUMAN	38	212	0
COIA1_HUMAN	90	131	0
COIL_HUMAN	564	41	0
COJA1_HUMAN	1	2319	0
COKA1_HUMAN	27	410	0
COL10_HUMAN	23	440	0
COL11_HUMAN	25	418	0
COL12_HUMAN	76	146	0
COLA1_HUMAN	10	548	0
COLI_HUMAN	30	855	0
COLL1_HUMAN	7	2091	0
COLL2_HUMAN	1	2901	0
COLQ_HUMAN	32	480	0
COL_HUMAN	2	10416	0
COM1_HUMAN	116	105	0
COMA1_HUMAN	16	255	0
COMD1_HUMAN	117	141	0
COMD2_HUMAN	90	195	0
COMD3_HUMAN	79	169	0
COMD4_HUMAN	113	175	0
COMD5_HUMAN	55	357	0
COMD6_HUMAN	54	360	0
COMD7_HUMAN	26	844	0
COMD8_HUMAN	68	224	0
COMD9_HUMAN	43	239	0
COMDA_HUMAN	42	325	0
COMP_HUMAN	22	291	0
COMT_HUMAN	184	71	0
CONA1_HUMAN	13	391	0
COOA1_HUMAN	6	441	0
COPA1_HUMAN	9	525	0
COPA_HUMAN	431	35	0
COPB2_HUMAN	394	50	0
COPB_HUMAN	316	40	0
COPD_HUMAN	247	50	0
COPE_HUMAN	329	46	0
COPG1_HUMAN	243	52	0
COPG2_HUMAN	169	61	0
COPR5_HUMAN,COPRS_HUMAN	73	149	0
COPT1_HUMAN	277	74	0
COPT2_HUMAN	34	644	0
COPZ1_HUMAN	134	91	0
COPZ2_HUMAN	14	884	0
COQ2_HUMAN	98	179	0
COQ3_HUMAN	66	226	0
COQ4_HUMAN	44	372	0
COQ5_HUMAN	120	161	0
COQ6_HUMAN	93	124	0
COQ7_HUMAN	55	318	0
COQ9_HUMAN	275	89	0
COR1A_HUMAN	162	89	0
COR1B_HUMAN	210	86	0
COR1C_HUMAN	364	40	0
COR2A_HUMAN	66	155	0
COR2B_HUMAN	56	173	0
CORA1_HUMAN	7	942	0
CORIN_HUMAN	5	2564	0
CORO6_HUMAN	38	427	0
CORO7_HUMAN	59	149	0
CORT_HUMAN	19	1302	0
COSA1_HUMAN	4	1301	0
COT1_HUMAN	54	214	0
COT2_HUMAN	146	117	0
COTL1_HUMAN	58	156	0
COX10_HUMAN	7	1800	0
COX11_HUMAN	39	209	0
COX14_HUMAN	146	170	0
COX15_HUMAN	355	61	0
COX16_HUMAN	26	437	0
COX17_HUMAN	68	180	0
COX18_HUMAN	7	1442	0
COX19_HUMAN	8	551	0
COX1_HUMAN	74	269	0
COX20_HUMAN	52	197	0
COX2_HUMAN	234	46	0
COX3_HUMAN	52	205	0
COX41_HUMAN	438	50	0
COX42_HUMAN	23	963	0
COX5A_HUMAN	245	65	0
COX5B_HUMAN	185	81	0
COX6C_HUMAN	152	112	0
COX7B_HUMAN	21	531	0
COX7C_HUMAN	95	171	0
COX7R_HUMAN	98	150	0
COX7S_HUMAN	1	3030	0
COX8A_HUMAN	323	102	0
COXAM_HUMAN	10	398	0
COXM1_HUMAN	6	1181	0
COXM2_HUMAN	21	290	0
CP003_HUMAN	1	3813	0
CP007_HUMAN	37	435	0
CP011_HUMAN	97	275	0
CP013_HUMAN	10	1044	0
CP045_HUMAN	26	478	0
CP046_HUMAN	3	2844	0
CP047_HUMAN	1	6314	0
CP048_HUMAN	237	120	0
CP054_HUMAN	15	1434	0
CP055_HUMAN	20	511	0
CP057_HUMAN	47	301	0
CP058_HUMAN	209	76	0
CP059_HUMAN	21	733	0
CP062_HUMAN	48	199	0
CP065_HUMAN	8	768	0
CP068_HUMAN	25	292	0
CP070_HUMAN	54	281	0
CP071_HUMAN	33	379	0
CP072_HUMAN	461	47	0
CP073_HUMAN	4	1410	0
CP074_HUMAN	6	2854	0
CP078_HUMAN	3	2674	0
CP079_HUMAN	212	123	0
CP080_HUMAN	93	155	0
CP087_HUMAN	47	231	0
CP088_HUMAN	237	102	0
CP089_HUMAN	1	5111	0
CP090_HUMAN	1	3442	0
CP092_HUMAN	18	1119	0
CP093_HUMAN	3	1677	0
CP096_HUMAN	9	648	0
CP110_HUMAN	198	91	0
CP11A_HUMAN	6	2138	0
CP135_HUMAN	483	55	0
CP17A_HUMAN	16	591	0
CP19A_HUMAN	41	494	0
CP1A1_HUMAN	77	222	0
CP1A2_HUMAN	10	485	0
CP1B1_HUMAN	12	362	0
CP20A_HUMAN	23	221	0
CP21A_HUMAN	22	711	0
CP24A_HUMAN	56	330	0
CP250_HUMAN	297	76	0
CP26A_HUMAN	3	2441	0
CP26B_HUMAN	28	476	0
CP26C_HUMAN	1	7660	0
CP27A_HUMAN	18	247	0
CP27B_HUMAN	2	2791	0
CP2A6_HUMAN	5	1833	0
CP2A7_HUMAN	2	17635	0
CP2AD_HUMAN	5	3475	0
CP2B6_HUMAN	8	1597	0
CP2C8_HUMAN	19	562	0
CP2C9_HUMAN	101	183	0
CP2CI_HUMAN	26	837	0
CP2CJ_HUMAN	5	2192	0
CP2D6_HUMAN	1	15949	0
CP2E1_HUMAN	15	995	0
CP2J2_HUMAN	33	627	0
CP2R1_HUMAN	1	1756	0
CP2S1_HUMAN	90	164	0
CP2U1_HUMAN	8	568	0
CP2W1_HUMAN	14	367	0
CP343_HUMAN	21	433	0
CP39A_HUMAN	5	3364	0
CP3A4_HUMAN	11	694	0
CP3A5_HUMAN	11	1185	0
CP3A7_HUMAN	5	2035	0
CP46A_HUMAN	4	2368	0
CP4AB_HUMAN	3	3798	0
CP4AM_HUMAN	2	1825	0
CP4B1_HUMAN	3	5776	0
CP4F2_HUMAN	47	498	0
CP4F3_HUMAN	5	1098	0
CP4F8_HUMAN	9	1114	0
CP4FB_HUMAN	5	328	0
CP4FC_HUMAN	11	579	0
CP4FN_HUMAN	15	1614	0
CP4V2_HUMAN	7	934	0
CP4X1_HUMAN	18	559	0
CP4Z2_HUMAN	1	3252	0
CP51A_HUMAN	160	100	0
CP7B1_HUMAN	4	2433	0
CP8B1_HUMAN	6	783	0
CPEB1_HUMAN	140	172	0
CPEB2_HUMAN	36	234	0
CPEB3_HUMAN	8	589	0
CPEB4_HUMAN	152	98	0
CPIN1_HUMAN	95	127	0
CPLX1_HUMAN	42	244	0
CPLX2_HUMAN	23	364	0
CPLX3_HUMAN	25	850	0
CPLX4_HUMAN	110	221	0
CPMD8_HUMAN	5	1295	0
CPN2_HUMAN	3	696	0
CPNE1_HUMAN	74	111	0
CPNE2_HUMAN	114	130	0
CPNE3_HUMAN	121	103	0
CPNE4_HUMAN	42	417	0
CPNE5_HUMAN	41	323	0
CPNE6_HUMAN	19	413	0
CPNE7_HUMAN	85	162	0
CPNE8_HUMAN	102	114	0
CPNE9_HUMAN	20	402	0
CPNS1_HUMAN	130	84	0
CPNS2_HUMAN	50	374	0
CPPED_HUMAN	19	312	0
CPS4L_HUMAN	7	2062	0
CPSF1_HUMAN	220	74	0
CPSF2_HUMAN	160	104	0
CPSF3_HUMAN	145	108	0
CPSF4_HUMAN	94	126	0
CPSF5_HUMAN	341	47	0
CPSF6_HUMAN	518	42	0
CPSF7_HUMAN	331	63	0
CPSM_HUMAN	152	77	0
CPT1A_HUMAN	197	60	0
CPT1B_HUMAN	7	586	0
CPT1C_HUMAN	3	524	0
CPT2_HUMAN	79	164	0
CPVL_HUMAN	643	33	0
CPXCR_HUMAN	7	711	0
CPXM1_HUMAN	3	1616	0
CPXM2_HUMAN	5	1676	0
CPZIP_HUMAN	7	1207	0
CQ037_HUMAN	19	589	0
CQ039_HUMAN	75	302	0
CQ044_HUMAN	2	900	0
CQ046_HUMAN	4	1357	0
CQ047_HUMAN	3	2914	0
CQ050_HUMAN	12	1528	0
CQ051_HUMAN	4	601	0
CQ053_HUMAN	41	280	0
CQ055_HUMAN	1	6443	0
CQ056_HUMAN	165	121	0
CQ057_HUMAN	6	1358	0
CQ059_HUMAN	171	136	0
CQ061_HUMAN	18	609	0
CQ062_HUMAN	91	212	0
CQ063_HUMAN	37	370	0
CQ064_HUMAN	1	10746	0
CQ065_HUMAN	3	1034	0
CQ066_HUMAN	6	1143	0
CQ067_HUMAN	2	4527	0
CQ076_HUMAN	1	7965	0
CQ077_HUMAN	2	902	0
CQ078_HUMAN	11	1013	0
CQ080_HUMAN	272	112	0
CQ082_HUMAN	16	958	0
CQ085_HUMAN	158	126	0
CQ087_HUMAN	5	1583	0
CQ089_HUMAN	146	199	0
CQ090_HUMAN	54	724	0
CQ091_HUMAN	2	783	0
CQ096_HUMAN	28	298	0
CQ097_HUMAN	6	903	0
CQ098_HUMAN	1	8089	0
CQ099_HUMAN	1	2226	0
CQ101_HUMAN	41	196	0
CQ102_HUMAN	5	1957	0
CQ104_HUMAN	18	434	0
CQ105_HUMAN	8	1373	0
CQ109_HUMAN	42	405	0
CQ10A_HUMAN	63	408	0
CQ10B_HUMAN	28	280	0
CR001_HUMAN	63	232	0
CR002_HUMAN	1	2293	0
CR016_HUMAN	1	1713	0
CR018_HUMAN	7	1615	0
CR020_HUMAN	1	5081	0
CR021_HUMAN	161	144	0
CR025_HUMAN	128	136	0
CR032_HUMAN	12	940	0
CR034_HUMAN	6	946	0
CR042_HUMAN	1	13321	0
CR056_HUMAN	14	508	0
CR062_HUMAN	3	1425	0
CR063_HUMAN	10	544	0
CR1L_HUMAN	7	2267	0
CR1_HUMAN	14	813	0
CR2_HUMAN	14	627	0
CR3L1_HUMAN	204	166	0
CR3L2_HUMAN	330	95	0
CR3L3_HUMAN	59	291	0
CR3L4_HUMAN	12	347	0
CRAC1_HUMAN	27	500	0
CRADD_HUMAN	24	474	0
CRBA1_HUMAN	24	1206	0
CRBA2_HUMAN	28	871	0
CRBA4_HUMAN	38	446	0
CRBB1_HUMAN	18	772	0
CRBB2_HUMAN	9	1667	0
CRBB3_HUMAN	69	348	0
CRBG3_HUMAN	85	146	0
CRBL2_HUMAN	9	382	0
CRBN_HUMAN	177	95	0
CRBS_HUMAN	12	1271	0
CRCM1_HUMAN	50	247	0
CRCM_HUMAN	395	62	0
CRCT1_HUMAN	66	237	0
CRDL1_HUMAN	11	935	0
CRDL2_HUMAN	34	655	0
CREB1_HUMAN	223	81	0
CREB3_HUMAN	250	120	0
CREB5_HUMAN	163	167	0
CREG1_HUMAN	30	253	0
CREG2_HUMAN	3	1187	0
CREL1_HUMAN	176	135	0
CREL2_HUMAN	94	135	0
CREM_HUMAN	71	154	0
CRERF_HUMAN	13	382	0
CREST_HUMAN	100	160	0
CRFM7_HUMAN	2	1550	0
CRFR1_HUMAN	12	1081	0
CRFR2_HUMAN	7	6521	0
CRF_HUMAN	22	827	0
CRGA_HUMAN	5	1620	0
CRGB_HUMAN	2	15840	0
CRGC_HUMAN	10	1235	0
CRGD_HUMAN	15	1323	0
CRGN_HUMAN	11	1249	0
CRHBP_HUMAN	29	493	0
CRIM1_HUMAN	33	191	0
CRIP1_HUMAN	52	235	0
CRIP2_HUMAN	48	145	0
CRIP3_HUMAN	2	3149	0
CRIPT_HUMAN	30	216	0
CRIS1_HUMAN	1	8202	0
CRIS2_HUMAN	43	546	0
CRIS3_HUMAN	8	827	0
CRKL_HUMAN	220	72	0
CRK_HUMAN	461	50	0
CRLD1_HUMAN	7	844	0
CRLD2_HUMAN	2	1518	0
CRLF1_HUMAN	75	246	0
CRLF2_HUMAN	60	376	0
CRLF3_HUMAN	39	211	0
CRLS1_HUMAN	2	2686	0
CRML_HUMAN	41	253	0
CRNL1_HUMAN	181	95	0
CRNN_HUMAN	88	199	0
CRNS1_HUMAN	3	785	0
CROC4_HUMAN	3	2253	0
CROCC_HUMAN	68	158	0
CROL1_HUMAN	15	1177	0
CROL2_HUMAN	1	2823	0
CRPAK_HUMAN	6	812	0
CRP_HUMAN	104	241	0
CRSPL_HUMAN	3	968	0
CRTAM_HUMAN	1	8296	0
CRTAP_HUMAN	99	138	0
CRTC1_HUMAN	27	362	0
CRTC2_HUMAN	66	145	0
CRTC3_HUMAN	65	127	0
CRUM1_HUMAN	18	544	0
CRUM2_HUMAN	7	306	0
CRUM3_HUMAN	29	699	0
CRX_HUMAN	253	149	0
CRY1_HUMAN	223	82	0
CRY2_HUMAN	186	90	0
CRYAA_HUMAN	73	273	0
CRYAB_HUMAN	165	79	0
CRYL1_HUMAN	56	201	0
CRYM_HUMAN	12	434	0
CS010_HUMAN	71	147	0
CS012_HUMAN	1	3268	0
CS018_HUMAN	11	972	0
CS021_HUMAN	181	100	0
CS022_HUMAN	7	440	0
CS024_HUMAN	8	1581	0
CS025_HUMAN	104	118	0
CS028_HUMAN	83	221	0
CS029_HUMAN	106	122	0
CS034_HUMAN	4	1262	0
CS035_HUMAN	10	778	0
CS036_HUMAN	1	5967	0
CS041_HUMAN	1	1797	0
CS042_HUMAN	4	764	0
CS043_HUMAN	57	174	0
CS044_HUMAN	29	220	0
CS045_HUMAN	20	493	0
CS047_HUMAN	33	191	0
CS048_HUMAN	5	1027	0
CS052_HUMAN	142	124	0
CS054_HUMAN	76	222	0
CS055_HUMAN	18	705	0
CS057_HUMAN	41	446	0
CS060_HUMAN	17	545	0
CS066_HUMAN	96	202	0
CS068_HUMAN	23	343	0
CS069_HUMAN	2	5981	0
CS071_HUMAN	2	858	0
CS073_HUMAN	3	2556	0
CS075_HUMAN	130	202	0
CS077_HUMAN	3	2267	0
CS29O_HUMAN	3	1818	0
CSAD_HUMAN	15	473	0
CSAG1_HUMAN	65	222	0
CSAG2_HUMAN	90	196	0
CSDC2_HUMAN	6	703	0
CSDE1_HUMAN	301	43	0
CSEN_HUMAN	32	352	0
CSF1R_HUMAN	63	150	0
CSF1_HUMAN	16	352	0
CSF2R_HUMAN	7	2211	0
CSF2_HUMAN	14	679	0
CSF3R_HUMAN	16	512	0
CSF3_HUMAN	11	1245	0
CSHL_HUMAN	7	627	0
CSH_HUMAN,CSH2_HUMAN	24	432	0
CSK21_HUMAN	860	31	0
CSK22_HUMAN	780	39	0
CSK2B_HUMAN	631	40	0
CSKI1_HUMAN	10	394	0
CSKI2_HUMAN	48	164	0
CSKP_HUMAN	220	68	0
CSK_HUMAN	216	55	0
CSMD1_HUMAN	8	511	0
CSMD2_HUMAN	12	369	0
CSMD3_HUMAN	2	2711	0
CSMT1_HUMAN	4	5359	0
CSN1_HUMAN	254	68	0
CSN2_HUMAN	245	75	0
CSN3_HUMAN	253	52	0
CSN4_HUMAN	193	69	0
CSN5_HUMAN	1076	22	0
CSN6_HUMAN	417	44	0
CSN7A_HUMAN	166	85	0
CSN7B_HUMAN	144	82	0
CSN8_HUMAN	121	116	0
CSPG2_HUMAN	49	262	0
CSPG4_HUMAN	82	146	0
CSPG5_HUMAN	33	557	0
CSPP1_HUMAN	98	211	0
CSR2B_HUMAN	110	180	0
CSRN1_HUMAN	20	546	0
CSRN2_HUMAN	5	893	0
CSRN3_HUMAN	3	650	0
CSRP1_HUMAN	70	122	0
CSRP2_HUMAN	75	103	0
CSRP3_HUMAN	21	886	0
CST11_HUMAN	73	263	0
CST1L_HUMAN	57	331	0
CST8_HUMAN	47	461	0
CST9L_HUMAN	76	306	0
CST9_HUMAN	5	1760	0
CSTF1_HUMAN	93	135	0
CSTF2_HUMAN	162	83	0
CSTF3_HUMAN	128	94	0
CSTFT_HUMAN	93	113	0
CSTN1_HUMAN	138	133	0
CSTN2_HUMAN	26	445	0
CSTN3_HUMAN	84	294	0
CT004_HUMAN	664	28	0
CT011_HUMAN	141	108	0
CT024_HUMAN	128	139	0
CT026_HUMAN	2	776	0
CT027_HUMAN	36	221	0
CT029_HUMAN	19	930	0
CT043_HUMAN	75	133	0
CT054_HUMAN	15	1208	0
CT069_HUMAN	3	3939	0
CT072_HUMAN	124	149	0
CT079_HUMAN	2	5465	0
CT085_HUMAN	24	675	0
CT094_HUMAN	69	174	0
CT096_HUMAN	17	671	0
CT103_HUMAN	11	385	0
CT111_HUMAN	14	655	0
CT112_HUMAN	13	335	0
CT118_HUMAN	12	856	0
CT132_HUMAN	3	1391	0
CT135_HUMAN	4	932	0
CT141_HUMAN	9	1089	0
CT151_HUMAN	12	562	0
CT160_HUMAN	7	492	0
CT165_HUMAN	17	1783	0
CT173_HUMAN	1	3620	0
CT177_HUMAN	39	323	0
CT194_HUMAN	8	917	0
CT195_HUMAN	66	186	0
CT196_HUMAN	8	633	0
CT197_HUMAN	93	228	0
CT199_HUMAN	1	1346	0
CT201_HUMAN	2	2864	0
CT202_HUMAN	8	1739	0
CT203_HUMAN	3	3611	0
CT2NL_HUMAN	73	140	0
CT451_HUMAN	26	494	0
CT452_HUMAN	8	740	0
CT453_HUMAN	12	548	0
CT454_HUMAN,CT456_HUMAN	73	277	0
CT455_HUMAN	77	278	0
CT47A_HUMAN	2	3942	0
CT62_HUMAN	1	3206	0
CTAG2_HUMAN	36	459	0
CTBL1_HUMAN	150	90	0
CTBP1_HUMAN	740	25	0
CTBP2_HUMAN	380	65	0
CTC1_HUMAN	60	254	0
CTCFL_HUMAN	39	281	0
CTCF_HUMAN	429	52	0
CTDP1_HUMAN	179	97	0
CTDS1_HUMAN	109	145	0
CTDS2_HUMAN	67	209	0
CTDSL_HUMAN	92	179	0
CTF18_HUMAN	102	124	0
CTF1_HUMAN	7	2310	0
CTF8_HUMAN	32	215	0
CTG1B_HUMAN	113	190	0
CTGE1_HUMAN	8	1688	0
CTGE2_HUMAN	5	1695	0
CTGE4_HUMAN	2	10174	0
CTGE5_HUMAN	101	121	0
CTGE6_HUMAN	6	3712	0
CTGF_HUMAN	50	140	0
CTHR1_HUMAN	22	384	0
CTIF_HUMAN	75	149	0
CTL1_HUMAN	230	93	0
CTL2_HUMAN	59	156	0
CTL3_HUMAN	65	223	0
CTL4_HUMAN	55	279	0
CTL5_HUMAN	98	188	0
CTLA4_HUMAN	139	112	0
CTLFB_HUMAN	3	1580	0
CTNA1_HUMAN	372	43	0
CTNA2_HUMAN	70	131	0
CTNA3_HUMAN	127	170	0
CTNB1_HUMAN	997	23	0
CTND1_HUMAN	268	43	0
CTND2_HUMAN	43	146	0
CTNL1_HUMAN	78	159	0
CTNS_HUMAN	8	1387	0
CTR1_HUMAN	390	55	0
CTR2_HUMAN	144	171	0
CTR3_HUMAN	146	183	0
CTR4_HUMAN	107	277	0
CTR9_HUMAN	238	72	0
CTRB1_HUMAN	3	4598	0
CTRB2_HUMAN	2	5505	0
CTRC_HUMAN	15	2524	0
CTRL_HUMAN	14	1123	0
CTRO_HUMAN	1407	23	0
CTSL2_HUMAN	70	126	0
CTSR1_HUMAN	119	258	0
CTSR2_HUMAN	3	2209	0
CTSR4_HUMAN	5	2741	0
CTSRB_HUMAN	2	1322	0
CTSRD_HUMAN	3	2880	0
CTSRG_HUMAN	5	551	0
CTTB2_HUMAN	50	253	0
CTU1_HUMAN	77	205	0
CTU2_HUMAN	69	163	0
CTXN1_HUMAN	32	813	0
CTXN3_HUMAN	60	816	0
CU002_HUMAN	49	244	0
CU025_HUMAN	56	214	0
CU034_HUMAN	1	1454	0
CU049_HUMAN	1	3050	0
CU056_HUMAN	54	258	0
CU058_HUMAN	22	446	0
CU059_HUMAN	82	132	0
CU062_HUMAN	1	8064	0
CU067_HUMAN	5	1575	0
CU074_HUMAN	1	3050	0
CU077_HUMAN	66	348	0
CU084_HUMAN	1	3059	0
CU090_HUMAN	1	3050	0
CU109_HUMAN	1	7634	0
CU119_HUMAN	4	1592	0
CU122_HUMAN	1	1289	0
CUBN_HUMAN	11	848	0
CUED1_HUMAN	113	143	0
CUED2_HUMAN	39	231	0
CUL1_HUMAN	880	29	0
CUL2_HUMAN	581	30	0
CUL3_HUMAN	3157	10	0
CUL4A_HUMAN	823	18	0
CUL4B_HUMAN	721	31	0
CUL5_HUMAN	498	44	0
CUL7_HUMAN	835	24	0
CUL9_HUMAN	180	117	0
CUTA_HUMAN	55	147	0
CUTC_HUMAN	32	220	0
CUX1_HUMAN	73	218	0
CUX2_HUMAN	16	817	0
CUZD1_HUMAN	3	1664	0
CV013_HUMAN	91	208	0
CV015_HUMAN	20	994	0
CV025_HUMAN	27	324	0
CV026_HUMAN	17	669	0
CV029_HUMAN	21	412	0
CV031_HUMAN	5	1592	0
CV032_HUMAN	27	484	0
CV034_HUMAN	1	1647	0
CV037_HUMAN	1	5176	0
CV039_HUMAN	50	380	0
CV040_HUMAN	37	474	0
CV041_HUMAN	59	441	0
CV042_HUMAN	11	534	0
CV043_HUMAN	8	1176	0
CV046_HUMAN	3	2497	0
CWC15_HUMAN	126	131	0
CWC22_HUMAN	119	130	0
CWC25_HUMAN	66	171	0
CWC27_HUMAN	69	142	0
CX001_HUMAN	45	431	0
CX021_HUMAN	6	707	0
CX022_HUMAN	10	387	0
CX023_HUMAN	3	1728	0
CX026_HUMAN	52	148	0
CX038_HUMAN	9	442	0
CX041_HUMAN	16	1042	0
CX042_HUMAN	1	2340	0
CX048_HUMAN	51	440	0
CX04A_HUMAN	19	1187	0
CX04B_HUMAN	3	7088	0
CX052_HUMAN	1	1646	0
CX056_HUMAN	78	161	0
CX057_HUMAN	57	200	0
CX058_HUMAN	5	2217	0
CX059_HUMAN	3	1833	0
CX062_HUMAN	1	4170	0
CX064_HUMAN	4	1501	0
CX065_HUMAN	4	2079	0
CX066_HUMAN	34	558	0
CX067_HUMAN	16	385	0
CX3C1_HUMAN	5	1801	0
CX6A1_HUMAN	63	203	0
CX6A2_HUMAN	10	1704	0
CX6B1_HUMAN	282	97	0
CX6B2_HUMAN	3	4378	0
CX7A1_HUMAN	13	1383	0
CX7A2_HUMAN	121	126	0
CX7B2_HUMAN	11	1878	0
CXA10_HUMAN	3	2883	0
CXA1_HUMAN	699	26	0
CXA3_HUMAN	17	494	0
CXA4_HUMAN	9	983	0
CXA5_HUMAN	36	511	0
CXA8_HUMAN	161	186	0
CXA9_HUMAN	2	2095	0
CXAR_HUMAN	366	45	0
CXB1_HUMAN	75	150	0
CXB2_HUMAN	65	268	0
CXB3_HUMAN	17	661	0
CXB4_HUMAN	10	2166	0
CXB5_HUMAN	71	348	0
CXB6_HUMAN	14	2131	0
CXB7_HUMAN	54	442	0
CXCL2_HUMAN	12	976	0
CXCL3_HUMAN	9	1558	0
CXCL5_HUMAN	19	858	0
CXCL6_HUMAN	26	739	0
CXCL7_HUMAN	26	530	0
CXCL9_HUMAN	63	426	0
CXCR1_HUMAN	16	966	0
CXCR2_HUMAN	51	266	0
CXCR3_HUMAN	160	193	0
CXCR4_HUMAN	314	74	0
CXCR5_HUMAN	11	1169	0
CXCR6_HUMAN	1	10364	0
CXCR7_HUMAN,ACKR3_HUMAN	117	145	0
CXD2_HUMAN	1	4453	0
CXD3_HUMAN	451	62	0
CXD4_HUMAN	13	853	0
CXG1_HUMAN	49	329	0
CXG2_HUMAN	7	1861	0
CXG3_HUMAN	2	4064	0
CXL10_HUMAN	2	4264	0
CXL11_HUMAN	6	1043	0
CXL13_HUMAN	8	1139	0
CXL14_HUMAN	18	694	0
CXL16_HUMAN	86	210	0
CXX1_HUMAN	52	248	0
CXXC1_HUMAN	135	106	0
CXXC4_HUMAN	13	687	0
CXXC5_HUMAN	20	351	0
CXY02_HUMAN	1	1454	0
CY15A_HUMAN	1	5030	0
CY15B_HUMAN	2	2632	0
CY1_HUMAN	255	60	0
CY24A_HUMAN	65	170	0
CY24B_HUMAN	26	264	0
CY561_HUMAN	64	364	0
CYAC3_HUMAN	24	928	0
CYB5B_HUMAN	299	55	0
CYB5_HUMAN	153	75	0
CYBP_HUMAN	300	53	0
CYBR1_HUMAN	49	224	0
CYB_HUMAN	20	495	0
CYC_HUMAN	201	64	0
CYFP1_HUMAN	201	66	0
CYFP2_HUMAN	173	75	0
CYGB_HUMAN	14	868	0
CYH1_HUMAN	49	229	0
CYH2_HUMAN	46	215	0
CYH3_HUMAN	46	177	0
CYH4_HUMAN	45	329	0
CYHR1_HUMAN	46	163	0
CYLC1_HUMAN	19	770	0
CYLC2_HUMAN	27	352	0
CYLD_HUMAN	849	23	0
CYR61_HUMAN	47	151	0
CYS1_HUMAN	24	584	0
CYTA_HUMAN	149	97	0
CYTB_HUMAN	108	115	0
CYTC_HUMAN	31	211	0
CYTD_HUMAN	39	413	0
CYTF_HUMAN	14	1118	0
CYTIP_HUMAN	16	1024	0
CYTL1_HUMAN	1	1581	0
CYTM1_HUMAN	25	571	0
CYTM_HUMAN	101	146	0
CYTN_HUMAN	143	129	0
CYTSA_HUMAN	187	78	0
CYTSB_HUMAN	154	84	0
CYTS_HUMAN	97	189	0
CYTT_HUMAN	51	364	0
CYYR1_HUMAN	7	1057	0
D103A_HUMAN	11	2245	0
D104A_HUMAN	7	1222	0
D105A_HUMAN	1	8621	0
D106A_HUMAN	16	1672	0
D107A_HUMAN	12	889	0
D108B_HUMAN	3	9281	0
D19L1_HUMAN	85	140	0
D19L2_HUMAN	10	1239	0
D19L3_HUMAN	26	268	0
D19L4_HUMAN	48	280	0
D19P1_HUMAN	2	969	0
D2HDH_HUMAN	147	119	0
D39U1_HUMAN	28	277	0
D42E1_HUMAN	3	728	0
D42E2_HUMAN	4	1003	0
DAAF1_HUMAN	10	607	0
DAAF3_HUMAN	5	1289	0
DAAM1_HUMAN	77	142	0
DAAM2_HUMAN	39	294	0
DAB1_HUMAN	83	150	0
DAB2P_HUMAN	98	112	0
DAB2_HUMAN	132	89	0
DACH1_HUMAN	101	162	0
DACH2_HUMAN	12	751	0
DACT1_HUMAN	36	225	0
DACT2_HUMAN	14	829	0
DACT3_HUMAN	17	673	0
DAD1_HUMAN	107	109	0
DAF_HUMAN	90	145	0
DAG1_HUMAN	169	77	0
DALD3_HUMAN	22	296	0
DAOA_HUMAN	2	8682	0
DAP1_HUMAN	13	403	0
DAPAL_HUMAN	23	955	0
DAPK1_HUMAN	200	104	0
DAPK2_HUMAN	16	590	0
DAPK3_HUMAN	83	160	0
DAPL1_HUMAN	8	1538	0
DAPLE_HUMAN	74	134	0
DAPP1_HUMAN	26	358	0
DAXX_HUMAN	350	53	0
DAZ1_HUMAN	10	1661	0
DAZ2_HUMAN	22	577	0
DAZ3_HUMAN	2	1540	0
DAZ4_HUMAN	6	1297	0
DAZL_HUMAN	145	192	0
DAZP1_HUMAN	153	95	0
DAZP2_HUMAN	192	113	0
DB109_HUMAN	36	782	0
DB110_HUMAN	16	749	0
DB112_HUMAN	3	6769	0
DB114_HUMAN	2	2815	0
DB115_HUMAN	2	2231	0
DB116_HUMAN	6	1744	0
DB118_HUMAN	3	5717	0
DB119_HUMAN	1	1713	0
DB121_HUMAN	20	1147	0
DB123_HUMAN	15	1608	0
DB124_HUMAN	4	1245	0
DB125_HUMAN	18	981	0
DB126_HUMAN	3	1104	0
DB127_HUMAN	27	594	0
DB128_HUMAN	1	11448	0
DB129_HUMAN	2	9489	0
DB130_HUMAN	1	4170	0
DB131_HUMAN	4	2605	0
DB132_HUMAN	4	1263	0
DB135_HUMAN	42	727	0
DB136_HUMAN	43	685	0
DBC1_HUMAN,BRNP1_HUMAN	36	253	0
DBF4A_HUMAN	30	365	0
DBF4B_HUMAN	41	276	0
DBLOH_HUMAN	290	61	0
DBND1_HUMAN	3	1960	0
DBND2_HUMAN	10	688	0
DBNL_HUMAN	178	69	0
DBPA_HUMAN,YBOX3_HUMAN	334	59	0
DBP_HUMAN	13	820	0
DBR1_HUMAN	36	189	0
DBX1_HUMAN	1	15285	0
DBX2_HUMAN	7	1060	0
DC121_HUMAN	17	697	0
DC122_HUMAN	29	485	0
DC1I1_HUMAN	105	137	0
DC1I2_HUMAN	293	52	0
DC1L1_HUMAN	237	78	0
DC1L2_HUMAN	152	98	0
DC2L1_HUMAN	41	235	0
DC4L1_HUMAN	35	396	0
DC4L2_HUMAN	40	274	0
DC8L1_HUMAN	2	2330	0
DCA10_HUMAN	134	121	0
DCA11_HUMAN	140	97	0
DCA12_HUMAN	104	133	0
DCA13_HUMAN	235	83	0
DCA15_HUMAN	251	116	0
DCA16_HUMAN	68	243	0
DCA17_HUMAN	17	662	0
DCAF4_HUMAN	421	52	0
DCAF5_HUMAN	101	155	0
DCAF6_HUMAN	220	80	0
DCAF7_HUMAN	358	63	0
DCAF8_HUMAN	191	69	0
DCAKD_HUMAN	118	112	0
DCAM_HUMAN	55	237	0
DCBD1_HUMAN	34	331	0
DCBD2_HUMAN	62	159	0
DCC1_HUMAN	51	256	0
DCC_HUMAN	75	189	0
DCD2B_HUMAN	20	546	0
DCDC1_HUMAN	8	672	0
DCDC2_HUMAN	38	316	0
DCD_HUMAN	257	60	0
DCE1_HUMAN	26	283	0
DCE2_HUMAN	46	735	0
DCHS_HUMAN	2	1035	0
DCK_HUMAN	65	151	0
DCLK1_HUMAN	127	130	0
DCLK2_HUMAN	36	210	0
DCLK3_HUMAN	11	1651	0
DCMC_HUMAN	39	365	0
DCNL1_HUMAN	267	69	0
DCNL2_HUMAN	28	375	0
DCNL3_HUMAN	28	230	0
DCNL4_HUMAN	28	225	0
DCNL5_HUMAN	79	165	0
DCNP1_HUMAN	17	1698	0
DCOR_HUMAN	23	297	0
DCP1A_HUMAN	172	92	0
DCP1B_HUMAN	110	152	0
DCP2_HUMAN	104	131	0
DCPS_HUMAN	391	61	0
DCR1A_HUMAN	20	343	0
DCR1B_HUMAN	36	277	0
DCR1C_HUMAN	40	310	0
DCST1_HUMAN	18	489	0
DCST2_HUMAN	3	3401	0
DCSTP_HUMAN	2	4435	0
DCTD_HUMAN	29	220	0
DCTN1_HUMAN	507	40	0
DCTN2_HUMAN	339	53	0
DCTN3_HUMAN	144	117	0
DCTN4_HUMAN	138	84	0
DCTN5_HUMAN	89	139	0
DCTN6_HUMAN	64	256	0
DCTP1_HUMAN	70	133	0
DCUP_HUMAN	39	204	0
DCXR_HUMAN	67	114	0
DCX_HUMAN	93	140	0
DD19A_HUMAN	88	108	0
DD19B_HUMAN	260	72	0
DDA1_HUMAN	376	65	0
DDAH1_HUMAN	53	160	0
DDAH2_HUMAN	74	155	0
DDB1_HUMAN	679	36	0
DDB2_HUMAN	150	125	0
DDC_HUMAN	7	468	0
DDHD1_HUMAN	46	197	0
DDHD2_HUMAN	43	223	0
DDI1_HUMAN	63	398	0
DDI2_HUMAN	134	109	0
DDIT3_HUMAN	122	117	0
DDIT4_HUMAN	22	250	0
DDR1_HUMAN	150	97	0
DDR2_HUMAN	141	84	0
DDRGK_HUMAN	1243	24	0
DDT4L_HUMAN	216	136	0
DDTL_HUMAN	17	355	0
DDX10_HUMAN	186	103	0
DDX11_HUMAN	70	189	0
DDX12_HUMAN	5	674	0
DDX17_HUMAN	456	43	0
DDX18_HUMAN	352	59	0
DDX1_HUMAN	408	51	0
DDX20_HUMAN	250	72	0
DDX21_HUMAN	692	39	0
DDX23_HUMAN	474	51	0
DDX24_HUMAN	597	30	0
DDX25_HUMAN	6	1172	0
DDX27_HUMAN	314	71	0
DDX28_HUMAN	491	50	0
DDX31_HUMAN	267	96	0
DDX3X_HUMAN	618	34	0
DDX3Y_HUMAN	99	137	0
DDX41_HUMAN	288	74	0
DDX42_HUMAN	215	83	0
DDX43_HUMAN	18	298	0
DDX46_HUMAN	250	64	0
DDX47_HUMAN	192	81	0
DDX49_HUMAN	63	175	0
DDX4_HUMAN	21	277	0
DDX50_HUMAN	281	91	0
DDX51_HUMAN	109	157	0
DDX52_HUMAN	183	94	0
DDX53_HUMAN	7	646	0
DDX54_HUMAN	360	48	0
DDX55_HUMAN	191	87	0
DDX56_HUMAN	317	82	0
DDX58_HUMAN	1661	15	0
DDX59_HUMAN	21	250	0
DDX5_HUMAN	597	35	0
DDX60_HUMAN	84	192	0
DDX6L_HUMAN	35	365	0
DDX6_HUMAN	537	34	0
DEAF1_HUMAN	52	229	0
DEC1_HUMAN	33	420	0
DECR2_HUMAN	62	160	0
DECR_HUMAN	90	134	0
DEDD2_HUMAN	16	547	0
DEDD_HUMAN	31	329	0
DEF1_HUMAN	106	175	0
DEF3_HUMAN	6	967	0
DEF5_HUMAN	83	205	0
DEF6_HUMAN	20	554	0
DEFB1_HUMAN	13	914	0
DEFI6_HUMAN	59	206	0
DEFI8_HUMAN	59	162	0
DEFM_HUMAN	75	177	0
DEGS1_HUMAN	83	140	0
DEGS2_HUMAN	1	4170	0
DEK_HUMAN	215	73	0
DELE_HUMAN	7	740	0
DEMA_HUMAN	35	234	0
DEN1A_HUMAN	99	182	0
DEN1B_HUMAN	16	320	0
DEN1C_HUMAN	9	348	0
DEN2A_HUMAN	6	480	0
DEN2C_HUMAN	14	592	0
DEN2D_HUMAN	35	349	0
DEN4B_HUMAN	13	301	0
DEN4C_HUMAN	139	94	0
DEN5A_HUMAN	21	273	0
DEN5B_HUMAN	19	240	0
DEND3_HUMAN	7	515	0
DEND_HUMAN	7	1032	0
DENR_HUMAN	76	142	0
DEOC_HUMAN	42	205	0
DEP1A_HUMAN	32	333	0
DEP1B_HUMAN	194	98	0
DEPD4_HUMAN	1	2389	0
DEPD5_HUMAN	41	239	0
DEPD7_HUMAN	17	352	0
DEPP_HUMAN	8	1575	0
DERL1_HUMAN	454	46	0
DERL2_HUMAN	127	98	0
DERL3_HUMAN	25	1018	0
DERM_HUMAN	4	741	0
DERP6_HUMAN,ELP5_HUMAN	18	443	0
DESI1_HUMAN	62	184	0
DESI2_HUMAN	15	823	0
DESM_HUMAN	162	91	0
DESP_HUMAN	453	39	0
DEST_HUMAN	193	78	0
DET1_HUMAN	155	110	0
DEXI_HUMAN	7	1990	0
DFB4A_HUMAN	2	2693	0
DFFA_HUMAN	82	141	0
DFFB_HUMAN	37	232	0
DFNA5_HUMAN	176	99	0
DG2L6_HUMAN	46	558	0
DGAT1_HUMAN	50	210	0
DGAT2_HUMAN	7	725	0
DGC14_HUMAN	153	107	0
DGC6L_HUMAN	30	539	0
DGCR6_HUMAN	71	259	0
DGCR8_HUMAN	244	109	0
DGKA_HUMAN	16	416	0
DGKB_HUMAN	4	1162	0
DGKD_HUMAN	23	337	0
DGKE_HUMAN	81	141	0
DGKG_HUMAN	33	415	0
DGKH_HUMAN	30	262	0
DGKI_HUMAN	9	557	0
DGKK_HUMAN	6	725	0
DGKQ_HUMAN	16	475	0
DGKZ_HUMAN	92	148	0
DGLA_HUMAN	21	360	0
DGLB_HUMAN	69	205	0
DGUOK_HUMAN	88	244	0
DHAK_HUMAN,TKFC_HUMAN	95	135	0
DHB11_HUMAN	411	58	0
DHB12_HUMAN	238	47	0
DHB13_HUMAN	140	316	0
DHB14_HUMAN	46	347	0
DHB1_HUMAN	16	986	0
DHB2_HUMAN	10	739	0
DHB3_HUMAN	31	275	0
DHB4_HUMAN	200	84	0
DHB7_HUMAN	52	214	0
DHB8_HUMAN	41	359	0
DHC24_HUMAN	206	53	0
DHCR7_HUMAN	203	63	0
DHDDS_HUMAN	10	1453	0
DHDH_HUMAN	54	282	0
DHE3_HUMAN	271	70	0
DHE4_HUMAN	38	216	0
DHH_HUMAN	45	542	0
DHI1L_HUMAN	3	567	0
DHI1_HUMAN	22	421	0
DHI2_HUMAN	8	472	0
DHPR_HUMAN	41	169	0
DHR11_HUMAN	8	1839	0
DHR12_HUMAN	20	961	0
DHR13_HUMAN	52	161	0
DHRS1_HUMAN	41	292	0
DHRS2_HUMAN	92	143	0
DHRS3_HUMAN	43	267	0
DHRS4_HUMAN	120	151	0
DHRS7_HUMAN	161	99	0
DHRS9_HUMAN	24	504	0
DHRSX_HUMAN	21	598	0
DHSA_HUMAN,SDHA_HUMAN	417	30	0
DHSB_HUMAN,SDHB_HUMAN	223	72	0
DHSD_HUMAN	25	357	0
DHSO_HUMAN	110	112	0
DHTK1_HUMAN	68	168	0
DHX15_HUMAN	519	39	0
DHX16_HUMAN	177	103	0
DHX29_HUMAN	104	109	0
DHX30_HUMAN	553	47	0
DHX32_HUMAN	44	208	0
DHX33_HUMAN	78	143	0
DHX34_HUMAN	28	269	0
DHX35_HUMAN	66	165	0
DHX36_HUMAN	246	88	0
DHX37_HUMAN	148	102	0
DHX40_HUMAN	250	88	0
DHX57_HUMAN	261	70	0
DHX58_HUMAN	25	298	0
DHX8_HUMAN	306	81	0
DHX9_HUMAN	727	28	0
DHYS_HUMAN	101	119	0
DI3L1_HUMAN	47	367	0
DI3L2_HUMAN	36	226	0
DIA1R_HUMAN	1	3442	0
DIA1_HUMAN	85	195	0
DIAC_HUMAN	31	470	0
DIAP1_HUMAN	167	82	0
DIAP2_HUMAN	55	183	0
DIAP3_HUMAN	117	110	0
DICER_HUMAN	273	61	0
DIC_HUMAN	217	58	0
DIDO1_HUMAN	193	79	0
DIEXF_HUMAN	99	142	0
DIM1_HUMAN	199	94	0
DIP2A_HUMAN	107	82	0
DIP2B_HUMAN	69	89	0
DIP2C_HUMAN	10	274	0
DIRA1_HUMAN	27	516	0
DIRA2_HUMAN	45	166	0
DIRA3_HUMAN	262	71	0
DIRC2_HUMAN	46	448	0
DISC1_HUMAN	871	29	0
DISP1_HUMAN	14	443	0
DISP2_HUMAN	5	578	0
DIXC1_HUMAN	25	252	0
DJB11_HUMAN	372	44	0
DJB12_HUMAN	179	48	0
DJB13_HUMAN	47	304	0
DJB14_HUMAN	73	125	0
DJC10_HUMAN	289	50	0
DJC11_HUMAN	244	73	0
DJC12_HUMAN	59	250	0
DJC13_HUMAN	167	60	0
DJC14_HUMAN	51	215	0
DJC15_HUMAN	166	184	0
DJC16_HUMAN	271	63	0
DJC17_HUMAN	133	123	0
DJC18_HUMAN	85	243	0
DJC21_HUMAN	84	152	0
DJC22_HUMAN	39	272	0
DJC24_HUMAN	8	551	0
DJC25_HUMAN	349	74	0
DJC27_HUMAN	14	1055	0
DJC28_HUMAN	95	302	0
DJC30_HUMAN	268	84	0
DKC1_HUMAN	399	81	0
DKK1_HUMAN	23	312	0
DKK2_HUMAN	48	451	0
DKK3_HUMAN	92	153	0
DKK4_HUMAN	9	1131	0
DKKL1_HUMAN	128	217	0
DLDH_HUMAN	499	54	0
DLEC1_HUMAN	6	1315	0
DLG1_HUMAN	248	67	0
DLG2_HUMAN	55	301	0
DLG3_HUMAN	113	127	0
DLG4_HUMAN	152	102	0
DLG5_HUMAN	186	74	0
DLGP1_HUMAN	32	297	0
DLGP2_HUMAN	28	531	0
DLGP3_HUMAN	36	198	0
DLGP4_HUMAN	82	129	0
DLGP5_HUMAN	77	142	0
DLK1_HUMAN	171	158	0
DLK2_HUMAN	37	537	0
DLL1_HUMAN	25	529	0
DLL3_HUMAN	16	288	0
DLL4_HUMAN	2	3608	0
DLN1_HUMAN	14	433	0
DLP1_HUMAN	37	284	0
DLRB1_HUMAN	89	127	0
DLRB2_HUMAN	15	342	0
DLX1_HUMAN	7	753	0
DLX2_HUMAN	22	350	0
DLX3_HUMAN	5	3831	0
DLX4_HUMAN	14	684	0
DLX5_HUMAN	20	794	0
DLX6_HUMAN	35	333	0
DMAP1_HUMAN	192	92	0
DMBT1_HUMAN	68	220	0
DMBX1_HUMAN	1	3586	0
DMB_HUMAN	65	275	0
DMC1_HUMAN	26	340	0
DMD_HUMAN	122	105	0
DMKN_HUMAN	28	233	0
DMP1_HUMAN	3	2716	0
DMP4_HUMAN,FA20C_HUMAN	247	74	0
DMPK_HUMAN	24	331	0
DMRT1_HUMAN	7	2395	0
DMRT2_HUMAN	2	3030	0
DMRT3_HUMAN	83	362	0
DMRTA_HUMAN	3	1553	0
DMRTB_HUMAN	95	206	0
DMRTC_HUMAN	3	1978	0
DMRTD_HUMAN	2	5624	0
DMTF1_HUMAN	8	449	0
DMWD_HUMAN	96	143	0
DMXL1_HUMAN	59	191	0
DMXL2_HUMAN	82	136	0
DNA2L_HUMAN,DNA2_HUMAN	77	164	0
DNAI1_HUMAN	9	478	0
DNAI2_HUMAN	78	328	0
DNAL1_HUMAN	7	570	0
DNAL4_HUMAN	37	364	0
DNAS1_HUMAN	2	1132	0
DND1_HUMAN	118	180	0
DNER_HUMAN	9	509	0
DNHD1_HUMAN	15	296	0
DNJ5B_HUMAN	82	173	0
DNJ5G_HUMAN	9	1082	0
DNJA1_HUMAN	600	28	0
DNJA2_HUMAN	615	38	0
DNJA3_HUMAN	395	49	0
DNJA4_HUMAN	94	90	0
DNJB1_HUMAN	336	44	0
DNJB2_HUMAN	142	81	0
DNJB3_HUMAN	61	235	0
DNJB4_HUMAN	159	95	0
DNJB5_HUMAN	121	143	0
DNJB6_HUMAN	388	49	0
DNJB7_HUMAN	34	354	0
DNJB8_HUMAN	117	146	0
DNJB9_HUMAN	213	96	0
DNJC1_HUMAN	376	58	0
DNJC2_HUMAN	223	100	0
DNJC3_HUMAN	266	52	0
DNJC4_HUMAN	56	294	0
DNJC5_HUMAN	381	45	0
DNJC7_HUMAN	476	44	0
DNJC8_HUMAN	230	77	0
DNJC9_HUMAN	291	67	0
DNLI1_HUMAN	105	131	0
DNLI3_HUMAN	229	59	0
DNLI4_HUMAN	150	113	0
DNLZ_HUMAN	33	673	0
DNM1L_HUMAN	366	53	0
DNM3A_HUMAN	91	134	0
DNM3B_HUMAN	99	160	0
DNM3L_HUMAN	14	748	0
DNMBP_HUMAN	113	112	0
DNMT1_HUMAN	232	60	0
DNPEP_HUMAN	105	111	0
DNS2A_HUMAN	24	220	0
DNS2B_HUMAN	52	375	0
DNSL1_HUMAN	133	108	0
DNSL2_HUMAN	26	448	0
DNSL3_HUMAN	3	2542	0
DOA_HUMAN	5	2514	0
DOB_HUMAN	5	2876	0
DOC10_HUMAN	29	210	0
DOC11_HUMAN	51	178	0
DOC2A_HUMAN	18	784	0
DOC2B_HUMAN	7	2258	0
DOCK1_HUMAN	67	134	0
DOCK2_HUMAN	65	187	0
DOCK3_HUMAN	63	201	0
DOCK4_HUMAN	74	125	0
DOCK5_HUMAN	124	98	0
DOCK6_HUMAN	60	167	0
DOCK7_HUMAN	279	52	0
DOCK8_HUMAN	127	122	0
DOCK9_HUMAN	62	137	0
DOHH_HUMAN	18	334	0
DOK1_HUMAN	38	295	0
DOK2_HUMAN	112	170	0
DOK3_HUMAN	49	266	0
DOK4_HUMAN	69	232	0
DOK5_HUMAN	18	612	0
DOK6_HUMAN	24	575	0
DOK7_HUMAN	8	1169	0
DOLK_HUMAN	53	572	0
DOM3Z_HUMAN,DXO_HUMAN	24	647	0
DONS_HUMAN	31	465	0
DOP1_HUMAN	21	226	0
DOP2_HUMAN	57	154	0
DOPD_HUMAN	20	265	0
DOPO_HUMAN	12	452	0
DOPP1_HUMAN	49	172	0
DOS_HUMAN	79	203	0
DOT1L_HUMAN	797	39	0
DOXA1_HUMAN	2	1790	0
DOXA2_HUMAN	69	369	0
DP13A_HUMAN	180	63	0
DP13B_HUMAN	74	126	0
DPA1_HUMAN	124	261	0
DPB1_HUMAN	98	221	0
DPCA2_HUMAN	1	1505	0
DPCD_HUMAN	30	315	0
DPCR1_HUMAN	1	2389	0
DPEP1_HUMAN	65	367	0
DPEP2_HUMAN	49	374	0
DPEP3_HUMAN	7	444	0
DPF1_HUMAN	94	217	0
DPF3_HUMAN	100	151	0
DPH1_HUMAN	63	183	0
DPH2_HUMAN	48	196	0
DPH3_HUMAN	11	1068	0
DPH5_HUMAN	20	308	0
DPM1_HUMAN	185	62	0
DPM2_HUMAN	53	484	0
DPM3_HUMAN	19	298	0
DPOA2_HUMAN	133	114	0
DPOD1_HUMAN	346	58	0
DPOD2_HUMAN	77	150	0
DPOD3_HUMAN	415	63	0
DPOD4_HUMAN	9	755	0
DPOE1_HUMAN	155	85	0
DPOE2_HUMAN	55	218	0
DPOE3_HUMAN	82	166	0
DPOE4_HUMAN	30	331	0
DPOG1_HUMAN	110	167	0
DPOG2_HUMAN	44	327	0
DPOLA_HUMAN	114	103	0
DPOLB_HUMAN	58	208	0
DPOLL_HUMAN	72	161	0
DPOLM_HUMAN	19	462	0
DPOLN_HUMAN	16	699	0
DPOLQ_HUMAN	19	379	0
DPOLZ_HUMAN	43	199	0
DPP10_HUMAN	6	724	0
DPP2_HUMAN	44	151	0
DPP3_HUMAN	48	141	0
DPP4_HUMAN	453	49	0
DPP6_HUMAN	17	526	0
DPP8_HUMAN	54	249	0
DPP9_HUMAN	106	128	0
DPPA2_HUMAN	41	385	0
DPPA3_HUMAN	44	334	0
DPPA4_HUMAN	139	147	0
DPPA5_HUMAN	1	4385	0
DPRX_HUMAN	17	601	0
DPS1_HUMAN	25	305	0
DPTOR_HUMAN	75	145	0
DPY30_HUMAN	195	77	0
DPYD_HUMAN	18	286	0
DPYL1_HUMAN	139	101	0
DPYL2_HUMAN	222	61	0
DPYL3_HUMAN	89	117	0
DPYL4_HUMAN	60	156	0
DPYL5_HUMAN	72	123	0
DPYS_HUMAN	9	795	0
DQA1_HUMAN	124	275	0
DQA2_HUMAN	3	9688	0
DQB1_HUMAN	71	349	0
DQB2_HUMAN	9	790	0
DQX1_HUMAN	18	735	0
DR4L1_HUMAN	4	2120	0
DR4L2_HUMAN	14	761	0
DR9C7_HUMAN	89	238	0
DRAM1_HUMAN	11	1238	0
DRAM2_HUMAN	5	999	0
DRAXI_HUMAN	1	12313	0
DRA_HUMAN	179	144	0
DRB3_HUMAN	53	363	0
DRB4_HUMAN	9	507	0
DRB5_HUMAN	32	260	0
DRD1_HUMAN	16	901	0
DRD2_HUMAN	108	178	0
DRD3_HUMAN	34	400	0
DRD4_HUMAN	26	363	0
DRD5_HUMAN	8	1983	0
DREB_HUMAN	437	47	0
DRG1_HUMAN	397	45	0
DRG2_HUMAN	67	146	0
DRP2_HUMAN	8	735	0
DRS7B_HUMAN	126	83	0
DRS7C_HUMAN	1	7327	0
DSC1_HUMAN	133	85	0
DSC2_HUMAN	174	95	0
DSC3_HUMAN	119	87	0
DSCAM_HUMAN	172	129	0
DSCL1_HUMAN	11	682	0
DSCR3_HUMAN	75	242	0
DSCR4_HUMAN	10	623	0
DSCR6_HUMAN	112	216	0
DSCR8_HUMAN	2	4260	0
DSCR9_HUMAN	146	175	0
DSEL_HUMAN	6	344	0
DSE_HUMAN	36	367	0
DSG1_HUMAN	210	69	0
DSG2_HUMAN	300	51	0
DSG3_HUMAN	36	390	0
DSG4_HUMAN	123	184	0
DSN1_HUMAN	93	172	0
DSPP_HUMAN	2	1765	0
DSRAD_HUMAN	301	47	0
DSS1_HUMAN	157	119	0
DTBP1_HUMAN	169	159	0
DTD1_HUMAN	29	203	0
DTD2_HUMAN	7	879	0
DTHD1_HUMAN	2	2527	0
DTL_HUMAN	114	117	0
DTNA_HUMAN	134	95	0
DTNB_HUMAN	108	162	0
DTWD1_HUMAN	12	1265	0
DTWD2_HUMAN	37	286	0
DTX1_HUMAN	32	358	0
DTX2_HUMAN	338	54	0
DTX3L_HUMAN	81	121	0
DTX3_HUMAN	130	93	0
DTX4_HUMAN	22	398	0
DUFFY_HUMAN,ACKR1_HUMAN	6	5354	0
DUOX1_HUMAN	11	584	0
DUOX2_HUMAN	38	307	0
DUPD1_HUMAN	39	374	0
DUS10_HUMAN	67	223	0
DUS11_HUMAN	95	167	0
DUS12_HUMAN	61	202	0
DUS13_HUMAN,DS13A_HUMAN,DS13B_HUMAN	101	160	0
DUS14_HUMAN	185	116	0
DUS15_HUMAN	42	213	0
DUS16_HUMAN	236	110	0
DUS18_HUMAN	24	338	0
DUS19_HUMAN	95	174	0
DUS1L_HUMAN	17	286	0
DUS1_HUMAN	98	145	0
DUS21_HUMAN	83	233	0
DUS22_HUMAN	146	135	0
DUS23_HUMAN	116	137	0
DUS26_HUMAN	57	229	0
DUS27_HUMAN	6	1164	0
DUS28_HUMAN	59	211	0
DUS2L_HUMAN	18	271	0
DUS2_HUMAN	77	199	0
DUS3L_HUMAN	52	158	0
DUS3_HUMAN	82	122	0
DUS4L_HUMAN	11	570	0
DUS4_HUMAN	115	125	0
DUS5_HUMAN	52	295	0
DUS6_HUMAN	124	97	0
DUS7_HUMAN	68	176	0
DUS8_HUMAN	39	325	0
DUS9_HUMAN	96	115	0
DUSTY_HUMAN	71	190	0
DUT_HUMAN	133	111	0
DUX1_HUMAN	7	1427	0
DUX2_HUMAN	3	5861	0
DUX3_HUMAN	10	1202	0
DUX4_HUMAN	5	1587	0
DUXA_HUMAN	11	1264	0
DVL1L_HUMAN	5	1235	0
DVL1_HUMAN	132	110	0
DVL2_HUMAN	552	33	0
DVL3_HUMAN	274	58	0
DX26B_HUMAN	21	506	0
DX39A_HUMAN	1067	36	0
DX39B_HUMAN	589	26	0
DY12L_HUMAN	19	377	0
DYDC1_HUMAN	35	494	0
DYDC2_HUMAN	10	2174	0
DYH10_HUMAN	31	206	0
DYH11_HUMAN	13	331	0
DYH12_HUMAN	2	5568	0
DYH14_HUMAN	30	295	0
DYH17_HUMAN	24	263	0
DYH1_HUMAN	20	339	0
DYH2_HUMAN	32	252	0
DYH3_HUMAN	14	420	0
DYH5_HUMAN	27	325	0
DYH6_HUMAN	35	317	0
DYH7_HUMAN	19	339	0
DYH8_HUMAN	21	291	0
DYH9_HUMAN	18	303	0
DYHC1_HUMAN	522	40	0
DYHC2_HUMAN	81	137	0
DYL1_HUMAN	498	46	0
DYL2_HUMAN	283	76	0
DYLT1_HUMAN	236	105	0
DYLT3_HUMAN	34	249	0
DYM_HUMAN	98	153	0
DYN1_HUMAN	119	118	0
DYN2_HUMAN	303	42	0
DYN3_HUMAN	93	110	0
DYR1A_HUMAN	1096	20	0
DYR1B_HUMAN	96	183	0
DYRK2_HUMAN	167	84	0
DYRK3_HUMAN	42	258	0
DYRK4_HUMAN	34	240	0
DYRL1_HUMAN	289	66	0
DYR_HUMAN	139	101	0
DYSF_HUMAN	65	166	0
DYST_HUMAN	87	165	0
DYTN_HUMAN	2	1018	0
DYXC1_HUMAN	22	434	0
DZAN1_HUMAN	7	1093	0
DZI1L_HUMAN	22	324	0
DZIP1_HUMAN	45	202	0
DZIP3_HUMAN	190	129	0
E15L2_HUMAN	1	8390	0
E2AK1_HUMAN	32	299	0
E2AK2_HUMAN	399	46	0
E2AK3_HUMAN	162	84	0
E2AK4_HUMAN	79	145	0
E2F1_HUMAN	203	108	0
E2F2_HUMAN	43	225	0
E2F3_HUMAN	70	172	0
E2F4_HUMAN	477	56	0
E2F5_HUMAN	30	407	0
E2F6_HUMAN	187	116	0
E2F7_HUMAN	52	159	0
E2F8_HUMAN	39	219	0
E400N_HUMAN	12	475	0
E41L1_HUMAN	196	82	0
E41L2_HUMAN	298	45	0
E41L3_HUMAN	265	63	0
E41L5_HUMAN	328	78	0
E41LA_HUMAN	125	143	0
E41LB_HUMAN	88	130	0
E4F1_HUMAN	107	172	0
EA3L1_HUMAN	1	7008	0
EAA1_HUMAN	277	66	0
EAA2_HUMAN	105	146	0
EAA3_HUMAN	257	80	0
EAA4_HUMAN	57	225	0
EAA5_HUMAN	11	1035	0
EAF1_HUMAN	152	178	0
EAF2_HUMAN	37	310	0
EAF6_HUMAN	135	154	0
EAN57_HUMAN	17	619	0
EAPP_HUMAN	74	175	0
EBLN2_HUMAN	11	1802	0
EBP2_HUMAN	329	70	0
EBPL_HUMAN	4	1262	0
EBP_HUMAN	267	84	0
ECAT1_HUMAN,KHD3L_HUMAN	5	5376	0
ECE1_HUMAN	111	116	0
ECE2_HUMAN	27	595	0
ECEL1_HUMAN	141	145	0
ECH1_HUMAN	320	55	0
ECHA_HUMAN	592	30	0
ECHB_HUMAN	501	26	0
ECHD1_HUMAN	70	168	0
ECHD2_HUMAN	19	775	0
ECHD3_HUMAN	11	1027	0
ECHM_HUMAN	267	65	0
ECHP_HUMAN	187	90	0
ECI1_HUMAN	71	148	0
ECI2_HUMAN	155	98	0
ECM1_HUMAN	151	82	0
ECM29_HUMAN	333	38	0
ECM2_HUMAN	2	2270	0
ECP_HUMAN	23	564	0
ECSCR_HUMAN	14	714	0
ECSIT_HUMAN	246	72	0
ECT2L_HUMAN	30	369	0
ECT2_HUMAN	884	30	0
EDAD_HUMAN	15	398	0
EDAR_HUMAN	61	354	0
EDA_HUMAN	124	219	0
EDC3_HUMAN	167	79	0
EDC4_HUMAN	202	78	0
EDEM1_HUMAN	212	56	0
EDEM2_HUMAN	125	190	0
EDEM3_HUMAN	126	110	0
EDF1_HUMAN	91	92	0
EDIL3_HUMAN	37	225	0
EDN1_HUMAN	8	1145	0
EDN3_HUMAN	108	265	0
EDNRA_HUMAN	52	312	0
EDNRB_HUMAN	37	437	0
EDRF1_HUMAN	100	176	0
EEA1_HUMAN	740	44	0
EED_HUMAN	576	37	0
EEPD1_HUMAN	31	250	0
EF1A1_HUMAN	859	24	0
EF1A2_HUMAN	359	43	0
EF1A3_HUMAN	153	101	0
EF1B_HUMAN	226	59	0
EF1DL_HUMAN	1	2509	0
EF1D_HUMAN	369	41	0
EF1G_HUMAN	599	34	0
EF2K_HUMAN	167	85	0
EF2_HUMAN	581	29	0
EFC11_HUMAN	15	557	0
EFC4A_HUMAN	20	553	0
EFC4B_HUMAN	63	239	0
EFCB1_HUMAN	8	994	0
EFCB2_HUMAN	14	1197	0
EFCB3_HUMAN	13	596	0
EFCB5_HUMAN	6	467	0
EFCB6_HUMAN	9	691	0
EFCB7_HUMAN	18	482	0
EFCB9_HUMAN	1	3722	0
EFGM_HUMAN	322	77	0
EFHA1_HUMAN,MICU2_HUMAN	104	113	0
EFHA2_HUMAN,MICU3_HUMAN	14	817	0
EFHB_HUMAN	5	949	0
EFHC1_HUMAN	81	350	0
EFHC2_HUMAN	110	156	0
EFHD1_HUMAN	84	151	0
EFHD2_HUMAN	126	91	0
EFNA1_HUMAN	100	104	0
EFNA2_HUMAN	69	254	0
EFNA3_HUMAN	109	109	0
EFNA4_HUMAN	235	79	0
EFNA5_HUMAN	71	251	0
EFNB1_HUMAN	278	66	0
EFNB2_HUMAN	184	114	0
EFNB3_HUMAN	63	218	0
EFR1_HUMAN	14	1264	0
EFR3A_HUMAN	119	124	0
EFR3B_HUMAN	69	175	0
EFRD1_HUMAN	21	1585	0
EFS_HUMAN	36	243	0
EFTS_HUMAN	384	83	0
EFTU_HUMAN	728	27	0
EGFL6_HUMAN	21	450	0
EGFL7_HUMAN	116	120	0
EGFL8_HUMAN	65	253	0
EGFLA_HUMAN	14	578	0
EGFR_HUMAN	2035	12	0
EGF_HUMAN	21	326	0
EGLN1_HUMAN	91	119	0
EGLN2_HUMAN	38	218	0
EGLN3_HUMAN	1293	24	0
EGLN_HUMAN	235	108	0
EGR1_HUMAN	52	239	0
EGR2_HUMAN	159	221	0
EGR3_HUMAN	2	2028	0
EGR4_HUMAN	2	2437	0
EH1L1_HUMAN	55	180	0
EHBP1_HUMAN	135	86	0
EHD1_HUMAN	154	82	0
EHD2_HUMAN	71	159	0
EHD3_HUMAN	44	205	0
EHD4_HUMAN	151	95	0
EHF_HUMAN	12	640	0
EHMT1_HUMAN	172	119	0
EHMT2_HUMAN	280	86	0
EI24_HUMAN	104	121	0
EI2BA_HUMAN	148	69	0
EI2BB_HUMAN	142	101	0
EI2BD_HUMAN	148	91	0
EI2BE_HUMAN	169	76	0
EI2BG_HUMAN	140	106	0
EID1_HUMAN	47	270	0
EID2B_HUMAN	13	998	0
EID2_HUMAN	25	439	0
EID3_HUMAN	33	527	0
EIF1A_HUMAN	96	196	0
EIF1B_HUMAN	184	91	0
EIF1_HUMAN	35	250	0
EIF2A_HUMAN	156	112	0
EIF2D_HUMAN	52	170	0
EIF3A_HUMAN	391	42	0
EIF3B_HUMAN	369	50	0
EIF3C_HUMAN,EIFCL_HUMAN	294	65	0
EIF3D_HUMAN	268	49	0
EIF3E_HUMAN	290	57	0
EIF3F_HUMAN	322	40	0
EIF3G_HUMAN	262	56	0
EIF3H_HUMAN	281	50	0
EIF3I_HUMAN	300	60	0
EIF3J_HUMAN	134	97	0
EIF3K_HUMAN	188	74	0
EIF3L_HUMAN	265	56	0
EIF3M_HUMAN	198	80	0
EKI1_HUMAN	26	335	0
EKI2_HUMAN	21	588	0
ELAF_HUMAN	8	792	0
ELAV1_HUMAN	2031	17	0
ELAV2_HUMAN	191	110	0
ELAV3_HUMAN	65	231	0
ELAV4_HUMAN	51	178	0
ELF1_HUMAN	122	186	0
ELF2_HUMAN	153	118	0
ELF3_HUMAN	72	208	0
ELF4_HUMAN	111	212	0
ELF5_HUMAN	53	287	0
ELK1_HUMAN	107	108	0
ELK3_HUMAN	114	185	0
ELK4_HUMAN	84	188	0
ELL2_HUMAN	34	447	0
ELL3_HUMAN	33	455	0
ELL_HUMAN	67	177	0
ELMD1_HUMAN	14	870	0
ELMD2_HUMAN	17	241	0
ELMD3_HUMAN	14	494	0
ELMO1_HUMAN	45	176	0
ELMO2_HUMAN	80	120	0
ELMO3_HUMAN	35	289	0
ELNE_HUMAN	37	359	0
ELN_HUMAN	27	380	0
ELOA1_HUMAN	222	74	0
ELOA2_HUMAN	62	318	0
ELOA3_HUMAN	2	2771	0
ELOB_HUMAN	322	75	0
ELOC_HUMAN	264	67	0
ELOF1_HUMAN	25	341	0
ELOV1_HUMAN	52	114	0
ELOV2_HUMAN	65	193	0
ELOV3_HUMAN	6	1937	0
ELOV4_HUMAN	130	353	0
ELOV5_HUMAN	368	70	0
ELOV6_HUMAN	6	1036	0
ELOV7_HUMAN	17	547	0
ELP1_HUMAN	199	80	0
ELP2_HUMAN	104	122	0
ELP3_HUMAN	98	114	0
ELP4_HUMAN	56	214	0
ELP6_HUMAN	50	238	0
ELYS_HUMAN	169	67	0
EM55_HUMAN	113	125	0
EMAL1_HUMAN	30	206	0
EMAL2_HUMAN	37	157	0
EMAL3_HUMAN	69	162	0
EMAL4_HUMAN	146	99	0
EMAL5_HUMAN	18	477	0
EMAL6_HUMAN	12	382	0
EMB_HUMAN	40	442	0
EMC10_HUMAN	55	310	0
EMC1_HUMAN	446	40	0
EMC2_HUMAN	419	44	0
EMC3_HUMAN	131	108	0
EMC4_HUMAN	288	64	0
EMC6_HUMAN	64	242	0
EMC7_HUMAN	162	92	0
EMC8_HUMAN	201	92	0
EMC9_HUMAN	163	149	0
EMD_HUMAN	817	32	0
EME1_HUMAN	50	232	0
EME2_HUMAN	2	2956	0
EMID1_HUMAN	59	294	0
EMID2_HUMAN,COQA1_HUMAN	5	1079	0
EMIL1_HUMAN	115	189	0
EMIL2_HUMAN	28	542	0
EMIL3_HUMAN	58	338	0
EMP1_HUMAN	62	494	0
EMP2_HUMAN	7	1102	0
EMP3_HUMAN	79	268	0
EMR2_HUMAN,AGRE2_HUMAN	37	563	0
EMR4_HUMAN,AGRE4_HUMAN	25	1025	0
EMSY_HUMAN	150	96	0
EMX1_HUMAN	10	1785	0
EMX2_HUMAN	35	333	0
ENAH_HUMAN	120	100	0
ENAM_HUMAN	6	1047	0
ENASE_HUMAN	8	422	0
ENC1_HUMAN	39	233	0
ENC2_HUMAN,KLH25_HUMAN	21	426	0
ENDD1_HUMAN	107	107	0
ENDOU_HUMAN	25	745	0
ENDOV_HUMAN	17	694	0
ENED_HUMAN	2	1145	0
ENK2_HUMAN,REC6_HUMAN,ENK6_HUMAN,GAK6_HUMAN,POK6_HUMAN,VPK6_HUMAN	3	3803	0
ENK8_HUMAN,NP5_HUMAN,ENK5_HUMAN,GAK5_HUMAN	1	1947	0
ENKUR_HUMAN	8	637	0
ENL_HUMAN	124	129	0
ENOA_HUMAN	734	31	0
ENOB_HUMAN	93	151	0
ENOF1_HUMAN	11	340	0
ENOG_HUMAN	155	91	0
ENOLL_HUMAN	2	2388	0
ENOPH_HUMAN	38	171	0
ENOX1_HUMAN	21	373	0
ENOX2_HUMAN	32	266	0
ENPLL_HUMAN	27	276	0
ENPL_HUMAN	686	26	0
ENPP1_HUMAN	84	140	0
ENPP2_HUMAN	10	498	0
ENPP3_HUMAN	7	1023	0
ENPP4_HUMAN	36	197	0
ENPP5_HUMAN	8	515	0
ENPP6_HUMAN	53	358	0
ENPP7_HUMAN	28	571	0
ENR1_HUMAN	4	554	0
ENSA_HUMAN	65	176	0
ENTD1_HUMAN	21	1052	0
ENTK_HUMAN	2	2244	0
ENTP1_HUMAN	14	720	0
ENTP2_HUMAN	104	214	0
ENTP3_HUMAN	17	1057	0
ENTP4_HUMAN	31	384	0
ENTP5_HUMAN	14	429	0
ENTP6_HUMAN	71	186	0
ENTP7_HUMAN	55	300	0
ENTP8_HUMAN	1	10669	0
ENW1_HUMAN,SYCY1_HUMAN	4	2200	0
ENY2_HUMAN	184	139	0
EOGT_HUMAN	55	481	0
EOMES_HUMAN	5	2605	0
EP15R_HUMAN	141	70	0
EP300_HUMAN	1278	20	0
EP3A_HUMAN	35	1085	0
EP3B_HUMAN	62	350	0
EP400_HUMAN	185	82	0
EPAS1_HUMAN	168	92	0
EPB42_HUMAN	13	403	0
EPC1_HUMAN	75	232	0
EPC2_HUMAN	60	226	0
EPCAM_HUMAN	38	209	0
EPCR_HUMAN	44	202	0
EPDR1_HUMAN	105	150	0
EPG5_HUMAN	26	298	0
EPGN_HUMAN	6	1065	0
EPHA1_HUMAN	306	65	0
EPHA2_HUMAN	727	40	0
EPHA3_HUMAN	116	111	0
EPHA4_HUMAN	218	64	0
EPHA5_HUMAN	152	93	0
EPHA6_HUMAN	45	225	0
EPHA7_HUMAN	311	52	0
EPHA8_HUMAN	158	102	0
EPHAA_HUMAN	87	182	0
EPHB1_HUMAN	42	203	0
EPHB2_HUMAN	200	67	0
EPHB3_HUMAN	39	218	0
EPHB4_HUMAN	152	107	0
EPHB6_HUMAN	81	163	0
EPHX3_HUMAN	1	7172	0
EPHX4_HUMAN	34	384	0
EPIPL_HUMAN	213	68	0
EPM2A_HUMAN	49	238	0
EPMIP_HUMAN	76	158	0
EPN1_HUMAN	125	111	0
EPN2_HUMAN	99	99	0
EPN3_HUMAN	58	196	0
EPN4_HUMAN	228	62	0
EPOR_HUMAN	40	303	0
EPO_HUMAN	13	708	0
EPPI_HUMAN	5	1029	0
EPS15_HUMAN	230	58	0
EPS8_HUMAN	114	111	0
EPT1_HUMAN	27	176	0
EPYC_HUMAN	2	3541	0
ERAL1_HUMAN	210	93	0
ERAP1_HUMAN	82	98	0
ERAP2_HUMAN	30	237	0
ERBB2_HUMAN	737	33	0
ERBB3_HUMAN	303	46	0
ERBB4_HUMAN	144	123	0
ERC2_HUMAN	40	248	0
ERC6L_HUMAN	103	112	0
ERCC1_HUMAN	58	253	0
ERCC2_HUMAN	105	138	0
ERCC3_HUMAN	167	110	0
ERCC5_HUMAN	68	171	0
ERCC6_HUMAN	143	106	0
ERCC8_HUMAN	114	141	0
ERD21_HUMAN	107	110	0
ERD22_HUMAN	112	111	0
ERD23_HUMAN	53	339	0
EREG_HUMAN	14	547	0
ERF1_HUMAN	141	91	0
ERF3A_HUMAN	327	60	0
ERF3B_HUMAN	113	163	0
ERF_HUMAN	188	97	0
ERG1_HUMAN	68	167	0
ERG24_HUMAN	16	344	0
ERG28_HUMAN	151	112	0
ERG7_HUMAN	80	120	0
ERGI1_HUMAN	271	59	0
ERGI2_HUMAN	255	77	0
ERGI3_HUMAN	357	69	0
ERG_HUMAN	215	101	0
ERH_HUMAN	281	65	0
ERI1_HUMAN	52	211	0
ERI2_HUMAN	5	1808	0
ERI3_HUMAN	28	262	0
ERIC1_HUMAN	15	408	0
ERLEC_HUMAN	155	82	0
ERLN1_HUMAN	196	63	0
ERLN2_HUMAN	296	52	0
ERMAP_HUMAN	26	365	0
ERMIN_HUMAN	5	2533	0
ERMP1_HUMAN	190	89	0
ERN1_HUMAN	68	123	0
ERN2_HUMAN	23	366	0
ERO1A_HUMAN	127	85	0
ERO1B_HUMAN	54	164	0
ERP27_HUMAN	29	465	0
ERP29_HUMAN	135	70	0
ERP44_HUMAN	201	73	0
ERR1_HUMAN	66	162	0
ERR2_HUMAN	101	89	0
ERR3_HUMAN	77	208	0
ERRFI_HUMAN	112	119	0
ERVV1_HUMAN	1	7142	0
ES1_HUMAN	400	89	0
ES8L1_HUMAN	56	255	0
ES8L2_HUMAN	68	167	0
ES8L3_HUMAN	8	515	0
ESAM_HUMAN	8	790	0
ESCO1_HUMAN	26	277	0
ESCO2_HUMAN	79	155	0
ESF1_HUMAN	169	116	0
ESIP1_HUMAN	27	326	0
ESM1_HUMAN	17	731	0
ESPB1_HUMAN	124	208	0
ESPL1_HUMAN	77	147	0
ESPNL_HUMAN	5	795	0
ESPN_HUMAN	19	321	0
ESR1_HUMAN	2457	15	0
ESR2_HUMAN	2471	19	0
ESRP1_HUMAN	46	292	0
ESRP2_HUMAN	81	161	0
ESSPL_HUMAN	4	5053	0
EST1A_HUMAN	88	146	0
EST1_HUMAN	19	325	0
EST2_HUMAN	30	350	0
EST3_HUMAN	18	464	0
EST4_HUMAN	8	2201	0
EST8_HUMAN	2	812	0
ESTD_HUMAN	83	124	0
ESX1_HUMAN	3	1966	0
ESYT1_HUMAN	465	36	0
ESYT2_HUMAN	398	43	0
ESYT3_HUMAN	8	644	0
ETAA1_HUMAN	29	317	0
ETBR2_HUMAN	56	401	0
ETFA_HUMAN	325	51	0
ETFB_HUMAN	208	83	0
ETFD_HUMAN	25	199	0
ETHE1_HUMAN	51	172	0
ETS1_HUMAN	110	156	0
ETS2_HUMAN	56	216	0
ETUD1_HUMAN	72	143	0
ETV1_HUMAN	32	262	0
ETV2_HUMAN	2	2776	0
ETV3L_HUMAN	1	15169	0
ETV3_HUMAN	135	118	0
ETV4_HUMAN	65	205	0
ETV5_HUMAN	32	274	0
ETV6_HUMAN	119	100	0
ETV7_HUMAN	29	543	0
EURL_HUMAN	12	859	0
EVC_HUMAN	5	527	0
EVG1_HUMAN	8	1158	0
EVI1_HUMAN	358	64	0
EVI2A_HUMAN	19	971	0
EVI2B_HUMAN	34	798	0
EVI5L_HUMAN	66	170	0
EVI5_HUMAN	57	198	0
EVL_HUMAN	67	165	0
EVPLL_HUMAN	2	759	0
EVPL_HUMAN	108	136	0
EVX1_HUMAN	1	4675	0
EVX2_HUMAN	10	3240	0
EWS_HUMAN	834	27	0
EX3L1_HUMAN	17	490	0
EX3L2_HUMAN	15	424	0
EXC6B_HUMAN	58	159	0
EXD1_HUMAN	2	4410	0
EXD2_HUMAN	402	66	0
EXO1_HUMAN	52	201	0
EXO5_HUMAN	19	374	0
EXOC1_HUMAN	212	75	0
EXOC2_HUMAN	112	97	0
EXOC3_HUMAN	157	91	0
EXOC4_HUMAN	221	63	0
EXOC5_HUMAN	146	108	0
EXOC6_HUMAN	97	146	0
EXOC7_HUMAN	141	106	0
EXOC8_HUMAN	170	96	0
EXOG_HUMAN	59	276	0
EXOS1_HUMAN	108	144	0
EXOS2_HUMAN	162	126	0
EXOS3_HUMAN	105	142	0
EXOS4_HUMAN	189	107	0
EXOS5_HUMAN	162	129	0
EXOS6_HUMAN	123	102	0
EXOS7_HUMAN	131	127	0
EXOS8_HUMAN	186	99	0
EXOS9_HUMAN	143	106	0
EXOSX_HUMAN	235	77	0
EXPH5_HUMAN	57	179	0
EXT1_HUMAN	81	190	0
EXT2_HUMAN	98	121	0
EXTL1_HUMAN	8	1476	0
EXTL2_HUMAN	63	397	0
EXTL3_HUMAN	145	132	0
EYA1_HUMAN	48	249	0
EYA2_HUMAN	122	143	0
EYA3_HUMAN	73	163	0
EYA4_HUMAN	243	99	0
EYS_HUMAN	3	537	0
EZH1_HUMAN	91	205	0
EZH2_HUMAN	1451	20	0
EZRI_HUMAN	555	38	0
F100A_HUMAN,UBAD1_HUMAN	3	3171	0
F100B_HUMAN,UBAD2_HUMAN	8	966	0
F101A_HUMAN	3	1048	0
F101B_HUMAN	23	519	0
F102A_HUMAN	13	432	0
F102B_HUMAN	12	388	0
F104A_HUMAN	7	668	0
F104B_HUMAN	2	1313	0
F105A_HUMAN	414	65	0
F105B_HUMAN,OTUL_HUMAN	169	93	0
F106A_HUMAN	1	12980	0
F107A_HUMAN	76	223	0
F107B_HUMAN	18	275	0
F108B_HUMAN,AB17B_HUMAN	59	732	0
F108C_HUMAN,AB17C_HUMAN	7	758	0
F10A1_HUMAN	211	62	0
F10A5_HUMAN	10	422	0
F10C1_HUMAN	50	264	0
F110A_HUMAN	106	181	0
F110B_HUMAN	73	262	0
F110C_HUMAN	12	438	0
F110D_HUMAN	25	513	0
F111A_HUMAN	74	174	0
F111B_HUMAN	41	216	0
F113A_HUMAN,PED1A_HUMAN	18	503	0
F113B_HUMAN,PED1B_HUMAN	7	785	0
F1142_HUMAN	92	134	0
F115A_HUMAN,TCAF1_HUMAN	143	84	0
F115C_HUMAN,TCAF2_HUMAN	50	260	0
F116A_HUMAN,DEN6A_HUMAN	87	152	0
F116B_HUMAN,DEN6B_HUMAN	10	386	0
F117A_HUMAN	13	667	0
F117B_HUMAN	41	177	0
F118A_HUMAN	20	470	0
F118B_HUMAN	79	183	0
F119B_HUMAN	361	78	0
F120A_HUMAN	370	58	0
F120B_HUMAN	44	186	0
F120C_HUMAN	191	104	0
F120S_HUMAN	18	456	0
F122A_HUMAN	29	435	0
F122B_HUMAN	42	246	0
F124A_HUMAN	46	425	0
F124B_HUMAN	74	276	0
F125A_HUMAN,MB12A_HUMAN	53	209	0
F125B_HUMAN,MB12B_HUMAN	18	596	0
F126B_HUMAN	17	271	0
F127A_HUMAN	42	508	0
F127B_HUMAN	11	604	0
F127C_HUMAN	18	524	0
F131A_HUMAN	6	594	0
F131B_HUMAN	38	459	0
F131C_HUMAN	13	919	0
F132B_HUMAN,ERFE_HUMAN	27	985	0
F133A_HUMAN	82	201	0
F133B_HUMAN	30	228	0
F134A_HUMAN	43	173	0
F134B_HUMAN	81	153	0
F134C_HUMAN	251	103	0
F135A_HUMAN	86	139	0
F135B_HUMAN	7	572	0
F136A_HUMAN	124	149	0
F13A_HUMAN	35	281	0
F13B_HUMAN	12	1521	0
F149A_HUMAN	3	1082	0
F149B_HUMAN	5	2134	0
F150A_HUMAN	3	1839	0
F150B_HUMAN	11	1336	0
F151A_HUMAN	1	4241	0
F151B_HUMAN	1	11768	0
F153A_HUMAN	10	1641	0
F153B_HUMAN	28	784	0
F153C_HUMAN	9	1098	0
F154A_HUMAN,SAXO1_HUMAN	50	373	0
F154B_HUMAN,SAXO2_HUMAN	2	4214	0
F155A_HUMAN	1	2763	0
F157A_HUMAN	1	3050	0
F157B_HUMAN	2	2663	0
F159A_HUMAN	3	1774	0
F161A_HUMAN	159	140	0
F161B_HUMAN	84	197	0
F162A_HUMAN	86	111	0
F163A_HUMAN	20	567	0
F163B_HUMAN	18	945	0
F164A_HUMAN	59	157	0
F165B_HUMAN,SI11A_HUMAN	19	428	0
F166A_HUMAN	7	1451	0
F166B_HUMAN	24	721	0
F167A_HUMAN	116	190	0
F168A_HUMAN	139	121	0
F168B_HUMAN	61	254	0
F169A_HUMAN	34	159	0
F169B_HUMAN	3	3685	0
F16A1_HUMAN	34	277	0
F16A2_HUMAN	41	195	0
F16B1_HUMAN	60	272	0
F16B2_HUMAN	31	423	0
F16P1_HUMAN	346	58	0
F16P2_HUMAN	26	382	0
F170A_HUMAN	36	396	0
F1711_HUMAN	95	152	0
F1712_HUMAN	106	150	0
F171B_HUMAN	55	237	0
F172A_HUMAN	29	320	0
F173A_HUMAN	27	400	0
F173B_HUMAN	9	646	0
F174A_HUMAN	233	103	0
F174B_HUMAN	1	4285	0
F175A_HUMAN	36	214	0
F175B_HUMAN	92	120	0
F176A_HUMAN,EVA1A_HUMAN	20	434	0
F176B_HUMAN,EVA1B_HUMAN	76	274	0
F176C_HUMAN,EVA1C_HUMAN	85	261	0
F177A_HUMAN	56	220	0
F177B_HUMAN	4	781	0
F178A_HUMAN,SLF2_HUMAN	37	255	0
F178B_HUMAN	3	2450	0
F179A_HUMAN	2	1455	0
F179B_HUMAN	18	317	0
F180B_HUMAN	1	15458	0
F181A_HUMAN	7	1970	0
F181B_HUMAN	1	4074	0
F183A_HUMAN	1	3588	0
F184A_HUMAN	68	237	0
F184B_HUMAN	14	395	0
F185A_HUMAN	9	1483	0
F186A_HUMAN	12	465	0
F186B_HUMAN	10	365	0
F187B_HUMAN	26	321	0
F188A_HUMAN	46	302	0
F188B_HUMAN	72	208	0
F1892_HUMAN	121	136	0
F189B_HUMAN	140	131	0
F18A1_HUMAN,AB17A_HUMAN	39	235	0
F18B1_HUMAN,TV23B_HUMAN	45	386	0
F18B2_HUMAN,TV23C_HUMAN	56	359	0
F190A_HUMAN,CCSE1_HUMAN	22	381	0
F190B_HUMAN,CCSE2_HUMAN	67	176	0
F192A_HUMAN	113	158	0
F193A_HUMAN	72	155	0
F194A_HUMAN,ERIP6_HUMAN	4	1996	0
F194B_HUMAN,ERI6B_HUMAN	7	474	0
F195A_HUMAN	59	228	0
F195B_HUMAN	58	193	0
F196A_HUMAN	38	355	0
F196B_HUMAN	1	3019	0
F198A_HUMAN	7	6215	0
F198B_HUMAN	2	7345	0
F199X_HUMAN	22	435	0
F19A1_HUMAN	10	2747	0
F19A2_HUMAN	42	286	0
F19A3_HUMAN	78	245	0
F19A4_HUMAN	56	502	0
F19A5_HUMAN	15	833	0
F200A_HUMAN	4	1617	0
F200B_HUMAN	5	525	0
F203A_HUMAN	56	156	0
F203B_HUMAN	3	1419	0
F204A_HUMAN	12	1522	0
F205A_HUMAN	1	4401	0
F206A_HUMAN	15	1092	0
F207A_HUMAN	187	105	0
F208A_HUMAN,TASOR_HUMAN	92	138	0
F208B_HUMAN	103	103	0
F209A_HUMAN	262	208	0
F210A_HUMAN	36	237	0
F210B_HUMAN	103	365	0
F211B_HUMAN	1	3050	0
F212A_HUMAN	15	781	0
F212B_HUMAN	7	2354	0
F213A_HUMAN	92	120	0
F214A_HUMAN	12	434	0
F214B_HUMAN	69	212	0
F216A_HUMAN	9	1247	0
F217A_HUMAN	1	10806	0
F217B_HUMAN	32	603	0
F218A_HUMAN	15	1369	0
F219A_HUMAN	51	215	0
F219B_HUMAN	18	867	0
F220A_HUMAN	2	5960	0
F221A_HUMAN	14	950	0
F221B_HUMAN	21	902	0
F222A_HUMAN	12	851	0
F222B_HUMAN	35	557	0
F222C_HUMAN	8	1007	0
F261_HUMAN	18	431	0
F262_HUMAN	57	122	0
F263_HUMAN	64	125	0
F264_HUMAN	32	204	0
F27E3_HUMAN	12	626	0
F48B1_HUMAN,SP201_HUMAN	3	787	0
F71E1_HUMAN	2	1377	0
F71E2_HUMAN	10	707	0
F71F1_HUMAN	5	598	0
F71F2_HUMAN	4	2802	0
F74A1_HUMAN	2	6226	0
F74A4_HUMAN	26	858	0
F75A3_HUMAN,S31A3_HUMAN	1	2430	0
F75A5_HUMAN,S31A5_HUMAN	2	902	0
F75A6_HUMAN,S31A6_HUMAN	2	1773	0
F75A7_HUMAN	4	2739	0
F75D1_HUMAN,S31D1_HUMAN	2	1831	0
F75D3_HUMAN,S31D3_HUMAN	1	12628	0
F75E1_HUMAN,S31E1_HUMAN	8	522	0
F86B1_HUMAN	2	5746	0
F86B2_HUMAN	16	859	0
F8I2_HUMAN	11	1053	0
F90A1_HUMAN	210	124	0
F90A5_HUMAN	2	5629	0
F90A7_HUMAN	1	10624	0
F90A8_HUMAN	1	10624	0
F90A9_HUMAN	1	10624	0
F90AA_HUMAN	1	10624	0
F90AC_HUMAN	1	10624	0
F90AD_HUMAN	1	10624	0
F90AE_HUMAN	1	10624	0
F90AG_HUMAN	1	12031	0
F90AJ_HUMAN	1	10624	0
F90AK_HUMAN	1	10624	0
F90AM_HUMAN	1	10624	0
F90AN_HUMAN	1	10624	0
F90AO_HUMAN	1	10624	0
F91A1_HUMAN	151	91	0
F92A1_HUMAN	28	415	0
FA10_HUMAN	29	326	0
FA11_HUMAN	12	1013	0
FA12_HUMAN	67	230	0
FA13A_HUMAN	36	217	0
FA13B_HUMAN	24	284	0
FA13C_HUMAN	22	551	0
FA156_HUMAN	8	1111	0
FA18A_HUMAN,TV23A_HUMAN	5	1903	0
FA20A_HUMAN	6	785	0
FA20B_HUMAN	77	149	0
FA21A_HUMAN	140	104	0
FA21B_HUMAN	1	2567	0
FA21C_HUMAN	68	159	0
FA22A_HUMAN,NTM2A_HUMAN	5	602	0
FA22B_HUMAN,NTM2B_HUMAN	4	692	0
FA22D_HUMAN,NTM2D_HUMAN	2	1125	0
FA22F_HUMAN,NTM2F_HUMAN	44	305	0
FA22G_HUMAN,NTM2G_HUMAN	1	1289	0
FA23A_HUMAN	6	5523	0
FA24B_HUMAN	57	290	0
FA26D_HUMAN	41	656	0
FA26E_HUMAN	4	1176	0
FA26F_HUMAN	3	6129	0
FA2H_HUMAN	47	326	0
FA32A_HUMAN	38	221	0
FA35A_HUMAN	47	234	0
FA38B_HUMAN	6	781	0
FA40A_HUMAN,STRP1_HUMAN	105	86	0
FA40B_HUMAN,STRP2_HUMAN	38	299	0
FA43A_HUMAN	35	366	0
FA43B_HUMAN	3	2171	0
FA45A_HUMAN	33	379	0
FA45B_HUMAN	10	381	0
FA46A_HUMAN	86	161	0
FA46B_HUMAN	69	334	0
FA46C_HUMAN	148	95	0
FA46D_HUMAN	18	1025	0
FA47A_HUMAN	2	2652	0
FA47B_HUMAN	11	997	0
FA47C_HUMAN	1	875	0
FA47E_HUMAN	3	1783	0
FA48A_HUMAN,SP20H_HUMAN	91	149	0
FA49A_HUMAN	12	405	0
FA49B_HUMAN	100	109	0
FA50A_HUMAN	94	128	0
FA50B_HUMAN	68	221	0
FA53A_HUMAN	3	590	0
FA53B_HUMAN	21	268	0
FA53C_HUMAN	69	231	0
FA54A_HUMAN,MTFR2_HUMAN	50	224	0
FA54B_HUMAN,MFR1L_HUMAN	66	150	0
FA55A_HUMAN,NXPE1_HUMAN	1	4502	0
FA55B_HUMAN,NXPE2_HUMAN	11	1207	0
FA55C_HUMAN,NXPE3_HUMAN	46	274	0
FA55D_HUMAN,NXPE4_HUMAN	4	1166	0
FA57A_HUMAN	46	372	0
FA57B_HUMAN	2	5062	0
FA58A_HUMAN	19	611	0
FA59A_HUMAN,GARE1_HUMAN	29	292	0
FA59B_HUMAN,GARE2_HUMAN	11	447	0
FA5_HUMAN	26	375	0
FA60A_HUMAN	140	107	0
FA63A_HUMAN	41	350	0
FA63B_HUMAN	29	583	0
FA64A_HUMAN	45	163	0
FA65A_HUMAN	29	192	0
FA65B_HUMAN	15	567	0
FA65C_HUMAN	10	1118	0
FA66E_HUMAN	1	1324	0
FA69A_HUMAN	110	278	0
FA69B_HUMAN	23	513	0
FA69C_HUMAN	3	1127	0
FA70A_HUMAN,T255A_HUMAN	15	595	0
FA70B_HUMAN,T255B_HUMAN	14	803	0
FA71A_HUMAN	2	3418	0
FA71B_HUMAN	3	1294	0
FA71C_HUMAN	19	740	0
FA71D_HUMAN	3	2087	0
FA72A_HUMAN	2	5982	0
FA72B_HUMAN	2	4671	0
FA72D_HUMAN	5	1025	0
FA73A_HUMAN,MIGA1_HUMAN	55	229	0
FA73B_HUMAN,MIGA2_HUMAN	28	306	0
FA76A_HUMAN	21	382	0
FA76B_HUMAN	103	175	0
FA78A_HUMAN	5	905	0
FA78B_HUMAN	5	1812	0
FA7_HUMAN	21	383	0
FA81A_HUMAN	21	575	0
FA81B_HUMAN	18	532	0
FA83A_HUMAN	41	368	0
FA83B_HUMAN	143	107	0
FA83C_HUMAN	5	1241	0
FA83D_HUMAN	87	152	0
FA83E_HUMAN	4	1915	0
FA83F_HUMAN	35	245	0
FA83G_HUMAN	33	197	0
FA83H_HUMAN	160	84	0
FA84A_HUMAN	7	1280	0
FA84B_HUMAN	31	194	0
FA86A_HUMAN,EF2KT_HUMAN	27	505	0
FA86C_HUMAN	34	473	0
FA89A_HUMAN	6	940	0
FA89B_HUMAN	7	1221	0
FA8A1_HUMAN	96	192	0
FA8_HUMAN	26	368	0
FA92B_HUMAN	5	3022	0
FA96A_HUMAN	219	111	0
FA98A_HUMAN	195	89	0
FA98B_HUMAN	101	102	0
FA98C_HUMAN	6	599	0
FA9_HUMAN	41	513	0
FAAA_HUMAN	38	193	0
FAAH1_HUMAN	23	805	0
FAAH2_HUMAN	1	2190	0
FABD_HUMAN	114	140	0
FABP4_HUMAN	31	353	0
FABP5_HUMAN	189	80	0
FABP6_HUMAN	2	4359	0
FABP7_HUMAN	17	311	0
FABP9_HUMAN	2	5788	0
FABPH_HUMAN	48	224	0
FABPI_HUMAN	4	928	0
FABPL_HUMAN	15	344	0
FACD2_HUMAN	833	24	0
FACE1_HUMAN	172	80	0
FACE2_HUMAN	11	404	0
FACR1_HUMAN	121	89	0
FACR2_HUMAN	55	238	0
FAD1_HUMAN	117	122	0
FADD_HUMAN	118	102	0
FADS1_HUMAN	104	122	0
FADS2_HUMAN	78	113	0
FADS3_HUMAN	50	171	0
FADS6_HUMAN	21	949	0
FAF1_HUMAN	339	46	0
FAF2_HUMAN	476	35	0
FAH2A_HUMAN	53	228	0
FAH2B_HUMAN	20	323	0
FAHD1_HUMAN	172	162	0
FAIM1_HUMAN	43	262	0
FAIM3_HUMAN	10	1070	0
FAK1_HUMAN	305	48	0
FAK2_HUMAN	103	126	0
FAKD1_HUMAN	104	152	0
FAKD2_HUMAN	283	103	0
FAKD3_HUMAN	191	134	0
FAKD5_HUMAN	304	69	0
FAM25_HUMAN	18	1703	0
FAM3A_HUMAN	22	332	0
FAM3B_HUMAN	11	2198	0
FAM3C_HUMAN	138	98	0
FAM3D_HUMAN	7	826	0
FAM5B_HUMAN,BRNP2_HUMAN	25	404	0
FAM5C_HUMAN,BRNP3_HUMAN	24	632	0
FAM9A_HUMAN	55	268	0
FAM9B_HUMAN	188	146	0
FAM9C_HUMAN	65	259	0
FAN1_HUMAN	58	221	0
FANCA_HUMAN	189	80	0
FANCB_HUMAN	25	366	0
FANCC_HUMAN	91	144	0
FANCE_HUMAN	36	221	0
FANCF_HUMAN	34	297	0
FANCG_HUMAN	119	125	0
FANCI_HUMAN	237	60	0
FANCJ_HUMAN	95	156	0
FANCL_HUMAN	88	154	0
FANCM_HUMAN	69	164	0
FANK1_HUMAN	10	1013	0
FAN_HUMAN	42	274	0
FAP24_HUMAN	26	377	0
FARP1_HUMAN	143	103	0
FARP2_HUMAN	87	102	0
FASTK_HUMAN	27	295	0
FAS_HUMAN	469	36	0
FAT1_HUMAN	134	110	0
FAT2_HUMAN	8	432	0
FAT3_HUMAN	66	266	0
FAT4_HUMAN	81	143	0
FATE1_HUMAN	99	280	0
FAXC_HUMAN	135	162	0
FBCD1_HUMAN	10	1382	0
FBF1_HUMAN	160	115	0
FBLI1_HUMAN	47	209	0
FBLL1_HUMAN	41	197	0
FBLN1_HUMAN	151	106	0
FBLN2_HUMAN	63	377	0
FBLN3_HUMAN	133	87	0
FBLN4_HUMAN	140	164	0
FBLN5_HUMAN	174	149	0
FBLN7_HUMAN	30	316	0
FBN1_HUMAN	40	198	0
FBN2_HUMAN	77	140	0
FBN3_HUMAN	15	711	0
FBP1L_HUMAN	66	173	0
FBRL_HUMAN	670	44	0
FBRS_HUMAN	105	156	0
FBSL_HUMAN	64	202	0
FBSP1_HUMAN	91	168	0
FBW10_HUMAN	133	98	0
FBW12_HUMAN	10	1208	0
FBW1A_HUMAN	754	29	0
FBW1B_HUMAN	491	43	0
FBX10_HUMAN	47	319	0
FBX11_HUMAN	158	99	0
FBX15_HUMAN	12	675	0
FBX16_HUMAN	18	519	0
FBX17_HUMAN	64	208	0
FBX18_HUMAN,FBH1_HUMAN	30	224	0
FBX21_HUMAN	83	106	0
FBX22_HUMAN	532	41	0
FBX24_HUMAN	13	457	0
FBX25_HUMAN	123	138	0
FBX27_HUMAN	18	399	0
FBX28_HUMAN	110	153	0
FBX2_HUMAN	473	56	0
FBX30_HUMAN	53	160	0
FBX31_HUMAN	41	236	0
FBX32_HUMAN	248	116	0
FBX33_HUMAN	24	399	0
FBX34_HUMAN	52	194	0
FBX36_HUMAN	2	3126	0
FBX38_HUMAN	146	161	0
FBX39_HUMAN	3	636	0
FBX3_HUMAN	89	129	0
FBX40_HUMAN	12	600	0
FBX41_HUMAN	5	916	0
FBX42_HUMAN	256	84	0
FBX43_HUMAN	73	144	0
FBX44_HUMAN	37	258	0
FBX46_HUMAN	32	207	0
FBX47_HUMAN	2	3025	0
FBX48_HUMAN	3	611	0
FBX4_HUMAN	35	226	0
FBX5_HUMAN	48	241	0
FBX6_HUMAN	737	33	0
FBX7_HUMAN	280	65	0
FBX8_HUMAN	13	418	0
FBX9_HUMAN	21	317	0
FBXL2_HUMAN	34	256	0
FBXL3_HUMAN	26	359	0
FBXL4_HUMAN	103	128	0
FBXL5_HUMAN	44	303	0
FBXL6_HUMAN	581	49	0
FBXL7_HUMAN	24	432	0
FBXL8_HUMAN	11	437	0
FBXW2_HUMAN	39	266	0
FBXW4_HUMAN	59	222	0
FBXW5_HUMAN	173	124	0
FBXW7_HUMAN	1259	21	0
FBXW8_HUMAN	153	131	0
FBXW9_HUMAN	21	356	0
FCAMR_HUMAN	1	1152	0
FCAR_HUMAN	9	1470	0
FCER2_HUMAN	9	1450	0
FCERA_HUMAN	39	475	0
FCERB_HUMAN	7	1208	0
FCERG_HUMAN	90	268	0
FCF1_HUMAN	108	158	0
FCG2A_HUMAN	48	317	0
FCG2B_HUMAN	21	452	0
FCG2C_HUMAN	9	912	0
FCG3A_HUMAN	31	448	0
FCG3B_HUMAN	43	530	0
FCGBP_HUMAN	26	360	0
FCGR1_HUMAN	49	375	0
FCGRB_HUMAN	1	2823	0
FCGRC_HUMAN	1	13907	0
FCGRN_HUMAN	114	173	0
FCHO1_HUMAN	65	258	0
FCHO2_HUMAN	80	139	0
FCL_HUMAN	50	229	0
FCN1_HUMAN	76	224	0
FCN2_HUMAN	11	1987	0
FCN3_HUMAN	52	357	0
FCRL1_HUMAN	2	4932	0
FCRL2_HUMAN	10	1330	0
FCRL3_HUMAN	13	597	0
FCRL4_HUMAN	14	1867	0
FCRL5_HUMAN	14	559	0
FCRL6_HUMAN	1	15869	0
FCRLA_HUMAN	2	1627	0
FCRLB_HUMAN	1	6318	0
FCSD1_HUMAN	20	455	0
FCSD2_HUMAN	68	162	0
FDFT_HUMAN	165	65	0
FDSCP_HUMAN	11	1068	0
FDXA1_HUMAN	12	1194	0
FEM1A_HUMAN	103	178	0
FEM1B_HUMAN	92	186	0
FEM1C_HUMAN	22	413	0
FEN1_HUMAN	203	82	0
FER3L_HUMAN	15	1157	0
FERM1_HUMAN	31	297	0
FERM2_HUMAN	208	65	0
FER_HUMAN	43	153	0
FES_HUMAN	33	252	0
FETA_HUMAN	28	278	0
FETUA_HUMAN	103	98	0
FETUB_HUMAN	8	1190	0
FEV_HUMAN	202	200	0
FEZ1_HUMAN	141	147	0
FEZ2_HUMAN	39	265	0
FEZF1_HUMAN	29	635	0
FEZF2_HUMAN	5	882	0
FFAR1_HUMAN	237	135	0
FFAR2_HUMAN	119	410	0
FFAR3_HUMAN	13	1950	0
FFR_HUMAN,VPS51_HUMAN	159	94	0
FGD1_HUMAN	41	218	0
FGD2_HUMAN	26	407	0
FGD3_HUMAN	7	931	0
FGD4_HUMAN	22	217	0
FGD5_HUMAN	208	73	0
FGD6_HUMAN	38	174	0
FGF10_HUMAN	15	464	0
FGF11_HUMAN	171	141	0
FGF12_HUMAN	72	353	0
FGF13_HUMAN	121	221	0
FGF14_HUMAN	49	315	0
FGF16_HUMAN	9	1465	0
FGF17_HUMAN	47	351	0
FGF18_HUMAN	1	4602	0
FGF19_HUMAN	13	451	0
FGF1_HUMAN	42	337	0
FGF20_HUMAN	1	16950	0
FGF21_HUMAN	10	904	0
FGF23_HUMAN	13	417	0
FGF2_HUMAN	50	195	0
FGF3_HUMAN	66	307	0
FGF4_HUMAN	41	417	0
FGF5_HUMAN	3	3424	0
FGF6_HUMAN	13	523	0
FGF7_HUMAN	5	2082	0
FGF8_HUMAN	106	287	0
FGF9_HUMAN	13	1354	0
FGFP1_HUMAN	259	139	0
FGFP2_HUMAN	8	1874	0
FGFR1_HUMAN	609	32	0
FGFR2_HUMAN	227	97	0
FGFR3_HUMAN	326	55	0
FGFR4_HUMAN	459	47	0
FGGY_HUMAN	4	1150	0
FGL1_HUMAN	93	197	0
FGL2_HUMAN	17	754	0
FGOP2_HUMAN	94	149	0
FGRL1_HUMAN	50	179	0
FGR_HUMAN	82	152	0
FHAD1_HUMAN	13	450	0
FHDC1_HUMAN	6	649	0
FHIT_HUMAN	24	447	0
FHL17_HUMAN	7	916	0
FHL1_HUMAN	149	73	0
FHL2_HUMAN	404	74	0
FHL3_HUMAN	279	71	0
FHL5_HUMAN	101	302	0
FHOD1_HUMAN	87	111	0
FHOD3_HUMAN	11	596	0
FHR1_HUMAN	15	1710	0
FHR2_HUMAN	3	5297	0
FHR3_HUMAN	6	1915	0
FHR4_HUMAN	10	1513	0
FHR5_HUMAN	27	407	0
FIBA_HUMAN	100	119	0
FIBB_HUMAN	201	97	0
FIBG_HUMAN	117	131	0
FIBIN_HUMAN	68	376	0
FIBP_HUMAN	79	176	0
FICD_HUMAN	9	375	0
FIG4_HUMAN	27	283	0
FIGL1_HUMAN	67	211	0
FIGL2_HUMAN	3	2585	0
FIGLA_HUMAN	17	1761	0
FIGN_HUMAN	11	452	0
FIL1L_HUMAN	20	307	0
FILA2_HUMAN	137	99	0
FILA_HUMAN	116	114	0
FINC_HUMAN	828	25	0
FIP1_HUMAN	211	102	0
FIS1_HUMAN	218	72	0
FITM2_HUMAN	71	805	0
FIZ1_HUMAN	20	558	0
FJX1_HUMAN	4	5145	0
FKB10_HUMAN	115	103	0
FKB11_HUMAN	27	227	0
FKB14_HUMAN	87	230	0
FKB15_HUMAN	100	121	0
FKB1A_HUMAN	116	108	0
FKB1B_HUMAN	30	565	0
FKB9L_HUMAN	7	2130	0
FKBP2_HUMAN	81	115	0
FKBP3_HUMAN	132	83	0
FKBP4_HUMAN	280	53	0
FKBP5_HUMAN	426	48	0
FKBP6_HUMAN	81	175	0
FKBP7_HUMAN	149	128	0
FKBP8_HUMAN	570	37	0
FKBP9_HUMAN	83	131	0
FKBPL_HUMAN	28	340	0
FKRP_HUMAN	51	280	0
FKTN_HUMAN	15	615	0
FL2D_HUMAN	208	64	0
FLCN_HUMAN	112	103	0
FLI1_HUMAN	59	242	0
FLII_HUMAN	312	46	0
FLIP1_HUMAN	33	255	0
FLNA_HUMAN	681	21	0
FLNB_HUMAN	524	39	0
FLNC_HUMAN	393	50	0
FLOT1_HUMAN	546	31	0
FLOT2_HUMAN	447	41	0
FLOWR_HUMAN	20	533	0
FLRT1_HUMAN	41	320	0
FLRT2_HUMAN	22	764	0
FLRT3_HUMAN	23	290	0
FLT3L_HUMAN	4	3176	0
FLT3_HUMAN	202	90	0
FLVC1_HUMAN	136	115	0
FLVC2_HUMAN	43	445	0
FM25A_HUMAN	19	1536	0
FM25C_HUMAN	18	1703	0
FM25G_HUMAN	18	1703	0
FMN1_HUMAN	15	431	0
FMN2_HUMAN	67	180	0
FMNL2_HUMAN	189	80	0
FMNL3_HUMAN	45	223	0
FMNL_HUMAN,FMNL1_HUMAN	96	136	0
FMO1_HUMAN	11	995	0
FMO2_HUMAN	3	2537	0
FMO3_HUMAN	5	2313	0
FMO4_HUMAN	3	1990	0
FMO5_HUMAN	6	1029	0
FMOD_HUMAN	41	275	0
FMR1N_HUMAN	14	1273	0
FMR1_HUMAN	539	37	0
FMT_HUMAN	98	217	0
FN3K_HUMAN	14	312	0
FNBP1_HUMAN	122	95	0
FNBP2_HUMAN,SRGP2_HUMAN	173	84	0
FNBP4_HUMAN	76	126	0
FND3A_HUMAN	296	50	0
FND3B_HUMAN	102	112	0
FNDC1_HUMAN	23	761	0
FNDC4_HUMAN	20	953	0
FNDC5_HUMAN	152	183	0
FNDC7_HUMAN	3	2053	0
FNDC8_HUMAN	18	1027	0
FNDC9_HUMAN	90	526	0
FNIP1_HUMAN	36	186	0
FNIP2_HUMAN	23	264	0
FNTA_HUMAN	86	173	0
FNTB_HUMAN	98	148	0
FOCAD_HUMAN	72	155	0
FOG1_HUMAN	14	511	0
FOG2_HUMAN	29	399	0
FOH1B_HUMAN	10	655	0
FOLC_HUMAN	30	293	0
FOLH1_HUMAN	16	362	0
FOLR1_HUMAN	224	72	0
FOLR2_HUMAN	2	8414	0
FOLR3_HUMAN	7	1176	0
FOLR4_HUMAN,JUNO_HUMAN	2	9541	0
FOPNL_HUMAN	41	356	0
FOSB_HUMAN	44	309	0
FOSL1_HUMAN	80	199	0
FOSL2_HUMAN	137	128	0
FOS_HUMAN	256	78	0
FOXA1_HUMAN	513	49	0
FOXA2_HUMAN	24	420	0
FOXA3_HUMAN	50	256	0
FOXB1_HUMAN	134	156	0
FOXC1_HUMAN	233	101	0
FOXC2_HUMAN	44	302	0
FOXD1_HUMAN	4	2461	0
FOXD2_HUMAN	29	456	0
FOXD3_HUMAN	28	739	0
FOXD4_HUMAN	61	233	0
FOXE1_HUMAN	81	270	0
FOXE3_HUMAN	6	1337	0
FOXF1_HUMAN	32	380	0
FOXF2_HUMAN	54	321	0
FOXG1_HUMAN	86	191	0
FOXH1_HUMAN	103	197	0
FOXI1_HUMAN	93	268	0
FOXI2_HUMAN	52	311	0
FOXI3_HUMAN	2	1383	0
FOXJ1_HUMAN	27	587	0
FOXJ2_HUMAN	80	228	0
FOXJ3_HUMAN	45	164	0
FOXK1_HUMAN	251	64	0
FOXK2_HUMAN	243	94	0
FOXL1_HUMAN	193	126	0
FOXL2_HUMAN	70	194	0
FOXM1_HUMAN	119	139	0
FOXN1_HUMAN	40	255	0
FOXN2_HUMAN	15	560	0
FOXN3_HUMAN	65	231	0
FOXN4_HUMAN	7	1130	0
FOXO1_HUMAN	324	55	0
FOXO3_HUMAN	95	109	0
FOXO4_HUMAN	31	288	0
FOXO6_HUMAN	17	408	0
FOXP1_HUMAN	152	112	0
FOXP2_HUMAN	77	150	0
FOXP3_HUMAN	92	222	0
FOXP4_HUMAN	103	176	0
FOXQ1_HUMAN	138	190	0
FOXR1_HUMAN	42	322	0
FOXR2_HUMAN	41	378	0
FOXS1_HUMAN	84	231	0
FP100_HUMAN	99	147	0
FPGT_HUMAN	4	3800	0
FPPS_HUMAN	135	78	0
FPR1_HUMAN	225	133	0
FPR2_HUMAN	146	283	0
FPRP_HUMAN	62	145	0
FR1L4_HUMAN	6	999	0
FR1L5_HUMAN	5	956	0
FR1L6_HUMAN	8	901	0
FR1OP_HUMAN	204	118	0
FRAS1_HUMAN	111	117	0
FRAT1_HUMAN	19	557	0
FRAT2_HUMAN	26	318	0
FRDA_HUMAN	60	325	0
FREM1_HUMAN	4	1507	0
FREM2_HUMAN	59	199	0
FREM3_HUMAN	5	1029	0
FRG1B_HUMAN	3	1490	0
FRG1_HUMAN	65	177	0
FRG2_HUMAN	1	5366	0
FRIH_HUMAN	197	72	0
FRIL_HUMAN	429	70	0
FRK_HUMAN	48	246	0
FRM4A_HUMAN	26	270	0
FRM4B_HUMAN	7	1016	0
FRMD1_HUMAN	59	485	0
FRMD3_HUMAN	27	436	0
FRMD5_HUMAN	82	155	0
FRMD6_HUMAN	79	162	0
FRMD7_HUMAN	3	2034	0
FRMD8_HUMAN	19	300	0
FRP2L_HUMAN	12	802	0
FRPD1_HUMAN	7	806	0
FRPD2_HUMAN	10	1586	0
FRPD3_HUMAN	3	632	0
FRPD4_HUMAN	10	444	0
FRRS1_HUMAN	2	3640	0
FRS1L_HUMAN	1	4829	0
FRS2_HUMAN	97	136	0
FRS3_HUMAN	120	193	0
FRYL_HUMAN	71	149	0
FRY_HUMAN	26	291	0
FSCB_HUMAN	1	2823	0
FSCN1_HUMAN	284	54	0
FSCN2_HUMAN	6	825	0
FSCN3_HUMAN	4	3037	0
FSD1L_HUMAN	7	582	0
FSD1_HUMAN	75	164	0
FSD2_HUMAN	141	173	0
FSHB_HUMAN	3	12026	0
FSHR_HUMAN	36	405	0
FSIP1_HUMAN	8	935	0
FSIP2_HUMAN	7	499	0
FSTL1_HUMAN	82	230	0
FSTL3_HUMAN	7	552	0
FSTL4_HUMAN	35	345	0
FSTL5_HUMAN	2	7169	0
FST_HUMAN	37	481	0
FTCD_HUMAN	28	283	0
FTHFD_HUMAN	38	188	0
FTMT_HUMAN	1	2490	0
FTM_HUMAN	187	118	0
FTO_HUMAN	95	146	0
FTSJ1_HUMAN,CMTR2_HUMAN	19	573	0
FUBP1_HUMAN	320	52	0
FUBP2_HUMAN	304	50	0
FUBP3_HUMAN	304	83	0
FUCM_HUMAN	17	744	0
FUCO2_HUMAN	48	177	0
FUCO_HUMAN	26	245	0
FUCT1_HUMAN	20	524	0
FUK_HUMAN	45	175	0
FUMH_HUMAN	185	83	0
FUND1_HUMAN	29	307	0
FUND2_HUMAN	108	185	0
FURIN_HUMAN	243	72	0
FUS_HUMAN	724	30	0
FUT10_HUMAN	11	483	0
FUT11_HUMAN	73	618	0
FUT1_HUMAN	36	548	0
FUT2_HUMAN	2	3842	0
FUT3_HUMAN	26	1293	0
FUT4_HUMAN	13	1505	0
FUT7_HUMAN	6	1039	0
FUT8_HUMAN	137	122	0
FUT9_HUMAN	13	804	0
FUZZY_HUMAN	32	349	0
FWCH1_HUMAN	36	191	0
FWCH2_HUMAN	63	155	0
FX4L1_HUMAN	28	532	0
FX4L3_HUMAN	16	850	0
FX4L4_HUMAN	1	7326	0
FX4L6_HUMAN	47	358	0
FXL12_HUMAN	65	143	0
FXL13_HUMAN	42	356	0
FXL14_HUMAN	47	243	0
FXL15_HUMAN	34	271	0
FXL16_HUMAN	84	187	0
FXL17_HUMAN	98	201	0
FXL18_HUMAN	61	139	0
FXL19_HUMAN	103	126	0
FXL20_HUMAN	14	880	0
FXL21_HUMAN	10	848	0
FXL22_HUMAN	12	770	0
FXR1_HUMAN	652	41	0
FXR2_HUMAN	451	47	0
FXRD1_HUMAN	74	133	0
FXRD2_HUMAN	104	135	0
FXYD3_HUMAN	91	272	0
FXYD5_HUMAN	1	6688	0
FXYD6_HUMAN	90	195	0
FXYD7_HUMAN	4	1138	0
FYB_HUMAN	31	358	0
FYCO1_HUMAN	114	101	0
FYN_HUMAN	582	33	0
FYV1_HUMAN	50	150	0
FZD10_HUMAN	127	179	0
FZD1_HUMAN	30	365	0
FZD2_HUMAN	71	405	0
FZD3_HUMAN	23	504	0
FZD4_HUMAN	16	965	0
FZD5_HUMAN	21	482	0
FZD6_HUMAN	60	246	0
FZD7_HUMAN	88	115	0
FZD8_HUMAN	38	543	0
FZD9_HUMAN	5	2940	0
FZR_HUMAN	1116	31	0
G0S2_HUMAN	18	616	0
G137A_HUMAN	8	1014	0
G137B_HUMAN	10	704	0
G137C_HUMAN	3	629	0
G2E3_HUMAN	17	392	0
G3BP1_HUMAN	845	28	0
G3BP2_HUMAN	487	49	0
G3PT_HUMAN	169	125	0
G3P_HUMAN	757	26	0
G3ST1_HUMAN	10	1155	0
G3ST2_HUMAN	18	524	0
G3ST3_HUMAN	1	8265	0
G3ST4_HUMAN	4	663	0
G45IP_HUMAN	282	79	0
G6B_HUMAN	2	2598	0
G6PC2_HUMAN	3	1523	0
G6PC3_HUMAN	19	293	0
G6PC_HUMAN	3	8191	0
G6PD_HUMAN	209	70	0
G6PE_HUMAN	31	166	0
G6PI_HUMAN	213	77	0
G6PT1_HUMAN	63	201	0
G7C_HUMAN	3	805	0
G7D_HUMAN	16	575	0
G8_HUMAN	3	748	0
GA2L1_HUMAN	47	203	0
GA2L2_HUMAN	62	225	0
GA2L3_HUMAN	37	185	0
GA45A_HUMAN	97	161	0
GA45B_HUMAN	30	429	0
GA45G_HUMAN	75	231	0
GAB1_HUMAN	163	91	0
GAB2_HUMAN	298	75	0
GAB3_HUMAN	9	879	0
GAB4_HUMAN	1	3235	0
GABP1_HUMAN	39	248	0
GABP2_HUMAN	14	415	0
GABPA_HUMAN	131	119	0
GABR1_HUMAN	53	255	0
GABR2_HUMAN	17	689	0
GABT_HUMAN	75	134	0
GADL1_HUMAN	8	706	0
GAG10_HUMAN	1	8186	0
GAG13_HUMAN	1	2502	0
GAG2A_HUMAN	2	7463	0
GAG2B_HUMAN	2	7463	0
GAG2E_HUMAN	35	572	0
GAGB1_HUMAN,PAGE1_HUMAN	41	531	0
GAGC1_HUMAN,PAGE4_HUMAN	252	89	0
GAGD2_HUMAN,XAGE1_HUMAN	57	363	0
GAGD3_HUMAN,XAGE2_HUMAN	15	1228	0
GAGD4_HUMAN,XAGE3_HUMAN	21	703	0
GAGE1_HUMAN	12	1331	0
GAGE2_HUMAN	1	8186	0
GAGE5_HUMAN	50	529	0
GAGE7_HUMAN	1	14596	0
GAK2_HUMAN	1	5993	0
GAK_HUMAN	185	75	0
GALA_HUMAN	26	341	0
GALC_HUMAN	36	231	0
GALE_HUMAN	66	161	0
GALK1_HUMAN	97	110	0
GALK2_HUMAN	21	238	0
GALM_HUMAN	20	308	0
GALNS_HUMAN	102	228	0
GALP_HUMAN	6	828	0
GALR1_HUMAN	7	1257	0
GALR2_HUMAN	1	12909	0
GALR3_HUMAN	5	902	0
GALT1_HUMAN	72	172	0
GALT2_HUMAN	127	98	0
GALT3_HUMAN	32	282	0
GALT4_HUMAN	19	313	0
GALT5_HUMAN	22	580	0
GALT6_HUMAN	77	246	0
GALT7_HUMAN	101	148	0
GALT8_HUMAN	9	712	0
GALT9_HUMAN	49	401	0
GALT_HUMAN	22	443	0
GAMT_HUMAN	31	226	0
GANAB_HUMAN	396	42	0
GANC_HUMAN	6	1490	0
GAN_HUMAN	261	90	0
GAPD1_HUMAN	198	72	0
GAPR1_HUMAN	21	233	0
GAR1_HUMAN	218	86	0
GARL3_HUMAN	7	556	0
GAS1_HUMAN	16	359	0
GAS2_HUMAN	6	570	0
GAS6_HUMAN	93	152	0
GAS7_HUMAN	42	236	0
GAS8_HUMAN	119	199	0
GASP1_HUMAN	41	226	0
GASP2_HUMAN	141	145	0
GASR_HUMAN	44	390	0
GAST_HUMAN	37	516	0
GATA1_HUMAN	146	131	0
GATA2_HUMAN	192	124	0
GATA3_HUMAN	199	104	0
GATA4_HUMAN	401	59	0
GATA5_HUMAN	10	1058	0
GATA6_HUMAN	25	314	0
GATA_HUMAN	114	163	0
GATB_HUMAN	96	186	0
GATCL_HUMAN	56	345	0
GATC_HUMAN	28	761	0
GATD1_HUMAN	129	153	0
GATL2_HUMAN	15	411	0
GATL3_HUMAN	15	2006	0
GATM_HUMAN	14	325	0
GATS_HUMAN	16	954	0
GBA2_HUMAN	39	237	0
GBA3_HUMAN	12	658	0
GBB1_HUMAN	336	45	0
GBB2_HUMAN	523	33	0
GBB3_HUMAN	47	283	0
GBB4_HUMAN	134	134	0
GBB5_HUMAN	51	190	0
GBF1_HUMAN	403	44	0
GBG10_HUMAN	43	301	0
GBG11_HUMAN	13	1012	0
GBG12_HUMAN	115	117	0
GBG13_HUMAN	37	645	0
GBG1_HUMAN	25	722	0
GBG2_HUMAN	66	212	0
GBG3_HUMAN	25	457	0
GBG4_HUMAN	25	402	0
GBG5_HUMAN	81	161	0
GBG7_HUMAN	18	949	0
GBG8_HUMAN	133	245	0
GBGT2_HUMAN	11	759	0
GBLP_HUMAN	710	35	0
GBP1_HUMAN	42	214	0
GBP2_HUMAN	55	210	0
GBP3_HUMAN	12	1023	0
GBP4_HUMAN	5	4895	0
GBP5_HUMAN	19	819	0
GBP6_HUMAN	20	349	0
GBP7_HUMAN	20	670	0
GBRA1_HUMAN	144	102	0
GBRA2_HUMAN	3	1102	0
GBRA3_HUMAN	34	381	0
GBRA4_HUMAN	4	1364	0
GBRA5_HUMAN	1	13345	0
GBRA6_HUMAN	21	364	0
GBRAP_HUMAN	514	36	0
GBRB1_HUMAN	8	498	0
GBRB2_HUMAN	14	397	0
GBRB3_HUMAN	19	470	0
GBRD_HUMAN	28	471	0
GBRE_HUMAN	52	443	0
GBRG1_HUMAN	4	2460	0
GBRG2_HUMAN	25	386	0
GBRG3_HUMAN	3	1665	0
GBRL1_HUMAN	567	29	0
GBRL2_HUMAN	604	28	0
GBRL3_HUMAN	2	1660	0
GBRP_HUMAN	2	1486	0
GBRR1_HUMAN	8	615	0
GBRR2_HUMAN	1	1877	0
GBRR3_HUMAN	1	3274	0
GBRT_HUMAN	5	921	0
GBX1_HUMAN	8	1978	0
GBX2_HUMAN	4	1154	0
GCC1_HUMAN	102	97	0
GCC2_HUMAN	131	73	0
GCDH_HUMAN	107	124	0
GCET2_HUMAN	6	573	0
GCFC1_HUMAN,PAXB1_HUMAN	107	146	0
GCFC2_HUMAN	63	152	0
GCH1_HUMAN	62	246	0
GCKR_HUMAN	12	383	0
GCM1_HUMAN	69	324	0
GCM2_HUMAN	34	616	0
GCN1L_HUMAN,GCN1_HUMAN	398	35	0
GCNT1_HUMAN	48	283	0
GCNT2_HUMAN	22	310	0
GCNT3_HUMAN	22	457	0
GCNT4_HUMAN	3	8046	0
GCNT6_HUMAN	1	4209	0
GCNT7_HUMAN	1	5827	0
GCP2_HUMAN	189	64	0
GCP3_HUMAN	224	70	0
GCP4_HUMAN	166	100	0
GCP5_HUMAN	56	219	0
GCP60_HUMAN	283	55	0
GCP6_HUMAN	68	201	0
GCR_HUMAN	962	31	0
GCSH_HUMAN	61	340	0
GCSP_HUMAN	315	61	0
GCST_HUMAN	11	329	0
GCYA2_HUMAN	15	498	0
GCYA3_HUMAN	38	277	0
GCYB1_HUMAN	34	408	0
GCYB2_HUMAN	5	660	0
GD1L1_HUMAN	5	533	0
GDAP1_HUMAN	49	163	0
GDAP2_HUMAN	23	255	0
GDC_HUMAN	72	399	0
GDE1_HUMAN	38	275	0
GDE_HUMAN	110	107	0
GDF11_HUMAN	48	429	0
GDF15_HUMAN	74	190	0
GDF1_HUMAN	2	1821	0
GDF2_HUMAN	5	3993	0
GDF3_HUMAN	11	1510	0
GDF5O_HUMAN	5	1481	0
GDF5_HUMAN	35	542	0
GDF6_HUMAN	5	2707	0
GDF8_HUMAN	31	1193	0
GDF9_HUMAN	59	285	0
GDIA_HUMAN	157	78	0
GDIB_HUMAN	193	71	0
GDIR1_HUMAN	181	85	0
GDIR2_HUMAN	41	289	0
GDIR3_HUMAN	18	584	0
GDNF_HUMAN	28	398	0
GDN_HUMAN	52	191	0
GDPD1_HUMAN	42	271	0
GDPD2_HUMAN	5	2517	0
GDPD3_HUMAN	42	358	0
GDPD4_HUMAN	6	1673	0
GDPD5_HUMAN	121	193	0
GDPP1_HUMAN	15	401	0
GDS1_HUMAN	152	86	0
GELS_HUMAN	207	65	0
GEMC1_HUMAN	1	7392	0
GEMI2_HUMAN	112	136	0
GEMI4_HUMAN	273	58	0
GEMI5_HUMAN	256	69	0
GEMI6_HUMAN	77	166	0
GEMI7_HUMAN	65	214	0
GEMI8_HUMAN	67	213	0
GEMI_HUMAN	112	117	0
GEM_HUMAN	151	132	0
GEN_HUMAN	29	225	0
GEPH_HUMAN	79	125	0
GET4_HUMAN	177	75	0
GFAP_HUMAN	264	44	0
GFI1B_HUMAN	103	158	0
GFI1_HUMAN	25	359	0
GFOD1_HUMAN	59	174	0
GFOD2_HUMAN	9	769	0
GFPT1_HUMAN	173	66	0
GFPT2_HUMAN	74	159	0
GFRA1_HUMAN	50	236	0
GFRA2_HUMAN	6	795	0
GFRA3_HUMAN	12	2860	0
GFRA4_HUMAN	1	18237	0
GFRAL_HUMAN	3	2062	0
GFRP_HUMAN	18	446	0
GG12C_HUMAN	2	7349	0
GG12G_HUMAN	6	2821	0
GG12I_HUMAN	1	12236	0
GG12J_HUMAN	1	8186	0
GG2L1_HUMAN	2	5063	0
GG6L9_HUMAN	219	170	0
GG8L3_HUMAN	1	3442	0
GGA1_HUMAN	120	86	0
GGA2_HUMAN	76	145	0
GGA3_HUMAN	108	96	0
GGCT_HUMAN	77	115	0
GGE2D_HUMAN	10	1499	0
GGED1_HUMAN,PAGE3_HUMAN	5	995	0
GGEE1_HUMAN,PAGE5_HUMAN	12	795	0
GGEE2_HUMAN,PAGE2_HUMAN	8	2278	0
GGEE3_HUMAN	4	3866	0
GGH_HUMAN	273	72	0
GGNB1_HUMAN	2	6677	0
GGNB2_HUMAN	15	397	0
GGN_HUMAN	27	388	0
GGPPS_HUMAN	66	204	0
GGT1_HUMAN	22	375	0
GGT2_HUMAN	1	13844	0
GGT3_HUMAN	2	5708	0
GGT5_HUMAN	5	3253	0
GGT6_HUMAN	12	1391	0
GGT7_HUMAN	128	127	0
GGTA1_HUMAN	1	3118	0
GGTL1_HUMAN	4	2272	0
GGTL2_HUMAN	1	8947	0
GGTL3_HUMAN	1	3030	0
GHC1_HUMAN	221	66	0
GHC2_HUMAN	43	220	0
GHDC_HUMAN	84	159	0
GHITM_HUMAN	173	114	0
GHRHR_HUMAN	2	7152	0
GHRL_HUMAN	19	526	0
GHR_HUMAN	43	292	0
GHSR_HUMAN	6	4831	0
GI24_HUMAN	29	671	0
GILT_HUMAN	76	206	0
GIMA1_HUMAN	46	776	0
GIMA2_HUMAN	9	1624	0
GIMA4_HUMAN	6	758	0
GIMA5_HUMAN	74	626	0
GIMA6_HUMAN	4	2316	0
GIMA7_HUMAN	2	3386	0
GIMA8_HUMAN	28	497	0
GIN1_HUMAN	12	383	0
GIPC1_HUMAN	118	96	0
GIPC2_HUMAN	28	246	0
GIPC3_HUMAN	7	1004	0
GIPR_HUMAN	3	3980	0
GIP_HUMAN	48	560	0
GIT1_HUMAN	173	89	0
GIT2_HUMAN	140	110	0
GKAP1_HUMAN	46	234	0
GKN1_HUMAN	28	685	0
GKN2_HUMAN	6	2017	0
GL1AD_HUMAN	124	149	0
GL1D1_HUMAN	4	1598	0
GL6D1_HUMAN	6	1451	0
GL8D1_HUMAN	74	152	0
GL8D2_HUMAN	30	458	0
GLB1L_HUMAN	25	675	0
GLBL2_HUMAN	72	289	0
GLBL3_HUMAN	7	821	0
GLCE_HUMAN	59	178	0
GLCI1_HUMAN	23	236	0
GLCM_HUMAN	146	97	0
GLCNE_HUMAN	107	124	0
GLCTK_HUMAN	61	385	0
GLD2_HUMAN	21	241	0
GLDN_HUMAN	1	4200	0
GLE1_HUMAN	156	126	0
GLGB_HUMAN	76	127	0
GLHA_HUMAN	26	755	0
GLI1_HUMAN	116	140	0
GLI2_HUMAN	69	145	0
GLI3_HUMAN	69	166	0
GLI4_HUMAN	128	237	0
GLIP1_HUMAN	19	307	0
GLIS1_HUMAN	21	314	0
GLIS2_HUMAN	107	140	0
GLIS3_HUMAN	21	354	0
GLMN_HUMAN	184	95	0
GLNA_HUMAN	168	63	0
GLO2_HUMAN	81	96	0
GLOD4_HUMAN	100	146	0
GLOD5_HUMAN	1	2069	0
GLP1R_HUMAN	118	205	0
GLP2R_HUMAN	1	7369	0
GLP3L_HUMAN	79	166	0
GLPA_HUMAN	220	117	0
GLPB_HUMAN	55	456	0
GLPC_HUMAN	17	784	0
GLPK2_HUMAN	7	513	0
GLPK3_HUMAN	13	711	0
GLPK5_HUMAN	6	859	0
GLPK_HUMAN	106	172	0
GLPT_HUMAN	94	152	0
GLRA1_HUMAN	4	2876	0
GLRA2_HUMAN	32	456	0
GLRA3_HUMAN	9	1405	0
GLRA4_HUMAN	1	5449	0
GLRB_HUMAN	44	596	0
GLRX1_HUMAN	48	203	0
GLRX2_HUMAN	10	516	0
GLRX3_HUMAN	221	65	0
GLRX5_HUMAN	92	225	0
GLR_HUMAN	107	289	0
GLSK_HUMAN	240	77	0
GLSL_HUMAN	9	603	0
GLT10_HUMAN	60	170	0
GLT11_HUMAN	39	358	0
GLT12_HUMAN	99	171	0
GLT13_HUMAN	14	1142	0
GLT14_HUMAN	35	486	0
GLTD1_HUMAN,CPTP_HUMAN	9	721	0
GLTD2_HUMAN	1	4184	0
GLTL1_HUMAN,GLT16_HUMAN	42	291	0
GLTL2_HUMAN,GLT15_HUMAN	19	1072	0
GLTL3_HUMAN	2	5602	0
GLTL4_HUMAN,GLT18_HUMAN	61	442	0
GLTL5_HUMAN	7	1005	0
GLTL6_HUMAN	2	1800	0
GLTP_HUMAN	29	209	0
GLU2B_HUMAN	283	51	0
GLUC_HUMAN	31	528	0
GLYAT_HUMAN	11	1254	0
GLYC_HUMAN	108	104	0
GLYG2_HUMAN	28	691	0
GLYG_HUMAN	57	204	0
GLYL1_HUMAN	5	746	0
GLYL3_HUMAN	1	6070	0
GLYM_HUMAN	697	39	0
GLYR1_HUMAN	248	71	0
GMCL1_HUMAN	166	102	0
GMCLL_HUMAN	37	321	0
GMDS_HUMAN	63	159	0
GMEB1_HUMAN	45	288	0
GMEB2_HUMAN	53	237	0
GMFB_HUMAN	50	207	0
GMFG_HUMAN	15	445	0
GMIP_HUMAN	32	208	0
GML_HUMAN	57	383	0
GMPPA_HUMAN	60	144	0
GMPPB_HUMAN	81	150	0
GMPR1_HUMAN	6	474	0
GMPR2_HUMAN	23	260	0
GNA11_HUMAN	133	96	0
GNA12_HUMAN	56	193	0
GNA13_HUMAN	156	82	0
GNA14_HUMAN	15	310	0
GNA15_HUMAN	9	671	0
GNA1_HUMAN	33	222	0
GNAI1_HUMAN	188	74	0
GNAI2_HUMAN	273	45	0
GNAI3_HUMAN	257	49	0
GNAL_HUMAN	24	267	0
GNAO_HUMAN	145	87	0
GNAQ_HUMAN	142	109	0
GNAS1_HUMAN	16	356	0
GNAS2_HUMAN	61	187	0
GNAS3_HUMAN	27	453	0
GNAT1_HUMAN	13	565	0
GNAT2_HUMAN	21	372	0
GNAT3_HUMAN	13	580	0
GNAZ_HUMAN	79	121	0
GNB1L_HUMAN	63	147	0
GNDS_HUMAN	42	218	0
GNL1_HUMAN	96	123	0
GNL3L_HUMAN	139	102	0
GNL3_HUMAN	354	64	0
GNLY_HUMAN	59	483	0
GNMT_HUMAN	38	456	0
GNPAT_HUMAN	93	135	0
GNPI1_HUMAN	76	141	0
GNPI2_HUMAN	44	252	0
GNPTA_HUMAN	65	148	0
GNPTG_HUMAN	56	263	0
GNRHR_HUMAN	5	2394	0
GNS_HUMAN	135	104	0
GNT2A_HUMAN	19	1328	0
GO45_HUMAN	141	140	0
GOG6A_HUMAN	53	311	0
GOG6B_HUMAN	4	1685	0
GOG6C_HUMAN	3	2692	0
GOG6D_HUMAN	2	3901	0
GOG7B_HUMAN	10	729	0
GOG8A_HUMAN	35	548	0
GOG8B_HUMAN	6	802	0
GOG8C_HUMAN	1	1788	0
GOG8D_HUMAN	23	562	0
GOG8E_HUMAN	24	743	0
GOG8F_HUMAN	20	703	0
GOGA1_HUMAN	172	103	0
GOGA2_HUMAN	754	41	0
GOGA3_HUMAN	243	55	0
GOGA4_HUMAN	234	76	0
GOGA5_HUMAN	256	66	0
GOGA7_HUMAN	74	187	0
GOGB1_HUMAN	231	49	0
GOLI4_HUMAN	120	90	0
GOLI_HUMAN	324	55	0
GOLM1_HUMAN	200	95	0
GOLP3_HUMAN	182	88	0
GON1_HUMAN	8	1029	0
GON4L_HUMAN	49	187	0
GOPC_HUMAN	306	62	0
GORAB_HUMAN	81	172	0
GORL_HUMAN	4	2711	0
GORS1_HUMAN	112	136	0
GORS2_HUMAN	384	48	0
GOR_HUMAN	8	916	0
GOSR1_HUMAN	137	93	0
GOSR2_HUMAN	137	103	0
GOT1A_HUMAN	32	969	0
GOT1B_HUMAN	226	69	0
GP101_HUMAN	25	822	0
GP107_HUMAN	79	175	0
GP108_HUMAN	32	447	0
GP110_HUMAN,AGRF1_HUMAN	34	724	0
GP111_HUMAN,AGRF2_HUMAN	1	2474	0
GP112_HUMAN,AGRG4_HUMAN	7	570	0
GP113_HUMAN,AGRF3_HUMAN	14	362	0
GP114_HUMAN,AGRG5_HUMAN	151	249	0
GP115_HUMAN,AGRF4_HUMAN	3	2643	0
GP116_HUMAN,AGRF5_HUMAN	7	1773	0
GP119_HUMAN	4	1561	0
GP123_HUMAN,AGRA1_HUMAN	1	5678	0
GP124_HUMAN	5	1094	0
GP125_HUMAN,AGRA3_HUMAN	20	344	0
GP126_HUMAN	40	269	0
GP128_HUMAN,AGRG7_HUMAN	4	1154	0
GP133_HUMAN,AGRD1_HUMAN	7	543	0
GP135_HUMAN	6	823	0
GP141_HUMAN	21	673	0
GP142_HUMAN	2	2149	0
GP143_HUMAN	7	2598	0
GP146_HUMAN	2	9384	0
GP148_HUMAN	2	8070	0
GP149_HUMAN	1	1324	0
GP150_HUMAN	9	2030	0
GP151_HUMAN	51	574	0
GP152_HUMAN	195	263	0
GP153_HUMAN	2	2072	0
GP155_HUMAN	7	1434	0
GP156_HUMAN	81	251	0
GP157_HUMAN	1	1289	0
GP158_HUMAN	7	357	0
GP160_HUMAN	2	7464	0
GP161_HUMAN	30	298	0
GP162_HUMAN	4	936	0
GP171_HUMAN	4	3510	0
GP173_HUMAN	49	610	0
GP176_HUMAN	6	1936	0
GP179_HUMAN	8	1293	0
GP180_HUMAN	42	229	0
GP182_HUMAN	482	73	0
GP183_HUMAN	39	482	0
GP1BA_HUMAN	26	236	0
GP1BB_HUMAN	61	382	0
GP2_HUMAN	5	2142	0
GPA33_HUMAN	15	693	0
GPAA1_HUMAN	104	125	0
GPAN1_HUMAN	110	128	0
GPAT1_HUMAN	45	169	0
GPAT2_HUMAN	36	777	0
GPAT3_HUMAN	114	106	0
GPAT4_HUMAN	144	95	0
GPBAR_HUMAN	29	623	0
GPBL1_HUMAN	87	173	0
GPBP1_HUMAN	72	153	0
GPC1_HUMAN	447	45	0
GPC2_HUMAN	12	493	0
GPC3_HUMAN	213	93	0
GPC4_HUMAN	101	107	0
GPC5B_HUMAN	124	147	0
GPC5C_HUMAN	127	142	0
GPC5D_HUMAN	72	379	0
GPC5_HUMAN	19	367	0
GPC6_HUMAN	55	188	0
GPCP1_HUMAN	7	815	0
GPD1L_HUMAN	69	152	0
GPDA_HUMAN	22	290	0
GPDM_HUMAN	128	84	0
GPER_HUMAN,GPER1_HUMAN	1	1417	0
GPHA2_HUMAN	27	986	0
GPHB5_HUMAN	10	4098	0
GPHRA_HUMAN	124	142	0
GPHRB_HUMAN	163	118	0
GPI8_HUMAN	91	112	0
GPIX_HUMAN	95	245	0
GPKOW_HUMAN	125	120	0
GPM6A_HUMAN	155	106	0
GPM6B_HUMAN	27	299	0
GPN1_HUMAN	127	114	0
GPN2_HUMAN	22	534	0
GPN3_HUMAN	115	127	0
GPNMB_HUMAN	18	299	0
GPR12_HUMAN	124	322	0
GPR15_HUMAN	1	2224	0
GPR17_HUMAN	333	110	0
GPR18_HUMAN	14	1925	0
GPR19_HUMAN	2	2431	0
GPR20_HUMAN	3	2671	0
GPR21_HUMAN	82	373	0
GPR22_HUMAN	3	6805	0
GPR25_HUMAN	31	716	0
GPR26_HUMAN	1	12970	0
GPR27_HUMAN	4	5579	0
GPR31_HUMAN	3	1736	0
GPR34_HUMAN	14	1930	0
GPR35_HUMAN	133	212	0
GPR37_HUMAN	80	123	0
GPR39_HUMAN	10	1419	0
GPR3_HUMAN	13	415	0
GPR42_HUMAN	110	586	0
GPR44_HUMAN	4	7859	0
GPR45_HUMAN	305	104	0
GPR4_HUMAN	4	3171	0
GPR52_HUMAN	35	905	0
GPR55_HUMAN	67	299	0
GPR56_HUMAN	76	175	0
GPR61_HUMAN	21	1990	0
GPR63_HUMAN	1	3859	0
GPR64_HUMAN,AGRG2_HUMAN	24	990	0
GPR6_HUMAN	2	955	0
GPR75_HUMAN	1	3722	0
GPR83_HUMAN	2	5285	0
GPR84_HUMAN	25	511	0
GPR85_HUMAN	8	1491	0
GPR87_HUMAN	1	5033	0
GPR88_HUMAN	15	1536	0
GPR97_HUMAN,AGRG3_HUMAN	12	3145	0
GPR98_HUMAN	60	223	0
GPS2_HUMAN	147	137	0
GPSM1_HUMAN	59	177	0
GPSM2_HUMAN	30	269	0
GPSM3_HUMAN	90	217	0
GPTC1_HUMAN	105	174	0
GPTC2_HUMAN	32	248	0
GPTC3_HUMAN	4	864	0
GPTC4_HUMAN	241	98	0
GPTC8_HUMAN	121	108	0
GPT_HUMAN	15	370	0
GPVI_HUMAN	15	642	0
GPV_HUMAN	65	276	0
GPX1_HUMAN	74	165	0
GPX2_HUMAN	6	599	0
GPX3_HUMAN	7	1576	0
GPX4_HUMAN	117	115	0
GPX5_HUMAN	2	1303	0
GPX7_HUMAN	68	155	0
GPX8_HUMAN	293	95	0
GR6_HUMAN	9	1681	0
GRAA_HUMAN	9	542	0
GRAB_HUMAN	12	844	0
GRAH_HUMAN	89	197	0
GRAK_HUMAN	7	875	0
GRAM2_HUMAN	10	800	0
GRAM3_HUMAN	42	238	0
GRAM4_HUMAN	64	169	0
GRAM_HUMAN	2	6004	0
GRAN_HUMAN	51	215	0
GRAP1_HUMAN	198	77	0
GRAP2_HUMAN	101	181	0
GRAPL_HUMAN	5	4895	0
GRAP_HUMAN	12	1142	0
GRASP_HUMAN	14	854	0
GRB10_HUMAN	158	69	0
GRB14_HUMAN	27	346	0
GRB1L_HUMAN	17	325	0
GRB2_HUMAN	948	23	0
GRB7_HUMAN	177	99	0
GRCR1_HUMAN	16	972	0
GRCR2_HUMAN	1	875	0
GRD2I_HUMAN	6	1234	0
GRDN_HUMAN	237	68	0
GREB1_HUMAN	28	208	0
GREM1_HUMAN	6	1398	0
GREM2_HUMAN	40	374	0
GRHL1_HUMAN	134	147	0
GRHL2_HUMAN	19	348	0
GRHL3_HUMAN	10	1125	0
GRHPR_HUMAN	112	125	0
GRIA1_HUMAN	39	244	0
GRIA2_HUMAN	56	259	0
GRIA3_HUMAN	31	382	0
GRIA4_HUMAN	30	324	0
GRID1_HUMAN	17	528	0
GRID2_HUMAN	16	423	0
GRIK1_HUMAN	28	326	0
GRIK2_HUMAN	19	261	0
GRIK3_HUMAN	5	1955	0
GRIK4_HUMAN	6	465	0
GRIK5_HUMAN	16	474	0
GRIN1_HUMAN	91	110	0
GRIN2_HUMAN	26	572	0
GRIN3_HUMAN	44	194	0
GRIP1_HUMAN	89	147	0
GRIP2_HUMAN	17	652	0
GRK4_HUMAN	29	318	0
GRK5_HUMAN	176	109	0
GRK6_HUMAN	133	132	0
GRK7_HUMAN	24	355	0
GRL1A_HUMAN	53	272	0
GRM1A_HUMAN	185	88	0
GRM1B_HUMAN	84	150	0
GRM1C_HUMAN	20	541	0
GRM1_HUMAN	57	193	0
GRM2_HUMAN	363	46	0
GRM3_HUMAN	20	306	0
GRM4_HUMAN	4	941	0
GRM5_HUMAN	24	411	0
GRM7_HUMAN	11	850	0
GRM8_HUMAN	4	1351	0
GRN_HUMAN	285	53	0
GROA_HUMAN	23	385	0
GRP1_HUMAN	10	900	0
GRP2_HUMAN	9	644	0
GRP3_HUMAN	17	562	0
GRP4_HUMAN	10	966	0
GRP75_HUMAN	919	31	0
GRP78_HUMAN	1643	16	0
GRPE1_HUMAN	226	64	0
GRPE2_HUMAN	29	304	0
GRPL2_HUMAN	32	489	0
GRPP1_HUMAN	25	513	0
GRPR_HUMAN	60	535	0
GRP_HUMAN	1	12070	0
GRSF1_HUMAN	507	58	0
GRTP1_HUMAN	12	490	0
GRWD1_HUMAN	410	46	0
GSAP_HUMAN	6	1016	0
GSC2_HUMAN	61	227	0
GSCR1_HUMAN	74	184	0
GSCR2_HUMAN	296	88	0
GSC_HUMAN	78	474	0
GSDMA_HUMAN	111	116	0
GSDMB_HUMAN	9	894	0
GSDMC_HUMAN	5	2097	0
GSDMD_HUMAN	36	211	0
GSE1_HUMAN	155	102	0
GSG1L_HUMAN	2	10098	0
GSG1_HUMAN	10	1709	0
GSH0_HUMAN	69	132	0
GSH1_HUMAN	33	167	0
GSHB_HUMAN	48	193	0
GSHR_HUMAN	125	92	0
GSK3A_HUMAN	460	47	0
GSK3B_HUMAN	868	23	0
GSKIP_HUMAN	25	370	0
GSLG1_HUMAN	141	62	0
GSTA1_HUMAN	20	717	0
GSTA2_HUMAN	9	758	0
GSTA3_HUMAN	4	1089	0
GSTA4_HUMAN	11	1881	0
GSTA5_HUMAN	9	759	0
GSTCD_HUMAN	25	286	0
GSTK1_HUMAN	184	86	0
GSTM1_HUMAN	15	495	0
GSTM2_HUMAN	23	226	0
GSTM3_HUMAN	166	70	0
GSTM4_HUMAN	17	376	0
GSTM5_HUMAN	14	476	0
GSTO1_HUMAN	103	125	0
GSTO2_HUMAN	27	501	0
GSTP1_HUMAN	217	56	0
GSTT1_HUMAN	30	239	0
GSTT2_HUMAN	13	424	0
GSX1_HUMAN	47	497	0
GSX2_HUMAN	5	979	0
GT251_HUMAN	177	64	0
GT252_HUMAN	68	229	0
GT253_HUMAN	124	160	0
GT2D1_HUMAN	86	146	0
GTD2A_HUMAN	15	537	0
GTD2B_HUMAN	16	607	0
GTDC1_HUMAN	1	2319	0
GTDC2_HUMAN	114	211	0
GTF2I_HUMAN	393	49	0
GTL3B_HUMAN,NATD1_HUMAN	12	608	0
GTPB1_HUMAN	128	92	0
GTPB2_HUMAN	56	178	0
GTPB3_HUMAN	90	145	0
GTPB5_HUMAN,MTG2_HUMAN	279	102	0
GTPB6_HUMAN	76	161	0
GTPB8_HUMAN	21	302	0
GTPBA_HUMAN	156	113	0
GTR10_HUMAN	25	481	0
GTR11_HUMAN	14	642	0
GTR12_HUMAN	132	167	0
GTR14_HUMAN	27	231	0
GTR1_HUMAN	301	44	0
GTR2_HUMAN	116	200	0
GTR3_HUMAN	46	142	0
GTR4_HUMAN	75	206	0
GTR5_HUMAN	137	202	0
GTR6_HUMAN	12	409	0
GTR7_HUMAN	97	251	0
GTR8_HUMAN	71	288	0
GTR9_HUMAN	76	295	0
GTSE1_HUMAN	221	81	0
GTSF1_HUMAN	10	668	0
GTSFL_HUMAN	6	3098	0
GUAA_HUMAN	196	81	0
GUAD_HUMAN	63	182	0
GUC1A_HUMAN	8	1077	0
GUC1B_HUMAN	8	877	0
GUC1C_HUMAN	3	3394	0
GUC2A_HUMAN	15	1035	0
GUC2B_HUMAN	3	2216	0
GUC2C_HUMAN	5	4191	0
GUC2D_HUMAN	13	612	0
GUC2F_HUMAN	5	1866	0
GUF1_HUMAN	108	128	0
GULP1_HUMAN	39	223	0
GUSP1_HUMAN	6	594	0
GVIN1_HUMAN	9	474	0
GWL_HUMAN	51	196	0
GXLT1_HUMAN	114	89	0
GXLT2_HUMAN	24	352	0
GYS1_HUMAN	132	105	0
GYS2_HUMAN	12	518	0
GZF1_HUMAN	80	229	0
H10_HUMAN	264	72	0
H11_HUMAN	519	71	0
H12_HUMAN	692	36	0
H13_HUMAN	313	58	0
H14_HUMAN	691	34	0
H15_HUMAN	460	55	0
H17B6_HUMAN	15	1234	0
H1BP3_HUMAN	53	228	0
H1FNT_HUMAN	193	241	0
H1FOO_HUMAN	44	458	0
H1T_HUMAN	248	116	0
H1X_HUMAN	321	64	0
H2A1A_HUMAN	73	148	0
H2A1B_HUMAN	573	50	0
H2A1C_HUMAN	100	138	0
H2A1D_HUMAN	112	136	0
H2A1H_HUMAN	118	129	0
H2A1J_HUMAN	146	119	0
H2A1_HUMAN	478	58	0
H2A2A_HUMAN	170	109	0
H2A2B_HUMAN	225	84	0
H2A2C_HUMAN	271	94	0
H2A3_HUMAN	78	163	0
H2AB1_HUMAN	22	610	0
H2AB2_HUMAN	184	260	0
H2AJ_HUMAN	130	164	0
H2AV_HUMAN	177	75	0
H2AW_HUMAN	241	108	0
H2AX_HUMAN	563	39	0
H2AY_HUMAN	446	57	0
H2AZ_HUMAN	358	69	0
H2B1A_HUMAN	177	108	0
H2B1B_HUMAN	395	51	0
H2B1C_HUMAN	794	43	0
H2B1D_HUMAN	327	71	0
H2B1H_HUMAN	449	57	0
H2B1J_HUMAN	179	88	0
H2B1K_HUMAN	334	58	0
H2B1L_HUMAN	213	92	0
H2B1M_HUMAN	110	113	0
H2B1N_HUMAN	136	119	0
H2B1O_HUMAN	140	114	0
H2B2C_HUMAN	43	290	0
H2B2D_HUMAN	3	1193	0
H2B2E_HUMAN	674	50	0
H2B2F_HUMAN	191	84	0
H2B3B_HUMAN	182	119	0
H2BFM_HUMAN	1	7680	0
H2BFS_HUMAN	91	152	0
H2BWT_HUMAN	16	736	0
H31T_HUMAN	326	78	0
H31_HUMAN	1207	24	0
H32_HUMAN	328	57	0
H33_HUMAN	966	38	0
H3C_HUMAN	115	130	0
H4G_HUMAN	28	395	0
H4_HUMAN	1869	20	0
H6ST1_HUMAN	37	301	0
H6ST2_HUMAN	68	226	0
H6ST3_HUMAN	7	1391	0
H90B2_HUMAN	129	106	0
H90B3_HUMAN	103	117	0
H90B4_HUMAN	128	137	0
HA27_HUMAN	132	214	0
HABP2_HUMAN	6	962	0
HABP4_HUMAN	149	120	0
HACD1_HUMAN	24	423	0
HACD2_HUMAN	93	112	0
HACD3_HUMAN	288	46	0
HACD4_HUMAN	1	9086	0
HACE1_HUMAN	25	351	0
HACL1_HUMAN	37	248	0
HAGHL_HUMAN	4	1637	0
HAIR_HUMAN	48	258	0
HAKAI_HUMAN	74	115	0
HAND1_HUMAN	16	902	0
HAND2_HUMAN	32	317	0
HAOX1_HUMAN	6	1137	0
HAOX2_HUMAN	29	381	0
HAP1_HUMAN	115	193	0
HAP28_HUMAN	107	96	0
HARB1_HUMAN	2	2949	0
HAS1_HUMAN,HYAS1_HUMAN	11	475	0
HAS2_HUMAN,HYAS2_HUMAN	2	12071	0
HAS3_HUMAN,HYAS3_HUMAN	14	1362	0
HASP_HUMAN	124	111	0
HAT1_HUMAN	232	68	0
HAUS1_HUMAN	187	117	0
HAUS2_HUMAN	126	119	0
HAUS3_HUMAN	104	164	0
HAUS4_HUMAN	108	130	0
HAUS5_HUMAN	147	110	0
HAUS6_HUMAN	159	90	0
HAUS7_HUMAN	122	170	0
HAUS8_HUMAN	130	115	0
HAVR1_HUMAN	26	400	0
HAVR2_HUMAN	114	185	0
HAX1_HUMAN	430	40	0
HB22_HUMAN	79	246	0
HBAP1_HUMAN	19	1037	0
HBAT_HUMAN	27	930	0
HBAZ_HUMAN	50	264	0
HBA_HUMAN	195	69	0
HBB_HUMAN	202	68	0
HBD_HUMAN	78	119	0
HBEGF_HUMAN	19	486	0
HBE_HUMAN	16	487	0
HBG1_HUMAN	20	444	0
HBG2_HUMAN	24	372	0
HBM_HUMAN	27	537	0
HBP1_HUMAN	128	172	0
HBS1L_HUMAN	119	110	0
HBXIP_HUMAN,LTOR5_HUMAN	161	85	0
HCAR1_HUMAN	4	1339	0
HCD2_HUMAN	448	42	0
HCDH_HUMAN	124	110	0
HCFC1_HUMAN	291	61	0
HCFC2_HUMAN	94	152	0
HCK_HUMAN	161	85	0
HCLS1_HUMAN	67	180	0
HCN1_HUMAN	722	38	0
HCN2_HUMAN	11	467	0
HCN3_HUMAN	5	691	0
HCN4_HUMAN	8	1503	0
HCST_HUMAN	211	137	0
HDA10_HUMAN	45	215	0
HDA11_HUMAN	158	140	0
HDAC1_HUMAN	1134	24	0
HDAC2_HUMAN	876	24	0
HDAC3_HUMAN	319	72	0
HDAC4_HUMAN	382	48	0
HDAC5_HUMAN	347	62	0
HDAC6_HUMAN	935	18	0
HDAC7_HUMAN	138	118	0
HDAC8_HUMAN	41	198	0
HDAC9_HUMAN	72	205	0
HDBP1_HUMAN	158	246	0
HDC_HUMAN	13	359	0
HDDC2_HUMAN	22	313	0
HDGF_HUMAN	302	57	0
HDGL1_HUMAN	1	2732	0
HDGR2_HUMAN	220	79	0
HDGR3_HUMAN	44	234	0
HDHD1_HUMAN	60	295	0
HDHD2_HUMAN	27	253	0
HDHD3_HUMAN	58	267	0
HDX_HUMAN	28	349	0
HD_HUMAN	543	39	0
HEAT1_HUMAN	251	54	0
HEAT2_HUMAN,DAAF5_HUMAN	180	75	0
HEAT3_HUMAN	197	83	0
HEAT4_HUMAN	3	608	0
HEAT6_HUMAN	117	116	0
HEBP1_HUMAN	33	255	0
HEBP2_HUMAN	20	297	0
HECA2_HUMAN	38	623	0
HECAM_HUMAN	5	452	0
HECD1_HUMAN	999	30	0
HECD2_HUMAN	7	529	0
HECD3_HUMAN	139	80	0
HECW1_HUMAN	31	346	0
HECW2_HUMAN	323	85	0
HEG1_HUMAN	14	378	0
HELB_HUMAN	20	381	0
HELLS_HUMAN	194	62	0
HELQ_HUMAN	15	432	0
HELT_HUMAN	12	919	0
HELZ_HUMAN	269	89	0
HEM0_HUMAN	4	1124	0
HEM1_HUMAN	133	155	0
HEM2_HUMAN	42	251	0
HEM3_HUMAN	21	216	0
HEM4_HUMAN	13	660	0
HEM6_HUMAN	106	110	0
HEMGN_HUMAN	51	233	0
HEMH_HUMAN	744	26	0
HEMK1_HUMAN	34	303	0
HEMK2_HUMAN	5	536	0
HEMO_HUMAN	71	153	0
HEN1_HUMAN	85	285	0
HEN2_HUMAN	29	480	0
HENMT_HUMAN	12	1367	0
HEP2_HUMAN	17	574	0
HEPC_HUMAN	3	2259	0
HEPH_HUMAN	6	1071	0
HEPN1_HUMAN	10	2446	0
HEPS_HUMAN	280	103	0
HERC1_HUMAN	149	88	0
HERC2_HUMAN	491	45	0
HERC3_HUMAN	67	187	0
HERC4_HUMAN	78	146	0
HERC5_HUMAN	243	71	0
HERC6_HUMAN	14	374	0
HERP1_HUMAN	166	99	0
HERP2_HUMAN	24	642	0
HES1_HUMAN	50	225	0
HES2_HUMAN	3	1402	0
HES3_HUMAN	4	1478	0
HES4_HUMAN	22	620	0
HES5_HUMAN	2	2534	0
HES6_HUMAN	46	248	0
HES7_HUMAN	9	554	0
HESX1_HUMAN	13	1172	0
HEXA_HUMAN	106	101	0
HEXB_HUMAN	65	126	0
HEXDC_HUMAN	14	392	0
HEXI1_HUMAN	902	28	0
HEXI2_HUMAN	87	180	0
HEY1_HUMAN	143	99	0
HEY2_HUMAN	51	256	0
HEYL_HUMAN	28	414	0
HFE_HUMAN	134	190	0
HFM1_HUMAN	9	496	0
HG2A_HUMAN	150	139	0
HGB1A_HUMAN	39	221	0
HGD_HUMAN	8	542	0
HGFA_HUMAN	22	826	0
HGFL_HUMAN	15	374	0
HGF_HUMAN	48	190	0
HGNAT_HUMAN	13	952	0
HGS_HUMAN	531	34	0
HHATL_HUMAN	23	1482	0
HHAT_HUMAN	1	4297	0
HHEX_HUMAN	45	398	0
HHIP_HUMAN	11	340	0
HHLA1_HUMAN	2	1421	0
HHLA2_HUMAN	17	2208	0
HHLA3_HUMAN	4	1263	0
HIAL1_HUMAN,MF14B_HUMAN	107	211	0
HIAL2_HUMAN,MF14C_HUMAN	1	8265	0
HIAT1_HUMAN,MF14A_HUMAN	273	61	0
HIBCH_HUMAN	75	166	0
HIC1_HUMAN	34	297	0
HIC2_HUMAN	63	213	0
HID1_HUMAN	21	922	0
HIDE1_HUMAN	87	228	0
HIF1A_HUMAN	408	49	0
HIF1N_HUMAN	354	64	0
HIF3A_HUMAN	4	1930	0
HIG1A_HUMAN	104	119	0
HIG1B_HUMAN	2	8314	0
HIG1C_HUMAN	19	550	0
HIG2A_HUMAN	20	433	0
HIG2B_HUMAN	4	1335	0
HIKES_HUMAN	26	381	0
HILS1_HUMAN	1	5366	0
HINFP_HUMAN	42	277	0
HINT1_HUMAN	182	79	0
HINT2_HUMAN	353	98	0
HINT3_HUMAN	38	257	0
HIP1R_HUMAN	161	92	0
HIP1_HUMAN	94	91	0
HIPK1_HUMAN	41	256	0
HIPK2_HUMAN	92	135	0
HIPK3_HUMAN	40	191	0
HIPK4_HUMAN	42	247	0
HIPL1_HUMAN	41	379	0
HIPL2_HUMAN	3	1184	0
HIRA_HUMAN	133	109	0
HIRP3_HUMAN	93	140	0
HIS1_HUMAN	5	4120	0
HIS3_HUMAN	27	556	0
HJURP_HUMAN	105	145	0
HKDC1_HUMAN	51	188	0
HKR1_HUMAN	5	512	0
HLAE_HUMAN	103	178	0
HLAF_HUMAN	100	331	0
HLAG_HUMAN	140	167	0
HLAH_HUMAN	23	186	0
HLF_HUMAN	14	1071	0
HLPDA_HUMAN	4	1375	0
HLTF_HUMAN	150	102	0
HLX_HUMAN	37	303	0
HM13_HUMAN	160	71	0
HM20A_HUMAN	246	76	0
HM20B_HUMAN	123	175	0
HMBX1_HUMAN	142	126	0
HMCN1_HUMAN	11	393	0
HMCS1_HUMAN	120	117	0
HMCS2_HUMAN	11	452	0
HMDH_HUMAN	123	136	0
HME1_HUMAN	110	194	0
HME2_HUMAN	6	1280	0
HMG3L_HUMAN	8	472	0
HMGA1_HUMAN	487	51	0
HMGA2_HUMAN	136	106	0
HMGB1_HUMAN	469	47	0
HMGB2_HUMAN	263	62	0
HMGB3_HUMAN	90	131	0
HMGB4_HUMAN	6	1048	0
HMGC2_HUMAN	19	722	0
HMGCL_HUMAN	83	175	0
HMGN1_HUMAN	165	115	0
HMGN2_HUMAN	221	82	0
HMGN3_HUMAN	61	184	0
HMGN4_HUMAN	99	151	0
HMGN5_HUMAN	153	177	0
HMGX3_HUMAN	12	626	0
HMGX4_HUMAN	114	209	0
HMHA1_HUMAN	28	236	0
HMMR_HUMAN	105	116	0
HMN10_HUMAN	1	3390	0
HMN1_HUMAN	10	724	0
HMN8_HUMAN	2	737	0
HMOX1_HUMAN	143	100	0
HMOX2_HUMAN	322	52	0
HMR1_HUMAN	65	323	0
HMX2_HUMAN	7	1461	0
HMX3_HUMAN	8	638	0
HN1L_HUMAN	57	160	0
HN1_HUMAN	45	171	0
HNF1A_HUMAN	69	183	0
HNF1B_HUMAN	169	136	0
HNF4A_HUMAN	256	137	0
HNF4G_HUMAN	19	554	0
HNF6_HUMAN	10	845	0
HNMT_HUMAN	10	447	0
HNRCL_HUMAN,HNRC1_HUMAN	171	109	0
HNRDL_HUMAN	396	47	0
HNRH1_HUMAN	1461	22	0
HNRH2_HUMAN	259	59	0
HNRH3_HUMAN	272	53	0
HNRL1_HUMAN	388	49	0
HNRL2_HUMAN	290	71	0
HNRLL_HUMAN	163	121	0
HNRPC_HUMAN	670	29	0
HNRPD_HUMAN	647	34	0
HNRPF_HUMAN	558	38	0
HNRPK_HUMAN	683	26	0
HNRPL_HUMAN	1893	19	0
HNRPM_HUMAN	707	31	0
HNRPQ_HUMAN	667	30	0
HNRPR_HUMAN	500	48	0
HNRPU_HUMAN	1064	24	0
HOGA1_HUMAN	36	473	0
HOIL1_HUMAN	568	35	0
HOME1_HUMAN	101	147	0
HOME2_HUMAN	28	395	0
HOME3_HUMAN	131	97	0
HOMEZ_HUMAN	145	148	0
HOOK1_HUMAN	241	78	0
HOOK2_HUMAN	195	104	0
HOOK3_HUMAN	216	92	0
HOP2_HUMAN	38	232	0
HOP_HUMAN	14	687	0
HORM1_HUMAN	9	816	0
HORM2_HUMAN	28	488	0
HORN_HUMAN	162	87	0
HOT_HUMAN	4	1126	0
HP1B3_HUMAN	342	56	0
HPBP1_HUMAN	181	81	0
HPC14_HUMAN	3	3081	0
HPCA_HUMAN	43	414	0
HPCL1_HUMAN	88	159	0
HPCL4_HUMAN	29	937	0
HPDL_HUMAN	21	456	0
HPGDS_HUMAN	9	1551	0
HPHL1_HUMAN	74	309	0
HPIP_HUMAN	3	2639	0
HPLN1_HUMAN	5	670	0
HPLN2_HUMAN	46	451	0
HPLN3_HUMAN	56	364	0
HPLN4_HUMAN	1	4870	0
HPPD_HUMAN	18	594	0
HPRT_HUMAN	140	79	0
HPS1_HUMAN	14	1406	0
HPS3_HUMAN	50	227	0
HPS4_HUMAN	9	510	0
HPS5_HUMAN	42	224	0
HPS6_HUMAN	46	157	0
HPSE2_HUMAN	23	573	0
HPSE_HUMAN	62	241	0
HPTR_HUMAN	16	863	0
HPT_HUMAN	125	104	0
HRC23_HUMAN	4	551	0
HRCT1_HUMAN	1	11103	0
HRES1_HUMAN	2	5201	0
HRG1_HUMAN	15	479	0
HRG_HUMAN	57	238	0
HRH1_HUMAN	27	442	0
HRH3_HUMAN	4	2060	0
HRH4_HUMAN	1	4012	0
HRK_HUMAN	8	867	0
HRSL1_HUMAN	10	1483	0
HRSL2_HUMAN	12	1016	0
HRSL5_HUMAN	5	2430	0
HS105_HUMAN	481	40	0
HS12A_HUMAN	112	100	0
HS12B_HUMAN	72	193	0
HS2ST_HUMAN	161	80	0
HS3S1_HUMAN	36	809	0
HS3S2_HUMAN	16	747	0
HS3S4_HUMAN	12	1731	0
HS3S5_HUMAN	1	3875	0
HS3S6_HUMAN	4	4293	0
HS3SA_HUMAN	3	2165	0
HS3SB_HUMAN	7	1367	0
HS71L_HUMAN	351	57	0
HS74L_HUMAN	287	56	0
HS902_HUMAN	63	158	0
HS904_HUMAN	108	172	0
HS905_HUMAN	97	194	0
HS90A_HUMAN	1290	18	0
HS90B_HUMAN	1084	25	0
HSB11_HUMAN,IFT25_HUMAN	32	324	0
HSBP1_HUMAN	63	208	0
HSBPL_HUMAN	10	2361	0
HSC20_HUMAN	859	37	0
HSDL1_HUMAN	80	120	0
HSDL2_HUMAN	138	96	0
HSF1_HUMAN	605	38	0
HSF2B_HUMAN	315	115	0
HSF2_HUMAN	77	154	0
HSF4_HUMAN	52	345	0
HSF5_HUMAN	5	518	0
HSFX1_HUMAN	17	1190	0
HSFY1_HUMAN	34	433	0
HSH2D_HUMAN	19	734	0
HSP13_HUMAN	130	109	0
HSP1_HUMAN	2	3168	0
HSP71_HUMAN,HS71B_HUMAN	1810	16	0
HSP72_HUMAN	447	47	0
HSP74_HUMAN	680	25	0
HSP76_HUMAN	361	52	0
HSP77_HUMAN	88	135	0
HSP7C_HUMAN	2344	15	0
HSP7E_HUMAN	91	145	0
HSPB1_HUMAN	741	33	0
HSPB2_HUMAN	136	156	0
HSPB3_HUMAN	23	949	0
HSPB6_HUMAN	10	886	0
HSPB7_HUMAN	25	510	0
HSPB8_HUMAN	165	119	0
HSPB9_HUMAN	14	1408	0
HTAI2_HUMAN	60	185	0
HTF4_HUMAN	140	152	0
HTR5A_HUMAN	29	158	0
HTR5B_HUMAN	49	151	0
HTR7A_HUMAN,MROH1_HUMAN	47	176	0
HTRA1_HUMAN	69	157	0
HTRA2_HUMAN	257	79	0
HTRA3_HUMAN	22	417	0
HTRA4_HUMAN	186	129	0
HTRB2_HUMAN,MRO2B_HUMAN	3	1872	0
HTSF1_HUMAN	147	104	0
HUMMR_HUMAN	227	120	0
HUNK_HUMAN	110	166	0
HUS1B_HUMAN	22	433	0
HUS1_HUMAN	70	169	0
HUTH_HUMAN	173	89	0
HUTI_HUMAN	5	1712	0
HUTU_HUMAN	3	984	0
HUWE1_HUMAN	1070	22	0
HV303_HUMAN	2	2104	0
HVCN1_HUMAN	33	308	0
HXA10_HUMAN	44	212	0
HXA11_HUMAN	13	563	0
HXA13_HUMAN	19	516	0
HXA1_HUMAN	371	96	0
HXA2_HUMAN	19	679	0
HXA3_HUMAN	15	582	0
HXA4_HUMAN	12	536	0
HXA5_HUMAN	91	180	0
HXA6_HUMAN	1	4819	0
HXA7_HUMAN	20	529	0
HXA9_HUMAN	27	268	0
HXB13_HUMAN	20	658	0
HXB1_HUMAN	34	386	0
HXB2_HUMAN	32	561	0
HXB3_HUMAN	6	1548	0
HXB4_HUMAN	6	916	0
HXB5_HUMAN	110	154	0
HXB6_HUMAN	58	233	0
HXB7_HUMAN	19	557	0
HXB8_HUMAN	16	658	0
HXB9_HUMAN	122	162	0
HXC10_HUMAN	19	265	0
HXC11_HUMAN	22	343	0
HXC12_HUMAN	5	2229	0
HXC13_HUMAN	29	604	0
HXC4_HUMAN	36	333	0
HXC5_HUMAN	45	385	0
HXC6_HUMAN	13	509	0
HXC8_HUMAN	125	168	0
HXC9_HUMAN	64	211	0
HXD10_HUMAN	10	1325	0
HXD11_HUMAN	13	855	0
HXD12_HUMAN	17	685	0
HXD13_HUMAN	79	269	0
HXD1_HUMAN	2	9188	0
HXD3_HUMAN	12	521	0
HXD4_HUMAN	27	421	0
HXD8_HUMAN	11	1058	0
HXD9_HUMAN	10	751	0
HXK1_HUMAN	268	55	0
HXK2_HUMAN	152	75	0
HXK3_HUMAN	44	261	0
HXK4_HUMAN	18	392	0
HYAL1_HUMAN	27	403	0
HYAL2_HUMAN	88	327	0
HYAL3_HUMAN	11	517	0
HYAL4_HUMAN	4	2281	0
HYALP_HUMAN	1	5065	0
HYCCI_HUMAN	35	197	0
HYDIN_HUMAN	21	237	0
HYEP_HUMAN	117	95	0
HYES_HUMAN	18	373	0
HYI_HUMAN	28	421	0
HYLS1_HUMAN	5	1903	0
HYOU1_HUMAN	337	42	0
HYPK_HUMAN	113	130	0
HYPM_HUMAN	82	277	0
I10R1_HUMAN	28	1050	0
I10R2_HUMAN	10	842	0
I11RA_HUMAN	3	6586	0
I12R1_HUMAN	102	199	0
I12R2_HUMAN	10	485	0
I13R1_HUMAN	22	561	0
I13R2_HUMAN	142	133	0
I15RA_HUMAN	11	1120	0
I17EL_HUMAN	1	1454	0
I17RA_HUMAN	155	133	0
I17RB_HUMAN	37	525	0
I17RC_HUMAN	51	326	0
I17RD_HUMAN	16	371	0
I17RE_HUMAN	13	791	0
I18BP_HUMAN	1	12499	0
I18RA_HUMAN	4	1676	0
I20L2_HUMAN	56	201	0
I20RA_HUMAN	37	430	0
I20RB_HUMAN	37	470	0
I22R1_HUMAN	29	783	0
I22R2_HUMAN	21	1031	0
I23O1_HUMAN	7	1381	0
I23O2_HUMAN	11	2000	0
I27L1_HUMAN	64	445	0
I27L2_HUMAN	4	3164	0
I27RA_HUMAN	69	273	0
I28RA_HUMAN,INLR1_HUMAN	50	242	0
I2BP1_HUMAN	90	152	0
I2BP2_HUMAN	119	103	0
I2BPL_HUMAN	71	131	0
I36RA_HUMAN	48	306	0
I4E1B_HUMAN	3	1824	0
I5P1_HUMAN	34	213	0
I5P2_HUMAN	23	262	0
IAH1_HUMAN	24	292	0
IAPP_HUMAN	7	1545	0
IASPP_HUMAN	91	128	0
IBP1_HUMAN	27	356	0
IBP2_HUMAN	13	415	0
IBP3_HUMAN	49	210	0
IBP4_HUMAN	38	336	0
IBP5_HUMAN	132	127	0
IBP6_HUMAN	48	392	0
IBP7_HUMAN	28	235	0
IBPL1_HUMAN	12	745	0
IBTK_HUMAN	124	136	0
IC1_HUMAN	39	261	0
ICA1L_HUMAN	12	602	0
ICA69_HUMAN	26	340	0
ICAL_HUMAN	115	98	0
ICAM1_HUMAN	247	71	0
ICAM2_HUMAN	56	352	0
ICAM3_HUMAN	26	415	0
ICAM4_HUMAN	41	333	0
ICAM5_HUMAN	65	217	0
ICEF1_HUMAN	10	1614	0
ICK_HUMAN	59	199	0
ICLN_HUMAN	202	78	0
ICMT_HUMAN	65	133	0
ICOSL_HUMAN	20	574	0
ICOS_HUMAN	21	663	0
ICT1_HUMAN	405	85	0
ID1_HUMAN	64	204	0
ID2_HUMAN	96	155	0
ID3_HUMAN	52	388	0
ID4_HUMAN	27	408	0
IDD_HUMAN	193	118	0
IDE_HUMAN	233	77	0
IDH3A_HUMAN	131	73	0
IDH3B_HUMAN	123	105	0
IDH3G_HUMAN	78	136	0
IDHC_HUMAN	135	91	0
IDHP_HUMAN	236	47	0
IDI1_HUMAN	39	173	0
IDI2_HUMAN	14	1520	0
IDLC_HUMAN	20	566	0
IDS_HUMAN	129	182	0
IDUA_HUMAN	68	198	0
IER2_HUMAN	39	268	0
IER5L_HUMAN	5	642	0
IER5_HUMAN	13	561	0
IEX1_HUMAN	28	235	0
IF122_HUMAN	64	248	0
IF140_HUMAN	66	301	0
IF16_HUMAN	711	37	0
IF172_HUMAN	63	239	0
IF1AX_HUMAN	122	112	0
IF1AY_HUMAN	31	204	0
IF2A_HUMAN	278	61	0
IF2B1_HUMAN	443	47	0
IF2B2_HUMAN	323	70	0
IF2B3_HUMAN	520	44	0
IF2B_HUMAN	254	61	0
IF2G_HUMAN	320	54	0
IF2M_HUMAN	342	109	0
IF2P_HUMAN	223	69	0
IF3M_HUMAN	295	109	0
IF44L_HUMAN	14	857	0
IF4A1_HUMAN	372	45	0
IF4A2_HUMAN	178	88	0
IF4A3_HUMAN	526	46	0
IF4B_HUMAN	407	43	0
IF4E2_HUMAN	245	81	0
IF4E3_HUMAN	10	541	0
IF4E_HUMAN	227	90	0
IF4G1_HUMAN	461	35	0
IF4G2_HUMAN	158	74	0
IF4G3_HUMAN	139	95	0
IF4H_HUMAN	127	115	0
IF5A1_HUMAN	254	68	0
IF5A2_HUMAN	63	133	0
IF5AL_HUMAN	22	286	0
IF5_HUMAN	205	85	0
IF6_HUMAN	413	51	0
IFFO1_HUMAN	55	310	0
IFFO2_HUMAN	23	359	0
IFI27_HUMAN	12	603	0
IFI44_HUMAN	6	1313	0
IFI6_HUMAN	49	273	0
IFIH1_HUMAN	59	200	0
IFIT1_HUMAN	63	189	0
IFIT2_HUMAN	65	181	0
IFIT3_HUMAN	79	160	0
IFIT5_HUMAN	93	122	0
IFIX_HUMAN	357	79	0
IFM1_HUMAN	356	60	0
IFM2_HUMAN	11	677	0
IFM3_HUMAN	518	45	0
IFM5_HUMAN	6	1280	0
IFN10_HUMAN	6	1868	0
IFN14_HUMAN	22	678	0
IFN16_HUMAN	6	2702	0
IFN17_HUMAN	6	10055	0
IFN21_HUMAN	35	719	0
IFNA1_HUMAN	18	1209	0
IFNA2_HUMAN	12	1112	0
IFNA4_HUMAN	39	836	0
IFNA5_HUMAN	19	879	0
IFNA6_HUMAN	7	3386	0
IFNA7_HUMAN	9	2277	0
IFNA8_HUMAN	14	1344	0
IFNB_HUMAN	4	3632	0
IFNE_HUMAN	26	976	0
IFNG_HUMAN	30	396	0
IFNK_HUMAN	1	8496	0
IFNW1_HUMAN	6	2398	0
IFRD1_HUMAN	38	176	0
IFRD2_HUMAN	37	218	0
IFT1B_HUMAN	7	2324	0
IFT20_HUMAN	142	161	0
IFT27_HUMAN	72	224	0
IFT43_HUMAN	24	723	0
IFT46_HUMAN	41	378	0
IFT52_HUMAN	40	410	0
IFT57_HUMAN	177	127	0
IFT74_HUMAN	139	114	0
IFT80_HUMAN	31	486	0
IFT81_HUMAN	81	198	0
IFT88_HUMAN	83	170	0
IF_HUMAN	15	624	0
IG2AS_HUMAN	1	2226	0
IGBP1_HUMAN	157	115	0
IGDC3_HUMAN	7	2406	0
IGDC4_HUMAN	40	453	0
IGF1B_HUMAN	19	677	0
IGF1R_HUMAN	455	32	0
IGF1_HUMAN	11	1145	0
IGF2_HUMAN	49	157	0
IGFL1_HUMAN	11	1633	0
IGFL2_HUMAN	4	2499	0
IGFL3_HUMAN	75	327	0
IGFN1_HUMAN	49	393	0
IGFR1_HUMAN	3	12407	0
IGHA1_HUMAN	176	117	0
IGHA2_HUMAN	87	239	0
IGHD_HUMAN	28	405	0
IGHE_HUMAN	3	3452	0
IGHG1_HUMAN	231	64	0
IGHG2_HUMAN	133	94	0
IGHG3_HUMAN	50	212	0
IGHG4_HUMAN	46	277	0
IGHM_HUMAN	144	120	0
IGIP_HUMAN	2	1407	0
IGJ_HUMAN	81	184	0
IGKC_HUMAN	141	82	0
IGLL1_HUMAN	12	1159	0
IGLL5_HUMAN	136	97	0
IGLO5_HUMAN	14	1073	0
IGS10_HUMAN	12	358	0
IGS11_HUMAN	1	12717	0
IGS21_HUMAN	41	327	0
IGS22_HUMAN	3	1393	0
IGSF1_HUMAN	24	545	0
IGSF2_HUMAN	7	900	0
IGSF3_HUMAN	101	100	0
IGSF5_HUMAN	13	972	0
IGSF6_HUMAN	7	1399	0
IGSF8_HUMAN	250	71	0
IHH_HUMAN	4	3974	0
IIGP5_HUMAN	19	359	0
IKBA_HUMAN	230	71	0
IKBB_HUMAN	116	105	0
IKBD_HUMAN	121	182	0
IKBE_HUMAN	61	164	0
IKBL1_HUMAN	93	218	0
IKBP1_HUMAN	16	579	0
IKBZ_HUMAN	11	565	0
IKIP_HUMAN	192	74	0
IKKA_HUMAN	226	66	0
IKKB_HUMAN	242	54	0
IKKE_HUMAN	401	42	0
IKZF1_HUMAN	291	65	0
IKZF2_HUMAN	28	313	0
IKZF3_HUMAN	314	59	0
IKZF4_HUMAN	37	440	0
IKZF5_HUMAN	63	330	0
IL10_HUMAN	15	1199	0
IL11_HUMAN	6	884	0
IL12A_HUMAN	16	1283	0
IL12B_HUMAN	6	1546	0
IL13_HUMAN	16	881	0
IL15_HUMAN	9	2399	0
IL16_HUMAN	118	138	0
IL17B_HUMAN	77	323	0
IL17D_HUMAN	4	701	0
IL17F_HUMAN	28	480	0
IL17_HUMAN	10	1539	0
IL18R_HUMAN	6	1580	0
IL18_HUMAN	30	356	0
IL19_HUMAN	4	1935	0
IL1AP_HUMAN	67	146	0
IL1A_HUMAN	72	305	0
IL1B_HUMAN	46	163	0
IL1F6_HUMAN	20	633	0
IL1F9_HUMAN	42	311	0
IL1FA_HUMAN	9	1344	0
IL1R1_HUMAN	34	385	0
IL1R2_HUMAN	60	285	0
IL1RA_HUMAN	58	319	0
IL20_HUMAN	15	1685	0
IL21R_HUMAN	6	2145	0
IL21_HUMAN	6	2584	0
IL22_HUMAN	4	2593	0
IL23A_HUMAN	7	3048	0
IL23R_HUMAN	12	452	0
IL24_HUMAN	27	300	0
IL25_HUMAN	43	366	0
IL26_HUMAN	5	2785	0
IL27A_HUMAN	4	6217	0
IL27B_HUMAN	27	394	0
IL28A_HUMAN,IFNL2_HUMAN	3	2468	0
IL28B_HUMAN,IFNL3_HUMAN	5	1564	0
IL29_HUMAN,IFNL1_HUMAN	7	1390	0
IL2RA_HUMAN	49	598	0
IL2RB_HUMAN	26	389	0
IL2RG_HUMAN	43	431	0
IL2_HUMAN	6	1612	0
IL31R_HUMAN	30	559	0
IL31_HUMAN	15	778	0
IL32_HUMAN	33	314	0
IL33_HUMAN	8	982	0
IL34_HUMAN	3	3462	0
IL36A_HUMAN	20	633	0
IL36B_HUMAN	3	2731	0
IL36G_HUMAN	44	412	0
IL37_HUMAN	24	925	0
IL3RA_HUMAN	49	358	0
IL3RB_HUMAN	27	342	0
IL3_HUMAN	3	4327	0
IL4RA_HUMAN	49	231	0
IL4_HUMAN	4	4323	0
IL5RA_HUMAN	143	195	0
IL5_HUMAN	3	8301	0
IL6RA_HUMAN	31	508	0
IL6RB_HUMAN	74	150	0
IL6_HUMAN	10	1169	0
IL7RA_HUMAN	57	210	0
IL7_HUMAN	9	1679	0
IL8_HUMAN	18	530	0
IL9R_HUMAN	26	595	0
IL9_HUMAN	2	2661	0
ILDR1_HUMAN	9	792	0
ILDR2_HUMAN	34	282	0
ILEU_HUMAN	78	134	0
ILF2_HUMAN	623	34	0
ILF3_HUMAN	906	28	0
ILFT1_HUMAN,LMTD1_HUMAN	2	1676	0
ILKAP_HUMAN	104	120	0
ILK_HUMAN	531	35	0
ILRL1_HUMAN	19	976	0
ILRL2_HUMAN	11	494	0
ILVBL_HUMAN	269	51	0
IMA1_HUMAN,IMA5_HUMAN	393	55	0
IMA2_HUMAN,IMA1_HUMAN	583	39	0
IMA3_HUMAN,IMA4_HUMAN	261	65	0
IMA4_HUMAN,IMA3_HUMAN	239	56	0
IMA5_HUMAN,IMA6_HUMAN	88	123	0
IMA7_HUMAN	182	82	0
IMA8_HUMAN	8	941	0
IMB1_HUMAN	565	32	0
IMDH1_HUMAN	161	94	0
IMDH2_HUMAN	442	33	0
IMMT_HUMAN,MIC60_HUMAN	509	35	0
IMP1L_HUMAN	243	127	0
IMP2L_HUMAN	388	75	0
IMP3_HUMAN	124	135	0
IMP4_HUMAN	118	164	0
IMP5_HUMAN	3	1894	0
IMPA1_HUMAN	35	180	0
IMPA2_HUMAN	77	157	0
IMPA3_HUMAN	60	191	0
IMPCT_HUMAN	31	532	0
IMPG1_HUMAN	3	1509	0
IMPG2_HUMAN	1	3722	0
IMUP_HUMAN	20	552	0
IN35_HUMAN	35	245	0
IN4L2_HUMAN	12	944	0
IN80B_HUMAN	178	130	0
IN80C_HUMAN	35	303	0
IN80D_HUMAN	27	332	0
IN80E_HUMAN	103	176	0
INADL_HUMAN	121	106	0
INAR1_HUMAN	71	149	0
INAR2_HUMAN	28	354	0
INCA1_HUMAN	239	110	0
INCE_HUMAN	81	116	0
INE1_HUMAN	1	2226	0
INF2_HUMAN	305	55	0
ING1_HUMAN	107	157	0
ING2_HUMAN	66	245	0
ING3_HUMAN	87	152	0
ING4_HUMAN	77	223	0
ING5_HUMAN	110	149	0
INGR1_HUMAN	102	144	0
INGR2_HUMAN	64	307	0
INHA_HUMAN	17	582	0
INHBA_HUMAN	35	276	0
INHBB_HUMAN	7	1257	0
INHBE_HUMAN	61	249	0
INMT_HUMAN	3	3469	0
INO1_HUMAN	81	105	0
INO80_HUMAN	87	128	0
INP4A_HUMAN	19	171	0
INP4B_HUMAN	34	264	0
INP5E_HUMAN	65	302	0
INP5K_HUMAN	88	129	0
INPP_HUMAN	21	293	0
INSC_HUMAN	26	646	0
INSI1_HUMAN	124	88	0
INSI2_HUMAN	174	70	0
INSL3_HUMAN	16	673	0
INSL4_HUMAN	6	3513	0
INSL5_HUMAN	57	327	0
INSL6_HUMAN	39	426	0
INSM1_HUMAN	10	566	0
INSM2_HUMAN	3	1681	0
INSRR_HUMAN	90	144	0
INSR_HUMAN	799	33	0
INS_HUMAN	510	47	0
INT10_HUMAN	56	242	0
INT11_HUMAN	106	125	0
INT12_HUMAN	143	104	0
INT1_HUMAN	191	80	0
INT2_HUMAN	115	121	0
INT3_HUMAN	151	91	0
INT4_HUMAN	118	135	0
INT5_HUMAN	113	119	0
INT6_HUMAN	126	106	0
INT7_HUMAN	106	124	0
INT8_HUMAN	70	155	0
INT9_HUMAN	70	141	0
INTU_HUMAN	45	320	0
INVO_HUMAN	134	127	0
INVS_HUMAN	22	285	0
IOD2_HUMAN	15	423	0
IOD3_HUMAN	17	869	0
IP3KA_HUMAN	8	427	0
IP3KB_HUMAN	34	150	0
IP3KC_HUMAN	18	385	0
IP6K1_HUMAN	41	195	0
IP6K2_HUMAN	21	283	0
IP6K3_HUMAN	31	272	0
IPIL1_HUMAN	40	334	0
IPIL2_HUMAN	27	661	0
IPKA_HUMAN	11	810	0
IPKB_HUMAN	9	1198	0
IPKG_HUMAN	11	581	0
IPMK_HUMAN	10	513	0
IPO11_HUMAN	176	71	0
IPO13_HUMAN	98	131	0
IPO4_HUMAN	212	60	0
IPO5_HUMAN	431	43	0
IPO7_HUMAN	360	46	0
IPO8_HUMAN	256	68	0
IPO9_HUMAN	246	47	0
IPP2M_HUMAN	14	302	0
IPP2_HUMAN	59	170	0
IPP4_HUMAN	3	1672	0
IPPK_HUMAN	110	307	0
IPP_HUMAN	34	306	0
IPRI_HUMAN	80	140	0
IPSP_HUMAN	64	191	0
IPYR2_HUMAN	142	106	0
IPYR_HUMAN	197	66	0
IQCA1_HUMAN	8	432	0
IQCAL_HUMAN	4	1285	0
IQCB1_HUMAN	290	47	0
IQCC_HUMAN	14	570	0
IQCD_HUMAN	7	1120	0
IQCE_HUMAN	35	225	0
IQCF1_HUMAN	49	404	0
IQCF2_HUMAN	24	391	0
IQCF3_HUMAN	2	2662	0
IQCF5_HUMAN	6	1764	0
IQCG_HUMAN	6	563	0
IQCH_HUMAN	5	1150	0
IQCK_HUMAN	2	4080	0
IQEC1_HUMAN	121	108	0
IQEC2_HUMAN	34	150	0
IQEC3_HUMAN	3	577	0
IQGA1_HUMAN	590	31	0
IQGA2_HUMAN	123	87	0
IQGA3_HUMAN	173	90	0
IQUB_HUMAN	79	195	0
IR3IP_HUMAN	62	228	0
IRAK1_HUMAN	311	50	0
IRAK2_HUMAN	56	199	0
IRAK3_HUMAN	33	375	0
IRAK4_HUMAN	36	427	0
IREB2_HUMAN	58	224	0
IRF1_HUMAN	62	210	0
IRF2_HUMAN	113	110	0
IRF3_HUMAN	137	71	0
IRF4_HUMAN	85	222	0
IRF5_HUMAN	53	228	0
IRF6_HUMAN	22	516	0
IRF7_HUMAN	91	154	0
IRF8_HUMAN	54	245	0
IRF9_HUMAN	40	299	0
IRG1_HUMAN	2	1893	0
IRGM_HUMAN	23	444	0
IRGQ_HUMAN	27	254	0
IRK10_HUMAN,KCJ10_HUMAN	39	331	0
IRK11_HUMAN,KCJ11_HUMAN	22	634	0
IRK12_HUMAN,KCJ12_HUMAN	28	548	0
IRK15_HUMAN	10	840	0
IRK16_HUMAN,KCJ16_HUMAN	4	3122	0
IRK1_HUMAN,KCNJ1_HUMAN	6	1002	0
IRK2_HUMAN,KCNJ2_HUMAN	35	373	0
IRK3_HUMAN,KCNJ3_HUMAN	14	529	0
IRK4_HUMAN,KCNJ4_HUMAN	17	1066	0
IRK5_HUMAN,KCNJ5_HUMAN	20	872	0
IRK6_HUMAN,KCNJ6_HUMAN	79	496	0
IRK8_HUMAN,KCNJ8_HUMAN	52	813	0
IRK9_HUMAN,KCNJ9_HUMAN	5	1452	0
IRPL1_HUMAN	7	912	0
IRPL2_HUMAN	4	959	0
IRS1_HUMAN	117	90	0
IRS2_HUMAN	77	116	0
IRS4_HUMAN	326	56	0
IRX1_HUMAN	2	1380	0
IRX2_HUMAN	6	1158	0
IRX3_HUMAN	2	1912	0
IRX4_HUMAN	5	1178	0
IRX5_HUMAN	5	785	0
IRX6_HUMAN	12	1508	0
ISCA1_HUMAN	91	191	0
ISCA2_HUMAN	73	229	0
ISCU_HUMAN	50	191	0
ISG15_HUMAN	489	38	0
ISG20_HUMAN	12	1000	0
ISK14_HUMAN	14	1295	0
ISK1_HUMAN	5	1888	0
ISK2_HUMAN	29	1015	0
ISK4_HUMAN	12	2290	0
ISK52_HUMAN	14	1295	0
ISK5_HUMAN	19	421	0
ISK6_HUMAN	1	2490	0
ISK7_HUMAN	18	897	0
ISK9_HUMAN	1	4919	0
ISL1_HUMAN	37	390	0
ISL2_HUMAN	45	397	0
ISLR2_HUMAN	19	446	0
ISLR_HUMAN	144	185	0
ISM1_HUMAN	1	3050	0
ISM2_HUMAN	15	903	0
ISOC1_HUMAN	80	138	0
ISOC2_HUMAN	66	164	0
ISPDL_HUMAN	1	2721	0
ISPD_HUMAN	1	2721	0
IST1_HUMAN	114	101	0
ISX_HUMAN	38	391	0
ISY1_HUMAN	147	117	0
ITA10_HUMAN	4	1100	0
ITA11_HUMAN	6	550	0
ITA1_HUMAN	52	181	0
ITA2B_HUMAN	16	521	0
ITA2_HUMAN	130	80	0
ITA3_HUMAN	72	124	0
ITA4_HUMAN	520	43	0
ITA5_HUMAN	140	88	0
ITA6_HUMAN	170	68	0
ITA7_HUMAN	115	147	0
ITA8_HUMAN	71	328	0
ITA9_HUMAN	25	342	0
ITAD_HUMAN	45	290	0
ITAE_HUMAN	11	467	0
ITAL_HUMAN	17	400	0
ITAM_HUMAN	63	175	0
ITAV_HUMAN	169	78	0
ITAX_HUMAN	7	1893	0
ITB1_HUMAN	347	41	0
ITB2_HUMAN	64	149	0
ITB3_HUMAN	61	207	0
ITB4_HUMAN	133	80	0
ITB5_HUMAN	148	81	0
ITB6_HUMAN	11	495	0
ITB7_HUMAN	24	410	0
ITB8_HUMAN	44	151	0
ITBP1_HUMAN	29	306	0
ITBP2_HUMAN	22	524	0
ITCH_HUMAN	350	44	0
ITF2_HUMAN	363	86	0
ITFG2_HUMAN	27	530	0
ITFG3_HUMAN	145	127	0
ITGBL_HUMAN	2	1409	0
ITH5L_HUMAN	13	1536	0
ITIH1_HUMAN	20	518	0
ITIH2_HUMAN	94	122	0
ITIH3_HUMAN	31	204	0
ITIH4_HUMAN	31	189	0
ITIH5_HUMAN	11	531	0
ITIH6_HUMAN	9	2132	0
ITK_HUMAN	54	188	0
ITLN1_HUMAN	58	265	0
ITLN2_HUMAN	61	399	0
ITM2A_HUMAN	24	580	0
ITM2B_HUMAN	572	37	0
ITM2C_HUMAN	256	77	0
ITPA_HUMAN	95	127	0
ITPK1_HUMAN	28	207	0
ITPR1_HUMAN	138	78	0
ITPR2_HUMAN	139	74	0
ITPR3_HUMAN	235	64	0
ITSN1_HUMAN	269	64	0
ITSN2_HUMAN	157	92	0
IVD_HUMAN	82	152	0
IWS1_HUMAN	117	122	0
IYD1_HUMAN	9	785	0
IZUM1_HUMAN	31	671	0
IZUM4_HUMAN	1	5967	0
JADE1_HUMAN	70	146	0
JADE2_HUMAN	43	310	0
JADE3_HUMAN	51	272	0
JAG1_HUMAN	42	128	0
JAG2_HUMAN	115	130	0
JAGN1_HUMAN	161	120	0
JAK1_HUMAN	244	56	0
JAK2_HUMAN	153	80	0
JAK3_HUMAN	130	113	0
JAM1_HUMAN	55	213	0
JAM2_HUMAN	13	861	0
JAM3_HUMAN	30	258	0
JAML1_HUMAN	2	4761	0
JARD2_HUMAN	42	240	0
JAZF1_HUMAN	62	252	0
JCAD_HUMAN	38	240	0
JDP2_HUMAN	28	280	0
JERKL_HUMAN	10	656	0
JERKY_HUMAN	51	223	0
JHD1D_HUMAN,KDM7A_HUMAN	4	944	0
JHD2C_HUMAN	89	134	0
JIP1_HUMAN	49	216	0
JIP2_HUMAN	112	158	0
JIP3_HUMAN	66	172	0
JIP4_HUMAN	288	62	0
JKAMP_HUMAN	12	619	0
JKIP1_HUMAN	43	252	0
JKIP2_HUMAN	23	605	0
JKIP3_HUMAN	8	612	0
JMJD4_HUMAN	63	205	0
JMJD6_HUMAN	230	85	0
JMJD7_HUMAN	20	456	0
JMJD8_HUMAN	35	418	0
JMY_HUMAN	44	196	0
JOS1_HUMAN	47	241	0
JOS2_HUMAN	34	387	0
JPH1_HUMAN	244	66	0
JPH2_HUMAN	26	390	0
JPH3_HUMAN	56	346	0
JPH4_HUMAN	69	301	0
JSPR1_HUMAN	20	382	0
JTB_HUMAN	34	519	0
JUNB_HUMAN	109	150	0
JUND_HUMAN	68	198	0
JUN_HUMAN	1597	18	0
K0020_HUMAN,PUM3_HUMAN	255	93	0
K0040_HUMAN	5	1667	0
K0087_HUMAN	5	613	0
K0100_HUMAN	38	162	0
K0114_HUMAN	8	555	0
K0146_HUMAN,SPIDR_HUMAN	24	307	0
K0195_HUMAN,TMM94_HUMAN	34	406	0
K0232_HUMAN	105	159	0
K0240_HUMAN,GSC1L_HUMAN	44	211	0
K0247_HUMAN,SUSD6_HUMAN	16	390	0
K0284_HUMAN,C170B_HUMAN	78	155	0
K0317_HUMAN,AREL1_HUMAN	28	435	0
K0319_HUMAN	5	687	0
K0355_HUMAN	171	100	0
K0408_HUMAN	60	266	0
K0494_HUMAN,EFC14_HUMAN	9	537	0
K0495_HUMAN	1	1713	0
K0513_HUMAN	10	403	0
K0528_HUMAN,C2CD5_HUMAN	98	113	0
K0552_HUMAN	27	252	0
K0556_HUMAN	131	119	0
K0564_HUMAN,VWA8_HUMAN	360	63	0
K0586_HUMAN,TALD3_HUMAN	32	320	0
K0644_HUMAN	1	11207	0
K0664_HUMAN,CLU_HUMAN	149	111	0
K0748_HUMAN	15	488	0
K0753_HUMAN,MOONR_HUMAN	158	178	0
K0754_HUMAN	46	212	0
K0895_HUMAN	13	639	0
K0907_HUMAN	61	201	0
K0913_HUMAN,ZSWM8_HUMAN	80	171	0
K0930_HUMAN	34	364	0
K0947_HUMAN,ICE1_HUMAN	50	233	0
K1024_HUMAN	10	582	0
K1045_HUMAN,PHF24_HUMAN	6	2050	0
K1107_HUMAN	41	320	0
K1109_HUMAN	51	168	0
K1143_HUMAN	57	214	0
K1161_HUMAN	63	152	0
K1199_HUMAN,CEMIP_HUMAN	69	227	0
K1210_HUMAN	2	2866	0
K1211_HUMAN	40	177	0
K1239_HUMAN,NWD2_HUMAN	3	1410	0
K1257_HUMAN	2	3472	0
K1324_HUMAN	15	399	0
K1328_HUMAN	51	397	0
K132L_HUMAN	9	543	0
K1377_HUMAN,CE126_HUMAN	103	161	0
K1383_HUMAN,MAP10_HUMAN	28	528	0
K1407_HUMAN,CC191_HUMAN	9	413	0
K1430_HUMAN,CFA97_HUMAN	59	206	0
K1456_HUMAN	3	4298	0
K1467_HUMAN	77	182	0
K1468_HUMAN	67	137	0
K1486_HUMAN	15	407	0
K1522_HUMAN	125	109	0
K1529_HUMAN	1	1647	0
K1549_HUMAN	89	140	0
K1586_HUMAN	17	622	0
K1609_HUMAN,TLDC1_HUMAN	38	230	0
K1614_HUMAN	4	3023	0
K1644_HUMAN	60	270	0
K1671_HUMAN	204	94	0
K1683_HUMAN	69	205	0
K1688_HUMAN	111	114	0
K1704_HUMAN,GPAM1_HUMAN	48	292	0
K1731_HUMAN,CE295_HUMAN	49	163	0
K1737_HUMAN,CIPC_HUMAN	19	441	0
K1751_HUMAN	19	329	0
K1755_HUMAN	2	2235	0
K1841_HUMAN	15	540	0
K1875_HUMAN,WDR97_HUMAN	4	1597	0
K1958_HUMAN	21	382	0
K1967_HUMAN	381	52	0
K1984_HUMAN,CC183_HUMAN	45	358	0
K1C10_HUMAN	210	61	0
K1C12_HUMAN	21	454	0
K1C13_HUMAN	127	120	0
K1C14_HUMAN	206	61	0
K1C15_HUMAN	183	126	0
K1C16_HUMAN	213	71	0
K1C17_HUMAN	261	51	0
K1C18_HUMAN	422	44	0
K1C19_HUMAN	284	65	0
K1C20_HUMAN	63	291	0
K1C23_HUMAN	30	269	0
K1C24_HUMAN	66	207	0
K1C25_HUMAN	33	467	0
K1C26_HUMAN	35	561	0
K1C27_HUMAN	195	179	0
K1C28_HUMAN	29	594	0
K1C39_HUMAN	58	246	0
K1C40_HUMAN	430	89	0
K1C9_HUMAN	184	68	0
K1H1_HUMAN	462	75	0
K1H2_HUMAN	40	309	0
K2013_HUMAN	163	107	0
K2018_HUMAN	20	372	0
K2022_HUMAN	9	849	0
K2026_HUMAN	15	271	0
K220L_HUMAN	2	2699	0
K226L_HUMAN	11	1319	0
K22E_HUMAN	250	58	0
K22O_HUMAN	88	171	0
K2C1B_HUMAN	96	130	0
K2C1_HUMAN	254	52	0
K2C3_HUMAN	104	155	0
K2C4_HUMAN	86	137	0
K2C5_HUMAN	200	66	0
K2C6A_HUMAN	162	79	0
K2C6B_HUMAN	151	86	0
K2C6C_HUMAN	91	159	0
K2C71_HUMAN	48	279	0
K2C72_HUMAN	58	233	0
K2C73_HUMAN	57	184	0
K2C74_HUMAN	40	225	0
K2C75_HUMAN	192	114	0
K2C78_HUMAN	102	101	0
K2C79_HUMAN	64	225	0
K2C7_HUMAN	79	179	0
K2C80_HUMAN	72	145	0
K2C8_HUMAN	447	42	0
K319L_HUMAN	105	112	0
K6PF_HUMAN,PFKAM_HUMAN	174	75	0
K6PL_HUMAN,PFKAL_HUMAN	217	53	0
K6PP_HUMAN,PFKAP_HUMAN	294	43	0
K895L_HUMAN	3	565	0
KAAG1_HUMAN	4	3821	0
KAD1_HUMAN	71	157	0
KAD2_HUMAN	186	76	0
KAD3_HUMAN,KAD4_HUMAN	67	175	0
KAD4_HUMAN	187	107	0
KAD5_HUMAN	12	519	0
KAD6_HUMAN	144	113	0
KAD7_HUMAN	7	1210	0
KAD8_HUMAN	16	627	0
KAIN_HUMAN	30	337	0
KAISO_HUMAN	133	104	0
KAL1L_HUMAN	6	1140	0
KALM_HUMAN	153	177	0
KALRN_HUMAN	57	133	0
KANK1_HUMAN	47	151	0
KANK2_HUMAN	305	66	0
KANK3_HUMAN	6	490	0
KANK4_HUMAN	28	390	0
KANL1_HUMAN	99	163	0
KANL2_HUMAN	73	208	0
KANL3_HUMAN	95	167	0
KAP0_HUMAN	324	46	0
KAP1_HUMAN	159	101	0
KAP2_HUMAN	226	59	0
KAP3_HUMAN	145	110	0
KAPCA_HUMAN	452	39	0
KAPCB_HUMAN	274	53	0
KAPCG_HUMAN	108	132	0
KAT1_HUMAN	17	297	0
KAT2A_HUMAN	178	108	0
KAT2B_HUMAN	217	142	0
KAT3_HUMAN	52	185	0
KAT5_HUMAN	323	68	0
KAT6A_HUMAN	504	53	0
KAT6B_HUMAN	33	230	0
KAT7_HUMAN	135	129	0
KAT8_HUMAN	72	191	0
KATL1_HUMAN	51	143	0
KATL2_HUMAN	69	147	0
KAZD1_HUMAN	12	680	0
KAZRN_HUMAN	44	171	0
KBL_HUMAN	66	147	0
KBP_HUMAN	189	97	0
KBRS1_HUMAN	12	847	0
KBRS2_HUMAN	35	218	0
KBTB2_HUMAN	14	270	0
KBTB3_HUMAN	9	404	0
KBTB4_HUMAN	312	68	0
KBTB5_HUMAN,KLH40_HUMAN	53	360	0
KBTB6_HUMAN	110	201	0
KBTB7_HUMAN	253	100	0
KBTB8_HUMAN	20	449	0
KBTBA_HUMAN,KLH41_HUMAN	23	401	0
KBTBB_HUMAN	7	456	0
KBTBD_HUMAN	1	970	0
KC1AL_HUMAN	62	186	0
KC1A_HUMAN	524	33	0
KC1D_HUMAN	268	70	0
KC1E_HUMAN	522	34	0
KC1G1_HUMAN	44	184	0
KC1G2_HUMAN	111	112	0
KC1G3_HUMAN	141	98	0
KCA10_HUMAN	23	972	0
KCAB1_HUMAN	21	355	0
KCAB2_HUMAN	56	201	0
KCAB3_HUMAN	8	1262	0
KCC1A_HUMAN	162	81	0
KCC1B_HUMAN	2	2518	0
KCC1D_HUMAN	59	181	0
KCC1G_HUMAN	11	801	0
KCC2A_HUMAN	224	93	0
KCC2B_HUMAN	152	111	0
KCC2D_HUMAN	292	72	0
KCC2G_HUMAN	201	76	0
KCC4_HUMAN	55	200	0
KCD11_HUMAN	9	590	0
KCD12_HUMAN	149	89	0
KCD14_HUMAN	19	754	0
KCD15_HUMAN	71	137	0
KCD16_HUMAN	14	687	0
KCD17_HUMAN	145	136	0
KCD18_HUMAN	15	387	0
KCD19_HUMAN	8	963	0
KCD20_HUMAN	20	293	0
KCD21_HUMAN	38	326	0
KCE1L_HUMAN,KCNE5_HUMAN	6	2218	0
KCIP1_HUMAN	24	1232	0
KCIP2_HUMAN	13	820	0
KCIP4_HUMAN	23	1018	0
KCMA1_HUMAN	37	289	0
KCMB1_HUMAN	9	767	0
KCMB2_HUMAN	9	1291	0
KCMB3_HUMAN	52	685	0
KCMB4_HUMAN	7	1332	0
KCMF1_HUMAN	180	84	0
KCNA1_HUMAN	21	873	0
KCNA2_HUMAN	124	210	0
KCNA3_HUMAN	727	30	0
KCNA4_HUMAN	59	338	0
KCNA5_HUMAN	54	212	0
KCNA6_HUMAN	18	556	0
KCNA7_HUMAN	2	1540	0
KCNB1_HUMAN	22	740	0
KCNB2_HUMAN	52	280	0
KCNC1_HUMAN	18	1115	0
KCNC2_HUMAN	1	17046	0
KCNC3_HUMAN	28	509	0
KCNC4_HUMAN	37	304	0
KCND1_HUMAN	2	3299	0
KCND2_HUMAN	21	458	0
KCND3_HUMAN	38	230	0
KCNE1_HUMAN	21	1012	0
KCNE2_HUMAN	5	3263	0
KCNE3_HUMAN	320	82	0
KCNE4_HUMAN	35	420	0
KCNF1_HUMAN	21	720	0
KCNG1_HUMAN	20	463	0
KCNG2_HUMAN	1	15720	0
KCNG3_HUMAN	10	346	0
KCNG4_HUMAN	17	1200	0
KCNH1_HUMAN	15	380	0
KCNH2_HUMAN	47	183	0
KCNH3_HUMAN	2	1381	0
KCNH4_HUMAN	4	1230	0
KCNH5_HUMAN	7	533	0
KCNH7_HUMAN	6	696	0
KCNH8_HUMAN	3	844	0
KCNK1_HUMAN	79	175	0
KCNK3_HUMAN	11	711	0
KCNK4_HUMAN	8	1662	0
KCNK5_HUMAN	34	320	0
KCNK7_HUMAN	4	1042	0
KCNK9_HUMAN	8	782	0
KCNKC_HUMAN	1	9640	0
KCNKD_HUMAN	1	1797	0
KCNKF_HUMAN	7	869	0
KCNKG_HUMAN	43	473	0
KCNKH_HUMAN	1	8490	0
KCNKI_HUMAN	29	928	0
KCNN1_HUMAN	6	828	0
KCNN2_HUMAN	6	769	0
KCNN3_HUMAN	9	721	0
KCNN4_HUMAN	70	217	0
KCNQ1_HUMAN	21	396	0
KCNQ2_HUMAN	17	427	0
KCNQ3_HUMAN	36	443	0
KCNQ4_HUMAN	6	567	0
KCNQ5_HUMAN	32	257	0
KCNRG_HUMAN	153	101	0
KCNS1_HUMAN	1	8446	0
KCNS2_HUMAN	6	1843	0
KCNS3_HUMAN	36	552	0
KCNT1_HUMAN	1	5311	0
KCNT2_HUMAN	30	1541	0
KCNV1_HUMAN	5	684	0
KCNV2_HUMAN	11	340	0
KCP3_HUMAN	34	722	0
KCP_HUMAN	1	2069	0
KCRB_HUMAN	285	66	0
KCRM_HUMAN	54	284	0
KCRS_HUMAN	55	310	0
KCRU_HUMAN	166	100	0
KCT2_HUMAN	24	388	0
KCTD1_HUMAN	37	254	0
KCTD2_HUMAN	59	196	0
KCTD3_HUMAN	171	107	0
KCTD4_HUMAN	10	1275	0
KCTD5_HUMAN	113	105	0
KCTD6_HUMAN	72	227	0
KCTD7_HUMAN	79	137	0
KCTD8_HUMAN	16	342	0
KCTD9_HUMAN	230	60	0
KCY_HUMAN	119	96	0
KDEL1_HUMAN	68	172	0
KDEL2_HUMAN	80	109	0
KDIS_HUMAN	229	67	0
KDM1A_HUMAN	804	39	0
KDM1B_HUMAN	57	242	0
KDM2A_HUMAN	93	116	0
KDM2B_HUMAN	155	112	0
KDM3A_HUMAN	60	195	0
KDM3B_HUMAN	100	108	0
KDM4A_HUMAN	65	151	0
KDM4B_HUMAN	68	146	0
KDM4C_HUMAN	65	169	0
KDM4D_HUMAN	41	250	0
KDM5A_HUMAN	76	125	0
KDM5B_HUMAN	106	130	0
KDM5C_HUMAN	138	102	0
KDM5D_HUMAN	10	674	0
KDM6A_HUMAN	162	122	0
KDM6B_HUMAN	118	135	0
KDM8_HUMAN	28	516	0
KDSR_HUMAN	120	142	0
KEAP1_HUMAN	315	45	0
KELL_HUMAN	16	393	0
KERA_HUMAN	17	787	0
KGP1_HUMAN	43	330	0
KGP2_HUMAN	12	749	0
KGUA_HUMAN	56	224	0
KHDC1_HUMAN	16	924	0
KHDR1_HUMAN	380	41	0
KHDR2_HUMAN	134	126	0
KHDR3_HUMAN	102	140	0
KHK_HUMAN	27	536	0
KHNYN_HUMAN	22	354	0
KI13A_HUMAN	42	160	0
KI13B_HUMAN	144	109	0
KI16B_HUMAN	80	114	0
KI18A_HUMAN	48	203	0
KI18B_HUMAN	64	161	0
KI20A_HUMAN	1045	24	0
KI20B_HUMAN	94	117	0
KI21A_HUMAN	122	99	0
KI21B_HUMAN	56	154	0
KI26A_HUMAN	16	269	0
KI26B_HUMAN	48	205	0
KI2L1_HUMAN	45	638	0
KI2L2_HUMAN	26	1426	0
KI2L3_HUMAN	78	431	0
KI2L4_HUMAN	94	189	0
KI2LA_HUMAN	1	6712	0
KI2S1_HUMAN	10	2867	0
KI2S2_HUMAN	35	889	0
KI2S3_HUMAN	21	1008	0
KI2S4_HUMAN	17	2454	0
KI2S5_HUMAN	22	644	0
KI3L1_HUMAN	17	1908	0
KI3L2_HUMAN	25	903	0
KI3L3_HUMAN	27	1181	0
KI3S1_HUMAN	43	765	0
KI3X1_HUMAN	2	2186	0
KI67_HUMAN	670	38	0
KIBRA_HUMAN	109	122	0
KIF11_HUMAN	267	64	0
KIF12_HUMAN	5	551	0
KIF14_HUMAN	1795	15	0
KIF15_HUMAN	94	129	0
KIF17_HUMAN	24	617	0
KIF19_HUMAN	7	1652	0
KIF1A_HUMAN	106	109	0
KIF1B_HUMAN	175	90	0
KIF1C_HUMAN	133	123	0
KIF22_HUMAN	128	101	0
KIF23_HUMAN	1022	27	0
KIF24_HUMAN	39	247	0
KIF25_HUMAN	2	1005	0
KIF27_HUMAN	16	475	0
KIF2A_HUMAN	239	62	0
KIF2B_HUMAN	51	410	0
KIF2C_HUMAN	180	69	0
KIF3A_HUMAN	137	109	0
KIF3B_HUMAN	57	143	0
KIF3C_HUMAN	24	346	0
KIF4A_HUMAN	110	105	0
KIF4B_HUMAN	18	309	0
KIF5A_HUMAN	91	136	0
KIF5C_HUMAN	91	120	0
KIF6_HUMAN	7	2030	0
KIF7_HUMAN	153	128	0
KIF9_HUMAN	69	196	0
KIFA3_HUMAN	110	125	0
KIFC1_HUMAN	109	129	0
KIFC2_HUMAN	15	448	0
KIFC3_HUMAN	247	114	0
KILIN_HUMAN	2	1547	0
KIME_HUMAN	59	170	0
KIN17_HUMAN	69	186	0
KINH_HUMAN	365	44	0
KIRR1_HUMAN	147	97	0
KIRR2_HUMAN	14	611	0
KIRR3_HUMAN	13	539	0
KISHA_HUMAN	8	423	0
KISHB_HUMAN	36	829	0
KISS1_HUMAN	11	661	0
KISSR_HUMAN	19	448	0
KITH_HUMAN	237	64	0
KITM_HUMAN	12	1122	0
KIT_HUMAN	106	198	0
KIZ_HUMAN	34	384	0
KKCC1_HUMAN	43	210	0
KKCC2_HUMAN	65	187	0
KLC1_HUMAN	268	59	0
KLC2_HUMAN	177	86	0
KLC3_HUMAN	111	156	0
KLC4_HUMAN	126	87	0
KLD10_HUMAN	53	229	0
KLD7B_HUMAN	26	549	0
KLD8A_HUMAN	17	838	0
KLD8B_HUMAN	12	1058	0
KLDC1_HUMAN	3	2132	0
KLDC2_HUMAN	85	206	0
KLDC3_HUMAN	91	169	0
KLDC4_HUMAN	33	162	0
KLDC5_HUMAN,KLH42_HUMAN	93	189	0
KLDC6_HUMAN	2	3265	0
KLDC9_HUMAN	8	1513	0
KLF10_HUMAN	44	266	0
KLF11_HUMAN	19	363	0
KLF12_HUMAN	188	129	0
KLF13_HUMAN	17	283	0
KLF15_HUMAN	278	115	0
KLF16_HUMAN	425	75	0
KLF17_HUMAN	2	6948	0
KLF1_HUMAN	35	379	0
KLF2_HUMAN	11	427	0
KLF3_HUMAN	226	119	0
KLF4_HUMAN	160	134	0
KLF5_HUMAN	187	114	0
KLF6_HUMAN	85	280	0
KLF7_HUMAN	5	690	0
KLF8_HUMAN	324	99	0
KLF9_HUMAN	92	247	0
KLH10_HUMAN	51	259	0
KLH11_HUMAN	79	169	0
KLH12_HUMAN	140	113	0
KLH13_HUMAN	110	145	0
KLH14_HUMAN	65	280	0
KLH15_HUMAN	103	140	0
KLH17_HUMAN	14	499	0
KLH18_HUMAN	40	226	0
KLH20_HUMAN	226	101	0
KLH21_HUMAN	56	236	0
KLH22_HUMAN	556	46	0
KLH23_HUMAN	35	240	0
KLH24_HUMAN	67	196	0
KLH26_HUMAN	90	163	0
KLH28_HUMAN	24	368	0
KLH29_HUMAN	24	372	0
KLH30_HUMAN	1	6627	0
KLH31_HUMAN	1	2736	0
KLH32_HUMAN	11	847	0
KLH33_HUMAN	25	401	0
KLH34_HUMAN	61	223	0
KLH35_HUMAN	11	1928	0
KLH36_HUMAN	40	242	0
KLH38_HUMAN	91	245	0
KLHL1_HUMAN	16	479	0
KLHL2_HUMAN	92	200	0
KLHL3_HUMAN	31	261	0
KLHL4_HUMAN	34	289	0
KLHL5_HUMAN	18	452	0
KLHL6_HUMAN	30	257	0
KLHL7_HUMAN	49	235	0
KLHL8_HUMAN	79	187	0
KLHL9_HUMAN	99	169	0
KLK10_HUMAN	185	156	0
KLK11_HUMAN	32	539	0
KLK12_HUMAN	9	2326	0
KLK13_HUMAN	10	812	0
KLK14_HUMAN	9	1018	0
KLK15_HUMAN	160	160	0
KLK1_HUMAN	51	402	0
KLK2_HUMAN	112	230	0
KLK3_HUMAN	49	292	0
KLK4_HUMAN	9	936	0
KLK5_HUMAN	130	167	0
KLK6_HUMAN	44	360	0
KLK7_HUMAN	79	192	0
KLK8_HUMAN	36	676	0
KLK9_HUMAN	20	376	0
KLKB1_HUMAN	11	1413	0
KLOTB_HUMAN	12	522	0
KLOT_HUMAN	5	1090	0
KLRB1_HUMAN	55	431	0
KLRD1_HUMAN	108	239	0
KLRF1_HUMAN	7	1457	0
KLRF2_HUMAN	1	18119	0
KLRG1_HUMAN	7	2807	0
KLRG2_HUMAN	114	194	0
KMCP1_HUMAN	41	392	0
KMO_HUMAN	7	1571	0
KNG1_HUMAN	53	258	0
KNTC1_HUMAN	114	112	0
KPB1_HUMAN	46	168	0
KPB2_HUMAN	71	165	0
KPBB_HUMAN	65	134	0
KPCA_HUMAN	261	65	0
KPCB_HUMAN	190	93	0
KPCD1_HUMAN	179	86	0
KPCD2_HUMAN	268	67	0
KPCD3_HUMAN	48	162	0
KPCD_HUMAN	222	57	0
KPCE_HUMAN	131	91	0
KPCG_HUMAN	58	179	0
KPCI_HUMAN	305	51	0
KPCL_HUMAN	26	277	0
KPCT_HUMAN	52	175	0
KPCZ_HUMAN	366	58	0
KPRA_HUMAN	109	94	0
KPRB_HUMAN	109	99	0
KPRP_HUMAN	301	66	0
KPSH1_HUMAN	61	306	0
KPSH2_HUMAN	64	263	0
KPTN_HUMAN	56	319	0
KPYM_HUMAN	645	31	0
KPYR_HUMAN	53	250	0
KR101_HUMAN	149	333	0
KR103_HUMAN	289	136	0
KR104_HUMAN	11	2413	0
KR105_HUMAN	158	366	0
KR106_HUMAN	87	589	0
KR107_HUMAN	291	147	0
KR108_HUMAN	400	107	0
KR109_HUMAN	240	145	0
KR10A_HUMAN	25	1644	0
KR10B_HUMAN	62	863	0
KR111_HUMAN	111	310	0
KR121_HUMAN	61	624	0
KR122_HUMAN	123	277	0
KR123_HUMAN	145	302	0
KR124_HUMAN	49	763	0
KR131_HUMAN	43	564	0
KR132_HUMAN	99	334	0
KR133_HUMAN	83	282	0
KR134_HUMAN	8	1647	0
KR151_HUMAN	84	331	0
KR171_HUMAN	47	865	0
KR191_HUMAN	43	623	0
KR192_HUMAN	46	590	0
KR193_HUMAN	17	668	0
KR194_HUMAN	10	1688	0
KR195_HUMAN	96	295	0
KR196_HUMAN	78	423	0
KR197_HUMAN	115	281	0
KR212_HUMAN	30	920	0
KR221_HUMAN	14	1293	0
KR231_HUMAN	8	2164	0
KR261_HUMAN	94	308	0
KR411_HUMAN	89	503	0
KR412_HUMAN	159	209	0
KR41X_HUMAN	14	1640	0
KR511_HUMAN	63	909	0
KRA11_HUMAN	219	174	0
KRA13_HUMAN	186	172	0
KRA15_HUMAN	48	973	0
KRA22_HUMAN	2	2493	0
KRA23_HUMAN	9	1843	0
KRA24_HUMAN	98	431	0
KRA31_HUMAN	86	320	0
KRA32_HUMAN	77	328	0
KRA33_HUMAN	81	372	0
KRA41_HUMAN	29	1154	0
KRA42_HUMAN	128	300	0
KRA44_HUMAN	78	809	0
KRA45_HUMAN	72	656	0
KRA47_HUMAN	12	1699	0
KRA51_HUMAN	12	3327	0
KRA52_HUMAN	60	891	0
KRA53_HUMAN	64	745	0
KRA54_HUMAN	62	783	0
KRA56_HUMAN	94	737	0
KRA57_HUMAN	70	659	0
KRA58_HUMAN	6	7595	0
KRA59_HUMAN	198	169	0
KRA61_HUMAN	101	270	0
KRA62_HUMAN	185	190	0
KRA63_HUMAN	161	218	0
KRA71_HUMAN	37	533	0
KRA81_HUMAN	78	373	0
KRA92_HUMAN	145	273	0
KRA93_HUMAN	138	283	0
KRA94_HUMAN	30	682	0
KRA98_HUMAN	97	331	0
KRA99_HUMAN	1	2263	0
KRBA1_HUMAN	58	258	0
KRBA2_HUMAN	9	470	0
KRCC1_HUMAN	9	364	0
KREM1_HUMAN	3	2310	0
KREM2_HUMAN	28	599	0
KRI1_HUMAN	238	89	0
KRIP1_HUMAN	1	1454	0
KRIT1_HUMAN	43	237	0
KRR1_HUMAN	417	64	0
KRT34_HUMAN	289	95	0
KRT35_HUMAN	113	176	0
KRT36_HUMAN	73	246	0
KRT37_HUMAN	105	175	0
KRT38_HUMAN	172	150	0
KRT81_HUMAN	53	309	0
KRT82_HUMAN	42	281	0
KRT83_HUMAN	72	279	0
KRT84_HUMAN	52	293	0
KRT85_HUMAN	73	179	0
KRT86_HUMAN	85	164	0
KS6A1_HUMAN	311	49	0
KS6A2_HUMAN	188	74	0
KS6A3_HUMAN	192	70	0
KS6A4_HUMAN	101	133	0
KS6A5_HUMAN	112	115	0
KS6A6_HUMAN	68	209	0
KS6B1_HUMAN	115	78	0
KS6B2_HUMAN	256	63	0
KS6C1_HUMAN	31	221	0
KSR1_HUMAN	461	45	0
KSR2_HUMAN	145	101	0
KSYK_HUMAN	224	93	0
KT222_HUMAN	37	350	0
KT33A_HUMAN	21	340	0
KT33B_HUMAN	104	136	0
KT3K_HUMAN	63	137	0
KTAP2_HUMAN	74	217	0
KTEL1_HUMAN	106	155	0
KTHY_HUMAN	53	156	0
KTI12_HUMAN	31	296	0
KTN1_HUMAN	355	33	0
KTNA1_HUMAN	82	145	0
KTNB1_HUMAN	82	147	0
KTU_HUMAN	100	148	0
KV110_HUMAN	16	452	0
KV401_HUMAN	22	258	0
KXDL1_HUMAN	186	137	0
KYNU_HUMAN	68	229	0
KY_HUMAN	3	1612	0
L10K_HUMAN	29	267	0
L12R1_HUMAN	45	389	0
L1CAM_HUMAN	66	132	0
L2GL1_HUMAN	160	76	0
L2GL2_HUMAN	144	111	0
L2HDH_HUMAN	62	138	0
L37A1_HUMAN	2	925	0
L37A2_HUMAN	8	690	0
L37A3_HUMAN	2	1532	0
L37A4_HUMAN	1	1289	0
L3R2A_HUMAN	2	1184	0
L9056_HUMAN	10	672	0
LACB2_HUMAN	83	213	0
LACC1_HUMAN	55	272	0
LACE1_HUMAN	21	494	0
LACRT_HUMAN	97	161	0
LACTB_HUMAN	215	69	0
LAD1_HUMAN	59	170	0
LAG3_HUMAN	16	950	0
LAGE3_HUMAN	139	110	0
LAIR1_HUMAN	6	1764	0
LAIR2_HUMAN	63	316	0
LALBA_HUMAN	3	3401	0
LAMA1_HUMAN	57	191	0
LAMA2_HUMAN	23	285	0
LAMA3_HUMAN	58	165	0
LAMA4_HUMAN	45	163	0
LAMA5_HUMAN	122	93	0
LAMB1_HUMAN	147	77	0
LAMB2_HUMAN	132	91	0
LAMB3_HUMAN	103	102	0
LAMB4_HUMAN	4	2567	0
LAMC1_HUMAN	149	63	0
LAMC2_HUMAN	36	205	0
LAMC3_HUMAN	41	262	0
LAMP1_HUMAN	641	35	0
LAMP2_HUMAN	595	37	0
LAMP3_HUMAN	484	58	0
LAMP5_HUMAN	8	2433	0
LANC1_HUMAN	126	68	0
LANC2_HUMAN	92	126	0
LANC3_HUMAN	2	3825	0
LAP2A_HUMAN	760	24	0
LAP2B_HUMAN	65	193	0
LAP2_HUMAN	216	76	0
LAP4A_HUMAN	42	238	0
LAP4B_HUMAN	61	325	0
LAPM5_HUMAN	62	251	0
LAR1B_HUMAN	145	132	0
LAR4B_HUMAN	249	92	0
LARG2_HUMAN	51	396	0
LARGE_HUMAN	26	808	0
LARP1_HUMAN	573	43	0
LARP4_HUMAN	227	85	0
LARP6_HUMAN	7	1713	0
LARP7_HUMAN	1023	25	0
LAS1L_HUMAN	189	110	0
LAS2_HUMAN	11	669	0
LASP1_HUMAN	242	56	0
LAT1_HUMAN	229	59	0
LAT2_HUMAN	74	432	0
LAT3_HUMAN	40	328	0
LAT4_HUMAN	65	207	0
LATS1_HUMAN	429	47	0
LATS2_HUMAN	281	64	0
LAT_HUMAN	112	161	0
LAX1_HUMAN	9	1179	0
LAYN_HUMAN	9	1471	0
LA_HUMAN	478	43	0
LBH_HUMAN	22	744	0
LBN_HUMAN	87	184	0
LBP_HUMAN	19	559	0
LBR_HUMAN	317	52	0
LBX1_HUMAN	26	853	0
LBX2_HUMAN	7	854	0
LC1L1_HUMAN	4	3402	0
LC7L2_HUMAN	394	46	0
LC7L3_HUMAN	197	77	0
LCA5L_HUMAN	35	281	0
LCA5_HUMAN	124	189	0
LCAP_HUMAN	229	72	0
LCAT_HUMAN	5	2491	0
LCE1A_HUMAN	81	765	0
LCE1B_HUMAN	80	515	0
LCE1C_HUMAN	75	437	0
LCE1D_HUMAN	67	494	0
LCE1E_HUMAN	65	646	0
LCE1F_HUMAN	88	481	0
LCE2A_HUMAN	64	1317	0
LCE2B_HUMAN	79	337	0
LCE2C_HUMAN	89	447	0
LCE2D_HUMAN	70	508	0
LCE3A_HUMAN	75	728	0
LCE3B_HUMAN	45	851	0
LCE3C_HUMAN	64	883	0
LCE3D_HUMAN	70	638	0
LCE3E_HUMAN	57	737	0
LCE4A_HUMAN	78	571	0
LCE5A_HUMAN	86	489	0
LCHN_HUMAN	24	369	0
LCK_HUMAN	413	45	0
LCLT1_HUMAN	102	114	0
LCMT1_HUMAN	29	219	0
LCMT2_HUMAN,TYW4_HUMAN	30	274	0
LCN10_HUMAN	1	3664	0
LCN12_HUMAN	3	622	0
LCN15_HUMAN	12	1634	0
LCN1_HUMAN	106	139	0
LCN6_HUMAN	125	230	0
LCN8_HUMAN	8	2908	0
LCN9_HUMAN	26	1515	0
LCNL1_HUMAN	2	9960	0
LCORL_HUMAN	11	700	0
LCOR_HUMAN	226	82	0
LCP2_HUMAN	49	212	0
LCTL_HUMAN	30	419	0
LDB1_HUMAN	121	137	0
LDB2_HUMAN	32	469	0
LDB3_HUMAN	26	308	0
LDH6A_HUMAN	44	198	0
LDH6B_HUMAN	49	278	0
LDHA_HUMAN	396	50	0
LDHB_HUMAN	335	57	0
LDHC_HUMAN	42	280	0
LDHD_HUMAN	48	380	0
LDLR_HUMAN	155	83	0
LDOC1_HUMAN	112	242	0
LDOCL_HUMAN	13	491	0
LEAP2_HUMAN	10	1568	0
LECT1_HUMAN	7	822	0
LECT2_HUMAN	32	487	0
LEF1_HUMAN	67	221	0
LEG12_HUMAN	14	607	0
LEG1_HUMAN	386	39	0
LEG2_HUMAN	10	527	0
LEG3_HUMAN	422	45	0
LEG4_HUMAN	25	417	0
LEG7_HUMAN	202	74	0
LEG8_HUMAN	188	88	0
LEG9B_HUMAN	45	508	0
LEG9C_HUMAN	34	564	0
LEG9_HUMAN	618	31	0
LEGL_HUMAN	27	266	0
LEKR1_HUMAN	5	762	0
LELP1_HUMAN	16	2364	0
LEMD1_HUMAN	14	815	0
LEMD2_HUMAN	123	99	0
LENEP_HUMAN	10	1283	0
LENG1_HUMAN	119	158	0
LENG8_HUMAN	172	113	0
LENG9_HUMAN	6	527	0
LEO1_HUMAN	137	119	0
LEPR_HUMAN	40	329	0
LEP_HUMAN	19	509	0
LERL1_HUMAN	81	263	0
LETM1_HUMAN	259	61	0
LETM2_HUMAN	78	183	0
LEU1_HUMAN	22	369	0
LEU2_HUMAN	4	744	0
LEU7_HUMAN	1	6651	0
LEUK_HUMAN	57	212	0
LEUTX_HUMAN	46	868	0
LFA3_HUMAN	28	227	0
LFG1_HUMAN	13	1642	0
LFG2_HUMAN	10	953	0
LFG3_HUMAN	28	294	0
LFG4_HUMAN	36	317	0
LFNG_HUMAN	14	606	0
LFTY1_HUMAN	3	2763	0
LFTY2_HUMAN	5	1625	0
LG3BP_HUMAN	390	37	0
LGAT1_HUMAN	74	108	0
LGI1_HUMAN	54	337	0
LGI2_HUMAN	5	1370	0
LGI3_HUMAN	2	1536	0
LGMN_HUMAN	50	167	0
LGR4_HUMAN	264	62	0
LGR5_HUMAN	14	508	0
LGR6_HUMAN	3	1080	0
LGSN_HUMAN	4	1367	0
LGUL_HUMAN	107	122	0
LHFP_HUMAN	6	2266	0
LHPL1_HUMAN	12	1619	0
LHPL2_HUMAN	38	630	0
LHPL3_HUMAN	3	9203	0
LHPL4_HUMAN	31	658	0
LHX1_HUMAN	98	295	0
LHX2_HUMAN	176	202	0
LHX3_HUMAN	178	239	0
LHX4_HUMAN	165	191	0
LHX6_HUMAN	56	426	0
LHX8_HUMAN	51	439	0
LHX9_HUMAN	13	702	0
LIAS_HUMAN	21	607	0
LICH_HUMAN	42	179	0
LIFR_HUMAN	47	192	0
LIF_HUMAN	8	2048	0
LIGO1_HUMAN	61	182	0
LIGO2_HUMAN	16	964	0
LIGO4_HUMAN	2	2835	0
LIM3L_HUMAN	10	3140	0
LIMA1_HUMAN	450	40	0
LIMC1_HUMAN	105	104	0
LIMD1_HUMAN	127	122	0
LIMD2_HUMAN	12	412	0
LIME1_HUMAN	61	186	0
LIMK1_HUMAN	89	141	0
LIMK2_HUMAN	85	129	0
LIMS1_HUMAN	97	107	0
LIMS2_HUMAN	21	419	0
LIMS3_HUMAN	12	439	0
LIN37_HUMAN	102	203	0
LIN41_HUMAN	63	238	0
LIN52_HUMAN	48	297	0
LIN54_HUMAN	112	141	0
LIN7A_HUMAN	62	214	0
LIN7B_HUMAN	46	330	0
LIN7C_HUMAN	119	101	0
LIN9_HUMAN	116	195	0
LINES_HUMAN	5	899	0
LIPA1_HUMAN	217	63	0
LIPA2_HUMAN	35	182	0
LIPA3_HUMAN	44	194	0
LIPA4_HUMAN	11	491	0
LIPB1_HUMAN	188	69	0
LIPB2_HUMAN	44	173	0
LIPB_HUMAN	2	2996	0
LIPC_HUMAN	8	2532	0
LIPE_HUMAN	66	315	0
LIPG_HUMAN	12	1161	0
LIPH_HUMAN	56	368	0
LIPI_HUMAN	2	3714	0
LIPK_HUMAN	7	2143	0
LIPL_HUMAN	39	209	0
LIPM_HUMAN	1	9643	0
LIPP_HUMAN	13	1120	0
LIPR1_HUMAN	55	459	0
LIPR2_HUMAN	18	763	0
LIPS_HUMAN	16	549	0
LIPT2_HUMAN	1	9231	0
LIPT_HUMAN	17	917	0
LIRA1_HUMAN	1	17035	0
LIRA3_HUMAN	10	1078	0
LIRA4_HUMAN	1	8698	0
LIRA5_HUMAN	31	406	0
LIRA6_HUMAN	2	15109	0
LIRB1_HUMAN	25	564	0
LIRB2_HUMAN	26	632	0
LIRB3_HUMAN	16	761	0
LIRB4_HUMAN	37	531	0
LIRB5_HUMAN	2	3595	0
LIS1_HUMAN	223	77	0
LITAF_HUMAN	77	137	0
LITD1_HUMAN	332	73	0
LITFL_HUMAN	16	421	0
LIX1L_HUMAN	14	382	0
LIX1_HUMAN	5	3612	0
LKHA4_HUMAN	74	119	0
LLPH_HUMAN	145	171	0
LLR1_HUMAN	39	254	0
LMA1L_HUMAN	9	978	0
LMA2L_HUMAN	117	133	0
LMAN1_HUMAN	453	37	0
LMAN2_HUMAN	135	79	0
LMBD1_HUMAN	24	511	0
LMBD2_HUMAN	83	178	0
LMBL1_HUMAN	112	168	0
LMBL2_HUMAN	214	120	0
LMBL3_HUMAN	126	144	0
LMBL4_HUMAN	21	619	0
LMBR1_HUMAN	89	223	0
LMBRL_HUMAN	942	22	0
LMCD1_HUMAN	43	290	0
LMF1_HUMAN	52	538	0
LMF2_HUMAN	125	97	0
LMIP_HUMAN	1	4935	0
LMLN_HUMAN	32	277	0
LMNA_HUMAN	1261	17	0
LMNB1_HUMAN	620	35	0
LMNB2_HUMAN	238	52	0
LMO3_HUMAN	147	141	0
LMO4_HUMAN	159	139	0
LMO7_HUMAN	191	66	0
LMOD1_HUMAN	9	534	0
LMOD2_HUMAN	2	1477	0
LMOD3_HUMAN	6	1538	0
LMTK1_HUMAN	193	107	0
LMTK2_HUMAN	123	118	0
LMTK3_HUMAN	96	177	0
LMX1A_HUMAN	4	1782	0
LMX1B_HUMAN	33	319	0
LN28A_HUMAN	752	53	0
LN28B_HUMAN	200	168	0
LNP1_HUMAN	24	408	0
LNP_HUMAN	318	67	0
LNX1_HUMAN	560	47	0
LNX2_HUMAN	118	125	0
LONF1_HUMAN	114	189	0
LONF2_HUMAN	28	461	0
LONF3_HUMAN	21	266	0
LONM_HUMAN	489	48	0
LONP2_HUMAN	65	144	0
LORI_HUMAN	34	221	0
LOX12_HUMAN	10	637	0
LOX15_HUMAN	12	743	0
LOX5_HUMAN	78	236	0
LOXE3_HUMAN	51	257	0
LOXH1_HUMAN	6	1151	0
LOXL1_HUMAN	20	469	0
LOXL2_HUMAN	434	51	0
LOXL3_HUMAN	29	396	0
LOXL4_HUMAN	103	133	0
LPAL2_HUMAN	1	5188	0
LPAR1_HUMAN	517	70	0
LPAR2_HUMAN	118	197	0
LPAR3_HUMAN	66	318	0
LPAR4_HUMAN	36	386	0
LPAR5_HUMAN	3	1538	0
LPAR6_HUMAN	66	395	0
LPCT4_HUMAN	54	167	0
LPD6B_HUMAN	36	558	0
LPHN1_HUMAN,AGRL1_HUMAN	94	108	0
LPHN2_HUMAN,AGRL2_HUMAN	114	129	0
LPHN3_HUMAN,AGRL3_HUMAN	32	454	0
LPH_HUMAN	6	418	0
LPIN1_HUMAN	36	183	0
LPIN2_HUMAN	26	271	0
LPIN3_HUMAN	74	222	0
LPP1_HUMAN,PLPP1_HUMAN	21	625	0
LPP2_HUMAN,PLPP2_HUMAN	22	396	0
LPP3_HUMAN,PLPP3_HUMAN	43	260	0
LPP60_HUMAN	14	1512	0
LPPR1_HUMAN	20	878	0
LPPR2_HUMAN	69	350	0
LPPR3_HUMAN	21	388	0
LPPR4_HUMAN,PLPR4_HUMAN	14	419	0
LPPR5_HUMAN,PLPR5_HUMAN	1	3462	0
LPPRC_HUMAN	781	31	0
LPP_HUMAN	123	74	0
LPXN_HUMAN	84	208	0
LR10L_HUMAN	3	1221	0
LR14B_HUMAN	3	912	0
LR16A_HUMAN	87	134	0
LR16B_HUMAN	1	3437	0
LR16C_HUMAN	25	307	0
LR2BP_HUMAN	28	515	0
LR37B_HUMAN	7	472	0
LRAD1_HUMAN	217	162	0
LRAD2_HUMAN	1	970	0
LRAD3_HUMAN	6	463	0
LRAT_HUMAN	6	3288	0
LRBA_HUMAN	193	59	0
LRC10_HUMAN	36	458	0
LRC14_HUMAN	23	269	0
LRC15_HUMAN	161	148	0
LRC17_HUMAN	20	669	0
LRC18_HUMAN	6	529	0
LRC19_HUMAN	1	3650	0
LRC20_HUMAN	24	395	0
LRC23_HUMAN	13	1151	0
LRC24_HUMAN	15	924	0
LRC25_HUMAN	183	104	0
LRC26_HUMAN	1	12281	0
LRC27_HUMAN	30	342	0
LRC28_HUMAN	12	525	0
LRC29_HUMAN	29	457	0
LRC30_HUMAN	1	2419	0
LRC31_HUMAN	206	100	0
LRC32_HUMAN	54	294	0
LRC33_HUMAN,NRROS_HUMAN	25	445	0
LRC34_HUMAN	3	2402	0
LRC36_HUMAN	13	562	0
LRC39_HUMAN	15	929	0
LRC3B_HUMAN	13	1672	0
LRC40_HUMAN	95	117	0
LRC41_HUMAN	86	117	0
LRC42_HUMAN	20	331	0
LRC43_HUMAN	2	2962	0
LRC45_HUMAN	20	1066	0
LRC46_HUMAN	48	344	0
LRC47_HUMAN	130	102	0
LRC48_HUMAN,DRC3_HUMAN	22	460	0
LRC49_HUMAN	106	138	0
LRC4B_HUMAN	24	265	0
LRC4C_HUMAN	83	223	0
LRC51_HUMAN	4	861	0
LRC52_HUMAN	28	663	0
LRC53_HUMAN	3	1785	0
LRC55_HUMAN	64	729	0
LRC56_HUMAN	12	467	0
LRC57_HUMAN	37	222	0
LRC58_HUMAN	8	905	0
LRC59_HUMAN	874	20	0
LRC61_HUMAN	44	304	0
LRC63_HUMAN	1	2283	0
LRC66_HUMAN	3	1188	0
LRC69_HUMAN	1	5336	0
LRC71_HUMAN	2	2492	0
LRC73_HUMAN	42	328	0
LRC8A_HUMAN	101	112	0
LRC8B_HUMAN	36	295	0
LRC8C_HUMAN	35	251	0
LRC8D_HUMAN	34	310	0
LRC8E_HUMAN	105	121	0
LRCC1_HUMAN	34	399	0
LRCH1_HUMAN	70	114	0
LRCH2_HUMAN	71	151	0
LRCH3_HUMAN	116	100	0
LRCH4_HUMAN	42	195	0
LRFN1_HUMAN	137	164	0
LRFN2_HUMAN	11	412	0
LRFN3_HUMAN	62	381	0
LRFN4_HUMAN	93	129	0
LRFN5_HUMAN	5	1835	0
LRGUK_HUMAN	2	833	0
LRIF1_HUMAN	255	75	0
LRIG1_HUMAN	67	171	0
LRIG2_HUMAN	66	248	0
LRIG3_HUMAN	61	214	0
LRIQ1_HUMAN	45	212	0
LRIQ3_HUMAN	8	662	0
LRIQ4_HUMAN	5	656	0
LRIT3_HUMAN	4	2245	0
LRMP_HUMAN	11	643	0
LRN4L_HUMAN	62	219	0
LRP10_HUMAN	140	168	0
LRP11_HUMAN	46	359	0
LRP12_HUMAN	79	223	0
LRP1B_HUMAN	72	150	0
LRP1_HUMAN	184	63	0
LRP2_HUMAN	152	119	0
LRP3_HUMAN	51	372	0
LRP4_HUMAN	85	170	0
LRP5L_HUMAN	3	1013	0
LRP5_HUMAN	112	171	0
LRP6_HUMAN	150	105	0
LRP8_HUMAN	85	124	0
LRR70_HUMAN	3	1515	0
LRRC1_HUMAN	103	117	0
LRRC2_HUMAN	3	2513	0
LRRC3_HUMAN	18	1565	0
LRRC4_HUMAN	20	587	0
LRRC6_HUMAN	18	795	0
LRRC7_HUMAN	37	216	0
LRRC9_HUMAN	5	408	0
LRRD1_HUMAN	1	4214	0
LRRF1_HUMAN	164	89	0
LRRF2_HUMAN	129	95	0
LRRK1_HUMAN	103	140	0
LRRK2_HUMAN	1614	18	0
LRRN1_HUMAN	31	365	0
LRRN2_HUMAN	30	390	0
LRRN3_HUMAN	5	905	0
LRRN4_HUMAN	7	3162	0
LRRT1_HUMAN	59	428	0
LRRT2_HUMAN	20	741	0
LRRT3_HUMAN	40	415	0
LRRT4_HUMAN	53	280	0
LRSM1_HUMAN	99	120	0
LRTM1_HUMAN	7	2621	0
LRTM2_HUMAN	9	1561	0
LRWD1_HUMAN	110	113	0
LS14A_HUMAN	263	77	0
LS14B_HUMAN	111	114	0
LSAMP_HUMAN	15	295	0
LSG1_HUMAN	184	68	0
LSHB_HUMAN	5	2492	0
LSHR_HUMAN	9	1502	0
LSM10_HUMAN	18	652	0
LSM11_HUMAN	46	236	0
LSM12_HUMAN	177	71	0
LSM1_HUMAN	113	118	0
LSM2_HUMAN	177	102	0
LSM3_HUMAN	122	144	0
LSM4_HUMAN	177	111	0
LSM5_HUMAN	72	246	0
LSM6_HUMAN	88	208	0
LSM7_HUMAN	104	154	0
LSMD1_HUMAN	40	364	0
LSP1_HUMAN	39	282	0
LSR_HUMAN	204	81	0
LST1_HUMAN	6	994	0
LST2_HUMAN	2	1234	0
LST8_HUMAN	107	128	0
LT4R1_HUMAN	3	1368	0
LT4R2_HUMAN	48	318	0
LTBP1_HUMAN	90	137	0
LTBP2_HUMAN	110	258	0
LTBP3_HUMAN	30	246	0
LTBP4_HUMAN	76	217	0
LTC4S_HUMAN	11	2725	0
LTK_HUMAN	151	96	0
LTMD1_HUMAN	75	185	0
LTN1_HUMAN	220	79	0
LTOR1_HUMAN	739	33	0
LTOR2_HUMAN	112	156	0
LTOR3_HUMAN	151	112	0
LTV1_HUMAN	202	106	0
LUC7L_HUMAN	247	84	0
LUM_HUMAN	38	229	0
LUR1L_HUMAN	20	575	0
LURA1_HUMAN	140	235	0
LUZP1_HUMAN	205	76	0
LUZP2_HUMAN	4	659	0
LUZP4_HUMAN	97	192	0
LUZP6_HUMAN	1	1647	0
LX12B_HUMAN	119	130	0
LX15B_HUMAN	21	815	0
LXN_HUMAN	41	331	0
LY10L_HUMAN,SP14L_HUMAN	7	980	0
LY10_HUMAN,SP140_HUMAN	9	874	0
LY65B_HUMAN	27	309	0
LY65C_HUMAN	15	899	0
LY66C_HUMAN	11	2220	0
LY66D_HUMAN	8	722	0
LY66F_HUMAN	5	1372	0
LY6D_HUMAN	18	645	0
LY6E_HUMAN	14	397	0
LY6H_HUMAN	62	341	0
LY6K_HUMAN	5	1000	0
LY75_HUMAN	4	561	0
LY86_HUMAN	258	100	0
LY96_HUMAN	9	1428	0
LY9_HUMAN	10	1324	0
LYAG_HUMAN	138	72	0
LYAM1_HUMAN	14	719	0
LYAM2_HUMAN	20	673	0
LYAM3_HUMAN	9	1282	0
LYAR_HUMAN	441	59	0
LYG1_HUMAN	3	3624	0
LYG2_HUMAN	61	327	0
LYL1_HUMAN	10	880	0
LYNX1_HUMAN	3	3367	0
LYN_HUMAN	704	32	0
LYOX_HUMAN	55	178	0
LYPA1_HUMAN	73	164	0
LYPA2_HUMAN	59	168	0
LYPD1_HUMAN	133	212	0
LYPD2_HUMAN	8	3126	0
LYPD3_HUMAN	143	115	0
LYPD4_HUMAN	123	167	0
LYPD5_HUMAN	12	1510	0
LYPD6_HUMAN	31	730	0
LYPL1_HUMAN	91	182	0
LYRIC_HUMAN	354	51	0
LYRM1_HUMAN	18	541	0
LYRM2_HUMAN	37	339	0
LYRM4_HUMAN	86	149	0
LYRM5_HUMAN	36	543	0
LYRM7_HUMAN	68	239	0
LYSC_HUMAN	156	89	0
LYSM1_HUMAN	13	796	0
LYSM2_HUMAN	15	789	0
LYSM3_HUMAN	13	699	0
LYSM4_HUMAN	18	1013	0
LYST_HUMAN	57	203	0
LYVE1_HUMAN	24	1118	0
LYZL1_HUMAN	121	295	0
LYZL2_HUMAN	85	303	0
LYZL4_HUMAN	1	3215	0
LYZL6_HUMAN	37	612	0
LZIC_HUMAN	25	288	0
LZTL1_HUMAN	50	181	0
LZTR1_HUMAN	115	136	0
LZTS1_HUMAN	120	124	0
LZTS2_HUMAN	523	43	0
M10L1_HUMAN	3	2015	0
M17L2_HUMAN	6	904	0
M18BP_HUMAN	56	172	0
M1IP1_HUMAN	77	242	0
M21D1_HUMAN,CGAS_HUMAN	333	57	0
M21D2_HUMAN	103	106	0
M2GD_HUMAN	6	894	0
M2OM_HUMAN	278	51	0
M3K10_HUMAN	39	285	0
M3K11_HUMAN	59	150	0
M3K12_HUMAN	19	306	0
M3K13_HUMAN	44	204	0
M3K14_HUMAN	231	92	0
M3K15_HUMAN	19	442	0
M3K1_HUMAN	176	65	0
M3K2_HUMAN	69	171	0
M3K3_HUMAN	204	76	0
M3K4_HUMAN	88	113	0
M3K5_HUMAN	141	79	0
M3K6_HUMAN	51	245	0
M3K7_HUMAN	390	41	0
M3K8_HUMAN	40	205	0
M3K9_HUMAN	30	295	0
M3KL4_HUMAN	111	153	0
M4A10_HUMAN	7	1829	0
M4A12_HUMAN	9	1892	0
M4A13_HUMAN	63	963	0
M4A14_HUMAN	6	4288	0
M4A15_HUMAN	39	1043	0
M4A4A_HUMAN	42	400	0
M4A6A_HUMAN	5	1280	0
M4A6E_HUMAN	7	2429	0
M4K1_HUMAN	120	107	0
M4K2_HUMAN	96	221	0
M4K3_HUMAN	82	153	0
M4K4_HUMAN	249	73	0
M4K5_HUMAN	95	93	0
MA13P_HUMAN	1	1646	0
MA1A1_HUMAN	71	176	0
MA1A2_HUMAN	58	171	0
MA1B1_HUMAN	82	103	0
MA1C1_HUMAN	6	1094	0
MA2A1_HUMAN	78	155	0
MA2A2_HUMAN	97	212	0
MA2B1_HUMAN	68	169	0
MA2B2_HUMAN	73	353	0
MA2C1_HUMAN	39	191	0
MA6D1_HUMAN	2	1248	0
MA7D1_HUMAN	177	75	0
MA7D2_HUMAN	72	147	0
MA7D3_HUMAN	139	111	0
MAAI_HUMAN	30	213	0
MABP1_HUMAN	70	275	0
MACC1_HUMAN	15	318	0
MACD1_HUMAN	61	113	0
MACD2_HUMAN	8	407	0
MACF1_HUMAN	230	52	0
MACOI_HUMAN	211	82	0
MAD1_HUMAN	37	321	0
MAD3_HUMAN	38	498	0
MAD4_HUMAN	11	514	0
MADCA_HUMAN	5	2331	0
MADD_HUMAN	92	100	0
MADL2_HUMAN	11	2535	0
MAEA_HUMAN	159	99	0
MAEL_HUMAN	20	360	0
MAF1_HUMAN	32	453	0
MAFA_HUMAN	16	561	0
MAFB_HUMAN	247	147	0
MAFF_HUMAN	47	203	0
MAFG_HUMAN	42	234	0
MAFIP_HUMAN	3	2733	0
MAFK_HUMAN	34	248	0
MAF_HUMAN	58	226	0
MAGA1_HUMAN	95	127	0
MAGA2_HUMAN	35	315	0
MAGA3_HUMAN	133	123	0
MAGA4_HUMAN	60	219	0
MAGA6_HUMAN	136	137	0
MAGA8_HUMAN	170	127	0
MAGA9_HUMAN	215	127	0
MAGAA_HUMAN	109	212	0
MAGAB_HUMAN	133	186	0
MAGAC_HUMAN	29	586	0
MAGB1_HUMAN	6	2394	0
MAGB2_HUMAN	409	96	0
MAGB3_HUMAN	12	1742	0
MAGB4_HUMAN	58	251	0
MAGB5_HUMAN	1	10714	0
MAGB6_HUMAN	10	1021	0
MAGBA_HUMAN	66	312	0
MAGBG_HUMAN	1	10332	0
MAGBI_HUMAN	10	521	0
MAGC1_HUMAN	17	380	0
MAGC2_HUMAN	30	257	0
MAGC3_HUMAN	7	875	0
MAGD1_HUMAN	315	57	0
MAGD2_HUMAN	267	54	0
MAGD4_HUMAN	43	373	0
MAGE1_HUMAN	31	365	0
MAGE2_HUMAN	10	732	0
MAGF1_HUMAN	34	353	0
MAGG1_HUMAN	39	247	0
MAGH1_HUMAN	20	643	0
MAGI1_HUMAN	180	90	0
MAGI2_HUMAN	43	320	0
MAGI3_HUMAN	64	153	0
MAGIX_HUMAN	33	600	0
MAGL2_HUMAN	58	218	0
MAGT1_HUMAN	330	58	0
MAG_HUMAN	16	604	0
MAK16_HUMAN	154	136	0
MAK_HUMAN	41	289	0
MAL2_HUMAN	65	215	0
MALAT_HUMAN	135	157	0
MALD1_HUMAN	5	612	0
MALD2_HUMAN	72	155	0
MALD3_HUMAN	3	2378	0
MALL_HUMAN	152	180	0
MALT1_HUMAN	70	150	0
MAL_HUMAN	89	377	0
MAMC2_HUMAN	10	565	0
MAMD1_HUMAN	7	593	0
MAML1_HUMAN	70	160	0
MAML2_HUMAN	16	386	0
MAML3_HUMAN	17	415	0
MAN1_HUMAN	291	50	0
MANBA_HUMAN	84	212	0
MANBL_HUMAN	28	436	0
MANEA_HUMAN	65	347	0
MANEL_HUMAN	46	730	0
MANF_HUMAN	88	120	0
MANS1_HUMAN	109	156	0
MAOM_HUMAN	110	136	0
MAON_HUMAN	3	583	0
MAOX_HUMAN	74	131	0
MAP1A_HUMAN	109	116	0
MAP1B_HUMAN	544	32	0
MAP1S_HUMAN	106	101	0
MAP2_HUMAN,MTAP2_HUMAN	77	136	0
MAP4_HUMAN	328	48	0
MAP6_HUMAN	22	339	0
MAP7_HUMAN	250	74	0
MAP9_HUMAN	53	254	0
MAPK2_HUMAN	111	115	0
MAPK3_HUMAN	46	209	0
MAPK5_HUMAN	52	167	0
MAR1_HUMAN	6	853	0
MARCO_HUMAN	9	809	0
MARCS_HUMAN	608	28	0
MARE1_HUMAN	531	38	0
MARE2_HUMAN	128	98	0
MARE3_HUMAN	230	109	0
MARF1_HUMAN	128	118	0
MARH1_HUMAN	66	250	0
MARH2_HUMAN	71	200	0
MARH3_HUMAN	48	273	0
MARH4_HUMAN	108	223	0
MARH5_HUMAN	209	81	0
MARH6_HUMAN	49	343	0
MARH7_HUMAN	99	153	0
MARH8_HUMAN	60	226	0
MARH9_HUMAN	6	1001	0
MARHA_HUMAN	7	666	0
MARHB_HUMAN	1	3002	0
MARK1_HUMAN	84	143	0
MARK2_HUMAN	274	54	0
MARK3_HUMAN	254	62	0
MARK4_HUMAN	69	162	0
MAS1L_HUMAN	1	5511	0
MASP1_HUMAN	37	278	0
MASP2_HUMAN	18	349	0
MAST1_HUMAN	226	89	0
MAST2_HUMAN	54	171	0
MAST3_HUMAN	128	112	0
MAST4_HUMAN	32	275	0
MASTR_HUMAN	1	14862	0
MASU1_HUMAN	180	171	0
MAS_HUMAN	87	179	0
MAT1_HUMAN	147	136	0
MAT2B_HUMAN	109	110	0
MATK_HUMAN	29	225	0
MATN1_HUMAN	9	1931	0
MATN2_HUMAN	108	144	0
MATN3_HUMAN	27	371	0
MATN4_HUMAN	22	389	0
MATR3_HUMAN	609	28	0
MAVS_HUMAN	345	44	0
MAX_HUMAN	230	92	0
MAZ_HUMAN	91	110	0
MB211_HUMAN	13	1866	0
MB212_HUMAN	142	157	0
MB213_HUMAN	40	484	0
MB3L1_HUMAN	67	355	0
MB3L2_HUMAN	38	527	0
MB3L3_HUMAN	1	10592	0
MBB1A_HUMAN	455	53	0
MBD1_HUMAN	89	119	0
MBD2_HUMAN	146	166	0
MBD3_HUMAN	300	63	0
MBD4_HUMAN	82	148	0
MBD5_HUMAN	104	136	0
MBD6_HUMAN	93	139	0
MBIP1_HUMAN	171	127	0
MBL2_HUMAN	43	408	0
MBLC1_HUMAN	15	482	0
MBLC2_HUMAN	81	181	0
MBNL1_HUMAN	251	76	0
MBNL2_HUMAN	28	224	0
MBNL3_HUMAN	13	515	0
MBOA1_HUMAN	32	376	0
MBOA2_HUMAN	31	223	0
MBOA5_HUMAN	91	154	0
MBOA7_HUMAN	200	69	0
MBPHL_HUMAN	13	1024	0
MBP_HUMAN	59	149	0
MBRL_HUMAN	113	140	0
MBTD1_HUMAN	56	215	0
MBTP1_HUMAN	71	159	0
MBTP2_HUMAN	16	348	0
MC3R_HUMAN	5	1153	0
MC4R_HUMAN	19	738	0
MC5R_HUMAN	3	10662	0
MCA32_HUMAN	65	417	0
MCA3_HUMAN	142	108	0
MCAF1_HUMAN	140	103	0
MCAF2_HUMAN	18	422	0
MCAR1_HUMAN	152	193	0
MCAR2_HUMAN	8	961	0
MCAR6_HUMAN	4	1265	0
MCATL_HUMAN	38	447	0
MCAT_HUMAN	69	167	0
MCCA_HUMAN	221	70	0
MCCB_HUMAN	204	58	0
MCCD1_HUMAN	31	864	0
MCE1_HUMAN	141	92	0
MCEE_HUMAN	16	760	0
MCEM1_HUMAN	13	1173	0
MCES_HUMAN	91	115	0
MCF2L_HUMAN	23	244	0
MCF2_HUMAN	18	309	0
MCFD2_HUMAN	81	154	0
MCHR1_HUMAN	2	7214	0
MCHR2_HUMAN	1	17265	0
MCH_HUMAN	15	1422	0
MCI_HUMAN,MCIN_HUMAN	6	2691	0
MCL1_HUMAN	141	75	0
MCLN1_HUMAN	36	626	0
MCLN2_HUMAN	43	267	0
MCLN3_HUMAN	68	440	0
MCM10_HUMAN	133	98	0
MCM2_HUMAN	1021	24	0
MCM3A_HUMAN,GANP_HUMAN	121	82	0
MCM3_HUMAN	397	45	0
MCM4_HUMAN	304	58	0
MCM5_HUMAN	434	44	0
MCM6_HUMAN	290	56	0
MCM7_HUMAN	508	30	0
MCM8_HUMAN	55	224	0
MCM9_HUMAN	50	333	0
MCMBP_HUMAN	165	100	0
MCMD2_HUMAN	1	12717	0
MCP62_HUMAN	34	402	0
MCPH1_HUMAN	99	120	0
MCP_HUMAN	46	173	0
MCRS1_HUMAN	238	127	0
MCR_HUMAN	49	198	0
MCSP_HUMAN	76	565	0
MCTP1_HUMAN	6	499	0
MCTP2_HUMAN	13	317	0
MCTS1_HUMAN	136	100	0
MCU_HUMAN	208	103	0
MD12L_HUMAN	48	302	0
MD13L_HUMAN	104	172	0
MD1L1_HUMAN	148	84	0
MD2BP_HUMAN	69	245	0
MD2L1_HUMAN	271	86	0
MD2L2_HUMAN	335	69	0
MDC1_HUMAN	419	48	0
MDFIC_HUMAN	15	714	0
MDFI_HUMAN	424	91	0
MDGA1_HUMAN	3	2370	0
MDGA2_HUMAN	7	865	0
MDH1B_HUMAN	2	5695	0
MDHC_HUMAN	160	84	0
MDHM_HUMAN	532	56	0
MDM1_HUMAN	11	958	0
MDM2_HUMAN	914	20	0
MDM4_HUMAN	105	123	0
MDN1_HUMAN	240	57	0
MDR1_HUMAN	105	154	0
MDR3_HUMAN	9	1245	0
MDSP_HUMAN	2	2423	0
ME3L1_HUMAN	3	931	0
MEA1_HUMAN	27	543	0
MECP2_HUMAN	1271	26	0
MECR_HUMAN	29	292	0
MED10_HUMAN	108	168	0
MED11_HUMAN	65	287	0
MED12_HUMAN	181	97	0
MED13_HUMAN	89	169	0
MED14_HUMAN	144	110	0
MED15_HUMAN	115	126	0
MED16_HUMAN	108	141	0
MED17_HUMAN	193	93	0
MED18_HUMAN	78	248	0
MED19_HUMAN	170	125	0
MED1_HUMAN	187	77	0
MED20_HUMAN	184	96	0
MED21_HUMAN	161	105	0
MED22_HUMAN	80	224	0
MED23_HUMAN	228	82	0
MED24_HUMAN	121	128	0
MED25_HUMAN	96	209	0
MED26_HUMAN	118	209	0
MED27_HUMAN	101	150	0
MED28_HUMAN	108	175	0
MED29_HUMAN	136	127	0
MED30_HUMAN	82	243	0
MED31_HUMAN	131	145	0
MED4_HUMAN	448	46	0
MED6_HUMAN	93	212	0
MED7_HUMAN	74	214	0
MED8_HUMAN	105	178	0
MED9_HUMAN	121	149	0
MEF2A_HUMAN	78	203	0
MEF2B_HUMAN	12	810	0
MEF2C_HUMAN	44	226	0
MEF2D_HUMAN	76	208	0
MEFV_HUMAN	15	502	0
MEG10_HUMAN	30	396	0
MEG11_HUMAN	4	1361	0
MEGF6_HUMAN	15	332	0
MEGF8_HUMAN	66	137	0
MEGF9_HUMAN	6	1163	0
MEI1_HUMAN	9	910	0
MEIG1_HUMAN	4	4714	0
MEIS1_HUMAN	42	597	0
MEIS2_HUMAN	85	230	0
MEIS3_HUMAN	28	462	0
MELK_HUMAN	107	142	0
MELPH_HUMAN	21	368	0
MELT_HUMAN	8	665	0
MEMO1_HUMAN	64	177	0
MEN1_HUMAN	1031	28	0
MENTO_HUMAN	67	230	0
MEOX1_HUMAN	106	184	0
MEOX2_HUMAN	689	51	0
MEP1A_HUMAN	10	1295	0
MEP1B_HUMAN	42	565	0
MEP50_HUMAN	378	54	0
MEPCE_HUMAN	844	28	0
MEPE_HUMAN	18	462	0
MER34_HUMAN	10	1497	0
MERL_HUMAN	371	56	0
MERTK_HUMAN	129	106	0
MESD1_HUMAN	21	430	0
MESD_HUMAN	150	105	0
MESH1_HUMAN	56	224	0
MESP1_HUMAN	9	1018	0
MESP2_HUMAN	7	2141	0
MEST_HUMAN	47	168	0
MET10_HUMAN	59	173	0
MET12_HUMAN	6	4944	0
MET13_HUMAN	78	139	0
MET14_HUMAN	557	35	0
MET15_HUMAN	277	105	0
MET16_HUMAN	8	1474	0
MET17_HUMAN	415	92	0
MET18_HUMAN	60	267	0
MET20_HUMAN	17	1188	0
MET22_HUMAN	3	4904	0
MET23_HUMAN	28	378	0
MET2A_HUMAN	20	298	0
MET2B_HUMAN	24	372	0
MET7A_HUMAN	365	50	0
MET7B_HUMAN	21	305	0
METH_HUMAN	143	98	0
METK1_HUMAN	31	292	0
METK2_HUMAN	227	72	0
METL5_HUMAN	15	507	0
METL6_HUMAN	16	755	0
METL8_HUMAN	18	352	0
METL9_HUMAN	97	233	0
METRL_HUMAN	62	458	0
METRN_HUMAN	45	386	0
MET_HUMAN	273	56	0
MEX3A_HUMAN	378	59	0
MEX3B_HUMAN	219	118	0
MEX3C_HUMAN	87	123	0
MEX3D_HUMAN	58	166	0
MF2L2_HUMAN	41	272	0
MF2NB_HUMAN	40	411	0
MFA3L_HUMAN	4	1103	0
MFAP1_HUMAN	299	76	0
MFAP2_HUMAN	9	750	0
MFAP3_HUMAN	74	421	0
MFAP4_HUMAN	164	136	0
MFAP5_HUMAN	46	456	0
MFF_HUMAN	185	81	0
MFGM_HUMAN	100	116	0
MFHA1_HUMAN	104	168	0
MFN1_HUMAN	53	166	0
MFN2_HUMAN	154	86	0
MFNG_HUMAN	23	857	0
MFRN1_HUMAN	8	616	0
MFRN2_HUMAN	32	454	0
MFRP_HUMAN	1	18286	0
MFS10_HUMAN	248	88	0
MFS11_HUMAN	39	349	0
MFS12_HUMAN	73	353	0
MFS2A_HUMAN,NLS1_HUMAN	33	502	0
MFS2B_HUMAN	14	1306	0
MFS6L_HUMAN	31	661	0
MFSD1_HUMAN	23	304	0
MFSD3_HUMAN	46	308	0
MFSD4_HUMAN	258	118	0
MFSD5_HUMAN	430	82	0
MFSD6_HUMAN	67	301	0
MFSD7_HUMAN	20	638	0
MFSD8_HUMAN	167	144	0
MFSD9_HUMAN	62	255	0
MFTC_HUMAN	98	182	0
MGAP_HUMAN	234	76	0
MGAT1_HUMAN	48	237	0
MGAT2_HUMAN	50	184	0
MGAT3_HUMAN	4	1225	0
MGA_HUMAN	23	482	0
MGDP1_HUMAN	52	278	0
MGLL_HUMAN	33	252	0
MGMT_HUMAN	88	143	0
MGN2_HUMAN	163	114	0
MGN_HUMAN	271	79	0
MGP_HUMAN	6	814	0
MGRN1_HUMAN	97	115	0
MGST1_HUMAN	143	81	0
MGST2_HUMAN	41	227	0
MGST3_HUMAN	290	59	0
MGT4A_HUMAN	2	5423	0
MGT4B_HUMAN	37	218	0
MGT4C_HUMAN	37	705	0
MGT5A_HUMAN	74	164	0
MGT5B_HUMAN	122	205	0
MI4GD_HUMAN	46	320	0
MIA2_HUMAN	95	189	0
MIA3_HUMAN	240	58	0
MIA40_HUMAN	170	117	0
MIA_HUMAN	4	1329	0
MIB1_HUMAN	307	62	0
MIB2_HUMAN	64	203	0
MIC1_HUMAN	145	101	0
MICA1_HUMAN	78	175	0
MICA2_HUMAN	38	187	0
MICA3_HUMAN	83	93	0
MICA_HUMAN	86	318	0
MICB_HUMAN	139	165	0
MICLK_HUMAN	3	1295	0
MICU1_HUMAN	97	107	0
MID49_HUMAN	36	521	0
MID51_HUMAN	58	159	0
MIDA_HUMAN	70	240	0
MIDN_HUMAN	620	29	0
MIEAP_HUMAN	26	322	0
MIEN1_HUMAN	14	942	0
MIER1_HUMAN	79	202	0
MIER2_HUMAN	36	335	0
MIER3_HUMAN	21	451	0
MIF_HUMAN	288	51	0
MIIP_HUMAN	52	247	0
MILK1_HUMAN	103	106	0
MILK2_HUMAN	144	119	0
MILR1_HUMAN	72	372	0
MIME_HUMAN	16	581	0
MIMIT_HUMAN	141	105	0
MINA_HUMAN	104	156	0
MINK1_HUMAN	183	81	0
MINP1_HUMAN	55	159	0
MINT_HUMAN	150	106	0
MIOX_HUMAN	12	867	0
MIO_HUMAN	74	160	0
MIP18_HUMAN	116	133	0
MIPEP_HUMAN	90	167	0
MIPO1_HUMAN	102	179	0
MIPT3_HUMAN	149	120	0
MIP_HUMAN	55	351	0
MIRH1_HUMAN	2	1182	0
MIRO1_HUMAN	84	106	0
MIRO2_HUMAN	342	57	0
MIS12_HUMAN	87	210	0
MISSL_HUMAN	43	290	0
MIS_HUMAN	8	981	0
MITD1_HUMAN	40	216	0
MITF_HUMAN	57	130	0
MK01_HUMAN	430	44	0
MK03_HUMAN	342	45	0
MK04_HUMAN	75	160	0
MK06_HUMAN	501	36	0
MK07_HUMAN	148	84	0
MK08_HUMAN	225	64	0
MK09_HUMAN	168	87	0
MK10_HUMAN	55	224	0
MK11_HUMAN	43	287	0
MK12_HUMAN	69	147	0
MK13_HUMAN	124	99	0
MK14_HUMAN	368	57	0
MK15_HUMAN	60	162	0
MK67I_HUMAN	440	76	0
MKKS_HUMAN	25	358	0
MKL1_HUMAN	59	155	0
MKL2_HUMAN	59	133	0
MKLN1_HUMAN	133	117	0
MKNK1_HUMAN	71	174	0
MKNK2_HUMAN	54	163	0
MKRN1_HUMAN	164	127	0
MKRN2_HUMAN	383	76	0
MKRN3_HUMAN	231	126	0
MKRN4_HUMAN	6	1268	0
MKS1_HUMAN	110	166	0
MKS3_HUMAN	146	138	0
MKX_HUMAN	49	229	0
MK_HUMAN	83	156	0
ML12A_HUMAN	226	62	0
ML12B_HUMAN	159	105	0
MLC1_HUMAN	20	410	0
MLE3_HUMAN	50	189	0
MLEC_HUMAN	127	79	0
MLF1_HUMAN	122	172	0
MLF2_HUMAN	142	107	0
MLH1_HUMAN	292	73	0
MLH3_HUMAN	58	198	0
MLIP_HUMAN	10	682	0
MLKL_HUMAN	52	226	0
MLL1_HUMAN,KMT2A_HUMAN	280	67	0
MLL2_HUMAN,KMT2D_HUMAN	165	108	0
MLL3_HUMAN,KMT2C_HUMAN	147	95	0
MLL4_HUMAN	134	118	0
MLL5_HUMAN,KMT2E_HUMAN	66	146	0
MLP3A_HUMAN	540	32	0
MLP3B_HUMAN	755	18	0
MLP3C_HUMAN	72	219	0
MLRA_HUMAN	8	1163	0
MLRS_HUMAN	22	599	0
MLRV_HUMAN	31	453	0
MLTK_HUMAN	98	125	0
MLXIP_HUMAN	19	404	0
MLXPL_HUMAN	43	179	0
MLX_HUMAN	59	187	0
MMAA_HUMAN	6	528	0
MMAB_HUMAN	137	126	0
MMAC_HUMAN	18	363	0
MMAD_HUMAN	35	526	0
MMEL1_HUMAN	4	1452	0
MMGT1_HUMAN	397	54	0
MMP10_HUMAN	22	689	0
MMP11_HUMAN	2	840	0
MMP12_HUMAN	4	1562	0
MMP13_HUMAN	16	1446	0
MMP14_HUMAN	74	137	0
MMP15_HUMAN	36	318	0
MMP16_HUMAN	2	787	0
MMP17_HUMAN	3	682	0
MMP19_HUMAN	8	1591	0
MMP1_HUMAN	15	626	0
MMP20_HUMAN	5	1111	0
MMP21_HUMAN	2	2212	0
MMP23_HUMAN	1	9464	0
MMP24_HUMAN	5	1208	0
MMP25_HUMAN	5	1526	0
MMP26_HUMAN	20	913	0
MMP27_HUMAN	3	2221	0
MMP28_HUMAN	10	464	0
MMP2_HUMAN	68	188	0
MMP37_HUMAN	58	164	0
MMP3_HUMAN	32	418	0
MMP7_HUMAN	25	1102	0
MMP8_HUMAN	10	722	0
MMP9_HUMAN	44	395	0
MMRN1_HUMAN	28	397	0
MMRN2_HUMAN	9	707	0
MMS19_HUMAN	327	68	0
MMS22_HUMAN	56	190	0
MMSA_HUMAN	74	165	0
MMTA2_HUMAN	351	55	0
MN1_HUMAN	27	307	0
MND1_HUMAN	51	281	0
MNDA_HUMAN	180	193	0
MNF1_HUMAN,UQCC2_HUMAN	60	170	0
MNS1_HUMAN	42	329	0
MNT_HUMAN	25	292	0
MNX1_HUMAN	29	370	0
MO2R1_HUMAN	38	562	0
MO2R2_HUMAN	2	2420	0
MO4L1_HUMAN	235	63	0
MO4L2_HUMAN	219	74	0
MOAP1_HUMAN	56	256	0
MOB1A_HUMAN	86	155	0
MOB1B_HUMAN	61	217	0
MOB2_HUMAN	115	119	0
MOB3A_HUMAN	20	332	0
MOB3B_HUMAN	29	426	0
MOB3C_HUMAN	18	780	0
MOBP_HUMAN	20	754	0
MOC2A_HUMAN	23	306	0
MOC2B_HUMAN	10	1234	0
MOCOS_HUMAN	39	288	0
MOCS1_HUMAN	34	286	0
MOCS3_HUMAN	57	164	0
MOD5_HUMAN	13	982	0
MOES_HUMAN	335	45	0
MOFA1_HUMAN	100	145	0
MOG1_HUMAN	32	679	0
MOGS_HUMAN	189	48	0
MOGT1_HUMAN	2	1371	0
MOGT2_HUMAN	4	4399	0
MOGT3_HUMAN	22	1557	0
MOG_HUMAN	21	455	0
MOK_HUMAN	26	402	0
MOL2C_HUMAN	360	63	0
MON1A_HUMAN	14	750	0
MON1B_HUMAN	25	372	0
MON2_HUMAN	168	78	0
MORC1_HUMAN	15	412	0
MORC2_HUMAN	91	104	0
MORC3_HUMAN	74	115	0
MORC4_HUMAN	79	153	0
MORN1_HUMAN	5	666	0
MORN2_HUMAN	7	1948	0
MORN3_HUMAN	72	280	0
MORN4_HUMAN	33	720	0
MORN5_HUMAN	12	1610	0
MOS1_HUMAN,MIC10_HUMAN	60	211	0
MOSC1_HUMAN,MARC1_HUMAN	67	165	0
MOSC2_HUMAN,MARC2_HUMAN	47	245	0
MOST1_HUMAN	1	2260	0
MOS_HUMAN	73	202	0
MOT10_HUMAN	137	126	0
MOT11_HUMAN	531	49	0
MOT12_HUMAN	15	687	0
MOT13_HUMAN	33	345	0
MOT14_HUMAN	12	682	0
MOT1_HUMAN	228	58	0
MOT2_HUMAN	46	254	0
MOT3_HUMAN	82	324	0
MOT4_HUMAN	114	84	0
MOT5_HUMAN	20	418	0
MOT6_HUMAN	21	397	0
MOT7_HUMAN	40	242	0
MOT8_HUMAN	59	413	0
MOT9_HUMAN	20	418	0
MOTI_HUMAN,MLN_HUMAN,MOTI_HUMAN	3	5404	0
MOV10_HUMAN	1283	25	0
MOXD1_HUMAN	70	165	0
MP17L_HUMAN	1	1505	0
MP2K1_HUMAN	263	54	0
MP2K2_HUMAN	275	49	0
MP2K3_HUMAN	259	62	0
MP2K4_HUMAN	62	168	0
MP2K5_HUMAN	116	119	0
MP2K6_HUMAN	57	151	0
MP2K7_HUMAN	192	79	0
MP3B2_HUMAN	20	327	0
MPC1_HUMAN	9	1037	0
MPC2_HUMAN	68	154	0
MPCP_HUMAN	467	35	0
MPDZ_HUMAN	99	138	0
MPEG1_HUMAN	3	991	0
MPH6_HUMAN	89	200	0
MPIP1_HUMAN	117	127	0
MPIP2_HUMAN	119	187	0
MPIP3_HUMAN	148	117	0
MPI_HUMAN	48	209	0
MPLKI_HUMAN	14	1018	0
MPN2_HUMAN	1	3637	0
MPND_HUMAN	11	749	0
MPP10_HUMAN	184	106	0
MPP2_HUMAN	49	190	0
MPP3_HUMAN	43	327	0
MPP4_HUMAN	4	4285	0
MPP5_HUMAN	118	132	0
MPP6_HUMAN	81	120	0
MPP7_HUMAN	111	127	0
MPP8_HUMAN	121	126	0
MPP9_HUMAN	99	200	0
MPPA_HUMAN	406	78	0
MPPB_HUMAN	386	82	0
MPPD1_HUMAN	39	347	0
MPPD2_HUMAN	21	875	0
MPPE1_HUMAN	85	295	0
MPRA_HUMAN	10	565	0
MPRB_HUMAN	3	4411	0
MPRD_HUMAN	86	118	0
MPRG_HUMAN	9	716	0
MPRIP_HUMAN	239	52	0
MPRI_HUMAN	345	35	0
MPU1_HUMAN	62	134	0
MPV17_HUMAN	54	212	0
MPZL1_HUMAN	129	108	0
MPZL2_HUMAN	18	569	0
MPZL3_HUMAN	5	1341	0
MR1L1_HUMAN	111	205	0
MRAP2_HUMAN	99	263	0
MRAP_HUMAN	8	2346	0
MRC1_HUMAN	5	1041	0
MRC2_HUMAN	77	116	0
MRCKA_HUMAN	158	88	0
MRCKB_HUMAN	120	92	0
MRCKG_HUMAN	43	172	0
MRE11_HUMAN	302	53	0
MREG_HUMAN	17	403	0
MRF_HUMAN	25	476	0
MRGBP_HUMAN	109	123	0
MRGRF_HUMAN	1	641	0
MRGX1_HUMAN	4	2302	0
MRGX3_HUMAN	3	796	0
MRGX4_HUMAN	5	2906	0
MRI_HUMAN	26	372	0
MRM1_HUMAN	373	77	0
MRP1_HUMAN	164	79	0
MRP2_HUMAN	72	177	0
MRP3_HUMAN	22	200	0
MRP4_HUMAN	80	134	0
MRP5_HUMAN	55	217	0
MRP6_HUMAN	56	253	0
MRP7_HUMAN	37	461	0
MRP9_HUMAN	11	921	0
MRP_HUMAN	133	89	0
MRRP1_HUMAN	239	71	0
MRRP3_HUMAN	150	123	0
MRS2_HUMAN	88	247	0
MRT4_HUMAN	183	85	0
MRVI1_HUMAN	15	756	0
MS18A_HUMAN	116	116	0
MS18B_HUMAN	216	113	0
MS3L1_HUMAN	27	315	0
MS3L2_HUMAN	4	871	0
MS4A3_HUMAN	39	698	0
MS4A5_HUMAN	1	1713	0
MS4A7_HUMAN	11	2699	0
MSD2_HUMAN	21	687	0
MSD3_HUMAN	22	356	0
MSD4_HUMAN	17	444	0
MSGN1_HUMAN	35	835	0
MSH2_HUMAN	313	47	0
MSH3_HUMAN	101	116	0
MSH4_HUMAN	14	495	0
MSH5_HUMAN	25	294	0
MSH6_HUMAN	285	56	0
MSHR_HUMAN	36	296	0
MSI1H_HUMAN	104	158	0
MSI2H_HUMAN	123	114	0
MSL1_HUMAN	74	149	0
MSL2_HUMAN	32	199	0
MSLNL_HUMAN	5	1053	0
MSLN_HUMAN	47	274	0
MSMB_HUMAN	44	486	0
MSMO1_HUMAN	108	121	0
MSPD1_HUMAN	5	1161	0
MSPD2_HUMAN	186	92	0
MSPD3_HUMAN	25	860	0
MSRA_HUMAN	35	231	0
MSRB1_HUMAN	12	472	0
MSRB2_HUMAN	68	179	0
MSRB3_HUMAN	90	137	0
MSRE_HUMAN	19	489	0
MSS4_HUMAN	82	222	0
MSS51_HUMAN	22	758	0
MST4_HUMAN,STK26_HUMAN	269	59	0
MSTO1_HUMAN	63	180	0
MSTP9_HUMAN,MST1L_HUMAN	1	4049	0
MSTRO_HUMAN	1	875	0
MSX1_HUMAN	19	611	0
MSX2_HUMAN	186	103	0
MT1A_HUMAN	5	843	0
MT1B_HUMAN	5	8953	0
MT1DP_HUMAN	3	4202	0
MT1E_HUMAN	6	966	0
MT1F_HUMAN	11	487	0
MT1G_HUMAN	8	836	0
MT1H_HUMAN	5	922	0
MT1L_HUMAN	1	11269	0
MT1M_HUMAN	17	471	0
MT1X_HUMAN	20	598	0
MT21A_HUMAN	33	177	0
MT21B_HUMAN	303	109	0
MT21C_HUMAN	4	2935	0
MT21D_HUMAN	3	988	0
MT2_HUMAN	43	300	0
MT3_HUMAN	9	701	0
MTA1_HUMAN	322	63	0
MTA2_HUMAN	488	39	0
MTA3_HUMAN	181	112	0
MTA70_HUMAN	278	54	0
MTAP_HUMAN	100	131	0
MTBP_HUMAN	25	274	0
MTCH1_HUMAN	234	86	0
MTCH2_HUMAN	477	35	0
MTCNB_HUMAN	5	597	0
MTCP1_HUMAN	4	792	0
MTD2L_HUMAN	17	1041	0
MTDC_HUMAN	112	112	0
MTER1_HUMAN,MTEF3_HUMAN	354	91	0
MTER2_HUMAN,MTEF4_HUMAN	25	250	0
MTER3_HUMAN,MTEF2_HUMAN	8	1043	0
MTERF_HUMAN,MTEF1_HUMAN	13	876	0
MTF1_HUMAN	111	162	0
MTF2_HUMAN	86	181	0
MTFP1_HUMAN	42	478	0
MTFR1_HUMAN	75	146	0
MTG16_HUMAN	73	266	0
MTG1_HUMAN	153	170	0
MTG8R_HUMAN	60	224	0
MTG8_HUMAN	125	157	0
MTHFS_HUMAN	14	391	0
MTHR_HUMAN	67	169	0
MTHSD_HUMAN	18	394	0
MTL12_HUMAN	7	974	0
MTL5_HUMAN	25	651	0
MTLR_HUMAN	65	376	0
MTM1_HUMAN	70	149	0
MTMR1_HUMAN	109	132	0
MTMR2_HUMAN	71	135	0
MTMR3_HUMAN	73	135	0
MTMR4_HUMAN	164	96	0
MTMR5_HUMAN	157	99	0
MTMR6_HUMAN	92	106	0
MTMR7_HUMAN	62	233	0
MTMR8_HUMAN	23	407	0
MTMR9_HUMAN	71	126	0
MTMRA_HUMAN	42	316	0
MTMRB_HUMAN	19	485	0
MTMRC_HUMAN	47	169	0
MTMRD_HUMAN	41	209	0
MTMRE_HUMAN	113	108	0
MTNA_HUMAN	45	193	0
MTNB_HUMAN	49	213	0
MTND_HUMAN	42	221	0
MTO1_HUMAN	84	212	0
MTOR_HUMAN	341	44	0
MTPN_HUMAN	171	97	0
MTP_HUMAN	13	290	0
MTR1A_HUMAN	165	86	0
MTR1B_HUMAN	136	114	0
MTR1L_HUMAN	61	269	0
MTR1_HUMAN,CMTR1_HUMAN	211	77	0
MTRR_HUMAN	17	293	0
MTSS1_HUMAN	30	247	0
MTSSL_HUMAN	47	211	0
MTU1_HUMAN	94	157	0
MTUS1_HUMAN	89	122	0
MTUS2_HUMAN	368	87	0
MTX1_HUMAN	126	115	0
MTX2_HUMAN	178	104	0
MTX3_HUMAN	77	235	0
MUC12_HUMAN	4	1284	0
MUC13_HUMAN	39	239	0
MUC15_HUMAN	5	4115	0
MUC16_HUMAN	15	337	0
MUC17_HUMAN	4	617	0
MUC18_HUMAN	483	55	0
MUC19_HUMAN	11	361	0
MUC1_HUMAN	164	103	0
MUC20_HUMAN	25	566	0
MUC22_HUMAN	2	902	0
MUC24_HUMAN	10	550	0
MUC2_HUMAN	10	340	0
MUC3A_HUMAN	2	929	0
MUC4_HUMAN	10	586	0
MUC5A_HUMAN	22	363	0
MUC5B_HUMAN	49	205	0
MUC6_HUMAN	1	11269	0
MUC7_HUMAN	35	360	0
MUCEN_HUMAN	9	1808	0
MUCL1_HUMAN	46	316	0
MUDEN_HUMAN	11	1387	0
MUL1_HUMAN	105	159	0
MUM1_HUMAN	31	320	0
MUML1_HUMAN	3	1477	0
MURC_HUMAN	6	1036	0
MUS81_HUMAN	59	154	0
MUSC_HUMAN	13	748	0
MUSK_HUMAN	81	173	0
MUT7B_HUMAN	9	647	0
MUT7_HUMAN	4	1937	0
MUTA_HUMAN	60	174	0
MUTED_HUMAN,BL1S5_HUMAN	48	254	0
MUTYH_HUMAN	39	212	0
MVD1_HUMAN	56	164	0
MVP_HUMAN	179	67	0
MX1_HUMAN	56	213	0
MX2_HUMAN	20	294	0
MXI1_HUMAN	44	309	0
MXRA5_HUMAN	12	489	0
MXRA7_HUMAN	75	136	0
MXRA8_HUMAN	35	253	0
MY15B_HUMAN	101	234	0
MY18A_HUMAN	310	58	0
MY18B_HUMAN	24	480	0
MYADM_HUMAN	110	104	0
MYBA_HUMAN	11	824	0
MYBB_HUMAN	156	134	0
MYBPH_HUMAN	9	777	0
MYBPP_HUMAN	33	412	0
MYB_HUMAN	130	151	0
MYCB2_HUMAN	237	58	0
MYCBP_HUMAN	181	88	0
MYCD_HUMAN	14	522	0
MYCL1_HUMAN,MYCL_HUMAN	55	251	0
MYCN_HUMAN	1357	23	0
MYCPP_HUMAN	93	122	0
MYCT1_HUMAN	12	973	0
MYCT_HUMAN	27	257	0
MYC_HUMAN	3154	12	0
MYD88_HUMAN	89	143	0
MYEF2_HUMAN	123	88	0
MYEOV_HUMAN	16	474	0
MYF5_HUMAN	30	941	0
MYF6_HUMAN	19	898	0
MYG1_HUMAN	86	101	0
MYG_HUMAN	17	817	0
MYH10_HUMAN	409	38	0
MYH11_HUMAN	148	96	0
MYH13_HUMAN	51	243	0
MYH14_HUMAN	211	78	0
MYH15_HUMAN	27	322	0
MYH1_HUMAN	71	210	0
MYH2_HUMAN	60	198	0
MYH3_HUMAN	54	204	0
MYH4_HUMAN	70	228	0
MYH6_HUMAN	63	208	0
MYH7B_HUMAN	71	204	0
MYH7_HUMAN	109	121	0
MYH8_HUMAN	50	247	0
MYH9_HUMAN	821	25	0
MYL10_HUMAN	27	604	0
MYL1_HUMAN	27	378	0
MYL3_HUMAN	22	372	0
MYL4_HUMAN	25	372	0
MYL5_HUMAN	2	3108	0
MYL6B_HUMAN	116	96	0
MYL6_HUMAN	297	39	0
MYL9_HUMAN	70	181	0
MYLIP_HUMAN	48	423	0
MYLK2_HUMAN	114	142	0
MYLK3_HUMAN	11	557	0
MYLK4_HUMAN	90	191	0
MYLK_HUMAN	115	114	0
MYNN_HUMAN	13	344	0
MYO10_HUMAN	150	92	0
MYO15_HUMAN	13	447	0
MYO16_HUMAN	16	253	0
MYO19_HUMAN	263	89	0
MYO1A_HUMAN	31	282	0
MYO1B_HUMAN	297	46	0
MYO1C_HUMAN	422	34	0
MYO1D_HUMAN	228	62	0
MYO1E_HUMAN	210	74	0
MYO1F_HUMAN	41	191	0
MYO1G_HUMAN	16	409	0
MYO1H_HUMAN	9	452	0
MYO3A_HUMAN	15	348	0
MYO3B_HUMAN	49	232	0
MYO5A_HUMAN	212	74	0
MYO5B_HUMAN	113	106	0
MYO5C_HUMAN	180	90	0
MYO6_HUMAN	450	37	0
MYO7A_HUMAN	26	224	0
MYO7B_HUMAN	7	1215	0
MYO9A_HUMAN	112	111	0
MYO9B_HUMAN	124	91	0
MYOC_HUMAN	49	240	0
MYOD1_HUMAN	162	153	0
MYOF_HUMAN	121	99	0
MYOG_HUMAN	62	310	0
MYOM1_HUMAN	27	391	0
MYOM2_HUMAN	34	361	0
MYOM3_HUMAN	12	618	0
MYOME_HUMAN	226	74	0
MYOTI_HUMAN	20	531	0
MYOV2_HUMAN	44	277	0
MYOZ1_HUMAN	49	278	0
MYOZ2_HUMAN	19	607	0
MYOZ3_HUMAN	70	359	0
MYP0_HUMAN	9	531	0
MYP2_HUMAN	12	503	0
MYPC1_HUMAN	43	301	0
MYPC2_HUMAN	47	276	0
MYPC3_HUMAN	25	418	0
MYPN_HUMAN	33	235	0
MYPOP_HUMAN	54	306	0
MYPR_HUMAN	115	163	0
MYPT1_HUMAN	335	50	0
MYPT2_HUMAN	61	183	0
MYRIP_HUMAN	12	586	0
MYSM1_HUMAN	51	234	0
MYT1L_HUMAN	67	227	0
MYT1_HUMAN	13	391	0
MYZAP_HUMAN	64	297	0
MZF1_HUMAN	29	369	0
MZT1_HUMAN	43	477	0
MZT2A_HUMAN	26	500	0
MZT2B_HUMAN	81	152	0
N2DL1_HUMAN	16	1642	0
N2DL2_HUMAN	30	409	0
N2DL3_HUMAN	62	307	0
N2DL4_HUMAN	22	819	0
N42L1_HUMAN	6	2633	0
N42L2_HUMAN	76	202	0
N4BP1_HUMAN	36	193	0
N4BP2_HUMAN	90	156	0
N4BP3_HUMAN	50	203	0
N62CL_HUMAN	33	371	0
N6MT2_HUMAN	7	1016	0
NAA10_HUMAN	184	96	0
NAA11_HUMAN	60	327	0
NAA15_HUMAN	173	101	0
NAA16_HUMAN	35	222	0
NAA20_HUMAN	30	505	0
NAA25_HUMAN	57	171	0
NAA30_HUMAN	38	263	0
NAA35_HUMAN	50	167	0
NAA38_HUMAN	97	139	0
NAA40_HUMAN	974	26	0
NAA50_HUMAN	107	109	0
NAA60_HUMAN	1	10349	0
NAAA_HUMAN	222	139	0
NAB1_HUMAN	28	223	0
NAB2_HUMAN	135	125	0
NAC1_HUMAN	32	296	0
NAC2_HUMAN	39	297	0
NAC3_HUMAN	30	462	0
NACA2_HUMAN	23	342	0
NACAD_HUMAN	23	295	0
NACA_HUMAN,NACAM_HUMAN,NACA_HUMAN	231	57	0
NACC1_HUMAN	98	129	0
NACC2_HUMAN	46	320	0
NACP1_HUMAN	14	522	0
NADAP_HUMAN	135	91	0
NADC_HUMAN	99	212	0
NADE_HUMAN	38	149	0
NADK_HUMAN	83	168	0
NADL2_HUMAN	17	384	0
NAF1_HUMAN	150	129	0
NAGAB_HUMAN	62	164	0
NAGA_HUMAN	11	312	0
NAGK_HUMAN	164	82	0
NAGPA_HUMAN	33	429	0
NAGS_HUMAN	9	926	0
NAGT1_HUMAN	45	313	0
NAIF1_HUMAN	14	505	0
NAKD1_HUMAN,NAKD2_HUMAN	67	138	0
NAL10_HUMAN	13	553	0
NAL11_HUMAN	7	1067	0
NAL12_HUMAN	58	184	0
NAL13_HUMAN	6	503	0
NAL14_HUMAN	8	775	0
NALCN_HUMAN	9	644	0
NALD2_HUMAN	17	1103	0
NALDL_HUMAN	3	1911	0
NALP1_HUMAN,NLRP1_HUMAN	48	239	0
NALP2_HUMAN	51	265	0
NALP3_HUMAN,NLRP3_HUMAN	117	128	0
NALP4_HUMAN	8	688	0
NALP5_HUMAN	18	408	0
NALP6_HUMAN,NLRP6_HUMAN	422	48	0
NALP7_HUMAN	164	159	0
NALP8_HUMAN	2	5261	0
NALP9_HUMAN	10	623	0
NAMPT_HUMAN	135	84	0
NANGN_HUMAN	1	4214	0
NANO1_HUMAN	18	1122	0
NANO2_HUMAN	24	1244	0
NANO3_HUMAN	15	616	0
NANOG_HUMAN	236	123	0
NANP_HUMAN	21	374	0
NAP1_HUMAN	34	351	0
NAPEP_HUMAN	5	1181	0
NAPSA_HUMAN	13	483	0
NAR1_HUMAN	7	1105	0
NAR3_HUMAN	28	932	0
NAR4_HUMAN	13	401	0
NAR5_HUMAN	52	525	0
NARFL_HUMAN	34	226	0
NARF_HUMAN	24	322	0
NARG2_HUMAN,ICE2_HUMAN	66	181	0
NARR_HUMAN	20	579	0
NASP_HUMAN	201	102	0
NAT10_HUMAN	329	60	0
NAT14_HUMAN	81	175	0
NAT15_HUMAN	3	1140	0
NAT16_HUMAN	8	696	0
NAT6_HUMAN	14	720	0
NAT8B_HUMAN	20	1361	0
NAT8L_HUMAN	13	443	0
NAT8_HUMAN	30	677	0
NAT9_HUMAN	17	503	0
NAV1_HUMAN	155	92	0
NAV2_HUMAN	42	207	0
NAV3_HUMAN	33	261	0
NB5R1_HUMAN	135	99	0
NB5R2_HUMAN	31	319	0
NB5R3_HUMAN	359	36	0
NB5R4_HUMAN	4	1683	0
NBAS_HUMAN	126	92	0
NBEA_HUMAN	82	122	0
NBEL1_HUMAN	29	296	0
NBEL2_HUMAN	161	113	0
NBL1_HUMAN	15	500	0
NBN_HUMAN	182	97	0
NBPF1_HUMAN	17	311	0
NBPF3_HUMAN	6	645	0
NBPF4_HUMAN	1	6895	0
NBPF6_HUMAN	5	1494	0
NBPF8_HUMAN	4	588	0
NBPF9_HUMAN	1	4170	0
NBPFA_HUMAN	2	3950	0
NBPFB_HUMAN	2	2100	0
NBPFC_HUMAN	1	4170	0
NBPFE_HUMAN	3	2199	0
NBPFF_HUMAN	7	841	0
NBR1_HUMAN	368	46	0
NBR2_HUMAN	4	3289	0
NC2A_HUMAN	72	156	0
NC2B_HUMAN	73	184	0
NCALD_HUMAN	53	319	0
NCAM1_HUMAN	94	123	0
NCAM2_HUMAN	24	236	0
NCAN_HUMAN	16	493	0
NCBP1_HUMAN	367	41	0
NCBP2_HUMAN	133	94	0
NCDN_HUMAN	124	118	0
NCEH1_HUMAN	94	143	0
NCF1B_HUMAN	1	8298	0
NCF1C_HUMAN	3	2315	0
NCF1_HUMAN	89	171	0
NCF2_HUMAN	32	231	0
NCF4_HUMAN	9	945	0
NCK1_HUMAN	362	68	0
NCK2_HUMAN	278	96	0
NCK5L_HUMAN	120	141	0
NCKP1_HUMAN	207	67	0
NCKP5_HUMAN	36	347	0
NCKPL_HUMAN	16	493	0
NCKX1_HUMAN	8	591	0
NCKX2_HUMAN	18	437	0
NCKX3_HUMAN	46	393	0
NCKX4_HUMAN	15	440	0
NCKX5_HUMAN	35	468	0
NCKX6_HUMAN	23	338	0
NCLN_HUMAN	195	68	0
NCOA1_HUMAN	143	131	0
NCOA2_HUMAN	128	135	0
NCOA3_HUMAN	183	101	0
NCOA4_HUMAN	63	187	0
NCOA5_HUMAN	137	101	0
NCOA6_HUMAN	145	124	0
NCOA7_HUMAN	51	147	0
NCOAT_HUMAN,OGA_HUMAN	156	81	0
NCOR1_HUMAN	316	64	0
NCOR2_HUMAN	260	70	0
NCPR_HUMAN	244	55	0
NCRP1_HUMAN,FBX50_HUMAN	135	95	0
NCS1_HUMAN	79	220	0
NCTR1_HUMAN	24	506	0
NCTR2_HUMAN	5	1398	0
NCTR3_HUMAN	125	263	0
NCUG1_HUMAN	84	249	0
NDC1_HUMAN	225	70	0
NDC80_HUMAN	311	84	0
NDE1_HUMAN	119	103	0
NDEL1_HUMAN	201	130	0
NDF1_HUMAN	18	661	0
NDF2_HUMAN	11	971	0
NDF4_HUMAN	10	1460	0
NDF6_HUMAN	6	1356	0
NDK3_HUMAN	129	129	0
NDK5_HUMAN	13	982	0
NDK6_HUMAN	21	424	0
NDK7_HUMAN	162	127	0
NDK8_HUMAN	102	163	0
NDKA_HUMAN	219	62	0
NDKB_HUMAN	279	63	0
NDKM_HUMAN	219	80	0
NDNF_HUMAN	10	1064	0
NDOR1_HUMAN	55	215	0
NDP_HUMAN	105	153	0
NDRG1_HUMAN	225	53	0
NDRG2_HUMAN	52	168	0
NDRG3_HUMAN	43	175	0
NDRG4_HUMAN	55	209	0
NDST1_HUMAN	52	267	0
NDST2_HUMAN	42	313	0
NDST3_HUMAN	9	881	0
NDST4_HUMAN	6	1193	0
NDUA1_HUMAN	44	633	0
NDUA2_HUMAN	221	113	0
NDUA3_HUMAN	95	232	0
NDUA4_HUMAN	388	53	0
NDUA5_HUMAN	246	55	0
NDUA6_HUMAN	181	114	0
NDUA7_HUMAN	221	102	0
NDUA8_HUMAN	189	99	0
NDUA9_HUMAN	339	49	0
NDUAA_HUMAN	175	86	0
NDUAB_HUMAN	63	207	0
NDUAC_HUMAN	223	106	0
NDUAD_HUMAN	174	77	0
NDUB1_HUMAN	42	578	0
NDUB2_HUMAN	11	665	0
NDUB3_HUMAN	117	160	0
NDUB4_HUMAN	103	125	0
NDUB5_HUMAN	138	116	0
NDUB6_HUMAN	68	218	0
NDUB7_HUMAN	118	172	0
NDUB8_HUMAN	142	113	0
NDUB9_HUMAN	159	87	0
NDUBA_HUMAN	167	88	0
NDUBB_HUMAN	111	134	0
NDUC1_HUMAN	1	2890	0
NDUC2_HUMAN	109	163	0
NDUF3_HUMAN	130	124	0
NDUF4_HUMAN	325	85	0
NDUF5_HUMAN	103	223	0
NDUF6_HUMAN	5	2432	0
NDUS1_HUMAN	390	49	0
NDUS2_HUMAN	315	53	0
NDUS3_HUMAN	431	44	0
NDUS4_HUMAN	214	109	0
NDUS5_HUMAN	157	112	0
NDUS6_HUMAN	252	92	0
NDUS7_HUMAN	312	67	0
NDUS8_HUMAN	283	69	0
NDUV1_HUMAN	318	74	0
NDUV2_HUMAN	221	78	0
NDUV3_HUMAN	186	131	0
NEB1_HUMAN	133	101	0
NEB2_HUMAN	235	65	0
NEBL_HUMAN	75	153	0
NEBU_HUMAN	102	129	0
NEC1_HUMAN	17	631	0
NEC2_HUMAN	6	919	0
NECA1_HUMAN	34	363	0
NECA2_HUMAN	102	216	0
NECA3_HUMAN	11	628	0
NECD_HUMAN	389	60	0
NECP1_HUMAN	76	170	0
NECP2_HUMAN	59	165	0
NED4L_HUMAN	237	54	0
NEDD1_HUMAN	216	93	0
NEDD4_HUMAN	467	36	0
NEDD8_HUMAN	840	29	0
NEGR1_HUMAN	19	287	0
NEIL1_HUMAN	272	160	0
NEIL2_HUMAN	23	421	0
NEIL3_HUMAN	48	225	0
NEK10_HUMAN	127	130	0
NEK11_HUMAN	23	321	0
NEK1_HUMAN	86	170	0
NEK2_HUMAN	127	98	0
NEK3_HUMAN	24	406	0
NEK4_HUMAN	583	45	0
NEK5_HUMAN	8	487	0
NEK6_HUMAN	188	108	0
NEK7_HUMAN	161	121	0
NEK8_HUMAN	66	168	0
NEK9_HUMAN	114	121	0
NELFA_HUMAN	89	107	0
NELFB_HUMAN	123	109	0
NELFD_HUMAN	107	131	0
NELFE_HUMAN	198	75	0
NELF_HUMAN,NSMF_HUMAN	35	431	0
NELL1_HUMAN	51	229	0
NELL2_HUMAN	56	181	0
NEMF_HUMAN	91	134	0
NEMO_HUMAN	539	32	0
NENF_HUMAN	87	146	0
NEO1_HUMAN	56	175	0
NEP1_HUMAN	97	124	0
NEPR1_HUMAN	5	536	0
NEP_HUMAN	136	102	0
NEST_HUMAN	151	95	0
NET1_HUMAN	24	365	0
NET3_HUMAN	5	422	0
NET4_HUMAN	24	401	0
NET5_HUMAN	40	792	0
NETO1_HUMAN	9	667	0
NETO2_HUMAN	62	263	0
NETR_HUMAN	15	799	0
NEU1A_HUMAN,NEUL1_HUMAN	14	346	0
NEU1B_HUMAN	4	1226	0
NEU1_HUMAN	8	1209	0
NEU2_HUMAN	28	429	0
NEUA_HUMAN	125	104	0
NEUFC_HUMAN	44	547	0
NEUG_HUMAN	14	395	0
NEUL2_HUMAN	2	1582	0
NEUL4_HUMAN	234	81	0
NEUL_HUMAN	68	177	0
NEUM_HUMAN	47	190	0
NEUR1_HUMAN	67	127	0
NEUR2_HUMAN	51	326	0
NEUR3_HUMAN	26	269	0
NEUR4_HUMAN	27	437	0
NEUS_HUMAN	8	844	0
NEUT_HUMAN	10	555	0
NEXN_HUMAN	107	126	0
NF1_HUMAN	197	82	0
NF2IP_HUMAN	71	160	0
NF2L1_HUMAN	53	231	0
NF2L2_HUMAN	199	81	0
NF2L3_HUMAN	21	554	0
NFAC1_HUMAN	167	100	0
NFAC2_HUMAN	193	78	0
NFAC3_HUMAN	46	178	0
NFAC4_HUMAN	40	325	0
NFAM1_HUMAN	11	952	0
NFASC_HUMAN	37	206	0
NFAT5_HUMAN	43	165	0
NFE2_HUMAN	21	693	0
NFE4_HUMAN	7	798	0
NFH_HUMAN	69	202	0
NFIA_HUMAN	719	73	0
NFIB_HUMAN	676	67	0
NFIC_HUMAN	817	48	0
NFIL3_HUMAN	40	199	0
NFIP1_HUMAN	116	152	0
NFIP2_HUMAN	62	207	0
NFIX_HUMAN	586	83	0
NFKB1_HUMAN	501	43	0
NFKB2_HUMAN	233	60	0
NFL_HUMAN	174	99	0
NFM_HUMAN	203	65	0
NFRKB_HUMAN	123	116	0
NFS1_HUMAN	161	104	0
NFU1_HUMAN	63	272	0
NFX1_HUMAN	461	43	0
NFXL1_HUMAN	132	89	0
NFYA_HUMAN	93	161	0
NFYB_HUMAN	48	196	0
NFYC_HUMAN	150	144	0
NGAL_HUMAN	169	112	0
NGAP_HUMAN	160	94	0
NGBR_HUMAN	65	155	0
NGB_HUMAN	157	104	0
NGDN_HUMAN	123	146	0
NGEF_HUMAN	76	165	0
NGF_HUMAN	8	982	0
NGLY1_HUMAN	83	171	0
NGN1_HUMAN	17	794	0
NGN2_HUMAN	5	1434	0
NGN3_HUMAN	154	166	0
NGRN_HUMAN	233	135	0
NH2L1_HUMAN	288	89	0
NHEJ1_HUMAN	14	616	0
NHLC1_HUMAN	19	743	0
NHLC2_HUMAN	373	60	0
NHLC3_HUMAN	45	602	0
NHLC4_HUMAN	19	1607	0
NHP2_HUMAN	123	124	0
NHRF1_HUMAN	191	79	0
NHRF2_HUMAN	195	95	0
NHRF3_HUMAN	65	190	0
NHRF4_HUMAN	19	1041	0
NHSL1_HUMAN	50	143	0
NHSL2_HUMAN	53	326	0
NHS_HUMAN	49	173	0
NIBAN_HUMAN	25	214	0
NIBL1_HUMAN	165	87	0
NIBL2_HUMAN	3	1378	0
NICA_HUMAN	205	79	0
NICN1_HUMAN	23	780	0
NID1_HUMAN	47	218	0
NID2_HUMAN	77	184	0
NID67_HUMAN,SMIM3_HUMAN	53	683	0
NIF3L_HUMAN	186	114	0
NIM1_HUMAN	7	798	0
NINJ1_HUMAN	23	584	0
NINJ2_HUMAN	82	348	0
NINL_HUMAN	455	70	0
NIN_HUMAN	368	69	0
NIP7_HUMAN	173	101	0
NIPA1_HUMAN	179	98	0
NIPA2_HUMAN	18	793	0
NIPA3_HUMAN	164	215	0
NIPA4_HUMAN	39	296	0
NIPA_HUMAN	137	127	0
NIPBL_HUMAN	199	68	0
NIPS1_HUMAN	253	66	0
NIPS2_HUMAN	265	59	0
NISCH_HUMAN	185	70	0
NIT1_HUMAN	157	123	0
NIT2_HUMAN	76	166	0
NJMU_HUMAN	60	143	0
NK1R_HUMAN	70	422	0
NK2R_HUMAN	2	14059	0
NK3R_HUMAN	77	345	0
NKAI1_HUMAN	65	652	0
NKAI3_HUMAN	7	1764	0
NKAI4_HUMAN	3	5227	0
NKAPL_HUMAN	25	316	0
NKAP_HUMAN	146	126	0
NKD1_HUMAN	21	308	0
NKD2_HUMAN	36	207	0
NKG2A_HUMAN	161	232	0
NKG2C_HUMAN	49	594	0
NKG2D_HUMAN	28	669	0
NKG2E_HUMAN	26	1282	0
NKG2F_HUMAN	39	296	0
NKG7_HUMAN	51	604	0
NKRF_HUMAN	255	92	0
NKTR_HUMAN	97	157	0
NKX11_HUMAN	1	4344	0
NKX12_HUMAN	4	1105	0
NKX21_HUMAN	178	97	0
NKX22_HUMAN	9	668	0
NKX23_HUMAN	4	724	0
NKX24_HUMAN	15	1375	0
NKX25_HUMAN	70	205	0
NKX26_HUMAN	1	2938	0
NKX28_HUMAN	8	497	0
NKX31_HUMAN	52	213	0
NKX32_HUMAN	8	893	0
NKX61_HUMAN	3	2954	0
NKX62_HUMAN	1	18259	0
NLE1_HUMAN	208	96	0
NLGN1_HUMAN	22	667	0
NLGN2_HUMAN	71	245	0
NLGN3_HUMAN	90	169	0
NLGNX_HUMAN	5	1467	0
NLGNY_HUMAN	6	604	0
NLK_HUMAN	73	179	0
NLRC3_HUMAN	11	508	0
NLRC4_HUMAN	22	556	0
NLRC5_HUMAN	24	236	0
NLRX1_HUMAN	90	131	0
NLTP_HUMAN	77	128	0
NMBR_HUMAN	1	14575	0
NMB_HUMAN	31	541	0
NMD3A_HUMAN	10	675	0
NMD3B_HUMAN	28	563	0
NMD3_HUMAN	119	124	0
NMDE1_HUMAN	66	190	0
NMDE2_HUMAN	78	150	0
NMDE3_HUMAN	18	400	0
NMDE4_HUMAN	13	361	0
NMDZ1_HUMAN	62	180	0
NMES1_HUMAN	200	161	0
NMI_HUMAN	126	105	0
NMNA1_HUMAN	126	159	0
NMNA2_HUMAN	30	326	0
NMNA3_HUMAN	7	693	0
NMRL1_HUMAN	239	64	0
NMS_HUMAN	26	918	0
NMT1_HUMAN	161	88	0
NMT2_HUMAN	75	142	0
NMUR1_HUMAN	1	13896	0
NMUR2_HUMAN	29	660	0
NMU_HUMAN	87	432	0
NNAT_HUMAN	1	15694	0
NNMT_HUMAN	13	396	0
NNRD_HUMAN	75	118	0
NNRE_HUMAN	65	135	0
NNTM_HUMAN	197	75	0
NO40_HUMAN	109	110	0
NO66_HUMAN	68	147	0
NOA1_HUMAN	123	160	0
NOB1_HUMAN	121	113	0
NOBOX_HUMAN	5	2019	0
NOC2L_HUMAN	292	61	0
NOC3L_HUMAN	228	108	0
NOC4L_HUMAN	196	87	0
NOCT_HUMAN	49	548	0
NOD1_HUMAN	33	236	0
NOD2_HUMAN	106	131	0
NODAL_HUMAN	4	2374	0
NOE1_HUMAN	23	243	0
NOE2_HUMAN	105	191	0
NOE3_HUMAN	14	799	0
NOG1_HUMAN	433	45	0
NOG2_HUMAN	368	87	0
NOGG_HUMAN	46	494	0
NOL10_HUMAN	157	125	0
NOL11_HUMAN	136	113	0
NOL12_HUMAN	158	185	0
NOL3_HUMAN	37	222	0
NOL4_HUMAN	62	276	0
NOL6_HUMAN	155	111	0
NOL7_HUMAN	94	153	0
NOL8_HUMAN	119	135	0
NOL9_HUMAN	143	93	0
NOLC1_HUMAN	338	60	0
NOM1_HUMAN	163	111	0
NOMO1_HUMAN	196	64	0
NOMO2_HUMAN	64	118	0
NOMO3_HUMAN	73	139	0
NONO_HUMAN	504	48	0
NOP10_HUMAN	90	138	0
NOP14_HUMAN	206	90	0
NOP16_HUMAN	188	110	0
NOP2_HUMAN	424	53	0
NOP56_HUMAN	587	38	0
NOP58_HUMAN	310	61	0
NOS1_HUMAN	45	228	0
NOS2_HUMAN	168	86	0
NOS3_HUMAN	61	133	0
NOSIP_HUMAN	91	119	0
NOSTN_HUMAN	13	647	0
NOTC1_HUMAN	350	51	0
NOTC2_HUMAN	498	44	0
NOTC3_HUMAN	86	139	0
NOTC4_HUMAN	13	473	0
NOTO_HUMAN	30	612	0
NOTUM_HUMAN	5	2507	0
NOVA1_HUMAN	17	372	0
NOVA2_HUMAN	15	316	0
NOV_HUMAN	33	311	0
NOX1_HUMAN	17	377	0
NOX3_HUMAN	10	463	0
NOX4_HUMAN	16	547	0
NOX5_HUMAN	13	463	0
NOXA1_HUMAN	59	260	0
NOXIN_HUMAN,DDIAS_HUMAN	16	467	0
NOXO1_HUMAN	34	265	0
NP1L1_HUMAN	387	44	0
NP1L2_HUMAN	34	498	0
NP1L3_HUMAN	29	514	0
NP1L4_HUMAN	218	66	0
NP1L5_HUMAN	59	293	0
NPA1P_HUMAN	149	123	0
NPAL2_HUMAN	5	1802	0
NPAL3_HUMAN	255	96	0
NPAS1_HUMAN	247	124	0
NPAS2_HUMAN	41	285	0
NPAS3_HUMAN	9	453	0
NPAS4_HUMAN	5	1638	0
NPAT_HUMAN	60	279	0
NPBW1_HUMAN	4	1861	0
NPBW2_HUMAN	17	1185	0
NPB_HUMAN	27	485	0
NPC1_HUMAN	379	54	0
NPC2_HUMAN	66	171	0
NPCL1_HUMAN	49	222	0
NPDC1_HUMAN	70	169	0
NPFF1_HUMAN	1	17285	0
NPFF2_HUMAN	5	748	0
NPFF_HUMAN	2	2736	0
NPHN_HUMAN	24	435	0
NPHP1_HUMAN	98	180	0
NPHP3_HUMAN	36	279	0
NPHP4_HUMAN	106	150	0
NPIP_HUMAN,NPIA1_HUMAN	2	1087	0
NPL4_HUMAN	224	62	0
NPL_HUMAN	7	2354	0
NPM2_HUMAN	12	753	0
NPM3_HUMAN	314	97	0
NPM_HUMAN	1297	22	0
NPNT_HUMAN	7	922	0
NPPL2_HUMAN,NPB15_HUMAN	2	1365	0
NPRL2_HUMAN	93	175	0
NPRL3_HUMAN	81	159	0
NPS3A_HUMAN	107	181	0
NPS3B_HUMAN	20	1032	0
NPSR1_HUMAN	34	439	0
NPT1_HUMAN	9	1085	0
NPT2A_HUMAN	49	220	0
NPT2B_HUMAN	126	171	0
NPT2C_HUMAN	8	3911	0
NPT3_HUMAN	56	362	0
NPT4_HUMAN	18	768	0
NPTN_HUMAN	304	58	0
NPTX1_HUMAN	86	173	0
NPTX2_HUMAN	21	506	0
NPTX3_HUMAN	2	6193	0
NPTXR_HUMAN	32	403	0
NPW_HUMAN	19	1286	0
NPY1R_HUMAN	4	5261	0
NPY2R_HUMAN	65	344	0
NPY4R_HUMAN	1	5468	0
NPY5R_HUMAN	3	1406	0
NPY6R_HUMAN	1	4588	0
NPY_HUMAN	14	539	0
NQO1_HUMAN	92	96	0
NQO2_HUMAN	37	182	0
NR0B1_HUMAN	20	456	0
NR0B2_HUMAN	66	239	0
NR1D1_HUMAN	26	484	0
NR1D2_HUMAN	63	200	0
NR1H2_HUMAN	73	213	0
NR1H3_HUMAN	55	255	0
NR1H4_HUMAN	26	331	0
NR1I2_HUMAN	48	251	0
NR1I3_HUMAN	38	257	0
NR2C1_HUMAN	85	229	0
NR2C2_HUMAN	1392	23	0
NR2CA_HUMAN	11	801	0
NR2E1_HUMAN	36	460	0
NR2E3_HUMAN	30	515	0
NR2F6_HUMAN	41	263	0
NR3L1_HUMAN	66	400	0
NR4A1_HUMAN	211	80	0
NR4A2_HUMAN	24	373	0
NR4A3_HUMAN	46	277	0
NR5A2_HUMAN	36	332	0
NR6A1_HUMAN	7	1863	0
NRAM1_HUMAN	33	389	0
NRAM2_HUMAN	121	143	0
NRAP_HUMAN	17	493	0
NRARP_HUMAN	2	2879	0
NRBF2_HUMAN	76	232	0
NRBP2_HUMAN	63	193	0
NRBP_HUMAN	135	82	0
NRCAM_HUMAN	35	172	0
NRDC_HUMAN	142	123	0
NREP_HUMAN	18	297	0
NRF1_HUMAN	74	156	0
NRG1_HUMAN	105	183	0
NRG2_HUMAN	5	786	0
NRG3_HUMAN	3	1087	0
NRG4_HUMAN	5	3576	0
NRIP1_HUMAN	159	89	0
NRIP2_HUMAN	6	2825	0
NRIP3_HUMAN	13	462	0
NRK1_HUMAN	6	1495	0
NRK2_HUMAN	6	1884	0
NRK_HUMAN	7	903	0
NRL_HUMAN	4	3065	0
NRM_HUMAN	83	234	0
NRN1L_HUMAN	2	2300	0
NRN1_HUMAN	39	956	0
NRP1_HUMAN	326	57	0
NRP2_HUMAN	55	223	0
NRSN1_HUMAN	176	125	0
NRSN2_HUMAN	17	791	0
NRTN_HUMAN	3	4549	0
NRX1A_HUMAN	121	150	0
NRX1B_HUMAN	1	15000	0
NRX2A_HUMAN	18	362	0
NRX2B_HUMAN	8	1143	0
NRX3A_HUMAN	29	352	0
NRX3B_HUMAN	16	1163	0
NS1BP_HUMAN	154	75	0
NSA2_HUMAN	231	118	0
NSD1_HUMAN	121	113	0
NSD2_HUMAN	361	63	0
NSD3_HUMAN	120	102	0
NSDHL_HUMAN	186	71	0
NSE1_HUMAN	33	327	0
NSE2_HUMAN	38	182	0
NSE4A_HUMAN	52	247	0
NSF1C_HUMAN	166	89	0
NSF_HUMAN	268	47	0
NSG1_HUMAN	42	427	0
NSG2_HUMAN	29	388	0
NSL1_HUMAN	52	263	0
NSMA2_HUMAN	33	299	0
NSMA3_HUMAN	181	74	0
NSMA_HUMAN	362	92	0
NSN5B_HUMAN	58	247	0
NSN5C_HUMAN	14	317	0
NSRP1_HUMAN	199	92	0
NSUN2_HUMAN	305	53	0
NSUN3_HUMAN	36	275	0
NSUN4_HUMAN	87	147	0
NSUN5_HUMAN	79	135	0
NSUN6_HUMAN	14	346	0
NSUN7_HUMAN	7	570	0
NT2NL_HUMAN	380	80	0
NT5C_HUMAN	42	238	0
NT5D1_HUMAN	32	221	0
NT5D2_HUMAN	131	113	0
NT5D3_HUMAN	50	166	0
NT5D4_HUMAN	2	767	0
NTAL_HUMAN	8	535	0
NTAN1_HUMAN	12	770	0
NTAQ1_HUMAN	427	68	0
NTCP2_HUMAN	30	549	0
NTCP4_HUMAN	33	811	0
NTCP5_HUMAN	94	207	0
NTCP7_HUMAN	30	462	0
NTCP_HUMAN	146	201	0
NTF2_HUMAN	103	120	0
NTF3_HUMAN	29	344	0
NTF4_HUMAN	9	939	0
NTHL1_HUMAN,NTH_HUMAN	47	225	0
NTKL_HUMAN	147	85	0
NTM1A_HUMAN	59	166	0
NTNG1_HUMAN	114	205	0
NTNG2_HUMAN	7	1097	0
NTPCR_HUMAN	150	78	0
NTR1_HUMAN	65	256	0
NTR2_HUMAN	1	13867	0
NTRI_HUMAN	39	224	0
NTRK1_HUMAN	2050	15	0
NTRK2_HUMAN	146	92	0
NTRK3_HUMAN	375	41	0
NU107_HUMAN	228	61	0
NU133_HUMAN	199	63	0
NU153_HUMAN	231	68	0
NU155_HUMAN	548	38	0
NU160_HUMAN	193	73	0
NU188_HUMAN	169	77	0
NU1M_HUMAN	77	202	0
NU205_HUMAN	267	51	0
NU214_HUMAN	202	63	0
NU2M_HUMAN	23	508	0
NU3M_HUMAN	4	906	0
NU4LM_HUMAN	5	754	0
NU4M_HUMAN	73	156	0
NU5M_HUMAN	74	202	0
NU6M_HUMAN	26	1012	0
NUA4L_HUMAN	20	371	0
NUAK1_HUMAN	94	123	0
NUAK2_HUMAN	56	181	0
NUB1_HUMAN	55	146	0
NUBP1_HUMAN	59	189	0
NUBP2_HUMAN	177	71	0
NUBPL_HUMAN	72	166	0
NUCB1_HUMAN	108	99	0
NUCB2_HUMAN	115	99	0
NUCG_HUMAN	61	173	0
NUCKS_HUMAN	221	78	0
NUCL_HUMAN	833	27	0
NUD10_HUMAN	21	270	0
NUD11_HUMAN	10	295	0
NUD12_HUMAN	41	221	0
NUD13_HUMAN	17	650	0
NUD14_HUMAN	21	294	0
NUD15_HUMAN	11	719	0
NUD16_HUMAN	22	326	0
NUD18_HUMAN	38	536	0
NUD19_HUMAN	146	109	0
NUD22_HUMAN	25	1084	0
NUDC1_HUMAN	231	91	0
NUDC2_HUMAN	424	47	0
NUDC3_HUMAN	153	96	0
NUDC_HUMAN	321	51	0
NUDT3_HUMAN	107	143	0
NUDT4_HUMAN	15	233	0
NUDT5_HUMAN	81	124	0
NUDT6_HUMAN	21	620	0
NUDT7_HUMAN	1	2334	0
NUDT8_HUMAN	24	775	0
NUDT9_HUMAN	48	206	0
NUF2_HUMAN	118	135	0
NUFP1_HUMAN	137	132	0
NUFP2_HUMAN	399	80	0
NUMA1_HUMAN	493	39	0
NUMBL_HUMAN	118	100	0
NUMB_HUMAN	231	64	0
NUP37_HUMAN	71	136	0
NUP43_HUMAN	605	51	0
NUP50_HUMAN	345	52	0
NUP53_HUMAN	442	54	0
NUP54_HUMAN	120	128	0
NUP62_HUMAN	280	63	0
NUP85_HUMAN	152	74	0
NUP88_HUMAN	152	97	0
NUP93_HUMAN	286	54	0
NUP98_HUMAN	342	47	0
NUPL1_HUMAN,NUP58_HUMAN	91	139	0
NUPL2_HUMAN	151	106	0
NUPR1_HUMAN	677	41	0
NUSAP_HUMAN	128	105	0
NUT_HUMAN,NUTM1_HUMAN	55	399	0
NVL_HUMAN	148	126	0
NWD1_HUMAN	5	1848	0
NXF1_HUMAN	1353	23	0
NXF2_HUMAN	63	250	0
NXF3_HUMAN	8	1142	0
NXF5_HUMAN	18	376	0
NXNL1_HUMAN	4	2529	0
NXNL2_HUMAN	6	1268	0
NXN_HUMAN	41	195	0
NXP20_HUMAN	35	244	0
NXPH1_HUMAN	29	825	0
NXPH2_HUMAN	31	583	0
NXPH3_HUMAN	78	283	0
NXPH4_HUMAN	35	475	0
NXRD1_HUMAN	1	7309	0
NXT1_HUMAN	35	278	0
NXT2_HUMAN	46	233	0
NYAP1_HUMAN	8	482	0
NYAP2_HUMAN	7	1125	0
NYNRI_HUMAN	31	306	0
NYX_HUMAN	17	696	0
O10A4_HUMAN	6	1225	0
O10A5_HUMAN	1	875	0
O10AG_HUMAN	5	4211	0
O10G2_HUMAN	1	10176	0
O10G3_HUMAN	1	3215	0
O10G4_HUMAN	7	1390	0
O10G7_HUMAN	1	4610	0
O10G8_HUMAN	1	4610	0
O10G9_HUMAN	5	1663	0
O10H1_HUMAN	48	440	0
O10H2_HUMAN	71	629	0
O10H3_HUMAN	8	1647	0
O10J1_HUMAN	1	2813	0
O10J5_HUMAN	1	9242	0
O10K1_HUMAN	1	2823	0
O10S1_HUMAN	7	2922	0
O10V1_HUMAN	1	1517	0
O11G2_HUMAN	4	5860	0
O12D3_HUMAN	3	4525	0
O13A1_HUMAN	1	5555	0
O13C3_HUMAN	34	1041	0
O13C4_HUMAN	1	2340	0
O13C5_HUMAN	2	4087	0
O13C8_HUMAN	1	3442	0
O13D1_HUMAN	1	3377	0
O13G1_HUMAN	22	1395	0
O13J1_HUMAN	8	2339	0
O14CZ_HUMAN	1	1847	0
O14I1_HUMAN	3	1270	0
O14J1_HUMAN	3	11036	0
O2A25_HUMAN	1	9162	0
O2AE1_HUMAN	1	2626	0
O2AG1_HUMAN	1	7705	0
O2AJ1_HUMAN	1	2374	0
O2T10_HUMAN	3	2290	0
O2T11_HUMAN	1	5449	0
O2T12_HUMAN	1	18519	0
O2T29_HUMAN	1	3019	0
O2T33_HUMAN	2	6298	0
O2T35_HUMAN	3	620	0
O3FA1_HUMAN	1	3397	0
O4A15_HUMAN	1	18071	0
O4A16_HUMAN	1	4170	0
O4F21_HUMAN	1	7501	0
O51A2_HUMAN	1	4686	0
O51A4_HUMAN	1	3442	0
O51B2_HUMAN	1	13065	0
O51B4_HUMAN	1	7375	0
O51B5_HUMAN	1	13731	0
O51E1_HUMAN	2	5646	0
O51E2_HUMAN	10	1107	0
O51F2_HUMAN	1	3642	0
O51G1_HUMAN	1	2914	0
O51L1_HUMAN	1	3442	0
O51M1_HUMAN	1	2746	0
O51V1_HUMAN	1	6315	0
O52B2_HUMAN	17	1541	0
O52E2_HUMAN	1	7140	0
O52I1_HUMAN	4	2486	0
O52K2_HUMAN	4	5275	0
O52L1_HUMAN	2	3262	0
O52N1_HUMAN	1	3442	0
O52N4_HUMAN	3	5344	0
O52N5_HUMAN	4	5523	0
O52P1_HUMAN	1	2799	0
O52W1_HUMAN	1	14336	0
O56A1_HUMAN	2	9069	0
O56A3_HUMAN	1	4023	0
O56B4_HUMAN	1	14284	0
O5AC2_HUMAN	2	871	0
O5AR1_HUMAN	1	3619	0
O5AS1_HUMAN	1	15856	0
O6C70_HUMAN	1	10115	0
O6C75_HUMAN	1	1152	0
O7E24_HUMAN	1	4935	0
OAF_HUMAN	62	707	0
OAS1_HUMAN	81	175	0
OAS2_HUMAN	16	292	0
OAS3_HUMAN	65	146	0
OASL_HUMAN	231	99	0
OAT_HUMAN	232	59	0
OAZ1_HUMAN	38	204	0
OAZ2_HUMAN	12	401	0
OAZ3_HUMAN	44	595	0
OBF1_HUMAN	63	232	0
OBP2A_HUMAN	9	1569	0
OBP2B_HUMAN	1	17542	0
OBRG_HUMAN	18	621	0
OBSCN_HUMAN	73	128	0
OBSL1_HUMAN	892	27	0
OC90_HUMAN	22	930	0
OCAD1_HUMAN	496	47	0
OCAD2_HUMAN	78	135	0
OCC1_HUMAN	22	603	0
OCEL1_HUMAN	4	1041	0
OCLN_HUMAN	105	184	0
OCM2_HUMAN	7	1807	0
OCRL_HUMAN	302	48	0
OCTC_HUMAN	16	782	0
OD3L1_HUMAN	11	564	0
OD3L2_HUMAN	14	520	0
ODAM_HUMAN	20	415	0
ODB2_HUMAN	217	105	0
ODBA_HUMAN	204	79	0
ODBB_HUMAN	68	150	0
ODC_HUMAN	33	319	0
ODF2L_HUMAN	45	268	0
ODF3A_HUMAN	13	641	0
ODF3B_HUMAN	9	1709	0
ODFP1_HUMAN	30	513	0
ODFP2_HUMAN	316	96	0
ODFP4_HUMAN	24	972	0
ODO1_HUMAN	261	64	0
ODO2_HUMAN	495	39	0
ODP2_HUMAN	249	64	0
ODPAT_HUMAN	21	304	0
ODPA_HUMAN	735	35	0
ODPB_HUMAN	339	46	0
ODPX_HUMAN	117	108	0
ODR4_HUMAN	132	89	0
OFCC1_HUMAN	17	429	0
OFD1_HUMAN	354	71	0
OFUT1_HUMAN	55	159	0
OFUT2_HUMAN	22	210	0
OGDHL_HUMAN	47	203	0
OGFD1_HUMAN	53	224	0
OGFD2_HUMAN	7	781	0
OGFR_HUMAN	55	146	0
OGG1_HUMAN	19	609	0
OGR1_HUMAN	1	4132	0
OGRL1_HUMAN	3	3351	0
OGT1_HUMAN	315	63	0
OIT3_HUMAN	65	276	0
OLA1_HUMAN	150	71	0
OLFL3_HUMAN	19	777	0
OLFM4_HUMAN	106	190	0
OLIG1_HUMAN	28	471	0
OLIG2_HUMAN	25	315	0
OLIG3_HUMAN	29	778	0
OLM2A_HUMAN	10	421	0
OLM2B_HUMAN	17	369	0
OLR1_HUMAN	30	329	0
OMA1_HUMAN	157	170	0
OMD_HUMAN	5	1838	0
OMGP_HUMAN	6	635	0
OMP_HUMAN	14	1661	0
ONCM_HUMAN	15	1020	0
ONCO_HUMAN	11	1139	0
ONEC2_HUMAN	12	371	0
ONEC3_HUMAN	9	786	0
OOEP_HUMAN	14	951	0
OPA1_HUMAN	241	54	0
OPA3_HUMAN	129	163	0
OPALI_HUMAN	221	121	0
OPCM_HUMAN	22	335	0
OPHN1_HUMAN	10	337	0
OPLA_HUMAN	12	310	0
OPN3_HUMAN	6	1115	0
OPN4_HUMAN	5	1800	0
OPN5_HUMAN	2	4695	0
OPRD_HUMAN	41	356	0
OPRK_HUMAN	13	1019	0
OPRM_HUMAN	138	157	0
OPRX_HUMAN	102	226	0
OPSB_HUMAN	3	941	0
OPSD_HUMAN	12	692	0
OPSR_HUMAN	4	2112	0
OPSX_HUMAN	1	13912	0
OPTN_HUMAN	421	42	0
OPT_HUMAN	15	1034	0
OR1A1_HUMAN	2	4011	0
OR1A2_HUMAN	3	4076	0
OR1C1_HUMAN	1	3507	0
OR1D2_HUMAN	2	2023	0
OR1D4_HUMAN	25	1092	0
OR1E1_HUMAN	3	4524	0
OR1E2_HUMAN	1	4675	0
OR1FC_HUMAN	1	10425	0
OR1G1_HUMAN	1	3375	0
OR1L3_HUMAN	3	816	0
OR1M1_HUMAN	25	571	0
OR1N1_HUMAN	1	11518	0
OR2A2_HUMAN	1	8218	0
OR2A4_HUMAN	145	233	0
OR2B3_HUMAN	2	2389	0
OR2F2_HUMAN	1	1324	0
OR2G3_HUMAN	1	6656	0
OR2G6_HUMAN	16	1073	0
OR2H1_HUMAN	2	4193	0
OR2H2_HUMAN	2	7763	0
OR2J1_HUMAN	1	4311	0
OR2K2_HUMAN	6	1940	0
OR2LD_HUMAN	6	2239	0
OR2M7_HUMAN	22	785	0
OR2S1_HUMAN	2	5093	0
OR2T1_HUMAN	4	1522	0
OR2T2_HUMAN	1	9514	0
OR2T5_HUMAN	1	3019	0
OR2T6_HUMAN	1	3659	0
OR2W1_HUMAN	1	2319	0
OR2W3_HUMAN	2	1189	0
OR3A1_HUMAN	4	2221	0
OR3A2_HUMAN	2	1593	0
OR4B1_HUMAN	1	3442	0
OR4C6_HUMAN	1	970	0
OR4CC_HUMAN	1	6234	0
OR4CD_HUMAN	1	3722	0
OR4CF_HUMAN	1	2174	0
OR4D2_HUMAN	4	2484	0
OR4D6_HUMAN	3	1885	0
OR4E2_HUMAN	2	5238	0
OR4F3_HUMAN	1	15856	0
OR4K3_HUMAN	3	1197	0
OR4KD_HUMAN	1	4367	0
OR4KH_HUMAN	2	2294	0
OR4L1_HUMAN	1	1526	0
OR4M1_HUMAN	2	902	0
OR4N2_HUMAN	29	672	0
OR4N4_HUMAN	1	2936	0
OR4N5_HUMAN	1	3261	0
OR4Q3_HUMAN	2	5233	0
OR4S2_HUMAN	3	2018	0
OR4X1_HUMAN	1	4085	0
OR4X2_HUMAN	4	5955	0
OR5A1_HUMAN	1	3924	0
OR5A2_HUMAN	3	1929	0
OR5B2_HUMAN	1	3442	0
OR5B3_HUMAN	1	3687	0
OR5C1_HUMAN	5	4703	0
OR5F1_HUMAN	11	2019	0
OR5H1_HUMAN	8	2230	0
OR5H6_HUMAN	1	8509	0
OR5K2_HUMAN	1	4989	0
OR5L1_HUMAN	2	4282	0
OR5M3_HUMAN	3	2365	0
OR5M8_HUMAN	4	1276	0
OR5MA_HUMAN	1	3442	0
OR5MB_HUMAN	1	5634	0
OR5T1_HUMAN	1	3215	0
OR6A2_HUMAN	1	9526	0
OR6B1_HUMAN	9	649	0
OR6B3_HUMAN	2	3770	0
OR6C1_HUMAN	1	13321	0
OR6C3_HUMAN	1	2204	0
OR6C4_HUMAN	1	12953	0
OR6C6_HUMAN	1	5587	0
OR6J1_HUMAN	2	1450	0
OR6K3_HUMAN	4	1667	0
OR6M1_HUMAN	5	2977	0
OR6N1_HUMAN	1	16129	0
OR6S1_HUMAN	1	2307	0
OR6T1_HUMAN	40	364	0
OR6X1_HUMAN	1	6022	0
OR7A5_HUMAN	5	3858	0
OR7AA_HUMAN	2	1856	0
OR7AH_HUMAN	4	1191	0
OR7C1_HUMAN	1	8925	0
OR7C2_HUMAN	2	2657	0
OR7D2_HUMAN	1	11542	0
OR7D4_HUMAN	3	2364	0
OR7G1_HUMAN	2	2110	0
OR8B2_HUMAN	1	6566	0
OR8B3_HUMAN	1	5011	0
OR8B4_HUMAN	1	9191	0
OR8B8_HUMAN	3	2381	0
OR8D2_HUMAN	2	2868	0
OR8D4_HUMAN	1	3215	0
OR8G1_HUMAN	1	875	0
OR8H2_HUMAN	2	2382	0
OR8U8_HUMAN	1	3525	0
OR9A4_HUMAN	1	3525	0
OR9G1_HUMAN	1	2700	0
OR9K2_HUMAN	1	9102	0
OR9Q2_HUMAN	4	1233	0
ORAI2_HUMAN	10	742	0
ORAI3_HUMAN	4	3430	0
ORAV1_HUMAN	19	477	0
ORC1_HUMAN	88	133	0
ORC2_HUMAN	109	127	0
ORC3_HUMAN	93	140	0
ORC4_HUMAN	119	113	0
ORC5_HUMAN	83	129	0
ORC6_HUMAN	46	294	0
OREX_HUMAN	4	4432	0
ORML1_HUMAN	68	212	0
ORML2_HUMAN	59	276	0
ORML3_HUMAN	68	143	0
ORNT1_HUMAN	77	159	0
ORNT2_HUMAN	6	862	0
ORN_HUMAN	38	241	0
OS9_HUMAN	259	62	0
OSB10_HUMAN	59	146	0
OSB11_HUMAN	152	80	0
OSBL1_HUMAN	42	198	0
OSBL2_HUMAN	35	167	0
OSBL3_HUMAN	129	91	0
OSBL5_HUMAN	57	170	0
OSBL6_HUMAN	89	156	0
OSBL7_HUMAN	13	366	0
OSBL8_HUMAN	303	45	0
OSBL9_HUMAN	113	92	0
OSBP1_HUMAN	134	79	0
OSBP2_HUMAN	25	181	0
OSCAR_HUMAN	3	3668	0
OSCP1_HUMAN	14	874	0
OSGEP_HUMAN	149	103	0
OSGI1_HUMAN	51	211	0
OSGI2_HUMAN	3	803	0
OSGP2_HUMAN	7	750	0
OSMR_HUMAN	83	178	0
OSPT_HUMAN	57	198	0
OSR1_HUMAN	2	3001	0
OSR2_HUMAN	7	766	0
OST48_HUMAN	417	40	0
OST4_HUMAN	110	146	0
OSTA_HUMAN	48	388	0
OSTB_HUMAN	24	838	0
OSTCN_HUMAN	8	819	0
OSTC_HUMAN	60	139	0
OSTF1_HUMAN	90	127	0
OSTM1_HUMAN	109	145	0
OSTN_HUMAN	4	5109	0
OSTP_HUMAN	103	128	0
OTC_HUMAN	104	306	0
OTOAN_HUMAN	14	326	0
OTOF_HUMAN	9	450	0
OTOGL_HUMAN	8	568	0
OTOG_HUMAN	6	905	0
OTOL1_HUMAN	3	1796	0
OTOP1_HUMAN	4	1839	0
OTOP2_HUMAN	6	1930	0
OTOP3_HUMAN	8	2642	0
OTOR_HUMAN	2	5022	0
OTOSP_HUMAN	7	1587	0
OTP_HUMAN	9	2445	0
OTU1_HUMAN	513	45	0
OTU6A_HUMAN	32	346	0
OTU6B_HUMAN	94	159	0
OTU7A_HUMAN	24	217	0
OTU7B_HUMAN	70	134	0
OTUB1_HUMAN	511	40	0
OTUB2_HUMAN	92	161	0
OTUD1_HUMAN	170	85	0
OTUD3_HUMAN	50	197	0
OTUD4_HUMAN	247	73	0
OTUD5_HUMAN	51	205	0
OTX1_HUMAN	160	198	0
OTX2_HUMAN	51	388	0
OVCA2_HUMAN	7	357	0
OVCH1_HUMAN	4	2632	0
OVCH2_HUMAN	1	3399	0
OVGP1_HUMAN	6	2116	0
OVOL1_HUMAN	11	629	0
OVOL2_HUMAN	125	109	0
OX1R_HUMAN	7	1430	0
OX26_HUMAN	1	5536	0
OX2G_HUMAN	7	929	0
OX2R_HUMAN	36	774	0
OXA1L_HUMAN	161	79	0
OXDA_HUMAN	8	1157	0
OXDD_HUMAN	3	1088	0
OXER1_HUMAN	46	478	0
OXGR1_HUMAN	1	3038	0
OXLA_HUMAN	14	392	0
OXND1_HUMAN	19	351	0
OXR1_HUMAN	29	225	0
OXSM_HUMAN	38	257	0
OXSR1_HUMAN	285	56	0
OXYR_HUMAN	17	957	0
OZF_HUMAN	99	127	0
P121A_HUMAN	167	84	0
P121B_HUMAN	1	4048	0
P121C_HUMAN	108	93	0
P12L1_HUMAN	5	2484	0
P1L12_HUMAN	1	970	0
P20D1_HUMAN	11	1089	0
P20D2_HUMAN	64	207	0
P20L1_HUMAN	75	283	0
P210L_HUMAN	4	1095	0
P2R3A_HUMAN	58	179	0
P2R3B_HUMAN	28	431	0
P2R3C_HUMAN	41	241	0
P2RX1_HUMAN	24	782	0
P2RX2_HUMAN	68	347	0
P2RX3_HUMAN	6	1023	0
P2RX4_HUMAN	56	343	0
P2RX5_HUMAN	31	487	0
P2RX6_HUMAN	60	289	0
P2RX7_HUMAN	21	421	0
P2RY1_HUMAN	56	435	0
P2RY2_HUMAN	107	232	0
P2RY4_HUMAN	3	2245	0
P2RY6_HUMAN	374	68	0
P2RY8_HUMAN	210	145	0
P2Y10_HUMAN	111	209	0
P2Y11_HUMAN	6	661	0
P2Y12_HUMAN	62	481	0
P2Y13_HUMAN	1	11207	0
P2Y14_HUMAN	4	726	0
P33MX_HUMAN	108	120	0
P3C2A_HUMAN	196	77	0
P3C2B_HUMAN	58	120	0
P3C2G_HUMAN	3	935	0
P3H1_HUMAN	217	82	0
P3H2_HUMAN	41	230	0
P3H3_HUMAN	96	138	0
P3IP1_HUMAN	23	498	0
P3_HUMAN	22	420	0
P4HA1_HUMAN	302	45	0
P4HA2_HUMAN	178	84	0
P4HA3_HUMAN	148	129	0
P4HTM_HUMAN	37	238	0
P4K2A_HUMAN	95	113	0
P4K2B_HUMAN	68	188	0
P4R3A_HUMAN	184	97	0
P4R3B_HUMAN	80	162	0
P52K_HUMAN	107	154	0
P53_HUMAN	2369	13	0
P55G_HUMAN	209	96	0
P5CR1_HUMAN	218	73	0
P5CR2_HUMAN	210	88	0
P5CR3_HUMAN	134	115	0
P5CS_HUMAN	208	72	0
P5I11_HUMAN	40	159	0
P5I13_HUMAN	6	1689	0
P63_HUMAN	164	93	0
P66A_HUMAN	231	83	0
P66B_HUMAN	289	74	0
P73_HUMAN	160	119	0
P85A_HUMAN	467	49	0
P85B_HUMAN	237	57	0
PA1B2_HUMAN	79	152	0
PA1B3_HUMAN	74	122	0
PA1_HUMAN,PAGR1_HUMAN	55	265	0
PA21B_HUMAN	6	716	0
PA24A_HUMAN	60	163	0
PA24B_HUMAN	19	611	0
PA24C_HUMAN	3	1448	0
PA24D_HUMAN	30	415	0
PA24E_HUMAN	18	881	0
PA24F_HUMAN	9	1291	0
PA2G3_HUMAN	5	1825	0
PA2G4_HUMAN	307	48	0
PA2G5_HUMAN	9	1994	0
PA2G6_HUMAN,PLPL9_HUMAN	22	244	0
PA2GA_HUMAN	17	325	0
PA2GD_HUMAN	20	811	0
PA2GE_HUMAN	6	1492	0
PA2GF_HUMAN	4	777	0
PA2GX_HUMAN	119	174	0
PAAF1_HUMAN	83	159	0
PAB4L_HUMAN	52	386	0
PABP1_HUMAN	699	31	0
PABP2_HUMAN	206	83	0
PABP3_HUMAN	91	134	0
PABP4_HUMAN	483	51	0
PABP5_HUMAN	146	165	0
PACA_HUMAN	45	415	0
PACE1_HUMAN	98	169	0
PACN1_HUMAN	78	184	0
PACN2_HUMAN	187	69	0
PACN3_HUMAN	148	104	0
PACRG_HUMAN	27	268	0
PACRL_HUMAN	19	614	0
PACR_HUMAN	5	1161	0
PACS1_HUMAN	54	133	0
PACS2_HUMAN	21	285	0
PADC1_HUMAN	9	1520	0
PADI1_HUMAN	6	1159	0
PADI2_HUMAN	8	501	0
PADI3_HUMAN	35	544	0
PADI4_HUMAN	29	296	0
PADI6_HUMAN	17	909	0
PAEP_HUMAN	74	203	0
PAF1_HUMAN	210	89	0
PAFA2_HUMAN	16	366	0
PAFA_HUMAN	3	4169	0
PAF_HUMAN,PAF15_HUMAN	835	30	0
PAG15_HUMAN	20	318	0
PAG16_HUMAN,HRSL3_HUMAN	11	732	0
PAHO_HUMAN	9	1314	0
PAHX_HUMAN	25	651	0
PAI1_HUMAN	58	152	0
PAI2B_HUMAN	50	440	0
PAI2_HUMAN	118	130	0
PAIP1_HUMAN	155	112	0
PAIP2_HUMAN	64	218	0
PAIRB_HUMAN	1482	20	0
PAK1_HUMAN	236	82	0
PAK2_HUMAN	246	58	0
PAK3_HUMAN	44	223	0
PAK4_HUMAN	365	68	0
PAK6_HUMAN	72	147	0
PAK7_HUMAN	135	112	0
PAL4A_HUMAN	26	426	0
PAL4B_HUMAN,PAL4D_HUMAN	18	540	0
PALB2_HUMAN	85	162	0
PALD_HUMAN	91	120	0
PALLD_HUMAN	120	76	0
PALM2_HUMAN	67	180	0
PALM3_HUMAN	14	473	0
PALMD_HUMAN	148	134	0
PALM_HUMAN	86	118	0
PAMR1_HUMAN	3	2383	0
PAN2_HUMAN	391	53	0
PAN3_HUMAN	66	159	0
PANK1_HUMAN	8	622	0
PANK2_HUMAN	34	207	0
PANK3_HUMAN	12	275	0
PANK4_HUMAN	93	114	0
PANP_HUMAN	15	1366	0
PANX1_HUMAN	281	78	0
PANX2_HUMAN	10	482	0
PANX3_HUMAN	2	1983	0
PAOX_HUMAN	2	1674	0
PAP1L_HUMAN	30	237	0
PAP1M_HUMAN	12	427	0
PAPD1_HUMAN	153	89	0
PAPD5_HUMAN	149	124	0
PAPD7_HUMAN	13	324	0
PAPL_HUMAN,ACP7_HUMAN	24	487	0
PAPOA_HUMAN	94	102	0
PAPOB_HUMAN	8	390	0
PAPOG_HUMAN	34	252	0
PAPP1_HUMAN	22	352	0
PAPP2_HUMAN	5	1227	0
PAPS1_HUMAN	101	131	0
PAPS2_HUMAN	71	128	0
PAQR3_HUMAN	26	408	0
PAQR4_HUMAN	8	850	0
PAQR6_HUMAN	8	1554	0
PAQR9_HUMAN	8	802	0
PAQRA_HUMAN	8	1224	0
PAQRB_HUMAN	24	462	0
PAR10_HUMAN	22	199	0
PAR11_HUMAN	15	824	0
PAR12_HUMAN	60	188	0
PAR14_HUMAN	55	140	0
PAR15_HUMAN	3	3623	0
PAR16_HUMAN	56	226	0
PAR1_HUMAN	29	503	0
PAR2_HUMAN	177	112	0
PAR3L_HUMAN	49	186	0
PAR3_HUMAN	12	763	0
PAR4_HUMAN	4	678	0
PAR6A_HUMAN	69	209	0
PAR6B_HUMAN	136	114	0
PAR6G_HUMAN	35	312	0
PARD3_HUMAN	301	50	0
PARG_HUMAN	30	212	0
PARI_HUMAN	8	442	0
PARK7_HUMAN	351	52	0
PARL_HUMAN	222	118	0
PARM1_HUMAN	14	935	0
PARN_HUMAN	144	109	0
PARP1_HUMAN	1310	19	0
PARP2_HUMAN	155	116	0
PARP3_HUMAN	14	457	0
PARP4_HUMAN	49	174	0
PARP6_HUMAN	12	885	0
PARP8_HUMAN	21	342	0
PARP9_HUMAN	36	185	0
PARPT_HUMAN	1538	26	0
PARVA_HUMAN	84	109	0
PARVB_HUMAN	27	271	0
PARVG_HUMAN	49	332	0
PASD1_HUMAN	4	676	0
PASK_HUMAN	167	107	0
PATE1_HUMAN	122	202	0
PATE2_HUMAN	4	4690	0
PATE3_HUMAN	1	1650	0
PATL1_HUMAN	179	86	0
PATL2_HUMAN	5	2248	0
PATZ1_HUMAN	173	104	0
PAWR_HUMAN	135	103	0
PAX1_HUMAN	3	1804	0
PAX2_HUMAN	77	270	0
PAX3_HUMAN	42	243	0
PAX4_HUMAN	16	749	0
PAX5_HUMAN	100	186	0
PAX6_HUMAN	361	83	0
PAX7_HUMAN	126	242	0
PAX8_HUMAN	103	234	0
PAX9_HUMAN	133	174	0
PAXI1_HUMAN	356	77	0
PAXI_HUMAN	335	62	0
PB1_HUMAN	228	75	0
PBIP1_HUMAN	279	51	0
PBLD_HUMAN	22	336	0
PBX1_HUMAN	70	208	0
PBX2_HUMAN	90	152	0
PBX3_HUMAN	89	188	0
PBX4_HUMAN	80	182	0
PC11X_HUMAN	8	448	0
PC11Y_HUMAN	3	1086	0
PC4L1_HUMAN	3	1094	0
PCAT1_HUMAN	132	82	0
PCAT2_HUMAN	76	180	0
PCBP1_HUMAN	697	27	0
PCBP2_HUMAN	313	47	0
PCBP3_HUMAN	130	131	0
PCBP4_HUMAN	47	212	0
PCCA_HUMAN	145	84	0
PCCB_HUMAN	173	98	0
PCD10_HUMAN	65	213	0
PCD12_HUMAN	22	765	0
PCD15_HUMAN	4	1640	0
PCD16_HUMAN	43	231	0
PCD17_HUMAN	42	207	0
PCD18_HUMAN	18	408	0
PCD19_HUMAN	20	618	0
PCD20_HUMAN	88	270	0
PCD23_HUMAN	26	628	0
PCDA1_HUMAN	9	715	0
PCDA2_HUMAN	15	606	0
PCDA3_HUMAN	38	824	0
PCDA4_HUMAN	58	255	0
PCDA5_HUMAN	3	2331	0
PCDA6_HUMAN	14	416	0
PCDA7_HUMAN	12	853	0
PCDA8_HUMAN	75	248	0
PCDA9_HUMAN	31	1085	0
PCDAA_HUMAN	21	673	0
PCDAB_HUMAN	19	746	0
PCDAC_HUMAN	52	436	0
PCDAD_HUMAN	3	9803	0
PCDB1_HUMAN	18	1684	0
PCDB2_HUMAN	27	618	0
PCDB3_HUMAN	145	140	0
PCDB4_HUMAN	2	8815	0
PCDB5_HUMAN	32	345	0
PCDB6_HUMAN	26	686	0
PCDB7_HUMAN	44	357	0
PCDB8_HUMAN	17	853	0
PCDB9_HUMAN	2	3594	0
PCDBA_HUMAN	22	855	0
PCDBB_HUMAN	91	224	0
PCDBC_HUMAN	21	457	0
PCDBD_HUMAN	13	603	0
PCDBE_HUMAN	40	296	0
PCDBF_HUMAN	33	319	0
PCDBG_HUMAN	42	247	0
PCDBI_HUMAN	1	9242	0
PCDC1_HUMAN	18	672	0
PCDC2_HUMAN	58	365	0
PCDG1_HUMAN	2	781	0
PCDG2_HUMAN	4	4161	0
PCDG3_HUMAN	10	689	0
PCDG4_HUMAN	41	344	0
PCDG5_HUMAN	104	231	0
PCDG6_HUMAN	38	474	0
PCDG7_HUMAN	24	454	0
PCDG8_HUMAN	4	4105	0
PCDG9_HUMAN	88	222	0
PCDGA_HUMAN	25	449	0
PCDGB_HUMAN	21	1269	0
PCDGC_HUMAN	10	1656	0
PCDGD_HUMAN	109	205	0
PCDGE_HUMAN	57	303	0
PCDGF_HUMAN	8	1459	0
PCDGG_HUMAN	95	222	0
PCDGH_HUMAN	91	210	0
PCDGI_HUMAN	12	441	0
PCDGJ_HUMAN	7	792	0
PCDGK_HUMAN	74	221	0
PCDGL_HUMAN	92	259	0
PCDGM_HUMAN	21	814	0
PCDH1_HUMAN	80	173	0
PCDH7_HUMAN	286	54	0
PCDH8_HUMAN	6	787	0
PCDH9_HUMAN	39	235	0
PCF11_HUMAN	118	137	0
PCFT_HUMAN	26	381	0
PCGF1_HUMAN	203	134	0
PCGF2_HUMAN	89	142	0
PCGF3_HUMAN	89	194	0
PCGF5_HUMAN	100	207	0
PCGF6_HUMAN	211	100	0
PCH2_HUMAN	284	60	0
PCID2_HUMAN	94	126	0
PCIF1_HUMAN	22	266	0
PCKGC_HUMAN	108	119	0
PCKGM_HUMAN	115	94	0
PCLI1_HUMAN	25	369	0
PCLO_HUMAN	59	137	0
PCM1_HUMAN	457	48	0
PCMD1_HUMAN	23	244	0
PCMD2_HUMAN	29	305	0
PCNA_HUMAN	743	28	0
PCNP_HUMAN	91	127	0
PCNT_HUMAN	244	82	0
PCOC1_HUMAN	16	251	0
PCOC2_HUMAN	30	556	0
PCOTH_HUMAN	1	3132	0
PCP2_HUMAN	12	1354	0
PCP4_HUMAN	52	388	0
PCP_HUMAN	73	134	0
PCSK1_HUMAN	18	680	0
PCSK4_HUMAN	2	2787	0
PCSK5_HUMAN	105	244	0
PCSK6_HUMAN	60	218	0
PCSK7_HUMAN	6	739	0
PCSK9_HUMAN	74	202	0
PCTL_HUMAN	15	291	0
PCX1_HUMAN	13	303	0
PCX2_HUMAN	12	320	0
PCX3_HUMAN	82	172	0
PCY1A_HUMAN	145	94	0
PCY1B_HUMAN	25	279	0
PCY2_HUMAN	40	175	0
PCYOX_HUMAN	106	103	0
PCYXL_HUMAN	41	173	0
PD1L1_HUMAN	380	54	0
PD1L2_HUMAN	44	311	0
PD2R_HUMAN	9	972	0
PDC10_HUMAN	105	165	0
PDC6I_HUMAN	276	44	0
PDCD1_HUMAN	87	179	0
PDCD2_HUMAN	47	194	0
PDCD4_HUMAN	187	73	0
PDCD5_HUMAN	95	111	0
PDCD6_HUMAN	210	62	0
PDCD7_HUMAN	49	199	0
PDCL2_HUMAN	7	1912	0
PDCL3_HUMAN	107	148	0
PDD2L_HUMAN	75	167	0
PDDC1_HUMAN	64	295	0
PDE10_HUMAN	5	693	0
PDE11_HUMAN	1	913	0
PDE12_HUMAN	129	84	0
PDE1A_HUMAN	5	980	0
PDE1B_HUMAN	4	1440	0
PDE1C_HUMAN	11	357	0
PDE2A_HUMAN	132	131	0
PDE3A_HUMAN	81	129	0
PDE3B_HUMAN	138	91	0
PDE4A_HUMAN	25	330	0
PDE4B_HUMAN	21	254	0
PDE4C_HUMAN	10	2064	0
PDE4D_HUMAN	66	136	0
PDE5A_HUMAN	17	654	0
PDE6A_HUMAN	11	768	0
PDE6B_HUMAN	8	1160	0
PDE6C_HUMAN	8	640	0
PDE6D_HUMAN	65	237	0
PDE7A_HUMAN	19	495	0
PDE7B_HUMAN	11	543	0
PDE8A_HUMAN	20	264	0
PDE8B_HUMAN	7	886	0
PDE9A_HUMAN	55	251	0
PDGFA_HUMAN	23	246	0
PDGFB_HUMAN	84	311	0
PDGFC_HUMAN	10	1088	0
PDGFD_HUMAN	23	614	0
PDIA1_HUMAN	462	35	0
PDIA2_HUMAN	26	267	0
PDIA3_HUMAN	501	32	0
PDIA4_HUMAN	512	35	0
PDIA5_HUMAN	113	110	0
PDIA6_HUMAN	349	45	0
PDILT_HUMAN	3	3723	0
PDIP2_HUMAN	238	85	0
PDIP3_HUMAN	229	66	0
PDK1L_HUMAN	22	409	0
PDK1_HUMAN	357	78	0
PDK2_HUMAN	35	268	0
PDK3_HUMAN	123	90	0
PDK4_HUMAN	50	353	0
PDLI1_HUMAN	100	101	0
PDLI2_HUMAN	34	235	0
PDLI3_HUMAN	22	294	0
PDLI4_HUMAN	26	222	0
PDLI5_HUMAN	229	58	0
PDLI7_HUMAN	291	62	0
PDP1_HUMAN	117	116	0
PDP2_HUMAN	19	581	0
PDPFL_HUMAN	1	10210	0
PDPK1_HUMAN	202	63	0
PDPN_HUMAN	18	595	0
PDPR_HUMAN	103	134	0
PDRG1_HUMAN	104	218	0
PDS5A_HUMAN	270	65	0
PDS5B_HUMAN	185	83	0
PDX1_HUMAN	14	775	0
PDXD1_HUMAN	216	77	0
PDXD2_HUMAN	13	525	0
PDXK_HUMAN	79	118	0
PDXL2_HUMAN	66	161	0
PDYN_HUMAN	12	1182	0
PDZ11_HUMAN	67	148	0
PDZ1I_HUMAN	77	416	0
PDZ1P_HUMAN	31	357	0
PDZD2_HUMAN	24	302	0
PDZD4_HUMAN	21	367	0
PDZD6_HUMAN	50	223	0
PDZD7_HUMAN	7	1339	0
PDZD8_HUMAN	448	51	0
PE2R1_HUMAN	3	2254	0
PE2R2_HUMAN	4	1189	0
PE2R3_HUMAN	119	200	0
PE2R4_HUMAN	48	291	0
PEA15_HUMAN	90	160	0
PEAK1_HUMAN	161	88	0
PEAR1_HUMAN	11	1024	0
PEBB_HUMAN	109	138	0
PEBP1_HUMAN	279	43	0
PEBP4_HUMAN	7	670	0
PECA1_HUMAN	28	337	0
PECR_HUMAN	27	299	0
PEDF_HUMAN	35	300	0
PEF1_HUMAN	111	103	0
PEG10_HUMAN	113	103	0
PEG3_HUMAN	17	330	0
PELI1_HUMAN	61	171	0
PELI2_HUMAN	50	273	0
PELI3_HUMAN	33	301	0
PELO_HUMAN	122	106	0
PELP1_HUMAN	186	77	0
PEMT_HUMAN	40	579	0
PEN2_HUMAN	82	234	0
PENK_HUMAN	11	1615	0
PEO1_HUMAN	138	141	0
PEPA3_HUMAN	1	7811	0
PEPA4_HUMAN	10	2329	0
PEPA_HUMAN	11	698	0
PEPC_HUMAN	5	1901	0
PEPD_HUMAN	95	133	0
PEPL1_HUMAN	42	181	0
PEPL_HUMAN	190	85	0
PER1_HUMAN	85	208	0
PER2_HUMAN	141	121	0
PER3_HUMAN	19	850	0
PERE_HUMAN	17	630	0
PERF_HUMAN	51	446	0
PERI_HUMAN	211	86	0
PERL_HUMAN	8	1332	0
PERM_HUMAN	67	175	0
PERP1_HUMAN,MZB1_HUMAN	10	1220	0
PERP_HUMAN	6	751	0
PERQ1_HUMAN	254	93	0
PERQ2_HUMAN	283	76	0
PESC_HUMAN	260	84	0
PEVR1_HUMAN	15	581	0
PEVR2_HUMAN	18	609	0
PEX10_HUMAN	30	361	0
PEX12_HUMAN	42	562	0
PEX13_HUMAN	29	269	0
PEX14_HUMAN	251	98	0
PEX16_HUMAN	66	251	0
PEX19_HUMAN	208	94	0
PEX1_HUMAN	96	135	0
PEX26_HUMAN	12	490	0
PEX2_HUMAN	22	628	0
PEX3_HUMAN	192	91	0
PEX5R_HUMAN	9	385	0
PEX5_HUMAN	167	102	0
PEX6_HUMAN	88	170	0
PEX7_HUMAN	211	131	0
PF21A_HUMAN	348	75	0
PF21B_HUMAN	18	752	0
PF2R_HUMAN	18	775	0
PF4V_HUMAN	7	1047	0
PFD1_HUMAN	190	112	0
PFD2_HUMAN	266	81	0
PFD3_HUMAN	208	91	0
PFD4_HUMAN	131	165	0
PFD5_HUMAN	313	73	0
PFD6_HUMAN	171	93	0
PG12A_HUMAN	14	460	0
PG12B_HUMAN	4	3208	0
PG2IP_HUMAN	2	2297	0
PGAM1_HUMAN	201	76	0
PGAM2_HUMAN	79	154	0
PGAM4_HUMAN	37	429	0
PGAM5_HUMAN	288	65	0
PGAP1_HUMAN	36	196	0
PGAP2_HUMAN	43	471	0
PGAP3_HUMAN	8	758	0
PGBD1_HUMAN	34	751	0
PGBD2_HUMAN	4	2055	0
PGBD3_HUMAN	6	1025	0
PGBD4_HUMAN	1	3207	0
PGBD5_HUMAN	7	782	0
PGBM_HUMAN	98	113	0
PGCA_HUMAN	9	1224	0
PGCB_HUMAN	31	473	0
PGCP_HUMAN	21	360	0
PGDH_HUMAN	7	777	0
PGES2_HUMAN	114	104	0
PGFRA_HUMAN	375	55	0
PGFRB_HUMAN	301	54	0
PGFRL_HUMAN	49	434	0
PGFS_HUMAN	13	915	0
PGH1_HUMAN	14	368	0
PGH2_HUMAN	46	148	0
PGK1_HUMAN	336	46	0
PGK2_HUMAN	51	264	0
PGLT1_HUMAN	81	318	0
PGM1_HUMAN	120	133	0
PGM2L_HUMAN	21	295	0
PGM2_HUMAN	78	134	0
PGM5_HUMAN	11	838	0
PGPIL_HUMAN	2	2345	0
PGPI_HUMAN	17	297	0
PGPS1_HUMAN	14	329	0
PGP_HUMAN	29	194	0
PGRC1_HUMAN	410	36	0
PGRC2_HUMAN	296	60	0
PGRP1_HUMAN	6	1997	0
PGRP2_HUMAN	1	4919	0
PGRP3_HUMAN	11	1452	0
PGRP4_HUMAN	1	3849	0
PGS1_HUMAN	15	366	0
PGS2_HUMAN	41	256	0
PGTA_HUMAN	85	175	0
PGTB1_HUMAN	22	318	0
PGTB2_HUMAN	98	150	0
PH4H_HUMAN	9	527	0
PHAG1_HUMAN	70	201	0
PHAR1_HUMAN	11	419	0
PHAR2_HUMAN	35	176	0
PHAR3_HUMAN	37	296	0
PHAR4_HUMAN	108	103	0
PHAX_HUMAN	163	105	0
PHB2_HUMAN	571	31	0
PHB_HUMAN	1158	20	0
PHC1_HUMAN	80	154	0
PHC2_HUMAN	159	107	0
PHC3_HUMAN	88	125	0
PHEX_HUMAN	3	2792	0
PHF10_HUMAN	143	145	0
PHF11_HUMAN	136	216	0
PHF12_HUMAN	109	157	0
PHF13_HUMAN	13	1309	0
PHF14_HUMAN	94	144	0
PHF19_HUMAN	83	148	0
PHF1_HUMAN	163	113	0
PHF20_HUMAN	43	218	0
PHF23_HUMAN	39	232	0
PHF2_HUMAN	123	111	0
PHF3_HUMAN	116	102	0
PHF5A_HUMAN	158	138	0
PHF6_HUMAN	176	79	0
PHF7_HUMAN	39	352	0
PHF8_HUMAN	186	91	0
PHIPL_HUMAN	52	237	0
PHIP_HUMAN	199	86	0
PHKG1_HUMAN	5	1022	0
PHKG2_HUMAN	321	49	0
PHLA1_HUMAN	60	191	0
PHLA2_HUMAN	22	418	0
PHLA3_HUMAN	100	179	0
PHLB1_HUMAN	56	139	0
PHLB2_HUMAN	154	99	0
PHLB3_HUMAN	85	159	0
PHLD_HUMAN	7	1509	0
PHLP1_HUMAN	348	47	0
PHLP2_HUMAN	36	246	0
PHLP_HUMAN	133	105	0
PHOCN_HUMAN	150	104	0
PHOP1_HUMAN	57	288	0
PHOP2_HUMAN	12	1059	0
PHOS_HUMAN	13	619	0
PHP14_HUMAN	59	173	0
PHRF1_HUMAN	71	145	0
PHS2_HUMAN	46	301	0
PHS_HUMAN	89	159	0
PHTF1_HUMAN	18	589	0
PHTF2_HUMAN	21	327	0
PHX2A_HUMAN	5	880	0
PHX2B_HUMAN	5	670	0
PHYD1_HUMAN	6	1176	0
PHYIP_HUMAN	42	321	0
PI15_HUMAN	87	239	0
PI16_HUMAN	21	454	0
PI2R_HUMAN	68	265	0
PI3R4_HUMAN	108	95	0
PI3R5_HUMAN	9	865	0
PI3R6_HUMAN	16	475	0
PI42A_HUMAN	225	94	0
PI42B_HUMAN	91	127	0
PI42C_HUMAN	143	113	0
PI4KA_HUMAN	243	59	0
PI4KB_HUMAN	64	168	0
PI4P1_HUMAN	34	803	0
PI4P2_HUMAN	4	3669	0
PI51A_HUMAN	185	97	0
PI51B_HUMAN	12	520	0
PI51C_HUMAN	50	191	0
PI5L1_HUMAN	5	1741	0
PI5PA_HUMAN	23	564	0
PIAS1_HUMAN	332	61	0
PIAS2_HUMAN	179	90	0
PIAS3_HUMAN	87	137	0
PIAS4_HUMAN	167	104	0
PIBF1_HUMAN	202	100	0
PICAL_HUMAN	285	49	0
PICK1_HUMAN	504	65	0
PIDD_HUMAN,PIDD1_HUMAN	46	331	0
PIEZ1_HUMAN	68	169	0
PIEZ2_HUMAN	2	2083	0
PIF1_HUMAN	15	583	0
PIFO_HUMAN	8	1860	0
PIGA_HUMAN	58	456	0
PIGB_HUMAN	21	557	0
PIGC_HUMAN	8	2031	0
PIGF_HUMAN	26	599	0
PIGG_HUMAN	83	159	0
PIGH_HUMAN	178	150	0
PIGL_HUMAN	3	5739	0
PIGM_HUMAN	40	381	0
PIGN_HUMAN	84	154	0
PIGO_HUMAN	84	194	0
PIGP_HUMAN	36	560	0
PIGQ_HUMAN	54	253	0
PIGR_HUMAN	141	115	0
PIGS_HUMAN	159	88	0
PIGT_HUMAN	239	59	0
PIGU_HUMAN	108	119	0
PIGV_HUMAN	2	2523	0
PIGW_HUMAN	37	396	0
PIGX_HUMAN	6	982	0
PIGY_HUMAN	5	4763	0
PIGZ_HUMAN	3	994	0
PIHD1_HUMAN	743	31	0
PIHD2_HUMAN	70	285	0
PILRA_HUMAN	26	564	0
PILRB_HUMAN	45	272	0
PIM1_HUMAN	115	132	0
PIM2_HUMAN	33	364	0
PIM3_HUMAN	63	154	0
PIMT_HUMAN	292	55	0
PIN1_HUMAN	385	50	0
PIN4_HUMAN	83	127	0
PININ_HUMAN	326	80	0
PINK1_HUMAN	676	37	0
PINL_HUMAN	1	1419	0
PINX1_HUMAN	187	127	0
PIPNA_HUMAN	39	185	0
PIPNB_HUMAN	58	130	0
PIPSL_HUMAN	260	97	0
PIP_HUMAN	237	92	0
PIR_HUMAN	82	153	0
PISD_HUMAN	81	113	0
PIT1_HUMAN	29	465	0
PITC1_HUMAN	23	264	0
PITH1_HUMAN	50	170	0
PITM1_HUMAN	13	341	0
PITM2_HUMAN	8	496	0
PITM3_HUMAN	15	264	0
PITX1_HUMAN	124	146	0
PITX2_HUMAN	66	204	0
PITX3_HUMAN	4	1258	0
PIWL1_HUMAN	19	412	0
PIWL2_HUMAN	14	584	0
PIWL3_HUMAN	7	599	0
PIWL4_HUMAN	17	520	0
PJA1_HUMAN	78	193	0
PJA2_HUMAN	170	107	0
PJVK_HUMAN	1	5108	0
PK1IP_HUMAN	131	134	0
PK1L1_HUMAN	7	523	0
PK1L2_HUMAN	22	573	0
PK1L3_HUMAN	5	687	0
PK2L1_HUMAN	5	4830	0
PK2L2_HUMAN	11	1088	0
PK3C3_HUMAN	107	83	0
PK3CA_HUMAN	263	60	0
PK3CB_HUMAN	96	126	0
PK3CD_HUMAN	21	350	0
PK3CG_HUMAN	39	272	0
PKCB1_HUMAN	216	78	0
PKD1_HUMAN	44	167	0
PKD2_HUMAN	89	167	0
PKDCC_HUMAN	1	6772	0
PKDRE_HUMAN	9	380	0
PKH4B_HUMAN	28	290	0
PKHA1_HUMAN	103	118	0
PKHA2_HUMAN	91	114	0
PKHA3_HUMAN	26	399	0
PKHA4_HUMAN	2942	12	0
PKHA5_HUMAN	250	59	0
PKHA6_HUMAN	38	198	0
PKHA7_HUMAN	689	28	0
PKHA8_HUMAN	14	825	0
PKHA9_HUMAN	1	16105	0
PKHB1_HUMAN	34	465	0
PKHB2_HUMAN	81	149	0
PKHD1_HUMAN	14	689	0
PKHF1_HUMAN	12	606	0
PKHF2_HUMAN	193	119	0
PKHG1_HUMAN	69	199	0
PKHG2_HUMAN	30	247	0
PKHG3_HUMAN	124	94	0
PKHG4_HUMAN	159	133	0
PKHG5_HUMAN	28	293	0
PKHG6_HUMAN	42	278	0
PKHG7_HUMAN	149	154	0
PKHH1_HUMAN	37	232	0
PKHH2_HUMAN	29	268	0
PKHH3_HUMAN	64	189	0
PKHJ1_HUMAN	31	443	0
PKHL1_HUMAN	5	1341	0
PKHM1_HUMAN	55	220	0
PKHM2_HUMAN	18	586	0
PKHM3_HUMAN	27	230	0
PKHMP_HUMAN	3	921	0
PKHN1_HUMAN	65	205	0
PKHO1_HUMAN	83	175	0
PKHO2_HUMAN	38	224	0
PKN1_HUMAN	140	73	0
PKN2_HUMAN	197	62	0
PKN3_HUMAN	182	89	0
PKNX1_HUMAN	69	257	0
PKNX2_HUMAN	45	298	0
PKP1_HUMAN	149	89	0
PKP2_HUMAN	289	53	0
PKP3_HUMAN	159	73	0
PKP4_HUMAN	171	72	0
PKR1_HUMAN	20	523	0
PKR2_HUMAN	6	3936	0
PKRI1_HUMAN	40	222	0
PL8L1_HUMAN	19	825	0
PLA1A_HUMAN	6	1684	0
PLA2R_HUMAN	4	1161	0
PLAC1_HUMAN	24	834	0
PLAC2_HUMAN	3	823	0
PLAC4_HUMAN	1	1647	0
PLAC8_HUMAN	25	453	0
PLAC9_HUMAN	27	508	0
PLACL_HUMAN,OOSP2_HUMAN	1	2936	0
PLAG1_HUMAN	12	667	0
PLAK_HUMAN	505	37	0
PLAL1_HUMAN	18	254	0
PLAL2_HUMAN	65	329	0
PLAP_HUMAN	118	81	0
PLB1_HUMAN	18	700	0
PLBL1_HUMAN	96	229	0
PLBL2_HUMAN	46	146	0
PLCA_HUMAN	268	77	0
PLCB1_HUMAN	53	145	0
PLCB2_HUMAN	17	344	0
PLCB3_HUMAN	100	124	0
PLCB4_HUMAN	34	203	0
PLCB_HUMAN	81	164	0
PLCC_HUMAN	101	184	0
PLCD1_HUMAN	60	160	0
PLCD3_HUMAN	130	128	0
PLCD4_HUMAN	29	472	0
PLCD_HUMAN	90	182	0
PLCE1_HUMAN	17	319	0
PLCE_HUMAN	73	121	0
PLCG1_HUMAN	305	56	0
PLCG2_HUMAN	83	117	0
PLCH1_HUMAN	71	155	0
PLCH2_HUMAN	11	554	0
PLCL1_HUMAN	7	528	0
PLCL2_HUMAN	23	283	0
PLCX1_HUMAN	7	545	0
PLCX2_HUMAN	6	1090	0
PLCX3_HUMAN	3	2371	0
PLCZ1_HUMAN	15	451	0
PLD1_HUMAN	139	110	0
PLD2_HUMAN	147	115	0
PLD3_HUMAN	273	49	0
PLD4_HUMAN	81	202	0
PLD5_HUMAN	55	313	0
PLD6_HUMAN	152	125	0
PLDN_HUMAN,BL1S6_HUMAN	79	228	0
PLDX1_HUMAN	5	1914	0
PLEC_HUMAN	455	35	0
PLEK2_HUMAN	15	331	0
PLEK_HUMAN	16	539	0
PLF4_HUMAN	16	1018	0
PLGF_HUMAN	6	888	0
PLHD1_HUMAN	1	4039	0
PLIN1_HUMAN	13	635	0
PLIN2_HUMAN	35	212	0
PLIN3_HUMAN	139	80	0
PLIN4_HUMAN	9	503	0
PLIN5_HUMAN	10	2465	0
PLK1_HUMAN	840	23	0
PLK2_HUMAN	68	190	0
PLK3_HUMAN	35	217	0
PLK4_HUMAN	138	148	0
PLLP_HUMAN	66	238	0
PLMN_HUMAN	82	136	0
PLM_HUMAN	16	927	0
PLOD1_HUMAN	272	51	0
PLOD2_HUMAN	190	54	0
PLOD3_HUMAN	191	78	0
PLP2_HUMAN	118	129	0
PLPL1_HUMAN	20	772	0
PLPL2_HUMAN	46	270	0
PLPL3_HUMAN	7	863	0
PLPL4_HUMAN	11	1121	0
PLPL5_HUMAN	33	223	0
PLPL6_HUMAN	125	87	0
PLPL7_HUMAN	10	492	0
PLPL8_HUMAN	65	147	0
PLPP_HUMAN	29	227	0
PLRG1_HUMAN	200	88	0
PLRKT_HUMAN	84	218	0
PLS1_HUMAN	172	98	0
PLS2_HUMAN	16	1159	0
PLS3_HUMAN	48	338	0
PLS4_HUMAN	80	271	0
PLS5_HUMAN	3	3339	0
PLSI_HUMAN	134	104	0
PLSL_HUMAN	109	111	0
PLST_HUMAN	255	63	0
PLTP_HUMAN	60	384	0
PLVAP_HUMAN	14	583	0
PLXA1_HUMAN	138	107	0
PLXA2_HUMAN	97	160	0
PLXA3_HUMAN	106	131	0
PLXA4_HUMAN	37	186	0
PLXB1_HUMAN	42	187	0
PLXB2_HUMAN	196	70	0
PLXB3_HUMAN	18	914	0
PLXC1_HUMAN	18	436	0
PLXD1_HUMAN	42	184	0
PM14_HUMAN,SF3B6_HUMAN	213	94	0
PM2L1_HUMAN	5	2277	0
PM2L2_HUMAN	1	1454	0
PM2L3_HUMAN	4	3802	0
PM2L5_HUMAN	1	9346	0
PM34_HUMAN	77	134	0
PME17_HUMAN	62	299	0
PMEL_HUMAN	61	345	0
PMEPA_HUMAN	57	212	0
PMF1_HUMAN	98	161	0
PMFBP_HUMAN	10	983	0
PMGE_HUMAN	30	280	0
PMGT1_HUMAN	115	131	0
PML_HUMAN	921	28	0
PMM1_HUMAN	22	338	0
PMM2_HUMAN	48	165	0
PMP22_HUMAN	76	303	0
PMS1_HUMAN	116	118	0
PMS2L_HUMAN	1	2501	0
PMS2_HUMAN	98	112	0
PMVK_HUMAN	97	138	0
PMYT1_HUMAN	144	94	0
PNCB_HUMAN	50	182	0
PNDC1_HUMAN	15	679	0
PNISR_HUMAN	54	170	0
PNKD_HUMAN	148	103	0
PNKP_HUMAN	135	96	0
PNM6A_HUMAN	28	515	0
PNMA1_HUMAN	203	132	0
PNMA2_HUMAN	339	74	0
PNMA3_HUMAN	17	393	0
PNMA5_HUMAN	64	226	0
PNML1_HUMAN	118	267	0
PNML2_HUMAN	1	2798	0
PNMT_HUMAN	5	922	0
PNO1_HUMAN	134	107	0
PNOC_HUMAN	16	678	0
PNPH_HUMAN	97	113	0
PNPO_HUMAN	47	181	0
PNPT1_HUMAN	165	96	0
PNRC1_HUMAN	24	369	0
PNRC2_HUMAN	33	337	0
PO210_HUMAN	228	50	0
PO2F1_HUMAN	164	88	0
PO2F2_HUMAN	28	358	0
PO2F3_HUMAN	7	924	0
PO3F1_HUMAN	15	785	0
PO3F2_HUMAN	14	593	0
PO3F3_HUMAN	23	437	0
PO3F4_HUMAN	3	1752	0
PO4F1_HUMAN	7	744	0
PO4F2_HUMAN	78	458	0
PO4F3_HUMAN	12	792	0
PO5F1_HUMAN	333	73	0
PO5F2_HUMAN	2	2605	0
PO6F1_HUMAN	3	1905	0
PO6F2_HUMAN	149	156	0
POC1A_HUMAN	70	295	0
POC1B_HUMAN	79	249	0
POC5_HUMAN	290	86	0
PODN_HUMAN	18	735	0
PODO_HUMAN	5	1504	0
PODXL_HUMAN	92	101	0
POF1B_HUMAN	236	74	0
POGK_HUMAN	29	252	0
POGZ_HUMAN	276	76	0
POK3_HUMAN	10	1312	0
POLH_HUMAN	82	183	0
POLI_HUMAN	36	235	0
POLK_HUMAN	56	151	0
POLS3_HUMAN	2	4643	0
POMP_HUMAN	65	230	0
POMT1_HUMAN	59	212	0
POMT2_HUMAN	60	233	0
PON1_HUMAN	23	505	0
PON2_HUMAN	233	64	0
PON3_HUMAN	6	1916	0
PONL1_HUMAN	9	619	0
POP1_HUMAN	277	83	0
POP5_HUMAN	35	317	0
POP7_HUMAN	69	197	0
POPD1_HUMAN	17	442	0
POPD2_HUMAN	41	673	0
POPD3_HUMAN	1	8492	0
PORCN_HUMAN	8	1182	0
PORED_HUMAN	5	738	0
PORIM_HUMAN	6	691	0
POSTN_HUMAN	12	695	0
POTE1_HUMAN	235	96	0
POTEA_HUMAN	5	1626	0
POTEC_HUMAN	11	1107	0
POTED_HUMAN	1	16904	0
POTEE_HUMAN	141	106	0
POTEF_HUMAN	237	79	0
POTEG_HUMAN	10	1354	0
POTEH_HUMAN	2	6807	0
POTEI_HUMAN	79	298	0
POTEJ_HUMAN	7	920	0
POTEM_HUMAN	2	1974	0
POZP3_HUMAN	9	675	0
PP12C_HUMAN	60	181	0
PP13G_HUMAN	1	2694	0
PP13_HUMAN	13	1173	0
PP14A_HUMAN	14	422	0
PP14B_HUMAN	30	237	0
PP14C_HUMAN	9	649	0
PP14D_HUMAN	4	1866	0
PP16A_HUMAN	60	225	0
PP16B_HUMAN	66	232	0
PP1A_HUMAN	679	33	0
PP1B_HUMAN	492	48	0
PP1G_HUMAN	756	28	0
PP1R7_HUMAN	109	142	0
PP1R8_HUMAN	92	140	0
PP1RA_HUMAN	181	96	0
PP1RB_HUMAN	18	389	0
PP2AA_HUMAN	461	41	0
PP2AB_HUMAN	287	85	0
PP2BA_HUMAN	149	66	0
PP2BB_HUMAN	91	117	0
PP2BC_HUMAN	73	178	0
PP4C_HUMAN	157	100	0
PP4R1_HUMAN	80	141	0
PP4R2_HUMAN	119	145	0
PP4R4_HUMAN	15	406	0
PP4RL_HUMAN	86	338	0
PP6R1_HUMAN	193	58	0
PP6R2_HUMAN	125	100	0
PP6R3_HUMAN	270	52	0
PPA5_HUMAN	41	251	0
PPA6_HUMAN	45	391	0
PPAC2_HUMAN,PLPP6_HUMAN	75	203	0
PPAC3_HUMAN,PLPP7_HUMAN	1	10752	0
PPAC_HUMAN	108	98	0
PPAL_HUMAN	104	130	0
PPAP_HUMAN	148	126	0
PPARA_HUMAN	84	129	0
PPARD_HUMAN	125	129	0
PPARG_HUMAN	289	57	0
PPAT_HUMAN	1	3050	0
PPB1_HUMAN	130	124	0
PPBI_HUMAN	76	137	0
PPBN_HUMAN	40	305	0
PPBT_HUMAN	30	336	0
PPC1A_HUMAN,PLPP4_HUMAN	51	412	0
PPC1B_HUMAN,PLPP5_HUMAN	2	10957	0
PPCEL_HUMAN	120	143	0
PPCE_HUMAN	94	121	0
PPCS_HUMAN	38	253	0
PPCT_HUMAN	12	801	0
PPDPF_HUMAN	12	770	0
PPE1_HUMAN	49	242	0
PPE2_HUMAN	24	456	0
PPGB_HUMAN	126	110	0
PPHLN_HUMAN	146	98	0
PPIA_HUMAN	899	25	0
PPIB_HUMAN	369	36	0
PPIC_HUMAN	30	231	0
PPID_HUMAN	101	106	0
PPIE_HUMAN	270	79	0
PPIF_HUMAN	155	99	0
PPIG_HUMAN	132	115	0
PPIH_HUMAN	125	106	0
PPIL1_HUMAN	132	135	0
PPIL2_HUMAN	80	142	0
PPIL3_HUMAN	77	134	0
PPIL4_HUMAN	172	101	0
PPIL6_HUMAN	6	1483	0
PPIP1_HUMAN	105	175	0
PPIP2_HUMAN	30	237	0
PPL13_HUMAN	51	307	0
PPLA_HUMAN	72	400	0
PPM1A_HUMAN	159	87	0
PPM1B_HUMAN	231	60	0
PPM1D_HUMAN	67	218	0
PPM1E_HUMAN	42	192	0
PPM1F_HUMAN	72	118	0
PPM1G_HUMAN	353	50	0
PPM1H_HUMAN	139	123	0
PPM1J_HUMAN	25	607	0
PPM1K_HUMAN	54	274	0
PPM1L_HUMAN	26	576	0
PPM1M_HUMAN	53	291	0
PPM1N_HUMAN	1	2114	0
PPMBL_HUMAN	3	1221	0
PPME1_HUMAN	151	103	0
PPN_HUMAN	18	394	0
PPOX_HUMAN	83	144	0
PPP5_HUMAN	208	85	0
PPP6_HUMAN	240	59	0
PPR17_HUMAN	1	6216	0
PPR18_HUMAN	136	101	0
PPR1A_HUMAN	11	1584	0
PPR1B_HUMAN	7	1230	0
PPR1C_HUMAN	1	4360	0
PPR21_HUMAN	76	122	0
PPR26_HUMAN	16	406	0
PPR27_HUMAN	10	1139	0
PPR29_HUMAN	29	232	0
PPR32_HUMAN	78	229	0
PPR35_HUMAN	11	425	0
PPR36_HUMAN	5	2174	0
PPR37_HUMAN	39	191	0
PPR3A_HUMAN	53	310	0
PPR3B_HUMAN	25	511	0
PPR3C_HUMAN	32	422	0
PPR3D_HUMAN	24	310	0
PPR3E_HUMAN	11	555	0
PPR3F_HUMAN	16	408	0
PPR42_HUMAN	3	1732	0
PPRC1_HUMAN	25	341	0
PPT1_HUMAN	287	41	0
PPT2_HUMAN	46	313	0
PPTC7_HUMAN	80	180	0
PPWD1_HUMAN	48	197	0
PQBP1_HUMAN	102	131	0
PQLC1_HUMAN	26	640	0
PQLC2_HUMAN,LAAT1_HUMAN	12	1073	0
PQLC3_HUMAN	2	959	0
PR14L_HUMAN	61	166	0
PR15A_HUMAN	140	100	0
PR15B_HUMAN	85	217	0
PR20C_HUMAN	20	1074	0
PR20D_HUMAN	78	294	0
PR20E_HUMAN	20	815	0
PR23B_HUMAN	6	2283	0
PR285_HUMAN,HELZ2_HUMAN	71	181	0
PR38A_HUMAN	162	122	0
PR38B_HUMAN	113	113	0
PR40A_HUMAN	440	50	0
PR40B_HUMAN	20	437	0
PRA10_HUMAN	3	4976	0
PRA12_HUMAN	4	842	0
PRA17_HUMAN	12	861	0
PRA20_HUMAN	2	902	0
PRA22_HUMAN	1	4183	0
PRA25_HUMAN	1	913	0
PRAF1_HUMAN	143	117	0
PRAF2_HUMAN	114	104	0
PRAF3_HUMAN	201	69	0
PRAM2_HUMAN	14	614	0
PRAM4_HUMAN	2	14366	0
PRAM5_HUMAN	7	666	0
PRAM8_HUMAN	2	970	0
PRAM9_HUMAN	13	1524	0
PRAME_HUMAN	103	144	0
PRAM_HUMAN	44	191	0
PRAP1_HUMAN	18	386	0
PRAX_HUMAN	24	393	0
PRB2_HUMAN	6	2229	0
PRB3_HUMAN	16	932	0
PRB4_HUMAN	3	2535	0
PRC1_HUMAN	959	25	0
PRC2A_HUMAN	388	56	0
PRC2B_HUMAN	277	73	0
PRC2C_HUMAN	295	60	0
PRCA1_HUMAN	3	1811	0
PRCC_HUMAN	91	144	0
PRCD_HUMAN	3	2413	0
PRCM_HUMAN	40	261	0
PRD10_HUMAN	71	246	0
PRD11_HUMAN	21	309	0
PRD12_HUMAN	3	1502	0
PRD13_HUMAN	10	667	0
PRD14_HUMAN	95	192	0
PRD15_HUMAN	83	243	0
PRD16_HUMAN	194	100	0
PRDBP_HUMAN	72	171	0
PRDC1_HUMAN	39	219	0
PRDM1_HUMAN	82	124	0
PRDM2_HUMAN	41	241	0
PRDM4_HUMAN	22	402	0
PRDM5_HUMAN	58	373	0
PRDM6_HUMAN	89	225	0
PRDM7_HUMAN	13	639	0
PRDM8_HUMAN	4	1096	0
PRDM9_HUMAN	8	861	0
PRDX1_HUMAN	440	39	0
PRDX2_HUMAN	337	51	0
PRDX3_HUMAN	327	54	0
PRDX4_HUMAN	234	55	0
PRDX5_HUMAN	176	90	0
PRDX6_HUMAN	264	66	0
PREB_HUMAN	193	60	0
PRELP_HUMAN	35	300	0
PREP_HUMAN	162	121	0
PREX1_HUMAN	67	141	0
PREX2_HUMAN	23	284	0
PREY_HUMAN	2	6753	0
PRG2_HUMAN	293	99	0
PRG3_HUMAN	98	375	0
PRG4_HUMAN	11	413	0
PRGC1_HUMAN	69	183	0
PRGC2_HUMAN	26	283	0
PRGR_HUMAN	134	102	0
PRI1_HUMAN	107	127	0
PRI2_HUMAN	99	126	0
PRIC1_HUMAN	21	322	0
PRIC2_HUMAN	15	475	0
PRIC3_HUMAN	81	161	0
PRIC4_HUMAN	15	1581	0
PRIMA_HUMAN	1	15908	0
PRIO_HUMAN,APRIO_HUMAN,PRIO_HUMAN	2195	12	0
PRIP1_HUMAN	18	456	0
PRKDC_HUMAN	753	23	0
PRKN2_HUMAN	3378	9	0
PRKRA_HUMAN	409	71	0
PRKX_HUMAN	43	299	0
PRKY_HUMAN	139	188	0
PRLD1_HUMAN	44	366	0
PRLD2_HUMAN	17	608	0
PRLHR_HUMAN	4	3878	0
PRLR_HUMAN	22	352	0
PRL_HUMAN	6	1726	0
PRM2_HUMAN	39	512	0
PRM3_HUMAN	2	3113	0
PRND_HUMAN	8	1495	0
PROC_HUMAN	17	779	0
PROD2_HUMAN	2	902	0
PROD_HUMAN	12	515	0
PROF1_HUMAN	517	36	0
PROF2_HUMAN	157	78	0
PROF3_HUMAN	9	993	0
PROF4_HUMAN	1	3462	0
PROK1_HUMAN	4	2834	0
PROK2_HUMAN	12	1682	0
PROL1_HUMAN	7	1858	0
PROL4_HUMAN	65	291	0
PROM1_HUMAN	44	179	0
PROM2_HUMAN	9	531	0
PROP1_HUMAN	63	272	0
PROP_HUMAN	52	261	0
PROSC_HUMAN	125	143	0
PROS_HUMAN	59	377	0
PROX1_HUMAN	44	264	0
PROZ_HUMAN	41	475	0
PRP16_HUMAN	182	70	0
PRP17_HUMAN	125	143	0
PRP18_HUMAN	103	143	0
PRP19_HUMAN	464	44	0
PRP1_HUMAN	16	1247	0
PRP31_HUMAN	382	50	0
PRP39_HUMAN	62	167	0
PRP4B_HUMAN	330	76	0
PRP4_HUMAN	266	80	0
PRP6_HUMAN	386	52	0
PRP8_HUMAN	790	26	0
PRPC_HUMAN	24	322	0
PRPF3_HUMAN	276	84	0
PRPH2_HUMAN	32	426	0
PRPK_HUMAN	234	63	0
PRPS1_HUMAN	222	70	0
PRPS2_HUMAN	244	80	0
PRPS3_HUMAN	36	227	0
PRR10_HUMAN	1	3132	0
PRR11_HUMAN	139	150	0
PRR12_HUMAN	118	129	0
PRR13_HUMAN	55	359	0
PRR14_HUMAN	37	224	0
PRR15_HUMAN	6	785	0
PRR16_HUMAN,LARGN_HUMAN	12	694	0
PRR19_HUMAN	11	1432	0
PRR20_HUMAN	108	246	0
PRR22_HUMAN	31	496	0
PRR25_HUMAN	1	4968	0
PRR3_HUMAN	278	159	0
PRR5L_HUMAN	23	574	0
PRR5_HUMAN	49	172	0
PRR7_HUMAN	5	868	0
PRRC1_HUMAN	60	130	0
PRRP_HUMAN	1	18154	0
PRRT1_HUMAN	7	1035	0
PRRT2_HUMAN	33	459	0
PRRT3_HUMAN	6	429	0
PRRT4_HUMAN	2	4801	0
PRRX1_HUMAN	15	550	0
PRRX2_HUMAN	1	10912	0
PRS10_HUMAN	375	34	0
PRS23_HUMAN	50	192	0
PRS27_HUMAN	1	5667	0
PRS33_HUMAN	12	1554	0
PRS35_HUMAN	36	389	0
PRS37_HUMAN	14	983	0
PRS38_HUMAN	1	3637	0
PRS41_HUMAN	2	2004	0
PRS42_HUMAN	5	2029	0
PRS45_HUMAN	5	1258	0
PRS46_HUMAN	1	11753	0
PRS48_HUMAN	4	5053	0
PRS4_HUMAN	375	40	0
PRS53_HUMAN	2	4643	0
PRS56_HUMAN	3	3890	0
PRS6A_HUMAN	443	38	0
PRS6B_HUMAN	354	48	0
PRS7_HUMAN	385	34	0
PRS8_HUMAN	492	32	0
PRSR1_HUMAN	36	246	0
PRSS8_HUMAN	65	200	0
PRTG_HUMAN	16	577	0
PRTN3_HUMAN	87	155	0
PRUN2_HUMAN	33	253	0
PRUNE_HUMAN	37	212	0
PRVA_HUMAN	5	1850	0
PRY_HUMAN	1	8467	0
PS1C1_HUMAN	1	7186	0
PS1C2_HUMAN	26	463	0
PSA1_HUMAN	512	36	0
PSA2_HUMAN	238	56	0
PSA3_HUMAN	474	32	0
PSA4_HUMAN	515	35	0
PSA5_HUMAN	355	46	0
PSA6_HUMAN	342	51	0
PSA7L_HUMAN	73	160	0
PSA7_HUMAN	292	50	0
PSA_HUMAN	200	59	0
PSB10_HUMAN	92	189	0
PSB11_HUMAN	7	952	0
PSB1_HUMAN	361	49	0
PSB2_HUMAN	223	59	0
PSB3_HUMAN	219	68	0
PSB4_HUMAN	233	54	0
PSB5_HUMAN	271	61	0
PSB6_HUMAN	240	58	0
PSB7_HUMAN	215	72	0
PSB8_HUMAN	108	144	0
PSB9_HUMAN	82	163	0
PSCA_HUMAN	150	198	0
PSD10_HUMAN	210	76	0
PSD11_HUMAN	374	39	0
PSD12_HUMAN	332	40	0
PSD13_HUMAN	330	51	0
PSD1_HUMAN	12	2365	0
PSD2_HUMAN	15	531	0
PSD3_HUMAN	73	154	0
PSD4_HUMAN	20	313	0
PSD7_HUMAN,PSMD7_HUMAN	281	53	0
PSDE_HUMAN	536	31	0
PSF1_HUMAN	39	285	0
PSF2_HUMAN	52	321	0
PSF3_HUMAN	71	178	0
PSG10_HUMAN	2	3932	0
PSG11_HUMAN	62	375	0
PSG1_HUMAN	51	408	0
PSG2_HUMAN	2	2552	0
PSG3_HUMAN	31	622	0
PSG4_HUMAN	9	2025	0
PSG5_HUMAN	4	3032	0
PSG6_HUMAN	5	2403	0
PSG7_HUMAN	2	7130	0
PSG8_HUMAN	46	597	0
PSG9_HUMAN	25	480	0
PSIP1_HUMAN	207	66	0
PSL1_HUMAN	230	130	0
PSL4_HUMAN	57	362	0
PSMD1_HUMAN	425	28	0
PSMD2_HUMAN	471	27	0
PSMD3_HUMAN	823	27	0
PSMD4_HUMAN	355	39	0
PSMD5_HUMAN	121	85	0
PSMD6_HUMAN	337	40	0
PSMD8_HUMAN	180	83	0
PSMD9_HUMAN	178	94	0
PSME1_HUMAN	280	60	0
PSME2_HUMAN	135	89	0
PSME3_HUMAN	414	40	0
PSME4_HUMAN	97	132	0
PSMF1_HUMAN	98	120	0
PSMG1_HUMAN	106	114	0
PSMG2_HUMAN	74	173	0
PSMG3_HUMAN	97	173	0
PSMG4_HUMAN	55	487	0
PSN1_HUMAN	234	62	0
PSN2_HUMAN	86	169	0
PSPB_HUMAN	1	4989	0
PSPC1_HUMAN	521	53	0
PSPC_HUMAN	248	112	0
PSPN_HUMAN	5	3561	0
PSRC1_HUMAN	67	203	0
PSTK_HUMAN	4	3974	0
PSYR_HUMAN	1	16356	0
PT117_HUMAN	1	3462	0
PTAFR_HUMAN	49	288	0
PTAR1_HUMAN	22	277	0
PTBP1_HUMAN	385	38	0
PTBP2_HUMAN	68	168	0
PTBP3_HUMAN	397	54	0
PTC1_HUMAN	270	67	0
PTC2_HUMAN	16	464	0
PTCA_HUMAN	16	615	0
PTCD1_HUMAN	134	155	0
PTCD2_HUMAN	34	346	0
PTCD3_HUMAN	337	60	0
PTCRA_HUMAN	9	782	0
PTEN_HUMAN	675	29	0
PTER_HUMAN	43	240	0
PTF1A_HUMAN	13	1464	0
PTGDS_HUMAN	32	267	0
PTGES_HUMAN	21	485	0
PTGIS_HUMAN	7	940	0
PTGR1_HUMAN	42	196	0
PTGR2_HUMAN	53	215	0
PTH1R_HUMAN	88	252	0
PTH2R_HUMAN	137	155	0
PTH2_HUMAN	243	69	0
PTHB1_HUMAN	22	581	0
PTHD1_HUMAN	38	268	0
PTHD2_HUMAN	8	1202	0
PTHD3_HUMAN	30	552	0
PTHR_HUMAN	5	783	0
PTHY_HUMAN	9	678	0
PTH_HUMAN	29	204	0
PTK6_HUMAN	97	129	0
PTK7_HUMAN	157	73	0
PTMA_HUMAN	204	64	0
PTMS_HUMAN	80	140	0
PTN11_HUMAN	607	37	0
PTN12_HUMAN	162	82	0
PTN13_HUMAN	194	86	0
PTN14_HUMAN	179	95	0
PTN18_HUMAN	58	180	0
PTN1_HUMAN	673	35	0
PTN20_HUMAN	11	747	0
PTN21_HUMAN	93	190	0
PTN22_HUMAN	62	193	0
PTN23_HUMAN	171	68	0
PTN2_HUMAN	218	65	0
PTN3_HUMAN	102	123	0
PTN4_HUMAN	65	208	0
PTN5_HUMAN	77	162	0
PTN6_HUMAN	246	82	0
PTN7_HUMAN	61	225	0
PTN9_HUMAN	100	139	0
PTN_HUMAN	107	122	0
PTOV1_HUMAN	68	174	0
PTPA_HUMAN	102	93	0
PTPC1_HUMAN	70	193	0
PTPM1_HUMAN	233	75	0
PTPR2_HUMAN	59	199	0
PTPRA_HUMAN	145	80	0
PTPRB_HUMAN	55	202	0
PTPRC_HUMAN	55	212	0
PTPRD_HUMAN	141	142	0
PTPRE_HUMAN	55	145	0
PTPRF_HUMAN	271	47	0
PTPRG_HUMAN	125	127	0
PTPRH_HUMAN	80	148	0
PTPRJ_HUMAN	117	108	0
PTPRK_HUMAN	208	71	0
PTPRM_HUMAN	67	159	0
PTPRN_HUMAN	128	164	0
PTPRO_HUMAN	156	98	0
PTPRQ_HUMAN	9	1109	0
PTPRR_HUMAN	106	162	0
PTPRS_HUMAN	172	85	0
PTPRT_HUMAN	13	414	0
PTPRU_HUMAN	117	119	0
PTPRZ_HUMAN	36	195	0
PTPS_HUMAN	53	165	0
PTRD1_HUMAN	12	1316	0
PTRF_HUMAN	389	45	0
PTSS1_HUMAN	222	59	0
PTSS2_HUMAN	111	123	0
PTTG1_HUMAN	50	223	0
PTTG2_HUMAN	9	840	0
PTTG_HUMAN	55	152	0
PTX3_HUMAN	78	206	0
PTX4_HUMAN	2	6193	0
PUF60_HUMAN	335	52	0
PUM1_HUMAN	259	67	0
PUM2_HUMAN	136	123	0
PUR1_HUMAN	77	131	0
PUR2_HUMAN	240	57	0
PUR4_HUMAN	179	71	0
PUR6_HUMAN	350	43	0
PUR8_HUMAN	195	88	0
PUR9_HUMAN	168	66	0
PURA1_HUMAN	15	278	0
PURA2_HUMAN	130	89	0
PURA_HUMAN	220	79	0
PURB_HUMAN	133	110	0
PURG_HUMAN	223	227	0
PUS10_HUMAN	6	2689	0
PUS3_HUMAN	8	1198	0
PUS7L_HUMAN	13	367	0
PUS7_HUMAN	140	100	0
PUSL1_HUMAN	60	225	0
PVRIG_HUMAN	20	605	0
PVRL1_HUMAN	21	363	0
PVRL2_HUMAN	182	70	0
PVRL3_HUMAN	84	140	0
PVRL4_HUMAN	27	469	0
PVR_HUMAN	178	82	0
PWP1_HUMAN	175	75	0
PWP2A_HUMAN	80	219	0
PWP2B_HUMAN	18	394	0
PWP2_HUMAN	138	106	0
PX11A_HUMAN	11	871	0
PX11B_HUMAN	50	181	0
PX11C_HUMAN	8	3381	0
PXDC1_HUMAN	12	1413	0
PXDC2_HUMAN	82	179	0
PXDNL_HUMAN	19	517	0
PXDN_HUMAN	88	119	0
PXK_HUMAN	39	238	0
PXMP2_HUMAN	284	79	0
PXMP4_HUMAN	11	863	0
PXT1_HUMAN	1	4989	0
PYC_HUMAN	233	60	0
PYDC1_HUMAN	3	2336	0
PYDC2_HUMAN	5	5657	0
PYGB_HUMAN	164	70	0
PYGL_HUMAN	133	80	0
PYGM_HUMAN	88	142	0
PYGO1_HUMAN	23	786	0
PYGO2_HUMAN	52	284	0
PYR1_HUMAN	455	43	0
PYRD1_HUMAN	13	385	0
PYRD2_HUMAN	6	1820	0
PYRD_HUMAN	30	265	0
PYRG1_HUMAN	218	59	0
PYRG2_HUMAN	121	111	0
PYY_HUMAN	11	1644	0
PZP_HUMAN	19	356	0
PZRN3_HUMAN	40	308	0
PZRN4_HUMAN	4	1524	0
P_HUMAN	67	245	0
QCR10_HUMAN	52	478	0
QCR1_HUMAN	241	60	0
QCR2_HUMAN	392	36	0
QCR6_HUMAN	144	96	0
QCR7_HUMAN	139	96	0
QCR8_HUMAN	171	93	0
QCR9_HUMAN	65	150	0
QIL1_HUMAN,MIC13_HUMAN	135	109	0
QKI_HUMAN	194	83	0
QN1_HUMAN,CE162_HUMAN	164	140	0
QORL1_HUMAN	32	189	0
QORX_HUMAN	14	333	0
QOR_HUMAN	176	116	0
QPCTL_HUMAN	109	104	0
QPCT_HUMAN	45	202	0
QRFPR_HUMAN	11	1091	0
QRIC1_HUMAN	156	94	0
QRIC2_HUMAN	14	420	0
QSER1_HUMAN	117	117	0
QSOX1_HUMAN	74	139	0
QSOX2_HUMAN	121	88	0
QTRD1_HUMAN	42	170	0
R10B1_HUMAN	2	2134	0
R10B2_HUMAN	2	4292	0
R113A_HUMAN	685	28	0
R113B_HUMAN	9	805	0
R144A_HUMAN	99	137	0
R144B_HUMAN	79	228	0
R216L_HUMAN	4	731	0
R39L5_HUMAN	61	184	0
R3GEF_HUMAN	53	379	0
R3HC1_HUMAN	6	573	0
R3HCL_HUMAN	22	396	0
R3HD1_HUMAN	88	147	0
R3HD2_HUMAN	128	189	0
R3HD4_HUMAN	3	1290	0
R4RL1_HUMAN	11	347	0
R4RL2_HUMAN	13	502	0
R51A1_HUMAN	33	238	0
R51A2_HUMAN	7	617	0
R7BP_HUMAN	4	1511	0
R9BP_HUMAN	17	846	0
RA1L2_HUMAN	153	110	0
RA51B_HUMAN	51	250	0
RA51C_HUMAN	52	199	0
RA51D_HUMAN	98	200	0
RA54B_HUMAN	55	217	0
RAB10_HUMAN	224	53	0
RAB12_HUMAN	40	242	0
RAB13_HUMAN	112	101	0
RAB14_HUMAN	298	51	0
RAB15_HUMAN	39	188	0
RAB17_HUMAN	21	451	0
RAB18_HUMAN	180	76	0
RAB19_HUMAN	13	800	0
RAB1A_HUMAN	413	38	0
RAB1B_HUMAN	230	45	0
RAB1C_HUMAN	28	243	0
RAB20_HUMAN	28	429	0
RAB21_HUMAN	139	69	0
RAB23_HUMAN	57	194	0
RAB24_HUMAN	38	252	0
RAB25_HUMAN	263	79	0
RAB26_HUMAN	23	620	0
RAB28_HUMAN	21	369	0
RAB2A_HUMAN	554	34	0
RAB2B_HUMAN	107	105	0
RAB30_HUMAN	37	367	0
RAB31_HUMAN	52	169	0
RAB32_HUMAN	84	155	0
RAB34_HUMAN	93	115	0
RAB35_HUMAN	586	30	0
RAB36_HUMAN	3	2128	0
RAB37_HUMAN	10	621	0
RAB38_HUMAN	32	289	0
RAB3A_HUMAN	86	124	0
RAB3B_HUMAN	308	70	0
RAB3C_HUMAN	27	284	0
RAB3D_HUMAN	42	307	0
RAB3I_HUMAN	120	137	0
RAB41_HUMAN	8	1160	0
RAB42_HUMAN	2	3468	0
RAB43_HUMAN	44	280	0
RAB44_HUMAN	1	5981	0
RAB4A_HUMAN	465	50	0
RAB4B_HUMAN	37	227	0
RAB5A_HUMAN	700	21	0
RAB5B_HUMAN	149	60	0
RAB5C_HUMAN	601	29	0
RAB6A_HUMAN	159	76	0
RAB6B_HUMAN	126	92	0
RAB6C_HUMAN	15	878	0
RAB7A_HUMAN	910	21	0
RAB7B_HUMAN	14	881	0
RAB7L_HUMAN	97	150	0
RAB8A_HUMAN	218	72	0
RAB8B_HUMAN	77	128	0
RAB9A_HUMAN	602	43	0
RAB9B_HUMAN	32	486	0
RABE1_HUMAN	181	68	0
RABE2_HUMAN	93	139	0
RABEK_HUMAN	35	281	0
RABL3_HUMAN	196	84	0
RABL5_HUMAN,IFT22_HUMAN	53	339	0
RABP1_HUMAN	17	388	0
RABP2_HUMAN	92	133	0
RABX5_HUMAN	164	89	0
RAC1_HUMAN	1008	24	0
RAC2_HUMAN	676	32	0
RAC3_HUMAN	626	31	0
RAD17_HUMAN	93	169	0
RAD18_HUMAN	451	59	0
RAD1_HUMAN	45	270	0
RAD21_HUMAN	376	55	0
RAD26_HUMAN	7	1171	0
RAD50_HUMAN	398	45	0
RAD51_HUMAN	214	88	0
RAD52_HUMAN	66	155	0
RAD54_HUMAN	12	613	0
RAD9A_HUMAN	54	212	0
RAD9B_HUMAN	10	890	0
RADIL_HUMAN	54	211	0
RADI_HUMAN	299	61	0
RAD_HUMAN	16	427	0
RAE1L_HUMAN	288	60	0
RAE1_HUMAN	104	150	0
RAE2_HUMAN	59	170	0
RAF1_HUMAN	1942	16	0
RAG1_HUMAN	25	270	0
RAG2_HUMAN	6	1587	0
RAGE_HUMAN	34	250	0
RAGP1_HUMAN	309	48	0
RAI14_HUMAN	237	61	0
RAI1_HUMAN	118	96	0
RAI2_HUMAN	23	544	0
RAI3_HUMAN	111	125	0
RAIN_HUMAN	19	584	0
RALA_HUMAN	150	79	0
RALB_HUMAN	82	140	0
RALYL_HUMAN	64	213	0
RALY_HUMAN	383	45	0
RAMP1_HUMAN	34	467	0
RAMP2_HUMAN	76	439	0
RAMP3_HUMAN	198	141	0
RAM_HUMAN	78	146	0
RANB3_HUMAN	116	108	0
RANB9_HUMAN	464	37	0
RANG_HUMAN	235	52	0
RAN_HUMAN	488	37	0
RAP1A_HUMAN	162	66	0
RAP1B_HUMAN	210	76	0
RAP2A_HUMAN	97	147	0
RAP2B_HUMAN	39	228	0
RAP2C_HUMAN	67	130	0
RAPH1_HUMAN	70	121	0
RAPSN_HUMAN	19	312	0
RARA_HUMAN	189	91	0
RARB_HUMAN	29	382	0
RARG_HUMAN	48	342	0
RARR2_HUMAN	4	3819	0
RAS4B_HUMAN	1	2709	0
RASA1_HUMAN	150	109	0
RASA2_HUMAN	23	384	0
RASA3_HUMAN	35	191	0
RASD1_HUMAN	40	419	0
RASEF_HUMAN	25	371	0
RASE_HUMAN	4	1445	0
RASF1_HUMAN	100	128	0
RASF2_HUMAN	44	196	0
RASF3_HUMAN	48	230	0
RASF4_HUMAN	11	1029	0
RASF5_HUMAN	63	158	0
RASF6_HUMAN	11	827	0
RASF7_HUMAN	52	192	0
RASF8_HUMAN	109	119	0
RASF9_HUMAN	39	252	0
RASFA_HUMAN	61	246	0
RASH_HUMAN	692	39	0
RASK_HUMAN	1288	15	0
RASL1_HUMAN	8	801	0
RASL2_HUMAN	13	339	0
RASL3_HUMAN	28	253	0
RASLC_HUMAN	7	774	0
RASM_HUMAN	17	555	0
RASN_HUMAN	709	36	0
RAVR1_HUMAN	180	85	0
RAVR2_HUMAN	19	454	0
RAX2_HUMAN	1	8573	0
RB11A_HUMAN	856	29	0
RB11B_HUMAN	169	75	0
RB12B_HUMAN	68	152	0
RB15B_HUMAN	109	121	0
RB22A_HUMAN	28	260	0
RB27A_HUMAN	85	174	0
RB27B_HUMAN	40	294	0
RB33A_HUMAN	38	266	0
RB33B_HUMAN	56	225	0
RB39A_HUMAN	55	192	0
RB39B_HUMAN	64	169	0
RB3GP_HUMAN	173	72	0
RB40A_HUMAN	27	358	0
RB40B_HUMAN	27	373	0
RB40C_HUMAN	32	663	0
RB40L_HUMAN	15	578	0
RB6I2_HUMAN	201	72	0
RBAK_HUMAN	63	215	0
RBBP4_HUMAN	587	38	0
RBBP5_HUMAN	285	71	0
RBBP6_HUMAN	238	63	0
RBBP7_HUMAN	524	47	0
RBBP9_HUMAN	10	377	0
RBCC1_HUMAN	359	49	0
RBEL1_HUMAN,RABL6_HUMAN	137	89	0
RBFA_HUMAN	71	157	0
RBG10_HUMAN	28	1064	0
RBG1L_HUMAN	121	124	0
RBGP1_HUMAN	125	79	0
RBGPR_HUMAN	161	71	0
RBL1_HUMAN	120	115	0
RBL2A_HUMAN	27	364	0
RBL2B_HUMAN	11	608	0
RBL2_HUMAN	82	182	0
RBM10_HUMAN	271	59	0
RBM11_HUMAN	173	105	0
RBM12_HUMAN	143	100	0
RBM14_HUMAN	572	35	0
RBM15_HUMAN	211	63	0
RBM18_HUMAN	15	1132	0
RBM19_HUMAN	213	109	0
RBM20_HUMAN	42	231	0
RBM22_HUMAN	172	93	0
RBM23_HUMAN	96	155	0
RBM24_HUMAN	37	381	0
RBM25_HUMAN	325	64	0
RBM26_HUMAN	146	81	0
RBM27_HUMAN	166	87	0
RBM28_HUMAN	363	57	0
RBM33_HUMAN	126	90	0
RBM34_HUMAN	299	86	0
RBM38_HUMAN	25	305	0
RBM39_HUMAN	1055	22	0
RBM3_HUMAN	168	98	0
RBM40_HUMAN	46	293	0
RBM41_HUMAN	40	243	0
RBM42_HUMAN	342	74	0
RBM43_HUMAN	11	619	0
RBM44_HUMAN	1	1835	0
RBM45_HUMAN	203	94	0
RBM46_HUMAN	9	775	0
RBM47_HUMAN	203	113	0
RBM48_HUMAN	72	261	0
RBM4B_HUMAN	264	87	0
RBM4_HUMAN	283	65	0
RBM5_HUMAN	140	107	0
RBM6_HUMAN	132	102	0
RBM7_HUMAN	127	148	0
RBM8A_HUMAN	464	44	0
RBMS1_HUMAN	206	91	0
RBMS2_HUMAN	238	142	0
RBMS3_HUMAN	54	322	0
RBMX2_HUMAN	128	142	0
RBMX_HUMAN	476	43	0
RBNS5_HUMAN	57	149	0
RBP10_HUMAN	134	123	0
RBP17_HUMAN	18	356	0
RBP1_HUMAN	178	84	0
RBP2_HUMAN	373	49	0
RBP56_HUMAN	352	45	0
RBPJL_HUMAN	9	709	0
RBPMS_HUMAN	357	73	0
RBPS2_HUMAN	83	289	0
RBSK_HUMAN	19	855	0
RBTN1_HUMAN	159	164	0
RBTN2_HUMAN	256	120	0
RBX1_HUMAN	538	45	0
RBX2_HUMAN	140	145	0
RBY1A_HUMAN	29	563	0
RBY1B_HUMAN	1	12734	0
RBY1D_HUMAN	1	4210	0
RBY1E_HUMAN	2	3144	0
RBY1F_HUMAN	34	614	0
RB_HUMAN	362	73	0
RC3H1_HUMAN	666	41	0
RC3H2_HUMAN	657	44	0
RCAN1_HUMAN	53	211	0
RCAN2_HUMAN	25	701	0
RCAN3_HUMAN	17	791	0
RCAS1_HUMAN	297	87	0
RCBT1_HUMAN	34	307	0
RCBT2_HUMAN	52	225	0
RCC1_HUMAN	199	67	0
RCC2_HUMAN	242	78	0
RCCD1_HUMAN	87	181	0
RCD1_HUMAN	227	102	0
RCL1_HUMAN	116	131	0
RCL_HUMAN,DNPH1_HUMAN	17	272	0
RCN1_HUMAN	284	48	0
RCN2_HUMAN	340	52	0
RCN3_HUMAN	29	283	0
RCOR1_HUMAN	507	48	0
RCOR2_HUMAN	33	420	0
RCOR3_HUMAN	176	109	0
RD21L_HUMAN	1	2174	0
RD23A_HUMAN	256	54	0
RD23B_HUMAN	233	74	0
RD3L_HUMAN	2	1999	0
RD3_HUMAN	15	1000	0
RDH10_HUMAN	28	212	0
RDH11_HUMAN	152	75	0
RDH12_HUMAN	47	301	0
RDH13_HUMAN	89	153	0
RDH14_HUMAN	48	197	0
RDH16_HUMAN	1	3442	0
RDH1_HUMAN	8	1170	0
RDH8_HUMAN	8	1348	0
RDHE2_HUMAN	38	405	0
RDM1_HUMAN	8	1249	0
REBL1_HUMAN	6	1401	0
REC8_HUMAN	40	291	0
RECK_HUMAN	53	221	0
RECO_HUMAN	18	664	0
RECQ1_HUMAN	313	72	0
RECQ4_HUMAN	1409	22	0
RECQ5_HUMAN	113	126	0
RED1_HUMAN	449	57	0
RED2_HUMAN	17	347	0
RED_HUMAN	216	87	0
REEP1_HUMAN	30	288	0
REEP2_HUMAN	73	159	0
REEP3_HUMAN	34	205	0
REEP4_HUMAN	209	86	0
REEP5_HUMAN	398	55	0
REEP6_HUMAN	120	133	0
REG1A_HUMAN	8	2178	0
REG1B_HUMAN	6	1413	0
REG3A_HUMAN	15	626	0
REG3G_HUMAN	1	10397	0
REG4_HUMAN	8	1633	0
REL1_HUMAN	94	401	0
REL2_HUMAN	11	1772	0
REL3_HUMAN	3	11304	0
RELB_HUMAN	115	110	0
RELL1_HUMAN	87	142	0
RELL2_HUMAN	48	530	0
RELN_HUMAN	9	404	0
REL_HUMAN	405	58	0
REM1_HUMAN	7	895	0
REM2_HUMAN	3	4751	0
REN3A_HUMAN	52	210	0
REN3B_HUMAN	142	138	0
RENBP_HUMAN	5	1205	0
RENI_HUMAN	13	1850	0
RENR_HUMAN	327	52	0
RENT1_HUMAN	529	43	0
RENT2_HUMAN	181	89	0
REP15_HUMAN	20	1308	0
REPI1_HUMAN	110	131	0
REPS1_HUMAN	113	112	0
REPS2_HUMAN	31	281	0
REQU_HUMAN	343	63	0
RER1_HUMAN	196	68	0
RERE_HUMAN	95	153	0
RERG_HUMAN	2	2647	0
REST_HUMAN	261	75	0
RET1G_HUMAN	1	15327	0
RET1L_HUMAN	13	1278	0
RET1_HUMAN	39	207	0
RET2_HUMAN	4	1433	0
RET3_HUMAN	17	1151	0
RET4_HUMAN	26	357	0
RET5_HUMAN	5	1452	0
RET7_HUMAN	11	1690	0
RETNB_HUMAN	15	724	0
RETN_HUMAN	8	610	0
RETST_HUMAN	127	129	0
RET_HUMAN	275	52	0
REV1_HUMAN	30	190	0
REXO1_HUMAN	11	536	0
REXO4_HUMAN	278	96	0
REXON_HUMAN	35	359	0
RF1ML_HUMAN	242	172	0
RF1M_HUMAN	239	139	0
RFA1_HUMAN	3043	11	0
RFA2_HUMAN	2896	12	0
RFA3_HUMAN	2878	11	0
RFA4_HUMAN	451	53	0
RFC1_HUMAN	242	70	0
RFC2_HUMAN	176	79	0
RFC3_HUMAN	183	90	0
RFC4_HUMAN	249	90	0
RFC5_HUMAN	210	78	0
RFESD_HUMAN	9	1586	0
RFFL_HUMAN	77	146	0
RFIP1_HUMAN	133	95	0
RFIP2_HUMAN	81	139	0
RFIP3_HUMAN	27	264	0
RFIP4_HUMAN	25	414	0
RFIP5_HUMAN	185	66	0
RFNG_HUMAN	5	5626	0
RFOX1_HUMAN	92	151	0
RFOX2_HUMAN	241	82	0
RFOX3_HUMAN	15	1045	0
RFPL1_HUMAN	4	2204	0
RFPL2_HUMAN	21	417	0
RFPL3_HUMAN	18	535	0
RFPLA_HUMAN	12	1495	0
RFPLB_HUMAN	49	508	0
RFRP_HUMAN,NPVF_HUMAN	6	1018	0
RFT1_HUMAN	94	161	0
RFTN1_HUMAN	58	155	0
RFTN2_HUMAN	10	1741	0
RFWD2_HUMAN	329	65	0
RFWD3_HUMAN	77	145	0
RFX1_HUMAN	82	133	0
RFX2_HUMAN	25	350	0
RFX3_HUMAN	70	149	0
RFX4_HUMAN	2	8561	0
RFX5_HUMAN	52	236	0
RFX6_HUMAN	43	385	0
RFX7_HUMAN	28	286	0
RFXAP_HUMAN	21	374	0
RFXK_HUMAN	151	145	0
RG18L_HUMAN	12	628	0
RG9D2_HUMAN,TM10A_HUMAN	24	243	0
RG9D3_HUMAN,TM10B_HUMAN	40	583	0
RGAG1_HUMAN	14	728	0
RGAG4_HUMAN	2	3577	0
RGAP1_HUMAN	217	65	0
RGCC_HUMAN	10	824	0
RGDSR_HUMAN	7	1288	0
RGF1A_HUMAN	5	2538	0
RGF1B_HUMAN	10	426	0
RGF1C_HUMAN	9	545	0
RGL1_HUMAN	16	484	0
RGL2_HUMAN	29	193	0
RGL3_HUMAN	53	527	0
RGMA_HUMAN	18	797	0
RGMB_HUMAN	9	877	0
RGMC_HUMAN	4	6101	0
RGN_HUMAN	9	1078	0
RGP1_HUMAN	26	461	0
RGPA1_HUMAN	80	115	0
RGPA2_HUMAN	43	162	0
RGPD1_HUMAN	61	200	0
RGPD2_HUMAN	13	585	0
RGPD3_HUMAN	50	226	0
RGPD4_HUMAN	25	315	0
RGPD5_HUMAN	126	127	0
RGPD8_HUMAN	82	175	0
RGPS1_HUMAN	8	597	0
RGPS2_HUMAN	47	285	0
RGRF1_HUMAN	19	374	0
RGRF2_HUMAN	28	344	0
RGR_HUMAN	10	1462	0
RGS10_HUMAN	14	371	0
RGS11_HUMAN	11	500	0
RGS12_HUMAN	41	237	0
RGS13_HUMAN	10	514	0
RGS14_HUMAN	22	424	0
RGS16_HUMAN	15	543	0
RGS17_HUMAN	46	439	0
RGS18_HUMAN	7	961	0
RGS19_HUMAN	32	282	0
RGS1_HUMAN	9	1002	0
RGS20_HUMAN	119	190	0
RGS22_HUMAN	7	816	0
RGS2_HUMAN	77	187	0
RGS3_HUMAN	75	198	0
RGS4_HUMAN	18	484	0
RGS5_HUMAN	13	779	0
RGS6_HUMAN	19	300	0
RGS7_HUMAN	14	451	0
RGS8_HUMAN	11	843	0
RGS9_HUMAN	13	461	0
RGSL_HUMAN	8	965	0
RHAG_HUMAN	10	1346	0
RHBD1_HUMAN,RHBL4_HUMAN	350	68	0
RHBD2_HUMAN	110	134	0
RHBD3_HUMAN	27	664	0
RHBG_HUMAN	25	787	0
RHBL1_HUMAN	17	1351	0
RHBL2_HUMAN	8	580	0
RHBL3_HUMAN	4	1067	0
RHBT1_HUMAN	407	57	0
RHBT2_HUMAN	164	97	0
RHBT3_HUMAN	105	125	0
RHCG_HUMAN	63	311	0
RHDF1_HUMAN	21	328	0
RHDF2_HUMAN	178	84	0
RHD_HUMAN	9	1790	0
RHEB_HUMAN	107	99	0
RHES_HUMAN	13	567	0
RHF2B_HUMAN	1	1756	0
RHG01_HUMAN	247	54	0
RHG04_HUMAN	29	267	0
RHG05_HUMAN	57	171	0
RHG06_HUMAN	8	556	0
RHG07_HUMAN	58	212	0
RHG08_HUMAN	24	221	0
RHG09_HUMAN	42	217	0
RHG10_HUMAN	31	202	0
RHG12_HUMAN	69	132	0
RHG15_HUMAN	19	266	0
RHG17_HUMAN	98	128	0
RHG18_HUMAN	109	125	0
RHG19_HUMAN	67	134	0
RHG20_HUMAN	30	219	0
RHG21_HUMAN	188	75	0
RHG22_HUMAN	64	244	0
RHG23_HUMAN	70	137	0
RHG24_HUMAN	476	47	0
RHG25_HUMAN	52	264	0
RHG26_HUMAN	66	193	0
RHG27_HUMAN	12	287	0
RHG28_HUMAN	9	410	0
RHG29_HUMAN	85	134	0
RHG30_HUMAN	9	415	0
RHG31_HUMAN	48	225	0
RHG32_HUMAN	147	81	0
RHG33_HUMAN	11	433	0
RHG35_HUMAN	100	116	0
RHG36_HUMAN	73	194	0
RHG39_HUMAN	29	319	0
RHG42_HUMAN	9	1612	0
RHG44_HUMAN	35	309	0
RHGBA_HUMAN	71	168	0
RHGBB_HUMAN	30	236	0
RHGXX_HUMAN	113	137	0
RHINO_HUMAN	14	429	0
RHOA_HUMAN	1203	22	0
RHOB_HUMAN	843	25	0
RHOC_HUMAN	591	34	0
RHOD_HUMAN	565	45	0
RHOF_HUMAN	682	40	0
RHOG_HUMAN	902	24	0
RHOH_HUMAN	507	50	0
RHOJ_HUMAN	623	35	0
RHOQ_HUMAN	437	54	0
RHOU_HUMAN	397	51	0
RHOV_HUMAN	240	78	0
RHPN1_HUMAN	51	314	0
RHPN2_HUMAN	37	244	0
RHXF1_HUMAN	3	4569	0
RHXF2_HUMAN	101	245	0
RIBC1_HUMAN	63	408	0
RIBC2_HUMAN	32	270	0
RIC1_HUMAN	32	251	0
RIC3_HUMAN	134	133	0
RIC8A_HUMAN	100	110	0
RIC8B_HUMAN	47	321	0
RICTR_HUMAN	751	27	0
RIF1_HUMAN	327	66	0
RIFK_HUMAN	26	664	0
RILP_HUMAN	20	431	0
RIM3A_HUMAN	36	593	0
RIM3C_HUMAN	17	795	0
RIMB1_HUMAN	26	626	0
RIMB2_HUMAN	7	1611	0
RIMKA_HUMAN	7	867	0
RIMKB_HUMAN	12	610	0
RIMS1_HUMAN	259	84	0
RIMS2_HUMAN	26	266	0
RIMS3_HUMAN	10	849	0
RIMS4_HUMAN	8	669	0
RIN1_HUMAN	123	108	0
RIN2_HUMAN	24	195	0
RIN3_HUMAN	457	41	0
RING1_HUMAN	200	83	0
RING2_HUMAN	814	36	0
RINI_HUMAN	238	63	0
RINL_HUMAN	15	830	0
RINT1_HUMAN	234	78	0
RIOK1_HUMAN	530	46	0
RIOK2_HUMAN	361	54	0
RIOK3_HUMAN	89	147	0
RIPK1_HUMAN	205	70	0
RIPK2_HUMAN	119	112	0
RIPK3_HUMAN	122	101	0
RIPK4_HUMAN	447	42	0
RIPL1_HUMAN	20	238	0
RIPL2_HUMAN	11	916	0
RIPP1_HUMAN	53	497	0
RIPP2_HUMAN	20	825	0
RIP_HUMAN	16	357	0
RIR1_HUMAN	146	97	0
RIR2B_HUMAN	60	127	0
RIR2_HUMAN	100	97	0
RISC_HUMAN	88	147	0
RIT1_HUMAN	32	373	0
RIT2_HUMAN	21	447	0
RITA_HUMAN,RITA1_HUMAN	48	319	0
RK_HUMAN	9	886	0
RL10A_HUMAN	531	36	0
RL10L_HUMAN	119	140	0
RL10_HUMAN	708	37	0
RL11_HUMAN	698	39	0
RL12_HUMAN	439	40	0
RL13A_HUMAN	580	47	0
RL13_HUMAN	764	38	0
RL14_HUMAN	585	40	0
RL15_HUMAN	534	44	0
RL17_HUMAN	619	39	0
RL18A_HUMAN	479	50	0
RL18_HUMAN	553	44	0
RL19_HUMAN	660	48	0
RL1D1_HUMAN	479	62	0
RL21_HUMAN	396	51	0
RL22L_HUMAN	88	119	0
RL22_HUMAN	465	47	0
RL23A_HUMAN	670	39	0
RL23_HUMAN	581	35	0
RL24_HUMAN	442	46	0
RL26L_HUMAN	470	63	0
RL26_HUMAN	433	53	0
RL27A_HUMAN	495	50	0
RL27_HUMAN	453	44	0
RL28_HUMAN	496	40	0
RL29_HUMAN	326	48	0
RL30_HUMAN	478	42	0
RL31_HUMAN	796	37	0
RL32_HUMAN	359	52	0
RL34_HUMAN	306	56	0
RL35A_HUMAN	409	43	0
RL35_HUMAN	549	39	0
RL36A_HUMAN	158	116	0
RL36L_HUMAN	325	72	0
RL36_HUMAN	540	46	0
RL37A_HUMAN	433	56	0
RL37_HUMAN	163	112	0
RL38_HUMAN	383	51	0
RL39L_HUMAN	4	1835	0
RL39_HUMAN	116	117	0
RL3L_HUMAN	63	234	0
RL3R1_HUMAN	10	844	0
RL3R2_HUMAN	11	1079	0
RL3_HUMAN	758	34	0
RL40_HUMAN	430	57	0
RL41_HUMAN	10	419	0
RL4_HUMAN	814	29	0
RL5_HUMAN	641	34	0
RL6_HUMAN	693	26	0
RL7A_HUMAN	723	30	0
RL7L_HUMAN	217	83	0
RL7_HUMAN	519	36	0
RL8_HUMAN	568	35	0
RL9_HUMAN	421	56	0
RLA0_HUMAN	679	38	0
RLA1_HUMAN	339	49	0
RLA2_HUMAN	438	44	0
RLBL1_HUMAN	1	16401	0
RLBP1_HUMAN	6	3417	0
RLF_HUMAN	66	181	0
RLGPB_HUMAN	72	128	0
RLP24_HUMAN	105	194	0
RM01_HUMAN	208	119	0
RM02_HUMAN	233	98	0
RM03_HUMAN	178	127	0
RM04_HUMAN	280	86	0
RM09_HUMAN	217	112	0
RM10_HUMAN	185	106	0
RM11_HUMAN	397	63	0
RM12_HUMAN	355	68	0
RM13_HUMAN	233	107	0
RM14_HUMAN	127	115	0
RM15_HUMAN	217	119	0
RM16_HUMAN	186	115	0
RM17_HUMAN	161	138	0
RM18_HUMAN	205	131	0
RM19_HUMAN	167	121	0
RM20_HUMAN	176	135	0
RM21_HUMAN	181	131	0
RM22_HUMAN	186	102	0
RM23_HUMAN	225	104	0
RM24_HUMAN	214	108	0
RM27_HUMAN	185	118	0
RM28_HUMAN	251	88	0
RM30_HUMAN	159	169	0
RM32_HUMAN	121	242	0
RM33_HUMAN	54	284	0
RM34_HUMAN	64	241	0
RM35_HUMAN	97	274	0
RM36_HUMAN	9	616	0
RM37_HUMAN	221	89	0
RM38_HUMAN	256	76	0
RM39_HUMAN	215	96	0
RM40_HUMAN	181	131	0
RM41_HUMAN	209	103	0
RM42_HUMAN	238	96	0
RM43_HUMAN	161	115	0
RM44_HUMAN	235	94	0
RM45_HUMAN	209	100	0
RM46_HUMAN	195	111	0
RM47_HUMAN	209	110	0
RM48_HUMAN	163	150	0
RM49_HUMAN	432	59	0
RM50_HUMAN	232	113	0
RM51_HUMAN	140	211	0
RM52_HUMAN	160	188	0
RM53_HUMAN	197	104	0
RM54_HUMAN	63	248	0
RM55_HUMAN	133	137	0
RMD1_HUMAN	52	185	0
RMD2_HUMAN	30	395	0
RMD3_HUMAN	329	46	0
RMD5A_HUMAN	178	90	0
RMD5B_HUMAN	51	253	0
RMI1_HUMAN	40	196	0
RMI2_HUMAN	21	350	0
RMND1_HUMAN	213	133	0
RMP_HUMAN	150	102	0
RMTL1_HUMAN,MRM3_HUMAN	189	96	0
RMXL1_HUMAN	120	182	0
RMXL2_HUMAN	48	234	0
RMXL3_HUMAN	10	627	0
RN103_HUMAN	28	392	0
RN111_HUMAN	107	140	0
RN112_HUMAN	763	46	0
RN114_HUMAN	103	117	0
RN115_HUMAN	137	110	0
RN121_HUMAN	16	374	0
RN122_HUMAN	15	590	0
RN123_HUMAN	799	30	0
RN125_HUMAN	57	205	0
RN126_HUMAN	159	100	0
RN128_HUMAN	64	154	0
RN133_HUMAN	24	451	0
RN135_HUMAN	27	350	0
RN138_HUMAN	104	137	0
RN139_HUMAN	46	308	0
RN141_HUMAN	11	691	0
RN145_HUMAN	30	457	0
RN146_HUMAN	97	162	0
RN148_HUMAN	55	223	0
RN149_HUMAN	560	33	0
RN150_HUMAN	19	335	0
RN151_HUMAN	124	266	0
RN152_HUMAN	19	825	0
RN157_HUMAN	38	221	0
RN165_HUMAN	15	632	0
RN166_HUMAN	125	186	0
RN167_HUMAN	57	263	0
RN168_HUMAN	92	150	0
RN169_HUMAN	72	154	0
RN170_HUMAN	64	252	0
RN175_HUMAN	4	3998	0
RN180_HUMAN	15	551	0
RN181_HUMAN	137	176	0
RN182_HUMAN	10	677	0
RN183_HUMAN	17	631	0
RN185_HUMAN	166	94	0
RN186_HUMAN	12	593	0
RN187_HUMAN	40	231	0
RN19A_HUMAN	22	316	0
RN19B_HUMAN	78	198	0
RN207_HUMAN	5	703	0
RN208_HUMAN	74	250	0
RN212_HUMAN	4	474	0
RN213_HUMAN	177	61	0
RN214_HUMAN	102	158	0
RN215_HUMAN	4	1924	0
RN216_HUMAN	55	199	0
RN217_HUMAN	8	827	0
RN219_HUMAN	174	95	0
RN220_HUMAN	47	169	0
RN222_HUMAN	1	3172	0
RN5A_HUMAN	46	198	0
RNAS1_HUMAN	12	790	0
RNAS2_HUMAN	5	1469	0
RNAS4_HUMAN	17	932	0
RNAS6_HUMAN	1	12197	0
RNAS7_HUMAN	69	348	0
RNAS9_HUMAN	4	2824	0
RNB3L_HUMAN	12	652	0
RNBP6_HUMAN	124	130	0
RNC_HUMAN	181	77	0
RND1_HUMAN	240	68	0
RND2_HUMAN	436	55	0
RND3_HUMAN	271	68	0
RNF10_HUMAN	140	102	0
RNF11_HUMAN	163	97	0
RNF12_HUMAN	360	47	0
RNF13_HUMAN	80	195	0
RNF14_HUMAN	40	236	0
RNF17_HUMAN	14	463	0
RNF24_HUMAN	19	975	0
RNF25_HUMAN	44	183	0
RNF26_HUMAN	66	242	0
RNF31_HUMAN	388	46	0
RNF32_HUMAN	45	345	0
RNF34_HUMAN	56	164	0
RNF37_HUMAN	29	367	0
RNF38_HUMAN	101	142	0
RNF39_HUMAN	8	834	0
RNF41_HUMAN	150	120	0
RNF43_HUMAN	430	42	0
RNF44_HUMAN	14	1436	0
RNF4_HUMAN	1392	19	0
RNF5_HUMAN	154	139	0
RNF6_HUMAN	73	184	0
RNF8_HUMAN	437	44	0
RNFT1_HUMAN	32	446	0
RNFT2_HUMAN	3	943	0
RNH1_HUMAN	60	157	0
RNH2A_HUMAN	76	170	0
RNH2B_HUMAN	65	161	0
RNH2C_HUMAN	24	317	0
RNK_HUMAN	30	418	0
RNLS_HUMAN	38	274	0
RNPL1_HUMAN	8	723	0
RNPS1_HUMAN	490	52	0
RNS10_HUMAN	9	1327	0
RNS11_HUMAN	1	13321	0
RNS12_HUMAN	2	2941	0
RNS13_HUMAN	15	1280	0
RNT2_HUMAN	17	402	0
RNZ1_HUMAN	1	2264	0
RNZ2_HUMAN	190	66	0
RO52_HUMAN	684	30	0
RO60_HUMAN	200	69	0
ROA0_HUMAN	302	60	0
ROA1_HUMAN	906	29	0
ROA2_HUMAN	715	29	0
ROA3_HUMAN	449	37	0
ROAA_HUMAN	380	52	0
ROBO1_HUMAN	115	97	0
ROBO2_HUMAN	51	170	0
ROBO3_HUMAN	13	872	0
ROBO4_HUMAN	12	397	0
ROCK1_HUMAN	166	74	0
ROCK2_HUMAN	160	75	0
ROGDI_HUMAN	32	280	0
ROM1_HUMAN	6	1962	0
ROMO1_HUMAN	19	863	0
RON_HUMAN	189	86	0
ROP1A_HUMAN	62	322	0
ROP1B_HUMAN	3	2427	0
ROP1L_HUMAN	10	2722	0
ROR1_HUMAN	117	99	0
ROR2_HUMAN	334	52	0
RORA_HUMAN	37	358	0
RORB_HUMAN	74	186	0
RORG_HUMAN	46	247	0
ROS1_HUMAN	103	117	0
RP1L1_HUMAN	7	787	0
RP1_HUMAN	9	442	0
RP25L_HUMAN	78	193	0
RP3A_HUMAN	32	302	0
RP9_HUMAN	103	130	0
RPA12_HUMAN	64	288	0
RPA1_HUMAN	206	78	0
RPA2_HUMAN	160	104	0
RPA34_HUMAN	494	63	0
RPA43_HUMAN	54	176	0
RPA49_HUMAN	340	69	0
RPAB1_HUMAN	294	59	0
RPAB2_HUMAN	139	230	0
RPAB3_HUMAN	229	78	0
RPAB4_HUMAN	143	158	0
RPAB5_HUMAN	169	114	0
RPAC1_HUMAN	316	78	0
RPAC2_HUMAN	137	151	0
RPAP1_HUMAN	108	132	0
RPAP2_HUMAN	160	133	0
RPAP3_HUMAN	220	84	0
RPB11_HUMAN	152	165	0
RPB1B_HUMAN	15	692	0
RPB1C_HUMAN	21	507	0
RPB1_HUMAN	504	42	0
RPB2_HUMAN	368	64	0
RPB3_HUMAN	339	73	0
RPB4_HUMAN	152	152	0
RPB7_HUMAN	179	130	0
RPB9_HUMAN	125	175	0
RPC10_HUMAN	79	251	0
RPC1_HUMAN	162	87	0
RPC2_HUMAN	126	133	0
RPC3_HUMAN	110	126	0
RPC4_HUMAN	87	200	0
RPC5_HUMAN	106	141	0
RPC6_HUMAN	65	162	0
RPC7L_HUMAN	41	290	0
RPC7_HUMAN	36	486	0
RPC8_HUMAN	91	257	0
RPC9_HUMAN	89	228	0
RPE65_HUMAN	7	1177	0
RPESP_HUMAN	3	4528	0
RPE_HUMAN	52	255	0
RPF1_HUMAN	139	171	0
RPF2_HUMAN	236	91	0
RPGF1_HUMAN	38	152	0
RPGF2_HUMAN	86	128	0
RPGF3_HUMAN	22	296	0
RPGF4_HUMAN	28	298	0
RPGF5_HUMAN	37	348	0
RPGF6_HUMAN	81	113	0
RPGFL_HUMAN	6	1426	0
RPGP1_HUMAN	48	173	0
RPGP2_HUMAN	10	354	0
RPGR1_HUMAN	68	307	0
RPGR_HUMAN	51	253	0
RPH3L_HUMAN	31	375	0
RPIA_HUMAN	70	137	0
RPKL1_HUMAN	50	235	0
RPN1_HUMAN	871	17	0
RPN2_HUMAN	818	26	0
RPOM_HUMAN	230	77	0
RPP14_HUMAN	45	222	0
RPP21_HUMAN	21	497	0
RPP25_HUMAN	59	304	0
RPP29_HUMAN,RPP29_HUMAN,PYDC4_HUMAN	77	176	0
RPP30_HUMAN	114	121	0
RPP38_HUMAN	105	136	0
RPP40_HUMAN	50	183	0
RPR1A_HUMAN	181	92	0
RPR1B_HUMAN	243	69	0
RPRD2_HUMAN	153	97	0
RPRML_HUMAN	1	2846	0
RPRM_HUMAN	100	225	0
RPTN_HUMAN	5	1414	0
RPTOR_HUMAN	337	48	0
RRAGA_HUMAN	70	169	0
RRAGB_HUMAN	56	224	0
RRAGC_HUMAN	75	139	0
RRAGD_HUMAN	69	190	0
RRAS2_HUMAN	101	111	0
RRAS_HUMAN	71	155	0
RRBP1_HUMAN	346	37	0
RREB1_HUMAN	95	133	0
RRF2M_HUMAN	181	149	0
RRFM_HUMAN	295	107	0
RRMJ1_HUMAN,TRM7_HUMAN	178	101	0
RRMJ2_HUMAN,MRM2_HUMAN	91	178	0
RRMJ3_HUMAN,SPB1_HUMAN	412	52	0
RRN3_HUMAN	37	260	0
RRNAD_HUMAN	1	7191	0
RRP12_HUMAN	318	55	0
RRP15_HUMAN	160	108	0
RRP1B_HUMAN	678	37	0
RRP1_HUMAN	166	105	0
RRP36_HUMAN	67	168	0
RRP44_HUMAN	198	75	0
RRP5_HUMAN	328	67	0
RRP7A_HUMAN	131	136	0
RRP7B_HUMAN	4	677	0
RRP8_HUMAN	306	98	0
RRS1_HUMAN	372	61	0
RS10L_HUMAN	62	172	0
RS10_HUMAN	640	42	0
RS11_HUMAN	545	44	0
RS12_HUMAN	346	49	0
RS13_HUMAN	518	40	0
RS14_HUMAN	577	41	0
RS15A_HUMAN	430	44	0
RS15_HUMAN	438	47	0
RS16_HUMAN	768	30	0
RS17L_HUMAN	15	900	0
RS17_HUMAN	341	51	0
RS18_HUMAN	449	43	0
RS19_HUMAN	709	35	0
RS20_HUMAN	545	42	0
RS21_HUMAN	267	84	0
RS23_HUMAN	422	44	0
RS24_HUMAN	555	42	0
RS25_HUMAN	466	43	0
RS26L_HUMAN	73	142	0
RS26_HUMAN	341	62	0
RS27A_HUMAN	509	40	0
RS27L_HUMAN	228	80	0
RS27_HUMAN	389	53	0
RS28_HUMAN	308	52	0
RS29_HUMAN	221	77	0
RS2_HUMAN	676	30	0
RS30_HUMAN	249	86	0
RS3A_HUMAN	688	33	0
RS3_HUMAN	775	32	0
RS4X_HUMAN	546	43	0
RS4Y1_HUMAN	89	137	0
RS4Y2_HUMAN	74	215	0
RS5_HUMAN	445	54	0
RS6_HUMAN	914	27	0
RS7_HUMAN	522	43	0
RS8_HUMAN	685	44	0
RS9_HUMAN	576	37	0
RSAD1_HUMAN	52	257	0
RSAD2_HUMAN	26	422	0
RSBN1_HUMAN	169	118	0
RSBNL_HUMAN	126	116	0
RSCA1_HUMAN	12	514	0
RSF1_HUMAN	121	92	0
RSG1_HUMAN	12	595	0
RSH4A_HUMAN	3	3116	0
RSH6A_HUMAN	32	551	0
RSHL1_HUMAN	32	551	0
RSLAA_HUMAN	6	1288	0
RSLAB_HUMAN	53	228	0
RSLBA_HUMAN	13	760	0
RSLBB_HUMAN	13	814	0
RSMB_HUMAN	525	42	0
RSMN_HUMAN	194	106	0
RSPH1_HUMAN	132	164	0
RSPH3_HUMAN	9	1089	0
RSPH9_HUMAN	18	520	0
RSPO1_HUMAN	25	748	0
RSPO2_HUMAN	22	697	0
RSPO3_HUMAN	7	507	0
RSPO4_HUMAN	15	1022	0
RSPRY_HUMAN	85	134	0
RSRC1_HUMAN	109	146	0
RSRC2_HUMAN	72	156	0
RSSA_HUMAN	517	38	0
RSU1_HUMAN	67	128	0
RT02_HUMAN	281	86	0
RT05_HUMAN	296	82	0
RT06_HUMAN	188	109	0
RT07_HUMAN	357	79	0
RT09_HUMAN	399	59	0
RT10_HUMAN	226	117	0
RT11_HUMAN	224	110	0
RT12_HUMAN	259	104	0
RT14_HUMAN	230	110	0
RT15_HUMAN	151	136	0
RT16_HUMAN	196	107	0
RT17_HUMAN	240	101	0
RT18A_HUMAN	140	158	0
RT18B_HUMAN	319	62	0
RT18C_HUMAN	204	156	0
RT21_HUMAN	117	163	0
RT22_HUMAN	295	65	0
RT23_HUMAN	368	58	0
RT24_HUMAN	274	119	0
RT25_HUMAN	276	88	0
RT26_HUMAN	456	66	0
RT27_HUMAN	343	62	0
RT28_HUMAN	230	95	0
RT29_HUMAN	344	71	0
RT30_HUMAN	208	94	0
RT31_HUMAN	321	81	0
RT33_HUMAN	172	160	0
RT34_HUMAN	325	78	0
RT35_HUMAN	310	73	0
RT36_HUMAN	111	168	0
RT4I1_HUMAN	91	186	0
RT63_HUMAN	97	183	0
RTBDN_HUMAN	9	2205	0
RTCA_HUMAN	103	119	0
RTCB_HUMAN	322	53	0
RTDR1_HUMAN,RSP14_HUMAN	50	383	0
RTEL1_HUMAN	97	130	0
RTF1_HUMAN	111	98	0
RTKN2_HUMAN	14	496	0
RTKN_HUMAN	110	152	0
RTL1_HUMAN	8	362	0
RTN1_HUMAN	121	111	0
RTN2_HUMAN	43	404	0
RTN3_HUMAN	187	64	0
RTN4R_HUMAN	40	316	0
RTN4_HUMAN	354	43	0
RTP1_HUMAN	2	4882	0
RTP2_HUMAN	89	516	0
RTP3_HUMAN	8	1395	0
RTP4_HUMAN	10	1694	0
RTTN_HUMAN	21	242	0
RU17_HUMAN	1013	32	0
RU1C_HUMAN	446	57	0
RU2A_HUMAN	329	73	0
RU2B_HUMAN	267	70	0
RUAS1_HUMAN	3	2222	0
RUBIC_HUMAN	55	172	0
RUFY1_HUMAN	494	37	0
RUFY2_HUMAN	63	178	0
RUFY3_HUMAN	57	174	0
RUFY4_HUMAN	15	1522	0
RUN3A_HUMAN	62	351	0
RUN3B_HUMAN	8	779	0
RUND1_HUMAN	17	374	0
RUNX1_HUMAN	301	59	0
RUNX2_HUMAN	83	164	0
RUNX3_HUMAN	63	202	0
RUSC1_HUMAN	104	184	0
RUSC2_HUMAN	42	198	0
RUSD1_HUMAN	4	811	0
RUSD2_HUMAN	35	234	0
RUSD3_HUMAN	204	132	0
RUSD4_HUMAN	246	124	0
RUVB1_HUMAN	624	35	0
RUVB2_HUMAN	655	30	0
RUXE_HUMAN	308	55	0
RUXF_HUMAN	383	63	0
RUXG_HUMAN	177	118	0
RWD2A_HUMAN	9	988	0
RWD2B_HUMAN	33	309	0
RWDD1_HUMAN	13	516	0
RWDD3_HUMAN	10	621	0
RWDD4_HUMAN	23	271	0
RXFP1_HUMAN	85	332	0
RXFP2_HUMAN	4	3416	0
RXRA_HUMAN	164	114	0
RXRB_HUMAN	65	179	0
RXRG_HUMAN	39	330	0
RX_HUMAN	2	3194	0
RYBP_HUMAN	637	34	0
RYK_HUMAN	209	77	0
RYR1_HUMAN	37	173	0
RYR2_HUMAN	54	185	0
RYR3_HUMAN	22	233	0
S100B_HUMAN	181	116	0
S100G_HUMAN	5	1441	0
S100P_HUMAN	265	92	0
S100Z_HUMAN	11	2507	0
S10A1_HUMAN	38	253	0
S10A2_HUMAN	424	67	0
S10A3_HUMAN	63	295	0
S10A4_HUMAN	161	101	0
S10A5_HUMAN	12	661	0
S10A6_HUMAN	213	90	0
S10A7_HUMAN	187	77	0
S10A8_HUMAN	214	69	0
S10A9_HUMAN	319	61	0
S10AA_HUMAN	132	94	0
S10AB_HUMAN	90	98	0
S10AC_HUMAN	6	640	0
S10AD_HUMAN	50	212	0
S10AE_HUMAN	87	124	0
S10AG_HUMAN	74	128	0
S11IP_HUMAN	91	124	0
S12A1_HUMAN	20	581	0
S12A2_HUMAN	229	64	0
S12A3_HUMAN	74	178	0
S12A4_HUMAN	198	72	0
S12A5_HUMAN	33	252	0
S12A6_HUMAN	142	120	0
S12A7_HUMAN	154	94	0
S12A8_HUMAN	18	919	0
S12A9_HUMAN	211	97	0
S12IP_HUMAN	67	172	0
S13A1_HUMAN	52	253	0
S13A2_HUMAN	43	356	0
S13A3_HUMAN	56	258	0
S13A4_HUMAN	36	516	0
S13A5_HUMAN	38	324	0
S14L1_HUMAN	19	276	0
S14L2_HUMAN	24	310	0
S14L3_HUMAN	4	1586	0
S14L4_HUMAN	23	626	0
S14L5_HUMAN	5	648	0
S15A1_HUMAN	111	214	0
S15A2_HUMAN	77	274	0
S15A3_HUMAN	382	60	0
S15A4_HUMAN	131	131	0
S15A5_HUMAN	1	3986	0
S17A4_HUMAN	1	2263	0
S17A5_HUMAN	67	255	0
S17A9_HUMAN	80	199	0
S18B1_HUMAN	32	458	0
S18L2_HUMAN	71	269	0
S19A1_HUMAN	147	104	0
S19A2_HUMAN	298	124	0
S19A3_HUMAN	101	195	0
S1A7A_HUMAN	79	256	0
S1A7B_HUMAN	9	1257	0
S1PBP_HUMAN	11	539	0
S1PR1_HUMAN	130	166	0
S1PR2_HUMAN	30	621	0
S1PR3_HUMAN	178	180	0
S1PR4_HUMAN	145	226	0
S1PR5_HUMAN	17	873	0
S20A1_HUMAN	93	140	0
S20A2_HUMAN	122	115	0
S22A1_HUMAN	43	547	0
S22A2_HUMAN	105	193	0
S22A3_HUMAN	19	372	0
S22A4_HUMAN	239	153	0
S22A5_HUMAN	113	180	0
S22A6_HUMAN	57	328	0
S22A7_HUMAN	16	892	0
S22A8_HUMAN	33	278	0
S22A9_HUMAN	301	111	0
S22AA_HUMAN	21	763	0
S22AB_HUMAN	146	197	0
S22AC_HUMAN	12	619	0
S22AD_HUMAN	14	1067	0
S22AE_HUMAN	64	279	0
S22AF_HUMAN	36	490	0
S22AG_HUMAN	54	282	0
S22AH_HUMAN	47	409	0
S22AI_HUMAN	86	217	0
S22AK_HUMAN	1	6336	0
S22AN_HUMAN	60	251	0
S22AO_HUMAN	13	1152	0
S22AP_HUMAN	12	417	0
S23A1_HUMAN	55	290	0
S23A2_HUMAN	33	301	0
S23A3_HUMAN	6	1556	0
S23IP_HUMAN	217	65	0
S2533_HUMAN	39	226	0
S2534_HUMAN	1	2799	0
S2535_HUMAN	17	658	0
S2536_HUMAN	7	553	0
S2538_HUMAN	14	1146	0
S2539_HUMAN	8	567	0
S2540_HUMAN	60	216	0
S2541_HUMAN	89	277	0
S2542_HUMAN	14	455	0
S2543_HUMAN	9	478	0
S2544_HUMAN	9	690	0
S2545_HUMAN	1	5536	0
S2546_HUMAN	275	90	0
S2547_HUMAN	4	2871	0
S2548_HUMAN	31	478	0
S2551_HUMAN	28	1100	0
S2552_HUMAN	5	4953	0
S2553_HUMAN	1	9229	0
S2610_HUMAN	8	524	0
S2611_HUMAN	174	142	0
S26A1_HUMAN	8	742	0
S26A2_HUMAN	67	255	0
S26A3_HUMAN	29	574	0
S26A4_HUMAN	34	404	0
S26A5_HUMAN	15	1341	0
S26A6_HUMAN	77	165	0
S26A7_HUMAN	13	1115	0
S26A8_HUMAN	91	162	0
S26A9_HUMAN	5	1047	0
S27A1_HUMAN	161	84	0
S27A2_HUMAN	288	75	0
S27A3_HUMAN	108	114	0
S27A4_HUMAN	259	59	0
S27A5_HUMAN	101	185	0
S27A6_HUMAN	246	87	0
S28A1_HUMAN	36	433	0
S28A2_HUMAN	74	235	0
S28A3_HUMAN	24	324	0
S29A1_HUMAN	138	106	0
S29A2_HUMAN	47	257	0
S29A3_HUMAN	7	1283	0
S29A4_HUMAN	10	741	0
S2A4R_HUMAN	2	1473	0
S30BP_HUMAN	112	118	0
S352B_HUMAN	9	1639	0
S35A1_HUMAN	58	288	0
S35A2_HUMAN	39	228	0
S35A3_HUMAN	141	170	0
S35A4_HUMAN	84	207	0
S35A5_HUMAN	54	289	0
S35B1_HUMAN	98	230	0
S35B2_HUMAN	241	78	0
S35B3_HUMAN	33	344	0
S35B4_HUMAN	140	125	0
S35C2_HUMAN	203	176	0
S35D1_HUMAN	3	646	0
S35D2_HUMAN	25	454	0
S35D3_HUMAN	19	897	0
S35E1_HUMAN	118	107	0
S35E2_HUMAN	25	372	0
S35E3_HUMAN	79	264	0
S35E4_HUMAN	58	339	0
S35F1_HUMAN	151	237	0
S35F2_HUMAN	197	113	0
S35F3_HUMAN	108	167	0
S35F4_HUMAN	222	124	0
S35F5_HUMAN	64	277	0
S35G1_HUMAN	110	204	0
S35G2_HUMAN	76	203	0
S35G3_HUMAN	99	218	0
S35G5_HUMAN	4	5153	0
S35G6_HUMAN	1	18395	0
S36A1_HUMAN	17	514	0
S36A2_HUMAN	14	389	0
S36A3_HUMAN	1	11333	0
S36A4_HUMAN	10	1846	0
S38A1_HUMAN	196	92	0
S38A2_HUMAN	161	83	0
S38A3_HUMAN	9	502	0
S38A4_HUMAN	8	606	0
S38A5_HUMAN	57	286	0
S38A6_HUMAN	19	599	0
S38A7_HUMAN	96	242	0
S38A8_HUMAN	27	871	0
S38A9_HUMAN	77	240	0
S38AA_HUMAN	80	156	0
S38AB_HUMAN	2	871	0
S39A1_HUMAN	71	180	0
S39A2_HUMAN	103	357	0
S39A3_HUMAN	99	155	0
S39A4_HUMAN	283	159	0
S39A5_HUMAN	123	212	0
S39A6_HUMAN	152	123	0
S39A7_HUMAN	346	51	0
S39A8_HUMAN	139	208	0
S39A9_HUMAN	192	123	0
S39AA_HUMAN	229	70	0
S39AB_HUMAN	194	110	0
S39AC_HUMAN	248	97	0
S39AD_HUMAN	51	236	0
S39AE_HUMAN	336	65	0
S3TC1_HUMAN	8	493	0
S3TC2_HUMAN	1	970	0
S40A1_HUMAN	47	311	0
S41A1_HUMAN	88	223	0
S41A2_HUMAN	39	526	0
S41A3_HUMAN	100	130	0
S43A3_HUMAN	88	159	0
S45A1_HUMAN	20	537	0
S45A2_HUMAN	22	428	0
S45A3_HUMAN	96	182	0
S45A4_HUMAN	42	223	0
S46A3_HUMAN	44	301	0
S47A1_HUMAN	88	412	0
S47A2_HUMAN	19	528	0
S4A10_HUMAN	20	403	0
S4A11_HUMAN	13	434	0
S4A4_HUMAN	69	127	0
S4A5_HUMAN	134	127	0
S4A7_HUMAN	260	73	0
S4A8_HUMAN	69	153	0
S52A1_HUMAN	17	656	0
S52A2_HUMAN	8	1664	0
S52A3_HUMAN	14	2100	0
S5A1_HUMAN	4	700	0
S5A2_HUMAN	5	3003	0
S61A1_HUMAN	228	57	0
S61A2_HUMAN	47	175	0
S6A11_HUMAN	141	247	0
S6A12_HUMAN	196	208	0
S6A13_HUMAN	17	1322	0
S6A14_HUMAN	25	583	0
S6A15_HUMAN	202	89	0
S6A16_HUMAN	77	267	0
S6A17_HUMAN	21	341	0
S6A18_HUMAN	5	2590	0
S6A19_HUMAN	7	1573	0
S6A20_HUMAN	75	277	0
S6OS1_HUMAN	6	1748	0
S7A13_HUMAN	2	5165	0
S7A14_HUMAN	154	214	0
S7A6O_HUMAN	23	380	0
S9A10_HUMAN	26	580	0
S9A11_HUMAN	48	341	0
SAA4_HUMAN	9	1554	0
SAAL1_HUMAN	330	76	0
SAC1_HUMAN	186	67	0
SAC2_HUMAN	42	183	0
SAC31_HUMAN	15	502	0
SACA1_HUMAN	115	273	0
SACA3_HUMAN	6	1109	0
SACA4_HUMAN	8	845	0
SACS_HUMAN	63	111	0
SAE1_HUMAN	147	77	0
SAE2_HUMAN	175	82	0
SAFB1_HUMAN	261	52	0
SAFB2_HUMAN	222	59	0
SAGE1_HUMAN	7	902	0
SAHH2_HUMAN	410	46	0
SAHH3_HUMAN	152	93	0
SAHH_HUMAN	305	53	0
SALL1_HUMAN	96	204	0
SALL2_HUMAN	96	138	0
SALL3_HUMAN	21	399	0
SALL4_HUMAN	26	357	0
SAM10_HUMAN	2	1740	0
SAM11_HUMAN	45	227	0
SAM12_HUMAN	12	526	0
SAM13_HUMAN	5	1253	0
SAM14_HUMAN	1	4383	0
SAM50_HUMAN	220	67	0
SAM9L_HUMAN	13	277	0
SAMC_HUMAN	18	930	0
SAMD1_HUMAN	131	102	0
SAMD3_HUMAN	15	485	0
SAMD5_HUMAN	1	2213	0
SAMD7_HUMAN	11	1578	0
SAMD8_HUMAN	4	1806	0
SAMD9_HUMAN	31	227	0
SAMH1_HUMAN	214	56	0
SAMN1_HUMAN	8	681	0
SAMP_HUMAN	29	412	0
SAP18_HUMAN	522	51	0
SAP30_HUMAN	159	130	0
SAP3_HUMAN	79	173	0
SAPC1_HUMAN	14	771	0
SAPC2_HUMAN	31	777	0
SAPL1_HUMAN	5	1287	0
SAP_HUMAN	141	77	0
SAR1A_HUMAN	297	70	0
SAR1B_HUMAN	342	55	0
SARAF_HUMAN	222	112	0
SARCO_HUMAN	9	866	0
SARDH_HUMAN	41	352	0
SARG_HUMAN	20	301	0
SARM1_HUMAN	59	159	0
SARNP_HUMAN	158	107	0
SART3_HUMAN	517	41	0
SAS10_HUMAN	156	116	0
SAS6_HUMAN	159	136	0
SASH1_HUMAN	55	205	0
SASH3_HUMAN	3	1410	0
SAST_HUMAN	1	3442	0
SAT1_HUMAN	103	146	0
SAT2_HUMAN	19	481	0
SATB1_HUMAN	129	122	0
SATB2_HUMAN	155	140	0
SATT_HUMAN	45	179	0
SAV1_HUMAN	170	112	0
SBDS_HUMAN	203	93	0
SBK1_HUMAN	9	853	0
SBK2_HUMAN	6	813	0
SBNO1_HUMAN	73	131	0
SBNO2_HUMAN	17	259	0
SBP1_HUMAN	164	123	0
SBP2L_HUMAN	41	275	0
SBSN_HUMAN	137	115	0
SBSPO_HUMAN	3	4528	0
SC11A_HUMAN	114	123	0
SC11B_HUMAN	1	7543	0
SC11C_HUMAN	67	256	0
SC16A_HUMAN	460	32	0
SC16B_HUMAN	6	836	0
SC22A_HUMAN	130	140	0
SC22B_HUMAN	378	36	0
SC22C_HUMAN	11	1059	0
SC23A_HUMAN	267	47	0
SC23B_HUMAN	187	61	0
SC24A_HUMAN	196	62	0
SC24B_HUMAN	217	67	0
SC24C_HUMAN	170	82	0
SC24D_HUMAN	60	134	0
SC2B2_HUMAN	1	2901	0
SC31A_HUMAN	195	60	0
SC31B_HUMAN	21	390	0
SC5A1_HUMAN	11	450	0
SC5A2_HUMAN	14	550	0
SC5A3_HUMAN	96	176	0
SC5A4_HUMAN	38	827	0
SC5A5_HUMAN	29	372	0
SC5A6_HUMAN	79	137	0
SC5A7_HUMAN	24	458	0
SC5A8_HUMAN	52	258	0
SC5A9_HUMAN	31	352	0
SC5AA_HUMAN	4	2596	0
SC5AB_HUMAN	8	625	0
SC5AC_HUMAN	38	482	0
SC5D_HUMAN	39	398	0
SC61B_HUMAN	777	29	0
SC61G_HUMAN	41	171	0
SC65_HUMAN	87	162	0
SC6A1_HUMAN	64	228	0
SC6A2_HUMAN	19	477	0
SC6A3_HUMAN	61	203	0
SC6A4_HUMAN	47	198	0
SC6A5_HUMAN	52	367	0
SC6A6_HUMAN	49	183	0
SC6A7_HUMAN	42	391	0
SC6A8_HUMAN	205	106	0
SC6A9_HUMAN	39	295	0
SCAF8_HUMAN	80	134	0
SCAFB_HUMAN	144	100	0
SCAI_HUMAN	59	216	0
SCAM1_HUMAN	206	66	0
SCAM2_HUMAN	151	89	0
SCAM3_HUMAN	232	56	0
SCAM4_HUMAN	37	215	0
SCAM5_HUMAN	32	441	0
SCAPE_HUMAN	37	194	0
SCAP_HUMAN	144	108	0
SCAR3_HUMAN	103	143	0
SCAR5_HUMAN	23	429	0
SCC4_HUMAN	136	112	0
SCD5_HUMAN	56	165	0
SCEL_HUMAN	41	288	0
SCFD1_HUMAN	278	58	0
SCFD2_HUMAN	41	166	0
SCF_HUMAN	18	463	0
SCG1_HUMAN	43	210	0
SCG2_HUMAN	20	232	0
SCG3_HUMAN	22	394	0
SCGBL_HUMAN	2	1104	0
SCHI1_HUMAN	28	528	0
SCIMP_HUMAN	9	1171	0
SCLT1_HUMAN	171	134	0
SCLY_HUMAN	42	202	0
SCMC1_HUMAN	161	79	0
SCMC2_HUMAN	110	134	0
SCMC3_HUMAN	44	228	0
SCMH1_HUMAN	52	265	0
SCML1_HUMAN	62	200	0
SCML2_HUMAN	78	142	0
SCML4_HUMAN	6	2234	0
SCN1A_HUMAN	25	346	0
SCN1B_HUMAN	17	1011	0
SCN2A_HUMAN	74	183	0
SCN2B_HUMAN	187	136	0
SCN3A_HUMAN	16	583	0
SCN3B_HUMAN	303	89	0
SCN4A_HUMAN	93	260	0
SCN4B_HUMAN	5	2307	0
SCN5A_HUMAN	37	349	0
SCN7A_HUMAN	5	884	0
SCN8A_HUMAN	13	498	0
SCN9A_HUMAN	13	592	0
SCNAA_HUMAN	12	493	0
SCNBA_HUMAN	5	852	0
SCND1_HUMAN	68	433	0
SCND2_HUMAN	1	1289	0
SCND3_HUMAN	16	472	0
SCNM1_HUMAN	198	129	0
SCNNA_HUMAN	66	267	0
SCNNB_HUMAN	20	530	0
SCNND_HUMAN	25	527	0
SCNNG_HUMAN	18	688	0
SCO1_HUMAN	178	103	0
SCO2_HUMAN	148	88	0
SCOC_HUMAN	50	200	0
SCOT1_HUMAN	153	95	0
SCOT2_HUMAN	34	448	0
SCPDL_HUMAN	229	63	0
SCRB1_HUMAN	122	94	0
SCRB2_HUMAN	220	66	0
SCRG1_HUMAN	4	5344	0
SCRIB_HUMAN	319	51	0
SCRN1_HUMAN	57	156	0
SCRN2_HUMAN	29	266	0
SCRN3_HUMAN	15	306	0
SCRT1_HUMAN	10	1795	0
SCRT2_HUMAN	9	950	0
SCTM1_HUMAN	20	669	0
SCTR_HUMAN	5	3623	0
SCUB2_HUMAN	2	4203	0
SCUB3_HUMAN	5	541	0
SCX_HUMAN	5	2672	0
SCYL2_HUMAN	195	71	0
SDA1_HUMAN	166	105	0
SDC1_HUMAN	808	29	0
SDC2_HUMAN	169	83	0
SDC3_HUMAN	40	264	0
SDC4_HUMAN	104	126	0
SDCB1_HUMAN	456	41	0
SDCB2_HUMAN	73	343	0
SDCG3_HUMAN	189	112	0
SDCG8_HUMAN	40	285	0
SDF1_HUMAN	12	508	0
SDF2L_HUMAN	334	60	0
SDF2_HUMAN	66	104	0
SDHF1_HUMAN	11	597	0
SDHF2_HUMAN	35	199	0
SDHL_HUMAN	4	3015	0
SDK1_HUMAN	23	251	0
SDK2_HUMAN	49	244	0
SDOS_HUMAN	78	120	0
SDPR_HUMAN	68	136	0
SDS3_HUMAN	138	139	0
SDSL_HUMAN	8	384	0
SE1L1_HUMAN	178	71	0
SE1L2_HUMAN	5	1577	0
SE1L3_HUMAN	65	209	0
SE6L1_HUMAN	11	788	0
SE6L2_HUMAN	44	221	0
SEBP2_HUMAN	78	181	0
SEC13_HUMAN	215	57	0
SEC20_HUMAN	132	141	0
SEC62_HUMAN	534	32	0
SEC63_HUMAN	391	40	0
SECR_HUMAN	6	2039	0
SEGN_HUMAN	71	274	0
SEH1_HUMAN	139	77	0
SEHL2_HUMAN	6	2207	0
SELB_HUMAN	50	163	0
SELH_HUMAN	38	245	0
SELK_HUMAN	54	268	0
SELM_HUMAN	24	432	0
SELN_HUMAN	79	171	0
SELO_HUMAN	42	268	0
SELPL_HUMAN	12	943	0
SELR1_HUMAN,COA7_HUMAN	143	127	0
SELS_HUMAN	63	160	0
SELT_HUMAN	52	262	0
SELV_HUMAN	12	1239	0
SELW_HUMAN	6	745	0
SEM3A_HUMAN	12	336	0
SEM3B_HUMAN	75	128	0
SEM3C_HUMAN	63	181	0
SEM3D_HUMAN	6	912	0
SEM3E_HUMAN	3	1424	0
SEM3F_HUMAN	12	365	0
SEM3G_HUMAN	3	1172	0
SEM4A_HUMAN	25	343	0
SEM4B_HUMAN	38	365	0
SEM4C_HUMAN	172	85	0
SEM4D_HUMAN	32	326	0
SEM4F_HUMAN	52	189	0
SEM4G_HUMAN	52	240	0
SEM5A_HUMAN	1	970	0
SEM5B_HUMAN	10	1015	0
SEM6A_HUMAN	64	170	0
SEM6B_HUMAN	50	358	0
SEM6C_HUMAN	4	760	0
SEM6D_HUMAN	18	285	0
SEM7A_HUMAN	32	314	0
SEMG1_HUMAN	102	156	0
SEMG2_HUMAN	80	174	0
SEN15_HUMAN	63	308	0
SEN2_HUMAN	60	189	0
SEN34_HUMAN	47	229	0
SEN54_HUMAN	37	305	0
SENP1_HUMAN	128	81	0
SENP2_HUMAN	157	71	0
SENP3_HUMAN	300	59	0
SENP5_HUMAN	65	202	0
SENP6_HUMAN	38	183	0
SENP7_HUMAN	26	347	0
SENP8_HUMAN	16	559	0
SEP10_HUMAN	141	113	0
SEP11_HUMAN	120	73	0
SEP12_HUMAN	38	261	0
SEP14_HUMAN	32	519	0
SEP15_HUMAN	65	155	0
SEPP1_HUMAN	6	597	0
SEPR_HUMAN	39	279	0
SEPT1_HUMAN	48	303	0
SEPT2_HUMAN	207	63	0
SEPT3_HUMAN	60	156	0
SEPT4_HUMAN	36	245	0
SEPT5_HUMAN	52	148	0
SEPT6_HUMAN	83	104	0
SEPT7_HUMAN	226	62	0
SEPT8_HUMAN	84	128	0
SEPT9_HUMAN	278	45	0
SERA_HUMAN	400	38	0
SERB_HUMAN	33	236	0
SERC1_HUMAN	74	141	0
SERC2_HUMAN	54	377	0
SERC3_HUMAN	21	406	0
SERC5_HUMAN	36	208	0
SERC_HUMAN	113	88	0
SERF1_HUMAN	24	276	0
SERF2_HUMAN	88	182	0
SERHL_HUMAN	2	1469	0
SERP1_HUMAN	67	227	0
SERP2_HUMAN	62	337	0
SERPH_HUMAN	324	36	0
SESD1_HUMAN	42	260	0
SESN1_HUMAN	11	394	0
SESN2_HUMAN	37	191	0
SESN3_HUMAN	10	413	0
SESQ1_HUMAN	38	384	0
SESQ2_HUMAN	12	482	0
SET1A_HUMAN	165	100	0
SET1B_HUMAN	72	208	0
SETB1_HUMAN	244	67	0
SETB2_HUMAN	20	767	0
SETBP_HUMAN	33	263	0
SETD2_HUMAN	137	103	0
SETD3_HUMAN	36	205	0
SETD4_HUMAN	21	522	0
SETD5_HUMAN	74	177	0
SETD6_HUMAN	19	810	0
SETD7_HUMAN	74	138	0
SETD8_HUMAN	78	160	0
SETD9_HUMAN	5	1088	0
SETMR_HUMAN	25	451	0
SETX_HUMAN	181	78	0
SET_HUMAN	312	51	0
SEZ6_HUMAN	9	566	0
SF01_HUMAN	398	60	0
SF3A1_HUMAN	445	56	0
SF3A2_HUMAN	273	79	0
SF3A3_HUMAN	292	73	0
SF3B1_HUMAN	916	28	0
SF3B2_HUMAN	467	42	0
SF3B3_HUMAN	506	37	0
SF3B4_HUMAN	287	59	0
SF3B5_HUMAN	142	147	0
SFI1_HUMAN	28	345	0
SFPA2_HUMAN	42	397	0
SFPQ_HUMAN	528	35	0
SFR15_HUMAN	149	105	0
SFR19_HUMAN	140	118	0
SFR1_HUMAN	36	483	0
SFRP1_HUMAN	13	430	0
SFRP2_HUMAN	25	561	0
SFRP3_HUMAN	13	448	0
SFRP4_HUMAN	51	287	0
SFRP5_HUMAN	4	1659	0
SFSWA_HUMAN	107	132	0
SFT2A_HUMAN	47	393	0
SFT2B_HUMAN	45	231	0
SFT2C_HUMAN	25	390	0
SFTA1_HUMAN	3	9215	0
SFTA2_HUMAN	8	2744	0
SFTPD_HUMAN	6	3916	0
SFXN1_HUMAN	439	51	0
SFXN2_HUMAN	90	146	0
SFXN3_HUMAN	184	69	0
SFXN4_HUMAN	116	124	0
SFXN5_HUMAN	65	244	0
SG11A_HUMAN	12	683	0
SG11B_HUMAN	13	630	0
SG196_HUMAN	277	84	0
SG1C1_HUMAN	13	1389	0
SG1D1_HUMAN	146	175	0
SG1D2_HUMAN	21	739	0
SG1D4_HUMAN	26	521	0
SG2A1_HUMAN	106	207	0
SG2A2_HUMAN	224	192	0
SG3A1_HUMAN	13	670	0
SG3A2_HUMAN	1	16145	0
SG493_HUMAN	17	351	0
SG494_HUMAN	12	802	0
SGCA_HUMAN	104	205	0
SGCB_HUMAN	104	359	0
SGCD_HUMAN	11	630	0
SGCE_HUMAN	30	303	0
SGCG_HUMAN	18	621	0
SGCZ_HUMAN	30	696	0
SGF29_HUMAN	173	137	0
SGIP1_HUMAN	37	350	0
SGK1_HUMAN	101	112	0
SGK2_HUMAN	26	419	0
SGK3_HUMAN	70	196	0
SGK71_HUMAN,STKL1_HUMAN	5	1585	0
SGMR1_HUMAN	143	116	0
SGOL1_HUMAN	97	180	0
SGOL2_HUMAN	77	191	0
SGPL1_HUMAN	254	51	0
SGPP1_HUMAN	53	208	0
SGPP2_HUMAN	8	2553	0
SGSM1_HUMAN	13	554	0
SGSM2_HUMAN	29	338	0
SGSM3_HUMAN	24	291	0
SGT1_HUMAN,ECD_HUMAN	154	107	0
SGTA_HUMAN	322	53	0
SGTB_HUMAN	198	113	0
SH21A_HUMAN	42	266	0
SH21B_HUMAN	34	362	0
SH22A_HUMAN	49	260	0
SH23A_HUMAN	72	178	0
SH24A_HUMAN	130	129	0
SH2B1_HUMAN	27	269	0
SH2B2_HUMAN	37	275	0
SH2B3_HUMAN	22	296	0
SH2D3_HUMAN	166	123	0
SH2D5_HUMAN	10	477	0
SH2D7_HUMAN	1	5024	0
SH319_HUMAN	60	161	0
SH321_HUMAN	7	580	0
SH3B4_HUMAN	137	82	0
SH3BG_HUMAN	8	884	0
SH3G1_HUMAN	168	89	0
SH3G2_HUMAN	83	189	0
SH3G3_HUMAN	142	121	0
SH3K1_HUMAN	331	51	0
SH3L1_HUMAN	149	111	0
SH3L2_HUMAN	27	238	0
SH3L3_HUMAN	49	158	0
SH3R1_HUMAN	121	122	0
SH3R2_HUMAN	54	213	0
SH3R3_HUMAN	57	215	0
SH3Y1_HUMAN	13	603	0
SHAN1_HUMAN	32	305	0
SHAN2_HUMAN	55	175	0
SHAN3_HUMAN	346	57	0
SHBG_HUMAN	66	252	0
SHB_HUMAN	77	112	0
SHC1_HUMAN	364	47	0
SHC2_HUMAN	39	304	0
SHC3_HUMAN	61	217	0
SHC4_HUMAN	16	427	0
SHCBP_HUMAN	108	105	0
SHD_HUMAN	14	1162	0
SHE_HUMAN	9	475	0
SHF_HUMAN	1	13277	0
SHH_HUMAN	12	736	0
SHIP1_HUMAN	61	208	0
SHIP2_HUMAN	212	74	0
SHKB1_HUMAN	122	114	0
SHLB1_HUMAN	157	87	0
SHLB2_HUMAN	104	97	0
SHOC2_HUMAN	71	127	0
SHOT1_HUMAN	129	100	0
SHOX2_HUMAN	6	521	0
SHOX_HUMAN	11	2452	0
SHP1L_HUMAN	5	1266	0
SHPK_HUMAN	26	234	0
SHPRH_HUMAN	93	152	0
SHPS1_HUMAN	61	124	0
SHQ1_HUMAN	26	296	0
SHRM1_HUMAN	23	308	0
SHRM2_HUMAN	29	179	0
SHRM3_HUMAN	90	114	0
SHRM4_HUMAN	3	944	0
SHRPN_HUMAN	183	95	0
SHSA2_HUMAN	18	539	0
SHSA3_HUMAN	33	612	0
SHSA4_HUMAN	12	447	0
SHSA5_HUMAN	15	340	0
SHSA6_HUMAN	41	369	0
SHSA9_HUMAN	1	2679	0
SI1L1_HUMAN	181	94	0
SI1L2_HUMAN	130	106	0
SI1L3_HUMAN	117	98	0
SIA10_HUMAN	23	803	0
SIA4A_HUMAN	35	201	0
SIA4B_HUMAN	25	282	0
SIA4C_HUMAN	57	303	0
SIA7A_HUMAN	7	912	0
SIA7B_HUMAN	2	2007	0
SIA7C_HUMAN	35	830	0
SIA7D_HUMAN	24	400	0
SIA7E_HUMAN	10	1160	0
SIA7F_HUMAN	102	172	0
SIA8A_HUMAN	19	895	0
SIA8B_HUMAN	10	1919	0
SIA8C_HUMAN	27	522	0
SIA8D_HUMAN	88	216	0
SIA8E_HUMAN	51	248	0
SIA8F_HUMAN	2	1886	0
SIAE_HUMAN	66	243	0
SIAH1_HUMAN	219	81	0
SIAH2_HUMAN	92	168	0
SIAH3_HUMAN	5	689	0
SIAL_HUMAN	12	1761	0
SIAS_HUMAN	114	115	0
SIAT1_HUMAN	29	263	0
SIAT2_HUMAN	18	1137	0
SIAT6_HUMAN	20	453	0
SIAT9_HUMAN	15	876	0
SIDT1_HUMAN	3	647	0
SIDT2_HUMAN	149	318	0
SIG10_HUMAN	14	422	0
SIG11_HUMAN	5	2192	0
SIG12_HUMAN	25	523	0
SIG14_HUMAN	1	13216	0
SIG16_HUMAN	1	13763	0
SIGIR_HUMAN	13	428	0
SIGL5_HUMAN	24	739	0
SIGL6_HUMAN	13	1332	0
SIGL7_HUMAN	12	1076	0
SIGL8_HUMAN	1	13964	0
SIGL9_HUMAN	16	1134	0
SIK1_HUMAN	65	133	0
SIK2_HUMAN	113	99	0
SIK3_HUMAN	74	126	0
SIKE1_HUMAN	61	241	0
SIL1_HUMAN	90	169	0
SIM1_HUMAN	10	450	0
SIM2_HUMAN	26	272	0
SIN1_HUMAN	147	120	0
SIN3A_HUMAN	369	58	0
SIN3B_HUMAN	139	122	0
SIPA1_HUMAN	45	186	0
SIR1_HUMAN	433	49	0
SIR2_HUMAN	156	95	0
SIR3_HUMAN	94	142	0
SIR4_HUMAN	122	172	0
SIR5_HUMAN	69	157	0
SIR6_HUMAN	622	47	0
SIR7_HUMAN	698	43	0
SIRB1_HUMAN	13	329	0
SIRPD_HUMAN	91	406	0
SIRPG_HUMAN	4	3134	0
SIT1_HUMAN	16	934	0
SIVA_HUMAN	45	268	0
SIX1_HUMAN	40	312	0
SIX2_HUMAN	27	478	0
SIX3_HUMAN	16	818	0
SIX4_HUMAN	46	288	0
SIX5_HUMAN	31	636	0
SIX6_HUMAN	9	2299	0
SK2L2_HUMAN	248	84	0
SKA1_HUMAN	66	178	0
SKA2_HUMAN	37	321	0
SKA3_HUMAN	150	119	0
SKAP1_HUMAN	105	230	0
SKAP2_HUMAN	49	260	0
SKAP_HUMAN	94	119	0
SKIL_HUMAN	132	128	0
SKIV2_HUMAN	121	113	0
SKI_HUMAN	175	76	0
SKOR1_HUMAN	4	1361	0
SKP1_HUMAN	516	45	0
SKP2_HUMAN	303	71	0
SKT_HUMAN	111	84	0
SL9A1_HUMAN	137	116	0
SL9A2_HUMAN	127	121	0
SL9A3_HUMAN	128	159	0
SL9A4_HUMAN	66	293	0
SL9A5_HUMAN	113	127	0
SL9A6_HUMAN	113	155	0
SL9A7_HUMAN	63	327	0
SL9A8_HUMAN	63	249	0
SL9A9_HUMAN	56	213	0
SL9B1_HUMAN	3	1520	0
SL9B2_HUMAN	79	225	0
SL9C1_HUMAN	25	656	0
SL9C2_HUMAN	48	345	0
SLAF1_HUMAN	125	208	0
SLAF5_HUMAN	6	615	0
SLAF6_HUMAN	17	797	0
SLAF7_HUMAN	23	596	0
SLAF8_HUMAN	16	1119	0
SLAF9_HUMAN	3	4739	0
SLAI1_HUMAN	89	181	0
SLAI2_HUMAN	126	91	0
SLAP1_HUMAN	26	370	0
SLAP2_HUMAN	19	589	0
SLBP_HUMAN	75	214	0
SLC31_HUMAN	113	171	0
SLD5_HUMAN	66	202	0
SLFN5_HUMAN	47	209	0
SLIB_HUMAN	5	1917	0
SLIK1_HUMAN	5	1096	0
SLIK2_HUMAN	1	3934	0
SLIK3_HUMAN	22	322	0
SLIK4_HUMAN	30	372	0
SLIK5_HUMAN	52	186	0
SLIK6_HUMAN	11	830	0
SLIP_HUMAN	3	3572	0
SLIRP_HUMAN	348	51	0
SLIT1_HUMAN	21	266	0
SLIT2_HUMAN	63	162	0
SLIT3_HUMAN	8	495	0
SLK_HUMAN	195	88	0
SLMAP_HUMAN	145	99	0
SLMO1_HUMAN,PLD3A_HUMAN	9	559	0
SLMO2_HUMAN,PLD3B_HUMAN	36	332	0
SLN11_HUMAN	375	60	0
SLN12_HUMAN	14	503	0
SLN13_HUMAN	4	3921	0
SLN14_HUMAN	4	1767	0
SLNL1_HUMAN	1	1647	0
SLPI_HUMAN	31	277	0
SLTM_HUMAN	166	103	0
SLU7_HUMAN	157	116	0
SLUR1_HUMAN	146	188	0
SLX1_HUMAN	70	264	0
SLX4_HUMAN	667	31	0
SMAD1_HUMAN	206	124	0
SMAD2_HUMAN	319	70	0
SMAD3_HUMAN	406	40	0
SMAD4_HUMAN	793	33	0
SMAD5_HUMAN	95	126	0
SMAD6_HUMAN	56	236	0
SMAD7_HUMAN	113	166	0
SMAD9_HUMAN	148	91	0
SMAG1_HUMAN	52	158	0
SMAG2_HUMAN	121	107	0
SMAGP_HUMAN	40	551	0
SMAL1_HUMAN	50	181	0
SMAP1_HUMAN	72	114	0
SMAP2_HUMAN	193	97	0
SMAP_HUMAN	101	149	0
SMBP2_HUMAN	37	211	0
SMBT1_HUMAN	52	277	0
SMBT2_HUMAN	33	264	0
SMC1A_HUMAN	440	52	0
SMC1B_HUMAN	14	565	0
SMC2_HUMAN	342	54	0
SMC3_HUMAN	438	38	0
SMC4_HUMAN	309	34	0
SMC5_HUMAN	975	26	0
SMC6_HUMAN	88	161	0
SMCA1_HUMAN	194	98	0
SMCA2_HUMAN	340	53	0
SMCA4_HUMAN	678	38	0
SMCA5_HUMAN	416	48	0
SMCE1_HUMAN	294	63	0
SMCR8_HUMAN	149	102	0
SMD1_HUMAN	350	39	0
SMD2_HUMAN	419	46	0
SMD3_HUMAN	367	46	0
SMDC1_HUMAN	32	416	0
SMG1_HUMAN	106	98	0
SMG5_HUMAN	80	166	0
SMG7_HUMAN	322	88	0
SMG8_HUMAN	116	142	0
SMG9_HUMAN	74	141	0
SMHD1_HUMAN	216	67	0
SMN_HUMAN	493	52	0
SMOC1_HUMAN	58	191	0
SMOC2_HUMAN	5	892	0
SMOX_HUMAN	11	468	0
SMO_HUMAN	60	223	0
SMPX_HUMAN	3	7868	0
SMR3A_HUMAN	7	1076	0
SMR3B_HUMAN	34	399	0
SMRC1_HUMAN	389	56	0
SMRC2_HUMAN	371	57	0
SMRCD_HUMAN	220	84	0
SMRD1_HUMAN	339	60	0
SMRD2_HUMAN	185	85	0
SMRD3_HUMAN	89	173	0
SMRP1_HUMAN	38	437	0
SMS1_HUMAN	8	504	0
SMS2_HUMAN	19	415	0
SMS_HUMAN	8	1295	0
SMTL1_HUMAN	5	978	0
SMTL2_HUMAN	39	294	0
SMTN_HUMAN	58	129	0
SMU1_HUMAN	210	65	0
SMUF1_HUMAN	397	51	0
SMUF2_HUMAN	188	81	0
SMUG1_HUMAN	51	318	0
SMYD1_HUMAN	56	352	0
SMYD2_HUMAN	80	205	0
SMYD3_HUMAN	79	144	0
SMYD4_HUMAN	16	429	0
SMYD5_HUMAN	26	192	0
SN12L_HUMAN	2	1539	0
SNAA_HUMAN	215	61	0
SNAB_HUMAN	57	196	0
SNAG_HUMAN	93	108	0
SNAI1_HUMAN	524	42	0
SNAI2_HUMAN	44	241	0
SNAI3_HUMAN	7	622	0
SNAPN_HUMAN	182	99	0
SNAT_HUMAN	9	898	0
SNCAP_HUMAN	42	194	0
SND1_HUMAN	352	37	0
SNED1_HUMAN	6	699	0
SNF5_HUMAN	365	61	0
SNF8_HUMAN	73	178	0
SNG1_HUMAN	106	177	0
SNG2_HUMAN	84	198	0
SNG3_HUMAN	32	299	0
SNG4_HUMAN	2	7935	0
SNH11_HUMAN	5	1764	0
SNH12_HUMAN	3	749	0
SNIP1_HUMAN	430	62	0
SNN_HUMAN	7	588	0
SNP23_HUMAN	216	78	0
SNP25_HUMAN	77	160	0
SNP29_HUMAN	258	68	0
SNP47_HUMAN	170	99	0
SNPC1_HUMAN	35	293	0
SNPC2_HUMAN	7	1542	0
SNPC3_HUMAN	23	331	0
SNPC4_HUMAN	79	222	0
SNPC5_HUMAN	46	363	0
SNPH_HUMAN	16	301	0
SNR25_HUMAN	29	405	0
SNR27_HUMAN	212	95	0
SNR40_HUMAN	642	42	0
SNR48_HUMAN	39	259	0
SNRK_HUMAN	32	237	0
SNRPA_HUMAN	494	49	0
SNTA1_HUMAN	50	267	0
SNTB1_HUMAN	68	151	0
SNTB2_HUMAN	156	100	0
SNTG1_HUMAN	28	722	0
SNTG2_HUMAN	22	556	0
SNURF_HUMAN	16	520	0
SNUT1_HUMAN	334	54	0
SNUT2_HUMAN	222	99	0
SNW1_HUMAN	876	31	0
SNX10_HUMAN	5	1136	0
SNX11_HUMAN	42	265	0
SNX12_HUMAN	56	173	0
SNX13_HUMAN	30	412	0
SNX14_HUMAN	69	195	0
SNX15_HUMAN	18	252	0
SNX16_HUMAN	15	597	0
SNX17_HUMAN	103	106	0
SNX18_HUMAN	95	117	0
SNX19_HUMAN	78	124	0
SNX1_HUMAN	232	58	0
SNX20_HUMAN	21	529	0
SNX21_HUMAN	74	186	0
SNX22_HUMAN	12	686	0
SNX24_HUMAN	33	414	0
SNX25_HUMAN	47	176	0
SNX27_HUMAN	505	45	0
SNX29_HUMAN	47	165	0
SNX2_HUMAN	230	74	0
SNX30_HUMAN	28	244	0
SNX31_HUMAN	7	819	0
SNX32_HUMAN	24	520	0
SNX33_HUMAN	71	159	0
SNX3_HUMAN	212	71	0
SNX4_HUMAN	76	139	0
SNX5_HUMAN	139	92	0
SNX6_HUMAN	235	64	0
SNX7_HUMAN	36	263	0
SNX8_HUMAN	69	122	0
SNX9_HUMAN	174	82	0
SN_HUMAN	3	821	0
SO1A2_HUMAN	6	3078	0
SO1B1_HUMAN	31	503	0
SO1B3_HUMAN	112	184	0
SO1B7_HUMAN	6	1771	0
SO1C1_HUMAN	23	615	0
SO2A1_HUMAN	7	1169	0
SO2B1_HUMAN	16	537	0
SO3A1_HUMAN	37	319	0
SO4A1_HUMAN	66	221	0
SO4C1_HUMAN	42	336	0
SO5A1_HUMAN	18	478	0
SO6A1_HUMAN	113	173	0
SOAT1_HUMAN	317	53	0
SOAT2_HUMAN	6	1371	0
SOAT_HUMAN	189	209	0
SOBP_HUMAN	12	427	0
SOCS1_HUMAN	165	97	0
SOCS2_HUMAN	89	172	0
SOCS3_HUMAN	90	156	0
SOCS4_HUMAN	23	308	0
SOCS5_HUMAN	19	344	0
SOCS6_HUMAN	117	133	0
SOCS7_HUMAN	38	347	0
SODC_HUMAN	432	33	0
SODE_HUMAN	12	723	0
SODM_HUMAN	144	108	0
SOGA1_HUMAN	118	98	0
SOGA2_HUMAN,MTCL1_HUMAN	83	116	0
SOGA3_HUMAN	37	318	0
SOLH1_HUMAN	117	192	0
SOLH2_HUMAN	2	1334	0
SOM2_HUMAN	3	4398	0
SOMA_HUMAN	85	193	0
SON_HUMAN	220	75	0
SORC1_HUMAN	3	1069	0
SORC2_HUMAN	20	434	0
SORC3_HUMAN	8	1661	0
SORCN_HUMAN	75	158	0
SORL_HUMAN	147	121	0
SORT_HUMAN	242	71	0
SOS1_HUMAN	90	133	0
SOS2_HUMAN	57	185	0
SOSB1_HUMAN	77	177	0
SOSB2_HUMAN	23	420	0
SOSD1_HUMAN	27	497	0
SOSSC_HUMAN	44	228	0
SOST_HUMAN	40	481	0
SOX10_HUMAN	83	229	0
SOX11_HUMAN	6	1290	0
SOX12_HUMAN	8	456	0
SOX13_HUMAN	40	287	0
SOX14_HUMAN	11	1153	0
SOX15_HUMAN	133	204	0
SOX17_HUMAN	80	394	0
SOX18_HUMAN	4	1453	0
SOX1_HUMAN	8	495	0
SOX21_HUMAN	10	809	0
SOX2_HUMAN	1368	26	0
SOX30_HUMAN	18	589	0
SOX3_HUMAN	28	243	0
SOX4_HUMAN	77	148	0
SOX5_HUMAN	161	152	0
SOX6_HUMAN	153	167	0
SOX7_HUMAN	79	382	0
SOX8_HUMAN	16	577	0
SOX9_HUMAN	95	126	0
SOX_HUMAN	15	291	0
SP100_HUMAN	205	97	0
SP110_HUMAN	122	165	0
SP130_HUMAN	187	108	0
SP16H_HUMAN	442	40	0
SP17_HUMAN	16	1575	0
SP1_HUMAN	333	59	0
SP2_HUMAN	41	288	0
SP30L_HUMAN	34	363	0
SP3_HUMAN	75	143	0
SP4_HUMAN	40	388	0
SP5_HUMAN	3	539	0
SP6_HUMAN	22	563	0
SP7_HUMAN	293	122	0
SP8_HUMAN	4	3592	0
SP9_HUMAN	1	1646	0
SPA11_HUMAN	2	1046	0
SPA12_HUMAN	126	124	0
SPA24_HUMAN	50	331	0
SPA2L_HUMAN	14	426	0
SPA4L_HUMAN	3	4795	0
SPA5L_HUMAN	1311	24	0
SPA6L_HUMAN	4	1250	0
SPA9_HUMAN	9	589	0
SPAG1_HUMAN	31	268	0
SPAG4_HUMAN	36	520	0
SPAG5_HUMAN	198	91	0
SPAG6_HUMAN	23	522	0
SPAG7_HUMAN	26	248	0
SPAG8_HUMAN	90	270	0
SPAS1_HUMAN	11	1190	0
SPAS2_HUMAN	123	95	0
SPAST_HUMAN	83	134	0
SPAT1_HUMAN	25	790	0
SPAT2_HUMAN	82	148	0
SPAT4_HUMAN	5	958	0
SPAT5_HUMAN	1127	26	0
SPAT6_HUMAN	15	567	0
SPAT7_HUMAN	31	385	0
SPAT8_HUMAN	29	637	0
SPAT9_HUMAN	2	1871	0
SPATL_HUMAN,TBATA_HUMAN	3	3751	0
SPB10_HUMAN	3	1198	0
SPB11_HUMAN	11	843	0
SPB12_HUMAN	124	106	0
SPB13_HUMAN	103	142	0
SPB3_HUMAN	214	62	0
SPB4_HUMAN	194	103	0
SPB5_HUMAN	170	90	0
SPB6_HUMAN	50	153	0
SPB7_HUMAN	69	200	0
SPB8_HUMAN	89	170	0
SPB9_HUMAN	52	176	0
SPC24_HUMAN	81	185	0
SPC25_HUMAN	65	182	0
SPCS1_HUMAN	155	127	0
SPCS2_HUMAN	167	74	0
SPCS3_HUMAN	133	89	0
SPCS_HUMAN	21	535	0
SPD2A_HUMAN	131	106	0
SPD2B_HUMAN	64	145	0
SPDE1_HUMAN	4	1638	0
SPDE2_HUMAN	4	3040	0
SPDE4_HUMAN	59	260	0
SPDE6_HUMAN	4	3040	0
SPDEF_HUMAN	34	310	0
SPDLY_HUMAN	306	69	0
SPDYA_HUMAN	11	505	0
SPDYC_HUMAN	12	1131	0
SPE2L_HUMAN	1	2709	0
SPE39_HUMAN	40	184	0
SPEB_HUMAN	47	255	0
SPEE_HUMAN	66	130	0
SPEF1_HUMAN	9	1028	0
SPEF2_HUMAN	21	306	0
SPEG_HUMAN	20	251	0
SPEM1_HUMAN	2	8616	0
SPERI_HUMAN	5	1631	0
SPERT_HUMAN	132	274	0
SPESP_HUMAN	1	3505	0
SPF27_HUMAN	282	77	0
SPF30_HUMAN	124	124	0
SPF45_HUMAN	210	92	0
SPG16_HUMAN	10	1576	0
SPG17_HUMAN	19	279	0
SPG20_HUMAN	111	103	0
SPG21_HUMAN	204	100	0
SPG7_HUMAN	134	104	0
SPHK1_HUMAN	85	162	0
SPHK2_HUMAN	21	335	0
SPHM_HUMAN	52	185	0
SPI1_HUMAN	51	292	0
SPI2A_HUMAN	16	519	0
SPI2B_HUMAN	32	335	0
SPI2_HUMAN	14	768	0
SPIB_HUMAN	13	773	0
SPICE_HUMAN	196	118	0
SPIC_HUMAN	4	757	0
SPIN1_HUMAN	112	101	0
SPIN3_HUMAN	34	233	0
SPIN4_HUMAN	22	278	0
SPIR1_HUMAN	34	166	0
SPIR2_HUMAN	19	326	0
SPIT1_HUMAN	65	254	0
SPIT2_HUMAN	166	126	0
SPIT3_HUMAN	1	7177	0
SPIT4_HUMAN	1	3943	0
SPKAP_HUMAN	13	542	0
SPN1_HUMAN	43	305	0
SPN90_HUMAN	142	111	0
SPNS1_HUMAN	105	132	0
SPNS2_HUMAN	75	225	0
SPNS3_HUMAN	23	1291	0
SPNXA_HUMAN	8	1870	0
SPNXB_HUMAN	18	747	0
SPNXC_HUMAN	8	1134	0
SPNXD_HUMAN	7	865	0
SPO11_HUMAN	3	1119	0
SPOC1_HUMAN	3	1491	0
SPON1_HUMAN	25	451	0
SPON2_HUMAN	9	531	0
SPOPL_HUMAN	15	515	0
SPOP_HUMAN	781	32	0
SPP24_HUMAN	1	5939	0
SPP2A_HUMAN	17	281	0
SPP2B_HUMAN	240	160	0
SPP2C_HUMAN	2	3885	0
SPPL3_HUMAN	60	420	0
SPR1A_HUMAN	18	308	0
SPR1B_HUMAN	48	233	0
SPR2A_HUMAN	21	302	0
SPR2B_HUMAN	4	661	0
SPR2D_HUMAN	15	420	0
SPR2E_HUMAN	29	320	0
SPR2F_HUMAN	4	646	0
SPR2G_HUMAN	8	468	0
SPRC_HUMAN	61	167	0
SPRE1_HUMAN	54	195	0
SPRE2_HUMAN	61	197	0
SPRE3_HUMAN	1	6764	0
SPRE_HUMAN	123	121	0
SPRL1_HUMAN	25	415	0
SPRN_HUMAN	2	1454	0
SPRR3_HUMAN	36	413	0
SPRR4_HUMAN	1	1081	0
SPRY3_HUMAN	30	369	0
SPRY4_HUMAN	67	191	0
SPRY7_HUMAN	48	287	0
SPS1_HUMAN	90	143	0
SPS2L_HUMAN	137	98	0
SPS2_HUMAN	29	280	0
SPSB1_HUMAN	32	213	0
SPSB2_HUMAN	61	281	0
SPSB3_HUMAN	41	286	0
SPSB4_HUMAN	139	152	0
SPSY_HUMAN	121	113	0
SPT12_HUMAN	11	1122	0
SPT13_HUMAN	19	327	0
SPT16_HUMAN	2	1710	0
SPT17_HUMAN	2	2651	0
SPT19_HUMAN	8	1779	0
SPT20_HUMAN	92	159	0
SPT21_HUMAN	2	996	0
SPT22_HUMAN	13	624	0
SPT25_HUMAN	19	1736	0
SPT2_HUMAN	104	168	0
SPT4H_HUMAN	62	205	0
SPT5H_HUMAN	416	59	0
SPT6H_HUMAN	213	67	0
SPTA1_HUMAN	92	120	0
SPTA2_HUMAN,SPTN1_HUMAN	525	35	0
SPTA3_HUMAN	21	2473	0
SPTB1_HUMAN	83	159	0
SPTB2_HUMAN	433	35	0
SPTC1_HUMAN	181	68	0
SPTC2_HUMAN	109	94	0
SPTC3_HUMAN	15	364	0
SPTCS_HUMAN	144	127	0
SPTN2_HUMAN	172	80	0
SPTN4_HUMAN	52	195	0
SPTN5_HUMAN	17	277	0
SPTSA_HUMAN	17	370	0
SPTSB_HUMAN	3	3879	0
SPX2_HUMAN	95	156	0
SPX3_HUMAN	72	279	0
SPXN2_HUMAN	93	304	0
SPXN3_HUMAN	65	335	0
SPXN4_HUMAN	56	396	0
SPXN5_HUMAN	16	1325	0
SPXN_HUMAN	32	609	0
SPY1_HUMAN	108	163	0
SPY2_HUMAN	150	114	0
SPY3_HUMAN	28	999	0
SPY4_HUMAN	86	154	0
SPYA_HUMAN	44	491	0
SPZ1_HUMAN	19	590	0
SQRD_HUMAN	125	83	0
SQSTM_HUMAN	1241	21	0
SR140_HUMAN	321	68	0
SR1IP_HUMAN	48	352	0
SRA1_HUMAN	73	178	0
SRAC1_HUMAN	30	303	0
SRB4D_HUMAN	49	419	0
SRBD1_HUMAN	126	142	0
SRBP1_HUMAN	98	109	0
SRBP2_HUMAN	143	86	0
SRBS1_HUMAN	92	125	0
SRBS2_HUMAN	94	116	0
SRC8_HUMAN	452	40	0
SRCAP_HUMAN	127	105	0
SRCA_HUMAN	7	1326	0
SRCH_HUMAN	10	1043	0
SRCN1_HUMAN	19	402	0
SRC_HUMAN	650	36	0
SREC2_HUMAN	35	213	0
SREC_HUMAN	21	1194	0
SREK1_HUMAN	185	107	0
SRFB1_HUMAN	109	122	0
SRF_HUMAN	110	152	0
SRGEF_HUMAN	15	725	0
SRGN_HUMAN	21	619	0
SRGP1_HUMAN	42	175	0
SRGP3_HUMAN	54	134	0
SRMS_HUMAN	34	388	0
SRP09_HUMAN	443	60	0
SRP14_HUMAN	389	46	0
SRP19_HUMAN	238	88	0
SRP54_HUMAN	149	78	0
SRP68_HUMAN	387	55	0
SRP72_HUMAN	349	59	0
SRPK1_HUMAN	515	47	0
SRPK2_HUMAN	574	47	0
SRPK3_HUMAN	191	158	0
SRPRB_HUMAN	381	44	0
SRPR_HUMAN	332	48	0
SRPX2_HUMAN	12	1373	0
SRPX_HUMAN	17	457	0
SRR1L_HUMAN	3	1034	0
SRRM1_HUMAN	357	57	0
SRRM2_HUMAN	496	44	0
SRRM4_HUMAN	35	394	0
SRRM5_HUMAN	2	1895	0
SRRT_HUMAN	356	48	0
SRR_HUMAN	24	228	0
SRS10_HUMAN	279	64	0
SRS11_HUMAN	208	85	0
SRS12_HUMAN	133	231	0
SRSF1_HUMAN	573	53	0
SRSF2_HUMAN	277	65	0
SRSF3_HUMAN	531	39	0
SRSF4_HUMAN	311	59	0
SRSF5_HUMAN	490	52	0
SRSF6_HUMAN	515	60	0
SRSF7_HUMAN	417	58	0
SRSF8_HUMAN	101	148	0
SRSF9_HUMAN	236	62	0
SRTD1_HUMAN	73	214	0
SRTD2_HUMAN	35	305	0
SRTD3_HUMAN	55	280	0
SRTD4_HUMAN	18	422	0
SRTM1_HUMAN	13	3047	0
SRXN1_HUMAN	47	328	0
SRY_HUMAN	9	601	0
SSA27_HUMAN	372	54	0
SSBP2_HUMAN	125	181	0
SSBP3_HUMAN	94	172	0
SSBP4_HUMAN	53	247	0
SSBP_HUMAN	615	39	0
SSDH_HUMAN	64	162	0
SSF1_HUMAN	316	78	0
SSFA2_HUMAN	140	84	0
SSH1_HUMAN	80	133	0
SSH2_HUMAN	39	194	0
SSH3_HUMAN	72	191	0
SSNA1_HUMAN	47	278	0
SSPN_HUMAN	2	2680	0
SSPO_HUMAN	10	780	0
SSR1_HUMAN	13	972	0
SSR2_HUMAN	44	344	0
SSR3_HUMAN	15	748	0
SSR4_HUMAN	7	1214	0
SSR5_HUMAN	10	2501	0
SSRA_HUMAN	471	44	0
SSRB_HUMAN	47	269	0
SSRD_HUMAN	251	59	0
SSRG_HUMAN	171	80	0
SSRP1_HUMAN	678	42	0
SSU72_HUMAN	63	182	0
SSX10_HUMAN	1	6087	0
SSX1_HUMAN	13	838	0
SSX2_HUMAN	43	358	0
SSX3_HUMAN	34	497	0
SSX4_HUMAN	15	1185	0
SSX5_HUMAN	9	2227	0
SSX6_HUMAN	7	1181	0
SSX7_HUMAN	11	2549	0
SSX9_HUMAN	2	2839	0
SSXT_HUMAN	88	153	0
ST14_HUMAN	210	130	0
ST17A_HUMAN	24	265	0
ST17B_HUMAN	59	319	0
ST18_HUMAN	10	456	0
ST1A1_HUMAN	66	165	0
ST1A2_HUMAN	17	870	0
ST1A3_HUMAN,ST1A4_HUMAN	22	375	0
ST1B1_HUMAN	5	1793	0
ST1C2_HUMAN	17	610	0
ST1C3_HUMAN	9	1023	0
ST1C4_HUMAN	107	229	0
ST1E1_HUMAN	16	474	0
ST20_HUMAN	3	999	0
ST2A1_HUMAN	10	464	0
ST2B1_HUMAN	65	336	0
ST32A_HUMAN	16	673	0
ST32B_HUMAN	15	534	0
ST32C_HUMAN	89	139	0
ST38L_HUMAN	74	115	0
ST4A1_HUMAN	20	470	0
ST5_HUMAN	33	268	0
ST65G_HUMAN	73	196	0
ST6B1_HUMAN	1	14187	0
ST7L_HUMAN	39	788	0
ST7_HUMAN	383	63	0
STA13_HUMAN	68	191	0
STA5A_HUMAN	109	111	0
STA5B_HUMAN	110	110	0
STAB1_HUMAN	9	575	0
STAB2_HUMAN	12	589	0
STABP_HUMAN	96	117	0
STAC2_HUMAN	18	518	0
STAC3_HUMAN	46	521	0
STAC_HUMAN	26	313	0
STAG1_HUMAN	105	98	0
STAG2_HUMAN	244	61	0
STAG3_HUMAN	17	416	0
STALP_HUMAN	76	170	0
STAM1_HUMAN	150	78	0
STAM2_HUMAN	143	87	0
STAP1_HUMAN	22	442	0
STAP2_HUMAN	24	338	0
STAR3_HUMAN	97	188	0
STAR4_HUMAN	6	2740	0
STAR5_HUMAN	2	1330	0
STAR6_HUMAN	3	4415	0
STAR7_HUMAN	50	238	0
STAR8_HUMAN	21	354	0
STAR9_HUMAN	41	165	0
STAR_HUMAN	11	1793	0
STAT1_HUMAN	315	67	0
STAT2_HUMAN	82	131	0
STAT3_HUMAN	457	45	0
STAT4_HUMAN	41	337	0
STAT6_HUMAN	80	188	0
STAT_HUMAN	59	369	0
STAU1_HUMAN	1541	22	0
STAU2_HUMAN	234	96	0
STB5L_HUMAN	10	571	0
STBD1_HUMAN	130	117	0
STC1_HUMAN	8	586	0
STC2_HUMAN	50	224	0
STEA1_HUMAN	6	791	0
STEA2_HUMAN	12	788	0
STEA3_HUMAN	147	110	0
STEA4_HUMAN	8	1189	0
STEAL_HUMAN	3	1262	0
STF1_HUMAN	66	166	0
STG31_HUMAN	3	1866	0
STG34_HUMAN,ST3L4_HUMAN	6	1619	0
STH_HUMAN	16	985	0
STIL_HUMAN	187	97	0
STIM1_HUMAN	418	41	0
STIM2_HUMAN	132	107	0
STIP1_HUMAN	1043	24	0
STK10_HUMAN	62	141	0
STK11_HUMAN	277	79	0
STK16_HUMAN	157	138	0
STK19_HUMAN	34	201	0
STK24_HUMAN	281	59	0
STK25_HUMAN	237	61	0
STK31_HUMAN	14	455	0
STK33_HUMAN	40	188	0
STK35_HUMAN	26	266	0
STK36_HUMAN	40	292	0
STK38_HUMAN	183	87	0
STK39_HUMAN	103	128	0
STK3_HUMAN	257	63	0
STK40_HUMAN	57	276	0
STK4_HUMAN	1145	26	0
STML1_HUMAN	13	759	0
STML2_HUMAN	308	41	0
STML3_HUMAN	7	3864	0
STMN1_HUMAN	186	71	0
STMN2_HUMAN	96	125	0
STMN3_HUMAN	50	295	0
STMN4_HUMAN	38	394	0
STN1_HUMAN	106	228	0
STOM_HUMAN	382	46	0
STON1_HUMAN	8	419	0
STON2_HUMAN	92	111	0
STOX1_HUMAN	14	788	0
STOX2_HUMAN	16	459	0
STP1_HUMAN	7	1185	0
STP2_HUMAN	25	764	0
STPAP_HUMAN	55	200	0
STRA6_HUMAN	36	417	0
STRA8_HUMAN	9	1730	0
STRAA_HUMAN	26	366	0
STRAB_HUMAN	29	347	0
STRAP_HUMAN	275	54	0
STRBP_HUMAN	204	91	0
STRC_HUMAN	1	7369	0
STRN3_HUMAN	150	89	0
STRN4_HUMAN	175	74	0
STRN_HUMAN	143	82	0
STRUM_HUMAN	97	105	0
STS_HUMAN	34	490	0
STT3A_HUMAN	209	57	0
STT3B_HUMAN	268	53	0
STX10_HUMAN	125	137	0
STX11_HUMAN	154	138	0
STX12_HUMAN	298	57	0
STX16_HUMAN	80	123	0
STX17_HUMAN	274	71	0
STX18_HUMAN	159	86	0
STX19_HUMAN	27	600	0
STX1A_HUMAN	219	98	0
STX1B_HUMAN	63	207	0
STX2_HUMAN	85	137	0
STX3_HUMAN	167	116	0
STX4_HUMAN	437	47	0
STX5_HUMAN	284	55	0
STX6_HUMAN	451	47	0
STX7_HUMAN	714	35	0
STX8_HUMAN	237	86	0
STXB1_HUMAN	178	64	0
STXB2_HUMAN	91	129	0
STXB3_HUMAN	114	101	0
STXB4_HUMAN	84	181	0
STXB5_HUMAN	37	222	0
STXB6_HUMAN	22	639	0
STYK1_HUMAN	156	101	0
STYL1_HUMAN	45	206	0
STYX_HUMAN	81	181	0
SUCA_HUMAN	126	93	0
SUCB1_HUMAN	192	56	0
SUCB2_HUMAN	128	93	0
SUCR1_HUMAN	3	2774	0
SUFU_HUMAN	107	150	0
SUGP1_HUMAN	140	93	0
SUGP2_HUMAN	166	84	0
SUGT1_HUMAN,SGT1_HUMAN	307	72	0
SUH_HUMAN	248	83	0
SUIS_HUMAN	5	2019	0
SULF1_HUMAN	33	488	0
SULF2_HUMAN	248	65	0
SUMF1_HUMAN	51	275	0
SUMF2_HUMAN	61	148	0
SUMO1_HUMAN	1105	24	0
SUMO2_HUMAN	1698	19	0
SUMO3_HUMAN	460	40	0
SUMO4_HUMAN	103	113	0
SUN1_HUMAN	171	99	0
SUN2_HUMAN	242	59	0
SUN3_HUMAN	6	4423	0
SUN5_HUMAN	2	8731	0
SUNC1_HUMAN	6	4423	0
SUOX_HUMAN	104	186	0
SUPT3_HUMAN	57	217	0
SURF1_HUMAN	199	131	0
SURF2_HUMAN	69	215	0
SURF4_HUMAN	224	58	0
SURF6_HUMAN	449	64	0
SUSD1_HUMAN	37	367	0
SUSD2_HUMAN	17	1101	0
SUSD3_HUMAN	48	561	0
SUSD4_HUMAN	55	321	0
SUSD5_HUMAN	24	443	0
SUV3_HUMAN	146	123	0
SUV91_HUMAN	228	109	0
SUV92_HUMAN	81	237	0
SUZ12_HUMAN	630	39	0
SV2A_HUMAN	91	99	0
SV2B_HUMAN	108	158	0
SV2C_HUMAN	36	351	0
SV421_HUMAN	30	323	0
SV422_HUMAN	40	339	0
SVEP1_HUMAN	13	510	0
SVIL_HUMAN	254	59	0
SVIP_HUMAN	29	316	0
SVOPL_HUMAN	43	363	0
SVOP_HUMAN	60	264	0
SWAHA_HUMAN	4	1516	0
SWAHB_HUMAN	10	548	0
SWAHC_HUMAN	29	232	0
SWAP1_HUMAN	35	489	0
SWET1_HUMAN	8	650	0
SWI5_HUMAN	2	5900	0
SWP70_HUMAN	80	110	0
SWT1_HUMAN	1	1646	0
SYAC_HUMAN	183	72	0
SYAM_HUMAN	337	69	0
SYAP1_HUMAN	152	84	0
SYBU_HUMAN	34	319	0
SYC2L_HUMAN	5	601	0
SYCC_HUMAN	108	126	0
SYCE1_HUMAN	127	211	0
SYCE2_HUMAN	19	821	0
SYCE3_HUMAN	62	428	0
SYCM_HUMAN	103	152	0
SYCN_HUMAN	7	953	0
SYCP1_HUMAN	20	317	0
SYCP2_HUMAN	7	1208	0
SYCP3_HUMAN	12	688	0
SYDC_HUMAN	267	54	0
SYDE1_HUMAN	113	120	0
SYDE2_HUMAN	49	205	0
SYDM_HUMAN	160	102	0
SYEM_HUMAN	107	118	0
SYEP_HUMAN	461	40	0
SYF1_HUMAN	185	101	0
SYF2_HUMAN	74	205	0
SYFA_HUMAN	220	81	0
SYFB_HUMAN	169	99	0
SYFM_HUMAN	143	109	0
SYGP1_HUMAN	481	48	0
SYG_HUMAN	275	55	0
SYHC_HUMAN	140	94	0
SYHM_HUMAN	173	102	0
SYIC_HUMAN	345	50	0
SYIM_HUMAN	290	44	0
SYJ2B_HUMAN	144	130	0
SYK_HUMAN	327	47	0
SYLC_HUMAN	324	55	0
SYLM_HUMAN	160	99	0
SYMC_HUMAN	283	47	0
SYMM_HUMAN	86	185	0
SYMPK_HUMAN	212	77	0
SYN1_HUMAN	50	205	0
SYN2_HUMAN	31	279	0
SYN3_HUMAN	18	441	0
SYNCI_HUMAN	64	250	0
SYNC_HUMAN	155	96	0
SYNE1_HUMAN	129	86	0
SYNE2_HUMAN	205	55	0
SYNE3_HUMAN	438	44	0
SYNE4_HUMAN	103	178	0
SYNEM_HUMAN	71	129	0
SYNG1_HUMAN	20	657	0
SYNJ1_HUMAN	98	124	0
SYNJ2_HUMAN	53	181	0
SYNM_HUMAN	85	159	0
SYNP2_HUMAN	28	196	0
SYNPO_HUMAN	207	72	0
SYNPR_HUMAN	15	707	0
SYNRG_HUMAN	77	150	0
SYP2L_HUMAN	11	1120	0
SYPH_HUMAN	153	152	0
SYPL1_HUMAN	43	145	0
SYPL2_HUMAN	23	420	0
SYPM_HUMAN	53	185	0
SYQ_HUMAN	365	45	0
SYRC_HUMAN	276	43	0
SYRM_HUMAN	115	114	0
SYS1_HUMAN	29	712	0
SYSC_HUMAN	132	90	0
SYSM_HUMAN	106	113	0
SYT10_HUMAN	4	1651	0
SYT11_HUMAN	72	157	0
SYT12_HUMAN	29	258	0
SYT13_HUMAN	6	1151	0
SYT14_HUMAN	3	1765	0
SYT15_HUMAN	10	801	0
SYT16_HUMAN	45	505	0
SYT17_HUMAN	54	252	0
SYT1_HUMAN	110	132	0
SYT2_HUMAN	171	137	0
SYT3_HUMAN	20	486	0
SYT4_HUMAN	10	559	0
SYT5_HUMAN	14	671	0
SYT6_HUMAN	119	125	0
SYT7_HUMAN	21	254	0
SYT8_HUMAN	1	2485	0
SYT9_HUMAN	16	385	0
SYTC2_HUMAN	63	159	0
SYTC_HUMAN	210	65	0
SYTL1_HUMAN	9	634	0
SYTL2_HUMAN	17	426	0
SYTL3_HUMAN	5	2757	0
SYTL4_HUMAN	69	197	0
SYTL5_HUMAN	18	611	0
SYTM_HUMAN	172	84	0
SYUA_HUMAN	958	24	0
SYUB_HUMAN	18	427	0
SYUG_HUMAN	45	285	0
SYVC_HUMAN	275	56	0
SYVM_HUMAN	113	169	0
SYVN1_HUMAN	338	49	0
SYWC_HUMAN	195	62	0
SYWM_HUMAN	39	306	0
SYYC_HUMAN	153	74	0
SYYM_HUMAN	240	100	0
SZT2_HUMAN	39	265	0
T106A_HUMAN	230	143	0
T106B_HUMAN	348	63	0
T106C_HUMAN	84	295	0
T10IP_HUMAN	138	160	0
T11L1_HUMAN	76	146	0
T11L2_HUMAN	22	357	0
T120A_HUMAN	81	175	0
T120B_HUMAN	119	150	0
T126A_HUMAN	112	143	0
T126B_HUMAN	47	270	0
T131L_HUMAN	106	173	0
T132A_HUMAN	135	119	0
T132B_HUMAN	2	1589	0
T132C_HUMAN	3	1752	0
T132D_HUMAN	70	326	0
T132E_HUMAN	8	1863	0
T150A_HUMAN	45	454	0
T150B_HUMAN	1	8446	0
T151A_HUMAN	1	6169	0
T151B_HUMAN	2	2006	0
T161A_HUMAN	98	143	0
T161B_HUMAN	30	421	0
T167B_HUMAN	38	543	0
T170A_HUMAN	13	759	0
T176A_HUMAN	17	681	0
T176B_HUMAN	25	1137	0
T179B_HUMAN	98	345	0
T183A_HUMAN	28	437	0
T183B_HUMAN	1	1454	0
T184A_HUMAN	106	137	0
T184B_HUMAN	40	358	0
T184C_HUMAN	17	681	0
T185A_HUMAN	87	281	0
T185B_HUMAN	5	1138	0
T191B_HUMAN	1	4101	0
T194A_HUMAN,NEMP1_HUMAN	101	115	0
T194B_HUMAN,NEMP2_HUMAN	4	803	0
T200A_HUMAN	48	338	0
T200B_HUMAN	3	2734	0
T200C_HUMAN	1	4170	0
T229B_HUMAN	41	710	0
T22D1_HUMAN	199	79	0
T22D2_HUMAN	63	225	0
T22D3_HUMAN	62	180	0
T22D4_HUMAN	126	113	0
T23O_HUMAN	23	500	0
T2AG_HUMAN	25	619	0
T2EA_HUMAN	99	138	0
T2EB_HUMAN	171	86	0
T2FA_HUMAN	210	98	0
T2FB_HUMAN	135	99	0
T2H2L_HUMAN	56	165	0
T2R10_HUMAN	4	7938	0
T2R13_HUMAN	3	1471	0
T2R14_HUMAN	5	1213	0
T2R19_HUMAN	24	682	0
T2R20_HUMAN	1	4598	0
T2R31_HUMAN	7	1530	0
T2R38_HUMAN	3	2792	0
T2R39_HUMAN	1	4432	0
T2R41_HUMAN	19	1051	0
T2R42_HUMAN	10	1691	0
T2R45_HUMAN	1	3462	0
T2R48_HUMAN	24	682	0
T2R49_HUMAN	1	4598	0
T2R50_HUMAN	1	11616	0
T2R60_HUMAN	3	1659	0
T3JAM_HUMAN	84	195	0
T4S18_HUMAN	47	853	0
T4S19_HUMAN	40	665	0
T4S1_HUMAN	12	369	0
T4S20_HUMAN	20	700	0
T4S4_HUMAN	24	1773	0
T4S5_HUMAN	33	649	0
T53G1_HUMAN	3	834	0
T53G3_HUMAN	1	1920	0
T53G5_HUMAN	10	837	0
T53I1_HUMAN	22	301	0
T53I2_HUMAN	4	1039	0
TA2R3_HUMAN	1	3050	0
TA2R4_HUMAN	1	9099	0
TA2R5_HUMAN	6	5502	0
TA2R7_HUMAN	14	1085	0
TA2R8_HUMAN	4	4813	0
TA2R_HUMAN	62	265	0
TAAR1_HUMAN	5	2386	0
TAAR2_HUMAN	1	6046	0
TAAR3_HUMAN	8	1013	0
TAAR8_HUMAN	1	3908	0
TAAR9_HUMAN	2	9313	0
TAB1_HUMAN	262	46	0
TAB2_HUMAN	204	62	0
TAB3_HUMAN	61	155	0
TAC2N_HUMAN	12	590	0
TACC1_HUMAN	171	74	0
TACC2_HUMAN	76	109	0
TACC3_HUMAN	158	90	0
TACD2_HUMAN	135	165	0
TACO1_HUMAN	334	86	0
TACT_HUMAN	15	611	0
TAD2A_HUMAN	196	103	0
TAD2B_HUMAN	90	154	0
TADA1_HUMAN	56	245	0
TADA3_HUMAN	141	135	0
TADBP_HUMAN	544	35	0
TAF10_HUMAN	104	126	0
TAF11_HUMAN	45	344	0
TAF12_HUMAN	99	129	0
TAF13_HUMAN	33	534	0
TAF1A_HUMAN	70	229	0
TAF1B_HUMAN	81	168	0
TAF1C_HUMAN	115	130	0
TAF1D_HUMAN	94	202	0
TAF1L_HUMAN	24	256	0
TAF1_HUMAN	241	69	0
TAF2_HUMAN	132	142	0
TAF3_HUMAN	91	227	0
TAF4B_HUMAN	23	320	0
TAF4_HUMAN	162	87	0
TAF5L_HUMAN	110	122	0
TAF5_HUMAN	99	120	0
TAF6L_HUMAN	127	118	0
TAF6_HUMAN	240	91	0
TAF7L_HUMAN	35	515	0
TAF7_HUMAN	104	146	0
TAF8_HUMAN	57	236	0
TAF9B_HUMAN	111	150	0
TAF9_HUMAN	51	235	0
TAGAP_HUMAN	18	679	0
TAGL2_HUMAN	242	58	0
TAGL3_HUMAN	42	221	0
TAGL_HUMAN	232	96	0
TAK1L_HUMAN,M3KCL_HUMAN	11	1000	0
TAL1_HUMAN	94	194	0
TAL2_HUMAN	11	1176	0
TALAN_HUMAN	19	398	0
TALDO_HUMAN	149	88	0
TAM41_HUMAN	48	381	0
TANC1_HUMAN	96	99	0
TANC2_HUMAN	89	124	0
TANK_HUMAN	228	72	0
TAOK1_HUMAN	64	142	0
TAOK2_HUMAN	82	138	0
TAOK3_HUMAN	48	167	0
TAP1_HUMAN	154	77	0
TAP26_HUMAN	120	134	0
TAP2_HUMAN	102	92	0
TAPT1_HUMAN	40	304	0
TARA_HUMAN	133	87	0
TARB1_HUMAN	81	120	0
TARSH_HUMAN	14	462	0
TASP1_HUMAN	11	304	0
TATD1_HUMAN	58	183	0
TATD2_HUMAN	22	275	0
TATD3_HUMAN	8	709	0
TAU_HUMAN	2148	11	0
TAXB1_HUMAN	361	45	0
TAZ_HUMAN	183	121	0
TB10A_HUMAN	33	225	0
TB10B_HUMAN	109	84	0
TB10C_HUMAN	15	502	0
TB15A_HUMAN	2	2432	0
TB182_HUMAN	172	93	0
TB22A_HUMAN	39	246	0
TB22B_HUMAN	196	103	0
TBA1A_HUMAN	742	23	0
TBA1B_HUMAN	489	41	0
TBA1C_HUMAN	527	39	0
TBA3C_HUMAN	184	80	0
TBA3E_HUMAN	47	194	0
TBA4A_HUMAN	542	35	0
TBA4B_HUMAN	41	175	0
TBA8_HUMAN	100	127	0
TBAL3_HUMAN	73	148	0
TBB1_HUMAN	166	108	0
TBB2A_HUMAN	347	41	0
TBB2B_HUMAN	267	56	0
TBB3_HUMAN	476	42	0
TBB4A_HUMAN	280	53	0
TBB4B_HUMAN	611	37	0
TBB5_HUMAN	825	24	0
TBB6_HUMAN	274	55	0
TBB8_HUMAN	403	59	0
TBC12_HUMAN	10	729	0
TBC13_HUMAN	14	408	0
TBC14_HUMAN	40	277	0
TBC15_HUMAN	205	76	0
TBC16_HUMAN	27	265	0
TBC17_HUMAN	59	141	0
TBC19_HUMAN	14	485	0
TBC20_HUMAN	20	468	0
TBC21_HUMAN	30	778	0
TBC23_HUMAN	56	168	0
TBC24_HUMAN	39	207	0
TBC25_HUMAN	60	288	0
TBC26_HUMAN	11	1527	0
TBC28_HUMAN	5	1764	0
TBC30_HUMAN	32	197	0
TBC3A_HUMAN	18	285	0
TBC3B_HUMAN,TBC3I_HUMAN,TBC3B_HUMAN	1	7329	0
TBC3C_HUMAN,TBC3D_HUMAN,TBC3C_HUMAN	2	872	0
TBC3F_HUMAN	5	549	0
TBC3G_HUMAN	19	303	0
TBC3H_HUMAN	1	4297	0
TBC8B_HUMAN	7	605	0
TBC9B_HUMAN	91	103	0
TBCA_HUMAN	115	138	0
TBCB_HUMAN	106	122	0
TBCC1_HUMAN	23	449	0
TBCC_HUMAN	12	357	0
TBCD1_HUMAN	62	140	0
TBCD4_HUMAN	137	93	0
TBCD5_HUMAN	102	113	0
TBCD7_HUMAN	55	203	0
TBCD8_HUMAN	51	333	0
TBCD9_HUMAN	67	210	0
TBCD_HUMAN	136	94	0
TBCEL_HUMAN	10	478	0
TBCE_HUMAN	64	158	0
TBCK_HUMAN	82	163	0
TBD2A_HUMAN	37	242	0
TBD2B_HUMAN	96	164	0
TBD_HUMAN	26	418	0
TBE_HUMAN	15	423	0
TBG1_HUMAN	359	42	0
TBG2_HUMAN	42	240	0
TBK1_HUMAN	440	36	0
TBKB1_HUMAN	78	142	0
TBL1R_HUMAN	161	81	0
TBL1X_HUMAN	131	130	0
TBL1Y_HUMAN	39	219	0
TBL2_HUMAN	211	70	0
TBL3_HUMAN	196	107	0
TBPL1_HUMAN	42	169	0
TBPL2_HUMAN	20	404	0
TBP_HUMAN	225	108	0
TBR1_HUMAN	188	88	0
TBRG1_HUMAN	22	400	0
TBRG4_HUMAN	426	54	0
TBX15_HUMAN	14	1148	0
TBX18_HUMAN	9	1677	0
TBX19_HUMAN	17	949	0
TBX1_HUMAN	12	563	0
TBX20_HUMAN	20	857	0
TBX21_HUMAN	10	914	0
TBX22_HUMAN	10	621	0
TBX2_HUMAN	29	354	0
TBX3_HUMAN	72	132	0
TBX4_HUMAN	4	1605	0
TBX5_HUMAN	146	140	0
TBX6_HUMAN	35	707	0
TC1D1_HUMAN	9	1158	0
TC1D2_HUMAN	39	384	0
TC1D3_HUMAN	4	1555	0
TC1D4_HUMAN	27	602	0
TCAL1_HUMAN	86	172	0
TCAL2_HUMAN	23	463	0
TCAL3_HUMAN	4	977	0
TCAL4_HUMAN	48	183	0
TCAL5_HUMAN	11	1023	0
TCAL6_HUMAN	1	1646	0
TCAL7_HUMAN	23	804	0
TCAL8_HUMAN	17	300	0
TCAM1_HUMAN	48	289	0
TCAM2_HUMAN	43	129	0
TCA_HUMAN	34	350	0
TCEA1_HUMAN	123	113	0
TCEA2_HUMAN	156	105	0
TCEA3_HUMAN	10	510	0
TCF15_HUMAN	12	711	0
TCF19_HUMAN	35	261	0
TCF20_HUMAN	165	107	0
TCF21_HUMAN	13	926	0
TCF23_HUMAN	11	522	0
TCF25_HUMAN	107	91	0
TCF7_HUMAN	29	292	0
TCFL5_HUMAN	2	1287	0
TCHL1_HUMAN	6	981	0
TCHP_HUMAN	134	136	0
TCL1A_HUMAN	60	249	0
TCL1B_HUMAN	46	457	0
TCL6_HUMAN	1	4989	0
TCO1_HUMAN	8	3445	0
TCO2_HUMAN	13	592	0
TCOF_HUMAN	285	59	0
TCP10_HUMAN	20	961	0
TCP11_HUMAN	12	1334	0
TCP1L_HUMAN	73	294	0
TCP4_HUMAN	249	60	0
TCPA_HUMAN	592	37	0
TCPB_HUMAN	686	34	0
TCPD_HUMAN	555	37	0
TCPE_HUMAN	560	39	0
TCPG_HUMAN	638	31	0
TCPH_HUMAN	604	36	0
TCPQL_HUMAN	8	2614	0
TCPQM_HUMAN	176	175	0
TCPQ_HUMAN	586	36	0
TCPR1_HUMAN	17	312	0
TCPR2_HUMAN	20	227	0
TCPW_HUMAN	206	129	0
TCPZ_HUMAN	604	46	0
TCRG1_HUMAN	212	85	0
TCRGL_HUMAN	2	2397	0
TCTA_HUMAN	7	1478	0
TCTP_HUMAN	369	38	0
TD26_HUMAN,ANGL8_HUMAN	10	834	0
TDGF1_HUMAN	60	373	0
TDG_HUMAN	68	173	0
TDH_HUMAN	2	1427	0
TDIF1_HUMAN	103	157	0
TDIF2_HUMAN	162	105	0
TDR10_HUMAN	2	2292	0
TDR12_HUMAN	2	712	0
TDRD1_HUMAN	10	626	0
TDRD3_HUMAN	209	87	0
TDRD5_HUMAN	9	818	0
TDRD6_HUMAN	7	845	0
TDRD7_HUMAN	52	239	0
TDRD9_HUMAN	8	496	0
TDRKH_HUMAN	87	139	0
TDT_HUMAN	12	400	0
TE2IP_HUMAN	560	54	0
TEAD1_HUMAN	171	112	0
TEAD2_HUMAN	127	134	0
TEAD3_HUMAN	43	202	0
TEAD4_HUMAN	86	157	0
TEAN2_HUMAN	35	435	0
TEANC_HUMAN	142	153	0
TEBP_HUMAN	453	51	0
TECR_HUMAN	299	43	0
TECT1_HUMAN	151	151	0
TECT2_HUMAN	311	93	0
TECT3_HUMAN	333	84	0
TECTA_HUMAN	6	933	0
TECTB_HUMAN	35	483	0
TEC_HUMAN	70	260	0
TEFF1_HUMAN	40	317	0
TEFF2_HUMAN	16	507	0
TEFM_HUMAN	229	111	0
TEF_HUMAN	5	709	0
TEKT1_HUMAN	29	508	0
TEKT2_HUMAN	26	475	0
TEKT3_HUMAN	43	443	0
TEKT4_HUMAN	121	235	0
TEKT5_HUMAN	52	345	0
TELO2_HUMAN	159	90	0
TELT_HUMAN	54	253	0
TEN1L_HUMAN	5	1609	0
TEN1_HUMAN	24	361	0
TEN2_HUMAN	30	307	0
TEN3_HUMAN	78	117	0
TEN4_HUMAN	34	391	0
TENA_HUMAN	31	152	0
TENC1_HUMAN,TNS2_HUMAN	239	89	0
TENN_HUMAN	22	955	0
TENR_HUMAN	15	408	0
TENS1_HUMAN	51	169	0
TENS3_HUMAN	96	97	0
TENS4_HUMAN	42	205	0
TENXA_HUMAN	2	5652	0
TENX_HUMAN	17	390	0
TEP1_HUMAN	42	196	0
TEPP_HUMAN	4	938	0
TERA_HUMAN	1850	12	0
TERF1_HUMAN	346	71	0
TERF2_HUMAN	333	60	0
TERT_HUMAN	110	124	0
TESC_HUMAN,CHP3_HUMAN	22	780	0
TESK1_HUMAN	37	290	0
TESK2_HUMAN	98	263	0
TESP1_HUMAN	15	614	0
TEST_HUMAN	30	276	0
TES_HUMAN	334	50	0
TET1_HUMAN	35	267	0
TET2_HUMAN	153	102	0
TET3_HUMAN	28	273	0
TETN_HUMAN	19	661	0
TEX10_HUMAN	201	98	0
TEX11_HUMAN	95	246	0
TEX12_HUMAN	19	949	0
TEX14_HUMAN	33	277	0
TEX15_HUMAN	20	381	0
TEX19_HUMAN	51	409	0
TEX28_HUMAN	38	470	0
TEX29_HUMAN	42	947	0
TEX2_HUMAN	189	80	0
TEX30_HUMAN	5	1376	0
TEX33_HUMAN	18	516	0
TEX34_HUMAN	2	4259	0
TEX9_HUMAN	38	280	0
TF2AA_HUMAN	86	138	0
TF2AY_HUMAN	22	1535	0
TF2B_HUMAN	130	120	0
TF2H1_HUMAN	87	143	0
TF2H2_HUMAN	46	230	0
TF2H3_HUMAN	52	224	0
TF2H4_HUMAN	74	165	0
TF2H5_HUMAN	32	452	0
TF2L1_HUMAN	8	924	0
TF2LX_HUMAN	35	542	0
TF2LY_HUMAN	42	341	0
TF3A_HUMAN	13	584	0
TF3B_HUMAN	81	149	0
TF3C1_HUMAN	263	62	0
TF3C2_HUMAN	180	93	0
TF3C3_HUMAN	220	68	0
TF3C4_HUMAN	202	82	0
TF3C5_HUMAN	167	86	0
TF3C6_HUMAN	28	272	0
TF65_HUMAN	1256	28	0
TF7L1_HUMAN	12	844	0
TF7L2_HUMAN	269	75	0
TFAM_HUMAN	459	50	0
TFAP4_HUMAN	156	138	0
TFB1M_HUMAN	94	138	0
TFB2M_HUMAN	101	122	0
TFCP2_HUMAN	434	44	0
TFDP1_HUMAN	115	145	0
TFDP2_HUMAN	53	315	0
TFDP3_HUMAN	35	287	0
TFE2_HUMAN	186	102	0
TFE3_HUMAN	81	144	0
TFEB_HUMAN	46	231	0
TFEC_HUMAN	12	1198	0
TFF1_HUMAN	20	452	0
TFF2_HUMAN	4	988	0
TFF3_HUMAN	7	1626	0
TFG_HUMAN	286	48	0
TFIP8_HUMAN	36	251	0
TFP11_HUMAN	433	45	0
TFPI1_HUMAN	26	197	0
TFPI2_HUMAN	39	239	0
TFPT_HUMAN	175	135	0
TFR1_HUMAN	538	32	0
TFR2_HUMAN	24	371	0
TF_HUMAN	25	231	0
TGBR3_HUMAN	46	226	0
TGDS_HUMAN	11	924	0
TGFA1_HUMAN	80	156	0
TGFA_HUMAN	83	195	0
TGFB1_HUMAN	315	46	0
TGFB2_HUMAN	24	379	0
TGFB3_HUMAN	14	780	0
TGFI1_HUMAN	50	156	0
TGFR1_HUMAN	173	71	0
TGFR2_HUMAN	226	65	0
TGIF1_HUMAN	30	235	0
TGIF2_HUMAN	49	282	0
TGM1_HUMAN	224	87	0
TGM2_HUMAN	207	54	0
TGM3L_HUMAN	1	4499	0
TGM3_HUMAN	163	90	0
TGM4_HUMAN	11	1199	0
TGM5_HUMAN	35	316	0
TGM7_HUMAN	33	570	0
TGON2_HUMAN	1588	17	0
TGS1_HUMAN	69	166	0
TGT_HUMAN	40	182	0
THA10_HUMAN	28	573	0
THA11_HUMAN	128	121	0
THADA_HUMAN	132	96	0
THAP1_HUMAN	111	196	0
THAP2_HUMAN	11	951	0
THAP3_HUMAN	67	305	0
THAP4_HUMAN	79	112	0
THAP5_HUMAN	8	919	0
THAP6_HUMAN	19	773	0
THAP7_HUMAN	93	178	0
THAP8_HUMAN	27	379	0
THAP9_HUMAN	5	925	0
THAS_HUMAN	3	2142	0
THA_HUMAN	97	124	0
THBG_HUMAN	10	795	0
THB_HUMAN	72	171	0
THEGL_HUMAN	1	2193	0
THEG_HUMAN	11	1129	0
THEM4_HUMAN	83	249	0
THEM5_HUMAN,ACO15_HUMAN	21	1209	0
THEM6_HUMAN	156	93	0
THG1_HUMAN	59	199	0
THIC_HUMAN	88	117	0
THIK_HUMAN	76	135	0
THIL_HUMAN	248	55	0
THIM_HUMAN	184	98	0
THIOM_HUMAN	152	117	0
THIO_HUMAN	371	39	0
THMS1_HUMAN	11	853	0
THMS2_HUMAN	4	3857	0
THNS1_HUMAN	81	158	0
THNS2_HUMAN	3	1818	0
THOC1_HUMAN	203	85	0
THOC2_HUMAN	239	61	0
THOC3_HUMAN	125	90	0
THOC4_HUMAN	421	45	0
THOC5_HUMAN	136	111	0
THOC6_HUMAN	101	126	0
THOC7_HUMAN	118	143	0
THOP1_HUMAN	112	103	0
THRB_HUMAN	47	201	0
THRSP_HUMAN	64	220	0
THS7A_HUMAN	27	275	0
THS7B_HUMAN	27	709	0
THSD1_HUMAN	3	1623	0
THSD4_HUMAN	51	243	0
THTM_HUMAN	73	138	0
THTPA_HUMAN	73	170	0
THTR_HUMAN	70	168	0
THUM1_HUMAN	68	163	0
THUM2_HUMAN	16	772	0
THUM3_HUMAN	117	121	0
THY1_HUMAN	65	141	0
THYG_HUMAN	6	629	0
THYN1_HUMAN	27	259	0
TI17A_HUMAN	26	310	0
TI17B_HUMAN	52	251	0
TI23B_HUMAN	3	1046	0
TIA1_HUMAN	118	112	0
TIAF1_HUMAN	9	563	0
TIAM1_HUMAN	206	101	0
TIAM2_HUMAN	16	383	0
TIAR_HUMAN	168	79	0
TICN1_HUMAN	10	406	0
TICN2_HUMAN	20	559	0
TICN3_HUMAN	8	925	0
TICRR_HUMAN	33	199	0
TIDC1_HUMAN	231	99	0
TIE1_HUMAN	20	284	0
TIE2_HUMAN	125	137	0
TIF1A_HUMAN	373	66	0
TIF1B_HUMAN	1515	22	0
TIFAB_HUMAN	99	143	0
TIFA_HUMAN	40	223	0
TIG1_HUMAN	22	803	0
TIG3_HUMAN,HRSL4_HUMAN	27	321	0
TIGA1_HUMAN	1	1346	0
TIGAR_HUMAN	76	138	0
TIGD1_HUMAN	12	532	0
TIGD2_HUMAN	5	546	0
TIGD3_HUMAN	13	793	0
TIGD4_HUMAN	5	1588	0
TIGD5_HUMAN	72	200	0
TIGD6_HUMAN	21	543	0
TIGD7_HUMAN	12	639	0
TIGIT_HUMAN	26	1044	0
TILB_HUMAN	15	983	0
TIM10_HUMAN	90	207	0
TIM13_HUMAN	186	96	0
TIM14_HUMAN	208	105	0
TIM16_HUMAN	126	97	0
TIM21_HUMAN	68	142	0
TIM22_HUMAN	11	438	0
TIM23_HUMAN	89	129	0
TIM44_HUMAN	267	63	0
TIM50_HUMAN	316	53	0
TIM8A_HUMAN	85	200	0
TIM8B_HUMAN	62	220	0
TIM9B_HUMAN,T10B_HUMAN	26	692	0
TIM9_HUMAN	47	268	0
TIMD4_HUMAN	14	539	0
TIMP1_HUMAN	43	232	0
TIMP2_HUMAN	290	69	0
TIMP3_HUMAN	114	143	0
TIMP4_HUMAN	5	2210	0
TIM_HUMAN	86	126	0
TINAG_HUMAN	27	520	0
TINAL_HUMAN	37	296	0
TINF2_HUMAN	128	154	0
TIP39_HUMAN	1	10419	0
TIPIN_HUMAN	31	372	0
TIPRL_HUMAN	124	117	0
TIP_HUMAN	560	32	0
TIRAP_HUMAN	47	290	0
TISB_HUMAN	34	258	0
TISD_HUMAN	211	90	0
TISR_HUMAN	29	525	0
TITIN_HUMAN	339	44	0
TJAP1_HUMAN	53	167	0
TKN1_HUMAN	17	607	0
TKN4_HUMAN	1	15113	0
TKNK_HUMAN	17	1256	0
TKTL1_HUMAN	8	1147	0
TKTL2_HUMAN	25	364	0
TKT_HUMAN	359	56	0
TLCD1_HUMAN	25	616	0
TLCD2_HUMAN	11	1331	0
TLE1_HUMAN	217	89	0
TLE2_HUMAN	137	161	0
TLE3_HUMAN	363	73	0
TLE4_HUMAN	31	424	0
TLE6_HUMAN	9	853	0
TLK1_HUMAN	63	165	0
TLK2_HUMAN	152	96	0
TLL1_HUMAN	12	417	0
TLL2_HUMAN	21	972	0
TLN1_HUMAN	291	52	0
TLN2_HUMAN	57	129	0
TLR10_HUMAN	28	610	0
TLR1_HUMAN	23	546	0
TLR2_HUMAN	48	238	0
TLR3_HUMAN	57	174	0
TLR4_HUMAN	59	220	0
TLR5_HUMAN	25	430	0
TLR6_HUMAN	14	765	0
TLR7_HUMAN	15	1502	0
TLR8_HUMAN	15	796	0
TLR9_HUMAN	77	158	0
TLX1_HUMAN	171	171	0
TLX2_HUMAN	138	209	0
TLX3_HUMAN	253	143	0
TM100_HUMAN	36	688	0
TM101_HUMAN	37	320	0
TM102_HUMAN	25	338	0
TM104_HUMAN	24	426	0
TM107_HUMAN	55	410	0
TM108_HUMAN	28	545	0
TM109_HUMAN	130	99	0
TM110_HUMAN,STIMA_HUMAN	5	900	0
TM114_HUMAN	2	4398	0
TM115_HUMAN	54	334	0
TM116_HUMAN	6	2124	0
TM117_HUMAN	6	1251	0
TM119_HUMAN	8	4055	0
TM11A_HUMAN	12	713	0
TM11B_HUMAN	416	54	0
TM11D_HUMAN	4	2447	0
TM11E_HUMAN	12	1014	0
TM11F_HUMAN	2	1600	0
TM121_HUMAN	14	1256	0
TM127_HUMAN	12	375	0
TM128_HUMAN	91	311	0
TM129_HUMAN	42	261	0
TM130_HUMAN	37	655	0
TM131_HUMAN	161	87	0
TM134_HUMAN	16	610	0
TM135_HUMAN	9	1313	0
TM136_HUMAN	20	737	0
TM138_HUMAN	5	979	0
TM139_HUMAN	44	427	0
TM140_HUMAN	60	355	0
TM141_HUMAN	8	606	0
TM143_HUMAN	36	247	0
TM144_HUMAN	9	825	0
TM145_HUMAN	1	3462	0
TM147_HUMAN	89	349	0
TM148_HUMAN	2	2997	0
TM14A_HUMAN	43	382	0
TM14B_HUMAN	278	129	0
TM14C_HUMAN	67	164	0
TM14D_HUMAN	1	8178	0
TM154_HUMAN	43	560	0
TM155_HUMAN	4	3069	0
TM156_HUMAN	1	2799	0
TM158_HUMAN	3	530	0
TM159_HUMAN	66	200	0
TM160_HUMAN	92	157	0
TM163_HUMAN	8	921	0
TM164_HUMAN	36	444	0
TM165_HUMAN	110	96	0
TM168_HUMAN	12	383	0
TM169_HUMAN	116	273	0
TM171_HUMAN	84	299	0
TM173_HUMAN,STING_HUMAN	139	111	0
TM174_HUMAN	17	678	0
TM175_HUMAN	5	2974	0
TM177_HUMAN	58	303	0
TM178_HUMAN,T178A_HUMAN	2	5731	0
TM180_HUMAN,MF13A_HUMAN	12	798	0
TM181_HUMAN	26	317	0
TM182_HUMAN	23	1293	0
TM186_HUMAN	81	482	0
TM187_HUMAN	16	972	0
TM189_HUMAN	65	151	0
TM190_HUMAN	14	2849	0
TM192_HUMAN	204	117	0
TM195_HUMAN	1	10895	0
TM196_HUMAN	7	1836	0
TM198_HUMAN	1	9346	0
TM199_HUMAN	144	115	0
TM1L1_HUMAN	88	162	0
TM1L2_HUMAN	69	133	0
TM201_HUMAN	153	75	0
TM203_HUMAN	43	493	0
TM204_HUMAN	8	1581	0
TM205_HUMAN	73	128	0
TM206_HUMAN	167	135	0
TM207_HUMAN	12	921	0
TM208_HUMAN	52	379	0
TM209_HUMAN	157	82	0
TM212_HUMAN	1	1454	0
TM213_HUMAN	9	1420	0
TM214_HUMAN	172	87	0
TM216_HUMAN	244	97	0
TM217_HUMAN	2	14955	0
TM218_HUMAN	78	420	0
TM219_HUMAN	29	1125	0
TM220_HUMAN	8	1132	0
TM222_HUMAN	53	304	0
TM223_HUMAN	73	219	0
TM230_HUMAN	54	265	0
TM231_HUMAN	60	343	0
TM232_HUMAN	1	3390	0
TM234_HUMAN	19	1075	0
TM236_HUMAN	6	5523	0
TM237_HUMAN	211	86	0
TM238_HUMAN	1	9140	0
TM239_HUMAN	62	433	0
TM241_HUMAN	73	257	0
TM242_HUMAN	41	1150	0
TM245_HUMAN	49	139	0
TM246_HUMAN	71	347	0
TM248_HUMAN	56	407	0
TM2D1_HUMAN	6	770	0
TM2D2_HUMAN	21	629	0
TM2D3_HUMAN	92	240	0
TM38A_HUMAN	9	830	0
TM38B_HUMAN	68	176	0
TM39A_HUMAN	50	618	0
TM39B_HUMAN	43	570	0
TM40L_HUMAN	9	852	0
TM41A_HUMAN	16	361	0
TM41B_HUMAN	168	102	0
TM45A_HUMAN	17	1253	0
TM45B_HUMAN	47	675	0
TM50A_HUMAN	17	423	0
TM50B_HUMAN	26	444	0
TM55A_HUMAN	48	245	0
TM55B_HUMAN	98	150	0
TM59L_HUMAN	48	504	0
TM63A_HUMAN,CSCL1_HUMAN	116	184	0
TM63B_HUMAN,CSCL2_HUMAN	176	102	0
TM63C_HUMAN,CSC1_HUMAN	40	450	0
TM6S1_HUMAN	3	1892	0
TM6S2_HUMAN	11	1960	0
TM74B_HUMAN	3	2001	0
TM7S3_HUMAN	12	441	0
TM86A_HUMAN	51	479	0
TM86B_HUMAN	107	386	0
TM87A_HUMAN	211	101	0
TM87B_HUMAN	18	863	0
TM9S1_HUMAN	68	166	0
TM9S2_HUMAN	81	124	0
TM9S3_HUMAN	169	64	0
TM9S4_HUMAN	126	98	0
TMA16_HUMAN	97	131	0
TMC1_HUMAN	10	768	0
TMC2_HUMAN	2	1453	0
TMC3_HUMAN	2	2497	0
TMC4_HUMAN	29	911	0
TMC5A_HUMAN	8	2527	0
TMC5_HUMAN	5	664	0
TMC6_HUMAN	30	272	0
TMC7_HUMAN	7	555	0
TMC8_HUMAN	6	934	0
TMCC1_HUMAN	36	157	0
TMCC2_HUMAN	49	245	0
TMCC3_HUMAN	48	165	0
TMCO1_HUMAN	208	79	0
TMCO2_HUMAN	6	2001	0
TMCO3_HUMAN	76	145	0
TMCO4_HUMAN	7	934	0
TMCO6_HUMAN	14	819	0
TMCO7_HUMAN,TNG6_HUMAN	75	176	0
TMED1_HUMAN	80	152	0
TMED2_HUMAN	181	60	0
TMED3_HUMAN	32	294	0
TMED4_HUMAN	94	100	0
TMED5_HUMAN	103	112	0
TMED6_HUMAN	39	703	0
TMED7_HUMAN	98	107	0
TMED8_HUMAN	62	207	0
TMED9_HUMAN	180	56	0
TMEDA_HUMAN	292	53	0
TMEM2_HUMAN	129	102	0
TMEM5_HUMAN	28	564	0
TMEM9_HUMAN	258	82	0
TMF1_HUMAN	84	107	0
TMG1_HUMAN	13	639	0
TMG2_HUMAN	6	1043	0
TMG3_HUMAN	4	1916	0
TMG4_HUMAN	38	363	0
TMHS_HUMAN	144	316	0
TMIE_HUMAN	29	567	0
TMIG1_HUMAN	29	527	0
TMIG2_HUMAN	2	2113	0
TMLH_HUMAN	70	214	0
TMM11_HUMAN	117	191	0
TMM17_HUMAN	402	72	0
TMM18_HUMAN	13	1107	0
TMM19_HUMAN	45	420	0
TMM20_HUMAN	115	164	0
TMM25_HUMAN	149	133	0
TMM27_HUMAN	5	4984	0
TMM31_HUMAN	223	87	0
TMM33_HUMAN	215	54	0
TMM35_HUMAN	35	375	0
TMM40_HUMAN	13	984	0
TMM42_HUMAN	56	442	0
TMM43_HUMAN	211	54	0
TMM44_HUMAN	13	925	0
TMM47_HUMAN	9	2808	0
TMM51_HUMAN	101	196	0
TMM52_HUMAN	3	1544	0
TMM53_HUMAN	11	778	0
TMM54_HUMAN	27	531	0
TMM56_HUMAN	101	219	0
TMM59_HUMAN	231	110	0
TMM60_HUMAN	101	408	0
TMM61_HUMAN	1	2318	0
TMM62_HUMAN	24	566	0
TMM64_HUMAN	4	1075	0
TMM65_HUMAN	55	192	0
TMM68_HUMAN	42	195	0
TMM69_HUMAN	19	793	0
TMM70_HUMAN	247	104	0
TMM71_HUMAN	6	2898	0
TMM72_HUMAN	41	633	0
TMM74_HUMAN	138	132	0
TMM75_HUMAN	9	910	0
TMM79_HUMAN	67	355	0
TMM80_HUMAN	69	384	0
TMM81_HUMAN	2	2943	0
TMM82_HUMAN	4	5495	0
TMM88_HUMAN	55	500	0
TMM89_HUMAN	2	3109	0
TMM8A_HUMAN	35	370	0
TMM8B_HUMAN	5	945	0
TMM91_HUMAN	2	1304	0
TMM92_HUMAN	16	697	0
TMM95_HUMAN	44	424	0
TMM97_HUMAN	109	111	0
TMM98_HUMAN	34	411	0
TMM99_HUMAN	1	7650	0
TMM9B_HUMAN	156	140	0
TMOD1_HUMAN	165	129	0
TMOD2_HUMAN	86	128	0
TMOD3_HUMAN	263	53	0
TMOD4_HUMAN	28	421	0
TMPPE_HUMAN	80	259	0
TMPS2_HUMAN	338	59	0
TMPS3_HUMAN	37	382	0
TMPS4_HUMAN	309	90	0
TMPS5_HUMAN	47	263	0
TMPS6_HUMAN	4	763	0
TMPS7_HUMAN	4	770	0
TMPS9_HUMAN	4	517	0
TMPSC_HUMAN	22	584	0
TMPSD_HUMAN	119	175	0
TMTC1_HUMAN	7	534	0
TMTC2_HUMAN	15	284	0
TMTC3_HUMAN	121	88	0
TMTC4_HUMAN	56	222	0
TMUB1_HUMAN	89	129	0
TMUB2_HUMAN	49	425	0
TMX1_HUMAN	263	55	0
TMX2_HUMAN	238	89	0
TMX3_HUMAN	118	87	0
TMX4_HUMAN	81	135	0
TN13B_HUMAN	117	202	0
TNAP2_HUMAN	136	102	0
TNAP3_HUMAN	190	66	0
TNC18_HUMAN	92	114	0
TNF10_HUMAN	24	386	0
TNF11_HUMAN	35	337	0
TNF12_HUMAN	25	436	0
TNF13_HUMAN	50	266	0
TNF14_HUMAN	79	218	0
TNF15_HUMAN	2	11501	0
TNF18_HUMAN	69	370	0
TNF6B_HUMAN	40	407	0
TNFA_HUMAN	318	58	0
TNFB_HUMAN	26	426	0
TNFC_HUMAN	3	4361	0
TNFL4_HUMAN	2	3158	0
TNFL6_HUMAN	108	192	0
TNFL8_HUMAN	151	190	0
TNFL9_HUMAN	91	293	0
TNI3K_HUMAN	20	503	0
TNIK_HUMAN	310	68	0
TNIP1_HUMAN	1199	23	0
TNIP2_HUMAN	924	24	0
TNIP3_HUMAN	46	302	0
TNK1_HUMAN	39	286	0
TNKS1_HUMAN	103	141	0
TNKS2_HUMAN	82	189	0
TNMD_HUMAN	18	857	0
TNNC1_HUMAN	31	399	0
TNNC2_HUMAN	80	196	0
TNNI1_HUMAN	58	367	0
TNNI2_HUMAN	32	416	0
TNNI3_HUMAN	24	719	0
TNNT1_HUMAN	82	250	0
TNNT2_HUMAN	12	1289	0
TNNT3_HUMAN	26	766	0
TNPO1_HUMAN	322	45	0
TNPO2_HUMAN	226	80	0
TNPO3_HUMAN	259	58	0
TNR11_HUMAN	19	288	0
TNR12_HUMAN	11	658	0
TNR14_HUMAN	84	131	0
TNR16_HUMAN	65	193	0
TNR17_HUMAN	22	369	0
TNR18_HUMAN	12	382	0
TNR19_HUMAN	51	281	0
TNR1A_HUMAN	262	73	0
TNR1B_HUMAN	234	85	0
TNR21_HUMAN	31	303	0
TNR25_HUMAN	12	613	0
TNR27_HUMAN	20	769	0
TNR3_HUMAN	93	125	0
TNR4_HUMAN	7	1955	0
TNR5_HUMAN	217	78	0
TNR6A_HUMAN	292	92	0
TNR6B_HUMAN	296	80	0
TNR6C_HUMAN	150	122	0
TNR6_HUMAN	361	46	0
TNR8_HUMAN	28	577	0
TNR9_HUMAN	43	440	0
TNT_HUMAN	1	3207	0
TO20L_HUMAN	10	1588	0
TOB1_HUMAN	55	243	0
TOB2_HUMAN	20	423	0
TOE1_HUMAN	151	121	0
TOIP1_HUMAN	239	46	0
TOIP2_HUMAN,TOIP2_HUMAN,IFG15_HUMAN	220	65	0
TOLIP_HUMAN	384	51	0
TOM1_HUMAN	107	91	0
TOM20_HUMAN	244	59	0
TOM22_HUMAN	374	44	0
TOM34_HUMAN	115	119	0
TOM40_HUMAN	324	56	0
TOM5_HUMAN	117	199	0
TOM6_HUMAN	42	435	0
TOM70_HUMAN	147	89	0
TOM7_HUMAN	29	482	0
TOMT_HUMAN	1	13317	0
TONSL_HUMAN	93	132	0
TOP1M_HUMAN	33	281	0
TOP1_HUMAN	641	45	0
TOP2A_HUMAN	519	50	0
TOP2B_HUMAN	276	68	0
TOP3A_HUMAN	98	135	0
TOP3B_HUMAN	1467	16	0
TOPB1_HUMAN	580	41	0
TOPK_HUMAN	217	62	0
TOPRS_HUMAN	93	133	0
TOPZ1_HUMAN	12	551	0
TOR1A_HUMAN	85	117	0
TOR1B_HUMAN	66	151	0
TOR2A_HUMAN	23	320	0
TOR3A_HUMAN	96	140	0
TOR4A_HUMAN	31	221	0
TOX2_HUMAN	33	649	0
TOX3_HUMAN	29	228	0
TOX4_HUMAN	149	91	0
TOX_HUMAN	12	986	0
TP4A1_HUMAN	109	147	0
TP4A2_HUMAN	102	136	0
TP4A3_HUMAN	163	128	0
TP4AP_HUMAN	116	120	0
TP53B_HUMAN	486	48	0
TP8L1_HUMAN	47	185	0
TP8L2_HUMAN	8	842	0
TP8L3_HUMAN	3	1545	0
TPA_HUMAN	53	233	0
TPBG_HUMAN	36	210	0
TPC10_HUMAN	79	162	0
TPC11_HUMAN	57	134	0
TPC12_HUMAN	43	215	0
TPC1_HUMAN	34	367	0
TPC2A_HUMAN	102	178	0
TPC2B_HUMAN	3	6239	0
TPC2L_HUMAN	71	223	0
TPC2_HUMAN	66	278	0
TPC3L_HUMAN	13	2589	0
TPC6A_HUMAN	53	543	0
TPC6B_HUMAN	40	295	0
TPC_HUMAN	86	170	0
TPD52_HUMAN	116	126	0
TPD53_HUMAN	56	271	0
TPD54_HUMAN	171	93	0
TPD55_HUMAN	15	750	0
TPGS1_HUMAN	82	162	0
TPGS2_HUMAN	22	425	0
TPH1_HUMAN	11	535	0
TPH2_HUMAN	5	1404	0
TPIP1_HUMAN	2	4727	0
TPIS_HUMAN	287	59	0
TPK1_HUMAN	24	494	0
TPM1_HUMAN	265	57	0
TPM2_HUMAN	211	72	0
TPM3_HUMAN	396	46	0
TPM4_HUMAN	276	52	0
TPMT_HUMAN	10	422	0
TPOR_HUMAN	35	334	0
TPO_HUMAN	4	1545	0
TPP1_HUMAN	116	77	0
TPP2_HUMAN	138	93	0
TPPC1_HUMAN	58	231	0
TPPC3_HUMAN	73	126	0
TPPC4_HUMAN	84	190	0
TPPC5_HUMAN	98	125	0
TPPC8_HUMAN	74	138	0
TPPC9_HUMAN	92	149	0
TPPP2_HUMAN	8	2125	0
TPPP3_HUMAN	7	709	0
TPPP_HUMAN	36	226	0
TPRA1_HUMAN	37	428	0
TPRG1_HUMAN	23	1061	0
TPRGL_HUMAN	5	1138	0
TPRKB_HUMAN	65	230	0
TPRN_HUMAN	52	178	0
TPRX1_HUMAN	17	974	0
TPRXL_HUMAN	2	902	0
TPR_HUMAN	385	40	0
TPSNR_HUMAN	22	330	0
TPSN_HUMAN	86	113	0
TPST1_HUMAN	37	255	0
TPST2_HUMAN	131	183	0
TPT1L_HUMAN	8	629	0
TPTE2_HUMAN	87	210	0
TPTE_HUMAN	129	137	0
TPTG3_HUMAN	1	1505	0
TPX2_HUMAN	218	62	0
TR10A_HUMAN	134	129	0
TR10B_HUMAN	175	90	0
TR10C_HUMAN	102	195	0
TR10D_HUMAN	78	219	0
TR112_HUMAN	108	119	0
TR11B_HUMAN	7	810	0
TR13B_HUMAN	57	369	0
TR13C_HUMAN	12	909	0
TR150_HUMAN	479	46	0
TR16L_HUMAN	30	222	0
TR19L_HUMAN	70	229	0
TR1L1_HUMAN	29	678	0
TR3N_HUMAN	9	1882	0
TR43B_HUMAN	3	1205	0
TR49C_HUMAN	3	7855	0
TR61B_HUMAN	302	121	0
TR64C_HUMAN	4	1324	0
TRA2A_HUMAN	287	71	0
TRA2B_HUMAN	298	57	0
TRABD_HUMAN	113	130	0
TRAD1_HUMAN	75	110	0
TRADD_HUMAN	139	121	0
TRAF1_HUMAN	329	63	0
TRAF2_HUMAN	636	32	0
TRAF3_HUMAN	235	66	0
TRAF4_HUMAN	204	82	0
TRAF5_HUMAN	90	170	0
TRAF6_HUMAN	676	25	0
TRAF7_HUMAN	138	111	0
TRAIP_HUMAN	78	185	0
TRAK1_HUMAN	95	163	0
TRAK2_HUMAN	62	242	0
TRAM1_HUMAN	69	123	0
TRAM2_HUMAN	17	322	0
TRAP1_HUMAN	497	43	0
TRAT1_HUMAN	24	469	0
TRBM_HUMAN	35	351	0
TRBP2_HUMAN	148	116	0
TRDMT_HUMAN	23	359	0
TRDN_HUMAN	174	133	0
TREA_HUMAN	1	8617	0
TREF1_HUMAN	39	210	0
TREM1_HUMAN	17	760	0
TREM2_HUMAN	8	971	0
TREX1_HUMAN	53	197	0
TREX2_HUMAN	53	297	0
TRFE_HUMAN	203	66	0
TRFL_HUMAN	163	87	0
TRFM_HUMAN	77	144	0
TRFR_HUMAN	19	1606	0
TRHDE_HUMAN	28	302	0
TRHY_HUMAN	17	411	0
TRH_HUMAN	3	7646	0
TRI10_HUMAN	61	282	0
TRI11_HUMAN	176	99	0
TRI13_HUMAN	28	1026	0
TRI14_HUMAN	385	53	0
TRI15_HUMAN	46	254	0
TRI16_HUMAN	59	176	0
TRI17_HUMAN	79	203	0
TRI18_HUMAN	119	112	0
TRI22_HUMAN	25	395	0
TRI23_HUMAN	372	66	0
TRI25_HUMAN	2264	15	0
TRI26_HUMAN	196	72	0
TRI27_HUMAN	522	55	0
TRI29_HUMAN	239	70	0
TRI31_HUMAN	445	56	0
TRI32_HUMAN	192	65	0
TRI33_HUMAN	489	34	0
TRI34_HUMAN	13	577	0
TRI35_HUMAN	108	223	0
TRI36_HUMAN	137	112	0
TRI37_HUMAN	633	29	0
TRI38_HUMAN	47	183	0
TRI39_HUMAN	112	191	0
TRI40_HUMAN	13	579	0
TRI41_HUMAN	228	104	0
TRI42_HUMAN	145	189	0
TRI43_HUMAN	50	456	0
TRI44_HUMAN	81	164	0
TRI45_HUMAN	32	292	0
TRI46_HUMAN	41	261	0
TRI47_HUMAN	52	155	0
TRI48_HUMAN	2	2153	0
TRI49_HUMAN	9	676	0
TRI50_HUMAN	57	265	0
TRI51_HUMAN	5	1711	0
TRI52_HUMAN	130	230	0
TRI54_HUMAN	302	97	0
TRI55_HUMAN	453	52	0
TRI56_HUMAN	155	93	0
TRI58_HUMAN	40	327	0
TRI59_HUMAN	47	173	0
TRI60_HUMAN	2	2008	0
TRI61_HUMAN	1	17587	0
TRI62_HUMAN	32	324	0
TRI63_HUMAN	313	94	0
TRI64_HUMAN	9	643	0
TRI65_HUMAN	78	158	0
TRI66_HUMAN	201	119	0
TRI67_HUMAN	4780	3	0
TRI68_HUMAN	118	148	0
TRI69_HUMAN	83	161	0
TRI72_HUMAN	46	240	0
TRI73_HUMAN	20	450	0
TRI74_HUMAN	66	252	0
TRI75_HUMAN	5	923	0
TRIA1_HUMAN	52	194	0
TRIB1_HUMAN	47	222	0
TRIB2_HUMAN	46	251	0
TRIB3_HUMAN	151	99	0
TRIL_HUMAN	2	6781	0
TRIM1_HUMAN	264	90	0
TRIM2_HUMAN	47	154	0
TRIM3_HUMAN	72	134	0
TRIM4_HUMAN	53	162	0
TRIM5_HUMAN	80	138	0
TRIM6_HUMAN	70	117	0
TRIM7_HUMAN	79	138	0
TRIM8_HUMAN	120	131	0
TRIM9_HUMAN	129	113	0
TRIML_HUMAN	5	1683	0
TRIMM_HUMAN	64	217	0
TRIO_HUMAN	115	72	0
TRIP4_HUMAN	210	90	0
TRIP6_HUMAN	372	53	0
TRIPB_HUMAN	168	74	0
TRIPC_HUMAN	226	78	0
TRIQK_HUMAN	1	9701	0
TRIT1_HUMAN	6	1550	0
TRM11_HUMAN	42	189	0
TRM13_HUMAN	12	339	0
TRM1L_HUMAN	204	75	0
TRM1_HUMAN	153	105	0
TRM2A_HUMAN	150	80	0
TRM2_HUMAN	31	268	0
TRM44_HUMAN	38	286	0
TRM5_HUMAN	44	214	0
TRM61_HUMAN	96	129	0
TRM6_HUMAN	116	110	0
TRMB_HUMAN	46	233	0
TRML1_HUMAN	8	635	0
TRML2_HUMAN	25	798	0
TRNK1_HUMAN	8	461	0
TRNP1_HUMAN	4	1253	0
TRNT1_HUMAN	57	195	0
TROAP_HUMAN	54	189	0
TROP_HUMAN	77	206	0
TRPA1_HUMAN	5	981	0
TRPC1_HUMAN	28	305	0
TRPC3_HUMAN	25	434	0
TRPC4_HUMAN	17	733	0
TRPC5_HUMAN	19	991	0
TRPC6_HUMAN	17	889	0
TRPC7_HUMAN	4	3740	0
TRPM1_HUMAN	13	397	0
TRPM2_HUMAN	8	612	0
TRPM3_HUMAN	24	510	0
TRPM4_HUMAN	71	149	0
TRPM5_HUMAN	4	2451	0
TRPM6_HUMAN	8	504	0
TRPM7_HUMAN	130	116	0
TRPM8_HUMAN	18	673	0
TRPS1_HUMAN	145	122	0
TRPT1_HUMAN	12	673	0
TRPV1_HUMAN	11	279	0
TRPV2_HUMAN	26	503	0
TRPV3_HUMAN	6	4386	0
TRPV4_HUMAN	21	509	0
TRPV5_HUMAN	29	413	0
TRPV6_HUMAN	17	690	0
TRRAP_HUMAN	758	35	0
TRUA_HUMAN	137	113	0
TRUB1_HUMAN	40	192	0
TRUB2_HUMAN	357	98	0
TRXR1_HUMAN	107	99	0
TRXR2_HUMAN	58	196	0
TRXR3_HUMAN	23	414	0
TRY1_HUMAN	74	123	0
TRY2_HUMAN	35	257	0
TRY3_HUMAN	80	182	0
TRYB1_HUMAN	4	1462	0
TRYB2_HUMAN	19	566	0
TRYG1_HUMAN	2	7473	0
TRYX3_HUMAN	1	8240	0
TS101_HUMAN	324	41	0
TS1R1_HUMAN	2	1089	0
TS1R2_HUMAN	27	591	0
TS1R3_HUMAN	12	658	0
TSAP1_HUMAN	33	319	0
TSC1_HUMAN	277	57	0
TSC21_HUMAN,TEX37_HUMAN	49	564	0
TSC2_HUMAN	185	76	0
TSCOT_HUMAN	47	409	0
TSEAR_HUMAN	1	7369	0
TSG10_HUMAN	95	206	0
TSG13_HUMAN	3	4074	0
TSG6_HUMAN	49	570	0
TSH1_HUMAN	20	376	0
TSH2_HUMAN	35	245	0
TSH3_HUMAN	90	179	0
TSHB_HUMAN	17	557	0
TSHR_HUMAN	94	119	0
TSKS_HUMAN	41	409	0
TSK_HUMAN	4	1830	0
TSLP_HUMAN	11	590	0
TSN10_HUMAN	66	185	0
TSN11_HUMAN	12	633	0
TSN12_HUMAN	36	461	0
TSN13_HUMAN	2	1385	0
TSN14_HUMAN	23	369	0
TSN15_HUMAN	315	124	0
TSN16_HUMAN	21	1314	0
TSN17_HUMAN	72	247	0
TSN18_HUMAN	30	1078	0
TSN1_HUMAN	19	1039	0
TSN2_HUMAN	73	297	0
TSN31_HUMAN	54	303	0
TSN33_HUMAN	67	330	0
TSN3_HUMAN	111	140	0
TSN4_HUMAN	50	303	0
TSN5_HUMAN	113	206	0
TSN6_HUMAN	64	192	0
TSN7_HUMAN	37	453	0
TSN8_HUMAN	76	419	0
TSN9_HUMAN	13	257	0
TSNA1_HUMAN	38	282	0
TSNAX_HUMAN	199	86	0
TSN_HUMAN	122	95	0
TSP1_HUMAN	104	128	0
TSP2_HUMAN	18	546	0
TSP3_HUMAN	73	265	0
TSP4_HUMAN	8	601	0
TSP50_HUMAN	44	258	0
TSPO2_HUMAN	63	636	0
TSPOA_HUMAN	45	232	0
TSPY1_HUMAN	3	3529	0
TSPY2_HUMAN	12	2230	0
TSPY3_HUMAN	4	4639	0
TSPY8_HUMAN	2	17778	0
TSPYA_HUMAN	2	4792	0
TSR1_HUMAN	356	73	0
TSR2_HUMAN	36	249	0
TSR3_HUMAN	51	223	0
TSSC1_HUMAN	88	146	0
TSSC4_HUMAN	117	159	0
TSSK1_HUMAN	51	244	0
TSSK2_HUMAN	26	424	0
TSSK3_HUMAN	78	237	0
TSSK4_HUMAN	7	1643	0
TSSK6_HUMAN	44	278	0
TSSP1_HUMAN	1	5195	0
TSSP2_HUMAN	6	879	0
TSSP5_HUMAN	6	1114	0
TSSP_HUMAN	44	693	0
TSTD2_HUMAN	41	183	0
TSYL1_HUMAN	129	110	0
TSYL2_HUMAN	102	190	0
TSYL4_HUMAN	41	280	0
TSYL5_HUMAN	48	187	0
TSYL6_HUMAN	75	211	0
TT21A_HUMAN	19	366	0
TT21B_HUMAN	24	315	0
TT23L_HUMAN	29	534	0
TT30A_HUMAN	41	302	0
TT30B_HUMAN	61	334	0
TT39A_HUMAN	13	596	0
TT39B_HUMAN	16	323	0
TT39C_HUMAN	12	433	0
TTBK1_HUMAN	25	372	0
TTBK2_HUMAN	23	291	0
TTC12_HUMAN	16	413	0
TTC13_HUMAN	89	145	0
TTC14_HUMAN	29	277	0
TTC16_HUMAN	8	537	0
TTC17_HUMAN	123	120	0
TTC18_HUMAN,CFA70_HUMAN	3	1028	0
TTC19_HUMAN	142	156	0
TTC1_HUMAN	164	106	0
TTC22_HUMAN	1	2551	0
TTC23_HUMAN	113	194	0
TTC24_HUMAN	1	4206	0
TTC25_HUMAN	25	498	0
TTC26_HUMAN,IFT56_HUMAN	66	198	0
TTC27_HUMAN	115	102	0
TTC28_HUMAN	106	109	0
TTC29_HUMAN	19	804	0
TTC31_HUMAN	18	585	0
TTC32_HUMAN	12	1317	0
TTC33_HUMAN	53	311	0
TTC34_HUMAN	4	650	0
TTC36_HUMAN	1	15579	0
TTC37_HUMAN	124	94	0
TTC38_HUMAN	26	246	0
TTC3_HUMAN	126	98	0
TTC40_HUMAN	8	1352	0
TTC4_HUMAN	169	96	0
TTC5_HUMAN	63	139	0
TTC6_HUMAN	2	3318	0
TTC7A_HUMAN	31	187	0
TTC7B_HUMAN	25	246	0
TTC8_HUMAN	26	344	0
TTC9A_HUMAN	5	934	0
TTC9B_HUMAN	6	1170	0
TTC9C_HUMAN	198	97	0
TTDN1_HUMAN	33	289	0
TTF1_HUMAN	112	181	0
TTF2_HUMAN	161	121	0
TTHY_HUMAN	111	132	0
TTI1_HUMAN	116	93	0
TTI2_HUMAN	65	135	0
TTK_HUMAN	171	80	0
TTL10_HUMAN	17	808	0
TTL11_HUMAN	8	467	0
TTL12_HUMAN	145	78	0
TTL13_HUMAN	3	650	0
TTLL1_HUMAN	30	440	0
TTLL2_HUMAN	2	2495	0
TTLL3_HUMAN	17	603	0
TTLL4_HUMAN	24	260	0
TTLL5_HUMAN	50	195	0
TTLL6_HUMAN	13	363	0
TTLL7_HUMAN	14	311	0
TTLL8_HUMAN	1	9140	0
TTLL9_HUMAN	13	758	0
TTL_HUMAN	19	280	0
TTMA_HUMAN	3	918	0
TTMP_HUMAN	307	118	0
TTPAL_HUMAN	11	428	0
TTPA_HUMAN	47	732	0
TTP_HUMAN	177	138	0
TTY14_HUMAN	1	1454	0
TTYH1_HUMAN	308	158	0
TTYH2_HUMAN	24	393	0
TTYH3_HUMAN	84	137	0
TUB_HUMAN	25	589	0
TUFT1_HUMAN	65	286	0
TULP1_HUMAN	7	969	0
TULP2_HUMAN	38	325	0
TULP3_HUMAN	348	70	0
TULP4_HUMAN	26	188	0
TUSC1_HUMAN	9	753	0
TUSC2_HUMAN	79	197	0
TUSC3_HUMAN	63	280	0
TUSC5_HUMAN	110	353	0
TUT4_HUMAN	79	142	0
TUT7_HUMAN	118	138	0
TUTLA_HUMAN	10	826	0
TUTLB_HUMAN	8	573	0
TVB2_HUMAN	5	1553	0
TVC_HUMAN	54	472	0
TWF1_HUMAN	185	82	0
TWF2_HUMAN	110	119	0
TWSG1_HUMAN	16	312	0
TWST1_HUMAN	60	186	0
TWST2_HUMAN	17	911	0
TX101_HUMAN	281	75	0
TX13A_HUMAN	26	859	0
TX13B_HUMAN	19	1311	0
TX1B3_HUMAN	73	173	0
TX261_HUMAN	3	2086	0
TX264_HUMAN	194	103	0
TXD11_HUMAN	96	155	0
TXD12_HUMAN	143	85	0
TXD15_HUMAN	68	202	0
TXD16_HUMAN	63	200	0
TXD17_HUMAN	55	166	0
TXIP1_HUMAN	21	411	0
TXK_HUMAN	49	404	0
TXLNA_HUMAN	246	80	0
TXLNB_HUMAN	91	201	0
TXLNG_HUMAN	99	156	0
TXN4A_HUMAN	75	169	0
TXN4B_HUMAN	35	298	0
TXND2_HUMAN	16	736	0
TXND3_HUMAN	10	1136	0
TXND5_HUMAN	235	53	0
TXND6_HUMAN	3	888	0
TXND8_HUMAN	6	467	0
TXND9_HUMAN	128	147	0
TXNIP_HUMAN	215	72	0
TXNL1_HUMAN	221	57	0
TXTP_HUMAN	320	40	0
TY3H_HUMAN	32	296	0
TYB10_HUMAN	62	143	0
TYB4Y_HUMAN	37	405	0
TYB4_HUMAN	84	142	0
TYDP1_HUMAN	33	231	0
TYDP2_HUMAN	71	163	0
TYK2_HUMAN	161	93	0
TYOBP_HUMAN	98	350	0
TYPH_HUMAN	99	137	0
TYRO3_HUMAN	160	78	0
TYRO_HUMAN	4	1338	0
TYRP1_HUMAN	9	673	0
TYRP2_HUMAN	21	511	0
TYSD1_HUMAN	37	189	0
TYSY_HUMAN	97	151	0
TYW1B_HUMAN	22	1007	0
TYW1_HUMAN	125	174	0
TYW2_HUMAN	10	653	0
TYW3_HUMAN	53	245	0
TYW5_HUMAN	11	1493	0
TYY1_HUMAN	449	70	0
TYY2_HUMAN	12	311	0
U119A_HUMAN	162	125	0
U119B_HUMAN	42	226	0
U17L1_HUMAN	5	1000	0
U17L2_HUMAN	30	379	0
U17L3_HUMAN	2	2814	0
U17L5_HUMAN	1	2263	0
U17L7_HUMAN	6	1745	0
U1SBP_HUMAN	35	331	0
U2AF1_HUMAN	246	72	0
U2AF2_HUMAN	660	31	0
U2AF4_HUMAN	16	402	0
U2AFL_HUMAN	9	1570	0
U2AFM_HUMAN	74	270	0
U2D2L_HUMAN	11	1357	0
U3IP2_HUMAN	130	146	0
U513_HUMAN	71	308	0
U520_HUMAN	476	40	0
U5S1_HUMAN	1470	15	0
U632A_HUMAN	6	1501	0
UACA_HUMAN	156	70	0
UAP1L_HUMAN	16	311	0
UAP1_HUMAN	47	137	0
UB2D1_HUMAN	224	87	0
UB2D2_HUMAN	253	76	0
UB2D3_HUMAN	221	93	0
UB2D4_HUMAN	113	175	0
UB2E1_HUMAN	145	117	0
UB2E2_HUMAN	83	168	0
UB2E3_HUMAN	123	142	0
UB2G1_HUMAN	24	306	0
UB2G2_HUMAN	97	124	0
UB2J1_HUMAN	195	79	0
UB2J2_HUMAN	33	198	0
UB2L3_HUMAN	170	101	0
UB2L6_HUMAN	106	121	0
UB2Q1_HUMAN	60	122	0
UB2Q2_HUMAN	27	298	0
UB2R1_HUMAN	299	60	0
UB2R2_HUMAN	75	190	0
UB2V1_HUMAN	112	100	0
UB2V2_HUMAN	93	144	0
UBA1_HUMAN	382	45	0
UBA3_HUMAN	69	180	0
UBA5_HUMAN	122	113	0
UBA6_HUMAN	158	94	0
UBA7_HUMAN	15	401	0
UBAC1_HUMAN	135	104	0
UBAC2_HUMAN	202	79	0
UBAP1_HUMAN	30	246	0
UBAP2_HUMAN	174	90	0
UBB_HUMAN	477	39	0
UBC12_HUMAN	618	28	0
UBC9_HUMAN	502	44	0
UBCP1_HUMAN	96	160	0
UBD_HUMAN	658	34	0
UBE2A_HUMAN	219	80	0
UBE2B_HUMAN	78	200	0
UBE2C_HUMAN	74	171	0
UBE2F_HUMAN	21	461	0
UBE2H_HUMAN	1940	18	0
UBE2K_HUMAN	131	99	0
UBE2N_HUMAN	287	59	0
UBE2O_HUMAN	806	32	0
UBE2S_HUMAN	125	93	0
UBE2T_HUMAN	69	143	0
UBE2U_HUMAN	137	172	0
UBE2W_HUMAN	93	170	0
UBE2Z_HUMAN	81	143	0
UBE3A_HUMAN	398	43	0
UBE3B_HUMAN	48	229	0
UBE3C_HUMAN	225	56	0
UBE3D_HUMAN	35	261	0
UBE4A_HUMAN	109	96	0
UBE4B_HUMAN	139	81	0
UBF1_HUMAN	230	83	0
UBFD1_HUMAN	57	221	0
UBFL1_HUMAN	28	883	0
UBFL6_HUMAN	1	3258	0
UBIA1_HUMAN	123	128	0
UBIM_HUMAN	7	964	0
UBIP1_HUMAN	72	144	0
UBL3_HUMAN	32	303	0
UBL4A_HUMAN	358	45	0
UBL4B_HUMAN	14	755	0
UBL5_HUMAN	86	183	0
UBL7_HUMAN	67	168	0
UBN1_HUMAN	63	163	0
UBN2_HUMAN	97	148	0
UBP10_HUMAN	310	57	0
UBP11_HUMAN	560	28	0
UBP12_HUMAN	64	189	0
UBP13_HUMAN	113	100	0
UBP14_HUMAN	479	37	0
UBP15_HUMAN	474	35	0
UBP16_HUMAN	72	137	0
UBP17_HUMAN,U17LO_HUMAN	7	1616	0
UBP18_HUMAN	57	233	0
UBP19_HUMAN	154	79	0
UBP1_HUMAN	130	119	0
UBP20_HUMAN	197	69	0
UBP21_HUMAN	130	137	0
UBP22_HUMAN	160	94	0
UBP24_HUMAN	122	92	0
UBP25_HUMAN	101	110	0
UBP26_HUMAN	13	553	0
UBP27_HUMAN	38	331	0
UBP28_HUMAN	90	147	0
UBP29_HUMAN	28	277	0
UBP2L_HUMAN	312	62	0
UBP2_HUMAN	202	110	0
UBP30_HUMAN	109	125	0
UBP31_HUMAN	25	204	0
UBP32_HUMAN	132	76	0
UBP33_HUMAN	136	88	0
UBP34_HUMAN	183	91	0
UBP35_HUMAN	28	257	0
UBP36_HUMAN	594	53	0
UBP37_HUMAN	111	160	0
UBP38_HUMAN	31	303	0
UBP3_HUMAN	66	141	0
UBP40_HUMAN	48	209	0
UBP41_HUMAN	6	997	0
UBP42_HUMAN	83	159	0
UBP43_HUMAN	54	198	0
UBP44_HUMAN	185	116	0
UBP45_HUMAN	34	383	0
UBP46_HUMAN	91	171	0
UBP47_HUMAN	196	87	0
UBP48_HUMAN	169	91	0
UBP49_HUMAN	57	265	0
UBP4_HUMAN	290	73	0
UBP50_HUMAN	33	276	0
UBP51_HUMAN	43	374	0
UBP53_HUMAN	138	117	0
UBP54_HUMAN	213	87	0
UBP5_HUMAN	213	68	0
UBP6_HUMAN	20	412	0
UBP7_HUMAN	638	33	0
UBP8_HUMAN	134	82	0
UBQL1_HUMAN	427	46	0
UBQL2_HUMAN	792	23	0
UBQL3_HUMAN	2	901	0
UBQL4_HUMAN	262	63	0
UBQLN_HUMAN	4	1016	0
UBR1_HUMAN	268	82	0
UBR2_HUMAN	152	93	0
UBR3_HUMAN	105	147	0
UBR4_HUMAN	350	43	0
UBR5_HUMAN	583	37	0
UBR7_HUMAN	87	166	0
UBS3A_HUMAN	116	135	0
UBS3B_HUMAN	170	69	0
UBTD1_HUMAN	39	268	0
UBTD2_HUMAN	28	487	0
UBX10_HUMAN	32	322	0
UBX11_HUMAN	50	277	0
UBX2A_HUMAN	24	362	0
UBX2B_HUMAN	41	370	0
UBXN1_HUMAN	213	51	0
UBXN4_HUMAN	186	72	0
UBXN6_HUMAN	333	67	0
UBXN7_HUMAN	262	69	0
UBXN8_HUMAN	87	147	0
UCHL1_HUMAN	256	47	0
UCHL3_HUMAN	175	96	0
UCHL5_HUMAN	243	65	0
UCK1_HUMAN	16	431	0
UCK2_HUMAN	77	119	0
UCKL1_HUMAN	53	182	0
UCMA_HUMAN	1	7069	0
UCN1_HUMAN	4	2876	0
UCN2_HUMAN	1	18402	0
UCN3_HUMAN	20	718	0
UCP1_HUMAN	4	2825	0
UCP2_HUMAN	25	458	0
UCP3_HUMAN	15	692	0
UCP4_HUMAN	2	5282	0
UCP5_HUMAN	67	296	0
UCRIL_HUMAN	44	188	0
UCRI_HUMAN	255	77	0
UD110_HUMAN	37	458	0
UD11_HUMAN	15	1073	0
UD13_HUMAN	10	5485	0
UD14_HUMAN	12	2696	0
UD15_HUMAN	13	1095	0
UD16_HUMAN	9	5797	0
UD17_HUMAN	65	338	0
UD18_HUMAN	8	3557	0
UD19_HUMAN	19	1187	0
UD2A1_HUMAN	2	2818	0
UD2A3_HUMAN	6	459	0
UD2B4_HUMAN	1	7201	0
UD2B7_HUMAN	45	281	0
UD3A1_HUMAN	5	2039	0
UD3A2_HUMAN	19	1634	0
UDB10_HUMAN	4	882	0
UDB11_HUMAN	6	1141	0
UDB15_HUMAN	6	913	0
UDB17_HUMAN	2	4974	0
UDB28_HUMAN	5	1107	0
UE2NL_HUMAN	16	303	0
UEVLD_HUMAN	28	242	0
UFC1_HUMAN	66	199	0
UFD1_HUMAN	166	95	0
UFL1_HUMAN	1042	25	0
UFM1_HUMAN	109	154	0
UFO_HUMAN	347	42	0
UFSP1_HUMAN	47	347	0
UFSP2_HUMAN	128	145	0
UGDH_HUMAN	104	107	0
UGGG1_HUMAN	264	57	0
UGGG2_HUMAN	116	97	0
UGPA_HUMAN	110	109	0
UH1BL_HUMAN	73	137	0
UHMK1_HUMAN	51	281	0
UHRF1_HUMAN	209	78	0
UHRF2_HUMAN	129	118	0
UIF_HUMAN	161	112	0
UIMC1_HUMAN	115	95	0
UK114_HUMAN	41	231	0
ULA1_HUMAN	95	112	0
ULK1_HUMAN	187	81	0
ULK2_HUMAN	58	186	0
ULK3_HUMAN	60	180	0
ULK4_HUMAN	26	260	0
UMPS_HUMAN	115	94	0
UN13A_HUMAN	80	228	0
UN13B_HUMAN	55	189	0
UN13C_HUMAN	14	564	0
UN13D_HUMAN	46	212	0
UN45A_HUMAN	259	73	0
UN45B_HUMAN	23	442	0
UN5CL_HUMAN	24	405	0
UN93A_HUMAN	63	307	0
UN93B_HUMAN	455	57	0
UNC4_HUMAN	5	508	0
UNC50_HUMAN	48	354	0
UNC5A_HUMAN	6	1867	0
UNC5B_HUMAN	92	181	0
UNC5C_HUMAN	36	220	0
UNC5D_HUMAN	4	696	0
UNC79_HUMAN	13	362	0
UNC80_HUMAN	15	385	0
UNG_HUMAN	41	217	0
UNKL_HUMAN	69	200	0
UNK_HUMAN	408	47	0
UPAR_HUMAN	136	118	0
UPK1A_HUMAN	154	169	0
UPK1B_HUMAN	59	640	0
UPK2_HUMAN	226	131	0
UPK3A_HUMAN	3	4065	0
UPK3B_HUMAN	10	547	0
UPK3L_HUMAN	50	883	0
UPP1_HUMAN	88	134	0
UPP2_HUMAN	6	1152	0
UPP_HUMAN	22	468	0
UQCC_HUMAN,UQCC1_HUMAN	112	132	0
UR2R_HUMAN	1	17868	0
URAD_HUMAN	1	2087	0
URB2_HUMAN	110	109	0
URFB1_HUMAN	99	107	0
URGCP_HUMAN	34	190	0
URM1_HUMAN	49	218	0
UROK_HUMAN	61	200	0
UROL1_HUMAN	14	947	0
UROM_HUMAN	10	2448	0
URP2_HUMAN	55	212	0
US6NL_HUMAN	106	99	0
USBP1_HUMAN	238	125	0
USE1_HUMAN	156	91	0
USF1_HUMAN	79	195	0
USF2_HUMAN	49	222	0
USH1C_HUMAN	35	510	0
USH1G_HUMAN	22	655	0
USH2A_HUMAN	10	524	0
USMG5_HUMAN	138	81	0
USO1_HUMAN	227	58	0
USP9X_HUMAN	439	40	0
USP9Y_HUMAN	49	242	0
USPL1_HUMAN	35	322	0
UST_HUMAN	39	224	0
UT14A_HUMAN	248	75	0
UT14C_HUMAN	51	185	0
UT1_HUMAN	53	244	0
UT2_HUMAN	141	133	0
UTER_HUMAN	10	719	0
UTF1_HUMAN	5	3353	0
UTP11_HUMAN	110	141	0
UTP15_HUMAN	119	123	0
UTP18_HUMAN	155	100	0
UTP20_HUMAN	152	90	0
UTP23_HUMAN	209	133	0
UTP6_HUMAN	104	136	0
UTRO_HUMAN	229	58	0
UTS2B_HUMAN	2	2087	0
UTS2_HUMAN	14	356	0
UTY_HUMAN	26	291	0
UVRAG_HUMAN	108	129	0
UVSSA_HUMAN	33	237	0
UXS1_HUMAN	127	107	0
UXT_HUMAN	127	182	0
V1AR_HUMAN	7	1593	0
V1BR_HUMAN	28	852	0
V2R_HUMAN	129	203	0
VA0D1_HUMAN	226	90	0
VA0D2_HUMAN	60	265	0
VA0E1_HUMAN	31	845	0
VA0E2_HUMAN	2	6102	0
VAC14_HUMAN	215	78	0
VACHT_HUMAN	31	590	0
VAMP1_HUMAN	47	271	0
VAMP2_HUMAN	189	75	0
VAMP3_HUMAN	345	63	0
VAMP4_HUMAN	139	125	0
VAMP5_HUMAN	179	130	0
VAMP7_HUMAN	139	105	0
VAMP8_HUMAN	104	123	0
VANG1_HUMAN	242	73	0
VANG2_HUMAN	217	73	0
VAPA_HUMAN	705	24	0
VAPB_HUMAN	504	32	0
VAS1_HUMAN	149	93	0
VASH1_HUMAN	17	449	0
VASH2_HUMAN	13	507	0
VASN_HUMAN	193	90	0
VASP_HUMAN	297	65	0
VAT1L_HUMAN	13	331	0
VAT1_HUMAN	132	85	0
VATA_HUMAN	348	47	0
VATB1_HUMAN	113	160	0
VATB2_HUMAN	270	58	0
VATC1_HUMAN	110	150	0
VATC2_HUMAN	49	274	0
VATD_HUMAN	122	119	0
VATE1_HUMAN	138	103	0
VATE2_HUMAN	23	531	0
VATF_HUMAN	127	129	0
VATG1_HUMAN	88	117	0
VATG2_HUMAN	44	186	0
VATG3_HUMAN	4	1403	0
VATH_HUMAN	177	85	0
VATL_HUMAN	168	115	0
VATO_HUMAN	32	438	0
VAV2_HUMAN	101	103	0
VAV3_HUMAN	51	148	0
VAV_HUMAN	194	82	0
VAX1_HUMAN	17	493	0
VAX2_HUMAN	8	2130	0
VCAM1_HUMAN	660	31	0
VCIP1_HUMAN	160	102	0
VCX1_HUMAN	4	4600	0
VCX2_HUMAN	9	1738	0
VCX3_HUMAN	1	6335	0
VCY1_HUMAN	7	731	0
VCY2_HUMAN	3	1550	0
VDAC1_HUMAN	559	27	0
VDAC2_HUMAN	458	31	0
VDAC3_HUMAN	370	40	0
VDR_HUMAN	128	129	0
VEGFA_HUMAN	56	124	0
VEGFB_HUMAN	35	679	0
VEGFC_HUMAN	3	3928	0
VEGFD_HUMAN	39	580	0
VENTX_HUMAN	422	64	0
VEZA_HUMAN	183	81	0
VEZF1_HUMAN	110	110	0
VGFR1_HUMAN	177	100	0
VGFR2_HUMAN	150	103	0
VGFR3_HUMAN	255	83	0
VGF_HUMAN	45	222	0
VGLL1_HUMAN	15	1092	0
VGLL2_HUMAN	4	1554	0
VGLL3_HUMAN	70	326	0
VGLL4_HUMAN	38	219	0
VGLU1_HUMAN	14	541	0
VGLU2_HUMAN	32	297	0
VGLU3_HUMAN	30	424	0
VHLL_HUMAN	5	1641	0
VHL_HUMAN	609	40	0
VIAAT_HUMAN	114	163	0
VIGLN_HUMAN	871	30	0
VILI_HUMAN	20	293	0
VILL_HUMAN	9	591	0
VIME_HUMAN	843	25	0
VINC_HUMAN	316	55	0
VINEX_HUMAN	204	92	0
VIP1_HUMAN	57	241	0
VIP2_HUMAN	68	137	0
VIPR1_HUMAN	199	118	0
VIPR2_HUMAN	236	139	0
VIP_HUMAN	26	486	0
VIR_HUMAN	2826	9	0
VISL1_HUMAN	33	221	0
VITRN_HUMAN	3	1278	0
VKGC_HUMAN	73	108	0
VKIND_HUMAN	23	251	0
VKOR1_HUMAN	134	107	0
VKORL_HUMAN	114	132	0
VLDLR_HUMAN	38	239	0
VMA21_HUMAN	120	136	0
VMA5A_HUMAN	46	250	0
VMAC_HUMAN	20	745	0
VMAT1_HUMAN	175	181	0
VMAT2_HUMAN	163	170	0
VMO1_HUMAN	1	1646	0
VMP1_HUMAN	195	83	0
VN1R1_HUMAN	3	1659	0
VN1R2_HUMAN	2	4129	0
VN1R3_HUMAN	1	970	0
VN1R5_HUMAN	4	950	0
VNN1_HUMAN	8	2716	0
VNN2_HUMAN	48	629	0
VNN3_HUMAN	1	18037	0
VOPP1_HUMAN	25	357	0
VP13A_HUMAN	117	91	0
VP13B_HUMAN	75	130	0
VP13C_HUMAN	132	89	0
VP13D_HUMAN	65	143	0
VP26A_HUMAN	175	90	0
VP26B_HUMAN	83	175	0
VP33A_HUMAN	254	80	0
VP33B_HUMAN	192	91	0
VP37A_HUMAN	35	192	0
VP37B_HUMAN	58	177	0
VP37C_HUMAN	135	167	0
VP37D_HUMAN	18	573	0
VPP1_HUMAN	279	63	0
VPP2_HUMAN	169	103	0
VPP3_HUMAN	93	158	0
VPP4_HUMAN	49	322	0
VPRBP_HUMAN	218	83	0
VPREB_HUMAN	3	1899	0
VPS11_HUMAN	96	130	0
VPS16_HUMAN	133	83	0
VPS18_HUMAN	142	78	0
VPS25_HUMAN	69	185	0
VPS28_HUMAN	124	118	0
VPS29_HUMAN	136	101	0
VPS35_HUMAN	322	47	0
VPS36_HUMAN	58	190	0
VPS39_HUMAN	64	163	0
VPS41_HUMAN	60	183	0
VPS45_HUMAN	155	70	0
VPS4A_HUMAN	89	106	0
VPS4B_HUMAN	91	95	0
VPS52_HUMAN	199	90	0
VPS53_HUMAN	106	122	0
VPS54_HUMAN	33	244	0
VPS72_HUMAN	123	117	0
VPS8_HUMAN	82	145	0
VRK1_HUMAN	297	68	0
VRK2_HUMAN	230	66	0
VRK3_HUMAN	142	101	0
VRTN_HUMAN	15	769	0
VSI10_HUMAN	7	799	0
VSIG1_HUMAN	179	150	0
VSIG2_HUMAN	31	461	0
VSIG4_HUMAN	229	135	0
VSIG8_HUMAN	119	164	0
VSTM1_HUMAN	56	390	0
VSTM4_HUMAN	11	1057	0
VSX1_HUMAN	80	216	0
VSX2_HUMAN	14	958	0
VTA1_HUMAN	146	105	0
VTCN1_HUMAN	18	425	0
VTDB_HUMAN	61	171	0
VTI1A_HUMAN	70	190	0
VTI1B_HUMAN	221	77	0
VTM2A_HUMAN	5	3956	0
VTM2B_HUMAN	1	4376	0
VTM2L_HUMAN	3	1152	0
VTNC_HUMAN	204	78	0
VW5B1_HUMAN	1	3961	0
VW5B2_HUMAN	30	353	0
VWA1_HUMAN	23	1090	0
VWA2_HUMAN	35	298	0
VWA3A_HUMAN	4	695	0
VWA3B_HUMAN	13	1118	0
VWA7_HUMAN	2	2313	0
VWC2L_HUMAN	38	767	0
VWC2_HUMAN	61	427	0
VWCE_HUMAN	70	274	0
VWDE_HUMAN	68	328	0
VWF_HUMAN	31	274	0
WAC_HUMAN	101	109	0
WAP53_HUMAN	100	136	0
WAPL_HUMAN	188	81	0
WASF1_HUMAN	90	136	0
WASF2_HUMAN	139	98	0
WASF3_HUMAN	62	148	0
WASF4_HUMAN	1	6118	0
WASH1_HUMAN	86	170	0
WASH2_HUMAN	13	323	0
WASH4_HUMAN	3	1686	0
WASH6_HUMAN	21	299	0
WASH7_HUMAN	104	99	0
WASL_HUMAN	120	105	0
WASP_HUMAN	88	182	0
WBP11_HUMAN	164	102	0
WBP1L_HUMAN	8	411	0
WBP1_HUMAN	40	414	0
WBP2L_HUMAN	10	956	0
WBP2_HUMAN	80	113	0
WBP4_HUMAN	108	164	0
WBP5_HUMAN	51	382	0
WBS16_HUMAN	117	147	0
WBS22_HUMAN	53	150	0
WBS27_HUMAN	38	315	0
WBS28_HUMAN	2	2948	0
WD51A_HUMAN	120	198	0
WDFY1_HUMAN	73	143	0
WDFY2_HUMAN	32	436	0
WDFY3_HUMAN	122	83	0
WDFY4_HUMAN	6	484	0
WDHD1_HUMAN	183	90	0
WDR11_HUMAN	142	79	0
WDR12_HUMAN	141	131	0
WDR13_HUMAN	27	222	0
WDR16_HUMAN,CFA52_HUMAN	11	475	0
WDR17_HUMAN	9	485	0
WDR18_HUMAN	135	95	0
WDR19_HUMAN	33	298	0
WDR1_HUMAN	217	51	0
WDR20_HUMAN	88	128	0
WDR24_HUMAN	40	351	0
WDR25_HUMAN	55	220	0
WDR26_HUMAN	198	79	0
WDR27_HUMAN	8	385	0
WDR33_HUMAN	150	112	0
WDR34_HUMAN	59	221	0
WDR35_HUMAN	37	257	0
WDR36_HUMAN	214	105	0
WDR37_HUMAN	79	125	0
WDR3_HUMAN	170	109	0
WDR41_HUMAN	131	103	0
WDR43_HUMAN	130	117	0
WDR44_HUMAN	108	103	0
WDR46_HUMAN	192	114	0
WDR47_HUMAN	43	186	0
WDR48_HUMAN	165	82	0
WDR49_HUMAN	3	3894	0
WDR4_HUMAN	88	145	0
WDR52_HUMAN,CFA44_HUMAN	17	556	0
WDR53_HUMAN	27	558	0
WDR54_HUMAN	50	248	0
WDR55_HUMAN	63	182	0
WDR59_HUMAN	112	112	0
WDR5B_HUMAN	55	205	0
WDR5_HUMAN	1083	23	0
WDR60_HUMAN	47	205	0
WDR61_HUMAN	164	87	0
WDR62_HUMAN	117	120	0
WDR63_HUMAN	4	2813	0
WDR64_HUMAN	16	460	0
WDR65_HUMAN,CFA57_HUMAN	10	359	0
WDR66_HUMAN	9	349	0
WDR67_HUMAN,TBC31_HUMAN	50	291	0
WDR69_HUMAN,DAW1_HUMAN	12	770	0
WDR6_HUMAN	337	49	0
WDR70_HUMAN	80	154	0
WDR72_HUMAN	7	853	0
WDR73_HUMAN	33	475	0
WDR74_HUMAN	126	142	0
WDR75_HUMAN	113	128	0
WDR76_HUMAN	371	57	0
WDR78_HUMAN	2	1806	0
WDR7_HUMAN	54	144	0
WDR81_HUMAN	53	185	0
WDR82_HUMAN	208	92	0
WDR83_HUMAN	203	137	0
WDR85_HUMAN,DPH7_HUMAN	17	320	0
WDR86_HUMAN	25	428	0
WDR87_HUMAN	24	265	0
WDR88_HUMAN	4	929	0
WDR89_HUMAN	33	271	0
WDR90_HUMAN	36	237	0
WDR91_HUMAN	40	146	0
WDR92_HUMAN	125	150	0
WDR93_HUMAN	1	6074	0
WDR96_HUMAN	1	6033	0
WDTC1_HUMAN	171	82	0
WEE1_HUMAN	97	134	0
WF10A_HUMAN	2	5163	0
WF10B_HUMAN	2	2509	0
WFD11_HUMAN	18	677	0
WFD12_HUMAN	8	662	0
WFD13_HUMAN	2	2931	0
WFDC1_HUMAN	12	830	0
WFDC2_HUMAN	32	378	0
WFDC3_HUMAN	3	5539	0
WFDC5_HUMAN	13	531	0
WFDC6_HUMAN	11	789	0
WFDC8_HUMAN	3	3537	0
WFDC9_HUMAN	5	2406	0
WFKN1_HUMAN	14	926	0
WFKN2_HUMAN	11	2811	0
WFS1_HUMAN	129	87	0
WHAL1_HUMAN	119	300	0
WHAMM_HUMAN	10	639	0
WHRN_HUMAN	23	502	0
WIBG_HUMAN,PYM1_HUMAN	206	114	0
WIF1_HUMAN	149	135	0
WIPF1_HUMAN	46	216	0
WIPF2_HUMAN	41	231	0
WIPF3_HUMAN	14	430	0
WIPI1_HUMAN	48	314	0
WIPI2_HUMAN	101	105	0
WIPI3_HUMAN	64	243	0
WIPI4_HUMAN	49	197	0
WISP1_HUMAN	4	2009	0
WISP2_HUMAN	12	1552	0
WISP3_HUMAN	28	345	0
WIT1_HUMAN	12	773	0
WIZ_HUMAN	220	81	0
WLS_HUMAN	143	141	0
WN10A_HUMAN	37	369	0
WN10B_HUMAN	49	338	0
WNK1_HUMAN	145	64	0
WNK2_HUMAN	42	184	0
WNK3_HUMAN	56	201	0
WNK4_HUMAN	22	326	0
WNT11_HUMAN	30	386	0
WNT16_HUMAN	29	610	0
WNT1_HUMAN	10	1803	0
WNT2B_HUMAN	24	269	0
WNT2_HUMAN	17	642	0
WNT3A_HUMAN	48	391	0
WNT3_HUMAN	8	1900	0
WNT4_HUMAN	41	226	0
WNT5A_HUMAN	68	279	0
WNT5B_HUMAN	5	2267	0
WNT6_HUMAN	10	2000	0
WNT7A_HUMAN	42	326	0
WNT7B_HUMAN	10	407	0
WNT8A_HUMAN	8	1025	0
WNT8B_HUMAN	6	2368	0
WNT9A_HUMAN	46	556	0
WNT9B_HUMAN	9	1002	0
WRB_HUMAN	67	245	0
WRIP1_HUMAN	160	92	0
WRN_HUMAN	102	136	0
WRP73_HUMAN	170	132	0
WSB1_HUMAN	26	305	0
WSB2_HUMAN	86	177	0
WSCD2_HUMAN	1	3515	0
WSDU1_HUMAN	3	760	0
WT1_HUMAN	74	153	0
WTIP_HUMAN	17	478	0
WWC2_HUMAN	34	241	0
WWC3_HUMAN	24	247	0
WWOX_HUMAN	618	39	0
WWP1_HUMAN	253	74	0
WWP2_HUMAN	807	33	0
WWTR1_HUMAN	405	55	0
X3CL1_HUMAN	81	289	0
XAF1_HUMAN	39	259	0
XBP1_HUMAN	49	212	0
XCL1_HUMAN	9	811	0
XCL2_HUMAN	3	5434	0
XCR1_HUMAN	2	2620	0
XCT_HUMAN	227	100	0
XDH_HUMAN	22	365	0
XIAP_HUMAN	215	65	0
XIRP1_HUMAN	17	473	0
XIRP2_HUMAN	46	189	0
XKR2_HUMAN	10	663	0
XKR3_HUMAN	3	7440	0
XKR4_HUMAN	10	875	0
XKR5_HUMAN	1	2264	0
XKR6_HUMAN	7	974	0
XKR7_HUMAN	1	1581	0
XKR8_HUMAN	6	1314	0
XKRY2_HUMAN	2	2003	0
XK_HUMAN	11	683	0
XLRS1_HUMAN	4	4852	0
XP32_HUMAN	64	145	0
XPA_HUMAN	88	137	0
XPC_HUMAN	227	104	0
XPF_HUMAN	86	147	0
XPO1_HUMAN	1494	21	0
XPO2_HUMAN	334	47	0
XPO4_HUMAN	114	101	0
XPO5_HUMAN	256	51	0
XPO6_HUMAN	96	110	0
XPO7_HUMAN	1120	23	0
XPOT_HUMAN	253	51	0
XPP1_HUMAN	130	116	0
XPP2_HUMAN	3	2444	0
XPP3_HUMAN	116	91	0
XPR1_HUMAN	220	84	0
XRCC1_HUMAN	181	88	0
XRCC2_HUMAN	23	519	0
XRCC3_HUMAN	179	102	0
XRCC4_HUMAN	122	129	0
XRCC5_HUMAN	538	37	0
XRCC6_HUMAN	938	28	0
XRN1_HUMAN	254	72	0
XRN2_HUMAN	352	52	0
XRP2_HUMAN	120	128	0
XRRA1_HUMAN	9	457	0
XXLT1_HUMAN	82	105	0
XYLB_HUMAN	12	429	0
XYLK_HUMAN	78	423	0
XYLT1_HUMAN	13	521	0
XYLT2_HUMAN	55	250	0
YA047_HUMAN	59	697	0
YAED1_HUMAN	32	337	0
YAF2_HUMAN	216	73	0
YAP1_HUMAN	1083	18	0
YB017_HUMAN	3	1751	0
YB020_HUMAN	1	875	0
YB044_HUMAN	1	1346	0
YBEY_HUMAN	98	225	0
YBOX1_HUMAN	794	30	0
YBOX2_HUMAN	267	126	0
YD286_HUMAN	1	2490	0
YDJC_HUMAN	5	1280	0
YE013_HUMAN	7	546	0
YE019_HUMAN	24	382	0
YES_HUMAN	408	41	0
YETS2_HUMAN	182	88	0
YETS4_HUMAN	184	107	0
YG015_HUMAN	3	1267	0
YG023_HUMAN	3	2168	0
YIF1A_HUMAN	133	136	0
YIF1B_HUMAN	103	123	0
YIPF1_HUMAN	57	352	0
YIPF2_HUMAN	44	343	0
YIPF3_HUMAN	207	85	0
YIPF4_HUMAN	79	250	0
YIPF5_HUMAN	138	97	0
YIPF6_HUMAN	138	156	0
YJEN3_HUMAN	10	557	0
YK021_HUMAN	24	259	0
YKT6_HUMAN	242	68	0
YL023_HUMAN	1	2204	0
YLAT1_HUMAN	22	777	0
YLAT2_HUMAN	80	174	0
YLPM1_HUMAN	175	82	0
YMEL1_HUMAN	204	73	0
YPEL1_HUMAN	8	839	0
YPEL2_HUMAN	5	840	0
YPEL3_HUMAN	127	228	0
YPEL5_HUMAN	91	144	0
YQ023_HUMAN	5	1330	0
YRDC_HUMAN	23	321	0
YS020_HUMAN	2	3043	0
YS038_HUMAN	1	3659	0
YSK4_HUMAN,M3K19_HUMAN	6	880	0
YTDC1_HUMAN	390	63	0
YTDC2_HUMAN	231	101	0
YTHD1_HUMAN	450	42	0
YTHD2_HUMAN	463	54	0
YTHD3_HUMAN	249	77	0
YYAP1_HUMAN	61	210	0
YYY4_HUMAN	5	865	0
Z280A_HUMAN	13	857	0
Z280B_HUMAN	6	735	0
Z280C_HUMAN	60	153	0
Z280D_HUMAN	22	477	0
Z285A_HUMAN	2	5223	0
Z286A_HUMAN	29	378	0
Z322A_HUMAN	2	1316	0
Z324A_HUMAN	46	261	0
Z324B_HUMAN	88	262	0
Z354A_HUMAN	39	358	0
Z354B_HUMAN	4	550	0
Z354C_HUMAN	33	309	0
Z385A_HUMAN	19	243	0
Z385B_HUMAN	4	805	0
Z385C_HUMAN	29	580	0
Z385D_HUMAN	1	3343	0
Z397O_HUMAN	14	889	0
Z3H7A_HUMAN	207	94	0
Z3H7B_HUMAN	57	153	0
Z512B_HUMAN	203	88	0
Z518A_HUMAN	53	210	0
Z518B_HUMAN	20	596	0
Z585A_HUMAN	4	658	0
Z585B_HUMAN	6	1049	0
Z587B_HUMAN	4	1302	0
Z658B_HUMAN	3	1961	0
Z705A_HUMAN	1	2723	0
Z705D_HUMAN	1	9792	0
Z705G_HUMAN	1	2723	0
Z780A_HUMAN	22	321	0
Z780B_HUMAN	2	3518	0
Z804A_HUMAN	9	395	0
Z804B_HUMAN	3	1900	0
Z816A_HUMAN	15	555	0
ZA2G_HUMAN	185	77	0
ZACN_HUMAN	97	269	0
ZADH2_HUMAN	36	222	0
ZAN_HUMAN	2	4345	0
ZAP70_HUMAN	60	184	0
ZAR1L_HUMAN	25	810	0
ZAR1_HUMAN	2	4726	0
ZBBX_HUMAN	30	569	0
ZBED1_HUMAN	92	181	0
ZBED2_HUMAN	5	677	0
ZBED3_HUMAN	12	341	0
ZBED4_HUMAN	35	176	0
ZBED5_HUMAN	11	474	0
ZBED6_HUMAN	8	525	0
ZBP1_HUMAN	42	316	0
ZBT10_HUMAN	155	125	0
ZBT11_HUMAN	119	168	0
ZBT12_HUMAN	10	667	0
ZBT16_HUMAN	180	102	0
ZBT17_HUMAN	49	187	0
ZBT20_HUMAN	40	212	0
ZBT22_HUMAN	22	293	0
ZBT24_HUMAN	152	180	0
ZBT25_HUMAN	44	240	0
ZBT26_HUMAN	36	358	0
ZBT32_HUMAN	55	446	0
ZBT34_HUMAN	36	423	0
ZBT37_HUMAN	7	669	0
ZBT38_HUMAN	150	136	0
ZBT39_HUMAN	33	288	0
ZBT40_HUMAN	25	449	0
ZBT41_HUMAN	13	428	0
ZBT42_HUMAN	66	219	0
ZBT43_HUMAN	46	235	0
ZBT44_HUMAN	69	241	0
ZBT45_HUMAN	7	1492	0
ZBT46_HUMAN	30	251	0
ZBT47_HUMAN	144	218	0
ZBT48_HUMAN	139	179	0
ZBT49_HUMAN	28	251	0
ZBT7A_HUMAN	142	98	0
ZBT7B_HUMAN	55	172	0
ZBT7C_HUMAN	16	743	0
ZBT8A_HUMAN	83	196	0
ZBT8B_HUMAN	30	468	0
ZBTB1_HUMAN	144	120	0
ZBTB2_HUMAN	455	63	0
ZBTB3_HUMAN	58	266	0
ZBTB4_HUMAN	38	289	0
ZBTB5_HUMAN	58	226	0
ZBTB6_HUMAN	14	746	0
ZBTB9_HUMAN	119	167	0
ZC11A_HUMAN	221	76	0
ZC12A_HUMAN	41	232	0
ZC12B_HUMAN	4	1799	0
ZC12C_HUMAN	8	531	0
ZC12D_HUMAN	2	2087	0
ZC21A_HUMAN	28	299	0
ZC21B_HUMAN	26	443	0
ZC21C_HUMAN	97	214	0
ZC3H1_HUMAN	196	93	0
ZC3H3_HUMAN	227	139	0
ZC3H4_HUMAN	178	81	0
ZC3H6_HUMAN	11	440	0
ZC3H8_HUMAN	88	198	0
ZC3HA_HUMAN	195	189	0
ZC3HD_HUMAN	171	87	0
ZC3HE_HUMAN	184	93	0
ZC3HF_HUMAN	122	121	0
ZC4H2_HUMAN	46	314	0
ZCCHL_HUMAN	43	227	0
ZCCHV_HUMAN	617	39	0
ZCH10_HUMAN	253	130	0
ZCH12_HUMAN	36	298	0
ZCH13_HUMAN	6	1605	0
ZCH14_HUMAN	33	253	0
ZCH16_HUMAN	3	938	0
ZCH18_HUMAN	907	27	0
ZCH24_HUMAN	10	491	0
ZCHC2_HUMAN	25	252	0
ZCHC3_HUMAN	181	111	0
ZCHC4_HUMAN	9	336	0
ZCHC7_HUMAN	71	195	0
ZCHC8_HUMAN	153	110	0
ZCHC9_HUMAN	78	203	0
ZCPW1_HUMAN	11	682	0
ZCPW2_HUMAN	4	2502	0
ZCRB1_HUMAN	150	167	0
ZDBF2_HUMAN	67	158	0
ZDH11_HUMAN	76	286	0
ZDH12_HUMAN	125	299	0
ZDH13_HUMAN	62	197	0
ZDH14_HUMAN	7	525	0
ZDH15_HUMAN	126	196	0
ZDH16_HUMAN	8	1246	0
ZDH17_HUMAN	281	77	0
ZDH18_HUMAN	73	184	0
ZDH19_HUMAN	42	480	0
ZDH20_HUMAN	37	380	0
ZDH21_HUMAN	26	506	0
ZDH22_HUMAN	18	1145	0
ZDH23_HUMAN	71	184	0
ZDH24_HUMAN	19	515	0
ZDHC1_HUMAN	22	906	0
ZDHC2_HUMAN	7	1911	0
ZDHC3_HUMAN	16	568	0
ZDHC4_HUMAN	8	1836	0
ZDHC5_HUMAN	572	46	0
ZDHC6_HUMAN	61	222	0
ZDHC7_HUMAN	19	436	0
ZDHC8_HUMAN	36	345	0
ZDHC9_HUMAN	61	662	0
ZEB1_HUMAN	189	75	0
ZEB2_HUMAN	99	134	0
ZEP1_HUMAN	186	90	0
ZEP2_HUMAN	34	241	0
ZEP3_HUMAN	27	235	0
ZER1_HUMAN	86	173	0
ZF106_HUMAN	83	153	0
ZF112_HUMAN,ZN112_HUMAN	9	738	0
ZF161_HUMAN,ZBT14_HUMAN	81	143	0
ZF64A_HUMAN	48	172	0
ZF64B_HUMAN	23	459	0
ZFAN1_HUMAN	14	282	0
ZFAN3_HUMAN	16	425	0
ZFAN4_HUMAN	6	1361	0
ZFAN5_HUMAN	26	295	0
ZFAN6_HUMAN	21	414	0
ZFAT_HUMAN	8	607	0
ZFHX2_HUMAN	9	690	0
ZFHX3_HUMAN	109	108	0
ZFHX4_HUMAN	74	285	0
ZFN2A_HUMAN	25	393	0
ZFN2B_HUMAN	43	228	0
ZFP14_HUMAN	23	280	0
ZFP1_HUMAN	61	208	0
ZFP28_HUMAN	6	1089	0
ZFP2_HUMAN	15	768	0
ZFP30_HUMAN	13	426	0
ZFP37_HUMAN	5	699	0
ZFP3_HUMAN	4	2758	0
ZFP41_HUMAN	55	253	0
ZFP42_HUMAN	17	323	0
ZFP57_HUMAN	28	323	0
ZFP62_HUMAN	68	351	0
ZFP82_HUMAN	12	358	0
ZFP90_HUMAN	34	323	0
ZFP91_HUMAN	143	92	0
ZFP92_HUMAN	2	576	0
ZFPL1_HUMAN	456	41	0
ZFR2_HUMAN	3	1106	0
ZFR_HUMAN	269	76	0
ZFX_HUMAN	19	272	0
ZFY16_HUMAN	102	106	0
ZFY19_HUMAN,ANCHR_HUMAN	55	210	0
ZFY21_HUMAN	79	97	0
ZFY26_HUMAN	69	199	0
ZFY27_HUMAN	74	166	0
ZFYV1_HUMAN	58	214	0
ZFYV9_HUMAN	109	106	0
ZFY_HUMAN	11	921	0
ZG16B_HUMAN	160	103	0
ZG16_HUMAN	12	772	0
ZGPAT_HUMAN	187	110	0
ZH11B_HUMAN	1	9272	0
ZHANG_HUMAN	37	196	0
ZHX1R_HUMAN	25	774	0
ZHX1_HUMAN	97	159	0
ZHX2_HUMAN	74	160	0
ZHX3_HUMAN	47	204	0
ZIC1_HUMAN	123	217	0
ZIC2_HUMAN	40	282	0
ZIC3_HUMAN	20	588	0
ZIC4_HUMAN	3	1492	0
ZIC5_HUMAN	4	926	0
ZIK1_HUMAN	5	2033	0
ZIM2_HUMAN	53	331	0
ZIM3_HUMAN	15	691	0
ZKSC1_HUMAN	78	133	0
ZKSC2_HUMAN	10	568	0
ZKSC3_HUMAN	39	277	0
ZKSC4_HUMAN	101	212	0
ZKSC5_HUMAN	21	504	0
ZMAT1_HUMAN	28	380	0
ZMAT2_HUMAN	117	138	0
ZMAT3_HUMAN	27	338	0
ZMAT4_HUMAN	30	382	0
ZMAT5_HUMAN	50	396	0
ZMIZ1_HUMAN	48	174	0
ZMIZ2_HUMAN	62	167	0
ZMY10_HUMAN	19	1013	0
ZMY11_HUMAN	105	135	0
ZMY12_HUMAN	82	361	0
ZMY17_HUMAN	22	758	0
ZMY19_HUMAN	124	180	0
ZMYM1_HUMAN	86	141	0
ZMYM2_HUMAN	282	70	0
ZMYM3_HUMAN	146	87	0
ZMYM4_HUMAN	179	80	0
ZMYM5_HUMAN	36	305	0
ZMYM6_HUMAN	92	137	0
ZMYNB_HUMAN	17	733	0
ZN100_HUMAN	19	374	0
ZN101_HUMAN	33	463	0
ZN107_HUMAN	32	302	0
ZN114_HUMAN	20	346	0
ZN117_HUMAN	1	2555	0
ZN121_HUMAN	51	302	0
ZN124_HUMAN	59	217	0
ZN131_HUMAN	123	140	0
ZN132_HUMAN	3	1255	0
ZN133_HUMAN	29	314	0
ZN134_HUMAN	3	2961	0
ZN135_HUMAN	11	871	0
ZN136_HUMAN	36	281	0
ZN137_HUMAN	2	3985	0
ZN138_HUMAN	25	480	0
ZN140_HUMAN	9	549	0
ZN141_HUMAN	5	579	0
ZN142_HUMAN	20	279	0
ZN143_HUMAN	61	172	0
ZN148_HUMAN	137	92	0
ZN154_HUMAN	28	768	0
ZN155_HUMAN	9	866	0
ZN157_HUMAN	9	1024	0
ZN160_HUMAN	11	368	0
ZN165_HUMAN	48	382	0
ZN167_HUMAN,ZKSC7_HUMAN	19	553	0
ZN169_HUMAN	53	369	0
ZN174_HUMAN	68	319	0
ZN175_HUMAN	13	836	0
ZN177_HUMAN	20	353	0
ZN180_HUMAN	19	408	0
ZN181_HUMAN	10	434	0
ZN182_HUMAN	4	767	0
ZN184_HUMAN	69	234	0
ZN185_HUMAN	67	146	0
ZN187_HUMAN,ZSC26_HUMAN	60	220	0
ZN189_HUMAN	51	225	0
ZN192_HUMAN,ZKSC8_HUMAN	135	174	0
ZN193_HUMAN,ZSC9_HUMAN	20	1159	0
ZN195_HUMAN	59	262	0
ZN197_HUMAN	20	493	0
ZN200_HUMAN	12	404	0
ZN202_HUMAN	31	597	0
ZN205_HUMAN	21	303	0
ZN207_HUMAN	110	108	0
ZN208_HUMAN	2	1693	0
ZN211_HUMAN	31	381	0
ZN212_HUMAN	48	362	0
ZN213_HUMAN	38	308	0
ZN214_HUMAN	15	1137	0
ZN215_HUMAN	30	282	0
ZN217_HUMAN	93	122	0
ZN219_HUMAN	80	192	0
ZN221_HUMAN	10	434	0
ZN222_HUMAN	9	841	0
ZN223_HUMAN	37	459	0
ZN224_HUMAN	22	453	0
ZN225_HUMAN	7	657	0
ZN226_HUMAN	14	407	0
ZN227_HUMAN	21	293	0
ZN229_HUMAN	5	660	0
ZN230_HUMAN	10	731	0
ZN232_HUMAN	54	337	0
ZN233_HUMAN	3	867	0
ZN234_HUMAN	8	403	0
ZN235_HUMAN	12	758	0
ZN236_HUMAN	11	388	0
ZN238_HUMAN,ZBT18_HUMAN	264	59	0
ZN239_HUMAN	13	383	0
ZN248_HUMAN	26	299	0
ZN250_HUMAN	131	121	0
ZN251_HUMAN	22	484	0
ZN253_HUMAN	9	929	0
ZN254_HUMAN	11	583	0
ZN256_HUMAN	4	843	0
ZN257_HUMAN	5	958	0
ZN260_HUMAN	16	658	0
ZN263_HUMAN	147	133	0
ZN264_HUMAN	39	210	0
ZN266_HUMAN	14	1098	0
ZN267_HUMAN	25	291	0
ZN268_HUMAN	11	557	0
ZN273_HUMAN	20	440	0
ZN274_HUMAN	24	388	0
ZN275_HUMAN	23	390	0
ZN276_HUMAN	46	229	0
ZN277_HUMAN	25	303	0
ZN281_HUMAN	192	100	0
ZN282_HUMAN	28	352	0
ZN283_HUMAN	17	428	0
ZN284_HUMAN	13	790	0
ZN285_HUMAN	3	2837	0
ZN287_HUMAN	18	663	0
ZN292_HUMAN	64	160	0
ZN295_HUMAN,ZBT21_HUMAN	172	117	0
ZN296_HUMAN	29	512	0
ZN300_HUMAN	6	594	0
ZN302_HUMAN	27	280	0
ZN304_HUMAN	23	344	0
ZN311_HUMAN	9	783	0
ZN316_HUMAN	66	188	0
ZN317_HUMAN	64	239	0
ZN318_HUMAN	140	101	0
ZN319_HUMAN	24	340	0
ZN320_HUMAN	41	331	0
ZN321_HUMAN	8	1769	0
ZN323_HUMAN,ZSC31_HUMAN	19	779	0
ZN326_HUMAN	235	77	0
ZN329_HUMAN	32	240	0
ZN330_HUMAN	437	75	0
ZN331_HUMAN	69	265	0
ZN333_HUMAN	28	377	0
ZN334_HUMAN	2	2152	0
ZN335_HUMAN	42	245	0
ZN337_HUMAN	24	357	0
ZN33A_HUMAN	10	456	0
ZN33B_HUMAN	8	484	0
ZN341_HUMAN	23	369	0
ZN343_HUMAN	25	629	0
ZN345_HUMAN	7	925	0
ZN346_HUMAN	345	100	0
ZN350_HUMAN	22	326	0
ZN358_HUMAN	17	693	0
ZN362_HUMAN	41	210	0
ZN363_HUMAN	321	68	0
ZN365_HUMAN	14	678	0
ZN366_HUMAN	10	685	0
ZN367_HUMAN	2	902	0
ZN37A_HUMAN	3	648	0
ZN382_HUMAN	8	1019	0
ZN383_HUMAN	19	394	0
ZN384_HUMAN	77	148	0
ZN391_HUMAN	7	1465	0
ZN394_HUMAN	12	1167	0
ZN395_HUMAN	20	339	0
ZN396_HUMAN	24	994	0
ZN397_HUMAN	70	348	0
ZN398_HUMAN	47	202	0
ZN404_HUMAN	1	4989	0
ZN407_HUMAN	15	394	0
ZN408_HUMAN	142	122	0
ZN410_HUMAN	65	275	0
ZN414_HUMAN	120	198	0
ZN415_HUMAN	5	1362	0
ZN416_HUMAN	19	440	0
ZN417_HUMAN	187	130	0
ZN418_HUMAN	22	706	0
ZN419_HUMAN	15	371	0
ZN420_HUMAN	32	291	0
ZN423_HUMAN	44	258	0
ZN425_HUMAN	1	9809	0
ZN426_HUMAN	58	233	0
ZN428_HUMAN	33	280	0
ZN430_HUMAN	30	375	0
ZN431_HUMAN	23	361	0
ZN432_HUMAN	8	564	0
ZN433_HUMAN	9	1817	0
ZN434_HUMAN,ZSC32_HUMAN	46	345	0
ZN436_HUMAN	20	452	0
ZN438_HUMAN	71	207	0
ZN439_HUMAN	27	735	0
ZN440_HUMAN	37	392	0
ZN441_HUMAN	11	772	0
ZN442_HUMAN	5	586	0
ZN443_HUMAN	3	1320	0
ZN444_HUMAN	109	139	0
ZN445_HUMAN	64	218	0
ZN446_HUMAN	100	211	0
ZN449_HUMAN	9	882	0
ZN451_HUMAN	90	119	0
ZN454_HUMAN	4	1619	0
ZN460_HUMAN	144	134	0
ZN461_HUMAN	7	450	0
ZN462_HUMAN	69	177	0
ZN467_HUMAN	176	245	0
ZN468_HUMAN	6	671	0
ZN469_HUMAN	12	386	0
ZN470_HUMAN	3	1139	0
ZN471_HUMAN	12	895	0
ZN473_HUMAN	26	376	0
ZN474_HUMAN	42	543	0
ZN479_HUMAN	14	671	0
ZN480_HUMAN	19	406	0
ZN483_HUMAN	66	202	0
ZN484_HUMAN	16	408	0
ZN485_HUMAN	29	344	0
ZN486_HUMAN	1	1699	0
ZN487_HUMAN	2	2112	0
ZN488_HUMAN	21	378	0
ZN490_HUMAN	49	225	0
ZN491_HUMAN	21	1135	0
ZN492_HUMAN	11	999	0
ZN493_HUMAN	5	1259	0
ZN496_HUMAN	58	349	0
ZN497_HUMAN	42	298	0
ZN498_HUMAN,ZSC25_HUMAN	73	259	0
ZN500_HUMAN	9	797	0
ZN501_HUMAN	7	1544	0
ZN502_HUMAN	3	1541	0
ZN503_HUMAN	62	237	0
ZN506_HUMAN	3	1467	0
ZN507_HUMAN	52	197	0
ZN510_HUMAN	23	452	0
ZN511_HUMAN	34	367	0
ZN512_HUMAN	252	98	0
ZN513_HUMAN	6	2066	0
ZN514_HUMAN	22	451	0
ZN516_HUMAN	65	177	0
ZN517_HUMAN	27	539	0
ZN519_HUMAN	1	18238	0
ZN521_HUMAN	40	274	0
ZN524_HUMAN	54	354	0
ZN525_HUMAN	3	1114	0
ZN526_HUMAN	86	204	0
ZN527_HUMAN	4	616	0
ZN528_HUMAN	4	483	0
ZN529_HUMAN	6	459	0
ZN530_HUMAN	2	2055	0
ZN532_HUMAN	28	217	0
ZN534_HUMAN	8	981	0
ZN536_HUMAN	66	185	0
ZN540_HUMAN	4	1542	0
ZN541_HUMAN	7	512	0
ZN543_HUMAN	27	274	0
ZN544_HUMAN	16	300	0
ZN546_HUMAN	27	294	0
ZN547_HUMAN	15	1284	0
ZN548_HUMAN	7	971	0
ZN549_HUMAN	10	411	0
ZN550_HUMAN	66	327	0
ZN551_HUMAN	2	1364	0
ZN552_HUMAN	39	285	0
ZN554_HUMAN	11	535	0
ZN555_HUMAN	11	415	0
ZN556_HUMAN	14	417	0
ZN557_HUMAN	29	342	0
ZN558_HUMAN	25	340	0
ZN559_HUMAN	12	1175	0
ZN561_HUMAN	20	252	0
ZN562_HUMAN	18	382	0
ZN563_HUMAN	11	932	0
ZN564_HUMAN	44	267	0
ZN565_HUMAN	10	460	0
ZN566_HUMAN	25	332	0
ZN567_HUMAN	16	311	0
ZN568_HUMAN	10	435	0
ZN569_HUMAN	10	327	0
ZN570_HUMAN	3	1886	0
ZN571_HUMAN	8	491	0
ZN572_HUMAN	60	484	0
ZN573_HUMAN	6	308	0
ZN574_HUMAN	210	103	0
ZN575_HUMAN	25	417	0
ZN576_HUMAN	30	571	0
ZN577_HUMAN	27	410	0
ZN578_HUMAN	31	317	0
ZN579_HUMAN	70	267	0
ZN580_HUMAN	30	388	0
ZN581_HUMAN	106	154	0
ZN582_HUMAN	4	759	0
ZN583_HUMAN	3	589	0
ZN584_HUMAN	11	487	0
ZN586_HUMAN	5	965	0
ZN587_HUMAN	134	196	0
ZN589_HUMAN	11	424	0
ZN592_HUMAN	87	135	0
ZN593_HUMAN	68	193	0
ZN594_HUMAN	7	1265	0
ZN595_HUMAN	4	528	0
ZN596_HUMAN	2	3318	0
ZN597_HUMAN	26	551	0
ZN598_HUMAN	435	38	0
ZN599_HUMAN	9	675	0
ZN600_HUMAN	4	1163	0
ZN605_HUMAN	2	1904	0
ZN606_HUMAN	11	759	0
ZN607_HUMAN	11	845	0
ZN608_HUMAN	91	207	0
ZN609_HUMAN	152	121	0
ZN610_HUMAN	6	1412	0
ZN611_HUMAN	17	353	0
ZN613_HUMAN	7	609	0
ZN614_HUMAN	27	262	0
ZN615_HUMAN	7	424	0
ZN616_HUMAN	14	517	0
ZN618_HUMAN	36	190	0
ZN619_HUMAN	2	1917	0
ZN620_HUMAN	81	228	0
ZN621_HUMAN	8	1016	0
ZN622_HUMAN	164	98	0
ZN623_HUMAN	11	426	0
ZN624_HUMAN	40	342	0
ZN625_HUMAN	13	546	0
ZN626_HUMAN	3	1441	0
ZN627_HUMAN	37	312	0
ZN628_HUMAN	20	288	0
ZN629_HUMAN	130	127	0
ZN630_HUMAN	1	7660	0
ZN638_HUMAN	271	66	0
ZN639_HUMAN	29	402	0
ZN641_HUMAN	22	615	0
ZN642_HUMAN,ZFP69_HUMAN	1	4841	0
ZN643_HUMAN,ZF69B_HUMAN	13	412	0
ZN644_HUMAN	183	121	0
ZN645_HUMAN	18	507	0
ZN646_HUMAN	41	210	0
ZN648_HUMAN	63	250	0
ZN649_HUMAN	13	465	0
ZN652_HUMAN	13	374	0
ZN653_HUMAN	52	384	0
ZN654_HUMAN	2	2313	0
ZN655_HUMAN	182	119	0
ZN658_HUMAN	8	444	0
ZN660_HUMAN	7	749	0
ZN662_HUMAN	9	1273	0
ZN664_HUMAN	31	253	0
ZN665_HUMAN	3	1331	0
ZN667_HUMAN	8	450	0
ZN668_HUMAN	225	133	0
ZN669_HUMAN	53	316	0
ZN670_HUMAN	25	517	0
ZN671_HUMAN	4	1261	0
ZN672_HUMAN	9	895	0
ZN673_HUMAN,KRBX4_HUMAN	19	437	0
ZN674_HUMAN	8	586	0
ZN675_HUMAN	14	403	0
ZN676_HUMAN	1	6902	0
ZN677_HUMAN	27	610	0
ZN678_HUMAN	3	727	0
ZN679_HUMAN	7	778	0
ZN680_HUMAN	5	888	0
ZN681_HUMAN	1	1699	0
ZN682_HUMAN	3	684	0
ZN683_HUMAN	6	3516	0
ZN684_HUMAN	11	674	0
ZN687_HUMAN	121	99	0
ZN688_HUMAN	114	208	0
ZN689_HUMAN	73	305	0
ZN691_HUMAN	28	282	0
ZN692_HUMAN	60	392	0
ZN695_HUMAN	32	345	0
ZN696_HUMAN	68	296	0
ZN697_HUMAN	16	421	0
ZN699_HUMAN	12	540	0
ZN701_HUMAN	7	1131	0
ZN702_HUMAN	2	1170	0
ZN703_HUMAN	105	136	0
ZN704_HUMAN	24	411	0
ZN706_HUMAN	9	410	0
ZN707_HUMAN	77	272	0
ZN708_HUMAN	20	507	0
ZN709_HUMAN	12	1455	0
ZN710_HUMAN	4	2097	0
ZN711_HUMAN	38	240	0
ZN713_HUMAN	4	779	0
ZN714_HUMAN	16	342	0
ZN716_HUMAN	3	2633	0
ZN717_HUMAN	3	1920	0
ZN718_HUMAN	15	472	0
ZN720_HUMAN	4	607	0
ZN721_HUMAN	9	506	0
ZN726_HUMAN	11	813	0
ZN727_HUMAN	3	953	0
ZN729_HUMAN	19	537	0
ZN730_HUMAN	4	1360	0
ZN732_HUMAN	3	1609	0
ZN735_HUMAN	1	2793	0
ZN736_HUMAN	15	622	0
ZN737_HUMAN	3	1319	0
ZN738_HUMAN	4	1316	0
ZN740_HUMAN	28	198	0
ZN746_HUMAN	325	72	0
ZN747_HUMAN	41	277	0
ZN749_HUMAN	7	794	0
ZN750_HUMAN	27	306	0
ZN75A_HUMAN	7	1410	0
ZN75D_HUMAN	6	924	0
ZN761_HUMAN	8	512	0
ZN763_HUMAN	9	859	0
ZN764_HUMAN	100	163	0
ZN765_HUMAN	42	260	0
ZN766_HUMAN	9	466	0
ZN767_HUMAN	15	477	0
ZN768_HUMAN	138	125	0
ZN770_HUMAN	96	241	0
ZN771_HUMAN	68	205	0
ZN772_HUMAN	20	270	0
ZN773_HUMAN	13	373	0
ZN774_HUMAN	81	251	0
ZN775_HUMAN	25	359	0
ZN776_HUMAN	17	428	0
ZN777_HUMAN	97	220	0
ZN778_HUMAN	10	492	0
ZN781_HUMAN	2	2251	0
ZN782_HUMAN	38	486	0
ZN783_HUMAN	11	895	0
ZN784_HUMAN	34	347	0
ZN785_HUMAN	110	219	0
ZN786_HUMAN	20	524	0
ZN787_HUMAN	42	172	0
ZN788_HUMAN	1	3121	0
ZN789_HUMAN	4	879	0
ZN790_HUMAN	4	4130	0
ZN791_HUMAN	22	509	0
ZN792_HUMAN	57	218	0
ZN793_HUMAN	22	310	0
ZN799_HUMAN	5	964	0
ZN800_HUMAN	47	196	0
ZN805_HUMAN	7	315	0
ZN806_HUMAN	2	2550	0
ZN808_HUMAN	14	325	0
ZN813_HUMAN	15	558	0
ZN816_HUMAN	14	884	0
ZN821_HUMAN	15	1083	0
ZN823_HUMAN	6	787	0
ZN826_HUMAN	2	902	0
ZN827_HUMAN	32	286	0
ZN829_HUMAN	21	312	0
ZN830_HUMAN	60	203	0
ZN831_HUMAN	8	390	0
ZN835_HUMAN	69	420	0
ZN836_HUMAN	5	1596	0
ZN837_HUMAN	79	280	0
ZN839_HUMAN	8	353	0
ZN840_HUMAN	1	2171	0
ZN841_HUMAN	4	1056	0
ZN843_HUMAN	16	1143	0
ZN844_HUMAN	13	905	0
ZN845_HUMAN	30	303	0
ZN846_HUMAN	16	603	0
ZN850_HUMAN	4	1334	0
ZN860_HUMAN	4	1323	0
ZN862_HUMAN	6	824	0
ZN865_HUMAN	51	299	0
ZN878_HUMAN	2	2440	0
ZN879_HUMAN	1	6488	0
ZN883_HUMAN	1	13102	0
ZNF10_HUMAN	12	676	0
ZNF12_HUMAN	20	277	0
ZNF14_HUMAN	7	446	0
ZNF16_HUMAN	65	169	0
ZNF17_HUMAN	36	274	0
ZNF18_HUMAN	15	911	0
ZNF19_HUMAN	24	742	0
ZNF20_HUMAN	56	353	0
ZNF22_HUMAN	114	187	0
ZNF23_HUMAN	27	571	0
ZNF24_HUMAN	174	113	0
ZNF25_HUMAN	6	524	0
ZNF26_HUMAN	13	655	0
ZNF28_HUMAN	10	332	0
ZNF2_HUMAN	91	269	0
ZNF30_HUMAN	7	562	0
ZNF32_HUMAN	16	1058	0
ZNF34_HUMAN	51	364	0
ZNF35_HUMAN	42	254	0
ZNF3_HUMAN	52	251	0
ZNF41_HUMAN	9	683	0
ZNF43_HUMAN	3	2086	0
ZNF44_HUMAN	18	474	0
ZNF45_HUMAN	23	377	0
ZNF48_HUMAN	147	172	0
ZNF57_HUMAN	21	338	0
ZNF66_HUMAN	7	744	0
ZNF69_HUMAN	17	471	0
ZNF70_HUMAN	33	392	0
ZNF71_HUMAN	78	307	0
ZNF74_HUMAN	55	269	0
ZNF76_HUMAN	102	183	0
ZNF77_HUMAN	21	369	0
ZNF79_HUMAN	31	243	0
ZNF7_HUMAN	29	310	0
ZNF80_HUMAN	11	1497	0
ZNF81_HUMAN	5	710	0
ZNF83_HUMAN	13	494	0
ZNF84_HUMAN	11	356	0
ZNF85_HUMAN	7	949	0
ZNF8_HUMAN	66	181	0
ZNF90_HUMAN	7	778	0
ZNF91_HUMAN	18	318	0
ZNF92_HUMAN	56	274	0
ZNF93_HUMAN	11	561	0
ZNF98_HUMAN	1	1699	0
ZNF99_HUMAN	5	1278	0
ZNFX1_HUMAN	70	137	0
ZNHI1_HUMAN	56	234	0
ZNHI2_HUMAN	93	190	0
ZNHI3_HUMAN	50	239	0
ZNRF1_HUMAN	32	330	0
ZNRF2_HUMAN	45	288	0
ZNRF3_HUMAN	36	253	0
ZNRF4_HUMAN	110	190	0
ZNT10_HUMAN	181	131	0
ZNT1_HUMAN	211	79	0
ZNT2_HUMAN	170	190	0
ZNT3_HUMAN	78	214	0
ZNT4_HUMAN	266	97	0
ZNT5_HUMAN	302	82	0
ZNT6_HUMAN	186	84	0
ZNT7_HUMAN	410	51	0
ZNT8_HUMAN	213	87	0
ZNT9_HUMAN	170	106	0
ZO1_HUMAN	330	44	0
ZO2_HUMAN	308	47	0
ZO3_HUMAN	17	395	0
ZP1_HUMAN	3	11910	0
ZP2_HUMAN	19	608	0
ZP3_HUMAN	26	394	0
ZP4_HUMAN	12	1001	0
ZPBP1_HUMAN	3	2283	0
ZPBP2_HUMAN	20	685	0
ZPI_HUMAN	23	555	0
ZPLD1_HUMAN	11	1526	0
ZPR1_HUMAN	85	168	0
ZRAB2_HUMAN	202	65	0
ZRAB3_HUMAN	35	226	0
ZRAN1_HUMAN	4130	10	0
ZSA5A_HUMAN	56	246	0
ZSA5B_HUMAN	5	1866	0
ZSC10_HUMAN	4	2186	0
ZSC12_HUMAN	62	286	0
ZSC16_HUMAN	12	1391	0
ZSC18_HUMAN	56	228	0
ZSC20_HUMAN	65	290	0
ZSC21_HUMAN	103	176	0
ZSC22_HUMAN	33	821	0
ZSC23_HUMAN	38	609	0
ZSC29_HUMAN	26	305	0
ZSC30_HUMAN	14	1340	0
ZSCA1_HUMAN	54	423	0
ZSCA2_HUMAN	8	486	0
ZSCA4_HUMAN	15	991	0
ZSWM1_HUMAN	4	596	0
ZSWM2_HUMAN	9	1401	0
ZSWM3_HUMAN	4	906	0
ZSWM4_HUMAN	3	852	0
ZSWM5_HUMAN	5	689	0
ZSWM6_HUMAN	11	523	0
ZSWM7_HUMAN	16	352	0
ZUFSP_HUMAN	171	114	0
ZW10_HUMAN	158	88	0
ZWILC_HUMAN	37	258	0
ZWINT_HUMAN	141	117	0
ZXDA_HUMAN	15	412	0
ZXDB_HUMAN	20	444	0
ZXDC_HUMAN	35	258	0
ZY11A_HUMAN	21	753	0
ZY11B_HUMAN	106	131	0
ZYX_HUMAN	346	47	0
ZZEF1_HUMAN	147	103	0
ZZZ3_HUMAN	6	1969	0
