protein	degree	n_eligible	excluded
1	33	0	1
10	23	0	1
100	36	0	1
1000	113	0	1
10000	69	0	1
100008588	3	1550	0
100008589	3	1550	0
100009675	1	3557	0
10001	95	0	1
10002	19	0	1
10003	11	1155	0
100033411	17	0	1
100033413	2	1288	0
100033416	1	1949	0
100033417	1	1949	0
100033418	1	1949	0
100033420	1	1949	0
100033430	1	2317	0
100033432	1	1914	0
100033433	1	2317	0
100033435	1	2317	0
100033821	1	2317	0
100034743	1	1400	0
100037417	17	0	1
10004	3	1868	0
100048912	4	973	0
10005	54	0	1
10006	202	0	1
10007	58	0	1
10008	294	0	1
10009	126	0	1
100093630	2	1437	0
1001	20	0	1
10010	209	0	1
100101267	98	0	1
100101467	14	663	0
100101490	1	2395	0
100101629	8	946	0
10011	70	0	1
100113381	1	2811	0
100113393	1	2053	0
100124516	1	3015	0
100124533	1	3596	0
100124541	1	3872	0
100124700	10	386	0
100125556	2	2146	0
100126270	1	3712	0
100126299	1	2053	0
100126314	1	3015	0
100126346	1	3015	0
100126595	1	5159	0
100126693	1	3479	0
100127889	2	3115	0
100127983	1	3613	0
100128025	1	2053	0
100128071	1	3861	0
100128140	1	2053	0
100128236	1	3007	0
100128252	4	2374	0
100128274	3	1926	0
100128327	12	1093	0
100128338	1	3861	0
100128378	1	4840	0
100128400	1	3996	0
100128429	1	2824	0
100128503	1	2443	0
100128525	39	0	1
100128553	2	4639	0
100128554	7	1548	0
100128569	2	1228	0
100128588	2	2173	0
100128688	1	3861	0
100128731	107	0	1
100128881	1	4210	0
100128927	66	0	1
100129118	2	4092	0
100129195	1	3861	0
100129196	1	3861	0
100129239	1	3688	0
100129271	53	0	1
100129278	5	1004	0
100129387	2	2133	0
100129405	1	2053	0
100129480	1	2053	0
100129482	1	2107	0
100129492	1	1626	0
100129543	2	2362	0
100129583	3	1569	0
100129654	4	2446	0
100129669	1	1237	0
100129696	1	4751	0
100129777	1	4760	0
100129792	5	775	0
100129794	20	0	1
100129842	2	1658	0
100129845	1	3861	0
100129858	1	3861	0
100129917	1	4942	0
100129924	1	4886	0
100129969	1	2936	0
100129982	1	2913	0
10013	915	0	1
100130075	1	5577	0
100130086	9	1192	0
100130097	1	2951	0
100130238	1	1949	0
100130302	2	977	0
100130348	14	1072	0
100130417	2	1425	0
100130418	1	1949	0
100130449	1	2107	0
100130557	2	2147	0
100130561	3	1477	0
100130562	1	2053	0
100130581	1	3015	0
100130613	4	1246	0
100130691	1	1949	0
100130717	1	3015	0
100130733	3	1901	0
100130742	1	4970	0
100130827	13	800	0
100130863	1	2751	0
100130889	1	2107	0
100130892	10	480	0
100130932	30	0	1
100130958	36	0	1
100130967	1	3850	0
100130988	3	2160	0
100131017	46	0	1
100131067	1	3861	0
100131196	1	2913	0
100131211	3	1216	0
100131234	1	6769	0
100131294	1	3448	0
100131303	9	1118	0
100131390	3	2448	0
100131439	2	2527	0
100131551	1	5955	0
100131561	1	3596	0
100131608	1	6226	0
100131689	1	5217	0
100131713	3	1266	0
100131755	14	366	0
100131816	3	1576	0
100131827	2	2849	0
100131863	2	1806	0
100131897	1	3602	0
100131971	6	548	0
100131980	2	1315	0
100131997	12	538	0
100132015	1	2951	0
100132053	1	2752	0
100132057	1	4177	0
100132074	17	0	1
100132103	1	2386	0
100132116	1	4387	0
100132163	1	3002	0
100132247	3	1555	0
100132285	36	0	1
100132288	4	1978	0
100132403	2	2457	0
100132406	3	1486	0
100132417	1	6825	0
100132476	14	992	0
100132565	20	0	1
100132594	1	2053	0
100132735	88	0	1
100132774	1	2107	0
100132795	1	2913	0
100132803	1	3861	0
100132832	1	1914	0
100132979	5	1111	0
100132992	1	3923	0
100133053	1	3688	0
100133091	3	1037	0
100133093	18	0	1
100133161	1	5391	0
100133205	15	477	0
100133251	1	6226	0
100133311	1	3015	0
100133315	1	2107	0
100133669	2	1508	0
100133941	5	1134	0
100133991	1	5391	0
100134444	3	2329	0
100134869	1	2053	0
100134934	5	1421	0
100134938	37	0	1
100137047	20	0	1
100137049	8	841	0
10014	358	0	1
100141515	1	3015	0
100142659	6	1370	0
100144435	1	5627	0
100144748	1	3861	0
100144878	3	1967	0
100147744	1	2053	0
10015	227	0	1
100151683	12	469	0
100151684	13	345	0
10016	194	0	1
100169751	1	2053	0
100169753	1	2053	0
100169754	1	2053	0
100169755	1	2053	0
100169756	1	2053	0
100169757	1	2053	0
100169758	2	1452	0
100169759	1	2053	0
100169760	1	2053	0
100169761	1	2053	0
100169762	1	2053	0
100169763	1	2053	0
100169764	1	2053	0
100169766	1	2053	0
100169767	1	2053	0
100169768	1	2053	0
10017	18	0	1
100170217	2	2280	0
100170229	2	906	0
100170765	2	3660	0
100170841	28	0	1
10018	68	0	1
100187907	1	6011	0
100188776	1	6386	0
100188893	40	0	1
100188953	1	3015	0
100189137	1	4819	0
10019	19	0	1
100190986	1	2107	0
100191040	1	3015	0
1002	11	462	0
10020	99	0	1
10021	4	2847	0
10022	56	0	1
10023	17	0	1
100233209	1	3225	0
10024	54	0	1
10025	104	0	1
10026	76	0	1
100271066	2	1404	0
100271357	1	4082	0
100271715	4	1048	0
100271836	2	1223	0
100271849	8	864	0
100271873	1	4648	0
100271927	4	448	0
100272147	5	785	0
100272216	1	2038	0
100272228	1	2107	0
100287015	1	4942	0
100287042	3	1180	0
100287045	1	5499	0
100287082	1	2053	0
100287171	86	0	1
100287205	1	3850	0
100287226	1	4440	0
100287284	1	4299	0
100287314	7	903	0
100287327	1	2470	0
100287362	1	6663	0
100287364	2	2132	0
100287399	5	2264	0
100287482	1	4434	0
100287513	1	6958	0
100287559	1	2053	0
100287569	1	2523	0
100287616	1	5391	0
100287765	1	1914	0
100287898	2	877	0
100287922	1	1914	0
100287932	71	0	1
100288069	1	1914	0
100288072	3	2061	0
100288142	2	1752	0
100288413	10	583	0
100288540	1	4424	0
100288615	1	1914	0
100288637	1	2107	0
100288687	212	0	1
100288695	11	985	0
100288711	42	0	1
100288778	10	666	0
100288797	68	0	1
100288805	1	2038	0
100289087	3	2697	0
100289178	1	2107	0
100289187	1	5819	0
100289211	38	0	1
100289274	1	3861	0
100289290	1	6394	0
100289511	1	3015	0
100289574	1	4950	0
100289635	2	1811	0
100289678	10	911	0
100293516	7	575	0
100293534	1	4451	0
100294362	1	3015	0
1003	96	0	1
100302090	21	0	1
100302123	1	3015	0
100302138	2	2265	0
100302143	1	2053	0
100302168	1	4171	0
100302213	1	4171	0
100302242	1	4782	0
100302246	1	3015	0
100302256	1	3645	0
100302258	1	5334	0
100302650	1	3015	0
100302652	1	3276	0
100302692	3	693	0
100302736	10	252	0
100303453	1	2053	0
100303728	2	1623	0
100307126	2	2101	0
100310785	3	2308	0
100310812	4	2275	0
100313824	1	2053	0
100316868	2	2174	0
100316904	28	0	1
100359396	1	2053	0
10036	189	0	1
100379666	1	3015	0
10038	113	0	1
100380873	2	1496	0
100381270	6	740	0
10039	16	0	1
1004	2	2033	0
10040	79	0	1
100418781	1	2053	0
100418811	1	2053	0
100418861	1	3861	0
100418910	1	2053	0
100419743	1	2799	0
100419906	2	2545	0
10042	112	0	1
100420300	1	2053	0
100421113	1	2053	0
100421816	1	3861	0
100421865	1	2053	0
100422854	1	3015	0
100423008	1	3645	0
100423062	127	0	1
10043	99	0	1
10044	166	0	1
10045	72	0	1
10046	6	627	0
100462977	10	565	0
100463486	2	1223	0
10047	44	0	1
10048	427	0	1
10049	368	0	1
100499177	1	5391	0
100499227	16	0	1
100499467	2	2241	0
100499483	30	0	1
1005	3	1708	0
10050	1	2663	0
100500804	1	4582	0
100500812	1	3015	0
100500815	1	2053	0
100500842	4	867	0
100500862	1	2053	0
100500938	3	2841	0
100505385	1	3015	0
100505478	3	3039	0
100505498	1	4356	0
100505540	1	2253	0
100505573	1	4281	0
100505616	1	3225	0
100505624	1	2053	0
100505636	1	3861	0
100505641	1	5391	0
100505666	1	2107	0
100505696	1	4942	0
100505705	1	5213	0
100505715	1	2537	0
100505724	1	2663	0
100505741	30	0	1
100505746	1	2537	0
100505753	1	2386	0
100505776	1	4950	0
100505817	10	524	0
100505852	1	2954	0
100505876	3	1427	0
100505879	1	6734	0
100505929	1	3806	0
100505994	16	0	1
100506012	4	1573	0
100506020	1	2053	0
100506055	1	5837	0
100506085	1	5391	0
100506127	2	870	0
100506144	16	0	1
100506164	20	0	1
100506175	1	2537	0
100506190	2	1801	0
100506311	3	1084	0
100506334	1	3861	0
100506421	1	3861	0
100506422	2	1664	0
100506436	3	1789	0
100506465	3	2267	0
100506495	1	3645	0
100506548	1	3015	0
100506562	1	5688	0
100506564	1	2704	0
100506627	11	621	0
100506637	1	3861	0
100506649	1	2053	0
100506658	489	0	1
100506688	1	5057	0
100506696	1	2470	0
100506736	3	1200	0
100506742	16	0	1
100506753	18	0	1
100506757	1	5472	0
100506797	1	3547	0
100506810	1	2537	0
100506866	1	4942	0
100506888	2	2921	0
100506898	2	2932	0
100506906	1	2053	0
100506990	1	2107	0
100507003	1	2887	0
100507032	1	3861	0
100507056	65	0	1
100507062	1	3861	0
100507098	1	2672	0
100507118	1	2053	0
100507178	1	2107	0
100507203	1	5867	0
100507290	48	0	1
100507303	1	2053	0
100507321	4	933	0
100507373	1	2107	0
100507398	1	2053	0
100507419	1	5391	0
100507421	3	1390	0
100507423	1	2053	0
100507436	92	0	1
100507459	1	5391	0
100507462	5	2513	0
100507495	1	2107	0
100507533	2	2379	0
100507537	47	0	1
100507547	1	2537	0
100507577	1	6547	0
100507584	2	1808	0
100507602	2	3077	0
100507617	1	2053	0
100507642	1	2537	0
100507679	1	1370	0
100507703	18	0	1
100507739	5	1395	0
100507855	1	5423	0
100508120	1	1914	0
100508781	1	5499	0
100509457	4	2810	0
10051	271	0	1
10052	38	0	1
100526693	34	0	1
100526737	96	0	1
100526739	4	1461	0
100526740	74	0	1
100526760	4	598	0
100526767	2	2554	0
100526783	2	1580	0
100526832	1	4818	0
100526835	1	5244	0
100526836	6	1543	0
100526837	4	548	0
100526842	9	308	0
100527943	3	874	0
100527960	1	2053	0
100527963	15	373	0
100528007	1	4658	0
100528016	1	2053	0
100528018	1	906	0
100528019	20	0	1
100528030	2	875	0
100528062	2	2118	0
100528064	51	0	1
100529063	9	402	0
100529067	1	1949	0
100529097	7	377	0
100529141	1	1626	0
100529144	15	270	0
100529209	3	997	0
100529215	17	0	1
100529239	10	278	0
100529241	10	240	0
100529257	4	638	0
100529261	6	496	0
100529264	2	1058	0
10053	57	0	1
100532726	2	2839	0
100532731	29	0	1
100532735	5	588	0
100532736	13	417	0
100532737	9	326	0
100532746	2	1058	0
100533106	25	0	1
100533107	2	1724	0
100533178	1	2296	0
100533181	34	0	1
100533183	1	2107	0
100533467	10	384	0
100533496	1	1914	0
100533952	1	2053	0
100533955	4	351	0
100533970	1	2053	0
100533975	1	1914	0
100534012	1	6329	0
100534589	2	1058	0
100534593	3	449	0
100534595	7	267	0
100534599	35	0	1
10054	163	0	1
10055	132	0	1
10056	158	0	1
10057	48	0	1
10058	70	0	1
10059	321	0	1
1006	21	0	1
10060	4	1475	0
10061	191	0	1
100616101	1	5735	0
100616103	2	2156	0
100616191	1	2443	0
100616202	1	3015	0
100616368	1	3645	0
100616385	1	3645	0
100616436	1	2053	0
10062	51	0	1
10063	64	0	1
100630923	1	2107	0
100631383	2	3850	0
100652730	1	1914	0
100652748	23	0	1
100652772	1	4942	0
100652824	5	1200	0
100652909	1	2537	0
100653515	4	1354	0
10066	128	0	1
10067	188	0	1
10068	1	6649	0
10069	32	0	1
1007	5	764	0
10071	4	1352	0
10072	40	0	1
10073	39	0	1
10075	1060	0	1
100750225	14	472	0
100750247	3	2051	0
10076	107	0	1
10078	107	0	1
10079	76	0	1
1008	6	732	0
10081	47	0	1
10082	33	0	1
100820829	1	5809	0
10083	28	0	1
10084	96	0	1
100846978	1	2537	0
100847046	1	3015	0
100847079	1	5359	0
10085	33	0	1
100852407	1	2053	0
10086	2	1911	0
100861402	1	2053	0
100861412	5	1047	0
100861437	6	1240	0
100862678	1	3257	0
100862685	2	3085	0
100862847	1	2663	0
10087	53	0	1
100873291	1	3015	0
100873308	1	2053	0
100873334	1	3015	0
100873374	1	3015	0
100873385	1	3015	0
100873387	1	3015	0
100873412	1	2053	0
100873427	1	2053	0
100873453	1	2053	0
100873463	1	2053	0
100873513	1	2053	0
100873557	1	2053	0
100873612	1	2053	0
100873618	1	3015	0
100873697	1	3015	0
100873815	1	2053	0
100873832	1	2053	0
100873861	1	2053	0
100874042	1	2053	0
100874054	2	3417	0
100874088	1	2537	0
100874112	1	2537	0
100874261	1	2053	0
100874303	1	2053	0
100874315	1	3861	0
100874323	1	2053	0
100874365	1	2637	0
100874392	1	2840	0
100885848	2	3719	0
100885850	22	0	1
100887067	1	2053	0
10089	4	1090	0
1009	12	579	0
10090	38	0	1
10092	102	0	1
10093	153	0	1
10094	172	0	1
10095	209	0	1
10096	293	0	1
10097	306	0	1
10098	79	0	1
10099	99	0	1
100996279	2	3408	0
100996437	1	3861	0
100996648	3	2939	0
100996747	1	5345	0
100996928	17	0	1
100996939	7	1771	0
101	4	1556	0
1010	14	684	0
10100	68	0	1
10101	166	0	1
10102	368	0	1
10103	17	0	1
10105	147	0	1
101059918	7	964	0
10106	61	0	1
101060022	2	3456	0
101060200	3	820	0
101060226	232	0	1
101060264	3	924	0
101060301	5	776	0
101060321	8	410	0
101060351	2	1277	0
101060521	9	1236	0
101060621	1	5499	0
101060684	5	623	0
101060691	1	5391	0
10107	46	0	1
10109	176	0	1
10110	30	0	1
10111	366	0	1
10112	1053	0	1
10113	162	0	1
10114	36	0	1
10116	85	0	1
10117	3	1489	0
1012	42	0	1
10120	109	0	1
10121	261	0	1
10123	134	0	1
10124	16	0	1
101241878	1	3007	0
10125	9	827	0
10126	37	0	1
10127	144	0	1
10128	821	0	1
10129	12	339	0
101290500	1	2944	0
1013	13	532	0
10130	311	0	1
10131	452	0	1
10133	420	0	1
10134	548	0	1
10135	119	0	1
10136	33	0	1
10137	112	0	1
10138	200	0	1
10139	25	0	1
1014	26	0	1
10140	40	0	1
10141	24	0	1
101410536	1	2537	0
10142	203	0	1
10143	51	0	1
10144	29	0	1
10146	823	0	1
10147	206	0	1
10148	14	479	0
10149	11	919	0
1015	6	1440	0
10150	28	0	1
10151	2	2738	0
10152	282	0	1
10153	244	0	1
10154	13	602	0
10155	1455	0	1
10156	5	649	0
10157	72	0	1
10158	77	0	1
10159	305	0	1
1016	4	1197	0
10160	132	0	1
10161	66	0	1
10162	74	0	1
10163	133	0	1
10164	5	1761	0
10165	251	0	1
10166	64	0	1
10168	20	0	1
10169	85	0	1
1017	761	0	1
10170	21	0	1
10171	108	0	1
10172	3	1291	0
101730217	1	906	0
101735302	1	3861	0
10174	181	0	1
10175	33	0	1
10178	22	0	1
10179	122	0	1
1018	104	0	1
10180	124	0	1
101805492	1	3825	0
10181	134	0	1
10184	22	0	1
10186	6	1801	0
10188	117	0	1
10189	391	0	1
1019	265	0	1
10190	122	0	1
101926888	1	2053	0
101926895	1	2053	0
101926987	1	2053	0
101927057	1	2537	0
101927314	1	2537	0
101927359	1	3861	0
101927501	1	2537	0
101927581	1	4854	0
101927588	1	2537	0
101927777	1	3921	0
101927957	1	1914	0
101928094	1	1914	0
101928108	1	1370	0
101928122	1	4359	0
101928154	1	2386	0
101928243	6	752	0
101928279	1	1914	0
101928405	1	3851	0
101928464	1	3015	0
101928492	1	2053	0
101928509	1	2537	0
101928555	1	4757	0
101928601	36	0	1
101928687	2	2003	0
101928728	1	1914	0
101928841	1	1914	0
101928877	1	2537	0
101929110	1	3015	0
101929145	1	2053	0
101929222	1	2053	0
101929344	2	2329	0
101929639	1	2053	0
101929664	1	2053	0
101929701	1	2537	0
101929709	1	2537	0
101929745	1	2537	0
101929780	1	2053	0
101929876	66	0	1
101929977	1	5760	0
10193	146	0	1
101930047	1	5498	0
101930123	1	5180	0
101930400	7	1109	0
10194	17	0	1
10195	40	0	1
101954266	1	2053	0
101954269	1	2053	0
101954273	1	2053	0
101954276	1	2053	0
101954277	1	2053	0
101954278	1	2053	0
10196	123	0	1
10197	387	0	1
10198	95	0	1
10199	171	0	1
102	88	0	1
1020	196	0	1
10200	68	0	1
10201	16	0	1
10202	93	0	1
10203	4	2705	0
10204	98	0	1
10205	17	0	1
10206	146	0	1
10207	81	0	1
10208	34	0	1
10209	32	0	1
1021	206	0	1
10210	90	0	1
10211	466	0	1
10212	1112	0	1
10213	512	0	1
10214	35	0	1
10215	18	0	1
102157401	3	1945	0
102157402	22	0	1
10216	9	470	0
10217	89	0	1
10218	23	0	1
10219	7	2012	0
1022	492	0	1
10220	45	0	1
10221	40	0	1
102216342	1	1914	0
10223	15	585	0
10224	3	1523	0
10225	15	483	0
10226	135	0	1
10227	17	0	1
10228	440	0	1
102288414	42	0	1
10229	23	0	1
10230	4	2136	0
10231	23	0	1
10232	46	0	1
10233	12	745	0
10234	20	0	1
10235	10	368	0
10236	533	0	1
10237	24	0	1
10238	320	0	1
10239	26	0	1
1024	214	0	1
10240	303	0	1
10241	484	0	1
10242	10	701	0
10243	72	0	1
10244	28	0	1
10245	42	0	1
10246	55	0	1
102464835	1	2053	0
102465464	1	2053	0
102466854	1	2053	0
10247	37	0	1
10248	65	0	1
10249	10	946	0
1025	661	0	1
10250	339	0	1
10251	28	0	1
10252	107	0	1
10253	146	0	1
10254	143	0	1
10256	42	0	1
10257	55	0	1
1026	347	0	1
10260	89	0	1
10261	8	722	0
10262	315	0	1
10263	47	0	1
10265	4	1508	0
102659353	2	1223	0
10266	75	0	1
10267	32	0	1
10268	172	0	1
10269	148	0	1
1027	129	0	1
10270	183	0	1
10272	4	782	0
102723099	6	712	0
102723170	5	685	0
102723508	1	1914	0
102723553	3	1857	0
102723555	2	2129	0
102723631	7	839	0
102723680	1	3850	0
102723729	1	4144	0
102723737	1	3850	0
102724023	12	512	0
102724159	8	562	0
102724307	1	2537	0
102724334	147	0	1
102724428	6	2070	0
102724473	1	6012	0
102724488	5	2686	0
102724539	1	3015	0
102724560	12	378	0
102724594	40	0	1
102724631	34	0	1
102724652	6	1538	0
102724776	1	2537	0
102724820	1	2053	0
102724827	1	1914	0
102725509	8	539	0
10273	592	0	1
10274	99	0	1
10276	32	0	1
10277	128	0	1
10278	35	0	1
10279	43	0	1
1028	35	0	1
10280	111	0	1
102800317	5	1783	0
10281	10	470	0
10282	385	0	1
10283	66	0	1
10284	481	0	1
10285	107	0	1
10286	254	0	1
10287	28	0	1
10288	7	1624	0
10289	54	0	1
1029	321	0	1
10290	19	0	1
10291	455	0	1
10293	73	0	1
10294	532	0	1
10295	136	0	1
10296	145	0	1
10297	15	260	0
10298	162	0	1
10299	49	0	1
103	285	0	1
1030	71	0	1
10300	58	0	1
10301	19	0	1
10302	45	0	1
10307	25	0	1
10308	12	295	0
10309	29	0	1
1031	90	0	1
10311	75	0	1
10312	69	0	1
10313	164	0	1
10314	116	0	1
10316	1	6339	0
10317	25	0	1
10318	1214	0	1
10319	40	0	1
1032	79	0	1
10320	284	0	1
10321	9	602	0
10322	32	0	1
10324	20	0	1
10325	52	0	1
10326	11	420	0
10327	60	0	1
10328	189	0	1
10329	19	0	1
1033	51	0	1
10330	51	0	1
10331	83	0	1
10332	15	525	0
10333	6	1284	0
103344929	74	0	1
10335	13	546	0
10336	92	0	1
10342	254	0	1
10343	8	320	0
10344	34	0	1
10345	75	0	1
10346	28	0	1
10347	20	0	1
10349	8	360	0
10350	8	621	0
103504728	1	2053	0
103504731	1	2053	0
10351	9	699	0
10352	29	0	1
10357	37	0	1
1036	14	581	0
10360	261	0	1
10361	12	487	0
10362	120	0	1
10363	236	0	1
10365	13	316	0
10367	77	0	1
10368	9	601	0
10369	26	0	1
10370	16	0	1
10371	9	386	0
10376	464	0	1
10379	38	0	1
1038	9	433	0
10380	92	0	1
10381	440	0	1
10382	223	0	1
10383	547	0	1
10384	25	0	1
10385	89	0	1
10388	5	1016	0
10389	77	0	1
1039	135	0	1
10390	66	0	1
10391	21	0	1
103910	123	0	1
10392	29	0	1
10393	66	0	1
10394	48	0	1
10395	58	0	1
10396	13	384	0
10397	216	0	1
10398	62	0	1
10399	660	0	1
104	489	0	1
1040	55	0	1
10400	39	0	1
10401	77	0	1
10402	24	0	1
10403	304	0	1
10404	20	0	1
10406	24	0	1
10407	2	2771	0
10409	297	0	1
1041	122	0	1
10410	511	0	1
10411	20	0	1
10412	222	0	1
10413	1083	0	1
10417	9	467	0
10418	23	0	1
10419	440	0	1
10420	95	0	1
10421	233	0	1
10422	114	0	1
10423	161	0	1
10424	272	0	1
10425	293	0	1
10426	216	0	1
104266957	1	5334	0
10427	202	0	1
10428	77	0	1
1043	6	885	0
10430	83	0	1
10432	533	0	1
104326058	1	2053	0
10434	65	0	1
10435	16	0	1
104355133	1	2053	0
104355295	1	1914	0
10436	92	0	1
10437	73	0	1
10438	53	0	1
10439	18	0	1
1044	74	0	1
10440	19	0	1
10443	75	0	1
10444	73	0	1
10445	228	0	1
10446	24	0	1
10447	116	0	1
10449	167	0	1
1045	28	0	1
10450	264	0	1
10451	48	0	1
10452	305	0	1
10454	246	0	1
10455	102	0	1
10456	393	0	1
10457	17	0	1
10458	185	0	1
10459	320	0	1
1046	9	851	0
10460	146	0	1
10461	116	0	1
10462	31	0	1
10463	149	0	1
10464	199	0	1
10465	118	0	1
10466	62	0	1
10467	53	0	1
10468	26	0	1
10469	241	0	1
1047	235	0	1
10471	161	0	1
10472	51	0	1
10473	100	0	1
10474	137	0	1
10475	46	0	1
10476	236	0	1
10477	125	0	1
10478	68	0	1
10479	45	0	1
1048	10	448	0
10480	178	0	1
10481	20	0	1
10482	1335	0	1
10483	180	0	1
10484	239	0	1
10485	4	1967	0
10486	62	0	1
10487	193	0	1
10488	235	0	1
10489	81	0	1
10490	182	0	1
10491	107	0	1
10492	686	0	1
10493	121	0	1
10494	100	0	1
10495	31	0	1
10497	48	0	1
10498	263	0	1
10499	120	0	1
105	16	0	1
1050	1171	0	1
10500	4	919	0
10501	41	0	1
10505	33	0	1
10507	28	0	1
10509	37	0	1
1051	1420	0	1
10512	50	0	1
10513	189	0	1
10514	428	0	1
10516	156	0	1
10517	135	0	1
10518	79	0	1
10519	64	0	1
1052	53	0	1
10520	20	0	1
10521	404	0	1
10522	42	0	1
10523	261	0	1
10524	319	0	1
10525	300	0	1
10526	190	0	1
10527	298	0	1
10528	562	0	1
10529	72	0	1
1053	49	0	1
10531	142	0	1
10533	189	0	1
10534	286	0	1
10535	75	0	1
10536	84	0	1
10537	49	0	1
10538	21	0	1
10539	189	0	1
1054	58	0	1
10540	318	0	1
10541	154	0	1
10542	146	0	1
10544	37	0	1
10548	48	0	1
10549	204	0	1
10550	189	0	1
10551	934	0	1
10552	99	0	1
10553	58	0	1
10554	258	0	1
10555	66	0	1
10556	107	0	1
10557	88	0	1
10558	151	0	1
10559	41	0	1
1056	2	4414	0
10560	68	0	1
10561	4	2041	0
10562	74	0	1
10563	8	921	0
10564	125	0	1
10565	144	0	1
10566	8	1127	0
10567	123	0	1
10568	47	0	1
10569	143	0	1
10570	61	0	1
10572	49	0	1
10573	243	0	1
10574	564	0	1
10575	504	0	1
10576	648	0	1
10577	49	0	1
10578	39	0	1
10579	72	0	1
1058	364	0	1
10580	82	0	1
10581	6	929	0
10584	20	0	1
10585	54	0	1
10586	141	0	1
10587	55	0	1
10588	13	287	0
10589	66	0	1
1059	120	0	1
10590	73	0	1
10591	15	250	0
10592	308	0	1
10594	756	0	1
10595	23	0	1
10597	34	0	1
10598	283	0	1
10599	14	746	0
1060	97	0	1
10600	77	0	1
10602	19	0	1
10603	41	0	1
10605	145	0	1
10606	330	0	1
10607	173	0	1
10608	10	389	0
10609	67	0	1
10610	2	2174	0
10611	196	0	1
10612	70	0	1
10613	149	0	1
10614	909	0	1
10615	177	0	1
10616	557	0	1
10617	96	0	1
10618	1580	0	1
1062	78	0	1
10620	111	0	1
10621	61	0	1
10622	33	0	1
10623	107	0	1
10625	150	0	1
10626	58	0	1
10627	195	0	1
10628	209	0	1
10629	112	0	1
1063	112	0	1
10630	16	0	1
10631	6	1540	0
10632	142	0	1
10633	6	1110	0
10634	42	0	1
10635	33	0	1
10636	23	0	1
10637	3	2240	0
10640	127	0	1
10641	89	0	1
10642	475	0	1
10643	562	0	1
10644	358	0	1
10645	66	0	1
10647	19	0	1
10648	131	0	1
10650	9	563	0
10651	153	0	1
10652	231	0	1
10653	134	0	1
10654	94	0	1
10655	3	2350	0
10656	91	0	1
10657	363	0	1
10658	282	0	1
10659	47	0	1
1066	15	368	0
10660	24	0	1
10661	35	0	1
10664	420	0	1
10665	3	2182	0
10666	52	0	1
10667	135	0	1
10668	101	0	1
10669	30	0	1
10670	60	0	1
10671	62	0	1
10672	126	0	1
10673	118	0	1
10675	32	0	1
10677	33	0	1
10678	510	0	1
1068	60	0	1
10681	45	0	1
10682	244	0	1
10683	7	532	0
10686	1	2253	0
10687	251	0	1
10688	1	5610	0
1069	127	0	1
10690	13	711	0
10691	37	0	1
10692	1	6786	0
10693	200	0	1
10694	533	0	1
10695	195	0	1
10699	5	2361	0
107	4	1170	0
1070	74	0	1
1071	3	1088	0
10712	119	0	1
10713	197	0	1
10714	87	0	1
10715	24	0	1
10716	112	0	1
10717	22	0	1
10718	2	1715	0
1072	370	0	1
10720	6	1169	0
10721	16	0	1
10723	129	0	1
10724	121	0	1
10725	37	0	1
10726	286	0	1
10728	429	0	1
107282092	1	4730	0
1073	117	0	1
10730	179	0	1
10732	2	1843	0
10733	134	0	1
10734	14	310	0
10735	227	0	1
10736	27	0	1
10738	19	0	1
10739	21	0	1
10741	9	291	0
10742	23	0	1
10743	97	0	1
10744	13	538	0
10745	17	0	1
10746	69	0	1
10747	10	307	0
10748	8	1298	0
10749	118	0	1
1075	45	0	1
10750	12	1001	0
10752	8	753	0
10753	3	1020	0
10755	106	0	1
10758	43	0	1
10761	23	0	1
10762	337	0	1
10763	136	0	1
10765	91	0	1
10766	18	0	1
10767	116	0	1
10768	375	0	1
10769	68	0	1
10771	93	0	1
10772	266	0	1
10773	11	693	0
10775	71	0	1
10776	19	0	1
10777	2	3079	0
10780	7	430	0
10781	14	1019	0
10782	16	0	1
10783	154	0	1
10785	88	0	1
10786	1	6010	0
10787	182	0	1
10788	113	0	1
10791	169	0	1
10793	20	0	1
10794	142	0	1
10795	11	414	0
10797	105	0	1
10799	47	0	1
108	11	652	0
1080	1472	0	1
10800	1	6760	0
10801	259	0	1
10802	186	0	1
10803	18	0	1
10804	15	996	0
10806	20	0	1
10807	187	0	1
10808	430	0	1
10809	15	237	0
1081	27	0	1
10810	52	0	1
10811	61	0	1
10813	223	0	1
10814	21	0	1
10815	42	0	1
10816	1	5431	0
10817	112	0	1
10818	92	0	1
1082	11	625	0
10825	19	0	1
10826	36	0	1
10827	83	0	1
10838	22	0	1
1084	4	2721	0
10840	37	0	1
10841	27	0	1
10842	3	1587	0
10844	168	0	1
10845	188	0	1
10846	5	644	0
10847	113	0	1
10848	88	0	1
10849	486	0	1
10850	3	3796	0
10855	42	0	1
10856	596	0	1
10857	367	0	1
10858	4	1861	0
10859	9	664	0
10861	5	1327	0
10863	5	814	0
10865	131	0	1
10866	1	2253	0
10867	7	294	0
10868	205	0	1
10869	144	0	1
1087	4	2077	0
10870	202	0	1
10871	14	1102	0
10873	4	698	0
10874	84	0	1
10875	15	688	0
10876	34	0	1
10877	2	2477	0
10878	5	1657	0
10879	21	0	1
1088	118	0	1
10880	2	1748	0
10881	4	570	0
10882	37	0	1
10884	200	0	1
10885	153	0	1
10886	4	965	0
10887	20	0	1
10888	2	3885	0
10890	178	0	1
10891	72	0	1
10892	66	0	1
10893	4	1309	0
10894	26	0	1
10896	30	0	1
10897	123	0	1
10898	87	0	1
10899	31	0	1
109	56	0	1
10900	62	0	1
10901	85	0	1
10902	140	0	1
10903	19	0	1
10904	21	0	1
10905	44	0	1
10906	60	0	1
10907	74	0	1
10908	99	0	1
10910	283	0	1
10911	12	293	0
10912	76	0	1
10913	60	0	1
10914	87	0	1
10915	201	0	1
10916	236	0	1
10917	31	0	1
10919	271	0	1
10920	110	0	1
10921	412	0	1
10922	25	0	1
10923	231	0	1
10924	2	2870	0
10926	28	0	1
10927	101	0	1
10928	167	0	1
10929	99	0	1
10930	2	3641	0
10933	213	0	1
10934	2	3264	0
10935	292	0	1
10938	148	0	1
10939	338	0	1
10940	269	0	1
10941	2	2740	0
10942	25	0	1
10943	27	0	1
10944	92	0	1
10945	93	0	1
10946	288	0	1
10947	27	0	1
10948	72	0	1
10949	344	0	1
10950	96	0	1
10951	264	0	1
10952	758	0	1
10953	112	0	1
10954	100	0	1
10955	18	0	1
10956	211	0	1
10957	20	0	1
10959	131	0	1
10960	101	0	1
10961	125	0	1
10962	42	0	1
10963	1012	0	1
10964	11	758	0
10965	110	0	1
10966	32	0	1
10969	314	0	1
10970	587	0	1
10971	1088	0	1
10972	242	0	1
10973	171	0	1
10974	10	714	0
10975	51	0	1
10978	64	0	1
10979	181	0	1
10980	390	0	1
10981	65	0	1
10982	122	0	1
10983	18	0	1
10984	2	3562	0
10985	339	0	1
10987	1079	0	1
10988	250	0	1
10989	442	0	1
10990	2	3357	0
10991	8	556	0
10992	506	0	1
10993	4	2333	0
10994	179	0	1
10998	5	1199	0
10999	111	0	1
11000	85	0	1
11001	112	0	1
11004	172	0	1
11005	14	435	0
11006	24	0	1
11007	165	0	1
11009	31	0	1
1101	3	2481	0
11010	18	0	1
11011	145	0	1
11012	32	0	1
11013	1	5610	0
11014	103	0	1
11015	48	0	1
11016	63	0	1
11017	167	0	1
11018	63	0	1
11019	15	665	0
1102	51	0	1
11020	43	0	1
11021	561	0	1
11022	76	0	1
11023	16	0	1
11024	1	6878	0
11025	10	861	0
11026	10	761	0
1103	8	416	0
11030	338	0	1
11031	44	0	1
11033	21	0	1
11034	176	0	1
11035	53	0	1
11036	19	0	1
11037	8	361	0
11039	1	2107	0
1104	194	0	1
11040	31	0	1
11041	111	0	1
11043	264	0	1
11044	12	244	0
11045	148	0	1
11046	1	2053	0
11047	255	0	1
1105	109	0	1
11051	355	0	1
11052	507	0	1
11054	46	0	1
11055	3	2418	0
11056	168	0	1
11057	3	992	0
11059	248	0	1
1106	61	0	1
11060	832	0	1
11061	7	827	0
11062	11	503	0
11063	18	0	1
11064	190	0	1
11065	88	0	1
11066	39	0	1
11067	7	1298	0
11068	30	0	1
11069	23	0	1
1107	759	0	1
11070	48	0	1
11072	174	0	1
11073	569	0	1
11074	454	0	1
11075	86	0	1
11076	37	0	1
11077	315	0	1
11078	121	0	1
11079	162	0	1
1108	910	0	1
11080	137	0	1
11081	15	642	0
11082	19	0	1
11083	174	0	1
11085	54	0	1
11086	1	5595	0
1109	7	1037	0
11091	1082	0	1
11092	20	0	1
11093	24	0	1
11094	21	0	1
11095	2	3632	0
11096	4	1013	0
11097	145	0	1
11098	52	0	1
11099	89	0	1
111	7	1195	0
11100	347	0	1
11101	78	0	1
11102	43	0	1
11103	378	0	1
11104	65	0	1
11105	13	483	0
11107	57	0	1
11108	21	0	1
1111	190	0	1
11112	88	0	1
11113	1410	0	1
11116	190	0	1
11117	102	0	1
11118	24	0	1
11119	22	0	1
1112	54	0	1
11120	61	0	1
11122	9	398	0
11123	17	0	1
11124	328	0	1
11126	47	0	1
11127	128	0	1
11128	151	0	1
11129	77	0	1
1113	13	327	0
11130	135	0	1
11131	10	364	0
11132	29	0	1
11133	57	0	1
11135	130	0	1
11136	4	1082	0
11137	167	0	1
11138	47	0	1
1114	37	0	1
11140	631	0	1
11141	6	1084	0
11142	11	463	0
11143	140	0	1
11144	27	0	1
11145	10	641	0
11146	172	0	1
11147	4	1434	0
11148	14	1052	0
11149	14	448	0
11151	101	0	1
11152	47	0	1
11153	6	483	0
11154	28	0	1
11155	12	405	0
11156	99	0	1
11157	86	0	1
11158	11	547	0
11159	27	0	1
1116	15	264	0
11160	232	0	1
11161	137	0	1
11162	18	0	1
11163	13	211	0
11164	68	0	1
11165	96	0	1
11166	10	511	0
11167	66	0	1
11168	199	0	1
11169	172	0	1
1117	9	904	0
11170	69	0	1
11171	255	0	1
11172	24	0	1
11173	55	0	1
11174	8	616	0
11176	73	0	1
11177	123	0	1
11178	117	0	1
11179	23	0	1
1118	11	664	0
11180	281	0	1
11181	1	6001	0
11182	6	632	0
11183	98	0	1
11184	115	0	1
11185	3	2723	0
11186	94	0	1
11187	134	0	1
11188	154	0	1
11189	11	761	0
1119	11	219	0
11190	283	0	1
11193	104	0	1
11194	58	0	1
11196	200	0	1
11197	144	0	1
11198	422	0	1
11199	8	446	0
112	50	0	1
1120	3	583	0
11200	218	0	1
11201	37	0	1
11202	34	0	1
1121	54	0	1
11211	63	0	1
11212	107	0	1
11213	32	0	1
11214	88	0	1
11215	102	0	1
11216	34	0	1
11217	58	0	1
11218	211	0	1
11219	52	0	1
1122	57	0	1
11221	68	0	1
11222	171	0	1
11223	1	4054	0
11224	500	0	1
11226	48	0	1
11227	19	0	1
11228	89	0	1
1123	27	0	1
11230	103	0	1
11231	339	0	1
11232	34	0	1
11234	35	0	1
11235	98	0	1
11236	41	0	1
11237	18	0	1
11238	7	814	0
112398	36	0	1
112399	1292	0	1
1124	25	0	1
11240	6	1092	0
112401	30	0	1
11243	96	0	1
11244	94	0	1
11245	2	3166	0
112464	70	0	1
11247	34	0	1
112476	21	0	1
112479	3	2957	0
11248	56	0	1
112483	15	449	0
112487	8	595	0
11249	31	0	1
112495	28	0	1
11250	299	0	1
11251	4	2587	0
11252	178	0	1
11253	61	0	1
11254	1	5886	0
11255	4	1920	0
11257	1	2253	0
112574	78	0	1
11258	121	0	1
11259	12	304	0
112597	13	478	0
11260	218	0	1
112609	76	0	1
11261	74	0	1
112611	8	817	0
112616	48	0	1
11262	7	862	0
11264	3	1606	0
11266	63	0	1
11267	71	0	1
11269	247	0	1
11270	69	0	1
112703	2	1619	0
112714	40	0	1
11272	53	0	1
112724	78	0	1
11273	271	0	1
11274	58	0	1
112744	30	0	1
11275	87	0	1
112752	23	0	1
112755	41	0	1
11276	73	0	1
11277	51	0	1
112770	83	0	1
11278	187	0	1
11279	326	0	1
1128	4	2484	0
11280	2	1452	0
112802	41	0	1
11281	147	0	1
112812	36	0	1
112817	23	0	1
11282	26	0	1
11283	7	1295	0
11284	131	0	1
112840	33	0	1
112849	34	0	1
11285	67	0	1
112858	85	0	1
112869	160	0	1
112885	18	0	1
1129	14	630	0
112936	81	0	1
112937	7	846	0
112939	88	0	1
112942	21	0	1
112950	98	0	1
112970	31	0	1
113	9	497	0
1130	49	0	1
113000	5	958	0
113026	117	0	1
11309	4	774	0
113091	1	6256	0
1131	76	0	1
11311	124	0	1
113115	44	0	1
11313	54	0	1
113130	139	0	1
11314	7	1224	0
113146	145	0	1
11315	341	0	1
113157	3	2055	0
11316	318	0	1
11317	9	499	0
113174	185	0	1
113177	1	5507	0
113178	31	0	1
113179	23	0	1
11318	454	0	1
113189	50	0	1
11319	116	0	1
1132	89	0	1
11320	1	6099	0
113201	41	0	1
11321	118	0	1
11322	30	0	1
113220	5	979	0
113230	3	1289	0
113235	5	1121	0
113246	41	0	1
11325	205	0	1
113251	210	0	1
11326	178	0	1
113263	23	0	1
113277	213	0	1
113278	1	3383	0
11328	70	0	1
11329	169	0	1
1133	37	0	1
11330	18	0	1
11331	526	0	1
11332	169	0	1
11333	101	0	1
11334	67	0	1
11335	611	0	1
11336	140	0	1
11337	127	0	1
11338	630	0	1
11339	214	0	1
1134	41	0	1
11340	183	0	1
113402	42	0	1
11341	5	2406	0
113419	2	2572	0
11342	69	0	1
11343	33	0	1
11344	92	0	1
113444	37	0	1
11345	163	0	1
113451	14	693	0
113452	27	0	1
113457	13	223	0
11346	179	0	1
113510	15	366	0
113540	3	1736	0
1136	34	0	1
113612	4	1097	0
113622	2	2244	0
113655	20	0	1
113675	7	416	0
1137	152	0	1
113730	26	0	1
113746	11	593	0
113763	13	662	0
113791	20	0	1
1138	52	0	1
113802	11	904	0
113828	35	0	1
113829	29	0	1
113835	4	968	0
113878	328	0	1
1139	26	0	1
114	14	1030	0
1140	28	0	1
114026	3	2205	0
114034	138	0	1
114043	1	3861	0
114044	2	3760	0
114049	50	0	1
114088	83	0	1
1141	101	0	1
114112	18	0	1
114131	19	0	1
114132	3	1971	0
114134	12	329	0
1142	6	1275	0
114294	190	0	1
114299	67	0	1
1143	67	0	1
114327	77	0	1
114335	3	2633	0
114336	16	0	1
1144	67	0	1
1145	29	0	1
114548	112	0	1
114569	53	0	1
114571	116	0	1
114599	2	1767	0
1146	22	0	1
114609	43	0	1
114625	25	0	1
114659	7	600	0
1147	206	0	1
114757	12	800	0
114769	7	832	0
114770	1	4723	0
114771	11	853	0
114780	22	0	1
114781	51	0	1
114783	96	0	1
114784	4	1193	0
114785	92	0	1
114786	7	1686	0
114787	89	0	1
114788	2	2903	0
114789	46	0	1
114790	82	0	1
114791	51	0	1
114792	11	517	0
114793	178	0	1
114794	23	0	1
114795	2	1763	0
114796	1	5109	0
114798	5	1313	0
114799	27	0	1
114800	64	0	1
114801	39	0	1
114803	50	0	1
114804	38	0	1
114805	15	772	0
114815	3	1706	0
114818	24	0	1
114819	1	3373	0
114821	15	454	0
114822	49	0	1
114823	160	0	1
114824	65	0	1
114825	74	0	1
114826	15	370	0
114827	13	461	0
114836	16	0	1
114876	36	0	1
114879	41	0	1
114880	74	0	1
114881	11	382	0
114882	270	0	1
114883	90	0	1
114884	53	0	1
114885	99	0	1
114897	46	0	1
114898	60	0	1
114899	9	640	0
1149	14	520	0
114900	5	1619	0
114902	3	2984	0
114904	9	702	0
114905	67	0	1
114907	249	0	1
114908	6	876	0
114915	1	2053	0
114926	5	1391	0
114928	123	0	1
114932	111	0	1
114960	3	3309	0
114971	185	0	1
114984	59	0	1
114990	160	0	1
114991	34	0	1
115	147	0	1
115004	328	0	1
115019	2	2985	0
115024	12	311	0
115098	115	0	1
115106	177	0	1
115123	47	0	1
115196	11	420	0
1152	258	0	1
115201	31	0	1
115207	102	0	1
115209	136	0	1
115265	156	0	1
115273	2	3408	0
115286	6	1558	0
115290	59	0	1
115294	21	0	1
1153	157	0	1
115330	2	4090	0
115350	2	3423	0
115352	13	529	0
115353	19	0	1
115361	1	5368	0
115362	16	0	1
115399	12	381	0
1154	31	0	1
115416	174	0	1
115426	128	0	1
1155	101	0	1
115509	73	0	1
115548	78	0	1
115557	30	0	1
115560	7	1232	0
115572	68	0	1
115584	6	593	0
115650	11	758	0
115653	29	0	1
115677	12	507	0
115701	24	0	1
115703	9	382	0
115704	59	0	1
115708	84	0	1
115727	9	779	0
115752	47	0	1
115761	43	0	1
115795	25	0	1
1158	48	0	1
115811	5	1325	0
115817	42	0	1
115825	32	0	1
115827	15	337	0
115861	4	1894	0
1159	72	0	1
115908	20	0	1
115939	47	0	1
115948	41	0	1
115950	51	0	1
115992	90	0	1
116	29	0	1
1160	52	0	1
116028	21	0	1
116039	8	645	0
116064	8	580	0
116068	13	558	0
116071	30	0	1
116085	4	1549	0
116092	94	0	1
1161	113	0	1
116113	97	0	1
116115	79	0	1
116135	13	999	0
116138	86	0	1
116143	119	0	1
116150	60	0	1
116151	97	0	1
116154	35	0	1
116159	7	1163	0
116173	237	0	1
116179	32	0	1
116211	39	0	1
116224	28	0	1
116225	116	0	1
116228	47	0	1
116236	25	0	1
116238	19	0	1
116254	82	0	1
116255	2	1756	0
116285	9	969	0
1163	96	0	1
116328	12	595	0
116337	2	2465	0
116349	6	1306	0
116362	11	1070	0
116369	2	2599	0
116372	56	0	1
116379	13	984	0
1164	47	0	1
116412	78	0	1
116437	1	5311	0
116441	46	0	1
116442	53	0	1
116443	7	744	0
116444	26	0	1
116447	31	0	1
116448	27	0	1
116449	29	0	1
116461	59	0	1
116496	23	0	1
116511	1	4877	0
116519	16	0	1
116535	1	906	0
116540	194	0	1
116541	58	0	1
116729	9	782	0
116832	4	1590	0
116833	2	1823	0
116835	65	0	1
116840	165	0	1
116841	149	0	1
116842	11	876	0
116843	7	859	0
116844	9	816	0
116931	45	0	1
116937	1	2053	0
116938	1	2053	0
116966	8	400	0
116969	50	0	1
116983	19	0	1
116984	33	0	1
116985	46	0	1
116986	21	0	1
116987	114	0	1
116988	75	0	1
117	2	3328	0
117143	56	0	1
117144	119	0	1
117145	83	0	1
117153	16	0	1
117154	11	840	0
117155	2	2301	0
117156	1	6849	0
117157	29	0	1
117159	207	0	1
117166	8	783	0
117177	112	0	1
117178	286	0	1
117195	2	1189	0
117196	5	2018	0
117245	7	1074	0
117246	394	0	1
117247	33	0	1
117248	18	0	1
117283	30	0	1
117285	3	3356	0
117286	65	0	1
117289	17	0	1
1173	414	0	1
1174	55	0	1
1175	104	0	1
117531	9	581	0
117532	1	3602	0
117579	3	3657	0
117581	17	0	1
117583	42	0	1
117584	84	0	1
1176	123	0	1
117608	3	955	0
117854	72	0	1
1179	4	1162	0
118	154	0	1
1180	12	408	0
1181	42	0	1
1182	50	0	1
1183	4	1140	0
1184	16	0	1
118424	38	0	1
118426	41	0	1
118427	15	484	0
118429	22	0	1
118430	29	0	1
118460	113	0	1
118461	11	578	0
118471	17	0	1
118472	34	0	1
118487	240	0	1
118490	24	0	1
118491	3	1172	0
1185	7	374	0
1186	135	0	1
118611	8	303	0
118663	2	3412	0
118672	4	2118	0
1187	23	0	1
118738	20	0	1
118788	24	0	1
1188	1	3407	0
118812	32	0	1
118813	63	0	1
118856	2	2253	0
118881	199	0	1
118924	46	0	1
118932	22	0	1
118980	83	0	1
118987	426	0	1
119	81	0	1
119016	4	1357	0
119032	32	0	1
1191	236	0	1
119180	84	0	1
1192	163	0	1
1193	19	0	1
119358	4	914	0
119369	2	2927	0
119385	3	2243	0
119391	24	0	1
119392	33	0	1
119395	1	3407	0
119437	5	2366	0
119467	12	1331	0
1195	208	0	1
119504	63	0	1
119559	105	0	1
119587	3	2247	0
1196	194	0	1
119678	1	5549	0
119682	1	3850	0
119694	1	4127	0
119710	25	0	1
119764	4	2529	0
119765	1	3850	0
119774	3	3283	0
1198	213	0	1
12	114	0	1
120	137	0	1
1200	100	0	1
120071	48	0	1
1201	115	0	1
120114	66	0	1
120146	9	495	0
120224	46	0	1
120227	1	2470	0
120237	1	6816	0
1203	67	0	1
120379	70	0	1
120406	8	952	0
120425	2	3919	0
120526	9	414	0
120534	31	0	1
1207	188	0	1
120787	1	6792	0
1208	1	6537	0
120892	481	0	1
1209	125	0	1
120935	3	1240	0
120939	105	0	1
121006	10	417	0
121053	28	0	1
1211	344	0	1
1212	174	0	1
121214	78	0	1
121227	47	0	1
121256	71	0	1
121260	59	0	1
121268	6	1144	0
121274	21	0	1
121278	4	1568	0
1213	628	0	1
121340	297	0	1
121355	11	518	0
121391	36	0	1
121441	216	0	1
121457	172	0	1
1215	37	0	1
121504	116	0	1
121506	28	0	1
121512	21	0	1
121536	47	0	1
121549	15	626	0
121551	8	481	0
121599	5	565	0
121601	18	0	1
121642	17	0	1
121643	6	1288	0
121665	54	0	1
121793	47	0	1
121952	1	5771	0
122011	57	0	1
122042	4	2154	0
122060	87	0	1
122183	108	0	1
122258	1	2897	0
122402	9	396	0
122416	26	0	1
122481	7	929	0
122509	64	0	1
122553	38	0	1
122589	1	2913	0
122616	5	694	0
122618	80	0	1
122622	11	281	0
122651	2	1954	0
122664	8	983	0
122704	157	0	1
122706	7	890	0
122742	1	2221	0
122769	40	0	1
122773	2	2296	0
122786	54	0	1
122809	21	0	1
122830	27	0	1
122867	1	6511	0
122876	6	2202	0
122945	1	5926	0
122953	23	0	1
122961	69	0	1
122970	3	2533	0
123	26	0	1
1230	346	0	1
123016	20	0	1
123036	14	428	0
123041	2	892	0
123096	29	0	1
123099	1	4523	0
123103	25	0	1
123169	120	0	1
1232	9	1331	0
123207	9	535	0
123228	24	0	1
123263	94	0	1
123264	12	1012	0
123283	58	0	1
1233	37	0	1
123346	4	1729	0
123355	12	460	0
1234	21	0	1
1235	84	0	1
123591	14	413	0
1236	3	1791	0
123606	7	1259	0
123624	7	1018	0
123688	8	579	0
1237	14	895	0
123720	9	609	0
123722	113	0	1
123745	18	0	1
123775	2	2414	0
1238	80	0	1
123803	12	697	0
123811	32	0	1
123872	10	533	0
123876	2	2204	0
123879	26	0	1
123904	3	2333	0
123920	29	0	1
123970	4	1119	0
124	5	1541	0
1240	98	0	1
124044	12	458	0
124045	20	0	1
124056	17	0	1
124093	4	2265	0
1241	4	1385	0
124149	10	606	0
124152	2	2984	0
124220	141	0	1
124222	8	759	0
124245	872	0	1
124359	21	0	1
1244	68	0	1
124401	37	0	1
124402	1	6701	0
124404	25	0	1
124411	5	497	0
124446	22	0	1
124454	89	0	1
124460	20	0	1
124491	13	758	0
124512	29	0	1
124535	4	685	0
124538	4	1923	0
124540	169	0	1
124565	59	0	1
124583	79	0	1
124590	22	0	1
124599	6	809	0
124602	6	1483	0
124626	20	0	1
124637	2	1636	0
124641	6	443	0
124739	52	0	1
124751	8	362	0
124773	1	6235	0
124783	4	1566	0
124790	81	0	1
124801	156	0	1
124808	44	0	1
124817	3	648	0
124842	2	4214	0
124872	6	585	0
124912	6	1039	0
124923	11	731	0
124925	8	508	0
124930	9	325	0
124935	13	449	0
124936	35	0	1
124944	100	0	1
124961	4	1719	0
124975	12	816	0
124976	2	1281	0
124989	5	1634	0
124995	174	0	1
124997	36	0	1
125	11	395	0
125050	14	319	0
125058	27	0	1
125061	14	452	0
125111	452	0	1
125113	33	0	1
125115	433	0	1
125144	6	883	0
125150	16	0	1
125170	34	0	1
125206	3	2637	0
125208	1	2053	0
125228	30	0	1
125336	6	880	0
125476	35	0	1
125488	9	533	0
125704	3	1542	0
1258	3	2193	0
125875	29	0	1
125893	15	368	0
1259	5	2265	0
125919	21	0	1
125950	166	0	1
125958	3	2555	0
125962	2	2338	0
125963	25	0	1
125965	3	2971	0
125972	139	0	1
125981	3	1990	0
125988	68	0	1
125997	40	0	1
126	17	0	1
126003	81	0	1
126006	12	819	0
126014	3	3030	0
126017	14	526	0
126068	9	605	0
126069	22	0	1
126070	38	0	1
126074	33	0	1
126075	1	4410	0
1261	33	0	1
126119	37	0	1
126123	1	2313	0
126129	4	622	0
126133	69	0	1
126147	22	0	1
1262	39	0	1
126204	4	675	0
126205	2	3700	0
126206	14	317	0
126208	39	0	1
126231	6	321	0
126235	1	1626	0
126248	3	763	0
126259	2	2403	0
126272	9	936	0
126282	48	0	1
126295	16	0	1
126298	24	0	1
126299	30	0	1
1263	38	0	1
126306	20	0	1
126308	26	0	1
126321	31	0	1
126326	6	891	0
126328	58	0	1
126353	163	0	1
126364	183	0	1
126374	12	504	0
126375	60	0	1
126382	10	614	0
126393	13	540	0
1264	28	0	1
126402	4	1997	0
126410	14	1048	0
126432	13	746	0
126433	19	0	1
1265	77	0	1
126526	32	0	1
126549	1	3383	0
126567	15	628	0
1266	75	0	1
126626	13	399	0
126637	6	924	0
126638	2	3665	0
126668	2	2399	0
126669	8	382	0
126695	191	0	1
1267	191	0	1
126731	3	1350	0
126789	58	0	1
126792	27	0	1
1268	9	950	0
126820	3	3270	0
126823	8	897	0
126859	9	807	0
126868	29	0	1
1269	107	0	1
126917	16	0	1
126961	150	0	1
126969	4	2090	0
127	5	491	0
1270	25	0	1
127002	57	0	1
127003	1	3285	0
127018	70	0	1
127064	1	6954	0
127066	1	2302	0
127069	3	2413	0
127077	1	5056	0
1271	11	357	0
127124	4	1228	0
1272	45	0	1
127247	23	0	1
127253	51	0	1
127254	6	1050	0
127255	8	498	0
127262	5	852	0
127281	13	647	0
127294	9	638	0
127343	2	1340	0
127385	1	6243	0
127391	6	1679	0
127396	12	446	0
127428	32	0	1
127435	17	0	1
127495	11	561	0
127534	10	1180	0
127540	5	1182	0
127544	81	0	1
127550	1	3171	0
127579	2	3888	0
127602	30	0	1
127608	1	2840	0
127665	64	0	1
127687	16	0	1
1277	108	0	1
127700	14	621	0
127703	71	0	1
127731	1	4157	0
127733	41	0	1
127795	20	0	1
1278	50	0	1
127829	93	0	1
127833	127	0	1
127845	31	0	1
127933	47	0	1
127943	1	5508	0
128	54	0	1
1280	41	0	1
128025	16	0	1
128061	57	0	1
128077	11	435	0
1281	22	0	1
128153	4	2216	0
128178	15	342	0
1282	31	0	1
128209	2	3880	0
128229	6	845	0
128239	139	0	1
128240	58	0	1
128272	54	0	1
128308	128	0	1
128312	182	0	1
128338	2	1527	0
128344	12	866	0
128346	6	1423	0
128372	1	6883	0
128387	8	498	0
1284	54	0	1
128408	21	0	1
128414	3	3122	0
128434	4	1027	0
128439	5	1770	0
128486	63	0	1
128488	6	1158	0
128497	17	0	1
1285	9	466	0
128553	36	0	1
1286	9	331	0
128602	24	0	1
128611	6	381	0
128637	17	0	1
128646	85	0	1
128653	9	730	0
128674	5	2312	0
1287	54	0	1
128710	63	0	1
1288	17	0	1
128817	56	0	1
128821	77	0	1
128822	5	1391	0
128853	33	0	1
128859	2	1495	0
128861	3	798	0
128866	717	0	1
128869	102	0	1
128872	8	360	0
128876	3	2169	0
1289	46	0	1
128954	1	4117	0
128977	47	0	1
128989	27	0	1
1290	16	0	1
129025	15	680	0
129049	12	507	0
129080	30	0	1
1291	105	0	1
129138	30	0	1
1292	80	0	1
129285	73	0	1
129293	1	3015	0
1293	14	367	0
129303	46	0	1
1294	18	0	1
129401	423	0	1
129446	38	0	1
129450	15	611	0
1295	128	0	1
129521	26	0	1
129530	3	3151	0
129531	38	0	1
129563	32	0	1
1296	42	0	1
129642	25	0	1
129684	3	1741	0
129685	50	0	1
1297	11	413	0
129787	13	872	0
1298	14	518	0
129804	20	0	1
129807	27	0	1
129831	209	0	1
129852	20	0	1
129868	50	0	1
129880	18	0	1
129881	7	1078	0
1299	8	384	0
13	2	3534	0
130	11	358	0
1300	35	0	1
130013	5	2117	0
130026	12	462	0
130074	57	0	1
130075	1	4045	0
1301	22	0	1
130106	9	1047	0
130120	1	6497	0
130132	9	974	0
130162	9	575	0
1302	9	379	0
130271	16	0	1
1303	47	0	1
130340	18	0	1
130355	5	1339	0
130367	2	3460	0
130399	12	793	0
130497	3	2412	0
1305	11	365	0
130502	12	931	0
130507	97	0	1
130535	14	311	0
130540	34	0	1
130557	6	1128	0
130560	22	0	1
130574	31	0	1
130576	36	0	1
130589	19	0	1
1306	6	442	0
130617	42	0	1
1307	15	281	0
130733	2	3833	0
130752	2	4016	0
1308	30	0	1
130813	11	761	0
130814	2	1392	0
130827	22	0	1
130872	5	883	0
130888	2	2935	0
130916	25	0	1
130940	11	660	0
130951	16	0	1
131	8	475	0
1310	1	2752	0
131034	29	0	1
131076	38	0	1
131096	2	1324	0
1311	12	573	0
131118	197	0	1
131149	2	2295	0
131177	7	761	0
1312	167	0	1
131368	11	898	0
131375	1	3809	0
131377	50	0	1
1314	398	0	1
131405	66	0	1
131408	6	633	0
131450	22	0	1
131474	131	0	1
1315	278	0	1
131540	41	0	1
131544	69	0	1
131566	49	0	1
131578	135	0	1
131583	35	0	1
1316	90	0	1
131601	35	0	1
131616	56	0	1
131669	1	6717	0
1317	186	0	1
1318	33	0	1
131831	5	1305	0
131870	22	0	1
131873	8	556	0
131890	22	0	1
131920	11	661	0
131965	15	521	0
132	40	0	1
132001	56	0	1
132014	10	834	0
132112	2	3834	0
132141	49	0	1
132158	61	0	1
132160	52	0	1
132200	14	707	0
132204	15	572	0
132228	49	0	1
132241	1	1949	0
132243	44	0	1
132299	69	0	1
132320	167	0	1
132321	4	1721	0
132332	2	4071	0
132430	53	0	1
1325	18	0	1
1326	20	0	1
132625	17	0	1
132660	92	0	1
132671	26	0	1
1327	416	0	1
132720	101	0	1
132724	415	0	1
132789	38	0	1
132851	6	719	0
132864	35	0	1
132884	87	0	1
1329	145	0	1
132946	1	6297	0
132949	12	348	0
132954	7	1210	0
132989	3	789	0
133	5	1677	0
133015	18	0	1
133022	29	0	1
133060	4	1973	0
133121	45	0	1
133308	3	635	0
133383	6	746	0
133396	25	0	1
133418	35	0	1
133482	17	0	1
133522	25	0	1
133558	7	498	0
133584	13	448	0
133619	54	0	1
133686	51	0	1
133688	4	2037	0
133690	13	568	0
1337	51	0	1
133746	39	0	1
133874	1	4478	0
1339	5	1342	0
133923	43	0	1
133957	19	0	1
134	16	0	1
1340	95	0	1
134111	2	1614	0
134121	4	2439	0
134145	9	550	0
134147	85	0	1
134187	1	6417	0
134218	79	0	1
134265	18	0	1
134266	26	0	1
134285	75	0	1
134288	17	0	1
134353	47	0	1
134359	93	0	1
134391	51	0	1
134429	6	1736	0
134430	203	0	1
134492	420	0	1
1345	119	0	1
134510	83	0	1
134526	14	819	0
134548	27	0	1
134549	17	0	1
134553	47	0	1
1346	11	1147	0
134637	10	322	0
1347	103	0	1
134701	19	0	1
134728	14	477	0
1348	1	3287	0
134829	19	0	1
134860	2	4439	0
134864	5	1843	0
1349	19	0	1
134957	35	0	1
135	23	0	1
1350	93	0	1
1351	321	0	1
135112	40	0	1
135114	27	0	1
135138	27	0	1
135152	18	0	1
135154	12	820	0
1352	7	1603	0
135228	90	0	1
135250	21	0	1
135293	60	0	1
135295	131	0	1
1353	33	0	1
135398	91	0	1
135458	17	0	1
1355	347	0	1
1356	57	0	1
135644	12	467	0
135656	1	2253	0
1357	1	4070	0
1358	8	654	0
135886	2	3039	0
135892	53	0	1
1359	3	2333	0
135927	119	0	1
135932	44	0	1
135935	5	1962	0
135946	7	731	0
135948	1	2386	0
136	39	0	1
136051	20	0	1
1361	6	1444	0
1362	168	0	1
136227	4	1253	0
136242	14	561	0
136263	116	0	1
136288	9	1086	0
1363	44	0	1
136306	10	1027	0
136319	153	0	1
136332	2	1138	0
136371	32	0	1
1364	72	0	1
1365	20	0	1
136541	1	6117	0
1366	83	0	1
136647	34	0	1
1368	42	0	1
136853	44	0	1
136895	15	691	0
1369	8	794	0
136991	11	1038	0
1370	3	840	0
137075	2	2847	0
1371	94	0	1
137107	5	981	0
137133	1	2443	0
137196	9	1173	0
137209	60	0	1
1373	136	0	1
137362	4	2191	0
137392	26	0	1
1374	160	0	1
137492	31	0	1
1375	4	2003	0
137529	3	2791	0
1376	66	0	1
137682	6	1752	0
137695	39	0	1
137735	35	0	1
137797	8	1116	0
1378	2	4316	0
137814	1	3110	0
137835	6	1649	0
137868	30	0	1
137872	3	2535	0
137886	39	0	1
1379	7	1518	0
137902	16	0	1
137964	129	0	1
137970	4	794	0
137994	5	992	0
1380	11	562	0
138009	40	0	1
138046	64	0	1
138050	10	782	0
138065	19	0	1
1381	13	506	0
138151	47	0	1
138162	2	1159	0
138199	51	0	1
1382	77	0	1
138240	2	4024	0
138241	10	418	0
138307	8	1135	0
138311	14	465	0
1384	44	0	1
138428	28	0	1
138429	5	1462	0
138474	22	0	1
1385	220	0	1
1386	238	0	1
138639	70	0	1
138649	1	2053	0
1387	516	0	1
138715	9	818	0
138716	71	0	1
138724	4	783	0
138799	2	3275	0
1388	59	0	1
138802	1	3850	0
138803	34	0	1
138804	1	2824	0
138883	1	6334	0
1389	10	294	0
1390	72	0	1
139065	27	0	1
139067	28	0	1
139081	8	748	0
139105	11	705	0
139135	3	746	0
139170	2	4374	0
139189	5	927	0
1392	23	0	1
139212	16	0	1
139221	4	1143	0
139231	20	0	1
139285	57	0	1
1393	14	559	0
139322	82	0	1
139324	26	0	1
139341	31	0	1
139378	7	530	0
1394	18	0	1
139411	1	3015	0
139422	65	0	1
139425	2	2315	0
1395	4	1422	0
139562	33	0	1
139596	21	0	1
139599	10	535	0
1396	51	0	1
139604	1	6211	0
139628	41	0	1
1397	43	0	1
139716	7	1041	0
139728	1	4134	0
139735	2	774	0
139741	15	318	0
139760	4	1609	0
139793	5	1398	0
1398	347	0	1
139804	10	463	0
139818	48	0	1
139886	16	0	1
1399	206	0	1
14	73	0	1
140	13	565	0
1400	127	0	1
140032	71	0	1
1401	68	0	1
140258	43	0	1
140290	70	0	1
1404	4	896	0
140432	8	549	0
140453	2	1015	0
140456	245	0	1
140458	22	0	1
140459	94	0	1
140460	55	0	1
140461	31	0	1
140462	44	0	1
140465	103	0	1
140467	16	0	1
140469	46	0	1
140545	45	0	1
140564	147	0	1
140576	66	0	1
140578	32	0	1
140596	8	1055	0
140597	23	0	1
1406	250	0	1
140606	21	0	1
140609	157	0	1
140612	5	1223	0
140623	1	3861	0
140625	10	722	0
140628	9	573	0
140679	8	703	0
140680	16	0	1
140683	23	0	1
140685	29	0	1
140686	3	3251	0
140688	13	284	0
140689	124	0	1
140690	39	0	1
140691	85	0	1
140699	4	922	0
1407	150	0	1
140700	2	2340	0
140701	4	959	0
140706	6	633	0
140707	119	0	1
140710	109	0	1
140711	12	607	0
140730	9	393	0
140732	4	1001	0
140733	7	513	0
140735	259	0	1
140738	7	1075	0
140739	21	0	1
140766	4	1066	0
140767	177	0	1
140775	126	0	1
1408	188	0	1
140801	115	0	1
140803	4	764	0
140807	56	0	1
140809	48	0	1
140823	12	738	0
140825	7	628	0
140828	1	4218	0
140831	3	1240	0
140832	2	3615	0
140836	21	0	1
140838	20	0	1
140849	3	2511	0
140850	26	0	1
140851	1	5386	0
140856	2	3665	0
140862	1	3861	0
140870	10	716	0
140873	1	4118	0
140876	10	803	0
140880	73	0	1
140881	2	4471	0
140883	6	771	0
140885	88	0	1
140886	141	0	1
140890	176	0	1
140892	1	2897	0
140893	10	487	0
1409	186	0	1
140901	25	0	1
140902	4	761	0
140909	1	2386	0
140947	17	0	1
141	10	580	0
1410	164	0	1
1411	24	0	1
1412	25	0	1
1413	32	0	1
1414	12	570	0
1415	7	1351	0
1416	1	1949	0
1417	61	0	1
1418	5	1476	0
1419	3	3913	0
142	1298	0	1
1420	11	836	0
1421	15	1081	0
142678	64	0	1
142679	95	0	1
142680	5	2778	0
142683	56	0	1
142684	18	0	1
142685	33	0	1
142686	49	0	1
142689	35	0	1
1427	11	1088	0
1428	10	820	0
142891	4	1839	0
1429	155	0	1
142937	2	1852	0
142940	38	0	1
143	43	0	1
143098	97	0	1
1431	456	0	1
143162	11	564	0
143187	58	0	1
1432	302	0	1
143241	35	0	1
143244	23	0	1
143279	8	492	0
143379	14	789	0
143384	21	0	1
1434	299	0	1
143425	14	334	0
143458	6	475	0
143471	71	0	1
1435	14	402	0
143503	2	3671	0
143570	8	403	0
1436	48	0	1
143630	4	1126	0
143662	5	2377	0
143684	97	0	1
143686	11	363	0
143689	17	0	1
1437	14	424	0
1438	7	1702	0
143872	24	0	1
143879	8	349	0
143884	176	0	1
143888	75	0	1
1439	18	0	1
143903	8	927	0
143941	2	1785	0
1440	12	638	0
144097	54	0	1
1441	13	519	0
144100	115	0	1
144106	11	354	0
144108	96	0	1
144110	49	0	1
144124	1	1237	0
144132	15	249	0
144165	14	284	0
144193	5	1387	0
144195	20	0	1
1442	14	868	0
144203	3	2712	0
144233	8	403	0
144245	7	1223	0
1443	14	519	0
144321	20	0	1
144347	1	2906	0
144348	30	0	1
144363	23	0	1
1444	6	614	0
144402	102	0	1
144404	112	0	1
144406	5	485	0
144423	4	1628	0
144453	1	6665	0
144455	40	0	1
1445	143	0	1
144501	63	0	1
144535	6	793	0
144568	124	0	1
144577	11	893	0
1446	31	0	1
144608	1	6760	0
144699	37	0	1
1447	33	0	1
144712	1	2053	0
144715	10	644	0
144717	37	0	1
1448	15	409	0
144811	41	0	1
144983	150	0	1
145165	20	0	1
145173	34	0	1
1452	357	0	1
145200	1	4025	0
145226	44	0	1
145258	78	0	1
145264	99	0	1
145270	1	6915	0
145282	99	0	1
1453	244	0	1
145376	1	4386	0
145389	13	521	0
1454	298	0	1
145407	9	418	0
145447	4	1188	0
145482	22	0	1
145483	78	0	1
145497	4	2182	0
1455	112	0	1
145501	15	704	0
145508	295	0	1
145553	52	0	1
145567	24	0	1
145581	2	2951	0
1456	131	0	1
145645	2	2042	0
1457	861	0	1
145741	12	685	0
145748	3	2302	0
145773	20	0	1
145781	12	402	0
145788	1	5228	0
145814	2	2257	0
145837	1	4857	0
145853	5	1269	0
145858	12	1025	0
145864	36	0	1
145873	7	1435	0
1459	664	0	1
145942	8	1152	0
145946	30	0	1
145957	5	2155	0
146	16	0	1
1460	594	0	1
146050	26	0	1
146057	20	0	1
146059	32	0	1
146177	3	846	0
146183	13	284	0
146198	30	0	1
1462	43	0	1
146206	23	0	1
146212	8	806	0
146223	33	0	1
146225	17	0	1
146227	3	1375	0
146279	51	0	1
1463	15	537	0
146310	123	0	1
146325	82	0	1
146330	24	0	1
146378	17	0	1
146395	2	4444	0
1464	71	0	1
146433	3	2769	0
146434	25	0	1
146439	10	493	0
146456	38	0	1
1465	64	0	1
146540	94	0	1
146542	116	0	1
146556	1	4784	0
146562	32	0	1
1466	63	0	1
146664	117	0	1
146691	61	0	1
146705	168	0	1
146712	3	1350	0
146713	34	0	1
146722	3	1454	0
146723	1	1370	0
146754	31	0	1
146760	12	291	0
146779	12	605	0
1468	191	0	1
146802	2	2562	0
146822	9	1250	0
146845	10	410	0
146849	10	536	0
146850	13	386	0
146852	26	0	1
146853	12	924	0
146857	4	2295	0
146862	20	0	1
146880	1	5880	0
146894	7	2239	0
1469	138	0	1
146909	62	0	1
146923	13	326	0
146956	47	0	1
147	6	547	0
1470	52	0	1
147007	137	0	1
147011	3	2077	0
147015	34	0	1
147040	8	419	0
1471	25	0	1
147111	2	2971	0
147138	6	1025	0
147166	14	257	0
147172	1	1949	0
147179	37	0	1
147183	33	0	1
147199	12	847	0
1472	91	0	1
1473	35	0	1
147323	3	3101	0
147339	116	0	1
147372	19	0	1
1474	90	0	1
147407	8	783	0
147409	108	0	1
147429	1	3407	0
147463	18	0	1
147495	5	2347	0
1475	136	0	1
147525	7	1282	0
1476	95	0	1
147645	1	4201	0
147650	5	990	0
147657	8	386	0
147658	3	2946	0
147660	16	0	1
147664	1	5879	0
147670	1	4784	0
147685	11	790	0
147686	22	0	1
147687	177	0	1
147694	5	1203	0
147699	2	1638	0
1477	96	0	1
147700	107	0	1
147719	122	0	1
147744	12	1484	0
147746	36	0	1
147791	1	4635	0
147798	29	0	1
1478	160	0	1
147804	8	869	0
147807	55	0	1
147808	31	0	1
147837	10	571	0
147841	77	0	1
147872	113	0	1
1479	133	0	1
147906	16	0	1
147912	31	0	1
147920	3	3274	0
147923	30	0	1
147929	3	734	0
147945	6	850	0
147948	4	825	0
147949	3	606	0
147965	6	597	0
147968	23	0	1
147991	22	0	1
148	26	0	1
148014	6	1099	0
148022	47	0	1
148066	109	0	1
148103	9	622	0
148109	15	342	0
148113	30	0	1
148137	18	0	1
148156	25	0	1
148170	2	1381	0
148198	1	2085	0
1482	68	0	1
148203	4	1169	0
148206	16	0	1
148213	1	2085	0
148223	94	0	1
148229	4	551	0
148231	2	3636	0
148252	27	0	1
148254	11	320	0
148266	11	242	0
148268	2	2494	0
148281	115	0	1
148304	13	895	0
148327	13	287	0
148345	3	2210	0
148362	37	0	1
148398	41	0	1
148413	5	1985	0
148418	5	1292	0
148423	43	0	1
148479	14	537	0
1485	109	0	1
148523	14	581	0
148534	100	0	1
148545	1	5695	0
148581	138	0	1
1486	30	0	1
148641	4	1163	0
148696	1	2107	0
1487	344	0	1
148738	1	6310	0
148741	27	0	1
148753	18	0	1
148789	27	0	1
1488	361	0	1
148808	225	0	1
148811	11	801	0
148823	12	902	0
148867	82	0	1
148870	13	664	0
1489	11	628	0
148932	364	0	1
148979	15	351	0
1490	28	0	1
149013	3	1307	0
149018	16	0	1
149041	679	0	1
149069	20	0	1
149076	39	0	1
149095	19	0	1
1491	68	0	1
149111	28	0	1
149175	35	0	1
149224	7	421	0
149233	10	344	0
149297	5	1476	0
1493	106	0	1
149345	12	408	0
149371	152	0	1
149420	19	0	1
149428	15	577	0
149461	67	0	1
149465	8	311	0
149466	29	0	1
149473	37	0	1
149478	1	1370	0
149483	11	967	0
149499	4	553	0
1495	336	0	1
149563	8	715	0
1496	58	0	1
149603	34	0	1
149628	357	0	1
149643	1	5921	0
149647	2	3026	0
149699	6	1639	0
1497	2	2552	0
149708	12	697	0
149775	1	2107	0
149840	10	386	0
1499	950	0	1
149950	7	1153	0
149951	25	0	1
149954	1	5498	0
149986	105	0	1
149998	1	3755	0
15	9	688	0
150	9	741	0
1500	243	0	1
150000	1	4850	0
150082	30	0	1
150084	12	788	0
150094	60	0	1
1501	28	0	1
150159	1	3407	0
150160	156	0	1
150165	3	3690	0
150209	9	656	0
150221	17	0	1
150223	5	1321	0
150248	20	0	1
150274	810	0	1
150275	25	0	1
150280	28	0	1
150290	23	0	1
150297	11	431	0
1503	187	0	1
150350	21	0	1
150353	34	0	1
150356	1	2053	0
150365	9	806	0
150368	12	414	0
150372	12	848	0
150379	32	0	1
150383	36	0	1
1504	2	4225	0
150465	19	0	1
150468	24	0	1
150472	60	0	1
150483	118	0	1
150572	52	0	1
150590	2	2586	0
1506	13	735	0
150677	7	1422	0
150678	44	0	1
150681	3	1474	0
150684	120	0	1
150696	9	505	0
150709	6	697	0
150726	3	1927	0
150737	56	0	1
150759	1	1914	0
150763	34	0	1
150771	38	0	1
150786	5	1359	0
1508	221	0	1
150864	39	0	1
1509	150	0	1
150921	11	404	0
150946	10	412	0
150962	5	2054	0
151	7	1420	0
1510	13	420	0
151011	141	0	1
151050	4	1296	0
151056	18	0	1
1511	70	0	1
151112	9	829	0
151126	5	619	0
151176	27	0	1
151188	77	0	1
151194	35	0	1
151195	59	0	1
1512	58	0	1
151230	31	0	1
151242	1	4208	0
151246	67	0	1
151254	75	0	1
151258	2	1203	0
151278	114	0	1
151295	2	2953	0
1513	14	577	0
151306	27	0	1
151313	11	343	0
151354	7	971	0
151393	28	0	1
1514	224	0	1
151473	5	1110	0
151477	1	6058	0
1515	103	0	1
151507	4	1090	0
151516	26	0	1
151525	4	855	0
151531	6	1309	0
151556	3	3124	0
151613	26	0	1
151636	62	0	1
151647	54	0	1
151648	86	0	1
151649	1	2253	0
151651	3	1246	0
151742	13	878	0
151790	3	2838	0
151827	2	2740	0
151835	19	0	1
151871	40	0	1
151887	10	297	0
151888	30	0	1
1519	13	873	0
151903	104	0	1
151963	101	0	1
151987	112	0	1
152	17	0	1
1520	138	0	1
152002	54	0	1
152006	102	0	1
152007	17	0	1
152015	2	2640	0
152078	9	767	0
152098	5	1113	0
1521	2	3929	0
152100	10	404	0
152110	14	523	0
152137	66	0	1
152185	190	0	1
152189	65	0	1
152195	4	719	0
1522	47	0	1
152206	52	0	1
152217	22	0	1
152273	206	0	1
1523	186	0	1
152302	1	1949	0
152330	6	554	0
1524	3	2737	0
152404	1	6615	0
152405	1	5694	0
152485	32	0	1
1525	358	0	1
152503	56	0	1
152518	102	0	1
152519	113	0	1
152559	26	0	1
152573	32	0	1
152579	36	0	1
152586	2	1438	0
152663	12	343	0
152687	5	550	0
1527	32	0	1
152756	15	694	0
152789	37	0	1
1528	124	0	1
152815	19	0	1
152816	47	0	1
152831	9	457	0
152877	4	542	0
152926	34	0	1
152940	22	0	1
152992	39	0	1
153	10	839	0
153020	9	537	0
153090	74	0	1
153129	39	0	1
153222	11	323	0
153241	105	0	1
153328	33	0	1
153339	6	482	0
153364	60	0	1
153396	26	0	1
1534	63	0	1
153443	63	0	1
153478	27	0	1
1535	58	0	1
153527	113	0	1
153562	59	0	1
153571	1	5991	0
153572	6	970	0
153579	153	0	1
1536	17	0	1
153642	89	0	1
153643	16	0	1
153657	25	0	1
153684	3	3133	0
1537	222	0	1
153733	27	0	1
153743	14	267	0
153745	3	1974	0
153768	16	0	1
153769	46	0	1
153770	18	0	1
1538	20	0	1
153830	28	0	1
1539	26	0	1
153918	27	0	1
154	324	0	1
1540	854	0	1
154007	38	0	1
154043	47	0	1
154064	12	834	0
154075	15	381	0
154091	71	0	1
154141	31	0	1
154150	1	3272	0
154197	15	537	0
154214	8	650	0
1543	75	0	1
154313	65	0	1
154386	2	1731	0
1544	10	397	0
154449	1	3015	0
154467	58	0	1
1545	14	282	0
154661	8	681	0
154664	14	309	0
154743	22	0	1
154754	7	365	0
154790	2	3958	0
154791	57	0	1
154796	308	0	1
1548	7	1147	0
154807	97	0	1
154810	88	0	1
154865	77	0	1
154881	79	0	1
1549	2	4660	0
155	3	1721	0
155006	9	1007	0
155038	28	0	1
155051	11	900	0
155054	1	6003	0
155060	5	1625	0
155061	319	0	1
155066	2	4072	0
1551	5	1864	0
155100	8	1092	0
155184	7	1078	0
155185	42	0	1
1553	5	2337	0
155368	36	0	1
155370	2	2594	0
155382	18	0	1
155400	58	0	1
155435	120	0	1
155465	39	0	1
1555	8	917	0
1557	4	2216	0
1558	15	556	0
1559	103	0	1
156	86	0	1
1562	26	0	1
1565	4	2183	0
157	16	0	1
1571	18	0	1
157247	1	5104	0
157285	25	0	1
1573	28	0	1
157310	4	891	0
157313	77	0	1
157378	51	0	1
157381	1	3015	0
157506	19	0	1
157556	1	2253	0
157567	128	0	1
157570	69	0	1
157574	15	428	0
1576	16	0	1
157638	31	0	1
157657	7	666	0
157680	73	0	1
157695	5	711	0
157697	14	355	0
1577	10	758	0
157708	1	5967	0
157724	2	3872	0
157739	2	1742	0
157753	124	0	1
157769	137	0	1
157773	6	1308	0
157777	3	1866	0
157807	2	4199	0
157869	3	2786	0
1579	4	2201	0
157922	92	0	1
157927	3	829	0
158	180	0	1
1580	2	4354	0
158038	18	0	1
158046	5	1299	0
158055	49	0	1
158056	17	0	1
158062	66	0	1
158067	18	0	1
158078	147	0	1
158135	7	548	0
158158	23	0	1
158160	20	0	1
1582	6	773	0
158219	16	0	1
158234	40	0	1
158248	6	527	0
158293	18	0	1
158297	49	0	1
1583	6	1502	0
158326	2	3039	0
158345	3	2057	0
158358	12	311	0
158399	58	0	1
1584	2	1953	0
158401	4	1199	0
158405	20	0	1
158427	39	0	1
158431	38	0	1
158471	30	0	1
158506	19	0	1
158511	4	1065	0
158521	14	829	0
158584	2	1931	0
158586	18	0	1
1586	16	0	1
158724	2	2810	0
158747	96	0	1
158763	113	0	1
158787	60	0	1
158798	18	0	1
1588	40	0	1
158800	3	2742	0
158801	1	2824	0
158809	10	736	0
158830	4	1554	0
158835	3	2495	0
158866	120	0	1
158880	49	0	1
1589	23	0	1
158983	15	563	0
159	118	0	1
159013	8	456	0
159090	40	0	1
159091	8	762	0
1591	54	0	1
159119	10	962	0
159162	1	5480	0
159163	35	0	1
159195	211	0	1
1592	3	2629	0
159296	4	882	0
1593	13	234	0
159371	32	0	1
1594	2	2786	0
1595	133	0	1
159686	15	277	0
159963	2	2915	0
159989	76	0	1
16	154	0	1
160	274	0	1
1600	85	0	1
160065	48	0	1
1601	122	0	1
160140	12	905	0
1602	97	0	1
160287	41	0	1
160298	2	3355	0
1603	92	0	1
160335	14	313	0
160364	34	0	1
1604	60	0	1
160418	95	0	1
160419	2	3252	0
160428	39	0	1
160492	3	1087	0
1605	123	0	1
160518	15	306	0
1606	10	500	0
160622	12	651	0
1607	4	1649	0
160728	25	0	1
160760	72	0	1
160762	3	2937	0
160777	11	552	0
1608	31	0	1
160851	30	0	1
160857	9	1408	0
160897	24	0	1
1609	17	0	1
161	182	0	1
1610	9	721	0
161003	8	835	0
1611	9	316	0
161142	3	2105	0
161145	43	0	1
161176	439	0	1
161198	84	0	1
1612	198	0	1
161247	1	2253	0
161253	3	3374	0
161291	84	0	1
1613	79	0	1
161357	2	1623	0
161394	1	3861	0
161424	122	0	1
161436	18	0	1
161497	1	5955	0
1615	319	0	1
161502	13	1024	0
161514	31	0	1
161582	20	0	1
1616	346	0	1
1617	9	927	0
161725	16	0	1
161742	49	0	1
161753	9	471	0
161779	1	3612	0
1618	143	0	1
161823	6	1134	0
161829	2	3390	0
161835	6	749	0
161882	12	574	0
161931	8	424	0
162	214	0	1
1620	33	0	1
162073	14	738	0
162083	1	3612	0
1621	10	546	0
1622	41	0	1
162239	44	0	1
162333	8	486	0
162394	39	0	1
162417	8	626	0
162427	220	0	1
162461	16	0	1
162466	57	0	1
162494	4	1351	0
162514	6	2128	0
162515	5	1838	0
162517	3	823	0
162540	4	1782	0
162605	28	0	1
162655	1	6960	0
162681	10	507	0
162699	4	1439	0
1627	392	0	1
1628	13	570	0
1629	187	0	1
162962	5	1324	0
162963	6	1345	0
162966	3	1441	0
162967	26	0	1
162968	42	0	1
162972	64	0	1
162979	29	0	1
162989	15	464	0
162993	6	1056	0
162998	1	6315	0
163	349	0	1
1630	63	0	1
163033	67	0	1
163049	19	0	1
163050	44	0	1
163051	11	1150	0
163059	9	1041	0
163071	19	0	1
163081	10	281	0
163087	18	0	1
163115	1	4440	0
163126	19	0	1
163131	1	4440	0
163154	30	0	1
163183	100	0	1
1632	61	0	1
163223	1	5682	0
163227	19	0	1
163255	2	2645	0
163259	12	572	0
1633	59	0	1
163351	18	0	1
1634	26	0	1
163479	2	2746	0
163486	20	0	1
1635	27	0	1
163589	10	501	0
163590	197	0	1
1636	16	0	1
163688	7	1109	0
163702	46	0	1
163732	5	980	0
163747	2	3749	0
163778	3	865	0
163782	21	0	1
163786	156	0	1
1638	20	0	1
163859	35	0	1
163882	23	0	1
1639	464	0	1
163933	2	2736	0
164	139	0	1
164045	7	709	0
164091	8	532	0
1641	82	0	1
164118	1	4430	0
164127	59	0	1
164153	14	668	0
1642	633	0	1
164237	2	3040	0
164284	3	3558	0
1643	138	0	1
164312	7	1956	0
164395	12	518	0
1644	5	564	0
1645	20	0	1
164592	35	0	1
1646	54	0	1
164633	5	1114	0
164656	2	1347	0
164668	3	1409	0
164684	10	610	0
1647	92	0	1
164714	1	6557	0
164781	10	576	0
164832	23	0	1
1649	117	0	1
165	6	1148	0
1650	367	0	1
165055	120	0	1
165082	12	393	0
165100	13	759	0
165140	49	0	1
165186	2	2273	0
1652	12	260	0
165215	55	0	1
165257	1	6859	0
1653	441	0	1
165324	23	0	1
1654	632	0	1
1655	521	0	1
165530	9	745	0
165545	18	0	1
1656	488	0	1
165631	4	1417	0
1657	56	0	1
165721	79	0	1
165829	70	0	1
1659	285	0	1
165904	17	0	1
165918	98	0	1
166	433	0	1
1660	673	0	1
166012	5	872	0
1662	178	0	1
1663	66	0	1
166336	7	528	0
166348	2	2769	0
166378	94	0	1
166379	7	1001	0
1665	481	0	1
1666	81	0	1
166614	29	0	1
166647	16	0	1
166655	3	1656	0
1667	95	0	1
166752	3	2505	0
166785	5	647	0
166793	27	0	1
1668	4	1483	0
166815	5	565	0
166824	10	680	0
166863	9	557	0
166929	12	387	0
166968	22	0	1
166979	34	0	1
167	1	6059	0
1670	68	0	1
1671	21	0	1
167127	19	0	1
167153	44	0	1
1672	10	1012	0
167227	94	0	1
1673	2	2940	0
167359	8	500	0
1674	146	0	1
167410	5	2273	0
167465	7	1094	0
1675	4	1147	0
167555	1	6445	0
1676	67	0	1
167681	7	627	0
167691	124	0	1
1677	28	0	1
1678	79	0	1
167826	29	0	1
167838	90	0	1
168002	15	592	0
168090	6	1044	0
168374	54	0	1
168391	6	926	0
168400	6	876	0
168417	6	1054	0
168433	24	0	1
168448	1	6902	0
168451	6	1415	0
168455	23	0	1
168507	7	610	0
168537	1	3850	0
168544	174	0	1
168620	73	0	1
168667	2	2445	0
1687	52	0	1
168850	37	0	1
168975	1	4054	0
1690	46	0	1
169026	71	0	1
169044	8	238	0
169166	7	846	0
169200	4	1052	0
169270	2	2980	0
169355	11	991	0
169436	5	1337	0
169522	9	300	0
169611	7	487	0
169693	10	722	0
169714	76	0	1
169792	23	0	1
169834	1	6785	0
169841	53	0	1
169966	19	0	1
169981	31	0	1
170062	12	649	0
170063	6	728	0
170082	143	0	1
170261	34	0	1
170302	27	0	1
170384	73	0	1
170392	64	0	1
170393	12	798	0
170394	17	0	1
170463	49	0	1
170482	21	0	1
170506	291	0	1
170572	87	0	1
170575	43	0	1
170589	23	0	1
170591	10	1212	0
170595	1	4077	0
170622	55	0	1
170626	20	0	1
170679	1	5054	0
170680	27	0	1
170685	20	0	1
170689	8	418	0
170690	5	1183	0
170691	20	0	1
170692	7	502	0
170712	11	1035	0
170825	3	1869	0
170850	7	839	0
170954	129	0	1
170958	3	1273	0
170959	21	0	1
170960	8	348	0
170961	9	452	0
171	21	0	1
171017	68	0	1
171019	2	3691	0
171023	287	0	1
171024	25	0	1
171169	8	584	0
171177	242	0	1
171222	1	3686	0
171389	14	415	0
171392	11	382	0
171425	14	396	0
171482	57	0	1
171483	166	0	1
171484	62	0	1
171523	2	1321	0
171546	13	350	0
171558	9	501	0
171568	89	0	1
171586	21	0	1
1716	89	0	1
1717	176	0	1
1718	146	0	1
1719	127	0	1
172	4	817	0
1723	26	0	1
1725	97	0	1
1727	328	0	1
1728	85	0	1
1729	152	0	1
173	10	985	0
1730	49	0	1
1731	45	0	1
1734	16	0	1
1735	20	0	1
1736	383	0	1
1737	225	0	1
1738	478	0	1
1739	191	0	1
174	22	0	1
1740	41	0	1
1741	104	0	1
1742	133	0	1
1743	470	0	1
1744	1	1914	0
1745	7	1278	0
1746	18	0	1
1747	4	2167	0
1748	4	2192	0
1749	17	0	1
175	31	0	1
1750	32	0	1
1755	55	0	1
1756	99	0	1
1757	38	0	1
1758	2	3280	0
1759	106	0	1
176	7	1243	0
1760	21	0	1
1761	5	2206	0
1762	81	0	1
1763	69	0	1
1767	25	0	1
1768	34	0	1
1769	19	0	1
177	18	0	1
1770	17	0	1
1773	2	1692	0
1774	118	0	1
1775	23	0	1
1776	3	2592	0
1777	18	0	1
1778	469	0	1
178	101	0	1
1780	104	0	1
1781	285	0	1
1783	150	0	1
1785	253	0	1
1786	234	0	1
1787	21	0	1
1788	100	0	1
1789	103	0	1
1791	13	284	0
1793	54	0	1
1794	63	0	1
1795	53	0	1
1796	39	0	1
1797	19	0	1
1798	14	355	0
18	72	0	1
1800	63	0	1
1801	59	0	1
1802	44	0	1
1803	433	0	1
1804	16	0	1
1805	2	1069	0
1806	17	0	1
1807	9	552	0
1808	207	0	1
1809	78	0	1
181	10	801	0
1810	73	0	1
1811	1	5355	0
1812	16	0	1
1813	99	0	1
1814	29	0	1
1815	23	0	1
1816	9	904	0
1818	1	3015	0
1819	63	0	1
182	34	0	1
1820	120	0	1
1821	5	1065	0
1822	180	0	1
1823	124	0	1
1824	150	0	1
1825	101	0	1
1826	160	0	1
1827	47	0	1
1828	184	0	1
1829	255	0	1
183	27	0	1
1830	31	0	1
1831	62	0	1
1832	406	0	1
1833	2	3018	0
1834	2	2316	0
1836	48	0	1
1837	120	0	1
1838	101	0	1
1839	14	504	0
1840	29	0	1
1841	37	0	1
1842	1	3441	0
1843	96	0	1
1844	78	0	1
1845	72	0	1
1846	113	0	1
1847	52	0	1
1848	122	0	1
1849	68	0	1
185	93	0	1
1850	40	0	1
1852	97	0	1
1854	121	0	1
1855	122	0	1
1856	534	0	1
1857	265	0	1
1859	1061	0	1
186	11	514	0
1861	69	0	1
1869	159	0	1
187	208	0	1
1870	35	0	1
1871	63	0	1
1874	477	0	1
1875	22	0	1
1876	184	0	1
1877	96	0	1
1879	13	597	0
1880	37	0	1
1889	105	0	1
189	42	0	1
1890	88	0	1
1891	222	0	1
1892	230	0	1
1893	126	0	1
1894	884	0	1
1896	99	0	1
19	27	0	1
190	20	0	1
1901	105	0	1
1902	205	0	1
1903	3	3082	0
1906	5	1416	0
1908	103	0	1
1909	48	0	1
191	286	0	1
1910	34	0	1
1911	77	0	1
1912	140	0	1
1915	705	0	1
191585	1	2107	0
1917	296	0	1
192111	266	0	1
192286	17	0	1
192666	53	0	1
192668	24	0	1
192669	145	0	1
192670	117	0	1
192683	24	0	1
1933	198	0	1
1936	323	0	1
193629	1	5920	0
1937	438	0	1
1938	541	0	1
1939	52	0	1
1942	96	0	1
1943	67	0	1
1944	105	0	1
1945	234	0	1
1946	68	0	1
1947	248	0	1
1948	124	0	1
1949	50	0	1
1950	19	0	1
1951	38	0	1
1952	95	0	1
1953	14	277	0
1954	54	0	1
1955	6	1131	0
1956	1718	0	1
1958	54	0	1
195814	37	0	1
195827	2	1801	0
195828	1	1370	0
1959	163	0	1
196	128	0	1
1960	2	2372	0
196051	50	0	1
196074	274	0	1
1961	4	1554	0
1962	144	0	1
196264	5	1512	0
196294	243	0	1
196335	1	6813	0
196374	86	0	1
196383	6	886	0
196385	30	0	1
196394	4	1771	0
1964	107	0	1
196403	105	0	1
196410	17	0	1
196441	182	0	1
196446	1	6117	0
196463	44	0	1
196472	20	0	1
196477	14	922	0
196483	25	0	1
1965	250	0	1
196500	15	895	0
196513	103	0	1
196527	127	0	1
196528	149	0	1
196541	19	0	1
196549	1	3105	0
1967	128	0	1
196740	12	675	0
196743	3	1916	0
196792	57	0	1
1968	293	0	1
196872	1	1914	0
196883	7	1057	0
1969	708	0	1
196913	2	2219	0
196951	15	529	0
196993	1	3456	0
196996	10	640	0
197	95	0	1
197003	1	5054	0
197021	25	0	1
197131	157	0	1
197135	2	2674	0
197187	1	1914	0
197196	2	3086	0
197257	48	0	1
197258	43	0	1
197259	53	0	1
1973	338	0	1
197320	10	404	0
197322	59	0	1
197335	34	0	1
197342	5	1139	0
197350	1	3861	0
197358	7	628	0
197370	33	0	1
1974	161	0	1
197407	147	0	1
1975	391	0	1
1977	193	0	1
1978	80	0	1
1979	35	0	1
1981	411	0	1
1982	137	0	1
1983	200	0	1
1984	238	0	1
198437	1	6411	0
199	10	532	0
1990	17	0	1
1991	24	0	1
1992	67	0	1
199221	19	0	1
199223	14	340	0
1993	167	0	1
1994	2026	0	1
1995	25	0	1
1996	36	0	1
199675	13	881	0
199692	19	0	1
1997	119	0	1
199704	4	817	0
199713	161	0	1
199720	24	0	1
199731	45	0	1
199745	27	0	1
199746	14	344	0
199777	3	1431	0
199786	3	1747	0
1998	149	0	1
199800	1	3861	0
199834	79	0	1
199857	8	1444	0
199870	19	0	1
1999	48	0	1
199920	8	1109	0
199953	126	0	1
199964	1	3173	0
199990	61	0	1
2	180	0	1
20	106	0	1
2000	110	0	1
200008	3	2712	0
200010	5	1158	0
200014	36	0	1
200030	3	1469	0
200081	237	0	1
2001	47	0	1
200132	9	883	0
200150	53	0	1
200162	16	0	1
200172	2	1202	0
200185	69	0	1
200186	59	0	1
2002	104	0	1
200205	92	0	1
200232	260	0	1
200261	2	3703	0
200298	1	4901	0
200312	3	3218	0
200315	11	547	0
200316	65	0	1
200350	27	0	1
200373	2	2303	0
2004	114	0	1
200403	12	911	0
200407	3	1506	0
200424	23	0	1
2005	86	0	1
200504	7	1637	0
200523	49	0	1
200539	20	0	1
200558	41	0	1
200576	43	0	1
2006	20	0	1
200634	33	0	1
200728	403	0	1
200734	58	0	1
200765	11	378	0
200810	5	2407	0
200844	3	1417	0
200845	68	0	1
200879	57	0	1
200894	316	0	1
200895	288	0	1
2009	29	0	1
200909	3	3136	0
200916	78	0	1
200931	7	1597	0
200933	86	0	1
200942	8	762	0
200958	24	0	1
2010	784	0	1
2011	265	0	1
201134	28	0	1
201158	55	0	1
201161	116	0	1
201163	97	0	1
201164	149	0	1
201176	11	244	0
201181	32	0	1
2012	62	0	1
201232	29	0	1
201254	27	0	1
201255	20	0	1
201266	52	0	1
201283	1	5881	0
201292	77	0	1
201294	25	0	1
201299	7	1374	0
2013	5	1431	0
201305	20	0	1
2014	67	0	1
201456	12	547	0
201475	26	0	1
201501	15	575	0
201514	11	372	0
201516	15	732	0
201562	73	0	1
201595	250	0	1
2016	9	910	0
201625	15	270	0
201626	115	0	1
201627	82	0	1
201633	25	0	1
2017	416	0	1
201725	15	406	0
201780	5	2132	0
201798	5	1582	0
201799	38	0	1
2018	34	0	1
201895	6	1038	0
2019	107	0	1
201931	186	0	1
201965	19	0	1
201973	20	0	1
202	73	0	1
2020	7	981	0
202018	37	0	1
202051	50	0	1
202052	74	0	1
2021	59	0	1
202134	27	0	1
202151	10	468	0
202181	1	1914	0
2022	205	0	1
202243	65	0	1
202299	141	0	1
2023	702	0	1
202333	32	0	1
202374	16	0	1
202459	4	1033	0
202559	128	0	1
2026	133	0	1
202658	2	3896	0
2027	86	0	1
2028	5	2247	0
202865	3	2939	0
2029	59	0	1
202915	100	0	1
203	62	0	1
2030	112	0	1
203054	15	351	0
203062	36	0	1
203068	677	0	1
203069	6	518	0
203076	11	748	0
203100	182	0	1
203102	25	0	1
203111	34	0	1
203190	2	2293	0
203197	26	0	1
203228	1318	0	1
203238	7	488	0
203245	14	428	0
203259	48	0	1
203260	66	0	1
203274	1	3861	0
203286	54	0	1
2033	1317	0	1
203328	48	0	1
2034	160	0	1
203427	9	436	0
203447	4	1385	0
2035	116	0	1
203522	19	0	1
203523	10	480	0
203547	108	0	1
203562	197	0	1
203569	8	1093	0
2036	161	0	1
203611	5	1289	0
2037	276	0	1
2038	10	460	0
203859	11	486	0
2039	35	0	1
204	166	0	1
2040	325	0	1
204010	1	6326	0
2041	232	0	1
2042	100	0	1
204219	59	0	1
2043	181	0	1
2044	144	0	1
204474	3	2983	0
2045	279	0	1
2046	156	0	1
2047	22	0	1
2048	182	0	1
204801	4	1080	0
204851	34	0	1
2049	24	0	1
204962	20	0	1
205	170	0	1
2050	133	0	1
2051	76	0	1
205147	1	3850	0
2052	103	0	1
2053	18	0	1
205327	6	1565	0
2054	75	0	1
205428	50	0	1
2055	32	0	1
205564	58	0	1
2056	14	584	0
2057	36	0	1
205717	20	0	1
2058	491	0	1
205860	63	0	1
2059	100	0	1
206	1	3861	0
2060	206	0	1
2063	39	0	1
206338	2	1769	0
206358	11	516	0
2064	676	0	1
206412	1	6606	0
206426	11	829	0
2065	325	0	1
2066	167	0	1
2067	56	0	1
2068	74	0	1
2069	11	869	0
207	566	0	1
2070	246	0	1
207063	22	0	1
2071	161	0	1
207147	1	6432	0
2072	82	0	1
2073	56	0	1
2074	226	0	1
2077	105	0	1
2078	216	0	1
2079	224	0	1
208	118	0	1
2081	55	0	1
2086	3	739	0
2091	628	0	1
2098	75	0	1
2099	2291	0	1
21	41	0	1
210	40	0	1
2100	2290	0	1
2101	62	0	1
2103	100	0	1
2104	68	0	1
2107	130	0	1
2108	278	0	1
2109	170	0	1
211	133	0	1
2110	21	0	1
2113	108	0	1
2114	51	0	1
2115	20	0	1
2116	2	2721	0
2117	129	0	1
2118	66	0	1
2119	31	0	1
212	4	1184	0
2120	103	0	1
2121	5	622	0
2122	360	0	1
2123	20	0	1
2124	33	0	1
2125	92	0	1
2128	1	4859	0
213	369	0	1
2130	838	0	1
2131	51	0	1
2132	78	0	1
2134	6	1810	0
2135	46	0	1
2137	106	0	1
2138	45	0	1
2139	121	0	1
214	77	0	1
2140	70	0	1
2145	82	0	1
2146	1457	0	1
2147	41	0	1
2149	27	0	1
215	74	0	1
2150	171	0	1
2152	24	0	1
2153	18	0	1
2155	17	0	1
2157	18	0	1
2158	38	0	1
2159	26	0	1
216	50	0	1
2160	9	677	0
2161	68	0	1
2162	14	337	0
2165	2	4079	0
2166	11	765	0
2167	19	0	1
2168	14	302	0
2169	4	1154	0
217	130	0	1
2170	30	0	1
2171	150	0	1
2172	2	3457	0
2173	16	0	1
2175	158	0	1
2176	85	0	1
2177	823	0	1
2178	29	0	1
218	75	0	1
2180	71	0	1
2181	253	0	1
2182	138	0	1
2184	21	0	1
2185	77	0	1
2186	190	0	1
2187	24	0	1
2188	22	0	1
2189	101	0	1
219	185	0	1
2191	19	0	1
2192	120	0	1
219285	11	278	0
219287	5	818	0
219293	36	0	1
2193	167	0	1
219333	66	0	1
219347	1	5391	0
219348	27	0	1
2194	394	0	1
219402	296	0	1
219409	46	0	1
219431	3	2190	0
219432	1	1370	0
219437	2	3463	0
219447	1	6845	0
219482	3	2812	0
219484	4	1817	0
219487	2	3173	0
219493	1	3613	0
2195	103	0	1
219527	64	0	1
219537	5	1071	0
219541	103	0	1
219557	1	5256	0
219578	3	2189	0
219595	10	438	0
2196	7	437	0
219621	26	0	1
219654	7	565	0
219670	12	457	0
219681	5	1686	0
219699	78	0	1
2197	200	0	1
219736	14	468	0
219738	89	0	1
219743	24	0	1
219749	5	543	0
219770	13	568	0
219771	46	0	1
219790	8	492	0
219793	1	6491	0
219833	9	698	0
219844	5	1907	0
219854	77	0	1
219855	1	1370	0
219865	1	3933	0
219869	1	4606	0
219870	5	1407	0
219873	7	1565	0
219874	40	0	1
219899	11	364	0
2199	52	0	1
219902	20	0	1
219927	176	0	1
219931	62	0	1
219938	8	930	0
219957	4	1019	0
219972	3	1286	0
219981	3	1636	0
219983	2	1987	0
219988	177	0	1
219990	1	3733	0
219995	38	0	1
22	135	0	1
220	51	0	1
2200	31	0	1
220001	62	0	1
220002	24	0	1
220004	78	0	1
220032	4	2148	0
220042	14	469	0
220047	11	740	0
220064	12	506	0
220074	4	906	0
220081	8	347	0
220082	134	0	1
2201	56	0	1
220107	1	5077	0
220108	46	0	1
220134	67	0	1
220136	30	0	1
220164	23	0	1
2202	118	0	1
220202	1	5801	0
220213	169	0	1
220296	5	523	0
2203	345	0	1
220323	61	0	1
220359	12	567	0
220388	18	0	1
2204	6	1537	0
220416	1	2956	0
220441	20	0	1
2205	35	0	1
220594	9	760	0
2206	7	812	0
2207	86	0	1
220717	129	0	1
2208	7	939	0
220869	8	427	0
220885	8	365	0
2209	46	0	1
220929	70	0	1
220963	5	940	0
220965	19	0	1
220972	61	0	1
220979	2	2352	0
220988	487	0	1
220992	29	0	1
221	107	0	1
2210	3	1814	0
221002	6	1417	0
221035	30	0	1
221037	85	0	1
221044	1	6001	0
221061	88	0	1
221074	79	0	1
221078	14	314	0
221079	55	0	1
221091	62	0	1
221092	273	0	1
221120	53	0	1
221143	7	902	0
221150	148	0	1
221154	93	0	1
221178	17	0	1
221184	89	0	1
221188	92	0	1
2212	46	0	1
221241	1	4573	0
221264	17	0	1
221294	26	0	1
2213	15	588	0
221301	39	0	1
221302	171	0	1
221322	93	0	1
221336	5	1582	0
221357	8	826	0
221391	2	3881	0
221393	1	5256	0
221395	7	1189	0
2214	32	0	1
221400	8	509	0
221409	11	764	0
221416	2	1197	0
221421	18	0	1
221424	33	0	1
221443	15	246	0
221458	7	1403	0
221472	25	0	1
221476	8	990	0
221477	8	645	0
221481	55	0	1
221491	1	6893	0
221496	94	0	1
2215	42	0	1
221504	114	0	1
221527	7	1097	0
221545	9	765	0
221547	2	1930	0
221613	70	0	1
221656	58	0	1
221662	38	0	1
221687	11	490	0
221692	10	417	0
2217	114	0	1
221710	2	1377	0
221711	5	524	0
221718	3	2659	0
221749	7	858	0
221756	1	2107	0
221785	73	0	1
221786	10	409	0
2218	10	685	0
221806	67	0	1
221823	34	0	1
221830	53	0	1
221833	3	3515	0
221838	1	2053	0
221883	1	2470	0
221895	60	0	1
2219	32	0	1
221908	10	310	0
221914	8	542	0
221927	94	0	1
221935	20	0	1
221937	237	0	1
221938	8	894	0
221955	56	0	1
221960	13	227	0
221981	25	0	1
222	24	0	1
2220	3	3715	0
222008	5	2276	0
222068	74	0	1
2221	1	3059	0
222166	34	0	1
222171	8	509	0
222183	3	845	0
222194	114	0	1
2222	136	0	1
222223	6	743	0
222229	115	0	1
222234	10	869	0
222235	42	0	1
222236	3	1739	0
222255	80	0	1
222256	7	1438	0
222389	94	0	1
2224	124	0	1
222484	101	0	1
222487	12	1379	0
222537	1	4249	0
222546	43	0	1
222553	18	0	1
222584	141	0	1
222611	1	2912	0
222642	62	0	1
222643	22	0	1
222658	16	0	1
222659	1	5256	0
222662	141	0	1
222663	2	721	0
222696	38	0	1
222698	24	0	1
2228	1	4411	0
222826	3	1477	0
222865	35	0	1
222894	15	749	0
222950	11	362	0
222962	3	1481	0
222967	2	2387	0
223	81	0	1
2230	39	0	1
223082	47	0	1
223117	6	829	0
2232	70	0	1
2235	125	0	1
2237	192	0	1
2239	76	0	1
224	304	0	1
2241	38	0	1
2242	34	0	1
2243	87	0	1
2244	191	0	1
2245	41	0	1
2246	39	0	1
2247	45	0	1
2248	62	0	1
2249	39	0	1
225	3	1459	0
2250	6	1428	0
2251	4	2345	0
2252	5	1939	0
2253	104	0	1
2254	13	884	0
2255	12	423	0
2256	169	0	1
225689	55	0	1
2257	75	0	1
2258	114	0	1
2259	41	0	1
226	311	0	1
2260	608	0	1
2261	288	0	1
2262	11	484	0
2263	217	0	1
2264	442	0	1
2266	95	0	1
2267	76	0	1
2268	82	0	1
2271	166	0	1
2272	18	0	1
2273	120	0	1
2274	382	0	1
2275	268	0	1
2277	36	0	1
22794	140	0	1
22795	75	0	1
22796	83	0	1
22797	12	703	0
22798	4	1989	0
2280	108	0	1
22800	84	0	1
22801	4	718	0
22802	24	0	1
22803	332	0	1
22806	303	0	1
22807	25	0	1
22808	13	575	0
22809	19	0	1
2281	31	0	1
22818	132	0	1
22820	222	0	1
22821	31	0	1
22822	62	0	1
22823	78	0	1
22824	238	0	1
22826	223	0	1
22827	360	0	1
22828	61	0	1
22829	5	1137	0
22832	162	0	1
22834	6	570	0
22835	12	288	0
22836	95	0	1
22837	66	0	1
22838	15	921	0
22839	67	0	1
22841	79	0	1
22843	38	0	1
22844	5	975	0
22845	50	0	1
22846	14	400	0
22847	47	0	1
22848	108	0	1
22849	4	770	0
22850	56	0	1
22852	132	0	1
22853	100	0	1
22854	102	0	1
22856	49	0	1
22858	57	0	1
22859	72	0	1
2286	76	0	1
22861	40	0	1
22862	288	0	1
22863	63	0	1
22864	128	0	1
22865	19	0	1
22866	14	326	0
22868	272	0	1
22869	22	0	1
2287	125	0	1
22870	165	0	1
22871	21	0	1
22872	178	0	1
22873	41	0	1
22874	33	0	1
22875	24	0	1
22876	40	0	1
22877	17	0	1
22878	73	0	1
22879	21	0	1
2288	272	0	1
22880	86	0	1
22881	6	1181	0
22882	70	0	1
22883	108	0	1
22884	74	0	1
22885	34	0	1
22887	39	0	1
22888	21	0	1
22889	58	0	1
2289	409	0	1
22890	137	0	1
22891	17	0	1
22893	61	0	1
22894	177	0	1
22895	25	0	1
22897	129	0	1
22898	4	1315	0
22899	47	0	1
229	34	0	1
2290	84	0	1
22900	52	0	1
22901	37	0	1
22902	53	0	1
22903	17	0	1
22904	13	247	0
22905	92	0	1
22906	75	0	1
22907	512	0	1
22908	142	0	1
22909	56	0	1
22911	36	0	1
22913	352	0	1
22914	21	0	1
22915	27	0	1
22916	125	0	1
22918	29	0	1
22919	508	0	1
22920	104	0	1
22921	60	0	1
22924	221	0	1
22925	3	1798	0
22926	111	0	1
22927	143	0	1
22928	30	0	1
22929	72	0	1
22930	150	0	1
22931	129	0	1
22932	8	489	0
22933	147	0	1
22934	56	0	1
22936	30	0	1
22937	117	0	1
22938	733	0	1
2294	33	0	1
22941	35	0	1
22943	23	0	1
22944	66	0	1
22948	512	0	1
22949	39	0	1
2295	53	0	1
22950	132	0	1
22953	67	0	1
22954	184	0	1
22955	48	0	1
2296	227	0	1
2297	4	1760	0
22974	201	0	1
22976	354	0	1
22977	16	0	1
22978	107	0	1
22979	68	0	1
2298	56	0	1
22980	89	0	1
22981	456	0	1
22982	9	249	0
22983	222	0	1
22984	378	0	1
22985	295	0	1
22986	6	1242	0
22987	12	611	0
22989	20	0	1
2299	91	0	1
22990	12	294	0
22992	95	0	1
22993	8	778	0
22994	198	0	1
22995	164	0	1
22996	12	520	0
22997	8	490	0
22998	93	0	1
22999	19	0	1
23	196	0	1
230	121	0	1
2300	194	0	1
23001	97	0	1
23002	51	0	1
23005	68	0	1
23007	72	0	1
23008	53	0	1
2301	7	1052	0
23011	113	0	1
23012	72	0	1
23013	136	0	1
23014	60	0	1
23015	34	0	1
23016	122	0	1
23017	10	667	0
23019	271	0	1
2302	25	0	1
23020	427	0	1
23022	115	0	1
23023	22	0	1
23024	38	0	1
23025	10	479	0
23026	11	293	0
23028	796	0	1
23029	287	0	1
2303	41	0	1
23030	64	0	1
23031	126	0	1
23032	138	0	1
23033	19	0	1
23034	44	0	1
23035	31	0	1
23036	60	0	1
23037	22	0	1
23038	147	0	1
23039	1092	0	1
2304	79	0	1
23040	8	525	0
23041	143	0	1
23042	203	0	1
23043	154	0	1
23046	48	0	1
23047	174	0	1
23048	117	0	1
23049	87	0	1
2305	111	0	1
23051	46	0	1
23052	83	0	1
23053	66	0	1
23054	139	0	1
23057	23	0	1
23059	226	0	1
2306	28	0	1
23060	138	0	1
23061	77	0	1
23062	80	0	1
23063	168	0	1
23064	154	0	1
23065	405	0	1
23066	85	0	1
23067	69	0	1
2307	85	0	1
23070	210	0	1
23071	175	0	1
23072	34	0	1
23074	71	0	1
23075	74	0	1
23076	311	0	1
23077	215	0	1
23078	333	0	1
2308	331	0	1
23080	22	0	1
23081	63	0	1
23082	18	0	1
23085	181	0	1
23086	53	0	1
23087	97	0	1
23089	103	0	1
2309	84	0	1
23090	39	0	1
23091	154	0	1
23092	64	0	1
23093	47	0	1
23094	111	0	1
23095	159	0	1
23096	33	0	1
23097	86	0	1
23098	49	0	1
23099	46	0	1
231	78	0	1
2310	5	1195	0
23101	36	0	1
23102	90	0	1
23105	33	0	1
23107	326	0	1
23108	10	309	0
23109	6	1075	0
23111	102	0	1
23112	279	0	1
23113	169	0	1
23114	7	488	0
23116	12	428	0
23117	2	1898	0
23118	165	0	1
23119	58	0	1
2312	103	0	1
23120	4	1524	0
23122	135	0	1
23125	17	0	1
23126	263	0	1
23127	65	0	1
23129	22	0	1
2313	58	0	1
23130	41	0	1
23131	110	0	1
23132	98	0	1
23133	174	0	1
23135	93	0	1
23136	245	0	1
23137	991	0	1
23138	49	0	1
23139	50	0	1
2314	288	0	1
23140	130	0	1
23141	202	0	1
23142	30	0	1
23143	62	0	1
23144	226	0	1
23145	6	809	0
23148	20	0	1
23149	71	0	1
2315	5	909	0
23150	6	1032	0
23151	61	0	1
23152	674	0	1
23154	105	0	1
23155	185	0	1
23157	76	0	1
23158	55	0	1
2316	608	0	1
23160	112	0	1
23161	20	0	1
23162	56	0	1
23163	108	0	1
23164	212	0	1
23165	234	0	1
23166	10	498	0
23167	106	0	1
23168	105	0	1
23169	3	873	0
2317	297	0	1
23170	119	0	1
23171	64	0	1
23172	88	0	1
23173	49	0	1
23174	36	0	1
23175	30	0	1
23176	79	0	1
23177	19	0	1
23178	130	0	1
23179	14	389	0
2318	217	0	1
23180	35	0	1
23181	94	0	1
23184	145	0	1
23185	237	0	1
23186	495	0	1
23187	44	0	1
23189	38	0	1
2319	280	0	1
23190	180	0	1
23191	188	0	1
23192	122	0	1
23193	361	0	1
23194	25	0	1
23195	189	0	1
23196	342	0	1
23197	434	0	1
23198	93	0	1
23199	154	0	1
23200	8	661	0
23201	142	0	1
23203	379	0	1
23204	126	0	1
23205	6	824	0
23207	12	573	0
23208	30	0	1
23209	19	0	1
2321	156	0	1
23210	198	0	1
23211	147	0	1
23212	340	0	1
23213	32	0	1
23214	87	0	1
23215	274	0	1
23216	60	0	1
23217	4	998	0
23218	24	0	1
23219	105	0	1
2322	189	0	1
23220	20	0	1
23221	164	0	1
23223	300	0	1
23224	173	0	1
23225	172	0	1
23228	16	0	1
23229	26	0	1
2323	3	3041	0
23230	104	0	1
23231	54	0	1
23232	10	646	0
23233	44	0	1
23234	289	0	1
23235	104	0	1
23236	46	0	1
23237	25	0	1
23239	305	0	1
2324	246	0	1
23240	87	0	1
23241	18	0	1
23242	75	0	1
23243	229	0	1
23244	242	0	1
23245	9	488	0
23246	187	0	1
23247	11	333	0
23248	144	0	1
23250	35	0	1
23251	9	486	0
23252	56	0	1
23253	37	0	1
23254	26	0	1
23255	80	0	1
23256	223	0	1
23258	21	0	1
23259	42	0	1
2326	10	983	0
23261	8	378	0
23262	63	0	1
23263	20	0	1
23264	49	0	1
23265	123	0	1
23266	86	0	1
23268	109	0	1
23269	225	0	1
2327	3	2298	0
23270	36	0	1
23271	161	0	1
23272	84	0	1
23274	625	0	1
23275	16	0	1
23276	39	0	1
23277	137	0	1
23279	174	0	1
2328	5	1945	0
23281	368	0	1
23283	92	0	1
23284	23	0	1
23285	38	0	1
23286	91	0	1
23287	60	0	1
23288	33	0	1
2329	3	1982	0
23291	462	0	1
23293	82	0	1
23294	160	0	1
23295	88	0	1
23299	422	0	1
2330	6	844	0
23300	12	423	0
23301	129	0	1
23303	142	0	1
23304	116	0	1
23305	5	990	0
23306	88	0	1
23307	95	0	1
23308	19	0	1
23309	137	0	1
2331	41	0	1
23310	145	0	1
23312	64	0	1
23313	26	0	1
23314	159	0	1
23315	21	0	1
23316	14	572	0
23317	140	0	1
23318	84	0	1
2332	283	0	1
23321	49	0	1
23322	184	0	1
23324	70	0	1
23325	102	0	1
23326	157	0	1
23327	304	0	1
23328	50	0	1
23329	25	0	1
23331	105	0	1
23332	117	0	1
23333	69	0	1
23334	38	0	1
23335	50	0	1
23336	55	0	1
23338	46	0	1
23339	53	0	1
2334	6	1046	0
23341	230	0	1
23344	421	0	1
23345	110	0	1
23347	187	0	1
23348	59	0	1
23349	6	1580	0
2335	806	0	1
23350	342	0	1
23351	20	0	1
23352	307	0	1
23353	156	0	1
23354	131	0	1
23355	61	0	1
23357	53	0	1
23358	106	0	1
23359	1	5658	0
23360	63	0	1
23361	126	0	1
23362	68	0	1
23363	901	0	1
23365	91	0	1
23366	12	545	0
23367	466	0	1
23368	164	0	1
23369	138	0	1
23370	32	0	1
23371	232	0	1
23373	26	0	1
23376	1026	0	1
23378	257	0	1
23379	50	0	1
23380	156	0	1
23381	78	0	1
23382	137	0	1
23383	136	0	1
23384	158	0	1
23385	177	0	1
23386	146	0	1
23387	70	0	1
23389	101	0	1
2339	76	0	1
23390	278	0	1
23392	318	0	1
23394	202	0	1
23395	143	0	1
23396	42	0	1
23397	305	0	1
23398	47	0	1
23399	69	0	1
23400	97	0	1
23401	26	0	1
23403	31	0	1
23404	154	0	1
23405	170	0	1
23406	54	0	1
23408	63	0	1
23409	12	571	0
23410	89	0	1
23411	390	0	1
23412	70	0	1
23413	77	0	1
23414	29	0	1
23415	5	1284	0
23416	2	1796	0
23417	29	0	1
23418	8	879	0
2342	96	0	1
23420	179	0	1
23421	69	0	1
23423	24	0	1
23424	50	0	1
23426	82	0	1
23428	31	0	1
23429	233	0	1
23431	50	0	1
23432	29	0	1
23433	435	0	1
23434	9	894	0
23435	514	0	1
23436	13	968	0
23437	1	4672	0
23438	184	0	1
23439	59	0	1
23440	9	1076	0
23443	10	458	0
23446	39	0	1
23450	533	0	1
23451	548	0	1
23452	5	898	0
23456	74	0	1
23457	33	0	1
2346	15	305	0
23460	9	1136	0
23461	8	380	0
23462	137	0	1
23463	59	0	1
23464	57	0	1
23466	279	0	1
23467	25	0	1
23468	328	0	1
23469	113	0	1
23471	47	0	1
23473	39	0	1
23474	45	0	1
23475	82	0	1
23476	1591	0	1
23478	92	0	1
23479	41	0	1
2348	225	0	1
23480	41	0	1
23481	251	0	1
23483	8	918	0
23484	76	0	1
23491	15	566	0
23492	43	0	1
23493	50	0	1
23495	44	0	1
23498	6	1313	0
23499	201	0	1
2350	1	6831	0
23500	28	0	1
23503	48	0	1
23504	5	1779	0
23505	141	0	1
23506	44	0	1
23507	30	0	1
23508	5	1231	0
23509	37	0	1
23510	54	0	1
23511	144	0	1
23512	636	0	1
23513	254	0	1
23514	22	0	1
23515	75	0	1
23516	112	0	1
23517	225	0	1
23518	86	0	1
2352	7	1118	0
23520	6	1587	0
23521	549	0	1
23522	33	0	1
23523	78	0	1
23524	444	0	1
23526	24	0	1
23527	48	0	1
23528	168	0	1
23529	12	550	0
2353	263	0	1
23530	174	0	1
23531	24	0	1
23532	95	0	1
23533	7	704	0
23534	230	0	1
23536	10	320	0
23539	5	1751	0
2354	44	0	1
23541	23	0	1
23542	108	0	1
23543	285	0	1
23544	10	521	0
23545	127	0	1
23546	2	4256	0
23548	49	0	1
23549	84	0	1
2355	82	0	1
23550	17	0	1
23551	13	486	0
23552	113	0	1
23553	4	1989	0
23554	21	0	1
23555	274	0	1
23556	68	0	1
23557	157	0	1
23558	80	0	1
23559	41	0	1
2356	26	0	1
23560	402	0	1
23562	4	2556	0
23563	33	0	1
23564	69	0	1
23566	65	0	1
23567	376	0	1
23568	38	0	1
23569	32	0	1
2357	140	0	1
23576	47	0	1
2358	136	0	1
23580	76	0	1
23581	156	0	1
23582	134	0	1
23583	45	0	1
23584	31	0	1
23585	16	0	1
23586	1763	0	1
23587	18	0	1
23588	74	0	1
23589	55	0	1
23590	23	0	1
23592	265	0	1
23593	15	295	0
23594	45	0	1
23595	91	0	1
23596	5	1190	0
23597	160	0	1
23598	161	0	1
23600	66	0	1
23601	19	0	1
23603	325	0	1
23604	14	452	0
23607	193	0	1
23608	165	0	1
23609	383	0	1
23612	29	0	1
23613	190	0	1
23616	44	0	1
23617	24	0	1
23619	51	0	1
23621	33	0	1
23623	101	0	1
23624	73	0	1
23625	6	1317	0
23626	3	1624	0
23627	7	1880	0
23630	7	1129	0
23632	70	0	1
23633	167	0	1
23635	103	0	1
23636	257	0	1
23637	117	0	1
23639	18	0	1
23640	165	0	1
23641	112	0	1
23642	8	508	0
23643	8	1171	0
23644	214	0	1
23645	38	0	1
23646	240	0	1
23647	99	0	1
23648	90	0	1
23649	129	0	1
23650	220	0	1
23654	162	0	1
23657	76	0	1
23658	69	0	1
23659	16	0	1
23660	15	528	0
23666	10	474	0
23670	112	0	1
23671	12	543	0
23673	240	0	1
23676	3	3523	0
23677	129	0	1
23678	61	0	1
23682	28	0	1
23683	43	0	1
23704	35	0	1
23705	34	0	1
23708	106	0	1
23710	147	0	1
23714	3	2515	0
23729	26	0	1
23731	36	0	1
23732	1	4674	0
23741	49	0	1
23742	8	1411	0
23743	7	848	0
23746	34	0	1
23753	306	0	1
23759	76	0	1
23760	52	0	1
23761	65	0	1
23762	24	0	1
23764	43	0	1
23765	153	0	1
23766	2	1764	0
23767	19	0	1
23768	21	0	1
23769	40	0	1
23770	532	0	1
23772	1	4134	0
23774	344	0	1
23779	23	0	1
23780	108	0	1
23784	1	6859	0
23786	137	0	1
23787	197	0	1
23788	408	0	1
238	588	0	1
239	9	504	0
2395	54	0	1
24	5	921	0
240	70	0	1
241	11	980	0
24137	101	0	1
24138	68	0	1
24139	37	0	1
24140	73	0	1
24141	10	357	0
24142	13	426	0
24144	410	0	1
24145	273	0	1
24146	4	1248	0
24147	4	2765	0
24148	334	0	1
24149	132	0	1
24150	1	2207	0
242	98	0	1
2436	1	3176	0
2444	48	0	1
245	1	2107	0
245711	11	445	0
245802	7	1544	0
245806	2	2097	0
245812	19	0	1
245908	1	6210	0
245909	16	0	1
245910	12	637	0
245911	3	3780	0
245913	14	613	0
245915	3	3611	0
245928	2	2745	0
245929	2	2422	0
245930	6	1396	0
245932	1	3407	0
245934	20	0	1
245936	15	818	0
245937	4	1288	0
245938	18	0	1
245939	1	6442	0
245940	1	4523	0
245972	57	0	1
245973	42	0	1
246	9	660	0
246100	78	0	1
246126	1	5094	0
246175	91	0	1
246176	54	0	1
246181	71	0	1
246184	48	0	1
246213	6	1646	0
246243	46	0	1
246269	13	503	0
246329	43	0	1
246330	36	0	1
246715	1	3225	0
246721	4	1015	0
246744	16	0	1
246777	1	4024	0
246778	5	2303	0
247	22	0	1
2475	314	0	1
248	69	0	1
2483	57	0	1
2487	10	827	0
2488	1	6882	0
249	23	0	1
2491	34	0	1
2492	35	0	1
2494	34	0	1
2495	168	0	1
2498	1	3002	0
25	219	0	1
250	126	0	1
251	31	0	1
2512	343	0	1
2515	8	848	0
2516	33	0	1
2517	26	0	1
2519	42	0	1
2520	36	0	1
2521	747	0	1
2523	35	0	1
2524	1	5933	0
2525	26	0	1
2526	8	1073	0
252839	224	0	1
252884	21	0	1
2529	5	1081	0
252969	20	0	1
252983	81	0	1
252995	126	0	1
2530	111	0	1
253012	38	0	1
253017	1	4359	0
253018	1	2107	0
2531	99	0	1
253143	58	0	1
253152	25	0	1
253175	1	2038	0
253190	7	1344	0
2532	3	3449	0
253260	721	0	1
2533	21	0	1
253314	3	1905	0
2534	358	0	1
253430	11	483	0
253461	143	0	1
2535	59	0	1
253512	42	0	1
253558	73	0	1
253559	7	616	0
253635	53	0	1
253639	82	0	1
253650	9	397	0
2537	49	0	1
253714	62	0	1
253724	3	1286	0
253725	67	0	1
253738	23	0	1
253769	8	323	0
253782	102	0	1
2538	3	3567	0
253827	89	0	1
253832	34	0	1
253868	1	4359	0
2539	202	0	1
253935	1	2811	0
253943	247	0	1
253959	74	0	1
253980	50	0	1
253982	5	847	0
254013	28	0	1
254042	10	658	0
254048	88	0	1
254050	2	2693	0
254065	43	0	1
254102	52	0	1
254122	24	0	1
254158	5	1817	0
254170	16	0	1
254173	16	0	1
254187	138	0	1
2542	46	0	1
254225	73	0	1
254228	4	1487	0
254240	2	2841	0
254251	12	499	0
254263	10	772	0
254268	10	778	0
254272	5	1423	0
254295	7	959	0
2543	13	711	0
254359	13	721	0
254394	49	0	1
254427	56	0	1
254428	38	0	1
254528	4	1791	0
254531	47	0	1
254552	21	0	1
2547	912	0	1
254773	55	0	1
254778	6	1755	0
254786	1	2523	0
2548	115	0	1
254827	18	0	1
254863	15	536	0
254879	1	3866	0
254887	72	0	1
254896	42	0	1
2549	161	0	1
254910	88	0	1
254950	80	0	1
254956	12	1012	0
254958	3	2972	0
2550	42	0	1
255022	1	6557	0
255027	2	1206	0
255031	1	5391	0
255043	106	0	1
255057	76	0	1
255061	2	4603	0
255082	3	1057	0
2551	128	0	1
255101	4	1733	0
255104	5	1031	0
255119	7	824	0
255167	2	3039	0
255180	1	5763	0
255189	9	772	0
255193	4	1979	0
255220	6	475	0
255231	31	0	1
255239	30	0	1
255252	31	0	1
255275	11	1340	0
2553	36	0	1
255308	29	0	1
255324	4	2515	0
255330	41	0	1
255374	15	422	0
255394	20	0	1
2554	134	0	1
255403	13	345	0
255426	8	423	0
255488	38	0	1
2555	3	1647	0
255520	15	270	0
2556	24	0	1
255626	179	0	1
255631	5	485	0
2557	4	1077	0
255725	18	0	1
255738	74	0	1
255743	7	1024	0
255758	38	0	1
255762	8	503	0
255798	6	949	0
2558	1	6779	0
255809	82	0	1
255812	1	2053	0
255877	31	0	1
2559	11	925	0
255919	5	610	0
255926	2	2030	0
255928	3	1753	0
255967	65	0	1
2560	6	644	0
256006	6	1484	0
256051	4	585	0
256076	4	709	0
2561	8	472	0
256126	19	0	1
256130	7	1497	0
256158	4	1052	0
2562	14	542	0
256223	1	6936	0
256227	3	1803	0
256236	1	3015	0
256281	17	0	1
256297	13	846	0
2563	24	0	1
256302	12	586	0
256309	13	326	0
256329	18	0	1
256355	14	711	0
256356	6	823	0
256364	57	0	1
256369	19	0	1
256380	6	1486	0
256394	2	1459	0
2564	50	0	1
256435	29	0	1
256471	59	0	1
256472	1	5390	0
2565	3	2773	0
256536	2	2397	0
256586	14	571	0
2566	21	0	1
256643	2	1778	0
256646	55	0	1
256691	10	420	0
2567	3	1748	0
256714	66	0	1
256764	8	481	0
2568	2	1924	0
256815	13	927	0
2569	6	1153	0
256933	27	0	1
256949	4	641	0
256957	3	1583	0
256979	6	1783	0
256987	31	0	1
257	19	0	1
257000	3	1061	0
257019	26	0	1
257044	7	1440	0
257062	3	2526	0
257068	5	1485	0
2571	26	0	1
257101	9	1434	0
257106	5	688	0
257144	5	770	0
257160	102	0	1
257169	10	360	0
257194	13	409	0
2572	47	0	1
257203	146	0	1
257218	95	0	1
257236	160	0	1
257240	61	0	1
257313	2	2363	0
257364	61	0	1
257397	61	0	1
2574	1	6012	0
257407	6	468	0
257415	29	0	1
25758	6	738	0
25759	37	0	1
257629	9	489	0
25763	81	0	1
25764	113	0	1
25766	20	0	1
25769	1	2537	0
2577	50	0	1
25770	4	1322	0
25771	31	0	1
25776	179	0	1
25777	207	0	1
25778	66	0	1
25780	18	0	1
25782	140	0	1
25787	1	3861	0
25788	53	0	1
25789	41	0	1
25790	15	315	0
25791	75	0	1
25792	53	0	1
25793	590	0	1
25794	6	868	0
25796	68	0	1
25797	42	0	1
25798	5	1188	0
25799	46	0	1
258	4	963	0
2580	172	0	1
25800	118	0	1
25801	45	0	1
258010	29	0	1
25802	8	497	0
25803	35	0	1
25804	172	0	1
25805	12	923	0
25806	8	1133	0
25807	26	0	1
25809	26	0	1
2581	33	0	1
25812	3	3281	0
25813	199	0	1
25814	121	0	1
25816	33	0	1
25817	16	0	1
25818	106	0	1
25819	48	0	1
2582	50	0	1
25820	249	0	1
25821	79	0	1
25822	113	0	1
25823	2	3981	0
25824	164	0	1
25825	79	0	1
25827	31	0	1
25828	143	0	1
25829	35	0	1
2583	22	0	1
25830	21	0	1
25831	980	0	1
25832	3	1301	0
25833	7	969	0
25834	37	0	1
25836	189	0	1
25837	18	0	1
25839	105	0	1
2584	75	0	1
25840	359	0	1
25841	98	0	1
25842	244	0	1
25843	147	0	1
25844	181	0	1
25845	1	3225	0
25847	23	0	1
25849	14	716	0
2585	21	0	1
25850	6	799	0
25851	13	285	0
25852	228	0	1
25853	104	0	1
25854	2	1406	0
25855	91	0	1
25858	3	1273	0
25861	22	0	1
25862	59	0	1
25864	63	0	1
25865	251	0	1
2587	3	1834	0
25870	53	0	1
25871	102	0	1
25873	502	0	1
25874	56	0	1
25875	59	0	1
25876	8	1156	0
25878	9	394	0
25879	222	0	1
2588	81	0	1
25880	68	0	1
25884	33	0	1
25885	192	0	1
25886	121	0	1
25888	26	0	1
2589	46	0	1
25890	12	532	0
25891	3	2537	0
25893	19	0	1
25894	151	0	1
25895	364	0	1
25896	105	0	1
25897	19	0	1
25898	322	0	1
259	21	0	1
2590	92	0	1
25900	52	0	1
25901	30	0	1
25902	155	0	1
25903	10	338	0
25904	141	0	1
25906	125	0	1
25907	3	711	0
25909	142	0	1
2591	17	0	1
25911	29	0	1
25912	79	0	1
25913	233	0	1
25914	21	0	1
25915	119	0	1
25917	93	0	1
259173	9	857	0
259197	118	0	1
2592	21	0	1
25920	111	0	1
25921	108	0	1
259215	5	1504	0
259217	102	0	1
25923	179	0	1
259230	9	386	0
259232	5	1149	0
259236	30	0	1
259239	18	0	1
25924	7	986	0
259240	5	2120	0
259249	4	1786	0
25925	38	0	1
25926	119	0	1
259266	138	0	1
25927	21	0	1
25928	26	0	1
259282	124	0	1
259285	1	5158	0
259287	19	0	1
25929	239	0	1
259290	6	1286	0
259294	24	0	1
259295	1	4454	0
259296	2	4086	0
2593	31	0	1
25930	153	0	1
259307	12	421	0
259308	1	4688	0
25932	132	0	1
25934	90	0	1
25936	54	0	1
25937	387	0	1
25938	25	0	1
25939	187	0	1
25940	233	0	1
25941	20	0	1
25942	346	0	1
25943	8	729	0
25945	78	0	1
25946	20	0	1
25948	11	248	0
25949	69	0	1
2595	6	1464	0
25950	9	467	0
25953	130	0	1
25956	20	0	1
25957	46	0	1
25959	281	0	1
2596	37	0	1
25960	6	901	0
25961	16	0	1
25962	2936	0	1
25963	183	0	1
25966	43	0	1
2597	682	0	1
25970	30	0	1
25972	44	0	1
25973	51	0	1
25974	16	0	1
25975	20	0	1
25976	1540	0	1
25977	73	0	1
25978	76	0	1
25979	100	0	1
25980	656	0	1
25981	17	0	1
25983	118	0	1
25984	30	0	1
25987	3	2443	0
25988	39	0	1
25989	60	0	1
25992	3	1686	0
25994	75	0	1
25996	32	0	1
25998	122	0	1
25999	15	338	0
26	11	1029	0
26000	89	0	1
26001	55	0	1
26002	47	0	1
26003	365	0	1
26005	33	0	1
26007	92	0	1
26009	137	0	1
26010	124	0	1
26011	14	534	0
26012	32	0	1
26013	107	0	1
26015	93	0	1
26017	30	0	1
26018	59	0	1
26019	156	0	1
26020	113	0	1
26022	23	0	1
26024	131	0	1
26025	9	884	0
26027	18	0	1
260293	3	985	0
260294	15	268	0
26030	99	0	1
26031	108	0	1
26032	24	0	1
26033	10	620	0
260334	13	389	0
26034	10	756	0
26035	44	0	1
26036	82	0	1
26037	161	0	1
26038	70	0	1
26039	100	0	1
26040	28	0	1
260425	54	0	1
260429	8	802	0
26043	260	0	1
260431	1	5554	0
260434	2	2720	0
260436	11	707	0
26045	19	0	1
26046	197	0	1
26047	17	0	1
26048	8	756	0
26049	34	0	1
26050	51	0	1
26051	63	0	1
26052	86	0	1
26053	43	0	1
26054	40	0	1
26056	176	0	1
26057	217	0	1
26058	254	0	1
26059	34	0	1
26060	174	0	1
26061	24	0	1
26063	52	0	1
26064	213	0	1
26065	242	0	1
26070	2	1757	0
26071	10	405	0
26073	204	0	1
26074	1	1237	0
26084	42	0	1
26085	10	1093	0
26086	54	0	1
26088	115	0	1
26090	90	0	1
26091	72	0	1
26092	226	0	1
26093	84	0	1
26094	377	0	1
26095	11	846	0
26097	210	0	1
26098	96	0	1
26099	20	0	1
26100	78	0	1
26108	23	0	1
26112	29	0	1
26115	81	0	1
26118	26	0	1
26119	31	0	1
26121	369	0	1
26122	59	0	1
26123	332	0	1
26127	90	0	1
26128	180	0	1
26130	176	0	1
26133	103	0	1
26135	1429	0	1
26136	328	0	1
26137	36	0	1
26138	1	5646	0
26140	15	424	0
26145	81	0	1
26146	93	0	1
26147	79	0	1
26148	52	0	1
26149	8	322	0
2615	26	0	1
26150	29	0	1
26151	18	0	1
26152	15	455	0
26153	14	327	0
26154	8	462	0
26155	274	0	1
26156	457	0	1
26157	8	986	0
2616	1	3645	0
26160	53	0	1
26164	275	0	1
26165	5	2098	0
26166	4	1035	0
26167	15	491	0
26168	297	0	1
2617	260	0	1
261726	117	0	1
261729	9	726	0
26173	168	0	1
261734	63	0	1
26175	1	4935	0
2618	222	0	1
26188	1	3925	0
26189	3	2694	0
2619	15	401	0
26190	37	0	1
26191	51	0	1
262	55	0	1
2620	6	498	0
26205	51	0	1
26206	88	0	1
26207	20	0	1
2621	73	0	1
2622	120	0	1
26223	9	684	0
26224	22	0	1
26225	79	0	1
26226	1	3643	0
26227	372	0	1
26228	19	0	1
26229	99	0	1
2623	146	0	1
26230	15	366	0
26231	29	0	1
26232	407	0	1
26233	581	0	1
26234	43	0	1
26235	104	0	1
26238	1	4134	0
26239	80	0	1
2624	187	0	1
26240	64	0	1
26248	6	1635	0
26249	35	0	1
2625	179	0	1
26251	1	6807	0
26253	351	0	1
26254	14	906	0
26256	6	735	0
26258	78	0	1
26259	153	0	1
2626	399	0	1
26260	196	0	1
26261	13	320	0
26262	71	0	1
26263	539	0	1
26266	28	0	1
26267	44	0	1
26268	13	261	0
26269	13	318	0
2627	23	0	1
26270	716	0	1
26271	49	0	1
26272	35	0	1
26273	64	0	1
26275	67	0	1
26276	192	0	1
26277	127	0	1
26278	51	0	1
26279	20	0	1
2628	10	372	0
26280	2	1731	0
26281	2	4550	0
26284	236	0	1
26285	4	1155	0
26286	104	0	1
26287	13	381	0
26289	10	477	0
2629	126	0	1
26290	8	675	0
26291	10	654	0
26292	106	0	1
26297	15	535	0
26298	13	415	0
2630	24	0	1
2631	239	0	1
2632	71	0	1
2633	37	0	1
26330	166	0	1
26333	4	1380	0
2634	53	0	1
26341	8	1136	0
2635	9	763	0
26353	165	0	1
26354	329	0	1
26355	71	0	1
2636	7	1421	0
2637	4	1123	0
2638	59	0	1
2639	90	0	1
2641	24	0	1
2642	106	0	1
2643	61	0	1
2644	18	0	1
2645	10	436	0
2646	13	310	0
26468	56	0	1
26469	54	0	1
2647	47	0	1
26470	41	0	1
26471	682	0	1
26472	30	0	1
2648	172	0	1
2649	6	1351	0
26493	3	1945	0
26494	1	1237	0
26499	14	303	0
2650	31	0	1
26502	22	0	1
26503	7	761	0
26504	61	0	1
26505	175	0	1
26507	54	0	1
26508	27	0	1
26509	101	0	1
2651	22	0	1
26511	71	0	1
26512	101	0	1
26515	23	0	1
26517	168	0	1
26519	87	0	1
26520	41	0	1
26521	52	0	1
26523	166	0	1
26524	289	0	1
26525	44	0	1
26526	21	0	1
26528	136	0	1
2653	58	0	1
26532	8	1030	0
26533	1	3809	0
26534	1	6502	0
26538	71	0	1
26539	47	0	1
26548	21	0	1
2657	2	2009	0
26574	322	0	1
26575	46	0	1
26576	189	0	1
26577	26	0	1
26578	87	0	1
26579	15	551	0
2658	6	2141	0
26580	188	0	1
26582	10	975	0
26583	3	3230	0
26584	6	1572	0
26585	4	1999	0
26586	127	0	1
26589	182	0	1
26595	1	5304	0
266	1	5972	0
2660	29	0	1
26608	172	0	1
26609	4	2265	0
2661	56	0	1
26610	52	0	1
2662	6	1564	0
2664	139	0	1
26648	1	5057	0
2665	172	0	1
266553	17	0	1
26658	1	3892	0
26659	6	1237	0
266629	4	1512	0
26664	1	6152	0
266655	1	2053	0
266697	2	3146	0
2667	3	2251	0
266722	7	1137	0
266727	3	2670	0
266740	24	0	1
266743	5	1614	0
266747	7	1239	0
2668	23	0	1
266812	52	0	1
26683	1	6845	0
26686	2	3699	0
2669	145	0	1
26692	1	2253	0
26696	4	1566	0
266971	252	0	1
266977	29	0	1
267	223	0	1
2670	211	0	1
267002	3	2972	0
267004	5	1406	0
267010	27	0	1
267012	2	4107	0
267020	4	1872	0
2671	71	0	1
26716	1	6100	0
2672	21	0	1
2673	153	0	1
26735	3	1084	0
2674	43	0	1
26747	137	0	1
26748	2	4151	0
26749	34	0	1
2675	4	975	0
26750	27	0	1
26751	14	410	0
2676	12	1108	0
26762	26	0	1
26765	1	3872	0
26768	3	1253	0
2677	67	0	1
26774	1	3015	0
2678	21	0	1
26781	3	1419	0
26782	2	2655	0
26784	1	5413	0
26785	1	3557	0
26786	1	3872	0
26787	1	2053	0
26788	1	3872	0
26789	1	3872	0
26790	1	3015	0
26791	1	3015	0
26792	1	2537	0
26793	1	2537	0
26795	1	3596	0
26799	1	2317	0
268	7	866	0
26800	2	1916	0
26806	2	1916	0
26807	1	2107	0
26809	1	3015	0
2681	1	3307	0
26810	1	3596	0
26811	1	3015	0
26813	2	2232	0
26814	1	4171	0
26815	1	4171	0
26816	1	3872	0
26817	1	3872	0
26818	1	3872	0
26820	4	875	0
26821	3	1973	0
26824	27	0	1
26825	1	4952	0
26826	1	4952	0
26827	7	989	0
26828	1	2053	0
2683	48	0	1
26831	9	452	0
26832	3	1246	0
26834	1	2053	0
26835	12	403	0
26851	2	1451	0
26853	1	2317	0
26855	2	1916	0
2686	110	0	1
26861	1	2053	0
26863	1	2053	0
26864	1	2053	0
26865	1	2053	0
26866	1	2053	0
26869	1	2053	0
2687	5	2034	0
26870	1	2053	0
26871	21	0	1
26872	5	971	0
26873	11	278	0
2688	13	681	0
2689	5	2014	0
269	42	0	1
2690	42	0	1
2691	3	2417	0
2692	2	4181	0
2693	3	3209	0
2694	15	553	0
2695	43	0	1
26952	7	1045	0
26953	102	0	1
26958	149	0	1
26959	120	0	1
2696	2	3566	0
26960	76	0	1
2697	566	0	1
26973	122	0	1
26974	1	5948	0
26980	1	5800	0
26984	126	0	1
26985	145	0	1
26986	655	0	1
26993	236	0	1
26994	160	0	1
26995	347	0	1
26996	2	3866	0
26998	8	581	0
26999	157	0	1
27	100	0	1
270	10	309	0
2700	17	0	1
27000	214	0	1
27004	1	5256	0
27005	159	0	1
27006	1	6610	0
2701	9	819	0
27010	23	0	1
27012	5	872	0
27013	8	970	0
27018	35	0	1
27019	6	622	0
2702	36	0	1
27020	251	0	1
27022	26	0	1
27023	133	0	1
2703	158	0	1
27030	58	0	1
27031	33	0	1
27032	89	0	1
27033	57	0	1
27034	33	0	1
27035	11	555	0
27036	10	747	0
27037	137	0	1
27039	10	973	0
27040	111	0	1
27042	94	0	1
27043	178	0	1
27044	337	0	1
2705	78	0	1
2706	65	0	1
27063	25	0	1
27065	38	0	1
27067	225	0	1
27068	135	0	1
27069	133	0	1
2707	18	0	1
27071	25	0	1
27072	55	0	1
27074	485	0	1
27075	3	1127	0
27076	139	0	1
27077	30	0	1
27079	34	0	1
27085	22	0	1
27086	249	0	1
27087	376	0	1
27089	157	0	1
2709	72	0	1
27090	23	0	1
27091	41	0	1
27092	57	0	1
27094	52	0	1
27095	68	0	1
27097	103	0	1
27098	1	6598	0
271	102	0	1
2710	89	0	1
27101	272	0	1
27102	27	0	1
27106	52	0	1
27107	109	0	1
27109	19	0	1
27111	67	0	1
27113	29	0	1
27115	11	435	0
2712	7	550	0
27120	109	0	1
27121	9	651	0
27122	75	0	1
27123	48	0	1
27124	19	0	1
27125	118	0	1
27127	11	490	0
27128	42	0	1
27129	22	0	1
2713	11	627	0
27130	18	0	1
27131	132	0	1
27132	74	0	1
27133	7	574	0
27134	13	492	0
27136	13	459	0
27141	76	0	1
27143	80	0	1
27145	28	0	1
27146	12	419	0
27147	5	554	0
27148	41	0	1
27151	5	1200	0
27152	50	0	1
27153	99	0	1
27154	163	0	1
27156	50	0	1
27158	50	0	1
27159	38	0	1
27161	460	0	1
27163	220	0	1
27164	20	0	1
27165	14	350	0
27166	26	0	1
2717	60	0	1
27173	38	0	1
27175	35	0	1
27177	3	2587	0
27178	26	0	1
27179	20	0	1
27180	7	1221	0
27181	1	6647	0
27183	76	0	1
27185	420	0	1
2719	69	0	1
27190	77	0	1
27198	4	2147	0
27199	1	3412	0
272	11	844	0
2720	108	0	1
27201	1	2253	0
27202	74	0	1
27229	158	0	1
27230	61	0	1
27231	5	1230	0
27232	37	0	1
27233	107	0	1
27235	84	0	1
27236	132	0	1
27237	93	0	1
27238	115	0	1
27239	4	1047	0
27240	16	0	1
27241	19	0	1
27242	23	0	1
27243	96	0	1
27244	10	309	0
27245	74	0	1
27246	133	0	1
27247	51	0	1
27248	127	0	1
27249	33	0	1
27250	171	0	1
27252	214	0	1
27253	38	0	1
27254	4	1193	0
27255	1	6716	0
27257	96	0	1
27258	113	0	1
27283	26	0	1
27284	4	2464	0
27285	22	0	1
27287	102	0	1
27288	37	0	1
27289	242	0	1
2729	28	0	1
27290	11	1091	0
27291	22	0	1
27292	186	0	1
27293	38	0	1
27294	46	0	1
27295	22	0	1
27296	7	859	0
27297	88	0	1
273	53	0	1
2730	53	0	1
27300	16	0	1
27301	35	0	1
27302	61	0	1
27303	50	0	1
27304	43	0	1
27306	7	1474	0
27309	438	0	1
2731	308	0	1
27314	33	0	1
27315	42	0	1
27316	455	0	1
27319	2	1165	0
27321	1	5530	0
27324	27	0	1
27327	279	0	1
27328	6	727	0
27329	6	976	0
2733	149	0	1
27330	66	0	1
27332	257	0	1
27333	90	0	1
27334	105	0	1
27335	168	0	1
27336	138	0	1
27338	141	0	1
27339	434	0	1
2734	117	0	1
27340	204	0	1
27341	107	0	1
27342	140	0	1
27343	74	0	1
27344	16	0	1
27345	4	1685	0
27346	104	0	1
27347	93	0	1
27348	57	0	1
27349	110	0	1
2735	119	0	1
27350	187	0	1
27351	65	0	1
27352	21	0	1
2736	60	0	1
2737	68	0	1
2738	125	0	1
2739	104	0	1
274	103	0	1
2740	119	0	1
2741	2	3245	0
2742	28	0	1
27429	250	0	1
2743	39	0	1
27430	104	0	1
27433	18	0	1
27434	20	0	1
27436	137	0	1
27439	1	5248	0
2744	213	0	1
27440	70	0	1
27443	47	0	1
27445	58	0	1
2745	42	0	1
2746	236	0	1
2747	34	0	1
2749	2	1620	0
275	8	374	0
2752	138	0	1
276	25	0	1
2760	72	0	1
2762	60	0	1
2764	29	0	1
2765	57	0	1
2766	6	513	0
2767	94	0	1
2768	45	0	1
2769	10	407	0
277	2	4150	0
2770	133	0	1
2771	228	0	1
2773	211	0	1
2774	18	0	1
2775	83	0	1
2776	105	0	1
2778	219	0	1
2779	10	442	0
278	88	0	1
2780	21	0	1
2781	67	0	1
2782	276	0	1
2783	486	0	1
2784	44	0	1
2785	20	0	1
2786	23	0	1
2787	75	0	1
2788	18	0	1
279	19	0	1
2790	42	0	1
2791	12	702	0
2792	21	0	1
2793	11	517	0
2794	89	0	1
2796	8	737	0
2797	1	2253	0
2798	5	1759	0
2799	117	0	1
28	3	3275	0
280	9	413	0
2800	173	0	1
2801	724	0	1
2802	225	0	1
2803	215	0	1
2804	199	0	1
2805	273	0	1
2806	106	0	1
280636	35	0	1
280655	1	2913	0
280657	7	1069	0
280658	10	1078	0
280660	1	3775	0
280664	2	2888	0
2810	678	0	1
2811	19	0	1
2812	59	0	1
2813	4	2735	0
2814	62	0	1
2815	91	0	1
2817	174	0	1
2819	20	0	1
2820	90	0	1
2821	197	0	1
2822	7	1213	0
28227	28	0	1
2823	142	0	1
28231	43	0	1
28232	13	409	0
28234	9	1177	0
2824	24	0	1
2826	3	1723	0
282616	3	2245	0
282617	4	1595	0
282618	6	1526	0
282679	1	5862	0
2827	10	448	0
282763	1	6787	0
282770	5	2637	0
2828	4	2230	0
282808	15	420	0
282809	82	0	1
282890	9	586	0
2829	2	2623	0
282966	12	1227	0
282969	20	0	1
282973	4	862	0
282974	86	0	1
28299	14	362	0
282991	78	0	1
282996	42	0	1
283	8	626	0
2830	2	1224	0
283025	1	1237	0
283050	1	3016	0
283078	15	287	0
2831	3	2698	0
283106	109	0	1
283111	1	5463	0
283120	24	0	1
283129	10	489	0
283130	1	5334	0
283131	22	0	1
283149	50	0	1
283150	42	0	1
283152	18	0	1
28316	1	3850	0
283160	1	3866	0
283165	2	2297	0
28317	2	1903	0
28318	9	392	0
2832	17	0	1
283208	112	0	1
283209	15	321	0
283212	10	1207	0
283219	34	0	1
283229	22	0	1
283232	67	0	1
283234	43	0	1
283237	135	0	1
283238	1	2913	0
283248	29	0	1
283254	2	2897	0
283267	1	2053	0
283284	1	4292	0
283297	5	1416	0
2833	10	800	0
283303	1	2386	0
283310	1	6299	0
283314	1	1914	0
283316	1	6630	0
283335	1	2107	0
283337	24	0	1
283349	38	0	1
283358	15	987	0
283365	1	4924	0
283372	1	4682	0
283373	86	0	1
283375	47	0	1
283377	43	0	1
283383	7	540	0
283385	69	0	1
2834	3	3100	0
283416	1	1914	0
283417	1	6518	0
283420	1	5395	0
283431	35	0	1
283446	9	335	0
283450	37	0	1
283455	44	0	1
283458	99	0	1
283459	57	0	1
283460	1	3645	0
283461	5	1392	0
283463	9	371	0
283464	97	0	1
283471	22	0	1
283487	8	1077	0
283489	142	0	1
2835	92	0	1
283514	5	863	0
283518	8	957	0
283537	2	3448	0
283551	21	0	1
283554	2	877	0
283556	3	2112	0
283576	17	0	1
283578	61	0	1
283596	1	2537	0
283600	5	2058	0
283601	1	5422	0
283617	2	3393	0
283629	8	994	0
283635	49	0	1
283638	67	0	1
283643	56	0	1
283651	1	2207	0
283652	4	2380	0
283659	10	562	0
283677	1	3822	0
283685	36	0	1
283687	1	2107	0
283694	1	3733	0
2837	1	6952	0
283726	2	3323	0
283742	105	0	1
283748	29	0	1
283755	3	787	0
283767	1	4917	0
283768	23	0	1
283777	3	2690	0
283788	2	3801	0
283796	1	4511	0
2838	2	1353	0
283807	12	545	0
283820	41	0	1
283847	1	3974	0
283848	2	1760	0
283849	16	0	1
28386	1	4451	0
283869	18	0	1
283870	193	0	1
283871	24	0	1
28388	1	2537	0
283888	1	3015	0
283897	14	1024	0
283899	74	0	1
283922	1	1914	0
283927	2	2095	0
283932	2	1513	0
283933	13	990	0
283948	20	0	1
283951	4	2404	0
283953	2	3415	0
28396	7	849	0
283970	13	422	0
283971	1	6280	0
283985	19	0	1
283987	20	0	1
283989	33	0	1
283991	8	712	0
284	15	384	0
2840	279	0	1
284001	165	0	1
284004	11	639	0
28401	1	4032	0
284014	1	2822	0
284021	65	0	1
284023	1	5334	0
284029	2	1085	0
284040	2	3340	0
284047	9	698	0
284058	97	0	1
284067	8	861	0
284069	101	0	1
284071	14	399	0
284076	12	292	0
284083	3	2377	0
284086	62	0	1
28409	1	1471	0
284098	24	0	1
284099	11	791	0
2841	13	1105	0
28410	2	1686	0
284100	1	1626	0
284106	87	0	1
284110	102	0	1
284111	20	0	1
284114	24	0	1
284119	286	0	1
28412	1	2366	0
284129	8	710	0
284131	16	0	1
284161	38	0	1
284184	39	0	1
284185	1	5646	0
284194	44	0	1
2842	2	2271	0
284203	1	2822	0
284207	54	0	1
284217	51	0	1
28423	1	2053	0
28424	2	1306	0
284252	34	0	1
284257	13	831	0
284273	33	0	1
284274	3	2297	0
284276	2	2453	0
284297	25	0	1
2843	3	2168	0
284306	16	0	1
284307	3	3178	0
284309	17	0	1
284312	54	0	1
284323	24	0	1
284325	75	0	1
284338	12	903	0
28434	3	1110	0
284340	16	0	1
284346	26	0	1
284348	12	915	0
284349	1	2457	0
284352	41	0	1
284355	20	0	1
284359	30	0	1
284361	50	0	1
284365	2	2628	0
284366	19	0	1
284369	112	0	1
284370	5	487	0
284371	4	992	0
284382	2	1200	0
28439	2	2376	0
284390	4	2694	0
284391	13	773	0
284393	7	549	0
2844	80	0	1
284402	2	1480	0
284403	100	0	1
284406	12	265	0
284412	1	5288	0
284415	55	0	1
284417	1	5896	0
284418	10	600	0
28442	4	1187	0
284422	2	2266	0
284427	89	0	1
284434	4	2228	0
284439	12	518	0
284440	4	1213	0
284443	4	1088	0
284451	14	419	0
284454	2	1437	0
284459	4	587	0
284467	77	0	1
28448	1	1237	0
284485	4	1438	0
284486	16	0	1
28449	1	4805	0
284498	6	543	0
2845	3	3540	0
28452	2	1207	0
284521	6	1489	0
284541	2	2012	0
284565	5	935	0
2846	35	0	1
28461	2	1164	0
284611	11	386	0
284612	19	0	1
284613	5	1950	0
284615	52	0	1
284618	5	878	0
28465	3	1750	0
284654	14	657	0
284656	85	0	1
28466	5	937	0
28468	3	1341	0
284680	26	0	1
284685	1	2913	0
284695	221	0	1
284697	4	667	0
2847	1	6183	0
284702	2	1197	0
284716	7	1016	0
284723	1	3806	0
284729	1	1949	0
28473	1	2537	0
28474	2	1092	0
284751	1	5757	0
284756	94	0	1
28476	1	2470	0
28477	1	2470	0
2848	31	0	1
284800	1	6299	0
284801	1	2053	0
284802	4	853	0
284805	3	2856	0
284827	9	770	0
28486	1	3007	0
284889	1	2053	0
2849	1	6740	0
284904	23	0	1
284930	2	1743	0
284958	2	995	0
284992	11	613	0
284996	547	0	1
285	14	715	0
2850	4	2428	0
285016	10	951	0
285025	10	546	0
285033	1	3861	0
285051	4	1081	0
28506	1	2470	0
285093	52	0	1
28511	28	0	1
285116	1	1914	0
28512	13	537	0
285126	9	655	0
28513	29	0	1
28514	24	0	1
285141	5	1522	0
285148	24	0	1
285172	17	0	1
285175	10	473	0
285180	15	966	0
285190	22	0	1
285193	60	0	1
285195	22	0	1
2852	1	2129	0
285203	60	0	1
285205	4	2558	0
285220	42	0	1
285231	10	783	0
285237	16	0	1
285242	7	1579	0
285267	2	1815	0
285268	7	840	0
285282	162	0	1
285286	1	2537	0
285296	1	2038	0
285311	1	5046	0
285313	13	280	0
285315	29	0	1
285331	31	0	1
285335	2	2520	0
285343	4	1871	0
285346	10	783	0
285349	7	686	0
285362	50	0	1
285367	197	0	1
285368	5	591	0
285381	11	734	0
285382	2	2243	0
285386	23	0	1
285423	2	2121	0
285429	22	0	1
285440	7	757	0
285463	1	2053	0
285464	6	737	0
285489	7	1442	0
285498	5	532	0
285512	4	1788	0
285513	44	0	1
285521	7	1838	0
285527	58	0	1
285533	4	2558	0
285550	3	748	0
285555	4	2440	0
285556	3	1289	0
285590	61	0	1
285596	10	835	0
285598	187	0	1
285600	10	326	0
285601	9	1052	0
285605	28	0	1
285613	48	0	1
285622	6	1728	0
285636	23	0	1
285641	1	6385	0
285643	13	278	0
285668	3	2848	0
285671	8	762	0
285672	67	0	1
285676	4	1394	0
285679	8	865	0
285692	1	2537	0
285696	1	2107	0
2857	14	940	0
285704	10	750	0
285708	1	6437	0
28574	1	4278	0
285753	92	0	1
285755	6	1196	0
285758	1	4942	0
285761	31	0	1
28577	2	4440	0
285782	18	0	1
285829	1	2913	0
285830	1	2537	0
28584	1	4658	0
285848	20	0	1
285855	200	0	1
285877	1	1370	0
2859	132	0	1
285943	1	6099	0
285955	4	1537	0
285958	1	5391	0
285962	162	0	1
285966	41	0	1
285971	24	0	1
285973	20	0	1
285987	2	3132	0
285989	4	810	0
286	47	0	1
286002	19	0	1
286006	10	742	0
286016	1	3785	0
286042	2	1986	0
286046	6	948	0
286053	39	0	1
286075	78	0	1
286077	138	0	1
286097	14	644	0
2861	77	0	1
286102	1	3002	0
286103	27	0	1
286122	2	2329	0
286128	55	0	1
286133	24	0	1
286144	2	1656	0
286148	43	0	1
286151	72	0	1
286183	7	1434	0
286187	2	1936	0
2862	64	0	1
28620	3	3124	0
286204	4	386	0
286205	56	0	1
286207	4	1585	0
286234	3	1594	0
286256	2	1479	0
286257	33	0	1
286262	48	0	1
2863	1	3159	0
286310	4	2147	0
286319	8	656	0
286336	5	1004	0
286343	21	0	1
286365	1	3349	0
28638	1	5712	0
286380	16	0	1
28639	1	5712	0
2864	234	0	1
286410	85	0	1
286411	37	0	1
286423	1	5437	0
28643	1	6938	0
286436	1	5841	0
286451	115	0	1
286464	3	2130	0
286467	4	729	0
286499	80	0	1
2865	13	1204	0
286514	9	418	0
286527	1	3861	0
286530	177	0	1
2866	110	0	1
28663	47	0	1
286676	9	594	0
2867	118	0	1
286749	3	1727	0
286753	110	0	1
2868	30	0	1
286826	112	0	1
286827	46	0	1
286887	77	0	1
2869	174	0	1
28699	6	837	0
287	185	0	1
2870	130	0	1
287015	147	0	1
2872	50	0	1
2873	208	0	1
2874	137	0	1
2875	16	0	1
28755	14	762	0
2876	66	0	1
2877	5	605	0
28778	11	539	0
2878	4	1985	0
28785	3	1283	0
28786	1	3407	0
2879	87	0	1
28793	1	6563	0
28796	3	911	0
28797	2	2671	0
288	184	0	1
2880	1	2358	0
28803	1	3272	0
28804	1	3272	0
28813	1	5318	0
28815	4	1328	0
28816	1	5563	0
28817	1	5155	0
2882	64	0	1
28820	2	2493	0
28822	4	1247	0
28823	1	3344	0
28831	1	4077	0
28834	15	362	0
2885	726	0	1
2886	173	0	1
2887	154	0	1
28874	2	683	0
28875	1	4658	0
28877	2	1931	0
28878	11	343	0
2888	24	0	1
28881	2	1899	0
28882	18	0	1
28883	11	520	0
28884	3	630	0
28885	9	219	0
2889	34	0	1
28893	1	4451	0
28896	6	654	0
2890	40	0	1
28901	1	4451	0
28902	4	1835	0
28903	1	3344	0
28908	21	0	1
2891	52	0	1
28912	7	594	0
28913	5	735	0
28916	12	353	0
28919	8	348	0
2892	29	0	1
28920	10	191	0
28921	5	1404	0
28923	4	809	0
2893	26	0	1
28930	2	2171	0
28933	4	1141	0
28935	3	1769	0
28937	2	2171	0
28938	2	3105	0
2894	14	496	0
28940	2	1362	0
28941	1	4658	0
28942	4	1346	0
28946	1	2470	0
28949	1	2470	0
2895	10	364	0
28950	1	2470	0
28951	47	0	1
28952	147	0	1
28954	7	815	0
28955	5	2115	0
28956	103	0	1
28957	224	0	1
28958	84	0	1
28959	26	0	1
2896	228	0	1
28960	388	0	1
28962	78	0	1
28964	143	0	1
28965	52	0	1
28966	32	0	1
28969	115	0	1
2897	31	0	1
28970	43	0	1
28971	36	0	1
28972	146	0	1
28973	302	0	1
28974	27	0	1
28976	415	0	1
28977	233	0	1
28978	41	0	1
2898	21	0	1
28981	71	0	1
28982	103	0	1
28983	12	901	0
28984	10	591	0
28985	118	0	1
28986	21	0	1
28987	111	0	1
28988	171	0	1
28989	55	0	1
2899	4	2179	0
28990	15	669	0
28991	54	0	1
28992	55	0	1
28996	89	0	1
28998	218	0	1
28999	278	0	1
29	37	0	1
290	173	0	1
2900	7	536	0
2901	12	380	0
29015	39	0	1
2902	55	0	1
29028	57	0	1
2903	63	0	1
29035	467	0	1
2904	57	0	1
2905	15	355	0
29057	8	668	0
29058	42	0	1
2906	8	331	0
29062	31	0	1
29063	9	259	0
29066	210	0	1
29068	63	0	1
2907	12	1083	0
29070	19	0	1
29071	30	0	1
29072	129	0	1
29074	196	0	1
29078	182	0	1
29079	436	0	1
2908	945	0	1
29080	107	0	1
29081	15	316	0
29082	71	0	1
29083	20	0	1
29085	47	0	1
29086	91	0	1
29087	25	0	1
29088	203	0	1
29089	73	0	1
2909	96	0	1
29090	42	0	1
29091	20	0	1
29092	1	4942	0
29093	173	0	1
29094	24	0	1
29095	56	0	1
29097	42	0	1
29098	31	0	1
29099	40	0	1
291	219	0	1
29100	50	0	1
29101	62	0	1
29102	171	0	1
29103	164	0	1
29104	4	573	0
29105	88	0	1
29106	16	0	1
29107	33	0	1
29108	80	0	1
29109	74	0	1
2911	47	0	1
29110	389	0	1
29113	21	0	1
29114	40	0	1
29115	105	0	1
29116	49	0	1
29117	624	0	1
29118	6	1200	0
29119	111	0	1
2912	362	0	1
29121	195	0	1
29122	43	0	1
29123	152	0	1
29124	13	773	0
29126	382	0	1
29127	194	0	1
29128	201	0	1
2913	9	490	0
2914	3	1853	0
2915	21	0	1
2916	1	5658	0
2917	8	861	0
2918	1	5121	0
2919	22	0	1
292	409	0	1
2920	22	0	1
2921	11	911	0
2922	2	4540	0
2923	458	0	1
2925	60	0	1
2926	513	0	1
2928	60	0	1
293	424	0	1
2931	447	0	1
2932	824	0	1
2934	188	0	1
2935	297	0	1
2936	100	0	1
2937	34	0	1
2938	21	0	1
2939	9	686	0
2940	4	1182	0
2941	11	1235	0
2944	14	570	0
2946	20	0	1
2947	149	0	1
2948	15	381	0
2949	14	511	0
2950	204	0	1
2952	24	0	1
2953	4	1671	0
2954	21	0	1
2956	259	0	1
2957	84	0	1
2958	17	0	1
2959	121	0	1
2960	100	0	1
2961	167	0	1
2962	209	0	1
2963	132	0	1
2965	88	0	1
2966	45	0	1
2967	50	0	1
2968	71	0	1
2969	372	0	1
2970	1	1949	0
2971	10	643	0
2972	86	0	1
2974	4	1089	0
2975	232	0	1
2976	167	0	1
29760	41	0	1
29761	100	0	1
29763	123	0	1
29765	28	0	1
29766	237	0	1
29767	76	0	1
2977	17	0	1
29775	124	0	1
29777	385	0	1
2978	8	652	0
29780	19	0	1
29781	165	0	1
29785	83	0	1
29789	140	0	1
2979	8	649	0
29796	56	0	1
29797	10	1240	0
29798	3	2942	0
29799	7	1067	0
2980	14	850	0
29800	24	0	1
29801	24	0	1
29803	109	0	1
2981	3	2205	0
2982	39	0	1
2983	33	0	1
2984	2	4132	0
29841	5	1608	0
29842	8	639	0
29843	126	0	1
29844	156	0	1
29850	2	3497	0
29851	15	615	0
29855	78	0	1
2986	5	2196	0
2987	54	0	1
29880	62	0	1
29881	2	1162	0
29882	225	0	1
29883	133	0	1
29886	42	0	1
29887	5	1229	0
29888	146	0	1
29889	349	0	1
29890	103	0	1
29893	34	0	1
29894	248	0	1
29895	16	0	1
29896	331	0	1
29899	27	0	1
2990	70	0	1
29901	14	401	0
29902	8	1027	0
29903	56	0	1
29904	52	0	1
29906	49	0	1
29907	17	0	1
29909	4	1974	0
29911	179	0	1
29914	113	0	1
29915	90	0	1
29916	39	0	1
29919	142	0	1
2992	44	0	1
29920	197	0	1
29922	156	0	1
29923	3	1630	0
29924	114	0	1
29925	65	0	1
29926	48	0	1
29927	212	0	1
29928	8	465	0
29929	28	0	1
2993	173	0	1
29930	18	0	1
29931	3	1485	0
29934	49	0	1
29935	450	0	1
29937	85	0	1
2994	54	0	1
29940	30	0	1
29941	177	0	1
29942	221	0	1
29943	8	491	0
29944	18	0	1
29945	125	0	1
29946	44	0	1
29947	83	0	1
29948	52	0	1
29949	3	1780	0
2995	15	791	0
29950	71	0	1
29951	5	1415	0
29952	37	0	1
29953	24	0	1
29954	56	0	1
29956	207	0	1
29957	134	0	1
29958	6	736	0
29959	127	0	1
29960	82	0	1
29964	16	0	1
29965	17	0	1
29966	141	0	1
29967	51	0	1
29968	91	0	1
29969	8	664	0
2997	115	0	1
29970	32	0	1
29974	32	0	1
29978	783	0	1
29979	426	0	1
2998	10	485	0
29980	25	0	1
29982	66	0	1
29984	563	0	1
29985	44	0	1
29986	49	0	1
29988	45	0	1
29989	1	6899	0
2999	73	0	1
29990	42	0	1
29991	9	1064	0
29992	23	0	1
29993	53	0	1
29994	55	0	1
29995	20	0	1
29997	284	0	1
29998	67	0	1
29999	4	1955	0
30	70	0	1
3000	11	474	0
30000	222	0	1
30001	123	0	1
30008	133	0	1
30009	10	501	0
3001	15	256	0
30010	23	0	1
30011	299	0	1
30012	257	0	1
30014	6	1482	0
3002	16	0	1
3003	15	340	0
3004	7	723	0
3005	248	0	1
3006	650	0	1
30061	5	1871	0
30062	2	2947	0
3007	299	0	1
3008	660	0	1
3009	451	0	1
301	295	0	1
3010	227	0	1
3012	175	0	1
3013	107	0	1
3014	581	0	1
3015	367	0	1
3017	333	0	1
3018	417	0	1
302	399	0	1
3020	927	0	1
3021	100	0	1
3024	495	0	1
3026	5	1210	0
3028	428	0	1
3029	79	0	1
3030	517	0	1
3032	440	0	1
3033	115	0	1
3034	136	0	1
3035	117	0	1
3036	9	355	0
3037	3	2803	0
3038	12	934	0
3039	69	0	1
304	76	0	1
3040	104	0	1
3042	26	0	1
3043	181	0	1
3045	74	0	1
3046	15	448	0
3047	20	0	1
3048	24	0	1
3049	27	0	1
3050	51	0	1
3052	114	0	1
3053	11	688	0
3054	261	0	1
3055	154	0	1
3059	60	0	1
306	47	0	1
3060	2	3544	0
3061	3	1792	0
3062	35	0	1
3064	330	0	1
3065	1067	0	1
3066	826	0	1
3067	3	1339	0
3068	321	0	1
3069	839	0	1
307	47	0	1
3070	179	0	1
3071	16	0	1
3073	93	0	1
3074	58	0	1
3075	132	0	1
3077	114	0	1
3078	4	1881	0
308	218	0	1
3080	2	2057	0
3081	6	787	0
30811	106	0	1
30812	12	431	0
30813	64	0	1
30814	5	2033	0
30815	103	0	1
30817	34	0	1
30818	30	0	1
30819	14	538	0
3082	38	0	1
30820	23	0	1
30827	120	0	1
3083	21	0	1
30832	32	0	1
30833	37	0	1
30834	63	0	1
30835	17	0	1
30836	140	0	1
30837	39	0	1
3084	100	0	1
30844	125	0	1
30845	27	0	1
30846	64	0	1
30848	33	0	1
30849	99	0	1
30850	94	0	1
30851	58	0	1
3087	44	0	1
309	117	0	1
3090	34	0	1
3091	427	0	1
3092	87	0	1
3093	141	0	1
3094	172	0	1
3096	184	0	1
30968	263	0	1
3097	30	0	1
3098	221	0	1
3099	120	0	1
31	298	0	1
310	176	0	1
3101	27	0	1
3104	138	0	1
3105	275	0	1
3106	238	0	1
3107	356	0	1
3108	4	1469	0
3109	52	0	1
311	100	0	1
3110	29	0	1
3111	4	2277	0
3112	3	2721	0
3113	116	0	1
3115	92	0	1
3117	133	0	1
3118	2	4437	0
3119	77	0	1
312	19	0	1
3120	9	552	0
3122	163	0	1
3123	121	0	1
3125	65	0	1
3126	10	392	0
3127	29	0	1
313	2	4128	0
3131	6	1329	0
3133	76	0	1
3134	84	0	1
3135	115	0	1
3136	19	0	1
3139	1	3861	0
314	12	535	0
3140	61	0	1
3141	38	0	1
3142	37	0	1
3145	21	0	1
3146	457	0	1
3148	248	0	1
3149	89	0	1
3150	164	0	1
3151	220	0	1
3155	68	0	1
3156	91	0	1
3157	113	0	1
3158	12	328	0
3159	403	0	1
316	10	409	0
3161	104	0	1
3162	121	0	1
3163	283	0	1
3164	202	0	1
3167	6	1278	0
3169	518	0	1
317	88	0	1
3170	26	0	1
3171	50	0	1
3172	262	0	1
3174	18	0	1
3175	9	618	0
3176	10	387	0
317648	1	1914	0
317649	10	471	0
317662	4	1985	0
317671	9	1131	0
3177	25	0	1
317701	2	3348	0
317702	1	1370	0
317705	3	1523	0
317719	44	0	1
317749	12	768	0
317754	2	4621	0
317760	1	1914	0
317761	5	2421	0
317762	124	0	1
317772	235	0	1
317781	102	0	1
3178	934	0	1
318	11	318	0
3181	740	0	1
3182	354	0	1
3183	628	0	1
3184	613	0	1
3185	582	0	1
3186	1	2553	0
3187	1567	0	1
3188	298	0	1
3189	302	0	1
319	4	2627	0
3190	714	0	1
319089	5	1190	0
3191	1973	0	1
319101	52	0	1
319103	1	3872	0
3192	984	0	1
3195	168	0	1
3196	140	0	1
3198	351	0	1
3199	16	0	1
32	131	0	1
320	93	0	1
3200	13	567	0
3201	10	444	0
3202	87	0	1
3203	1	4742	0
3204	21	0	1
3205	27	0	1
3206	44	0	1
3207	12	467	0
3208	40	0	1
3209	14	418	0
321	44	0	1
3211	33	0	1
3212	33	0	1
3213	7	1036	0
3214	6	681	0
3215	109	0	1
3216	54	0	1
3217	20	0	1
3218	15	454	0
3219	123	0	1
322	182	0	1
3221	34	0	1
3222	45	0	1
3223	14	311	0
3224	118	0	1
3225	54	0	1
3226	17	0	1
3227	22	0	1
3228	5	1633	0
3229	20	0	1
323	77	0	1
3231	2	4363	0
3232	11	401	0
3233	25	0	1
3234	11	712	0
3235	10	652	0
3236	11	646	0
3237	13	571	0
3238	18	0	1
3239	75	0	1
324	322	0	1
3240	100	0	1
3241	86	0	1
3242	18	0	1
3248	8	388	0
3249	96	0	1
325	26	0	1
3250	16	0	1
3251	117	0	1
3257	10	800	0
326	96	0	1
326278	1	2053	0
3263	69	0	1
326340	2	3631	0
326342	25	0	1
326343	3	3363	0
3265	681	0	1
326594	1	4448	0
3266	4	1564	0
326624	9	614	0
326625	123	0	1
3267	106	0	1
3268	18	0	1
3269	15	470	0
327	86	0	1
3270	7	1805	0
3272	2	3663	0
3273	54	0	1
3275	80	0	1
3276	900	0	1
327657	9	499	0
328	1258	0	1
3280	50	0	1
3281	58	0	1
3283	8	436	0
3284	19	0	1
329	224	0	1
3290	21	0	1
3291	8	420	0
3292	17	0	1
3293	28	0	1
3294	10	789	0
3295	173	0	1
3297	598	0	1
3298	72	0	1
3299	50	0	1
33	15	459	0
330	1321	0	1
3300	98	0	1
3301	525	0	1
3303	1562	0	1
3304	300	0	1
3305	283	0	1
3306	412	0	1
3308	656	0	1
3309	1525	0	1
331	233	0	1
3310	320	0	1
3311	81	0	1
3312	2167	0	1
3313	686	0	1
3315	704	0	1
3316	133	0	1
332	95	0	1
3320	1239	0	1
3321	72	0	1
3323	110	0	1
3324	54	0	1
3326	900	0	1
3327	97	0	1
3329	999	0	1
333	51	0	1
3336	292	0	1
3337	290	0	1
3338	56	0	1
3339	74	0	1
333926	25	0	1
333929	7	588	0
333932	217	0	1
334	105	0	1
3340	33	0	1
3344	16	0	1
3346	3	3615	0
3347	29	0	1
335	178	0	1
3350	27	0	1
3351	62	0	1
3352	3	3535	0
3354	8	482	0
3356	7	1175	0
3357	28	0	1
3358	126	0	1
3359	105	0	1
336	101	0	1
3360	17	0	1
3361	2	2388	0
3362	53	0	1
3363	6	651	0
3364	67	0	1
337	19	0	1
3371	22	0	1
3373	27	0	1
3375	3	1527	0
3376	386	0	1
337867	165	0	1
337873	41	0	1
337874	3	1668	0
337875	2	2551	0
337876	36	0	1
337878	37	0	1
337879	78	0	1
337880	108	0	1
337882	46	0	1
337959	98	0	1
337960	84	0	1
337963	8	1146	0
337966	102	0	1
337967	186	0	1
337968	160	0	1
337969	46	0	1
337970	17	0	1
337971	10	958	0
337972	98	0	1
337973	78	0	1
337974	116	0	1
337978	30	0	1
337979	14	707	0
338	145	0	1
338069	1	1949	0
338094	1	2253	0
3381	12	1001	0
3382	25	0	1
3383	249	0	1
338321	9	505	0
338322	11	620	0
338323	6	721	0
338324	75	0	1
338328	132	0	1
338339	260	0	1
338376	26	0	1
338382	15	531	0
338398	3	2756	0
3384	54	0	1
338429	1	1949	0
338440	5	1874	0
3385	21	0	1
338567	29	0	1
338596	1	6656	0
338599	38	0	1
3386	39	0	1
338645	1	1949	0
338657	27	0	1
338662	1	3809	0
338667	1	3966	0
338674	11	943	0
338692	58	0	1
338699	5	1264	0
338707	8	1113	0
338751	2	3077	0
338761	71	0	1
338773	8	1401	0
338785	58	0	1
338797	7	1456	0
338809	128	0	1
338811	45	0	1
338872	36	0	1
338879	9	977	0
338917	14	765	0
339	15	466	0
339005	118	0	1
339044	4	1223	0
339105	2	3204	0
339122	45	0	1
339123	32	0	1
339145	5	2259	0
339168	17	0	1
339175	20	0	1
339184	1	2253	0
339201	3	1354	0
339210	2	3677	0
339221	27	0	1
339229	53	0	1
339230	199	0	1
339231	82	0	1
339263	4	731	0
339287	70	0	1
339291	1	2746	0
339302	109	0	1
339318	8	302	0
339324	14	708	0
339327	2	1240	0
339344	52	0	1
339345	24	0	1
339366	8	811	0
339390	30	0	1
339398	2	3039	0
3394	54	0	1
339403	11	676	0
339416	6	1073	0
339448	47	0	1
339451	12	439	0
339456	1	4080	0
339479	25	0	1
339487	13	458	0
339488	1	3602	0
339500	3	866	0
339501	1	4545	0
339512	4	947	0
339529	1	6257	0
339535	5	1145	0
339541	6	1258	0
339559	1	4942	0
3396	386	0	1
339665	17	0	1
339669	18	0	1
3397	62	0	1
339745	14	660	0
339761	5	1466	0
339766	3	881	0
339768	4	908	0
339779	7	798	0
339789	1	3806	0
339799	2	2638	0
3398	91	0	1
339804	4	1210	0
339829	12	368	0
339834	81	0	1
339855	2	2041	0
339883	1	3551	0
339896	8	573	0
3399	46	0	1
339906	6	960	0
339942	4	788	0
339965	22	0	1
339967	13	637	0
339970	2	2670	0
339976	6	815	0
339977	3	1507	0
339983	11	428	0
34	142	0	1
3400	18	0	1
340024	1	3007	0
340061	99	0	1
340069	19	0	1
340075	5	1098	0
340120	4	1054	0
340146	3	2975	0
340152	2	2419	0
340156	89	0	1
340168	1	4821	0
340204	12	989	0
340205	7	1010	0
340252	4	981	0
340260	4	499	0
340267	4	1386	0
340273	13	573	0
340277	20	0	1
340307	7	1928	0
340348	64	0	1
340351	7	551	0
340359	91	0	1
340371	63	0	1
340385	27	0	1
340390	4	1500	0
340419	22	0	1
340441	5	1459	0
340481	25	0	1
340485	2	3663	0
340527	48	0	1
340529	10	328	0
340533	7	935	0
340542	26	0	1
340543	10	649	0
340547	71	0	1
340554	3	2384	0
340571	1	5195	0
340578	13	405	0
340595	3	1290	0
340596	12	929	0
340602	15	278	0
340706	35	0	1
340719	17	0	1
340784	8	480	0
340811	1	5104	0
340900	3	1995	0
340990	9	406	0
341	35	0	1
341019	8	559	0
341032	4	1396	0
341116	7	1292	0
341208	71	0	1
341277	1	4299	0
341333	1	2413	0
341346	1	3105	0
341350	4	1474	0
341359	4	1471	0
341392	1	2694	0
341405	15	377	0
341418	1	6580	0
341567	177	0	1
3416	175	0	1
341640	56	0	1
341676	6	467	0
3417	122	0	1
341799	1	2848	0
3418	192	0	1
341883	5	467	0
3419	103	0	1
3420	93	0	1
342096	54	0	1
3421	56	0	1
342125	1	4077	0
342132	78	0	1
342184	10	391	0
3422	36	0	1
3423	118	0	1
342346	7	758	0
342357	8	486	0
342371	148	0	1
342372	3	936	0
3425	54	0	1
342510	13	1071	0
342527	30	0	1
342538	22	0	1
342574	194	0	1
3426	11	453	0
342618	2	2143	0
342666	2	3555	0
342667	18	0	1
3428	709	0	1
342850	1	4840	0
342865	1	4086	0
342892	6	526	0
342897	107	0	1
342898	7	873	0
3429	8	731	0
342900	46	0	1
342908	1	5256	0
342909	13	549	0
342926	26	0	1
342931	3	3504	0
342933	5	1634	0
342945	33	0	1
342977	16	0	1
342979	13	478	0
343	7	1134	0
3430	33	0	1
343035	15	652	0
343068	7	669	0
343069	161	0	1
343070	12	804	0
343071	3	3401	0
343099	64	0	1
3431	121	0	1
343170	1	4359	0
343171	2	2044	0
343263	12	734	0
3433	60	0	1
3434	63	0	1
343413	1	6600	0
343450	30	0	1
343472	2	3511	0
343477	3	1084	0
343521	15	665	0
343563	1	3602	0
343578	12	457	0
343637	15	727	0
343641	1	4272	0
3437	79	0	1
343702	1	2537	0
3438	1	4077	0
3439	12	824	0
343930	34	0	1
343990	9	381	0
344	39	0	1
3440	10	807	0
344018	16	0	1
344022	31	0	1
3441	40	0	1
344148	31	0	1
344167	2	1935	0
344191	9	1233	0
3442	20	0	1
3443	7	2060	0
344382	2	3660	0
344387	12	598	0
3444	8	1038	0
3445	13	618	0
344558	54	0	1
344561	2	4426	0
3446	6	1404	0
344657	3	793	0
344658	11	860	0
3447	10	1279	0
344758	1	2386	0
344787	4	1521	0
3448	15	654	0
344805	3	961	0
344807	2	2742	0
344838	9	580	0
344875	1	1914	0
344892	88	0	1
3449	6	1206	0
344901	5	2102	0
344905	1	4782	0
345	41	0	1
345062	4	2592	0
345079	11	366	0
3451	6	2342	0
345193	4	1876	0
3452	30	0	1
345222	1	4065	0
345274	178	0	1
345275	139	0	1
3454	56	0	1
345456	9	832	0
345462	4	773	0
3455	27	0	1
345557	3	2134	0
3456	7	1780	0
345611	23	0	1
345630	34	0	1
345643	6	1726	0
345651	289	0	1
345757	221	0	1
345778	75	0	1
3458	17	0	1
345895	2	4415	0
3459	83	0	1
345930	28	0	1
346	26	0	1
3460	60	0	1
346007	3	724	0
346157	7	1315	0
346171	15	405	0
346288	31	0	1
346389	13	262	0
346547	1	3285	0
346562	13	490	0
346606	22	0	1
346653	4	1907	0
346673	10	1072	0
346689	103	0	1
3467	7	881	0
347	167	0	1
347148	1	5334	0
347240	35	0	1
347252	5	906	0
347273	7	772	0
347344	5	771	0
347365	13	993	0
347404	2	3369	0
347442	24	0	1
347475	1	2657	0
347487	35	0	1
3475	37	0	1
347516	46	0	1
347517	7	1174	0
347527	3	2269	0
347541	1	6228	0
3476	147	0	1
347688	387	0	1
347689	2	1911	0
347730	42	0	1
347731	19	0	1
347733	210	0	1
347734	88	0	1
347735	53	0	1
347736	1	1370	0
347741	8	1233	0
347746	2	1205	0
347853	1	3709	0
347862	64	0	1
3479	23	0	1
347902	23	0	1
347918	13	322	0
348	155	0	1
3480	407	0	1
348013	15	549	0
348093	83	0	1
348094	6	954	0
3481	36	0	1
348110	25	0	1
348158	3	1262	0
348174	16	0	1
348180	67	0	1
3482	261	0	1
348235	29	0	1
348254	2	932	0
348262	50	0	1
3483	11	406	0
348303	11	946	0
348327	2	2550	0
348378	3	1944	0
3484	24	0	1
348487	16	0	1
3485	13	372	0
3486	46	0	1
348645	1	2107	0
348654	28	0	1
3487	34	0	1
348738	12	670	0
348793	28	0	1
3488	119	0	1
348801	24	0	1
348807	10	474	0
348825	2	822	0
3489	48	0	1
348938	19	0	1
348980	62	0	1
348995	599	0	1
3490	18	0	1
349075	5	808	0
3491	44	0	1
349114	1	4118	0
349136	25	0	1
349149	2	3871	0
349160	1	2537	0
3492	18	0	1
3493	125	0	1
349334	1	5948	0
3494	87	0	1
3495	27	0	1
349565	7	824	0
349667	13	471	0
3497	2	2806	0
35	19	0	1
350	21	0	1
3500	169	0	1
3501	127	0	1
3502	47	0	1
3503	47	0	1
350383	2	2458	0
3507	122	0	1
3508	33	0	1
351	2324	0	1
3512	68	0	1
3514	127	0	1
3516	245	0	1
3519	4	1106	0
3523	1	3272	0
352909	5	1217	0
352954	5	1705	0
352999	14	764	0
353	97	0	1
353116	18	0	1
353131	83	0	1
353132	82	0	1
353133	76	0	1
353134	69	0	1
353135	67	0	1
353137	90	0	1
353139	67	0	1
353140	87	0	1
353141	73	0	1
353142	75	0	1
353143	45	0	1
353144	66	0	1
353145	59	0	1
353149	12	726	0
353164	10	783	0
353174	95	0	1
353189	27	0	1
353219	5	2199	0
353238	14	544	0
353267	1	2395	0
353274	55	0	1
353288	34	0	1
353299	6	1327	0
353322	3	2164	0
353323	127	0	1
353324	11	689	0
353332	62	0	1
353333	26	0	1
353345	21	0	1
353355	2	1258	0
353376	20	0	1
353497	16	0	1
3535	4	1579	0
353500	19	0	1
353511	1	4803	0
353513	1	2253	0
353514	31	0	1
353515	1	5308	0
3537	25	0	1
3538	33	0	1
3539	5	1056	0
354	49	0	1
3542	13	379	0
3543	9	916	0
3547	15	714	0
3549	1	5148	0
355	340	0	1
3550	198	0	1
3551	210	0	1
3552	70	0	1
3553	45	0	1
3554	31	0	1
3556	36	0	1
3557	43	0	1
3558	5	1824	0
3559	47	0	1
356	92	0	1
3560	25	0	1
3561	25	0	1
3562	5	2015	0
3563	44	0	1
3565	3	2289	0
3566	45	0	1
3567	3	2992	0
3568	123	0	1
3569	10	533	0
357	15	190	0
3570	19	0	1
3572	64	0	1
3574	9	617	0
3575	129	0	1
3576	15	596	0
3577	9	686	0
3578	4	1668	0
3579	19	0	1
358	135	0	1
3581	25	0	1
3586	17	0	1
3587	20	0	1
3588	5	1456	0
3589	9	544	0
359	63	0	1
3590	2	3827	0
3592	9	922	0
3593	3	3385	0
3594	77	0	1
3595	7	609	0
3596	15	677	0
3597	13	547	0
359710	5	2002	0
359787	45	0	1
3598	131	0	1
359845	22	0	1
359948	109	0	1
36	68	0	1
360	238	0	1
3600	9	683	0
360023	13	329	0
360030	2	3069	0
3601	8	752	0
360132	7	1474	0
360165	1	1370	0
360200	2	791	0
360203	6	1204	0
360226	1	6097	0
360227	2	3495	0
3603	107	0	1
3604	29	0	1
3605	10	920	0
3606	29	0	1
3607	228	0	1
3608	584	0	1
3609	887	0	1
361	6	962	0
3611	302	0	1
3612	27	0	1
3613	74	0	1
3614	133	0	1
3615	406	0	1
3617	3	1730	0
3619	75	0	1
362	11	661	0
3620	6	1054	0
3621	104	0	1
3622	64	0	1
3623	9	532	0
3624	20	0	1
3625	10	740	0
3627	18	0	1
3628	20	0	1
363	328	0	1
3630	508	0	1
3631	15	162	0
3632	30	0	1
3633	23	0	1
3635	56	0	1
3636	203	0	1
3638	124	0	1
364	4	2098	0
3640	17	0	1
3641	5	2354	0
3642	8	463	0
3643	316	0	1
3645	89	0	1
3646	253	0	1
3651	15	506	0
3652	30	0	1
3653	1	1949	0
3654	301	0	1
3655	135	0	1
3656	51	0	1
3658	54	0	1
3659	62	0	1
366	41	0	1
3660	100	0	1
3661	129	0	1
3662	78	0	1
3663	48	0	1
3664	16	0	1
3665	90	0	1
3667	107	0	1
3669	12	782	0
367	946	0	1
3670	36	0	1
3671	137	0	1
3672	42	0	1
3673	90	0	1
3674	20	0	1
3675	55	0	1
3676	535	0	1
3678	111	0	1
3679	97	0	1
368	52	0	1
3680	22	0	1
3681	45	0	1
3682	7	459	0
3683	9	479	0
3684	59	0	1
3685	147	0	1
3687	3	2735	0
3688	317	0	1
3689	55	0	1
369	371	0	1
3690	54	0	1
3691	108	0	1
3692	345	0	1
3693	121	0	1
3694	10	435	0
3695	16	0	1
3696	37	0	1
3697	19	0	1
3698	88	0	1
3699	21	0	1
37	122	0	1
3700	28	0	1
3702	48	0	1
3703	174	0	1
3704	94	0	1
3705	28	0	1
3706	6	440	0
3707	25	0	1
3708	113	0	1
3709	116	0	1
3710	206	0	1
3712	61	0	1
3713	130	0	1
3714	107	0	1
3716	214	0	1
3717	130	0	1
3718	114	0	1
372	220	0	1
3720	39	0	1
3725	421	0	1
3726	110	0	1
3727	70	0	1
3728	464	0	1
373	358	0	1
3730	144	0	1
373073	2	2547	0
373156	111	0	1
3732	40	0	1
3735	363	0	1
373509	33	0	1
3736	20	0	1
3737	116	0	1
3738	728	0	1
373856	5	1089	0
373861	1	4458	0
373863	18	0	1
3739	59	0	1
374	13	491	0
3741	57	0	1
3742	16	0	1
374286	1	906	0
374291	296	0	1
374308	29	0	1
374354	371	0	1
374355	27	0	1
374378	60	0	1
374383	75	0	1
374393	26	0	1
374395	90	0	1
3744	23	0	1
374403	13	342	0
374407	46	0	1
374454	78	0	1
374462	9	797	0
3745	27	0	1
374569	13	1191	0
3746	12	1047	0
374618	36	0	1
374650	3	2787	0
374654	143	0	1
374655	3	1922	0
374659	56	0	1
374666	40	0	1
374677	4	1475	0
3747	1	6899	0
374739	4	1053	0
374768	2	4341	0
374786	6	391	0
3748	27	0	1
374819	2	2140	0
374860	8	371	0
374864	2	1472	0
374868	8	445	0
374872	11	685	0
374875	3	714	0
374877	20	0	1
374879	12	423	0
374882	66	0	1
374887	10	471	0
374897	112	0	1
374899	21	0	1
3749	34	0	1
374900	7	826	0
374907	21	0	1
374918	10	1125	0
374920	18	0	1
374928	13	286	0
374955	2	1265	0
374969	3	889	0
374977	4	1303	0
374986	48	0	1
374987	1	4434	0
375	219	0	1
3750	1	4054	0
375033	9	1097	0
375035	45	0	1
375056	228	0	1
375057	20	0	1
375061	4	1370	0
3751	20	0	1
375133	4	2112	0
375190	6	813	0
3752	38	0	1
375248	32	0	1
375260	7	325	0
375287	10	708	0
375298	12	540	0
3753	20	0	1
375307	16	0	1
375316	2	1878	0
375323	31	0	1
375337	7	865	0
375341	34	0	1
375346	5	1241	0
375387	25	0	1
3754	19	0	1
375444	32	0	1
375449	24	0	1
375484	43	0	1
3755	19	0	1
375513	1	4942	0
375519	54	0	1
375567	61	0	1
375593	20	0	1
3756	14	323	0
375607	10	494	0
375611	1	5196	0
375612	3	3456	0
375686	5	1574	0
3757	39	0	1
375743	20	0	1
375748	7	711	0
375757	3	3077	0
375759	1	2848	0
375775	7	593	0
375790	259	0	1
375791	509	0	1
3758	4	1442	0
375850	1	5002	0
3759	29	0	1
3760	10	480	0
3761	14	795	0
376132	36	0	1
3762	19	0	1
376267	28	0	1
3763	78	0	1
3764	40	0	1
376497	29	0	1
3765	5	1550	0
3766	35	0	1
376693	1	2913	0
3767	19	0	1
3768	26	0	1
376940	10	346	0
377	124	0	1
377007	1	5589	0
377047	6	1214	0
3772	7	1063	0
3773	1	3950	0
377381	1	3086	0
3775	72	0	1
377630	33	0	1
377677	6	622	0
3777	5	1362	0
3778	18	0	1
377841	1	6496	0
3779	7	939	0
378	277	0	1
3780	7	1082	0
3781	6	670	0
378108	17	0	1
3782	10	483	0
3783	61	0	1
3784	19	0	1
3785	18	0	1
3786	10	1019	0
3787	1	5896	0
378706	1	2053	0
378707	2	1223	0
378708	34	0	1
3788	7	1512	0
378805	1	2537	0
378807	5	2095	0
378884	23	0	1
378925	6	1313	0
378938	138	0	1
378948	1	6724	0
378949	1	3999	0
378950	3	2364	0
378951	28	0	1
379	135	0	1
3790	36	0	1
379025	1	4942	0
3791	133	0	1
3792	12	351	0
3795	25	0	1
3796	228	0	1
3797	19	0	1
3798	78	0	1
3799	327	0	1
38	218	0	1
3800	70	0	1
3801	249	0	1
3802	27	0	1
3803	11	1012	0
3804	62	0	1
3805	92	0	1
3806	2	3080	0
3808	19	0	1
381	223	0	1
3810	15	512	0
3811	10	1219	0
3812	21	0	1
3813	25	0	1
3814	11	480	0
3815	95	0	1
3816	42	0	1
3817	32	0	1
3818	10	929	0
382	569	0	1
3820	54	0	1
3821	159	0	1
3822	44	0	1
3823	27	0	1
3824	102	0	1
3827	44	0	1
383	137	0	1
3831	246	0	1
3832	250	0	1
3833	93	0	1
3834	1	4928	0
3835	125	0	1
3836	340	0	1
3837	523	0	1
3838	498	0	1
3839	237	0	1
384	18	0	1
3840	214	0	1
3841	88	0	1
3842	290	0	1
3843	401	0	1
3845	1283	0	1
3846	202	0	1
3848	228	0	1
3849	233	0	1
3850	89	0	1
3851	61	0	1
3852	181	0	1
3853	147	0	1
3854	133	0	1
3855	73	0	1
3856	435	0	1
3857	159	0	1
3858	178	0	1
3859	22	0	1
3860	108	0	1
3861	181	0	1
3866	169	0	1
386607	5	351	0
386617	3	1040	0
386618	10	816	0
386627	1	2053	0
386653	17	0	1
386672	11	1274	0
386674	87	0	1
386675	292	0	1
386676	240	0	1
386677	152	0	1
386678	63	0	1
386680	159	0	1
386681	400	0	1
386682	293	0	1
386683	145	0	1
386684	51	0	1
386724	20	0	1
3868	192	0	1
387	1173	0	1
387032	78	0	1
387066	2	2212	0
387082	14	259	0
387103	13	358	0
387104	32	0	1
387119	33	0	1
387129	34	0	1
3872	242	0	1
387254	3	668	0
387263	31	0	1
387264	12	1399	0
387266	65	0	1
387267	62	0	1
387316	1	5933	0
387332	10	463	0
387338	80	0	1
387357	4	1551	0
387496	13	575	0
3875	405	0	1
387509	1	4938	0
387521	27	0	1
387522	42	0	1
387569	1	2395	0
387597	21	0	1
3876	1	2053	0
387601	2	1185	0
387640	13	370	0
387680	124	0	1
387700	5	1929	0
387707	5	1127	0
387712	2	2541	0
387715	6	1446	0
387718	3	1903	0
387733	6	1155	0
387751	9	340	0
387753	1	3866	0
387755	27	0	1
387758	68	0	1
387763	1	3861	0
387778	12	750	0
387787	2	3210	0
387836	5	2696	0
387837	183	0	1
387849	19	0	1
387856	13	552	0
387867	10	359	0
387882	22	0	1
387893	78	0	1
387911	50	0	1
387914	18	0	1
387921	34	0	1
387923	61	0	1
387990	8	983	0
388	833	0	1
3880	270	0	1
388015	7	443	0
388077	1	4315	0
3881	453	0	1
388115	13	341	0
388121	2	3250	0
388122	7	549	0
388125	44	0	1
388135	167	0	1
388152	1	2053	0
388199	1	4954	0
3882	39	0	1
388228	10	484	0
388255	1	2366	0
388272	47	0	1
388289	1	5412	0
3883	10	409	0
388323	1	4050	0
388324	238	0	1
388325	5	1645	0
388333	60	0	1
388335	8	900	0
388336	38	0	1
388339	1	2913	0
388344	10	314	0
388364	1	3612	0
388372	24	0	1
388381	1	6025	0
388387	2	4254	0
388389	35	0	1
388394	1	3663	0
3884	93	0	1
388403	5	923	0
388407	16	0	1
388419	2	2348	0
388468	12	676	0
388474	2	1807	0
3885	282	0	1
388503	4	1163	0
388507	1	3771	0
388512	23	0	1
388523	1	2085	0
388524	151	0	1
388531	17	0	1
388536	4	2455	0
388551	13	737	0
388552	18	0	1
388555	74	0	1
388558	11	271	0
388559	9	441	0
388561	8	370	0
388564	1	2107	0
388566	3	1392	0
388567	6	772	0
388569	88	0	1
388585	2	2615	0
388588	58	0	1
388591	6	639	0
388595	4	2760	0
3886	108	0	1
388610	4	1261	0
388611	9	1015	0
388630	2	1999	0
388633	198	0	1
388646	9	737	0
388649	7	1782	0
388650	88	0	1
388662	5	555	0
388677	380	0	1
388695	13	610	0
388697	138	0	1
388698	113	0	1
3887	52	0	1
388701	55	0	1
388707	1	2913	0
388719	1	2207	0
388722	2	3436	0
388730	3	2790	0
388743	8	528	0
388753	24	0	1
388789	3	1244	0
388796	1	5391	0
3888	34	0	1
388815	1	1949	0
388818	93	0	1
388849	1	2738	0
388882	28	0	1
388886	1	3861	0
3889	67	0	1
388931	1	3861	0
388939	9	526	0
388951	67	0	1
388960	6	686	0
388962	36	0	1
388965	2	4400	0
388969	27	0	1
389	578	0	1
3890	47	0	1
389015	4	2635	0
389036	1	2799	0
389058	3	703	0
389072	24	0	1
389073	1	5054	0
389084	25	0	1
3891	60	0	1
389114	8	885	0
389118	68	0	1
389119	18	0	1
389123	24	0	1
389124	5	1429	0
389125	1	4599	0
389136	69	0	1
389141	1	2913	0
389151	7	978	0
389158	2	3038	0
389161	1	2053	0
389170	5	863	0
389177	1	1949	0
389197	1	5560	0
3892	76	0	1
389203	13	441	0
389206	5	1427	0
389207	16	0	1
389208	2	1698	0
389257	4	979	0
389289	8	605	0
389320	8	650	0
389333	1	3349	0
389336	14	1048	0
389337	6	479	0
389362	54	0	1
389376	8	1249	0
389383	2	2406	0
389384	30	0	1
389396	1	5193	0
389400	2	2422	0
389421	214	0	1
389432	1	2799	0
389434	7	830	0
389435	5	995	0
3895	317	0	1
389524	15	441	0
389541	41	0	1
389549	27	0	1
389610	1	3008	0
389643	3	2803	0
389649	2	2190	0
389658	1	3175	0
389677	74	0	1
389690	1	6452	0
389692	15	405	0
3897	47	0	1
389730	2	1959	0
389741	11	961	0
389762	1	6150	0
389763	2	1880	0
389766	1	6511	0
389792	4	1246	0
389799	6	788	0
3898	52	0	1
389812	11	994	0
389813	3	1222	0
389840	18	0	1
389842	2	1519	0
389849	1	3645	0
389856	37	0	1
389857	1	2457	0
389860	4	2393	0
389874	6	1231	0
389895	2	1993	0
389898	16	0	1
3899	13	373	0
389903	1	6280	0
389906	1	1949	0
389941	6	1819	0
39	60	0	1
390	268	0	1
390010	3	1778	0
390037	4	1937	0
390059	1	3086	0
390072	3	3195	0
390075	4	2712	0
390078	1	6959	0
390083	1	4489	0
390113	1	4383	0
390151	2	2496	0
390155	1	3809	0
390167	1	3850	0
390174	1	3553	0
390190	1	3850	0
3902	14	721	0
390201	1	2160	0
390205	3	1328	0
390212	197	0	1
390226	1	6894	0
390231	1	4988	0
390259	1	2392	0
390260	1	5479	0
390261	6	1521	0
390264	7	1011	0
390265	1	4606	0
390271	1	4814	0
3903	7	936	0
390321	1	6450	0
390323	1	1757	0
390327	1	6377	0
390354	1	2053	0
3904	47	0	1
390429	28	0	1
390436	1	3612	0
390437	1	3672	0
390439	4	2720	0
390443	3	2874	0
390502	2	1886	0
390531	1	3950	0
390535	24	0	1
390594	2	1232	0
390598	4	1550	0
3906	5	876	0
390612	1	2053	0
390616	35	0	1
390627	1	3225	0
390637	16	0	1
390664	17	0	1
390667	2	3911	0
390748	36	0	1
390760	1	5331	0
390792	58	0	1
3908	21	0	1
390874	7	912	0
390883	1	2038	0
390892	2	2135	0
3909	53	0	1
390916	138	0	1
390927	7	521	0
390928	23	0	1
390937	1	5775	0
390980	7	313	0
390992	4	1359	0
390999	4	848	0
391	894	0	1
3910	37	0	1
391002	2	1281	0
391004	10	613	0
391059	2	3289	0
3911	99	0	1
391104	5	1568	0
391109	1	3373	0
391114	4	1432	0
391123	118	0	1
391195	2	3846	0
391196	21	0	1
3912	130	0	1
391211	16	0	1
391257	40	0	1
3913	115	0	1
391356	40	0	1
391365	1	6856	0
3914	85	0	1
391475	1	1757	0
3915	124	0	1
3916	641	0	1
391627	9	733	0
391634	110	0	1
391712	1	6886	0
391714	5	1030	0
391723	12	651	0
391769	19	0	1
3918	22	0	1
391833	1	2913	0
392	213	0	1
3920	584	0	1
3921	499	0	1
392138	1	5930	0
392197	6	1213	0
392255	4	1960	0
392307	23	0	1
392309	8	1291	0
392360	1	5124	0
392364	1	3854	0
392391	5	2579	0
392399	26	0	1
3924	1	2053	0
392465	1	2701	0
392490	7	928	0
3925	185	0	1
392509	2	4059	0
392617	6	573	0
392636	1	6426	0
3927	232	0	1
392748	1	3602	0
392843	4	1202	0
392862	6	1133	0
3929	17	0	1
392979	2	1672	0
393	25	0	1
3930	293	0	1
3931	6	1530	0
3932	395	0	1
3933	102	0	1
3934	155	0	1
3936	97	0	1
3937	45	0	1
3938	5	618	0
3939	375	0	1
394	54	0	1
394261	2	1871	0
3945	314	0	1
3948	39	0	1
3949	134	0	1
395	6	748	0
3950	23	0	1
3952	13	486	0
3953	30	0	1
3954	226	0	1
3955	10	381	0
3956	318	0	1
3957	10	494	0
3958	327	0	1
3959	274	0	1
396	175	0	1
3960	21	0	1
3963	137	0	1
3964	173	0	1
3965	586	0	1
397	37	0	1
3972	4	2140	0
3973	9	900	0
3975	99	0	1
3976	8	749	0
3977	33	0	1
3978	109	0	1
398	18	0	1
3980	203	0	1
3981	149	0	1
3982	1	5057	0
3983	164	0	1
3984	85	0	1
3985	78	0	1
3987	88	0	1
3988	42	0	1
399	505	0	1
3990	8	1015	0
3991	12	937	0
3992	81	0	1
3993	129	0	1
399473	1	5933	0
399474	1	4354	0
399491	1	4523	0
3995	38	0	1
399512	14	660	0
3996	141	0	1
399664	44	0	1
399665	13	498	0
399668	1	3861	0
399669	5	2198	0
399670	1	5520	0
399671	2	1602	0
399687	280	0	1
399693	74	0	1
399694	21	0	1
399726	2	1228	0
399761	6	756	0
3998	435	0	1
399806	1	3015	0
399814	4	1636	0
399818	37	0	1
399823	52	0	1
399888	1	6526	0
399909	67	0	1
399942	1	2053	0
399947	56	0	1
399959	2	1750	0
399967	4	2636	0
399975	1	1914	0
399979	58	0	1
40	14	385	0
400	189	0	1
4000	1248	0	1
400011	1	2913	0
400027	1	3861	0
400043	1	6078	0
400055	1	4411	0
400073	1	3015	0
4001	594	0	1
400120	14	832	0
400126	1	3861	0
400221	1	2672	0
400224	4	729	0
400242	2	1661	0
400258	47	0	1
400322	2	3349	0
400359	5	1777	0
400360	2	3568	0
400389	1	2913	0
4004	152	0	1
400410	3	1353	0
400456	1	2358	0
400499	1	2386	0
4005	252	0	1
400506	273	0	1
400566	3	1741	0
400569	65	0	1
400581	5	2468	0
400591	5	1559	0
400619	3	1141	0
400629	52	0	1
400643	1	3645	0
400657	1	3861	0
400673	20	0	1
400680	1	5391	0
400682	1	4822	0
4007	73	0	1
400709	1	6753	0
400713	1	4440	0
400720	8	325	0
400735	2	4559	0
400745	6	589	0
400757	1	1237	0
400793	52	0	1
400798	6	1642	0
4008	171	0	1
400818	2	1592	0
400823	3	1394	0
400830	3	1534	0
400831	8	1068	0
4009	4	1625	0
400916	73	0	1
400927	1	1949	0
400931	3	668	0
400932	1	1914	0
400935	1	1949	0
400954	10	374	0
400961	51	0	1
400966	49	0	1
400986	12	224	0
401	5	957	0
4010	30	0	1
401010	1	1626	0
401024	25	0	1
401027	1	6862	0
401036	26	0	1
401052	2	1585	0
401067	2	2898	0
401068	1	2253	0
401089	1	5954	0
401115	4	1984	0
401124	2	2414	0
401137	17	0	1
401138	24	0	1
401145	24	0	1
401152	89	0	1
401190	3	1939	0
4012	185	0	1
401207	1	2951	0
401250	30	0	1
401251	16	0	1
401253	1	3007	0
401262	2	2769	0
401264	1	3861	0
401285	8	962	0
401288	1	6003	0
401296	1	5933	0
4013	49	0	1
401387	2	1624	0
401388	58	0	1
401393	2	2346	0
401397	2	2853	0
401399	9	501	0
4014	34	0	1
401409	11	756	0
401442	1	4453	0
401447	3	1478	0
401466	23	0	1
401474	12	416	0
401494	1	6310	0
4015	35	0	1
401505	114	0	1
401507	2	4034	0
401508	26	0	1
401509	2	2393	0
401535	14	652	0
401541	45	0	1
401546	5	1794	0
401548	22	0	1
401561	1	1626	0
401562	2	4513	0
401563	4	2326	0
401565	7	1395	0
401577	2	1398	0
4016	14	496	0
401612	2	2127	0
401647	10	648	0
401666	1	3850	0
401667	1	4658	0
4017	410	0	1
401720	3	2275	0
4018	5	1022	0
401817	1	2913	0
401827	5	1069	0
401934	1	3383	0
401944	2	1024	0
401992	1	6402	0
401993	1	3602	0
401994	3	1618	0
402	82	0	1
402055	3	1233	0
402057	1	5150	0
402117	39	0	1
402135	1	5256	0
402160	1	4796	0
4023	33	0	1
402381	114	0	1
402415	9	818	0
402483	2	2238	0
4025	5	1933	0
402569	8	635	0
4026	120	0	1
402643	7	906	0
402682	46	0	1
402778	1	4259	0
4029	26	0	1
403	74	0	1
403244	3	861	0
4033	10	459	0
403312	2	2035	0
403313	66	0	1
403314	3	2340	0
403341	29	0	1
4034	35	0	1
4035	160	0	1
4036	134	0	1
4037	45	0	1
4038	80	0	1
4040	121	0	1
404037	2	3682	0
404093	81	0	1
4041	100	0	1
404203	2	1394	0
404216	1	6517	0
404217	32	0	1
404220	13	414	0
404266	1	2107	0
404281	12	221	0
4043	171	0	1
4045	9	336	0
404550	6	1698	0
404552	26	0	1
4046	38	0	1
404636	30	0	1
404663	3	722	0
404665	2	2141	0
404672	31	0	1
4047	60	0	1
404734	107	0	1
404785	10	691	0
4048	56	0	1
4049	23	0	1
405	229	0	1
4050	2	3780	0
4051	4	1230	0
4052	78	0	1
4053	84	0	1
4054	26	0	1
4055	86	0	1
4056	12	1226	0
4057	143	0	1
405753	50	0	1
405754	15	660	0
4058	149	0	1
4059	49	0	1
406	97	0	1
4060	30	0	1
4061	13	340	0
4062	57	0	1
4063	8	977	0
4064	1	6050	0
4065	1	1370	0
4066	11	719	0
4067	677	0	1
4068	38	0	1
406881	107	0	1
406882	95	0	1
406883	101	0	1
406884	100	0	1
406885	96	0	1
406886	100	0	1
406887	105	0	1
406888	93	0	1
406889	96	0	1
406890	116	0	1
406891	113	0	1
406892	1	6327	0
406894	1	3645	0
406895	1	3645	0
406896	1	3645	0
406899	82	0	1
4069	120	0	1
406900	97	0	1
406901	84	0	1
406903	81	0	1
406904	89	0	1
406905	78	0	1
406906	70	0	1
406909	3	2536	0
406911	1	3645	0
406912	1	3645	0
406914	1	3645	0
406915	91	0	1
406916	98	0	1
406919	1	3556	0
406921	1	3015	0
406929	67	0	1
406930	87	0	1
406931	1	3645	0
406932	70	0	1
406933	87	0	1
406934	1	3645	0
406935	79	0	1
406936	1	3645	0
406937	80	0	1
406943	1	3015	0
406947	91	0	1
406948	74	0	1
406949	102	0	1
406950	75	0	1
406951	84	0	1
406952	84	0	1
406953	72	0	1
406958	2	2545	0
406959	2	1951	0
406964	1	3645	0
406967	1	5968	0
406976	83	0	1
406977	75	0	1
406979	99	0	1
406980	103	0	1
406981	93	0	1
406982	73	0	1
406983	76	0	1
406984	83	0	1
406985	89	0	1
406986	1	3015	0
406987	1	3645	0
406988	92	0	1
406989	78	0	1
406991	96	0	1
406996	92	0	1
406998	1	3645	0
406999	2	2659	0
407	15	608	0
4070	128	0	1
407004	1	3645	0
407006	89	0	1
407007	78	0	1
407008	4	1539	0
407011	1	1949	0
407012	2	1951	0
407014	100	0	1
407017	1	3015	0
407018	1	2053	0
407019	1	3645	0
407021	86	0	1
407023	1	3645	0
407024	72	0	1
407025	70	0	1
407026	88	0	1
407028	1	3645	0
407029	1	3015	0
407030	1	3015	0
407031	1	3645	0
407035	83	0	1
407040	104	0	1
407041	109	0	1
407042	78	0	1
407043	102	0	1
407044	83	0	1
407045	75	0	1
407046	84	0	1
407047	76	0	1
407048	77	0	1
407049	88	0	1
407050	83	0	1
407051	69	0	1
407054	77	0	1
4071	7	445	0
4072	25	0	1
4074	60	0	1
4076	440	0	1
4077	368	0	1
407738	8	1144	0
407835	1	3596	0
407975	2	1399	0
407977	6	1107	0
408	300	0	1
408029	23	0	1
408050	61	0	1
4081	13	982	0
408186	1	3373	0
408187	14	805	0
4082	597	0	1
408263	88	0	1
4084	37	0	1
4085	252	0	1
4086	172	0	1
4087	314	0	1
4088	387	0	1
4089	444	0	1
409	439	0	1
4090	84	0	1
4091	51	0	1
4092	108	0	1
4093	130	0	1
4094	56	0	1
4097	39	0	1
4099	16	0	1
41	54	0	1
410	73	0	1
4100	93	0	1
4101	29	0	1
4102	134	0	1
4103	57	0	1
4105	90	0	1
4107	145	0	1
4108	207	0	1
4109	49	0	1
411	37	0	1
4110	134	0	1
4111	24	0	1
4112	8	682	0
4113	349	0	1
4114	4	2008	0
4115	60	0	1
4116	249	0	1
4117	40	0	1
4118	81	0	1
412	32	0	1
4121	57	0	1
4122	88	0	1
4123	33	0	1
4124	47	0	1
4125	60	0	1
4126	72	0	1
4128	15	242	0
4129	37	0	1
4130	91	0	1
4131	504	0	1
4133	76	0	1
4134	310	0	1
4135	15	463	0
4137	947	0	1
4139	69	0	1
414	2	880	0
4140	234	0	1
414059	10	389	0
414060	2	1277	0
414061	60	0	1
414062	4	2485	0
4141	325	0	1
414149	13	853	0
414153	4	817	0
414157	14	957	0
414189	1	5054	0
414194	2	1160	0
4142	84	0	1
414236	63	0	1
4143	21	0	1
414301	64	0	1
414318	3	2350	0
414325	11	1128	0
414332	1	4056	0
4144	204	0	1
4145	31	0	1
4146	8	1211	0
4147	101	0	1
414771	1	3225	0
414777	3	1228	0
4148	10	981	0
414899	11	422	0
4149	224	0	1
414918	9	286	0
414919	167	0	1
414927	2	3112	0
415	25	0	1
4150	86	0	1
4151	17	0	1
415116	58	0	1
415117	26	0	1
4152	69	0	1
4153	30	0	1
4154	249	0	1
4155	84	0	1
4157	17	0	1
4158	3	3395	0
4159	3	2022	0
416	31	0	1
4160	17	0	1
4161	1	6477	0
4162	465	0	1
4163	212	0	1
4166	17	0	1
4168	15	284	0
417	7	1017	0
4170	124	0	1
4171	1050	0	1
4172	341	0	1
4173	295	0	1
4174	412	0	1
4175	272	0	1
4176	405	0	1
4179	36	0	1
4184	78	0	1
4185	28	0	1
4188	426	0	1
4189	196	0	1
419	28	0	1
4190	145	0	1
4191	517	0	1
4192	78	0	1
4193	622	0	1
4194	102	0	1
4199	64	0	1
420	13	302	0
4200	86	0	1
4201	24	0	1
4204	1264	0	1
4205	71	0	1
4207	14	630	0
4208	36	0	1
4209	81	0	1
421	50	0	1
4210	19	0	1
4211	31	0	1
4212	87	0	1
4214	150	0	1
4215	74	0	1
4216	72	0	1
4217	128	0	1
4218	167	0	1
4221	1019	0	1
4222	104	0	1
4223	694	0	1
4224	10	732	0
4225	5	1789	0
4232	44	0	1
4233	231	0	1
4234	48	0	1
4236	269	0	1
4237	8	615	0
4238	67	0	1
4239	138	0	1
4240	50	0	1
4241	65	0	1
4242	22	0	1
4245	31	0	1
4246	101	0	1
4247	30	0	1
4248	3	1675	0
4249	57	0	1
425	1	3492	0
4250	221	0	1
4253	97	0	1
4254	19	0	1
4255	89	0	1
4256	5	1873	0
4257	124	0	1
4258	33	0	1
4259	265	0	1
4261	39	0	1
4267	70	0	1
427	78	0	1
4277	67	0	1
4281	118	0	1
4282	257	0	1
4283	76	0	1
4284	51	0	1
4285	80	0	1
4286	50	0	1
4287	435	0	1
4288	635	0	1
4289	117	0	1
429	36	0	1
4291	111	0	1
4292	245	0	1
4293	28	0	1
4294	42	0	1
4295	2	3783	0
4296	55	0	1
4297	289	0	1
4298	122	0	1
4299	61	0	1
43	3	1544	0
430	8	511	0
4300	85	0	1
4301	311	0	1
4302	99	0	1
4303	29	0	1
4306	34	0	1
4308	10	370	0
4311	124	0	1
4312	14	543	0
4313	51	0	1
4314	20	0	1
4316	24	0	1
4317	6	1354	0
431705	8	692	0
431707	51	0	1
4318	36	0	1
4319	20	0	1
432	54	0	1
4320	1	1370	0
4321	4	982	0
4322	16	0	1
4323	57	0	1
432369	12	437	0
4324	27	0	1
4325	2	1149	0
4326	3	1031	0
4327	8	940	0
4329	45	0	1
433	88	0	1
4330	29	0	1
4331	116	0	1
4332	180	0	1
4335	26	0	1
4336	23	0	1
4337	32	0	1
4338	20	0	1
434	8	763	0
4340	20	0	1
4342	74	0	1
4343	1281	0	1
4345	6	1835	0
435	26	0	1
4350	93	0	1
4351	48	0	1
4352	34	0	1
4353	52	0	1
4354	112	0	1
4355	40	0	1
4356	34	0	1
4357	65	0	1
4358	54	0	1
4359	5	853	0
4360	5	1010	0
4361	280	0	1
4363	134	0	1
43847	6	1469	0
43849	9	1008	0
439	107	0	1
439921	69	0	1
439936	1	1914	0
439949	1	3861	0
439990	2	3089	0
439996	6	1642	0
440	177	0	1
440021	61	0	1
440023	93	0	1
440026	155	0	1
440044	1	5236	0
440050	70	0	1
440051	65	0	1
440068	2	2971	0
440073	3	710	0
440077	1	3097	0
440081	5	736	0
440087	6	983	0
440093	116	0	1
440097	7	975	0
440107	22	0	1
440119	1	1914	0
440138	57	0	1
440145	39	0	1
440163	15	809	0
440176	1	2913	0
440184	33	0	1
440193	67	0	1
440248	29	0	1
440253	1	3596	0
440270	4	1115	0
440275	71	0	1
440279	11	384	0
440288	1	5391	0
440295	215	0	1
440300	1	2107	0
440307	3	746	0
440348	2	1919	0
440354	2	1223	0
440356	1	2776	0
440387	2	3969	0
440400	29	0	1
440414	2	3664	0
440416	1	2053	0
440423	1	2053	0
440434	14	328	0
440435	3	2646	0
440452	2	1821	0
440456	3	1300	0
440482	2	1686	0
440498	11	860	0
440503	8	1106	0
440515	3	1394	0
440519	36	0	1
440533	40	0	1
440556	1	2253	0
440563	274	0	1
440567	3	2892	0
440570	3	3257	0
440574	58	0	1
440587	2	3373	0
440590	19	0	1
440603	10	1024	0
440686	136	0	1
440689	183	0	1
440695	1	6758	0
440699	18	0	1
440712	22	0	1
440730	4834	0	1
440738	73	0	1
440786	1	4805	0
440822	7	629	0
440823	1	3933	0
440829	1	5002	0
440836	9	1089	0
440854	1	2954	0
440894	1	5391	0
440910	1	2107	0
440915	57	0	1
440944	4	1169	0
440955	1	5975	0
440957	5	851	0
440992	1	2053	0
440993	1	2053	0
441024	17	0	1
441027	1	3861	0
441046	74	0	1
441054	2	2039	0
441058	6	1131	0
441061	1	3460	0
441094	3	1294	0
441108	2	3224	0
441150	8	868	0
441151	2	2552	0
441155	1	5200	0
441161	10	577	0
441168	3	3473	0
441177	1	2107	0
441178	2	4405	0
441191	4	1164	0
441194	1	3297	0
441208	8	382	0
441212	5	1281	0
441234	3	1462	0
441246	2	2681	0
441250	22	0	1
441251	11	550	0
441263	2	1324	0
441272	1	6876	0
441273	4	2275	0
441282	14	572	0
441294	4	1894	0
441308	1	5856	0
441315	1	5499	0
441362	4	2372	0
441376	15	1062	0
441381	15	727	0
441400	21	0	1
441425	1	3850	0
441430	6	1586	0
441432	2	2251	0
441452	2	1215	0
441457	1	1914	0
441459	7	437	0
441476	10	538	0
441478	2	3037	0
441502	66	0	1
441509	2	2366	0
441518	13	427	0
441519	8	436	0
441521	77	0	1
441525	54	0	1
441531	38	0	1
441549	4	2499	0
441608	1	3963	0
441631	12	507	0
441642	9	540	0
441669	2	3442	0
441670	1	1370	0
441869	3	1658	0
441873	1	1400	0
441925	10	677	0
441933	22	0	1
441951	1	2053	0
442038	9	753	0
442112	1	3861	0
442114	1	5261	0
442117	2	1952	0
442179	1	6257	0
442184	1	3152	0
442185	1	4555	0
442191	3	3731	0
442227	1	5299	0
442247	47	0	1
442253	1	5733	0
442319	3	1174	0
442361	1	5789	0
442444	1	1237	0
442497	4	880	0
442523	2	2028	0
442524	1	3861	0
442578	3	2226	0
442721	2	2106	0
442897	1	3015	0
442898	1	3645	0
442900	1	3015	0
442903	1	3015	0
442908	1	3645	0
442920	1	6469	0
443	7	1317	0
4430	266	0	1
4435	34	0	1
4436	295	0	1
4437	98	0	1
4438	13	393	0
4439	24	0	1
444	314	0	1
4440	110	0	1
445	186	0	1
445328	7	826	0
445329	7	472	0
445341	3	2227	0
445347	2	2015	0
445372	3	3070	0
445571	88	0	1
445582	134	0	1
445815	37	0	1
4477	46	0	1
4478	316	0	1
4481	19	0	1
4482	32	0	1
4485	10	376	0
4486	172	0	1
4487	16	0	1
4488	184	0	1
448831	1	4458	0
448834	282	0	1
4489	1	6000	0
4490	5	2901	0
4493	6	1317	0
4494	10	452	0
4495	8	710	0
449520	1	5620	0
4496	4	1129	0
4499	17	0	1
4500	1	6495	0
4501	20	0	1
4502	34	0	1
4503	1	5623	0
4504	8	552	0
4507	91	0	1
4508	25	0	1
4509	42	0	1
4512	60	0	1
4513	198	0	1
4514	39	0	1
4515	5	679	0
4519	19	0	1
4520	113	0	1
4521	80	0	1
4522	266	0	1
4524	45	0	1
4528	340	0	1
4534	67	0	1
4535	70	0	1
4536	22	0	1
4537	2	1714	0
4538	67	0	1
4539	4	965	0
4540	64	0	1
4541	7	1505	0
4542	38	0	1
4543	161	0	1
4544	130	0	1
4547	11	238	0
4548	115	0	1
4549	2	1717	0
4550	4	1297	0
4552	16	0	1
4556	1	2053	0
4565	1	5007	0
4577	1	2053	0
4580	114	0	1
4582	157	0	1
4583	4	674	0
4584	1	4185	0
4585	7	757	0
4586	21	0	1
4588	1	6495	0
4589	24	0	1
4591	627	0	1
4593	67	0	1
4594	56	0	1
4595	27	0	1
4597	52	0	1
4598	55	0	1
4599	52	0	1
460	5	913	0
4600	18	0	1
4601	48	0	1
4602	124	0	1
4603	12	517	0
4604	39	0	1
4605	145	0	1
4606	42	0	1
4607	11	526	0
4608	9	584	0
4609	2968	0	1
4610	46	0	1
4613	1369	0	1
4615	80	0	1
4616	26	0	1
4617	30	0	1
4618	15	714	0
4619	61	0	1
462	48	0	1
4620	45	0	1
4621	45	0	1
4622	64	0	1
4624	57	0	1
4625	97	0	1
4626	42	0	1
4627	733	0	1
4628	341	0	1
4629	126	0	1
463	106	0	1
4632	54	0	1
4633	21	0	1
4634	21	0	1
4635	20	0	1
4636	4	1160	0
4637	242	0	1
4638	99	0	1
4640	23	0	1
4641	380	0	1
4642	187	0	1
4643	196	0	1
4644	179	0	1
4645	101	0	1
4646	384	0	1
4647	26	0	1
4648	2	1682	0
4649	96	0	1
4650	106	0	1
4651	131	0	1
4653	44	0	1
4654	164	0	1
4656	62	0	1
4659	306	0	1
466	52	0	1
4660	58	0	1
4661	10	378	0
4664	26	0	1
4665	130	0	1
4666	206	0	1
4668	61	0	1
4669	71	0	1
467	90	0	1
4670	717	0	1
4671	10	679	0
4673	341	0	1
4674	33	0	1
4675	22	0	1
4676	203	0	1
4677	140	0	1
4678	203	0	1
468	88	0	1
4680	256	0	1
4681	16	0	1
4682	58	0	1
4683	175	0	1
4684	70	0	1
4685	19	0	1
4686	335	0	1
4688	29	0	1
4689	8	692	0
4690	200	0	1
4691	778	0	1
4692	384	0	1
4693	33	0	1
4694	42	0	1
4695	192	0	1
4696	88	0	1
4697	311	0	1
4698	224	0	1
47	327	0	1
4700	142	0	1
4701	203	0	1
4702	173	0	1
4703	91	0	1
4704	303	0	1
4705	145	0	1
4706	151	0	1
4707	38	0	1
4708	10	578	0
4709	101	0	1
471	150	0	1
4710	74	0	1
4711	120	0	1
4712	51	0	1
4713	98	0	1
4714	122	0	1
4715	131	0	1
4716	134	0	1
4717	1	3175	0
4718	76	0	1
4719	337	0	1
472	305	0	1
4720	275	0	1
4722	377	0	1
4723	287	0	1
4724	187	0	1
4725	146	0	1
4726	232	0	1
4728	246	0	1
4729	197	0	1
473	90	0	1
4731	177	0	1
4733	369	0	1
4734	552	0	1
4735	176	0	1
4736	480	0	1
4738	364	0	1
4739	78	0	1
474	77	0	1
4741	175	0	1
474170	8	606	0
474338	1	2913	0
474343	28	0	1
474344	5	1275	0
474354	6	523	0
474381	106	0	1
474382	23	0	1
474383	4	1969	0
4744	40	0	1
4745	34	0	1
4747	138	0	1
475	29	0	1
4750	81	0	1
4751	122	0	1
4752	21	0	1
4753	50	0	1
4756	35	0	1
4758	66	0	1
4759	49	0	1
476	539	0	1
4760	18	0	1
4761	10	711	0
4762	15	705	0
4763	169	0	1
477	42	0	1
4771	331	0	1
4772	156	0	1
4773	192	0	1
4774	721	0	1
4775	42	0	1
4776	36	0	1
4778	18	0	1
4779	40	0	1
478	236	0	1
4780	159	0	1
4781	673	0	1
4782	812	0	1
4783	33	0	1
4784	591	0	1
479	179	0	1
4790	273	0	1
4791	110	0	1
4792	208	0	1
4793	79	0	1
4794	30	0	1
4795	92	0	1
4796	102	0	1
4798	116	0	1
4799	451	0	1
48	42	0	1
480	26	0	1
4800	94	0	1
4801	54	0	1
4802	155	0	1
4803	9	841	0
4804	59	0	1
4807	84	0	1
4808	23	0	1
4809	280	0	1
481	150	0	1
4810	48	0	1
4811	30	0	1
4814	22	0	1
4815	80	0	1
4817	67	0	1
4818	49	0	1
482	20	0	1
4820	85	0	1
4821	4	1032	0
4824	47	0	1
4825	3	2448	0
4826	2	2043	0
4828	31	0	1
4829	1	6607	0
483	232	0	1
4830	190	0	1
4831	182	0	1
4832	96	0	1
4833	182	0	1
4835	27	0	1
4836	151	0	1
4837	14	266	0
4838	8	1027	0
4839	413	0	1
4841	531	0	1
4842	33	0	1
4843	162	0	1
4846	50	0	1
4848	170	0	1
4849	147	0	1
4850	61	0	1
4851	335	0	1
4852	7	1256	0
4853	411	0	1
4854	105	0	1
4855	11	417	0
4856	33	0	1
4857	16	0	1
4858	14	274	0
486	5	1681	0
4860	79	0	1
4861	243	0	1
4862	40	0	1
4863	63	0	1
4864	347	0	1
4867	92	0	1
4868	17	0	1
4869	1238	0	1
487	413	0	1
4878	56	0	1
4879	27	0	1
488	346	0	1
4880	9	821	0
4881	7	1183	0
4882	6	908	0
4883	11	349	0
4884	75	0	1
4885	18	0	1
4886	3	3379	0
4887	62	0	1
4888	1	4331	0
4889	2	2745	0
489	224	0	1
4891	36	0	1
4892	10	519	0
4893	673	0	1
4897	29	0	1
4898	118	0	1
4899	75	0	1
49	5	1306	0
490	230	0	1
4900	14	338	0
4901	8	738	0
4902	3	3192	0
4904	730	0	1
4905	222	0	1
4907	82	0	1
4908	26	0	1
4909	10	699	0
491	184	0	1
4913	46	0	1
4914	2041	0	1
4915	128	0	1
4916	360	0	1
4917	4	545	0
4919	108	0	1
492	82	0	1
4920	329	0	1
4921	127	0	1
4922	5	980	0
4923	61	0	1
492303	4	2857	0
492307	1	6439	0
492311	2	1853	0
4924	87	0	1
4925	81	0	1
4926	465	0	1
4927	132	0	1
4928	212	0	1
4929	21	0	1
493	154	0	1
4931	144	0	1
4935	2	3537	0
493753	22	0	1
4938	16	0	1
493812	1	5882	0
493829	48	0	1
493856	231	0	1
493860	6	1172	0
493861	33	0	1
493869	266	0	1
4939	13	244	0
493901	2	2717	0
493911	12	887	0
4940	64	0	1
494115	159	0	1
494119	94	0	1
494141	1	3407	0
494143	21	0	1
494188	2	2987	0
494197	16	0	1
4942	199	0	1
4943	57	0	1
494324	2	1951	0
494327	1	3645	0
494470	12	406	0
494513	1	5109	0
494514	15	383	0
4946	33	0	1
4947	11	327	0
4948	4	2845	0
495	99	0	1
4951	7	1251	0
4952	170	0	1
4953	21	0	1
4956	28	0	1
4957	153	0	1
4958	5	1582	0
496	7	1355	0
4967	236	0	1
4968	15	524	0
4969	12	723	0
497049	1	2326	0
497258	2	1368	0
4973	28	0	1
4974	9	651	0
4975	13	883	0
4976	186	0	1
497661	8	1253	0
4978	18	0	1
498	530	0	1
4982	6	990	0
4983	8	537	0
4985	40	0	1
49854	164	0	1
49855	30	0	1
49856	124	0	1
4986	11	939	0
49860	75	0	1
49861	10	722	0
4987	98	0	1
4988	136	0	1
4990	8	984	0
4991	1	2936	0
4994	4	1577	0
4995	2	1715	0
4998	79	0	1
4999	104	0	1
50	222	0	1
5000	99	0	1
5001	84	0	1
5002	44	0	1
5003	6	1337	0
5004	64	0	1
5005	17	0	1
5007	120	0	1
5008	14	549	0
5009	103	0	1
501	121	0	1
5010	11	937	0
5013	153	0	1
5015	51	0	1
5016	4	1835	0
5017	11	535	0
5018	147	0	1
5019	122	0	1
5020	7	1203	0
5021	14	647	0
5023	23	0	1
5024	2	1786	0
5025	45	0	1
5026	29	0	1
5027	18	0	1
5028	43	0	1
5029	106	0	1
5031	376	0	1
5032	5	904	0
5033	290	0	1
5034	412	0	1
503497	63	0	1
503542	1	2107	0
503582	8	585	0
5036	270	0	1
503618	1	6872	0
503627	55	0	1
503638	10	701	0
503639	21	0	1
5037	256	0	1
503834	17	0	1
503835	11	750	0
504180	1	6210	0
504189	1	4045	0
5042	84	0	1
5045	224	0	1
5046	55	0	1
5047	70	0	1
5048	216	0	1
50484	49	0	1
50485	44	0	1
50486	19	0	1
50487	5	1649	0
50488	174	0	1
50489	22	0	1
5049	69	0	1
5050	65	0	1
50506	28	0	1
50507	11	756	0
50508	1	6451	0
50509	7	910	0
5051	16	0	1
50511	15	460	0
50512	55	0	1
50514	33	0	1
50515	13	332	0
5052	372	0	1
5053	7	530	0
5054	46	0	1
5055	102	0	1
5058	189	0	1
506	577	0	1
50604	14	939	0
50613	2	1193	0
50614	44	0	1
50615	4	1966	0
50616	6	1593	0
50617	27	0	1
50618	146	0	1
50619	58	0	1
5062	190	0	1
50624	2	2199	0
50626	46	0	1
50628	250	0	1
5063	30	0	1
50632	3	1984	0
50636	68	0	1
5064	75	0	1
50640	57	0	1
50649	60	0	1
50650	16	0	1
50651	6	1211	0
5066	44	0	1
50674	146	0	1
5068	12	484	0
5069	14	319	0
50700	8	785	0
5071	3416	0	1
50717	147	0	1
5073	142	0	1
5074	120	0	1
5075	3	2207	0
5076	79	0	1
5077	36	0	1
5078	17	0	1
5079	55	0	1
5080	344	0	1
50801	8	919	0
50804	137	0	1
50805	5	1651	0
50807	67	0	1
50808	65	0	1
50809	325	0	1
5081	122	0	1
50810	42	0	1
50813	149	0	1
50814	161	0	1
5082	125	0	1
5083	126	0	1
50831	1	3861	0
50836	4	2530	0
50837	14	818	0
50838	2	2142	0
50839	4	2919	0
50840	5	1384	0
50846	40	0	1
50848	52	0	1
50852	22	0	1
50853	8	518	0
50854	2	1546	0
50855	61	0	1
50856	101	0	1
50859	6	1166	0
50861	41	0	1
50862	12	543	0
50863	34	0	1
50865	26	0	1
5087	73	0	1
5089	74	0	1
509	417	0	1
5090	88	0	1
5091	192	0	1
5092	84	0	1
5093	645	0	1
50937	21	0	1
5094	280	0	1
50940	1	1400	0
50943	86	0	1
50944	25	0	1
50945	8	608	0
5095	133	0	1
5096	167	0	1
50964	34	0	1
5097	74	0	1
5098	52	0	1
5099	277	0	1
50999	63	0	1
51	99	0	1
5100	3	1443	0
51000	5	1123	0
51001	351	0	1
51002	60	0	1
51003	123	0	1
51004	52	0	1
51005	7	374	0
51006	127	0	1
51008	69	0	1
51009	120	0	1
5101	38	0	1
51010	97	0	1
51011	49	0	1
51012	6	733	0
51013	105	0	1
51014	80	0	1
51015	75	0	1
51016	161	0	1
51018	153	0	1
51019	133	0	1
51020	21	0	1
51021	180	0	1
51022	11	415	0
51023	190	0	1
51024	208	0	1
51025	117	0	1
51026	222	0	1
51027	33	0	1
51028	54	0	1
51029	15	592	0
51030	29	0	1
51031	80	0	1
51032	33	0	1
51035	204	0	1
5104	32	0	1
51042	56	0	1
51043	56	0	1
51046	26	0	1
5105	115	0	1
51050	82	0	1
51053	105	0	1
51054	1	6935	0
51056	104	0	1
51057	1	2053	0
51058	28	0	1
51059	6	669	0
5106	99	0	1
51060	137	0	1
51061	85	0	1
51062	50	0	1
51063	4	2392	0
51065	195	0	1
51066	198	0	1
51067	228	0	1
51068	115	0	1
51069	223	0	1
51070	90	0	1
51071	37	0	1
51072	58	0	1
51073	272	0	1
51074	45	0	1
51075	223	0	1
51076	31	0	1
51077	91	0	1
51078	75	0	1
51079	138	0	1
5108	425	0	1
51081	346	0	1
51082	137	0	1
51083	24	0	1
51084	56	0	1
51085	43	0	1
51086	18	0	1
51087	285	0	1
51088	14	385	0
51090	64	0	1
51091	17	0	1
51092	139	0	1
51093	4	619	0
51094	48	0	1
51095	53	0	1
51096	131	0	1
51097	190	0	1
51098	36	0	1
51099	34	0	1
5110	250	0	1
51100	118	0	1
51101	58	0	1
51102	24	0	1
51103	140	0	1
51104	58	0	1
51105	73	0	1
51106	77	0	1
51107	46	0	1
51108	66	0	1
51109	118	0	1
5111	475	0	1
51110	80	0	1
51111	20	0	1
51112	46	0	1
51114	47	0	1
51115	46	0	1
51116	270	0	1
51117	37	0	1
51118	85	0	1
51119	175	0	1
51121	434	0	1
51122	79	0	1
51123	9	321	0
51124	57	0	1
51125	63	0	1
51126	24	0	1
51127	80	0	1
51128	337	0	1
51129	29	0	1
51130	82	0	1
51131	136	0	1
51132	378	0	1
51133	161	0	1
51134	40	0	1
51135	42	0	1
51136	30	0	1
51138	173	0	1
51141	176	0	1
51142	245	0	1
51143	227	0	1
51144	216	0	1
51146	49	0	1
51147	74	0	1
51148	117	0	1
51149	13	400	0
51150	151	0	1
51151	15	462	0
51154	171	0	1
51155	42	0	1
51156	16	0	1
51157	31	0	1
5116	231	0	1
51160	110	0	1
51161	114	0	1
51162	77	0	1
51163	32	0	1
51164	128	0	1
51166	22	0	1
51167	4	1527	0
51168	11	373	0
51170	384	0	1
51171	46	0	1
51172	24	0	1
51174	27	0	1
51175	15	350	0
51176	59	0	1
51177	75	0	1
51179	29	0	1
5118	6	421	0
51181	53	0	1
51182	87	0	1
51184	101	0	1
51185	197	0	1
51186	30	0	1
51187	104	0	1
51188	75	0	1
5119	100	0	1
51191	245	0	1
51192	5	1176	0
51193	23	0	1
51194	155	0	1
51195	6	885	0
51196	15	281	0
51199	353	0	1
51200	80	0	1
51201	4	2095	0
51202	177	0	1
51203	100	0	1
51204	331	0	1
51205	31	0	1
51206	10	662	0
51207	102	0	1
51208	4	2231	0
51209	25	0	1
5121	46	0	1
51213	98	0	1
51214	1	3015	0
51218	79	0	1
5122	12	600	0
51222	78	0	1
51224	63	0	1
51225	77	0	1
51226	13	531	0
51227	34	0	1
51228	27	0	1
51230	42	0	1
51231	141	0	1
51232	23	0	1
51233	9	816	0
51234	277	0	1
51236	35	0	1
51237	10	805	0
51239	69	0	1
51241	22	0	1
51244	36	0	1
51246	11	450	0
51247	61	0	1
51248	61	0	1
51249	19	0	1
5125	105	0	1
51250	281	0	1
51251	87	0	1
51252	2	3240	0
51253	212	0	1
51255	138	0	1
51256	57	0	1
51257	76	0	1
51258	129	0	1
51259	245	0	1
5126	1	2951	0
51260	46	0	1
51263	152	0	1
51264	183	0	1
51265	65	0	1
51266	4	1290	0
51267	16	0	1
51268	15	255	0
5127	126	0	1
51270	35	0	1
51271	31	0	1
51272	42	0	1
51274	225	0	1
51275	1	5391	0
51276	5	821	0
51277	14	622	0
51278	9	588	0
51279	9	512	0
5128	61	0	1
51280	133	0	1
51281	2	1637	0
51282	65	0	1
51283	28	0	1
51284	12	806	0
51285	9	423	0
51286	12	266	0
51287	24	0	1
51289	10	530	0
5129	126	0	1
51290	236	0	1
51291	31	0	1
51292	17	0	1
51293	58	0	1
51294	22	0	1
51295	225	0	1
51296	232	0	1
51297	99	0	1
51298	11	661	0
51299	39	0	1
513	131	0	1
5130	62	0	1
51300	219	0	1
51301	3	3550	0
51302	5	1855	0
51303	22	0	1
51304	15	463	0
51305	2	1970	0
51306	24	0	1
51307	68	0	1
51308	65	0	1
51309	13	380	0
51310	3	1694	0
51311	8	657	0
51312	5	677	0
51313	3	1436	0
51314	12	567	0
51315	8	292	0
51316	25	0	1
51317	344	0	1
51318	92	0	1
51319	104	0	1
5132	9	621	0
51320	83	0	1
51321	23	0	1
51322	83	0	1
51324	198	0	1
51326	16	0	1
51327	14	695	0
51329	108	0	1
5133	79	0	1
51330	7	900	0
51332	15	262	0
51333	58	0	1
51334	14	425	0
51335	234	0	1
51337	119	0	1
51338	41	0	1
51339	25	0	1
5134	42	0	1
51340	167	0	1
51341	136	0	1
51343	1120	0	1
51347	48	0	1
51348	7	1266	0
51350	83	0	1
51351	1	5150	0
51352	12	814	0
5136	5	1121	0
51360	12	328	0
51361	237	0	1
51362	114	0	1
51363	28	0	1
51364	20	0	1
51365	6	1168	0
51366	538	0	1
51367	35	0	1
51368	177	0	1
5137	11	299	0
51371	61	0	1
51372	44	0	1
51373	228	0	1
51374	8	788	0
51375	22	0	1
51377	306	0	1
51378	32	0	1
51379	36	0	1
5138	112	0	1
51380	15	368	0
51382	93	0	1
51384	29	0	1
51385	11	330	0
51386	238	0	1
51388	167	0	1
51389	13	523	0
5139	76	0	1
51390	60	0	1
51393	6	832	0
51397	44	0	1
51398	7	1188	0
51399	74	0	1
514	56	0	1
5140	112	0	1
51400	145	0	1
51406	66	0	1
51409	32	0	1
5141	24	0	1
51411	12	585	0
51412	79	0	1
5142	67	0	1
51421	148	0	1
51422	63	0	1
51426	55	0	1
51427	31	0	1
51428	148	0	1
51429	142	0	1
5143	9	1490	0
51430	53	0	1
51433	134	0	1
51434	161	0	1
51435	89	0	1
51438	29	0	1
51439	70	0	1
5144	62	0	1
51440	27	0	1
51441	450	0	1
51442	15	629	0
51444	101	0	1
51447	20	0	1
51449	79	0	1
5145	9	643	0
51451	28	0	1
51454	38	0	1
51455	30	0	1
51458	16	0	1
5146	8	454	0
51460	51	0	1
51463	34	0	1
51465	169	0	1
51466	64	0	1
5147	60	0	1
51471	19	0	1
51473	29	0	1
51474	424	0	1
51475	59	0	1
51477	71	0	1
51478	36	0	1
51479	217	0	1
5148	7	1015	0
51480	9	1095	0
51481	1	4986	0
5149	11	549	0
51490	115	0	1
51491	177	0	1
51493	360	0	1
51495	237	0	1
51496	68	0	1
51497	98	0	1
51499	49	0	1
515	324	0	1
5150	17	0	1
51501	18	0	1
51503	120	0	1
51504	83	0	1
51506	63	0	1
51507	74	0	1
5151	19	0	1
51510	90	0	1
51512	211	0	1
51513	26	0	1
51514	118	0	1
51517	127	0	1
5152	54	0	1
51520	352	0	1
51522	64	0	1
51523	19	0	1
51524	5	1142	0
51526	12	612	0
51527	21	0	1
51528	13	583	0
51529	77	0	1
5153	4	1580	0
51530	124	0	1
51531	32	0	1
51533	28	0	1
51534	137	0	1
51535	138	0	1
51537	33	0	1
51538	104	0	1
5154	27	0	1
51540	41	0	1
51542	32	0	1
51545	108	0	1
51547	742	0	1
51548	626	0	1
5155	84	0	1
51550	63	0	1
51552	208	0	1
51554	7	1456	0
51555	8	304	0
51557	3	2103	0
51559	48	0	1
5156	362	0	1
51560	102	0	1
51561	7	1710	0
51562	165	0	1
51564	133	0	1
51566	128	0	1
51567	69	0	1
51569	108	0	1
5157	41	0	1
51571	80	0	1
51573	33	0	1
51574	1110	0	1
51575	148	0	1
5158	8	710	0
51582	19	0	1
51585	111	0	1
51586	109	0	1
51588	168	0	1
5159	201	0	1
51592	454	0	1
51593	332	0	1
51594	101	0	1
51596	47	0	1
51599	176	0	1
516	31	0	1
5160	734	0	1
51601	13	672	0
51602	287	0	1
51603	74	0	1
51604	196	0	1
51605	95	0	1
51606	135	0	1
51608	150	0	1
5161	20	0	1
51611	18	0	1
51614	338	0	1
51616	111	0	1
51617	24	0	1
51619	120	0	1
5162	311	0	1
51621	17	0	1
51622	70	0	1
51626	39	0	1
51629	8	538	0
5163	354	0	1
51631	343	0	1
51633	83	0	1
51634	100	0	1
51635	135	0	1
51637	204	0	1
51639	192	0	1
5164	30	0	1
51642	150	0	1
51643	13	584	0
51645	129	0	1
51646	71	0	1
51647	103	0	1
51649	291	0	1
5165	118	0	1
51650	166	0	1
51651	220	0	1
51652	59	0	1
51654	100	0	1
51655	39	0	1
51657	42	0	1
51659	47	0	1
5166	48	0	1
51660	5	1175	0
51661	143	0	1
51663	295	0	1
51665	25	0	1
51666	32	0	1
51667	52	0	1
51668	30	0	1
51669	195	0	1
5167	52	0	1
51673	5	1578	0
51676	43	0	1
51678	73	0	1
5168	9	496	0
51684	90	0	1
51686	41	0	1
5169	7	1175	0
51690	106	0	1
51691	93	0	1
51692	136	0	1
51693	70	0	1
51696	10	297	0
51699	125	0	1
517	6	1586	0
5170	179	0	1
51700	29	0	1
51701	68	0	1
51702	35	0	1
51703	30	0	1
51704	98	0	1
51705	9	986	0
51706	123	0	1
5171	2	4630	0
51710	17	0	1
51714	46	0	1
51715	52	0	1
51716	8	1181	0
51719	65	0	1
5172	13	722	0
51720	114	0	1
51725	12	422	0
51726	341	0	1
51727	103	0	1
51728	77	0	1
51729	152	0	1
5173	12	781	0
51733	1	6253	0
51734	11	518	0
51735	77	0	1
51738	17	0	1
5174	58	0	1
51741	618	0	1
51742	192	0	1
51744	37	0	1
51747	175	0	1
5175	26	0	1
51750	93	0	1
51751	1	5942	0
51752	72	0	1
51754	5	1058	0
51755	177	0	1
51759	619	0	1
5176	36	0	1
51760	52	0	1
51761	5	1021	0
51762	69	0	1
51763	61	0	1
51764	35	0	1
51765	184	0	1
51768	6	568	0
51773	120	0	1
51776	95	0	1
51778	17	0	1
5178	12	245	0
51780	98	0	1
5179	9	1042	0
518	17	0	1
51802	8	1166	0
51804	42	0	1
51805	45	0	1
51806	183	0	1
51807	82	0	1
51808	163	0	1
51809	56	0	1
51816	6	630	0
5184	88	0	1
5187	80	0	1
5188	94	0	1
5189	86	0	1
5190	79	0	1
5191	36	0	1
5192	24	0	1
5193	42	0	1
5194	25	0	1
5195	227	0	1
5196	28	0	1
5197	22	0	1
5198	145	0	1
5199	42	0	1
52	92	0	1
5201	172	0	1
5202	242	0	1
5203	121	0	1
5204	296	0	1
5205	6	550	0
5207	20	0	1
5208	54	0	1
5209	63	0	1
521	105	0	1
5210	34	0	1
5211	197	0	1
5212	3	1452	0
5213	167	0	1
5214	271	0	1
5216	487	0	1
5217	141	0	1
5218	44	0	1
522	198	0	1
5223	184	0	1
5224	76	0	1
5225	5	1117	0
5226	164	0	1
5228	6	919	0
5229	21	0	1
523	249	0	1
5230	309	0	1
5232	49	0	1
5236	105	0	1
5238	78	0	1
5239	9	845	0
5241	71	0	1
5243	52	0	1
5244	6	1387	0
5245	1111	0	1
525	110	0	1
5250	384	0	1
5251	2	2680	0
5252	170	0	1
5253	71	0	1
5255	40	0	1
5256	67	0	1
5257	58	0	1
526	224	0	1
5260	4	2197	0
5261	90	0	1
5264	23	0	1
5265	133	0	1
5266	7	1229	0
5267	18	0	1
5268	149	0	1
5269	39	0	1
527	127	0	1
5270	45	0	1
5271	81	0	1
5272	50	0	1
5273	3	1809	0
5274	8	962	0
5275	81	0	1
5276	14	586	0
5277	46	0	1
5279	3	3289	0
528	91	0	1
5281	25	0	1
5283	157	0	1
5284	130	0	1
5286	170	0	1
5287	43	0	1
5288	3	1193	0
5289	97	0	1
529	109	0	1
5290	153	0	1
5291	78	0	1
5292	65	0	1
5293	14	537	0
5294	29	0	1
5295	346	0	1
5296	218	0	1
5297	212	0	1
5298	50	0	1
53	82	0	1
5300	357	0	1
5303	77	0	1
5304	180	0	1
5305	199	0	1
5306	31	0	1
5307	126	0	1
5308	60	0	1
5309	6	907	0
5310	39	0	1
5311	71	0	1
5313	49	0	1
5314	11	557	0
5315	473	0	1
5316	70	0	1
5317	134	0	1
5318	224	0	1
5319	6	725	0
5320	29	0	1
5321	54	0	1
5322	9	1016	0
5324	11	601	0
5325	20	0	1
5326	62	0	1
5327	54	0	1
5328	49	0	1
5329	127	0	1
533	33	0	1
5330	14	487	0
5331	87	0	1
5332	29	0	1
5333	52	0	1
53335	103	0	1
53336	6	706	0
53339	107	0	1
5334	7	651	0
53340	14	956	0
53342	4	853	0
53343	40	0	1
53344	12	670	0
53345	11	1142	0
53346	2	3538	0
53347	123	0	1
53349	56	0	1
5335	225	0	1
53353	69	0	1
53354	6	705	0
53358	61	0	1
5336	74	0	1
53369	1	6285	0
5337	118	0	1
53371	116	0	1
53373	29	0	1
5338	127	0	1
5339	413	0	1
534	37	0	1
5340	70	0	1
53405	16	0	1
53407	137	0	1
5341	9	621	0
5345	23	0	1
5346	12	603	0
5347	817	0	1
5348	15	595	0
5349	92	0	1
535	167	0	1
5350	68	0	1
5351	287	0	1
5352	172	0	1
5354	112	0	1
5355	107	0	1
5356	196	0	1
5357	124	0	1
5358	229	0	1
5359	167	0	1
5360	53	0	1
5361	115	0	1
53615	286	0	1
53616	25	0	1
5362	81	0	1
53630	3	2183	0
53632	79	0	1
53635	67	0	1
53637	16	0	1
5364	35	0	1
5365	9	810	0
5366	177	0	1
5367	14	794	0
5368	15	512	0
537	115	0	1
5371	920	0	1
5372	20	0	1
5373	40	0	1
5375	8	768	0
5376	69	0	1
5378	108	0	1
5379	5	1735	0
538	91	0	1
5380	1	1949	0
53820	111	0	1
53822	3	2582	0
53826	86	0	1
53829	1	6558	0
5383	1	5901	0
53831	24	0	1
53832	33	0	1
53833	33	0	1
53834	52	0	1
53838	15	355	0
53840	16	0	1
53841	16	0	1
53842	7	1991	0
5387	5	2279	0
539	333	0	1
53904	11	313	0
53905	9	558	0
53916	33	0	1
53917	26	0	1
53918	114	0	1
53919	1	2936	0
5393	131	0	1
53938	75	0	1
5394	216	0	1
53940	8	620	0
53942	1	5175	0
53944	39	0	1
53947	15	244	0
5395	85	0	1
5396	14	377	0
53981	158	0	1
54	30	0	1
540	42	0	1
54014	48	0	1
54020	6	835	0
54033	169	0	1
54039	122	0	1
54053	1	3861	0
54058	21	0	1
54059	97	0	1
5406	10	752	0
54065	18	0	1
54067	1	3861	0
54069	92	0	1
5407	54	0	1
5408	13	597	0
54084	1	5955	0
54088	1	3129	0
5409	5	986	0
54093	20	0	1
54097	11	795	0
54101	445	0	1
54102	28	0	1
54103	6	838	0
54106	69	0	1
54107	80	0	1
54108	53	0	1
5411	283	0	1
54112	15	924	0
5412	32	0	1
5413	47	0	1
5414	24	0	1
54143	1	3861	0
54145	22	0	1
541465	3	828	0
541466	25	0	1
541468	132	0	1
541471	2	3619	0
541472	1	2253	0
541473	1	3407	0
54148	207	0	1
54149	12	665	0
541565	3	2498	0
541611	1	4278	0
54165	274	0	1
54187	97	0	1
5420	76	0	1
54205	173	0	1
54206	105	0	1
54209	11	1094	0
54210	15	693	0
54212	27	0	1
5422	110	0	1
54221	23	0	1
5423	61	0	1
5424	321	0	1
5425	69	0	1
5426	126	0	1
5427	55	0	1
542767	1	3424	0
5428	104	0	1
5429	80	0	1
5430	495	0	1
5431	355	0	1
5432	331	0	1
54328	49	0	1
54329	3	2693	0
5433	143	0	1
54331	60	0	1
54332	37	0	1
5434	277	0	1
54344	15	301	0
54345	5	1072	0
54346	23	0	1
5435	140	0	1
5436	171	0	1
54360	1	2537	0
54361	36	0	1
54363	6	913	0
5437	218	0	1
5438	123	0	1
54386	550	0	1
5439	147	0	1
5440	147	0	1
54407	133	0	1
5441	164	0	1
54413	89	0	1
54414	64	0	1
5442	204	0	1
54429	6	2016	0
5443	31	0	1
54431	252	0	1
54432	42	0	1
54433	208	0	1
54434	69	0	1
54436	6	609	0
54437	10	852	0
54438	51	0	1
54439	136	0	1
5444	19	0	1
54440	3	1085	0
54441	3	1440	0
54442	90	0	1
54443	1779	0	1
5445	200	0	1
54453	22	0	1
54454	16	0	1
54455	255	0	1
54456	4	1480	0
54457	24	0	1
54458	54	0	1
5446	4	2181	0
54460	108	0	1
54461	167	0	1
54462	65	0	1
54463	74	0	1
54464	250	0	1
54465	28	0	1
54466	15	389	0
54467	10	279	0
54468	69	0	1
54469	20	0	1
5447	208	0	1
54470	6	934	0
54471	49	0	1
54472	353	0	1
54474	61	0	1
54475	205	0	1
54476	52	0	1
54477	230	0	1
54478	39	0	1
54480	63	0	1
54482	12	265	0
54487	237	0	1
5449	28	0	1
54490	5	1119	0
54491	404	0	1
54492	4	1213	0
54494	8	723	0
54495	107	0	1
54496	49	0	1
54497	47	0	1
54498	11	400	0
54499	188	0	1
545	204	0	1
5450	51	0	1
54502	206	0	1
54503	51	0	1
54504	159	0	1
54505	96	0	1
54507	215	0	1
54508	1	3996	0
54509	671	0	1
5451	163	0	1
54510	12	416	0
54511	19	0	1
54512	177	0	1
54514	22	0	1
54516	242	0	1
54517	132	0	1
54518	18	0	1
5452	25	0	1
54520	100	0	1
54521	105	0	1
54522	5	1302	0
54529	27	0	1
5453	14	661	0
54531	36	0	1
54532	138	0	1
54534	227	0	1
54535	227	0	1
54536	83	0	1
54537	42	0	1
54538	10	288	0
54539	97	0	1
5454	15	456	0
54540	27	0	1
54541	20	0	1
54542	669	0	1
54543	28	0	1
54544	65	0	1
54545	44	0	1
54546	12	490	0
54549	46	0	1
5455	15	580	0
54550	100	0	1
54551	57	0	1
54552	125	0	1
54554	49	0	1
54555	65	0	1
54556	84	0	1
54557	200	0	1
54558	14	443	0
54566	84	0	1
5457	7	724	0
54575	32	0	1
54576	2	3747	0
54577	57	0	1
54578	2	4154	0
54579	13	824	0
5458	80	0	1
54581	2	887	0
54583	87	0	1
54584	55	0	1
54585	49	0	1
54587	10	362	0
5459	12	584	0
54596	28	0	1
546	208	0	1
5460	333	0	1
54600	12	899	0
54602	53	0	1
54606	299	0	1
54617	83	0	1
54619	7	942	0
54620	103	0	1
54621	2	1452	0
54622	110	0	1
54623	190	0	1
54625	44	0	1
54626	3	1720	0
54627	28	0	1
54629	31	0	1
5463	3	2363	0
5464	182	0	1
5465	78	0	1
54657	4	2230	0
54658	8	648	0
54659	3	3511	0
54660	1	6243	0
54662	12	338	0
54663	110	0	1
54664	306	0	1
54665	155	0	1
5467	108	0	1
54674	3	1406	0
54675	3	2536	0
54676	54	0	1
54677	16	0	1
5468	289	0	1
54680	66	0	1
54681	36	0	1
54682	103	0	1
5469	184	0	1
547	96	0	1
5470	25	0	1
54700	34	0	1
54704	104	0	1
54707	18	0	1
54708	201	0	1
5471	63	0	1
54714	6	1303	0
54715	87	0	1
54716	34	0	1
54718	6	1153	0
54726	233	0	1
54729	1	3709	0
5473	26	0	1
54732	144	0	1
54733	72	0	1
54734	32	0	1
54737	92	0	1
54738	202	0	1
54739	40	0	1
54741	13	636	0
54742	2	2549	0
54749	73	0	1
5475	50	0	1
54751	49	0	1
54752	17	0	1
54753	1	1370	0
54754	44	0	1
54756	12	349	0
54757	1	1237	0
54758	30	0	1
5476	110	0	1
54760	4	1619	0
54762	19	0	1
54763	59	0	1
54764	4160	0	1
54765	69	0	1
54766	1	6365	0
54768	17	0	1
54769	39	0	1
54776	51	0	1
54777	13	341	0
54778	99	0	1
5478	862	0	1
54780	51	0	1
54784	33	0	1
54785	170	0	1
54788	167	0	1
5479	326	0	1
54790	139	0	1
54793	219	0	1
54795	39	0	1
54796	11	293	0
54797	75	0	1
54798	3	1546	0
54799	55	0	1
5480	24	0	1
54800	57	0	1
54801	156	0	1
54802	16	0	1
54805	27	0	1
54806	54	0	1
54807	4	2324	0
54808	77	0	1
54809	27	0	1
5481	88	0	1
54810	27	0	1
54811	18	0	1
54812	52	0	1
54813	24	0	1
54814	86	0	1
54815	217	0	1
54816	22	0	1
54819	235	0	1
54820	105	0	1
54821	81	0	1
54822	121	0	1
54823	5	870	0
54825	12	772	0
54826	12	265	0
54827	3	1538	0
54828	78	0	1
54829	4	1621	0
5483	1	6536	0
54830	35	0	1
54831	17	0	1
548313	2	4527	0
54832	115	0	1
54834	19	0	1
54836	35	0	1
54838	8	381	0
54839	102	0	1
54840	76	0	1
54841	13	493	0
54842	40	0	1
54843	15	522	0
54845	75	0	1
54847	3	894	0
54848	5	1013	0
54849	50	0	1
54850	60	0	1
54851	50	0	1
54852	9	506	0
54853	59	0	1
54855	138	0	1
54856	41	0	1
54857	5	1950	0
54858	15	259	0
54859	47	0	1
548593	26	0	1
548594	3	3899	0
548596	79	0	1
54860	8	904	0
54861	31	0	1
54862	153	0	1
54863	20	0	1
548644	19	0	1
548645	282	0	1
54865	232	0	1
54866	4	1411	0
54867	143	0	1
54868	6	1387	0
54869	43	0	1
54870	140	0	1
54872	59	0	1
54873	13	522	0
54874	51	0	1
54875	22	0	1
54876	64	0	1
54877	24	0	1
54878	52	0	1
54879	37	0	1
54880	292	0	1
54881	171	0	1
54882	218	0	1
54883	58	0	1
54884	103	0	1
54885	5	810	0
54886	19	0	1
54887	88	0	1
54888	280	0	1
54890	49	0	1
54891	25	0	1
54892	91	0	1
54893	40	0	1
54894	426	0	1
54896	12	858	0
54897	42	0	1
54898	60	0	1
54899	40	0	1
549	304	0	1
54900	8	851	0
54901	214	0	1
54902	119	0	1
54903	109	0	1
54904	113	0	1
54905	14	296	0
54906	100	0	1
54908	304	0	1
54910	155	0	1
54913	57	0	1
54914	65	0	1
54915	442	0	1
54916	12	641	0
54918	86	0	1
54919	154	0	1
54920	17	0	1
54921	28	0	1
54922	16	0	1
54923	59	0	1
54925	44	0	1
54926	62	0	1
54927	258	0	1
54928	55	0	1
54929	70	0	1
5493	168	0	1
54930	97	0	1
54931	205	0	1
54932	8	564	0
54933	7	573	0
54934	68	0	1
54935	117	0	1
54936	31	0	1
54937	1	6556	0
54938	94	0	1
54939	105	0	1
5494	140	0	1
54940	414	0	1
54941	53	0	1
54942	15	810	0
54943	95	0	1
54946	34	0	1
54947	74	0	1
54948	176	0	1
54949	34	0	1
5495	210	0	1
54951	66	0	1
54952	30	0	1
54953	94	0	1
54954	184	0	1
54955	154	0	1
54956	48	0	1
54957	34	0	1
54958	68	0	1
54959	15	459	0
5496	318	0	1
54960	59	0	1
54961	70	0	1
54962	31	0	1
54963	49	0	1
54964	5	2470	0
54965	4	1151	0
54967	51	0	1
54968	221	0	1
54969	38	0	1
54970	15	362	0
54971	271	0	1
54972	126	0	1
54973	99	0	1
54974	58	0	1
54976	32	0	1
54977	5	2302	0
54978	54	0	1
54979	12	720	0
5498	72	0	1
54980	7	1305	0
54981	7	895	0
54982	100	0	1
54984	96	0	1
54985	3	1216	0
54986	27	0	1
54987	31	0	1
54988	54	0	1
54989	97	0	1
5499	593	0	1
54991	10	511	0
54993	9	439	0
54994	120	0	1
54995	29	0	1
54996	41	0	1
54997	10	963	0
54998	282	0	1
55	139	0	1
550	235	0	1
5500	457	0	1
55000	6	474	0
55001	1	3285	0
55002	58	0	1
55003	123	0	1
55004	716	0	1
55005	191	0	1
55006	279	0	1
55007	17	0	1
55008	13	311	0
55009	5	1905	0
5501	709	0	1
55010	9	330	0
55011	731	0	1
55012	41	0	1
55013	170	0	1
55014	261	0	1
55015	50	0	1
55016	70	0	1
55017	65	0	1
5502	11	1108	0
55020	21	0	1
55022	25	0	1
55023	191	0	1
55024	9	355	0
55025	1	3403	0
55026	16	0	1
55027	165	0	1
55028	262	0	1
55030	52	0	1
55031	188	0	1
55032	18	0	1
55033	81	0	1
55034	38	0	1
55035	115	0	1
55036	34	0	1
55037	333	0	1
55038	44	0	1
55039	10	405	0
5504	59	0	1
55040	57	0	1
55041	71	0	1
55048	133	0	1
55049	19	0	1
55051	30	0	1
55052	170	0	1
55054	1137	0	1
55055	30	0	1
55057	28	0	1
5506	52	0	1
55061	49	0	1
55062	50	0	1
55063	7	1256	0
550631	6	700	0
55064	5	942	0
550643	5	2531	0
55065	9	1162	0
55066	96	0	1
55068	19	0	1
55069	48	0	1
5507	32	0	1
55070	154	0	1
55071	23	0	1
55072	398	0	1
55073	1	1914	0
55074	30	0	1
55075	131	0	1
55076	17	0	1
55079	5	795	0
55080	16	0	1
55081	88	0	1
55082	168	0	1
55083	51	0	1
55084	9	437	0
55086	49	0	1
55088	26	0	1
55089	2	3019	0
5509	21	0	1
55090	97	0	1
55092	99	0	1
55093	428	0	1
55094	101	0	1
55095	120	0	1
55096	8	1179	0
551	26	0	1
5510	100	0	1
55100	75	0	1
55101	15	190	0
55102	87	0	1
55103	46	0	1
55105	33	0	1
55106	7	992	0
55107	9	500	0
55108	21	0	1
55109	58	0	1
5511	90	0	1
55110	158	0	1
55111	31	0	1
55112	44	0	1
55113	7	1440	0
55114	94	0	1
55116	37	0	1
55117	147	0	1
55118	27	0	1
55119	102	0	1
55120	65	0	1
55122	73	0	1
55124	14	429	0
55125	185	0	1
55127	219	0	1
55128	100	0	1
55129	30	0	1
55130	21	0	1
55131	349	0	1
55132	140	0	1
55133	111	0	1
55135	89	0	1
55137	11	357	0
55138	210	0	1
55139	39	0	1
5514	175	0	1
55140	95	0	1
55142	125	0	1
55143	115	0	1
55144	28	0	1
55145	114	0	1
55146	6	1446	0
55147	91	0	1
55148	94	0	1
55149	147	0	1
5515	436	0	1
55150	3	2722	0
55151	62	0	1
55152	22	0	1
55153	154	0	1
55154	56	0	1
55156	66	0	1
55157	140	0	1
55159	75	0	1
5516	248	0	1
55160	60	0	1
55161	160	0	1
55163	43	0	1
55164	25	0	1
55165	254	0	1
55166	105	0	1
55167	34	0	1
55168	136	0	1
55170	146	0	1
55171	23	0	1
55172	101	0	1
55173	214	0	1
55174	49	0	1
55175	71	0	1
55176	40	0	1
55177	312	0	1
55178	165	0	1
55179	43	0	1
5518	577	0	1
55180	6	953	0
55181	105	0	1
55182	41	0	1
55183	199	0	1
55184	7	1076	0
55186	6	554	0
55187	63	0	1
55188	43	0	1
5519	153	0	1
55190	6	369	0
55191	35	0	1
55192	130	0	1
55193	213	0	1
55194	67	0	1
55195	34	0	1
55196	47	0	1
55197	173	0	1
55198	72	0	1
55199	34	0	1
552	3	2085	0
5520	275	0	1
55200	41	0	1
55201	105	0	1
55203	4	1520	0
55204	70	0	1
55205	24	0	1
55206	71	0	1
55207	196	0	1
55208	30	0	1
55209	36	0	1
5521	237	0	1
55210	334	0	1
55211	138	0	1
55212	86	0	1
55213	20	0	1
55214	28	0	1
55215	214	0	1
55216	160	0	1
55217	55	0	1
55218	385	0	1
55219	176	0	1
5522	63	0	1
55220	17	0	1
55222	16	0	1
55223	31	0	1
55224	20	0	1
55225	17	0	1
55226	298	0	1
55227	80	0	1
55228	121	0	1
55229	77	0	1
5523	42	0	1
55230	51	0	1
55231	22	0	1
55233	83	0	1
55234	200	0	1
55236	147	0	1
55237	18	0	1
55238	86	0	1
55239	51	0	1
5524	106	0	1
55240	142	0	1
55243	118	0	1
55244	52	0	1
55245	103	0	1
55246	37	0	1
55247	95	0	1
55248	118	0	1
55249	51	0	1
5525	77	0	1
55250	86	0	1
55251	25	0	1
55252	280	0	1
55253	110	0	1
55254	48	0	1
55255	128	0	1
55256	41	0	1
55257	101	0	1
55258	1	5566	0
55259	9	707	0
5526	32	0	1
55260	31	0	1
55262	35	0	1
55266	42	0	1
55267	20	0	1
55268	20	0	1
55269	503	0	1
5527	77	0	1
55270	10	543	0
55272	108	0	1
55273	34	0	1
55274	136	0	1
55275	101	0	1
55276	52	0	1
55277	4	1142	0
55278	106	0	1
55279	2	2389	0
5528	145	0	1
55280	74	0	1
55281	57	0	1
55282	13	493	0
55283	63	0	1
55284	94	0	1
55285	40	0	1
55286	10	551	0
55287	10	789	0
55288	60	0	1
552889	13	355	0
55289	2	2138	0
552891	12	571	0
5529	108	0	1
55290	36	0	1
552900	117	0	1
55291	247	0	1
55293	22	0	1
55294	941	0	1
55295	76	0	1
55296	13	354	0
55297	25	0	1
55298	13	386	0
55299	298	0	1
553	29	0	1
5530	143	0	1
55300	58	0	1
55301	1	3850	0
55303	4	1062	0
55304	9	408	0
55308	83	0	1
5531	132	0	1
55311	105	0	1
553115	100	0	1
553117	29	0	1
55312	25	0	1
55313	19	0	1
55314	8	559	0
55315	2	2468	0
553158	9	876	0
55316	52	0	1
55317	18	0	1
55319	90	0	1
5532	76	0	1
55320	54	0	1
55321	1	3861	0
55322	26	0	1
55323	11	661	0
55324	117	0	1
55325	99	0	1
55326	67	0	1
55327	96	0	1
55328	2	3726	0
55329	38	0	1
5533	72	0	1
55330	18	0	1
55331	8	703	0
55332	12	696	0
55333	127	0	1
55334	91	0	1
55335	20	0	1
55336	11	324	0
55337	95	0	1
55339	139	0	1
5534	63	0	1
55340	75	0	1
55341	162	0	1
55342	231	0	1
55343	8	938	0
55344	7	535	0
55345	23	0	1
55346	74	0	1
55347	92	0	1
55349	23	0	1
5535	31	0	1
55350	1	6945	0
55351	14	469	0
55352	69	0	1
55353	47	0	1
55354	7	745	0
55355	103	0	1
55356	21	0	1
55357	36	0	1
55359	160	0	1
5536	184	0	1
55361	68	0	1
55362	143	0	1
55363	42	0	1
55364	33	0	1
55365	16	0	1
55366	262	0	1
55367	46	0	1
5537	220	0	1
55370	86	0	1
55374	14	665	0
55379	819	0	1
5538	254	0	1
55380	1	5706	0
55384	5	1136	0
55388	118	0	1
5539	9	957	0
554	122	0	1
5540	1	5118	0
5542	18	0	1
554203	3	861	0
554206	1	5933	0
554207	1	2253	0
55421	151	0	1
554210	75	0	1
55422	62	0	1
554223	19	0	1
554226	1	2053	0
55423	3	2787	0
554235	13	666	0
554236	3	1083	0
55425	40	0	1
554250	5	1249	0
554251	3	788	0
554313	41	0	1
55432	518	0	1
55435	27	0	1
554354	1	2053	0
55437	29	0	1
5544	16	0	1
5545	3	2313	0
55450	7	704	0
55454	103	0	1
5546	87	0	1
55466	81	0	1
5547	42	0	1
55471	68	0	1
5548	2	2304	0
55486	220	0	1
5549	30	0	1
5550	84	0	1
55500	23	0	1
55501	69	0	1
55502	46	0	1
55503	17	0	1
55504	44	0	1
55505	85	0	1
55506	208	0	1
55507	71	0	1
55508	26	0	1
55509	53	0	1
5551	47	0	1
55510	18	0	1
55511	6	776	0
55512	23	0	1
55515	132	0	1
5552	14	560	0
55520	4	1570	0
55521	140	0	1
55526	62	0	1
55527	101	0	1
55529	35	0	1
5553	275	0	1
55530	8	739	0
55531	13	770	0
55532	5	1993	0
55534	16	0	1
55536	82	0	1
5554	19	0	1
55540	36	0	1
55544	23	0	1
5555	1	2811	0
55552	5	859	0
55553	150	0	1
55554	149	0	1
55556	11	278	0
55558	90	0	1
55559	109	0	1
55561	34	0	1
55565	13	689	0
55567	12	356	0
55568	52	0	1
5557	97	0	1
55571	109	0	1
55572	63	0	1
55573	83	0	1
55576	8	688	0
55577	151	0	1
55578	89	0	1
5558	84	0	1
55582	15	412	0
55584	73	0	1
55585	62	0	1
55586	12	569	0
55588	98	0	1
55589	97	0	1
55591	156	0	1
55592	2	3636	0
55593	49	0	1
55596	144	0	1
55599	45	0	1
55600	56	0	1
55601	84	0	1
55602	136	0	1
55603	82	0	1
55604	77	0	1
55605	105	0	1
55607	119	0	1
55608	24	0	1
55609	59	0	1
55610	116	0	1
55611	347	0	1
55612	32	0	1
55613	23	0	1
55614	76	0	1
55615	38	0	1
55616	25	0	1
55617	13	210	0
55619	24	0	1
5562	245	0	1
55620	21	0	1
55621	117	0	1
55622	97	0	1
55623	63	0	1
55624	82	0	1
55625	18	0	1
55626	265	0	1
55627	162	0	1
55628	12	367	0
55629	26	0	1
5563	233	0	1
55630	162	0	1
55631	85	0	1
55632	16	0	1
55633	192	0	1
55634	19	0	1
55635	30	0	1
55636	148	0	1
55638	29	0	1
5564	90	0	1
55640	3	1890	0
55643	68	0	1
55644	140	0	1
55646	371	0	1
55647	20	0	1
5565	232	0	1
55650	2	2833	0
55651	123	0	1
55652	13	432	0
55653	15	971	0
55654	10	366	0
55655	44	0	1
55656	61	0	1
55657	41	0	1
55658	137	0	1
55659	8	478	0
5566	388	0	1
55660	412	0	1
55661	302	0	1
55662	313	0	1
55663	81	0	1
55664	29	0	1
55665	31	0	1
55666	188	0	1
55667	134	0	1
55668	70	0	1
55669	45	0	1
5567	178	0	1
55670	11	459	0
55671	179	0	1
55672	8	356	0
55676	108	0	1
55677	112	0	1
55679	20	0	1
5568	100	0	1
55680	33	0	1
55681	181	0	1
55683	77	0	1
55684	130	0	1
55686	15	405	0
55687	86	0	1
55689	167	0	1
5569	9	534	0
55690	44	0	1
55691	15	295	0
55692	237	0	1
55693	41	0	1
55695	62	0	1
55696	164	0	1
55697	198	0	1
55698	44	0	1
55699	257	0	1
5570	7	1286	0
55700	158	0	1
55701	62	0	1
55702	69	0	1
55703	114	0	1
55704	220	0	1
55705	224	0	1
55706	202	0	1
55707	60	0	1
55709	311	0	1
5571	141	0	1
55711	41	0	1
55713	2	1900	0
55714	56	0	1
55715	66	0	1
55716	945	0	1
55717	130	0	1
55718	97	0	1
55719	38	0	1
55720	315	0	1
55721	13	488	0
55722	106	0	1
55723	107	0	1
55726	68	0	1
55727	10	305	0
55728	85	0	1
55729	79	0	1
5573	295	0	1
55731	41	0	1
55732	58	0	1
55733	1	4667	0
55734	48	0	1
55735	217	0	1
55737	258	0	1
55738	127	0	1
55739	64	0	1
55740	108	0	1
55741	100	0	1
55742	77	0	1
55743	52	0	1
55744	31	0	1
55745	11	898	0
55746	177	0	1
55748	132	0	1
55749	184	0	1
5575	156	0	1
55750	129	0	1
55751	11	665	0
55752	108	0	1
55753	44	0	1
55754	129	0	1
55755	179	0	1
55756	63	0	1
55757	77	0	1
55758	174	0	1
55759	133	0	1
5576	194	0	1
55760	38	0	1
55761	109	0	1
55762	7	893	0
55763	138	0	1
55764	60	0	1
55765	65	0	1
55766	128	0	1
55768	64	0	1
55769	12	427	0
5577	126	0	1
55770	99	0	1
55771	124	0	1
55773	54	0	1
55775	29	0	1
55776	31	0	1
55777	86	0	1
55778	7	343	0
55779	14	511	0
5578	276	0	1
55780	1	1949	0
55781	124	0	1
55783	20	0	1
55784	10	270	0
55785	36	0	1
55786	6	1030	0
55787	96	0	1
55788	8	520	0
55789	192	0	1
5579	197	0	1
55790	61	0	1
55791	247	0	1
55793	41	0	1
55794	222	0	1
55795	85	0	1
55796	15	463	0
55798	23	0	1
55799	9	1006	0
558	340	0	1
5580	156	0	1
55800	212	0	1
55801	8	672	0
55802	165	0	1
55803	14	198	0
55805	22	0	1
55806	46	0	1
55808	4	1451	0
55809	35	0	1
5581	125	0	1
55810	79	0	1
55811	4	1173	0
55812	24	0	1
55813	84	0	1
55814	36	0	1
55815	20	0	1
55816	16	0	1
55818	62	0	1
55819	322	0	1
5582	70	0	1
55821	2	3299	0
55823	80	0	1
55824	59	0	1
55825	24	0	1
55827	208	0	1
55829	52	0	1
5583	24	0	1
55830	55	0	1
55831	118	0	1
55832	935	0	1
55833	168	0	1
55835	175	0	1
55837	74	0	1
55839	58	0	1
5584	299	0	1
55840	36	0	1
55841	15	197	0
55843	21	0	1
55844	157	0	1
55845	122	0	1
55846	27	0	1
55847	86	0	1
55848	79	0	1
5585	137	0	1
55850	112	0	1
55851	78	0	1
55852	183	0	1
55853	3	1566	0
55854	113	0	1
55855	8	315	0
55856	43	0	1
55857	26	0	1
55858	94	0	1
55859	51	0	1
5586	176	0	1
55860	85	0	1
55861	10	594	0
55862	53	0	1
55863	48	0	1
55867	3	1663	0
55869	41	0	1
5587	172	0	1
55870	57	0	1
55871	174	0	1
55872	147	0	1
55876	11	501	0
55879	5	1064	0
5588	42	0	1
55884	83	0	1
55885	147	0	1
55888	18	0	1
55889	3	1774	0
5589	253	0	1
55890	102	0	1
55891	10	748	0
55892	12	274	0
55893	18	0	1
55894	11	1128	0
55897	9	593	0
55898	223	0	1
5590	360	0	1
55900	24	0	1
55901	3	2226	0
55902	14	204	0
55904	44	0	1
55905	88	0	1
55906	44	0	1
55907	109	0	1
55908	9	669	0
55909	42	0	1
5591	673	0	1
55911	3	1876	0
55914	243	0	1
55915	92	0	1
55916	45	0	1
55917	71	0	1
5592	46	0	1
55920	216	0	1
55922	241	0	1
55924	26	0	1
55929	180	0	1
5593	11	510	0
55930	169	0	1
55937	43	0	1
5594	432	0	1
5595	340	0	1
55954	47	0	1
55957	91	0	1
55958	79	0	1
55959	115	0	1
5596	66	0	1
55964	54	0	1
55966	3	1368	0
55967	199	0	1
55968	164	0	1
55969	100	0	1
5597	469	0	1
55970	101	0	1
55971	123	0	1
55972	49	0	1
55973	38	0	1
55974	7	782	0
55975	42	0	1
5598	138	0	1
5599	220	0	1
55997	125	0	1
55998	12	340	0
55999	1	3933	0
56	3	1926	0
5600	40	0	1
56000	7	861	0
56001	60	0	1
56005	63	0	1
56006	70	0	1
5601	174	0	1
5602	52	0	1
5603	34	0	1
56033	9	540	0
56034	12	874	0
5604	246	0	1
5605	258	0	1
56052	46	0	1
5606	241	0	1
56061	56	0	1
56062	31	0	1
56063	19	0	1
5607	110	0	1
5608	56	0	1
5609	174	0	1
56097	21	0	1
56098	71	0	1
56099	5	1249	0
5610	346	0	1
56100	8	451	0
56101	42	0	1
56102	7	1607	0
56103	43	0	1
56104	74	0	1
56105	18	0	1
56106	18	0	1
56107	33	0	1
56108	24	0	1
56109	23	0	1
5611	217	0	1
56110	62	0	1
56111	33	0	1
56112	8	771	0
56113	2	3058	0
56114	2	1010	0
5612	99	0	1
56121	26	0	1
56122	22	0	1
56123	4	1428	0
56124	14	422	0
56125	55	0	1
56126	7	1349	0
56127	2	3318	0
56128	3	2263	0
56129	43	0	1
5613	43	0	1
56130	26	0	1
56131	2	4344	0
56132	141	0	1
56133	10	907	0
56134	43	0	1
56135	17	0	1
56136	4	2386	0
56137	44	0	1
56138	17	0	1
56139	19	0	1
56140	53	0	1
56141	10	652	0
56142	6	546	0
56143	2	3076	0
56144	53	0	1
56145	32	0	1
56146	12	472	0
56147	6	903	0
56154	19	0	1
56155	31	0	1
56156	19	0	1
56157	26	0	1
56158	19	0	1
56159	93	0	1
5616	139	0	1
56160	38	0	1
56163	13	331	0
56164	14	530	0
56165	8	532	0
56169	5	1669	0
5617	6	1333	0
56171	17	0	1
56172	12	460	0
5618	16	0	1
56180	5	1326	0
56181	61	0	1
5619	2	2489	0
5620	38	0	1
56203	6	1215	0
56204	11	365	0
5621	2246	0	1
5623	5	2381	0
5624	15	523	0
56241	16	0	1
56242	6	888	0
56243	98	0	1
56244	154	0	1
56246	3	2298	0
5625	11	433	0
56252	159	0	1
56254	202	0	1
56255	73	0	1
56256	18	0	1
56257	854	0	1
56259	143	0	1
5626	54	0	1
56260	2	3087	0
56261	7	876	0
56262	84	0	1
56265	1	4624	0
56267	42	0	1
56269	19	0	1
5627	38	0	1
56270	62	0	1
56271	18	0	1
56287	28	0	1
56288	284	0	1
5629	37	0	1
563	142	0	1
5630	199	0	1
56300	42	0	1
56301	2	2688	0
56302	27	0	1
5631	192	0	1
56311	2	2063	0
56339	282	0	1
5634	239	0	1
56341	87	0	1
56342	186	0	1
56344	37	0	1
5635	101	0	1
5636	100	0	1
5638	14	472	0
5639	8	709	0
5641	46	0	1
56413	48	0	1
5644	69	0	1
5645	34	0	1
5646	55	0	1
56474	117	0	1
56475	97	0	1
56477	23	0	1
56478	292	0	1
56479	29	0	1
5648	23	0	1
5649	15	259	0
5650	73	0	1
5651	2	2355	0
5652	55	0	1
56521	56	0	1
5653	29	0	1
5654	35	0	1
56547	20	0	1
56548	28	0	1
5655	179	0	1
5657	81	0	1
566	21	0	1
5660	112	0	1
56603	29	0	1
56604	28	0	1
56605	54	0	1
56606	32	0	1
56616	266	0	1
5662	4	2173	0
56623	65	0	1
56624	4	2707	0
5663	195	0	1
5664	67	0	1
56647	141	0	1
56648	55	0	1
56649	308	0	1
56650	70	0	1
56651	1	2672	0
56652	125	0	1
56654	68	0	1
56655	32	0	1
56656	2	3582	0
56658	106	0	1
56659	1	2313	0
56660	1	6341	0
56663	2	1592	0
56664	3	1207	0
56666	8	484	0
56667	37	0	1
56670	3	2427	0
56672	19	0	1
56673	15	698	0
56674	108	0	1
56675	13	520	0
56676	10	736	0
56681	272	0	1
56683	81	0	1
5669	50	0	1
567	82	0	1
5670	2	2768	0
56704	229	0	1
5671	19	0	1
5672	7	1865	0
56729	8	529	0
5673	4	2109	0
56731	3	1598	0
5675	2	3482	0
56751	3	2862	0
56776	61	0	1
5678	21	0	1
5680	60	0	1
5681	62	0	1
5682	474	0	1
56829	602	0	1
5683	209	0	1
56832	1	5877	0
56833	13	952	0
56834	7	1347	0
5684	439	0	1
56848	16	0	1
56849	23	0	1
5685	304	0	1
56850	184	0	1
56851	145	0	1
56852	459	0	1
56853	10	749	0
5686	337	0	1
5687	296	0	1
5688	255	0	1
56882	16	0	1
56884	2	4148	0
56886	201	0	1
56888	154	0	1
56889	132	0	1
5689	333	0	1
56890	8	895	0
56891	48	0	1
56892	4	558	0
56893	251	0	1
56894	83	0	1
56895	69	0	1
56896	64	0	1
56897	115	0	1
56898	39	0	1
56899	26	0	1
5690	205	0	1
56900	39	0	1
56901	15	371	0
56902	125	0	1
56903	7	414	0
56904	99	0	1
56905	77	0	1
56906	28	0	1
56907	25	0	1
5691	191	0	1
56910	35	0	1
56911	11	924	0
56912	40	0	1
56913	51	0	1
56914	1	6442	0
56915	157	0	1
56916	190	0	1
56917	25	0	1
56918	3	2575	0
56919	61	0	1
5692	214	0	1
56920	4	1170	0
56922	175	0	1
56923	29	0	1
56924	69	0	1
56925	38	0	1
56926	177	0	1
56927	24	0	1
56928	232	0	1
56929	21	0	1
5693	232	0	1
56931	53	0	1
56934	45	0	1
56935	62	0	1
56937	50	0	1
56938	26	0	1
5694	220	0	1
56940	138	0	1
56941	48	0	1
56942	18	0	1
56943	176	0	1
56944	11	723	0
56945	277	0	1
56946	133	0	1
56947	178	0	1
56948	28	0	1
56949	178	0	1
5695	203	0	1
56950	63	0	1
56951	17	0	1
56952	37	0	1
56954	72	0	1
56955	8	680	0
56956	14	400	0
56957	68	0	1
5696	103	0	1
56961	17	0	1
56963	17	0	1
56964	1	5945	0
56965	12	740	0
56969	86	0	1
5697	7	1530	0
56970	51	0	1
56971	1	2053	0
56975	186	0	1
56977	16	0	1
56978	4	1101	0
56979	7	789	0
5698	87	0	1
56980	66	0	1
56981	20	0	1
56983	107	0	1
56984	69	0	1
56986	14	655	0
56987	109	0	1
5699	89	0	1
56990	21	0	1
56992	91	0	1
56993	359	0	1
56994	64	0	1
56995	19	0	1
56996	50	0	1
56997	219	0	1
56998	39	0	1
56999	5	1104	0
570	26	0	1
5700	343	0	1
57001	33	0	1
57002	27	0	1
57003	446	0	1
57007	19	0	1
5701	359	0	1
57010	9	569	0
57016	42	0	1
57017	214	0	1
57018	57	0	1
57019	89	0	1
5702	406	0	1
57020	42	0	1
57026	28	0	1
57030	2	1935	0
57035	26	0	1
57037	63	0	1
57038	89	0	1
5704	326	0	1
57045	15	322	0
57047	15	922	0
57048	46	0	1
5705	470	0	1
57050	150	0	1
57053	8	1162	0
57054	1	3407	0
57055	21	0	1
57057	18	0	1
5706	324	0	1
57060	43	0	1
57062	576	0	1
5707	386	0	1
5708	418	0	1
57082	106	0	1
57084	2	1876	0
57085	160	0	1
57088	75	0	1
57089	51	0	1
5709	377	0	1
57091	9	414	0
57092	90	0	1
57093	11	564	0
57094	14	624	0
57095	43	0	1
57096	66	0	1
57097	15	560	0
57099	25	0	1
571	106	0	1
5710	326	0	1
57101	2	1208	0
57102	11	629	0
57103	60	0	1
57104	40	0	1
57105	21	0	1
57106	64	0	1
57107	23	0	1
57109	259	0	1
5711	116	0	1
57110	10	810	0
57111	256	0	1
57113	4	2088	0
57116	24	0	1
57117	116	0	1
57118	48	0	1
57119	5	1127	0
57120	290	0	1
57121	2	2036	0
57122	211	0	1
57124	1	3873	0
57125	5	1828	0
57126	4	1758	0
57127	4	2732	0
57128	67	0	1
57129	202	0	1
5713	254	0	1
57130	168	0	1
57132	42	0	1
57134	5	1138	0
57135	1	3407	0
57136	70	0	1
57139	47	0	1
5714	167	0	1
57140	8	601	0
57142	322	0	1
57143	75	0	1
57144	110	0	1
57146	53	0	1
57147	91	0	1
57148	60	0	1
57149	10	608	0
5715	169	0	1
57150	17	0	1
57151	31	0	1
57152	143	0	1
57153	12	291	0
57154	475	0	1
57156	33	0	1
57157	15	326	0
57158	25	0	1
57159	319	0	1
5716	186	0	1
57161	51	0	1
57162	63	0	1
57165	7	1256	0
57167	25	0	1
57168	33	0	1
57169	59	0	1
5717	343	0	1
57171	49	0	1
57172	9	808	0
57175	184	0	1
57176	108	0	1
57178	45	0	1
57179	48	0	1
5718	298	0	1
57180	54	0	1
57181	149	0	1
57182	108	0	1
57184	20	0	1
57185	17	0	1
57186	34	0	1
57187	191	0	1
57188	14	1153	0
57189	19	0	1
5719	295	0	1
57190	65	0	1
57191	3	2756	0
57192	17	0	1
57194	6	649	0
57198	41	0	1
572	100	0	1
5720	263	0	1
57205	7	512	0
57209	12	323	0
5721	128	0	1
57210	11	379	0
57211	36	0	1
57212	1	3407	0
57213	44	0	1
57214	66	0	1
57215	118	0	1
57216	177	0	1
57217	17	0	1
57221	79	0	1
57222	259	0	1
57223	71	0	1
57224	48	0	1
57226	27	0	1
57228	41	0	1
5723	16	0	1
57231	59	0	1
5724	48	0	1
5725	439	0	1
5726	3	2410	0
5727	266	0	1
5728	637	0	1
57282	3	1237	0
5729	10	478	0
57291	25	0	1
57292	1	6233	0
573	472	0	1
5730	29	0	1
5731	3	2333	0
5732	2	2253	0
57325	110	0	1
57326	209	0	1
5733	117	0	1
57332	242	0	1
57333	24	0	1
57335	29	0	1
57336	12	466	0
57337	26	0	1
57338	50	0	1
5734	47	0	1
57343	5	684	0
57348	298	0	1
57369	2	3133	0
5737	18	0	1
57379	68	0	1
5738	50	0	1
57380	80	0	1
57381	623	0	1
5739	69	0	1
57393	4	2328	0
57396	43	0	1
573971	1	2443	0
574	1	1949	0
5740	5	1064	0
574016	5	1597	0
57402	69	0	1
574029	2	1720	0
57403	20	0	1
574031	96	0	1
574032	85	0	1
574033	84	0	1
574036	1	3175	0
57404	17	0	1
574040	5	860	0
574042	2	2704	0
57405	61	0	1
57406	24	0	1
57407	240	0	1
57408	7	1713	0
57409	43	0	1
5741	9	628	0
57410	149	0	1
57412	5	489	0
57414	102	0	1
57415	9	866	0
57418	123	0	1
57419	19	0	1
5742	12	329	0
5743	44	0	1
5744	6	667	0
574411	77	0	1
57446	36	0	1
57447	45	0	1
574470	1	6626	0
57448	249	0	1
57449	25	0	1
5745	85	0	1
57451	7	953	0
57452	20	0	1
57453	8	595	0
574537	1	6758	0
57455	11	372	0
57456	59	0	1
57458	38	0	1
57459	232	0	1
5746	116	0	1
57460	120	0	1
57461	133	0	1
57462	34	0	1
57463	90	0	1
57464	35	0	1
57465	36	0	1
57466	144	0	1
57467	21	0	1
57468	7	1143	0
57469	1	3479	0
5747	273	0	1
57470	114	0	1
57471	5	1128	0
57472	55	0	1
57473	198	0	1
57474	49	0	1
57475	13	282	0
57476	67	0	1
57477	3	1103	0
57478	27	0	1
57479	82	0	1
57480	65	0	1
57481	2	2794	0
57482	39	0	1
57484	19	0	1
57486	50	0	1
57488	364	0	1
57489	39	0	1
57491	6	638	0
57492	195	0	1
57493	11	399	0
57494	12	349	0
57495	3	1644	0
57496	55	0	1
57497	7	488	0
57498	184	0	1
575	31	0	1
57502	4	1749	0
57504	168	0	1
57505	322	0	1
57506	294	0	1
57507	90	0	1
57508	102	0	1
57509	80	0	1
57510	217	0	1
57511	159	0	1
57512	6	511	0
57513	47	0	1
57514	44	0	1
57515	62	0	1
57519	35	0	1
57520	318	0	1
57521	319	0	1
57522	37	0	1
57523	28	0	1
57524	6	511	0
57526	20	0	1
57528	9	594	0
57529	12	476	0
5753	91	0	1
57530	148	0	1
57531	28	0	1
57532	411	0	1
57533	36	0	1
57534	292	0	1
57535	15	369	0
57536	41	0	1
57537	10	412	0
57538	8	317	0
57539	35	0	1
5754	112	0	1
57540	5	1276	0
57541	42	0	1
57542	89	0	1
57544	61	0	1
57545	43	0	1
57546	19	0	1
57547	37	0	1
57549	9	680	0
57551	49	0	1
57552	86	0	1
57553	76	0	1
57554	35	0	1
57555	63	0	1
57556	56	0	1
57558	25	0	1
57559	72	0	1
5756	167	0	1
57560	28	0	1
57561	224	0	1
57562	80	0	1
57563	79	0	1
57565	65	0	1
57567	25	0	1
57568	124	0	1
57569	28	0	1
5757	195	0	1
57570	43	0	1
57571	3	1085	0
57572	55	0	1
57573	12	634	0
57574	110	0	1
57575	61	0	1
57576	5	1560	0
57577	7	414	0
57578	9	329	0
57579	85	0	1
57580	65	0	1
57583	15	320	0
57584	177	0	1
57585	34	0	1
57586	4	1362	0
57587	57	0	1
57589	21	0	1
57590	63	0	1
57591	54	0	1
57592	113	0	1
57593	4	1022	0
57594	143	0	1
57595	18	0	1
57596	54	0	1
57597	40	0	1
57599	146	0	1
576	10	655	0
57600	20	0	1
57602	598	0	1
57604	6	1027	0
57605	6	624	0
57606	121	0	1
57608	36	0	1
57609	64	0	1
57610	112	0	1
57611	10	599	0
57613	73	0	1
57614	61	0	1
57615	11	564	0
57616	77	0	1
57617	116	0	1
57619	75	0	1
57620	131	0	1
57621	446	0	1
57622	126	0	1
57623	8	438	0
57624	16	0	1
57626	16	0	1
57628	5	924	0
5763	81	0	1
57630	100	0	1
57631	68	0	1
57633	7	939	0
57634	176	0	1
57636	59	0	1
57639	81	0	1
5764	102	0	1
57642	26	0	1
57643	5	917	0
57644	63	0	1
57645	28	0	1
57646	114	0	1
57647	176	0	1
57648	112	0	1
57649	107	0	1
57650	171	0	1
57653	1	2107	0
57654	38	0	1
57655	164	0	1
57657	5	967	0
57658	74	0	1
57659	31	0	1
57661	61	0	1
57662	122	0	1
57663	23	0	1
57664	2969	0	1
57665	37	0	1
57666	64	0	1
57669	298	0	1
57670	80	0	1
57673	111	0	1
57674	148	0	1
57677	8	446	0
57678	24	0	1
57679	24	0	1
5768	66	0	1
57680	261	0	1
57683	60	0	1
57684	37	0	1
57685	57	0	1
57687	10	299	0
57688	7	639	0
57689	52	0	1
57690	137	0	1
57691	18	0	1
57692	30	0	1
57693	64	0	1
57695	114	0	1
57696	164	0	1
57697	60	0	1
57698	120	0	1
57699	40	0	1
577	13	774	0
5770	606	0	1
57700	54	0	1
57701	106	0	1
57703	102	0	1
57704	24	0	1
57705	5	512	0
57706	100	0	1
57707	31	0	1
57708	80	0	1
57709	73	0	1
5771	193	0	1
57710	4	2274	0
57711	6	430	0
57713	35	0	1
57715	47	0	1
57716	15	352	0
57717	40	0	1
57718	14	317	0
57719	13	288	0
57720	55	0	1
57721	555	0	1
57722	33	0	1
57724	12	309	0
57727	117	0	1
57728	33	0	1
57730	59	0	1
57731	46	0	1
57732	7	789	0
57733	10	480	0
5774	91	0	1
5775	48	0	1
57758	2	3130	0
57761	153	0	1
57763	32	0	1
5777	222	0	1
5778	63	0	1
57786	57	0	1
57787	72	0	1
57794	138	0	1
57795	24	0	1
57798	126	0	1
57799	30	0	1
578	36	0	1
5780	100	0	1
57801	23	0	1
57804	10	591	0
57805	337	0	1
5781	318	0	1
57817	3	2480	0
57818	3	1346	0
57819	168	0	1
5782	136	0	1
57820	17	0	1
57821	6	532	0
57822	9	784	0
57823	19	0	1
57826	53	0	1
57827	27	0	1
57828	5	706	0
5783	176	0	1
57830	6	2264	0
57834	5	387	0
57835	6	634	0
5784	166	0	1
5786	134	0	1
57862	53	0	1
57863	3	1239	0
5787	32	0	1
5788	32	0	1
5789	124	0	1
579	8	671	0
5790	15	566	0
5791	52	0	1
5792	216	0	1
5793	94	0	1
5794	80	0	1
5795	79	0	1
5796	169	0	1
5797	61	0	1
5798	114	0	1
5799	55	0	1
58	279	0	1
580	324	0	1
5800	138	0	1
5801	105	0	1
5802	137	0	1
5803	25	0	1
5805	44	0	1
5806	58	0	1
581	118	0	1
5810	47	0	1
5813	261	0	1
5814	143	0	1
58155	65	0	1
58157	158	0	1
58158	10	822	0
5816	4	1947	0
58160	7	687	0
58164	1	5746	0
5817	157	0	1
5818	16	0	1
58189	12	677	0
5819	162	0	1
58190	103	0	1
58191	87	0	1
582	111	0	1
5820	13	334	0
5822	130	0	1
5824	186	0	1
5825	250	0	1
5826	38	0	1
5827	281	0	1
5828	19	0	1
5829	309	0	1
583	52	0	1
5830	188	0	1
5831	199	0	1
5832	185	0	1
5833	38	0	1
5834	142	0	1
5836	116	0	1
5837	81	0	1
58472	93	0	1
58473	29	0	1
58475	11	1262	0
58476	5	1261	0
58477	329	0	1
58478	38	0	1
58480	508	0	1
58484	22	0	1
58485	51	0	1
58486	8	456	0
58487	30	0	1
58488	12	653	0
58489	7	887	0
58490	224	0	1
58491	78	0	1
58492	21	0	1
58493	45	0	1
58494	11	604	0
58495	126	0	1
58496	26	0	1
58497	35	0	1
58498	8	833	0
58499	63	0	1
585	44	0	1
58500	129	0	1
58503	6	1740	0
58504	63	0	1
58505	51	0	1
58506	133	0	1
58508	134	0	1
58509	103	0	1
58510	1	1370	0
58511	43	0	1
58512	21	0	1
58513	129	0	1
58515	52	0	1
58516	136	0	1
58517	306	0	1
58524	86	0	1
58525	207	0	1
58526	70	0	1
58527	7	769	0
58528	32	0	1
58529	45	0	1
58530	8	639	0
58531	2	2804	0
58533	215	0	1
58538	2	4061	0
5858	14	514	0
5859	406	0	1
586	67	0	1
5860	38	0	1
5861	386	0	1
5862	527	0	1
5863	27	0	1
5864	70	0	1
5865	296	0	1
5866	55	0	1
5867	449	0	1
5868	692	0	1
5869	124	0	1
587	28	0	1
5870	127	0	1
5871	97	0	1
5872	101	0	1
5873	80	0	1
5874	35	0	1
5875	81	0	1
5876	88	0	1
5877	77	0	1
5878	564	0	1
5879	988	0	1
5880	664	0	1
5881	614	0	1
5883	54	0	1
5884	85	0	1
5885	378	0	1
5886	216	0	1
5887	219	0	1
5888	224	0	1
5889	44	0	1
5890	43	0	1
5891	26	0	1
5892	96	0	1
5893	61	0	1
5894	1840	0	1
5896	27	0	1
5897	7	1049	0
5898	121	0	1
58985	24	0	1
58986	30	0	1
5899	77	0	1
59	335	0	1
590	61	0	1
5900	30	0	1
5901	449	0	1
5902	210	0	1
5903	342	0	1
5905	291	0	1
5906	148	0	1
59067	7	1390	0
5908	172	0	1
59082	2	3050	0
59084	6	751	0
5909	46	0	1
5910	139	0	1
5911	79	0	1
5912	35	0	1
5913	18	0	1
5914	159	0	1
5915	27	0	1
5916	44	0	1
5917	324	0	1
5918	21	0	1
5919	4	2481	0
5920	26	0	1
5921	137	0	1
5922	24	0	1
5923	15	360	0
5924	26	0	1
5925	316	0	1
5926	68	0	1
59269	20	0	1
5927	65	0	1
59271	64	0	1
59272	1112	0	1
59274	10	646	0
59277	19	0	1
5928	555	0	1
59283	13	353	0
59284	19	0	1
59285	33	0	1
59286	76	0	1
5929	281	0	1
593	174	0	1
5930	208	0	1
59307	12	298	0
5931	486	0	1
5932	108	0	1
5933	96	0	1
59335	3	1713	0
59336	10	517	0
59338	105	0	1
59339	91	0	1
5934	74	0	1
59340	1	4075	0
59341	16	0	1
59342	77	0	1
59343	165	0	1
59344	50	0	1
59345	120	0	1
59347	3	2235	0
59348	17	0	1
59349	100	0	1
5935	158	0	1
59350	85	0	1
59352	4	1079	0
59353	34	0	1
5936	323	0	1
5937	205	0	1
5939	249	0	1
594	65	0	1
5940	27	0	1
5942	1	5054	0
5947	32	0	1
5948	3	1735	0
594837	2	1431	0
594839	1	3596	0
594855	25	0	1
5949	16	0	1
595	263	0	1
5950	26	0	1
595097	1	2053	0
595099	1	2053	0
595100	1	2053	0
595101	1	2053	0
5953	1	4077	0
5954	255	0	1
5955	277	0	1
5956	4	1864	0
5957	18	0	1
5959	8	814	0
596	129	0	1
5961	28	0	1
5962	276	0	1
5965	286	0	1
5966	376	0	1
5967	6	1135	0
5968	5	1413	0
597	21	0	1
5970	430	0	1
5971	75	0	1
5972	11	1131	0
5973	5	1341	0
5976	559	0	1
5977	341	0	1
5978	259	0	1
5979	265	0	1
598	189	0	1
5980	38	0	1
5981	220	0	1
5982	167	0	1
5983	173	0	1
5984	219	0	1
5985	198	0	1
5986	5	2752	0
5987	506	0	1
5988	4	1668	0
5989	73	0	1
599	71	0	1
5990	23	0	1
5991	43	0	1
5992	2	4244	0
5993	51	0	1
5994	20	0	1
5995	10	1010	0
5996	8	656	0
5997	75	0	1
5998	56	0	1
5999	16	0	1
60	971	0	1
6000	15	496	0
6001	13	281	0
6002	33	0	1
6003	13	371	0
6004	15	533	0
6005	7	1139	0
6007	8	1077	0
6009	93	0	1
6010	11	678	0
6011	9	672	0
6013	91	0	1
6014	14	422	0
6015	200	0	1
6016	20	0	1
6017	7	1183	0
6018	63	0	1
6019	11	1082	0
602	49	0	1
6023	3	932	0
6025	2	2482	0
6029	9	905	0
6030	1	2053	0
6031	1	2053	0
60312	58	0	1
60313	84	0	1
60314	78	0	1
60343	20	0	1
6035	11	579	0
60358	1	2296	0
6036	4	1340	0
6037	13	541	0
60370	47	0	1
6038	12	864	0
60385	38	0	1
60386	74	0	1
6039	1	6867	0
604	226	0	1
60401	19	0	1
6041	35	0	1
60412	196	0	1
6043	3	1318	0
60436	21	0	1
60437	3	742	0
6045	809	0	1
6046	413	0	1
60468	86	0	1
6047	1408	0	1
6048	126	0	1
60481	361	0	1
60482	7	609	0
60484	48	0	1
60485	148	0	1
60487	40	0	1
60488	299	0	1
60489	18	0	1
6049	73	0	1
60490	12	898	0
60491	173	0	1
60492	219	0	1
60493	292	0	1
60494	2	1827	0
60495	23	0	1
60496	80	0	1
605	124	0	1
6050	212	0	1
60500	1	5424	0
60506	17	0	1
60509	24	0	1
6051	53	0	1
6052	3	962	0
60526	5	396	0
60528	175	0	1
60529	17	0	1
60558	102	0	1
60559	121	0	1
60560	47	0	1
60561	215	0	1
6059	392	0	1
60592	46	0	1
606	1	1949	0
6060	3	1536	0
60625	64	0	1
60626	87	0	1
606293	1	1949	0
606551	1	2913	0
6066	14	601	0
60672	48	0	1
60673	88	0	1
60674	10	385	0
60675	12	867	0
60676	3	2711	0
60677	4	1394	0
60678	47	0	1
6068	1	3015	0
60680	36	0	1
60681	91	0	1
60682	64	0	1
60684	57	0	1
60685	16	0	1
60686	8	444	0
607	86	0	1
6076	1	5453	0
6079	1	2053	0
608	21	0	1
6080	3	1239	0
6082	1	2053	0
6083	2	2200	0
6084	2	2409	0
6085	2	2409	0
6086	1	3483	0
6091	88	0	1
6092	33	0	1
6093	162	0	1
6094	3	2104	0
6095	33	0	1
6096	36	0	1
6097	39	0	1
6098	94	0	1
610	7	902	0
6100	98	0	1
6101	8	353	0
6102	92	0	1
6103	47	0	1
611	3	1217	0
6117	3049	0	1
6118	2897	0	1
6119	2872	0	1
6120	52	0	1
6121	7	1011	0
6122	696	0	1
6123	64	0	1
6124	748	0	1
6125	587	0	1
6128	599	0	1
6129	474	0	1
613	215	0	1
6130	653	0	1
613037	4	917	0
6132	518	0	1
613209	41	0	1
613210	42	0	1
613212	59	0	1
613227	17	0	1
613266	1	5880	0
6133	391	0	1
6134	680	0	1
6135	625	0	1
6136	391	0	1
6137	668	0	1
6138	508	0	1
6139	556	0	1
6141	503	0	1
6142	428	0	1
6143	601	0	1
6144	353	0	1
6146	407	0	1
6147	594	0	1
6150	214	0	1
6152	371	0	1
6154	377	0	1
6155	415	0	1
6156	451	0	1
6157	442	0	1
6158	442	0	1
6159	274	0	1
6160	667	0	1
6161	317	0	1
6164	282	0	1
6165	376	0	1
6166	306	0	1
6167	153	0	1
6168	385	0	1
6169	315	0	1
617	106	0	1
6170	110	0	1
6171	9	371	0
6173	125	0	1
6175	634	0	1
6176	298	0	1
618	1	4622	0
6181	383	0	1
6182	341	0	1
6183	237	0	1
6184	805	0	1
6185	777	0	1
6187	620	0	1
6188	696	0	1
6189	622	0	1
6191	480	0	1
619190	1	2107	0
6192	84	0	1
619208	2	4361	0
619279	22	0	1
6193	405	0	1
619383	1	1914	0
6194	836	0	1
619498	2	1916	0
6195	197	0	1
619505	1	3596	0
619553	1	3015	0
619563	4	1160	0
619565	2	1608	0
619567	1	3175	0
619568	1	3175	0
619569	1	4171	0
619570	1	2317	0
6196	174	0	1
6197	193	0	1
6198	110	0	1
6199	252	0	1
6201	454	0	1
6202	624	0	1
6203	506	0	1
6204	552	0	1
6205	481	0	1
6206	320	0	1
6207	464	0	1
6208	496	0	1
6209	409	0	1
6210	394	0	1
6217	704	0	1
6218	292	0	1
622	58	0	1
6222	389	0	1
6223	619	0	1
6224	508	0	1
6227	254	0	1
6228	353	0	1
6229	509	0	1
623	31	0	1
6230	378	0	1
6231	309	0	1
6232	339	0	1
6233	459	0	1
6234	287	0	1
6235	177	0	1
6236	18	0	1
6237	51	0	1
6238	313	0	1
6239	89	0	1
624	27	0	1
6240	126	0	1
6241	93	0	1
6242	109	0	1
6247	2	3105	0
6248	12	407	0
6249	177	0	1
6251	63	0	1
6252	108	0	1
6253	42	0	1
6256	155	0	1
6257	60	0	1
6258	35	0	1
6259	207	0	1
6261	30	0	1
6262	49	0	1
6263	23	0	1
627	42	0	1
6271	31	0	1
6272	196	0	1
6273	406	0	1
6274	58	0	1
6275	128	0	1
6276	2	4343	0
6277	231	0	1
6278	174	0	1
6279	186	0	1
6280	262	0	1
6281	117	0	1
6282	74	0	1
6283	2	2263	0
6284	40	0	1
6285	171	0	1
6286	277	0	1
6288	47	0	1
6289	10	929	0
629	42	0	1
6291	10	1171	0
6293	183	0	1
6294	240	0	1
6295	6	970	0
6296	14	385	0
6297	91	0	1
6299	95	0	1
6300	62	0	1
6301	119	0	1
6302	50	0	1
63027	35	0	1
6303	97	0	1
63035	87	0	1
63036	15	540	0
6304	120	0	1
6305	148	0	1
6307	86	0	1
6309	36	0	1
631	49	0	1
6310	469	0	1
6311	290	0	1
6314	110	0	1
6317	208	0	1
6318	186	0	1
6319	133	0	1
632	8	625	0
6320	93	0	1
6322	58	0	1
6323	10	781	0
6324	15	866	0
6326	64	0	1
6327	90	0	1
6328	13	537	0
6329	91	0	1
633	20	0	1
6330	4	2147	0
6331	25	0	1
6332	4	1365	0
6334	9	444	0
6335	7	802	0
6336	2	2329	0
6337	63	0	1
6338	20	0	1
6339	22	0	1
634	11	791	0
6340	16	0	1
6341	164	0	1
6342	66	0	1
6343	6	1495	0
6344	6	1721	0
6345	4	1788	0
6346	5	2222	0
6347	29	0	1
6348	169	0	1
6349	35	0	1
635	11	807	0
6351	25	0	1
6352	57	0	1
6354	10	744	0
6355	14	1506	0
6356	27	0	1
6357	21	0	1
6358	14	931	0
6359	6	1711	0
636	225	0	1
6360	8	937	0
6361	11	836	0
6362	19	0	1
6363	14	833	0
6364	14	492	0
6366	35	0	1
6367	40	0	1
6368	4	2493	0
6369	6	1605	0
637	130	0	1
6370	10	1195	0
6372	34	0	1
6373	23	0	1
6374	24	0	1
6375	25	0	1
6376	70	0	1
638	123	0	1
6382	73	0	1
63826	20	0	1
63827	31	0	1
6383	141	0	1
6385	72	0	1
6386	415	0	1
6387	30	0	1
63874	15	656	0
63875	155	0	1
63876	45	0	1
63877	23	0	1
6388	54	0	1
6389	385	0	1
63891	816	0	1
63892	111	0	1
63893	776	0	1
63894	38	0	1
63895	5	1376	0
63897	103	0	1
63898	124	0	1
63899	35	0	1
639	78	0	1
6390	186	0	1
63901	63	0	1
63904	84	0	1
63905	29	0	1
63906	4	927	0
63908	49	0	1
6391	20	0	1
63910	7	828	0
63915	42	0	1
63916	56	0	1
63917	30	0	1
6392	19	0	1
63920	15	649	0
63922	87	0	1
63923	22	0	1
63924	15	477	0
63925	28	0	1
63926	15	305	0
63928	13	979	0
63929	73	0	1
63931	206	0	1
63932	77	0	1
63933	188	0	1
63934	8	333	0
63935	21	0	1
63939	39	0	1
63940	81	0	1
63941	10	449	0
63943	30	0	1
63946	2	3414	0
63947	2	2804	0
63948	94	0	1
63951	3	1641	0
6396	188	0	1
63967	83	0	1
6397	17	0	1
63970	2	3580	0
63971	36	0	1
63973	2	2574	0
63974	4	1610	0
63976	194	0	1
63977	82	0	1
63978	92	0	1
63979	62	0	1
6398	18	0	1
63982	9	542	0
6399	98	0	1
640	188	0	1
6400	138	0	1
64005	12	434	0
64006	3	3032	0
6401	18	0	1
6402	15	665	0
6403	10	673	0
6404	8	777	0
6405	11	292	0
6406	87	0	1
64061	102	0	1
64062	128	0	1
64063	14	806	0
64064	27	0	1
64065	5	992	0
64066	3	2115	0
64067	9	358	0
6407	67	0	1
64072	67	0	1
64073	20	0	1
64077	36	0	1
64078	2	1151	0
64080	19	0	1
64081	22	0	1
64083	132	0	1
64084	22	0	1
64087	149	0	1
64089	12	473	0
64090	17	0	1
64091	22	0	1
64092	14	407	0
64093	53	0	1
64094	8	624	0
64096	1	6897	0
64097	127	0	1
64098	48	0	1
641	198	0	1
64100	90	0	1
64101	19	0	1
64102	18	0	1
64105	36	0	1
64106	2	1718	0
64108	9	918	0
64109	57	0	1
64110	31	0	1
64111	3	1943	0
64112	42	0	1
64114	20	0	1
64115	28	0	1
64116	35	0	1
64118	17	0	1
64121	67	0	1
64122	10	356	0
64127	98	0	1
64129	35	0	1
641293	7	519	0
641298	1	1914	0
64130	37	0	1
64131	13	398	0
64132	47	0	1
641339	8	431	0
64135	38	0	1
641364	5	956	0
641367	1	3407	0
64137	7	1290	0
641371	123	0	1
641372	6	1511	0
641373	9	387	0
641384	9	667	0
6414	6	816	0
64145	55	0	1
641455	2	2411	0
64146	72	0	1
64147	69	0	1
64149	51	0	1
6415	7	670	0
64151	196	0	1
641517	37	0	1
6416	63	0	1
641638	2	2039	0
641648	2	1785	0
641649	2	1911	0
641654	10	1337	0
64167	25	0	1
64168	33	0	1
64170	162	0	1
641700	12	622	0
64172	7	855	0
64174	48	0	1
64175	177	0	1
6418	280	0	1
64180	8	438	0
64184	59	0	1
6419	23	0	1
641977	1	2038	0
642	130	0	1
64207	49	0	1
64208	1	6008	0
6421	540	0	1
64210	301	0	1
64215	357	0	1
64216	80	0	1
64218	11	641	0
64219	119	0	1
6422	16	0	1
64220	16	0	1
64221	14	534	0
64222	85	0	1
64223	105	0	1
64224	24	0	1
64225	95	0	1
642273	11	464	0
6423	24	0	1
64231	1	6761	0
64232	1	3407	0
642345	1	3861	0
64236	21	0	1
642394	2	1654	0
6424	47	0	1
64240	2	2660	0
64241	14	600	0
642475	6	728	0
642477	1	1914	0
6425	4	1437	0
642517	1	5054	0
642585	1	2913	0
642587	1	3257	0
642597	1	6689	0
6426	549	0	1
642612	4	2820	0
642623	30	0	1
642636	2	2350	0
642658	5	2181	0
6427	251	0	1
642778	1	5123	0
6428	488	0	1
642812	1	2913	0
642819	2	2642	0
64282	136	0	1
64283	29	0	1
64284	20	0	1
642843	7	1341	0
64285	12	345	0
642852	1	3175	0
64288	17	0	1
6429	292	0	1
642938	38	0	1
642943	1	3015	0
642954	1	4861	0
642968	17	0	1
642987	5	1022	0
643	6	1488	0
6430	465	0	1
643008	42	0	1
6431	496	0	1
643136	2	3222	0
643155	1	6096	0
643161	18	0	1
64318	217	0	1
64319	105	0	1
6432	388	0	1
64320	42	0	1
643201	2	1590	0
64321	80	0	1
643224	2	2550	0
643226	1	1237	0
643236	40	0	1
64324	113	0	1
643246	18	0	1
643253	1	5193	0
64326	326	0	1
64327	76	0	1
64328	97	0	1
6433	97	0	1
643314	37	0	1
64332	11	446	0
64333	44	0	1
643338	1	3950	0
643365	1	4965	0
643376	4	953	0
643382	2	3016	0
643394	1	4723	0
6434	344	0	1
643414	7	1463	0
64342	46	0	1
64343	37	0	1
64344	5	984	0
643535	1	2386	0
64359	35	0	1
643596	1	4163	0
643615	1	3937	0
643617	1	2913	0
643641	3	1179	0
643646	1	6543	0
643650	1	1914	0
643677	12	293	0
643699	1	3861	0
643719	1	1914	0
643736	1	5183	0
64374	73	0	1
64375	33	0	1
643752	20	0	1
64376	62	0	1
64377	84	0	1
643783	1	3015	0
643834	1	5940	0
643836	66	0	1
643837	1	1914	0
643847	11	558	0
643853	70	0	1
64386	3	2176	0
64388	34	0	1
6439	1	5256	0
643904	1	3372	0
643911	5	1122	0
64393	24	0	1
643949	1	2913	0
64395	150	0	1
64396	35	0	1
64397	80	0	1
64398	84	0	1
643988	2	2753	0
64399	6	382	0
644	83	0	1
6440	221	0	1
64400	102	0	1
644019	9	384	0
64403	6	1039	0
644041	6	648	0
64405	1	2038	0
644054	19	0	1
644068	14	733	0
64407	6	864	0
644096	9	516	0
6441	4	2610	0
64410	15	354	0
64411	63	0	1
64412	75	0	1
644128	1	1626	0
644139	1	3806	0
644150	13	432	0
64417	15	463	0
64418	11	386	0
644186	59	0	1
64419	114	0	1
644192	1	3861	0
6442	104	0	1
64420	36	0	1
64421	40	0	1
64422	77	0	1
64423	285	0	1
64425	326	0	1
64426	134	0	1
64427	16	0	1
64428	31	0	1
64429	51	0	1
6443	82	0	1
64430	9	372	0
64431	47	0	1
644314	1	1626	0
64432	263	0	1
644338	4	1056	0
64434	129	0	1
644353	2	1742	0
644378	1	4334	0
6444	11	470	0
644414	4	1903	0
644422	1	2913	0
64446	78	0	1
644464	1	2913	0
6445	18	0	1
644524	15	742	0
644540	7	962	0
644591	26	0	1
644596	1	1914	0
6446	66	0	1
644619	12	667	0
6447	22	0	1
644739	1	5801	0
64478	5	734	0
6448	38	0	1
644815	25	0	1
644890	3	3085	0
6449	300	0	1
644903	3	2514	0
644907	1	4628	0
644914	2	3073	0
644934	1	5630	0
644943	61	0	1
644961	2	949	0
644962	1	3861	0
64499	17	0	1
645	53	0	1
6450	8	551	0
645000	1	2053	0
645027	2	938	0
645051	1	3225	0
64506	138	0	1
645073	5	2173	0
645086	1	2913	0
6451	149	0	1
645104	75	0	1
645121	6	824	0
645142	1	3602	0
64518	40	0	1
6452	37	0	1
645203	1	6248	0
6453	256	0	1
645313	1	3015	0
645323	1	6112	0
645345	28	0	1
645369	3	1260	0
645425	1	1370	0
645432	42	0	1
645455	113	0	1
6455	150	0	1
645513	1	1949	0
6456	70	0	1
645644	1	1914	0
645676	1	4429	0
645683	35	0	1
645694	1	5965	0
6457	132	0	1
645745	1	6261	0
64577	13	318	0
64579	6	991	0
6458	1	1914	0
64581	52	0	1
645811	5	1007	0
64582	6	977	0
645836	2	2860	0
645840	6	1224	0
6459	1	1914	0
64591	12	750	0
645922	9	757	0
64595	1	1949	0
645957	1	2053	0
64598	23	0	1
64599	210	0	1
646	5	1020	0
64600	4	984	0
64601	108	0	1
646090	1	3965	0
6461	78	0	1
646174	1	3850	0
6462	58	0	1
646262	1	3324	0
646309	4	935	0
646377	1	1370	0
6464	322	0	1
64641	59	0	1
64645	5	716	0
646450	1	5454	0
64648	5	863	0
646508	1	2421	0
64651	20	0	1
646603	1	3651	0
646625	1	2795	0
64663	7	1103	0
646643	6	742	0
646644	1	1626	0
646698	3	1019	0
646723	1	3861	0
646754	3	2113	0
646762	1	2107	0
646780	1	3861	0
646785	1	2913	0
646799	16	0	1
6468	58	0	1
646817	27	0	1
64682	144	0	1
646851	1	4138	0
646875	2	2241	0
64689	101	0	1
6469	9	1076	0
646915	2	2591	0
64693	10	926	0
646938	1	5380	0
646960	12	340	0
646962	1	6713	0
646982	1	2908	0
64699	36	0	1
6470	86	0	1
647000	1	3000	0
647013	1	1370	0
647024	24	0	1
647030	2	1569	0
647042	1	3309	0
64708	134	0	1
647087	2	2833	0
647099	1	3171	0
64710	219	0	1
647107	1	2537	0
64711	4	2586	0
647121	1	1914	0
647135	9	352	0
64714	23	0	1
64718	68	0	1
6472	668	0	1
647219	2	2349	0
647286	1	2887	0
6473	9	1039	0
647309	1	5391	0
647310	1	3225	0
6474	6	533	0
64743	22	0	1
64744	187	0	1
64745	401	0	1
64746	247	0	1
64747	7	435	0
64748	68	0	1
64750	149	0	1
64753	167	0	1
64754	68	0	1
64755	180	0	1
64756	127	0	1
64757	65	0	1
64759	82	0	1
6476	4	1866	0
64760	32	0	1
64761	43	0	1
64762	27	0	1
64763	204	0	1
64764	20	0	1
64766	10	508	0
64768	108	0	1
64769	91	0	1
6477	214	0	1
64770	127	0	1
64771	18	0	1
64772	7	569	0
64773	15	550	0
64776	41	0	1
64777	48	0	1
64778	161	0	1
64779	9	533	0
6478	94	0	1
64780	70	0	1
64781	88	0	1
64782	45	0	1
64783	173	0	1
64784	59	0	1
64785	68	0	1
64786	154	0	1
64787	58	0	1
64788	50	0	1
64789	20	0	1
64792	49	0	1
64793	164	0	1
64794	257	0	1
647946	1	5797	0
64795	169	0	1
647979	5	810	0
64798	82	0	1
64799	5	1043	0
648	624	0	1
6480	24	0	1
64800	8	468	0
648000	1	4227	0
64801	55	0	1
64802	122	0	1
64805	60	0	1
64806	40	0	1
64816	21	0	1
6482	27	0	1
6483	24	0	1
64834	50	0	1
64837	165	0	1
64838	20	0	1
64839	83	0	1
6484	55	0	1
64840	6	1092	0
64841	30	0	1
64843	44	0	1
64844	78	0	1
64847	53	0	1
64848	198	0	1
64849	11	726	0
64850	6	689	0
64852	47	0	1
64853	28	0	1
64854	58	0	1
64855	142	0	1
64856	23	0	1
64857	28	0	1
64858	33	0	1
64859	24	0	1
64860	28	0	1
64864	23	0	1
64866	20	0	1
6487	19	0	1
648791	1	3300	0
64881	69	0	1
6489	19	0	1
64895	34	0	1
64897	47	0	1
649	97	0	1
6490	62	0	1
64900	72	0	1
64901	19	0	1
64902	4	2099	0
6491	187	0	1
649159	1	3015	0
64919	71	0	1
6492	11	289	0
64921	7	1019	0
64922	1	3961	0
649238	2	3821	0
64924	100	0	1
64925	71	0	1
64926	27	0	1
64927	101	0	1
64928	119	0	1
6493	26	0	1
649305	1	2537	0
649330	22	0	1
6494	36	0	1
64940	6	1396	0
64943	115	0	1
649458	1	3646	0
64946	92	0	1
64949	441	0	1
6495	40	0	1
64951	272	0	1
6496	15	641	0
64960	142	0	1
64963	216	0	1
64965	367	0	1
64968	175	0	1
64969	280	0	1
6497	161	0	1
64975	200	0	1
64976	173	0	1
64978	242	0	1
64979	9	430	0
6498	111	0	1
64981	56	0	1
64983	119	0	1
6499	104	0	1
649946	1	6097	0
650	16	0	1
6500	478	0	1
65003	393	0	1
65005	207	0	1
65008	198	0	1
65009	50	0	1
65010	69	0	1
65012	2	860	0
65018	678	0	1
6502	290	0	1
6503	25	0	1
6504	123	0	1
6505	174	0	1
65055	28	0	1
65056	70	0	1
650560	1	2053	0
65057	78	0	1
65059	63	0	1
6506	12	486	0
65061	116	0	1
65062	200	0	1
650623	1	1914	0
65065	16	0	1
650655	1	3861	0
6507	68	0	1
65078	36	0	1
6508	7	806	0
65080	224	0	1
65082	234	0	1
65083	206	0	1
65084	9	835	0
6509	22	0	1
65094	61	0	1
65095	226	0	1
651	3	1672	0
6510	252	0	1
65108	122	0	1
65109	133	0	1
6511	3	1483	0
65110	44	0	1
65117	68	0	1
6512	2	4252	0
65122	14	409	0
65123	139	0	1
65124	26	0	1
65125	126	0	1
6513	235	0	1
6514	10	596	0
651430	1	3015	0
6515	23	0	1
6517	54	0	1
651746	7	613	0
6518	28	0	1
6519	3	1277	0
652	124	0	1
6520	362	0	1
6521	23	0	1
65217	3	2105	0
6522	125	0	1
65220	77	0	1
652276	1	1914	0
6523	6	886	0
6524	6	947	0
65243	13	303	0
65244	108	0	1
65249	3	1030	0
6525	39	0	1
65250	19	0	1
65251	11	313	0
65258	80	0	1
6526	59	0	1
65260	123	0	1
65263	106	0	1
65264	60	0	1
65265	166	0	1
65266	18	0	1
65267	54	0	1
65268	34	0	1
6527	29	0	1
6528	31	0	1
6529	23	0	1
652966	2	1085	0
652968	14	821	0
652991	1	2537	0
652995	2	1872	0
653	4	1917	0
6530	3	1466	0
653067	12	688	0
653073	2	3065	0
653082	1	6066	0
6531	21	0	1
653121	81	0	1
653125	2	4156	0
653140	20	0	1
653145	47	0	1
653147	1	4861	0
653149	5	1683	0
653162	1	2913	0
653166	25	0	1
653188	2	3850	0
653192	3	1289	0
6532	20	0	1
653214	3	1631	0
653220	41	0	1
653226	1	2443	0
653234	1	2897	0
653238	1	1949	0
653240	90	0	1
653247	5	1714	0
653259	3	2130	0
653268	3	1728	0
653269	106	0	1
6533	36	0	1
653308	1	3015	0
653316	10	1055	0
653319	3	753	0
653333	16	0	1
653361	84	0	1
653390	2	2213	0
6534	3	1439	0
653404	47	0	1
653423	10	663	0
653437	39	0	1
653440	16	0	1
653441	3	1831	0
653447	4	871	0
653464	2	820	0
653483	1	3015	0
653486	1	3947	0
653489	48	0	1
653499	91	0	1
6535	141	0	1
653505	10	514	0
653509	3	2686	0
653519	116	0	1
653566	1	4171	0
653567	6	2215	0
653583	85	0	1
653598	8	907	0
6536	13	540	0
653602	1	4524	0
653604	28	0	1
653606	1	4278	0
653619	1	6739	0
653639	2	2984	0
653641	3	2474	0
653643	2	3427	0
653650	3	587	0
653657	1	6380	0
653659	1	1949	0
653689	10	368	0
653720	3	2260	0
653781	51	0	1
653784	21	0	1
6538	1	2537	0
653808	11	605	0
653820	2	3691	0
653857	9	596	0
6539	3	2714	0
654	15	536	0
6540	4	1870	0
6541	190	0	1
6542	97	0	1
654231	5	2131	0
654254	3	1500	0
6543	6	892	0
654319	4	1189	0
654320	3	1079	0
654321	1	5413	0
654322	3	1294	0
654346	34	0	1
654364	94	0	1
654429	9	995	0
654433	1	5391	0
654463	6	920	0
654483	53	0	1
6545	1	3663	0
6546	5	525	0
6547	12	879	0
654790	3	1594	0
6548	108	0	1
654817	2	2556	0
6549	9	362	0
655	74	0	1
6550	14	413	0
6553	22	0	1
6554	120	0	1
6555	12	926	0
6557	4	1089	0
6558	189	0	1
6559	19	0	1
656	21	0	1
6560	124	0	1
6561	32	0	1
6563	33	0	1
6564	78	0	1
6565	26	0	1
6566	194	0	1
6567	44	0	1
6568	1	6151	0
6569	4	1526	0
657	238	0	1
6570	151	0	1
6571	101	0	1
6572	5	2137	0
6573	71	0	1
6574	80	0	1
6575	66	0	1
6576	266	0	1
658	26	0	1
6580	26	0	1
6581	4	849	0
6582	80	0	1
6583	188	0	1
6584	22	0	1
6585	19	0	1
6586	5	673	0
6588	9	625	0
659	81	0	1
6590	29	0	1
6591	46	0	1
6594	187	0	1
6595	331	0	1
6596	134	0	1
6597	412	0	1
65975	37	0	1
65977	26	0	1
65979	109	0	1
6598	345	0	1
65980	104	0	1
65981	15	448	0
65982	43	0	1
65983	41	0	1
65985	24	0	1
65986	151	0	1
65987	17	0	1
65988	39	0	1
65989	35	0	1
6599	369	0	1
65990	25	0	1
65991	96	0	1
65992	1246	0	1
65993	311	0	1
65996	2	2956	0
65997	18	0	1
65999	43	0	1
660	77	0	1
66000	29	0	1
66002	9	849	0
66004	3	2662	0
66005	72	0	1
66008	61	0	1
6601	339	0	1
6602	328	0	1
6603	176	0	1
66035	2	1702	0
66036	66	0	1
66037	40	0	1
6604	91	0	1
6605	273	0	1
6606	294	0	1
6607	77	0	1
6608	43	0	1
6609	30	0	1
661	86	0	1
6610	84	0	1
6611	115	0	1
6612	106	0	1
6613	580	0	1
6614	2	1086	0
6615	522	0	1
6616	51	0	1
6617	32	0	1
6618	7	1162	0
6619	20	0	1
662	117	0	1
6620	19	0	1
6621	72	0	1
6622	988	0	1
6623	39	0	1
6624	248	0	1
6625	974	0	1
6626	477	0	1
6627	292	0	1
6628	492	0	1
6629	251	0	1
663	70	0	1
6631	426	0	1
6632	327	0	1
6633	389	0	1
6634	337	0	1
6635	286	0	1
6636	370	0	1
6637	170	0	1
6638	179	0	1
664	93	0	1
6640	93	0	1
6641	58	0	1
6642	211	0	1
6643	203	0	1
6645	142	0	1
6646	287	0	1
664618	125	0	1
6647	417	0	1
664701	1	1370	0
664709	1	2107	0
6648	90	0	1
6649	11	616	0
665	62	0	1
6650	31	0	1
6651	195	0	1
6652	92	0	1
6653	131	0	1
6654	71	0	1
6655	47	0	1
6656	6	570	0
6657	1350	0	1
6658	17	0	1
6659	74	0	1
666	8	667	0
6660	160	0	1
6662	90	0	1
6663	67	0	1
6664	6	1117	0
6665	135	0	1
6666	8	404	0
6667	335	0	1
6668	38	0	1
667	275	0	1
6670	71	0	1
6671	42	0	1
6672	204	0	1
6674	30	0	1
6675	40	0	1
6676	29	0	1
6677	1	4934	0
6678	50	0	1
668	67	0	1
6683	56	0	1
6687	110	0	1
6688	47	0	1
6689	14	518	0
669	29	0	1
6690	6	1301	0
6691	27	0	1
6692	52	0	1
6693	52	0	1
6695	9	292	0
6696	94	0	1
6697	108	0	1
6698	16	0	1
6699	44	0	1
670	47	0	1
6700	20	0	1
6701	4	901	0
6702	1	5606	0
6703	14	428	0
6704	28	0	1
6705	3	1379	0
6706	7	574	0
6707	27	0	1
6708	81	0	1
6709	462	0	1
671	8	429	0
6710	77	0	1
6711	381	0	1
6712	152	0	1
6713	43	0	1
6714	530	0	1
6715	4	907	0
6716	5	2066	0
6717	75	0	1
6718	9	1090	0
672	1222	0	1
6720	95	0	1
6721	117	0	1
6722	101	0	1
6723	62	0	1
6725	36	0	1
6726	424	0	1
6727	360	0	1
6728	231	0	1
6729	139	0	1
673	165	0	1
6730	363	0	1
6731	330	0	1
6732	473	0	1
6733	715	0	1
6734	278	0	1
6736	12	433	0
6737	685	0	1
6738	189	0	1
6741	455	0	1
6742	572	0	1
6744	121	0	1
6745	445	0	1
6746	44	0	1
6747	154	0	1
6748	207	0	1
6749	678	0	1
675	234	0	1
6750	2	4444	0
6751	12	665	0
6752	8	496	0
6753	12	708	0
6754	3	3506	0
6755	4	2601	0
6756	13	532	0
6757	44	0	1
6758	9	1051	0
6759	8	1055	0
676	78	0	1
6760	86	0	1
6762	1	5171	0
6764	20	0	1
6767	188	0	1
6768	202	0	1
6769	29	0	1
677	29	0	1
6770	11	957	0
6772	298	0	1
6773	74	0	1
6774	403	0	1
6775	31	0	1
6776	97	0	1
677679	1	3596	0
677681	1	2678	0
6777	99	0	1
677766	2	1100	0
677767	2	1100	0
677768	2	2894	0
677769	3	693	0
677770	117	0	1
677771	1	3015	0
677772	2	2062	0
677773	1	3872	0
677774	1	4912	0
677775	5	654	0
677776	1	6096	0
677777	1	1914	0
677780	1	3015	0
677781	1	3596	0
677796	1	3872	0
677797	1	3015	0
6778	75	0	1
677800	1	6172	0
677801	1	3015	0
677804	2	2078	0
677805	1	1914	0
677808	1	2053	0
677809	1	5413	0
677810	1	3015	0
677813	1	3596	0
677815	1	2317	0
677822	1	1914	0
677823	2	1451	0
677824	1	3596	0
677826	2	1608	0
677832	2	1451	0
677833	2	2185	0
677838	1	2107	0
677840	1	2317	0
677841	1	3596	0
677842	2	1451	0
677843	1	3872	0
677844	1	3872	0
677845	1	3872	0
677846	1	3872	0
677847	1	4912	0
677850	2	1360	0
6779	57	0	1
678	210	0	1
6780	1524	0	1
6781	4	810	0
6782	117	0	1
6783	15	436	0
6785	127	0	1
6786	385	0	1
6787	578	0	1
6788	185	0	1
6789	150	0	1
6790	664	0	1
6792	29	0	1
6793	58	0	1
6794	264	0	1
6795	40	0	1
6799	17	0	1
6801	134	0	1
6804	170	0	1
6809	142	0	1
6810	415	0	1
6811	254	0	1
6812	119	0	1
6813	83	0	1
6814	92	0	1
6815	82	0	1
6817	65	0	1
6818	17	0	1
6819	17	0	1
682	792	0	1
6820	60	0	1
6821	95	0	1
6822	8	433	0
6827	58	0	1
6829	389	0	1
683	13	1003	0
6830	212	0	1
6832	136	0	1
6833	10	452	0
6834	185	0	1
6835	63	0	1
6836	185	0	1
6837	78	0	1
6838	412	0	1
6839	228	0	1
684	51	0	1
6840	227	0	1
6843	45	0	1
6844	180	0	1
6845	110	0	1
6846	18	0	1
6847	17	0	1
685	23	0	1
6850	223	0	1
6853	41	0	1
6854	25	0	1
6855	124	0	1
6856	32	0	1
6857	75	0	1
686	31	0	1
6860	8	440	0
6861	9	1071	0
6862	116	0	1
6863	8	571	0
6865	4	2215	0
6866	15	682	0
6867	170	0	1
6868	53	0	1
6869	66	0	1
687	94	0	1
6870	72	0	1
6871	196	0	1
6872	235	0	1
6873	127	0	1
6874	153	0	1
6875	22	0	1
6876	76	0	1
6877	80	0	1
6878	235	0	1
6879	103	0	1
688	186	0	1
6880	155	0	1
6881	101	0	1
6882	46	0	1
6883	98	0	1
6884	31	0	1
6885	364	0	1
6886	89	0	1
6887	10	1060	0
6888	133	0	1
689	751	0	1
6890	124	0	1
6891	87	0	1
6892	62	0	1
6894	80	0	1
6895	125	0	1
6897	196	0	1
6898	5	1584	0
6899	12	402	0
6900	16	0	1
6901	180	0	1
6902	103	0	1
6903	10	252	0
6904	131	0	1
6905	59	0	1
6906	9	716	0
6907	136	0	1
6908	223	0	1
6909	27	0	1
6910	146	0	1
6911	39	0	1
6913	13	820	0
6915	62	0	1
6916	4	1063	0
6917	118	0	1
6919	155	0	1
6920	7	594	0
692053	1	3596	0
692063	1	3175	0
692072	1	3175	0
692073	1	3872	0
692075	1	3175	0
692076	1	3596	0
692084	3	1277	0
692086	2	1451	0
692088	1	2317	0
692089	1	2317	0
692091	1	3872	0
692093	1	3872	0
6921	240	0	1
692109	2	1867	0
692148	1	3872	0
692158	1	2317	0
692195	1	3175	0
692196	3	1351	0
692201	1	2537	0
692203	2	1589	0
692204	1	2317	0
692224	2	1887	0
692227	3	1215	0
6923	319	0	1
692312	142	0	1
6924	233	0	1
6925	290	0	1
6926	69	0	1
6927	61	0	1
6928	187	0	1
6929	169	0	1
693155	1	1949	0
693164	1	3645	0
693174	1	2053	0
693197	2	1546	0
693199	1	2053	0
6932	25	0	1
6934	258	0	1
6935	186	0	1
6936	59	0	1
6938	130	0	1
6939	12	501	0
694	21	0	1
6940	38	0	1
6941	30	0	1
6942	142	0	1
6943	12	638	0
6944	116	0	1
6945	58	0	1
6947	8	1019	0
6948	14	377	0
6949	259	0	1
695	99	0	1
6950	542	0	1
6953	22	0	1
6954	13	669	0
6955	23	0	1
6957	6	1142	0
696	18	0	1
6975	36	0	1
6976	54	0	1
6981	1	5336	0
6988	7	1420	0
699	125	0	1
6990	31	0	1
6991	2	3066	0
6992	20	0	1
6993	234	0	1
6996	61	0	1
6997	66	0	1
6999	21	0	1
70	668	0	1
7001	301	0	1
7003	155	0	1
7004	75	0	1
7005	30	0	1
7006	58	0	1
7007	6	889	0
7008	5	830	0
7009	115	0	1
701	159	0	1
7010	109	0	1
7011	47	0	1
7012	9	412	0
7013	339	0	1
7014	323	0	1
7015	101	0	1
7016	31	0	1
7018	173	0	1
7019	419	0	1
7020	98	0	1
7021	19	0	1
7022	34	0	1
7023	148	0	1
7024	434	0	1
7025	53	0	1
7026	137	0	1
7027	118	0	1
7029	50	0	1
7030	51	0	1
7031	25	0	1
7032	2	2905	0
7033	6	1263	0
7035	22	0	1
7036	21	0	1
7037	476	0	1
7038	5	746	0
7039	79	0	1
7040	297	0	1
7041	41	0	1
7042	17	0	1
7043	11	634	0
7044	4	1990	0
7045	15	491	0
7046	133	0	1
7047	8	1187	0
7048	185	0	1
7049	41	0	1
705	345	0	1
7050	27	0	1
7051	218	0	1
7052	207	0	1
7053	150	0	1
7054	29	0	1
7056	35	0	1
7057	101	0	1
7058	15	676	0
7059	70	0	1
706	41	0	1
7060	6	558	0
7062	15	326	0
7064	94	0	1
7066	5	1276	0
7067	90	0	1
7068	61	0	1
7069	64	0	1
7070	42	0	1
7071	42	0	1
7072	104	0	1
7073	162	0	1
7074	197	0	1
7075	14	288	0
7076	39	0	1
7077	274	0	1
7078	85	0	1
7079	5	2007	0
708	797	0	1
7080	164	0	1
7082	293	0	1
7083	223	0	1
7084	13	649	0
7086	340	0	1
7087	44	0	1
7088	205	0	1
7089	131	0	1
7090	370	0	1
7091	85	0	1
7092	8	301	0
7093	15	741	0
7094	260	0	1
7095	498	0	1
7096	16	0	1
7097	39	0	1
7098	47	0	1
7099	42	0	1
71	463	0	1
710	40	0	1
7100	16	0	1
7101	36	0	1
7102	29	0	1
7103	73	0	1
7104	23	0	1
7105	62	0	1
7106	50	0	1
7107	9	456	0
7108	14	458	0
7109	74	0	1
7110	79	0	1
7111	147	0	1
7112	759	0	1
7113	336	0	1
7114	67	0	1
7115	3	3159	0
7116	1	6270	0
7117	2	1894	0
7118	1	2327	0
712	60	0	1
7120	3	2842	0
7122	39	0	1
7123	17	0	1
7124	314	0	1
7125	58	0	1
7126	72	0	1
7127	40	0	1
7128	180	0	1
713	81	0	1
7130	27	0	1
7132	187	0	1
7133	142	0	1
7134	28	0	1
7135	52	0	1
7136	27	0	1
7137	19	0	1
7138	77	0	1
7139	14	535	0
714	27	0	1
7140	21	0	1
7141	11	541	0
7142	30	0	1
7143	13	745	0
7145	37	0	1
7148	13	317	0
715	12	456	0
7150	638	0	1
7151	1	1914	0
7153	495	0	1
7155	258	0	1
7156	92	0	1
7157	2185	0	1
7158	478	0	1
7159	230	0	1
716	9	746	0
7161	157	0	1
7162	32	0	1
7163	97	0	1
7164	39	0	1
7165	151	0	1
7166	10	540	0
7167	270	0	1
7168	245	0	1
7169	200	0	1
717	12	728	0
7170	369	0	1
7171	252	0	1
7172	11	294	0
7174	115	0	1
7175	253	0	1
7177	2	2404	0
7178	280	0	1
7179	128	0	1
718	137	0	1
7180	39	0	1
7181	83	0	1
7182	1400	0	1
7184	632	0	1
7185	297	0	1
7186	587	0	1
7187	208	0	1
7188	86	0	1
7189	431	0	1
719	97	0	1
7190	24	0	1
72	53	0	1
720	67	0	1
7200	2	4216	0
7201	19	0	1
7203	589	0	1
7204	97	0	1
7205	350	0	1
721	14	353	0
7214	2	2035	0
7216	68	0	1
722	29	0	1
7220	24	0	1
7221	4	2232	0
7222	18	0	1
7223	16	0	1
7224	21	0	1
7225	16	0	1
7226	7	576	0
7227	136	0	1
723790	47	0	1
723961	2	4430	0
724022	1	3645	0
724033	2	1824	0
724102	3	940	0
7247	104	0	1
7248	242	0	1
7249	152	0	1
725	29	0	1
7251	284	0	1
7252	15	460	0
7253	83	0	1
7257	183	0	1
7258	6	739	0
7259	115	0	1
726	11	228	0
7260	76	0	1
7262	20	0	1
7263	56	0	1
7264	49	0	1
7265	148	0	1
7266	416	0	1
7267	118	0	1
7268	123	0	1
727	33	0	1
7270	107	0	1
7272	163	0	1
7273	285	0	1
7274	47	0	1
7275	23	0	1
7276	90	0	1
727676	2	1835	0
7277	482	0	1
727751	1	5637	0
727758	1	3335	0
727764	3	2719	0
7278	137	0	1
727800	74	0	1
727803	1	2913	0
727830	1	4185	0
727832	1	6675	0
727837	9	975	0
727851	73	0	1
727857	12	1105	0
727866	2	4305	0
727896	1	1626	0
727897	39	0	1
727905	1	1370	0
727909	1	2380	0
727910	10	1050	0
727936	22	0	1
727940	1	2470	0
727956	16	0	1
727957	38	0	1
728	150	0	1
7280	298	0	1
728013	9	437	0
728024	1	3602	0
728026	1	5872	0
728039	1	1914	0
728047	4	1860	0
728096	1	4451	0
728113	11	448	0
728116	16	0	1
728118	5	671	0
728130	2	1437	0
728137	5	2290	0
728175	2	4218	0
728190	1	3861	0
728192	1	2207	0
728194	3	1669	0
728226	1	3287	0
728233	34	0	1
728239	10	448	0
728262	1	3861	0
728269	7	1565	0
728276	2	2008	0
728279	2	2521	0
728294	143	0	1
7283	364	0	1
728310	2	1377	0
728318	1	2663	0
728323	2	1035	0
728340	47	0	1
728343	4	2250	0
728358	10	699	0
728369	1	4474	0
728377	1	2053	0
728378	229	0	1
728386	1	2663	0
7284	669	0	1
728403	2	4499	0
728411	4	768	0
728431	2	3302	0
728441	1	6730	0
728464	1	3015	0
728489	31	0	1
728492	12	1203	0
728505	4	2092	0
728556	1	4389	0
728568	9	743	0
728577	50	0	1
728591	2	1416	0
728597	1	5054	0
728599	1	2913	0
7286	59	0	1
728621	7	480	0
728622	2	2211	0
728635	4	1653	0
728637	6	1093	0
728638	1	5981	0
728642	177	0	1
728643	1	2053	0
728655	160	0	1
728656	1	4333	0
728661	4	1366	0
728689	97	0	1
728695	14	850	0
7287	3	3011	0
728712	4	2466	0
728741	14	399	0
728743	1	4942	0
728747	5	787	0
728758	1	3596	0
728763	7	762	0
728774	2	1811	0
728780	1	2657	0
728791	1	2913	0
7288	37	0	1
728833	5	1253	0
728841	4	630	0
728858	1	6239	0
728888	1	2537	0
7289	337	0	1
728911	7	723	0
728927	2	1433	0
728929	1	5748	0
728945	2	2426	0
728953	1	2913	0
728957	1	5865	0
728970	4	1653	0
729	14	531	0
7290	150	0	1
729020	3	2776	0
729082	1	2107	0
729085	7	2287	0
729092	3	1790	0
7291	66	0	1
729156	2	1263	0
729171	1	5949	0
729209	1	2053	0
729211	2	1623	0
729230	41	0	1
729233	89	0	1
729238	35	0	1
729240	89	0	1
729246	89	0	1
729250	100	0	1
729254	1	2537	0
729262	4	902	0
729288	1	3624	0
7293	8	718	0
729324	1	4047	0
729330	22	0	1
729359	6	587	0
729362	11	363	0
729396	1	6012	0
7294	34	0	1
729402	7	519	0
729408	1	3621	0
729428	2	4151	0
729438	15	350	0
729440	28	0	1
729447	2	4220	0
729475	5	666	0
729480	2	3083	0
7295	336	0	1
729500	1	2913	0
729515	51	0	1
729533	2	4191	0
729540	31	0	1
729582	1	3861	0
729583	1	4878	0
7296	106	0	1
729603	1	4739	0
729611	8	548	0
729665	6	658	0
729678	1	4942	0
7297	139	0	1
729708	3	1134	0
729727	1	5775	0
729732	1	2107	0
729747	3	1320	0
729759	1	6845	0
729774	1	2913	0
729786	2	1795	0
729789	1	3015	0
7298	91	0	1
729809	1	3441	0
729830	32	0	1
729852	12	506	0
729857	27	0	1
729862	2	3627	0
729867	1	3861	0
729873	10	373	0
7299	3	1732	0
729920	1	3058	0
729967	4	2248	0
729991	41	0	1
729993	2	1331	0
730	8	666	0
7300	1	5054	0
730029	2	1066	0
730051	1	1757	0
730087	10	543	0
730092	1	3373	0
7301	155	0	1
730112	24	0	1
730211	95	0	1
730249	3	1796	0
730262	1	6790	0
730291	1	3480	0
730394	15	591	0
7305	76	0	1
7306	9	561	0
730668	1	3160	0
7307	227	0	1
730755	94	0	1
731	19	0	1
7310	8	1021	0
7311	399	0	1
731220	1	1237	0
731275	1	1914	0
7314	407	0	1
7316	1648	0	1
7317	353	0	1
7318	16	0	1
7319	221	0	1
732	7	1859	0
7320	85	0	1
7321	286	0	1
7322	312	0	1
7323	274	0	1
7324	162	0	1
7325	92	0	1
7326	35	0	1
7327	80	0	1
7328	1960	0	1
7329	614	0	1
733	9	807	0
7332	207	0	1
7334	321	0	1
7335	113	0	1
7336	88	0	1
7337	417	0	1
734	3	1049	0
7341	254	0	1
7342	65	0	1
7343	216	0	1
7345	236	0	1
7347	178	0	1
7348	59	0	1
7349	3	2784	0
735	14	536	0
7350	3	2835	0
7351	23	0	1
7352	14	446	0
7353	152	0	1
7355	23	0	1
7356	9	873	0
7357	35	0	1
7358	99	0	1
7360	90	0	1
7363	1	5862	0
7364	3	1272	0
7365	4	890	0
7366	5	1060	0
7367	2	3774	0
7368	83	0	1
7369	6	1661	0
7371	56	0	1
7372	97	0	1
7373	88	0	1
7374	40	0	1
7375	288	0	1
7376	66	0	1
7378	78	0	1
7379	141	0	1
738	132	0	1
7380	3	2951	0
7381	119	0	1
7384	218	0	1
7385	349	0	1
7386	234	0	1
7388	130	0	1
7389	31	0	1
7390	13	503	0
7391	79	0	1
7392	43	0	1
7398	126	0	1
7399	5	1171	0
740	179	0	1
7401	28	0	1
7402	209	0	1
7403	156	0	1
7404	23	0	1
7405	60	0	1
7407	248	0	1
7408	285	0	1
7409	185	0	1
741	93	0	1
7410	92	0	1
7411	198	0	1
7412	466	0	1
7414	276	0	1
7415	1395	0	1
7416	513	0	1
7417	408	0	1
7419	333	0	1
7421	118	0	1
7422	50	0	1
7423	29	0	1
7424	3	3141	0
7425	27	0	1
7428	464	0	1
7429	18	0	1
7430	533	0	1
7431	771	0	1
7432	16	0	1
7433	192	0	1
7434	191	0	1
7436	30	0	1
7439	7	784	0
744	21	0	1
7441	1	3335	0
7442	10	255	0
7443	274	0	1
7444	220	0	1
7447	31	0	1
7448	177	0	1
745	7	1102	0
7450	31	0	1
7451	1	6835	0
7453	186	0	1
7454	73	0	1
7455	2	3508	0
7456	40	0	1
7458	114	0	1
746	37	0	1
7461	25	0	1
7462	8	521	0
7464	58	0	1
7465	88	0	1
7466	103	0	1
7468	263	0	1
7469	84	0	1
747	19	0	1
7471	7	1705	0
7472	18	0	1
7473	5	1551	0
7474	62	0	1
7475	7	1574	0
7476	38	0	1
7477	8	331	0
7478	6	1107	0
7479	5	2047	0
7480	23	0	1
7481	29	0	1
7482	5	873	0
7483	2	3623	0
7484	7	991	0
7485	60	0	1
7486	93	0	1
7490	67	0	1
7494	45	0	1
7495	4	1928	0
7498	12	377	0
750	1	3999	0
7503	11	414	0
7504	10	634	0
7507	85	0	1
7508	169	0	1
751071	7	1183	0
7511	107	0	1
7512	2	3037	0
7514	1473	0	1
7515	167	0	1
7516	24	0	1
7517	169	0	1
7518	115	0	1
752	89	0	1
7520	503	0	1
752014	5	2451	0
7525	354	0	1
7526	1	1757	0
7528	435	0	1
7529	975	0	1
753	58	0	1
7531	1163	0	1
7532	1176	0	1
7533	1070	0	1
7534	1195	0	1
7535	67	0	1
7536	299	0	1
7538	175	0	1
7539	5	783	0
754	47	0	1
7541	82	0	1
7542	443	0	1
7543	17	0	1
7544	11	587	0
7545	114	0	1
7546	37	0	1
7547	24	0	1
7549	78	0	1
755	48	0	1
7551	27	0	1
7552	35	0	1
7553	22	0	1
7554	42	0	1
7555	269	0	1
7556	12	466	0
7559	18	0	1
7561	6	401	0
7562	17	0	1
7564	34	0	1
7565	36	0	1
7566	13	799	0
7567	24	0	1
7568	42	0	1
7569	4	797	0
757	24	0	1
7570	113	0	1
7571	28	0	1
7572	159	0	1
7574	13	472	0
7576	8	316	0
7579	64	0	1
758	37	0	1
7580	15	1037	0
7581	8	354	0
7582	6	502	0
7584	39	0	1
7586	65	0	1
7587	3	724	0
7589	102	0	1
759	10	707	0
7592	9	531	0
7593	28	0	1
7594	1	3655	0
7596	8	348	0
7597	43	0	1
760	60	0	1
761	9	488	0
7617	7	702	0
762	8	714	0
7620	17	0	1
7621	35	0	1
7625	33	0	1
7626	1	4440	0
7627	8	674	0
7629	103	0	1
763	7	671	0
7633	12	464	0
7634	10	1149	0
7637	12	254	0
7638	9	541	0
7639	7	793	0
7643	3	1050	0
7644	13	266	0
765	67	0	1
7652	4	1492	0
767	37	0	1
7673	1	5418	0
7675	46	0	1
767558	1	2107	0
7678	58	0	1
768	211	0	1
7681	210	0	1
7682	6	1025	0
768206	1	4077	0
768211	74	0	1
768213	1	4171	0
768216	1	3015	0
768217	1	3645	0
768239	4	2117	0
7690	119	0	1
7692	28	0	1
7693	2	3565	0
7694	10	768	0
7695	35	0	1
7696	2	3034	0
7697	18	0	1
7699	9	374	0
770	10	621	0
7700	2	1047	0
7701	18	0	1
7702	56	0	1
7703	89	0	1
7704	164	0	1
7705	91	0	1
7706	2517	0	1
7707	131	0	1
7709	43	0	1
771	11	320	0
7710	27	0	1
7711	9	873	0
7712	8	750	0
7716	97	0	1
7718	46	0	1
7726	195	0	1
7727	65	0	1
7728	12	672	0
773	98	0	1
7730	22	0	1
7732	4	1226	0
7733	9	525	0
7737	690	0	1
7738	64	0	1
7739	60	0	1
774	12	602	0
7741	56	0	1
7743	50	0	1
7745	130	0	1
7746	18	0	1
7748	57	0	1
775	42	0	1
7750	262	0	1
7752	12	390	0
7753	31	0	1
7755	21	0	1
7756	98	0	1
7757	1	2085	0
776	10	331	0
7760	29	0	1
7761	14	694	0
7762	21	0	1
7763	31	0	1
7764	89	0	1
7766	29	0	1
7767	18	0	1
7768	5	801	0
7769	12	331	0
777	7	758	0
7770	19	0	1
7771	7	858	0
7772	4	675	0
7773	10	553	0
7775	52	0	1
7776	9	314	0
777778	5	873	0
7779	114	0	1
778	3	1852	0
7780	100	0	1
7781	42	0	1
7782	55	0	1
7783	8	834	0
7784	14	449	0
7786	19	0	1
7789	13	307	0
779	10	717	0
7791	319	0	1
7795	1	2551	0
7798	186	0	1
7799	40	0	1
780	110	0	1
7802	17	0	1
7803	102	0	1
7804	77	0	1
7805	57	0	1
780776	5	1575	0
780851	6	832	0
780852	1	2053	0
780853	3	894	0
7809	63	0	1
781	77	0	1
7812	270	0	1
7813	52	0	1
7818	319	0	1
782	13	598	0
7827	7	1320	0
783	10	499	0
7832	25	0	1
7834	1	2160	0
7837	78	0	1
784	27	0	1
7840	157	0	1
7841	156	0	1
7844	27	0	1
7846	692	0	1
7849	105	0	1
785	13	752	0
7850	59	0	1
7851	149	0	1
7852	239	0	1
7855	18	0	1
7857	14	223	0
786	40	0	1
7862	74	0	1
7866	31	0	1
7867	46	0	1
7869	73	0	1
7870	1	4986	0
7871	123	0	1
7873	79	0	1
7874	820	0	1
7879	867	0	1
788	63	0	1
7881	13	342	0
7884	63	0	1
78986	56	0	1
78987	161	0	1
78988	91	0	1
78989	19	0	1
78990	96	0	1
78991	40	0	1
78992	30	0	1
78994	37	0	1
78995	40	0	1
78996	25	0	1
78997	4	1058	0
78998	1	6329	0
78999	65	0	1
790	401	0	1
79000	13	516	0
79001	123	0	1
79002	54	0	1
79003	87	0	1
79004	42	0	1
79005	197	0	1
79006	45	0	1
79007	3	2172	0
79008	45	0	1
79009	258	0	1
79012	110	0	1
79016	364	0	1
79017	68	0	1
79018	71	0	1
79019	103	0	1
79020	22	0	1
79022	68	0	1
79023	64	0	1
79024	2	2422	0
79025	66	0	1
79026	317	0	1
79027	178	0	1
79029	99	0	1
7903	82	0	1
79031	96	0	1
79033	24	0	1
79034	25	0	1
79035	71	0	1
79036	170	0	1
79037	19	0	1
79038	83	0	1
79039	356	0	1
79041	9	885	0
79042	34	0	1
79047	65	0	1
79048	78	0	1
7905	368	0	1
79050	173	0	1
79053	52	0	1
79054	17	0	1
79056	37	0	1
79057	4	1673	0
79058	79	0	1
79064	58	0	1
79065	434	0	1
79066	29	0	1
79068	84	0	1
79070	67	0	1
79071	6	1082	0
79072	133	0	1
79073	113	0	1
79074	37	0	1
79075	47	0	1
79077	57	0	1
79078	19	0	1
79080	151	0	1
79081	12	550	0
79083	19	0	1
79084	350	0	1
79085	40	0	1
79086	4	905	0
79087	26	0	1
79088	53	0	1
79089	43	0	1
79090	52	0	1
79091	25	0	1
79092	14	783	0
79094	3	3389	0
79095	23	0	1
790955	20	0	1
79096	81	0	1
79097	2	2220	0
79098	20	0	1
79101	93	0	1
79102	98	0	1
79104	1	6099	0
79109	120	0	1
7913	199	0	1
79132	24	0	1
79133	86	0	1
79134	3	2157	0
79135	141	0	1
79137	36	0	1
79139	449	0	1
79140	22	0	1
79142	39	0	1
79143	181	0	1
79144	12	546	0
79145	7	575	0
79147	36	0	1
79148	9	352	0
79149	37	0	1
7915	52	0	1
79152	45	0	1
79153	38	0	1
79154	8	905	0
79155	949	0	1
79156	10	573	0
79157	21	0	1
79158	46	0	1
79159	145	0	1
7916	366	0	1
79161	47	0	1
79165	116	0	1
79168	3	3790	0
79169	305	0	1
7917	436	0	1
79170	1	3281	0
79171	331	0	1
79172	45	0	1
79173	42	0	1
79174	65	0	1
79175	25	0	1
79176	29	0	1
79177	26	0	1
79178	62	0	1
7918	103	0	1
79180	116	0	1
79183	11	371	0
79184	121	0	1
79187	71	0	1
79188	157	0	1
7919	562	0	1
79190	11	898	0
79191	1	3175	0
79192	2	1811	0
7920	81	0	1
7922	144	0	1
79228	87	0	1
7923	34	0	1
79230	17	0	1
79258	5	855	0
79269	121	0	1
79289	2	3466	0
79290	1	4759	0
793	8	395	0
79315	1	3407	0
7932	2	3761	0
79339	1	5683	0
79345	1	6665	0
7936	193	0	1
79363	11	462	0
79364	28	0	1
79365	40	0	1
79366	150	0	1
79368	11	853	0
79369	3	2375	0
79370	120	0	1
794	8	716	0
7940	4	1090	0
79400	13	354	0
7941	3	3247	0
79411	24	0	1
79412	24	0	1
79413	5	985	0
79414	56	0	1
79415	83	0	1
7942	38	0	1
79441	97	0	1
79442	2	3890	0
79443	98	0	1
79444	56	0	1
79446	55	0	1
79447	49	0	1
79465	53	0	1
79473	1	3850	0
795	1	3809	0
79541	144	0	1
79549	2	1682	0
79567	22	0	1
79568	97	0	1
7957	51	0	1
79570	64	0	1
79571	97	0	1
79572	143	0	1
79573	78	0	1
79574	6	589	0
79575	10	774	0
79576	133	0	1
79577	370	0	1
79581	9	652	0
79582	7	1228	0
79583	71	0	1
79585	56	0	1
79586	41	0	1
79587	97	0	1
79589	64	0	1
79590	207	0	1
79591	17	0	1
79594	99	0	1
79595	175	0	1
79596	146	0	1
79598	165	0	1
796	14	741	0
79600	149	0	1
79602	122	0	1
79603	61	0	1
79605	6	804	0
79607	76	0	1
79608	52	0	1
79609	17	0	1
79611	10	421	0
79612	31	0	1
79613	66	0	1
79616	44	0	1
79618	133	0	1
79621	56	0	1
79622	31	0	1
79623	20	0	1
79624	65	0	1
79625	15	484	0
79626	7	871	0
79627	2	3194	0
79628	1	1370	0
79629	4	983	0
79630	166	0	1
79631	67	0	1
79632	68	0	1
79633	78	0	1
79634	14	303	0
79635	12	573	0
79637	80	0	1
79639	12	539	0
79640	4	1241	0
79641	30	0	1
79642	5	1490	0
79643	26	0	1
79644	4	958	0
79645	8	578	0
79646	12	244	0
79647	20	0	1
79648	99	0	1
79649	122	0	1
7965	441	0	1
79650	49	0	1
79651	166	0	1
79652	8	949	0
79654	120	0	1
79656	30	0	1
79657	214	0	1
79658	28	0	1
79659	72	0	1
79660	18	0	1
79661	272	0	1
79663	20	0	1
79664	65	0	1
79665	247	0	1
79666	189	0	1
79668	19	0	1
79669	304	0	1
79670	119	0	1
79671	72	0	1
79672	59	0	1
79673	31	0	1
79674	5	1012	0
79675	91	0	1
79676	6	999	0
79677	82	0	1
79679	18	0	1
79680	13	387	0
79682	107	0	1
79683	5	713	0
79684	18	0	1
79685	31	0	1
79686	7	618	0
79689	8	707	0
79690	3	1367	0
79691	34	0	1
79692	3	1019	0
79693	22	0	1
79694	59	0	1
79695	86	0	1
79696	98	0	1
79697	59	0	1
79698	29	0	1
79699	92	0	1
797	9	948	0
79701	32	0	1
79703	1	5498	0
79705	102	0	1
79706	41	0	1
79707	134	0	1
79709	154	0	1
79710	76	0	1
79711	213	0	1
79712	1	2253	0
79714	72	0	1
79716	41	0	1
79717	31	0	1
79718	148	0	1
79719	32	0	1
79720	56	0	1
79722	227	0	1
79723	73	0	1
79724	124	0	1
79725	5	1072	0
79726	105	0	1
79727	414	0	1
79728	81	0	1
79729	4	1487	0
79730	7	692	0
79731	80	0	1
79733	30	0	1
79734	125	0	1
79735	48	0	1
79736	217	0	1
79738	20	0	1
79739	14	216	0
79740	28	0	1
79741	17	0	1
79742	1	3850	0
79744	8	399	0
79745	46	0	1
79746	11	771	0
79747	11	369	0
79748	8	818	0
7975	31	0	1
79750	1	3559	0
79751	116	0	1
79752	16	0	1
79753	396	0	1
79754	32	0	1
79755	27	0	1
79758	20	0	1
79759	223	0	1
7976	19	0	1
79760	62	0	1
79762	23	0	1
79763	64	0	1
79767	34	0	1
79768	46	0	1
79770	63	0	1
79772	5	645	0
79774	12	365	0
79776	73	0	1
79777	14	506	0
79778	140	0	1
7978	16	0	1
79780	26	0	1
79781	4	517	0
79782	204	0	1
79783	21	0	1
79784	190	0	1
79786	36	0	1
79788	2	2640	0
79789	63	0	1
7979	140	0	1
79791	42	0	1
79792	21	0	1
79794	44	0	1
79796	74	0	1
79797	142	0	1
79798	197	0	1
79799	6	587	0
7980	39	0	1
79800	3	1084	0
79801	75	0	1
79802	3	1667	0
79803	33	0	1
79804	1	3407	0
79805	13	379	0
79807	25	0	1
79809	18	0	1
79810	32	0	1
79811	155	0	1
79812	6	1460	0
79813	174	0	1
79814	44	0	1
79815	2	2594	0
79816	6	812	0
79817	31	0	1
79818	38	0	1
79819	3	1591	0
7982	360	0	1
79820	1	2246	0
79822	9	308	0
79823	35	0	1
79825	2	1751	0
79827	8	870	0
79828	18	0	1
79829	976	0	1
79830	72	0	1
79831	29	0	1
79832	101	0	1
79833	69	0	1
79834	148	0	1
79836	18	0	1
79837	140	0	1
79838	5	734	0
79839	150	0	1
7984	75	0	1
79840	14	367	0
79841	10	343	0
79842	58	0	1
79843	72	0	1
79844	22	0	1
79845	15	543	0
79846	9	531	0
79847	10	550	0
79848	92	0	1
79849	10	1193	0
79850	35	0	1
79852	1	5839	0
79853	18	0	1
79856	12	591	0
79858	23	0	1
79861	60	0	1
79862	51	0	1
79863	61	0	1
79864	8	370	0
79865	25	0	1
79866	47	0	1
79867	303	0	1
79868	176	0	1
79869	332	0	1
79870	15	745	0
79871	155	0	1
79872	73	0	1
79873	38	0	1
79874	92	0	1
79875	49	0	1
79876	117	0	1
79877	81	0	1
79879	27	0	1
7988	47	0	1
79882	165	0	1
79883	2	1977	0
79884	49	0	1
79885	150	0	1
79886	42	0	1
79887	88	0	1
79888	122	0	1
79890	458	0	1
79891	4	1339	0
79892	151	0	1
79893	14	306	0
79894	11	656	0
79895	5	1294	0
79896	76	0	1
79897	21	0	1
79898	7	650	0
79899	22	0	1
799	6	1125	0
79901	47	0	1
79902	131	0	1
79903	3	1551	0
79905	7	543	0
79906	4	831	0
79908	46	0	1
7991	55	0	1
79912	14	254	0
79913	67	0	1
79915	71	0	1
79917	33	0	1
79918	5	1467	0
79919	10	646	0
79921	46	0	1
79922	349	0	1
79923	239	0	1
79924	2	3322	0
79925	13	274	0
79927	25	0	1
79929	1	3015	0
7993	78	0	1
79930	44	0	1
79931	33	0	1
79932	88	0	1
79933	9	795	0
79934	109	0	1
79937	118	0	1
79939	74	0	1
7994	508	0	1
79940	1	3861	0
79943	68	0	1
79944	55	0	1
79946	1	3861	0
79947	9	1021	0
79948	13	498	0
79949	7	891	0
79953	19	0	1
79954	152	0	1
79955	6	1387	0
79956	146	0	1
79957	8	1219	0
79958	8	268	0
79959	218	0	1
79960	69	0	1
79961	35	0	1
79962	39	0	1
79966	45	0	1
79968	376	0	1
79969	21	0	1
79970	15	413	0
79971	89	0	1
79973	2	1493	0
79974	2	1280	0
79977	18	0	1
79979	27	0	1
79980	91	0	1
79981	51	0	1
79982	64	0	1
79983	198	0	1
79986	2	1701	0
79987	11	404	0
79989	61	0	1
79990	56	0	1
79991	93	0	1
79992	1	5828	0
79993	16	0	1
79998	4	1634	0
800	262	0	1
8000	145	0	1
80000	15	318	0
80003	10	304	0
80004	75	0	1
80005	104	0	1
80006	34	0	1
80007	112	0	1
80008	1	3806	0
8001	9	919	0
80010	37	0	1
80011	106	0	1
80012	81	0	1
80013	46	0	1
80014	28	0	1
80017	19	0	1
80018	49	0	1
80019	38	0	1
80020	95	0	1
80021	18	0	1
80022	102	0	1
80023	13	827	0
80024	4	668	0
80025	34	0	1
80028	57	0	1
80031	16	0	1
80032	15	345	0
80034	2	1041	0
80035	1	2107	0
80036	21	0	1
80039	1	6769	0
80045	1	1914	0
80055	28	0	1
80059	29	0	1
80060	1	2053	0
80063	17	0	1
80067	16	0	1
80070	4	1409	0
80071	11	386	0
80086	35	0	1
80094	1	2253	0
80095	10	476	0
80097	73	0	1
80099	8	949	0
801	558	0	1
80108	15	469	0
80110	8	359	0
80111	25	0	1
80114	27	0	1
80115	7	1693	0
80117	115	0	1
80119	14	441	0
80122	5	1224	0
80124	152	0	1
80125	172	0	1
80127	5	935	0
80128	29	0	1
80129	10	486	0
8013	46	0	1
80131	95	0	1
80133	3	922	0
80135	130	0	1
80139	97	0	1
80142	96	0	1
80143	61	0	1
80144	103	0	1
80145	114	0	1
80146	89	0	1
80148	25	0	1
80149	34	0	1
80150	22	0	1
80152	34	0	1
80153	157	0	1
80154	3	1341	0
80155	151	0	1
80157	2	2344	0
80161	1	1949	0
80162	5	457	0
80164	11	323	0
80167	33	0	1
80168	4	2241	0
80169	56	0	1
80173	131	0	1
80174	34	0	1
80176	31	0	1
80177	11	642	0
80178	21	0	1
80179	250	0	1
80183	11	811	0
80184	162	0	1
80185	49	0	1
8019	490	0	1
80194	15	583	0
80195	45	0	1
80196	55	0	1
80198	57	0	1
80199	22	0	1
802	1	1237	0
80201	47	0	1
80204	126	0	1
80205	70	0	1
80206	10	456	0
80207	43	0	1
80208	54	0	1
80209	35	0	1
8021	183	0	1
80210	19	0	1
80212	52	0	1
80213	83	0	1
80216	7	840	0
80217	6	637	0
80218	91	0	1
80219	16	0	1
8022	176	0	1
80221	96	0	1
80222	138	0	1
80223	124	0	1
80224	64	0	1
80227	76	0	1
80228	6	1044	0
80230	474	0	1
80231	7	727	0
80232	175	0	1
80233	100	0	1
80235	3	1245	0
80237	23	0	1
80243	13	533	0
80254	166	0	1
80255	24	0	1
80256	66	0	1
80258	111	0	1
80262	47	0	1
80263	32	0	1
80264	30	0	1
80267	116	0	1
8027	151	0	1
80270	383	0	1
80271	18	0	1
80273	207	0	1
80279	165	0	1
8028	49	0	1
8029	8	597	0
80298	8	839	0
8030	286	0	1
80301	38	0	1
80303	71	0	1
80304	101	0	1
80305	91	0	1
80306	101	0	1
80307	5	1185	0
80308	113	0	1
80309	9	474	0
8031	43	0	1
80310	22	0	1
80311	81	0	1
80312	39	0	1
80313	24	0	1
80314	72	0	1
80315	150	0	1
80316	3	1717	0
80317	28	0	1
80318	42	0	1
80319	13	417	0
80320	19	0	1
80321	261	0	1
80323	21	0	1
80324	132	0	1
80325	16	0	1
80326	36	0	1
80328	26	0	1
80329	10	1457	0
80331	373	0	1
80332	77	0	1
80333	23	0	1
80335	196	0	1
80336	26	0	1
80339	8	610	0
8034	33	0	1
80341	9	1019	0
80342	81	0	1
80343	5	1448	0
80344	132	0	1
80345	13	653	0
80346	190	0	1
80347	94	0	1
80349	153	0	1
80350	1	4763	0
80351	59	0	1
80352	8	609	0
8036	67	0	1
8038	43	0	1
80380	35	0	1
80381	29	0	1
8045	40	0	1
8048	15	701	0
805	194	0	1
8050	106	0	1
8061	66	0	1
8065	524	0	1
80700	320	0	1
80704	17	0	1
80705	95	0	1
80709	7	562	0
80712	3	2142	0
80714	80	0	1
80723	21	0	1
80724	96	0	1
80725	32	0	1
80726	70	0	1
80727	72	0	1
80728	112	0	1
8073	109	0	1
80731	27	0	1
80736	3	1040	0
80737	4	867	0
80739	2	2813	0
8074	4	1129	0
80740	11	1075	0
80741	14	679	0
80742	245	0	1
80745	15	577	0
80746	53	0	1
80755	119	0	1
80757	14	989	0
80758	4	1007	0
80759	15	651	0
8076	44	0	1
80760	11	390	0
80761	10	561	0
80762	100	0	1
80763	32	0	1
80764	96	0	1
80765	1	2537	0
80772	8	778	0
80774	13	303	0
80775	42	0	1
80776	72	0	1
80777	277	0	1
80778	48	0	1
8078	211	0	1
80781	88	0	1
80789	108	0	1
8079	127	0	1
80790	28	0	1
808	310	0	1
80816	164	0	1
80817	189	0	1
80818	19	0	1
8082	2	2543	0
80820	31	0	1
80821	33	0	1
80823	60	0	1
80824	234	0	1
80829	137	0	1
80830	14	599	0
80831	2	1039	0
80832	2	3288	0
80833	35	0	1
80834	26	0	1
80835	2	1475	0
8085	160	0	1
80851	32	0	1
80852	10	618	0
80853	4	1188	0
80854	76	0	1
80856	288	0	1
8086	154	0	1
80862	1	3225	0
80863	7	1261	0
80864	50	0	1
8087	622	0	1
8089	175	0	1
80895	109	0	1
80896	7	1176	0
8091	136	0	1
8092	23	0	1
80975	47	0	1
8099	115	0	1
81	373	0	1
810	228	0	1
8100	50	0	1
81025	2	2463	0
81027	128	0	1
81029	4	1819	0
81030	39	0	1
81031	2	1536	0
81034	34	0	1
81035	66	0	1
81037	100	0	1
81050	1	2221	0
8106	185	0	1
811	389	0	1
8110	95	0	1
8115	59	0	1
8120	34	0	1
8123	1	1914	0
81248	1	3806	0
8125	126	0	1
8128	9	994	0
81285	10	780	0
813	331	0	1
81309	1	2936	0
8131	74	0	1
81327	1	4523	0
81328	1	6939	0
8139	250	0	1
81392	1	3216	0
81399	1	6845	0
814	50	0	1
8140	179	0	1
8148	394	0	1
81488	127	0	1
81490	87	0	1
81492	32	0	1
81493	62	0	1
81494	22	0	1
815	218	0	1
81501	1	5410	0
81502	135	0	1
8153	436	0	1
81532	115	0	1
81533	540	0	1
81537	45	0	1
81539	173	0	1
81542	229	0	1
81543	17	0	1
81544	54	0	1
81545	144	0	1
81550	207	0	1
81551	36	0	1
81552	10	414	0
81553	6	509	0
81554	98	0	1
81555	130	0	1
81556	93	0	1
81557	23	0	1
81558	13	504	0
81559	170	0	1
81562	95	0	1
81563	32	0	1
81565	152	0	1
81566	4	1000	0
81567	217	0	1
81569	18	0	1
81570	212	0	1
81571	2	1449	0
81572	100	0	1
81573	19	0	1
81575	6	961	0
81576	63	0	1
81577	8	706	0
81578	9	443	0
81579	14	418	0
816	144	0	1
81602	13	615	0
81603	91	0	1
81605	26	0	1
81606	22	0	1
81607	25	0	1
81608	208	0	1
81609	498	0	1
8161	548	0	1
81610	81	0	1
81611	114	0	1
81614	15	744	0
81615	2	1804	0
81616	8	676	0
81617	28	0	1
81618	88	0	1
81619	7	533	0
81620	71	0	1
81621	12	622	0
81622	414	0	1
81623	2	3262	0
81624	108	0	1
81626	5	1164	0
81627	198	0	1
81628	114	0	1
81629	78	0	1
81631	546	0	1
8165	500	0	1
81669	90	0	1
81671	185	0	1
81688	18	0	1
81689	90	0	1
81691	32	0	1
81693	1	5707	0
817	196	0	1
8170	15	796	0
81704	119	0	1
81706	11	498	0
8174	4	2246	0
8175	262	0	1
8178	70	0	1
81786	79	0	1
81788	49	0	1
81789	21	0	1
81790	61	0	1
81792	50	0	1
81793	11	897	0
81794	11	652	0
81796	2	1197	0
81797	3	3169	0
818	181	0	1
81831	55	0	1
81832	10	430	0
81833	110	0	1
81839	231	0	1
81844	133	0	1
81846	39	0	1
81847	74	0	1
81848	82	0	1
81849	3	2505	0
81850	183	0	1
81851	218	0	1
81853	277	0	1
81854	2	4029	0
81855	156	0	1
81856	11	294	0
81857	88	0	1
81858	182	0	1
8187	11	301	0
81870	1	2663	0
81873	76	0	1
81875	44	0	1
81876	200	0	1
81887	170	0	1
81888	25	0	1
81889	170	0	1
8189	220	0	1
81890	38	0	1
81892	332	0	1
81894	33	0	1
819	122	0	1
8190	3	1812	0
8192	558	0	1
81926	36	0	1
81928	19	0	1
81929	133	0	1
8193	92	0	1
81930	46	0	1
81931	5	726	0
81932	56	0	1
8195	16	0	1
820	7	1033	0
8200	31	0	1
8202	181	0	1
8204	153	0	1
8208	151	0	1
8209	391	0	1
821	1230	0	1
8214	72	0	1
8215	4	1619	0
8216	107	0	1
8218	180	0	1
822	77	0	1
8220	136	0	1
8224	12	388	0
8225	72	0	1
8226	60	0	1
8227	101	0	1
8228	12	585	0
823	190	0	1
8233	69	0	1
8237	539	0	1
8239	396	0	1
824	146	0	1
8241	253	0	1
8242	122	0	1
8243	412	0	1
825	36	0	1
826	117	0	1
8260	163	0	1
8263	10	919	0
8266	349	0	1
8269	16	0	1
827	16	0	1
8270	108	0	1
8273	5	848	0
8277	8	852	0
828	24	0	1
8284	6	1163	0
8287	49	0	1
8288	13	524	0
8289	219	0	1
829	356	0	1
8290	424	0	1
8291	58	0	1
8292	30	0	1
8293	21	0	1
8294	106	0	1
8295	748	0	1
830	410	0	1
8301	254	0	1
8302	36	0	1
8303	7	638	0
8309	5	1862	0
831	98	0	1
8310	40	0	1
8312	145	0	1
8313	71	0	1
8314	1283	0	1
8315	89	0	1
8317	114	0	1
8318	121	0	1
832	1023	0	1
8320	5	1772	0
8321	13	561	0
8322	11	848	0
8323	51	0	1
8324	73	0	1
8325	19	0	1
83259	3	1271	0
8326	4	2485	0
8328	101	0	1
8329	72	0	1
833	105	0	1
8330	15	270	0
8331	143	0	1
8332	11	418	0
8334	98	0	1
8335	512	0	1
8336	231	0	1
8337	149	0	1
8338	313	0	1
8339	573	0	1
83394	13	221	0
834	70	0	1
8340	213	0	1
83401	6	1411	0
8341	143	0	1
83416	12	458	0
83417	15	974	0
8342	102	0	1
8343	12	314	0
83439	13	563	0
8344	61	0	1
83440	87	0	1
83442	46	0	1
83443	133	0	1
83444	169	0	1
83445	10	1049	0
83446	18	0	1
83447	56	0	1
83448	14	226	0
83449	9	708	0
8345	446	0	1
83450	22	0	1
83451	63	0	1
83452	34	0	1
8346	60	0	1
83460	57	0	1
83461	176	0	1
83463	39	0	1
83464	9	676	0
83468	26	0	1
8347	260	0	1
83473	29	0	1
83475	19	0	1
83478	480	0	1
83479	21	0	1
8348	147	0	1
83480	7	1074	0
83481	185	0	1
83482	9	953	0
83483	12	746	0
8349	690	0	1
835	47	0	1
8350	909	0	1
8351	18	0	1
8352	495	0	1
8353	225	0	1
83538	23	0	1
83539	10	438	0
8354	39	0	1
83540	117	0	1
83541	101	0	1
83543	47	0	1
83544	7	599	0
83546	9	984	0
83547	24	0	1
83548	87	0	1
83549	16	0	1
8355	25	0	1
83550	25	0	1
83552	1	6419	0
8356	41	0	1
8357	37	0	1
8358	67	0	1
8359	1760	0	1
83590	69	0	1
83591	11	562	0
83592	1	1237	0
83593	48	0	1
83594	38	0	1
83595	80	0	1
83596	39	0	1
83597	8	765	0
836	128	0	1
8360	31	0	1
83604	9	1222	0
83605	39	0	1
83606	87	0	1
83607	17	0	1
83608	153	0	1
8361	67	0	1
8362	54	0	1
8363	45	0	1
83636	2	1666	0
83637	62	0	1
83638	17	0	1
83639	254	0	1
8364	46	0	1
83640	79	0	1
83641	17	0	1
83642	36	0	1
83643	4	812	0
83648	95	0	1
8365	41	0	1
83650	1	5390	0
83657	14	260	0
83658	84	0	1
83659	29	0	1
8366	54	0	1
83660	50	0	1
83666	27	0	1
83667	38	0	1
8367	34	0	1
8368	58	0	1
8369	33	0	1
83690	7	889	0
83692	41	0	1
83693	68	0	1
83694	50	0	1
83695	21	0	1
83696	86	0	1
83698	12	482	0
83699	21	0	1
837	48	0	1
8370	85	0	1
83700	28	0	1
83706	57	0	1
83707	13	360	0
83714	7	1299	0
83715	17	0	1
83716	2	1853	0
83719	133	0	1
8372	9	735	0
83723	2	3546	0
83729	44	0	1
83732	557	0	1
83733	38	0	1
83734	16	0	1
83737	344	0	1
83740	135	0	1
83741	76	0	1
83742	2	1447	0
83743	392	0	1
83744	12	341	0
83746	205	0	1
83752	58	0	1
83755	160	0	1
83756	13	574	0
83758	6	1148	0
83759	264	0	1
83786	17	0	1
83787	32	0	1
8379	137	0	1
83795	41	0	1
838	4	2439	0
8382	10	960	0
8383	2	3517	0
83844	13	520	0
83849	10	677	0
83850	5	868	0
83851	40	0	1
83852	17	0	1
83853	11	865	0
83854	3	1619	0
83855	421	0	1
83856	7	547	0
83857	7	619	0
83858	216	0	1
83860	87	0	1
83861	9	567	0
83862	63	0	1
83869	1	1949	0
8387	3	3166	0
83871	66	0	1
83872	10	320	0
83873	20	0	1
83874	28	0	1
83875	1	5896	0
83876	1	1237	0
83877	19	0	1
83878	238	0	1
83879	8	474	0
8388	1	4859	0
83882	61	0	1
83884	6	883	0
83886	1	5035	0
83887	2	2495	0
83888	5	1393	0
83889	20	0	1
83890	2	1994	0
83891	19	0	1
83892	174	0	1
83893	1	2654	0
83894	19	0	1
83895	47	0	1
83896	84	0	1
83897	78	0	1
83899	148	0	1
839	36	0	1
8390	1	3655	0
83900	139	0	1
83901	99	0	1
83902	47	0	1
83903	125	0	1
83930	50	0	1
83931	57	0	1
83932	594	0	1
83933	40	0	1
83937	8	1196	0
83938	7	893	0
83939	138	0	1
8394	142	0	1
83940	54	0	1
83941	6	698	0
83942	39	0	1
83943	383	0	1
8395	10	435	0
83953	1	1757	0
83955	11	572	0
83957	3	1066	0
83959	5	682	0
8396	81	0	1
8398	23	0	1
83983	45	0	1
83985	72	0	1
83986	126	0	1
83987	656	0	1
83988	52	0	1
83989	25	0	1
8399	108	0	1
83990	88	0	1
83992	48	0	1
83998	8	927	0
840	64	0	1
84000	104	0	1
84002	5	1515	0
8402	233	0	1
8403	10	1115	0
84033	64	0	1
84034	26	0	1
8404	18	0	1
8405	484	0	1
84056	30	0	1
84057	45	0	1
84058	47	0	1
84059	56	0	1
8406	8	425	0
84060	72	0	1
84061	184	0	1
84062	158	0	1
84063	14	452	0
84064	16	0	1
84065	52	0	1
84066	56	0	1
84067	40	0	1
84068	24	0	1
84069	54	0	1
8407	218	0	1
84070	10	285	0
84071	5	764	0
84072	8	611	0
84073	28	0	1
84074	9	383	0
84075	1	3373	0
84076	18	0	1
84077	12	357	0
84078	213	0	1
84079	39	0	1
8408	174	0	1
84080	221	0	1
84081	197	0	1
84083	32	0	1
84084	9	595	0
84085	50	0	1
8409	112	0	1
841	171	0	1
84100	35	0	1
84101	47	0	1
84102	33	0	1
84103	16	0	1
84105	46	0	1
84106	45	0	1
84107	2	2370	0
84108	168	0	1
84109	3	2487	0
8411	154	0	1
8412	64	0	1
84124	12	719	0
84125	42	0	1
84126	92	0	1
84128	98	0	1
84129	148	0	1
84131	93	0	1
84132	66	0	1
84133	32	0	1
84134	8	708	0
84135	105	0	1
84138	24	0	1
84140	157	0	1
84141	10	814	0
84142	34	0	1
84144	44	0	1
84146	185	0	1
84148	81	0	1
84152	7	942	0
84153	22	0	1
84154	226	0	1
84159	68	0	1
8416	38	0	1
84162	42	0	1
84163	11	527	0
84164	116	0	1
84166	22	0	1
84167	29	0	1
84168	134	0	1
8417	652	0	1
84171	99	0	1
84172	150	0	1
84173	14	519	0
84174	23	0	1
84176	4	1152	0
84179	3	2028	0
8418	1	5856	0
84181	71	0	1
84182	72	0	1
84186	65	0	1
84187	35	0	1
84188	106	0	1
84189	11	1009	0
8419	67	0	1
84190	10	611	0
84191	173	0	1
84193	34	0	1
84196	170	0	1
84197	267	0	1
842	58	0	1
8420	5	611	0
84203	16	0	1
84206	219	0	1
84210	8	1101	0
84215	6	879	0
84216	1	3289	0
84217	81	0	1
84218	3	1709	0
84219	39	0	1
84220	95	0	1
84221	55	0	1
84223	8	547	0
84224	6	483	0
84226	4	624	0
84229	4	1634	0
84230	28	0	1
84231	115	0	1
84232	31	0	1
84233	96	0	1
84236	345	0	1
84239	1	3806	0
8424	26	0	1
84240	69	0	1
84243	71	0	1
84245	37	0	1
84246	91	0	1
84247	13	409	0
84248	151	0	1
84249	14	382	0
8425	65	0	1
84250	21	0	1
84251	36	0	1
84253	6	488	0
84254	45	0	1
84255	24	0	1
84256	31	0	1
84258	21	0	1
84259	77	0	1
84260	129	0	1
84261	22	0	1
84262	97	0	1
84263	123	0	1
84264	5	1479	0
84265	38	0	1
84266	12	392	0
84267	38	0	1
84268	16	0	1
84269	12	825	0
8427	23	0	1
84270	26	0	1
84271	219	0	1
84272	68	0	1
84273	99	0	1
84274	93	0	1
84275	25	0	1
84276	22	0	1
84277	216	0	1
84278	1	6136	0
84279	9	1190	0
8428	158	0	1
84280	16	0	1
84281	16	0	1
84282	26	0	1
84283	65	0	1
84284	135	0	1
84285	92	0	1
84286	6	1156	0
84287	9	840	0
84288	14	726	0
84289	106	0	1
84290	49	0	1
84292	189	0	1
84293	85	0	1
84294	188	0	1
84295	155	0	1
84296	64	0	1
84298	139	0	1
84299	19	0	1
843	47	0	1
84300	50	0	1
84301	119	0	1
84302	50	0	1
84303	80	0	1
84304	25	0	1
84305	131	0	1
84306	66	0	1
84307	61	0	1
84309	103	0	1
8431	66	0	1
84310	190	0	1
84311	201	0	1
84312	126	0	1
84313	68	0	1
84314	51	0	1
84315	14	560	0
84316	37	0	1
84317	94	0	1
84318	64	0	1
84319	125	0	1
84320	19	0	1
84321	83	0	1
84324	151	0	1
84326	10	678	0
84327	8	383	0
84328	22	0	1
84329	30	0	1
8433	3	3068	0
84330	114	0	1
84331	49	0	1
84332	11	934	0
84333	102	0	1
84334	5	793	0
84335	29	0	1
84336	29	0	1
84337	27	0	1
8434	54	0	1
84340	176	0	1
84342	38	0	1
84343	44	0	1
8435	5	1524	0
8436	59	0	1
84364	126	0	1
84365	425	0	1
8437	8	673	0
84376	201	0	1
8438	9	525	0
8439	40	0	1
844	3	2578	0
8440	249	0	1
84417	3	1246	0
84418	23	0	1
84419	135	0	1
8443	78	0	1
84432	4	2123	0
84433	33	0	1
84436	4	607	0
84437	14	358	0
84439	28	0	1
8444	39	0	1
84440	23	0	1
84441	14	336	0
84443	3	752	0
84444	798	0	1
84445	510	0	1
84446	34	0	1
84447	306	0	1
84448	13	425	0
84449	21	0	1
8445	167	0	1
84450	254	0	1
84451	111	0	1
84455	17	0	1
84456	121	0	1
84457	20	0	1
84458	212	0	1
8446	81	0	1
84460	26	0	1
84461	114	0	1
84464	570	0	1
84465	5	1132	0
84466	14	470	0
84467	15	588	0
8447	6	1554	0
8448	16	0	1
8449	173	0	1
84498	39	0	1
845	63	0	1
8450	727	0	1
84501	19	0	1
84502	67	0	1
84503	2	838	0
84504	1	6950	0
8451	825	0	1
84513	2	4469	0
84514	64	0	1
84515	56	0	1
84516	84	0	1
84517	1	5790	0
84518	16	0	1
84519	20	0	1
8452	3146	0	1
84520	18	0	1
84522	156	0	1
84524	74	0	1
84525	13	530	0
84527	13	667	0
84528	103	0	1
84529	30	0	1
8453	589	0	1
84530	35	0	1
84532	23	0	1
84536	4	1624	0
8454	881	0	1
84541	19	0	1
84542	13	414	0
84545	155	0	1
84546	1	2107	0
84547	28	0	1
84548	84	0	1
84549	152	0	1
8455	53	0	1
84552	31	0	1
84553	116	0	1
84557	237	0	1
8456	39	0	1
84561	8	1290	0
84569	117	0	1
84570	5	695	0
84572	31	0	1
8458	139	0	1
8459	118	0	1
846	20	0	1
8460	20	0	1
84612	134	0	1
84614	7	634	0
84616	80	0	1
84617	238	0	1
84618	26	0	1
84619	174	0	1
8462	19	0	1
84620	16	0	1
84622	6	1225	0
84623	2	1397	0
84624	23	0	1
84626	40	0	1
84627	8	357	0
84628	7	1116	0
84629	88	0	1
8463	125	0	1
84630	24	0	1
84631	1	4726	0
84632	19	0	1
84634	3	2310	0
84639	8	969	0
8464	58	0	1
84640	31	0	1
84641	78	0	1
84643	50	0	1
84645	7	1650	0
84647	4	2221	0
84648	72	0	1
84649	6	781	0
84650	3	1516	0
84651	18	0	1
84654	19	0	1
84656	232	0	1
84657	1	5779	0
84659	64	0	1
84660	4	1322	0
84661	184	0	1
84662	103	0	1
84665	30	0	1
84666	15	600	0
84667	9	548	0
84668	34	0	1
84669	114	0	1
8467	396	0	1
84674	8	837	0
84675	464	0	1
84676	334	0	1
84677	3	2928	0
84678	153	0	1
84679	4	1183	0
8468	80	0	1
84680	9	586	0
84681	338	0	1
84684	4	1581	0
84687	178	0	1
84688	38	0	1
84689	6	2052	0
84690	12	532	0
84691	5	623	0
84692	1	3651	0
84693	10	454	0
84694	4	1757	0
84695	22	0	1
84696	1	6393	0
84699	58	0	1
847	168	0	1
8470	76	0	1
84700	13	471	0
84701	24	0	1
84705	81	0	1
84706	37	0	1
84707	105	0	1
84708	568	0	1
84709	221	0	1
8471	285	0	1
84717	188	0	1
84719	1	4218	0
84720	61	0	1
84722	31	0	1
84725	13	656	0
84726	265	0	1
84727	50	0	1
8473	941	0	1
84733	121	0	1
84735	17	0	1
84740	1	2053	0
84747	36	0	1
84749	106	0	1
84750	8	423	0
84752	3	1863	0
84759	205	0	1
8476	136	0	1
84765	5	1874	0
84766	58	0	1
84767	5	1441	0
84769	3	2474	0
8477	1	6909	0
84775	10	576	0
84777	5	1143	0
84779	59	0	1
84787	41	0	1
8479	81	0	1
84790	466	0	1
84791	4	1051	0
84792	3	2839	0
84795	4	2121	0
84798	5	1030	0
8480	226	0	1
84803	102	0	1
84804	8	706	0
84807	120	0	1
84808	1	2313	0
84809	15	821	0
8481	345	0	1
84811	110	0	1
84812	30	0	1
84814	1	6748	0
84816	88	0	1
84817	51	0	1
84818	51	0	1
8482	24	0	1
84820	1	1949	0
84823	224	0	1
84824	2	2564	0
84826	21	0	1
8483	2	3188	0
84830	5	2421	0
84832	20	0	1
84833	111	0	1
84836	28	0	1
84838	53	0	1
8484	5	914	0
84842	16	0	1
84844	151	0	1
84851	132	0	1
84856	82	0	1
84858	60	0	1
84859	109	0	1
84861	125	0	1
84864	95	0	1
84865	10	335	0
84866	132	0	1
84867	76	0	1
84868	81	0	1
84869	40	0	1
8487	106	0	1
84870	7	510	0
84871	68	0	1
84872	197	0	1
84873	4	1191	0
84874	20	0	1
84875	29	0	1
84876	40	0	1
84878	6	1261	0
84879	2	3297	0
84881	243	0	1
84883	27	0	1
84885	124	0	1
84886	90	0	1
84888	8	284	0
84889	50	0	1
84890	17	0	1
84891	3	2452	0
84892	80	0	1
84893	28	0	1
84894	51	0	1
84895	20	0	1
84896	78	0	1
84897	21	0	1
84898	58	0	1
84899	50	0	1
8490	11	748	0
84900	2	2482	0
84901	68	0	1
84902	142	0	1
84904	55	0	1
84905	20	0	1
84908	101	0	1
84909	20	0	1
8491	80	0	1
84910	14	756	0
84911	7	858	0
84912	38	0	1
84913	2	3846	0
84914	133	0	1
84915	12	672	0
84916	163	0	1
84918	40	0	1
84919	75	0	1
8492	15	657	0
84920	46	0	1
84922	17	0	1
84923	7	609	0
84924	18	0	1
84925	5	2153	0
84926	27	0	1
84928	148	0	1
84929	6	1574	0
8493	56	0	1
84930	48	0	1
84932	78	0	1
84933	11	967	0
84934	48	0	1
84935	6	1031	0
84936	54	0	1
84937	35	0	1
84938	38	0	1
84939	31	0	1
84940	37	0	1
84941	23	0	1
84942	27	0	1
84944	20	0	1
84945	2	4482	0
84946	194	0	1
84947	16	0	1
84948	69	0	1
8495	41	0	1
84950	159	0	1
84951	42	0	1
84952	43	0	1
84953	2	2047	0
84954	11	516	0
84955	62	0	1
84957	63	0	1
84958	10	486	0
84959	146	0	1
8496	173	0	1
84960	42	0	1
84961	13	616	0
84962	82	0	1
84964	2	2350	0
84966	38	0	1
84967	18	0	1
84968	27	0	1
84969	33	0	1
8497	8	400	0
84970	103	0	1
84971	14	546	0
84973	2	2986	0
84975	83	0	1
84976	13	481	0
84978	64	0	1
8498	103	0	1
84981	2	1222	0
84984	156	0	1
84985	39	0	1
84986	64	0	1
84987	145	0	1
84988	55	0	1
8499	28	0	1
84991	201	0	1
84992	5	2017	0
84993	65	0	1
84996	4	1379	0
8500	205	0	1
85002	2	3804	0
85004	2	2883	0
85007	15	446	0
85009	2	2037	0
8501	10	804	0
85012	5	921	0
85013	88	0	1
85014	8	690	0
85015	35	0	1
85016	13	293	0
85019	6	846	0
8502	146	0	1
85021	99	0	1
85025	91	0	1
85026	3	1102	0
85027	52	0	1
85028	3	934	0
8503	191	0	1
8504	169	0	1
8505	28	0	1
8506	69	0	1
8507	21	0	1
8508	223	0	1
8509	41	0	1
8510	2	2558	0
8513	12	861	0
8514	43	0	1
8515	4	1255	0
8516	61	0	1
8517	437	0	1
8518	168	0	1
8519	354	0	1
8520	212	0	1
8521	67	0	1
8522	36	0	1
85235	117	0	1
85236	328	0	1
8525	83	0	1
8526	64	0	1
8527	22	0	1
8528	2	2191	0
85280	30	0	1
85285	29	0	1
85289	74	0	1
8529	37	0	1
85291	130	0	1
85293	81	0	1
85294	100	0	1
8530	12	864	0
85300	7	666	0
85301	6	816	0
85302	163	0	1
8531	377	0	1
85313	165	0	1
85315	3	3226	0
85319	69	0	1
8532	5	888	0
85320	4	1163	0
85329	12	561	0
8533	229	0	1
8534	5	1183	0
85349	3	2260	0
8535	198	0	1
85352	59	0	1
85358	304	0	1
85359	30	0	1
8536	86	0	1
85360	112	0	1
85363	89	0	1
85364	170	0	1
85365	35	0	1
85366	99	0	1
85369	98	0	1
8537	8	332	0
85376	21	0	1
85377	93	0	1
85378	61	0	1
85379	192	0	1
8538	2	3058	0
85389	2	1451	0
8539	183	0	1
85390	1	3872	0
85391	1	2053	0
85395	176	0	1
85397	11	598	0
8540	188	0	1
85403	123	0	1
85406	45	0	1
85407	20	0	1
85409	36	0	1
8541	36	0	1
85413	36	0	1
85414	3	1718	0
85415	21	0	1
85416	4	923	0
85417	13	320	0
8542	4	2406	0
8543	155	0	1
85437	130	0	1
85438	14	959	0
85439	86	0	1
8544	81	0	1
85440	249	0	1
85441	53	0	1
85442	22	0	1
85443	5	1641	0
85444	24	0	1
85445	21	0	1
85446	8	603	0
85449	1	3217	0
8545	53	0	1
85450	52	0	1
85451	406	0	1
85452	10	337	0
85453	50	0	1
85455	3	931	0
85456	163	0	1
85457	17	0	1
85458	20	0	1
85459	46	0	1
8546	182	0	1
85460	19	0	1
85461	92	0	1
85462	6	586	0
85463	7	519	0
85464	34	0	1
85465	27	0	1
8547	43	0	1
85474	6	1242	0
85476	313	0	1
85477	56	0	1
85478	12	321	0
85479	82	0	1
8548	124	0	1
85480	4	918	0
85481	64	0	1
8549	11	579	0
8550	46	0	1
85508	9	655	0
85509	69	0	1
8552	1	3015	0
8553	116	0	1
8554	331	0	1
8555	155	0	1
8556	106	0	1
85569	6	884	0
8557	48	0	1
8558	51	0	1
8559	94	0	1
8560	60	0	1
8562	72	0	1
8563	122	0	1
8564	8	954	0
8565	141	0	1
8566	49	0	1
8567	82	0	1
8568	147	0	1
8569	66	0	1
857	704	0	1
8570	270	0	1
8572	20	0	1
8573	191	0	1
8574	61	0	1
8575	393	0	1
8576	153	0	1
8577	36	0	1
8578	20	0	1
858	109	0	1
8581	17	0	1
85865	135	0	1
859	61	0	1
8590	1	5962	0
86	259	0	1
860	71	0	1
8600	32	0	1
8601	114	0	1
8602	176	0	1
8603	67	0	1
8604	229	0	1
8605	3	1480	0
8607	543	0	1
8608	1	3850	0
8609	5	715	0
861	290	0	1
8611	14	567	0
8612	20	0	1
8613	26	0	1
8614	48	0	1
8615	193	0	1
8618	65	0	1
862	118	0	1
8620	2	2867	0
8621	150	0	1
8622	5	1144	0
8623	37	0	1
8624	100	0	1
8625	143	0	1
8626	156	0	1
8629	46	0	1
863	75	0	1
8630	14	937	0
8631	100	0	1
8632	22	0	1
8633	29	0	1
8634	123	0	1
8635	18	0	1
8636	42	0	1
8637	9	558	0
8638	221	0	1
8639	24	0	1
864	59	0	1
8641	59	0	1
8642	18	0	1
8643	16	0	1
8644	38	0	1
8645	33	0	1
8646	89	0	1
8647	7	593	0
8648	134	0	1
8649	137	0	1
865	97	0	1
8650	212	0	1
8651	165	0	1
8653	101	0	1
8654	14	686	0
8655	458	0	1
8658	97	0	1
8659	103	0	1
866	13	742	0
8660	76	0	1
8661	345	0	1
86614	33	0	1
8662	330	0	1
8663	245	0	1
8664	234	0	1
8665	294	0	1
8666	232	0	1
8667	246	0	1
8668	244	0	1
8669	123	0	1
867	467	0	1
8671	10	235	0
8672	137	0	1
8673	96	0	1
8674	139	0	1
8675	68	0	1
8676	144	0	1
8677	110	0	1
8678	198	0	1
868	90	0	1
8681	14	632	0
8682	83	0	1
8683	221	0	1
8685	9	567	0
8687	171	0	1
8688	99	0	1
8689	70	0	1
869	1	2296	0
8690	9	641	0
8692	82	0	1
8693	14	316	0
8694	38	0	1
8697	231	0	1
8698	134	0	1
87	307	0	1
8701	9	306	0
8702	36	0	1
8703	79	0	1
8704	118	0	1
8705	31	0	1
8706	29	0	1
8707	11	945	0
8708	2	1633	0
871	294	0	1
8710	65	0	1
8711	38	0	1
8712	36	0	1
8714	21	0	1
8715	59	0	1
8717	103	0	1
87171	1	6567	0
87178	141	0	1
8718	12	463	0
8720	59	0	1
8721	88	0	1
8722	42	0	1
8723	62	0	1
8724	181	0	1
8725	134	0	1
8726	574	0	1
8727	64	0	1
8728	33	0	1
8729	376	0	1
873	137	0	1
8731	84	0	1
8732	128	0	1
8733	83	0	1
8735	47	0	1
8736	20	0	1
8737	189	0	1
8738	24	0	1
8739	6	887	0
874	39	0	1
8740	76	0	1
8741	28	0	1
8742	22	0	1
8743	22	0	1
8744	84	0	1
8745	8	310	0
8747	62	0	1
8748	1	1914	0
8749	15	1085	0
875	138	0	1
8751	60	0	1
8754	102	0	1
8756	35	0	1
8759	1	5870	0
8760	97	0	1
8761	442	0	1
8763	8	666	0
8764	31	0	1
8766	824	0	1
8767	83	0	1
8771	30	0	1
8772	110	0	1
8773	186	0	1
8774	78	0	1
8775	184	0	1
8776	103	0	1
87769	10	855	0
8777	88	0	1
8778	14	610	0
8780	74	0	1
8784	10	543	0
8785	20	0	1
8786	11	327	0
8787	13	386	0
8788	95	0	1
8789	25	0	1
8790	4	2360	0
8792	17	0	1
8793	41	0	1
8794	100	0	1
8795	157	0	1
8796	32	0	1
8797	130	0	1
8798	32	0	1
8799	33	0	1
88	139	0	1
8800	11	610	0
8801	112	0	1
8802	121	0	1
8803	179	0	1
8804	26	0	1
8805	382	0	1
8807	4	1422	0
8808	14	368	0
8809	4	1531	0
881	8	477	0
8812	113	0	1
8813	166	0	1
8814	22	0	1
8815	200	0	1
8816	92	0	1
8817	2	3444	0
8818	48	0	1
8819	153	0	1
8820	13	794	0
8821	26	0	1
8822	40	0	1
8823	11	825	0
8824	29	0	1
8825	49	0	1
8826	550	0	1
8828	45	0	1
8829	303	0	1
883	19	0	1
8831	185	0	1
8832	6	600	0
8833	156	0	1
8834	101	0	1
8835	95	0	1
8836	239	0	1
8837	61	0	1
8838	17	0	1
8839	13	756	0
8840	4	1787	0
8841	284	0	1
8842	18	0	1
8844	120	0	1
88455	120	0	1
8846	4	795	0
8847	4	765	0
8848	99	0	1
885	4	2068	0
8850	243	0	1
8851	54	0	1
8852	8	960	0
8853	38	0	1
8854	40	0	1
8856	46	0	1
8857	16	0	1
8858	32	0	1
8859	25	0	1
886	1	6882	0
8861	98	0	1
8862	7	1232	0
8863	16	0	1
8864	140	0	1
8867	80	0	1
8869	14	820	0
887	17	0	1
8870	23	0	1
8871	39	0	1
8872	1835	0	1
8874	112	0	1
88745	60	0	1
8875	48	0	1
8876	8	1386	0
8877	34	0	1
8878	1210	0	1
8879	198	0	1
8880	306	0	1
8881	227	0	1
8882	81	0	1
8883	93	0	1
8884	72	0	1
8886	324	0	1
8887	332	0	1
8888	97	0	1
889	41	0	1
8890	129	0	1
8891	119	0	1
8892	125	0	1
8893	159	0	1
8894	227	0	1
8895	113	0	1
8896	112	0	1
8897	62	0	1
8898	68	0	1
8899	312	0	1
89	98	0	1
890	165	0	1
8900	59	0	1
8904	57	0	1
8905	53	0	1
8906	64	0	1
8907	212	0	1
8908	29	0	1
8909	23	0	1
891	228	0	1
8910	24	0	1
8911	4	657	0
8912	14	298	0
89122	50	0	1
8913	7	482	0
8914	83	0	1
8915	83	0	1
8916	62	0	1
892	183	0	1
8924	452	0	1
8925	140	0	1
8926	6	705	0
8927	23	0	1
8928	102	0	1
8929	4	803	0
8930	80	0	1
8932	144	0	1
8933	47	0	1
8934	87	0	1
8935	47	0	1
8936	82	0	1
8938	5	777	0
8939	294	0	1
894	145	0	1
8940	1469	0	1
8941	19	0	1
8942	68	0	1
8943	159	0	1
8945	748	0	1
896	81	0	1
8968	73	0	1
8969	248	0	1
8970	185	0	1
8971	278	0	1
8972	9	948	0
8973	1	6058	0
8974	137	0	1
8975	111	0	1
8976	112	0	1
89765	130	0	1
89766	13	764	0
89777	111	0	1
89778	10	667	0
89780	33	0	1
89781	4	851	0
89782	30	0	1
89790	9	417	0
89792	1	6136	0
89795	28	0	1
89796	142	0	1
89797	41	0	1
898	139	0	1
89801	15	346	0
89822	1	6172	0
89832	1	3407	0
89839	30	0	1
89845	35	0	1
89846	7	836	0
89848	19	0	1
89849	11	427	0
8985	164	0	1
89853	17	0	1
89857	21	0	1
89858	23	0	1
8986	86	0	1
89866	7	725	0
89869	15	458	0
8987	122	0	1
89870	47	0	1
89872	21	0	1
89874	17	0	1
89876	9	798	0
8988	19	0	1
89882	15	425	0
89884	165	0	1
89885	99	0	1
89886	3	3350	0
89887	19	0	1
8989	3	1446	0
89890	95	0	1
89891	53	0	1
89894	6	1626	0
899	2068	0	1
8991	154	0	1
89910	52	0	1
8992	31	0	1
89927	24	0	1
8993	5	2305	0
89932	16	0	1
8994	120	0	1
89941	321	0	1
89944	61	0	1
8995	67	0	1
89953	119	0	1
89958	35	0	1
8996	35	0	1
8997	35	0	1
89970	72	0	1
89978	24	0	1
8999	68	0	1
9	7	859	0
90	58	0	1
900	45	0	1
90007	625	0	1
9001	106	0	1
90011	3	1752	0
90019	1	2692	0
9002	5	725	0
90025	36	0	1
90050	4	2016	0
90060	167	0	1
90070	88	0	1
90075	7	501	0
901	14	464	0
90102	142	0	1
90113	12	359	0
90120	1	3015	0
90121	33	0	1
9013	103	0	1
90133	3	2682	0
90134	4	1417	0
90135	21	0	1
90139	28	0	1
9014	84	0	1
90141	15	696	0
9015	72	0	1
9016	29	0	1
90161	53	0	1
90167	3	2030	0
90187	53	0	1
9019	116	0	1
90196	28	0	1
90199	4	1212	0
902	91	0	1
9020	158	0	1
90203	66	0	1
90204	3	847	0
9021	94	0	1
9022	61	0	1
9023	4	2717	0
90231	115	0	1
90233	2	1639	0
9024	25	0	1
90249	5	1860	0
9025	417	0	1
9026	143	0	1
90268	167	0	1
9027	30	0	1
90271	2	1674	0
90273	78	0	1
9028	18	0	1
90288	5	1221	0
90293	82	0	1
9031	199	0	1
90313	6	1460	0
90316	35	0	1
90317	15	324	0
9032	31	0	1
90321	9	366	0
90324	54	0	1
90326	66	0	1
9033	3	3796	0
90332	11	485	0
90333	6	660	0
90338	9	309	0
9034	9	1130	0
90342	4	1251	0
90353	71	0	1
90355	30	0	1
90362	62	0	1
9037	1	1370	0
90378	119	0	1
90379	252	0	1
90381	26	0	1
9039	69	0	1
90390	81	0	1
904	216	0	1
9040	611	0	1
90407	14	325	0
90410	139	0	1
90411	78	0	1
90416	16	0	1
90417	88	0	1
90423	12	743	0
90427	29	0	1
9043	260	0	1
9044	126	0	1
90441	126	0	1
9045	536	0	1
90459	31	0	1
9046	110	0	1
9047	47	0	1
9048	1	6940	0
90480	276	0	1
90485	68	0	1
90488	84	0	1
9049	167	0	1
905	55	0	1
9050	27	0	1
90506	25	0	1
90507	29	0	1
9051	91	0	1
9052	67	0	1
90522	69	0	1
90523	10	529	0
90525	2	4067	0
90527	2	2137	0
90529	2	4159	0
9053	240	0	1
9054	137	0	1
9055	969	0	1
90550	188	0	1
90557	34	0	1
9056	3	1437	0
9057	52	0	1
90576	1	2085	0
9058	18	0	1
90580	128	0	1
90586	1	4627	0
90589	14	415	0
90594	26	0	1
9060	58	0	1
9061	76	0	1
90624	51	0	1
90627	45	0	1
9063	168	0	1
90632	2	1282	0
90634	6	1602	0
90637	25	0	1
90639	7	688	0
9064	48	0	1
90649	2	1116	0
90655	31	0	1
9066	16	0	1
90665	39	0	1
90668	1	3600	0
90673	11	430	0
90678	80	0	1
9069	9	384	0
90693	4	2055	0
9070	244	0	1
90701	53	0	1
9071	23	0	1
9073	13	939	0
90736	2	1633	0
90737	12	668	0
9074	7	1220	0
9075	29	0	1
9076	20	0	1
90768	1	2253	0
9077	262	0	1
90780	51	0	1
90784	1	1914	0
9079	31	0	1
90799	49	0	1
908	562	0	1
9080	17	0	1
90806	73	0	1
90809	72	0	1
9081	1	5944	0
9082	1	3059	0
90826	27	0	1
90827	7	1904	0
9083	3	1580	0
90835	3	1978	0
9084	7	652	0
90843	17	0	1
9085	4	838	0
90850	420	0	1
90853	2	1754	0
9086	29	0	1
90861	51	0	1
90864	36	0	1
90865	9	720	0
9087	37	0	1
90871	5	775	0
90874	16	0	1
9088	136	0	1
909	70	0	1
9091	33	0	1
9092	315	0	1
9093	360	0	1
90933	221	0	1
9094	144	0	1
9095	17	0	1
90952	9	574	0
90956	80	0	1
90957	247	0	1
9096	7	1419	0
9097	476	0	1
9098	24	0	1
90987	20	0	1
9099	240	0	1
90990	6	862	0
90993	202	0	1
91	88	0	1
910	76	0	1
9100	300	0	1
9101	144	0	1
91010	35	0	1
91012	28	0	1
9103	2	3277	0
91039	103	0	1
9104	8	713	0
91050	5	1122	0
91056	36	0	1
91057	9	600	0
9107	86	0	1
91074	8	500	0
9108	62	0	1
9110	156	0	1
91107	47	0	1
9111	115	0	1
9112	262	0	1
91120	3	770	0
9113	441	0	1
91133	22	0	1
91137	265	0	1
9114	170	0	1
91147	127	0	1
91151	9	587	0
91156	45	0	1
9117	11	1068	0
91179	20	0	1
9118	134	0	1
91181	4	1006	0
9119	181	0	1
912	6	1063	0
9120	9	316	0
9121	5	1190	0
9122	8	584	0
91227	1	6274	0
9123	56	0	1
9124	92	0	1
9125	225	0	1
91252	12	742	0
9126	398	0	1
9127	57	0	1
91272	27	0	1
9128	260	0	1
91283	21	0	1
91289	114	0	1
9129	262	0	1
91298	8	277	0
913	35	0	1
9130	93	0	1
91300	7	358	0
91304	89	0	1
9131	615	0	1
91319	24	0	1
9132	6	526	0
9133	63	0	1
9134	24	0	1
9135	174	0	1
91351	20	0	1
91355	3	1274	0
9136	125	0	1
91368	30	0	1
91369	77	0	1
91373	13	251	0
9138	131	0	1
9139	46	0	1
91392	3	1726	0
914	18	0	1
9140	85	0	1
91404	36	0	1
91408	93	0	1
91409	32	0	1
9141	82	0	1
91419	58	0	1
9142	46	0	1
9143	28	0	1
91433	66	0	1
9144	74	0	1
91442	21	0	1
91445	155	0	1
9145	102	0	1
91452	199	0	1
9146	514	0	1
91461	17	0	1
91464	31	0	1
9147	86	0	1
9148	13	332	0
9149	85	0	1
915	77	0	1
9150	197	0	1
9152	37	0	1
91522	13	323	0
91523	6	940	0
91526	48	0	1
9153	15	897	0
91543	23	0	1
91544	50	0	1
9156	51	0	1
91574	228	0	1
9158	62	0	1
91582	93	0	1
91584	21	0	1
9159	3	1735	0
916	58	0	1
91603	53	0	1
91607	372	0	1
91608	55	0	1
91612	20	0	1
91614	15	377	0
9162	7	709	0
91624	87	0	1
91646	2	2002	0
91647	115	0	1
91653	21	0	1
9166	297	0	1
91661	23	0	1
91662	9	327	0
91663	95	0	1
91664	30	0	1
9167	86	0	1
9168	54	0	1
91683	24	0	1
91687	22	0	1
91689	27	0	1
9169	129	0	1
91694	106	0	1
91695	4	724	0
917	19	0	1
9170	117	0	1
91703	26	0	1
9172	26	0	1
9173	20	0	1
91734	13	1067	0
91746	392	0	1
91748	106	0	1
91749	20	0	1
9175	42	0	1
91750	48	0	1
91752	9	332	0
91754	103	0	1
91768	42	0	1
9177	19	0	1
91775	37	0	1
91782	80	0	1
9179	49	0	1
9180	52	0	1
91801	7	614	0
91807	8	629	0
9181	212	0	1
9182	38	0	1
91828	4	1208	0
9183	142	0	1
91833	83	0	1
9184	224	0	1
9185	25	0	1
91851	9	732	0
91860	2	1757	0
91862	1	3383	0
91869	76	0	1
9187	3	1516	0
91875	62	0	1
9188	714	0	1
9189	92	0	1
91893	11	856	0
91894	310	0	1
919	35	0	1
9191	27	0	1
91937	14	860	0
9194	29	0	1
91942	129	0	1
91947	82	0	1
91949	69	0	1
9196	10	601	0
91966	5	2319	0
9197	154	0	1
91975	5	812	0
91977	68	0	1
91978	80	0	1
92	92	0	1
920	94	0	1
9200	24	0	1
92002	18	0	1
9201	120	0	1
92014	150	0	1
92017	41	0	1
9202	160	0	1
9203	137	0	1
9204	85	0	1
9205	37	0	1
92070	3	2007	0
9208	147	0	1
92086	3	2177	0
9209	107	0	1
92092	40	0	1
921	18	0	1
9210	5	1543	0
92104	36	0	1
92105	102	0	1
92106	19	0	1
9211	52	0	1
9212	747	0	1
92126	5	478	0
92129	54	0	1
9213	110	0	1
9214	10	534	0
92140	499	0	1
9215	22	0	1
92154	45	0	1
92162	16	0	1
9217	458	0	1
92170	152	0	1
9218	670	0	1
92181	27	0	1
9219	426	0	1
92196	8	972	0
9220	6	828	0
9221	318	0	1
92211	5	2085	0
9223	133	0	1
92235	4	1370	0
92241	10	773	0
92255	61	0	1
92259	105	0	1
9227	6	1829	0
9228	20	0	1
92283	7	478	0
92285	6	829	0
9229	23	0	1
92291	15	371	0
92292	6	665	0
92293	2	2339	0
923	152	0	1
9230	151	0	1
92304	14	510	0
92305	32	0	1
9231	173	0	1
92312	382	0	1
9232	56	0	1
92335	24	0	1
92342	61	0	1
92344	84	0	1
92345	135	0	1
92346	10	355	0
9235	29	0	1
92359	28	0	1
9236	82	0	1
92369	123	0	1
92370	29	0	1
9238	396	0	1
92399	295	0	1
924	19	0	1
9240	184	0	1
92400	15	726	0
9241	40	0	1
9242	13	595	0
92421	684	0	1
9244	71	0	1
9245	20	0	1
9246	114	0	1
9247	35	0	1
9248	57	0	1
92482	5	1424	0
92483	48	0	1
9249	39	0	1
925	17	0	1
9252	118	0	1
92521	136	0	1
9253	108	0	1
9254	72	0	1
9255	254	0	1
92552	11	499	0
92558	1	2897	0
9256	22	0	1
92565	10	668	0
92579	14	309	0
9258	103	0	1
92591	20	0	1
92595	92	0	1
92597	60	0	1
926	18	0	1
9260	257	0	1
92609	250	0	1
9261	117	0	1
92610	40	0	1
9262	58	0	1
9263	24	0	1
9265	30	0	1
9266	44	0	1
92667	110	0	1
9267	46	0	1
92675	27	0	1
92689	26	0	1
92691	73	0	1
9270	29	0	1
92703	27	0	1
9271	14	350	0
92714	65	0	1
92715	15	258	0
92736	5	2627	0
92737	4	1188	0
9274	112	0	1
92745	31	0	1
92747	53	0	1
92749	6	591	0
9275	95	0	1
9276	357	0	1
9277	168	0	1
9278	20	0	1
92797	19	0	1
92799	106	0	1
928	76	0	1
92806	2	1100	0
92815	79	0	1
9282	132	0	1
92822	30	0	1
9283	56	0	1
9284	2	1713	0
92840	108	0	1
92856	107	0	1
9287	1	5331	0
9288	8	514	0
9289	56	0	1
929	45	0	1
9290	66	0	1
92906	158	0	1
92912	27	0	1
92922	60	0	1
9293	34	0	1
92935	44	0	1
9294	29	0	1
92949	12	316	0
9295	195	0	1
9296	116	0	1
92960	8	1296	0
9297	1	3175	0
92979	5	1252	0
9298	1	3175	0
9299	1	3175	0
92999	143	0	1
93	94	0	1
930	21	0	1
9300	2	1785	0
9301	1	3175	0
93010	23	0	1
9302	2	1377	0
9303	2	1377	0
93034	4	856	0
93035	5	1220	0
9304	5	941	0
93058	3	2712	0
9306	119	0	1
9308	63	0	1
93081	3	2092	0
93082	4	1328	0
93099	24	0	1
931	53	0	1
9310	12	556	0
93100	49	0	1
93107	16	0	1
93109	14	647	0
9311	7	1455	0
9312	54	0	1
9313	4	1239	0
93134	10	259	0
9314	153	0	1
93144	56	0	1
93145	87	0	1
9315	17	0	1
93166	88	0	1
9317	38	0	1
9318	227	0	1
93183	37	0	1
93185	231	0	1
9319	273	0	1
93190	12	997	0
932	39	0	1
9320	206	0	1
9321	155	0	1
93210	8	572	0
9322	98	0	1
93233	56	0	1
9324	56	0	1
9325	200	0	1
9326	47	0	1
93273	14	690	0
9328	157	0	1
9329	191	0	1
933	20	0	1
9330	203	0	1
9331	21	0	1
9332	7	601	0
93323	123	0	1
9333	32	0	1
9334	57	0	1
93343	54	0	1
93349	8	600	0
9337	70	0	1
93377	207	0	1
9338	73	0	1
93380	377	0	1
9340	1	5955	0
93408	27	0	1
9341	306	0	1
9342	239	0	1
93426	122	0	1
9343	1434	0	1
93432	3	1533	0
93436	142	0	1
9344	71	0	1
93474	23	0	1
9348	8	725	0
93487	44	0	1
9349	516	0	1
93492	84	0	1
9350	16	0	1
9351	165	0	1
93517	3	850	0
9352	221	0	1
9353	58	0	1
9354	101	0	1
9355	178	0	1
93550	6	1510	0
9356	26	0	1
9358	2	1748	0
93587	24	0	1
93594	48	0	1
9360	123	0	1
9361	454	0	1
93611	38	0	1
9362	17	0	1
93621	90	0	1
93622	3	1176	0
93624	88	0	1
93627	80	0	1
9363	36	0	1
9364	21	0	1
93643	52	0	1
93649	16	0	1
9365	5	1393	0
93650	1	3861	0
93655	1	1949	0
93659	3	2180	0
93661	1	5008	0
93663	107	0	1
93664	23	0	1
9367	590	0	1
9368	163	0	1
9369	26	0	1
9370	98	0	1
9371	49	0	1
9372	102	0	1
9373	92	0	1
9374	46	0	1
9375	61	0	1
9376	21	0	1
9377	211	0	1
9378	21	0	1
9379	8	367	0
9380	100	0	1
9381	10	334	0
9382	76	0	1
9388	63	0	1
9389	4	2180	0
939	71	0	1
9390	3	3377	0
9391	284	0	1
9392	50	0	1
9394	34	0	1
93953	4	1214	0
9397	72	0	1
93973	52	0	1
93974	163	0	1
93979	19	0	1
9398	5	1146	0
93986	71	0	1
9399	8	565	0
94	32	0	1
940	17	0	1
9400	107	0	1
94005	134	0	1
94009	1	2107	0
9401	1413	0	1
94015	23	0	1
9402	96	0	1
94025	16	0	1
94027	1	3861	0
9403	57	0	1
94030	14	300	0
94031	16	0	1
94032	3	2474	0
94033	1	2951	0
94039	32	0	1
9404	65	0	1
94056	143	0	1
94059	7	524	0
9406	195	0	1
9407	4	1338	0
94081	406	0	1
94086	11	931	0
9409	60	0	1
94097	50	0	1
941	76	0	1
9410	630	0	1
94101	65	0	1
94103	56	0	1
94104	95	0	1
94107	43	0	1
9411	64	0	1
94115	2	2860	0
9412	149	0	1
94120	5	1888	0
94121	66	0	1
94122	17	0	1
9413	83	0	1
94134	66	0	1
94137	3	1589	0
9414	278	0	1
9415	66	0	1
9416	473	0	1
94160	11	409	0
94162	1	3872	0
9419	25	0	1
942	7	919	0
9420	3	2822	0
9421	15	579	0
9422	39	0	1
9423	17	0	1
94233	5	1851	0
94234	137	0	1
94235	123	0	1
94239	167	0	1
94240	25	0	1
94241	18	0	1
9425	90	0	1
9426	20	0	1
9427	132	0	1
94274	21	0	1
9429	35	0	1
943	28	0	1
9435	4	917	0
9436	2	3033	0
9437	21	0	1
9439	219	0	1
944	139	0	1
9440	189	0	1
9441	102	0	1
9442	100	0	1
9443	77	0	1
9444	188	0	1
9445	99	0	1
9446	102	0	1
9447	110	0	1
9448	233	0	1
945	27	0	1
9450	216	0	1
9451	153	0	1
9452	20	0	1
9453	61	0	1
9454	124	0	1
9455	26	0	1
9456	89	0	1
9457	94	0	1
9459	86	0	1
946	7	1448	0
9462	156	0	1
9463	480	0	1
9464	30	0	1
9465	46	0	1
9466	64	0	1
9467	26	0	1
9468	11	263	0
9469	14	431	0
947	2	1949	0
9470	239	0	1
9472	16	0	1
9473	3	3023	0
9474	413	0	1
9475	144	0	1
9476	10	531	0
9477	182	0	1
9478	10	782	0
9479	47	0	1
948	29	0	1
9480	11	347	0
9481	1	6084	0
9482	215	0	1
9486	51	0	1
9487	3	3143	0
9488	19	0	1
9489	9	314	0
949	110	0	1
9491	95	0	1
9493	1014	0	1
9495	70	0	1
9496	4	1747	0
9497	179	0	1
9498	35	0	1
9499	16	0	1
95	47	0	1
950	194	0	1
9500	282	0	1
9501	23	0	1
9502	14	859	0
9506	252	0	1
9507	60	0	1
9508	7	484	0
9509	52	0	1
951	8	754	0
9510	89	0	1
9512	364	0	1
9513	421	0	1
9514	10	746	0
9515	9	453	0
9516	73	0	1
9517	75	0	1
9518	69	0	1
9519	39	0	1
952	8	843	0
9520	166	0	1
9521	124	0	1
9522	178	0	1
9524	278	0	1
9525	85	0	1
9526	60	0	1
9527	109	0	1
9528	180	0	1
9529	336	0	1
953	14	482	0
9530	219	0	1
9531	623	0	1
9532	612	0	1
9533	299	0	1
9534	9	438	0
9535	15	372	0
9536	21	0	1
9537	31	0	1
9538	83	0	1
954	94	0	1
9540	16	0	1
9541	70	0	1
9542	5	1068	0
9543	2	3046	0
9545	31	0	1
9546	58	0	1
9547	40	0	1
955	46	0	1
9550	74	0	1
9551	110	0	1
9552	26	0	1
9553	47	0	1
9554	339	0	1
9555	449	0	1
9556	21	0	1
9557	105	0	1
9559	161	0	1
956	16	0	1
9560	33	0	1
9562	55	0	1
9563	27	0	1
9564	538	0	1
9567	119	0	1
9568	13	855	0
95681	25	0	1
9569	89	0	1
957	13	461	0
9570	126	0	1
9572	21	0	1
9573	12	842	0
9575	82	0	1
9576	22	0	1
9577	87	0	1
9578	102	0	1
958	141	0	1
9580	37	0	1
9581	99	0	1
9582	129	0	1
9583	18	0	1
9584	1031	0	1
9585	87	0	1
9586	164	0	1
9587	58	0	1
9588	250	0	1
9589	191	0	1
959	11	551	0
9590	150	0	1
9592	36	0	1
9595	16	0	1
960	219	0	1
9600	13	345	0
9601	469	0	1
9603	18	0	1
9604	39	0	1
9605	35	0	1
9607	44	0	1
9609	2	3766	0
961	63	0	1
9610	106	0	1
9611	293	0	1
9612	241	0	1
9615	60	0	1
9616	140	0	1
9617	239	0	1
9618	191	0	1
9619	10	388	0
962	32	0	1
9620	72	0	1
9622	8	724	0
9623	46	0	1
9625	192	0	1
9626	3	2922	0
9627	28	0	1
9628	17	0	1
963	95	0	1
9630	11	315	0
9631	472	0	1
9632	155	0	1
9633	24	0	1
9635	5	1334	0
9636	487	0	1
9637	34	0	1
9638	81	0	1
9639	85	0	1
9640	76	0	1
9641	99	0	1
9643	164	0	1
9644	121	0	1
9645	26	0	1
96459	33	0	1
9646	215	0	1
9647	66	0	1
9648	122	0	1
9649	9	355	0
965	26	0	1
9650	68	0	1
9651	10	382	0
9652	106	0	1
9653	117	0	1
9654	23	0	1
9655	22	0	1
9656	412	0	1
9657	279	0	1
9658	57	0	1
9659	187	0	1
96597	1	5612	0
966	88	0	1
9662	263	0	1
96626	13	425	0
9663	21	0	1
9665	127	0	1
9666	175	0	1
9667	199	0	1
9668	7	570	0
9669	192	0	1
967	101	0	1
9670	92	0	1
9672	36	0	1
9673	8	593	0
9674	5	2008	0
9675	100	0	1
96764	68	0	1
9677	51	0	1
9678	88	0	1
9679	17	0	1
968	29	0	1
9681	38	0	1
9682	58	0	1
9683	35	0	1
9684	15	239	0
9685	205	0	1
9686	28	0	1
9687	28	0	1
9688	257	0	1
9689	173	0	1
969	22	0	1
9690	204	0	1
9692	131	0	1
9693	82	0	1
9694	390	0	1
9695	202	0	1
9696	50	0	1
9697	6	483	0
9698	288	0	1
9699	12	302	0
97	7	309	0
970	166	0	1
9700	73	0	1
9701	115	0	1
9702	158	0	1
9703	36	0	1
9704	29	0	1
9705	5	640	0
9706	24	0	1
9708	4	2516	0
9709	164	0	1
971	26	0	1
9710	166	0	1
9711	52	0	1
9712	104	0	1
9715	40	0	1
9716	188	0	1
9717	4	859	0
9718	28	0	1
9719	2	3452	0
972	144	0	1
9720	4	1277	0
9721	27	0	1
9722	110	0	1
9723	2	2326	0
9724	50	0	1
9725	101	0	1
9726	40	0	1
9727	19	0	1
9728	32	0	1
9729	58	0	1
973	244	0	1
9730	215	0	1
9731	84	0	1
9732	67	0	1
9733	528	0	1
9734	70	0	1
9735	93	0	1
9736	158	0	1
9737	38	0	1
9738	165	0	1
9739	162	0	1
974	112	0	1
9741	29	0	1
9742	52	0	1
9743	139	0	1
9744	17	0	1
9745	63	0	1
9746	65	0	1
9747	117	0	1
9748	179	0	1
9749	28	0	1
975	295	0	1
9750	13	542	0
9751	13	288	0
9752	30	0	1
9753	61	0	1
9754	19	0	1
9755	76	0	1
9757	121	0	1
9758	7	696	0
9759	394	0	1
976	150	0	1
9760	12	663	0
9761	98	0	1
9762	27	0	1
9764	8	283	0
9765	103	0	1
9766	15	370	0
9767	52	0	1
9768	50	0	1
977	57	0	1
9770	42	0	1
9771	36	0	1
9772	32	0	1
9774	315	0	1
9775	486	0	1
9776	204	0	1
9777	99	0	1
9778	74	0	1
9779	89	0	1
978	50	0	1
9780	48	0	1
9781	91	0	1
9782	640	0	1
9783	11	690	0
9784	76	0	1
9785	167	0	1
9786	25	0	1
9787	62	0	1
9788	28	0	1
9789	143	0	1
9790	220	0	1
9791	209	0	1
9792	34	0	1
9793	279	0	1
9794	70	0	1
9796	36	0	1
9797	17	0	1
9798	88	0	1
98	11	337	0
9801	159	0	1
9802	181	0	1
9804	233	0	1
9805	54	0	1
9806	19	0	1
9807	43	0	1
9808	4	1079	0
9810	256	0	1
9811	72	0	1
9812	7	846	0
9813	9	440	0
9814	28	0	1
9815	134	0	1
9816	99	0	1
9817	282	0	1
9818	89	0	1
9819	63	0	1
9820	840	0	1
9821	343	0	1
9823	27	0	1
9824	65	0	1
9825	85	0	1
9826	68	0	1
9827	17	0	1
9828	47	0	1
9829	59	0	1
983	519	0	1
9830	380	0	1
9831	10	342	0
9832	20	0	1
9833	104	0	1
9836	28	0	1
9837	31	0	1
9839	92	0	1
984	173	0	1
9840	15	371	0
9841	156	0	1
9842	53	0	1
9843	5	1642	0
9844	36	0	1
9846	120	0	1
9847	90	0	1
9848	2	1977	0
9849	51	0	1
9851	157	0	1
9852	68	0	1
9853	36	0	1
9854	106	0	1
9855	85	0	1
9856	3	1852	0
9857	148	0	1
9858	12	391	0
9859	309	0	1
9860	61	0	1
9861	293	0	1
9862	112	0	1
9863	30	0	1
9865	1	6582	0
9866	201	0	1
9867	146	0	1
9868	135	0	1
9869	205	0	1
987	172	0	1
9870	26	0	1
9871	55	0	1
9873	61	0	1
9874	59	0	1
9875	132	0	1
9877	210	0	1
9878	141	0	1
9879	220	0	1
988	829	0	1
9880	32	0	1
9881	6	485	0
9882	124	0	1
9883	147	0	1
9884	1	1914	0
9885	30	0	1
9886	150	0	1
9887	319	0	1
9889	32	0	1
989	210	0	1
9890	12	416	0
9891	92	0	1
9892	50	0	1
9894	130	0	1
9895	16	0	1
9896	24	0	1
9897	89	0	1
9898	295	0	1
9899	8	374	0
990	111	0	1
9900	72	0	1
9901	44	0	1
9902	64	0	1
9903	45	0	1
9904	215	0	1
9905	27	0	1
9906	7	918	0
9907	33	0	1
9908	503	0	1
9909	12	310	0
991	225	0	1
9910	120	0	1
9911	44	0	1
9912	36	0	1
9913	68	0	1
9914	1	2313	0
9915	83	0	1
9917	59	0	1
9918	208	0	1
9919	424	0	1
9920	6	643	0
9921	427	0	1
9922	91	0	1
9923	23	0	1
9924	392	0	1
9925	52	0	1
9926	69	0	1
9927	138	0	1
9928	1809	0	1
9929	56	0	1
993	119	0	1
9931	255	0	1
9933	248	0	1
9934	4	854	0
9935	243	0	1
9936	11	700	0
9937	20	0	1
9938	49	0	1
9939	448	0	1
994	114	0	1
9940	6	852	0
9941	49	0	1
9942	12	318	0
9943	147	0	1
9945	63	0	1
9946	24	0	1
9947	17	0	1
9948	202	0	1
9949	32	0	1
995	149	0	1
9950	214	0	1
9951	12	998	0
9953	7	1168	0
9955	3	1990	0
9956	16	0	1
9957	37	0	1
9958	484	0	1
9959	1	5917	0
996	231	0	1
9960	63	0	1
9961	165	0	1
9962	20	0	1
9963	24	0	1
9965	3	2850	0
9966	2	4218	0
9967	431	0	1
9968	169	0	1
9969	82	0	1
997	320	0	1
9970	40	0	1
9971	29	0	1
9972	212	0	1
9973	41	0	1
9975	60	0	1
9976	146	0	1
9978	551	0	1
998	1280	0	1
9980	43	0	1
9982	253	0	1
9984	183	0	1
9985	38	0	1
9986	9	442	0
9987	366	0	1
9988	6	658	0
9989	74	0	1
999	718	0	1
9990	119	0	1
9991	185	0	1
9992	5	2673	0
9993	178	0	1
9994	47	0	1
9997	131	0	1
