protein	degree	n_eligible	excluded
9606.ENSP00000000412	2	1892	0
9606.ENSP00000001008	9	0	1
9606.ENSP00000001146	2	1894	0
9606.ENSP00000002165	1	3186	0
9606.ENSP00000002829	4	0	1
9606.ENSP00000003084	8	0	1
9606.ENSP00000003302	6	0	1
9606.ENSP00000004982	1	3165	0
9606.ENSP00000005226	5	0	1
9606.ENSP00000005257	5	0	1
9606.ENSP00000005284	12	0	1
9606.ENSP00000005340	27	0	1
9606.ENSP00000005386	12	0	1
9606.ENSP00000005587	3	0	1
9606.ENSP00000006053	11	0	1
9606.ENSP00000006275	11	0	1
9606.ENSP00000008527	8	0	1
9606.ENSP00000008938	1	3144	0
9606.ENSP00000009041	1	3183	0
9606.ENSP00000009530	18	0	1
9606.ENSP00000011292	2	1894	0
9606.ENSP00000011619	3	0	1
9606.ENSP00000011653	34	0	1
9606.ENSP00000012443	18	0	1
9606.ENSP00000013807	28	0	1
9606.ENSP00000016171	3	0	1
9606.ENSP00000017003	1	3186	0
9606.ENSP00000019103	4	0	1
9606.ENSP00000020945	1	3153	0
9606.ENSP00000023064	2	1889	0
9606.ENSP00000025008	13	0	1
9606.ENSP00000026218	6	0	1
9606.ENSP00000027335	9	0	1
9606.ENSP00000037243	21	0	1
9606.ENSP00000037502	1	3186	0
9606.ENSP00000043402	7	0	1
9606.ENSP00000044462	41	0	1
9606.ENSP00000046794	24	0	1
9606.ENSP00000052754	16	0	1
9606.ENSP00000053243	2	1892	0
9606.ENSP00000053468	62	0	1
9606.ENSP00000053469	2	1894	0
9606.ENSP00000054666	22	0	1
9606.ENSP00000054668	1	3186	0
9606.ENSP00000055077	12	0	1
9606.ENSP00000055335	8	0	1
9606.ENSP00000064724	1	3146	0
9606.ENSP00000070846	4	0	1
9606.ENSP00000074304	1	3186	0
9606.ENSP00000078429	3	0	1
9606.ENSP00000078445	10	0	1
9606.ENSP00000080059	4	0	1
9606.ENSP00000081029	58	0	1
9606.ENSP00000083182	16	0	1
9606.ENSP00000085219	3	0	1
9606.ENSP00000155840	23	0	1
9606.ENSP00000156084	4	0	1
9606.ENSP00000156109	9	0	1
9606.ENSP00000156471	40	0	1
9606.ENSP00000157600	1	3186	0
9606.ENSP00000157812	37	0	1
9606.ENSP00000158771	10	0	1
9606.ENSP00000159060	9	0	1
9606.ENSP00000160262	6	0	1
9606.ENSP00000160373	2	1885	0
9606.ENSP00000160382	15	0	1
9606.ENSP00000161559	1	3173	0
9606.ENSP00000161863	1	3185	0
9606.ENSP00000162749	23	0	1
9606.ENSP00000163416	1	3187	0
9606.ENSP00000164133	4	0	1
9606.ENSP00000164139	3	0	1
9606.ENSP00000164227	3	0	1
9606.ENSP00000165524	1	3186	0
9606.ENSP00000166139	2	1886	0
9606.ENSP00000166244	2	1894	0
9606.ENSP00000166345	5	0	1
9606.ENSP00000167106	2	1887	0
9606.ENSP00000167586	1	3186	0
9606.ENSP00000168216	17	0	1
9606.ENSP00000168712	6	0	1
9606.ENSP00000169298	1	3186	0
9606.ENSP00000169551	5	0	1
9606.ENSP00000170168	2	1894	0
9606.ENSP00000172229	22	0	1
9606.ENSP00000173229	8	0	1
9606.ENSP00000173898	2	1887	0
9606.ENSP00000175091	2	1894	0
9606.ENSP00000176183	1	3157	0
9606.ENSP00000176195	1	3160	0
9606.ENSP00000177694	1	3170	0
9606.ENSP00000177742	36	0	1
9606.ENSP00000178640	3	0	1
9606.ENSP00000179259	3	0	1
9606.ENSP00000180166	6	0	1
9606.ENSP00000180173	1	3187	0
9606.ENSP00000181383	1	3186	0
9606.ENSP00000181839	1	3187	0
9606.ENSP00000184266	46	0	1
9606.ENSP00000185150	2	1891	0
9606.ENSP00000185206	3	0	1
9606.ENSP00000188312	4	0	1
9606.ENSP00000193322	1	3186	0
9606.ENSP00000194214	15	0	1
9606.ENSP00000194530	4	0	1
9606.ENSP00000196061	2	1894	0
9606.ENSP00000196371	2	1894	0
9606.ENSP00000198536	3	0	1
9606.ENSP00000198767	15	0	1
9606.ENSP00000198801	2	1893	0
9606.ENSP00000199320	3	0	1
9606.ENSP00000199708	2	1894	0
9606.ENSP00000199764	1	3186	0
9606.ENSP00000199814	42	0	1
9606.ENSP00000199936	8	0	1
9606.ENSP00000200135	5	0	1
9606.ENSP00000200181	6	0	1
9606.ENSP00000200453	6	0	1
9606.ENSP00000201031	2	1873	0
9606.ENSP00000202017	6	0	1
9606.ENSP00000202556	2	1841	0
9606.ENSP00000202677	1	3186	0
9606.ENSP00000203001	1	3186	0
9606.ENSP00000203407	34	0	1
9606.ENSP00000203629	9	0	1
9606.ENSP00000203664	4	0	1
9606.ENSP00000204549	3	0	1
9606.ENSP00000204604	2	1892	0
9606.ENSP00000204679	1	3186	0
9606.ENSP00000204961	11	0	1
9606.ENSP00000205061	2	1879	0
9606.ENSP00000205143	6	0	1
9606.ENSP00000205402	15	0	1
9606.ENSP00000205948	1	3153	0
9606.ENSP00000206474	7	0	1
9606.ENSP00000206542	4	0	1
9606.ENSP00000206765	1	3186	0
9606.ENSP00000207549	1	3183	0
9606.ENSP00000209668	2	1894	0
9606.ENSP00000209728	18	0	1
9606.ENSP00000209873	17	0	1
9606.ENSP00000209875	21	0	1
9606.ENSP00000209884	26	0	1
9606.ENSP00000210187	1	3181	0
9606.ENSP00000210313	17	0	1
9606.ENSP00000210444	1	3186	0
9606.ENSP00000211076	2	1891	0
9606.ENSP00000211287	3	0	1
9606.ENSP00000211998	37	0	1
9606.ENSP00000212015	19	0	1
9606.ENSP00000212355	4	0	1
9606.ENSP00000215071	35	0	1
9606.ENSP00000215095	5	0	1
9606.ENSP00000215368	6	0	1
9606.ENSP00000215375	23	0	1
9606.ENSP00000215530	7	0	1
9606.ENSP00000215565	49	0	1
9606.ENSP00000215567	11	0	1
9606.ENSP00000215570	4	0	1
9606.ENSP00000215574	8	0	1
9606.ENSP00000215631	4	0	1
9606.ENSP00000215637	6	0	1
9606.ENSP00000215659	4	0	1
9606.ENSP00000215727	1	3183	0
9606.ENSP00000215730	18	0	1
9606.ENSP00000215754	3	0	1
9606.ENSP00000215781	3	0	1
9606.ENSP00000215793	59	0	1
9606.ENSP00000215794	1	3183	0
9606.ENSP00000215829	106	0	1
9606.ENSP00000215832	12	0	1
9606.ENSP00000215838	1	3186	0
9606.ENSP00000215904	2	1894	0
9606.ENSP00000215957	1	3185	0
9606.ENSP00000215980	16	0	1
9606.ENSP00000216024	2	1879	0
9606.ENSP00000216027	1	3169	0
9606.ENSP00000216034	7	0	1
9606.ENSP00000216037	2	1867	0
9606.ENSP00000216038	5	0	1
9606.ENSP00000216044	2	1894	0
9606.ENSP00000216106	7	0	1
9606.ENSP00000216115	4	0	1
9606.ENSP00000216117	1	3186	0
9606.ENSP00000216122	22	0	1
9606.ENSP00000216124	2	1894	0
9606.ENSP00000216133	46	0	1
9606.ENSP00000216160	8	0	1
9606.ENSP00000216180	8	0	1
9606.ENSP00000216181	20	0	1
9606.ENSP00000216185	3	0	1
9606.ENSP00000216190	27	0	1
9606.ENSP00000216211	3	0	1
9606.ENSP00000216218	4	0	1
9606.ENSP00000216223	9	0	1
9606.ENSP00000216225	112	0	1
9606.ENSP00000216237	5	0	1
9606.ENSP00000216252	61	0	1
9606.ENSP00000216254	1	3186	0
9606.ENSP00000216259	1	3186	0
9606.ENSP00000216274	7	0	1
9606.ENSP00000216277	9	0	1
9606.ENSP00000216286	1	3172	0
9606.ENSP00000216294	6	0	1
9606.ENSP00000216297	35	0	1
9606.ENSP00000216330	1	3184	0
9606.ENSP00000216336	6	0	1
9606.ENSP00000216341	4	0	1
9606.ENSP00000216366	16	0	1
9606.ENSP00000216367	23	0	1
9606.ENSP00000216373	3	0	1
9606.ENSP00000216392	3	0	1
9606.ENSP00000216410	1	3186	0
9606.ENSP00000216416	1	3185	0
9606.ENSP00000216442	28	0	1
9606.ENSP00000216452	6	0	1
9606.ENSP00000216455	39	0	1
9606.ENSP00000216479	2	1860	0
9606.ENSP00000216484	7	0	1
9606.ENSP00000216487	2	1883	0
9606.ENSP00000216540	1	3103	0
9606.ENSP00000216554	18	0	1
9606.ENSP00000216629	3	0	1
9606.ENSP00000216639	11	0	1
9606.ENSP00000216714	9	0	1
9606.ENSP00000216727	6	0	1
9606.ENSP00000216780	1	3186	0
9606.ENSP00000216797	18	0	1
9606.ENSP00000216802	16	0	1
9606.ENSP00000216807	6	0	1
9606.ENSP00000216832	2	1885	0
9606.ENSP00000216911	9	0	1
9606.ENSP00000216962	3	0	1
9606.ENSP00000216968	2	1887	0
9606.ENSP00000217026	6	0	1
9606.ENSP00000217086	4	0	1
9606.ENSP00000217109	5	0	1
9606.ENSP00000217133	9	0	1
9606.ENSP00000217169	5	0	1
9606.ENSP00000217182	5	0	1
9606.ENSP00000217244	7	0	1
9606.ENSP00000217260	1	3187	0
9606.ENSP00000217270	2	1894	0
9606.ENSP00000217381	5	0	1
9606.ENSP00000217386	2	1893	0
9606.ENSP00000217402	26	0	1
9606.ENSP00000217407	1	3166	0
9606.ENSP00000217420	6	0	1
9606.ENSP00000217426	2	1894	0
9606.ENSP00000217446	4	0	1
9606.ENSP00000217455	1	3186	0
9606.ENSP00000217515	1	3184	0
9606.ENSP00000217740	2	1886	0
9606.ENSP00000217901	4	0	1
9606.ENSP00000217958	19	0	1
9606.ENSP00000217971	3	0	1
9606.ENSP00000218004	5	0	1
9606.ENSP00000218006	1	3186	0
9606.ENSP00000218008	10	0	1
9606.ENSP00000218089	13	0	1
9606.ENSP00000218099	4	0	1
9606.ENSP00000218104	2	1894	0
9606.ENSP00000218316	2	1883	0
9606.ENSP00000218340	1	3186	0
9606.ENSP00000218348	1	3163	0
9606.ENSP00000218388	7	0	1
9606.ENSP00000218516	1	3186	0
9606.ENSP00000218548	2	1894	0
9606.ENSP00000218721	1	3186	0
9606.ENSP00000218758	1	3184	0
9606.ENSP00000218867	4	0	1
9606.ENSP00000219066	1	3184	0
9606.ENSP00000219070	8	0	1
9606.ENSP00000219097	9	0	1
9606.ENSP00000219169	2	1888	0
9606.ENSP00000219197	2	1891	0
9606.ENSP00000219204	1	3186	0
9606.ENSP00000219235	11	0	1
9606.ENSP00000219244	10	0	1
9606.ENSP00000219252	57	0	1
9606.ENSP00000219255	11	0	1
9606.ENSP00000219302	9	0	1
9606.ENSP00000219313	34	0	1
9606.ENSP00000219315	1	3146	0
9606.ENSP00000219334	6	0	1
9606.ENSP00000219345	4	0	1
9606.ENSP00000219409	4	0	1
9606.ENSP00000219476	4	0	1
9606.ENSP00000219479	9	0	1
9606.ENSP00000219548	11	0	1
9606.ENSP00000219596	7	0	1
9606.ENSP00000219905	26	0	1
9606.ENSP00000220003	4	0	1
9606.ENSP00000220166	1	3186	0
9606.ENSP00000220429	8	0	1
9606.ENSP00000220509	8	0	1
9606.ENSP00000220514	2	1894	0
9606.ENSP00000220562	2	1892	0
9606.ENSP00000220592	48	0	1
9606.ENSP00000220597	1	3185	0
9606.ENSP00000220616	3	0	1
9606.ENSP00000220659	2	1890	0
9606.ENSP00000220751	7	0	1
9606.ENSP00000220809	7	0	1
9606.ENSP00000220812	5	0	1
9606.ENSP00000220849	24	0	1
9606.ENSP00000220853	9	0	1
9606.ENSP00000220913	18	0	1
9606.ENSP00000220966	5	0	1
9606.ENSP00000221086	3	0	1
9606.ENSP00000221114	13	0	1
9606.ENSP00000221130	9	0	1
9606.ENSP00000221132	9	0	1
9606.ENSP00000221138	16	0	1
9606.ENSP00000221166	4	0	1
9606.ENSP00000221233	17	0	1
9606.ENSP00000221265	42	0	1
9606.ENSP00000221307	1	3186	0
9606.ENSP00000221403	1	3186	0
9606.ENSP00000221419	4	0	1
9606.ENSP00000221452	5	0	1
9606.ENSP00000221459	1	3187	0
9606.ENSP00000221476	1	3186	0
9606.ENSP00000221480	2	1894	0
9606.ENSP00000221485	6	0	1
9606.ENSP00000221486	2	1888	0
9606.ENSP00000221494	70	0	1
9606.ENSP00000221496	1	3185	0
9606.ENSP00000221515	2	1861	0
9606.ENSP00000221543	2	1892	0
9606.ENSP00000221566	6	0	1
9606.ENSP00000221573	4	0	1
9606.ENSP00000221700	1	3186	0
9606.ENSP00000221742	1	3186	0
9606.ENSP00000221801	46	0	1
9606.ENSP00000221804	3	0	1
9606.ENSP00000221847	5	0	1
9606.ENSP00000221859	47	0	1
9606.ENSP00000221922	8	0	1
9606.ENSP00000221930	19	0	1
9606.ENSP00000221957	2	1873	0
9606.ENSP00000221972	8	0	1
9606.ENSP00000221980	1	3168	0
9606.ENSP00000222005	23	0	1
9606.ENSP00000222139	8	0	1
9606.ENSP00000222145	1	3183	0
9606.ENSP00000222219	1	3186	0
9606.ENSP00000222247	92	0	1
9606.ENSP00000222254	18	0	1
9606.ENSP00000222256	4	0	1
9606.ENSP00000222271	1	3123	0
9606.ENSP00000222286	1	3164	0
9606.ENSP00000222305	1	3186	0
9606.ENSP00000222330	8	0	1
9606.ENSP00000222381	3	0	1
9606.ENSP00000222390	6	0	1
9606.ENSP00000222399	7	0	1
9606.ENSP00000222402	2	1881	0
9606.ENSP00000222481	2	1894	0
9606.ENSP00000222482	1	3186	0
9606.ENSP00000222511	2	1893	0
9606.ENSP00000222547	9	0	1
9606.ENSP00000222567	13	0	1
9606.ENSP00000222573	18	0	1
9606.ENSP00000222574	1	3166	0
9606.ENSP00000222693	3	0	1
9606.ENSP00000222725	2	1894	0
9606.ENSP00000222726	2	1892	0
9606.ENSP00000222747	2	1888	0
9606.ENSP00000222812	21	0	1
9606.ENSP00000222823	7	0	1
9606.ENSP00000222982	3	0	1
9606.ENSP00000223023	29	0	1
9606.ENSP00000223029	10	0	1
9606.ENSP00000223061	2	1893	0
9606.ENSP00000223095	6	0	1
9606.ENSP00000223114	4	0	1
9606.ENSP00000223127	4	0	1
9606.ENSP00000223129	15	0	1
9606.ENSP00000223136	6	0	1
9606.ENSP00000223321	42	0	1
9606.ENSP00000223324	58	0	1
9606.ENSP00000223366	9	0	1
9606.ENSP00000223369	10	0	1
9606.ENSP00000223500	11	0	1
9606.ENSP00000223641	16	0	1
9606.ENSP00000223642	12	0	1
9606.ENSP00000223795	1	3187	0
9606.ENSP00000223862	4	0	1
9606.ENSP00000223864	1	3169	0
9606.ENSP00000224073	5	0	1
9606.ENSP00000224140	2	1876	0
9606.ENSP00000224337	14	0	1
9606.ENSP00000224356	2	1894	0
9606.ENSP00000224721	3	0	1
9606.ENSP00000224784	11	0	1
9606.ENSP00000224950	8	0	1
9606.ENSP00000225174	21	0	1
9606.ENSP00000225275	8	0	1
9606.ENSP00000225296	10	0	1
9606.ENSP00000225298	53	0	1
9606.ENSP00000225328	10	0	1
9606.ENSP00000225371	2	1893	0
9606.ENSP00000225388	1	3182	0
9606.ENSP00000225430	94	0	1
9606.ENSP00000225474	15	0	1
9606.ENSP00000225504	47	0	1
9606.ENSP00000225512	4	0	1
9606.ENSP00000225538	9	0	1
9606.ENSP00000225577	3	0	1
9606.ENSP00000225655	10	0	1
9606.ENSP00000225688	1	3186	0
9606.ENSP00000225698	4	0	1
9606.ENSP00000225724	5	0	1
9606.ENSP00000225726	1	3186	0
9606.ENSP00000225728	42	0	1
9606.ENSP00000225729	1	3186	0
9606.ENSP00000225737	2	1893	0
9606.ENSP00000225792	9	0	1
9606.ENSP00000225823	1	3186	0
9606.ENSP00000225831	17	0	1
9606.ENSP00000225842	4	0	1
9606.ENSP00000225844	4	0	1
9606.ENSP00000225916	37	0	1
9606.ENSP00000225929	7	0	1
9606.ENSP00000225941	7	0	1
9606.ENSP00000225964	5	0	1
9606.ENSP00000225969	64	0	1
9606.ENSP00000225983	3	0	1
9606.ENSP00000226004	4	0	1
9606.ENSP00000226021	1	3183	0
9606.ENSP00000226091	10	0	1
9606.ENSP00000226193	1	3185	0
9606.ENSP00000226207	8	0	1
9606.ENSP00000226218	16	0	1
9606.ENSP00000226225	27	0	1
9606.ENSP00000226230	1	3184	0
9606.ENSP00000226279	3	0	1
9606.ENSP00000226284	1	3178	0
9606.ENSP00000226299	1	3181	0
9606.ENSP00000226317	3	0	1
9606.ENSP00000226319	4	0	1
9606.ENSP00000226413	1	3186	0
9606.ENSP00000226444	1	3164	0
9606.ENSP00000226524	6	0	1
9606.ENSP00000226574	19	0	1
9606.ENSP00000226730	19	0	1
9606.ENSP00000226796	8	0	1
9606.ENSP00000226798	2	1886	0
9606.ENSP00000227155	6	0	1
9606.ENSP00000227163	10	0	1
9606.ENSP00000227348	2	1893	0
9606.ENSP00000227451	1	3184	0
9606.ENSP00000227471	2	1890	0
9606.ENSP00000227507	13	0	1
9606.ENSP00000227524	60	0	1
9606.ENSP00000227638	1	3186	0
9606.ENSP00000227667	8	0	1
9606.ENSP00000227752	5	0	1
9606.ENSP00000227868	5	0	1
9606.ENSP00000228027	3	0	1
9606.ENSP00000228251	3	0	1
9606.ENSP00000228318	4	0	1
9606.ENSP00000228347	17	0	1
9606.ENSP00000228434	1	3157	0
9606.ENSP00000228437	1	3170	0
9606.ENSP00000228438	1	3186	0
9606.ENSP00000228463	7	0	1
9606.ENSP00000228468	1	3186	0
9606.ENSP00000228476	2	1892	0
9606.ENSP00000228495	4	0	1
9606.ENSP00000228506	8	0	1
9606.ENSP00000228534	3	0	1
9606.ENSP00000228682	5	0	1
9606.ENSP00000228799	4	0	1
9606.ENSP00000228825	13	0	1
9606.ENSP00000228837	6	0	1
9606.ENSP00000228841	5	0	1
9606.ENSP00000228843	2	1888	0
9606.ENSP00000228872	52	0	1
9606.ENSP00000228918	6	0	1
9606.ENSP00000228928	2	1894	0
9606.ENSP00000228945	5	0	1
9606.ENSP00000229030	4	0	1
9606.ENSP00000229134	1	3186	0
9606.ENSP00000229135	4	0	1
9606.ENSP00000229179	24	0	1
9606.ENSP00000229195	13	0	1
9606.ENSP00000229214	55	0	1
9606.ENSP00000229238	26	0	1
9606.ENSP00000229264	9	0	1
9606.ENSP00000229266	1	3186	0
9606.ENSP00000229268	4	0	1
9606.ENSP00000229270	2	1890	0
9606.ENSP00000229304	1	3186	0
9606.ENSP00000229307	9	0	1
9606.ENSP00000229330	1	3169	0
9606.ENSP00000229340	4	0	1
9606.ENSP00000229379	16	0	1
9606.ENSP00000229390	4	0	1
9606.ENSP00000229402	2	1888	0
9606.ENSP00000229595	37	0	1
9606.ENSP00000229708	3	0	1
9606.ENSP00000229758	15	0	1
9606.ENSP00000229769	16	0	1
9606.ENSP00000229795	7	0	1
9606.ENSP00000229829	15	0	1
9606.ENSP00000230050	89	0	1
9606.ENSP00000230053	1	3186	0
9606.ENSP00000230056	3	0	1
9606.ENSP00000230085	4	0	1
9606.ENSP00000230124	2	1894	0
9606.ENSP00000230340	74	0	1
9606.ENSP00000230354	63	0	1
9606.ENSP00000230361	2	1894	0
9606.ENSP00000230381	1	3186	0
9606.ENSP00000230449	11	0	1
9606.ENSP00000230461	8	0	1
9606.ENSP00000230538	4	0	1
9606.ENSP00000230588	7	0	1
9606.ENSP00000230640	26	0	1
9606.ENSP00000230658	4	0	1
9606.ENSP00000230792	4	0	1
9606.ENSP00000230990	7	0	1
9606.ENSP00000231009	1	3186	0
9606.ENSP00000231061	3	0	1
9606.ENSP00000231228	5	0	1
9606.ENSP00000231238	1	3144	0
9606.ENSP00000231368	1	3186	0
9606.ENSP00000231420	6	0	1
9606.ENSP00000231449	12	0	1
9606.ENSP00000231454	7	0	1
9606.ENSP00000231487	57	0	1
9606.ENSP00000231498	25	0	1
9606.ENSP00000231509	11	0	1
9606.ENSP00000231524	5	0	1
9606.ENSP00000231572	12	0	1
9606.ENSP00000231668	4	0	1
9606.ENSP00000231751	10	0	1
9606.ENSP00000231790	9	0	1
9606.ENSP00000231887	6	0	1
9606.ENSP00000231948	34	0	1
9606.ENSP00000232003	1	3169	0
9606.ENSP00000232424	7	0	1
9606.ENSP00000232461	4	0	1
9606.ENSP00000232501	9	0	1
9606.ENSP00000232564	12	0	1
9606.ENSP00000232888	60	0	1
9606.ENSP00000232905	3	0	1
9606.ENSP00000232975	9	0	1
9606.ENSP00000233025	4	0	1
9606.ENSP00000233057	2	1859	0
9606.ENSP00000233078	3	0	1
9606.ENSP00000233121	6	0	1
9606.ENSP00000233146	31	0	1
9606.ENSP00000233154	12	0	1
9606.ENSP00000233156	2	1891	0
9606.ENSP00000233202	1	3186	0
9606.ENSP00000233242	11	0	1
9606.ENSP00000233331	19	0	1
9606.ENSP00000233336	4	0	1
9606.ENSP00000233468	31	0	1
9606.ENSP00000233575	3	0	1
9606.ENSP00000233627	47	0	1
9606.ENSP00000233630	33	0	1
9606.ENSP00000233668	2	1884	0
9606.ENSP00000233710	6	0	1
9606.ENSP00000233809	3	0	1
9606.ENSP00000233813	5	0	1
9606.ENSP00000233826	4	0	1
9606.ENSP00000233893	1	3177	0
9606.ENSP00000233954	4	0	1
9606.ENSP00000234038	2	1891	0
9606.ENSP00000234071	5	0	1
9606.ENSP00000234111	3	0	1
9606.ENSP00000234160	1	3186	0
9606.ENSP00000234170	1	3186	0
9606.ENSP00000234256	1	3158	0
9606.ENSP00000234296	16	0	1
9606.ENSP00000234310	20	0	1
9606.ENSP00000234347	6	0	1
9606.ENSP00000234371	1	3186	0
9606.ENSP00000234389	7	0	1
9606.ENSP00000234396	24	0	1
9606.ENSP00000234420	31	0	1
9606.ENSP00000234453	1	3182	0
9606.ENSP00000234454	1	3185	0
9606.ENSP00000234701	2	1894	0
9606.ENSP00000234739	10	0	1
9606.ENSP00000234961	2	1862	0
9606.ENSP00000235090	12	0	1
9606.ENSP00000235310	23	0	1
9606.ENSP00000235382	2	1877	0
9606.ENSP00000235521	1	3186	0
9606.ENSP00000235628	11	0	1
9606.ENSP00000235835	1	3186	0
9606.ENSP00000236040	2	1888	0
9606.ENSP00000236137	1	3186	0
9606.ENSP00000236192	7	0	1
9606.ENSP00000236273	37	0	1
9606.ENSP00000236671	1	3186	0
9606.ENSP00000236850	23	0	1
9606.ENSP00000236877	2	1894	0
9606.ENSP00000236959	3	0	1
9606.ENSP00000237014	1	3186	0
9606.ENSP00000237172	1	3160	0
9606.ENSP00000237264	2	1890	0
9606.ENSP00000237283	1	3186	0
9606.ENSP00000237380	34	0	1
9606.ENSP00000237530	17	0	1
9606.ENSP00000237596	3	0	1
9606.ENSP00000237642	1	3177	0
9606.ENSP00000237837	4	0	1
9606.ENSP00000237853	33	0	1
9606.ENSP00000238112	15	0	1
9606.ENSP00000238497	9	0	1
9606.ENSP00000238616	4	0	1
9606.ENSP00000238628	6	0	1
9606.ENSP00000238651	10	0	1
9606.ENSP00000238682	6	0	1
9606.ENSP00000238714	6	0	1
9606.ENSP00000238721	1	3186	0
9606.ENSP00000238738	4	0	1
9606.ENSP00000238823	1	3186	0
9606.ENSP00000238855	21	0	1
9606.ENSP00000238892	8	0	1
9606.ENSP00000238994	11	0	1
9606.ENSP00000239032	1	3186	0
9606.ENSP00000239165	5	0	1
9606.ENSP00000239223	1	3186	0
9606.ENSP00000239231	2	1894	0
9606.ENSP00000239243	1	3186	0
9606.ENSP00000239666	2	1892	0
9606.ENSP00000239926	1	3180	0
9606.ENSP00000239938	2	1892	0
9606.ENSP00000240055	3	0	1
9606.ENSP00000240079	7	0	1
9606.ENSP00000240093	5	0	1
9606.ENSP00000240123	2	1857	0
9606.ENSP00000240185	9	0	1
9606.ENSP00000240285	2	1894	0
9606.ENSP00000240361	1	3185	0
9606.ENSP00000240423	5	0	1
9606.ENSP00000240488	1	3186	0
9606.ENSP00000240618	13	0	1
9606.ENSP00000240652	8	0	1
9606.ENSP00000240851	3	0	1
9606.ENSP00000240922	5	0	1
9606.ENSP00000241014	8	0	1
9606.ENSP00000241052	2	1894	0
9606.ENSP00000241125	4	0	1
9606.ENSP00000241256	3	0	1
9606.ENSP00000241261	7	0	1
9606.ENSP00000241337	1	3186	0
9606.ENSP00000241356	1	3166	0
9606.ENSP00000241416	18	0	1
9606.ENSP00000241436	1	3174	0
9606.ENSP00000241453	2	1863	0
9606.ENSP00000241502	4	0	1
9606.ENSP00000241651	1	3182	0
9606.ENSP00000242057	5	0	1
9606.ENSP00000242067	8	0	1
9606.ENSP00000242140	3	0	1
9606.ENSP00000242159	1	3185	0
9606.ENSP00000242208	7	0	1
9606.ENSP00000242249	8	0	1
9606.ENSP00000242261	3	0	1
9606.ENSP00000242285	14	0	1
9606.ENSP00000242351	1	3180	0
9606.ENSP00000242465	3	0	1
9606.ENSP00000242480	5	0	1
9606.ENSP00000242576	3	0	1
9606.ENSP00000242591	14	0	1
9606.ENSP00000242592	6	0	1
9606.ENSP00000242719	3	0	1
9606.ENSP00000242728	2	1892	0
9606.ENSP00000242729	5	0	1
9606.ENSP00000242776	2	1891	0
9606.ENSP00000242786	2	1882	0
9606.ENSP00000242839	2	1892	0
9606.ENSP00000242848	8	0	1
9606.ENSP00000243052	2	1894	0
9606.ENSP00000243077	13	0	1
9606.ENSP00000243253	19	0	1
9606.ENSP00000243298	2	1891	0
9606.ENSP00000243344	6	0	1
9606.ENSP00000243346	2	1872	0
9606.ENSP00000243347	2	1867	0
9606.ENSP00000243349	5	0	1
9606.ENSP00000243389	2	1893	0
9606.ENSP00000243440	2	1893	0
9606.ENSP00000243457	9	0	1
9606.ENSP00000243563	39	0	1
9606.ENSP00000243578	10	0	1
9606.ENSP00000243611	1	3187	0
9606.ENSP00000243644	3	0	1
9606.ENSP00000243673	2	1880	0
9606.ENSP00000243706	7	0	1
9606.ENSP00000243776	2	1894	0
9606.ENSP00000243786	1	3187	0
9606.ENSP00000243903	23	0	1
9606.ENSP00000243911	2	1894	0
9606.ENSP00000243924	1	3154	0
9606.ENSP00000243997	16	0	1
9606.ENSP00000244007	33	0	1
9606.ENSP00000244020	5	0	1
9606.ENSP00000244040	1	3186	0
9606.ENSP00000244050	11	0	1
9606.ENSP00000244051	1	3186	0
9606.ENSP00000244174	3	0	1
9606.ENSP00000244227	29	0	1
9606.ENSP00000244230	61	0	1
9606.ENSP00000244241	1	3185	0
9606.ENSP00000244289	2	1893	0
9606.ENSP00000244336	1	3186	0
9606.ENSP00000244513	1	3182	0
9606.ENSP00000244519	1	3182	0
9606.ENSP00000244520	19	0	1
9606.ENSP00000244537	147	0	1
9606.ENSP00000244571	1	3186	0
9606.ENSP00000244573	3	0	1
9606.ENSP00000244709	2	1882	0
9606.ENSP00000244763	8	0	1
9606.ENSP00000244769	4	0	1
9606.ENSP00000244869	4	0	1
9606.ENSP00000245046	9	0	1
9606.ENSP00000245157	7	0	1
9606.ENSP00000245206	6	0	1
9606.ENSP00000245255	3	0	1
9606.ENSP00000245414	6	0	1
9606.ENSP00000245451	9	0	1
9606.ENSP00000245457	1	3186	0
9606.ENSP00000245479	4	0	1
9606.ENSP00000245539	55	0	1
9606.ENSP00000245543	37	0	1
9606.ENSP00000245544	26	0	1
9606.ENSP00000245552	11	0	1
9606.ENSP00000245615	3	0	1
9606.ENSP00000245620	2	1874	0
9606.ENSP00000245787	4	0	1
9606.ENSP00000245810	5	0	1
9606.ENSP00000245816	1	3186	0
9606.ENSP00000245817	4	0	1
9606.ENSP00000245838	11	0	1
9606.ENSP00000245907	26	0	1
9606.ENSP00000245908	5	0	1
9606.ENSP00000245919	9	0	1
9606.ENSP00000245932	17	0	1
9606.ENSP00000245934	18	0	1
9606.ENSP00000245960	9	0	1
9606.ENSP00000245983	1	3186	0
9606.ENSP00000246062	6	0	1
9606.ENSP00000246071	75	0	1
9606.ENSP00000246112	3	0	1
9606.ENSP00000246115	1	3157	0
9606.ENSP00000246166	1	3186	0
9606.ENSP00000246515	1	3186	0
9606.ENSP00000246548	5	0	1
9606.ENSP00000246551	2	1857	0
9606.ENSP00000246657	12	0	1
9606.ENSP00000246672	2	1884	0
9606.ENSP00000246747	2	1892	0
9606.ENSP00000246792	3	0	1
9606.ENSP00000246802	2	1894	0
9606.ENSP00000246868	1	3186	0
9606.ENSP00000246891	1	3186	0
9606.ENSP00000246912	2	1894	0
9606.ENSP00000246957	1	3186	0
9606.ENSP00000247001	1	3180	0
9606.ENSP00000247003	3	0	1
9606.ENSP00000247005	1	3186	0
9606.ENSP00000247020	1	3185	0
9606.ENSP00000247153	4	0	1
9606.ENSP00000247178	11	0	1
9606.ENSP00000247219	3	0	1
9606.ENSP00000247225	5	0	1
9606.ENSP00000247271	1	3182	0
9606.ENSP00000247461	4	0	1
9606.ENSP00000247470	14	0	1
9606.ENSP00000247668	33	0	1
9606.ENSP00000247843	22	0	1
9606.ENSP00000247970	3	0	1
9606.ENSP00000247986	1	3180	0
9606.ENSP00000248071	2	1869	0
9606.ENSP00000248076	2	1891	0
9606.ENSP00000248114	2	1894	0
9606.ENSP00000248121	1	3181	0
9606.ENSP00000248150	7	0	1
9606.ENSP00000248244	8	0	1
9606.ENSP00000248248	3	0	1
9606.ENSP00000248342	17	0	1
9606.ENSP00000248437	12	0	1
9606.ENSP00000248553	7	0	1
9606.ENSP00000248564	4	0	1
9606.ENSP00000248572	10	0	1
9606.ENSP00000248594	1	3187	0
9606.ENSP00000248633	1	3186	0
9606.ENSP00000248846	13	0	1
9606.ENSP00000248923	2	1892	0
9606.ENSP00000248958	1	3185	0
9606.ENSP00000248975	8	0	1
9606.ENSP00000249016	2	1894	0
9606.ENSP00000249041	3	0	1
9606.ENSP00000249071	13	0	1
9606.ENSP00000249075	4	0	1
9606.ENSP00000249269	4	0	1
9606.ENSP00000249299	56	0	1
9606.ENSP00000249344	5	0	1
9606.ENSP00000249363	1	3185	0
9606.ENSP00000249373	11	0	1
9606.ENSP00000249396	6	0	1
9606.ENSP00000249442	6	0	1
9606.ENSP00000249647	20	0	1
9606.ENSP00000249749	6	0	1
9606.ENSP00000249750	3	0	1
9606.ENSP00000249776	1	3186	0
9606.ENSP00000249887	8	0	1
9606.ENSP00000249923	8	0	1
9606.ENSP00000250003	6	0	1
9606.ENSP00000250018	1	3186	0
9606.ENSP00000250024	1	3186	0
9606.ENSP00000250092	2	1893	0
9606.ENSP00000250111	9	0	1
9606.ENSP00000250113	5	0	1
9606.ENSP00000250160	1	3163	0
9606.ENSP00000250237	1	3186	0
9606.ENSP00000250263	2	1890	0
9606.ENSP00000250340	1	3176	0
9606.ENSP00000250351	1	3185	0
9606.ENSP00000250378	1	3131	0
9606.ENSP00000250405	8	0	1
9606.ENSP00000250416	5	0	1
9606.ENSP00000250448	5	0	1
9606.ENSP00000250457	5	0	1
9606.ENSP00000250495	25	0	1
9606.ENSP00000250498	12	0	1
9606.ENSP00000250559	7	0	1
9606.ENSP00000250615	1	3162	0
9606.ENSP00000250617	7	0	1
9606.ENSP00000250699	1	3184	0
9606.ENSP00000250784	36	0	1
9606.ENSP00000250863	1	3186	0
9606.ENSP00000250896	1	3185	0
9606.ENSP00000251047	1	3186	0
9606.ENSP00000251102	5	0	1
9606.ENSP00000251127	5	0	1
9606.ENSP00000251143	5	0	1
9606.ENSP00000251157	1	3145	0
9606.ENSP00000251287	3	0	1
9606.ENSP00000251303	6	0	1
9606.ENSP00000251337	3	0	1
9606.ENSP00000251363	9	0	1
9606.ENSP00000251372	2	1874	0
9606.ENSP00000251412	3	0	1
9606.ENSP00000251413	8	0	1
9606.ENSP00000251496	5	0	1
9606.ENSP00000251588	4	0	1
9606.ENSP00000251595	40	0	1
9606.ENSP00000251642	3	0	1
9606.ENSP00000251775	19	0	1
9606.ENSP00000251810	2	1894	0
9606.ENSP00000251864	2	1887	0
9606.ENSP00000251871	44	0	1
9606.ENSP00000251900	40	0	1
9606.ENSP00000251968	33	0	1
9606.ENSP00000252015	27	0	1
9606.ENSP00000252037	1	3109	0
9606.ENSP00000252050	1	3138	0
9606.ENSP00000252071	6	0	1
9606.ENSP00000252102	49	0	1
9606.ENSP00000252229	2	1882	0
9606.ENSP00000252242	1	3186	0
9606.ENSP00000252244	1	3186	0
9606.ENSP00000252268	16	0	1
9606.ENSP00000252321	1	3184	0
9606.ENSP00000252483	11	0	1
9606.ENSP00000252486	24	0	1
9606.ENSP00000252506	3	0	1
9606.ENSP00000252575	4	0	1
9606.ENSP00000252593	2	1892	0
9606.ENSP00000252595	2	1892	0
9606.ENSP00000252599	2	1894	0
9606.ENSP00000252602	42	0	1
9606.ENSP00000252603	1	3186	0
9606.ENSP00000252622	60	0	1
9606.ENSP00000252674	48	0	1
9606.ENSP00000252677	1	3185	0
9606.ENSP00000252699	15	0	1
9606.ENSP00000252711	46	0	1
9606.ENSP00000252723	11	0	1
9606.ENSP00000252729	12	0	1
9606.ENSP00000252804	1	3186	0
9606.ENSP00000252809	2	1894	0
9606.ENSP00000252818	9	0	1
9606.ENSP00000252825	4	0	1
9606.ENSP00000252826	1	3186	0
9606.ENSP00000252891	5	0	1
9606.ENSP00000252939	1	3160	0
9606.ENSP00000252951	4	0	1
9606.ENSP00000252996	68	0	1
9606.ENSP00000252999	5	0	1
9606.ENSP00000253023	6	0	1
9606.ENSP00000253024	18	0	1
9606.ENSP00000253039	27	0	1
9606.ENSP00000253063	4	0	1
9606.ENSP00000253108	23	0	1
9606.ENSP00000253188	1	3180	0
9606.ENSP00000253237	2	1879	0
9606.ENSP00000253247	20	0	1
9606.ENSP00000253363	6	0	1
9606.ENSP00000253382	2	1894	0
9606.ENSP00000253408	1	3178	0
9606.ENSP00000253413	26	0	1
9606.ENSP00000253457	9	0	1
9606.ENSP00000253458	1	3107	0
9606.ENSP00000253462	12	0	1
9606.ENSP00000253496	1	3187	0
9606.ENSP00000253669	7	0	1
9606.ENSP00000253686	40	0	1
9606.ENSP00000253699	5	0	1
9606.ENSP00000253754	6	0	1
9606.ENSP00000253778	3	0	1
9606.ENSP00000253794	21	0	1
9606.ENSP00000253796	9	0	1
9606.ENSP00000253799	3	0	1
9606.ENSP00000253801	8	0	1
9606.ENSP00000253814	1	3186	0
9606.ENSP00000253861	9	0	1
9606.ENSP00000253925	3	0	1
9606.ENSP00000254051	1	3145	0
9606.ENSP00000254066	11	0	1
9606.ENSP00000254101	6	0	1
9606.ENSP00000254108	8	0	1
9606.ENSP00000254190	2	1894	0
9606.ENSP00000254193	82	0	1
9606.ENSP00000254227	4	0	1
9606.ENSP00000254286	13	0	1
9606.ENSP00000254301	13	0	1
9606.ENSP00000254322	9	0	1
9606.ENSP00000254325	1	3156	0
9606.ENSP00000254337	28	0	1
9606.ENSP00000254436	9	0	1
9606.ENSP00000254480	29	0	1
9606.ENSP00000254488	1	3186	0
9606.ENSP00000254508	18	0	1
9606.ENSP00000254521	6	0	1
9606.ENSP00000254605	4	0	1
9606.ENSP00000254616	5	0	1
9606.ENSP00000254630	35	0	1
9606.ENSP00000254657	10	0	1
9606.ENSP00000254661	8	0	1
9606.ENSP00000254691	1	3178	0
9606.ENSP00000254719	24	0	1
9606.ENSP00000254722	1	3169	0
9606.ENSP00000254730	2	1883	0
9606.ENSP00000254759	3	0	1
9606.ENSP00000254803	57	0	1
9606.ENSP00000254810	103	0	1
9606.ENSP00000254846	2	1879	0
9606.ENSP00000254854	1	3186	0
9606.ENSP00000254878	1	3183	0
9606.ENSP00000254900	34	0	1
9606.ENSP00000254928	31	0	1
9606.ENSP00000254940	1	3184	0
9606.ENSP00000254942	10	0	1
9606.ENSP00000254950	8	0	1
9606.ENSP00000254958	6	0	1
9606.ENSP00000254976	25	0	1
9606.ENSP00000254998	6	0	1
9606.ENSP00000255008	2	1868	0
9606.ENSP00000255030	5	0	1
9606.ENSP00000255040	1	3178	0
9606.ENSP00000255108	1	3186	0
9606.ENSP00000255120	32	0	1
9606.ENSP00000255136	1	3184	0
9606.ENSP00000255192	2	1894	0
9606.ENSP00000255194	6	0	1
9606.ENSP00000255262	4	0	1
9606.ENSP00000255266	2	1893	0
9606.ENSP00000255304	1	3173	0
9606.ENSP00000255380	3	0	1
9606.ENSP00000255409	2	1875	0
9606.ENSP00000255416	5	0	1
9606.ENSP00000255465	9	0	1
9606.ENSP00000255476	3	0	1
9606.ENSP00000255499	1	3182	0
9606.ENSP00000255631	8	0	1
9606.ENSP00000255641	5	0	1
9606.ENSP00000255764	43	0	1
9606.ENSP00000255882	6	0	1
9606.ENSP00000256001	7	0	1
9606.ENSP00000256010	4	0	1
9606.ENSP00000256078	14	0	1
9606.ENSP00000256104	1	3185	0
9606.ENSP00000256151	1	3186	0
9606.ENSP00000256190	1	3186	0
9606.ENSP00000256196	2	1888	0
9606.ENSP00000256319	1	3186	0
9606.ENSP00000256339	2	1892	0
9606.ENSP00000256343	3	0	1
9606.ENSP00000256366	1	3186	0
9606.ENSP00000256383	49	0	1
9606.ENSP00000256398	5	0	1
9606.ENSP00000256429	6	0	1
9606.ENSP00000256441	1	3182	0
9606.ENSP00000256442	13	0	1
9606.ENSP00000256443	25	0	1
9606.ENSP00000256447	1	3186	0
9606.ENSP00000256458	6	0	1
9606.ENSP00000256460	3	0	1
9606.ENSP00000256474	17	0	1
9606.ENSP00000256495	1	3186	0
9606.ENSP00000256497	3	0	1
9606.ENSP00000256509	4	0	1
9606.ENSP00000256544	1	3186	0
9606.ENSP00000256545	9	0	1
9606.ENSP00000256592	2	1884	0
9606.ENSP00000256637	5	0	1
9606.ENSP00000256644	11	0	1
9606.ENSP00000256646	8	0	1
9606.ENSP00000256689	1	3186	0
9606.ENSP00000256707	2	1883	0
9606.ENSP00000256722	4	0	1
9606.ENSP00000256759	4	0	1
9606.ENSP00000256785	1	3179	0
9606.ENSP00000256854	1	3186	0
9606.ENSP00000256857	4	0	1
9606.ENSP00000256969	1	3160	0
9606.ENSP00000256996	40	0	1
9606.ENSP00000256999	2	1894	0
9606.ENSP00000257068	3	0	1
9606.ENSP00000257118	50	0	1
9606.ENSP00000257177	1	3186	0
9606.ENSP00000257181	55	0	1
9606.ENSP00000257192	4	0	1
9606.ENSP00000257198	2	1893	0
9606.ENSP00000257215	1	3186	0
9606.ENSP00000257245	8	0	1
9606.ENSP00000257248	1	3178	0
9606.ENSP00000257287	1	3187	0
9606.ENSP00000257290	9	0	1
9606.ENSP00000257347	1	3186	0
9606.ENSP00000257408	5	0	1
9606.ENSP00000257414	2	1891	0
9606.ENSP00000257430	24	0	1
9606.ENSP00000257548	4	0	1
9606.ENSP00000257549	1	3186	0
9606.ENSP00000257552	2	1893	0
9606.ENSP00000257570	1	3180	0
9606.ENSP00000257572	3	0	1
9606.ENSP00000257700	3	0	1
9606.ENSP00000257749	2	1892	0
9606.ENSP00000257770	11	0	1
9606.ENSP00000257787	7	0	1
9606.ENSP00000257789	11	0	1
9606.ENSP00000257818	11	0	1
9606.ENSP00000257829	52	0	1
9606.ENSP00000257860	3	0	1
9606.ENSP00000257863	3	0	1
9606.ENSP00000257868	4	0	1
9606.ENSP00000257895	3	0	1
9606.ENSP00000257904	23	0	1
9606.ENSP00000257909	2	1887	0
9606.ENSP00000257934	4	0	1
9606.ENSP00000258042	3	0	1
9606.ENSP00000258052	6	0	1
9606.ENSP00000258091	22	0	1
9606.ENSP00000258098	5	0	1
9606.ENSP00000258105	12	0	1
9606.ENSP00000258111	9	0	1
9606.ENSP00000258149	32	0	1
9606.ENSP00000258169	17	0	1
9606.ENSP00000258173	9	0	1
9606.ENSP00000258198	15	0	1
9606.ENSP00000258201	2	1893	0
9606.ENSP00000258281	27	0	1
9606.ENSP00000258301	19	0	1
9606.ENSP00000258302	1	3153	0
9606.ENSP00000258317	1	3186	0
9606.ENSP00000258341	9	0	1
9606.ENSP00000258383	49	0	1
9606.ENSP00000258385	1	3186	0
9606.ENSP00000258400	4	0	1
9606.ENSP00000258416	20	0	1
9606.ENSP00000258418	7	0	1
9606.ENSP00000258424	28	0	1
9606.ENSP00000258428	8	0	1
9606.ENSP00000258443	2	1893	0
9606.ENSP00000258455	66	0	1
9606.ENSP00000258457	5	0	1
9606.ENSP00000258484	15	0	1
9606.ENSP00000258494	1	3186	0
9606.ENSP00000258499	1	3183	0
9606.ENSP00000258526	1	3182	0
9606.ENSP00000258648	33	0	1
9606.ENSP00000258654	7	0	1
9606.ENSP00000258729	1	3182	0
9606.ENSP00000258739	2	1894	0
9606.ENSP00000258742	8	0	1
9606.ENSP00000258772	2	1893	0
9606.ENSP00000258774	10	0	1
9606.ENSP00000258821	2	1849	0
9606.ENSP00000258874	1	3186	0
9606.ENSP00000258886	2	1889	0
9606.ENSP00000258930	2	1893	0
9606.ENSP00000258962	19	0	1
9606.ENSP00000259008	7	0	1
9606.ENSP00000259021	10	0	1
9606.ENSP00000259037	47	0	1
9606.ENSP00000259075	9	0	1
9606.ENSP00000259206	3	0	1
9606.ENSP00000259211	1	3187	0
9606.ENSP00000259212	1	3187	0
9606.ENSP00000259229	10	0	1
9606.ENSP00000259239	55	0	1
9606.ENSP00000259253	3	0	1
9606.ENSP00000259254	2	1882	0
9606.ENSP00000259324	4	0	1
9606.ENSP00000259365	2	1887	0
9606.ENSP00000259371	1	3186	0
9606.ENSP00000259396	1	3158	0
9606.ENSP00000259400	16	0	1
9606.ENSP00000259455	4	0	1
9606.ENSP00000259457	38	0	1
9606.ENSP00000259467	1	3105	0
9606.ENSP00000259469	90	0	1
9606.ENSP00000259470	1	3186	0
9606.ENSP00000259512	7	0	1
9606.ENSP00000259605	5	0	1
9606.ENSP00000259607	11	0	1
9606.ENSP00000259631	5	0	1
9606.ENSP00000259632	12	0	1
9606.ENSP00000259633	3	0	1
9606.ENSP00000259708	6	0	1
9606.ENSP00000259803	1	3186	0
9606.ENSP00000259808	33	0	1
9606.ENSP00000259818	32	0	1
9606.ENSP00000259873	34	0	1
9606.ENSP00000259895	50	0	1
9606.ENSP00000259915	9	0	1
9606.ENSP00000259938	1	3184	0
9606.ENSP00000259951	22	0	1
9606.ENSP00000259963	4	0	1
9606.ENSP00000260010	29	0	1
9606.ENSP00000260102	47	0	1
9606.ENSP00000260187	4	0	1
9606.ENSP00000260191	3	0	1
9606.ENSP00000260197	2	1869	0
9606.ENSP00000260210	55	0	1
9606.ENSP00000260227	1	3134	0
9606.ENSP00000260264	2	1891	0
9606.ENSP00000260270	3	0	1
9606.ENSP00000260283	1	3163	0
9606.ENSP00000260323	2	1893	0
9606.ENSP00000260356	9	0	1
9606.ENSP00000260361	47	0	1
9606.ENSP00000260363	3	0	1
9606.ENSP00000260372	7	0	1
9606.ENSP00000260383	14	0	1
9606.ENSP00000260385	3	0	1
9606.ENSP00000260386	6	0	1
9606.ENSP00000260402	1	3164	0
9606.ENSP00000260408	5	0	1
9606.ENSP00000260443	33	0	1
9606.ENSP00000260447	1	3186	0
9606.ENSP00000260502	1	3161	0
9606.ENSP00000260508	4	0	1
9606.ENSP00000260570	15	0	1
9606.ENSP00000260585	1	3186	0
9606.ENSP00000260643	1	3186	0
9606.ENSP00000260649	2	1887	0
9606.ENSP00000260665	1	3186	0
9606.ENSP00000260682	4	0	1
9606.ENSP00000260731	2	1887	0
9606.ENSP00000260746	3	0	1
9606.ENSP00000260762	9	0	1
9606.ENSP00000260810	15	0	1
9606.ENSP00000260947	81	0	1
9606.ENSP00000260950	9	0	1
9606.ENSP00000260953	1	3187	0
9606.ENSP00000260970	1	3186	0
9606.ENSP00000261007	2	1892	0
9606.ENSP00000261015	6	0	1
9606.ENSP00000261023	22	0	1
9606.ENSP00000261024	3	0	1
9606.ENSP00000261037	1	3179	0
9606.ENSP00000261047	2	1894	0
9606.ENSP00000261070	1	3186	0
9606.ENSP00000261167	13	0	1
9606.ENSP00000261170	2	1894	0
9606.ENSP00000261183	1	3185	0
9606.ENSP00000261191	10	0	1
9606.ENSP00000261195	4	0	1
9606.ENSP00000261200	2	1893	0
9606.ENSP00000261205	9	0	1
9606.ENSP00000261233	5	0	1
9606.ENSP00000261245	35	0	1
9606.ENSP00000261254	7	0	1
9606.ENSP00000261263	1	3185	0
9606.ENSP00000261267	1	3186	0
9606.ENSP00000261292	8	0	1
9606.ENSP00000261303	34	0	1
9606.ENSP00000261304	1	3186	0
9606.ENSP00000261308	1	3175	0
9606.ENSP00000261313	1	3186	0
9606.ENSP00000261340	1	3184	0
9606.ENSP00000261349	23	0	1
9606.ENSP00000261366	5	0	1
9606.ENSP00000261367	3	0	1
9606.ENSP00000261377	2	1894	0
9606.ENSP00000261381	2	1888	0
9606.ENSP00000261383	6	0	1
9606.ENSP00000261396	19	0	1
9606.ENSP00000261405	9	0	1
9606.ENSP00000261407	5	0	1
9606.ENSP00000261416	4	0	1
9606.ENSP00000261427	5	0	1
9606.ENSP00000261438	2	1880	0
9606.ENSP00000261448	6	0	1
9606.ENSP00000261461	15	0	1
9606.ENSP00000261464	14	0	1
9606.ENSP00000261475	1	3178	0
9606.ENSP00000261479	41	0	1
9606.ENSP00000261483	1	3186	0
9606.ENSP00000261497	26	0	1
9606.ENSP00000261499	10	0	1
9606.ENSP00000261507	1	3186	0
9606.ENSP00000261520	33	0	1
9606.ENSP00000261523	6	0	1
9606.ENSP00000261534	1	3186	0
9606.ENSP00000261558	16	0	1
9606.ENSP00000261584	9	0	1
9606.ENSP00000261590	4	0	1
9606.ENSP00000261596	6	0	1
9606.ENSP00000261597	7	0	1
9606.ENSP00000261600	11	0	1
9606.ENSP00000261601	37	0	1
9606.ENSP00000261609	3	0	1
9606.ENSP00000261622	1	3180	0
9606.ENSP00000261623	15	0	1
9606.ENSP00000261636	3	0	1
9606.ENSP00000261637	57	0	1
9606.ENSP00000261652	3	0	1
9606.ENSP00000261667	2	1883	0
9606.ENSP00000261681	11	0	1
9606.ENSP00000261692	1	3172	0
9606.ENSP00000261693	11	0	1
9606.ENSP00000261700	5	0	1
9606.ENSP00000261708	52	0	1
9606.ENSP00000261712	35	0	1
9606.ENSP00000261716	2	1894	0
9606.ENSP00000261733	2	1894	0
9606.ENSP00000261745	1	3186	0
9606.ENSP00000261751	6	0	1
9606.ENSP00000261769	22	0	1
9606.ENSP00000261772	1	3186	0
9606.ENSP00000261776	2	1894	0
9606.ENSP00000261783	1	3186	0
9606.ENSP00000261796	1	3185	0
9606.ENSP00000261798	11	0	1
9606.ENSP00000261799	13	0	1
9606.ENSP00000261813	7	0	1
9606.ENSP00000261819	38	0	1
9606.ENSP00000261837	13	0	1
9606.ENSP00000261842	16	0	1
9606.ENSP00000261845	2	1891	0
9606.ENSP00000261868	23	0	1
9606.ENSP00000261875	11	0	1
9606.ENSP00000261879	5	0	1
9606.ENSP00000261881	11	0	1
9606.ENSP00000261884	2	1894	0
9606.ENSP00000261889	9	0	1
9606.ENSP00000261890	17	0	1
9606.ENSP00000261900	47	0	1
9606.ENSP00000261917	2	1893	0
9606.ENSP00000261918	2	1873	0
9606.ENSP00000261921	1	3185	0
9606.ENSP00000261937	8	0	1
9606.ENSP00000261942	7	0	1
9606.ENSP00000261965	7	0	1
9606.ENSP00000261973	7	0	1
9606.ENSP00000261994	1	3186	0
9606.ENSP00000262013	2	1888	0
9606.ENSP00000262018	5	0	1
9606.ENSP00000262027	13	0	1
9606.ENSP00000262030	23	0	1
9606.ENSP00000262039	22	0	1
9606.ENSP00000262053	1	3156	0
9606.ENSP00000262094	2	1890	0
9606.ENSP00000262105	23	0	1
9606.ENSP00000262113	7	0	1
9606.ENSP00000262133	9	0	1
9606.ENSP00000262134	10	0	1
9606.ENSP00000262138	12	0	1
9606.ENSP00000262139	4	0	1
9606.ENSP00000262144	7	0	1
9606.ENSP00000262158	13	0	1
9606.ENSP00000262160	31	0	1
9606.ENSP00000262178	5	0	1
9606.ENSP00000262186	1	3184	0
9606.ENSP00000262187	9	0	1
9606.ENSP00000262188	27	0	1
9606.ENSP00000262189	18	0	1
9606.ENSP00000262193	39	0	1
9606.ENSP00000262209	1	3182	0
9606.ENSP00000262213	1	3186	0
9606.ENSP00000262215	1	3187	0
9606.ENSP00000262225	2	1893	0
9606.ENSP00000262238	32	0	1
9606.ENSP00000262241	35	0	1
9606.ENSP00000262265	7	0	1
9606.ENSP00000262291	1	3171	0
9606.ENSP00000262302	1	3186	0
9606.ENSP00000262304	1	3187	0
9606.ENSP00000262305	5	0	1
9606.ENSP00000262306	67	0	1
9606.ENSP00000262315	6	0	1
9606.ENSP00000262319	11	0	1
9606.ENSP00000262320	28	0	1
9606.ENSP00000262345	4	0	1
9606.ENSP00000262352	1	3186	0
9606.ENSP00000262367	81	0	1
9606.ENSP00000262376	3	0	1
9606.ENSP00000262384	1	3158	0
9606.ENSP00000262394	1	3169	0
9606.ENSP00000262395	1	3179	0
9606.ENSP00000262406	2	1881	0
9606.ENSP00000262407	11	0	1
9606.ENSP00000262415	33	0	1
9606.ENSP00000262418	4	0	1
9606.ENSP00000262430	2	1892	0
9606.ENSP00000262435	11	0	1
9606.ENSP00000262441	3	0	1
9606.ENSP00000262450	5	0	1
9606.ENSP00000262455	3	0	1
9606.ENSP00000262457	3	0	1
9606.ENSP00000262460	13	0	1
9606.ENSP00000262483	1	3184	0
9606.ENSP00000262494	5	0	1
9606.ENSP00000262506	7	0	1
9606.ENSP00000262507	3	0	1
9606.ENSP00000262510	5	0	1
9606.ENSP00000262518	5	0	1
9606.ENSP00000262519	10	0	1
9606.ENSP00000262525	1	3186	0
9606.ENSP00000262554	7	0	1
9606.ENSP00000262584	92	0	1
9606.ENSP00000262613	10	0	1
9606.ENSP00000262622	1	3186	0
9606.ENSP00000262623	2	1894	0
9606.ENSP00000262626	1	3156	0
9606.ENSP00000262629	15	0	1
9606.ENSP00000262633	29	0	1
9606.ENSP00000262640	22	0	1
9606.ENSP00000262643	8	0	1
9606.ENSP00000262644	5	0	1
9606.ENSP00000262646	1	3186	0
9606.ENSP00000262648	1	3184	0
9606.ENSP00000262662	2	1889	0
9606.ENSP00000262710	2	1885	0
9606.ENSP00000262713	2	1894	0
9606.ENSP00000262715	10	0	1
9606.ENSP00000262719	4	0	1
9606.ENSP00000262741	19	0	1
9606.ENSP00000262746	2	1882	0
9606.ENSP00000262768	4	0	1
9606.ENSP00000262776	2	1847	0
9606.ENSP00000262794	1	3186	0
9606.ENSP00000262809	33	0	1
9606.ENSP00000262815	2	1894	0
9606.ENSP00000262839	3	0	1
9606.ENSP00000262850	5	0	1
9606.ENSP00000262865	1	3182	0
9606.ENSP00000262879	1	3186	0
9606.ENSP00000262887	14	0	1
9606.ENSP00000262891	8	0	1
9606.ENSP00000262904	5	0	1
9606.ENSP00000262916	11	0	1
9606.ENSP00000262942	10	0	1
9606.ENSP00000262948	5	0	1
9606.ENSP00000262958	1	3166	0
9606.ENSP00000262960	2	1892	0
9606.ENSP00000262962	23	0	1
9606.ENSP00000262965	7	0	1
9606.ENSP00000262971	2	1870	0
9606.ENSP00000262995	15	0	1
9606.ENSP00000263025	5	0	1
9606.ENSP00000263026	3	0	1
9606.ENSP00000263035	2	1892	0
9606.ENSP00000263056	2	1883	0
9606.ENSP00000263062	20	0	1
9606.ENSP00000263073	4	0	1
9606.ENSP00000263080	1	3186	0
9606.ENSP00000263083	1	3186	0
9606.ENSP00000263087	2	1876	0
9606.ENSP00000263088	3	0	1
9606.ENSP00000263092	6	0	1
9606.ENSP00000263093	1	3186	0
9606.ENSP00000263094	1	3166	0
9606.ENSP00000263100	2	1863	0
9606.ENSP00000263102	2	1894	0
9606.ENSP00000263125	4	0	1
9606.ENSP00000263160	6	0	1
9606.ENSP00000263168	20	0	1
9606.ENSP00000263181	3	0	1
9606.ENSP00000263187	1	3186	0
9606.ENSP00000263202	8	0	1
9606.ENSP00000263205	30	0	1
9606.ENSP00000263208	3	0	1
9606.ENSP00000263209	7	0	1
9606.ENSP00000263228	5	0	1
9606.ENSP00000263233	2	1888	0
9606.ENSP00000263238	16	0	1
9606.ENSP00000263253	91	0	1
9606.ENSP00000263269	13	0	1
9606.ENSP00000263274	6	0	1
9606.ENSP00000263277	9	0	1
9606.ENSP00000263314	10	0	1
9606.ENSP00000263317	10	0	1
9606.ENSP00000263321	1	3186	0
9606.ENSP00000263326	4	0	1
9606.ENSP00000263334	4	0	1
9606.ENSP00000263339	11	0	1
9606.ENSP00000263341	18	0	1
9606.ENSP00000263354	5	0	1
9606.ENSP00000263368	1	3186	0
9606.ENSP00000263370	4	0	1
9606.ENSP00000263377	22	0	1
9606.ENSP00000263379	9	0	1
9606.ENSP00000263382	21	0	1
9606.ENSP00000263384	3	0	1
9606.ENSP00000263388	7	0	1
9606.ENSP00000263390	44	0	1
9606.ENSP00000263408	10	0	1
9606.ENSP00000263413	10	0	1
9606.ENSP00000263431	3	0	1
9606.ENSP00000263433	5	0	1
9606.ENSP00000263464	15	0	1
9606.ENSP00000263556	2	1894	0
9606.ENSP00000263559	10	0	1
9606.ENSP00000263578	1	3183	0
9606.ENSP00000263629	31	0	1
9606.ENSP00000263645	16	0	1
9606.ENSP00000263650	2	1893	0
9606.ENSP00000263657	17	0	1
9606.ENSP00000263663	4	0	1
9606.ENSP00000263665	1	3186	0
9606.ENSP00000263672	4	0	1
9606.ENSP00000263681	24	0	1
9606.ENSP00000263686	12	0	1
9606.ENSP00000263694	67	0	1
9606.ENSP00000263702	7	0	1
9606.ENSP00000263708	1	3180	0
9606.ENSP00000263726	1	3183	0
9606.ENSP00000263734	12	0	1
9606.ENSP00000263735	2	1877	0
9606.ENSP00000263753	11	0	1
9606.ENSP00000263754	58	0	1
9606.ENSP00000263774	53	0	1
9606.ENSP00000263780	24	0	1
9606.ENSP00000263798	2	1894	0
9606.ENSP00000263800	1	3186	0
9606.ENSP00000263847	1	3185	0
9606.ENSP00000263851	10	0	1
9606.ENSP00000263856	27	0	1
9606.ENSP00000263857	13	0	1
9606.ENSP00000263864	21	0	1
9606.ENSP00000263897	3	0	1
9606.ENSP00000263904	10	0	1
9606.ENSP00000263915	3	0	1
9606.ENSP00000263918	14	0	1
9606.ENSP00000263923	28	0	1
9606.ENSP00000263925	8	0	1
9606.ENSP00000263932	3	0	1
9606.ENSP00000263946	1	3184	0
9606.ENSP00000263956	5	0	1
9606.ENSP00000263966	2	1886	0
9606.ENSP00000263967	15	0	1
9606.ENSP00000263974	48	0	1
9606.ENSP00000263980	10	0	1
9606.ENSP00000263985	2	1894	0
9606.ENSP00000263991	2	1890	0
9606.ENSP00000264005	4	0	1
9606.ENSP00000264012	7	0	1
9606.ENSP00000264020	17	0	1
9606.ENSP00000264025	10	0	1
9606.ENSP00000264028	8	0	1
9606.ENSP00000264031	3	0	1
9606.ENSP00000264033	31	0	1
9606.ENSP00000264039	4	0	1
9606.ENSP00000264042	1	3183	0
9606.ENSP00000264065	2	1891	0
9606.ENSP00000264071	9	0	1
9606.ENSP00000264079	2	1894	0
9606.ENSP00000264093	9	0	1
9606.ENSP00000264108	8	0	1
9606.ENSP00000264110	15	0	1
9606.ENSP00000264144	4	0	1
9606.ENSP00000264156	20	0	1
9606.ENSP00000264157	44	0	1
9606.ENSP00000264159	1	3174	0
9606.ENSP00000264161	11	0	1
9606.ENSP00000264162	1	3183	0
9606.ENSP00000264183	10	0	1
9606.ENSP00000264187	6	0	1
9606.ENSP00000264198	1	3169	0
9606.ENSP00000264218	2	1888	0
9606.ENSP00000264228	2	1894	0
9606.ENSP00000264230	4	0	1
9606.ENSP00000264234	3	0	1
9606.ENSP00000264246	15	0	1
9606.ENSP00000264254	9	0	1
9606.ENSP00000264255	1	3184	0
9606.ENSP00000264257	5	0	1
9606.ENSP00000264260	4	0	1
9606.ENSP00000264263	1	3185	0
9606.ENSP00000264265	1	3186	0
9606.ENSP00000264279	66	0	1
9606.ENSP00000264316	1	3172	0
9606.ENSP00000264318	7	0	1
9606.ENSP00000264331	1	3186	0
9606.ENSP00000264335	11	0	1
9606.ENSP00000264360	2	1889	0
9606.ENSP00000264377	2	1892	0
9606.ENSP00000264380	2	1894	0
9606.ENSP00000264382	2	1894	0
9606.ENSP00000264399	2	1890	0
9606.ENSP00000264409	3	0	1
9606.ENSP00000264414	39	0	1
9606.ENSP00000264428	2	1892	0
9606.ENSP00000264431	3	0	1
9606.ENSP00000264433	4	0	1
9606.ENSP00000264436	5	0	1
9606.ENSP00000264444	2	1878	0
9606.ENSP00000264474	4	0	1
9606.ENSP00000264498	17	0	1
9606.ENSP00000264499	7	0	1
9606.ENSP00000264515	67	0	1
9606.ENSP00000264538	17	0	1
9606.ENSP00000264552	38	0	1
9606.ENSP00000264554	2	1859	0
9606.ENSP00000264563	2	1892	0
9606.ENSP00000264605	3	0	1
9606.ENSP00000264606	12	0	1
9606.ENSP00000264613	5	0	1
9606.ENSP00000264634	16	0	1
9606.ENSP00000264637	2	1889	0
9606.ENSP00000264638	2	1892	0
9606.ENSP00000264639	35	0	1
9606.ENSP00000264645	20	0	1
9606.ENSP00000264649	21	0	1
9606.ENSP00000264657	31	0	1
9606.ENSP00000264663	1	3186	0
9606.ENSP00000264664	6	0	1
9606.ENSP00000264674	1	3152	0
9606.ENSP00000264690	3	0	1
9606.ENSP00000264709	30	0	1
9606.ENSP00000264710	3	0	1
9606.ENSP00000264712	2	1894	0
9606.ENSP00000264716	6	0	1
9606.ENSP00000264717	1	3187	0
9606.ENSP00000264731	3	0	1
9606.ENSP00000264734	1	3186	0
9606.ENSP00000264741	2	1865	0
9606.ENSP00000264758	8	0	1
9606.ENSP00000264773	13	0	1
9606.ENSP00000264824	4	0	1
9606.ENSP00000264828	4	0	1
9606.ENSP00000264832	20	0	1
9606.ENSP00000264834	4	0	1
9606.ENSP00000264864	4	0	1
9606.ENSP00000264867	16	0	1
9606.ENSP00000264870	1	3186	0
9606.ENSP00000264883	20	0	1
9606.ENSP00000264896	10	0	1
9606.ENSP00000264904	2	1892	0
9606.ENSP00000264914	2	1894	0
9606.ENSP00000264917	1	3186	0
9606.ENSP00000264926	8	0	1
9606.ENSP00000264932	6	0	1
9606.ENSP00000264933	14	0	1
9606.ENSP00000264938	3	0	1
9606.ENSP00000264951	10	0	1
9606.ENSP00000264952	1	3185	0
9606.ENSP00000264954	2	1885	0
9606.ENSP00000264956	2	1882	0
9606.ENSP00000264968	2	1894	0
9606.ENSP00000264972	19	0	1
9606.ENSP00000264977	2	1889	0
9606.ENSP00000264982	1	3184	0
9606.ENSP00000264995	60	0	1
9606.ENSP00000265016	1	3179	0
9606.ENSP00000265029	1	3181	0
9606.ENSP00000265038	54	0	1
9606.ENSP00000265056	57	0	1
9606.ENSP00000265062	6	0	1
9606.ENSP00000265070	1	3186	0
9606.ENSP00000265071	2	1849	0
9606.ENSP00000265074	5	0	1
9606.ENSP00000265077	5	0	1
9606.ENSP00000265080	1	3185	0
9606.ENSP00000265081	7	0	1
9606.ENSP00000265087	1	3187	0
9606.ENSP00000265094	8	0	1
9606.ENSP00000265097	11	0	1
9606.ENSP00000265104	1	3186	0
9606.ENSP00000265107	2	1886	0
9606.ENSP00000265113	1	3186	0
9606.ENSP00000265131	1	3187	0
9606.ENSP00000265138	1	3186	0
9606.ENSP00000265140	1	3186	0
9606.ENSP00000265148	1	3180	0
9606.ENSP00000265162	1	3163	0
9606.ENSP00000265164	2	1886	0
9606.ENSP00000265165	11	0	1
9606.ENSP00000265171	30	0	1
9606.ENSP00000265174	4	0	1
9606.ENSP00000265195	1	3182	0
9606.ENSP00000265239	3	0	1
9606.ENSP00000265245	2	1891	0
9606.ENSP00000265276	3	0	1
9606.ENSP00000265295	6	0	1
9606.ENSP00000265316	4	0	1
9606.ENSP00000265339	7	0	1
9606.ENSP00000265343	33	0	1
9606.ENSP00000265350	33	0	1
9606.ENSP00000265351	11	0	1
9606.ENSP00000265354	10	0	1
9606.ENSP00000265361	3	0	1
9606.ENSP00000265362	6	0	1
9606.ENSP00000265371	23	0	1
9606.ENSP00000265372	1	3156	0
9606.ENSP00000265381	4	0	1
9606.ENSP00000265382	8	0	1
9606.ENSP00000265388	2	1886	0
9606.ENSP00000265395	1	3183	0
9606.ENSP00000265421	9	0	1
9606.ENSP00000265433	6	0	1
9606.ENSP00000265441	2	1877	0
9606.ENSP00000265459	10	0	1
9606.ENSP00000265465	23	0	1
9606.ENSP00000265560	2	1887	0
9606.ENSP00000265562	6	0	1
9606.ENSP00000265563	13	0	1
9606.ENSP00000265564	17	0	1
9606.ENSP00000265565	4	0	1
9606.ENSP00000265594	2	1894	0
9606.ENSP00000265598	2	1893	0
9606.ENSP00000265602	4	0	1
9606.ENSP00000265627	1	3183	0
9606.ENSP00000265641	2	1894	0
9606.ENSP00000265643	3	0	1
9606.ENSP00000265651	2	1864	0
9606.ENSP00000265686	13	0	1
9606.ENSP00000265689	4	0	1
9606.ENSP00000265709	21	0	1
9606.ENSP00000265713	27	0	1
9606.ENSP00000265717	7	0	1
9606.ENSP00000265723	1	3103	0
9606.ENSP00000265727	3	0	1
9606.ENSP00000265728	2	1893	0
9606.ENSP00000265729	2	1891	0
9606.ENSP00000265732	3	0	1
9606.ENSP00000265734	16	0	1
9606.ENSP00000265748	3	0	1
9606.ENSP00000265753	5	0	1
9606.ENSP00000265769	1	3180	0
9606.ENSP00000265838	1	3186	0
9606.ENSP00000265849	7	0	1
9606.ENSP00000265857	4	0	1
9606.ENSP00000265960	10	0	1
9606.ENSP00000265963	33	0	1
9606.ENSP00000265965	1	3186	0
9606.ENSP00000265967	2	1894	0
9606.ENSP00000265970	5	0	1
9606.ENSP00000265978	4	0	1
9606.ENSP00000265983	1	3164	0
9606.ENSP00000265986	15	0	1
9606.ENSP00000265990	1	3166	0
9606.ENSP00000265997	12	0	1
9606.ENSP00000266000	30	0	1
9606.ENSP00000266041	7	0	1
9606.ENSP00000266058	3	0	1
9606.ENSP00000266069	5	0	1
9606.ENSP00000266070	18	0	1
9606.ENSP00000266079	59	0	1
9606.ENSP00000266085	2	1871	0
9606.ENSP00000266087	3	0	1
9606.ENSP00000266088	2	1853	0
9606.ENSP00000266126	7	0	1
9606.ENSP00000266254	4	0	1
9606.ENSP00000266376	23	0	1
9606.ENSP00000266383	1	3186	0
9606.ENSP00000266483	1	3186	0
9606.ENSP00000266503	3	0	1
9606.ENSP00000266529	1	3185	0
9606.ENSP00000266544	51	0	1
9606.ENSP00000266551	3	0	1
9606.ENSP00000266556	2	1879	0
9606.ENSP00000266557	9	0	1
9606.ENSP00000266671	1	3166	0
9606.ENSP00000266674	6	0	1
9606.ENSP00000266679	9	0	1
9606.ENSP00000266718	4	0	1
9606.ENSP00000266732	1	3184	0
9606.ENSP00000266735	109	0	1
9606.ENSP00000266970	31	0	1
9606.ENSP00000266987	26	0	1
9606.ENSP00000267017	2	1894	0
9606.ENSP00000267082	21	0	1
9606.ENSP00000267085	3	0	1
9606.ENSP00000267101	23	0	1
9606.ENSP00000267113	1	3186	0
9606.ENSP00000267163	15	0	1
9606.ENSP00000267199	7	0	1
9606.ENSP00000267202	21	0	1
9606.ENSP00000267257	30	0	1
9606.ENSP00000267377	1	3187	0
9606.ENSP00000267415	6	0	1
9606.ENSP00000267430	18	0	1
9606.ENSP00000267460	2	1870	0
9606.ENSP00000267594	1	3186	0
9606.ENSP00000267615	3	0	1
9606.ENSP00000267622	1	3186	0
9606.ENSP00000267750	9	0	1
9606.ENSP00000267803	1	3185	0
9606.ENSP00000267812	56	0	1
9606.ENSP00000267843	6	0	1
9606.ENSP00000267859	1	3166	0
9606.ENSP00000267884	5	0	1
9606.ENSP00000267890	1	3187	0
9606.ENSP00000267935	1	3185	0
9606.ENSP00000267938	2	1894	0
9606.ENSP00000267953	4	0	1
9606.ENSP00000268053	2	1894	0
9606.ENSP00000268057	7	0	1
9606.ENSP00000268058	4	0	1
9606.ENSP00000268138	2	1890	0
9606.ENSP00000268150	1	3162	0
9606.ENSP00000268182	24	0	1
9606.ENSP00000268184	2	1889	0
9606.ENSP00000268206	1	3186	0
9606.ENSP00000268231	8	0	1
9606.ENSP00000268261	1	3186	0
9606.ENSP00000268379	26	0	1
9606.ENSP00000268383	1	3186	0
9606.ENSP00000268459	1	3186	0
9606.ENSP00000268482	19	0	1
9606.ENSP00000268603	2	1853	0
9606.ENSP00000268613	1	3187	0
9606.ENSP00000268638	2	1889	0
9606.ENSP00000268661	1	3172	0
9606.ENSP00000268668	47	0	1
9606.ENSP00000268679	2	1887	0
9606.ENSP00000268711	31	0	1
9606.ENSP00000268712	31	0	1
9606.ENSP00000268717	15	0	1
9606.ENSP00000268719	3	0	1
9606.ENSP00000268766	2	1893	0
9606.ENSP00000268802	15	0	1
9606.ENSP00000268835	4	0	1
9606.ENSP00000268876	1	3109	0
9606.ENSP00000268933	3	0	1
9606.ENSP00000269097	8	0	1
9606.ENSP00000269141	11	0	1
9606.ENSP00000269143	1	3185	0
9606.ENSP00000269159	2	1894	0
9606.ENSP00000269202	6	0	1
9606.ENSP00000269209	1	3131	0
9606.ENSP00000269216	1	3186	0
9606.ENSP00000269221	3	0	1
9606.ENSP00000269228	4	0	1
9606.ENSP00000269298	1	3186	0
9606.ENSP00000269299	2	1894	0
9606.ENSP00000269305	84	0	1
9606.ENSP00000269383	1	3184	0
9606.ENSP00000269385	52	0	1
9606.ENSP00000269397	51	0	1
9606.ENSP00000269466	1	3186	0
9606.ENSP00000269489	1	3186	0
9606.ENSP00000269571	21	0	1
9606.ENSP00000269576	1	3186	0
9606.ENSP00000269593	3	0	1
9606.ENSP00000269601	59	0	1
9606.ENSP00000269848	7	0	1
9606.ENSP00000269856	16	0	1
9606.ENSP00000269980	4	0	1
9606.ENSP00000270066	2	1894	0
9606.ENSP00000270139	14	0	1
9606.ENSP00000270142	5	0	1
9606.ENSP00000270162	1	3186	0
9606.ENSP00000270172	10	0	1
9606.ENSP00000270176	7	0	1
9606.ENSP00000270225	3	0	1
9606.ENSP00000270257	16	0	1
9606.ENSP00000270349	7	0	1
9606.ENSP00000270458	15	0	1
9606.ENSP00000270502	5	0	1
9606.ENSP00000270517	5	0	1
9606.ENSP00000270538	6	0	1
9606.ENSP00000270586	37	0	1
9606.ENSP00000270625	126	0	1
9606.ENSP00000270631	2	1887	0
9606.ENSP00000270642	1	3186	0
9606.ENSP00000270722	7	0	1
9606.ENSP00000270800	5	0	1
9606.ENSP00000270861	4	0	1
9606.ENSP00000270879	4	0	1
9606.ENSP00000271234	3	0	1
9606.ENSP00000271277	1	3181	0
9606.ENSP00000271308	41	0	1
9606.ENSP00000271331	2	1894	0
9606.ENSP00000271373	1	3186	0
9606.ENSP00000271450	4	0	1
9606.ENSP00000271452	3	0	1
9606.ENSP00000271469	1	3186	0
9606.ENSP00000271526	2	1887	0
9606.ENSP00000271555	6	0	1
9606.ENSP00000271628	64	0	1
9606.ENSP00000271636	8	0	1
9606.ENSP00000271638	2	1876	0
9606.ENSP00000271640	27	0	1
9606.ENSP00000271651	1	3186	0
9606.ENSP00000271688	9	0	1
9606.ENSP00000271715	1	3185	0
9606.ENSP00000271889	10	0	1
9606.ENSP00000272134	1	3186	0
9606.ENSP00000272190	2	1891	0
9606.ENSP00000272233	1	3186	0
9606.ENSP00000272238	10	0	1
9606.ENSP00000272286	4	0	1
9606.ENSP00000272317	255	0	1
9606.ENSP00000272321	2	1893	0
9606.ENSP00000272322	3	0	1
9606.ENSP00000272369	5	0	1
9606.ENSP00000272418	67	0	1
9606.ENSP00000272430	2	1885	0
9606.ENSP00000272519	4	0	1
9606.ENSP00000272602	1	3186	0
9606.ENSP00000272638	6	0	1
9606.ENSP00000272645	52	0	1
9606.ENSP00000272847	4	0	1
9606.ENSP00000272902	1	3186	0
9606.ENSP00000272928	4	0	1
9606.ENSP00000273047	15	0	1
9606.ENSP00000273062	1	3168	0
9606.ENSP00000273130	18	0	1
9606.ENSP00000273183	1	3180	0
9606.ENSP00000273261	1	3153	0
9606.ENSP00000273317	12	0	1
9606.ENSP00000273395	8	0	1
9606.ENSP00000273398	26	0	1
9606.ENSP00000273450	1	3186	0
9606.ENSP00000273480	20	0	1
9606.ENSP00000273541	28	0	1
9606.ENSP00000273550	3	0	1
9606.ENSP00000273588	5	0	1
9606.ENSP00000273598	4	0	1
9606.ENSP00000273610	4	0	1
9606.ENSP00000273668	33	0	1
9606.ENSP00000273784	2	1858	0
9606.ENSP00000273853	43	0	1
9606.ENSP00000273859	6	0	1
9606.ENSP00000273963	26	0	1
9606.ENSP00000274054	12	0	1
9606.ENSP00000274093	1	3185	0
9606.ENSP00000274137	49	0	1
9606.ENSP00000274192	2	1894	0
9606.ENSP00000274242	71	0	1
9606.ENSP00000274255	17	0	1
9606.ENSP00000274276	5	0	1
9606.ENSP00000274311	2	1883	0
9606.ENSP00000274341	1	3180	0
9606.ENSP00000274353	2	1894	0
9606.ENSP00000274364	3	0	1
9606.ENSP00000274368	2	1894	0
9606.ENSP00000274376	9	0	1
9606.ENSP00000274400	49	0	1
9606.ENSP00000274457	16	0	1
9606.ENSP00000274520	8	0	1
9606.ENSP00000274545	4	0	1
9606.ENSP00000274547	8	0	1
9606.ENSP00000274606	11	0	1
9606.ENSP00000274625	7	0	1
9606.ENSP00000274629	9	0	1
9606.ENSP00000274711	2	1891	0
9606.ENSP00000274712	56	0	1
9606.ENSP00000274721	5	0	1
9606.ENSP00000274764	23	0	1
9606.ENSP00000274793	11	0	1
9606.ENSP00000274849	1	3187	0
9606.ENSP00000275015	5	0	1
9606.ENSP00000275053	1	3187	0
9606.ENSP00000275233	2	1891	0
9606.ENSP00000275364	7	0	1
9606.ENSP00000275493	63	0	1
9606.ENSP00000275517	6	0	1
9606.ENSP00000275525	5	0	1
9606.ENSP00000275603	24	0	1
9606.ENSP00000275732	2	1890	0
9606.ENSP00000275815	9	0	1
9606.ENSP00000276055	1	3186	0
9606.ENSP00000276062	45	0	1
9606.ENSP00000276079	6	0	1
9606.ENSP00000276198	3	0	1
9606.ENSP00000276201	16	0	1
9606.ENSP00000276297	2	1889	0
9606.ENSP00000276390	29	0	1
9606.ENSP00000276410	1	3186	0
9606.ENSP00000276414	2	1892	0
9606.ENSP00000276420	1	3178	0
9606.ENSP00000276431	14	0	1
9606.ENSP00000276440	2	1881	0
9606.ENSP00000276449	4	0	1
9606.ENSP00000276533	13	0	1
9606.ENSP00000276571	7	0	1
9606.ENSP00000276585	35	0	1
9606.ENSP00000276603	11	0	1
9606.ENSP00000276659	3	0	1
9606.ENSP00000276689	50	0	1
9606.ENSP00000276893	1	3174	0
9606.ENSP00000276914	1	3148	0
9606.ENSP00000276925	3	0	1
9606.ENSP00000276927	7	0	1
9606.ENSP00000276943	1	3184	0
9606.ENSP00000277010	1	3178	0
9606.ENSP00000277120	14	0	1
9606.ENSP00000277517	1	3186	0
9606.ENSP00000277746	4	0	1
9606.ENSP00000277865	1	3186	0
9606.ENSP00000277895	1	3186	0
9606.ENSP00000277942	2	1894	0
9606.ENSP00000278193	1	3186	0
9606.ENSP00000278198	2	1893	0
9606.ENSP00000278282	1	3177	0
9606.ENSP00000278353	17	0	1
9606.ENSP00000278379	1	3186	0
9606.ENSP00000278407	6	0	1
9606.ENSP00000278412	26	0	1
9606.ENSP00000278550	2	1894	0
9606.ENSP00000278568	12	0	1
9606.ENSP00000278572	102	0	1
9606.ENSP00000278616	41	0	1
9606.ENSP00000278618	1	3186	0
9606.ENSP00000278671	11	0	1
9606.ENSP00000278742	4	0	1
9606.ENSP00000278823	12	0	1
9606.ENSP00000278833	1	3186	0
9606.ENSP00000278853	3	0	1
9606.ENSP00000278888	4	0	1
9606.ENSP00000278903	1	3186	0
9606.ENSP00000278927	1	3174	0
9606.ENSP00000278935	4	0	1
9606.ENSP00000278947	4	0	1
9606.ENSP00000279022	12	0	1
9606.ENSP00000279036	4	0	1
9606.ENSP00000279146	6	0	1
9606.ENSP00000279168	2	1892	0
9606.ENSP00000279242	52	0	1
9606.ENSP00000279263	1	3186	0
9606.ENSP00000279281	5	0	1
9606.ENSP00000279387	6	0	1
9606.ENSP00000279441	2	1891	0
9606.ENSP00000279488	1	3177	0
9606.ENSP00000279804	1	3185	0
9606.ENSP00000279873	1	3186	0
9606.ENSP00000280098	26	0	1
9606.ENSP00000280154	3	0	1
9606.ENSP00000280155	3	0	1
9606.ENSP00000280326	24	0	1
9606.ENSP00000280346	6	0	1
9606.ENSP00000280357	4	0	1
9606.ENSP00000280358	4	0	1
9606.ENSP00000280377	4	0	1
9606.ENSP00000280481	2	1894	0
9606.ENSP00000280551	13	0	1
9606.ENSP00000280557	7	0	1
9606.ENSP00000280571	2	1890	0
9606.ENSP00000280605	2	1894	0
9606.ENSP00000280612	2	1866	0
9606.ENSP00000280665	6	0	1
9606.ENSP00000280684	2	1892	0
9606.ENSP00000280700	1	3172	0
9606.ENSP00000280701	2	1894	0
9606.ENSP00000280772	16	0	1
9606.ENSP00000280904	3	0	1
9606.ENSP00000280979	1	3183	0
9606.ENSP00000281030	1	3186	0
9606.ENSP00000281031	45	0	1
9606.ENSP00000281038	1	3186	0
9606.ENSP00000281043	3	0	1
9606.ENSP00000281142	4	0	1
9606.ENSP00000281154	9	0	1
9606.ENSP00000281182	2	1894	0
9606.ENSP00000281187	6	0	1
9606.ENSP00000281243	1	3180	0
9606.ENSP00000281282	1	3146	0
9606.ENSP00000281382	2	1892	0
9606.ENSP00000281419	2	1891	0
9606.ENSP00000281453	17	0	1
9606.ENSP00000281456	10	0	1
9606.ENSP00000281513	3	0	1
9606.ENSP00000281589	1	3184	0
9606.ENSP00000281623	7	0	1
9606.ENSP00000281701	9	0	1
9606.ENSP00000281806	2	1894	0
9606.ENSP00000281821	9	0	1
9606.ENSP00000281828	2	1894	0
9606.ENSP00000281834	4	0	1
9606.ENSP00000281923	1	3186	0
9606.ENSP00000281928	27	0	1
9606.ENSP00000281938	5	0	1
9606.ENSP00000281950	16	0	1
9606.ENSP00000282018	1	3186	0
9606.ENSP00000282058	7	0	1
9606.ENSP00000282074	3	0	1
9606.ENSP00000282096	1	3186	0
9606.ENSP00000282111	8	0	1
9606.ENSP00000282185	4	0	1
9606.ENSP00000282249	2	1894	0
9606.ENSP00000282251	18	0	1
9606.ENSP00000282276	8	0	1
9606.ENSP00000282344	6	0	1
9606.ENSP00000282356	8	0	1
9606.ENSP00000282388	1	3186	0
9606.ENSP00000282397	8	0	1
9606.ENSP00000282412	1	3172	0
9606.ENSP00000282499	4	0	1
9606.ENSP00000282516	9	0	1
9606.ENSP00000282538	3	0	1
9606.ENSP00000282541	1	3186	0
9606.ENSP00000282561	27	0	1
9606.ENSP00000282588	15	0	1
9606.ENSP00000282611	1	3186	0
9606.ENSP00000282633	5	0	1
9606.ENSP00000282753	11	0	1
9606.ENSP00000282841	2	1894	0
9606.ENSP00000282878	1	3186	0
9606.ENSP00000282892	49	0	1
9606.ENSP00000282903	2	1894	0
9606.ENSP00000283006	16	0	1
9606.ENSP00000283027	1	3186	0
9606.ENSP00000283109	20	0	1
9606.ENSP00000283131	30	0	1
9606.ENSP00000283147	9	0	1
9606.ENSP00000283195	43	0	1
9606.ENSP00000283228	3	0	1
9606.ENSP00000283243	2	1893	0
9606.ENSP00000283249	18	0	1
9606.ENSP00000283254	4	0	1
9606.ENSP00000283285	3	0	1
9606.ENSP00000283290	8	0	1
9606.ENSP00000283309	1	3186	0
9606.ENSP00000283351	15	0	1
9606.ENSP00000283415	11	0	1
9606.ENSP00000283632	3	0	1
9606.ENSP00000283875	45	0	1
9606.ENSP00000283882	2	1882	0
9606.ENSP00000283928	1	3186	0
9606.ENSP00000284073	2	1893	0
9606.ENSP00000284110	1	3186	0
9606.ENSP00000284116	1	3186	0
9606.ENSP00000284136	1	3171	0
9606.ENSP00000284154	1	3131	0
9606.ENSP00000284240	3	0	1
9606.ENSP00000284274	6	0	1
9606.ENSP00000284292	6	0	1
9606.ENSP00000284320	11	0	1
9606.ENSP00000284322	1	3186	0
9606.ENSP00000284382	9	0	1
9606.ENSP00000284440	4	0	1
9606.ENSP00000284476	1	3185	0
9606.ENSP00000284503	2	1878	0
9606.ENSP00000284523	9	0	1
9606.ENSP00000284601	8	0	1
9606.ENSP00000284637	1	3180	0
9606.ENSP00000284669	26	0	1
9606.ENSP00000284719	1	3176	0
9606.ENSP00000284727	10	0	1
9606.ENSP00000284818	7	0	1
9606.ENSP00000284856	3	0	1
9606.ENSP00000284878	1	3186	0
9606.ENSP00000284885	1	3187	0
9606.ENSP00000284981	27	0	1
9606.ENSP00000284995	4	0	1
9606.ENSP00000285018	8	0	1
9606.ENSP00000285021	26	0	1
9606.ENSP00000285039	4	0	1
9606.ENSP00000285071	4	0	1
9606.ENSP00000285093	2	1894	0
9606.ENSP00000285116	6	0	1
9606.ENSP00000285298	35	0	1
9606.ENSP00000285311	5	0	1
9606.ENSP00000285393	20	0	1
9606.ENSP00000285398	50	0	1
9606.ENSP00000285402	1	3186	0
9606.ENSP00000285419	1	3186	0
9606.ENSP00000285518	7	0	1
9606.ENSP00000285599	2	1894	0
9606.ENSP00000285667	1	3187	0
9606.ENSP00000285735	2	1882	0
9606.ENSP00000285814	3	0	1
9606.ENSP00000285873	16	0	1
9606.ENSP00000285930	2	1892	0
9606.ENSP00000285968	24	0	1
9606.ENSP00000286186	8	0	1
9606.ENSP00000286201	11	0	1
9606.ENSP00000286234	10	0	1
9606.ENSP00000286301	3	0	1
9606.ENSP00000286307	6	0	1
9606.ENSP00000286317	43	0	1
9606.ENSP00000286355	4	0	1
9606.ENSP00000286371	9	0	1
9606.ENSP00000286398	7	0	1
9606.ENSP00000286428	7	0	1
9606.ENSP00000286479	1	3186	0
9606.ENSP00000286523	2	1853	0
9606.ENSP00000286548	21	0	1
9606.ENSP00000286628	9	0	1
9606.ENSP00000286639	5	0	1
9606.ENSP00000286648	9	0	1
9606.ENSP00000286758	13	0	1
9606.ENSP00000286760	8	0	1
9606.ENSP00000286788	26	0	1
9606.ENSP00000286794	7	0	1
9606.ENSP00000286827	7	0	1
9606.ENSP00000286918	7	0	1
9606.ENSP00000286955	2	1894	0
9606.ENSP00000287139	1	3186	0
9606.ENSP00000287156	8	0	1
9606.ENSP00000287169	1	3187	0
9606.ENSP00000287239	25	0	1
9606.ENSP00000287322	1	3175	0
9606.ENSP00000287394	15	0	1
9606.ENSP00000287437	7	0	1
9606.ENSP00000287482	3	0	1
9606.ENSP00000287490	22	0	1
9606.ENSP00000287598	31	0	1
9606.ENSP00000287600	3	0	1
9606.ENSP00000287641	5	0	1
9606.ENSP00000287647	20	0	1
9606.ENSP00000287706	1	3176	0
9606.ENSP00000287713	4	0	1
9606.ENSP00000287727	4	0	1
9606.ENSP00000287820	35	0	1
9606.ENSP00000287842	7	0	1
9606.ENSP00000287878	6	0	1
9606.ENSP00000287907	2	1850	0
9606.ENSP00000287934	7	0	1
9606.ENSP00000287936	2	1892	0
9606.ENSP00000288135	6	0	1
9606.ENSP00000288139	14	0	1
9606.ENSP00000288167	5	0	1
9606.ENSP00000288207	3	0	1
9606.ENSP00000288266	10	0	1
9606.ENSP00000288368	1	3176	0
9606.ENSP00000288532	4	0	1
9606.ENSP00000288607	1	3186	0
9606.ENSP00000288670	2	1876	0
9606.ENSP00000288699	1	3187	0
9606.ENSP00000288774	5	0	1
9606.ENSP00000288828	7	0	1
9606.ENSP00000288840	4	0	1
9606.ENSP00000288937	60	0	1
9606.ENSP00000289081	17	0	1
9606.ENSP00000289104	1	3179	0
9606.ENSP00000289228	8	0	1
9606.ENSP00000289316	7	0	1
9606.ENSP00000289359	1	3184	0
9606.ENSP00000289361	2	1886	0
9606.ENSP00000289371	15	0	1
9606.ENSP00000289382	14	0	1
9606.ENSP00000289429	2	1879	0
9606.ENSP00000289473	14	0	1
9606.ENSP00000289528	4	0	1
9606.ENSP00000289672	1	3186	0
9606.ENSP00000289746	1	3110	0
9606.ENSP00000289753	2	1874	0
9606.ENSP00000289805	4	0	1
9606.ENSP00000289902	18	0	1
9606.ENSP00000289957	2	1890	0
9606.ENSP00000289968	1	3175	0
9606.ENSP00000290130	2	1894	0
9606.ENSP00000290158	9	0	1
9606.ENSP00000290167	2	1889	0
9606.ENSP00000290200	12	0	1
9606.ENSP00000290208	49	0	1
9606.ENSP00000290246	6	0	1
9606.ENSP00000290277	3	0	1
9606.ENSP00000290295	2	1893	0
9606.ENSP00000290299	18	0	1
9606.ENSP00000290310	2	1891	0
9606.ENSP00000290341	9	0	1
9606.ENSP00000290349	4	0	1
9606.ENSP00000290354	1	3185	0
9606.ENSP00000290374	3	0	1
9606.ENSP00000290378	16	0	1
9606.ENSP00000290401	1	3171	0
9606.ENSP00000290429	6	0	1
9606.ENSP00000290524	2	1891	0
9606.ENSP00000290541	39	0	1
9606.ENSP00000290551	1	3180	0
9606.ENSP00000290573	9	0	1
9606.ENSP00000290649	11	0	1
9606.ENSP00000290650	1	3184	0
9606.ENSP00000290663	33	0	1
9606.ENSP00000290722	1	3186	0
9606.ENSP00000290866	1	3171	0
9606.ENSP00000290881	2	1888	0
9606.ENSP00000290913	8	0	1
9606.ENSP00000290921	13	0	1
9606.ENSP00000290949	23	0	1
9606.ENSP00000290953	2	1893	0
9606.ENSP00000291009	1	3186	0
9606.ENSP00000291232	4	0	1
9606.ENSP00000291295	88	0	1
9606.ENSP00000291386	3	0	1
9606.ENSP00000291547	2	1893	0
9606.ENSP00000291552	4	0	1
9606.ENSP00000291554	2	1892	0
9606.ENSP00000291560	1	3169	0
9606.ENSP00000291565	2	1894	0
9606.ENSP00000291572	8	0	1
9606.ENSP00000291574	12	0	1
9606.ENSP00000291576	34	0	1
9606.ENSP00000291582	18	0	1
9606.ENSP00000291634	5	0	1
9606.ENSP00000291688	11	0	1
9606.ENSP00000291700	7	0	1
9606.ENSP00000291744	5	0	1
9606.ENSP00000291759	6	0	1
9606.ENSP00000291860	9	0	1
9606.ENSP00000291890	5	0	1
9606.ENSP00000291900	16	0	1
9606.ENSP00000291906	2	1889	0
9606.ENSP00000292035	31	0	1
9606.ENSP00000292079	9	0	1
9606.ENSP00000292114	11	0	1
9606.ENSP00000292169	1	3174	0
9606.ENSP00000292174	7	0	1
9606.ENSP00000292180	4	0	1
9606.ENSP00000292211	2	1894	0
9606.ENSP00000292301	33	0	1
9606.ENSP00000292303	35	0	1
9606.ENSP00000292314	1	3176	0
9606.ENSP00000292363	1	3185	0
9606.ENSP00000292377	1	3136	0
9606.ENSP00000292401	1	3186	0
9606.ENSP00000292408	24	0	1
9606.ENSP00000292427	1	3186	0
9606.ENSP00000292432	8	0	1
9606.ENSP00000292475	16	0	1
9606.ENSP00000292476	12	0	1
9606.ENSP00000292513	1	3186	0
9606.ENSP00000292599	7	0	1
9606.ENSP00000292614	48	0	1
9606.ENSP00000292616	6	0	1
9606.ENSP00000292782	4	0	1
9606.ENSP00000292823	1	3186	0
9606.ENSP00000292879	2	1893	0
9606.ENSP00000292896	4	0	1
9606.ENSP00000292907	22	0	1
9606.ENSP00000293190	13	0	1
9606.ENSP00000293217	10	0	1
9606.ENSP00000293288	8	0	1
9606.ENSP00000293328	8	0	1
9606.ENSP00000293330	4	0	1
9606.ENSP00000293362	2	1893	0
9606.ENSP00000293373	11	0	1
9606.ENSP00000293379	23	0	1
9606.ENSP00000293441	5	0	1
9606.ENSP00000293549	4	0	1
9606.ENSP00000293636	1	3182	0
9606.ENSP00000293695	4	0	1
9606.ENSP00000293756	2	1894	0
9606.ENSP00000293760	1	3182	0
9606.ENSP00000293761	2	1892	0
9606.ENSP00000293777	33	0	1
9606.ENSP00000293778	5	0	1
9606.ENSP00000293825	2	1892	0
9606.ENSP00000293831	26	0	1
9606.ENSP00000293860	16	0	1
9606.ENSP00000293872	4	0	1
9606.ENSP00000293883	7	0	1
9606.ENSP00000293897	1	3187	0
9606.ENSP00000293973	1	3179	0
9606.ENSP00000294008	9	0	1
9606.ENSP00000294016	2	1894	0
9606.ENSP00000294117	2	1873	0
9606.ENSP00000294119	9	0	1
9606.ENSP00000294129	1	3164	0
9606.ENSP00000294168	27	0	1
9606.ENSP00000294179	11	0	1
9606.ENSP00000294189	76	0	1
9606.ENSP00000294244	1	3186	0
9606.ENSP00000294304	22	0	1
9606.ENSP00000294309	1	3186	0
9606.ENSP00000294312	4	0	1
9606.ENSP00000294338	2	1891	0
9606.ENSP00000294339	9	0	1
9606.ENSP00000294353	16	0	1
9606.ENSP00000294383	1	3177	0
9606.ENSP00000294413	4	0	1
9606.ENSP00000294485	1	3183	0
9606.ENSP00000294489	1	3180	0
9606.ENSP00000294507	2	1894	0
9606.ENSP00000294702	1	3153	0
9606.ENSP00000294724	4	0	1
9606.ENSP00000294728	17	0	1
9606.ENSP00000294742	11	0	1
9606.ENSP00000294785	8	0	1
9606.ENSP00000294952	2	1892	0
9606.ENSP00000294954	4	0	1
9606.ENSP00000295006	3	0	1
9606.ENSP00000295025	8	0	1
9606.ENSP00000295030	5	0	1
9606.ENSP00000295050	1	3174	0
9606.ENSP00000295101	3	0	1
9606.ENSP00000295108	1	3182	0
9606.ENSP00000295119	21	0	1
9606.ENSP00000295121	7	0	1
9606.ENSP00000295225	3	0	1
9606.ENSP00000295228	2	1892	0
9606.ENSP00000295240	7	0	1
9606.ENSP00000295256	1	3186	0
9606.ENSP00000295266	4	0	1
9606.ENSP00000295269	1	3183	0
9606.ENSP00000295304	1	3186	0
9606.ENSP00000295321	1	3181	0
9606.ENSP00000295379	3	0	1
9606.ENSP00000295408	2	1894	0
9606.ENSP00000295448	3	0	1
9606.ENSP00000295452	4	0	1
9606.ENSP00000295454	7	0	1
9606.ENSP00000295491	34	0	1
9606.ENSP00000295522	7	0	1
9606.ENSP00000295550	2	1894	0
9606.ENSP00000295588	1	3184	0
9606.ENSP00000295589	5	0	1
9606.ENSP00000295619	2	1894	0
9606.ENSP00000295666	3	0	1
9606.ENSP00000295682	3	0	1
9606.ENSP00000295683	16	0	1
9606.ENSP00000295685	12	0	1
9606.ENSP00000295688	26	0	1
9606.ENSP00000295702	5	0	1
9606.ENSP00000295704	1	3169	0
9606.ENSP00000295718	1	3186	0
9606.ENSP00000295731	8	0	1
9606.ENSP00000295755	1	3138	0
9606.ENSP00000295756	9	0	1
9606.ENSP00000295767	2	1893	0
9606.ENSP00000295770	10	0	1
9606.ENSP00000295797	11	0	1
9606.ENSP00000295851	12	0	1
9606.ENSP00000295887	1	3186	0
9606.ENSP00000295888	4	0	1
9606.ENSP00000295897	26	0	1
9606.ENSP00000295899	9	0	1
9606.ENSP00000295900	20	0	1
9606.ENSP00000295926	1	3186	0
9606.ENSP00000295927	4	0	1
9606.ENSP00000295981	5	0	1
9606.ENSP00000296026	5	0	1
9606.ENSP00000296027	7	0	1
9606.ENSP00000296028	5	0	1
9606.ENSP00000296029	9	0	1
9606.ENSP00000296043	1	3165	0
9606.ENSP00000296046	2	1894	0
9606.ENSP00000296051	2	1894	0
9606.ENSP00000296099	7	0	1
9606.ENSP00000296102	56	0	1
9606.ENSP00000296130	2	1875	0
9606.ENSP00000296135	1	3187	0
9606.ENSP00000296137	3	0	1
9606.ENSP00000296140	25	0	1
9606.ENSP00000296145	3	0	1
9606.ENSP00000296149	5	0	1
9606.ENSP00000296161	1	3186	0
9606.ENSP00000296181	19	0	1
9606.ENSP00000296215	56	0	1
9606.ENSP00000296255	18	0	1
9606.ENSP00000296257	4	0	1
9606.ENSP00000296266	6	0	1
9606.ENSP00000296271	7	0	1
9606.ENSP00000296280	7	0	1
9606.ENSP00000296318	3	0	1
9606.ENSP00000296327	1	3186	0
9606.ENSP00000296328	6	0	1
9606.ENSP00000296333	1	3186	0
9606.ENSP00000296343	4	0	1
9606.ENSP00000296370	1	3183	0
9606.ENSP00000296387	1	3186	0
9606.ENSP00000296412	1	3186	0
9606.ENSP00000296417	5	0	1
9606.ENSP00000296424	1	3186	0
9606.ENSP00000296435	6	0	1
9606.ENSP00000296464	4	0	1
9606.ENSP00000296473	4	0	1
9606.ENSP00000296474	1	3186	0
9606.ENSP00000296490	17	0	1
9606.ENSP00000296503	1	3164	0
9606.ENSP00000296504	17	0	1
9606.ENSP00000296509	27	0	1
9606.ENSP00000296518	2	1894	0
9606.ENSP00000296526	8	0	1
9606.ENSP00000296543	8	0	1
9606.ENSP00000296545	5	0	1
9606.ENSP00000296564	33	0	1
9606.ENSP00000296575	3	0	1
9606.ENSP00000296577	20	0	1
9606.ENSP00000296581	58	0	1
9606.ENSP00000296585	15	0	1
9606.ENSP00000296597	7	0	1
9606.ENSP00000296641	1	3186	0
9606.ENSP00000296674	139	0	1
9606.ENSP00000296679	2	1888	0
9606.ENSP00000296682	1	3183	0
9606.ENSP00000296684	50	0	1
9606.ENSP00000296695	1	3187	0
9606.ENSP00000296702	12	0	1
9606.ENSP00000296755	1	3175	0
9606.ENSP00000296782	13	0	1
9606.ENSP00000296785	4	0	1
9606.ENSP00000296792	52	0	1
9606.ENSP00000296795	7	0	1
9606.ENSP00000296849	1	3186	0
9606.ENSP00000296859	2	1884	0
9606.ENSP00000296861	2	1871	0
9606.ENSP00000296870	9	0	1
9606.ENSP00000296871	12	0	1
9606.ENSP00000296930	10	0	1
9606.ENSP00000296946	1	3186	0
9606.ENSP00000296953	1	3182	0
9606.ENSP00000296980	1	3186	0
9606.ENSP00000297012	31	0	1
9606.ENSP00000297029	3	0	1
9606.ENSP00000297044	1	3179	0
9606.ENSP00000297056	1	3186	0
9606.ENSP00000297109	4	0	1
9606.ENSP00000297135	7	0	1
9606.ENSP00000297145	3	0	1
9606.ENSP00000297151	12	0	1
9606.ENSP00000297156	4	0	1
9606.ENSP00000297185	12	0	1
9606.ENSP00000297205	1	3186	0
9606.ENSP00000297258	1	3184	0
9606.ENSP00000297261	10	0	1
9606.ENSP00000297265	6	0	1
9606.ENSP00000297268	8	0	1
9606.ENSP00000297283	2	1894	0
9606.ENSP00000297316	1	3177	0
9606.ENSP00000297323	2	1894	0
9606.ENSP00000297338	14	0	1
9606.ENSP00000297347	34	0	1
9606.ENSP00000297350	1	3180	0
9606.ENSP00000297431	13	0	1
9606.ENSP00000297439	5	0	1
9606.ENSP00000297494	13	0	1
9606.ENSP00000297504	1	3186	0
9606.ENSP00000297508	5	0	1
9606.ENSP00000297512	2	1894	0
9606.ENSP00000297540	4	0	1
9606.ENSP00000297579	84	0	1
9606.ENSP00000297581	1	3182	0
9606.ENSP00000297591	10	0	1
9606.ENSP00000297613	8	0	1
9606.ENSP00000297689	1	3186	0
9606.ENSP00000297785	3	0	1
9606.ENSP00000297837	3	0	1
9606.ENSP00000297904	5	0	1
9606.ENSP00000297954	1	3186	0
9606.ENSP00000297990	52	0	1
9606.ENSP00000298130	7	0	1
9606.ENSP00000298139	8	0	1
9606.ENSP00000298159	8	0	1
9606.ENSP00000298229	4	0	1
9606.ENSP00000298281	2	1893	0
9606.ENSP00000298283	57	0	1
9606.ENSP00000298288	4	0	1
9606.ENSP00000298307	16	0	1
9606.ENSP00000298310	2	1884	0
9606.ENSP00000298316	6	0	1
9606.ENSP00000298351	1	3184	0
9606.ENSP00000298386	6	0	1
9606.ENSP00000298428	3	0	1
9606.ENSP00000298492	4	0	1
9606.ENSP00000298527	2	1874	0
9606.ENSP00000298532	7	0	1
9606.ENSP00000298552	19	0	1
9606.ENSP00000298556	1	3186	0
9606.ENSP00000298573	1	3180	0
9606.ENSP00000298717	13	0	1
9606.ENSP00000298743	6	0	1
9606.ENSP00000298767	9	0	1
9606.ENSP00000298786	3	0	1
9606.ENSP00000298875	10	0	1
9606.ENSP00000298910	4	0	1
9606.ENSP00000298925	1	3186	0
9606.ENSP00000299001	3	0	1
9606.ENSP00000299022	8	0	1
9606.ENSP00000299084	1	3186	0
9606.ENSP00000299106	7	0	1
9606.ENSP00000299138	9	0	1
9606.ENSP00000299155	2	1883	0
9606.ENSP00000299163	8	0	1
9606.ENSP00000299166	46	0	1
9606.ENSP00000299178	4	0	1
9606.ENSP00000299198	2	1892	0
9606.ENSP00000299238	2	1894	0
9606.ENSP00000299259	14	0	1
9606.ENSP00000299299	2	1893	0
9606.ENSP00000299300	24	0	1
9606.ENSP00000299314	1	3186	0
9606.ENSP00000299424	50	0	1
9606.ENSP00000299427	3	0	1
9606.ENSP00000299440	1	3186	0
9606.ENSP00000299441	1	3186	0
9606.ENSP00000299518	4	0	1
9606.ENSP00000299563	1	3177	0
9606.ENSP00000299565	1	3184	0
9606.ENSP00000299575	1	3161	0
9606.ENSP00000299601	41	0	1
9606.ENSP00000299638	6	0	1
9606.ENSP00000299663	3	0	1
9606.ENSP00000299665	3	0	1
9606.ENSP00000299697	9	0	1
9606.ENSP00000299705	1	3184	0
9606.ENSP00000299721	3	0	1
9606.ENSP00000299727	5	0	1
9606.ENSP00000299766	2	1894	0
9606.ENSP00000299767	15	0	1
9606.ENSP00000299821	4	0	1
9606.ENSP00000299847	1	3184	0
9606.ENSP00000299853	17	0	1
9606.ENSP00000299855	4	0	1
9606.ENSP00000299886	7	0	1
9606.ENSP00000300026	8	0	1
9606.ENSP00000300030	4	0	1
9606.ENSP00000300035	1	3174	0
9606.ENSP00000300055	2	1893	0
9606.ENSP00000300056	2	1894	0
9606.ENSP00000300060	3	0	1
9606.ENSP00000300061	5	0	1
9606.ENSP00000300086	5	0	1
9606.ENSP00000300087	13	0	1
9606.ENSP00000300093	9	0	1
9606.ENSP00000300105	4	0	1
9606.ENSP00000300107	1	3186	0
9606.ENSP00000300113	1	3183	0
9606.ENSP00000300131	3	0	1
9606.ENSP00000300134	6	0	1
9606.ENSP00000300145	24	0	1
9606.ENSP00000300146	9	0	1
9606.ENSP00000300151	55	0	1
9606.ENSP00000300231	2	1873	0
9606.ENSP00000300245	4	0	1
9606.ENSP00000300283	1	3186	0
9606.ENSP00000300289	13	0	1
9606.ENSP00000300291	8	0	1
9606.ENSP00000300305	23	0	1
9606.ENSP00000300403	3	0	1
9606.ENSP00000300413	98	0	1
9606.ENSP00000300452	1	3186	0
9606.ENSP00000300456	1	3186	0
9606.ENSP00000300527	2	1894	0
9606.ENSP00000300574	18	0	1
9606.ENSP00000300589	6	0	1
9606.ENSP00000300651	47	0	1
9606.ENSP00000300659	9	0	1
9606.ENSP00000300688	15	0	1
9606.ENSP00000300692	9	0	1
9606.ENSP00000300738	2	1894	0
9606.ENSP00000300873	2	1873	0
9606.ENSP00000300935	13	0	1
9606.ENSP00000301019	18	0	1
9606.ENSP00000301046	4	0	1
9606.ENSP00000301050	15	0	1
9606.ENSP00000301061	1	3171	0
9606.ENSP00000301067	11	0	1
9606.ENSP00000301141	5	0	1
9606.ENSP00000301149	1	3186	0
9606.ENSP00000301159	7	0	1
9606.ENSP00000301175	3	0	1
9606.ENSP00000301178	2	1894	0
9606.ENSP00000301200	1	3145	0
9606.ENSP00000301218	4	0	1
9606.ENSP00000301280	2	1876	0
9606.ENSP00000301281	8	0	1
9606.ENSP00000301295	2	1888	0
9606.ENSP00000301336	2	1893	0
9606.ENSP00000301364	24	0	1
9606.ENSP00000301365	1	3182	0
9606.ENSP00000301396	27	0	1
9606.ENSP00000301408	4	0	1
9606.ENSP00000301420	2	1894	0
9606.ENSP00000301452	8	0	1
9606.ENSP00000301454	1	3187	0
9606.ENSP00000301455	1	3186	0
9606.ENSP00000301457	46	0	1
9606.ENSP00000301458	1	3186	0
9606.ENSP00000301464	3	0	1
9606.ENSP00000301466	1	3186	0
9606.ENSP00000301585	46	0	1
9606.ENSP00000301587	19	0	1
9606.ENSP00000301633	3	0	1
9606.ENSP00000301691	2	1877	0
9606.ENSP00000301727	1	3077	0
9606.ENSP00000301729	2	1893	0
9606.ENSP00000301738	1	3172	0
9606.ENSP00000301740	72	0	1
9606.ENSP00000301761	4	0	1
9606.ENSP00000301764	39	0	1
9606.ENSP00000301765	21	0	1
9606.ENSP00000301788	51	0	1
9606.ENSP00000301825	4	0	1
9606.ENSP00000301838	18	0	1
9606.ENSP00000301873	2	1882	0
9606.ENSP00000301887	2	1893	0
9606.ENSP00000301896	1	3186	0
9606.ENSP00000301945	1	3186	0
9606.ENSP00000301972	2	1888	0
9606.ENSP00000302037	2	1894	0
9606.ENSP00000302079	3	0	1
9606.ENSP00000302108	2	1894	0
9606.ENSP00000302114	1	3187	0
9606.ENSP00000302150	11	0	1
9606.ENSP00000302160	58	0	1
9606.ENSP00000302177	9	0	1
9606.ENSP00000302194	13	0	1
9606.ENSP00000302234	12	0	1
9606.ENSP00000302276	3	0	1
9606.ENSP00000302289	2	1889	0
9606.ENSP00000302324	2	1893	0
9606.ENSP00000302327	19	0	1
9606.ENSP00000302413	1	3186	0
9606.ENSP00000302476	3	0	1
9606.ENSP00000302478	23	0	1
9606.ENSP00000302486	11	0	1
9606.ENSP00000302530	7	0	1
9606.ENSP00000302543	1	3181	0
9606.ENSP00000302548	1	3185	0
9606.ENSP00000302569	9	0	1
9606.ENSP00000302599	1	3186	0
9606.ENSP00000302620	6	0	1
9606.ENSP00000302621	1	3183	0
9606.ENSP00000302625	13	0	1
9606.ENSP00000302629	2	1894	0
9606.ENSP00000302640	1	3186	0
9606.ENSP00000302648	5	0	1
9606.ENSP00000302724	4	0	1
9606.ENSP00000302728	1	3185	0
9606.ENSP00000302768	10	0	1
9606.ENSP00000302783	14	0	1
9606.ENSP00000302790	1	3169	0
9606.ENSP00000302811	4	0	1
9606.ENSP00000302830	1	3185	0
9606.ENSP00000302846	2	1892	0
9606.ENSP00000302886	44	0	1
9606.ENSP00000302898	1	3184	0
9606.ENSP00000302935	1	3163	0
9606.ENSP00000302961	37	0	1
9606.ENSP00000302967	11	0	1
9606.ENSP00000302968	1	3186	0
9606.ENSP00000303015	21	0	1
9606.ENSP00000303077	6	0	1
9606.ENSP00000303145	7	0	1
9606.ENSP00000303147	2	1894	0
9606.ENSP00000303158	3	0	1
9606.ENSP00000303178	1	3186	0
9606.ENSP00000303208	6	0	1
9606.ENSP00000303231	2	1891	0
9606.ENSP00000303276	3	0	1
9606.ENSP00000303315	7	0	1
9606.ENSP00000303325	1	3185	0
9606.ENSP00000303373	83	0	1
9606.ENSP00000303394	6	0	1
9606.ENSP00000303398	1	3186	0
9606.ENSP00000303423	2	1892	0
9606.ENSP00000303427	10	0	1
9606.ENSP00000303452	1	3160	0
9606.ENSP00000303507	1	3164	0
9606.ENSP00000303511	2	1892	0
9606.ENSP00000303522	5	0	1
9606.ENSP00000303525	2	1890	0
9606.ENSP00000303532	7	0	1
9606.ENSP00000303540	2	1891	0
9606.ENSP00000303575	2	1894	0
9606.ENSP00000303584	15	0	1
9606.ENSP00000303634	2	1877	0
9606.ENSP00000303686	3	0	1
9606.ENSP00000303706	2	1887	0
9606.ENSP00000303709	3	0	1
9606.ENSP00000303754	11	0	1
9606.ENSP00000303775	2	1894	0
9606.ENSP00000303830	12	0	1
9606.ENSP00000303942	4	0	1
9606.ENSP00000303963	1	3186	0
9606.ENSP00000303978	4	0	1
9606.ENSP00000304051	1	3186	0
9606.ENSP00000304102	15	0	1
9606.ENSP00000304147	12	0	1
9606.ENSP00000304250	1	3186	0
9606.ENSP00000304283	20	0	1
9606.ENSP00000304292	2	1889	0
9606.ENSP00000304327	1	3184	0
9606.ENSP00000304336	1	3182	0
9606.ENSP00000304353	22	0	1
9606.ENSP00000304364	2	1894	0
9606.ENSP00000304408	6	0	1
9606.ENSP00000304422	1	3182	0
9606.ENSP00000304501	1	3159	0
9606.ENSP00000304586	1	3185	0
9606.ENSP00000304592	7	0	1
9606.ENSP00000304593	5	0	1
9606.ENSP00000304604	3	0	1
9606.ENSP00000304642	1	3179	0
9606.ENSP00000304643	45	0	1
9606.ENSP00000304669	18	0	1
9606.ENSP00000304767	1	3186	0
9606.ENSP00000304802	3	0	1
9606.ENSP00000304822	1	3186	0
9606.ENSP00000304891	9	0	1
9606.ENSP00000304895	15	0	1
9606.ENSP00000304903	5	0	1
9606.ENSP00000304915	5	0	1
9606.ENSP00000304941	10	0	1
9606.ENSP00000304945	3	0	1
9606.ENSP00000304987	1	3183	0
9606.ENSP00000305071	4	0	1
9606.ENSP00000305133	1	3178	0
9606.ENSP00000305230	7	0	1
9606.ENSP00000305255	6	0	1
9606.ENSP00000305260	8	0	1
9606.ENSP00000305288	4	0	1
9606.ENSP00000305302	1	3171	0
9606.ENSP00000305372	8	0	1
9606.ENSP00000305416	4	0	1
9606.ENSP00000305422	13	0	1
9606.ENSP00000305442	8	0	1
9606.ENSP00000305449	2	1893	0
9606.ENSP00000305480	5	0	1
9606.ENSP00000305529	4	0	1
9606.ENSP00000305556	4	0	1
9606.ENSP00000305595	2	1894	0
9606.ENSP00000305603	2	1894	0
9606.ENSP00000305613	9	0	1
9606.ENSP00000305632	3	0	1
9606.ENSP00000305651	15	0	1
9606.ENSP00000305682	49	0	1
9606.ENSP00000305696	3	0	1
9606.ENSP00000305699	5	0	1
9606.ENSP00000305714	1	3179	0
9606.ENSP00000305725	2	1894	0
9606.ENSP00000305742	1	3186	0
9606.ENSP00000305766	2	1852	0
9606.ENSP00000305769	7	0	1
9606.ENSP00000305790	83	0	1
9606.ENSP00000305810	5	0	1
9606.ENSP00000305875	3	0	1
9606.ENSP00000305877	4	0	1
9606.ENSP00000305918	4	0	1
9606.ENSP00000305924	1	3186	0
9606.ENSP00000305941	3	0	1
9606.ENSP00000305988	3	0	1
9606.ENSP00000305995	2	1883	0
9606.ENSP00000306003	16	0	1
9606.ENSP00000306010	2	1879	0
9606.ENSP00000306080	13	0	1
9606.ENSP00000306099	5	0	1
9606.ENSP00000306105	3	0	1
9606.ENSP00000306117	1	3186	0
9606.ENSP00000306124	3	0	1
9606.ENSP00000306138	8	0	1
9606.ENSP00000306157	6	0	1
9606.ENSP00000306185	1	3186	0
9606.ENSP00000306220	9	0	1
9606.ENSP00000306245	24	0	1
9606.ENSP00000306253	16	0	1
9606.ENSP00000306275	1	3186	0
9606.ENSP00000306320	4	0	1
9606.ENSP00000306330	11	0	1
9606.ENSP00000306397	40	0	1
9606.ENSP00000306449	1	3185	0
9606.ENSP00000306459	1	3183	0
9606.ENSP00000306490	11	0	1
9606.ENSP00000306496	2	1882	0
9606.ENSP00000306497	9	0	1
9606.ENSP00000306512	12	0	1
9606.ENSP00000306548	64	0	1
9606.ENSP00000306561	1	3184	0
9606.ENSP00000306606	2	1894	0
9606.ENSP00000306614	28	0	1
9606.ENSP00000306625	1	3185	0
9606.ENSP00000306662	2	1894	0
9606.ENSP00000306670	1	3166	0
9606.ENSP00000306752	1	3186	0
9606.ENSP00000306760	1	3186	0
9606.ENSP00000306772	8	0	1
9606.ENSP00000306822	2	1884	0
9606.ENSP00000306844	1	3183	0
9606.ENSP00000306866	20	0	1
9606.ENSP00000306881	13	0	1
9606.ENSP00000306884	9	0	1
9606.ENSP00000306902	67	0	1
9606.ENSP00000306920	6	0	1
9606.ENSP00000306983	6	0	1
9606.ENSP00000306997	1	3181	0
9606.ENSP00000307004	4	0	1
9606.ENSP00000307046	4	0	1
9606.ENSP00000307078	11	0	1
9606.ENSP00000307126	1	3186	0
9606.ENSP00000307134	2	1877	0
9606.ENSP00000307143	11	0	1
9606.ENSP00000307156	4	0	1
9606.ENSP00000307181	7	0	1
9606.ENSP00000307183	31	0	1
9606.ENSP00000307199	2	1888	0
9606.ENSP00000307208	25	0	1
9606.ENSP00000307235	1	3178	0
9606.ENSP00000307241	6	0	1
9606.ENSP00000307259	1	3186	0
9606.ENSP00000307272	26	0	1
9606.ENSP00000307280	1	3187	0
9606.ENSP00000307288	25	0	1
9606.ENSP00000307298	16	0	1
9606.ENSP00000307305	2	1891	0
9606.ENSP00000307342	2	1894	0
9606.ENSP00000307411	3	0	1
9606.ENSP00000307479	6	0	1
9606.ENSP00000307491	10	0	1
9606.ENSP00000307513	2	1893	0
9606.ENSP00000307567	14	0	1
9606.ENSP00000307666	3	0	1
9606.ENSP00000307674	3	0	1
9606.ENSP00000307684	31	0	1
9606.ENSP00000307697	2	1894	0
9606.ENSP00000307701	1	3186	0
9606.ENSP00000307705	2	1886	0
9606.ENSP00000307766	2	1850	0
9606.ENSP00000307786	15	0	1
9606.ENSP00000307822	2	1894	0
9606.ENSP00000307833	1	3150	0
9606.ENSP00000307850	2	1891	0
9606.ENSP00000307853	5	0	1
9606.ENSP00000307863	14	0	1
9606.ENSP00000307889	83	0	1
9606.ENSP00000307900	2	1894	0
9606.ENSP00000307911	1	3186	0
9606.ENSP00000307939	5	0	1
9606.ENSP00000307940	69	0	1
9606.ENSP00000307959	5	0	1
9606.ENSP00000307971	2	1894	0
9606.ENSP00000308012	1	3184	0
9606.ENSP00000308022	18	0	1
9606.ENSP00000308032	2	1886	0
9606.ENSP00000308117	1	3123	0
9606.ENSP00000308122	20	0	1
9606.ENSP00000308179	53	0	1
9606.ENSP00000308193	2	1888	0
9606.ENSP00000308208	5	0	1
9606.ENSP00000308219	9	0	1
9606.ENSP00000308236	21	0	1
9606.ENSP00000308258	1	3186	0
9606.ENSP00000308275	38	0	1
9606.ENSP00000308318	8	0	1
9606.ENSP00000308339	2	1892	0
9606.ENSP00000308351	16	0	1
9606.ENSP00000308369	3	0	1
9606.ENSP00000308405	25	0	1
9606.ENSP00000308413	1	3185	0
9606.ENSP00000308430	10	0	1
9606.ENSP00000308461	7	0	1
9606.ENSP00000308472	5	0	1
9606.ENSP00000308533	16	0	1
9606.ENSP00000308541	13	0	1
9606.ENSP00000308546	4	0	1
9606.ENSP00000308576	6	0	1
9606.ENSP00000308583	27	0	1
9606.ENSP00000308622	3	0	1
9606.ENSP00000308717	15	0	1
9606.ENSP00000308720	3	0	1
9606.ENSP00000308725	10	0	1
9606.ENSP00000308750	66	0	1
9606.ENSP00000308772	1	3185	0
9606.ENSP00000308782	9	0	1
9606.ENSP00000308815	14	0	1
9606.ENSP00000308897	53	0	1
9606.ENSP00000308925	3	0	1
9606.ENSP00000308938	18	0	1
9606.ENSP00000308944	4	0	1
9606.ENSP00000309031	1	3181	0
9606.ENSP00000309052	3	0	1
9606.ENSP00000309092	1	3186	0
9606.ENSP00000309096	2	1894	0
9606.ENSP00000309116	4	0	1
9606.ENSP00000309124	2	1872	0
9606.ENSP00000309245	1	3179	0
9606.ENSP00000309262	1	3159	0
9606.ENSP00000309334	85	0	1
9606.ENSP00000309338	2	1893	0
9606.ENSP00000309402	1	3186	0
9606.ENSP00000309415	9	0	1
9606.ENSP00000309430	4	0	1
9606.ENSP00000309457	6	0	1
9606.ENSP00000309474	34	0	1
9606.ENSP00000309477	2	1893	0
9606.ENSP00000309493	1	3186	0
9606.ENSP00000309504	1	3186	0
9606.ENSP00000309542	2	1894	0
9606.ENSP00000309555	41	0	1
9606.ENSP00000309565	26	0	1
9606.ENSP00000309572	23	0	1
9606.ENSP00000309591	21	0	1
9606.ENSP00000309595	1	3186	0
9606.ENSP00000309597	3	0	1
9606.ENSP00000309644	6	0	1
9606.ENSP00000309749	1	3178	0
9606.ENSP00000309767	12	0	1
9606.ENSP00000309790	2	1894	0
9606.ENSP00000309830	90	0	1
9606.ENSP00000309913	4	0	1
9606.ENSP00000309968	2	1894	0
9606.ENSP00000310003	2	1888	0
9606.ENSP00000310006	1	3164	0
9606.ENSP00000310008	24	0	1
9606.ENSP00000310036	1	3176	0
9606.ENSP00000310042	2	1891	0
9606.ENSP00000310094	2	1894	0
9606.ENSP00000310120	1	3186	0
9606.ENSP00000310129	38	0	1
9606.ENSP00000310170	6	0	1
9606.ENSP00000310208	1	3184	0
9606.ENSP00000310216	9	0	1
9606.ENSP00000310219	1	3156	0
9606.ENSP00000310226	2	1893	0
9606.ENSP00000310244	1	3186	0
9606.ENSP00000310260	26	0	1
9606.ENSP00000310263	4	0	1
9606.ENSP00000310332	2	1877	0
9606.ENSP00000310335	2	1892	0
9606.ENSP00000310356	4	0	1
9606.ENSP00000310405	2	1894	0
9606.ENSP00000310447	2	1894	0
9606.ENSP00000310448	57	0	1
9606.ENSP00000310491	2	1869	0
9606.ENSP00000310520	27	0	1
9606.ENSP00000310551	13	0	1
9606.ENSP00000310557	6	0	1
9606.ENSP00000310572	34	0	1
9606.ENSP00000310596	9	0	1
9606.ENSP00000310620	4	0	1
9606.ENSP00000310623	3	0	1
9606.ENSP00000310631	1	3128	0
9606.ENSP00000310668	25	0	1
9606.ENSP00000310670	2	1883	0
9606.ENSP00000310688	2	1894	0
9606.ENSP00000310696	3	0	1
9606.ENSP00000310723	32	0	1
9606.ENSP00000310726	19	0	1
9606.ENSP00000310829	6	0	1
9606.ENSP00000310841	2	1874	0
9606.ENSP00000310842	14	0	1
9606.ENSP00000310928	3	0	1
9606.ENSP00000311005	1	3186	0
9606.ENSP00000311032	6	0	1
9606.ENSP00000311035	4	0	1
9606.ENSP00000311083	9	0	1
9606.ENSP00000311095	2	1894	0
9606.ENSP00000311121	17	0	1
9606.ENSP00000311127	7	0	1
9606.ENSP00000311135	15	0	1
9606.ENSP00000311196	3	0	1
9606.ENSP00000311219	1	3181	0
9606.ENSP00000311224	10	0	1
9606.ENSP00000311273	6	0	1
9606.ENSP00000311280	1	3186	0
9606.ENSP00000311313	1	3186	0
9606.ENSP00000311344	13	0	1
9606.ENSP00000311360	13	0	1
9606.ENSP00000311368	4	0	1
9606.ENSP00000311399	2	1891	0
9606.ENSP00000311405	5	0	1
9606.ENSP00000311427	2	1894	0
9606.ENSP00000311429	2	1894	0
9606.ENSP00000311430	87	0	1
9606.ENSP00000311449	7	0	1
9606.ENSP00000311469	1	3167	0
9606.ENSP00000311486	4	0	1
9606.ENSP00000311500	5	0	1
9606.ENSP00000311502	1	3186	0
9606.ENSP00000311505	3	0	1
9606.ENSP00000311513	4	0	1
9606.ENSP00000311538	1	3154	0
9606.ENSP00000311579	4	0	1
9606.ENSP00000311648	1	3186	0
9606.ENSP00000311697	6	0	1
9606.ENSP00000311747	3	0	1
9606.ENSP00000311816	7	0	1
9606.ENSP00000311825	7	0	1
9606.ENSP00000311827	18	0	1
9606.ENSP00000311837	2	1892	0
9606.ENSP00000311899	1	3186	0
9606.ENSP00000311905	1	3173	0
9606.ENSP00000311962	2	1888	0
9606.ENSP00000311997	4	0	1
9606.ENSP00000312002	11	0	1
9606.ENSP00000312021	1	3186	0
9606.ENSP00000312066	8	0	1
9606.ENSP00000312081	2	1894	0
9606.ENSP00000312082	2	1884	0
9606.ENSP00000312107	6	0	1
9606.ENSP00000312126	2	1894	0
9606.ENSP00000312129	1	3186	0
9606.ENSP00000312134	1	3187	0
9606.ENSP00000312150	1	3179	0
9606.ENSP00000312158	2	1884	0
9606.ENSP00000312185	8	0	1
9606.ENSP00000312244	32	0	1
9606.ENSP00000312250	8	0	1
9606.ENSP00000312262	11	0	1
9606.ENSP00000312311	52	0	1
9606.ENSP00000312326	4	0	1
9606.ENSP00000312356	2	1893	0
9606.ENSP00000312379	19	0	1
9606.ENSP00000312397	27	0	1
9606.ENSP00000312442	7	0	1
9606.ENSP00000312455	11	0	1
9606.ENSP00000312617	3	0	1
9606.ENSP00000312618	3	0	1
9606.ENSP00000312624	3	0	1
9606.ENSP00000312631	1	3153	0
9606.ENSP00000312649	21	0	1
9606.ENSP00000312652	12	0	1
9606.ENSP00000312663	7	0	1
9606.ENSP00000312664	4	0	1
9606.ENSP00000312673	12	0	1
9606.ENSP00000312675	3	0	1
9606.ENSP00000312709	65	0	1
9606.ENSP00000312734	2	1888	0
9606.ENSP00000312741	7	0	1
9606.ENSP00000312778	15	0	1
9606.ENSP00000312811	1	3186	0
9606.ENSP00000312834	2	1894	0
9606.ENSP00000312981	29	0	1
9606.ENSP00000312987	11	0	1
9606.ENSP00000312988	7	0	1
9606.ENSP00000312995	8	0	1
9606.ENSP00000312999	14	0	1
9606.ENSP00000313007	20	0	1
9606.ENSP00000313034	27	0	1
9606.ENSP00000313169	2	1894	0
9606.ENSP00000313171	4	0	1
9606.ENSP00000313172	1	3146	0
9606.ENSP00000313199	6	0	1
9606.ENSP00000313309	2	1893	0
9606.ENSP00000313377	2	1894	0
9606.ENSP00000313391	3	0	1
9606.ENSP00000313419	8	0	1
9606.ENSP00000313420	28	0	1
9606.ENSP00000313423	5	0	1
9606.ENSP00000313432	2	1894	0
9606.ENSP00000313454	7	0	1
9606.ENSP00000313504	8	0	1
9606.ENSP00000313571	1	3186	0
9606.ENSP00000313581	2	1894	0
9606.ENSP00000313582	1	3186	0
9606.ENSP00000313600	6	0	1
9606.ENSP00000313603	23	0	1
9606.ENSP00000313681	6	0	1
9606.ENSP00000313809	1	3186	0
9606.ENSP00000313829	3	0	1
9606.ENSP00000313851	8	0	1
9606.ENSP00000313869	1	3186	0
9606.ENSP00000313875	6	0	1
9606.ENSP00000313877	1	3182	0
9606.ENSP00000313933	20	0	1
9606.ENSP00000313950	5	0	1
9606.ENSP00000313967	4	0	1
9606.ENSP00000313983	28	0	1
9606.ENSP00000313995	16	0	1
9606.ENSP00000314004	42	0	1
9606.ENSP00000314029	27	0	1
9606.ENSP00000314030	1	3148	0
9606.ENSP00000314036	8	0	1
9606.ENSP00000314042	1	3139	0
9606.ENSP00000314067	7	0	1
9606.ENSP00000314080	1	3160	0
9606.ENSP00000314129	2	1892	0
9606.ENSP00000314151	3	0	1
9606.ENSP00000314193	53	0	1
9606.ENSP00000314223	2	1850	0
9606.ENSP00000314299	1	3179	0
9606.ENSP00000314420	2	1892	0
9606.ENSP00000314441	1	3186	0
9606.ENSP00000314444	6	0	1
9606.ENSP00000314499	4	0	1
9606.ENSP00000314505	7	0	1
9606.ENSP00000314508	4	0	1
9606.ENSP00000314543	1	3185	0
9606.ENSP00000314544	2	1894	0
9606.ENSP00000314608	1	3172	0
9606.ENSP00000314733	6	0	1
9606.ENSP00000314807	10	0	1
9606.ENSP00000314897	6	0	1
9606.ENSP00000314976	6	0	1
9606.ENSP00000315011	4	0	1
9606.ENSP00000315017	27	0	1
9606.ENSP00000315112	19	0	1
9606.ENSP00000315130	11	0	1
9606.ENSP00000315137	5	0	1
9606.ENSP00000315182	1	3181	0
9606.ENSP00000315190	17	0	1
9606.ENSP00000315299	45	0	1
9606.ENSP00000315379	56	0	1
9606.ENSP00000315397	35	0	1
9606.ENSP00000315476	17	0	1
9606.ENSP00000315477	12	0	1
9606.ENSP00000315564	4	0	1
9606.ENSP00000315602	7	0	1
9606.ENSP00000315644	2	1894	0
9606.ENSP00000315680	4	0	1
9606.ENSP00000315693	4	0	1
9606.ENSP00000315700	2	1876	0
9606.ENSP00000315702	11	0	1
9606.ENSP00000315713	2	1894	0
9606.ENSP00000315743	1	3178	0
9606.ENSP00000315768	10	0	1
9606.ENSP00000315774	52	0	1
9606.ENSP00000315775	8	0	1
9606.ENSP00000315791	10	0	1
9606.ENSP00000315915	1	3153	0
9606.ENSP00000315931	2	1894	0
9606.ENSP00000315997	11	0	1
9606.ENSP00000316029	24	0	1
9606.ENSP00000316032	30	0	1
9606.ENSP00000316054	22	0	1
9606.ENSP00000316114	47	0	1
9606.ENSP00000316130	2	1892	0
9606.ENSP00000316176	25	0	1
9606.ENSP00000316228	7	0	1
9606.ENSP00000316244	4	0	1
9606.ENSP00000316329	9	0	1
9606.ENSP00000316335	2	1894	0
9606.ENSP00000316338	8	0	1
9606.ENSP00000316357	2	1878	0
9606.ENSP00000316377	4	0	1
9606.ENSP00000316416	9	0	1
9606.ENSP00000316476	1	3186	0
9606.ENSP00000316512	1	3185	0
9606.ENSP00000316543	1	3163	0
9606.ENSP00000316578	36	0	1
9606.ENSP00000316589	1	3185	0
9606.ENSP00000316598	8	0	1
9606.ENSP00000316605	1	3186	0
9606.ENSP00000316609	6	0	1
9606.ENSP00000316675	1	3184	0
9606.ENSP00000316779	6	0	1
9606.ENSP00000316786	2	1894	0
9606.ENSP00000316845	2	1880	0
9606.ENSP00000316909	6	0	1
9606.ENSP00000316924	3	0	1
9606.ENSP00000316948	1	3186	0
9606.ENSP00000317027	2	1894	0
9606.ENSP00000317039	8	0	1
9606.ENSP00000317123	86	0	1
9606.ENSP00000317128	3	0	1
9606.ENSP00000317159	38	0	1
9606.ENSP00000317272	17	0	1
9606.ENSP00000317300	12	0	1
9606.ENSP00000317331	9	0	1
9606.ENSP00000317334	23	0	1
9606.ENSP00000317376	59	0	1
9606.ENSP00000317379	2	1894	0
9606.ENSP00000317382	3	0	1
9606.ENSP00000317404	2	1894	0
9606.ENSP00000317445	1	3185	0
9606.ENSP00000317468	26	0	1
9606.ENSP00000317469	8	0	1
9606.ENSP00000317473	5	0	1
9606.ENSP00000317578	6	0	1
9606.ENSP00000317674	4	0	1
9606.ENSP00000317691	22	0	1
9606.ENSP00000317714	17	0	1
9606.ENSP00000317721	2	1894	0
9606.ENSP00000317780	28	0	1
9606.ENSP00000317790	3	0	1
9606.ENSP00000317817	4	0	1
9606.ENSP00000317872	2	1841	0
9606.ENSP00000317891	3	0	1
9606.ENSP00000317904	4	0	1
9606.ENSP00000317955	7	0	1
9606.ENSP00000317971	1	3173	0
9606.ENSP00000317985	2	1881	0
9606.ENSP00000317992	5	0	1
9606.ENSP00000317997	10	0	1
9606.ENSP00000318016	7	0	1
9606.ENSP00000318057	3	0	1
9606.ENSP00000318066	1	3186	0
9606.ENSP00000318094	10	0	1
9606.ENSP00000318128	7	0	1
9606.ENSP00000318142	1	3186	0
9606.ENSP00000318147	2	1894	0
9606.ENSP00000318158	36	0	1
9606.ENSP00000318165	7	0	1
9606.ENSP00000318176	3	0	1
9606.ENSP00000318195	6	0	1
9606.ENSP00000318197	12	0	1
9606.ENSP00000318297	76	0	1
9606.ENSP00000318351	3	0	1
9606.ENSP00000318429	2	1894	0
9606.ENSP00000318486	1	3186	0
9606.ENSP00000318585	3	0	1
9606.ENSP00000318629	21	0	1
9606.ENSP00000318635	12	0	1
9606.ENSP00000318641	17	0	1
9606.ENSP00000318646	74	0	1
9606.ENSP00000318650	1	3185	0
9606.ENSP00000318690	3	0	1
9606.ENSP00000318697	9	0	1
9606.ENSP00000318803	1	3183	0
9606.ENSP00000318822	9	0	1
9606.ENSP00000318861	67	0	1
9606.ENSP00000318868	2	1893	0
9606.ENSP00000318884	1	3186	0
9606.ENSP00000319060	1	3142	0
9606.ENSP00000319104	21	0	1
9606.ENSP00000319169	28	0	1
9606.ENSP00000319170	2	1894	0
9606.ENSP00000319240	64	0	1
9606.ENSP00000319341	7	0	1
9606.ENSP00000319370	9	0	1
9606.ENSP00000319417	6	0	1
9606.ENSP00000319464	1	3186	0
9606.ENSP00000319476	9	0	1
9606.ENSP00000319482	1	3183	0
9606.ENSP00000319486	1	3173	0
9606.ENSP00000319531	3	0	1
9606.ENSP00000319591	4	0	1
9606.ENSP00000319597	5	0	1
9606.ENSP00000319635	22	0	1
9606.ENSP00000319636	2	1894	0
9606.ENSP00000319664	1	3169	0
9606.ENSP00000319713	1	3173	0
9606.ENSP00000319756	1	3184	0
9606.ENSP00000319788	1	3186	0
9606.ENSP00000319799	1	3168	0
9606.ENSP00000319814	1	3186	0
9606.ENSP00000319846	1	3186	0
9606.ENSP00000319883	2	1882	0
9606.ENSP00000320006	4	0	1
9606.ENSP00000320025	6	0	1
9606.ENSP00000320043	4	0	1
9606.ENSP00000320081	7	0	1
9606.ENSP00000320084	3	0	1
9606.ENSP00000320092	3	0	1
9606.ENSP00000320117	4	0	1
9606.ENSP00000320130	11	0	1
9606.ENSP00000320147	53	0	1
9606.ENSP00000320171	13	0	1
9606.ENSP00000320176	20	0	1
9606.ENSP00000320180	3	0	1
9606.ENSP00000320184	35	0	1
9606.ENSP00000320209	1	3186	0
9606.ENSP00000320236	5	0	1
9606.ENSP00000320291	2	1893	0
9606.ENSP00000320295	12	0	1
9606.ENSP00000320309	2	1894	0
9606.ENSP00000320346	33	0	1
9606.ENSP00000320359	15	0	1
9606.ENSP00000320378	1	3180	0
9606.ENSP00000320416	21	0	1
9606.ENSP00000320485	31	0	1
9606.ENSP00000320508	1	3186	0
9606.ENSP00000320543	3	0	1
9606.ENSP00000320566	34	0	1
9606.ENSP00000320567	36	0	1
9606.ENSP00000320658	1	3186	0
9606.ENSP00000320663	1	3185	0
9606.ENSP00000320679	2	1889	0
9606.ENSP00000320866	19	0	1
9606.ENSP00000320885	2	1891	0
9606.ENSP00000320886	3	0	1
9606.ENSP00000320898	10	0	1
9606.ENSP00000320924	4	0	1
9606.ENSP00000320935	2	1893	0
9606.ENSP00000320936	7	0	1
9606.ENSP00000320949	19	0	1
9606.ENSP00000320951	4	0	1
9606.ENSP00000321070	2	1894	0
9606.ENSP00000321106	6	0	1
9606.ENSP00000321203	5	0	1
9606.ENSP00000321221	3	0	1
9606.ENSP00000321239	1	3180	0
9606.ENSP00000321260	14	0	1
9606.ENSP00000321326	12	0	1
9606.ENSP00000321330	1	3169	0
9606.ENSP00000321334	1	3180	0
9606.ENSP00000321345	5	0	1
9606.ENSP00000321348	1	3176	0
9606.ENSP00000321388	21	0	1
9606.ENSP00000321424	3	0	1
9606.ENSP00000321449	50	0	1
9606.ENSP00000321455	5	0	1
9606.ENSP00000321537	4	0	1
9606.ENSP00000321546	7	0	1
9606.ENSP00000321584	1	3186	0
9606.ENSP00000321617	1	3181	0
9606.ENSP00000321636	9	0	1
9606.ENSP00000321656	11	0	1
9606.ENSP00000321691	1	3186	0
9606.ENSP00000321706	18	0	1
9606.ENSP00000321711	16	0	1
9606.ENSP00000321735	1	3166	0
9606.ENSP00000321744	46	0	1
9606.ENSP00000321797	7	0	1
9606.ENSP00000321826	2	1886	0
9606.ENSP00000321835	1	3173	0
9606.ENSP00000321853	2	1852	0
9606.ENSP00000321874	2	1894	0
9606.ENSP00000321971	3	0	1
9606.ENSP00000322061	9	0	1
9606.ENSP00000322170	6	0	1
9606.ENSP00000322180	6	0	1
9606.ENSP00000322181	8	0	1
9606.ENSP00000322192	2	1894	0
9606.ENSP00000322229	7	0	1
9606.ENSP00000322249	4	0	1
9606.ENSP00000322251	2	1885	0
9606.ENSP00000322276	1	3186	0
9606.ENSP00000322316	3	0	1
9606.ENSP00000322323	1	3186	0
9606.ENSP00000322343	1	3167	0
9606.ENSP00000322396	1	3186	0
9606.ENSP00000322421	39	0	1
9606.ENSP00000322439	26	0	1
9606.ENSP00000322457	2	1892	0
9606.ENSP00000322460	8	0	1
9606.ENSP00000322524	1	3187	0
9606.ENSP00000322532	1	3166	0
9606.ENSP00000322570	24	0	1
9606.ENSP00000322617	4	0	1
9606.ENSP00000322706	1	3186	0
9606.ENSP00000322775	1	3186	0
9606.ENSP00000322788	5	0	1
9606.ENSP00000322804	1	3166	0
9606.ENSP00000322832	1	3186	0
9606.ENSP00000322898	2	1891	0
9606.ENSP00000322924	2	1850	0
9606.ENSP00000322991	3	0	1
9606.ENSP00000323046	17	0	1
9606.ENSP00000323047	9	0	1
9606.ENSP00000323065	52	0	1
9606.ENSP00000323071	10	0	1
9606.ENSP00000323076	13	0	1
9606.ENSP00000323099	6	0	1
9606.ENSP00000323246	1	3186	0
9606.ENSP00000323264	13	0	1
9606.ENSP00000323280	1	3186	0
9606.ENSP00000323300	1	3186	0
9606.ENSP00000323421	13	0	1
9606.ENSP00000323511	4	0	1
9606.ENSP00000323516	1	3186	0
9606.ENSP00000323527	1	3186	0
9606.ENSP00000323568	1	3185	0
9606.ENSP00000323580	16	0	1
9606.ENSP00000323588	9	0	1
9606.ENSP00000323687	1	3186	0
9606.ENSP00000323696	2	1888	0
9606.ENSP00000323720	46	0	1
9606.ENSP00000323856	6	0	1
9606.ENSP00000323867	6	0	1
9606.ENSP00000323889	7	0	1
9606.ENSP00000323901	5	0	1
9606.ENSP00000323929	9	0	1
9606.ENSP00000323967	30	0	1
9606.ENSP00000324020	1	3186	0
9606.ENSP00000324064	1	3186	0
9606.ENSP00000324101	9	0	1
9606.ENSP00000324105	1	3186	0
9606.ENSP00000324122	82	0	1
9606.ENSP00000324124	69	0	1
9606.ENSP00000324173	15	0	1
9606.ENSP00000324203	8	0	1
9606.ENSP00000324270	2	1875	0
9606.ENSP00000324287	1	3187	0
9606.ENSP00000324318	14	0	1
9606.ENSP00000324323	4	0	1
9606.ENSP00000324404	4	0	1
9606.ENSP00000324422	9	0	1
9606.ENSP00000324511	3	0	1
9606.ENSP00000324532	2	1893	0
9606.ENSP00000324560	8	0	1
9606.ENSP00000324573	2	1890	0
9606.ENSP00000324628	1	3187	0
9606.ENSP00000324648	4	0	1
9606.ENSP00000324729	5	0	1
9606.ENSP00000324804	34	0	1
9606.ENSP00000324806	24	0	1
9606.ENSP00000324810	22	0	1
9606.ENSP00000324842	2	1894	0
9606.ENSP00000324856	6	0	1
9606.ENSP00000324857	1	3183	0
9606.ENSP00000324890	21	0	1
9606.ENSP00000324944	9	0	1
9606.ENSP00000325002	8	0	1
9606.ENSP00000325017	5	0	1
9606.ENSP00000325018	1	3186	0
9606.ENSP00000325074	13	0	1
9606.ENSP00000325120	8	0	1
9606.ENSP00000325136	3	0	1
9606.ENSP00000325285	1	3186	0
9606.ENSP00000325296	2	1892	0
9606.ENSP00000325313	1	3187	0
9606.ENSP00000325326	1	3183	0
9606.ENSP00000325369	21	0	1
9606.ENSP00000325376	2	1890	0
9606.ENSP00000325377	8	0	1
9606.ENSP00000325398	4	0	1
9606.ENSP00000325425	2	1894	0
9606.ENSP00000325448	14	0	1
9606.ENSP00000325485	9	0	1
9606.ENSP00000325525	12	0	1
9606.ENSP00000325526	7	0	1
9606.ENSP00000325527	6	0	1
9606.ENSP00000325548	2	1894	0
9606.ENSP00000325562	6	0	1
9606.ENSP00000325589	1	3183	0
9606.ENSP00000325594	1	3186	0
9606.ENSP00000325612	33	0	1
9606.ENSP00000325663	2	1869	0
9606.ENSP00000325674	1	3185	0
9606.ENSP00000325677	5	0	1
9606.ENSP00000325681	4	0	1
9606.ENSP00000325690	31	0	1
9606.ENSP00000325708	1	3175	0
9606.ENSP00000325748	7	0	1
9606.ENSP00000325819	1	3186	0
9606.ENSP00000325822	1	3186	0
9606.ENSP00000325827	5	0	1
9606.ENSP00000325863	4	0	1
9606.ENSP00000325905	5	0	1
9606.ENSP00000325919	17	0	1
9606.ENSP00000326018	4	0	1
9606.ENSP00000326031	16	0	1
9606.ENSP00000326042	12	0	1
9606.ENSP00000326052	1	3186	0
9606.ENSP00000326119	8	0	1
9606.ENSP00000326128	24	0	1
9606.ENSP00000326159	3	0	1
9606.ENSP00000326219	2	1894	0
9606.ENSP00000326238	3	0	1
9606.ENSP00000326261	20	0	1
9606.ENSP00000326305	1	3186	0
9606.ENSP00000326340	3	0	1
9606.ENSP00000326366	16	0	1
9606.ENSP00000326381	10	0	1
9606.ENSP00000326432	7	0	1
9606.ENSP00000326519	9	0	1
9606.ENSP00000326531	9	0	1
9606.ENSP00000326550	4	0	1
9606.ENSP00000326563	3	0	1
9606.ENSP00000326630	4	0	1
9606.ENSP00000326649	1	3186	0
9606.ENSP00000326737	1	3184	0
9606.ENSP00000326767	29	0	1
9606.ENSP00000326804	42	0	1
9606.ENSP00000326806	31	0	1
9606.ENSP00000326813	6	0	1
9606.ENSP00000326888	2	1890	0
9606.ENSP00000326948	1	3186	0
9606.ENSP00000326981	56	0	1
9606.ENSP00000327025	6	0	1
9606.ENSP00000327048	5	0	1
9606.ENSP00000327054	3	0	1
9606.ENSP00000327116	1	3183	0
9606.ENSP00000327145	11	0	1
9606.ENSP00000327179	55	0	1
9606.ENSP00000327191	16	0	1
9606.ENSP00000327213	4	0	1
9606.ENSP00000327246	6	0	1
9606.ENSP00000327251	9	0	1
9606.ENSP00000327268	49	0	1
9606.ENSP00000327290	15	0	1
9606.ENSP00000327336	10	0	1
9606.ENSP00000327431	1	3186	0
9606.ENSP00000327436	6	0	1
9606.ENSP00000327440	1	3186	0
9606.ENSP00000327467	6	0	1
9606.ENSP00000327487	4	0	1
9606.ENSP00000327509	1	3183	0
9606.ENSP00000327513	2	1887	0
9606.ENSP00000327589	1	3186	0
9606.ENSP00000327599	2	1863	0
9606.ENSP00000327650	7	0	1
9606.ENSP00000327687	4	0	1
9606.ENSP00000327694	23	0	1
9606.ENSP00000327758	3	0	1
9606.ENSP00000327786	1	3186	0
9606.ENSP00000327796	2	1885	0
9606.ENSP00000327801	3	0	1
9606.ENSP00000327821	1	3177	0
9606.ENSP00000327824	5	0	1
9606.ENSP00000327889	25	0	1
9606.ENSP00000327890	2	1890	0
9606.ENSP00000327943	1	3186	0
9606.ENSP00000327959	2	1884	0
9606.ENSP00000328004	8	0	1
9606.ENSP00000328023	4	0	1
9606.ENSP00000328059	7	0	1
9606.ENSP00000328088	1	3186	0
9606.ENSP00000328111	2	1892	0
9606.ENSP00000328133	5	0	1
9606.ENSP00000328169	5	0	1
9606.ENSP00000328181	3	0	1
9606.ENSP00000328207	1	3186	0
9606.ENSP00000328228	1	3182	0
9606.ENSP00000328236	2	1894	0
9606.ENSP00000328269	6	0	1
9606.ENSP00000328277	1	3186	0
9606.ENSP00000328287	2	1893	0
9606.ENSP00000328340	1	3180	0
9606.ENSP00000328359	2	1894	0
9606.ENSP00000328412	3	0	1
9606.ENSP00000328423	2	1891	0
9606.ENSP00000328472	1	3128	0
9606.ENSP00000328478	2	1892	0
9606.ENSP00000328484	30	0	1
9606.ENSP00000328511	3	0	1
9606.ENSP00000328524	2	1887	0
9606.ENSP00000328547	25	0	1
9606.ENSP00000328570	2	1891	0
9606.ENSP00000328598	2	1893	0
9606.ENSP00000328625	1	3173	0
9606.ENSP00000328708	9	0	1
9606.ENSP00000328720	5	0	1
9606.ENSP00000328729	1	3187	0
9606.ENSP00000328773	5	0	1
9606.ENSP00000328777	9	0	1
9606.ENSP00000328854	57	0	1
9606.ENSP00000328875	17	0	1
9606.ENSP00000328940	2	1892	0
9606.ENSP00000328968	14	0	1
9606.ENSP00000328998	3	0	1
9606.ENSP00000329093	1	3186	0
9606.ENSP00000329097	1	3158	0
9606.ENSP00000329102	7	0	1
9606.ENSP00000329140	10	0	1
9606.ENSP00000329213	1	3183	0
9606.ENSP00000329219	2	1876	0
9606.ENSP00000329312	4	0	1
9606.ENSP00000329357	14	0	1
9606.ENSP00000329380	10	0	1
9606.ENSP00000329403	5	0	1
9606.ENSP00000329419	11	0	1
9606.ENSP00000329471	2	1894	0
9606.ENSP00000329507	3	0	1
9606.ENSP00000329668	2	1859	0
9606.ENSP00000329684	6	0	1
9606.ENSP00000329697	10	0	1
9606.ENSP00000329715	1	3186	0
9606.ENSP00000329757	21	0	1
9606.ENSP00000329797	5	0	1
9606.ENSP00000329880	1	3166	0
9606.ENSP00000329890	1	3171	0
9606.ENSP00000329915	16	0	1
9606.ENSP00000329926	1	3186	0
9606.ENSP00000329932	4	0	1
9606.ENSP00000329933	7	0	1
9606.ENSP00000329967	21	0	1
9606.ENSP00000329991	4	0	1
9606.ENSP00000330032	3	0	1
9606.ENSP00000330074	2	1894	0
9606.ENSP00000330200	1	3182	0
9606.ENSP00000330221	1	3186	0
9606.ENSP00000330237	6	0	1
9606.ENSP00000330284	3	0	1
9606.ENSP00000330289	14	0	1
9606.ENSP00000330341	9	0	1
9606.ENSP00000330381	5	0	1
9606.ENSP00000330382	10	0	1
9606.ENSP00000330393	3	0	1
9606.ENSP00000330442	5	0	1
9606.ENSP00000330484	4	0	1
9606.ENSP00000330572	6	0	1
9606.ENSP00000330633	5	0	1
9606.ENSP00000330658	3	0	1
9606.ENSP00000330694	7	0	1
9606.ENSP00000330696	10	0	1
9606.ENSP00000330737	51	0	1
9606.ENSP00000330753	1	3150	0
9606.ENSP00000330825	3	0	1
9606.ENSP00000330875	15	0	1
9606.ENSP00000330898	2	1888	0
9606.ENSP00000330945	2	1893	0
9606.ENSP00000330959	5	0	1
9606.ENSP00000331019	1	3169	0
9606.ENSP00000331087	2	1886	0
9606.ENSP00000331103	2	1894	0
9606.ENSP00000331106	1	3186	0
9606.ENSP00000331111	13	0	1
9606.ENSP00000331127	1	3186	0
9606.ENSP00000331152	1	3173	0
9606.ENSP00000331172	9	0	1
9606.ENSP00000331201	24	0	1
9606.ENSP00000331210	3	0	1
9606.ENSP00000331242	5	0	1
9606.ENSP00000331302	1	3168	0
9606.ENSP00000331310	32	0	1
9606.ENSP00000331342	5	0	1
9606.ENSP00000331358	2	1893	0
9606.ENSP00000331369	1	3186	0
9606.ENSP00000331487	10	0	1
9606.ENSP00000331544	2	1856	0
9606.ENSP00000331602	5	0	1
9606.ENSP00000331614	3	0	1
9606.ENSP00000331640	1	3183	0
9606.ENSP00000331678	1	3180	0
9606.ENSP00000331682	26	0	1
9606.ENSP00000331736	9	0	1
9606.ENSP00000331746	9	0	1
9606.ENSP00000331831	3	0	1
9606.ENSP00000331849	7	0	1
9606.ENSP00000331857	9	0	1
9606.ENSP00000331867	2	1894	0
9606.ENSP00000331897	4	0	1
9606.ENSP00000331901	2	1893	0
9606.ENSP00000331902	1	3171	0
9606.ENSP00000331983	1	3185	0
9606.ENSP00000332049	11	0	1
9606.ENSP00000332103	6	0	1
9606.ENSP00000332118	3	0	1
9606.ENSP00000332164	4	0	1
9606.ENSP00000332194	51	0	1
9606.ENSP00000332198	18	0	1
9606.ENSP00000332225	2	1894	0
9606.ENSP00000332247	14	0	1
9606.ENSP00000332256	3	0	1
9606.ENSP00000332296	6	0	1
9606.ENSP00000332340	4	0	1
9606.ENSP00000332353	10	0	1
9606.ENSP00000332444	4	0	1
9606.ENSP00000332448	1	3186	0
9606.ENSP00000332454	1	3187	0
9606.ENSP00000332504	4	0	1
9606.ENSP00000332549	18	0	1
9606.ENSP00000332591	3	0	1
9606.ENSP00000332604	30	0	1
9606.ENSP00000332656	6	0	1
9606.ENSP00000332659	2	1892	0
9606.ENSP00000332679	1	3175	0
9606.ENSP00000332706	1	3182	0
9606.ENSP00000332723	2	1894	0
9606.ENSP00000332737	3	0	1
9606.ENSP00000332756	1	3186	0
9606.ENSP00000332766	3	0	1
9606.ENSP00000332771	1	3186	0
9606.ENSP00000332790	22	0	1
9606.ENSP00000332887	24	0	1
9606.ENSP00000332900	1	3105	0
9606.ENSP00000332963	1	3186	0
9606.ENSP00000332973	43	0	1
9606.ENSP00000332979	3	0	1
9606.ENSP00000333012	1	3186	0
9606.ENSP00000333019	1	3186	0
9606.ENSP00000333157	9	0	1
9606.ENSP00000333203	3	0	1
9606.ENSP00000333262	3	0	1
9606.ENSP00000333266	7	0	1
9606.ENSP00000333277	158	0	1
9606.ENSP00000333283	13	0	1
9606.ENSP00000333298	3	0	1
9606.ENSP00000333326	12	0	1
9606.ENSP00000333363	6	0	1
9606.ENSP00000333401	51	0	1
9606.ENSP00000333433	6	0	1
9606.ENSP00000333496	7	0	1
9606.ENSP00000333547	5	0	1
9606.ENSP00000333633	13	0	1
9606.ENSP00000333639	4	0	1
9606.ENSP00000333657	1	3185	0
9606.ENSP00000333664	7	0	1
9606.ENSP00000333667	6	0	1
9606.ENSP00000333685	4	0	1
9606.ENSP00000333769	14	0	1
9606.ENSP00000333800	7	0	1
9606.ENSP00000333821	3	0	1
9606.ENSP00000333837	33	0	1
9606.ENSP00000333896	1	3186	0
9606.ENSP00000333919	3	0	1
9606.ENSP00000333920	1	3186	0
9606.ENSP00000333934	1	3187	0
9606.ENSP00000333946	2	1893	0
9606.ENSP00000333982	4	0	1
9606.ENSP00000333984	6	0	1
9606.ENSP00000334002	16	0	1
9606.ENSP00000334003	3	0	1
9606.ENSP00000334008	10	0	1
9606.ENSP00000334037	9	0	1
9606.ENSP00000334042	1	3181	0
9606.ENSP00000334051	4	0	1
9606.ENSP00000334100	10	0	1
9606.ENSP00000334122	6	0	1
9606.ENSP00000334134	2	1881	0
9606.ENSP00000334140	16	0	1
9606.ENSP00000334145	5	0	1
9606.ENSP00000334198	2	1894	0
9606.ENSP00000334216	2	1894	0
9606.ENSP00000334223	2	1893	0
9606.ENSP00000334300	1	3185	0
9606.ENSP00000334308	5	0	1
9606.ENSP00000334329	5	0	1
9606.ENSP00000334373	8	0	1
9606.ENSP00000334382	5	0	1
9606.ENSP00000334448	23	0	1
9606.ENSP00000334564	17	0	1
9606.ENSP00000334642	1	3185	0
9606.ENSP00000334675	2	1889	0
9606.ENSP00000334844	8	0	1
9606.ENSP00000334876	4	0	1
9606.ENSP00000334910	1	3184	0
9606.ENSP00000334928	2	1880	0
9606.ENSP00000334941	1	3176	0
9606.ENSP00000335044	19	0	1
9606.ENSP00000335055	9	0	1
9606.ENSP00000335062	14	0	1
9606.ENSP00000335074	1	3157	0
9606.ENSP00000335076	2	1870	0
9606.ENSP00000335091	1	3175	0
9606.ENSP00000335153	67	0	1
9606.ENSP00000335193	6	0	1
9606.ENSP00000335196	1	3185	0
9606.ENSP00000335203	1	3180	0
9606.ENSP00000335246	3	0	1
9606.ENSP00000335247	1	3186	0
9606.ENSP00000335292	1	3186	0
9606.ENSP00000335304	4	0	1
9606.ENSP00000335320	8	0	1
9606.ENSP00000335321	74	0	1
9606.ENSP00000335357	1	3163	0
9606.ENSP00000335371	10	0	1
9606.ENSP00000335463	8	0	1
9606.ENSP00000335560	2	1877	0
9606.ENSP00000335614	1	3181	0
9606.ENSP00000335620	1	3186	0
9606.ENSP00000335628	3	0	1
9606.ENSP00000335632	2	1891	0
9606.ENSP00000335636	1	3186	0
9606.ENSP00000335655	1	3166	0
9606.ENSP00000335808	4	0	1
9606.ENSP00000336127	2	1894	0
9606.ENSP00000336524	1	3183	0
9606.ENSP00000336528	2	1883	0
9606.ENSP00000336571	1	3146	0
9606.ENSP00000336606	3	0	1
9606.ENSP00000336655	4	0	1
9606.ENSP00000336666	27	0	1
9606.ENSP00000336687	28	0	1
9606.ENSP00000336701	9	0	1
9606.ENSP00000336702	5	0	1
9606.ENSP00000336712	27	0	1
9606.ENSP00000336740	2	1885	0
9606.ENSP00000336741	34	0	1
9606.ENSP00000336747	3	0	1
9606.ENSP00000336750	27	0	1
9606.ENSP00000336752	12	0	1
9606.ENSP00000336762	1	3185	0
9606.ENSP00000336769	10	0	1
9606.ENSP00000336775	2	1863	0
9606.ENSP00000336783	4	0	1
9606.ENSP00000336790	14	0	1
9606.ENSP00000336799	30	0	1
9606.ENSP00000336800	26	0	1
9606.ENSP00000336829	6	0	1
9606.ENSP00000336842	19	0	1
9606.ENSP00000336868	43	0	1
9606.ENSP00000336894	1	3186	0
9606.ENSP00000336914	1	3186	0
9606.ENSP00000336923	1	3176	0
9606.ENSP00000337014	11	0	1
9606.ENSP00000337040	2	1894	0
9606.ENSP00000337053	8	0	1
9606.ENSP00000337060	11	0	1
9606.ENSP00000337065	1	3147	0
9606.ENSP00000337088	9	0	1
9606.ENSP00000337128	4	0	1
9606.ENSP00000337168	1	3185	0
9606.ENSP00000337180	1	3184	0
9606.ENSP00000337261	7	0	1
9606.ENSP00000337289	17	0	1
9606.ENSP00000337332	1	3146	0
9606.ENSP00000337335	1	3186	0
9606.ENSP00000337353	1	3184	0
9606.ENSP00000337354	1	3184	0
9606.ENSP00000337383	20	0	1
9606.ENSP00000337386	1	3186	0
9606.ENSP00000337393	7	0	1
9606.ENSP00000337432	4	0	1
9606.ENSP00000337439	1	3174	0
9606.ENSP00000337443	1	3168	0
9606.ENSP00000337445	1	3186	0
9606.ENSP00000337446	3	0	1
9606.ENSP00000337450	2	1894	0
9606.ENSP00000337451	3	0	1
9606.ENSP00000337477	5	0	1
9606.ENSP00000337500	30	0	1
9606.ENSP00000337513	6	0	1
9606.ENSP00000337598	10	0	1
9606.ENSP00000337623	3	0	1
9606.ENSP00000337632	13	0	1
9606.ENSP00000337641	6	0	1
9606.ENSP00000337688	2	1894	0
9606.ENSP00000337701	10	0	1
9606.ENSP00000337733	5	0	1
9606.ENSP00000337797	2	1893	0
9606.ENSP00000337838	5	0	1
9606.ENSP00000337850	3	0	1
9606.ENSP00000337854	2	1894	0
9606.ENSP00000337907	1	3186	0
9606.ENSP00000337949	3	0	1
9606.ENSP00000337976	16	0	1
9606.ENSP00000337991	17	0	1
9606.ENSP00000338010	4	0	1
9606.ENSP00000338039	14	0	1
9606.ENSP00000338057	39	0	1
9606.ENSP00000338082	3	0	1
9606.ENSP00000338093	2	1894	0
9606.ENSP00000338127	1	3185	0
9606.ENSP00000338130	16	0	1
9606.ENSP00000338157	2	1881	0
9606.ENSP00000338171	3	0	1
9606.ENSP00000338173	1	3186	0
9606.ENSP00000338185	1	3154	0
9606.ENSP00000338186	28	0	1
9606.ENSP00000338191	2	1884	0
9606.ENSP00000338207	1	3174	0
9606.ENSP00000338235	1	3183	0
9606.ENSP00000338272	4	0	1
9606.ENSP00000338283	3	0	1
9606.ENSP00000338343	9	0	1
9606.ENSP00000338348	4	0	1
9606.ENSP00000338389	26	0	1
9606.ENSP00000338413	7	0	1
9606.ENSP00000338487	2	1894	0
9606.ENSP00000338562	9	0	1
9606.ENSP00000338629	2	1849	0
9606.ENSP00000338671	4	0	1
9606.ENSP00000338703	3	0	1
9606.ENSP00000338727	1	3186	0
9606.ENSP00000338766	3	0	1
9606.ENSP00000338769	2	1891	0
9606.ENSP00000338777	21	0	1
9606.ENSP00000338788	1	3186	0
9606.ENSP00000338796	1	3186	0
9606.ENSP00000338814	2	1887	0
9606.ENSP00000338844	8	0	1
9606.ENSP00000338862	2	1893	0
9606.ENSP00000338864	1	3186	0
9606.ENSP00000338887	1	3187	0
9606.ENSP00000338934	24	0	1
9606.ENSP00000338988	1	3187	0
9606.ENSP00000338990	5	0	1
9606.ENSP00000339001	18	0	1
9606.ENSP00000339004	1	3184	0
9606.ENSP00000339030	1	3177	0
9606.ENSP00000339063	16	0	1
9606.ENSP00000339090	55	0	1
9606.ENSP00000339109	38	0	1
9606.ENSP00000339186	11	0	1
9606.ENSP00000339191	26	0	1
9606.ENSP00000339208	1	3173	0
9606.ENSP00000339260	1	3186	0
9606.ENSP00000339299	2	1882	0
9606.ENSP00000339328	3	0	1
9606.ENSP00000339398	6	0	1
9606.ENSP00000339404	2	1894	0
9606.ENSP00000339467	4	0	1
9606.ENSP00000339477	8	0	1
9606.ENSP00000339479	11	0	1
9606.ENSP00000339495	44	0	1
9606.ENSP00000339524	1	3186	0
9606.ENSP00000339527	18	0	1
9606.ENSP00000339577	1	3186	0
9606.ENSP00000339613	1	3186	0
9606.ENSP00000339634	1	3180	0
9606.ENSP00000339637	1	3138	0
9606.ENSP00000339692	1	3186	0
9606.ENSP00000339720	59	0	1
9606.ENSP00000339795	79	0	1
9606.ENSP00000339804	2	1894	0
9606.ENSP00000339824	10	0	1
9606.ENSP00000339826	6	0	1
9606.ENSP00000339834	6	0	1
9606.ENSP00000339835	77	0	1
9606.ENSP00000339844	53	0	1
9606.ENSP00000339881	7	0	1
9606.ENSP00000339883	5	0	1
9606.ENSP00000339912	2	1889	0
9606.ENSP00000339916	1	3185	0
9606.ENSP00000339917	45	0	1
9606.ENSP00000339933	9	0	1
9606.ENSP00000339976	4	0	1
9606.ENSP00000339992	3	0	1
9606.ENSP00000340019	4	0	1
9606.ENSP00000340220	5	0	1
9606.ENSP00000340243	1	3103	0
9606.ENSP00000340271	29	0	1
9606.ENSP00000340278	3	0	1
9606.ENSP00000340279	3	0	1
9606.ENSP00000340305	12	0	1
9606.ENSP00000340329	1	3181	0
9606.ENSP00000340330	45	0	1
9606.ENSP00000340347	8	0	1
9606.ENSP00000340361	18	0	1
9606.ENSP00000340373	1	3178	0
9606.ENSP00000340409	6	0	1
9606.ENSP00000340466	1	3186	0
9606.ENSP00000340505	1	3165	0
9606.ENSP00000340507	14	0	1
9606.ENSP00000340510	5	0	1
9606.ENSP00000340568	1	3183	0
9606.ENSP00000340608	2	1894	0
9606.ENSP00000340644	2	1892	0
9606.ENSP00000340648	6	0	1
9606.ENSP00000340684	4	0	1
9606.ENSP00000340688	2	1894	0
9606.ENSP00000340691	5	0	1
9606.ENSP00000340736	4	0	1
9606.ENSP00000340796	1	3186	0
9606.ENSP00000340820	4	0	1
9606.ENSP00000340823	31	0	1
9606.ENSP00000340874	1	3176	0
9606.ENSP00000340883	39	0	1
9606.ENSP00000340896	22	0	1
9606.ENSP00000340900	1	3186	0
9606.ENSP00000340913	5	0	1
9606.ENSP00000340935	1	3176	0
9606.ENSP00000340943	5	0	1
9606.ENSP00000340989	24	0	1
9606.ENSP00000341021	1	3184	0
9606.ENSP00000341030	2	1892	0
9606.ENSP00000341032	1	3178	0
9606.ENSP00000341044	2	1892	0
9606.ENSP00000341082	51	0	1
9606.ENSP00000341083	3	0	1
9606.ENSP00000341094	42	0	1
9606.ENSP00000341117	1	3186	0
9606.ENSP00000341141	3	0	1
9606.ENSP00000341170	4	0	1
9606.ENSP00000341189	20	0	1
9606.ENSP00000341198	10	0	1
9606.ENSP00000341206	1	3186	0
9606.ENSP00000341208	14	0	1
9606.ENSP00000341243	3	0	1
9606.ENSP00000341247	3	0	1
9606.ENSP00000341268	27	0	1
9606.ENSP00000341280	10	0	1
9606.ENSP00000341289	9	0	1
9606.ENSP00000341292	1	3186	0
9606.ENSP00000341351	27	0	1
9606.ENSP00000341361	5	0	1
9606.ENSP00000341382	7	0	1
9606.ENSP00000341483	1	3172	0
9606.ENSP00000341524	10	0	1
9606.ENSP00000341551	20	0	1
9606.ENSP00000341562	2	1894	0
9606.ENSP00000341625	9	0	1
9606.ENSP00000341637	2	1888	0
9606.ENSP00000341680	7	0	1
9606.ENSP00000341779	20	0	1
9606.ENSP00000341785	3	0	1
9606.ENSP00000341787	1	3182	0
9606.ENSP00000341805	32	0	1
9606.ENSP00000341821	2	1874	0
9606.ENSP00000341826	6	0	1
9606.ENSP00000341838	14	0	1
9606.ENSP00000341843	1	3186	0
9606.ENSP00000341874	2	1890	0
9606.ENSP00000341885	102	0	1
9606.ENSP00000341940	12	0	1
9606.ENSP00000341947	6	0	1
9606.ENSP00000341957	7	0	1
9606.ENSP00000342002	1	3186	0
9606.ENSP00000342007	7	0	1
9606.ENSP00000342026	10	0	1
9606.ENSP00000342056	1	3186	0
9606.ENSP00000342082	1	3179	0
9606.ENSP00000342098	2	1888	0
9606.ENSP00000342114	1	3165	0
9606.ENSP00000342136	13	0	1
9606.ENSP00000342143	2	1893	0
9606.ENSP00000342144	2	1882	0
9606.ENSP00000342156	4	0	1
9606.ENSP00000342197	1	3182	0
9606.ENSP00000342215	11	0	1
9606.ENSP00000342222	2	1893	0
9606.ENSP00000342235	21	0	1
9606.ENSP00000342262	25	0	1
9606.ENSP00000342267	1	3185	0
9606.ENSP00000342276	2	1894	0
9606.ENSP00000342278	2	1894	0
9606.ENSP00000342307	4	0	1
9606.ENSP00000342331	7	0	1
9606.ENSP00000342351	2	1889	0
9606.ENSP00000342374	100	0	1
9606.ENSP00000342385	2	1889	0
9606.ENSP00000342434	5	0	1
9606.ENSP00000342502	5	0	1
9606.ENSP00000342510	1	3186	0
9606.ENSP00000342538	4	0	1
9606.ENSP00000342609	8	0	1
9606.ENSP00000342637	1	3181	0
9606.ENSP00000342676	34	0	1
9606.ENSP00000342681	5	0	1
9606.ENSP00000342755	2	1875	0
9606.ENSP00000342793	3	0	1
9606.ENSP00000342848	8	0	1
9606.ENSP00000342858	3	0	1
9606.ENSP00000342889	68	0	1
9606.ENSP00000342924	1	3184	0
9606.ENSP00000342981	1	3105	0
9606.ENSP00000343001	1	3181	0
9606.ENSP00000343023	22	0	1
9606.ENSP00000343054	1	3180	0
9606.ENSP00000343118	11	0	1
9606.ENSP00000343144	10	0	1
9606.ENSP00000343158	1	3186	0
9606.ENSP00000343223	2	1894	0
9606.ENSP00000343273	26	0	1
9606.ENSP00000343288	1	3166	0
9606.ENSP00000343325	6	0	1
9606.ENSP00000343339	3	0	1
9606.ENSP00000343405	14	0	1
9606.ENSP00000343412	38	0	1
9606.ENSP00000343479	10	0	1
9606.ENSP00000343497	1	3177	0
9606.ENSP00000343505	2	1894	0
9606.ENSP00000343515	33	0	1
9606.ENSP00000343526	7	0	1
9606.ENSP00000343535	13	0	1
9606.ENSP00000343577	3	0	1
9606.ENSP00000343619	2	1892	0
9606.ENSP00000343636	2	1894	0
9606.ENSP00000343657	2	1894	0
9606.ENSP00000343676	2	1888	0
9606.ENSP00000343701	7	0	1
9606.ENSP00000343741	2	1876	0
9606.ENSP00000343742	2	1892	0
9606.ENSP00000343782	2	1892	0
9606.ENSP00000343818	1	3187	0
9606.ENSP00000343867	14	0	1
9606.ENSP00000343885	2	1894	0
9606.ENSP00000343896	68	0	1
9606.ENSP00000343899	3	0	1
9606.ENSP00000343900	1	3183	0
9606.ENSP00000343925	12	0	1
9606.ENSP00000343952	14	0	1
9606.ENSP00000343957	12	0	1
9606.ENSP00000343966	4	0	1
9606.ENSP00000344087	1	3177	0
9606.ENSP00000344155	4	0	1
9606.ENSP00000344166	6	0	1
9606.ENSP00000344208	1	3184	0
9606.ENSP00000344215	1	3176	0
9606.ENSP00000344220	3	0	1
9606.ENSP00000344241	7	0	1
9606.ENSP00000344299	4	0	1
9606.ENSP00000344314	1	3182	0
9606.ENSP00000344352	7	0	1
9606.ENSP00000344392	14	0	1
9606.ENSP00000344393	57	0	1
9606.ENSP00000344411	2	1894	0
9606.ENSP00000344432	1	3186	0
9606.ENSP00000344458	1	3186	0
9606.ENSP00000344468	1	3184	0
9606.ENSP00000344479	1	3184	0
9606.ENSP00000344504	6	0	1
9606.ENSP00000344544	1	3177	0
9606.ENSP00000344547	2	1879	0
9606.ENSP00000344635	2	1842	0
9606.ENSP00000344666	6	0	1
9606.ENSP00000344741	6	0	1
9606.ENSP00000344782	1	3153	0
9606.ENSP00000344786	8	0	1
9606.ENSP00000344866	3	0	1
9606.ENSP00000344903	3	0	1
9606.ENSP00000344942	2	1893	0
9606.ENSP00000345001	3	0	1
9606.ENSP00000345008	2	1880	0
9606.ENSP00000345055	19	0	1
9606.ENSP00000345064	5	0	1
9606.ENSP00000345083	6	0	1
9606.ENSP00000345096	1	3186	0
9606.ENSP00000345179	1	3179	0
9606.ENSP00000345192	1	3186	0
9606.ENSP00000345193	4	0	1
9606.ENSP00000345195	5	0	1
9606.ENSP00000345206	15	0	1
9606.ENSP00000345243	1	3183	0
9606.ENSP00000345259	9	0	1
9606.ENSP00000345282	6	0	1
9606.ENSP00000345341	2	1889	0
9606.ENSP00000345344	4	0	1
9606.ENSP00000345347	12	0	1
9606.ENSP00000345361	10	0	1
9606.ENSP00000345412	8	0	1
9606.ENSP00000345445	7	0	1
9606.ENSP00000345464	1	3186	0
9606.ENSP00000345492	3	0	1
9606.ENSP00000345571	18	0	1
9606.ENSP00000345656	4	0	1
9606.ENSP00000345672	6	0	1
9606.ENSP00000345681	8	0	1
9606.ENSP00000345702	3	0	1
9606.ENSP00000345708	3	0	1
9606.ENSP00000345719	2	1892	0
9606.ENSP00000345728	5	0	1
9606.ENSP00000345731	17	0	1
9606.ENSP00000345751	6	0	1
9606.ENSP00000345752	4	0	1
9606.ENSP00000345767	1	3159	0
9606.ENSP00000345772	2	1873	0
9606.ENSP00000345774	2	1894	0
9606.ENSP00000345785	6	0	1
9606.ENSP00000345808	1	3166	0
9606.ENSP00000345824	1	3186	0
9606.ENSP00000345826	2	1883	0
9606.ENSP00000345837	15	0	1
9606.ENSP00000345873	3	0	1
9606.ENSP00000345895	5	0	1
9606.ENSP00000345917	1	3167	0
9606.ENSP00000345957	93	0	1
9606.ENSP00000345984	1	3164	0
9606.ENSP00000346001	83	0	1
9606.ENSP00000346012	13	0	1
9606.ENSP00000346015	85	0	1
9606.ENSP00000346027	84	0	1
9606.ENSP00000346032	18	0	1
9606.ENSP00000346037	65	0	1
9606.ENSP00000346050	131	0	1
9606.ENSP00000346065	1	3186	0
9606.ENSP00000346080	1	3175	0
9606.ENSP00000346088	76	0	1
9606.ENSP00000346103	10	0	1
9606.ENSP00000346120	4	0	1
9606.ENSP00000346130	1	3181	0
9606.ENSP00000346139	1	3184	0
9606.ENSP00000346148	6	0	1
9606.ENSP00000346151	3	0	1
9606.ENSP00000346155	2	1894	0
9606.ENSP00000346173	2	1894	0
9606.ENSP00000346196	46	0	1
9606.ENSP00000346206	6	0	1
9606.ENSP00000346240	7	0	1
9606.ENSP00000346298	1	3171	0
9606.ENSP00000346300	15	0	1
9606.ENSP00000346335	1	3185	0
9606.ENSP00000346340	15	0	1
9606.ENSP00000346437	8	0	1
9606.ENSP00000346453	33	0	1
9606.ENSP00000346464	17	0	1
9606.ENSP00000346483	1	3186	0
9606.ENSP00000346508	9	0	1
9606.ENSP00000346509	26	0	1
9606.ENSP00000346550	1	3164	0
9606.ENSP00000346634	19	0	1
9606.ENSP00000346635	1	3186	0
9606.ENSP00000346643	8	0	1
9606.ENSP00000346659	1	3186	0
9606.ENSP00000346671	38	0	1
9606.ENSP00000346693	7	0	1
9606.ENSP00000346694	8	0	1
9606.ENSP00000346697	4	0	1
9606.ENSP00000346725	10	0	1
9606.ENSP00000346762	4	0	1
9606.ENSP00000346829	2	1890	0
9606.ENSP00000346839	54	0	1
9606.ENSP00000346874	1	3186	0
9606.ENSP00000346886	1	3176	0
9606.ENSP00000346890	2	1888	0
9606.ENSP00000346927	3	0	1
9606.ENSP00000346964	1	3178	0
9606.ENSP00000347032	2	1894	0
9606.ENSP00000347041	1	3163	0
9606.ENSP00000347046	2	1893	0
9606.ENSP00000347055	5	0	1
9606.ENSP00000347088	2	1894	0
9606.ENSP00000347134	1	3163	0
9606.ENSP00000347140	2	1894	0
9606.ENSP00000347168	102	0	1
9606.ENSP00000347170	2	1890	0
9606.ENSP00000347184	21	0	1
9606.ENSP00000347188	1	3172	0
9606.ENSP00000347197	3	0	1
9606.ENSP00000347198	3	0	1
9606.ENSP00000347206	4	0	1
9606.ENSP00000347232	9	0	1
9606.ENSP00000347244	5	0	1
9606.ENSP00000347277	23	0	1
9606.ENSP00000347345	17	0	1
9606.ENSP00000347379	17	0	1
9606.ENSP00000347408	6	0	1
9606.ENSP00000347409	1	3186	0
9606.ENSP00000347433	1	3171	0
9606.ENSP00000347451	5	0	1
9606.ENSP00000347457	2	1891	0
9606.ENSP00000347464	3	0	1
9606.ENSP00000347495	1	3186	0
9606.ENSP00000347507	15	0	1
9606.ENSP00000347532	1	3173	0
9606.ENSP00000347591	6	0	1
9606.ENSP00000347602	6	0	1
9606.ENSP00000347655	1	3187	0
9606.ENSP00000347672	8	0	1
9606.ENSP00000347714	1	3172	0
9606.ENSP00000347716	13	0	1
9606.ENSP00000347754	4	0	1
9606.ENSP00000347792	8	0	1
9606.ENSP00000347834	3	0	1
9606.ENSP00000347845	2	1893	0
9606.ENSP00000347915	3	0	1
9606.ENSP00000347916	1	3144	0
9606.ENSP00000347942	13	0	1
9606.ENSP00000347948	6	0	1
9606.ENSP00000348020	7	0	1
9606.ENSP00000348056	11	0	1
9606.ENSP00000348069	2	1892	0
9606.ENSP00000348089	55	0	1
9606.ENSP00000348107	17	0	1
9606.ENSP00000348163	1	3166	0
9606.ENSP00000348168	44	0	1
9606.ENSP00000348169	3	0	1
9606.ENSP00000348170	8	0	1
9606.ENSP00000348206	1	3187	0
9606.ENSP00000348215	4	0	1
9606.ENSP00000348234	4	0	1
9606.ENSP00000348349	4	0	1
9606.ENSP00000348381	6	0	1
9606.ENSP00000348416	51	0	1
9606.ENSP00000348419	1	3186	0
9606.ENSP00000348442	36	0	1
9606.ENSP00000348455	9	0	1
9606.ENSP00000348461	11	0	1
9606.ENSP00000348510	7	0	1
9606.ENSP00000348527	15	0	1
9606.ENSP00000348554	38	0	1
9606.ENSP00000348565	3	0	1
9606.ENSP00000348573	6	0	1
9606.ENSP00000348602	4	0	1
9606.ENSP00000348632	13	0	1
9606.ENSP00000348635	1	3186	0
9606.ENSP00000348645	1	3186	0
9606.ENSP00000348708	11	0	1
9606.ENSP00000348752	5	0	1
9606.ENSP00000348757	2	1894	0
9606.ENSP00000348769	2	1877	0
9606.ENSP00000348775	10	0	1
9606.ENSP00000348821	1	3181	0
9606.ENSP00000348838	35	0	1
9606.ENSP00000348848	2	1894	0
9606.ENSP00000348849	96	0	1
9606.ENSP00000348888	4	0	1
9606.ENSP00000348924	42	0	1
9606.ENSP00000348944	6	0	1
9606.ENSP00000348959	2	1894	0
9606.ENSP00000348965	23	0	1
9606.ENSP00000349003	2	1850	0
9606.ENSP00000349016	5	0	1
9606.ENSP00000349022	2	1890	0
9606.ENSP00000349041	2	1887	0
9606.ENSP00000349078	2	1894	0
9606.ENSP00000349116	7	0	1
9606.ENSP00000349124	14	0	1
9606.ENSP00000349131	1	3187	0
9606.ENSP00000349142	23	0	1
9606.ENSP00000349143	1	3182	0
9606.ENSP00000349156	10	0	1
9606.ENSP00000349168	2	1894	0
9606.ENSP00000349204	5	0	1
9606.ENSP00000349205	8	0	1
9606.ENSP00000349208	2	1893	0
9606.ENSP00000349252	24	0	1
9606.ENSP00000349259	5	0	1
9606.ENSP00000349298	1	3171	0
9606.ENSP00000349305	1	3187	0
9606.ENSP00000349313	24	0	1
9606.ENSP00000349320	16	0	1
9606.ENSP00000349324	1	3187	0
9606.ENSP00000349351	4	0	1
9606.ENSP00000349365	6	0	1
9606.ENSP00000349396	5	0	1
9606.ENSP00000349428	3	0	1
9606.ENSP00000349430	57	0	1
9606.ENSP00000349437	8	0	1
9606.ENSP00000349446	1	3186	0
9606.ENSP00000349486	6	0	1
9606.ENSP00000349490	2	1894	0
9606.ENSP00000349493	2	1894	0
9606.ENSP00000349541	1	3148	0
9606.ENSP00000349543	35	0	1
9606.ENSP00000349547	3	0	1
9606.ENSP00000349577	4	0	1
9606.ENSP00000349588	16	0	1
9606.ENSP00000349595	5	0	1
9606.ENSP00000349616	3	0	1
9606.ENSP00000349640	45	0	1
9606.ENSP00000349679	12	0	1
9606.ENSP00000349689	7	0	1
9606.ENSP00000349709	3	0	1
9606.ENSP00000349722	3	0	1
9606.ENSP00000349723	22	0	1
9606.ENSP00000349748	7	0	1
9606.ENSP00000349768	1	3186	0
9606.ENSP00000349785	3	0	1
9606.ENSP00000349790	2	1894	0
9606.ENSP00000349823	1	3186	0
9606.ENSP00000349860	3	0	1
9606.ENSP00000349923	4	0	1
9606.ENSP00000349954	4	0	1
9606.ENSP00000349957	34	0	1
9606.ENSP00000349967	9	0	1
9606.ENSP00000349970	1	3186	0
9606.ENSP00000350005	2	1884	0
9606.ENSP00000350036	9	0	1
9606.ENSP00000350071	8	0	1
9606.ENSP00000350075	2	1882	0
9606.ENSP00000350090	1	3180	0
9606.ENSP00000350098	22	0	1
9606.ENSP00000350132	4	0	1
9606.ENSP00000350136	2	1894	0
9606.ENSP00000350162	1	3186	0
9606.ENSP00000350170	8	0	1
9606.ENSP00000350198	5	0	1
9606.ENSP00000350199	10	0	1
9606.ENSP00000350249	7	0	1
9606.ENSP00000350256	6	0	1
9606.ENSP00000350267	7	0	1
9606.ENSP00000350310	4	0	1
9606.ENSP00000350332	1	3181	0
9606.ENSP00000350333	3	0	1
9606.ENSP00000350348	2	1888	0
9606.ENSP00000350359	10	0	1
9606.ENSP00000350364	1	3186	0
9606.ENSP00000350369	6	0	1
9606.ENSP00000350378	8	0	1
9606.ENSP00000350386	1	3186	0
9606.ENSP00000350425	6	0	1
9606.ENSP00000350447	7	0	1
9606.ENSP00000350491	23	0	1
9606.ENSP00000350512	17	0	1
9606.ENSP00000350630	1	3186	0
9606.ENSP00000350676	18	0	1
9606.ENSP00000350681	1	3184	0
9606.ENSP00000350708	28	0	1
9606.ENSP00000350719	6	0	1
9606.ENSP00000350786	2	1894	0
9606.ENSP00000350815	1	3169	0
9606.ENSP00000350844	1	3172	0
9606.ENSP00000350896	3	0	1
9606.ENSP00000350928	3	0	1
9606.ENSP00000350937	2	1891	0
9606.ENSP00000350949	1	3186	0
9606.ENSP00000351015	1	3186	0
9606.ENSP00000351022	10	0	1
9606.ENSP00000351059	14	0	1
9606.ENSP00000351132	2	1894	0
9606.ENSP00000351137	46	0	1
9606.ENSP00000351138	1	3186	0
9606.ENSP00000351141	11	0	1
9606.ENSP00000351142	2	1891	0
9606.ENSP00000351147	28	0	1
9606.ENSP00000351159	13	0	1
9606.ENSP00000351185	4	0	1
9606.ENSP00000351209	9	0	1
9606.ENSP00000351214	7	0	1
9606.ENSP00000351250	20	0	1
9606.ENSP00000351255	5	0	1
9606.ENSP00000351273	27	0	1
9606.ENSP00000351284	7	0	1
9606.ENSP00000351314	17	0	1
9606.ENSP00000351327	3	0	1
9606.ENSP00000351338	11	0	1
9606.ENSP00000351342	3	0	1
9606.ENSP00000351345	1	3186	0
9606.ENSP00000351379	6	0	1
9606.ENSP00000351407	9	0	1
9606.ENSP00000351446	81	0	1
9606.ENSP00000351490	30	0	1
9606.ENSP00000351492	13	0	1
9606.ENSP00000351497	8	0	1
9606.ENSP00000351520	3	0	1
9606.ENSP00000351575	4	0	1
9606.ENSP00000351589	53	0	1
9606.ENSP00000351591	4	0	1
9606.ENSP00000351602	3	0	1
9606.ENSP00000351605	6	0	1
9606.ENSP00000351646	23	0	1
9606.ENSP00000351671	9	0	1
9606.ENSP00000351682	2	1894	0
9606.ENSP00000351697	17	0	1
9606.ENSP00000351706	1	3186	0
9606.ENSP00000351732	1	3185	0
9606.ENSP00000351737	3	0	1
9606.ENSP00000351742	7	0	1
9606.ENSP00000351777	26	0	1
9606.ENSP00000351789	5	0	1
9606.ENSP00000351807	11	0	1
9606.ENSP00000351811	5	0	1
9606.ENSP00000351813	1	3186	0
9606.ENSP00000351832	1	3186	0
9606.ENSP00000351905	11	0	1
9606.ENSP00000351908	6	0	1
9606.ENSP00000351926	23	0	1
9606.ENSP00000351933	28	0	1
9606.ENSP00000351947	1	3186	0
9606.ENSP00000351957	2	1892	0
9606.ENSP00000351990	4	0	1
9606.ENSP00000352011	2	1894	0
9606.ENSP00000352035	16	0	1
9606.ENSP00000352071	4	0	1
9606.ENSP00000352097	7	0	1
9606.ENSP00000352119	52	0	1
9606.ENSP00000352138	4	0	1
9606.ENSP00000352167	1	3186	0
9606.ENSP00000352185	1	3186	0
9606.ENSP00000352252	132	0	1
9606.ENSP00000352257	31	0	1
9606.ENSP00000352264	18	0	1
9606.ENSP00000352265	4	0	1
9606.ENSP00000352271	8	0	1
9606.ENSP00000352272	1	3179	0
9606.ENSP00000352282	7	0	1
9606.ENSP00000352288	8	0	1
9606.ENSP00000352358	2	1874	0
9606.ENSP00000352400	29	0	1
9606.ENSP00000352401	1	3186	0
9606.ENSP00000352408	8	0	1
9606.ENSP00000352414	8	0	1
9606.ENSP00000352438	3	0	1
9606.ENSP00000352455	1	3183	0
9606.ENSP00000352516	36	0	1
9606.ENSP00000352522	20	0	1
9606.ENSP00000352527	4	0	1
9606.ENSP00000352536	5	0	1
9606.ENSP00000352544	3	0	1
9606.ENSP00000352561	9	0	1
9606.ENSP00000352565	1	3176	0
9606.ENSP00000352572	2	1889	0
9606.ENSP00000352584	2	1892	0
9606.ENSP00000352608	16	0	1
9606.ENSP00000352627	52	0	1
9606.ENSP00000352672	1	3186	0
9606.ENSP00000352673	1	3186	0
9606.ENSP00000352676	6	0	1
9606.ENSP00000352678	16	0	1
9606.ENSP00000352738	2	1889	0
9606.ENSP00000352833	3	0	1
9606.ENSP00000352835	6	0	1
9606.ENSP00000352882	7	0	1
9606.ENSP00000352900	8	0	1
9606.ENSP00000352904	11	0	1
9606.ENSP00000352925	64	0	1
9606.ENSP00000352926	5	0	1
9606.ENSP00000352928	28	0	1
9606.ENSP00000352936	1	3182	0
9606.ENSP00000353010	4	0	1
9606.ENSP00000353030	4	0	1
9606.ENSP00000353032	9	0	1
9606.ENSP00000353072	4	0	1
9606.ENSP00000353099	28	0	1
9606.ENSP00000353104	1	3186	0
9606.ENSP00000353114	3	0	1
9606.ENSP00000353198	4	0	1
9606.ENSP00000353246	4	0	1
9606.ENSP00000353270	1	3186	0
9606.ENSP00000353292	5	0	1
9606.ENSP00000353331	1	3175	0
9606.ENSP00000353344	3	0	1
9606.ENSP00000353393	4	0	1
9606.ENSP00000353408	10	0	1
9606.ENSP00000353444	4	0	1
9606.ENSP00000353452	7	0	1
9606.ENSP00000353475	9	0	1
9606.ENSP00000353512	1	3186	0
9606.ENSP00000353575	7	0	1
9606.ENSP00000353582	13	0	1
9606.ENSP00000353590	18	0	1
9606.ENSP00000353600	3	0	1
9606.ENSP00000353608	1	3186	0
9606.ENSP00000353654	1	3186	0
9606.ENSP00000353720	1	3186	0
9606.ENSP00000353731	13	0	1
9606.ENSP00000353741	7	0	1
9606.ENSP00000353770	2	1894	0
9606.ENSP00000353785	2	1893	0
9606.ENSP00000353793	11	0	1
9606.ENSP00000353850	3	0	1
9606.ENSP00000353864	6	0	1
9606.ENSP00000353874	7	0	1
9606.ENSP00000353904	5	0	1
9606.ENSP00000353915	2	1850	0
9606.ENSP00000354003	5	0	1
9606.ENSP00000354006	1	3185	0
9606.ENSP00000354040	26	0	1
9606.ENSP00000354090	1	3175	0
9606.ENSP00000354091	3	0	1
9606.ENSP00000354111	2	1873	0
9606.ENSP00000354125	41	0	1
9606.ENSP00000354158	7	0	1
9606.ENSP00000354207	10	0	1
9606.ENSP00000354213	1	3186	0
9606.ENSP00000354218	2	1841	0
9606.ENSP00000354223	1	3186	0
9606.ENSP00000354227	1	3186	0
9606.ENSP00000354251	13	0	1
9606.ENSP00000354280	1	3187	0
9606.ENSP00000354294	1	3186	0
9606.ENSP00000354314	3	0	1
9606.ENSP00000354340	3	0	1
9606.ENSP00000354346	2	1890	0
9606.ENSP00000354357	1	3186	0
9606.ENSP00000354360	1	3186	0
9606.ENSP00000354376	1	3182	0
9606.ENSP00000354394	20	0	1
9606.ENSP00000354416	3	0	1
9606.ENSP00000354451	2	1877	0
9606.ENSP00000354458	9	0	1
9606.ENSP00000354461	1	3178	0
9606.ENSP00000354468	3	0	1
9606.ENSP00000354476	5	0	1
9606.ENSP00000354487	5	0	1
9606.ENSP00000354490	9	0	1
9606.ENSP00000354497	2	1888	0
9606.ENSP00000354499	26	0	1
9606.ENSP00000354511	1	3186	0
9606.ENSP00000354518	8	0	1
9606.ENSP00000354522	1	3182	0
9606.ENSP00000354525	39	0	1
9606.ENSP00000354532	3	0	1
9606.ENSP00000354554	22	0	1
9606.ENSP00000354558	26	0	1
9606.ENSP00000354560	3	0	1
9606.ENSP00000354566	11	0	1
9606.ENSP00000354580	53	0	1
9606.ENSP00000354581	9	0	1
9606.ENSP00000354607	7	0	1
9606.ENSP00000354608	1	3186	0
9606.ENSP00000354610	2	1894	0
9606.ENSP00000354612	1	3186	0
9606.ENSP00000354621	5	0	1
9606.ENSP00000354623	6	0	1
9606.ENSP00000354632	20	0	1
9606.ENSP00000354633	29	0	1
9606.ENSP00000354643	1	3186	0
9606.ENSP00000354649	9	0	1
9606.ENSP00000354652	3	0	1
9606.ENSP00000354660	1	3186	0
9606.ENSP00000354665	44	0	1
9606.ENSP00000354669	4	0	1
9606.ENSP00000354671	1	3176	0
9606.ENSP00000354677	9	0	1
9606.ENSP00000354687	45	0	1
9606.ENSP00000354718	3	0	1
9606.ENSP00000354720	16	0	1
9606.ENSP00000354722	3	0	1
9606.ENSP00000354724	27	0	1
9606.ENSP00000354728	43	0	1
9606.ENSP00000354739	81	0	1
9606.ENSP00000354742	9	0	1
9606.ENSP00000354762	1	3186	0
9606.ENSP00000354772	22	0	1
9606.ENSP00000354777	5	0	1
9606.ENSP00000354778	4	0	1
9606.ENSP00000354782	20	0	1
9606.ENSP00000354791	21	0	1
9606.ENSP00000354813	46	0	1
9606.ENSP00000354822	1	3182	0
9606.ENSP00000354826	5	0	1
9606.ENSP00000354829	6	0	1
9606.ENSP00000354837	1	3163	0
9606.ENSP00000354848	2	1893	0
9606.ENSP00000354850	1	3184	0
9606.ENSP00000354855	1	3185	0
9606.ENSP00000354859	6	0	1
9606.ENSP00000354874	9	0	1
9606.ENSP00000354876	20	0	1
9606.ENSP00000354878	2	1892	0
9606.ENSP00000354900	10	0	1
9606.ENSP00000354901	16	0	1
9606.ENSP00000354910	5	0	1
9606.ENSP00000354911	1	3136	0
9606.ENSP00000354916	3	0	1
9606.ENSP00000354923	14	0	1
9606.ENSP00000354927	4	0	1
9606.ENSP00000354932	5	0	1
9606.ENSP00000354947	9	0	1
9606.ENSP00000354952	16	0	1
9606.ENSP00000354957	7	0	1
9606.ENSP00000354960	2	1894	0
9606.ENSP00000354961	45	0	1
9606.ENSP00000354972	6	0	1
9606.ENSP00000354982	26	0	1
9606.ENSP00000354995	1	3166	0
9606.ENSP00000355011	2	1889	0
9606.ENSP00000355013	41	0	1
9606.ENSP00000355014	1	3186	0
9606.ENSP00000355046	46	0	1
9606.ENSP00000355050	13	0	1
9606.ENSP00000355051	27	0	1
9606.ENSP00000355077	7	0	1
9606.ENSP00000355114	28	0	1
9606.ENSP00000355133	2	1890	0
9606.ENSP00000355140	3	0	1
9606.ENSP00000355155	7	0	1
9606.ENSP00000355180	2	1894	0
9606.ENSP00000355192	20	0	1
9606.ENSP00000355206	46	0	1
9606.ENSP00000355231	28	0	1
9606.ENSP00000355249	5	0	1
9606.ENSP00000355261	3	0	1
9606.ENSP00000355265	16	0	1
9606.ENSP00000355279	13	0	1
9606.ENSP00000355299	4	0	1
9606.ENSP00000355308	11	0	1
9606.ENSP00000355315	46	0	1
9606.ENSP00000355316	1	3167	0
9606.ENSP00000355325	38	0	1
9606.ENSP00000355330	1	3123	0
9606.ENSP00000355361	13	0	1
9606.ENSP00000355370	12	0	1
9606.ENSP00000355377	1	3186	0
9606.ENSP00000355388	21	0	1
9606.ENSP00000355465	16	0	1
9606.ENSP00000355470	1	3185	0
9606.ENSP00000355471	2	1891	0
9606.ENSP00000355493	1	3186	0
9606.ENSP00000355500	5	0	1
9606.ENSP00000355506	8	0	1
9606.ENSP00000355511	1	3186	0
9606.ENSP00000355523	2	1883	0
9606.ENSP00000355533	16	0	1
9606.ENSP00000355536	2	1894	0
9606.ENSP00000355537	6	0	1
9606.ENSP00000355541	54	0	1
9606.ENSP00000355566	7	0	1
9606.ENSP00000355568	1	3185	0
9606.ENSP00000355580	1	3186	0
9606.ENSP00000355599	1	3186	0
9606.ENSP00000355601	4	0	1
9606.ENSP00000355605	11	0	1
9606.ENSP00000355623	2	1889	0
9606.ENSP00000355627	6	0	1
9606.ENSP00000355629	7	0	1
9606.ENSP00000355637	2	1893	0
9606.ENSP00000355645	50	0	1
9606.ENSP00000355651	3	0	1
9606.ENSP00000355652	1	3172	0
9606.ENSP00000355657	85	0	1
9606.ENSP00000355658	1	3182	0
9606.ENSP00000355672	2	1894	0
9606.ENSP00000355718	6	0	1
9606.ENSP00000355731	2	1876	0
9606.ENSP00000355747	8	0	1
9606.ENSP00000355751	3	0	1
9606.ENSP00000355759	11	0	1
9606.ENSP00000355771	21	0	1
9606.ENSP00000355777	4	0	1
9606.ENSP00000355780	83	0	1
9606.ENSP00000355785	1	3186	0
9606.ENSP00000355809	3	0	1
9606.ENSP00000355865	14	0	1
9606.ENSP00000355877	2	1894	0
9606.ENSP00000355889	8	0	1
9606.ENSP00000355890	19	0	1
9606.ENSP00000355896	9	0	1
9606.ENSP00000355922	6	0	1
9606.ENSP00000355944	5	0	1
9606.ENSP00000355958	28	0	1
9606.ENSP00000355961	11	0	1
9606.ENSP00000355964	4	0	1
9606.ENSP00000355966	11	0	1
9606.ENSP00000355968	1	3186	0
9606.ENSP00000355991	1	3164	0
9606.ENSP00000355995	2	1894	0
9606.ENSP00000356000	6	0	1
9606.ENSP00000356001	30	0	1
9606.ENSP00000356015	1	3186	0
9606.ENSP00000356016	3	0	1
9606.ENSP00000356024	5	0	1
9606.ENSP00000356030	5	0	1
9606.ENSP00000356037	3	0	1
9606.ENSP00000356047	3	0	1
9606.ENSP00000356056	7	0	1
9606.ENSP00000356065	4	0	1
9606.ENSP00000356070	6	0	1
9606.ENSP00000356094	3	0	1
9606.ENSP00000356107	2	1890	0
9606.ENSP00000356134	6	0	1
9606.ENSP00000356150	9	0	1
9606.ENSP00000356155	5	0	1
9606.ENSP00000356156	3	0	1
9606.ENSP00000356162	1	3186	0
9606.ENSP00000356198	1	3186	0
9606.ENSP00000356205	3	0	1
9606.ENSP00000356213	2	1887	0
9606.ENSP00000356218	2	1894	0
9606.ENSP00000356224	7	0	1
9606.ENSP00000356230	38	0	1
9606.ENSP00000356231	3	0	1
9606.ENSP00000356233	3	0	1
9606.ENSP00000356247	3	0	1
9606.ENSP00000356256	6	0	1
9606.ENSP00000356257	1	3166	0
9606.ENSP00000356308	3	0	1
9606.ENSP00000356310	3	0	1
9606.ENSP00000356319	3	0	1
9606.ENSP00000356320	3	0	1
9606.ENSP00000356329	3	0	1
9606.ENSP00000356331	5	0	1
9606.ENSP00000356355	2	1890	0
9606.ENSP00000356370	3	0	1
9606.ENSP00000356381	1	3186	0
9606.ENSP00000356382	1	3186	0
9606.ENSP00000356386	2	1887	0
9606.ENSP00000356395	1	3179	0
9606.ENSP00000356399	7	0	1
9606.ENSP00000356404	2	1894	0
9606.ENSP00000356405	39	0	1
9606.ENSP00000356416	1	3182	0
9606.ENSP00000356421	27	0	1
9606.ENSP00000356426	13	0	1
9606.ENSP00000356429	1	3128	0
9606.ENSP00000356438	1	3186	0
9606.ENSP00000356448	20	0	1
9606.ENSP00000356465	1	3184	0
9606.ENSP00000356480	80	0	1
9606.ENSP00000356489	1	3186	0
9606.ENSP00000356505	12	0	1
9606.ENSP00000356515	4	0	1
9606.ENSP00000356520	44	0	1
9606.ENSP00000356529	2	1868	0
9606.ENSP00000356530	2	1878	0
9606.ENSP00000356540	4	0	1
9606.ENSP00000356541	73	0	1
9606.ENSP00000356545	8	0	1
9606.ENSP00000356548	24	0	1
9606.ENSP00000356562	1	3157	0
9606.ENSP00000356563	5	0	1
9606.ENSP00000356584	1	3184	0
9606.ENSP00000356587	6	0	1
9606.ENSP00000356591	1	3186	0
9606.ENSP00000356602	6	0	1
9606.ENSP00000356641	27	0	1
9606.ENSP00000356652	7	0	1
9606.ENSP00000356658	2	1852	0
9606.ENSP00000356671	3	0	1
9606.ENSP00000356694	10	0	1
9606.ENSP00000356702	6	0	1
9606.ENSP00000356713	8	0	1
9606.ENSP00000356737	1	3185	0
9606.ENSP00000356771	2	1892	0
9606.ENSP00000356782	2	1892	0
9606.ENSP00000356785	14	0	1
9606.ENSP00000356790	9	0	1
9606.ENSP00000356792	2	1894	0
9606.ENSP00000356793	2	1894	0
9606.ENSP00000356807	2	1889	0
9606.ENSP00000356811	5	0	1
9606.ENSP00000356814	27	0	1
9606.ENSP00000356832	3	0	1
9606.ENSP00000356840	5	0	1
9606.ENSP00000356848	27	0	1
9606.ENSP00000356853	2	1894	0
9606.ENSP00000356905	1	3186	0
9606.ENSP00000356918	8	0	1
9606.ENSP00000356919	3	0	1
9606.ENSP00000356946	9	0	1
9606.ENSP00000356953	5	0	1
9606.ENSP00000356954	1	3170	0
9606.ENSP00000356959	1	3179	0
9606.ENSP00000356967	3	0	1
9606.ENSP00000356969	9	0	1
9606.ENSP00000356972	50	0	1
9606.ENSP00000356981	4	0	1
9606.ENSP00000356982	2	1892	0
9606.ENSP00000356989	18	0	1
9606.ENSP00000356991	5	0	1
9606.ENSP00000357000	1	3186	0
9606.ENSP00000357005	14	0	1
9606.ENSP00000357012	1	3185	0
9606.ENSP00000357036	2	1889	0
9606.ENSP00000357040	10	0	1
9606.ENSP00000357047	31	0	1
9606.ENSP00000357048	11	0	1
9606.ENSP00000357051	2	1893	0
9606.ENSP00000357052	27	0	1
9606.ENSP00000357055	2	1889	0
9606.ENSP00000357057	6	0	1
9606.ENSP00000357060	9	0	1
9606.ENSP00000357065	2	1881	0
9606.ENSP00000357067	3	0	1
9606.ENSP00000357069	1	3186	0
9606.ENSP00000357097	4	0	1
9606.ENSP00000357103	8	0	1
9606.ENSP00000357106	3	0	1
9606.ENSP00000357112	13	0	1
9606.ENSP00000357113	2	1833	0
9606.ENSP00000357150	1	3165	0
9606.ENSP00000357152	1	3165	0
9606.ENSP00000357177	6	0	1
9606.ENSP00000357178	3	0	1
9606.ENSP00000357206	1	3184	0
9606.ENSP00000357255	2	1882	0
9606.ENSP00000357256	4	0	1
9606.ENSP00000357265	1	3184	0
9606.ENSP00000357283	9	0	1
9606.ENSP00000357288	11	0	1
9606.ENSP00000357292	2	1888	0
9606.ENSP00000357297	2	1883	0
9606.ENSP00000357301	8	0	1
9606.ENSP00000357308	16	0	1
9606.ENSP00000357320	64	0	1
9606.ENSP00000357342	2	1894	0
9606.ENSP00000357348	2	1889	0
9606.ENSP00000357360	3	0	1
9606.ENSP00000357384	2	1894	0
9606.ENSP00000357392	4	0	1
9606.ENSP00000357393	3	0	1
9606.ENSP00000357442	26	0	1
9606.ENSP00000357453	2	1894	0
9606.ENSP00000357459	4	0	1
9606.ENSP00000357461	6	0	1
9606.ENSP00000357470	9	0	1
9606.ENSP00000357480	1	3186	0
9606.ENSP00000357484	2	1884	0
9606.ENSP00000357535	2	1893	0
9606.ENSP00000357547	1	3185	0
9606.ENSP00000357564	1	3181	0
9606.ENSP00000357565	4	0	1
9606.ENSP00000357583	3	0	1
9606.ENSP00000357591	10	0	1
9606.ENSP00000357622	10	0	1
9606.ENSP00000357625	6	0	1
9606.ENSP00000357633	3	0	1
9606.ENSP00000357643	2	1892	0
9606.ENSP00000357644	11	0	1
9606.ENSP00000357668	1	3175	0
9606.ENSP00000357669	3	0	1
9606.ENSP00000357674	14	0	1
9606.ENSP00000357679	10	0	1
9606.ENSP00000357704	4	0	1
9606.ENSP00000357709	3	0	1
9606.ENSP00000357711	1	3186	0
9606.ENSP00000357718	1	3186	0
9606.ENSP00000357721	3	0	1
9606.ENSP00000357726	2	1868	0
9606.ENSP00000357727	1	3176	0
9606.ENSP00000357731	1	3186	0
9606.ENSP00000357748	8	0	1
9606.ENSP00000357753	2	1892	0
9606.ENSP00000357801	7	0	1
9606.ENSP00000357804	5	0	1
9606.ENSP00000357807	5	0	1
9606.ENSP00000357812	3	0	1
9606.ENSP00000357823	58	0	1
9606.ENSP00000357835	2	1894	0
9606.ENSP00000357844	1	3186	0
9606.ENSP00000357858	6	0	1
9606.ENSP00000357863	5	0	1
9606.ENSP00000357869	6	0	1
9606.ENSP00000357873	6	0	1
9606.ENSP00000357876	47	0	1
9606.ENSP00000357883	8	0	1
9606.ENSP00000357901	7	0	1
9606.ENSP00000357905	1	3186	0
9606.ENSP00000357907	32	0	1
9606.ENSP00000357928	53	0	1
9606.ENSP00000357979	2	1874	0
9606.ENSP00000357981	3	0	1
9606.ENSP00000357986	1	3187	0
9606.ENSP00000357998	2	1894	0
9606.ENSP00000358019	7	0	1
9606.ENSP00000358022	14	0	1
9606.ENSP00000358033	1	3186	0
9606.ENSP00000358042	2	1894	0
9606.ENSP00000358059	1	3183	0
9606.ENSP00000358060	2	1894	0
9606.ENSP00000358064	1	3185	0
9606.ENSP00000358072	22	0	1
9606.ENSP00000358081	6	0	1
9606.ENSP00000358089	3	0	1
9606.ENSP00000358099	1	3153	0
9606.ENSP00000358105	6	0	1
9606.ENSP00000358120	1	3183	0
9606.ENSP00000358140	36	0	1
9606.ENSP00000358142	2	1894	0
9606.ENSP00000358149	2	1894	0
9606.ENSP00000358151	56	0	1
9606.ENSP00000358154	119	0	1
9606.ENSP00000358155	44	0	1
9606.ENSP00000358159	3	0	1
9606.ENSP00000358160	114	0	1
9606.ENSP00000358165	4	0	1
9606.ENSP00000358200	7	0	1
9606.ENSP00000358210	1	3184	0
9606.ENSP00000358223	9	0	1
9606.ENSP00000358232	8	0	1
9606.ENSP00000358238	3	0	1
9606.ENSP00000358262	27	0	1
9606.ENSP00000358272	10	0	1
9606.ENSP00000358283	2	1892	0
9606.ENSP00000358294	4	0	1
9606.ENSP00000358301	3	0	1
9606.ENSP00000358309	1	3187	0
9606.ENSP00000358310	15	0	1
9606.ENSP00000358312	2	1894	0
9606.ENSP00000358320	9	0	1
9606.ENSP00000358327	4	0	1
9606.ENSP00000358335	8	0	1
9606.ENSP00000358363	1	3180	0
9606.ENSP00000358414	1	3186	0
9606.ENSP00000358421	1	3186	0
9606.ENSP00000358423	4	0	1
9606.ENSP00000358458	1	3186	0
9606.ENSP00000358464	11	0	1
9606.ENSP00000358466	1	3180	0
9606.ENSP00000358470	1	3181	0
9606.ENSP00000358474	39	0	1
9606.ENSP00000358488	2	1894	0
9606.ENSP00000358490	10	0	1
9606.ENSP00000358497	2	1892	0
9606.ENSP00000358501	4	0	1
9606.ENSP00000358513	5	0	1
9606.ENSP00000358518	2	1876	0
9606.ENSP00000358525	9	0	1
9606.ENSP00000358535	3	0	1
9606.ENSP00000358541	2	1892	0
9606.ENSP00000358548	4	0	1
9606.ENSP00000358549	6	0	1
9606.ENSP00000358554	40	0	1
9606.ENSP00000358563	14	0	1
9606.ENSP00000358582	16	0	1
9606.ENSP00000358635	11	0	1
9606.ENSP00000358674	4	0	1
9606.ENSP00000358695	2	1894	0
9606.ENSP00000358696	6	0	1
9606.ENSP00000358716	17	0	1
9606.ENSP00000358719	2	1894	0
9606.ENSP00000358723	9	0	1
9606.ENSP00000358737	20	0	1
9606.ENSP00000358742	6	0	1
9606.ENSP00000358755	1	3186	0
9606.ENSP00000358765	2	1890	0
9606.ENSP00000358777	22	0	1
9606.ENSP00000358783	3	0	1
9606.ENSP00000358784	3	0	1
9606.ENSP00000358794	1	3166	0
9606.ENSP00000358798	1	3186	0
9606.ENSP00000358799	9	0	1
9606.ENSP00000358810	9	0	1
9606.ENSP00000358812	17	0	1
9606.ENSP00000358813	3	0	1
9606.ENSP00000358814	2	1894	0
9606.ENSP00000358831	7	0	1
9606.ENSP00000358840	15	0	1
9606.ENSP00000358854	45	0	1
9606.ENSP00000358857	9	0	1
9606.ENSP00000358862	54	0	1
9606.ENSP00000358865	3	0	1
9606.ENSP00000358866	20	0	1
9606.ENSP00000358867	15	0	1
9606.ENSP00000358886	2	1892	0
9606.ENSP00000358894	1	3186	0
9606.ENSP00000358903	2	1894	0
9606.ENSP00000358918	5	0	1
9606.ENSP00000358921	15	0	1
9606.ENSP00000358931	2	1894	0
9606.ENSP00000358939	1	3186	0
9606.ENSP00000358963	4	0	1
9606.ENSP00000358983	8	0	1
9606.ENSP00000358994	16	0	1
9606.ENSP00000358997	20	0	1
9606.ENSP00000359013	3	0	1
9606.ENSP00000359022	2	1894	0
9606.ENSP00000359025	1	3179	0
9606.ENSP00000359042	1	3180	0
9606.ENSP00000359073	7	0	1
9606.ENSP00000359077	15	0	1
9606.ENSP00000359085	1	3185	0
9606.ENSP00000359096	2	1894	0
9606.ENSP00000359098	15	0	1
9606.ENSP00000359100	2	1894	0
9606.ENSP00000359114	8	0	1
9606.ENSP00000359131	1	3186	0
9606.ENSP00000359151	3	0	1
9606.ENSP00000359206	19	0	1
9606.ENSP00000359215	1	3186	0
9606.ENSP00000359216	1	3186	0
9606.ENSP00000359221	1	3181	0
9606.ENSP00000359224	2	1894	0
9606.ENSP00000359230	7	0	1
9606.ENSP00000359233	2	1894	0
9606.ENSP00000359258	1	3186	0
9606.ENSP00000359285	6	0	1
9606.ENSP00000359292	1	3186	0
9606.ENSP00000359295	12	0	1
9606.ENSP00000359300	35	0	1
9606.ENSP00000359319	1	3185	0
9606.ENSP00000359321	6	0	1
9606.ENSP00000359337	4	0	1
9606.ENSP00000359339	8	0	1
9606.ENSP00000359345	92	0	1
9606.ENSP00000359353	4	0	1
9606.ENSP00000359364	2	1887	0
9606.ENSP00000359370	10	0	1
9606.ENSP00000359380	8	0	1
9606.ENSP00000359384	3	0	1
9606.ENSP00000359385	3	0	1
9606.ENSP00000359392	3	0	1
9606.ENSP00000359398	20	0	1
9606.ENSP00000359423	1	3183	0
9606.ENSP00000359424	19	0	1
9606.ENSP00000359446	1	3186	0
9606.ENSP00000359483	1	3187	0
9606.ENSP00000359488	1	3186	0
9606.ENSP00000359497	1	3186	0
9606.ENSP00000359506	12	0	1
9606.ENSP00000359518	17	0	1
9606.ENSP00000359531	48	0	1
9606.ENSP00000359532	6	0	1
9606.ENSP00000359539	6	0	1
9606.ENSP00000359552	3	0	1
9606.ENSP00000359563	1	3186	0
9606.ENSP00000359583	1	3186	0
9606.ENSP00000359594	2	1894	0
9606.ENSP00000359596	2	1894	0
9606.ENSP00000359606	1	3187	0
9606.ENSP00000359621	2	1894	0
9606.ENSP00000359640	2	1894	0
9606.ENSP00000359643	8	0	1
9606.ENSP00000359645	2	1890	0
9606.ENSP00000359663	9	0	1
9606.ENSP00000359665	4	0	1
9606.ENSP00000359675	2	1873	0
9606.ENSP00000359682	2	1894	0
9606.ENSP00000359688	2	1894	0
9606.ENSP00000359699	1	3186	0
9606.ENSP00000359719	19	0	1
9606.ENSP00000359727	7	0	1
9606.ENSP00000359729	1	3186	0
9606.ENSP00000359765	2	1894	0
9606.ENSP00000359804	1	3186	0
9606.ENSP00000359818	17	0	1
9606.ENSP00000359829	4	0	1
9606.ENSP00000359837	27	0	1
9606.ENSP00000359848	4	0	1
9606.ENSP00000359864	10	0	1
9606.ENSP00000359871	2	1894	0
9606.ENSP00000359910	40	0	1
9606.ENSP00000359939	18	0	1
9606.ENSP00000359976	2	1892	0
9606.ENSP00000359991	2	1894	0
9606.ENSP00000360021	4	0	1
9606.ENSP00000360025	8	0	1
9606.ENSP00000360034	57	0	1
9606.ENSP00000360035	8	0	1
9606.ENSP00000360058	5	0	1
9606.ENSP00000360060	6	0	1
9606.ENSP00000360076	1	3177	0
9606.ENSP00000360108	2	1871	0
9606.ENSP00000360120	2	1885	0
9606.ENSP00000360129	1	3186	0
9606.ENSP00000360133	15	0	1
9606.ENSP00000360141	57	0	1
9606.ENSP00000360147	6	0	1
9606.ENSP00000360154	11	0	1
9606.ENSP00000360162	11	0	1
9606.ENSP00000360170	2	1892	0
9606.ENSP00000360181	3	0	1
9606.ENSP00000360183	19	0	1
9606.ENSP00000360215	4	0	1
9606.ENSP00000360217	6	0	1
9606.ENSP00000360242	17	0	1
9606.ENSP00000360247	5	0	1
9606.ENSP00000360250	4	0	1
9606.ENSP00000360252	4	0	1
9606.ENSP00000360266	43	0	1
9606.ENSP00000360269	1	3177	0
9606.ENSP00000360280	1	3185	0
9606.ENSP00000360281	9	0	1
9606.ENSP00000360290	6	0	1
9606.ENSP00000360293	7	0	1
9606.ENSP00000360296	10	0	1
9606.ENSP00000360299	2	1850	0
9606.ENSP00000360310	1	3186	0
9606.ENSP00000360317	3	0	1
9606.ENSP00000360327	2	1890	0
9606.ENSP00000360365	1	3182	0
9606.ENSP00000360372	2	1894	0
9606.ENSP00000360423	8	0	1
9606.ENSP00000360464	1	3181	0
9606.ENSP00000360472	6	0	1
9606.ENSP00000360473	10	0	1
9606.ENSP00000360475	1	3178	0
9606.ENSP00000360483	16	0	1
9606.ENSP00000360485	2	1889	0
9606.ENSP00000360492	45	0	1
9606.ENSP00000360493	10	0	1
9606.ENSP00000360497	60	0	1
9606.ENSP00000360498	61	0	1
9606.ENSP00000360515	27	0	1
9606.ENSP00000360522	2	1892	0
9606.ENSP00000360525	32	0	1
9606.ENSP00000360526	8	0	1
9606.ENSP00000360532	61	0	1
9606.ENSP00000360540	2	1890	0
9606.ENSP00000360561	4	0	1
9606.ENSP00000360569	5	0	1
9606.ENSP00000360576	1	3186	0
9606.ENSP00000360608	16	0	1
9606.ENSP00000360609	59	0	1
9606.ENSP00000360613	6	0	1
9606.ENSP00000360623	13	0	1
9606.ENSP00000360638	2	1894	0
9606.ENSP00000360662	1	3162	0
9606.ENSP00000360671	13	0	1
9606.ENSP00000360672	10	0	1
9606.ENSP00000360682	24	0	1
9606.ENSP00000360683	8	0	1
9606.ENSP00000360687	1	3186	0
9606.ENSP00000360688	9	0	1
9606.ENSP00000360689	7	0	1
9606.ENSP00000360697	6	0	1
9606.ENSP00000360715	1	3185	0
9606.ENSP00000360718	1	3186	0
9606.ENSP00000360730	6	0	1
9606.ENSP00000360761	7	0	1
9606.ENSP00000360762	1	3181	0
9606.ENSP00000360777	10	0	1
9606.ENSP00000360782	1	3187	0
9606.ENSP00000360797	5	0	1
9606.ENSP00000360798	14	0	1
9606.ENSP00000360806	3	0	1
9606.ENSP00000360811	2	1885	0
9606.ENSP00000360821	1	3186	0
9606.ENSP00000360850	38	0	1
9606.ENSP00000360869	2	1893	0
9606.ENSP00000360871	4	0	1
9606.ENSP00000360874	1	3185	0
9606.ENSP00000360876	2	1893	0
9606.ENSP00000360882	4	0	1
9606.ENSP00000360916	8	0	1
9606.ENSP00000360922	1	3182	0
9606.ENSP00000360938	2	1894	0
9606.ENSP00000360944	2	1893	0
9606.ENSP00000360958	2	1894	0
9606.ENSP00000360973	2	1886	0
9606.ENSP00000360992	4	0	1
9606.ENSP00000361004	4	0	1
9606.ENSP00000361009	4	0	1
9606.ENSP00000361021	16	0	1
9606.ENSP00000361027	13	0	1
9606.ENSP00000361043	1	3185	0
9606.ENSP00000361048	1	3179	0
9606.ENSP00000361064	3	0	1
9606.ENSP00000361066	16	0	1
9606.ENSP00000361076	89	0	1
9606.ENSP00000361084	12	0	1
9606.ENSP00000361107	16	0	1
9606.ENSP00000361110	1	3186	0
9606.ENSP00000361120	6	0	1
9606.ENSP00000361180	5	0	1
9606.ENSP00000361186	4	0	1
9606.ENSP00000361202	2	1883	0
9606.ENSP00000361206	66	0	1
9606.ENSP00000361214	4	0	1
9606.ENSP00000361219	5	0	1
9606.ENSP00000361231	1	3186	0
9606.ENSP00000361264	6	0	1
9606.ENSP00000361266	8	0	1
9606.ENSP00000361275	3	0	1
9606.ENSP00000361285	2	1894	0
9606.ENSP00000361287	2	1894	0
9606.ENSP00000361298	3	0	1
9606.ENSP00000361302	1	3186	0
9606.ENSP00000361310	2	1887	0
9606.ENSP00000361359	18	0	1
9606.ENSP00000361363	24	0	1
9606.ENSP00000361366	2	1892	0
9606.ENSP00000361400	1	3186	0
9606.ENSP00000361405	11	0	1
9606.ENSP00000361418	3	0	1
9606.ENSP00000361423	13	0	1
9606.ENSP00000361433	17	0	1
9606.ENSP00000361446	17	0	1
9606.ENSP00000361458	1	3172	0
9606.ENSP00000361473	33	0	1
9606.ENSP00000361475	2	1889	0
9606.ENSP00000361512	4	0	1
9606.ENSP00000361522	3	0	1
9606.ENSP00000361524	1	3179	0
9606.ENSP00000361540	28	0	1
9606.ENSP00000361544	1	3184	0
9606.ENSP00000361548	2	1881	0
9606.ENSP00000361554	2	1890	0
9606.ENSP00000361562	2	1890	0
9606.ENSP00000361595	1	3182	0
9606.ENSP00000361599	2	1894	0
9606.ENSP00000361626	27	0	1
9606.ENSP00000361635	9	0	1
9606.ENSP00000361636	7	0	1
9606.ENSP00000361658	19	0	1
9606.ENSP00000361662	2	1894	0
9606.ENSP00000361664	1	3187	0
9606.ENSP00000361666	1	3186	0
9606.ENSP00000361668	4	0	1
9606.ENSP00000361705	2	1853	0
9606.ENSP00000361721	1	3093	0
9606.ENSP00000361728	1	3179	0
9606.ENSP00000361777	1	3184	0
9606.ENSP00000361800	10	0	1
9606.ENSP00000361818	10	0	1
9606.ENSP00000361834	2	1894	0
9606.ENSP00000361850	3	0	1
9606.ENSP00000361867	1	3177	0
9606.ENSP00000361883	2	1885	0
9606.ENSP00000361892	4	0	1
9606.ENSP00000361894	2	1894	0
9606.ENSP00000361895	2	1877	0
9606.ENSP00000361914	2	1894	0
9606.ENSP00000361915	1	3186	0
9606.ENSP00000361918	57	0	1
9606.ENSP00000361923	33	0	1
9606.ENSP00000361927	1	3183	0
9606.ENSP00000361930	13	0	1
9606.ENSP00000361943	2	1889	0
9606.ENSP00000361949	1	3184	0
9606.ENSP00000361965	2	1879	0
9606.ENSP00000361993	1	3187	0
9606.ENSP00000361998	4	0	1
9606.ENSP00000362010	1	3186	0
9606.ENSP00000362014	7	0	1
9606.ENSP00000362018	16	0	1
9606.ENSP00000362036	66	0	1
9606.ENSP00000362041	33	0	1
9606.ENSP00000362057	13	0	1
9606.ENSP00000362058	48	0	1
9606.ENSP00000362068	30	0	1
9606.ENSP00000362080	2	1891	0
9606.ENSP00000362082	9	0	1
9606.ENSP00000362092	16	0	1
9606.ENSP00000362105	57	0	1
9606.ENSP00000362108	6	0	1
9606.ENSP00000362109	2	1878	0
9606.ENSP00000362110	59	0	1
9606.ENSP00000362115	8	0	1
9606.ENSP00000362121	16	0	1
9606.ENSP00000362131	11	0	1
9606.ENSP00000362139	2	1894	0
9606.ENSP00000362144	4	0	1
9606.ENSP00000362146	4	0	1
9606.ENSP00000362153	10	0	1
9606.ENSP00000362166	31	0	1
9606.ENSP00000362179	1	3173	0
9606.ENSP00000362181	4	0	1
9606.ENSP00000362183	4	0	1
9606.ENSP00000362195	2	1881	0
9606.ENSP00000362205	10	0	1
9606.ENSP00000362207	1	3186	0
9606.ENSP00000362208	65	0	1
9606.ENSP00000362268	7	0	1
9606.ENSP00000362285	2	1894	0
9606.ENSP00000362287	5	0	1
9606.ENSP00000362299	7	0	1
9606.ENSP00000362300	17	0	1
9606.ENSP00000362306	4	0	1
9606.ENSP00000362314	3	0	1
9606.ENSP00000362329	2	1894	0
9606.ENSP00000362334	40	0	1
9606.ENSP00000362339	14	0	1
9606.ENSP00000362353	5	0	1
9606.ENSP00000362361	49	0	1
9606.ENSP00000362399	7	0	1
9606.ENSP00000362401	1	3186	0
9606.ENSP00000362403	2	1892	0
9606.ENSP00000362410	2	1871	0
9606.ENSP00000362413	2	1883	0
9606.ENSP00000362424	16	0	1
9606.ENSP00000362441	27	0	1
9606.ENSP00000362444	2	1879	0
9606.ENSP00000362524	1	3172	0
9606.ENSP00000362532	1	3185	0
9606.ENSP00000362547	13	0	1
9606.ENSP00000362576	1	3186	0
9606.ENSP00000362578	4	0	1
9606.ENSP00000362592	77	0	1
9606.ENSP00000362608	1	3186	0
9606.ENSP00000362618	1	3184	0
9606.ENSP00000362638	6	0	1
9606.ENSP00000362643	8	0	1
9606.ENSP00000362649	85	0	1
9606.ENSP00000362674	1	3158	0
9606.ENSP00000362680	63	0	1
9606.ENSP00000362688	23	0	1
9606.ENSP00000362690	4	0	1
9606.ENSP00000362702	1	3184	0
9606.ENSP00000362711	3	0	1
9606.ENSP00000362716	1	3160	0
9606.ENSP00000362727	1	3187	0
9606.ENSP00000362728	1	3179	0
9606.ENSP00000362734	3	0	1
9606.ENSP00000362744	82	0	1
9606.ENSP00000362748	3	0	1
9606.ENSP00000362768	6	0	1
9606.ENSP00000362795	25	0	1
9606.ENSP00000362803	37	0	1
9606.ENSP00000362807	12	0	1
9606.ENSP00000362820	9	0	1
9606.ENSP00000362824	13	0	1
9606.ENSP00000362873	49	0	1
9606.ENSP00000362900	3	0	1
9606.ENSP00000362924	5	0	1
9606.ENSP00000362948	39	0	1
9606.ENSP00000362962	2	1893	0
9606.ENSP00000362981	1	3184	0
9606.ENSP00000362991	1	3166	0
9606.ENSP00000362994	8	0	1
9606.ENSP00000363017	19	0	1
9606.ENSP00000363018	81	0	1
9606.ENSP00000363019	16	0	1
9606.ENSP00000363043	3	0	1
9606.ENSP00000363054	16	0	1
9606.ENSP00000363055	4	0	1
9606.ENSP00000363068	2	1892	0
9606.ENSP00000363071	1	3184	0
9606.ENSP00000363079	8	0	1
9606.ENSP00000363081	7	0	1
9606.ENSP00000363089	40	0	1
9606.ENSP00000363092	1	3186	0
9606.ENSP00000363124	30	0	1
9606.ENSP00000363157	2	1892	0
9606.ENSP00000363162	24	0	1
9606.ENSP00000363193	33	0	1
9606.ENSP00000363205	3	0	1
9606.ENSP00000363216	3	0	1
9606.ENSP00000363229	6	0	1
9606.ENSP00000363255	3	0	1
9606.ENSP00000363286	19	0	1
9606.ENSP00000363313	56	0	1
9606.ENSP00000363314	2	1892	0
9606.ENSP00000363318	16	0	1
9606.ENSP00000363322	38	0	1
9606.ENSP00000363360	3	0	1
9606.ENSP00000363377	6	0	1
9606.ENSP00000363384	3	0	1
9606.ENSP00000363390	1	3181	0
9606.ENSP00000363391	1	3186	0
9606.ENSP00000363397	2	1892	0
9606.ENSP00000363398	1	3186	0
9606.ENSP00000363400	7	0	1
9606.ENSP00000363411	3	0	1
9606.ENSP00000363435	11	0	1
9606.ENSP00000363452	2	1894	0
9606.ENSP00000363458	3	0	1
9606.ENSP00000363480	7	0	1
9606.ENSP00000363492	5	0	1
9606.ENSP00000363512	1	3186	0
9606.ENSP00000363553	12	0	1
9606.ENSP00000363559	44	0	1
9606.ENSP00000363571	4	0	1
9606.ENSP00000363590	1	3186	0
9606.ENSP00000363591	8	0	1
9606.ENSP00000363596	3	0	1
9606.ENSP00000363603	1	3186	0
9606.ENSP00000363614	1	3186	0
9606.ENSP00000363616	2	1894	0
9606.ENSP00000363638	3	0	1
9606.ENSP00000363640	22	0	1
9606.ENSP00000363641	7	0	1
9606.ENSP00000363642	55	0	1
9606.ENSP00000363661	1	3178	0
9606.ENSP00000363667	1	3187	0
9606.ENSP00000363680	2	1893	0
9606.ENSP00000363708	15	0	1
9606.ENSP00000363746	57	0	1
9606.ENSP00000363748	3	0	1
9606.ENSP00000363770	4	0	1
9606.ENSP00000363773	4	0	1
9606.ENSP00000363779	5	0	1
9606.ENSP00000363787	61	0	1
9606.ENSP00000363794	10	0	1
9606.ENSP00000363804	2	1851	0
9606.ENSP00000363817	10	0	1
9606.ENSP00000363822	17	0	1
9606.ENSP00000363826	8	0	1
9606.ENSP00000363827	23	0	1
9606.ENSP00000363832	3	0	1
9606.ENSP00000363836	1	3186	0
9606.ENSP00000363840	5	0	1
9606.ENSP00000363868	2	1879	0
9606.ENSP00000363869	1	3179	0
9606.ENSP00000363921	13	0	1
9606.ENSP00000363929	7	0	1
9606.ENSP00000363944	28	0	1
9606.ENSP00000363970	3	0	1
9606.ENSP00000363976	15	0	1
9606.ENSP00000363985	1	3187	0
9606.ENSP00000363993	18	0	1
9606.ENSP00000363999	51	0	1
9606.ENSP00000364000	5	0	1
9606.ENSP00000364003	6	0	1
9606.ENSP00000364016	20	0	1
9606.ENSP00000364032	6	0	1
9606.ENSP00000364037	27	0	1
9606.ENSP00000364076	5	0	1
9606.ENSP00000364080	4	0	1
9606.ENSP00000364114	5	0	1
9606.ENSP00000364119	41	0	1
9606.ENSP00000364126	1	3179	0
9606.ENSP00000364140	2	1894	0
9606.ENSP00000364145	3	0	1
9606.ENSP00000364163	7	0	1
9606.ENSP00000364190	1	3184	0
9606.ENSP00000364204	4	0	1
9606.ENSP00000364210	7	0	1
9606.ENSP00000364235	2	1893	0
9606.ENSP00000364270	11	0	1
9606.ENSP00000364277	1	3186	0
9606.ENSP00000364289	23	0	1
9606.ENSP00000364293	1	3169	0
9606.ENSP00000364298	2	1860	0
9606.ENSP00000364320	3	0	1
9606.ENSP00000364349	10	0	1
9606.ENSP00000364361	2	1888	0
9606.ENSP00000364389	1	3186	0
9606.ENSP00000364404	27	0	1
9606.ENSP00000364412	4	0	1
9606.ENSP00000364448	13	0	1
9606.ENSP00000364486	7	0	1
9606.ENSP00000364498	1	3185	0
9606.ENSP00000364512	8	0	1
9606.ENSP00000364519	9	0	1
9606.ENSP00000364520	2	1894	0
9606.ENSP00000364524	1	3185	0
9606.ENSP00000364543	2	1892	0
9606.ENSP00000364550	2	1852	0
9606.ENSP00000364578	35	0	1
9606.ENSP00000364589	35	0	1
9606.ENSP00000364639	2	1893	0
9606.ENSP00000364649	7	0	1
9606.ENSP00000364650	1	3186	0
9606.ENSP00000364683	13	0	1
9606.ENSP00000364685	4	0	1
9606.ENSP00000364691	1	3186	0
9606.ENSP00000364699	5	0	1
9606.ENSP00000364709	7	0	1
9606.ENSP00000364721	7	0	1
9606.ENSP00000364731	3	0	1
9606.ENSP00000364737	15	0	1
9606.ENSP00000364749	1	3185	0
9606.ENSP00000364765	2	1879	0
9606.ENSP00000364782	2	1890	0
9606.ENSP00000364794	15	0	1
9606.ENSP00000364801	10	0	1
9606.ENSP00000364802	6	0	1
9606.ENSP00000364805	3	0	1
9606.ENSP00000364813	58	0	1
9606.ENSP00000364815	1	3186	0
9606.ENSP00000364831	1	3186	0
9606.ENSP00000364839	29	0	1
9606.ENSP00000364847	3	0	1
9606.ENSP00000364855	1	3186	0
9606.ENSP00000364858	4	0	1
9606.ENSP00000364859	2	1894	0
9606.ENSP00000364860	5	0	1
9606.ENSP00000364864	2	1894	0
9606.ENSP00000364885	2	1870	0
9606.ENSP00000364886	2	1887	0
9606.ENSP00000364898	51	0	1
9606.ENSP00000364902	1	3186	0
9606.ENSP00000364929	28	0	1
9606.ENSP00000364965	1	3185	0
9606.ENSP00000364976	4	0	1
9606.ENSP00000364979	1	3186	0
9606.ENSP00000364995	2	1859	0
9606.ENSP00000365006	3	0	1
9606.ENSP00000365012	1	3169	0
9606.ENSP00000365016	7	0	1
9606.ENSP00000365019	19	0	1
9606.ENSP00000365042	7	0	1
9606.ENSP00000365048	4	0	1
9606.ENSP00000365049	2	1892	0
9606.ENSP00000365080	1	3184	0
9606.ENSP00000365130	1	3186	0
9606.ENSP00000365131	6	0	1
9606.ENSP00000365159	2	1894	0
9606.ENSP00000365162	5	0	1
9606.ENSP00000365198	1	3185	0
9606.ENSP00000365210	3	0	1
9606.ENSP00000365230	25	0	1
9606.ENSP00000365243	4	0	1
9606.ENSP00000365272	6	0	1
9606.ENSP00000365280	2	1880	0
9606.ENSP00000365295	1	3186	0
9606.ENSP00000365312	14	0	1
9606.ENSP00000365322	16	0	1
9606.ENSP00000365360	16	0	1
9606.ENSP00000365380	6	0	1
9606.ENSP00000365388	1	3186	0
9606.ENSP00000365401	5	0	1
9606.ENSP00000365402	26	0	1
9606.ENSP00000365411	5	0	1
9606.ENSP00000365435	6	0	1
9606.ENSP00000365437	3	0	1
9606.ENSP00000365441	12	0	1
9606.ENSP00000365458	6	0	1
9606.ENSP00000365462	2	1894	0
9606.ENSP00000365465	2	1893	0
9606.ENSP00000365477	2	1892	0
9606.ENSP00000365505	1	3186	0
9606.ENSP00000365529	1	3182	0
9606.ENSP00000365569	4	0	1
9606.ENSP00000365576	5	0	1
9606.ENSP00000365588	9	0	1
9606.ENSP00000365596	1	3128	0
9606.ENSP00000365606	1	3187	0
9606.ENSP00000365625	58	0	1
9606.ENSP00000365651	3	0	1
9606.ENSP00000365663	4	0	1
9606.ENSP00000365682	8	0	1
9606.ENSP00000365687	2	1892	0
9606.ENSP00000365692	1	3186	0
9606.ENSP00000365694	2	1888	0
9606.ENSP00000365720	8	0	1
9606.ENSP00000365730	6	0	1
9606.ENSP00000365745	17	0	1
9606.ENSP00000365757	2	1894	0
9606.ENSP00000365804	11	0	1
9606.ENSP00000365817	25	0	1
9606.ENSP00000365840	3	0	1
9606.ENSP00000365851	58	0	1
9606.ENSP00000365858	11	0	1
9606.ENSP00000365891	23	0	1
9606.ENSP00000365926	2	1890	0
9606.ENSP00000365938	1	3187	0
9606.ENSP00000365944	2	1871	0
9606.ENSP00000365962	1	3174	0
9606.ENSP00000366007	1	3186	0
9606.ENSP00000366024	15	0	1
9606.ENSP00000366047	1	3159	0
9606.ENSP00000366061	2	1888	0
9606.ENSP00000366070	1	3186	0
9606.ENSP00000366093	2	1889	0
9606.ENSP00000366109	7	0	1
9606.ENSP00000366118	1	3186	0
9606.ENSP00000366135	20	0	1
9606.ENSP00000366179	1	3178	0
9606.ENSP00000366182	1	3184	0
9606.ENSP00000366233	4	0	1
9606.ENSP00000366234	2	1894	0
9606.ENSP00000366237	1	3186	0
9606.ENSP00000366248	2	1882	0
9606.ENSP00000366249	1	3187	0
9606.ENSP00000366271	8	0	1
9606.ENSP00000366288	1	3186	0
9606.ENSP00000366306	3	0	1
9606.ENSP00000366307	2	1894	0
9606.ENSP00000366314	1	3105	0
9606.ENSP00000366347	1	3167	0
9606.ENSP00000366395	8	0	1
9606.ENSP00000366396	2	1892	0
9606.ENSP00000366404	2	1887	0
9606.ENSP00000366410	4	0	1
9606.ENSP00000366416	7	0	1
9606.ENSP00000366474	2	1851	0
9606.ENSP00000366475	4	0	1
9606.ENSP00000366488	18	0	1
9606.ENSP00000366525	2	1893	0
9606.ENSP00000366534	4	0	1
9606.ENSP00000366557	51	0	1
9606.ENSP00000366563	15	0	1
9606.ENSP00000366565	21	0	1
9606.ENSP00000366604	2	1891	0
9606.ENSP00000366618	3	0	1
9606.ENSP00000366679	30	0	1
9606.ENSP00000366694	1	3105	0
9606.ENSP00000366702	1	3096	0
9606.ENSP00000366746	27	0	1
9606.ENSP00000366748	2	1891	0
9606.ENSP00000366757	4	0	1
9606.ENSP00000366800	2	1894	0
9606.ENSP00000366819	4	0	1
9606.ENSP00000366828	17	0	1
9606.ENSP00000366863	1	3186	0
9606.ENSP00000366886	26	0	1
9606.ENSP00000366898	4	0	1
9606.ENSP00000366927	2	1894	0
9606.ENSP00000366934	2	1890	0
9606.ENSP00000366937	2	1886	0
9606.ENSP00000366953	27	0	1
9606.ENSP00000366962	42	0	1
9606.ENSP00000366974	102	0	1
9606.ENSP00000366997	17	0	1
9606.ENSP00000366998	8	0	1
9606.ENSP00000366999	114	0	1
9606.ENSP00000367001	1	3184	0
9606.ENSP00000367013	8	0	1
9606.ENSP00000367022	77	0	1
9606.ENSP00000367029	13	0	1
9606.ENSP00000367034	102	0	1
9606.ENSP00000367038	1	3186	0
9606.ENSP00000367049	15	0	1
9606.ENSP00000367050	1	3183	0
9606.ENSP00000367064	6	0	1
9606.ENSP00000367086	5	0	1
9606.ENSP00000367123	9	0	1
9606.ENSP00000367139	1	3182	0
9606.ENSP00000367154	3	0	1
9606.ENSP00000367203	9	0	1
9606.ENSP00000367208	2	1860	0
9606.ENSP00000367220	18	0	1
9606.ENSP00000367263	7	0	1
9606.ENSP00000367265	1	3182	0
9606.ENSP00000367284	6	0	1
9606.ENSP00000367299	25	0	1
9606.ENSP00000367309	4	0	1
9606.ENSP00000367312	1	3184	0
9606.ENSP00000367316	2	1873	0
9606.ENSP00000367318	6	0	1
9606.ENSP00000367323	3	0	1
9606.ENSP00000367343	2	1892	0
9606.ENSP00000367391	2	1894	0
9606.ENSP00000367398	4	0	1
9606.ENSP00000367406	41	0	1
9606.ENSP00000367433	1	3163	0
9606.ENSP00000367440	4	0	1
9606.ENSP00000367446	1	3186	0
9606.ENSP00000367494	1	3178	0
9606.ENSP00000367498	1	3166	0
9606.ENSP00000367527	24	0	1
9606.ENSP00000367545	5	0	1
9606.ENSP00000367615	1	3186	0
9606.ENSP00000367623	1	3186	0
9606.ENSP00000367686	2	1880	0
9606.ENSP00000367691	8	0	1
9606.ENSP00000367705	36	0	1
9606.ENSP00000367714	1	3186	0
9606.ENSP00000367721	16	0	1
9606.ENSP00000367743	1	3187	0
9606.ENSP00000367762	1	3185	0
9606.ENSP00000367787	6	0	1
9606.ENSP00000367797	2	1881	0
9606.ENSP00000367806	132	0	1
9606.ENSP00000367817	1	3159	0
9606.ENSP00000367830	13	0	1
9606.ENSP00000367832	5	0	1
9606.ENSP00000367841	7	0	1
9606.ENSP00000367848	6	0	1
9606.ENSP00000367851	14	0	1
9606.ENSP00000367872	100	0	1
9606.ENSP00000367879	1	3186	0
9606.ENSP00000367880	1	3186	0
9606.ENSP00000367888	2	1885	0
9606.ENSP00000367891	1	3186	0
9606.ENSP00000367893	1	3186	0
9606.ENSP00000367910	18	0	1
9606.ENSP00000367938	7	0	1
9606.ENSP00000367939	24	0	1
9606.ENSP00000367942	2	1892	0
9606.ENSP00000367972	1	3186	0
9606.ENSP00000367991	5	0	1
9606.ENSP00000367992	1	3186	0
9606.ENSP00000368017	17	0	1
9606.ENSP00000368022	16	0	1
9606.ENSP00000368066	3	0	1
9606.ENSP00000368100	5	0	1
9606.ENSP00000368104	14	0	1
9606.ENSP00000368119	3	0	1
9606.ENSP00000368144	9	0	1
9606.ENSP00000368164	9	0	1
9606.ENSP00000368165	2	1893	0
9606.ENSP00000368166	30	0	1
9606.ENSP00000368190	14	0	1
9606.ENSP00000368215	5	0	1
9606.ENSP00000368253	1	3176	0
9606.ENSP00000368264	1	3180	0
9606.ENSP00000368265	5	0	1
9606.ENSP00000368278	3	0	1
9606.ENSP00000368314	4	0	1
9606.ENSP00000368356	2	1894	0
9606.ENSP00000368358	25	0	1
9606.ENSP00000368370	1	3183	0
9606.ENSP00000368414	1	3186	0
9606.ENSP00000368439	1	3186	0
9606.ENSP00000368458	36	0	1
9606.ENSP00000368459	3	0	1
9606.ENSP00000368468	5	0	1
9606.ENSP00000368516	8	0	1
9606.ENSP00000368528	7	0	1
9606.ENSP00000368538	10	0	1
9606.ENSP00000368565	1	3186	0
9606.ENSP00000368572	1	3186	0
9606.ENSP00000368632	4	0	1
9606.ENSP00000368646	3	0	1
9606.ENSP00000368648	1	3186	0
9606.ENSP00000368678	8	0	1
9606.ENSP00000368683	4	0	1
9606.ENSP00000368686	13	0	1
9606.ENSP00000368710	1	3186	0
9606.ENSP00000368716	7	0	1
9606.ENSP00000368727	12	0	1
9606.ENSP00000368759	2	1884	0
9606.ENSP00000368766	2	1894	0
9606.ENSP00000368767	5	0	1
9606.ENSP00000368797	26	0	1
9606.ENSP00000368799	26	0	1
9606.ENSP00000368801	51	0	1
9606.ENSP00000368805	1	3186	0
9606.ENSP00000368831	10	0	1
9606.ENSP00000368872	1	3187	0
9606.ENSP00000368880	14	0	1
9606.ENSP00000368881	3	0	1
9606.ENSP00000368927	18	0	1
9606.ENSP00000368966	4	0	1
9606.ENSP00000368970	1	3186	0
9606.ENSP00000368982	2	1892	0
9606.ENSP00000368984	17	0	1
9606.ENSP00000369017	6	0	1
9606.ENSP00000369038	10	0	1
9606.ENSP00000369055	4	0	1
9606.ENSP00000369071	3	0	1
9606.ENSP00000369081	1	3186	0
9606.ENSP00000369099	2	1894	0
9606.ENSP00000369126	8	0	1
9606.ENSP00000369127	2	1866	0
9606.ENSP00000369129	6	0	1
9606.ENSP00000369131	11	0	1
9606.ENSP00000369134	4	0	1
9606.ENSP00000369145	2	1883	0
9606.ENSP00000369154	5	0	1
9606.ENSP00000369162	15	0	1
9606.ENSP00000369176	45	0	1
9606.ENSP00000369213	18	0	1
9606.ENSP00000369217	9	0	1
9606.ENSP00000369268	2	1892	0
9606.ENSP00000369274	8	0	1
9606.ENSP00000369286	1	3186	0
9606.ENSP00000369293	7	0	1
9606.ENSP00000369373	1	3175	0
9606.ENSP00000369375	3	0	1
9606.ENSP00000369383	2	1894	0
9606.ENSP00000369390	1	3186	0
9606.ENSP00000369391	16	0	1
9606.ENSP00000369411	11	0	1
9606.ENSP00000369424	49	0	1
9606.ENSP00000369442	17	0	1
9606.ENSP00000369456	3	0	1
9606.ENSP00000369461	2	1893	0
9606.ENSP00000369497	20	0	1
9606.ENSP00000369530	1	3186	0
9606.ENSP00000369538	1	3184	0
9606.ENSP00000369545	3	0	1
9606.ENSP00000369554	2	1891	0
9606.ENSP00000369578	2	1891	0
9606.ENSP00000369581	6	0	1
9606.ENSP00000369643	3	0	1
9606.ENSP00000369647	3	0	1
9606.ENSP00000369666	2	1864	0
9606.ENSP00000369674	20	0	1
9606.ENSP00000369682	36	0	1
9606.ENSP00000369689	45	0	1
9606.ENSP00000369695	69	0	1
9606.ENSP00000369703	20	0	1
9606.ENSP00000369716	12	0	1
9606.ENSP00000369756	1	3131	0
9606.ENSP00000369757	136	0	1
9606.ENSP00000369774	1	3186	0
9606.ENSP00000369784	12	0	1
9606.ENSP00000369786	2	1894	0
9606.ENSP00000369798	5	0	1
9606.ENSP00000369810	10	0	1
9606.ENSP00000369816	1	3158	0
9606.ENSP00000369820	7	0	1
9606.ENSP00000369855	3	0	1
9606.ENSP00000369857	6	0	1
9606.ENSP00000369860	2	1891	0
9606.ENSP00000369871	8	0	1
9606.ENSP00000369889	2	1894	0
9606.ENSP00000369895	16	0	1
9606.ENSP00000369897	1	3186	0
9606.ENSP00000369899	18	0	1
9606.ENSP00000369927	6	0	1
9606.ENSP00000369960	2	1894	0
9606.ENSP00000369962	5	0	1
9606.ENSP00000369965	17	0	1
9606.ENSP00000369981	4	0	1
9606.ENSP00000369996	8	0	1
9606.ENSP00000370003	6	0	1
9606.ENSP00000370010	3	0	1
9606.ENSP00000370023	3	0	1
9606.ENSP00000370034	4	0	1
9606.ENSP00000370057	1	3187	0
9606.ENSP00000370078	2	1889	0
9606.ENSP00000370083	16	0	1
9606.ENSP00000370114	8	0	1
9606.ENSP00000370119	16	0	1
9606.ENSP00000370129	1	3185	0
9606.ENSP00000370150	1	3185	0
9606.ENSP00000370193	70	0	1
9606.ENSP00000370196	1	3186	0
9606.ENSP00000370200	6	0	1
9606.ENSP00000370208	8	0	1
9606.ENSP00000370214	16	0	1
9606.ENSP00000370222	1	3185	0
9606.ENSP00000370254	1	3186	0
9606.ENSP00000370258	13	0	1
9606.ENSP00000370293	2	1893	0
9606.ENSP00000370299	1	3176	0
9606.ENSP00000370337	2	1893	0
9606.ENSP00000370343	3	0	1
9606.ENSP00000370345	1	3186	0
9606.ENSP00000370372	1	3187	0
9606.ENSP00000370373	4	0	1
9606.ENSP00000370376	1	3186	0
9606.ENSP00000370377	1	3159	0
9606.ENSP00000370421	1	3169	0
9606.ENSP00000370460	62	0	1
9606.ENSP00000370473	9	0	1
9606.ENSP00000370483	4	0	1
9606.ENSP00000370503	5	0	1
9606.ENSP00000370508	27	0	1
9606.ENSP00000370517	7	0	1
9606.ENSP00000370521	1	3176	0
9606.ENSP00000370527	1	3175	0
9606.ENSP00000370532	2	1883	0
9606.ENSP00000370542	13	0	1
9606.ENSP00000370555	3	0	1
9606.ENSP00000370557	7	0	1
9606.ENSP00000370571	1	3186	0
9606.ENSP00000370588	3	0	1
9606.ENSP00000370589	57	0	1
9606.ENSP00000370593	3	0	1
9606.ENSP00000370625	60	0	1
9606.ENSP00000370635	1	3186	0
9606.ENSP00000370669	3	0	1
9606.ENSP00000370671	26	0	1
9606.ENSP00000370695	10	0	1
9606.ENSP00000370698	16	0	1
9606.ENSP00000370710	1	3127	0
9606.ENSP00000370719	11	0	1
9606.ENSP00000370737	4	0	1
9606.ENSP00000370744	3	0	1
9606.ENSP00000370745	9	0	1
9606.ENSP00000370748	1	3186	0
9606.ENSP00000370750	3	0	1
9606.ENSP00000370767	3	0	1
9606.ENSP00000370803	2	1893	0
9606.ENSP00000370808	13	0	1
9606.ENSP00000370839	7	0	1
9606.ENSP00000370842	3	0	1
9606.ENSP00000370886	2	1890	0
9606.ENSP00000370912	5	0	1
9606.ENSP00000370936	34	0	1
9606.ENSP00000370938	34	0	1
9606.ENSP00000370950	1	3186	0
9606.ENSP00000370966	1	3186	0
9606.ENSP00000370968	3	0	1
9606.ENSP00000370975	6	0	1
9606.ENSP00000370978	3	0	1
9606.ENSP00000370984	1	3185	0
9606.ENSP00000370989	9	0	1
9606.ENSP00000371018	3	0	1
9606.ENSP00000371037	2	1891	0
9606.ENSP00000371040	6	0	1
9606.ENSP00000371067	40	0	1
9606.ENSP00000371084	6	0	1
9606.ENSP00000371101	51	0	1
9606.ENSP00000371152	9	0	1
9606.ENSP00000371155	18	0	1
9606.ENSP00000371169	51	0	1
9606.ENSP00000371175	6	0	1
9606.ENSP00000371180	1	3186	0
9606.ENSP00000371188	4	0	1
9606.ENSP00000371194	9	0	1
9606.ENSP00000371219	1	3186	0
9606.ENSP00000371221	1	3187	0
9606.ENSP00000371233	1	3167	0
9606.ENSP00000371253	3	0	1
9606.ENSP00000371267	9	0	1
9606.ENSP00000371272	1	3184	0
9606.ENSP00000371308	12	0	1
9606.ENSP00000371321	6	0	1
9606.ENSP00000371327	11	0	1
9606.ENSP00000371328	1	3170	0
9606.ENSP00000371336	6	0	1
9606.ENSP00000371341	1	3145	0
9606.ENSP00000371347	3	0	1
9606.ENSP00000371362	1	3186	0
9606.ENSP00000371388	1	3184	0
9606.ENSP00000371419	2	1892	0
9606.ENSP00000371420	2	1847	0
9606.ENSP00000371425	4	0	1
9606.ENSP00000371469	5	0	1
9606.ENSP00000371471	2	1894	0
9606.ENSP00000371472	1	3186	0
9606.ENSP00000371475	55	0	1
9606.ENSP00000371483	3	0	1
9606.ENSP00000371505	2	1888	0
9606.ENSP00000371532	5	0	1
9606.ENSP00000371577	2	1893	0
9606.ENSP00000371594	8	0	1
9606.ENSP00000371638	31	0	1
9606.ENSP00000371682	27	0	1
9606.ENSP00000371693	2	1886	0
9606.ENSP00000371770	5	0	1
9606.ENSP00000371785	1	3186	0
9606.ENSP00000371790	7	0	1
9606.ENSP00000371805	3	0	1
9606.ENSP00000371811	6	0	1
9606.ENSP00000371859	9	0	1
9606.ENSP00000371897	1	3170	0
9606.ENSP00000371929	3	0	1
9606.ENSP00000371936	2	1890	0
9606.ENSP00000371958	9	0	1
9606.ENSP00000371985	8	0	1
9606.ENSP00000372005	4	0	1
9606.ENSP00000372023	3	0	1
9606.ENSP00000372035	8	0	1
9606.ENSP00000372042	7	0	1
9606.ENSP00000372136	2	1894	0
9606.ENSP00000372139	2	1894	0
9606.ENSP00000372155	15	0	1
9606.ENSP00000372169	12	0	1
9606.ENSP00000372170	2	1893	0
9606.ENSP00000372191	20	0	1
9606.ENSP00000372193	1	3186	0
9606.ENSP00000372210	5	0	1
9606.ENSP00000372274	1	3176	0
9606.ENSP00000372295	7	0	1
9606.ENSP00000372313	1	3184	0
9606.ENSP00000372351	12	0	1
9606.ENSP00000372445	13	0	1
9606.ENSP00000372482	1	3186	0
9606.ENSP00000372499	9	0	1
9606.ENSP00000372547	1	3184	0
9606.ENSP00000372689	11	0	1
9606.ENSP00000372750	3	0	1
9606.ENSP00000372924	2	1892	0
9606.ENSP00000373153	11	0	1
9606.ENSP00000373169	3	0	1
9606.ENSP00000373206	1	3181	0
9606.ENSP00000373278	18	0	1
9606.ENSP00000373298	1	3186	0
9606.ENSP00000373301	1	3169	0
9606.ENSP00000373312	39	0	1
9606.ENSP00000373325	4	0	1
9606.ENSP00000373328	1	3186	0
9606.ENSP00000373340	22	0	1
9606.ENSP00000373347	2	1894	0
9606.ENSP00000373399	8	0	1
9606.ENSP00000373404	56	0	1
9606.ENSP00000373474	10	0	1
9606.ENSP00000373477	9	0	1
9606.ENSP00000373489	2	1890	0
9606.ENSP00000373518	6	0	1
9606.ENSP00000373574	8	0	1
9606.ENSP00000373648	11	0	1
9606.ENSP00000373657	7	0	1
9606.ENSP00000373669	7	0	1
9606.ENSP00000373674	11	0	1
9606.ENSP00000373684	1	3186	0
9606.ENSP00000373691	3	0	1
9606.ENSP00000373700	8	0	1
9606.ENSP00000373706	2	1886	0
9606.ENSP00000373715	15	0	1
9606.ENSP00000373772	6	0	1
9606.ENSP00000373783	1	3158	0
9606.ENSP00000373854	2	1873	0
9606.ENSP00000373905	11	0	1
9606.ENSP00000373952	16	0	1
9606.ENSP00000373979	13	0	1
9606.ENSP00000374013	1	3186	0
9606.ENSP00000374036	1	3185	0
9606.ENSP00000374069	1	3186	0
9606.ENSP00000374125	1	3175	0
9606.ENSP00000374183	4	0	1
9606.ENSP00000374212	34	0	1
9606.ENSP00000374265	9	0	1
9606.ENSP00000374268	1	3186	0
9606.ENSP00000374280	42	0	1
9606.ENSP00000374309	5	0	1
9606.ENSP00000374332	1	3186	0
9606.ENSP00000374354	18	0	1
9606.ENSP00000374399	1	3186	0
9606.ENSP00000374455	33	0	1
9606.ENSP00000374490	6	0	1
9606.ENSP00000374507	1	3168	0
9606.ENSP00000374529	3	0	1
9606.ENSP00000374552	4	0	1
9606.ENSP00000375063	3	0	1
9606.ENSP00000375080	2	1889	0
9606.ENSP00000375086	5	0	1
9606.ENSP00000375608	12	0	1
9606.ENSP00000375616	3	0	1
9606.ENSP00000375618	2	1874	0
9606.ENSP00000375622	1	3186	0
9606.ENSP00000375629	8	0	1
9606.ENSP00000375632	126	0	1
9606.ENSP00000375639	20	0	1
9606.ENSP00000375647	12	0	1
9606.ENSP00000375653	9	0	1
9606.ENSP00000375678	1	3185	0
9606.ENSP00000375711	9	0	1
9606.ENSP00000375730	77	0	1
9606.ENSP00000375756	9	0	1
9606.ENSP00000375777	3	0	1
9606.ENSP00000375778	3	0	1
9606.ENSP00000375795	5	0	1
9606.ENSP00000375809	53	0	1
9606.ENSP00000375810	6	0	1
9606.ENSP00000375821	1	3181	0
9606.ENSP00000375855	2	1854	0
9606.ENSP00000375857	2	1856	0
9606.ENSP00000375863	1	3178	0
9606.ENSP00000375873	13	0	1
9606.ENSP00000375892	2	1878	0
9606.ENSP00000375899	2	1878	0
9606.ENSP00000375914	1	3181	0
9606.ENSP00000375921	3	0	1
9606.ENSP00000375978	27	0	1
9606.ENSP00000375986	3	0	1
9606.ENSP00000376007	1	3186	0
9606.ENSP00000376024	2	1894	0
9606.ENSP00000376048	2	1889	0
9606.ENSP00000376055	4	0	1
9606.ENSP00000376077	18	0	1
9606.ENSP00000376097	2	1889	0
9606.ENSP00000376123	4	0	1
9606.ENSP00000376167	17	0	1
9606.ENSP00000376177	12	0	1
9606.ENSP00000376178	5	0	1
9606.ENSP00000376184	1	3186	0
9606.ENSP00000376188	2	1888	0
9606.ENSP00000376197	6	0	1
9606.ENSP00000376204	1	3166	0
9606.ENSP00000376272	12	0	1
9606.ENSP00000376276	7	0	1
9606.ENSP00000376297	14	0	1
9606.ENSP00000376303	2	1894	0
9606.ENSP00000376317	2	1894	0
9606.ENSP00000376330	10	0	1
9606.ENSP00000376333	4	0	1
9606.ENSP00000376345	83	0	1
9606.ENSP00000376352	1	3186	0
9606.ENSP00000376367	11	0	1
9606.ENSP00000376397	1	3175	0
9606.ENSP00000376436	7	0	1
9606.ENSP00000376440	3	0	1
9606.ENSP00000376445	6	0	1
9606.ENSP00000376453	9	0	1
9606.ENSP00000376456	2	1894	0
9606.ENSP00000376457	2	1889	0
9606.ENSP00000376458	8	0	1
9606.ENSP00000376472	12	0	1
9606.ENSP00000376475	6	0	1
9606.ENSP00000376500	27	0	1
9606.ENSP00000376506	8	0	1
9606.ENSP00000376523	1	3185	0
9606.ENSP00000376544	5	0	1
9606.ENSP00000376568	1	3179	0
9606.ENSP00000376609	4	0	1
9606.ENSP00000376611	3	0	1
9606.ENSP00000376623	9	0	1
9606.ENSP00000376637	28	0	1
9606.ENSP00000376652	2	1876	0
9606.ENSP00000376658	1	3186	0
9606.ENSP00000376753	5	0	1
9606.ENSP00000376765	1	3140	0
9606.ENSP00000376786	1	3182	0
9606.ENSP00000376792	12	0	1
9606.ENSP00000376808	19	0	1
9606.ENSP00000376822	1	3179	0
9606.ENSP00000376827	7	0	1
9606.ENSP00000376849	10	0	1
9606.ENSP00000376855	2	1893	0
9606.ENSP00000376865	9	0	1
9606.ENSP00000376886	9	0	1
9606.ENSP00000376889	9	0	1
9606.ENSP00000376893	2	1893	0
9606.ENSP00000376899	2	1881	0
9606.ENSP00000376902	1	3107	0
9606.ENSP00000376911	1	3186	0
9606.ENSP00000376921	2	1893	0
9606.ENSP00000376943	13	0	1
9606.ENSP00000376945	1	3150	0
9606.ENSP00000376952	4	0	1
9606.ENSP00000377001	31	0	1
9606.ENSP00000377003	1	3169	0
9606.ENSP00000377007	35	0	1
9606.ENSP00000377015	5	0	1
9606.ENSP00000377027	5	0	1
9606.ENSP00000377033	16	0	1
9606.ENSP00000377036	3	0	1
9606.ENSP00000377047	5	0	1
9606.ENSP00000377055	6	0	1
9606.ENSP00000377060	24	0	1
9606.ENSP00000377061	8	0	1
9606.ENSP00000377148	9	0	1
9606.ENSP00000377192	1	3186	0
9606.ENSP00000377195	2	1894	0
9606.ENSP00000377218	2	1891	0
9606.ENSP00000377224	2	1889	0
9606.ENSP00000377233	1	3174	0
9606.ENSP00000377245	40	0	1
9606.ENSP00000377257	1	3186	0
9606.ENSP00000377265	1	3186	0
9606.ENSP00000377275	1	3186	0
9606.ENSP00000377298	1	3187	0
9606.ENSP00000377353	3	0	1
9606.ENSP00000377372	5	0	1
9606.ENSP00000377384	1	3186	0
9606.ENSP00000377390	2	1894	0
9606.ENSP00000377411	1	3179	0
9606.ENSP00000377446	2	1894	0
9606.ENSP00000377486	59	0	1
9606.ENSP00000377492	1	3134	0
9606.ENSP00000377508	11	0	1
9606.ENSP00000377536	2	1894	0
9606.ENSP00000377617	2	1894	0
9606.ENSP00000377633	3	0	1
9606.ENSP00000377640	90	0	1
9606.ENSP00000377681	10	0	1
9606.ENSP00000377724	7	0	1
9606.ENSP00000377769	1	3185	0
9606.ENSP00000377779	2	1894	0
9606.ENSP00000377783	3	0	1
9606.ENSP00000377789	3	0	1
9606.ENSP00000377793	3	0	1
9606.ENSP00000377840	3	0	1
9606.ENSP00000377845	1	3186	0
9606.ENSP00000377867	7	0	1
9606.ENSP00000377900	8	0	1
9606.ENSP00000377914	1	3186	0
9606.ENSP00000377934	6	0	1
9606.ENSP00000377936	7	0	1
9606.ENSP00000377941	16	0	1
9606.ENSP00000377944	41	0	1
9606.ENSP00000377948	1	3186	0
9606.ENSP00000377954	14	0	1
9606.ENSP00000377958	24	0	1
9606.ENSP00000377969	45	0	1
9606.ENSP00000378015	6	0	1
9606.ENSP00000378040	2	1885	0
9606.ENSP00000378056	1	3186	0
9606.ENSP00000378063	1	3186	0
9606.ENSP00000378089	2	1893	0
9606.ENSP00000378105	9	0	1
9606.ENSP00000378118	7	0	1
9606.ENSP00000378119	1	3186	0
9606.ENSP00000378131	3	0	1
9606.ENSP00000378145	6	0	1
9606.ENSP00000378163	77	0	1
9606.ENSP00000378165	1	3185	0
9606.ENSP00000378176	6	0	1
9606.ENSP00000378181	19	0	1
9606.ENSP00000378191	10	0	1
9606.ENSP00000378199	1	3156	0
9606.ENSP00000378207	10	0	1
9606.ENSP00000378260	2	1894	0
9606.ENSP00000378275	1	3168	0
9606.ENSP00000378284	3	0	1
9606.ENSP00000378295	8	0	1
9606.ENSP00000378306	11	0	1
9606.ENSP00000378310	1	3186	0
9606.ENSP00000378313	2	1880	0
9606.ENSP00000378323	22	0	1
9606.ENSP00000378326	3	0	1
9606.ENSP00000378338	8	0	1
9606.ENSP00000378350	38	0	1
9606.ENSP00000378356	3	0	1
9606.ENSP00000378360	1	3184	0
9606.ENSP00000378364	1	3186	0
9606.ENSP00000378365	2	1882	0
9606.ENSP00000378367	4	0	1
9606.ENSP00000378368	4	0	1
9606.ENSP00000378394	3	0	1
9606.ENSP00000378402	29	0	1
9606.ENSP00000378408	6	0	1
9606.ENSP00000378409	1	3136	0
9606.ENSP00000378414	29	0	1
9606.ENSP00000378416	1	3186	0
9606.ENSP00000378426	1	3186	0
9606.ENSP00000378464	3	0	1
9606.ENSP00000378483	1	3183	0
9606.ENSP00000378485	3	0	1
9606.ENSP00000378487	31	0	1
9606.ENSP00000378488	3	0	1
9606.ENSP00000378492	6	0	1
9606.ENSP00000378504	9	0	1
9606.ENSP00000378517	9	0	1
9606.ENSP00000378529	17	0	1
9606.ENSP00000378557	4	0	1
9606.ENSP00000378563	18	0	1
9606.ENSP00000378570	1	3185	0
9606.ENSP00000378577	3	0	1
9606.ENSP00000378578	33	0	1
9606.ENSP00000378588	6	0	1
9606.ENSP00000378611	1	3160	0
9606.ENSP00000378635	1	3184	0
9606.ENSP00000378687	2	1894	0
9606.ENSP00000378699	17	0	1
9606.ENSP00000378702	18	0	1
9606.ENSP00000378721	14	0	1
9606.ENSP00000378731	2	1894	0
9606.ENSP00000378736	32	0	1
9606.ENSP00000378760	2	1892	0
9606.ENSP00000378769	17	0	1
9606.ENSP00000378786	27	0	1
9606.ENSP00000378845	6	0	1
9606.ENSP00000378856	7	0	1
9606.ENSP00000378857	1	3186	0
9606.ENSP00000378868	1	3186	0
9606.ENSP00000378877	7	0	1
9606.ENSP00000378897	9	0	1
9606.ENSP00000378912	1	3166	0
9606.ENSP00000378914	5	0	1
9606.ENSP00000378917	3	0	1
9606.ENSP00000378935	2	1893	0
9606.ENSP00000378957	1	3167	0
9606.ENSP00000378965	2	1893	0
9606.ENSP00000378972	2	1893	0
9606.ENSP00000378974	14	0	1
9606.ENSP00000378992	2	1893	0
9606.ENSP00000379011	2	1894	0
9606.ENSP00000379032	1	3186	0
9606.ENSP00000379038	3	0	1
9606.ENSP00000379042	2	1890	0
9606.ENSP00000379047	1	3186	0
9606.ENSP00000379057	2	1894	0
9606.ENSP00000379078	34	0	1
9606.ENSP00000379087	2	1884	0
9606.ENSP00000379092	3	0	1
9606.ENSP00000379097	5	0	1
9606.ENSP00000379098	6	0	1
9606.ENSP00000379108	2	1894	0
9606.ENSP00000379110	12	0	1
9606.ENSP00000379111	11	0	1
9606.ENSP00000379140	19	0	1
9606.ENSP00000379144	16	0	1
9606.ENSP00000379156	1	3163	0
9606.ENSP00000379181	7	0	1
9606.ENSP00000379201	1	3181	0
9606.ENSP00000379204	10	0	1
9606.ENSP00000379218	1	3183	0
9606.ENSP00000379228	1	3168	0
9606.ENSP00000379256	10	0	1
9606.ENSP00000379258	4	0	1
9606.ENSP00000379267	38	0	1
9606.ENSP00000379287	23	0	1
9606.ENSP00000379330	13	0	1
9606.ENSP00000379339	88	0	1
9606.ENSP00000379350	50	0	1
9606.ENSP00000379364	6	0	1
9606.ENSP00000379365	1	3185	0
9606.ENSP00000379366	3	0	1
9606.ENSP00000379372	43	0	1
9606.ENSP00000379377	2	1894	0
9606.ENSP00000379383	1	3186	0
9606.ENSP00000379392	1	3181	0
9606.ENSP00000379441	2	1812	0
9606.ENSP00000379457	13	0	1
9606.ENSP00000379472	3	0	1
9606.ENSP00000379496	2	1894	0
9606.ENSP00000379506	85	0	1
9606.ENSP00000379563	10	0	1
9606.ENSP00000379601	8	0	1
9606.ENSP00000379602	3	0	1
9606.ENSP00000379612	8	0	1
9606.ENSP00000379616	12	0	1
9606.ENSP00000379643	4	0	1
9606.ENSP00000379644	3	0	1
9606.ENSP00000379651	2	1874	0
9606.ENSP00000379658	1	3186	0
9606.ENSP00000379669	2	1894	0
9606.ENSP00000379680	1	3186	0
9606.ENSP00000379682	1	3186	0
9606.ENSP00000379696	2	1887	0
9606.ENSP00000379709	1	3182	0
9606.ENSP00000379721	7	0	1
9606.ENSP00000379784	1	3182	0
9606.ENSP00000379802	2	1894	0
9606.ENSP00000379823	2	1894	0
9606.ENSP00000379826	2	1879	0
9606.ENSP00000379836	1	3186	0
9606.ENSP00000379841	6	0	1
9606.ENSP00000379842	2	1894	0
9606.ENSP00000379866	2	1894	0
9606.ENSP00000379869	5	0	1
9606.ENSP00000379873	40	0	1
9606.ENSP00000379888	126	0	1
9606.ENSP00000379891	8	0	1
9606.ENSP00000379904	3	0	1
9606.ENSP00000379911	16	0	1
9606.ENSP00000379931	4	0	1
9606.ENSP00000379946	20	0	1
9606.ENSP00000379975	13	0	1
9606.ENSP00000379999	2	1894	0
9606.ENSP00000380008	3	0	1
9606.ENSP00000380024	23	0	1
9606.ENSP00000380033	5	0	1
9606.ENSP00000380044	15	0	1
9606.ENSP00000380054	33	0	1
9606.ENSP00000380070	13	0	1
9606.ENSP00000380073	7	0	1
9606.ENSP00000380074	8	0	1
9606.ENSP00000380093	2	1891	0
9606.ENSP00000380150	6	0	1
9606.ENSP00000380157	1	3186	0
9606.ENSP00000380178	6	0	1
9606.ENSP00000380184	3	0	1
9606.ENSP00000380227	23	0	1
9606.ENSP00000380247	2	1853	0
9606.ENSP00000380252	5	0	1
9606.ENSP00000380256	1	3150	0
9606.ENSP00000380271	1	3186	0
9606.ENSP00000380281	2	1847	0
9606.ENSP00000380308	20	0	1
9606.ENSP00000380322	9	0	1
9606.ENSP00000380334	10	0	1
9606.ENSP00000380336	50	0	1
9606.ENSP00000380349	1	3181	0
9606.ENSP00000380352	1	3186	0
9606.ENSP00000380367	8	0	1
9606.ENSP00000380378	10	0	1
9606.ENSP00000380379	1	3177	0
9606.ENSP00000380421	4	0	1
9606.ENSP00000380432	21	0	1
9606.ENSP00000380437	1	3170	0
9606.ENSP00000380440	4	0	1
9606.ENSP00000380450	9	0	1
9606.ENSP00000380460	6	0	1
9606.ENSP00000380466	51	0	1
9606.ENSP00000380598	7	0	1
9606.ENSP00000380602	1	3159	0
9606.ENSP00000380638	8	0	1
9606.ENSP00000380659	3	0	1
9606.ENSP00000380661	1	3180	0
9606.ENSP00000380666	1	3180	0
9606.ENSP00000380675	1	3183	0
9606.ENSP00000380676	1	3186	0
9606.ENSP00000380679	1	3186	0
9606.ENSP00000380690	6	0	1
9606.ENSP00000380697	11	0	1
9606.ENSP00000380702	1	3186	0
9606.ENSP00000380718	1	3167	0
9606.ENSP00000380734	5	0	1
9606.ENSP00000380762	6	0	1
9606.ENSP00000380779	11	0	1
9606.ENSP00000380785	4	0	1
9606.ENSP00000380794	24	0	1
9606.ENSP00000380855	5	0	1
9606.ENSP00000380876	1	3165	0
9606.ENSP00000380877	3	0	1
9606.ENSP00000380878	4	0	1
9606.ENSP00000380888	33	0	1
9606.ENSP00000380901	1	3179	0
9606.ENSP00000380903	4	0	1
9606.ENSP00000380904	17	0	1
9606.ENSP00000380911	4	0	1
9606.ENSP00000380921	8	0	1
9606.ENSP00000380942	13	0	1
9606.ENSP00000380948	32	0	1
9606.ENSP00000380958	5	0	1
9606.ENSP00000380998	11	0	1
9606.ENSP00000381008	2	1880	0
9606.ENSP00000381026	2	1893	0
9606.ENSP00000381034	2	1886	0
9606.ENSP00000381047	1	3186	0
9606.ENSP00000381057	2	1889	0
9606.ENSP00000381064	7	0	1
9606.ENSP00000381070	5	0	1
9606.ENSP00000381097	3	0	1
9606.ENSP00000381098	3	0	1
9606.ENSP00000381102	2	1892	0
9606.ENSP00000381105	1	3186	0
9606.ENSP00000381129	1	3187	0
9606.ENSP00000381133	1	3177	0
9606.ENSP00000381185	35	0	1
9606.ENSP00000381213	1	3186	0
9606.ENSP00000381214	4	0	1
9606.ENSP00000381216	3	0	1
9606.ENSP00000381231	3	0	1
9606.ENSP00000381237	1	3186	0
9606.ENSP00000381247	2	1893	0
9606.ENSP00000381266	1	3186	0
9606.ENSP00000381282	5	0	1
9606.ENSP00000381293	16	0	1
9606.ENSP00000381302	6	0	1
9606.ENSP00000381333	4	0	1
9606.ENSP00000381339	2	1885	0
9606.ENSP00000381340	1	3186	0
9606.ENSP00000381364	4	0	1
9606.ENSP00000381377	1	3179	0
9606.ENSP00000381382	11	0	1
9606.ENSP00000381386	1	3186	0
9606.ENSP00000381448	1	3181	0
9606.ENSP00000381461	2	1889	0
9606.ENSP00000381504	4	0	1
9606.ENSP00000381531	10	0	1
9606.ENSP00000381577	4	0	1
9606.ENSP00000381588	2	1886	0
9606.ENSP00000381601	2	1892	0
9606.ENSP00000381607	3	0	1
9606.ENSP00000381654	1	3186	0
9606.ENSP00000381657	46	0	1
9606.ENSP00000381666	1	3186	0
9606.ENSP00000381693	26	0	1
9606.ENSP00000381698	9	0	1
9606.ENSP00000381699	2	1894	0
9606.ENSP00000381717	30	0	1
9606.ENSP00000381736	23	0	1
9606.ENSP00000381773	3	0	1
9606.ENSP00000381775	4	0	1
9606.ENSP00000381823	15	0	1
9606.ENSP00000381840	29	0	1
9606.ENSP00000381859	6	0	1
9606.ENSP00000381876	4	0	1
9606.ENSP00000381911	1	3186	0
9606.ENSP00000381958	8	0	1
9606.ENSP00000381968	7	0	1
9606.ENSP00000381984	2	1893	0
9606.ENSP00000382004	11	0	1
9606.ENSP00000382021	1	3178	0
9606.ENSP00000382091	1	3187	0
9606.ENSP00000382177	5	0	1
9606.ENSP00000382218	24	0	1
9606.ENSP00000382226	2	1891	0
9606.ENSP00000382250	65	0	1
9606.ENSP00000382323	1	3186	0
9606.ENSP00000382341	3	0	1
9606.ENSP00000382379	3	0	1
9606.ENSP00000382382	1	3179	0
9606.ENSP00000382423	2	1869	0
9606.ENSP00000382508	1	3184	0
9606.ENSP00000382628	10	0	1
9606.ENSP00000382684	2	1887	0
9606.ENSP00000382688	2	1891	0
9606.ENSP00000382697	4	0	1
9606.ENSP00000382713	2	1894	0
9606.ENSP00000382717	6	0	1
9606.ENSP00000382731	1	3186	0
9606.ENSP00000382770	9	0	1
9606.ENSP00000382779	30	0	1
9606.ENSP00000382783	1	3146	0
9606.ENSP00000382800	8	0	1
9606.ENSP00000382805	2	1885	0
9606.ENSP00000382895	2	1894	0
9606.ENSP00000382953	4	0	1
9606.ENSP00000383003	15	0	1
9606.ENSP00000383042	49	0	1
9606.ENSP00000383044	1	3180	0
9606.ENSP00000383053	6	0	1
9606.ENSP00000383067	1	3178	0
9606.ENSP00000383178	2	1881	0
9606.ENSP00000383199	13	0	1
9606.ENSP00000383232	1	3186	0
9606.ENSP00000383234	1	3186	0
9606.ENSP00000383274	8	0	1
9606.ENSP00000383295	3	0	1
9606.ENSP00000383303	2	1889	0
9606.ENSP00000383333	18	0	1
9606.ENSP00000383365	2	1894	0
9606.ENSP00000383376	7	0	1
9606.ENSP00000383382	6	0	1
9606.ENSP00000383392	3	0	1
9606.ENSP00000383402	2	1890	0
9606.ENSP00000383428	7	0	1
9606.ENSP00000383558	4	0	1
9606.ENSP00000383611	7	0	1
9606.ENSP00000383690	7	0	1
9606.ENSP00000383692	1	3151	0
9606.ENSP00000383710	12	0	1
9606.ENSP00000383784	1	3186	0
9606.ENSP00000383820	2	1849	0
9606.ENSP00000383911	1	3175	0
9606.ENSP00000383920	1	3166	0
9606.ENSP00000383931	8	0	1
9606.ENSP00000383949	109	0	1
9606.ENSP00000383986	1	3132	0
9606.ENSP00000383996	1	3185	0
9606.ENSP00000384015	11	0	1
9606.ENSP00000384018	22	0	1
9606.ENSP00000384048	11	0	1
9606.ENSP00000384053	9	0	1
9606.ENSP00000384092	10	0	1
9606.ENSP00000384109	31	0	1
9606.ENSP00000384126	1	3173	0
9606.ENSP00000384169	5	0	1
9606.ENSP00000384179	2	1877	0
9606.ENSP00000384183	1	3186	0
9606.ENSP00000384198	5	0	1
9606.ENSP00000384211	16	0	1
9606.ENSP00000384259	2	1890	0
9606.ENSP00000384262	2	1890	0
9606.ENSP00000384264	1	3183	0
9606.ENSP00000384273	27	0	1
9606.ENSP00000384290	11	0	1
9606.ENSP00000384296	1	3186	0
9606.ENSP00000384302	53	0	1
9606.ENSP00000384330	8	0	1
9606.ENSP00000384363	1	3186	0
9606.ENSP00000384364	6	0	1
9606.ENSP00000384371	4	0	1
9606.ENSP00000384387	2	1882	0
9606.ENSP00000384400	2	1892	0
9606.ENSP00000384408	1	3174	0
9606.ENSP00000384421	3	0	1
9606.ENSP00000384474	4	0	1
9606.ENSP00000384484	4	0	1
9606.ENSP00000384490	45	0	1
9606.ENSP00000384513	4	0	1
9606.ENSP00000384515	10	0	1
9606.ENSP00000384517	10	0	1
9606.ENSP00000384537	9	0	1
9606.ENSP00000384570	4	0	1
9606.ENSP00000384573	1	3185	0
9606.ENSP00000384582	3	0	1
9606.ENSP00000384597	2	1893	0
9606.ENSP00000384604	1	3185	0
9606.ENSP00000384610	5	0	1
9606.ENSP00000384629	38	0	1
9606.ENSP00000384638	11	0	1
9606.ENSP00000384651	1	3186	0
9606.ENSP00000384675	16	0	1
9606.ENSP00000384700	6	0	1
9606.ENSP00000384708	2	1893	0
9606.ENSP00000384744	2	1884	0
9606.ENSP00000384763	2	1894	0
9606.ENSP00000384794	1	3186	0
9606.ENSP00000384823	1	3147	0
9606.ENSP00000384848	9	0	1
9606.ENSP00000384849	17	0	1
9606.ENSP00000384851	2	1889	0
9606.ENSP00000384863	11	0	1
9606.ENSP00000384899	14	0	1
9606.ENSP00000384924	2	1885	0
9606.ENSP00000384949	5	0	1
9606.ENSP00000384952	62	0	1
9606.ENSP00000384957	5	0	1
9606.ENSP00000384964	1	3182	0
9606.ENSP00000384973	6	0	1
9606.ENSP00000384996	1	3181	0
9606.ENSP00000384999	2	1894	0
9606.ENSP00000385000	2	1887	0
9606.ENSP00000385019	2	1894	0
9606.ENSP00000385021	17	0	1
9606.ENSP00000385025	3	0	1
9606.ENSP00000385026	7	0	1
9606.ENSP00000385035	5	0	1
9606.ENSP00000385096	26	0	1
9606.ENSP00000385110	2	1894	0
9606.ENSP00000385142	10	0	1
9606.ENSP00000385143	1	3144	0
9606.ENSP00000385205	4	0	1
9606.ENSP00000385216	25	0	1
9606.ENSP00000385235	2	1894	0
9606.ENSP00000385269	8	0	1
9606.ENSP00000385334	12	0	1
9606.ENSP00000385361	4	0	1
9606.ENSP00000385385	1	3186	0
9606.ENSP00000385428	12	0	1
9606.ENSP00000385432	4	0	1
9606.ENSP00000385450	13	0	1
9606.ENSP00000385451	4	0	1
9606.ENSP00000385470	1	3186	0
9606.ENSP00000385477	5	0	1
9606.ENSP00000385479	118	0	1
9606.ENSP00000385480	3	0	1
9606.ENSP00000385510	3	0	1
9606.ENSP00000385519	4	0	1
9606.ENSP00000385523	9	0	1
9606.ENSP00000385571	4	0	1
9606.ENSP00000385616	7	0	1
9606.ENSP00000385636	4	0	1
9606.ENSP00000385675	11	0	1
9606.ENSP00000385714	1	3186	0
9606.ENSP00000385722	19	0	1
9606.ENSP00000385725	72	0	1
9606.ENSP00000385749	6	0	1
9606.ENSP00000385757	1	3186	0
9606.ENSP00000385787	22	0	1
9606.ENSP00000385808	4	0	1
9606.ENSP00000385823	12	0	1
9606.ENSP00000385828	1	3186	0
9606.ENSP00000385834	1	3173	0
9606.ENSP00000385958	102	0	1
9606.ENSP00000385968	1	3186	0
9606.ENSP00000386023	45	0	1
9606.ENSP00000386029	2	1894	0
9606.ENSP00000386041	13	0	1
9606.ENSP00000386043	3	0	1
9606.ENSP00000386096	4	0	1
9606.ENSP00000386134	53	0	1
9606.ENSP00000386135	5	0	1
9606.ENSP00000386156	9	0	1
9606.ENSP00000386165	1	3166	0
9606.ENSP00000386181	14	0	1
9606.ENSP00000386200	1	3174	0
9606.ENSP00000386212	2	1893	0
9606.ENSP00000386229	1	3128	0
9606.ENSP00000386239	18	0	1
9606.ENSP00000386289	1	3159	0
9606.ENSP00000386306	4	0	1
9606.ENSP00000386331	4	0	1
9606.ENSP00000386380	13	0	1
9606.ENSP00000386414	6	0	1
9606.ENSP00000386419	10	0	1
9606.ENSP00000386443	1	3182	0
9606.ENSP00000386444	2	1880	0
9606.ENSP00000386456	1	3186	0
9606.ENSP00000386458	7	0	1
9606.ENSP00000386488	33	0	1
9606.ENSP00000386531	6	0	1
9606.ENSP00000386541	39	0	1
9606.ENSP00000386559	22	0	1
9606.ENSP00000386593	38	0	1
9606.ENSP00000386597	2	1894	0
9606.ENSP00000386651	1	3186	0
9606.ENSP00000386655	2	1889	0
9606.ENSP00000386660	3	0	1
9606.ENSP00000386710	2	1891	0
9606.ENSP00000386717	95	0	1
9606.ENSP00000386722	1	3172	0
9606.ENSP00000386759	24	0	1
9606.ENSP00000386857	11	0	1
9606.ENSP00000386869	2	1888	0
9606.ENSP00000386880	13	0	1
9606.ENSP00000386881	5	0	1
9606.ENSP00000386884	38	0	1
9606.ENSP00000386892	4	0	1
9606.ENSP00000386894	3	0	1
9606.ENSP00000386896	5	0	1
9606.ENSP00000386918	2	1894	0
9606.ENSP00000386935	1	3186	0
9606.ENSP00000386942	1	3186	0
9606.ENSP00000387006	82	0	1
9606.ENSP00000387007	4	0	1
9606.ENSP00000387050	3	0	1
9606.ENSP00000387100	1	3186	0
9606.ENSP00000387159	2	1894	0
9606.ENSP00000387170	2	1892	0
9606.ENSP00000387211	4	0	1
9606.ENSP00000387246	3	0	1
9606.ENSP00000387262	13	0	1
9606.ENSP00000387266	1	3186	0
9606.ENSP00000387278	1	3185	0
9606.ENSP00000387282	1	3179	0
9606.ENSP00000387286	4	0	1
9606.ENSP00000387303	1	3187	0
9606.ENSP00000387334	4	0	1
9606.ENSP00000387356	6	0	1
9606.ENSP00000387362	1	3181	0
9606.ENSP00000387393	28	0	1
9606.ENSP00000387435	5	0	1
9606.ENSP00000387471	7	0	1
9606.ENSP00000387498	2	1890	0
9606.ENSP00000387549	6	0	1
9606.ENSP00000387662	6	0	1
9606.ENSP00000387699	26	0	1
9606.ENSP00000387710	3	0	1
9606.ENSP00000387739	9	0	1
9606.ENSP00000387822	5	0	1
9606.ENSP00000387911	1	3186	0
9606.ENSP00000387996	12	0	1
9606.ENSP00000388001	2	1894	0
9606.ENSP00000388107	235	0	1
9606.ENSP00000388169	12	0	1
9606.ENSP00000388183	3	0	1
9606.ENSP00000388337	8	0	1
9606.ENSP00000388510	4	0	1
9606.ENSP00000388552	3	0	1
9606.ENSP00000388566	3	0	1
9606.ENSP00000388620	1	3186	0
9606.ENSP00000388631	2	1894	0
9606.ENSP00000388638	6	0	1
9606.ENSP00000388806	10	0	1
9606.ENSP00000388825	1	3186	0
9606.ENSP00000388910	7	0	1
9606.ENSP00000388940	9	0	1
9606.ENSP00000388996	9	0	1
9606.ENSP00000389009	2	1894	0
9606.ENSP00000389026	1	3176	0
9606.ENSP00000389095	1	3182	0
9606.ENSP00000389103	90	0	1
9606.ENSP00000389140	5	0	1
9606.ENSP00000389160	50	0	1
9606.ENSP00000389168	6	0	1
9606.ENSP00000389176	2	1894	0
9606.ENSP00000389182	22	0	1
9606.ENSP00000389241	2	1894	0
9606.ENSP00000389252	1	3182	0
9606.ENSP00000389297	9	0	1
9606.ENSP00000389326	18	0	1
9606.ENSP00000389351	89	0	1
9606.ENSP00000389377	9	0	1
9606.ENSP00000389395	3	0	1
9606.ENSP00000389445	27	0	1
9606.ENSP00000389588	1	3186	0
9606.ENSP00000389600	7	0	1
9606.ENSP00000389631	13	0	1
9606.ENSP00000389649	18	0	1
9606.ENSP00000389714	12	0	1
9606.ENSP00000389715	2	1890	0
9606.ENSP00000389810	6	0	1
9606.ENSP00000389814	3	0	1
9606.ENSP00000389870	2	1893	0
9606.ENSP00000389913	3	0	1
9606.ENSP00000389948	11	0	1
9606.ENSP00000389998	9	0	1
9606.ENSP00000390011	1	3186	0
9606.ENSP00000390265	4	0	1
9606.ENSP00000390331	6	0	1
9606.ENSP00000390423	3	0	1
9606.ENSP00000390436	9	0	1
9606.ENSP00000390475	9	0	1
9606.ENSP00000390535	2	1894	0
9606.ENSP00000390590	1	3185	0
9606.ENSP00000390621	1	3186	0
9606.ENSP00000390625	1	3181	0
9606.ENSP00000390783	4	0	1
9606.ENSP00000390784	1	3183	0
9606.ENSP00000391088	4	0	1
9606.ENSP00000391090	4	0	1
9606.ENSP00000391211	37	0	1
9606.ENSP00000391227	1	3186	0
9606.ENSP00000391249	10	0	1
9606.ENSP00000391269	1	3184	0
9606.ENSP00000391311	9	0	1
9606.ENSP00000391457	43	0	1
9606.ENSP00000391481	2	1894	0
9606.ENSP00000391583	6	0	1
9606.ENSP00000391592	17	0	1
9606.ENSP00000391594	3	0	1
9606.ENSP00000391601	8	0	1
9606.ENSP00000391669	16	0	1
9606.ENSP00000391739	1	3186	0
9606.ENSP00000391748	2	1875	0
9606.ENSP00000391800	1	3155	0
9606.ENSP00000391803	3	0	1
9606.ENSP00000391826	16	0	1
9606.ENSP00000391942	2	1890	0
9606.ENSP00000392025	17	0	1
9606.ENSP00000392028	1	3170	0
9606.ENSP00000392065	1	3186	0
9606.ENSP00000392094	84	0	1
9606.ENSP00000392147	3	0	1
9606.ENSP00000392270	17	0	1
9606.ENSP00000392318	10	0	1
9606.ENSP00000392330	2	1892	0
9606.ENSP00000392353	1	3186	0
9606.ENSP00000392398	9	0	1
9606.ENSP00000392423	1	3185	0
9606.ENSP00000392495	14	0	1
9606.ENSP00000392500	4	0	1
9606.ENSP00000392553	6	0	1
9606.ENSP00000392617	25	0	1
9606.ENSP00000392709	52	0	1
9606.ENSP00000392726	2	1894	0
9606.ENSP00000392767	4	0	1
9606.ENSP00000392812	8	0	1
9606.ENSP00000393097	8	0	1
9606.ENSP00000393098	8	0	1
9606.ENSP00000393139	5	0	1
9606.ENSP00000393183	29	0	1
9606.ENSP00000393241	128	0	1
9606.ENSP00000393275	1	3184	0
9606.ENSP00000393312	27	0	1
9606.ENSP00000393313	3	0	1
9606.ENSP00000393324	1	3176	0
9606.ENSP00000393379	9	0	1
9606.ENSP00000393388	108	0	1
9606.ENSP00000393392	6	0	1
9606.ENSP00000393541	21	0	1
9606.ENSP00000393566	15	0	1
9606.ENSP00000393675	1	3186	0
9606.ENSP00000393762	2	1893	0
9606.ENSP00000393776	2	1886	0
9606.ENSP00000393840	7	0	1
9606.ENSP00000393922	1	3187	0
9606.ENSP00000393978	2	1894	0
9606.ENSP00000394033	2	1892	0
9606.ENSP00000394085	1	3165	0
9606.ENSP00000394107	7	0	1
9606.ENSP00000394227	2	1888	0
9606.ENSP00000394352	1	3181	0
9606.ENSP00000394394	38	0	1
9606.ENSP00000394417	17	0	1
9606.ENSP00000394560	8	0	1
9606.ENSP00000394624	6	0	1
9606.ENSP00000394734	1	3186	0
9606.ENSP00000394757	2	1867	0
9606.ENSP00000394791	3	0	1
9606.ENSP00000394794	3	0	1
9606.ENSP00000394888	1	3145	0
9606.ENSP00000394936	1	3158	0
9606.ENSP00000395012	1	3172	0
9606.ENSP00000395294	4	0	1
9606.ENSP00000395473	2	1894	0
9606.ENSP00000395535	13	0	1
9606.ENSP00000395574	33	0	1
9606.ENSP00000395704	5	0	1
9606.ENSP00000395708	1	3186	0
9606.ENSP00000395772	6	0	1
9606.ENSP00000395793	2	1894	0
9606.ENSP00000396052	4	0	1
9606.ENSP00000396163	1	3186	0
9606.ENSP00000396198	10	0	1
9606.ENSP00000396301	49	0	1
9606.ENSP00000396308	2	1894	0
9606.ENSP00000396320	9	0	1
9606.ENSP00000396467	3	0	1
9606.ENSP00000396673	2	1893	0
9606.ENSP00000396688	7	0	1
9606.ENSP00000396749	8	0	1
9606.ENSP00000396915	9	0	1
9606.ENSP00000396937	36	0	1
9606.ENSP00000396976	4	0	1
9606.ENSP00000396995	3	0	1
9606.ENSP00000397026	5	0	1
9606.ENSP00000397082	1	3186	0
9606.ENSP00000397133	6	0	1
9606.ENSP00000397181	2	1885	0
9606.ENSP00000397259	27	0	1
9606.ENSP00000397297	5	0	1
9606.ENSP00000397402	4	0	1
9606.ENSP00000397415	7	0	1
9606.ENSP00000397441	7	0	1
9606.ENSP00000397552	63	0	1
9606.ENSP00000397563	2	1893	0
9606.ENSP00000397566	1	3186	0
9606.ENSP00000397673	1	3187	0
9606.ENSP00000397863	5	0	1
9606.ENSP00000397908	7	0	1
9606.ENSP00000397911	2	1878	0
9606.ENSP00000397927	6	0	1
9606.ENSP00000398124	6	0	1
9606.ENSP00000398131	5	0	1
9606.ENSP00000398273	1	3179	0
9606.ENSP00000398368	6	0	1
9606.ENSP00000398410	1	3163	0
9606.ENSP00000398495	4	0	1
9606.ENSP00000398523	10	0	1
9606.ENSP00000398560	1	3185	0
9606.ENSP00000398568	3	0	1
9606.ENSP00000398597	17	0	1
9606.ENSP00000398610	2	1892	0
9606.ENSP00000398629	7	0	1
9606.ENSP00000398632	45	0	1
9606.ENSP00000398655	8	0	1
9606.ENSP00000398698	19	0	1
9606.ENSP00000398824	28	0	1
9606.ENSP00000398832	6	0	1
9606.ENSP00000398837	3	0	1
9606.ENSP00000398880	2	1887	0
9606.ENSP00000398890	15	0	1
9606.ENSP00000399168	25	0	1
9606.ENSP00000399208	1	3186	0
9606.ENSP00000399324	6	0	1
9606.ENSP00000399376	7	0	1
9606.ENSP00000399403	7	0	1
9606.ENSP00000399415	5	0	1
9606.ENSP00000399457	17	0	1
9606.ENSP00000399465	2	1871	0
9606.ENSP00000399511	1	3164	0
9606.ENSP00000399588	1	3131	0
9606.ENSP00000399718	7	0	1
9606.ENSP00000399745	9	0	1
9606.ENSP00000399797	3	0	1
9606.ENSP00000399851	16	0	1
9606.ENSP00000399862	13	0	1
9606.ENSP00000399888	1	3140	0
9606.ENSP00000399968	20	0	1
9606.ENSP00000399970	8	0	1
9606.ENSP00000399982	66	0	1
9606.ENSP00000400057	1	3186	0
9606.ENSP00000400142	2	1887	0
9606.ENSP00000400175	32	0	1
9606.ENSP00000400252	1	3186	0
9606.ENSP00000400312	2	1893	0
9606.ENSP00000400333	5	0	1
9606.ENSP00000400365	5	0	1
9606.ENSP00000400433	2	1894	0
9606.ENSP00000400459	1	3175	0
9606.ENSP00000400533	1	3152	0
9606.ENSP00000400591	106	0	1
9606.ENSP00000400646	16	0	1
9606.ENSP00000400717	8	0	1
9606.ENSP00000400887	1	3186	0
9606.ENSP00000400892	12	0	1
9606.ENSP00000400894	3	0	1
9606.ENSP00000400906	3	0	1
9606.ENSP00000401010	23	0	1
9606.ENSP00000401018	15	0	1
9606.ENSP00000401191	7	0	1
9606.ENSP00000401197	2	1888	0
9606.ENSP00000401264	1	3186	0
9606.ENSP00000401277	8	0	1
9606.ENSP00000401303	32	0	1
9606.ENSP00000401371	4	0	1
9606.ENSP00000401435	4	0	1
9606.ENSP00000401445	3	0	1
9606.ENSP00000401470	10	0	1
9606.ENSP00000401502	1	3184	0
9606.ENSP00000401513	1	3186	0
9606.ENSP00000401514	6	0	1
9606.ENSP00000401564	2	1885	0
9606.ENSP00000401645	1	3185	0
9606.ENSP00000401678	1	3184	0
9606.ENSP00000401720	1	3186	0
9606.ENSP00000401764	1	3093	0
9606.ENSP00000401770	16	0	1
9606.ENSP00000401878	26	0	1
9606.ENSP00000401888	17	0	1
9606.ENSP00000401907	15	0	1
9606.ENSP00000401946	2	1882	0
9606.ENSP00000401980	29	0	1
9606.ENSP00000402060	4	0	1
9606.ENSP00000402084	3	0	1
9606.ENSP00000402107	17	0	1
9606.ENSP00000402154	9	0	1
9606.ENSP00000402257	4	0	1
9606.ENSP00000402301	2	1894	0
9606.ENSP00000402338	3	0	1
9606.ENSP00000402346	11	0	1
9606.ENSP00000402515	5	0	1
9606.ENSP00000402537	1	3186	0
9606.ENSP00000402584	1	3181	0
9606.ENSP00000402653	2	1891	0
9606.ENSP00000402723	6	0	1
9606.ENSP00000402861	14	0	1
9606.ENSP00000402935	8	0	1
9606.ENSP00000403077	1	3186	0
9606.ENSP00000403172	93	0	1
9606.ENSP00000403210	9	0	1
9606.ENSP00000403310	10	0	1
9606.ENSP00000403343	2	1851	0
9606.ENSP00000403362	26	0	1
9606.ENSP00000403396	2	1894	0
9606.ENSP00000403397	1	3161	0
9606.ENSP00000403400	1	3171	0
9606.ENSP00000403453	1	3185	0
9606.ENSP00000403459	3	0	1
9606.ENSP00000403465	9	0	1
9606.ENSP00000403495	6	0	1
9606.ENSP00000403524	1	3138	0
9606.ENSP00000403614	19	0	1
9606.ENSP00000403649	4	0	1
9606.ENSP00000403663	17	0	1
9606.ENSP00000403683	3	0	1
9606.ENSP00000403701	23	0	1
9606.ENSP00000403888	10	0	1
9606.ENSP00000404092	7	0	1
9606.ENSP00000404121	3	0	1
9606.ENSP00000404122	14	0	1
9606.ENSP00000404131	12	0	1
9606.ENSP00000404190	5	0	1
9606.ENSP00000404220	2	1892	0
9606.ENSP00000404236	2	1874	0
9606.ENSP00000404251	1	3186	0
9606.ENSP00000404375	32	0	1
9606.ENSP00000404503	7	0	1
9606.ENSP00000404570	8	0	1
9606.ENSP00000404658	28	0	1
9606.ENSP00000404676	1	3186	0
9606.ENSP00000404833	12	0	1
9606.ENSP00000404911	5	0	1
9606.ENSP00000404923	4	0	1
9606.ENSP00000405004	20	0	1
9606.ENSP00000405068	20	0	1
9606.ENSP00000405252	1	3183	0
9606.ENSP00000405330	44	0	1
9606.ENSP00000405338	6	0	1
9606.ENSP00000405573	1	3175	0
9606.ENSP00000405574	11	0	1
9606.ENSP00000405635	1	3186	0
9606.ENSP00000405674	5	0	1
9606.ENSP00000405726	21	0	1
9606.ENSP00000405841	10	0	1
9606.ENSP00000405890	6	0	1
9606.ENSP00000405926	18	0	1
9606.ENSP00000405963	3	0	1
9606.ENSP00000405965	14	0	1
9606.ENSP00000405969	1	3185	0
9606.ENSP00000406012	6	0	1
9606.ENSP00000406022	2	1878	0
9606.ENSP00000406037	46	0	1
9606.ENSP00000406050	2	1894	0
9606.ENSP00000406157	4	0	1
9606.ENSP00000406162	15	0	1
9606.ENSP00000406191	3	0	1
9606.ENSP00000406209	2	1890	0
9606.ENSP00000406229	1	3163	0
9606.ENSP00000406261	9	0	1
9606.ENSP00000406478	2	1874	0
9606.ENSP00000406490	6	0	1
9606.ENSP00000406549	59	0	1
9606.ENSP00000406577	1	3186	0
9606.ENSP00000406598	2	1888	0
9606.ENSP00000406674	2	1893	0
9606.ENSP00000406723	1	3186	0
9606.ENSP00000406909	2	1892	0
9606.ENSP00000406970	1	3180	0
9606.ENSP00000407193	2	1894	0
9606.ENSP00000407323	10	0	1
9606.ENSP00000407336	45	0	1
9606.ENSP00000407509	5	0	1
9606.ENSP00000407546	7	0	1
9606.ENSP00000407586	23	0	1
9606.ENSP00000407592	9	0	1
9606.ENSP00000407818	5	0	1
9606.ENSP00000407822	1	3177	0
9606.ENSP00000408005	4	0	1
9606.ENSP00000408025	7	0	1
9606.ENSP00000408146	15	0	1
9606.ENSP00000408205	8	0	1
9606.ENSP00000408288	8	0	1
9606.ENSP00000408295	12	0	1
9606.ENSP00000408367	6	0	1
9606.ENSP00000408411	1	3185	0
9606.ENSP00000408526	2	1894	0
9606.ENSP00000408598	2	1894	0
9606.ENSP00000408617	5	0	1
9606.ENSP00000408695	9	0	1
9606.ENSP00000408910	17	0	1
9606.ENSP00000408979	6	0	1
9606.ENSP00000409007	8	0	1
9606.ENSP00000409126	1	3160	0
9606.ENSP00000409231	9	0	1
9606.ENSP00000409346	6	0	1
9606.ENSP00000409544	4	0	1
9606.ENSP00000409581	21	0	1
9606.ENSP00000409594	1	3169	0
9606.ENSP00000409666	2	1890	0
9606.ENSP00000409667	12	0	1
9606.ENSP00000409799	15	0	1
9606.ENSP00000409952	4	0	1
9606.ENSP00000410042	7	0	1
9606.ENSP00000410059	3	0	1
9606.ENSP00000410186	9	0	1
9606.ENSP00000410242	2	1891	0
9606.ENSP00000410294	21	0	1
9606.ENSP00000410309	2	1894	0
9606.ENSP00000410339	9	0	1
9606.ENSP00000410402	13	0	1
9606.ENSP00000410409	4	0	1
9606.ENSP00000410452	1	3140	0
9606.ENSP00000410481	2	1889	0
9606.ENSP00000410561	1	3186	0
9606.ENSP00000410689	1	3083	0
9606.ENSP00000410732	4	0	1
9606.ENSP00000410746	1	3185	0
9606.ENSP00000410758	59	0	1
9606.ENSP00000410798	5	0	1
9606.ENSP00000410815	4	0	1
9606.ENSP00000410818	3	0	1
9606.ENSP00000410964	1	3185	0
9606.ENSP00000411010	50	0	1
9606.ENSP00000411012	1	3175	0
9606.ENSP00000411073	20	0	1
9606.ENSP00000411152	4	0	1
9606.ENSP00000411256	21	0	1
9606.ENSP00000411268	1	3184	0
9606.ENSP00000411355	7	0	1
9606.ENSP00000411397	1	3183	0
9606.ENSP00000411418	1	3186	0
9606.ENSP00000411532	1	3186	0
9606.ENSP00000411613	2	1894	0
9606.ENSP00000411672	2	1893	0
9606.ENSP00000411719	2	1893	0
9606.ENSP00000411770	3	0	1
9606.ENSP00000411816	1	3186	0
9606.ENSP00000411821	2	1894	0
9606.ENSP00000411822	23	0	1
9606.ENSP00000411825	8	0	1
9606.ENSP00000411848	1	3186	0
9606.ENSP00000411898	1	3096	0
9606.ENSP00000411932	2	1863	0
9606.ENSP00000411960	4	0	1
9606.ENSP00000412130	1	3167	0
9606.ENSP00000412178	1	3185	0
9606.ENSP00000412189	2	1894	0
9606.ENSP00000412209	2	1890	0
9606.ENSP00000412237	4	0	1
9606.ENSP00000412302	10	0	1
9606.ENSP00000412324	11	0	1
9606.ENSP00000412566	106	0	1
9606.ENSP00000412673	2	1894	0
9606.ENSP00000412894	15	0	1
9606.ENSP00000412940	2	1894	0
9606.ENSP00000413035	2	1894	0
9606.ENSP00000413064	1	3186	0
9606.ENSP00000413079	4	0	1
9606.ENSP00000413436	70	0	1
9606.ENSP00000413496	1	3183	0
9606.ENSP00000413507	10	0	1
9606.ENSP00000413625	1	3179	0
9606.ENSP00000413697	6	0	1
9606.ENSP00000413720	8	0	1
9606.ENSP00000413861	2	1885	0
9606.ENSP00000413929	1	3153	0
9606.ENSP00000413937	3	0	1
9606.ENSP00000414095	34	0	1
9606.ENSP00000414109	18	0	1
9606.ENSP00000414147	2	1890	0
9606.ENSP00000414202	2	1894	0
9606.ENSP00000414237	12	0	1
9606.ENSP00000414287	1	3186	0
9606.ENSP00000414303	7	0	1
9606.ENSP00000414321	127	0	1
9606.ENSP00000414330	2	1894	0
9606.ENSP00000414359	41	0	1
9606.ENSP00000414378	3	0	1
9606.ENSP00000414398	5	0	1
9606.ENSP00000414516	21	0	1
9606.ENSP00000414624	3	0	1
9606.ENSP00000414851	5	0	1
9606.ENSP00000414886	2	1893	0
9606.ENSP00000414906	13	0	1
9606.ENSP00000414982	8	0	1
9606.ENSP00000415056	1	3186	0
9606.ENSP00000415078	6	0	1
9606.ENSP00000415090	1	3185	0
9606.ENSP00000415139	2	1866	0
9606.ENSP00000415151	8	0	1
9606.ENSP00000415203	1	3186	0
9606.ENSP00000415243	3	0	1
9606.ENSP00000415283	8	0	1
9606.ENSP00000415416	1	3154	0
9606.ENSP00000415430	1	3181	0
9606.ENSP00000415433	4	0	1
9606.ENSP00000415436	8	0	1
9606.ENSP00000415454	2	1894	0
9606.ENSP00000415464	1	3168	0
9606.ENSP00000415536	70	0	1
9606.ENSP00000415556	27	0	1
9606.ENSP00000415743	13	0	1
9606.ENSP00000415786	1	3183	0
9606.ENSP00000415822	1	3187	0
9606.ENSP00000415941	6	0	1
9606.ENSP00000416037	1	3182	0
9606.ENSP00000416066	4	0	1
9606.ENSP00000416097	3	0	1
9606.ENSP00000416193	10	0	1
9606.ENSP00000416250	7	0	1
9606.ENSP00000416255	26	0	1
9606.ENSP00000416269	14	0	1
9606.ENSP00000416293	2	1893	0
9606.ENSP00000416330	1	3123	0
9606.ENSP00000416338	5	0	1
9606.ENSP00000416341	1	3186	0
9606.ENSP00000416387	5	0	1
9606.ENSP00000416429	87	0	1
9606.ENSP00000416515	2	1894	0
9606.ENSP00000416523	4	0	1
9606.ENSP00000416534	21	0	1
9606.ENSP00000416561	4	0	1
9606.ENSP00000416606	2	1893	0
9606.ENSP00000416658	9	0	1
9606.ENSP00000416683	3	0	1
9606.ENSP00000416696	6	0	1
9606.ENSP00000416797	2	1887	0
9606.ENSP00000416799	5	0	1
9606.ENSP00000416959	1	3185	0
9606.ENSP00000416996	11	0	1
9606.ENSP00000417050	1	3182	0
9606.ENSP00000417078	3	0	1
9606.ENSP00000417132	33	0	1
9606.ENSP00000417142	50	0	1
9606.ENSP00000417175	3	0	1
9606.ENSP00000417222	1	3186	0
9606.ENSP00000417229	3	0	1
9606.ENSP00000417235	6	0	1
9606.ENSP00000417261	2	1882	0
9606.ENSP00000417273	26	0	1
9606.ENSP00000417303	1	3160	0
9606.ENSP00000417335	4	0	1
9606.ENSP00000417378	26	0	1
9606.ENSP00000417404	4	0	1
9606.ENSP00000417498	1	3145	0
9606.ENSP00000417510	24	0	1
9606.ENSP00000417559	6	0	1
9606.ENSP00000417569	4	0	1
9606.ENSP00000417601	3	0	1
9606.ENSP00000417602	64	0	1
9606.ENSP00000417677	5	0	1
9606.ENSP00000417686	4	0	1
9606.ENSP00000417763	8	0	1
9606.ENSP00000417864	4	0	1
9606.ENSP00000417901	2	1894	0
9606.ENSP00000417960	1	3186	0
9606.ENSP00000417963	6	0	1
9606.ENSP00000417980	20	0	1
9606.ENSP00000418008	35	0	1
9606.ENSP00000418009	3	0	1
9606.ENSP00000418018	1	3184	0
9606.ENSP00000418037	2	1866	0
9606.ENSP00000418070	8	0	1
9606.ENSP00000418081	4	0	1
9606.ENSP00000418082	85	0	1
9606.ENSP00000418112	1	3186	0
9606.ENSP00000418259	1	3186	0
9606.ENSP00000418268	11	0	1
9606.ENSP00000418287	7	0	1
9606.ENSP00000418379	2	1880	0
9606.ENSP00000418401	3	0	1
9606.ENSP00000418438	47	0	1
9606.ENSP00000418447	35	0	1
9606.ENSP00000418525	7	0	1
9606.ENSP00000418529	6	0	1
9606.ENSP00000418563	2	1891	0
9606.ENSP00000418572	26	0	1
9606.ENSP00000418582	1	3186	0
9606.ENSP00000418669	1	3186	0
9606.ENSP00000418695	36	0	1
9606.ENSP00000418734	1	3155	0
9606.ENSP00000418754	1	3177	0
9606.ENSP00000418803	5	0	1
9606.ENSP00000418915	8	0	1
9606.ENSP00000418960	79	0	1
9606.ENSP00000419005	2	1889	0
9606.ENSP00000419027	4	0	1
9606.ENSP00000419060	13	0	1
9606.ENSP00000419081	45	0	1
9606.ENSP00000419085	5	0	1
9606.ENSP00000419087	45	0	1
9606.ENSP00000419184	1	3186	0
9606.ENSP00000419243	5	0	1
9606.ENSP00000419260	11	0	1
9606.ENSP00000419270	8	0	1
9606.ENSP00000419279	14	0	1
9606.ENSP00000419298	1	3177	0
9606.ENSP00000419313	10	0	1
9606.ENSP00000419325	2	1894	0
9606.ENSP00000419361	2	1891	0
9606.ENSP00000419370	28	0	1
9606.ENSP00000419371	4	0	1
9606.ENSP00000419412	1	3186	0
9606.ENSP00000419413	6	0	1
9606.ENSP00000419425	4	0	1
9606.ENSP00000419449	24	0	1
9606.ENSP00000419465	16	0	1
9606.ENSP00000419494	14	0	1
9606.ENSP00000419503	11	0	1
9606.ENSP00000419599	1	3186	0
9606.ENSP00000419628	2	1894	0
9606.ENSP00000419665	1	3186	0
9606.ENSP00000419692	22	0	1
9606.ENSP00000419740	4	0	1
9606.ENSP00000419765	22	0	1
9606.ENSP00000419782	3	0	1
9606.ENSP00000419803	28	0	1
9606.ENSP00000419851	1	3177	0
9606.ENSP00000419879	1	3186	0
9606.ENSP00000419881	7	0	1
9606.ENSP00000419945	14	0	1
9606.ENSP00000419952	2	1892	0
9606.ENSP00000419970	3	0	1
9606.ENSP00000419975	1	3181	0
9606.ENSP00000420037	6	0	1
9606.ENSP00000420040	2	1893	0
9606.ENSP00000420127	4	0	1
9606.ENSP00000420161	2	1894	0
9606.ENSP00000420168	1	3186	0
9606.ENSP00000420174	4	0	1
9606.ENSP00000420176	16	0	1
9606.ENSP00000420194	1	3186	0
9606.ENSP00000420195	3	0	1
9606.ENSP00000420213	11	0	1
9606.ENSP00000420294	50	0	1
9606.ENSP00000420295	2	1893	0
9606.ENSP00000420298	3	0	1
9606.ENSP00000420306	13	0	1
9606.ENSP00000420311	87	0	1
9606.ENSP00000420321	5	0	1
9606.ENSP00000420357	1	3186	0
9606.ENSP00000420387	6	0	1
9606.ENSP00000420449	2	1894	0
9606.ENSP00000420525	2	1889	0
9606.ENSP00000420588	4	0	1
9606.ENSP00000420608	9	0	1
9606.ENSP00000420616	8	0	1
9606.ENSP00000420617	3	0	1
9606.ENSP00000420641	8	0	1
9606.ENSP00000420682	1	3186	0
9606.ENSP00000420714	63	0	1
9606.ENSP00000420826	1	3186	0
9606.ENSP00000420860	1	3167	0
9606.ENSP00000420875	2	1892	0
9606.ENSP00000420927	2	1891	0
9606.ENSP00000421172	1	3184	0
9606.ENSP00000421180	5	0	1
9606.ENSP00000421185	2	1894	0
9606.ENSP00000421280	5	0	1
9606.ENSP00000421339	2	1879	0
9606.ENSP00000421380	21	0	1
9606.ENSP00000421491	29	0	1
9606.ENSP00000421544	1	3185	0
9606.ENSP00000421592	23	0	1
9606.ENSP00000421710	4	0	1
9606.ENSP00000421725	3	0	1
9606.ENSP00000421736	1	3179	0
9606.ENSP00000421799	1	3181	0
9606.ENSP00000421801	3	0	1
9606.ENSP00000421842	36	0	1
9606.ENSP00000421863	1	3158	0
9606.ENSP00000421926	14	0	1
9606.ENSP00000421985	2	1894	0
9606.ENSP00000422007	1	3179	0
9606.ENSP00000422176	2	1894	0
9606.ENSP00000422464	11	0	1
9606.ENSP00000422533	2	1894	0
9606.ENSP00000422591	4	0	1
9606.ENSP00000422626	3	0	1
9606.ENSP00000422793	1	3186	0
9606.ENSP00000422834	2	1894	0
9606.ENSP00000422896	11	0	1
9606.ENSP00000422907	5	0	1
9606.ENSP00000423067	53	0	1
9606.ENSP00000423190	2	1892	0
9606.ENSP00000423325	3	0	1
9606.ENSP00000423333	1	3183	0
9606.ENSP00000423399	44	0	1
9606.ENSP00000423541	2	1894	0
9606.ENSP00000423563	32	0	1
9606.ENSP00000423630	1	3150	0
9606.ENSP00000423673	50	0	1
9606.ENSP00000423674	3	0	1
9606.ENSP00000423822	9	0	1
9606.ENSP00000423917	1	3185	0
9606.ENSP00000424007	4	0	1
9606.ENSP00000424123	2	1894	0
9606.ENSP00000424183	15	0	1
9606.ENSP00000424198	1	3175	0
9606.ENSP00000424261	2	1894	0
9606.ENSP00000424328	80	0	1
9606.ENSP00000424417	47	0	1
9606.ENSP00000424495	1	3132	0
9606.ENSP00000424501	1	3186	0
9606.ENSP00000424544	9	0	1
9606.ENSP00000424565	1	3186	0
9606.ENSP00000424595	3	0	1
9606.ENSP00000424598	1	3181	0
9606.ENSP00000424655	14	0	1
9606.ENSP00000424757	1	3186	0
9606.ENSP00000424765	6	0	1
9606.ENSP00000424798	2	1894	0
9606.ENSP00000424827	11	0	1
9606.ENSP00000424846	6	0	1
9606.ENSP00000424870	5	0	1
9606.ENSP00000424896	12	0	1
9606.ENSP00000425107	18	0	1
9606.ENSP00000425130	3	0	1
9606.ENSP00000425133	3	0	1
9606.ENSP00000425394	1	3186	0
9606.ENSP00000425561	36	0	1
9606.ENSP00000425587	9	0	1
9606.ENSP00000425634	1	3186	0
9606.ENSP00000425759	27	0	1
9606.ENSP00000425824	5	0	1
9606.ENSP00000425864	7	0	1
9606.ENSP00000425979	13	0	1
9606.ENSP00000426083	2	1894	0
9606.ENSP00000426103	1	3176	0
9606.ENSP00000426167	10	0	1
9606.ENSP00000426191	6	0	1
9606.ENSP00000426359	1	3185	0
9606.ENSP00000426503	6	0	1
9606.ENSP00000426548	1	3168	0
9606.ENSP00000426632	1	3145	0
9606.ENSP00000426653	1	3186	0
9606.ENSP00000426654	39	0	1
9606.ENSP00000426786	2	1894	0
9606.ENSP00000426848	2	1893	0
9606.ENSP00000426909	101	0	1
9606.ENSP00000426941	36	0	1
9606.ENSP00000426978	9	0	1
9606.ENSP00000426983	8	0	1
9606.ENSP00000427004	1	3186	0
9606.ENSP00000427108	1	3182	0
9606.ENSP00000427211	1	3159	0
9606.ENSP00000427279	8	0	1
9606.ENSP00000427463	4	0	1
9606.ENSP00000427514	6	0	1
9606.ENSP00000427550	1	3186	0
9606.ENSP00000427562	1	3164	0
9606.ENSP00000427603	1	3185	0
9606.ENSP00000427679	2	1890	0
9606.ENSP00000427687	2	1885	0
9606.ENSP00000427690	5	0	1
9606.ENSP00000427695	12	0	1
9606.ENSP00000427772	4	0	1
9606.ENSP00000427793	5	0	1
9606.ENSP00000427802	2	1893	0
9606.ENSP00000427866	4	0	1
9606.ENSP00000427874	3	0	1
9606.ENSP00000427900	2	1881	0
9606.ENSP00000427926	4	0	1
9606.ENSP00000427985	3	0	1
9606.ENSP00000428056	26	0	1
9606.ENSP00000428085	92	0	1
9606.ENSP00000428112	2	1886	0
9606.ENSP00000428184	5	0	1
9606.ENSP00000428205	3	0	1
9606.ENSP00000428209	8	0	1
9606.ENSP00000428220	2	1883	0
9606.ENSP00000428223	60	0	1
9606.ENSP00000428259	10	0	1
9606.ENSP00000428324	3	0	1
9606.ENSP00000428340	6	0	1
9606.ENSP00000428417	2	1892	0
9606.ENSP00000428426	42	0	1
9606.ENSP00000428518	5	0	1
9606.ENSP00000428540	1	3186	0
9606.ENSP00000428564	14	0	1
9606.ENSP00000428619	1	3182	0
9606.ENSP00000428657	4	0	1
9606.ENSP00000428787	6	0	1
9606.ENSP00000428845	9	0	1
9606.ENSP00000428924	20	0	1
9606.ENSP00000428976	1	3186	0
9606.ENSP00000428982	33	0	1
9606.ENSP00000428994	11	0	1
9606.ENSP00000429065	13	0	1
9606.ENSP00000429084	4	0	1
9606.ENSP00000429089	4	0	1
9606.ENSP00000429200	2	1893	0
9606.ENSP00000429283	2	1881	0
9606.ENSP00000429323	7	0	1
9606.ENSP00000429374	94	0	1
9606.ENSP00000429562	5	0	1
9606.ENSP00000429690	17	0	1
9606.ENSP00000429707	14	0	1
9606.ENSP00000429744	3	0	1
9606.ENSP00000429824	1	3184	0
9606.ENSP00000429900	7	0	1
9606.ENSP00000429931	26	0	1
9606.ENSP00000429986	39	0	1
9606.ENSP00000430031	2	1894	0
9606.ENSP00000430075	2	1894	0
9606.ENSP00000430100	4	0	1
9606.ENSP00000430282	19	0	1
9606.ENSP00000430338	13	0	1
9606.ENSP00000430344	2	1894	0
9606.ENSP00000430432	75	0	1
9606.ENSP00000430493	12	0	1
9606.ENSP00000430494	29	0	1
9606.ENSP00000430598	2	1892	0
9606.ENSP00000430620	3	0	1
9606.ENSP00000430684	16	0	1
9606.ENSP00000430711	3	0	1
9606.ENSP00000430945	2	1887	0
9606.ENSP00000430950	2	1894	0
9606.ENSP00000431010	1	3185	0
9606.ENSP00000431040	50	0	1
9606.ENSP00000431240	66	0	1
9606.ENSP00000431254	42	0	1
9606.ENSP00000431284	1	3183	0
9606.ENSP00000431391	1	3175	0
9606.ENSP00000431418	22	0	1
9606.ENSP00000431445	9	0	1
9606.ENSP00000431512	2	1860	0
9606.ENSP00000431603	2	1891	0
9606.ENSP00000431775	2	1877	0
9606.ENSP00000431800	20	0	1
9606.ENSP00000431813	2	1885	0
9606.ENSP00000431822	117	0	1
9606.ENSP00000431876	1	3187	0
9606.ENSP00000431885	17	0	1
9606.ENSP00000431926	35	0	1
9606.ENSP00000431984	3	0	1
9606.ENSP00000432119	3	0	1
9606.ENSP00000432279	30	0	1
9606.ENSP00000432412	7	0	1
9606.ENSP00000432472	12	0	1
9606.ENSP00000432511	15	0	1
9606.ENSP00000432561	1	3186	0
9606.ENSP00000432568	3	0	1
9606.ENSP00000432660	9	0	1
9606.ENSP00000432688	6	0	1
9606.ENSP00000432768	1	3185	0
9606.ENSP00000432886	19	0	1
9606.ENSP00000433112	1	3171	0
9606.ENSP00000433138	17	0	1
9606.ENSP00000433157	7	0	1
9606.ENSP00000433205	1	3169	0
9606.ENSP00000433208	3	0	1
9606.ENSP00000433209	2	1891	0
9606.ENSP00000433277	2	1870	0
9606.ENSP00000433295	3	0	1
9606.ENSP00000433415	11	0	1
9606.ENSP00000433459	1	3169	0
9606.ENSP00000433488	1	3162	0
9606.ENSP00000433490	5	0	1
9606.ENSP00000433560	1	3186	0
9606.ENSP00000433623	63	0	1
9606.ENSP00000433642	7	0	1
9606.ENSP00000433664	10	0	1
9606.ENSP00000433681	7	0	1
9606.ENSP00000433760	12	0	1
9606.ENSP00000433847	1	3186	0
9606.ENSP00000433919	11	0	1
9606.ENSP00000433933	8	0	1
9606.ENSP00000433999	3	0	1
9606.ENSP00000434024	33	0	1
9606.ENSP00000434034	11	0	1
9606.ENSP00000434056	4	0	1
9606.ENSP00000434343	2	1894	0
9606.ENSP00000434359	5	0	1
9606.ENSP00000434466	11	0	1
9606.ENSP00000434480	7	0	1
9606.ENSP00000434516	3	0	1
9606.ENSP00000434552	5	0	1
9606.ENSP00000434614	40	0	1
9606.ENSP00000434717	2	1893	0
9606.ENSP00000434729	22	0	1
9606.ENSP00000434776	1	3132	0
9606.ENSP00000434995	20	0	1
9606.ENSP00000435096	88	0	1
9606.ENSP00000435210	3	0	1
9606.ENSP00000435233	3	0	1
9606.ENSP00000435289	7	0	1
9606.ENSP00000435380	1	3187	0
9606.ENSP00000435412	3	0	1
9606.ENSP00000435460	2	1889	0
9606.ENSP00000435466	1	3175	0
9606.ENSP00000435534	2	1894	0
9606.ENSP00000435585	1	3187	0
9606.ENSP00000435619	7	0	1
9606.ENSP00000435648	4	0	1
9606.ENSP00000435712	11	0	1
9606.ENSP00000435777	129	0	1
9606.ENSP00000436005	14	0	1
9606.ENSP00000436049	15	0	1
9606.ENSP00000436318	1	3183	0
9606.ENSP00000436423	2	1892	0
9606.ENSP00000436450	2	1852	0
9606.ENSP00000436585	2	1894	0
9606.ENSP00000436607	7	0	1
9606.ENSP00000436679	15	0	1
9606.ENSP00000436691	2	1894	0
9606.ENSP00000436786	65	0	1
9606.ENSP00000436812	1	3186	0
9606.ENSP00000436926	19	0	1
9606.ENSP00000437041	2	1894	0
9606.ENSP00000437073	1	3186	0
9606.ENSP00000437125	40	0	1
9606.ENSP00000437256	34	0	1
9606.ENSP00000437271	13	0	1
9606.ENSP00000437360	37	0	1
9606.ENSP00000437402	2	1889	0
9606.ENSP00000437464	4	0	1
9606.ENSP00000437550	6	0	1
9606.ENSP00000437563	10	0	1
9606.ENSP00000437621	4	0	1
9606.ENSP00000437659	51	0	1
9606.ENSP00000437737	4	0	1
9606.ENSP00000437775	3	0	1
9606.ENSP00000437783	1	3186	0
9606.ENSP00000437955	32	0	1
9606.ENSP00000438038	13	0	1
9606.ENSP00000438040	1	3179	0
9606.ENSP00000438071	1	3184	0
9606.ENSP00000438085	9	0	1
9606.ENSP00000438204	7	0	1
9606.ENSP00000438244	1	3186	0
9606.ENSP00000438262	16	0	1
9606.ENSP00000438273	2	1894	0
9606.ENSP00000438349	5	0	1
9606.ENSP00000438388	2	1887	0
9606.ENSP00000438399	12	0	1
9606.ENSP00000438406	4	0	1
9606.ENSP00000438455	1	3187	0
9606.ENSP00000438465	2	1874	0
9606.ENSP00000438483	8	0	1
9606.ENSP00000438553	16	0	1
9606.ENSP00000438574	3	0	1
9606.ENSP00000438677	3	0	1
9606.ENSP00000438689	4	0	1
9606.ENSP00000438748	2	1894	0
9606.ENSP00000438788	39	0	1
9606.ENSP00000438804	2	1893	0
9606.ENSP00000438886	1	3186	0
9606.ENSP00000438949	13	0	1
9606.ENSP00000438993	3	0	1
9606.ENSP00000439020	29	0	1
9606.ENSP00000439056	7	0	1
9606.ENSP00000439068	2	1893	0
9606.ENSP00000439120	1	3185	0
9606.ENSP00000439128	1	3174	0
9606.ENSP00000439244	1	3174	0
9606.ENSP00000439479	1	3186	0
9606.ENSP00000439585	4	0	1
9606.ENSP00000439666	1	3146	0
9606.ENSP00000439800	2	1893	0
9606.ENSP00000439856	3	0	1
9606.ENSP00000439937	3	0	1
9606.ENSP00000440005	13	0	1
9606.ENSP00000440045	4	0	1
9606.ENSP00000440066	2	1888	0
9606.ENSP00000440100	31	0	1
9606.ENSP00000440185	2	1893	0
9606.ENSP00000440190	1	3187	0
9606.ENSP00000440246	2	1894	0
9606.ENSP00000440273	2	1862	0
9606.ENSP00000440329	2	1894	0
9606.ENSP00000440440	2	1872	0
9606.ENSP00000440485	8	0	1
9606.ENSP00000440502	1	3163	0
9606.ENSP00000440542	48	0	1
9606.ENSP00000440556	5	0	1
9606.ENSP00000440689	4	0	1
9606.ENSP00000440704	2	1892	0
9606.ENSP00000440864	2	1843	0
9606.ENSP00000440915	16	0	1
9606.ENSP00000440984	5	0	1
9606.ENSP00000441000	1	3186	0
9606.ENSP00000441039	2	1882	0
9606.ENSP00000441065	2	1884	0
9606.ENSP00000441126	45	0	1
9606.ENSP00000441158	9	0	1
9606.ENSP00000441235	5	0	1
9606.ENSP00000441369	6	0	1
9606.ENSP00000441543	172	0	1
9606.ENSP00000441600	22	0	1
9606.ENSP00000441765	3	0	1
9606.ENSP00000441828	4	0	1
9606.ENSP00000441875	1	3186	0
9606.ENSP00000441913	2	1884	0
9606.ENSP00000441927	2	1893	0
9606.ENSP00000441953	13	0	1
9606.ENSP00000441954	5	0	1
9606.ENSP00000441980	2	1892	0
9606.ENSP00000442060	1	3178	0
9606.ENSP00000442308	1	3180	0
9606.ENSP00000442318	3	0	1
9606.ENSP00000442397	3	0	1
9606.ENSP00000442424	3	0	1
9606.ENSP00000442460	13	0	1
9606.ENSP00000442477	2	1894	0
9606.ENSP00000442563	16	0	1
9606.ENSP00000442600	17	0	1
9606.ENSP00000442656	8	0	1
9606.ENSP00000442682	1	3183	0
9606.ENSP00000442699	20	0	1
9606.ENSP00000442736	6	0	1
9606.ENSP00000442788	5	0	1
9606.ENSP00000442795	5	0	1
9606.ENSP00000442954	14	0	1
9606.ENSP00000442973	2	1893	0
9606.ENSP00000442982	2	1850	0
9606.ENSP00000443017	102	0	1
9606.ENSP00000443113	6	0	1
9606.ENSP00000443130	4	0	1
9606.ENSP00000443194	1	3186	0
9606.ENSP00000443216	11	0	1
9606.ENSP00000443246	2	1893	0
9606.ENSP00000443256	9	0	1
9606.ENSP00000443291	1	3186	0
9606.ENSP00000443432	2	1894	0
9606.ENSP00000443459	3	0	1
9606.ENSP00000443475	12	0	1
9606.ENSP00000443631	1	3154	0
9606.ENSP00000443824	4	0	1
9606.ENSP00000443900	4	0	1
9606.ENSP00000443988	12	0	1
9606.ENSP00000444029	23	0	1
9606.ENSP00000444136	13	0	1
9606.ENSP00000444198	3	0	1
9606.ENSP00000444201	1	3179	0
9606.ENSP00000444271	5	0	1
9606.ENSP00000444357	7	0	1
9606.ENSP00000444408	1	3158	0
9606.ENSP00000444425	1	3105	0
9606.ENSP00000444596	6	0	1
9606.ENSP00000444660	3	0	1
9606.ENSP00000444688	9	0	1
9606.ENSP00000444743	2	1894	0
9606.ENSP00000444788	2	1894	0
9606.ENSP00000444810	10	0	1
9606.ENSP00000444935	7	0	1
9606.ENSP00000445001	11	0	1
9606.ENSP00000445002	4	0	1
9606.ENSP00000445122	1	3186	0
9606.ENSP00000445135	3	0	1
9606.ENSP00000445162	50	0	1
9606.ENSP00000445175	1	3186	0
9606.ENSP00000445306	9	0	1
9606.ENSP00000445381	5	0	1
9606.ENSP00000445408	6	0	1
9606.ENSP00000445508	8	0	1
9606.ENSP00000445633	42	0	1
9606.ENSP00000445675	16	0	1
9606.ENSP00000445757	42	0	1
9606.ENSP00000445772	1	3157	0
9606.ENSP00000445806	4	0	1
9606.ENSP00000445831	10	0	1
9606.ENSP00000445868	22	0	1
9606.ENSP00000446007	3	0	1
9606.ENSP00000446039	12	0	1
9606.ENSP00000446093	9	0	1
9606.ENSP00000446184	8	0	1
9606.ENSP00000446215	23	0	1
9606.ENSP00000446252	3	0	1
9606.ENSP00000446271	3	0	1
9606.ENSP00000446479	1	3178	0
9606.ENSP00000446576	6	0	1
9606.ENSP00000446828	3	0	1
9606.ENSP00000446872	2	1894	0
9606.ENSP00000446880	2	1853	0
9606.ENSP00000446917	1	3176	0
9606.ENSP00000446955	12	0	1
9606.ENSP00000447001	93	0	1
9606.ENSP00000447006	4	0	1
9606.ENSP00000447053	4	0	1
9606.ENSP00000447149	5	0	1
9606.ENSP00000447241	10	0	1
9606.ENSP00000447297	17	0	1
9606.ENSP00000447300	4	0	1
9606.ENSP00000447378	2	1894	0
9606.ENSP00000447488	4	0	1
9606.ENSP00000447537	12	0	1
9606.ENSP00000447730	12	0	1
9606.ENSP00000447942	8	0	1
9606.ENSP00000448012	7	0	1
9606.ENSP00000448035	2	1893	0
9606.ENSP00000448054	18	0	1
9606.ENSP00000448071	1	3186	0
9606.ENSP00000448073	1	3183	0
9606.ENSP00000448083	1	3186	0
9606.ENSP00000448165	10	0	1
9606.ENSP00000448182	2	1892	0
9606.ENSP00000448387	2	1890	0
9606.ENSP00000448598	33	0	1
9606.ENSP00000448665	2	1884	0
9606.ENSP00000449026	23	0	1
9606.ENSP00000449079	2	1894	0
9606.ENSP00000449089	4	0	1
9606.ENSP00000449241	2	1886	0
9606.ENSP00000449270	11	0	1
9606.ENSP00000449328	83	0	1
9606.ENSP00000449381	3	0	1
9606.ENSP00000449386	3	0	1
9606.ENSP00000449396	30	0	1
9606.ENSP00000449404	1	3186	0
9606.ENSP00000449428	3	0	1
9606.ENSP00000449500	16	0	1
9606.ENSP00000449535	2	1894	0
9606.ENSP00000449716	1	3186	0
9606.ENSP00000449756	1	3186	0
9606.ENSP00000449795	3	0	1
9606.ENSP00000449884	71	0	1
9606.ENSP00000449999	1	3175	0
9606.ENSP00000450337	1	3187	0
9606.ENSP00000450385	12	0	1
9606.ENSP00000450480	6	0	1
9606.ENSP00000450482	4	0	1
9606.ENSP00000450527	1	3139	0
9606.ENSP00000450540	2	1890	0
9606.ENSP00000450565	1	3186	0
9606.ENSP00000450607	13	0	1
9606.ENSP00000450731	12	0	1
9606.ENSP00000450799	1	3165	0
9606.ENSP00000450842	1	3185	0
9606.ENSP00000450857	2	1886	0
9606.ENSP00000450864	4	0	1
9606.ENSP00000450873	1	3186	0
9606.ENSP00000450895	2	1885	0
9606.ENSP00000450909	1	3186	0
9606.ENSP00000450969	1	3174	0
9606.ENSP00000451030	1	3165	0
9606.ENSP00000451040	6	0	1
9606.ENSP00000451080	11	0	1
9606.ENSP00000451129	51	0	1
9606.ENSP00000451162	3	0	1
9606.ENSP00000451172	2	1894	0
9606.ENSP00000451188	1	3152	0
9606.ENSP00000451206	1	3187	0
9606.ENSP00000451211	9	0	1
9606.ENSP00000451261	3	0	1
9606.ENSP00000451291	4	0	1
9606.ENSP00000451300	6	0	1
9606.ENSP00000451406	9	0	1
9606.ENSP00000451419	1	3186	0
9606.ENSP00000451506	2	1894	0
9606.ENSP00000451575	2	1877	0
9606.ENSP00000451583	1	3187	0
9606.ENSP00000451605	2	1860	0
9606.ENSP00000451812	6	0	1
9606.ENSP00000451818	14	0	1
9606.ENSP00000451828	31	0	1
9606.ENSP00000451974	8	0	1
9606.ENSP00000452007	2	1894	0
9606.ENSP00000452120	1	3145	0
9606.ENSP00000452126	7	0	1
9606.ENSP00000452181	1	3187	0
9606.ENSP00000452454	42	0	1
9606.ENSP00000452479	2	1894	0
9606.ENSP00000452521	6	0	1
9606.ENSP00000452522	2	1886	0
9606.ENSP00000452549	3	0	1
9606.ENSP00000452662	10	0	1
9606.ENSP00000452697	4	0	1
9606.ENSP00000452746	4	0	1
9606.ENSP00000452747	2	1893	0
9606.ENSP00000452762	2	1894	0
9606.ENSP00000452763	75	0	1
9606.ENSP00000452786	35	0	1
9606.ENSP00000452871	11	0	1
9606.ENSP00000452877	1	3186	0
9606.ENSP00000452885	4	0	1
9606.ENSP00000452948	1	3186	0
9606.ENSP00000453015	2	1880	0
9606.ENSP00000453095	7	0	1
9606.ENSP00000453273	4	0	1
9606.ENSP00000453293	1	3159	0
9606.ENSP00000453508	20	0	1
9606.ENSP00000453562	1	3177	0
9606.ENSP00000453793	4	0	1
9606.ENSP00000453801	36	0	1
9606.ENSP00000453858	3	0	1
9606.ENSP00000454014	1	3185	0
9606.ENSP00000454071	4	0	1
9606.ENSP00000454303	16	0	1
9606.ENSP00000454545	7	0	1
9606.ENSP00000454623	4	0	1
9606.ENSP00000454786	53	0	1
9606.ENSP00000454836	52	0	1
9606.ENSP00000454852	4	0	1
9606.ENSP00000455064	1	3180	0
9606.ENSP00000455106	6	0	1
9606.ENSP00000455114	4	0	1
9606.ENSP00000455215	1	3186	0
9606.ENSP00000455229	1	3182	0
9606.ENSP00000455265	4	0	1
9606.ENSP00000455426	1	3184	0
9606.ENSP00000455442	1	3181	0
9606.ENSP00000455507	3	0	1
9606.ENSP00000455561	1	3186	0
9606.ENSP00000455607	8	0	1
9606.ENSP00000455643	1	3186	0
9606.ENSP00000455716	10	0	1
9606.ENSP00000455785	27	0	1
9606.ENSP00000455813	2	1892	0
9606.ENSP00000455897	5	0	1
9606.ENSP00000456206	9	0	1
9606.ENSP00000456218	1	3182	0
9606.ENSP00000456226	1	3177	0
9606.ENSP00000456340	27	0	1
9606.ENSP00000456609	1	3186	0
9606.ENSP00000456851	7	0	1
9606.ENSP00000456908	1	3186	0
9606.ENSP00000456974	3	0	1
9606.ENSP00000457016	20	0	1
9606.ENSP00000457168	3	0	1
9606.ENSP00000457230	2	1881	0
9606.ENSP00000457353	2	1894	0
9606.ENSP00000457411	1	3181	0
9606.ENSP00000457421	10	0	1
9606.ENSP00000457492	1	3170	0
9606.ENSP00000457513	28	0	1
9606.ENSP00000457703	4	0	1
9606.ENSP00000457723	12	0	1
9606.ENSP00000457728	14	0	1
9606.ENSP00000457788	2	1894	0
9606.ENSP00000457807	9	0	1
9606.ENSP00000457810	16	0	1
9606.ENSP00000457870	13	0	1
9606.ENSP00000457991	1	3183	0
9606.ENSP00000458021	1	3187	0
9606.ENSP00000458162	68	0	1
9606.ENSP00000458290	2	1892	0
9606.ENSP00000458355	6	0	1
9606.ENSP00000458663	1	3187	0
9606.ENSP00000458770	101	0	1
9606.ENSP00000458791	2	1850	0
9606.ENSP00000458954	24	0	1
9606.ENSP00000459615	3	0	1
9606.ENSP00000459626	1	3166	0
9606.ENSP00000459943	1	3178	0
9606.ENSP00000459962	6	0	1
9606.ENSP00000460070	2	1888	0
9606.ENSP00000460236	1	3159	0
9606.ENSP00000460348	103	0	1
9606.ENSP00000460380	2	1894	0
9606.ENSP00000460475	19	0	1
9606.ENSP00000460683	1	3186	0
9606.ENSP00000460871	2	1893	0
9606.ENSP00000460971	3	0	1
9606.ENSP00000461784	6	0	1
9606.ENSP00000461879	70	0	1
9606.ENSP00000461930	36	0	1
9606.ENSP00000461945	1	3186	0
9606.ENSP00000461947	3	0	1
9606.ENSP00000462099	5	0	1
9606.ENSP00000462355	102	0	1
9606.ENSP00000462468	6	0	1
9606.ENSP00000462521	7	0	1
9606.ENSP00000462647	3	0	1
9606.ENSP00000462664	7	0	1
9606.ENSP00000462667	102	0	1
9606.ENSP00000462701	1	3110	0
9606.ENSP00000462729	4	0	1
9606.ENSP00000462945	18	0	1
9606.ENSP00000462963	1	3186	0
9606.ENSP00000462980	11	0	1
9606.ENSP00000463027	5	0	1
9606.ENSP00000463051	6	0	1
9606.ENSP00000463058	24	0	1
9606.ENSP00000463069	3	0	1
9606.ENSP00000463092	1	3186	0
9606.ENSP00000463154	21	0	1
9606.ENSP00000463233	1	3184	0
9606.ENSP00000463334	1	3186	0
9606.ENSP00000463379	3	0	1
9606.ENSP00000463393	10	0	1
9606.ENSP00000463559	8	0	1
9606.ENSP00000463752	3	0	1
9606.ENSP00000463762	2	1891	0
9606.ENSP00000463778	9	0	1
9606.ENSP00000463784	60	0	1
9606.ENSP00000463842	68	0	1
9606.ENSP00000463939	10	0	1
9606.ENSP00000463978	1	3166	0
9606.ENSP00000463982	3	0	1
9606.ENSP00000464030	13	0	1
9606.ENSP00000464050	7	0	1
9606.ENSP00000464342	90	0	1
9606.ENSP00000464357	28	0	1
9606.ENSP00000464359	8	0	1
9606.ENSP00000464383	6	0	1
9606.ENSP00000464443	13	0	1
9606.ENSP00000464522	4	0	1
9606.ENSP00000464780	4	0	1
9606.ENSP00000464813	84	0	1
9606.ENSP00000464814	2	1893	0
9606.ENSP00000464849	2	1894	0
9606.ENSP00000465039	2	1891	0
9606.ENSP00000465075	3	0	1
9606.ENSP00000465099	13	0	1
9606.ENSP00000465213	16	0	1
9606.ENSP00000465261	1	3186	0
9606.ENSP00000465295	2	1892	0
9606.ENSP00000465356	6	0	1
9606.ENSP00000465419	9	0	1
9606.ENSP00000465500	3	0	1
9606.ENSP00000465630	1	3185	0
9606.ENSP00000465676	1	3173	0
9606.ENSP00000465685	7	0	1
9606.ENSP00000465734	1	3186	0
9606.ENSP00000465759	4	0	1
9606.ENSP00000465894	1	3179	0
9606.ENSP00000465992	1	3180	0
9606.ENSP00000466009	3	0	1
9606.ENSP00000466010	99	0	1
9606.ENSP00000466022	2	1880	0
9606.ENSP00000466090	8	0	1
9606.ENSP00000466111	9	0	1
9606.ENSP00000466121	13	0	1
9606.ENSP00000466134	1	3186	0
9606.ENSP00000466259	1	3186	0
9606.ENSP00000466298	6	0	1
9606.ENSP00000466363	10	0	1
9606.ENSP00000466379	4	0	1
9606.ENSP00000466399	6	0	1
9606.ENSP00000466690	3	0	1
9606.ENSP00000466775	7	0	1
9606.ENSP00000466818	28	0	1
9606.ENSP00000466834	3	0	1
9606.ENSP00000466880	2	1894	0
9606.ENSP00000466953	2	1894	0
9606.ENSP00000467024	9	0	1
9606.ENSP00000467041	2	1882	0
9606.ENSP00000467123	5	0	1
9606.ENSP00000467141	14	0	1
9606.ENSP00000467176	6	0	1
9606.ENSP00000467201	4	0	1
9606.ENSP00000467262	20	0	1
9606.ENSP00000467266	1	3182	0
9606.ENSP00000467494	5	0	1
9606.ENSP00000467537	5	0	1
9606.ENSP00000468002	1	3186	0
9606.ENSP00000468032	1	3138	0
9606.ENSP00000468086	1	3180	0
9606.ENSP00000468253	3	0	1
9606.ENSP00000468280	1	3184	0
9606.ENSP00000468304	22	0	1
9606.ENSP00000468308	1	3186	0
9606.ENSP00000468348	7	0	1
9606.ENSP00000468411	6	0	1
9606.ENSP00000468633	4	0	1
9606.ENSP00000468723	7	0	1
9606.ENSP00000468897	10	0	1
9606.ENSP00000468927	2	1872	0
9606.ENSP00000468956	4	0	1
9606.ENSP00000468991	1	3146	0
9606.ENSP00000469035	8	0	1
9606.ENSP00000469049	4	0	1
9606.ENSP00000469158	11	0	1
9606.ENSP00000469240	28	0	1
9606.ENSP00000469242	4	0	1
9606.ENSP00000469332	4	0	1
9606.ENSP00000469413	5	0	1
9606.ENSP00000469455	6	0	1
9606.ENSP00000469468	58	0	1
9606.ENSP00000469534	1	3167	0
9606.ENSP00000469613	1	3176	0
9606.ENSP00000469686	2	1893	0
9606.ENSP00000469836	2	1894	0
9606.ENSP00000469880	1	3187	0
9606.ENSP00000469888	7	0	1
9606.ENSP00000469981	1	3186	0
9606.ENSP00000470142	21	0	1
9606.ENSP00000470152	2	1892	0
9606.ENSP00000470176	23	0	1
9606.ENSP00000470248	5	0	1
9606.ENSP00000470252	48	0	1
9606.ENSP00000470262	15	0	1
9606.ENSP00000470555	1	3185	0
9606.ENSP00000470560	58	0	1
9606.ENSP00000470788	8	0	1
9606.ENSP00000470972	121	0	1
9606.ENSP00000471191	21	0	1
9606.ENSP00000471239	2	1887	0
9606.ENSP00000471457	1	3163	0
9606.ENSP00000471477	2	1888	0
9606.ENSP00000471493	4	0	1
9606.ENSP00000471683	1	3186	0
9606.ENSP00000471700	8	0	1
9606.ENSP00000471851	1	3177	0
9606.ENSP00000471894	1	3187	0
9606.ENSP00000471896	12	0	1
9606.ENSP00000472109	3	0	1
9606.ENSP00000472249	2	1886	0
9606.ENSP00000472445	47	0	1
9606.ENSP00000472465	2	1892	0
9606.ENSP00000472469	127	0	1
9606.ENSP00000472474	6	0	1
9606.ENSP00000472530	9	0	1
9606.ENSP00000472620	2	1887	0
9606.ENSP00000472836	7	0	1
9606.ENSP00000472847	1	3186	0
9606.ENSP00000472929	25	0	1
9606.ENSP00000472985	131	0	1
9606.ENSP00000472998	23	0	1
9606.ENSP00000473001	3	0	1
9606.ENSP00000473093	1	3186	0
9606.ENSP00000473172	67	0	1
9606.ENSP00000473290	39	0	1
9606.ENSP00000473348	2	1892	0
9606.ENSP00000473370	2	1891	0
9606.ENSP00000473381	2	1893	0
9606.ENSP00000473383	1	3180	0
9606.ENSP00000473391	14	0	1
9606.ENSP00000473553	6	0	1
9606.ENSP00000473623	2	1893	0
9606.ENSP00000473980	38	0	1
9606.ENSP00000473990	2	1894	0
9606.ENSP00000474032	15	0	1
9606.ENSP00000474071	3	0	1
9606.ENSP00000474090	3	0	1
9606.ENSP00000474253	9	0	1
9606.ENSP00000474412	18	0	1
9606.ENSP00000474534	1	3187	0
9606.ENSP00000474725	14	0	1
9606.ENSP00000474823	8	0	1
9606.ENSP00000475107	6	0	1
9606.ENSP00000475344	21	0	1
9606.ENSP00000475615	45	0	1
9606.ENSP00000475727	3	0	1
9606.ENSP00000475750	1	3184	0
9606.ENSP00000475814	34	0	1
9606.ENSP00000475924	1	3181	0
9606.ENSP00000475986	1	3186	0
9606.ENSP00000476100	31	0	1
9606.ENSP00000476117	5	0	1
9606.ENSP00000476136	75	0	1
9606.ENSP00000476145	1	3176	0
9606.ENSP00000476228	18	0	1
9606.ENSP00000476295	15	0	1
9606.ENSP00000476386	7	0	1
9606.ENSP00000476412	26	0	1
9606.ENSP00000476480	11	0	1
9606.ENSP00000476519	9	0	1
9606.ENSP00000476672	1	3186	0
9606.ENSP00000476948	2	1893	0
9606.ENSP00000477213	3	0	1
9606.ENSP00000477310	9	0	1
9606.ENSP00000477437	4	0	1
9606.ENSP00000477455	14	0	1
9606.ENSP00000477507	1	3167	0
9606.ENSP00000477527	21	0	1
9606.ENSP00000477530	1	3161	0
9606.ENSP00000477538	1	3186	0
9606.ENSP00000477548	5	0	1
9606.ENSP00000477563	4	0	1
9606.ENSP00000477572	1	3186	0
9606.ENSP00000477587	2	1894	0
9606.ENSP00000477602	3	0	1
9606.ENSP00000477613	23	0	1
9606.ENSP00000477707	4	0	1
9606.ENSP00000477713	17	0	1
9606.ENSP00000477715	2	1893	0
9606.ENSP00000477725	4	0	1
9606.ENSP00000477760	38	0	1
9606.ENSP00000477796	1	3186	0
9606.ENSP00000477848	49	0	1
9606.ENSP00000477868	6	0	1
9606.ENSP00000477870	18	0	1
9606.ENSP00000477875	2	1891	0
9606.ENSP00000477907	19	0	1
9606.ENSP00000477908	15	0	1
9606.ENSP00000477973	9	0	1
9606.ENSP00000477999	14	0	1
9606.ENSP00000478024	5	0	1
9606.ENSP00000478059	5	0	1
9606.ENSP00000478061	8	0	1
9606.ENSP00000478070	16	0	1
9606.ENSP00000478121	56	0	1
9606.ENSP00000478179	1	3168	0
9606.ENSP00000478187	7	0	1
9606.ENSP00000478212	5	0	1
9606.ENSP00000478220	1	3183	0
9606.ENSP00000478253	3	0	1
9606.ENSP00000478255	1	3168	0
9606.ENSP00000478289	44	0	1
9606.ENSP00000478303	83	0	1
9606.ENSP00000478396	4	0	1
9606.ENSP00000478474	3	0	1
9606.ENSP00000478490	3	0	1
9606.ENSP00000478501	38	0	1
9606.ENSP00000478561	2	1885	0
9606.ENSP00000478589	2	1894	0
9606.ENSP00000478600	1	3152	0
9606.ENSP00000478672	7	0	1
9606.ENSP00000478699	7	0	1
9606.ENSP00000478721	14	0	1
9606.ENSP00000478725	60	0	1
9606.ENSP00000478754	18	0	1
9606.ENSP00000478763	9	0	1
9606.ENSP00000478767	3	0	1
9606.ENSP00000478771	168	0	1
9606.ENSP00000478783	1	3186	0
9606.ENSP00000478877	23	0	1
9606.ENSP00000478887	28	0	1
9606.ENSP00000478893	1	3156	0
9606.ENSP00000478927	22	0	1
9606.ENSP00000478942	3	0	1
9606.ENSP00000478962	2	1848	0
9606.ENSP00000478982	16	0	1
9606.ENSP00000478993	1	3186	0
9606.ENSP00000479032	26	0	1
9606.ENSP00000479064	1	3186	0
9606.ENSP00000479089	3	0	1
9606.ENSP00000479097	2	1874	0
9606.ENSP00000479106	102	0	1
9606.ENSP00000479113	4	0	1
9606.ENSP00000479119	1	3179	0
9606.ENSP00000479153	5	0	1
9606.ENSP00000479168	1	3186	0
9606.ENSP00000479169	5	0	1
9606.ENSP00000479202	1	3186	0
9606.ENSP00000479216	6	0	1
9606.ENSP00000479256	3	0	1
9606.ENSP00000479261	9	0	1
9606.ENSP00000479266	1	3181	0
9606.ENSP00000479284	21	0	1
9606.ENSP00000479322	6	0	1
9606.ENSP00000479461	102	0	1
9606.ENSP00000479488	1	3186	0
9606.ENSP00000479494	11	0	1
9606.ENSP00000479504	1	3186	0
9606.ENSP00000479526	20	0	1
9606.ENSP00000479536	2	1884	0
9606.ENSP00000479598	4	0	1
9606.ENSP00000479606	18	0	1
9606.ENSP00000479617	23	0	1
9606.ENSP00000479624	1	3161	0
9606.ENSP00000479636	2	1894	0
9606.ENSP00000479667	1	3186	0
9606.ENSP00000479669	5	0	1
9606.ENSP00000479675	2	1869	0
9606.ENSP00000479719	14	0	1
9606.ENSP00000479762	3	0	1
9606.ENSP00000479794	102	0	1
9606.ENSP00000479816	1	3187	0
9606.ENSP00000479844	1	3160	0
9606.ENSP00000479860	5	0	1
9606.ENSP00000479861	10	0	1
9606.ENSP00000479870	1	3186	0
9606.ENSP00000479889	11	0	1
9606.ENSP00000479910	1	3187	0
9606.ENSP00000479919	3	0	1
9606.ENSP00000479953	1	3187	0
9606.ENSP00000479955	3	0	1
9606.ENSP00000479969	1	3186	0
9606.ENSP00000480012	7	0	1
9606.ENSP00000480035	8	0	1
9606.ENSP00000480043	6	0	1
9606.ENSP00000480053	1	3186	0
9606.ENSP00000480090	1	3186	0
9606.ENSP00000480091	1	3186	0
9606.ENSP00000480132	9	0	1
9606.ENSP00000480150	4	0	1
9606.ENSP00000480157	8	0	1
9606.ENSP00000480186	23	0	1
9606.ENSP00000480279	2	1892	0
9606.ENSP00000480291	1	3185	0
9606.ENSP00000480301	3	0	1
9606.ENSP00000480316	14	0	1
9606.ENSP00000480322	1	3186	0
9606.ENSP00000480332	14	0	1
9606.ENSP00000480378	2	1892	0
9606.ENSP00000480405	2	1894	0
9606.ENSP00000480421	4	0	1
9606.ENSP00000480428	3	0	1
9606.ENSP00000480439	2	1894	0
9606.ENSP00000480443	2	1894	0
9606.ENSP00000480467	1	3136	0
9606.ENSP00000480489	3	0	1
9606.ENSP00000480514	1	3186	0
9606.ENSP00000480524	1	3186	0
9606.ENSP00000480535	2	1894	0
9606.ENSP00000480549	2	1877	0
9606.ENSP00000480558	4	0	1
9606.ENSP00000480571	2	1894	0
9606.ENSP00000480680	1	3171	0
9606.ENSP00000480707	11	0	1
9606.ENSP00000480715	1	3186	0
9606.ENSP00000480763	1	3187	0
9606.ENSP00000480791	9	0	1
9606.ENSP00000480798	1	3186	0
9606.ENSP00000480826	114	0	1
9606.ENSP00000480836	3	0	1
9606.ENSP00000480853	12	0	1
9606.ENSP00000480916	1	3186	0
9606.ENSP00000480960	102	0	1
9606.ENSP00000480987	24	0	1
9606.ENSP00000480991	1	3186	0
9606.ENSP00000481006	1	3186	0
9606.ENSP00000481021	10	0	1
9606.ENSP00000481029	36	0	1
9606.ENSP00000481038	18	0	1
9606.ENSP00000481046	2	1894	0
9606.ENSP00000481091	27	0	1
9606.ENSP00000481126	8	0	1
9606.ENSP00000481127	4	0	1
9606.ENSP00000481152	74	0	1
9606.ENSP00000481244	9	0	1
9606.ENSP00000481249	6	0	1
9606.ENSP00000481301	1	3186	0
9606.ENSP00000481309	4	0	1
9606.ENSP00000481314	1	3186	0
9606.ENSP00000481321	2	1894	0
9606.ENSP00000481357	1	3151	0
9606.ENSP00000481380	20	0	1
9606.ENSP00000481450	2	1894	0
9606.ENSP00000481486	102	0	1
9606.ENSP00000481554	5	0	1
9606.ENSP00000481570	11	0	1
9606.ENSP00000481575	2	1894	0
9606.ENSP00000481593	1	3186	0
9606.ENSP00000481633	4	0	1
9606.ENSP00000481646	76	0	1
9606.ENSP00000481675	1	3131	0
9606.ENSP00000481733	34	0	1
9606.ENSP00000481750	16	0	1
9606.ENSP00000481762	6	0	1
9606.ENSP00000481780	8	0	1
9606.ENSP00000481841	4	0	1
9606.ENSP00000481842	13	0	1
9606.ENSP00000481848	9	0	1
9606.ENSP00000481859	1	3186	0
9606.ENSP00000481893	13	0	1
9606.ENSP00000481912	2	1894	0
9606.ENSP00000481920	45	0	1
9606.ENSP00000481956	10	0	1
9606.ENSP00000481994	3	0	1
9606.ENSP00000482032	2	1894	0
9606.ENSP00000482063	53	0	1
9606.ENSP00000482075	33	0	1
9606.ENSP00000482093	2	1892	0
9606.ENSP00000482169	4	0	1
9606.ENSP00000482228	1	3187	0
9606.ENSP00000482232	8	0	1
9606.ENSP00000482259	13	0	1
9606.ENSP00000482264	3	0	1
9606.ENSP00000482285	1	3174	0
9606.ENSP00000482304	3	0	1
9606.ENSP00000482306	7	0	1
9606.ENSP00000482313	1	3183	0
9606.ENSP00000482335	2	1887	0
9606.ENSP00000482358	2	1892	0
9606.ENSP00000482431	52	0	1
9606.ENSP00000482438	35	0	1
9606.ENSP00000482457	18	0	1
9606.ENSP00000482486	1	3133	0
9606.ENSP00000482538	52	0	1
9606.ENSP00000482543	49	0	1
9606.ENSP00000482546	8	0	1
9606.ENSP00000482548	2	1894	0
9606.ENSP00000482564	26	0	1
9606.ENSP00000482568	8	0	1
9606.ENSP00000482581	2	1865	0
9606.ENSP00000482609	4	0	1
9606.ENSP00000482620	1	3179	0
9606.ENSP00000482632	1	3186	0
9606.ENSP00000482647	3	0	1
9606.ENSP00000482657	2	1877	0
9606.ENSP00000482674	24	0	1
9606.ENSP00000482678	26	0	1
9606.ENSP00000482704	6	0	1
9606.ENSP00000482743	2	1891	0
9606.ENSP00000482753	6	0	1
9606.ENSP00000482773	4	0	1
9606.ENSP00000482816	1	3186	0
9606.ENSP00000482829	1	3186	0
9606.ENSP00000482954	5	0	1
9606.ENSP00000483059	1	3186	0
9606.ENSP00000483110	3	0	1
9606.ENSP00000483117	6	0	1
9606.ENSP00000483125	1	3165	0
9606.ENSP00000483185	29	0	1
9606.ENSP00000483228	4	0	1
9606.ENSP00000483236	29	0	1
9606.ENSP00000483283	114	0	1
9606.ENSP00000483300	3	0	1
9606.ENSP00000483313	13	0	1
9606.ENSP00000483328	2	1888	0
9606.ENSP00000483330	2	1875	0
9606.ENSP00000483345	16	0	1
9606.ENSP00000483364	8	0	1
9606.ENSP00000483397	1	3175	0
9606.ENSP00000483403	4	0	1
9606.ENSP00000483453	1	3183	0
9606.ENSP00000483484	6	0	1
9606.ENSP00000483547	1	3186	0
9606.ENSP00000483567	15	0	1
9606.ENSP00000483570	11	0	1
9606.ENSP00000483585	2	1893	0
9606.ENSP00000483667	19	0	1
9606.ENSP00000483688	39	0	1
9606.ENSP00000483713	1	3186	0
9606.ENSP00000483721	3	0	1
9606.ENSP00000483814	9	0	1
9606.ENSP00000483825	31	0	1
9606.ENSP00000483842	62	0	1
9606.ENSP00000483872	1	3186	0
9606.ENSP00000483888	45	0	1
9606.ENSP00000483903	5	0	1
9606.ENSP00000483921	1	3174	0
9606.ENSP00000483946	8	0	1
9606.ENSP00000484078	2	1880	0
9606.ENSP00000484095	114	0	1
9606.ENSP00000484105	24	0	1
9606.ENSP00000484121	2	1893	0
9606.ENSP00000484288	24	0	1
9606.ENSP00000484342	1	3181	0
9606.ENSP00000484390	2	1893	0
9606.ENSP00000484431	2	1891	0
9606.ENSP00000484525	2	1890	0
9606.ENSP00000484552	5	0	1
9606.ENSP00000484618	1	3155	0
9606.ENSP00000484638	114	0	1
9606.ENSP00000484644	1	3186	0
9606.ENSP00000484658	114	0	1
9606.ENSP00000484669	11	0	1
9606.ENSP00000484687	1	3187	0
9606.ENSP00000484710	3	0	1
9606.ENSP00000484713	7	0	1
9606.ENSP00000484732	1	3186	0
9606.ENSP00000484789	102	0	1
9606.ENSP00000484810	3	0	1
9606.ENSP00000484824	10	0	1
9606.ENSP00000484841	114	0	1
9606.ENSP00000484855	9	0	1
9606.ENSP00000484903	25	0	1
9606.ENSP00000484940	6	0	1
9606.ENSP00000484998	35	0	1
9606.ENSP00000485022	1	3185	0
9606.ENSP00000485033	9	0	1
9606.ENSP00000485129	9	0	1
9606.ENSP00000485401	7	0	1
9606.ENSP00000485512	1	3186	0
9606.ENSP00000485513	7	0	1
9606.ENSP00000485527	1	3184	0
9606.ENSP00000485586	1	3186	0
9606.ENSP00000485627	7	0	1
9606.ENSP00000485659	1	3186	0
9606.ENSP00000486109	3	0	1
9606.ENSP00000486252	2	1886	0
9606.ENSP00000486357	1	3186	0
9606.ENSP00000486361	4	0	1
9606.ENSP00000486540	14	0	1
9606.ENSP00000486574	22	0	1
9606.ENSP00000486725	17	0	1
9606.ENSP00000486891	9	0	1
9606.ENSP00000486901	2	1893	0
9606.ENSP00000487073	5	0	1
9606.ENSP00000487164	4	0	1
9606.ENSP00000487174	1	3175	0
9606.ENSP00000487365	6	0	1
9606.ENSP00000487444	10	0	1
9606.ENSP00000487785	8	0	1
9606.ENSP00000487971	6	0	1
9606.ENSP00000488361	5	0	1
9606.ENSP00000488437	2	1890	0
9606.ENSP00000488642	2	1893	0
9606.ENSP00000488748	1	3180	0
9606.ENSP00000488912	2	1894	0
9606.ENSP00000489061	2	1894	0
9606.ENSP00000489189	8	0	1
9606.ENSP00000489236	102	0	1
9606.ENSP00000489262	6	0	1
9606.ENSP00000489282	114	0	1
9606.ENSP00000489311	31	0	1
9606.ENSP00000489317	42	0	1
9606.ENSP00000489407	9	0	1
9606.ENSP00000489442	7	0	1
9606.ENSP00000489597	46	0	1
9606.ENSP00000489770	3	0	1
9606.ENSP00000489829	6	0	1
9606.ENSP00000489910	1	3186	0
9606.ENSP00000490083	19	0	1
9606.ENSP00000490107	10	0	1
9606.ENSP00000490174	2	1867	0
9606.ENSP00000490225	9	0	1
9606.ENSP00000490491	29	0	1
9606.ENSP00000490530	2	1887	0
9606.ENSP00000490614	2	1887	0
9606.ENSP00000490726	4	0	1
9606.ENSP00000490744	1	3186	0
9606.ENSP00000490747	2	1890	0
9606.ENSP00000490767	10	0	1
9606.ENSP00000490935	1	3185	0
9606.ENSP00000490940	2	1892	0
9606.ENSP00000491014	2	1892	0
9606.ENSP00000491067	1	3182	0
9606.ENSP00000491215	5	0	1
9606.ENSP00000491377	1	3187	0
9606.ENSP00000491427	1	3178	0
9606.ENSP00000491504	1	3186	0
9606.ENSP00000491596	1	3182	0
9606.ENSP00000491717	1	3185	0
9606.ENSP00000491742	1	3173	0
9606.ENSP00000491830	1	3185	0
9606.ENSP00000492001	3	0	1
9606.ENSP00000492024	2	1884	0
9606.ENSP00000492033	3	0	1
9606.ENSP00000492363	5	0	1
9606.ENSP00000492441	7	0	1
9606.ENSP00000493153	1	3186	0
9606.ENSP00000493232	7	0	1
9606.ENSP00000493252	1	3170	0
9606.ENSP00000493357	1	3182	0
9606.ENSP00000493536	1	3177	0
9606.ENSP00000493594	18	0	1
9606.ENSP00000493607	3	0	1
9606.ENSP00000493623	2	1885	0
9606.ENSP00000493664	3	0	1
9606.ENSP00000493688	2	1892	0
9606.ENSP00000493691	2	1878	0
9606.ENSP00000493712	17	0	1
9606.ENSP00000493716	12	0	1
9606.ENSP00000493728	4	0	1
9606.ENSP00000493780	1	3175	0
9606.ENSP00000493900	1	3182	0
9606.ENSP00000493946	2	1894	0
9606.ENSP00000493985	6	0	1
9606.ENSP00000494040	7	0	1
9606.ENSP00000494051	8	0	1
9606.ENSP00000494125	5	0	1
9606.ENSP00000494162	6	0	1
9606.ENSP00000494175	5	0	1
9606.ENSP00000494260	2	1893	0
9606.ENSP00000494277	11	0	1
9606.ENSP00000494321	3	0	1
9606.ENSP00000494360	2	1894	0
9606.ENSP00000494468	4	0	1
9606.ENSP00000494504	10	0	1
9606.ENSP00000494538	6	0	1
9606.ENSP00000494550	4	0	1
9606.ENSP00000494576	2	1893	0
9606.ENSP00000494664	9	0	1
9606.ENSP00000494684	3	0	1
9606.ENSP00000494689	6	0	1
9606.ENSP00000494697	83	0	1
9606.ENSP00000494708	4	0	1
9606.ENSP00000494750	105	0	1
9606.ENSP00000494788	8	0	1
9606.ENSP00000494831	17	0	1
9606.ENSP00000494957	9	0	1
9606.ENSP00000494965	1	3186	0
9606.ENSP00000495061	1	3110	0
9606.ENSP00000495128	6	0	1
9606.ENSP00000495203	1	3172	0
9606.ENSP00000495214	3	0	1
9606.ENSP00000495240	28	0	1
9606.ENSP00000495273	130	0	1
9606.ENSP00000495274	5	0	1
9606.ENSP00000495360	88	0	1
9606.ENSP00000495385	1	3186	0
9606.ENSP00000495413	18	0	1
9606.ENSP00000495481	3	0	1
9606.ENSP00000495530	5	0	1
9606.ENSP00000495537	3	0	1
9606.ENSP00000495556	10	0	1
9606.ENSP00000495557	1	3186	0
9606.ENSP00000495563	4	0	1
9606.ENSP00000495631	12	0	1
9606.ENSP00000495672	83	0	1
9606.ENSP00000495726	1	3182	0
9606.ENSP00000495778	2	1891	0
9606.ENSP00000495795	9	0	1
9606.ENSP00000495811	3	0	1
9606.ENSP00000495860	3	0	1
9606.ENSP00000495909	3	0	1
9606.ENSP00000495951	3	0	1
9606.ENSP00000495965	6	0	1
9606.ENSP00000496007	1	3164	0
9606.ENSP00000496014	16	0	1
9606.ENSP00000496044	24	0	1
9606.ENSP00000496114	4	0	1
9606.ENSP00000496129	5	0	1
9606.ENSP00000496166	2	1894	0
9606.ENSP00000496168	21	0	1
9606.ENSP00000496250	96	0	1
9606.ENSP00000496255	1	3186	0
9606.ENSP00000496268	5	0	1
9606.ENSP00000496339	6	0	1
9606.ENSP00000496355	3	0	1
9606.ENSP00000496396	7	0	1
9606.ENSP00000496414	13	0	1
9606.ENSP00000496416	9	0	1
9606.ENSP00000496438	3	0	1
9606.ENSP00000496491	2	1881	0
9606.ENSP00000496494	6	0	1
9606.ENSP00000496577	12	0	1
9606.ENSP00000496597	7	0	1
9606.ENSP00000496695	13	0	1
9606.ENSP00000496779	26	0	1
9606.ENSP00000496793	2	1894	0
9606.ENSP00000496813	2	1894	0
9606.ENSP00000496832	8	0	1
9606.ENSP00000496848	15	0	1
9606.ENSP00000496870	17	0	1
9606.ENSP00000496939	15	0	1
9606.ENSP00000496954	13	0	1
9606.ENSP00000496959	10	0	1
9606.ENSP00000497004	42	0	1
9606.ENSP00000497069	19	0	1
9606.ENSP00000497102	16	0	1
9606.ENSP00000497110	1	3181	0
9606.ENSP00000497160	7	0	1
9606.ENSP00000497174	11	0	1
9606.ENSP00000497185	1	3164	0
9606.ENSP00000497217	1	3125	0
9606.ENSP00000497236	1	3186	0
9606.ENSP00000497260	64	0	1
9606.ENSP00000497271	11	0	1
9606.ENSP00000497280	5	0	1
9606.ENSP00000497290	12	0	1
9606.ENSP00000497294	1	3184	0
9606.ENSP00000497351	27	0	1
9606.ENSP00000497402	4	0	1
9606.ENSP00000497413	6	0	1
9606.ENSP00000497422	6	0	1
9606.ENSP00000497443	3	0	1
9606.ENSP00000497444	1	3184	0
9606.ENSP00000497474	26	0	1
9606.ENSP00000497483	7	0	1
9606.ENSP00000497509	1	3173	0
9606.ENSP00000497527	4	0	1
9606.ENSP00000497569	1	3184	0
9606.ENSP00000497574	1	3186	0
9606.ENSP00000497587	50	0	1
9606.ENSP00000497588	1	3186	0
9606.ENSP00000497590	1	3185	0
9606.ENSP00000497594	4	0	1
9606.ENSP00000497609	30	0	1
9606.ENSP00000497641	47	0	1
9606.ENSP00000497642	1	3186	0
9606.ENSP00000497653	4	0	1
9606.ENSP00000497669	7	0	1
9606.ENSP00000497690	1	3187	0
9606.ENSP00000497720	1	3144	0
9606.ENSP00000497733	49	0	1
9606.ENSP00000497737	8	0	1
9606.ENSP00000497744	1	3186	0
9606.ENSP00000497767	2	1894	0
9606.ENSP00000497777	2	1883	0
9606.ENSP00000497806	45	0	1
9606.ENSP00000497810	2	1889	0
9606.ENSP00000497815	16	0	1
9606.ENSP00000497829	1	3186	0
9606.ENSP00000497896	7	0	1
9606.ENSP00000497910	31	0	1
9606.ENSP00000497915	1	3180	0
9606.ENSP00000497916	2	1840	0
9606.ENSP00000497948	2	1892	0
9606.ENSP00000497968	6	0	1
9606.ENSP00000497997	7	0	1
9606.ENSP00000498010	3	0	1
9606.ENSP00000498019	78	0	1
9606.ENSP00000498042	1	3184	0
9606.ENSP00000498060	1	3184	0
9606.ENSP00000498071	3	0	1
9606.ENSP00000498074	9	0	1
9606.ENSP00000498083	3	0	1
9606.ENSP00000498104	10	0	1
9606.ENSP00000498198	1	3186	0
9606.ENSP00000498215	13	0	1
9606.ENSP00000498227	12	0	1
9606.ENSP00000498255	1	3185	0
9606.ENSP00000498258	1	3186	0
9606.ENSP00000498282	2	1892	0
9606.ENSP00000498321	28	0	1
9606.ENSP00000498322	4	0	1
9606.ENSP00000498330	4	0	1
9606.ENSP00000498336	5	0	1
9606.ENSP00000498358	3	0	1
9606.ENSP00000498362	2	1891	0
9606.ENSP00000498382	9	0	1
9606.ENSP00000498386	1	3184	0
9606.ENSP00000498402	1	3186	0
9606.ENSP00000498424	2	1894	0
9606.ENSP00000498441	5	0	1
9606.ENSP00000498466	16	0	1
9606.ENSP00000498469	17	0	1
9606.ENSP00000498476	8	0	1
9606.ENSP00000498499	4	0	1
9606.ENSP00000498577	11	0	1
9606.ENSP00000498587	18	0	1
9606.ENSP00000498596	2	1880	0
9606.ENSP00000498602	3	0	1
9606.ENSP00000498603	4	0	1
9606.ENSP00000498610	2	1894	0
9606.ENSP00000498616	1	3187	0
9606.ENSP00000498622	4	0	1
9606.ENSP00000498630	3	0	1
9606.ENSP00000498653	3	0	1
9606.ENSP00000498660	2	1894	0
9606.ENSP00000498662	1	3186	0
9606.ENSP00000498671	2	1885	0
9606.ENSP00000498700	1	3185	0
9606.ENSP00000498715	9	0	1
9606.ENSP00000498748	2	1892	0
9606.ENSP00000498750	34	0	1
9606.ENSP00000498791	31	0	1
9606.ENSP00000498852	6	0	1
9606.ENSP00000498864	1	3184	0
9606.ENSP00000498867	10	0	1
9606.ENSP00000498872	8	0	1
9606.ENSP00000498879	2	1890	0
9606.ENSP00000498881	28	0	1
9606.ENSP00000498939	3	0	1
9606.ENSP00000498994	2	1894	0
9606.ENSP00000498999	3	0	1
9606.ENSP00000499020	1	3186	0
9606.ENSP00000499037	10	0	1
9606.ENSP00000499044	82	0	1
9606.ENSP00000499058	4	0	1
9606.ENSP00000499067	15	0	1
9606.ENSP00000499121	4	0	1
9606.ENSP00000499129	4	0	1
9606.ENSP00000499140	1	3186	0
9606.ENSP00000499185	26	0	1
9606.ENSP00000499211	12	0	1
9606.ENSP00000499241	3	0	1
9606.ENSP00000499289	1	3077	0
9606.ENSP00000499300	3	0	1
9606.ENSP00000499406	5	0	1
9606.ENSP00000499459	4	0	1
9606.ENSP00000499465	2	1894	0
9606.ENSP00000499501	84	0	1
9606.ENSP00000499593	12	0	1
9606.ENSP00000499717	43	0	1
9606.ENSP00000499734	15	0	1
9606.ENSP00000499786	8	0	1
9606.ENSP00000499797	56	0	1
9606.ENSP00000499883	9	0	1
9606.ENSP00000499900	37	0	1
9606.ENSP00000500034	1	3186	0
9606.ENSP00000500386	15	0	1
9606.ENSP00000500409	5	0	1
9606.ENSP00000500582	2	1878	0
9606.ENSP00000500695	8	0	1
9606.ENSP00000500986	1	3186	0
9606.ENSP00000500990	14	0	1
9606.ENSP00000501026	1	3186	0
9606.ENSP00000501092	2	1891	0
9606.ENSP00000501111	9	0	1
9606.ENSP00000501150	16	0	1
9606.ENSP00000501245	2	1879	0
9606.ENSP00000501254	2	1894	0
9606.ENSP00000501277	20	0	1
9606.ENSP00000501317	2	1894	0
