protein	degree	n_eligible	excluded
1433B_HUMAN	1080	0	1
1433E_HUMAN	1282	0	1
1433F_HUMAN	1110	0	1
1433G_HUMAN	1286	0	1
1433S_HUMAN	810	0	1
1433T_HUMAN	1169	0	1
1433Z_HUMAN	1500	0	1
1A01_HUMAN	298	0	1
1A02_HUMAN	19	280	0
1A03_HUMAN	184	0	1
1A11_HUMAN	5	1745	0
1A1L1_HUMAN	9	527	0
1A23_HUMAN	7	2191	0
1A24_HUMAN	3	3995	0
1A26_HUMAN	5	1941	0
1A29_HUMAN	1	4842	0
1A30_HUMAN	3	2453	0
1A31_HUMAN	1	4842	0
1A36_HUMAN	1	8828	0
1A66_HUMAN	16	631	0
1A68_HUMAN	4	1938	0
1A69_HUMAN	2	3682	0
1A74_HUMAN	3	4008	0
1B07_HUMAN	526	0	1
1B08_HUMAN	5	2754	0
1B13_HUMAN	1	6167	0
1B15_HUMAN	2	5808	0
1B27_HUMAN	6	1831	0
1B35_HUMAN	5	2797	0
1B42_HUMAN	269	0	1
1B44_HUMAN	2	4094	0
1B45_HUMAN	3	3142	0
1B46_HUMAN	4	3704	0
1B51_HUMAN	1	6424	0
1B53_HUMAN	1	6424	0
1B55_HUMAN	1	8639	0
1B57_HUMAN	6	2224	0
1B73_HUMAN	5	2802	0
1C01_HUMAN	366	0	1
1C02_HUMAN	7	2308	0
1C03_HUMAN	7	1532	0
1C04_HUMAN	44	0	1
1C05_HUMAN	6	2853	0
1C06_HUMAN	6	2550	0
1C07_HUMAN	261	0	1
1C08_HUMAN	5	2802	0
1C12_HUMAN	5	2159	0
1C14_HUMAN	3	4649	0
1C15_HUMAN	7	2337	0
1C16_HUMAN	4	3704	0
1C17_HUMAN	6	2853	0
1C18_HUMAN	6	2853	0
2A5A_HUMAN	92	0	1
2A5B_HUMAN	33	294	0
2A5D_HUMAN	165	0	1
2A5E_HUMAN	121	0	1
2A5G_HUMAN	81	0	1
2AAA_HUMAN	637	0	1
2AAB_HUMAN	174	0	1
2ABA_HUMAN	310	0	1
2ABB_HUMAN	337	0	1
2ABD_HUMAN	179	0	1
2ABG_HUMAN	77	0	1
2B11_HUMAN	129	0	1
2B13_HUMAN	1	7038	0
2B14_HUMAN	5	2002	0
2B1F_HUMAN	107	0	1
2B32_HUMAN	65	0	1
3BHS1_HUMAN	10	394	0
3BHS2_HUMAN	18	518	0
3BHS7_HUMAN	382	0	1
3BP1_HUMAN	47	0	1
3BP2_HUMAN	46	0	1
3BP5L_HUMAN	35	167	0
3BP5_HUMAN	31	171	0
3HAO_HUMAN	6	1196	0
3HIDH_HUMAN	102	0	1
3MG_HUMAN	121	0	1
41_HUMAN	233	0	1
4EBP1_HUMAN	80	0	1
4EBP2_HUMAN	34	190	0
4EBP3_HUMAN	10	474	0
4ET_HUMAN	295	0	1
4F2_HUMAN	433	0	1
5HT1A_HUMAN	31	222	0
5HT1B_HUMAN	67	0	1
5HT1D_HUMAN	3	4083	0
5HT1E_HUMAN	144	0	1
5HT2A_HUMAN	27	303	0
5HT2B_HUMAN	30	303	0
5HT2C_HUMAN	160	0	1
5HT3A_HUMAN	122	0	1
5HT3B_HUMAN	21	722	0
5HT3C_HUMAN	89	0	1
5HT3D_HUMAN	4	2508	0
5HT3E_HUMAN	9	1174	0
5HT4R_HUMAN	18	637	0
5HT5A_HUMAN	2	1382	0
5HT6R_HUMAN	55	0	1
5HT7R_HUMAN	78	0	1
5NT1A_HUMAN	26	304	0
5NT1B_HUMAN	3	1143	0
5NT3L_HUMAN,5NT3B_HUMAN	12	347	0
5NT3_HUMAN,5NT3A_HUMAN	97	0	1
5NTC_HUMAN	111	0	1
5NTD_HUMAN	97	0	1
68MP_HUMAN	28	187	0
6PGD_HUMAN	184	0	1
6PGL_HUMAN	78	0	1
7B2_HUMAN	28	245	0
8ODP_HUMAN	85	0	1
A16A1_HUMAN	74	0	1
A16L1_HUMAN	2049	0	1
A16L2_HUMAN	12	422	0
A1AG1_HUMAN	64	0	1
A1AG2_HUMAN	17	494	0
A1ATR_HUMAN	2	1729	0
A1AT_HUMAN	155	0	1
A1BG_HUMAN	33	218	0
A1CF_HUMAN	32	196	0
A20A1_HUMAN	11	753	0
A20A2_HUMAN	7	1649	0
A20A3_HUMAN	1	3361	0
A20A4_HUMAN	7	595	0
A20A5_HUMAN	2	1330	0
A26L1_HUMAN	18	337	0
A2AP_HUMAN	24	227	0
A2GL_HUMAN	12	701	0
A2LD1_HUMAN,GGACT_HUMAN	10	988	0
A2MG_HUMAN	204	0	1
A2ML1_HUMAN	148	0	1
A3LT2_HUMAN	1	2430	0
A4GAT_HUMAN	15	214	0
A4GCT_HUMAN	51	0	1
A4_HUMAN	984	0	1
A7L3B_HUMAN	15	306	0
AA1R_HUMAN	22	278	0
AA2AR_HUMAN	33	244	0
AA2BR_HUMAN	42	314	0
AA3R_HUMAN	13	546	0
AAA1_HUMAN	7	739	0
AAAD_HUMAN	2	3782	0
AAAS_HUMAN	178	0	1
AAAT_HUMAN	294	0	1
AACS_HUMAN	42	155	0
AACT_HUMAN	128	0	1
AADAT_HUMAN	22	223	0
AAGAB_HUMAN	35	171	0
AAK1_HUMAN	113	0	1
AAKB1_HUMAN	231	0	1
AAKB2_HUMAN	245	0	1
AAKG1_HUMAN	176	0	1
AAKG2_HUMAN	72	0	1
AAKG3_HUMAN	78	0	1
AAMP_HUMAN	77	0	1
AAPK1_HUMAN	406	0	1
AAPK2_HUMAN	245	0	1
AARD_HUMAN	15	675	0
AASD1_HUMAN	126	0	1
AASS_HUMAN	91	0	1
AAT1_HUMAN,MAAT1_HUMAN	11	451	0
AATC2_HUMAN	4	2144	0
AATC_HUMAN	282	0	1
AATF_HUMAN	339	0	1
AATM_HUMAN	144	0	1
AB12B_HUMAN	4	1053	0
AB1IP_HUMAN	20	333	0
ABC3A_HUMAN	11	572	0
ABC3B_HUMAN	76	0	1
ABC3C_HUMAN	189	0	1
ABC3D_HUMAN	147	0	1
ABC3F_HUMAN	66	0	1
ABC3G_HUMAN	15	239	0
ABC3H_HUMAN	2	1975	0
ABCA1_HUMAN	51	0	1
ABCA2_HUMAN	117	0	1
ABCA3_HUMAN	72	0	1
ABCA4_HUMAN	5	975	0
ABCA5_HUMAN	12	374	0
ABCA6_HUMAN	9	1198	0
ABCA7_HUMAN	20	397	0
ABCA8_HUMAN	11	489	0
ABCA9_HUMAN	10	461	0
ABCAA_HUMAN	8	463	0
ABCAB_HUMAN	1	4233	0
ABCAC_HUMAN	14	377	0
ABCAD_HUMAN	15	256	0
ABCB5_HUMAN	20	333	0
ABCB6_HUMAN	94	0	1
ABCB7_HUMAN	147	0	1
ABCB8_HUMAN	64	0	1
ABCB9_HUMAN	34	368	0
ABCBA_HUMAN	95	0	1
ABCBB_HUMAN	8	491	0
ABCC8_HUMAN	11	488	0
ABCC9_HUMAN	5	1226	0
ABCCB_HUMAN	5	890	0
ABCCD_HUMAN	1	4717	0
ABCD1_HUMAN	86	0	1
ABCD2_HUMAN	5	792	0
ABCD3_HUMAN	279	0	1
ABCD4_HUMAN	59	0	1
ABCE1_HUMAN	411	0	1
ABCF1_HUMAN	222	0	1
ABCF2_HUMAN	211	0	1
ABCF3_HUMAN	149	0	1
ABCG1_HUMAN	13	488	0
ABCG2_HUMAN	50	0	1
ABCG4_HUMAN	9	948	0
ABCG5_HUMAN	5	1234	0
ABCG8_HUMAN	15	535	0
ABD12_HUMAN	117	0	1
ABEC1_HUMAN	15	454	0
ABEC2_HUMAN	2	4340	0
ABEC4_HUMAN	2	4002	0
ABH15_HUMAN	33	180	0
ABHD1_HUMAN	1	7403	0
ABHD2_HUMAN	5	651	0
ABHD3_HUMAN	23	386	0
ABHD4_HUMAN	15	552	0
ABHD5_HUMAN	36	186	0
ABHD6_HUMAN	24	195	0
ABHD8_HUMAN	10	872	0
ABHDA_HUMAN	108	0	1
ABHDB_HUMAN	90	0	1
ABHDD_HUMAN	4	2790	0
ABHEA_HUMAN	65	0	1
ABHEB_HUMAN	32	146	0
ABHGA_HUMAN	104	0	1
ABHGB_HUMAN	2	1636	0
ABI1_HUMAN	219	0	1
ABI2_HUMAN	293	0	1
ABI3_HUMAN	100	0	1
ABL1_HUMAN	366	0	1
ABL2_HUMAN	112	0	1
ABLM1_HUMAN	183	0	1
ABLM2_HUMAN	25	232	0
ABLM3_HUMAN	41	177	0
ABP1_HUMAN,AOC1_HUMAN	15	447	0
ABRAL_HUMAN	7	690	0
ABRA_HUMAN	37	224	0
ABR_HUMAN	40	104	0
ABT1_HUMAN	427	0	1
ABTB1_HUMAN	16	322	0
ABTB2_HUMAN	100	0	1
ACACA_HUMAN	330	0	1
ACACB_HUMAN	140	0	1
ACAD8_HUMAN	37	151	0
ACAD9_HUMAN	442	0	1
ACADL_HUMAN	18	394	0
ACADM_HUMAN	157	0	1
ACADS_HUMAN	29	175	0
ACADV_HUMAN	149	0	1
ACAP1_HUMAN	22	200	0
ACAP2_HUMAN	51	0	1
ACAP3_HUMAN	21	371	0
ACATN_HUMAN	219	0	1
ACBD4_HUMAN	13	703	0
ACBD5_HUMAN	213	0	1
ACBD6_HUMAN	22	284	0
ACBD7_HUMAN	14	775	0
ACBG1_HUMAN	6	812	0
ACBG2_HUMAN	8	719	0
ACBP_HUMAN	43	0	1
ACCN4_HUMAN	131	0	1
ACCN5_HUMAN	7	1467	0
ACD10_HUMAN	104	0	1
ACD11_HUMAN	177	0	1
ACDSB_HUMAN	86	0	1
ACD_HUMAN	90	0	1
ACE2_HUMAN	1087	0	1
ACER1_HUMAN	3	1404	0
ACER2_HUMAN	2	3731	0
ACER3_HUMAN	8	780	0
ACES_HUMAN	8	623	0
ACE_HUMAN	24	206	0
ACH10_HUMAN	8	1412	0
ACHA3_HUMAN	53	0	1
ACHA4_HUMAN	178	0	1
ACHA5_HUMAN	56	0	1
ACHA6_HUMAN	1	7210	0
ACHA7_HUMAN	30	182	0
ACHA9_HUMAN	73	0	1
ACHA_HUMAN	43	0	1
ACHB2_HUMAN	142	0	1
ACHB3_HUMAN	6	1460	0
ACHB4_HUMAN	71	0	1
ACHB_HUMAN	78	0	1
ACHD_HUMAN	75	0	1
ACHE_HUMAN	35	400	0
ACHG_HUMAN	21	672	0
ACINU_HUMAN	323	0	1
ACK1_HUMAN	122	0	1
ACL6A_HUMAN	275	0	1
ACL6B_HUMAN	88	0	1
ACL7A_HUMAN	6	568	0
ACL7B_HUMAN	1	3123	0
ACLY_HUMAN	357	0	1
ACM1_HUMAN	3	2124	0
ACM2_HUMAN	12	691	0
ACM3_HUMAN	79	0	1
ACM4_HUMAN	162	0	1
ACM5_HUMAN	37	287	0
ACMSD_HUMAN	6	1794	0
ACN9_HUMAN,SDHF3_HUMAN	49	0	1
ACO11_HUMAN	19	347	0
ACO12_HUMAN	14	764	0
ACO13_HUMAN	53	0	1
ACOC_HUMAN	48	0	1
ACOD_HUMAN	147	0	1
ACON_HUMAN	256	0	1
ACOT1_HUMAN	126	0	1
ACOT2_HUMAN	129	0	1
ACOT4_HUMAN	2	3867	0
ACOT6_HUMAN	6	1772	0
ACOT8_HUMAN	67	0	1
ACOT9_HUMAN	185	0	1
ACOX1_HUMAN	117	0	1
ACOX2_HUMAN	4	2442	0
ACOX3_HUMAN	41	151	0
ACOXL_HUMAN	2	1818	0
ACPH_HUMAN	91	0	1
ACPL2_HUMAN,PXYP1_HUMAN	31	266	0
ACPM_HUMAN	180	0	1
ACRBP_HUMAN	21	431	0
ACRC_HUMAN	6	827	0
ACRO_HUMAN	8	1023	0
ACS2A_HUMAN	2	2161	0
ACS2B_HUMAN	3	994	0
ACS2L_HUMAN	26	187	0
ACSA_HUMAN	14	241	0
ACSF2_HUMAN	100	0	1
ACSF3_HUMAN	66	0	1
ACSF4_HUMAN	12	386	0
ACSL1_HUMAN	104	0	1
ACSL3_HUMAN	272	0	1
ACSL4_HUMAN	177	0	1
ACSL5_HUMAN	36	161	0
ACSL6_HUMAN	11	472	0
ACSM1_HUMAN	8	1120	0
ACSM3_HUMAN	15	371	0
ACSM4_HUMAN	1	2341	0
ACSM5_HUMAN	54	0	1
ACSS3_HUMAN	10	366	0
ACTA_HUMAN	357	0	1
ACTBL_HUMAN	334	0	1
ACTBM_HUMAN	66	0	1
ACTB_HUMAN	1021	0	1
ACTC_HUMAN	689	0	1
ACTG_HUMAN	511	0	1
ACTHR_HUMAN	4	1955	0
ACTH_HUMAN	60	0	1
ACTL8_HUMAN	18	307	0
ACTL9_HUMAN	3	845	0
ACTN1_HUMAN	342	0	1
ACTN2_HUMAN	164	0	1
ACTN3_HUMAN	106	0	1
ACTN4_HUMAN	414	0	1
ACTS_HUMAN	290	0	1
ACTT1_HUMAN	19	280	0
ACTT2_HUMAN	10	845	0
ACTT3_HUMAN	1	6501	0
ACTY_HUMAN	114	0	1
ACTZ_HUMAN	284	0	1
ACV1B_HUMAN	107	0	1
ACV1C_HUMAN	12	668	0
ACVL1_HUMAN	37	189	0
ACVR1_HUMAN	96	0	1
ACY1_HUMAN	59	0	1
ACY2_HUMAN	7	922	0
ACY3_HUMAN	26	369	0
ACYP1_HUMAN	6	342	0
ACYP2_HUMAN	12	371	0
ADA10_HUMAN	172	0	1
ADA11_HUMAN	29	305	0
ADA12_HUMAN	58	0	1
ADA15_HUMAN	87	0	1
ADA17_HUMAN	72	0	1
ADA18_HUMAN	15	797	0
ADA19_HUMAN	48	0	1
ADA1A_HUMAN	36	252	0
ADA1B_HUMAN	14	370	0
ADA1D_HUMAN	32	192	0
ADA20_HUMAN	1	1286	0
ADA21_HUMAN	64	0	1
ADA22_HUMAN	33	153	0
ADA23_HUMAN	13	246	0
ADA28_HUMAN	5	712	0
ADA29_HUMAN	2	3275	0
ADA2A_HUMAN	8	1035	0
ADA2B_HUMAN	6	1794	0
ADA2C_HUMAN	18	404	0
ADA30_HUMAN	60	0	1
ADA32_HUMAN	29	395	0
ADA33_HUMAN	79	0	1
ADAD2_HUMAN	7	690	0
ADAL_HUMAN	6	882	0
ADAM2_HUMAN	11	714	0
ADAM5_HUMAN	3	956	0
ADAM7_HUMAN	35	254	0
ADAM8_HUMAN	16	580	0
ADAM9_HUMAN	128	0	1
ADAP1_HUMAN	26	236	0
ADAP2_HUMAN	9	319	0
ADAS_HUMAN	204	0	1
ADAT1_HUMAN	10	283	0
ADAT2_HUMAN	9	500	0
ADAT3_HUMAN	24	327	0
ADA_HUMAN	36	152	0
ADCK1_HUMAN	90	0	1
ADCK2_HUMAN	98	0	1
ADCK3_HUMAN	256	0	1
ADCK4_HUMAN	141	0	1
ADCK5_HUMAN	54	0	1
ADCY1_HUMAN	5	870	0
ADCY2_HUMAN	12	596	0
ADCY3_HUMAN	82	0	1
ADCY4_HUMAN	7	1009	0
ADCY5_HUMAN	9	916	0
ADCY6_HUMAN	61	0	1
ADCY7_HUMAN	27	271	0
ADCY8_HUMAN	17	387	0
ADCY9_HUMAN	169	0	1
ADCYA_HUMAN	5	845	0
ADC_HUMAN,AZIN2_HUMAN	14	685	0
ADDA_HUMAN	174	0	1
ADDB_HUMAN	83	0	1
ADDG_HUMAN	152	0	1
ADEC1_HUMAN	1	1705	0
ADGB_HUMAN	13	409	0
ADH1A_HUMAN	5	1261	0
ADH1B_HUMAN	13	333	0
ADH1G_HUMAN	18	693	0
ADH4_HUMAN	5	505	0
ADH6_HUMAN	11	377	0
ADH7_HUMAN	11	561	0
ADHX_HUMAN	56	0	1
ADIPO_HUMAN	133	0	1
ADIP_HUMAN	296	0	1
ADK_HUMAN	50	0	1
ADM2_HUMAN	1	5109	0
ADM5_HUMAN	1	3010	0
ADML_HUMAN	5	1331	0
ADNP2_HUMAN	59	0	1
ADNP_HUMAN	217	0	1
ADO_HUMAN,AOXA_HUMAN	15	309	0
ADPGK_HUMAN	110	0	1
ADPPT_HUMAN	97	0	1
ADPRH_HUMAN	10	787	0
ADR1_HUMAN	53	0	1
ADR2_HUMAN	120	0	1
ADRB1_HUMAN	15	612	0
ADRB2_HUMAN	325	0	1
ADRB3_HUMAN	3	1058	0
ADRM1_HUMAN	268	0	1
ADRO_HUMAN	78	0	1
ADSV_HUMAN	59	0	1
ADT1_HUMAN	245	0	1
ADT2_HUMAN	542	0	1
ADT3_HUMAN	534	0	1
ADT4_HUMAN	59	0	1
ADTRP_HUMAN	5	2154	0
ADXL_HUMAN	35	285	0
ADX_HUMAN	43	0	1
AEBP1_HUMAN	6	882	0
AEBP2_HUMAN	44	0	1
AEDO_HUMAN	20	327	0
AEGP_HUMAN	17	461	0
AEN_HUMAN	47	0	1
AER61_HUMAN	60	0	1
AES_HUMAN	441	0	1
AF10_HUMAN	56	0	1
AF17_HUMAN	98	0	1
AF1L1_HUMAN	21	217	0
AF1L2_HUMAN	19	303	0
AF1Q_HUMAN	54	0	1
AF9_HUMAN	90	0	1
AFAD_HUMAN	331	0	1
AFAM_HUMAN	25	363	0
AFAP1_HUMAN	67	0	1
AFF1_HUMAN	62	0	1
AFF2_HUMAN	12	387	0
AFF3_HUMAN	14	364	0
AFF4_HUMAN	130	0	1
AFG32_HUMAN	368	0	1
AFMID_HUMAN,KFA_HUMAN	13	362	0
AFTIN_HUMAN	56	0	1
AG10A_HUMAN	54	0	1
AG10B_HUMAN	15	484	0
AG2_HUMAN	1	3010	0
AGA10_HUMAN	1	2392	0
AGA11_HUMAN	4	1465	0
AGAL_HUMAN	92	0	1
AGAP1_HUMAN	119	0	1
AGAP2_HUMAN	24	230	0
AGAP3_HUMAN	85	0	1
AGAP4_HUMAN	5	1068	0
AGAP5_HUMAN	3	1464	0
AGAP6_HUMAN	1	4691	0
AGAP7_HUMAN	3	1407	0
AGAP9_HUMAN	1	4691	0
AGFG1_HUMAN	116	0	1
AGFG2_HUMAN	18	216	0
AGGF1_HUMAN	61	0	1
AGK_HUMAN	156	0	1
AGM1_HUMAN	85	0	1
AGO1_HUMAN	302	0	1
AGO2_HUMAN	519	0	1
AGO3_HUMAN	155	0	1
AGO4_HUMAN	130	0	1
AGO61_HUMAN	86	0	1
AGPD1_HUMAN,HYKK_HUMAN	8	693	0
AGR2_HUMAN	955	0	1
AGR3_HUMAN	39	181	0
AGRIN_HUMAN	279	0	1
AGRP_HUMAN	12	824	0
AGT2_HUMAN	4	2369	0
AGTR1_HUMAN	99	0	1
AGTR2_HUMAN	9	765	0
AHDC1_HUMAN	78	0	1
AHI1_HUMAN	60	0	1
AHNK2_HUMAN	152	0	1
AHNK_HUMAN	345	0	1
AHRR_HUMAN	6	619	0
AHR_HUMAN	126	0	1
AHSA1_HUMAN	301	0	1
AHSA2_HUMAN	5	624	0
AHSP_HUMAN	23	366	0
AICDA_HUMAN	70	0	1
AIDA_HUMAN	30	158	0
AIF1L_HUMAN	53	0	1
AIF1_HUMAN	12	452	0
AIFM1_HUMAN	676	0	1
AIFM2_HUMAN	36	132	0
AIFM3_HUMAN	10	663	0
AIG1_HUMAN	67	0	1
AIM1L_HUMAN	29	222	0
AIM1_HUMAN	82	0	1
AIM2_HUMAN	114	0	1
AIMP1_HUMAN	228	0	1
AIMP2_HUMAN	418	0	1
AINX_HUMAN	154	0	1
AIPL1_HUMAN	33	209	0
AIP_HUMAN	180	0	1
AIRE_HUMAN	105	0	1
AJAP1_HUMAN	4	659	0
AJUBA_HUMAN	96	0	1
AK17A_HUMAN	129	0	1
AK1A1_HUMAN	69	0	1
AK1BA_HUMAN	47	0	1
AK1BF_HUMAN	15	360	0
AK1C1_HUMAN	29	173	0
AK1C2_HUMAN	64	0	1
AK1C3_HUMAN	41	149	0
AK1C4_HUMAN	11	621	0
AK1D1_HUMAN	9	1194	0
AKA10_HUMAN	121	0	1
AKA11_HUMAN	110	0	1
AKA12_HUMAN	172	0	1
AKA28_HUMAN	18	367	0
AKA7A_HUMAN	47	0	1
AKA7G_HUMAN	21	499	0
AKAP1_HUMAN	505	0	1
AKAP2_HUMAN	111	0	1
AKAP3_HUMAN	11	657	0
AKAP4_HUMAN	14	415	0
AKAP5_HUMAN	73	0	1
AKAP6_HUMAN	23	172	0
AKAP8_HUMAN	206	0	1
AKAP9_HUMAN	229	0	1
AKCL1_HUMAN	1	4811	0
AKCL2_HUMAN	1	874	0
AKD1A_HUMAN	6	815	0
AKD1_HUMAN	23	239	0
AKIB1_HUMAN	11	315	0
AKIP1_HUMAN	24	210	0
AKIP_HUMAN	288	0	1
AKIR1_HUMAN	21	255	0
AKIR2_HUMAN	75	0	1
AKNA_HUMAN	10	449	0
AKND1_HUMAN	8	1578	0
AKP13_HUMAN	95	0	1
AKP8L_HUMAN	306	0	1
AKT1_HUMAN	829	0	1
AKT2_HUMAN	173	0	1
AKT3_HUMAN	88	0	1
AKTIP_HUMAN	107	0	1
AKTS1_HUMAN	37	145	0
AL1A1_HUMAN	58	0	1
AL1A2_HUMAN	39	156	0
AL1A3_HUMAN	61	0	1
AL1B1_HUMAN	204	0	1
AL1L1_HUMAN	88	0	1
AL1L2_HUMAN	57	0	1
AL2CL_HUMAN	10	917	0
AL2S8_HUMAN,CARTF_HUMAN	5	789	0
AL2SA_HUMAN	78	0	1
AL2SB_HUMAN	35	232	0
AL3A1_HUMAN	80	0	1
AL3A2_HUMAN	348	0	1
AL3B1_HUMAN	132	0	1
AL3B2_HUMAN	26	190	0
AL4A1_HUMAN	119	0	1
AL5AP_HUMAN	10	1247	0
AL7A1_HUMAN	129	0	1
AL8A1_HUMAN	13	438	0
AL9A1_HUMAN	87	0	1
ALAT1_HUMAN	17	440	0
ALAT2_HUMAN	38	131	0
ALBU_HUMAN	404	0	1
ALDH2_HUMAN	152	0	1
ALDOA_HUMAN	341	0	1
ALDOB_HUMAN	37	237	0
ALDOC_HUMAN	133	0	1
ALDR_HUMAN	92	0	1
ALEX_HUMAN	239	0	1
ALG11_HUMAN	69	0	1
ALG12_HUMAN	27	178	0
ALG13_HUMAN	178	0	1
ALG14_HUMAN	11	1188	0
ALG1L_HUMAN	5	2132	0
ALG1_HUMAN	61	0	1
ALG2_HUMAN	56	0	1
ALG3_HUMAN	73	0	1
ALG5_HUMAN	73	0	1
ALG6_HUMAN	34	172	0
ALG8_HUMAN	57	0	1
ALG9_HUMAN	77	0	1
ALKB1_HUMAN	4	759	0
ALKB2_HUMAN	18	292	0
ALKB3_HUMAN	53	0	1
ALKB4_HUMAN	33	141	0
ALKB5_HUMAN	52	0	1
ALKB6_HUMAN	2	1940	0
ALKB7_HUMAN	11	480	0
ALKB8_HUMAN	15	343	0
ALKMO_HUMAN	2	4451	0
ALK_HUMAN	611	0	1
ALLC_HUMAN	2	3078	0
ALMS1_HUMAN	168	0	1
ALPK1_HUMAN	8	625	0
ALPK2_HUMAN	27	205	0
ALPK3_HUMAN	10	353	0
ALR_HUMAN	75	0	1
ALS2_HUMAN	27	184	0
ALS_HUMAN	11	384	0
ALX1_HUMAN	29	175	0
ALX3_HUMAN	19	499	0
ALX4_HUMAN	19	449	0
AMAC1_HUMAN	100	0	1
AMACR_HUMAN	67	0	1
AMBN_HUMAN	6	833	0
AMBP_HUMAN	23	197	0
AMCL2_HUMAN	4	2920	0
AMCL3_HUMAN	1	8961	0
AMD_HUMAN	50	0	1
AMELX_HUMAN	1	5173	0
AMELY_HUMAN	1	6500	0
AMER1_HUMAN	69	0	1
AMER2_HUMAN	8	476	0
AMER3_HUMAN	4	1577	0
AMERL_HUMAN	18	314	0
AMFR1_HUMAN,AMFR_HUMAN	264	0	1
AMFR2_HUMAN	104	0	1
AMGO1_HUMAN	98	0	1
AMGO2_HUMAN	38	191	0
AMGO3_HUMAN	20	566	0
AMHR2_HUMAN	43	0	1
AMMR1_HUMAN	26	361	0
AMN1_HUMAN	4	2003	0
AMNLS_HUMAN	2	4999	0
AMOL1_HUMAN	96	0	1
AMOL2_HUMAN	151	0	1
AMOT_HUMAN	321	0	1
AMP1D_HUMAN,MAP12_HUMAN	15	435	0
AMPB_HUMAN	76	0	1
AMPD1_HUMAN	17	262	0
AMPD2_HUMAN	114	0	1
AMPD3_HUMAN	16	295	0
AMPE_HUMAN	18	533	0
AMPH_HUMAN	61	0	1
AMPL_HUMAN	123	0	1
AMPM1_HUMAN,MAP11_HUMAN	57	0	1
AMPM2_HUMAN,MAP2_HUMAN	262	0	1
AMPN_HUMAN	177	0	1
AMPO_HUMAN	20	294	0
AMPQ_HUMAN	2	1629	0
AMRA1_HUMAN	279	0	1
AMRP_HUMAN	191	0	1
AMTN_HUMAN	26	362	0
AMY1_HUMAN	117	0	1
AMY2B_HUMAN	9	459	0
AMYP_HUMAN	20	365	0
AMZ1_HUMAN	42	181	0
AMZ2_HUMAN	24	366	0
AN13A_HUMAN	163	0	1
AN13B_HUMAN	10	437	0
AN13C_HUMAN	20	513	0
AN13D_HUMAN	67	0	1
AN18A_HUMAN	12	391	0
AN18B_HUMAN	7	408	0
AN20B_HUMAN	1	6087	0
AN30A_HUMAN	10	583	0
AN30B_HUMAN	9	443	0
AN32A_HUMAN	135	0	1
AN32B_HUMAN	161	0	1
AN32C_HUMAN	6	1431	0
AN32E_HUMAN	133	0	1
AN33B_HUMAN	7	477	0
AN34A_HUMAN	53	0	1
AN34B_HUMAN	3	904	0
AN34C_HUMAN	36	274	0
AN36A_HUMAN	9	841	0
AN36B_HUMAN	66	0	1
ANAG_HUMAN	81	0	1
ANC2_HUMAN	233	0	1
ANDR_HUMAN	964	0	1
ANFB_HUMAN	147	0	1
ANFC_HUMAN	8	950	0
ANFY1_HUMAN	224	0	1
ANF_HUMAN	57	0	1
ANGE1_HUMAN	58	0	1
ANGE2_HUMAN	75	0	1
ANGI_HUMAN	127	0	1
ANGL2_HUMAN	16	377	0
ANGL3_HUMAN	8	1192	0
ANGL4_HUMAN	36	181	0
ANGL5_HUMAN	2	1974	0
ANGL6_HUMAN	4	827	0
ANGL7_HUMAN	36	289	0
ANGP1_HUMAN	14	426	0
ANGP2_HUMAN	15	445	0
ANGP4_HUMAN	32	336	0
ANGT_HUMAN	27	129	0
ANHX_HUMAN	1	3900	0
ANK1_HUMAN	50	0	1
ANK2_HUMAN	266	0	1
ANK36_HUMAN	29	189	0
ANK3_HUMAN	197	0	1
ANKAR_HUMAN	7	647	0
ANKH1_HUMAN	300	0	1
ANKH_HUMAN	127	0	1
ANKK1_HUMAN	31	222	0
ANKL1_HUMAN	2	1228	0
ANKL2_HUMAN	220	0	1
ANKR1_HUMAN	29	200	0
ANKR2_HUMAN	13	413	0
ANKR5_HUMAN,ANKE1_HUMAN	20	298	0
ANKR6_HUMAN	10	758	0
ANKR7_HUMAN	3	1542	0
ANKR9_HUMAN	26	264	0
ANKS3_HUMAN	37	190	0
ANKS6_HUMAN	53	0	1
ANKY1_HUMAN	2	1289	0
ANKY2_HUMAN	65	0	1
ANKZ1_HUMAN	44	0	1
ANLN_HUMAN	1768	0	1
ANM10_HUMAN,ANM9_HUMAN	31	203	0
ANM1_HUMAN	879	0	1
ANM2_HUMAN	87	0	1
ANM3_HUMAN	206	0	1
ANM5_HUMAN	468	0	1
ANM6_HUMAN	143	0	1
ANM7_HUMAN	45	0	1
ANM8_HUMAN	83	0	1
ANO10_HUMAN	48	0	1
ANO1_HUMAN	10	427	0
ANO2_HUMAN	2	807	0
ANO3_HUMAN	10	527	0
ANO4_HUMAN	29	269	0
ANO5_HUMAN	11	477	0
ANO6_HUMAN	147	0	1
ANO7_HUMAN	69	0	1
ANO8_HUMAN	15	265	0
ANO9_HUMAN	6	1456	0
ANPRA_HUMAN	13	443	0
ANPRB_HUMAN	28	263	0
ANPRC_HUMAN	11	365	0
ANR10_HUMAN	27	257	0
ANR11_HUMAN	199	0	1
ANR12_HUMAN	42	138	0
ANR16_HUMAN	4	1168	0
ANR17_HUMAN	234	0	1
ANR19_HUMAN	1	1344	0
ANR22_HUMAN	124	0	1
ANR23_HUMAN	22	297	0
ANR24_HUMAN	12	413	0
ANR26_HUMAN	143	0	1
ANR27_HUMAN	54	0	1
ANR28_HUMAN	244	0	1
ANR29_HUMAN	20	500	0
ANR31_HUMAN	6	1253	0
ANR32_HUMAN,SLF1_HUMAN	24	248	0
ANR33_HUMAN	15	333	0
ANR35_HUMAN	27	179	0
ANR37_HUMAN	3	1871	0
ANR39_HUMAN	68	0	1
ANR40_HUMAN	87	0	1
ANR42_HUMAN	6	770	0
ANR43_HUMAN	27	240	0
ANR44_HUMAN	55	0	1
ANR45_HUMAN	4	1964	0
ANR46_HUMAN	132	0	1
ANR49_HUMAN	53	0	1
ANR50_HUMAN	107	0	1
ANR52_HUMAN	89	0	1
ANR53_HUMAN	4	1705	0
ANR54_HUMAN	30	178	0
ANR55_HUMAN	229	0	1
ANR56_HUMAN	10	422	0
ANR62_HUMAN	3	1724	0
ANR63_HUMAN	1	4268	0
ANR65_HUMAN	3	1219	0
ANRA2_HUMAN	35	227	0
ANS1A_HUMAN	165	0	1
ANS1B_HUMAN	28	142	0
ANS4B_HUMAN	8	758	0
ANT3_HUMAN	61	0	1
ANTR1_HUMAN	148	0	1
ANTR2_HUMAN	22	172	0
ANX10_HUMAN	9	436	0
ANX11_HUMAN	113	0	1
ANX13_HUMAN	19	428	0
ANXA1_HUMAN	291	0	1
ANXA2_HUMAN	447	0	1
ANXA3_HUMAN	50	0	1
ANXA4_HUMAN	54	0	1
ANXA5_HUMAN	222	0	1
ANXA6_HUMAN	119	0	1
ANXA7_HUMAN	181	0	1
ANXA8_HUMAN	51	0	1
ANXA9_HUMAN	37	268	0
AOAH_HUMAN	3	2859	0
AOC2_HUMAN	12	477	0
AOC3_HUMAN	26	267	0
AOFA_HUMAN	32	153	0
AOFB_HUMAN	42	152	0
AP180_HUMAN	62	0	1
AP1AR_HUMAN	36	192	0
AP1B1_HUMAN	241	0	1
AP1G1_HUMAN	155	0	1
AP1G2_HUMAN	77	0	1
AP1M1_HUMAN	240	0	1
AP1M2_HUMAN	71	0	1
AP1S1_HUMAN	69	0	1
AP1S2_HUMAN	59	0	1
AP1S3_HUMAN	19	611	0
AP2A1_HUMAN	313	0	1
AP2A2_HUMAN	213	0	1
AP2A_HUMAN	161	0	1
AP2B1_HUMAN	415	0	1
AP2B_HUMAN	24	207	0
AP2C_HUMAN	102	0	1
AP2D_HUMAN	77	0	1
AP2E_HUMAN	1	2928	0
AP2M1_HUMAN	459	0	1
AP2S1_HUMAN	170	0	1
AP3B1_HUMAN	209	0	1
AP3B2_HUMAN	38	143	0
AP3D1_HUMAN	186	0	1
AP3M1_HUMAN	159	0	1
AP3M2_HUMAN	31	143	0
AP3S1_HUMAN	139	0	1
AP3S2_HUMAN	35	204	0
AP4AT_HUMAN	166	0	1
AP4A_HUMAN	13	284	0
AP4B1_HUMAN	28	187	0
AP4E1_HUMAN	52	0	1
AP4M1_HUMAN	58	0	1
AP4S1_HUMAN	30	201	0
AP5B1_HUMAN	45	0	1
AP5M1_HUMAN	14	647	0
AP5S1_HUMAN	19	595	0
AP5Z1_HUMAN	40	168	0
APAF_HUMAN	88	0	1
APBA1_HUMAN	101	0	1
APBA2_HUMAN	55	0	1
APBA3_HUMAN	68	0	1
APBB1_HUMAN	191	0	1
APBB2_HUMAN	88	0	1
APBB3_HUMAN	27	197	0
APBP2_HUMAN	193	0	1
APC10_HUMAN	71	0	1
APC11_HUMAN	86	0	1
APC13_HUMAN	24	269	0
APC15_HUMAN	118	0	1
APC16_HUMAN	66	0	1
APC1_HUMAN	158	0	1
APC2_HUMAN	33	170	0
APC4_HUMAN	126	0	1
APC5_HUMAN	145	0	1
APC7_HUMAN	170	0	1
APCD1_HUMAN	7	1685	0
APCDL_HUMAN	3	3965	0
APC_HUMAN	351	0	1
APEL_HUMAN	7	908	0
APEX1_HUMAN	1263	0	1
APEX2_HUMAN	32	214	0
APH1A_HUMAN	65	0	1
APH1B_HUMAN	13	615	0
API5_HUMAN	195	0	1
APJ_HUMAN	231	0	1
APLD1_HUMAN	6	808	0
APLF_HUMAN	46	0	1
APLP1_HUMAN	60	0	1
APLP2_HUMAN	124	0	1
APM2_HUMAN,ADIRF_HUMAN	11	573	0
APMAP_HUMAN	93	0	1
APOA1_HUMAN	184	0	1
APOA2_HUMAN	99	0	1
APOA4_HUMAN	20	345	0
APOA5_HUMAN	20	578	0
APOA_HUMAN	7	767	0
APOB_HUMAN	164	0	1
APOC1_HUMAN	38	328	0
APOC2_HUMAN	38	238	0
APOC3_HUMAN	43	0	1
APOC4_HUMAN	26	393	0
APOD_HUMAN	191	0	1
APOE_HUMAN	179	0	1
APOF_HUMAN	4	2721	0
APOH_HUMAN	34	163	0
APOL1_HUMAN	9	667	0
APOL2_HUMAN	120	0	1
APOL3_HUMAN	34	376	0
APOL4_HUMAN	3	2523	0
APOL5_HUMAN	10	412	0
APOL6_HUMAN	16	452	0
APOM_HUMAN	51	0	1
APOOL_HUMAN,MIC27_HUMAN	99	0	1
APOO_HUMAN,MIC26_HUMAN	145	0	1
APOP1_HUMAN	5	703	0
APR3_HUMAN,ARAID_HUMAN	19	520	0
APRG1_HUMAN	1	2640	0
APRV1_HUMAN	29	223	0
APR_HUMAN	177	0	1
APTX_HUMAN	81	0	1
APT_HUMAN	111	0	1
AQ12B_HUMAN	38	238	0
AQP10_HUMAN	23	263	0
AQP11_HUMAN	1	6019	0
AQP1_HUMAN	151	0	1
AQP2_HUMAN	67	0	1
AQP3_HUMAN	241	0	1
AQP4_HUMAN	8	711	0
AQP5_HUMAN	11	684	0
AQP6_HUMAN	328	0	1
AQP73_HUMAN	2	1987	0
AQP7_HUMAN	6	2088	0
AQP8_HUMAN	7	1151	0
AQP9_HUMAN	42	224	0
AQR_HUMAN	159	0	1
AR13A_HUMAN	3	2266	0
AR13B_HUMAN	330	0	1
AR2BP_HUMAN	38	191	0
AR6P1_HUMAN	136	0	1
AR6P4_HUMAN	117	0	1
AR6P6_HUMAN	86	0	1
AR7EP_HUMAN	34	181	0
ARAF_HUMAN	381	0	1
ARAP1_HUMAN	48	0	1
ARAP2_HUMAN	37	138	0
ARAP3_HUMAN	78	0	1
ARBK1_HUMAN	215	0	1
ARBK2_HUMAN	15	273	0
ARC1A_HUMAN	137	0	1
ARC1B_HUMAN	222	0	1
ARCH_HUMAN	15	360	0
ARC_HUMAN	24	199	0
AREG_HUMAN	16	422	0
ARF1_HUMAN	255	0	1
ARF3_HUMAN	133	0	1
ARF4_HUMAN	292	0	1
ARF5_HUMAN	230	0	1
ARF6_HUMAN	654	0	1
ARFG1_HUMAN	133	0	1
ARFG2_HUMAN	133	0	1
ARFG3_HUMAN	104	0	1
ARFP1_HUMAN	144	0	1
ARFP2_HUMAN	100	0	1
ARFRP_HUMAN	32	154	0
ARG35_HUMAN	19	380	0
ARGAL_HUMAN	67	0	1
ARGFX_HUMAN	8	703	0
ARGI1_HUMAN	147	0	1
ARGI2_HUMAN	19	299	0
ARGL1_HUMAN	187	0	1
ARH37_HUMAN	6	458	0
ARH38_HUMAN	6	906	0
ARH40_HUMAN	72	0	1
ARHG1_HUMAN	140	0	1
ARHG2_HUMAN	231	0	1
ARHG3_HUMAN	22	176	0
ARHG4_HUMAN	65	0	1
ARHG5_HUMAN	77	0	1
ARHG6_HUMAN	97	0	1
ARHG7_HUMAN	130	0	1
ARHG8_HUMAN	36	150	0
ARHG9_HUMAN	28	133	0
ARHGA_HUMAN	93	0	1
ARHGB_HUMAN	83	0	1
ARHGC_HUMAN	94	0	1
ARHGF_HUMAN	48	0	1
ARHGG_HUMAN	95	0	1
ARHGH_HUMAN	59	0	1
ARHGI_HUMAN	35	128	0
ARHGJ_HUMAN	57	0	1
ARHGP_HUMAN	26	204	0
ARHGQ_HUMAN	49	0	1
ARHL1_HUMAN	1	1579	0
ARHL2_HUMAN	46	0	1
ARH_HUMAN	31	253	0
ARI1A_HUMAN	229	0	1
ARI1B_HUMAN	219	0	1
ARI1_HUMAN	250	0	1
ARI2_HUMAN	290	0	1
ARI3A_HUMAN	123	0	1
ARI3B_HUMAN	115	0	1
ARI3C_HUMAN	9	954	0
ARI4A_HUMAN	64	0	1
ARI4B_HUMAN	197	0	1
ARI5A_HUMAN	132	0	1
ARI5B_HUMAN	74	0	1
ARID2_HUMAN	154	0	1
ARIP4_HUMAN	96	0	1
ARK72_HUMAN	77	0	1
ARK73_HUMAN	36	223	0
ARK74_HUMAN	73	0	1
ARL10_HUMAN	197	0	1
ARL11_HUMAN	40	219	0
ARL14_HUMAN	117	0	1
ARL15_HUMAN	116	0	1
ARL16_HUMAN	83	0	1
ARL17_HUMAN	16	639	0
ARL1_HUMAN	211	0	1
ARL2_HUMAN	98	0	1
ARL3_HUMAN	81	0	1
ARL4A_HUMAN	16	551	0
ARL4C_HUMAN	147	0	1
ARL4D_HUMAN	138	0	1
ARL5A_HUMAN	76	0	1
ARL5B_HUMAN	56	0	1
ARL6_HUMAN	36	184	0
ARL8A_HUMAN	108	0	1
ARL8B_HUMAN	216	0	1
ARL9_HUMAN	1	7296	0
ARLY_HUMAN	25	152	0
ARM10_HUMAN	45	0	1
ARM12_HUMAN	13	766	0
ARMC1_HUMAN	64	0	1
ARMC2_HUMAN	7	555	0
ARMC3_HUMAN	5	1551	0
ARMC4_HUMAN	23	328	0
ARMC5_HUMAN	201	0	1
ARMC6_HUMAN	282	0	1
ARMC7_HUMAN	79	0	1
ARMC8_HUMAN	241	0	1
ARMC9_HUMAN	138	0	1
ARMS2_HUMAN	16	557	0
ARMX1_HUMAN	21	293	0
ARMX2_HUMAN	43	0	1
ARMX3_HUMAN	148	0	1
ARMX4_HUMAN	14	380	0
ARMX5_HUMAN	32	153	0
ARMX6_HUMAN	6	836	0
ARNT2_HUMAN	82	0	1
ARNT_HUMAN	224	0	1
AROS_HUMAN	96	0	1
ARP10_HUMAN	91	0	1
ARP11_HUMAN	9	694	0
ARP19_HUMAN	19	226	0
ARP21_HUMAN	2	2899	0
ARP2_HUMAN	333	0	1
ARP3B_HUMAN	68	0	1
ARP3C_HUMAN	6	2219	0
ARP3_HUMAN	312	0	1
ARP5L_HUMAN	94	0	1
ARP5_HUMAN	73	0	1
ARP6_HUMAN	62	0	1
ARP8_HUMAN	54	0	1
ARPC2_HUMAN	198	0	1
ARPC3_HUMAN	193	0	1
ARPC4_HUMAN	180	0	1
ARPC5_HUMAN	120	0	1
ARPM1_HUMAN	1	6501	0
ARRB1_HUMAN	322	0	1
ARRB2_HUMAN	458	0	1
ARRC_HUMAN	32	197	0
ARRD1_HUMAN	67	0	1
ARRD2_HUMAN	52	0	1
ARRD3_HUMAN	235	0	1
ARRD4_HUMAN	86	0	1
ARRD5_HUMAN	42	225	0
ARRS_HUMAN	6	899	0
ARSA_HUMAN	80	0	1
ARSB_HUMAN	55	0	1
ARSD_HUMAN	2	640	0
ARSE_HUMAN	27	353	0
ARSF_HUMAN	33	248	0
ARSG_HUMAN	37	225	0
ARSH_HUMAN	3	2389	0
ARSI_HUMAN	5	938	0
ARSJ_HUMAN	6	719	0
ARSK_HUMAN	95	0	1
ARTN_HUMAN	1	8896	0
ARV1_HUMAN	61	0	1
ARVC_HUMAN	53	0	1
ARX_HUMAN	28	284	0
ARY1_HUMAN	7	691	0
ARY2_HUMAN	22	265	0
AS3MT_HUMAN	4	427	0
ASA2B_HUMAN	2	1337	0
ASAH1_HUMAN	91	0	1
ASAH2_HUMAN	6	2194	0
ASAP1_HUMAN	92	0	1
ASAP2_HUMAN	53	0	1
ASAP3_HUMAN	27	168	0
ASB10_HUMAN	31	184	0
ASB11_HUMAN	240	0	1
ASB12_HUMAN	35	211	0
ASB13_HUMAN	33	187	0
ASB14_HUMAN	50	0	1
ASB15_HUMAN	32	197	0
ASB16_HUMAN	25	211	0
ASB17_HUMAN	23	223	0
ASB18_HUMAN	26	265	0
ASB1_HUMAN	31	230	0
ASB2_HUMAN	41	168	0
ASB3_HUMAN	85	0	1
ASB4_HUMAN	42	206	0
ASB5_HUMAN	22	249	0
ASB6_HUMAN	99	0	1
ASB7_HUMAN	59	0	1
ASB8_HUMAN	32	218	0
ASB9_HUMAN	62	0	1
ASCC1_HUMAN	75	0	1
ASCC2_HUMAN	124	0	1
ASCC3_HUMAN	186	0	1
ASCL1_HUMAN	46	0	1
ASCL2_HUMAN	10	467	0
ASCL3_HUMAN	10	1262	0
ASCL4_HUMAN	17	413	0
ASCL5_HUMAN	2	2208	0
ASC_HUMAN	89	0	1
ASF1A_HUMAN	206	0	1
ASF1B_HUMAN	109	0	1
ASGL1_HUMAN	22	178	0
ASGR1_HUMAN	57	0	1
ASGR2_HUMAN	98	0	1
ASH1L_HUMAN	62	0	1
ASH2L_HUMAN	258	0	1
ASHWN_HUMAN	37	176	0
ASIC1_HUMAN	66	0	1
ASIC2_HUMAN	16	322	0
ASIC3_HUMAN	7	1514	0
ASIC4_HUMAN	143	0	1
ASIC5_HUMAN	6	1682	0
ASIP_HUMAN	9	687	0
ASM3A_HUMAN	4	1401	0
ASM3B_HUMAN	50	0	1
ASML_HUMAN	50	0	1
ASM_HUMAN	34	158	0
ASNA_HUMAN	115	0	1
ASND1_HUMAN	30	263	0
ASNS_HUMAN	186	0	1
ASPC1_HUMAN	87	0	1
ASPD_HUMAN	14	496	0
ASPG_HUMAN	37	197	0
ASPH1_HUMAN	3	1436	0
ASPH2_HUMAN	49	0	1
ASPH_HUMAN	366	0	1
ASPM_HUMAN	164	0	1
ASPN_HUMAN	4	1666	0
ASPP1_HUMAN	169	0	1
ASPP2_HUMAN	232	0	1
ASPX_HUMAN	3	1099	0
ASSY_HUMAN	201	0	1
ASTE1_HUMAN	15	496	0
ASTER_HUMAN	8	946	0
ASTL_HUMAN	8	621	0
ASTN1_HUMAN	9	545	0
ASTN2_HUMAN	9	547	0
ASUN_HUMAN	79	0	1
ASXL1_HUMAN	302	0	1
ASXL2_HUMAN	282	0	1
ASXL3_HUMAN	163	0	1
ASZ1_HUMAN	12	1035	0
AT10A_HUMAN	6	502	0
AT10B_HUMAN	5	1369	0
AT10D_HUMAN	8	414	0
AT11A_HUMAN	43	0	1
AT11B_HUMAN	27	305	0
AT11C_HUMAN	117	0	1
AT12A_HUMAN	182	0	1
AT131_HUMAN	220	0	1
AT132_HUMAN	122	0	1
AT133_HUMAN	178	0	1
AT134_HUMAN	1	2756	0
AT135_HUMAN	1	4379	0
AT1A1_HUMAN	666	0	1
AT1A2_HUMAN	70	0	1
AT1A3_HUMAN	317	0	1
AT1A4_HUMAN	29	211	0
AT1B1_HUMAN	183	0	1
AT1B2_HUMAN	23	177	0
AT1B3_HUMAN	267	0	1
AT1B4_HUMAN	61	0	1
AT2A1_HUMAN	428	0	1
AT2A2_HUMAN	374	0	1
AT2A3_HUMAN	241	0	1
AT2B1_HUMAN	266	0	1
AT2B2_HUMAN	192	0	1
AT2B3_HUMAN	93	0	1
AT2B4_HUMAN	201	0	1
AT2C1_HUMAN	137	0	1
AT2C2_HUMAN	2	1690	0
AT2L1_HUMAN	6	823	0
AT2L2_HUMAN	18	273	0
AT5EL_HUMAN	23	232	0
AT5F1_HUMAN	405	0	1
AT5G1_HUMAN	38	279	0
AT5G2_HUMAN	8	1188	0
AT5G3_HUMAN	25	237	0
AT5L2_HUMAN	4	2155	0
AT5SL_HUMAN	23	152	0
AT7L1_HUMAN	82	0	1
AT7L2_HUMAN	57	0	1
AT7L3_HUMAN	56	0	1
AT8A1_HUMAN	43	0	1
AT8A2_HUMAN	13	429	0
AT8B1_HUMAN	9	405	0
AT8B2_HUMAN	48	0	1
AT8B3_HUMAN	5	448	0
AT8B4_HUMAN	7	907	0
ATAD1_HUMAN	108	0	1
ATAD2_HUMAN	69	0	1
ATAD4_HUMAN	1	2210	0
ATAD5_HUMAN	77	0	1
ATAT_HUMAN	20	292	0
ATBD4_HUMAN,DPH6_HUMAN	35	277	0
ATCAY_HUMAN	12	581	0
ATD2B_HUMAN	20	237	0
ATD3A_HUMAN	511	0	1
ATD3B_HUMAN	306	0	1
ATD3C_HUMAN	39	149	0
ATE1_HUMAN	99	0	1
ATF1_HUMAN	58	0	1
ATF2_HUMAN	253	0	1
ATF3_HUMAN	89	0	1
ATF4_HUMAN	102	0	1
ATF5_HUMAN	21	393	0
ATF6A_HUMAN	130	0	1
ATF6B_HUMAN	67	0	1
ATF7_HUMAN	65	0	1
ATG10_HUMAN	17	453	0
ATG12_HUMAN	116	0	1
ATG13_HUMAN	214	0	1
ATG2A_HUMAN	120	0	1
ATG2B_HUMAN	95	0	1
ATG3_HUMAN	90	0	1
ATG4A_HUMAN	31	287	0
ATG4B_HUMAN	127	0	1
ATG4C_HUMAN	41	193	0
ATG4D_HUMAN	8	776	0
ATG5_HUMAN	470	0	1
ATG7_HUMAN	193	0	1
ATG9A_HUMAN	458	0	1
ATG9B_HUMAN	22	215	0
ATGA1_HUMAN	92	0	1
ATHL1_HUMAN	5	393	0
ATIF1_HUMAN	174	0	1
ATL1_HUMAN	13	329	0
ATL2_HUMAN	9	867	0
ATL3_HUMAN	30	323	0
ATL4_HUMAN	216	0	1
ATL5_HUMAN	8	753	0
ATLA1_HUMAN	57	0	1
ATLA2_HUMAN	102	0	1
ATLA3_HUMAN	192	0	1
ATMIN_HUMAN	13	456	0
ATM_HUMAN	309	0	1
ATN1_HUMAN	188	0	1
ATNG_HUMAN	6	1083	0
ATOH1_HUMAN	77	0	1
ATOH7_HUMAN	2	3367	0
ATOH8_HUMAN	3	3058	0
ATOX1_HUMAN	32	146	0
ATP23_HUMAN	62	0	1
ATP4A_HUMAN	101	0	1
ATP4B_HUMAN	7	1311	0
ATP5E_HUMAN	62	0	1
ATP5H_HUMAN	267	0	1
ATP5I_HUMAN	134	0	1
ATP5J_HUMAN	238	0	1
ATP5L_HUMAN	188	0	1
ATP5S_HUMAN	21	350	0
ATP6_HUMAN	37	144	0
ATP7A_HUMAN	105	0	1
ATP7B_HUMAN	63	0	1
ATP8_HUMAN	49	0	1
ATP9A_HUMAN	107	0	1
ATP9B_HUMAN	31	205	0
ATPA_HUMAN	617	0	1
ATPB_HUMAN	659	0	1
ATPD_HUMAN	157	0	1
ATPF1_HUMAN	133	0	1
ATPF2_HUMAN	118	0	1
ATPG_HUMAN	455	0	1
ATPK_HUMAN	134	0	1
ATPO_HUMAN	375	0	1
ATRAP_HUMAN	172	0	1
ATRIP_HUMAN	99	0	1
ATRN1_HUMAN	28	269	0
ATRN_HUMAN	76	0	1
ATRX_HUMAN	218	0	1
ATR_HUMAN	205	0	1
ATS10_HUMAN	12	493	0
ATS12_HUMAN	74	0	1
ATS13_HUMAN	26	404	0
ATS14_HUMAN	4	999	0
ATS15_HUMAN	8	461	0
ATS16_HUMAN	5	1091	0
ATS17_HUMAN	20	305	0
ATS18_HUMAN	7	517	0
ATS19_HUMAN	3	3002	0
ATS1_HUMAN	102	0	1
ATS20_HUMAN	6	573	0
ATS2_HUMAN	54	0	1
ATS3_HUMAN	12	335	0
ATS4_HUMAN	68	0	1
ATS5_HUMAN	5	903	0
ATS6_HUMAN	8	701	0
ATS7_HUMAN	58	0	1
ATS8_HUMAN	2	4126	0
ATS9_HUMAN	5	958	0
ATTY_HUMAN	19	309	0
ATX10_HUMAN	158	0	1
ATX1L_HUMAN	152	0	1
ATX1_HUMAN	471	0	1
ATX2L_HUMAN	283	0	1
ATX2_HUMAN	315	0	1
ATX3L_HUMAN	10	666	0
ATX3_HUMAN	425	0	1
ATX7_HUMAN	110	0	1
AUGN_HUMAN	3	986	0
AUHM_HUMAN	307	0	1
AUP1_HUMAN	270	0	1
AURKA_HUMAN	633	0	1
AURKB_HUMAN	842	0	1
AURKC_HUMAN	36	192	0
AUTS2_HUMAN	46	0	1
AUXI_HUMAN	62	0	1
AVEN_HUMAN	27	168	0
AVIL_HUMAN	34	263	0
AVL9_HUMAN	24	163	0
AVPI1_HUMAN	49	0	1
AVR2A_HUMAN	95	0	1
AVR2B_HUMAN	103	0	1
AWAT2_HUMAN	3	2602	0
AX2R_HUMAN	8	702	0
AXA2L_HUMAN	81	0	1
AXA81_HUMAN	10	482	0
AXA82_HUMAN	15	532	0
AXDN1_HUMAN	9	865	0
AXIN1_HUMAN	173	0	1
AXIN2_HUMAN	84	0	1
AZI1_HUMAN,CP131_HUMAN	223	0	1
AZI2_HUMAN	40	175	0
AZIN1_HUMAN	19	410	0
B2CL1_HUMAN	203	0	1
B2CL2_HUMAN	93	0	1
B2L10_HUMAN	23	356	0
B2L11_HUMAN	99	0	1
B2L12_HUMAN	42	149	0
B2L13_HUMAN	138	0	1
B2L14_HUMAN	122	0	1
B2L15_HUMAN	11	880	0
B2LA1_HUMAN	21	431	0
B2MG_HUMAN	140	0	1
B3A2_HUMAN	149	0	1
B3A3_HUMAN	13	498	0
B3A4_HUMAN	73	0	1
B3AT_HUMAN	172	0	1
B3GA1_HUMAN	375	0	1
B3GA2_HUMAN	19	469	0
B3GA3_HUMAN	141	0	1
B3GL1_HUMAN	29	291	0
B3GL2_HUMAN	34	181	0
B3GLT_HUMAN	38	244	0
B3GN1_HUMAN	146	0	1
B3GN2_HUMAN	521	0	1
B3GN3_HUMAN	84	0	1
B3GN4_HUMAN	4	1637	0
B3GN5_HUMAN	6	1121	0
B3GN7_HUMAN	24	293	0
B3GN8_HUMAN	21	479	0
B3GN9_HUMAN	3	976	0
B3GNL_HUMAN	4	1086	0
B3GT1_HUMAN	2	5360	0
B3GT2_HUMAN	16	711	0
B3GT4_HUMAN	32	274	0
B3GT5_HUMAN	24	390	0
B3GT6_HUMAN	51	0	1
B4GN1_HUMAN	27	315	0
B4GN2_HUMAN	6	470	0
B4GN3_HUMAN	20	650	0
B4GN4_HUMAN	10	951	0
B4GT1_HUMAN	48	0	1
B4GT2_HUMAN	121	0	1
B4GT3_HUMAN	84	0	1
B4GT4_HUMAN	41	220	0
B4GT5_HUMAN	71	0	1
B4GT6_HUMAN	22	514	0
B4GT7_HUMAN	81	0	1
B9D1_HUMAN	31	277	0
B9D2_HUMAN	78	0	1
BAALC_HUMAN	15	551	0
BAAT_HUMAN	26	236	0
BABA1_HUMAN	96	0	1
BACD1_HUMAN	56	0	1
BACD2_HUMAN	85	0	1
BACD3_HUMAN	174	0	1
BACE1_HUMAN	56	0	1
BACE2_HUMAN	90	0	1
BACH1_HUMAN	130	0	1
BACH2_HUMAN	88	0	1
BACH_HUMAN	195	0	1
BAD_HUMAN	108	0	1
BAFL_HUMAN	21	531	0
BAF_HUMAN	217	0	1
BAG1_HUMAN	471	0	1
BAG2_HUMAN	734	0	1
BAG3_HUMAN	640	0	1
BAG4_HUMAN	235	0	1
BAG5_HUMAN	384	0	1
BAG6_HUMAN	477	0	1
BAGE1_HUMAN	1	1451	0
BAGE2_HUMAN	69	0	1
BAHC1_HUMAN	44	0	1
BAHD1_HUMAN	62	0	1
BAI1_HUMAN	26	245	0
BAI2_HUMAN,AGRB2_HUMAN	17	387	0
BAI3_HUMAN,AGRB3_HUMAN	13	640	0
BAIP2_HUMAN	196	0	1
BAIP3_HUMAN	5	651	0
BAKOR_HUMAN	351	0	1
BAK_HUMAN	42	143	0
BAMBI_HUMAN	13	776	0
BANK1_HUMAN	11	331	0
BANP_HUMAN	270	0	1
BAP18_HUMAN	110	0	1
BAP1_HUMAN	1287	0	1
BAP29_HUMAN	57	0	1
BAP31_HUMAN	607	0	1
BARD1_HUMAN	323	0	1
BARH1_HUMAN	3	3036	0
BARH2_HUMAN	2	3339	0
BARX1_HUMAN	8	989	0
BARX2_HUMAN	2	2992	0
BASI_HUMAN	819	0	1
BASP1_HUMAN	309	0	1
BAT1_HUMAN	116	0	1
BATF2_HUMAN	31	235	0
BATF3_HUMAN	56	0	1
BATF_HUMAN	29	304	0
BAX_HUMAN	134	0	1
BAZ1A_HUMAN	129	0	1
BAZ1B_HUMAN	230	0	1
BAZ2A_HUMAN	82	0	1
BAZ2B_HUMAN	64	0	1
BBC3B_HUMAN	13	584	0
BBC3_HUMAN	25	225	0
BBIP1_HUMAN	10	854	0
BBS10_HUMAN	23	268	0
BBS12_HUMAN	19	492	0
BBS1_HUMAN	135	0	1
BBS2_HUMAN	69	0	1
BBS4_HUMAN	52	0	1
BBS5_HUMAN	22	363	0
BBS7_HUMAN	105	0	1
BBX_HUMAN	128	0	1
BC11A_HUMAN	109	0	1
BC11B_HUMAN	73	0	1
BCAM_HUMAN	62	0	1
BCAP_HUMAN	27	170	0
BCAR1_HUMAN	743	0	1
BCAR3_HUMAN	100	0	1
BCAS1_HUMAN	12	280	0
BCAS3_HUMAN	79	0	1
BCAS4_HUMAN	15	838	0
BCAT1_HUMAN	67	0	1
BCAT2_HUMAN	42	143	0
BCCIP_HUMAN	145	0	1
BCD1_HUMAN	71	0	1
BCDO1_HUMAN	4	744	0
BCDO2_HUMAN	3	1329	0
BCE1_HUMAN	86	0	1
BCKD_HUMAN	146	0	1
BCL10_HUMAN	84	0	1
BCL2_HUMAN	138	0	1
BCL3_HUMAN	50	0	1
BCL6B_HUMAN	29	356	0
BCL6_HUMAN	230	0	1
BCL7A_HUMAN	135	0	1
BCL7B_HUMAN	97	0	1
BCL7C_HUMAN	119	0	1
BCL8_HUMAN	1	1451	0
BCL9L_HUMAN	62	0	1
BCL9_HUMAN	89	0	1
BCLF1_HUMAN	367	0	1
BCORL_HUMAN	99	0	1
BCOR_HUMAN	309	0	1
BCR_HUMAN	227	0	1
BCS1_HUMAN	125	0	1
BD1L1_HUMAN	131	0	1
BD1L2_HUMAN	13	821	0
BDH2_HUMAN	40	170	0
BDH_HUMAN	59	0	1
BDNF_HUMAN	40	171	0
BDP1_HUMAN	39	170	0
BEAN1_HUMAN	2	1215	0
BEAN_HUMAN	2	1454	0
BECN1_HUMAN	240	0	1
BEGIN_HUMAN	60	0	1
BEND2_HUMAN	8	793	0
BEND3_HUMAN	128	0	1
BEND4_HUMAN	5	1000	0
BEND5_HUMAN	33	237	0
BEND6_HUMAN	5	1522	0
BEND7_HUMAN	95	0	1
BEST1_HUMAN	7	740	0
BEST2_HUMAN	17	421	0
BEST3_HUMAN	1	7917	0
BET1L_HUMAN	43	0	1
BET1_HUMAN	392	0	1
BEX1_HUMAN	48	0	1
BEX2_HUMAN	103	0	1
BEX3_HUMAN	46	0	1
BEX4_HUMAN	21	410	0
BEX5_HUMAN	32	344	0
BFAR_HUMAN	27	332	0
BFSP1_HUMAN	51	0	1
BFSP2_HUMAN	70	0	1
BGAL_HUMAN	137	0	1
BGAT_HUMAN	3	3531	0
BGH3_HUMAN	20	319	0
BGLR_HUMAN	89	0	1
BHA09_HUMAN	12	935	0
BHA15_HUMAN	73	0	1
BHE22_HUMAN	2	865	0
BHE23_HUMAN	23	226	0
BHE40_HUMAN	135	0	1
BHE41_HUMAN	41	204	0
BHLH9_HUMAN	81	0	1
BHMT1_HUMAN	11	841	0
BHMT2_HUMAN	6	1344	0
BI1_HUMAN	145	0	1
BI2L1_HUMAN	141	0	1
BI2L2_HUMAN	7	1112	0
BICC1_HUMAN	28	197	0
BICD1_HUMAN	231	0	1
BICD2_HUMAN	428	0	1
BICR1_HUMAN	1	3113	0
BICR2_HUMAN	9	671	0
BID_HUMAN	133	0	1
BIEA_HUMAN	94	0	1
BIG1_HUMAN	166	0	1
BIG2_HUMAN	150	0	1
BIG3_HUMAN	92	0	1
BIK_HUMAN	132	0	1
BIN1_HUMAN	156	0	1
BIN2_HUMAN	11	624	0
BIN3_HUMAN	44	0	1
BINCA_HUMAN	29	230	0
BIRC1_HUMAN	12	412	0
BIRC2_HUMAN	233	0	1
BIRC3_HUMAN	1319	0	1
BIRC5_HUMAN	89	0	1
BIRC6_HUMAN	258	0	1
BIRC7_HUMAN	54	0	1
BIRC8_HUMAN	32	268	0
BIVM_HUMAN	14	478	0
BKRB1_HUMAN	33	311	0
BKRB2_HUMAN	35	219	0
BL1S1_HUMAN	51	0	1
BL1S2_HUMAN	79	0	1
BL1S3_HUMAN	17	283	0
BLCAP_HUMAN	22	212	0
BLID_HUMAN	11	462	0
BLK_HUMAN	189	0	1
BLMH_HUMAN	140	0	1
BLM_HUMAN	212	0	1
BLNK_HUMAN	43	0	1
BLVRB_HUMAN	59	0	1
BMAL1_HUMAN	105	0	1
BMAL2_HUMAN	26	275	0
BMF_HUMAN	26	243	0
BMI1_HUMAN	1237	0	1
BMP10_HUMAN	59	0	1
BMP15_HUMAN	7	935	0
BMP1_HUMAN	118	0	1
BMP2K_HUMAN	106	0	1
BMP2_HUMAN	25	427	0
BMP3B_HUMAN,GDF10_HUMAN	7	1588	0
BMP3_HUMAN	6	1036	0
BMP4_HUMAN	163	0	1
BMP5_HUMAN	9	1089	0
BMP6_HUMAN	14	506	0
BMP7_HUMAN	71	0	1
BMP8A_HUMAN	20	493	0
BMP8B_HUMAN	26	238	0
BMPER_HUMAN	3	1102	0
BMPR2_HUMAN	91	0	1
BMR1A_HUMAN	245	0	1
BMR1B_HUMAN	23	281	0
BMS1_HUMAN	229	0	1
BMX_HUMAN	89	0	1
BN3D2_HUMAN	8	427	0
BNC1_HUMAN	6	598	0
BNC2_HUMAN	18	232	0
BNI3L_HUMAN	69	0	1
BNIP2_HUMAN	71	0	1
BNIP3_HUMAN	97	0	1
BNIPL_HUMAN	16	458	0
BOC_HUMAN	26	249	0
BOD1_HUMAN	30	292	0
BODG_HUMAN	29	221	0
BOK_HUMAN	9	700	0
BOLA1_HUMAN	67	0	1
BOLA2_HUMAN	131	0	1
BOLA3_HUMAN	54	0	1
BOLL_HUMAN	45	0	1
BOP1_HUMAN	194	0	1
BORA_HUMAN	49	0	1
BOREA_HUMAN	119	0	1
BORG1_HUMAN	16	346	0
BORG2_HUMAN	18	310	0
BORG3_HUMAN	2	965	0
BORG4_HUMAN	77	0	1
BORG5_HUMAN	137	0	1
BPAEB_HUMAN	282	0	1
BPHL_HUMAN	52	0	1
BPIA1_HUMAN	111	0	1
BPIA2_HUMAN	25	387	0
BPIA3_HUMAN	3	690	0
BPIB1_HUMAN	66	0	1
BPIB2_HUMAN	9	1160	0
BPIB3_HUMAN	5	1638	0
BPIB4_HUMAN	2	4101	0
BPIB6_HUMAN	1	1353	0
BPIFC_HUMAN	2	3132	0
BPIL2_HUMAN	2	3094	0
BPIL3_HUMAN	2	1184	0
BPI_HUMAN	9	473	0
BPL1_HUMAN	38	159	0
BPNT1_HUMAN	103	0	1
BPTF_HUMAN	193	0	1
BRAC_HUMAN	117	0	1
BRAF_HUMAN	506	0	1
BRAP_HUMAN	89	0	1
BRAT1_HUMAN	113	0	1
BRCA1_HUMAN	1221	0	1
BRCA2_HUMAN	242	0	1
BRCC3_HUMAN	126	0	1
BRD1_HUMAN	385	0	1
BRD2_HUMAN	421	0	1
BRD3_HUMAN	481	0	1
BRD4_HUMAN	1581	0	1
BRD7_HUMAN	626	0	1
BRD8_HUMAN	153	0	1
BRD9_HUMAN	106	0	1
BRDT_HUMAN	78	0	1
BRE1A_HUMAN	206	0	1
BRE1B_HUMAN	265	0	1
BRE_HUMAN	102	0	1
BRF2_HUMAN	63	0	1
BRI3B_HUMAN	130	0	1
BRI3_HUMAN	23	329	0
BRK1_HUMAN	133	0	1
BRM1L_HUMAN	130	0	1
BRMS1_HUMAN	93	0	1
BROMI_HUMAN	94	0	1
BROX_HUMAN	52	0	1
BRPF1_HUMAN	82	0	1
BRPF3_HUMAN	179	0	1
BRSK1_HUMAN	40	145	0
BRSK2_HUMAN	35	151	0
BRWD1_HUMAN	50	0	1
BRWD3_HUMAN	49	0	1
BRX1_HUMAN	316	0	1
BSCL2_HUMAN	245	0	1
BSDC1_HUMAN	23	179	0
BSH_HUMAN	1	1790	0
BSND_HUMAN	64	0	1
BSN_HUMAN	28	163	0
BSPRY_HUMAN	38	184	0
BSSP4_HUMAN	14	721	0
BST1_HUMAN	14	998	0
BST2_HUMAN	57	0	1
BT1A1_HUMAN	22	192	0
BT2A1_HUMAN	70	0	1
BT2A2_HUMAN	103	0	1
BT2A3_HUMAN	6	867	0
BT3A1_HUMAN	32	258	0
BT3A2_HUMAN	24	219	0
BT3A3_HUMAN	25	239	0
BT3L4_HUMAN	96	0	1
BTAF1_HUMAN	157	0	1
BTBD1_HUMAN	116	0	1
BTBD2_HUMAN	76	0	1
BTBD3_HUMAN	18	222	0
BTBD6_HUMAN	20	282	0
BTBD7_HUMAN	13	282	0
BTBD8_HUMAN	26	228	0
BTBD9_HUMAN	58	0	1
BTBDA_HUMAN	24	199	0
BTBDB_HUMAN	9	519	0
BTBDG_HUMAN	2	3684	0
BTBDH_HUMAN	2	2022	0
BTBDI_HUMAN	4	653	0
BTBDJ_HUMAN	1	968	0
BTC_HUMAN	26	337	0
BTD_HUMAN	34	264	0
BTF3_HUMAN	757	0	1
BTG1_HUMAN	26	219	0
BTG2_HUMAN	22	228	0
BTG3_HUMAN	97	0	1
BTG4_HUMAN	1	7499	0
BTK_HUMAN	155	0	1
BTLA_HUMAN	32	272	0
BTNL2_HUMAN	161	0	1
BTNL3_HUMAN	34	307	0
BTNL8_HUMAN	49	0	1
BTNL9_HUMAN	154	0	1
BUB1B_HUMAN	170	0	1
BUB1_HUMAN	133	0	1
BUB3_HUMAN	244	0	1
BUD13_HUMAN	125	0	1
BUD31_HUMAN	114	0	1
BUP1_HUMAN	1	6882	0
BWR1B_HUMAN	5	2154	0
BY55_HUMAN	48	0	1
BYST_HUMAN	368	0	1
BZW1_HUMAN	180	0	1
BZW2_HUMAN	130	0	1
C102A_HUMAN	66	0	1
C102B_HUMAN	153	0	1
C109B_HUMAN,MCUB_HUMAN	178	0	1
C10_HUMAN	49	0	1
C11B1_HUMAN	2	1350	0
C144A_HUMAN	9	699	0
C144B_HUMAN	10	638	0
C163A_HUMAN	11	370	0
C163B_HUMAN	1	8091	0
C16L2_HUMAN	9	953	0
C170L_HUMAN	128	0	1
C19L1_HUMAN	77	0	1
C19L2_HUMAN	187	0	1
C1D_HUMAN	61	0	1
C1GLC_HUMAN	40	281	0
C1GLT_HUMAN	59	0	1
C1QA_HUMAN	105	0	1
C1QBP_HUMAN	830	0	1
C1QB_HUMAN	87	0	1
C1QC_HUMAN	65	0	1
C1QL2_HUMAN	1	8701	0
C1QL3_HUMAN	7	1396	0
C1QL4_HUMAN	76	0	1
C1QR1_HUMAN	34	222	0
C1QRF_HUMAN	46	0	1
C1QT1_HUMAN	64	0	1
C1QT2_HUMAN	67	0	1
C1QT3_HUMAN	9	745	0
C1QT4_HUMAN	6	1331	0
C1QT5_HUMAN	4	2721	0
C1QT6_HUMAN	11	652	0
C1QT7_HUMAN	69	0	1
C1QT8_HUMAN	18	439	0
C1QT9_HUMAN	36	240	0
C1RL_HUMAN	10	530	0
C1R_HUMAN	18	315	0
C1S_HUMAN	18	412	0
C1T9A_HUMAN	81	0	1
C1T9B_HUMAN	132	0	1
C1T9L_HUMAN	50	0	1
C1TC_HUMAN	298	0	1
C1TM_HUMAN	171	0	1
C27C1_HUMAN	7	1112	0
C2AIL_HUMAN	29	195	0
C2C2L_HUMAN	118	0	1
C2C4A_HUMAN	12	746	0
C2C4B_HUMAN	44	0	1
C2C4C_HUMAN	14	532	0
C2CD3_HUMAN	46	0	1
C2D1A_HUMAN	163	0	1
C2D1B_HUMAN	42	210	0
C2D2A_HUMAN	43	0	1
C2D2B_HUMAN	6	847	0
C2D4D_HUMAN	2	1168	0
C2TA_HUMAN	33	209	0
C3AR_HUMAN	100	0	1
C42S1_HUMAN	15	249	0
C42S2_HUMAN	26	157	0
C43BP_HUMAN	58	0	1
C4BPA_HUMAN	32	233	0
C4BPB_HUMAN	30	196	0
C560_HUMAN	27	171	0
C56D1_HUMAN	5	1116	0
C56D2_HUMAN	29	311	0
C5ARL_HUMAN,C5AR2_HUMAN	77	0	1
C5AR_HUMAN,C5AR1_HUMAN	154	0	1
C8AP2_HUMAN	52	0	1
C99L2_HUMAN	43	0	1
CA021_HUMAN	33	167	0
CA026_HUMAN	5	564	0
CA031_HUMAN	28	191	0
CA043_HUMAN	87	0	1
CA049_HUMAN	55	0	1
CA050_HUMAN	20	280	0
CA051_HUMAN	14	816	0
CA052_HUMAN	43	0	1
CA053_HUMAN	2	3964	0
CA054_HUMAN	254	0	1
CA055_HUMAN	34	154	0
CA056_HUMAN	6	1599	0
CA062_HUMAN	11	691	0
CA063_HUMAN	98	0	1
CA064_HUMAN	7	1424	0
CA065_HUMAN	60	0	1
CA066_HUMAN	4	504	0
CA074_HUMAN	14	629	0
CA083_HUMAN	31	181	0
CA086_HUMAN	61	0	1
CA087_HUMAN	20	382	0
CA088_HUMAN	12	775	0
CA092_HUMAN	4	464	0
CA094_HUMAN	100	0	1
CA095_HUMAN	23	337	0
CA096_HUMAN	5	837	0
CA097_HUMAN	4	908	0
CA101_HUMAN	7	1279	0
CA104_HUMAN	5	756	0
CA105_HUMAN	7	587	0
CA106_HUMAN	92	0	1
CA109_HUMAN	197	0	1
CA110_HUMAN	4	910	0
CA111_HUMAN	27	248	0
CA112_HUMAN	78	0	1
CA114_HUMAN	7	559	0
CA115_HUMAN	21	415	0
CA118_HUMAN	1	3714	0
CA120_HUMAN	1	1502	0
CA122_HUMAN	18	468	0
CA123_HUMAN	32	159	0
CA124_HUMAN	592	0	1
CA125_HUMAN	11	696	0
CA127_HUMAN	3	2084	0
CA129_HUMAN	3	717	0
CA131_HUMAN	63	0	1
CA133_HUMAN	1	2794	0
CA135_HUMAN	12	432	0
CA141_HUMAN	2	832	0
CA144_HUMAN	26	157	0
CA146_HUMAN	7	1659	0
CA150_HUMAN	12	864	0
CA158_HUMAN	12	967	0
CA159_HUMAN	12	428	0
CA161_HUMAN	29	308	0
CA162_HUMAN	6	947	0
CA167_HUMAN	8	458	0
CA168_HUMAN	10	709	0
CA170_HUMAN	1	1794	0
CA172_HUMAN	192	0	1
CA173_HUMAN	6	858	0
CA174_HUMAN	91	0	1
CA175_HUMAN	4	1216	0
CA177_HUMAN	3	2612	0
CA182_HUMAN	6	855	0
CA183_HUMAN	23	179	0
CA186_HUMAN	22	409	0
CA189_HUMAN	55	0	1
CA194_HUMAN	1	2493	0
CA198_HUMAN	104	0	1
CA201_HUMAN	3	3686	0
CA210_HUMAN	30	297	0
CA212_HUMAN	39	208	0
CA216_HUMAN	74	0	1
CA217_HUMAN	1	4074	0
CA220_HUMAN	6	2084	0
CA226_HUMAN	56	0	1
CA227_HUMAN	1	6912	0
CA228_HUMAN	6	1006	0
CA230_HUMAN	4	1436	0
CA233_HUMAN	3	2048	0
CA2D1_HUMAN	116	0	1
CA2D2_HUMAN	80	0	1
CA2D3_HUMAN	12	811	0
CA2D4_HUMAN	1	1644	0
CAAP1_HUMAN	45	0	1
CAB39_HUMAN	69	0	1
CAB45_HUMAN	179	0	1
CABIN_HUMAN	77	0	1
CABL1_HUMAN	54	0	1
CABL2_HUMAN	20	258	0
CABP1_HUMAN	9	800	0
CABP2_HUMAN	56	0	1
CABP4_HUMAN	9	653	0
CABP5_HUMAN	36	333	0
CABP7_HUMAN	5	1074	0
CABP8_HUMAN	13	466	0
CABS1_HUMAN	12	987	0
CABYR_HUMAN	7	752	0
CAC1A_HUMAN	102	0	1
CAC1B_HUMAN	15	489	0
CAC1C_HUMAN	659	0	1
CAC1D_HUMAN	10	362	0
CAC1E_HUMAN	8	565	0
CAC1F_HUMAN	4	1145	0
CAC1G_HUMAN	10	333	0
CAC1H_HUMAN	15	245	0
CAC1I_HUMAN	6	504	0
CAC1S_HUMAN	13	463	0
CACB1_HUMAN	19	492	0
CACB2_HUMAN	11	422	0
CACB3_HUMAN	32	231	0
CACB4_HUMAN	17	530	0
CACO1_HUMAN	73	0	1
CACO2_HUMAN	489	0	1
CACP_HUMAN	51	0	1
CAD10_HUMAN	6	697	0
CAD11_HUMAN	30	270	0
CAD12_HUMAN	15	540	0
CAD13_HUMAN	53	0	1
CAD15_HUMAN	15	376	0
CAD16_HUMAN	27	287	0
CAD17_HUMAN	8	705	0
CAD18_HUMAN	4	1131	0
CAD19_HUMAN	28	209	0
CAD20_HUMAN	2	2027	0
CAD23_HUMAN	76	0	1
CAD24_HUMAN	10	737	0
CAD26_HUMAN	3	554	0
CAD28_HUMAN	7	1548	0
CAD29_HUMAN	67	0	1
CADH1_HUMAN	736	0	1
CADH2_HUMAN	157	0	1
CADH3_HUMAN	24	237	0
CADH4_HUMAN	16	513	0
CADH5_HUMAN	106	0	1
CADH6_HUMAN	3	1662	0
CADH7_HUMAN	9	784	0
CADH8_HUMAN	24	301	0
CADH9_HUMAN	5	583	0
CADM1_HUMAN	52	0	1
CADM2_HUMAN	8	426	0
CADM3_HUMAN	12	416	0
CADM4_HUMAN	58	0	1
CAF17_HUMAN	100	0	1
CAF1A_HUMAN	182	0	1
CAF1B_HUMAN	151	0	1
CAGE1_HUMAN	19	290	0
CAH10_HUMAN	72	0	1
CAH11_HUMAN	15	292	0
CAH12_HUMAN	23	182	0
CAH13_HUMAN	6	619	0
CAH14_HUMAN	70	0	1
CAH1_HUMAN	10	821	0
CAH2_HUMAN	75	0	1
CAH3_HUMAN	9	560	0
CAH4_HUMAN	11	653	0
CAH5A_HUMAN	7	628	0
CAH5B_HUMAN,CA5BL_HUMAN,CAH5B_HUMAN	7	737	0
CAH6_HUMAN	69	0	1
CAH8_HUMAN	37	202	0
CAH9_HUMAN	213	0	1
CAHD1_HUMAN	79	0	1
CAHM1_HUMAN	2	3478	0
CAHM2_HUMAN	5	2411	0
CAHM3_HUMAN	1	1713	0
CALB1_HUMAN	10	397	0
CALB2_HUMAN	14	542	0
CALCA_HUMAN	16	513	0
CALCB_HUMAN	9	1011	0
CALCR_HUMAN	6	1003	0
CALC_HUMAN	9	1096	0
CALD1_HUMAN	287	0	1
CALI_HUMAN	7	661	0
CALL3_HUMAN	250	0	1
CALL4_HUMAN	2	1436	0
CALL5_HUMAN	199	0	1
CALL6_HUMAN	7	1019	0
CALM_HUMAN	767	0	1
CALR3_HUMAN	140	0	1
CALRL_HUMAN	6	2485	0
CALR_HUMAN	423	0	1
CALU_HUMAN	366	0	1
CALX_HUMAN	1301	0	1
CALY_HUMAN	7	1111	0
CAMKV_HUMAN	139	0	1
CAMLG_HUMAN	134	0	1
CAMP1_HUMAN	95	0	1
CAMP2_HUMAN	171	0	1
CAMP3_HUMAN	133	0	1
CAMP_HUMAN	4	1453	0
CAN10_HUMAN	30	195	0
CAN11_HUMAN	10	482	0
CAN12_HUMAN	23	225	0
CAN13_HUMAN	15	354	0
CAN14_HUMAN	1	2314	0
CAN15_HUMAN	30	204	0
CAN1_HUMAN	206	0	1
CAN2_HUMAN	161	0	1
CAN3_HUMAN	44	0	1
CAN5_HUMAN	17	195	0
CAN6_HUMAN	17	400	0
CAN7_HUMAN	41	175	0
CAN8_HUMAN	8	581	0
CAN9_HUMAN	4	653	0
CANB1_HUMAN	72	0	1
CANB2_HUMAN	32	262	0
CAND1_HUMAN	934	0	1
CAND2_HUMAN	115	0	1
CANT1_HUMAN	105	0	1
CAP1_HUMAN	208	0	1
CAP2_HUMAN	65	0	1
CAP7_HUMAN	81	0	1
CAPG_HUMAN	100	0	1
CAPON_HUMAN	112	0	1
CAPR1_HUMAN	473	0	1
CAPR2_HUMAN	15	378	0
CAPS1_HUMAN	107	0	1
CAPS2_HUMAN	36	211	0
CAPSL_HUMAN	13	653	0
CAPZB_HUMAN	1059	0	1
CAR10_HUMAN	135	0	1
CAR11_HUMAN	34	195	0
CAR14_HUMAN	12	709	0
CAR16_HUMAN	7	1286	0
CAR17_HUMAN	3	2158	0
CAR18_HUMAN	3	2160	0
CARD6_HUMAN	12	443	0
CARD8_HUMAN	53	0	1
CARD9_HUMAN	178	0	1
CARF_HUMAN	157	0	1
CARM1_HUMAN	275	0	1
CART_HUMAN	44	0	1
CASA1_HUMAN	30	219	0
CASB_HUMAN	33	181	0
CASC1_HUMAN	9	844	0
CASC2_HUMAN	3	785	0
CASC3_HUMAN	153	0	1
CASC4_HUMAN	49	0	1
CASC5_HUMAN	115	0	1
CASD1_HUMAN	6	1048	0
CASK_HUMAN	21	293	0
CASL_HUMAN	81	0	1
CASP1_HUMAN	76	0	1
CASP2_HUMAN	49	0	1
CASP3_HUMAN	141	0	1
CASP4_HUMAN	67	0	1
CASP5_HUMAN	6	1927	0
CASP6_HUMAN	38	112	0
CASP7_HUMAN	69	0	1
CASP8_HUMAN	228	0	1
CASP9_HUMAN	57	0	1
CASPA_HUMAN	52	0	1
CASPC_HUMAN	8	369	0
CASPE_HUMAN	168	0	1
CASPG_HUMAN	1	3010	0
CASP_HUMAN	206	0	1
CASQ1_HUMAN	5	1241	0
CASQ2_HUMAN	68	0	1
CASR_HUMAN	19	365	0
CASS4_HUMAN	38	176	0
CASZ1_HUMAN	45	0	1
CATA_HUMAN	188	0	1
CATB_HUMAN	235	0	1
CATC_HUMAN	55	0	1
CATD_HUMAN	163	0	1
CATE_HUMAN	15	361	0
CATF_HUMAN	47	0	1
CATG_HUMAN	94	0	1
CATH_HUMAN	66	0	1
CATK_HUMAN	15	461	0
CATL1_HUMAN	230	0	1
CATL2_HUMAN	115	0	1
CATL3_HUMAN	1	5197	0
CATO_HUMAN	13	806	0
CATS_HUMAN	141	0	1
CATW_HUMAN	2	4445	0
CATZ_HUMAN	48	0	1
CAV1_HUMAN	749	0	1
CAV2_HUMAN	116	0	1
CAV3_HUMAN	62	0	1
CAYP1_HUMAN	28	231	0
CAZA1_HUMAN	399	0	1
CAZA2_HUMAN	430	0	1
CAZA3_HUMAN	1	4763	0
CB015_HUMAN	2	2347	0
CB016_HUMAN	5	422	0
CB018_HUMAN	104	0	1
CB027_HUMAN	24	237	0
CB029_HUMAN	107	0	1
CB034_HUMAN	33	132	0
CB039_HUMAN	7	577	0
CB042_HUMAN	7	1102	0
CB043_HUMAN	5	366	0
CB044_HUMAN	111	0	1
CB046_HUMAN	1	2756	0
CB047_HUMAN	145	0	1
CB048_HUMAN	12	640	0
CB050_HUMAN	11	665	0
CB052_HUMAN	1	6743	0
CB053_HUMAN	8	622	0
CB054_HUMAN	12	629	0
CB055_HUMAN	11	333	0
CB057_HUMAN	12	1037	0
CB060_HUMAN	15	499	0
CB061_HUMAN	4	727	0
CB062_HUMAN	16	737	0
CB063_HUMAN	8	556	0
CB064_HUMAN	21	296	0
CB065_HUMAN	17	460	0
CB066_HUMAN	1	8779	0
CB068_HUMAN	27	207	0
CB069_HUMAN	9	632	0
CB071_HUMAN	9	626	0
CB072_HUMAN	6	412	0
CB073_HUMAN	20	524	0
CB074_HUMAN	4	1045	0
CB076_HUMAN	5	1291	0
CB077_HUMAN	9	623	0
CB078_HUMAN	5	851	0
CB079_HUMAN	39	185	0
CB080_HUMAN	1	4691	0
CB082_HUMAN	25	332	0
CB083_HUMAN	3	2655	0
CB084_HUMAN	21	315	0
CB085_HUMAN	52	0	1
CB086_HUMAN	2	1022	0
CB088_HUMAN	15	499	0
CB089_HUMAN	2	768	0
CB39L_HUMAN	29	241	0
CB5D1_HUMAN	2	1279	0
CB5D2_HUMAN	40	297	0
CBG_HUMAN	13	716	0
CBLB_HUMAN	96	0	1
CBLC_HUMAN	80	0	1
CBLN1_HUMAN	4	734	0
CBLN2_HUMAN	1	8987	0
CBLN3_HUMAN	3	4205	0
CBLN4_HUMAN	132	0	1
CBL_HUMAN	481	0	1
CBPA1_HUMAN	1	3590	0
CBPA2_HUMAN	9	547	0
CBPA3_HUMAN	3	2312	0
CBPA4_HUMAN	101	0	1
CBPA5_HUMAN	18	284	0
CBPA6_HUMAN	14	583	0
CBPB2_HUMAN	12	695	0
CBPC1_HUMAN	70	0	1
CBPC2_HUMAN	12	337	0
CBPC3_HUMAN	7	502	0
CBPC4_HUMAN	7	945	0
CBPC5_HUMAN	23	227	0
CBPC6_HUMAN	67	0	1
CBPD_HUMAN	191	0	1
CBPE_HUMAN	50	0	1
CBPM_HUMAN	46	0	1
CBPN_HUMAN	9	655	0
CBPQ_HUMAN	20	641	0
CBPZ_HUMAN	5	716	0
CBP_HUMAN	515	0	1
CBR1_HUMAN	173	0	1
CBR3_HUMAN	44	0	1
CBR4_HUMAN	43	0	1
CBS_HUMAN	155	0	1
CBWD1_HUMAN	181	0	1
CBWD2_HUMAN	70	0	1
CBWD3_HUMAN	92	0	1
CBWD5_HUMAN	9	386	0
CBWD6_HUMAN	14	354	0
CBWD7_HUMAN	9	427	0
CBX1_HUMAN	289	0	1
CBX2_HUMAN	136	0	1
CBX3_HUMAN	667	0	1
CBX4_HUMAN	226	0	1
CBX5_HUMAN	349	0	1
CBX6_HUMAN	306	0	1
CBX7_HUMAN	45	0	1
CBX8_HUMAN	265	0	1
CBY1_HUMAN	178	0	1
CC014_HUMAN	10	544	0
CC016_HUMAN	1	1344	0
CC017_HUMAN	107	0	1
CC018_HUMAN	132	0	1
CC019_HUMAN	40	134	0
CC020_HUMAN	11	462	0
CC023_HUMAN	5	1605	0
CC024_HUMAN	33	324	0
CC025_HUMAN	5	921	0
CC026_HUMAN	132	0	1
CC030_HUMAN	2	4079	0
CC032_HUMAN	199	0	1
CC033_HUMAN	30	268	0
CC036_HUMAN	21	510	0
CC037_HUMAN	50	0	1
CC038_HUMAN	17	306	0
CC042_HUMAN	1	6392	0
CC043_HUMAN	6	1066	0
CC045_HUMAN	51	0	1
CC046_HUMAN	41	298	0
CC047_HUMAN	4	733	0
CC048_HUMAN	1	2289	0
CC049_HUMAN	14	720	0
CC054_HUMAN	18	450	0
CC055_HUMAN	9	587	0
CC056_HUMAN	1	4608	0
CC058_HUMAN	68	0	1
CC062_HUMAN	36	248	0
CC067_HUMAN	3	1194	0
CC070_HUMAN	9	497	0
CC071_HUMAN	3	1694	0
CC072_HUMAN	1	7124	0
CC074_HUMAN	1	3349	0
CC078_HUMAN	7	538	0
CC079_HUMAN	1	4717	0
CC103_HUMAN	37	287	0
CC104_HUMAN,CFA36_HUMAN	22	255	0
CC105_HUMAN	5	1543	0
CC106_HUMAN	60	0	1
CC107_HUMAN	68	0	1
CC108_HUMAN	4	1056	0
CC110_HUMAN	17	280	0
CC111_HUMAN,PRIPO_HUMAN	20	330	0
CC112_HUMAN	31	251	0
CC113_HUMAN	22	283	0
CC114_HUMAN	60	0	1
CC115_HUMAN	99	0	1
CC116_HUMAN	34	350	0
CC117_HUMAN	25	200	0
CC120_HUMAN	201	0	1
CC121_HUMAN	12	623	0
CC122_HUMAN	9	1351	0
CC124_HUMAN	145	0	1
CC125_HUMAN	66	0	1
CC126_HUMAN	8	1271	0
CC127_HUMAN	32	177	0
CC130_HUMAN	66	0	1
CC132_HUMAN,VPS50_HUMAN	119	0	1
CC134_HUMAN	27	131	0
CC135_HUMAN,DRC7_HUMAN	5	1375	0
CC136_HUMAN	167	0	1
CC137_HUMAN	206	0	1
CC138_HUMAN	121	0	1
CC140_HUMAN	114	0	1
CC141_HUMAN	12	532	0
CC142_HUMAN	10	329	0
CC146_HUMAN	84	0	1
CC147_HUMAN,CFA58_HUMAN	19	294	0
CC148_HUMAN	13	676	0
CC149_HUMAN	4	1244	0
CC14A_HUMAN	103	0	1
CC14B_HUMAN	156	0	1
CC14C_HUMAN	1	8788	0
CC150_HUMAN	17	379	0
CC151_HUMAN	41	213	0
CC152_HUMAN	5	608	0
CC153_HUMAN	18	529	0
CC154_HUMAN	6	728	0
CC155_HUMAN,KASH5_HUMAN	115	0	1
CC157_HUMAN	7	596	0
CC159_HUMAN	2	2980	0
CC160_HUMAN	1	1746	0
CC164_HUMAN	3	1727	0
CC166_HUMAN	1	3987	0
CC167_HUMAN	59	0	1
CC170_HUMAN	11	503	0
CC171_HUMAN	3	1535	0
CC172_HUMAN	27	319	0
CC28A_HUMAN	31	166	0
CC28B_HUMAN	29	254	0
CC42B_HUMAN	1	2859	0
CC4L_HUMAN	56	0	1
CC50A_HUMAN	177	0	1
CC50B_HUMAN	88	0	1
CC50C_HUMAN	1	1644	0
CC64A_HUMAN	4	1369	0
CC71L_HUMAN	24	232	0
CC74A_HUMAN	35	259	0
CC74B_HUMAN	32	268	0
CC85A_HUMAN	64	0	1
CC85B_HUMAN	171	0	1
CC85C_HUMAN	129	0	1
CC88B_HUMAN	45	0	1
CC90A_HUMAN,MCUR1_HUMAN	191	0	1
CC90B_HUMAN	223	0	1
CCAR1_HUMAN	206	0	1
CCBE1_HUMAN	30	216	0
CCBP2_HUMAN	83	0	1
CCD11_HUMAN,CFA53_HUMAN	29	306	0
CCD12_HUMAN	106	0	1
CCD13_HUMAN	69	0	1
CCD14_HUMAN	131	0	1
CCD15_HUMAN	11	476	0
CCD17_HUMAN	12	828	0
CCD18_HUMAN	69	0	1
CCD19_HUMAN,CFA45_HUMAN	16	303	0
CCD22_HUMAN	161	0	1
CCD23_HUMAN,SVBP_HUMAN	3	561	0
CCD24_HUMAN	38	306	0
CCD25_HUMAN	46	0	1
CCD26_HUMAN	9	1402	0
CCD27_HUMAN	15	469	0
CCD30_HUMAN	8	407	0
CCD33_HUMAN	176	0	1
CCD34_HUMAN	10	571	0
CCD36_HUMAN	80	0	1
CCD37_HUMAN	10	545	0
CCD38_HUMAN	4	893	0
CCD39_HUMAN	15	328	0
CCD40_HUMAN	36	238	0
CCD41_HUMAN,CEP83_HUMAN	42	156	0
CCD42_HUMAN	11	501	0
CCD43_HUMAN	50	0	1
CCD47_HUMAN	473	0	1
CCD48_HUMAN,EFCC1_HUMAN	2	1396	0
CCD50_HUMAN	69	0	1
CCD51_HUMAN	80	0	1
CCD53_HUMAN	140	0	1
CCD54_HUMAN	1	3681	0
CCD56_HUMAN,COA3_HUMAN	121	0	1
CCD57_HUMAN	174	0	1
CCD58_HUMAN	68	0	1
CCD60_HUMAN	14	496	0
CCD61_HUMAN	55	0	1
CCD62_HUMAN	6	541	0
CCD63_HUMAN	4	2271	0
CCD65_HUMAN	14	361	0
CCD66_HUMAN	36	206	0
CCD67_HUMAN,DEUP1_HUMAN	77	0	1
CCD68_HUMAN	22	304	0
CCD69_HUMAN	30	301	0
CCD70_HUMAN	19	383	0
CCD71_HUMAN	75	0	1
CCD72_HUMAN,TMA7_HUMAN	48	0	1
CCD73_HUMAN	5	1353	0
CCD75_HUMAN,GPT11_HUMAN	58	0	1
CCD77_HUMAN	68	0	1
CCD78_HUMAN	6	1698	0
CCD79_HUMAN,TERB1_HUMAN	2	2377	0
CCD80_HUMAN	25	186	0
CCD81_HUMAN	6	844	0
CCD82_HUMAN	26	169	0
CCD83_HUMAN	12	627	0
CCD84_HUMAN	35	202	0
CCD86_HUMAN	156	0	1
CCD87_HUMAN	23	156	0
CCD89_HUMAN	26	252	0
CCD91_HUMAN	28	176	0
CCD92_HUMAN	51	0	1
CCD93_HUMAN	106	0	1
CCD94_HUMAN	73	0	1
CCD96_HUMAN	170	0	1
CCD97_HUMAN	55	0	1
CCDB1_HUMAN	133	0	1
CCDC3_HUMAN	4	609	0
CCDC6_HUMAN	299	0	1
CCDC7_HUMAN	10	430	0
CCDC8_HUMAN	660	0	1
CCDC9_HUMAN	96	0	1
CCG1_HUMAN	45	0	1
CCG2_HUMAN	25	292	0
CCG3_HUMAN	10	845	0
CCG4_HUMAN	71	0	1
CCG5_HUMAN	56	0	1
CCG6_HUMAN	33	237	0
CCG7_HUMAN	20	424	0
CCG8_HUMAN	13	353	0
CCGL_HUMAN	12	561	0
CCHCR_HUMAN	237	0	1
CCHL_HUMAN	128	0	1
CCKAR_HUMAN	1	8833	0
CCKN_HUMAN	4	1904	0
CCL11_HUMAN	8	759	0
CCL13_HUMAN	5	1133	0
CCL14_HUMAN	14	743	0
CCL15_HUMAN	5	2338	0
CCL16_HUMAN	7	1167	0
CCL17_HUMAN	9	1035	0
CCL18_HUMAN	21	255	0
CCL19_HUMAN	15	715	0
CCL1_HUMAN	5	2401	0
CCL20_HUMAN	8	540	0
CCL21_HUMAN	21	396	0
CCL22_HUMAN	38	230	0
CCL23_HUMAN	3	2841	0
CCL24_HUMAN	3	1950	0
CCL25_HUMAN	5	1565	0
CCL26_HUMAN	15	679	0
CCL27_HUMAN	3	4373	0
CCL28_HUMAN	5	1248	0
CCL2_HUMAN	29	220	0
CCL3_HUMAN	175	0	1
CCL4_HUMAN	28	415	0
CCL5_HUMAN	38	204	0
CCL7_HUMAN	17	440	0
CCL8_HUMAN	3	4110	0
CCM2_HUMAN	56	0	1
CCNA1_HUMAN	85	0	1
CCNA2_HUMAN	168	0	1
CCNB1_HUMAN	217	0	1
CCNB2_HUMAN	67	0	1
CCNB3_HUMAN	13	433	0
CCNC_HUMAN	187	0	1
CCND1_HUMAN	268	0	1
CCND2_HUMAN	146	0	1
CCND3_HUMAN	92	0	1
CCNE1_HUMAN	104	0	1
CCNE2_HUMAN	26	211	0
CCNF_HUMAN	2063	0	1
CCNG1_HUMAN	48	0	1
CCNG2_HUMAN	16	423	0
CCNH_HUMAN	96	0	1
CCNI2_HUMAN	37	217	0
CCNI_HUMAN	21	266	0
CCNJL_HUMAN	43	0	1
CCNJ_HUMAN	11	394	0
CCNK_HUMAN	117	0	1
CCNL1_HUMAN	68	0	1
CCNL2_HUMAN	102	0	1
CCNO_HUMAN	34	187	0
CCNT1_HUMAN	231	0	1
CCNT2_HUMAN	57	0	1
CCNY_HUMAN	60	0	1
CCPG1_HUMAN	110	0	1
CCR10_HUMAN	13	566	0
CCR1_HUMAN	350	0	1
CCR2_HUMAN	47	0	1
CCR3_HUMAN	11	1212	0
CCR4_HUMAN	38	247	0
CCR5_HUMAN	27	347	0
CCR6_HUMAN	97	0	1
CCR7_HUMAN	6	1208	0
CCR8_HUMAN	16	724	0
CCR9_HUMAN	55	0	1
CCRL1_HUMAN	5	1407	0
CCRL2_HUMAN	9	1363	0
CCS_HUMAN	44	0	1
CCYL1_HUMAN	64	0	1
CCYL2_HUMAN	2	849	0
CCZ1B_HUMAN	88	0	1
CCZ1_HUMAN	20	234	0
CD003_HUMAN	90	0	1
CD006_HUMAN	24	261	0
CD017_HUMAN	17	345	0
CD019_HUMAN	11	490	0
CD021_HUMAN	25	173	0
CD022_HUMAN	6	1255	0
CD026_HUMAN	47	0	1
CD027_HUMAN	41	144	0
CD029_HUMAN	33	196	0
CD031_HUMAN	15	404	0
CD032_HUMAN	107	0	1
CD033_HUMAN	5	1299	0
CD034_HUMAN	6	940	0
CD036_HUMAN	4	592	0
CD037_HUMAN	5	2182	0
CD038_HUMAN	1	2785	0
CD039_HUMAN	15	638	0
CD040_HUMAN	17	560	0
CD044_HUMAN	1	3750	0
CD045_HUMAN	23	361	0
CD046_HUMAN	14	540	0
CD047_HUMAN	2	1682	0
CD048_HUMAN	4	2091	0
CD050_HUMAN	3	3333	0
CD051_HUMAN	1	3681	0
CD052_HUMAN	18	378	0
CD109_HUMAN	122	0	1
CD11A_HUMAN	187	0	1
CD11B_HUMAN	184	0	1
CD123_HUMAN	1830	0	1
CD14_HUMAN	51	0	1
CD151_HUMAN	65	0	1
CD158_HUMAN	22	216	0
CD15L_HUMAN	1	8922	0
CD166_HUMAN	90	0	1
CD177_HUMAN	102	0	1
CD180_HUMAN	1	6739	0
CD19_HUMAN	27	261	0
CD1A_HUMAN	74	0	1
CD1B_HUMAN	77	0	1
CD1D_HUMAN	9	685	0
CD1E_HUMAN	37	276	0
CD209_HUMAN	20	459	0
CD20B_HUMAN	38	220	0
CD20_HUMAN	50	0	1
CD226_HUMAN	110	0	1
CD22_HUMAN	22	238	0
CD244_HUMAN	55	0	1
CD248_HUMAN	4	1338	0
CD24_HUMAN	5	963	0
CD276_HUMAN	43	0	1
CD27_HUMAN	112	0	1
CD28_HUMAN	30	286	0
CD2A1_HUMAN,CDN2A_HUMAN,ARF_HUMAN	373	0	1
CD2A2_HUMAN	39	162	0
CD2AP_HUMAN	212	0	1
CD2B2_HUMAN	248	0	1
CD2_HUMAN	20	353	0
CD302_HUMAN	16	519	0
CD320_HUMAN	62	0	1
CD33_HUMAN	48	0	1
CD34_HUMAN	4	1405	0
CD36_HUMAN	30	230	0
CD37L_HUMAN	30	218	0
CD37_HUMAN	16	410	0
CD38_HUMAN	10	851	0
CD3D_HUMAN	89	0	1
CD3E_HUMAN	63	0	1
CD3G_HUMAN	18	481	0
CD3Z_HUMAN	41	264	0
CD40L_HUMAN	10	603	0
CD44_HUMAN	277	0	1
CD47_HUMAN	71	0	1
CD48_HUMAN	35	219	0
CD4_HUMAN	96	0	1
CD52_HUMAN	7	740	0
CD53_HUMAN	119	0	1
CD59_HUMAN	101	0	1
CD5L_HUMAN	1	3113	0
CD5R1_HUMAN	53	0	1
CD5R2_HUMAN	21	414	0
CD5_HUMAN	23	295	0
CD63_HUMAN	117	0	1
CD68_HUMAN	52	0	1
CD69_HUMAN	22	384	0
CD6_HUMAN	155	0	1
CD70_HUMAN	175	0	1
CD72_HUMAN	26	338	0
CD79A_HUMAN	252	0	1
CD79B_HUMAN	123	0	1
CD7_HUMAN	19	599	0
CD80_HUMAN	164	0	1
CD81_HUMAN	464	0	1
CD82_HUMAN	45	0	1
CD83_HUMAN	64	0	1
CD86_HUMAN	8	730	0
CD8A_HUMAN	20	365	0
CD8B_HUMAN	18	455	0
CD97_HUMAN	178	0	1
CD99_HUMAN	76	0	1
CD9_HUMAN	170	0	1
CDA7L_HUMAN	83	0	1
CDAC1_HUMAN	13	605	0
CDAN1_HUMAN	42	148	0
CDC16_HUMAN	233	0	1
CDC20_HUMAN	228	0	1
CDC23_HUMAN	247	0	1
CDC26_HUMAN	56	0	1
CDC27_HUMAN	245	0	1
CDC37_HUMAN	651	0	1
CDC42_HUMAN	1144	0	1
CDC45_HUMAN	133	0	1
CDC5L_HUMAN	933	0	1
CDC6_HUMAN	115	0	1
CDC73_HUMAN	411	0	1
CDC7_HUMAN	121	0	1
CDCA2_HUMAN	81	0	1
CDCA3_HUMAN	178	0	1
CDCA4_HUMAN	49	0	1
CDCA5_HUMAN	141	0	1
CDCA7_HUMAN	13	401	0
CDCP1_HUMAN	23	192	0
CDCP2_HUMAN	3	2649	0
CDD_HUMAN	59	0	1
CDHR1_HUMAN	6	1399	0
CDHR2_HUMAN	15	645	0
CDHR3_HUMAN	7	1548	0
CDHR4_HUMAN	68	0	1
CDHR5_HUMAN	19	240	0
CDIPT_HUMAN	173	0	1
CDK10_HUMAN	50	0	1
CDK12_HUMAN	204	0	1
CDK13_HUMAN	158	0	1
CDK14_HUMAN	46	0	1
CDK15_HUMAN	117	0	1
CDK16_HUMAN	140	0	1
CDK17_HUMAN	68	0	1
CDK18_HUMAN	140	0	1
CDK19_HUMAN	90	0	1
CDK1_HUMAN	439	0	1
CDK20_HUMAN	118	0	1
CDK2_HUMAN	800	0	1
CDK3_HUMAN	105	0	1
CDK4_HUMAN	319	0	1
CDK5_HUMAN	274	0	1
CDK6_HUMAN	218	0	1
CDK7_HUMAN	485	0	1
CDK8_HUMAN	215	0	1
CDK9_HUMAN	715	0	1
CDKA1_HUMAN	119	0	1
CDKA2_HUMAN	46	0	1
CDKAL_HUMAN	242	0	1
CDKL1_HUMAN	23	275	0
CDKL2_HUMAN	68	0	1
CDKL3_HUMAN	65	0	1
CDKL4_HUMAN	11	587	0
CDKL5_HUMAN	33	151	0
CDKN3_HUMAN	51	0	1
CDN1A_HUMAN	340	0	1
CDN1B_HUMAN	130	0	1
CDN1C_HUMAN	33	206	0
CDN2B_HUMAN	76	0	1
CDN2C_HUMAN	93	0	1
CDN2D_HUMAN	81	0	1
CDNF_HUMAN	4	2240	0
CDO1_HUMAN	14	608	0
CDON_HUMAN	26	190	0
CDR1_HUMAN	7	722	0
CDR2L_HUMAN	93	0	1
CDR2_HUMAN	144	0	1
CDRT1_HUMAN	1	641	0
CDRT4_HUMAN	2	3316	0
CDRTF_HUMAN	9	1401	0
CDS1_HUMAN	63	0	1
CDS2_HUMAN	117	0	1
CDSN_HUMAN	134	0	1
CDT1_HUMAN	77	0	1
CDV3_HUMAN	89	0	1
CDX1_HUMAN	72	0	1
CDX2_HUMAN	24	206	0
CDX4_HUMAN	9	868	0
CDY1_HUMAN	4	743	0
CDY2_HUMAN	22	273	0
CDYL1_HUMAN	90	0	1
CDYL2_HUMAN	21	228	0
CE004_HUMAN	36	206	0
CE017_HUMAN	1	1286	0
CE022_HUMAN	30	163	0
CE024_HUMAN	48	0	1
CE025_HUMAN	51	0	1
CE027_HUMAN	2	1511	0
CE028_HUMAN	15	274	0
CE030_HUMAN	33	182	0
CE034_HUMAN	32	197	0
CE035_HUMAN	7	623	0
CE036_HUMAN	9	469	0
CE040_HUMAN	88	0	1
CE042_HUMAN	24	182	0
CE043_HUMAN	1	7138	0
CE044_HUMAN	32	182	0
CE045_HUMAN	14	351	0
CE046_HUMAN	14	1009	0
CE048_HUMAN	8	888	0
CE049_HUMAN	4	2484	0
CE051_HUMAN	35	158	0
CE054_HUMAN	19	449	0
CE055_HUMAN	6	1239	0
CE056_HUMAN	2	3281	0
CE058_HUMAN	1	4116	0
CE060_HUMAN	8	944	0
CE064_HUMAN	3	2497	0
CE065_HUMAN	1	3127	0
CE104_HUMAN	86	0	1
CE112_HUMAN	31	172	0
CE120_HUMAN	112	0	1
CE128_HUMAN	303	0	1
CE152_HUMAN	194	0	1
CE164_HUMAN	131	0	1
CE170_HUMAN	407	0	1
CE192_HUMAN	285	0	1
CE290_HUMAN	184	0	1
CE350_HUMAN	154	0	1
CE57L_HUMAN	96	0	1
CE85L_HUMAN	37	172	0
CEA16_HUMAN	14	640	0
CEA19_HUMAN	1	1344	0
CEA21_HUMAN	81	0	1
CEAM1_HUMAN	19	406	0
CEAM3_HUMAN	4	3297	0
CEAM5_HUMAN	13	390	0
CEAM6_HUMAN	256	0	1
CEAM7_HUMAN	4	2031	0
CEAM8_HUMAN	127	0	1
CEBPA_HUMAN	486	0	1
CEBPB_HUMAN	1422	0	1
CEBPD_HUMAN	51	0	1
CEBPE_HUMAN	48	0	1
CEBPG_HUMAN	61	0	1
CEBPZ_HUMAN	251	0	1
CECR1_HUMAN	7	609	0
CECR2_HUMAN	49	0	1
CECR5_HUMAN	105	0	1
CECR6_HUMAN	1	5720	0
CEGT_HUMAN	45	0	1
CEI_HUMAN	1	7598	0
CEL2A_HUMAN	18	430	0
CEL2B_HUMAN	33	214	0
CEL3A_HUMAN	53	0	1
CEL3B_HUMAN	13	877	0
CELA1_HUMAN	19	428	0
CELF1_HUMAN	255	0	1
CELF2_HUMAN	32	154	0
CELF3_HUMAN	13	558	0
CELF4_HUMAN	9	1082	0
CELF5_HUMAN	37	398	0
CELF6_HUMAN	6	1013	0
CELR1_HUMAN	76	0	1
CELR2_HUMAN	126	0	1
CELR3_HUMAN	53	0	1
CEL_HUMAN	1	8095	0
CEMP1_HUMAN	5	1715	0
CEND_HUMAN	13	210	0
CENP1_HUMAN	2	798	0
CENPA_HUMAN	365	0	1
CENPB_HUMAN	133	0	1
CENPC_HUMAN	118	0	1
CENPE_HUMAN	85	0	1
CENPF_HUMAN	136	0	1
CENPH_HUMAN	116	0	1
CENPI_HUMAN	37	176	0
CENPJ_HUMAN	183	0	1
CENPK_HUMAN	38	241	0
CENPL_HUMAN	24	249	0
CENPM_HUMAN	104	0	1
CENPN_HUMAN	59	0	1
CENPO_HUMAN	47	0	1
CENPP_HUMAN	49	0	1
CENPQ_HUMAN	103	0	1
CENPR_HUMAN	93	0	1
CENPS_HUMAN	35	243	0
CENPT_HUMAN	43	0	1
CENPU_HUMAN	112	0	1
CENPV_HUMAN	126	0	1
CENPW_HUMAN	12	471	0
CENPX_HUMAN	26	224	0
CEP19_HUMAN	157	0	1
CEP41_HUMAN	29	170	0
CEP44_HUMAN	185	0	1
CEP55_HUMAN	261	0	1
CEP57_HUMAN	162	0	1
CEP63_HUMAN	529	0	1
CEP68_HUMAN	30	186	0
CEP70_HUMAN	265	0	1
CEP72_HUMAN	123	0	1
CEP76_HUMAN	225	0	1
CEP78_HUMAN	107	0	1
CEP85_HUMAN	167	0	1
CEP89_HUMAN	146	0	1
CEP95_HUMAN	51	0	1
CEP97_HUMAN	170	0	1
CEPT1_HUMAN	73	0	1
CER1_HUMAN	35	244	0
CERK1_HUMAN	90	0	1
CERKL_HUMAN	15	446	0
CERS1_HUMAN	43	0	1
CERS2_HUMAN	228	0	1
CERS3_HUMAN	60	0	1
CERS4_HUMAN	64	0	1
CERS5_HUMAN	43	0	1
CERS6_HUMAN	110	0	1
CERU_HUMAN	66	0	1
CETN1_HUMAN	65	0	1
CETN2_HUMAN	128	0	1
CETN3_HUMAN	82	0	1
CETP_HUMAN	4	770	0
CF001_HUMAN	2	5510	0
CF010_HUMAN	3	2314	0
CF012_HUMAN	1	2489	0
CF015_HUMAN	22	298	0
CF035_HUMAN	52	0	1
CF047_HUMAN	48	0	1
CF057_HUMAN	31	313	0
CF058_HUMAN	16	630	0
CF059_HUMAN	1	5944	0
CF062_HUMAN	20	388	0
CF070_HUMAN	1	1451	0
CF072_HUMAN	83	0	1
CF081_HUMAN	55	0	1
CF089_HUMAN	13	535	0
CF094_HUMAN	27	235	0
CF099_HUMAN	1	3361	0
CF100_HUMAN	1	5288	0
CF106_HUMAN	14	298	0
CF118_HUMAN	5	1716	0
CF120_HUMAN	50	0	1
CF122_HUMAN	1	7158	0
CF123_HUMAN	1	2951	0
CF124_HUMAN	1	2214	0
CF126_HUMAN	2	1745	0
CF127_HUMAN	12	911	0
CF130_HUMAN	15	253	0
CF132_HUMAN	24	193	0
CF134_HUMAN	19	188	0
CF136_HUMAN	9	738	0
CF138_HUMAN	1	3701	0
CF141_HUMAN	102	0	1
CF145_HUMAN	7	935	0
CF146_HUMAN	4	1008	0
CF154_HUMAN	33	238	0
CF155_HUMAN	1	3010	0
CF162_HUMAN	23	339	0
CF163_HUMAN	1	8048	0
CF165_HUMAN	65	0	1
CF174_HUMAN	36	174	0
CF176_HUMAN	2	935	0
CF186_HUMAN	1	2214	0
CF195_HUMAN	2	1408	0
CF201_HUMAN	15	347	0
CF203_HUMAN	306	0	1
CF211_HUMAN	88	0	1
CF218_HUMAN	3	2520	0
CF222_HUMAN	31	213	0
CF223_HUMAN	2	862	0
CF225_HUMAN	2	5556	0
CF226_HUMAN	8	942	0
CF227_HUMAN	1	2270	0
CF228_HUMAN	2	1061	0
CFAB_HUMAN	44	0	1
CFAD_HUMAN	6	909	0
CFAH_HUMAN	142	0	1
CFAI_HUMAN	15	321	0
CFC1_HUMAN	127	0	1
CFDP1_HUMAN	74	0	1
CFLAR_HUMAN	78	0	1
CFTR_HUMAN	1865	0	1
CG010_HUMAN	42	178	0
CG013_HUMAN	1	2506	0
CG023_HUMAN	47	0	1
CG025_HUMAN	32	237	0
CG026_HUMAN	26	198	0
CG029_HUMAN	14	650	0
CG031_HUMAN	14	820	0
CG033_HUMAN	4	1812	0
CG034_HUMAN	121	0	1
CG038_HUMAN	9	469	0
CG040_HUMAN	1	5828	0
CG041_HUMAN	34	250	0
CG043_HUMAN	39	265	0
CG044_HUMAN	49	0	1
CG045_HUMAN	153	0	1
CG046_HUMAN	19	352	0
CG050_HUMAN	195	0	1
CG051_HUMAN	11	351	0
CG052_HUMAN	10	545	0
CG053_HUMAN	9	1099	0
CG055_HUMAN	109	0	1
CG057_HUMAN	9	1091	0
CG058_HUMAN	1	1916	0
CG059_HUMAN	47	0	1
CG060_HUMAN	24	364	0
CG062_HUMAN	1	4715	0
CG063_HUMAN	9	598	0
CG069_HUMAN	9	975	0
CG070_HUMAN	3	2714	0
CG073_HUMAN	3	1448	0
CGAT1_HUMAN	63	0	1
CGAT2_HUMAN	142	0	1
CGB1_HUMAN	4	1264	0
CGB2_HUMAN	16	497	0
CGBP1_HUMAN	55	0	1
CGHB_HUMAN	11	680	0
CGL_HUMAN	72	0	1
CGNL1_HUMAN	57	0	1
CGRE1_HUMAN	37	196	0
CGRF1_HUMAN	107	0	1
CGT_HUMAN	94	0	1
CH004_HUMAN	14	235	0
CH031_HUMAN	2	1812	0
CH033_HUMAN	185	0	1
CH034_HUMAN	12	714	0
CH037_HUMAN	33	223	0
CH038_HUMAN	6	1179	0
CH040_HUMAN	5	1215	0
CH042_HUMAN	6	536	0
CH044_HUMAN	3	2443	0
CH045_HUMAN	3	1428	0
CH046_HUMAN	6	1710	0
CH047_HUMAN	39	230	0
CH048_HUMAN	6	1298	0
CH051_HUMAN	1	6726	0
CH058_HUMAN	3	2121	0
CH059_HUMAN	23	209	0
CH071_HUMAN	1	5649	0
CH073_HUMAN	8	667	0
CH074_HUMAN	11	858	0
CH076_HUMAN	10	808	0
CH077_HUMAN	27	289	0
CH079_HUMAN	6	970	0
CH082_HUMAN	169	0	1
CH083_HUMAN	4	1066	0
CH086_HUMAN	2	1305	0
CH10_HUMAN	322	0	1
CH25H_HUMAN	4	3245	0
CH3L1_HUMAN	34	137	0
CH3L2_HUMAN	9	1026	0
CH60_HUMAN	1093	0	1
CHAC1_HUMAN	3	3826	0
CHAC2_HUMAN	69	0	1
CHADL_HUMAN	3	662	0
CHAD_HUMAN	5	1751	0
CHAP1_HUMAN	153	0	1
CHC10_HUMAN	117	0	1
CHCH1_HUMAN	254	0	1
CHCH2_HUMAN	308	0	1
CHCH3_HUMAN,MIC19_HUMAN	294	0	1
CHCH5_HUMAN	13	700	0
CHCH6_HUMAN,MIC25_HUMAN	93	0	1
CHCH7_HUMAN	8	400	0
CHCH8_HUMAN,COA4_HUMAN	25	236	0
CHCH9_HUMAN	31	226	0
CHD1L_HUMAN	128	0	1
CHD1_HUMAN	134	0	1
CHD2_HUMAN	82	0	1
CHD3_HUMAN	773	0	1
CHD4_HUMAN	942	0	1
CHD5_HUMAN	85	0	1
CHD6_HUMAN	78	0	1
CHD7_HUMAN	164	0	1
CHD8_HUMAN	308	0	1
CHD9_HUMAN	80	0	1
CHDH_HUMAN	32	167	0
CHERP_HUMAN	269	0	1
CHFR_HUMAN	66	0	1
CHIA_HUMAN	56	0	1
CHIC1_HUMAN	12	697	0
CHIC2_HUMAN	70	0	1
CHID1_HUMAN	86	0	1
CHIN_HUMAN	32	188	0
CHIO_HUMAN	29	195	0
CHIP_HUMAN	635	0	1
CHIT1_HUMAN	11	544	0
CHK1_HUMAN	196	0	1
CHK2_HUMAN	221	0	1
CHKA_HUMAN	8	346	0
CHKB_HUMAN	3	468	0
CHL1_HUMAN,NCHL1_HUMAN	10	666	0
CHLE_HUMAN	64	0	1
CHM1A_HUMAN	112	0	1
CHM1B_HUMAN	47	0	1
CHM2A_HUMAN	107	0	1
CHM2B_HUMAN	82	0	1
CHM4A_HUMAN	79	0	1
CHM4B_HUMAN	728	0	1
CHM4C_HUMAN	681	0	1
CHMP3_HUMAN	67	0	1
CHMP5_HUMAN	110	0	1
CHMP6_HUMAN	38	160	0
CHMP7_HUMAN	82	0	1
CHODL_HUMAN	32	392	0
CHP1_HUMAN	99	0	1
CHP2_HUMAN	13	822	0
CHPF2_HUMAN	92	0	1
CHPT1_HUMAN	74	0	1
CHRC1_HUMAN	54	0	1
CHRD1_HUMAN	131	0	1
CHRD_HUMAN	91	0	1
CHSP1_HUMAN	53	0	1
CHSS1_HUMAN	62	0	1
CHSS2_HUMAN	55	0	1
CHSS3_HUMAN	51	0	1
CHST1_HUMAN	6	625	0
CHST2_HUMAN	4	684	0
CHST3_HUMAN	23	237	0
CHST4_HUMAN	7	1016	0
CHST5_HUMAN	34	243	0
CHST6_HUMAN	20	240	0
CHST7_HUMAN	30	293	0
CHST8_HUMAN	88	0	1
CHST9_HUMAN	16	341	0
CHSTA_HUMAN	55	0	1
CHSTB_HUMAN	19	274	0
CHSTC_HUMAN	73	0	1
CHSTD_HUMAN	5	667	0
CHSTE_HUMAN	62	0	1
CHSTF_HUMAN	29	203	0
CHTOP_HUMAN	279	0	1
CHUR_HUMAN	20	372	0
CI009_HUMAN	21	518	0
CI016_HUMAN	24	400	0
CI021_HUMAN	3	915	0
CI037_HUMAN	2	911	0
CI040_HUMAN	33	202	0
CI041_HUMAN	57	0	1
CI043_HUMAN	10	419	0
CI045_HUMAN	2	1047	0
CI050_HUMAN	1	2510	0
CI057_HUMAN	2	4633	0
CI062_HUMAN	3	631	0
CI064_HUMAN	43	0	1
CI068_HUMAN	5	672	0
CI071_HUMAN	11	606	0
CI072_HUMAN	1331	0	1
CI078_HUMAN	619	0	1
CI084_HUMAN	4	955	0
CI085_HUMAN	18	341	0
CI091_HUMAN	28	333	0
CI093_HUMAN	8	419	0
CI098_HUMAN	17	415	0
CI100_HUMAN	55	0	1
CI102_HUMAN	8	593	0
CI106_HUMAN	3	2326	0
CI114_HUMAN	81	0	1
CI116_HUMAN	2	939	0
CI117_HUMAN	5	1249	0
CI119_HUMAN	3	3013	0
CI123_HUMAN	9	519	0
CI128_HUMAN	23	387	0
CI131_HUMAN	4	671	0
CI134_HUMAN	1	874	0
CI135_HUMAN	1	1644	0
CI139_HUMAN	4	2612	0
CI140_HUMAN	35	206	0
CI142_HUMAN	37	153	0
CI152_HUMAN	5	1808	0
CI153_HUMAN	1	7757	0
CI163_HUMAN	50	0	1
CI169_HUMAN	534	0	1
CI170_HUMAN	14	734	0
CI171_HUMAN	6	621	0
CI172_HUMAN	3	761	0
CI173_HUMAN	10	672	0
CI174_HUMAN	32	172	0
CIA30_HUMAN	171	0	1
CIAO1_HUMAN	336	0	1
CIB1_HUMAN	74	0	1
CIB2_HUMAN	123	0	1
CIB3_HUMAN	63	0	1
CIB4_HUMAN	9	1007	0
CIC_HUMAN	660	0	1
CIDEA_HUMAN	15	423	0
CIDEB_HUMAN	75	0	1
CIDEC_HUMAN	15	441	0
CIKS_HUMAN	43	0	1
CILP1_HUMAN	4	1021	0
CILP2_HUMAN	31	288	0
CING_HUMAN	157	0	1
CINP_HUMAN	65	0	1
CIP1_HUMAN	17	353	0
CIP2A_HUMAN	199	0	1
CIP4_HUMAN	113	0	1
CIR1A_HUMAN	202	0	1
CIR1_HUMAN	75	0	1
CIRBP_HUMAN	163	0	1
CISD1_HUMAN	99	0	1
CISD2_HUMAN	261	0	1
CISD3_HUMAN	130	0	1
CISH_HUMAN	30	202	0
CISY_HUMAN	485	0	1
CITE1_HUMAN	36	176	0
CITE2_HUMAN	16	311	0
CITE4_HUMAN	5	814	0
CIZ1_HUMAN	55	0	1
CJ011_HUMAN	7	757	0
CJ012_HUMAN	52	0	1
CJ025_HUMAN	3	1865	0
CJ032_HUMAN	41	240	0
CJ035_HUMAN	95	0	1
CJ040_HUMAN	1	874	0
CJ046_HUMAN	22	260	0
CJ047_HUMAN	57	0	1
CJ053_HUMAN	15	750	0
CJ055_HUMAN	60	0	1
CJ057_HUMAN	46	0	1
CJ062_HUMAN	14	818	0
CJ067_HUMAN	15	525	0
CJ068_HUMAN	28	133	0
CJ071_HUMAN	12	549	0
CJ072_HUMAN	12	634	0
CJ076_HUMAN	18	201	0
CJ079_HUMAN	7	642	0
CJ081_HUMAN	7	788	0
CJ082_HUMAN	14	829	0
CJ084_HUMAN	24	206	0
CJ085_HUMAN	1	7563	0
CJ088_HUMAN	118	0	1
CJ090_HUMAN	9	407	0
CJ091_HUMAN	12	850	0
CJ092_HUMAN	14	391	0
CJ095_HUMAN	2	2639	0
CJ107_HUMAN	28	284	0
CJ109_HUMAN	2	1349	0
CJ110_HUMAN	3	1156	0
CJ114_HUMAN	2	948	0
CJ118_HUMAN	33	187	0
CJ120_HUMAN	4	1493	0
CJ122_HUMAN	3	1841	0
CJ125_HUMAN	20	413	0
CJ131_HUMAN	2	3015	0
CK001_HUMAN	41	274	0
CK010_HUMAN	43	0	1
CK016_HUMAN	14	757	0
CK020_HUMAN	3	1008	0
CK024_HUMAN	16	347	0
CK035_HUMAN	21	668	0
CK036_HUMAN	1	1324	0
CK041_HUMAN	5	664	0
CK042_HUMAN	2	3557	0
CK045_HUMAN	8	1294	0
CK048_HUMAN	13	515	0
CK049_HUMAN	89	0	1
CK051_HUMAN	124	0	1
CK052_HUMAN	307	0	1
CK053_HUMAN	3	3793	0
CK054_HUMAN	49	0	1
CK057_HUMAN	163	0	1
CK063_HUMAN	6	608	0
CK065_HUMAN	11	573	0
CK067_HUMAN	40	163	0
CK068_HUMAN	18	244	0
CK070_HUMAN	12	348	0
CK071_HUMAN	7	1091	0
CK074_HUMAN	25	262	0
CK075_HUMAN	63	0	1
CK080_HUMAN	1	5377	0
CK083_HUMAN	26	202	0
CK084_HUMAN	62	0	1
CK085_HUMAN	10	588	0
CK087_HUMAN	55	0	1
CK2N1_HUMAN	7	595	0
CK2N2_HUMAN	5	1547	0
CK5P1_HUMAN	109	0	1
CK5P2_HUMAN	305	0	1
CK5P3_HUMAN	190	0	1
CKAP2_HUMAN	133	0	1
CKAP4_HUMAN	630	0	1
CKAP5_HUMAN	307	0	1
CKLF1_HUMAN	3	1413	0
CKLF2_HUMAN	18	472	0
CKLF3_HUMAN	30	295	0
CKLF4_HUMAN	39	264	0
CKLF5_HUMAN	239	0	1
CKLF6_HUMAN	93	0	1
CKLF7_HUMAN	50	0	1
CKLF8_HUMAN	66	0	1
CKLF_HUMAN	5	1020	0
CKP2L_HUMAN	34	172	0
CKS1_HUMAN	95	0	1
CKS2_HUMAN	50	0	1
CL004_HUMAN	12	676	0
CL012_HUMAN	13	813	0
CL023_HUMAN	101	0	1
CL026_HUMAN	10	783	0
CL027_HUMAN	1	2954	0
CL028_HUMAN	2	2715	0
CL029_HUMAN	12	305	0
CL032_HUMAN	21	251	0
CL035_HUMAN	53	0	1
CL040_HUMAN	5	1095	0
CL043_HUMAN	49	0	1
CL045_HUMAN	28	196	0
CL047_HUMAN	2	3354	0
CL049_HUMAN	46	0	1
CL050_HUMAN	2	2855	0
CL053_HUMAN	15	683	0
CL055_HUMAN	11	525	0
CL059_HUMAN	104	0	1
CL060_HUMAN	2	5013	0
CL061_HUMAN	1	1286	0
CL065_HUMAN	225	0	1
CL066_HUMAN	12	958	0
CL068_HUMAN	13	636	0
CL069_HUMAN	6	1042	0
CL070_HUMAN	1	2392	0
CL071_HUMAN	1	7001	0
CL072_HUMAN	28	203	0
CL073_HUMAN	10	824	0
CL074_HUMAN	127	0	1
CL076_HUMAN	1	2214	0
CL12A_HUMAN	38	239	0
CL12B_HUMAN	190	0	1
CL16A_HUMAN	620	0	1
CL17A_HUMAN	24	306	0
CL18A_HUMAN	16	403	0
CL18C_HUMAN	1	7386	0
CL19A_HUMAN	1	4630	0
CL3L1_HUMAN	42	290	0
CLAP1_HUMAN	139	0	1
CLAP2_HUMAN	151	0	1
CLASR_HUMAN	78	0	1
CLAT_HUMAN	10	388	0
CLC10_HUMAN	31	303	0
CLC11_HUMAN	123	0	1
CLC14_HUMAN	84	0	1
CLC1A_HUMAN	17	620	0
CLC1B_HUMAN	5	1083	0
CLC2A_HUMAN	7	2200	0
CLC2B_HUMAN	151	0	1
CLC2D_HUMAN	209	0	1
CLC2L_HUMAN	2	4677	0
CLC3A_HUMAN	57	0	1
CLC4A_HUMAN	115	0	1
CLC4C_HUMAN	28	276	0
CLC4D_HUMAN	259	0	1
CLC4E_HUMAN	354	0	1
CLC4F_HUMAN	9	865	0
CLC4G_HUMAN	84	0	1
CLC4K_HUMAN	24	258	0
CLC4M_HUMAN	18	438	0
CLC5A_HUMAN	19	531	0
CLC7A_HUMAN	54	0	1
CLCA1_HUMAN	8	559	0
CLCA2_HUMAN	7	756	0
CLCA4_HUMAN	25	338	0
CLCA_HUMAN	363	0	1
CLCB_HUMAN	188	0	1
CLCC1_HUMAN	225	0	1
CLCF1_HUMAN	14	376	0
CLCKA_HUMAN	27	404	0
CLCKB_HUMAN	1	1713	0
CLCN1_HUMAN	12	483	0
CLCN2_HUMAN	41	195	0
CLCN3_HUMAN	74	0	1
CLCN4_HUMAN	18	437	0
CLCN5_HUMAN	45	0	1
CLCN6_HUMAN	16	219	0
CLCN7_HUMAN	165	0	1
CLD10_HUMAN	23	322	0
CLD11_HUMAN	13	805	0
CLD12_HUMAN	10	402	0
CLD14_HUMAN	4	2922	0
CLD15_HUMAN	4	1137	0
CLD16_HUMAN	1	8102	0
CLD17_HUMAN	4	1101	0
CLD18_HUMAN	5	1834	0
CLD19_HUMAN	70	0	1
CLD1_HUMAN	27	238	0
CLD20_HUMAN	10	655	0
CLD22_HUMAN	7	1862	0
CLD23_HUMAN	2	2424	0
CLD2_HUMAN	33	235	0
CLD3_HUMAN	24	217	0
CLD4_HUMAN	72	0	1
CLD5_HUMAN	39	395	0
CLD6_HUMAN	9	946	0
CLD7_HUMAN	85	0	1
CLD8_HUMAN	13	918	0
CLD9_HUMAN	19	749	0
CLDN1_HUMAN	84	0	1
CLDN2_HUMAN	29	402	0
CLGN_HUMAN	525	0	1
CLH1_HUMAN	723	0	1
CLH2_HUMAN	195	0	1
CLIC1_HUMAN	182	0	1
CLIC2_HUMAN	16	461	0
CLIC3_HUMAN	65	0	1
CLIC4_HUMAN	137	0	1
CLIC5_HUMAN	17	430	0
CLIC6_HUMAN	29	267	0
CLIP1_HUMAN	194	0	1
CLIP2_HUMAN	50	0	1
CLIP3_HUMAN	19	314	0
CLIP4_HUMAN	53	0	1
CLK1_HUMAN	83	0	1
CLK2_HUMAN	204	0	1
CLK3_HUMAN	217	0	1
CLK4_HUMAN	42	161	0
CLM1_HUMAN	7	1892	0
CLM2_HUMAN	20	757	0
CLM4_HUMAN	8	1257	0
CLM6_HUMAN	21	787	0
CLM7_HUMAN	10	800	0
CLM8_HUMAN	14	619	0
CLM9_HUMAN	7	2059	0
CLMN_HUMAN	67	0	1
CLMP_HUMAN	8	835	0
CLN3_HUMAN	124	0	1
CLN5_HUMAN	67	0	1
CLN6_HUMAN	131	0	1
CLN8_HUMAN	31	301	0
CLNK_HUMAN	29	277	0
CLOCK_HUMAN	88	0	1
CLP1L_HUMAN	130	0	1
CLP1_HUMAN	68	0	1
CLPB_HUMAN	259	0	1
CLPH_HUMAN	15	685	0
CLPP_HUMAN	573	0	1
CLPT1_HUMAN	159	0	1
CLPX_HUMAN	223	0	1
CLRN1_HUMAN	28	504	0
CLRN2_HUMAN	78	0	1
CLRN3_HUMAN	12	1135	0
CLSPN_HUMAN	82	0	1
CLTR1_HUMAN	2	5249	0
CLTR2_HUMAN	27	252	0
CLU1O_HUMAN	5	1638	0
CLUA1_HUMAN	224	0	1
CLUL1_HUMAN	2	3000	0
CLUS_HUMAN	316	0	1
CLVS1_HUMAN	3	2569	0
CLVS2_HUMAN	22	334	0
CLYBL_HUMAN	16	270	0
CM016_HUMAN	46	0	1
CM028_HUMAN	1	2392	0
CM029_HUMAN	8	1299	0
CM031_HUMAN	40	208	0
CM033_HUMAN	7	774	0
CM035_HUMAN	1	1414	0
CM036_HUMAN	13	1211	0
CM038_HUMAN	2	1306	0
CM039_HUMAN	18	294	0
CMA1_HUMAN	59	0	1
CMAH_HUMAN	1	6252	0
CMBL_HUMAN	96	0	1
CMC1_HUMAN	251	0	1
CMC2_HUMAN	339	0	1
CMGA_HUMAN	17	303	0
CMIP_HUMAN	32	147	0
CMKMT_HUMAN	13	493	0
CML1_HUMAN	105	0	1
CMTA1_HUMAN	9	410	0
CMTA2_HUMAN	14	405	0
CMTD1_HUMAN	221	0	1
CMYA5_HUMAN	36	149	0
CN021_HUMAN	141	0	1
CN025_HUMAN	5	1005	0
CN037_HUMAN	9	460	0
CN038_HUMAN	8	520	0
CN043_HUMAN	126	0	1
CN045_HUMAN	6	687	0
CN048_HUMAN	19	394	0
CN053_HUMAN	32	270	0
CN070_HUMAN	2	1231	0
CN073_HUMAN	4	814	0
CN079_HUMAN	5	610	0
CN080_HUMAN	56	0	1
CN083_HUMAN	43	0	1
CN093_HUMAN	8	509	0
CN101_HUMAN	15	414	0
CN102_HUMAN	34	134	0
CN105_HUMAN	34	240	0
CN109_HUMAN	1	4581	0
CN115_HUMAN	19	360	0
CN118_HUMAN	70	0	1
CN119_HUMAN	64	0	1
CN132_HUMAN	1	4202	0
CN135_HUMAN	9	385	0
CN138_HUMAN	16	404	0
CN139_HUMAN	6	742	0
CN142_HUMAN	18	393	0
CN148_HUMAN	1	6026	0
CN159_HUMAN	29	187	0
CN166_HUMAN	234	0	1
CN16B_HUMAN	6	1037	0
CN174_HUMAN	1	3010	0
CN176_HUMAN	2	2661	0
CN178_HUMAN	1	4736	0
CN180_HUMAN	49	0	1
CN182_HUMAN	21	355	0
CN183_HUMAN	2	1991	0
CN37_HUMAN	210	0	1
CNBD1_HUMAN	7	740	0
CNBP1_HUMAN	46	0	1
CNBP_HUMAN	291	0	1
CNCG_HUMAN	12	590	0
CND1_HUMAN	219	0	1
CND2_HUMAN	314	0	1
CND3_HUMAN	210	0	1
CNDD3_HUMAN	337	0	1
CNDG2_HUMAN	115	0	1
CNDH2_HUMAN	170	0	1
CNDP1_HUMAN	16	340	0
CNDP2_HUMAN	134	0	1
CNEP1_HUMAN	71	0	1
CNFN_HUMAN	17	696	0
CNGA1_HUMAN	5	2290	0
CNGA2_HUMAN	2	2169	0
CNGA3_HUMAN	40	246	0
CNGA4_HUMAN	41	379	0
CNGB1_HUMAN	5	1345	0
CNGB3_HUMAN	6	1376	0
CNIH2_HUMAN	10	683	0
CNIH3_HUMAN	29	378	0
CNIH4_HUMAN	74	0	1
CNIH_HUMAN,CNIH1_HUMAN	34	337	0
CNKR1_HUMAN	40	170	0
CNKR2_HUMAN	22	203	0
CNKR3_HUMAN	54	0	1
CNN1_HUMAN	34	226	0
CNN2_HUMAN	91	0	1
CNN3_HUMAN	127	0	1
CNNM1_HUMAN	83	0	1
CNNM2_HUMAN	45	0	1
CNNM3_HUMAN	188	0	1
CNNM4_HUMAN	81	0	1
CNO6L_HUMAN	90	0	1
CNOT1_HUMAN	284	0	1
CNOT2_HUMAN	173	0	1
CNOT3_HUMAN	181	0	1
CNOT4_HUMAN	62	0	1
CNOT6_HUMAN	60	0	1
CNOT7_HUMAN	137	0	1
CNOT8_HUMAN	77	0	1
CNOTA_HUMAN,CNO10_HUMAN	145	0	1
CNO_HUMAN,BL1S4_HUMAN	19	433	0
CNPD1_HUMAN	8	864	0
CNPY2_HUMAN	58	0	1
CNPY3_HUMAN	200	0	1
CNPY4_HUMAN	23	215	0
CNR1_HUMAN	16	503	0
CNR2_HUMAN	112	0	1
CNRG_HUMAN	11	613	0
CNRP1_HUMAN	21	322	0
CNST_HUMAN	17	266	0
CNT3B_HUMAN	50	0	1
CNTD1_HUMAN	3	571	0
CNTFR_HUMAN	26	173	0
CNTF_HUMAN	29	283	0
CNTLN_HUMAN	23	254	0
CNTN1_HUMAN	66	0	1
CNTN2_HUMAN	45	0	1
CNTN4_HUMAN	8	469	0
CNTN5_HUMAN	2	1024	0
CNTN6_HUMAN	1	8518	0
CNTP1_HUMAN	96	0	1
CNTP2_HUMAN	20	285	0
CNTP3_HUMAN	121	0	1
CNTP4_HUMAN	25	247	0
CNTP5_HUMAN	5	904	0
CNTRB_HUMAN	176	0	1
CNTRL_HUMAN	200	0	1
CO002_HUMAN	8	1667	0
CO017_HUMAN	22	279	0
CO026_HUMAN	13	656	0
CO027_HUMAN	14	441	0
CO028_HUMAN	2	1104	0
CO029_HUMAN	59	0	1
CO032_HUMAN	13	1084	0
CO033_HUMAN	15	451	0
CO037_HUMAN	2	1283	0
CO038_HUMAN	33	172	0
CO039_HUMAN	80	0	1
CO040_HUMAN	9	500	0
CO041_HUMAN	31	188	0
CO043_HUMAN	1	8596	0
CO044_HUMAN	96	0	1
CO052_HUMAN	21	293	0
CO053_HUMAN	5	1791	0
CO054_HUMAN	2	3571	0
CO057_HUMAN	16	409	0
CO059_HUMAN	169	0	1
CO060_HUMAN	1	3240	0
CO061_HUMAN	10	790	0
CO062_HUMAN	1	3461	0
CO1A1_HUMAN	171	0	1
CO1A2_HUMAN	72	0	1
CO2A1_HUMAN	46	0	1
CO2_HUMAN	13	677	0
CO3A1_HUMAN	39	173	0
CO3_HUMAN	174	0	1
CO4A1_HUMAN	33	176	0
CO4A2_HUMAN	62	0	1
CO4A3_HUMAN	16	359	0
CO4A4_HUMAN	9	394	0
CO4A5_HUMAN	58	0	1
CO4A6_HUMAN	19	462	0
CO4A_HUMAN	96	0	1
CO4B_HUMAN	31	183	0
CO5A1_HUMAN	66	0	1
CO5A2_HUMAN	22	211	0
CO5A3_HUMAN	11	539	0
CO5_HUMAN	36	197	0
CO6A1_HUMAN	122	0	1
CO6A2_HUMAN	97	0	1
CO6A3_HUMAN	25	194	0
CO6A5_HUMAN	4	630	0
CO6A6_HUMAN	10	610	0
CO6_HUMAN	20	346	0
CO7A1_HUMAN	26	176	0
CO7_HUMAN	11	488	0
CO8A1_HUMAN	137	0	1
CO8A2_HUMAN	42	180	0
CO8A_HUMAN	22	283	0
CO8B_HUMAN	7	1766	0
CO8G_HUMAN	9	919	0
CO9A1_HUMAN	13	442	0
CO9A2_HUMAN	14	430	0
CO9A3_HUMAN	8	405	0
CO9_HUMAN	19	286	0
COA5_HUMAN	20	582	0
COAA1_HUMAN	58	0	1
COAC_HUMAN	17	567	0
COASY_HUMAN	93	0	1
COBA1_HUMAN	28	217	0
COBA2_HUMAN	11	375	0
COBL1_HUMAN	69	0	1
COBL_HUMAN	79	0	1
COCA1_HUMAN	57	0	1
COCH_HUMAN	51	0	1
CODA1_HUMAN	11	399	0
COE1_HUMAN	14	448	0
COE2_HUMAN	58	0	1
COE3_HUMAN	25	241	0
COE4_HUMAN	2	1791	0
COEA1_HUMAN	99	0	1
COF1_HUMAN	397	0	1
COF2_HUMAN	129	0	1
COFA1_HUMAN	8	326	0
COG1_HUMAN	88	0	1
COG2_HUMAN	100	0	1
COG3_HUMAN	96	0	1
COG4_HUMAN	124	0	1
COG5_HUMAN	74	0	1
COG6_HUMAN	171	0	1
COG7_HUMAN	82	0	1
COG8_HUMAN	44	0	1
COGA1_HUMAN	22	197	0
COHA1_HUMAN	38	142	0
COIA1_HUMAN	90	0	1
COIL_HUMAN	564	0	1
COJA1_HUMAN	1	2250	0
COKA1_HUMAN	27	249	0
COL10_HUMAN	23	258	0
COL11_HUMAN	25	251	0
COL12_HUMAN	76	0	1
COLA1_HUMAN	10	476	0
COLI_HUMAN	30	381	0
COLL1_HUMAN	7	1445	0
COLL2_HUMAN	1	2858	0
COLQ_HUMAN	32	263	0
COL_HUMAN	2	5505	0
COM1_HUMAN	116	0	1
COMA1_HUMAN	16	217	0
COMD1_HUMAN	117	0	1
COMD2_HUMAN	90	0	1
COMD3_HUMAN	79	0	1
COMD4_HUMAN	113	0	1
COMD5_HUMAN	55	0	1
COMD6_HUMAN	54	0	1
COMD7_HUMAN	26	377	0
COMD8_HUMAN	68	0	1
COMD9_HUMAN	43	0	1
COMDA_HUMAN	42	212	0
COMP_HUMAN	22	201	0
COMT_HUMAN	184	0	1
CONA1_HUMAN	13	339	0
COOA1_HUMAN	6	429	0
COPA1_HUMAN	9	483	0
COPA_HUMAN	431	0	1
COPB2_HUMAN	394	0	1
COPB_HUMAN	316	0	1
COPD_HUMAN	247	0	1
COPE_HUMAN	329	0	1
COPG1_HUMAN	243	0	1
COPG2_HUMAN	169	0	1
COPR5_HUMAN,COPRS_HUMAN	73	0	1
COPT1_HUMAN	277	0	1
COPT2_HUMAN	34	321	0
COPZ1_HUMAN	134	0	1
COPZ2_HUMAN	14	598	0
COQ2_HUMAN	98	0	1
COQ3_HUMAN	66	0	1
COQ4_HUMAN	44	0	1
COQ5_HUMAN	120	0	1
COQ6_HUMAN	93	0	1
COQ7_HUMAN	55	0	1
COQ9_HUMAN	275	0	1
COR1A_HUMAN	162	0	1
COR1B_HUMAN	210	0	1
COR1C_HUMAN	364	0	1
COR2A_HUMAN	66	0	1
COR2B_HUMAN	56	0	1
CORA1_HUMAN	7	782	0
CORIN_HUMAN	5	1892	0
CORO6_HUMAN	38	254	0
CORO7_HUMAN	59	0	1
CORT_HUMAN	19	670	0
COSA1_HUMAN	4	1188	0
COT1_HUMAN	54	0	1
COT2_HUMAN	146	0	1
COTL1_HUMAN	58	0	1
COX10_HUMAN	7	1347	0
COX11_HUMAN	39	150	0
COX14_HUMAN	146	0	1
COX15_HUMAN	355	0	1
COX16_HUMAN	26	264	0
COX17_HUMAN	68	0	1
COX18_HUMAN	7	1166	0
COX19_HUMAN	8	512	0
COX1_HUMAN	74	0	1
COX20_HUMAN	52	0	1
COX2_HUMAN	234	0	1
COX3_HUMAN	52	0	1
COX41_HUMAN	438	0	1
COX42_HUMAN	23	418	0
COX5A_HUMAN	245	0	1
COX5B_HUMAN	185	0	1
COX6C_HUMAN	152	0	1
COX7B_HUMAN	21	393	0
COX7C_HUMAN	95	0	1
COX7R_HUMAN	98	0	1
COX7S_HUMAN	1	2853	0
COX8A_HUMAN	323	0	1
COXAM_HUMAN	10	373	0
COXM1_HUMAN	6	1050	0
COXM2_HUMAN	21	247	0
CP003_HUMAN	1	3528	0
CP007_HUMAN	37	257	0
CP011_HUMAN	97	0	1
CP013_HUMAN	10	804	0
CP045_HUMAN	26	288	0
CP046_HUMAN	3	2201	0
CP047_HUMAN	1	5481	0
CP048_HUMAN	237	0	1
CP054_HUMAN	15	704	0
CP055_HUMAN	20	379	0
CP057_HUMAN	47	0	1
CP058_HUMAN	209	0	1
CP059_HUMAN	21	483	0
CP062_HUMAN	48	0	1
CP065_HUMAN	8	633	0
CP068_HUMAN	25	196	0
CP070_HUMAN	54	0	1
CP071_HUMAN	33	231	0
CP072_HUMAN	461	0	1
CP073_HUMAN	4	1305	0
CP074_HUMAN	6	1804	0
CP078_HUMAN	3	2112	0
CP079_HUMAN	212	0	1
CP080_HUMAN	93	0	1
CP087_HUMAN	47	0	1
CP088_HUMAN	237	0	1
CP089_HUMAN	1	4568	0
CP090_HUMAN	1	3361	0
CP092_HUMAN	18	644	0
CP093_HUMAN	3	1551	0
CP096_HUMAN	9	529	0
CP110_HUMAN	198	0	1
CP11A_HUMAN	6	1536	0
CP135_HUMAN	483	0	1
CP17A_HUMAN	16	407	0
CP19A_HUMAN	41	281	0
CP1A1_HUMAN	77	0	1
CP1A2_HUMAN	10	430	0
CP1B1_HUMAN	12	328	0
CP20A_HUMAN	23	159	0
CP21A_HUMAN	22	334	0
CP24A_HUMAN	56	0	1
CP250_HUMAN	297	0	1
CP26A_HUMAN	3	2190	0
CP26B_HUMAN	28	277	0
CP26C_HUMAN	1	6503	0
CP27A_HUMAN	18	204	0
CP27B_HUMAN	2	2613	0
CP2A6_HUMAN	5	1377	0
CP2A7_HUMAN	2	6222	0
CP2AD_HUMAN	5	2096	0
CP2B6_HUMAN	8	1106	0
CP2C8_HUMAN	19	406	0
CP2C9_HUMAN	101	0	1
CP2CI_HUMAN	26	378	0
CP2CJ_HUMAN	5	1702	0
CP2D6_HUMAN	1	8728	0
CP2E1_HUMAN	15	611	0
CP2J2_HUMAN	33	325	0
CP2R1_HUMAN	1	1748	0
CP2S1_HUMAN	90	0	1
CP2U1_HUMAN	8	530	0
CP2W1_HUMAN	14	310	0
CP343_HUMAN	21	324	0
CP39A_HUMAN	5	2066	0
CP3A4_HUMAN	11	524	0
CP3A5_HUMAN	11	737	0
CP3A7_HUMAN	5	1543	0
CP46A_HUMAN	4	1862	0
CP4AB_HUMAN	3	2866	0
CP4AM_HUMAN	2	1735	0
CP4B1_HUMAN	3	3519	0
CP4F2_HUMAN	47	0	1
CP4F3_HUMAN	5	1002	0
CP4F8_HUMAN	9	886	0
CP4FB_HUMAN	5	324	0
CP4FC_HUMAN	11	497	0
CP4FN_HUMAN	15	748	0
CP4V2_HUMAN	7	820	0
CP4X1_HUMAN	18	399	0
CP4Z2_HUMAN	1	3111	0
CP51A_HUMAN	160	0	1
CP7B1_HUMAN	4	1944	0
CP8B1_HUMAN	6	715	0
CPEB1_HUMAN	140	0	1
CPEB2_HUMAN	36	154	0
CPEB3_HUMAN	8	534	0
CPEB4_HUMAN	152	0	1
CPIN1_HUMAN	95	0	1
CPLX1_HUMAN	42	173	0
CPLX2_HUMAN	23	232	0
CPLX3_HUMAN	25	364	0
CPLX4_HUMAN	110	0	1
CPMD8_HUMAN	5	1131	0
CPN2_HUMAN	3	684	0
CPNE1_HUMAN	74	0	1
CPNE2_HUMAN	114	0	1
CPNE3_HUMAN	121	0	1
CPNE4_HUMAN	42	239	0
CPNE5_HUMAN	41	209	0
CPNE6_HUMAN	19	318	0
CPNE7_HUMAN	85	0	1
CPNE8_HUMAN	102	0	1
CPNE9_HUMAN	20	290	0
CPNS1_HUMAN	130	0	1
CPNS2_HUMAN	50	0	1
CPPED_HUMAN	19	252	0
CPS4L_HUMAN	7	1368	0
CPSF1_HUMAN	220	0	1
CPSF2_HUMAN	160	0	1
CPSF3_HUMAN	145	0	1
CPSF4_HUMAN	94	0	1
CPSF5_HUMAN	341	0	1
CPSF6_HUMAN	518	0	1
CPSF7_HUMAN	331	0	1
CPSM_HUMAN	152	0	1
CPT1A_HUMAN	197	0	1
CPT1B_HUMAN	7	561	0
CPT1C_HUMAN	3	522	0
CPT2_HUMAN	79	0	1
CPVL_HUMAN	643	0	1
CPXCR_HUMAN	7	638	0
CPXM1_HUMAN	3	1473	0
CPXM2_HUMAN	5	1323	0
CPZIP_HUMAN	7	974	0
CQ037_HUMAN	19	419	0
CQ039_HUMAN	75	0	1
CQ044_HUMAN	2	893	0
CQ046_HUMAN	4	1261	0
CQ047_HUMAN	3	2309	0
CQ050_HUMAN	12	870	0
CQ051_HUMAN	4	596	0
CQ053_HUMAN	41	178	0
CQ055_HUMAN	1	5649	0
CQ056_HUMAN	165	0	1
CQ057_HUMAN	6	1134	0
CQ059_HUMAN	171	0	1
CQ061_HUMAN	18	435	0
CQ062_HUMAN	91	0	1
CQ063_HUMAN	37	236	0
CQ064_HUMAN	1	7819	0
CQ065_HUMAN	3	1006	0
CQ066_HUMAN	6	929	0
CQ067_HUMAN	2	3731	0
CQ076_HUMAN	1	6329	0
CQ077_HUMAN	2	897	0
CQ078_HUMAN	11	709	0
CQ080_HUMAN	272	0	1
CQ082_HUMAN	16	595	0
CQ085_HUMAN	158	0	1
CQ087_HUMAN	5	1383	0
CQ089_HUMAN	146	0	1
CQ090_HUMAN	54	0	1
CQ091_HUMAN	2	783	0
CQ096_HUMAN	28	192	0
CQ097_HUMAN	6	793	0
CQ098_HUMAN	1	6487	0
CQ099_HUMAN	1	2214	0
CQ101_HUMAN	41	150	0
CQ102_HUMAN	5	1468	0
CQ104_HUMAN	18	320	0
CQ105_HUMAN	8	1041	0
CQ109_HUMAN	42	254	0
CQ10A_HUMAN	63	0	1
CQ10B_HUMAN	28	186	0
CR001_HUMAN	63	0	1
CR002_HUMAN	1	2209	0
CR016_HUMAN	1	1713	0
CR018_HUMAN	7	1214	0
CR020_HUMAN	1	4468	0
CR021_HUMAN	161	0	1
CR025_HUMAN	128	0	1
CR032_HUMAN	12	711	0
CR034_HUMAN	6	804	0
CR042_HUMAN	1	8118	0
CR056_HUMAN	14	423	0
CR062_HUMAN	3	1384	0
CR063_HUMAN	10	477	0
CR1L_HUMAN	7	1478	0
CR1_HUMAN	14	545	0
CR2_HUMAN	14	518	0
CR3L1_HUMAN	204	0	1
CR3L2_HUMAN	330	0	1
CR3L3_HUMAN	59	0	1
CR3L4_HUMAN	12	320	0
CRAC1_HUMAN	27	288	0
CRADD_HUMAN	24	273	0
CRBA1_HUMAN	24	474	0
CRBA2_HUMAN	28	387	0
CRBA4_HUMAN	38	239	0
CRBB1_HUMAN	18	486	0
CRBB2_HUMAN	9	1099	0
CRBB3_HUMAN	69	0	1
CRBG3_HUMAN	85	0	1
CRBL2_HUMAN	9	354	0
CRBN_HUMAN	177	0	1
CRBS_HUMAN	12	802	0
CRCM1_HUMAN	50	0	1
CRCM_HUMAN	395	0	1
CRCT1_HUMAN	66	0	1
CRDL1_HUMAN	11	677	0
CRDL2_HUMAN	34	340	0
CREB1_HUMAN	223	0	1
CREB3_HUMAN	250	0	1
CREB5_HUMAN	163	0	1
CREG1_HUMAN	30	180	0
CREG2_HUMAN	3	1157	0
CREL1_HUMAN	176	0	1
CREL2_HUMAN	94	0	1
CREM_HUMAN	71	0	1
CRERF_HUMAN	13	339	0
CREST_HUMAN	100	0	1
CRFM7_HUMAN	2	1529	0
CRFR1_HUMAN	12	699	0
CRFR2_HUMAN	7	2314	0
CRF_HUMAN	22	379	0
CRGA_HUMAN	5	1364	0
CRGB_HUMAN	2	6126	0
CRGC_HUMAN	10	924	0
CRGD_HUMAN	15	652	0
CRGN_HUMAN	11	828	0
CRHBP_HUMAN	29	269	0
CRIM1_HUMAN	33	140	0
CRIP1_HUMAN	52	0	1
CRIP2_HUMAN	48	0	1
CRIP3_HUMAN	2	2744	0
CRIPT_HUMAN	30	149	0
CRIS1_HUMAN	1	6572	0
CRIS2_HUMAN	43	0	1
CRIS3_HUMAN	8	692	0
CRKL_HUMAN	220	0	1
CRK_HUMAN	461	0	1
CRLD1_HUMAN	7	767	0
CRLD2_HUMAN	2	1459	0
CRLF1_HUMAN	75	0	1
CRLF2_HUMAN	60	0	1
CRLF3_HUMAN	39	151	0
CRLS1_HUMAN	2	2465	0
CRML_HUMAN	41	170	0
CRNL1_HUMAN	181	0	1
CRNN_HUMAN	88	0	1
CRNS1_HUMAN	3	781	0
CROC4_HUMAN	3	2041	0
CROCC_HUMAN	68	0	1
CROL1_HUMAN	15	663	0
CROL2_HUMAN	1	2752	0
CRPAK_HUMAN	6	752	0
CRP_HUMAN	104	0	1
CRSPL_HUMAN	3	935	0
CRTAM_HUMAN	1	6633	0
CRTAP_HUMAN	99	0	1
CRTC1_HUMAN	27	207	0
CRTC2_HUMAN	66	0	1
CRTC3_HUMAN	65	0	1
CRUM1_HUMAN	18	379	0
CRUM2_HUMAN	7	300	0
CRUM3_HUMAN	29	348	0
CRX_HUMAN	253	0	1
CRY1_HUMAN	223	0	1
CRY2_HUMAN	186	0	1
CRYAA_HUMAN	73	0	1
CRYAB_HUMAN	165	0	1
CRYL1_HUMAN	56	0	1
CRYM_HUMAN	12	359	0
CS010_HUMAN	71	0	1
CS012_HUMAN	1	3168	0
CS018_HUMAN	11	671	0
CS021_HUMAN	181	0	1
CS022_HUMAN	7	430	0
CS024_HUMAN	8	1125	0
CS025_HUMAN	104	0	1
CS028_HUMAN	83	0	1
CS029_HUMAN	106	0	1
CS034_HUMAN	4	1188	0
CS035_HUMAN	10	660	0
CS036_HUMAN	1	5293	0
CS041_HUMAN	1	1794	0
CS042_HUMAN	4	737	0
CS043_HUMAN	57	0	1
CS044_HUMAN	29	157	0
CS045_HUMAN	20	364	0
CS047_HUMAN	33	131	0
CS048_HUMAN	5	933	0
CS052_HUMAN	142	0	1
CS054_HUMAN	76	0	1
CS055_HUMAN	18	472	0
CS057_HUMAN	41	264	0
CS060_HUMAN	17	387	0
CS066_HUMAN	96	0	1
CS068_HUMAN	23	220	0
CS069_HUMAN	2	4257	0
CS071_HUMAN	2	855	0
CS073_HUMAN	3	2166	0
CS075_HUMAN	130	0	1
CS077_HUMAN	3	1888	0
CS29O_HUMAN	3	1658	0
CSAD_HUMAN	15	356	0
CSAG1_HUMAN	65	0	1
CSAG2_HUMAN	90	0	1
CSDC2_HUMAN	6	668	0
CSDE1_HUMAN	301	0	1
CSEN_HUMAN	32	230	0
CSF1R_HUMAN	63	0	1
CSF1_HUMAN	16	276	0
CSF2R_HUMAN	7	1523	0
CSF2_HUMAN	14	502	0
CSF3R_HUMAN	16	370	0
CSF3_HUMAN	11	778	0
CSHL_HUMAN	7	589	0
CSH_HUMAN,CSH2_HUMAN	24	257	0
CSK21_HUMAN	860	0	1
CSK22_HUMAN	780	0	1
CSK2B_HUMAN	631	0	1
CSKI1_HUMAN	10	359	0
CSKI2_HUMAN	48	0	1
CSKP_HUMAN	220	0	1
CSK_HUMAN	216	0	1
CSMD1_HUMAN	8	474	0
CSMD2_HUMAN	12	326	0
CSMD3_HUMAN	2	2514	0
CSMT1_HUMAN	4	3004	0
CSN1_HUMAN	254	0	1
CSN2_HUMAN	245	0	1
CSN3_HUMAN	253	0	1
CSN4_HUMAN	193	0	1
CSN5_HUMAN	1076	0	1
CSN6_HUMAN	417	0	1
CSN7A_HUMAN	166	0	1
CSN7B_HUMAN	144	0	1
CSN8_HUMAN	121	0	1
CSPG2_HUMAN	49	0	1
CSPG4_HUMAN	82	0	1
CSPG5_HUMAN	33	299	0
CSPP1_HUMAN	98	0	1
CSR2B_HUMAN	110	0	1
CSRN1_HUMAN	20	400	0
CSRN2_HUMAN	5	807	0
CSRN3_HUMAN	3	645	0
CSRP1_HUMAN	70	0	1
CSRP2_HUMAN	75	0	1
CSRP3_HUMAN	21	537	0
CST11_HUMAN	73	0	1
CST1L_HUMAN	57	0	1
CST8_HUMAN	47	0	1
CST9L_HUMAN	76	0	1
CST9_HUMAN	5	1392	0
CSTF1_HUMAN	93	0	1
CSTF2_HUMAN	162	0	1
CSTF3_HUMAN	128	0	1
CSTFT_HUMAN	93	0	1
CSTN1_HUMAN	138	0	1
CSTN2_HUMAN	26	252	0
CSTN3_HUMAN	84	0	1
CT004_HUMAN	664	0	1
CT011_HUMAN	141	0	1
CT024_HUMAN	128	0	1
CT026_HUMAN	2	775	0
CT027_HUMAN	36	159	0
CT029_HUMAN	19	548	0
CT043_HUMAN	75	0	1
CT054_HUMAN	15	673	0
CT069_HUMAN	3	2770	0
CT072_HUMAN	124	0	1
CT079_HUMAN	2	4057	0
CT085_HUMAN	24	325	0
CT094_HUMAN	69	0	1
CT096_HUMAN	17	445	0
CT103_HUMAN	11	345	0
CT111_HUMAN	14	528	0
CT112_HUMAN	13	294	0
CT118_HUMAN	12	649	0
CT132_HUMAN	3	1327	0
CT135_HUMAN	4	859	0
CT141_HUMAN	9	825	0
CT151_HUMAN	12	447	0
CT160_HUMAN	7	468	0
CT165_HUMAN	17	751	0
CT173_HUMAN	1	3500	0
CT177_HUMAN	39	214	0
CT194_HUMAN	8	760	0
CT195_HUMAN	66	0	1
CT196_HUMAN	8	553	0
CT197_HUMAN	93	0	1
CT199_HUMAN	1	1344	0
CT201_HUMAN	2	2502	0
CT202_HUMAN	8	1210	0
CT203_HUMAN	3	2740	0
CT2NL_HUMAN	73	0	1
CT451_HUMAN	26	271	0
CT452_HUMAN	8	654	0
CT453_HUMAN	12	436	0
CT454_HUMAN,CT456_HUMAN	73	0	1
CT455_HUMAN	77	0	1
CT47A_HUMAN	2	3369	0
CT62_HUMAN	1	3068	0
CTAG2_HUMAN	36	271	0
CTBL1_HUMAN	150	0	1
CTBP1_HUMAN	740	0	1
CTBP2_HUMAN	380	0	1
CTC1_HUMAN	60	0	1
CTCFL_HUMAN	39	183	0
CTCF_HUMAN	429	0	1
CTDP1_HUMAN	179	0	1
CTDS1_HUMAN	109	0	1
CTDS2_HUMAN	67	0	1
CTDSL_HUMAN	92	0	1
CTF18_HUMAN	102	0	1
CTF1_HUMAN	7	1623	0
CTF8_HUMAN	32	154	0
CTG1B_HUMAN	113	0	1
CTGE1_HUMAN	8	1188	0
CTGE2_HUMAN	5	1388	0
CTGE4_HUMAN	2	5586	0
CTGE5_HUMAN	101	0	1
CTGE6_HUMAN	6	2161	0
CTGF_HUMAN	50	0	1
CTHR1_HUMAN	22	245	0
CTIF_HUMAN	75	0	1
CTL1_HUMAN	230	0	1
CTL2_HUMAN	59	0	1
CTL3_HUMAN	65	0	1
CTL4_HUMAN	55	0	1
CTL5_HUMAN	98	0	1
CTLA4_HUMAN	139	0	1
CTLFB_HUMAN	3	1472	0
CTNA1_HUMAN	372	0	1
CTNA2_HUMAN	70	0	1
CTNA3_HUMAN	127	0	1
CTNB1_HUMAN	997	0	1
CTND1_HUMAN	268	0	1
CTND2_HUMAN	43	0	1
CTNL1_HUMAN	78	0	1
CTNS_HUMAN	8	1119	0
CTR1_HUMAN	390	0	1
CTR2_HUMAN	144	0	1
CTR3_HUMAN	146	0	1
CTR4_HUMAN	107	0	1
CTR9_HUMAN	238	0	1
CTRB1_HUMAN	3	3270	0
CTRB2_HUMAN	2	4321	0
CTRC_HUMAN	15	888	0
CTRL_HUMAN	14	740	0
CTRO_HUMAN	1407	0	1
CTSL2_HUMAN	70	0	1
CTSR1_HUMAN	119	0	1
CTSR2_HUMAN	3	1939	0
CTSR4_HUMAN	5	1992	0
CTSRB_HUMAN	2	1293	0
CTSRD_HUMAN	3	2417	0
CTSRG_HUMAN	5	544	0
CTTB2_HUMAN	50	0	1
CTU1_HUMAN	77	0	1
CTU2_HUMAN	69	0	1
CTXN1_HUMAN	32	381	0
CTXN3_HUMAN	60	0	1
CU002_HUMAN	49	0	1
CU025_HUMAN	56	0	1
CU034_HUMAN	1	1451	0
CU049_HUMAN	1	3010	0
CU056_HUMAN	54	0	1
CU058_HUMAN	22	263	0
CU059_HUMAN	82	0	1
CU062_HUMAN	1	5992	0
CU067_HUMAN	5	1386	0
CU074_HUMAN	1	3010	0
CU077_HUMAN	66	0	1
CU084_HUMAN	1	2875	0
CU090_HUMAN	1	3010	0
CU109_HUMAN	1	6328	0
CU119_HUMAN	4	1399	0
CU122_HUMAN	1	1286	0
CUBN_HUMAN	11	598	0
CUED1_HUMAN	113	0	1
CUED2_HUMAN	39	168	0
CUL1_HUMAN	880	0	1
CUL2_HUMAN	581	0	1
CUL3_HUMAN	3157	0	1
CUL4A_HUMAN	823	0	1
CUL4B_HUMAN	721	0	1
CUL5_HUMAN	498	0	1
CUL7_HUMAN	835	0	1
CUL9_HUMAN	180	0	1
CUTA_HUMAN	55	0	1
CUTC_HUMAN	32	164	0
CUX1_HUMAN	73	0	1
CUX2_HUMAN	16	486	0
CUZD1_HUMAN	3	1457	0
CV013_HUMAN	91	0	1
CV015_HUMAN	20	567	0
CV025_HUMAN	27	208	0
CV026_HUMAN	17	458	0
CV029_HUMAN	21	316	0
CV031_HUMAN	5	1275	0
CV032_HUMAN	27	282	0
CV034_HUMAN	1	1642	0
CV037_HUMAN	1	4739	0
CV039_HUMAN	50	0	1
CV040_HUMAN	37	282	0
CV041_HUMAN	59	0	1
CV042_HUMAN	11	445	0
CV043_HUMAN	8	909	0
CV046_HUMAN	3	2141	0
CWC15_HUMAN	126	0	1
CWC22_HUMAN	119	0	1
CWC25_HUMAN	66	0	1
CWC27_HUMAN	69	0	1
CX001_HUMAN	45	0	1
CX021_HUMAN	6	667	0
CX022_HUMAN	10	362	0
CX023_HUMAN	3	1533	0
CX026_HUMAN	52	0	1
CX038_HUMAN	9	408	0
CX041_HUMAN	16	567	0
CX042_HUMAN	1	2298	0
CX048_HUMAN	51	0	1
CX04A_HUMAN	19	627	0
CX04B_HUMAN	3	3963	0
CX052_HUMAN	1	1644	0
CX056_HUMAN	78	0	1
CX057_HUMAN	57	0	1
CX058_HUMAN	5	1738	0
CX059_HUMAN	3	1696	0
CX062_HUMAN	1	3972	0
CX064_HUMAN	4	1266	0
CX065_HUMAN	4	1553	0
CX066_HUMAN	34	311	0
CX067_HUMAN	16	276	0
CX3C1_HUMAN	5	1418	0
CX6A1_HUMAN	63	0	1
CX6A2_HUMAN	10	1129	0
CX6B1_HUMAN	282	0	1
CX6B2_HUMAN	3	3064	0
CX7A1_HUMAN	13	873	0
CX7A2_HUMAN	121	0	1
CX7B2_HUMAN	11	1030	0
CXA10_HUMAN	3	2350	0
CXA1_HUMAN	699	0	1
CXA3_HUMAN	17	378	0
CXA4_HUMAN	9	790	0
CXA5_HUMAN	36	292	0
CXA8_HUMAN	161	0	1
CXA9_HUMAN	2	1962	0
CXAR_HUMAN	366	0	1
CXB1_HUMAN	75	0	1
CXB2_HUMAN	65	0	1
CXB3_HUMAN	17	457	0
CXB4_HUMAN	10	1189	0
CXB5_HUMAN	71	0	1
CXB6_HUMAN	14	1060	0
CXB7_HUMAN	54	0	1
CXCL2_HUMAN	12	688	0
CXCL3_HUMAN	9	1032	0
CXCL5_HUMAN	19	531	0
CXCL6_HUMAN	26	343	0
CXCL7_HUMAN	26	286	0
CXCL9_HUMAN	63	0	1
CXCR1_HUMAN	16	566	0
CXCR2_HUMAN	51	0	1
CXCR3_HUMAN	160	0	1
CXCR4_HUMAN	314	0	1
CXCR5_HUMAN	11	775	0
CXCR6_HUMAN	1	6815	0
CXCR7_HUMAN,ACKR3_HUMAN	117	0	1
CXD2_HUMAN	1	4164	0
CXD3_HUMAN	451	0	1
CXD4_HUMAN	13	630	0
CXG1_HUMAN	49	0	1
CXG2_HUMAN	7	1303	0
CXG3_HUMAN	2	3501	0
CXL10_HUMAN	2	3592	0
CXL11_HUMAN	6	937	0
CXL13_HUMAN	8	893	0
CXL14_HUMAN	18	480	0
CXL16_HUMAN	86	0	1
CXX1_HUMAN	52	0	1
CXXC1_HUMAN	135	0	1
CXXC4_HUMAN	13	539	0
CXXC5_HUMAN	20	277	0
CXY02_HUMAN	1	1451	0
CY15A_HUMAN	1	4685	0
CY15B_HUMAN	2	2355	0
CY1_HUMAN	255	0	1
CY24A_HUMAN	65	0	1
CY24B_HUMAN	26	172	0
CY561_HUMAN	64	0	1
CYAC3_HUMAN	24	435	0
CYB5B_HUMAN	299	0	1
CYB5_HUMAN	153	0	1
CYBP_HUMAN	300	0	1
CYBR1_HUMAN	49	0	1
CYB_HUMAN	20	379	0
CYC_HUMAN	201	0	1
CYFP1_HUMAN	201	0	1
CYFP2_HUMAN	173	0	1
CYGB_HUMAN	14	600	0
CYH1_HUMAN	49	0	1
CYH2_HUMAN	46	0	1
CYH3_HUMAN	46	0	1
CYH4_HUMAN	45	0	1
CYHR1_HUMAN	46	0	1
CYLC1_HUMAN	19	478	0
CYLC2_HUMAN	27	220	0
CYLD_HUMAN	849	0	1
CYR61_HUMAN	47	0	1
CYS1_HUMAN	24	310	0
CYTA_HUMAN	149	0	1
CYTB_HUMAN	108	0	1
CYTC_HUMAN	31	157	0
CYTD_HUMAN	39	254	0
CYTF_HUMAN	14	721	0
CYTIP_HUMAN	16	604	0
CYTL1_HUMAN	1	1579	0
CYTM1_HUMAN	25	317	0
CYTM_HUMAN	101	0	1
CYTN_HUMAN	143	0	1
CYTSA_HUMAN	187	0	1
CYTSB_HUMAN	154	0	1
CYTS_HUMAN	97	0	1
CYTT_HUMAN	51	0	1
CYYR1_HUMAN	7	913	0
D103A_HUMAN	11	1086	0
D104A_HUMAN	7	1035	0
D105A_HUMAN	1	6771	0
D106A_HUMAN	16	754	0
D107A_HUMAN	12	609	0
D108B_HUMAN	3	4273	0
D19L1_HUMAN	85	0	1
D19L2_HUMAN	10	922	0
D19L3_HUMAN	26	184	0
D19L4_HUMAN	48	0	1
D19P1_HUMAN	2	966	0
D2HDH_HUMAN	147	0	1
D39U1_HUMAN	28	196	0
D42E1_HUMAN	3	712	0
D42E2_HUMAN	4	951	0
DAAF1_HUMAN	10	533	0
DAAF3_HUMAN	5	1115	0
DAAM1_HUMAN	77	0	1
DAAM2_HUMAN	39	207	0
DAB1_HUMAN	83	0	1
DAB2P_HUMAN	98	0	1
DAB2_HUMAN	132	0	1
DACH1_HUMAN	101	0	1
DACH2_HUMAN	12	610	0
DACT1_HUMAN	36	161	0
DACT2_HUMAN	14	622	0
DACT3_HUMAN	17	482	0
DAD1_HUMAN	107	0	1
DAF_HUMAN	90	0	1
DAG1_HUMAN	169	0	1
DALD3_HUMAN	22	205	0
DAOA_HUMAN	2	5110	0
DAP1_HUMAN	13	341	0
DAPAL_HUMAN	23	397	0
DAPK1_HUMAN	200	0	1
DAPK2_HUMAN	16	397	0
DAPK3_HUMAN	83	0	1
DAPL1_HUMAN	8	1098	0
DAPLE_HUMAN	74	0	1
DAPP1_HUMAN	26	218	0
DAXX_HUMAN	350	0	1
DAZ1_HUMAN	10	1010	0
DAZ2_HUMAN	22	281	0
DAZ3_HUMAN	2	1522	0
DAZ4_HUMAN	6	1132	0
DAZL_HUMAN	145	0	1
DAZP1_HUMAN	153	0	1
DAZP2_HUMAN	192	0	1
DB109_HUMAN	36	365	0
DB110_HUMAN	16	494	0
DB112_HUMAN	3	3861	0
DB114_HUMAN	2	2546	0
DB115_HUMAN	2	2138	0
DB116_HUMAN	6	1373	0
DB118_HUMAN	3	3555	0
DB119_HUMAN	1	1713	0
DB121_HUMAN	20	649	0
DB123_HUMAN	15	742	0
DB124_HUMAN	4	1149	0
DB125_HUMAN	18	571	0
DB126_HUMAN	3	1079	0
DB127_HUMAN	27	311	0
DB128_HUMAN	1	7491	0
DB129_HUMAN	2	5499	0
DB130_HUMAN	1	3972	0
DB131_HUMAN	4	1976	0
DB132_HUMAN	4	1191	0
DB135_HUMAN	42	348	0
DB136_HUMAN	43	0	1
DBC1_HUMAN,BRNP1_HUMAN	36	166	0
DBF4A_HUMAN	30	226	0
DBF4B_HUMAN	41	193	0
DBLOH_HUMAN	290	0	1
DBND1_HUMAN	3	1728	0
DBND2_HUMAN	10	611	0
DBNL_HUMAN	178	0	1
DBPA_HUMAN,YBOX3_HUMAN	334	0	1
DBP_HUMAN	13	629	0
DBR1_HUMAN	36	130	0
DBX1_HUMAN	1	8353	0
DBX2_HUMAN	7	898	0
DC121_HUMAN	17	432	0
DC122_HUMAN	29	258	0
DC1I1_HUMAN	105	0	1
DC1I2_HUMAN	293	0	1
DC1L1_HUMAN	237	0	1
DC1L2_HUMAN	152	0	1
DC2L1_HUMAN	41	167	0
DC4L1_HUMAN	35	232	0
DC4L2_HUMAN	40	182	0
DC8L1_HUMAN	2	2183	0
DCA10_HUMAN	134	0	1
DCA11_HUMAN	140	0	1
DCA12_HUMAN	104	0	1
DCA13_HUMAN	235	0	1
DCA15_HUMAN	251	0	1
DCA16_HUMAN	68	0	1
DCA17_HUMAN	17	433	0
DCAF4_HUMAN	421	0	1
DCAF5_HUMAN	101	0	1
DCAF6_HUMAN	220	0	1
DCAF7_HUMAN	358	0	1
DCAF8_HUMAN	191	0	1
DCAKD_HUMAN	118	0	1
DCAM_HUMAN	55	0	1
DCBD1_HUMAN	34	214	0
DCBD2_HUMAN	62	0	1
DCC1_HUMAN	51	0	1
DCC_HUMAN	75	0	1
DCD2B_HUMAN	20	399	0
DCDC1_HUMAN	8	594	0
DCDC2_HUMAN	38	193	0
DCD_HUMAN	257	0	1
DCE1_HUMAN	26	198	0
DCE2_HUMAN	46	0	1
DCHS_HUMAN	2	1030	0
DCK_HUMAN	65	0	1
DCLK1_HUMAN	127	0	1
DCLK2_HUMAN	36	154	0
DCLK3_HUMAN	11	882	0
DCMC_HUMAN	39	217	0
DCNL1_HUMAN	267	0	1
DCNL2_HUMAN	28	223	0
DCNL3_HUMAN	28	160	0
DCNL4_HUMAN	28	153	0
DCNL5_HUMAN	79	0	1
DCNP1_HUMAN	17	736	0
DCOR_HUMAN	23	197	0
DCP1A_HUMAN	172	0	1
DCP1B_HUMAN	110	0	1
DCP2_HUMAN	104	0	1
DCPS_HUMAN	391	0	1
DCR1A_HUMAN	20	279	0
DCR1B_HUMAN	36	179	0
DCR1C_HUMAN	40	184	0
DCST1_HUMAN	18	379	0
DCST2_HUMAN	3	2759	0
DCSTP_HUMAN	2	3685	0
DCTD_HUMAN	29	158	0
DCTN1_HUMAN	507	0	1
DCTN2_HUMAN	339	0	1
DCTN3_HUMAN	144	0	1
DCTN4_HUMAN	138	0	1
DCTN5_HUMAN	89	0	1
DCTN6_HUMAN	64	0	1
DCTP1_HUMAN	70	0	1
DCUP_HUMAN	39	138	0
DCXR_HUMAN	67	0	1
DCX_HUMAN	93	0	1
DD19A_HUMAN	88	0	1
DD19B_HUMAN	260	0	1
DDA1_HUMAN	376	0	1
DDAH1_HUMAN	53	0	1
DDAH2_HUMAN	74	0	1
DDB1_HUMAN	679	0	1
DDB2_HUMAN	150	0	1
DDC_HUMAN	7	442	0
DDHD1_HUMAN	46	0	1
DDHD2_HUMAN	43	0	1
DDI1_HUMAN	63	0	1
DDI2_HUMAN	134	0	1
DDIT3_HUMAN	122	0	1
DDIT4_HUMAN	22	167	0
DDR1_HUMAN	150	0	1
DDR2_HUMAN	141	0	1
DDRGK_HUMAN	1243	0	1
DDT4L_HUMAN	216	0	1
DDTL_HUMAN	17	278	0
DDX10_HUMAN	186	0	1
DDX11_HUMAN	70	0	1
DDX12_HUMAN	5	636	0
DDX17_HUMAN	456	0	1
DDX18_HUMAN	352	0	1
DDX1_HUMAN	408	0	1
DDX20_HUMAN	250	0	1
DDX21_HUMAN	692	0	1
DDX23_HUMAN	474	0	1
DDX24_HUMAN	597	0	1
DDX25_HUMAN	6	1063	0
DDX27_HUMAN	314	0	1
DDX28_HUMAN	491	0	1
DDX31_HUMAN	267	0	1
DDX3X_HUMAN	618	0	1
DDX3Y_HUMAN	99	0	1
DDX41_HUMAN	288	0	1
DDX42_HUMAN	215	0	1
DDX43_HUMAN	18	241	0
DDX46_HUMAN	250	0	1
DDX47_HUMAN	192	0	1
DDX49_HUMAN	63	0	1
DDX4_HUMAN	21	224	0
DDX50_HUMAN	281	0	1
DDX51_HUMAN	109	0	1
DDX52_HUMAN	183	0	1
DDX53_HUMAN	7	602	0
DDX54_HUMAN	360	0	1
DDX55_HUMAN	191	0	1
DDX56_HUMAN	317	0	1
DDX58_HUMAN	1661	0	1
DDX59_HUMAN	21	204	0
DDX5_HUMAN	597	0	1
DDX60_HUMAN	84	0	1
DDX6L_HUMAN	35	219	0
DDX6_HUMAN	537	0	1
DEAF1_HUMAN	52	0	1
DEC1_HUMAN	33	226	0
DECR2_HUMAN	62	0	1
DECR_HUMAN	90	0	1
DEDD2_HUMAN	16	376	0
DEDD_HUMAN	31	210	0
DEF1_HUMAN	106	0	1
DEF3_HUMAN	6	887	0
DEF5_HUMAN	83	0	1
DEF6_HUMAN	20	385	0
DEFB1_HUMAN	13	669	0
DEFI6_HUMAN	59	0	1
DEFI8_HUMAN	59	0	1
DEFM_HUMAN	75	0	1
DEGS1_HUMAN	83	0	1
DEGS2_HUMAN	1	3972	0
DEK_HUMAN	215	0	1
DELE_HUMAN	7	692	0
DEMA_HUMAN	35	167	0
DEN1A_HUMAN	99	0	1
DEN1B_HUMAN	16	250	0
DEN1C_HUMAN	9	319	0
DEN2A_HUMAN	6	467	0
DEN2C_HUMAN	14	476	0
DEN2D_HUMAN	35	214	0
DEN4B_HUMAN	13	278	0
DEN4C_HUMAN	139	0	1
DEN5A_HUMAN	21	216	0
DEN5B_HUMAN	19	195	0
DEND3_HUMAN	7	482	0
DEND_HUMAN	7	864	0
DENR_HUMAN	76	0	1
DEOC_HUMAN	42	143	0
DEP1A_HUMAN	32	210	0
DEP1B_HUMAN	194	0	1
DEPD4_HUMAN	1	2305	0
DEPD5_HUMAN	41	165	0
DEPD7_HUMAN	17	282	0
DEPP_HUMAN	8	1105	0
DERL1_HUMAN	454	0	1
DERL2_HUMAN	127	0	1
DERL3_HUMAN	25	425	0
DERM_HUMAN	4	707	0
DERP6_HUMAN,ELP5_HUMAN	18	328	0
DESI1_HUMAN	62	0	1
DESI2_HUMAN	15	535	0
DESM_HUMAN	162	0	1
DESP_HUMAN	453	0	1
DEST_HUMAN	193	0	1
DET1_HUMAN	155	0	1
DEXI_HUMAN	7	1433	0
DFB4A_HUMAN	2	2491	0
DFFA_HUMAN	82	0	1
DFFB_HUMAN	37	160	0
DFNA5_HUMAN	176	0	1
DG2L6_HUMAN	46	0	1
DGAT1_HUMAN	50	0	1
DGAT2_HUMAN	7	672	0
DGC14_HUMAN	153	0	1
DGC6L_HUMAN	30	299	0
DGCR6_HUMAN	71	0	1
DGCR8_HUMAN	244	0	1
DGKA_HUMAN	16	335	0
DGKB_HUMAN	4	1119	0
DGKD_HUMAN	23	228	0
DGKE_HUMAN	81	0	1
DGKG_HUMAN	33	226	0
DGKH_HUMAN	30	173	0
DGKI_HUMAN	9	487	0
DGKK_HUMAN	6	658	0
DGKQ_HUMAN	16	366	0
DGKZ_HUMAN	92	0	1
DGLA_HUMAN	21	297	0
DGLB_HUMAN	69	0	1
DGUOK_HUMAN	88	0	1
DHAK_HUMAN,TKFC_HUMAN	95	0	1
DHB11_HUMAN	411	0	1
DHB12_HUMAN	238	0	1
DHB13_HUMAN	140	0	1
DHB14_HUMAN	46	0	1
DHB1_HUMAN	16	590	0
DHB2_HUMAN	10	641	0
DHB3_HUMAN	31	193	0
DHB4_HUMAN	200	0	1
DHB7_HUMAN	52	0	1
DHB8_HUMAN	41	207	0
DHC24_HUMAN	206	0	1
DHCR7_HUMAN	203	0	1
DHDDS_HUMAN	10	989	0
DHDH_HUMAN	54	0	1
DHE3_HUMAN	271	0	1
DHE4_HUMAN	38	149	0
DHH_HUMAN	45	0	1
DHI1L_HUMAN	3	564	0
DHI1_HUMAN	22	256	0
DHI2_HUMAN	8	427	0
DHPR_HUMAN	41	116	0
DHR11_HUMAN	8	1218	0
DHR12_HUMAN	20	568	0
DHR13_HUMAN	52	0	1
DHRS1_HUMAN	41	192	0
DHRS2_HUMAN	92	0	1
DHRS3_HUMAN	43	0	1
DHRS4_HUMAN	120	0	1
DHRS7_HUMAN	161	0	1
DHRS9_HUMAN	24	280	0
DHRSX_HUMAN	21	442	0
DHSA_HUMAN,SDHA_HUMAN	417	0	1
DHSB_HUMAN,SDHB_HUMAN	223	0	1
DHSD_HUMAN	25	221	0
DHSO_HUMAN	110	0	1
DHTK1_HUMAN	68	0	1
DHX15_HUMAN	519	0	1
DHX16_HUMAN	177	0	1
DHX29_HUMAN	104	0	1
DHX30_HUMAN	553	0	1
DHX32_HUMAN	44	0	1
DHX33_HUMAN	78	0	1
DHX34_HUMAN	28	181	0
DHX35_HUMAN	66	0	1
DHX36_HUMAN	246	0	1
DHX37_HUMAN	148	0	1
DHX40_HUMAN	250	0	1
DHX57_HUMAN	261	0	1
DHX58_HUMAN	25	211	0
DHX8_HUMAN	306	0	1
DHX9_HUMAN	727	0	1
DHYS_HUMAN	101	0	1
DI3L1_HUMAN	47	0	1
DI3L2_HUMAN	36	160	0
DIA1R_HUMAN	1	3361	0
DIA1_HUMAN	85	0	1
DIAC_HUMAN	31	273	0
DIAP1_HUMAN	167	0	1
DIAP2_HUMAN	55	0	1
DIAP3_HUMAN	117	0	1
DICER_HUMAN	273	0	1
DIC_HUMAN	217	0	1
DIDO1_HUMAN	193	0	1
DIEXF_HUMAN	99	0	1
DIM1_HUMAN	199	0	1
DIP2A_HUMAN	107	0	1
DIP2B_HUMAN	69	0	1
DIP2C_HUMAN	10	255	0
DIRA1_HUMAN	27	289	0
DIRA2_HUMAN	45	0	1
DIRA3_HUMAN	262	0	1
DIRC2_HUMAN	46	0	1
DISC1_HUMAN	871	0	1
DISP1_HUMAN	14	388	0
DISP2_HUMAN	5	566	0
DIXC1_HUMAN	25	162	0
DJB11_HUMAN	372	0	1
DJB12_HUMAN	179	0	1
DJB13_HUMAN	47	0	1
DJB14_HUMAN	73	0	1
DJC10_HUMAN	289	0	1
DJC11_HUMAN	244	0	1
DJC12_HUMAN	59	0	1
DJC13_HUMAN	167	0	1
DJC14_HUMAN	51	0	1
DJC15_HUMAN	166	0	1
DJC16_HUMAN	271	0	1
DJC17_HUMAN	133	0	1
DJC18_HUMAN	85	0	1
DJC21_HUMAN	84	0	1
DJC22_HUMAN	39	192	0
DJC24_HUMAN	8	504	0
DJC25_HUMAN	349	0	1
DJC27_HUMAN	14	688	0
DJC28_HUMAN	95	0	1
DJC30_HUMAN	268	0	1
DKC1_HUMAN	399	0	1
DKK1_HUMAN	23	196	0
DKK2_HUMAN	48	0	1
DKK3_HUMAN	92	0	1
DKK4_HUMAN	9	792	0
DKKL1_HUMAN	128	0	1
DLDH_HUMAN	499	0	1
DLEC1_HUMAN	6	1027	0
DLG1_HUMAN	248	0	1
DLG2_HUMAN	55	0	1
DLG3_HUMAN	113	0	1
DLG4_HUMAN	152	0	1
DLG5_HUMAN	186	0	1
DLGP1_HUMAN	32	202	0
DLGP2_HUMAN	28	311	0
DLGP3_HUMAN	36	147	0
DLGP4_HUMAN	82	0	1
DLGP5_HUMAN	77	0	1
DLK1_HUMAN	171	0	1
DLK2_HUMAN	37	306	0
DLL1_HUMAN	25	307	0
DLL3_HUMAN	16	247	0
DLL4_HUMAN	2	3215	0
DLN1_HUMAN	14	370	0
DLP1_HUMAN	37	205	0
DLRB1_HUMAN	89	0	1
DLRB2_HUMAN	15	257	0
DLX1_HUMAN	7	684	0
DLX2_HUMAN	22	222	0
DLX3_HUMAN	5	2246	0
DLX4_HUMAN	14	530	0
DLX5_HUMAN	20	466	0
DLX6_HUMAN	35	203	0
DMAP1_HUMAN	192	0	1
DMBT1_HUMAN	68	0	1
DMBX1_HUMAN	1	3306	0
DMB_HUMAN	65	0	1
DMC1_HUMAN	26	210	0
DMD_HUMAN	122	0	1
DMKN_HUMAN	28	164	0
DMP1_HUMAN	3	2288	0
DMP4_HUMAN,FA20C_HUMAN	247	0	1
DMPK_HUMAN	24	198	0
DMRT1_HUMAN	7	1637	0
DMRT2_HUMAN	2	2635	0
DMRT3_HUMAN	83	0	1
DMRTA_HUMAN	3	1405	0
DMRTB_HUMAN	95	0	1
DMRTC_HUMAN	3	1768	0
DMRTD_HUMAN	2	4084	0
DMTF1_HUMAN	8	419	0
DMWD_HUMAN	96	0	1
DMXL1_HUMAN	59	0	1
DMXL2_HUMAN	82	0	1
DNA2L_HUMAN,DNA2_HUMAN	77	0	1
DNAI1_HUMAN	9	430	0
DNAI2_HUMAN	78	0	1
DNAL1_HUMAN	7	542	0
DNAL4_HUMAN	37	227	0
DNAS1_HUMAN	2	1125	0
DND1_HUMAN	118	0	1
DNER_HUMAN	9	467	0
DNHD1_HUMAN	15	250	0
DNJ5B_HUMAN	82	0	1
DNJ5G_HUMAN	9	786	0
DNJA1_HUMAN	600	0	1
DNJA2_HUMAN	615	0	1
DNJA3_HUMAN	395	0	1
DNJA4_HUMAN	94	0	1
DNJB1_HUMAN	336	0	1
DNJB2_HUMAN	142	0	1
DNJB3_HUMAN	61	0	1
DNJB4_HUMAN	159	0	1
DNJB5_HUMAN	121	0	1
DNJB6_HUMAN	388	0	1
DNJB7_HUMAN	34	213	0
DNJB8_HUMAN	117	0	1
DNJB9_HUMAN	213	0	1
DNJC1_HUMAN	376	0	1
DNJC2_HUMAN	223	0	1
DNJC3_HUMAN	266	0	1
DNJC4_HUMAN	56	0	1
DNJC5_HUMAN	381	0	1
DNJC7_HUMAN	476	0	1
DNJC8_HUMAN	230	0	1
DNJC9_HUMAN	291	0	1
DNLI1_HUMAN	105	0	1
DNLI3_HUMAN	229	0	1
DNLI4_HUMAN	150	0	1
DNLZ_HUMAN	33	326	0
DNM1L_HUMAN	366	0	1
DNM3A_HUMAN	91	0	1
DNM3B_HUMAN	99	0	1
DNM3L_HUMAN	14	543	0
DNMBP_HUMAN	113	0	1
DNMT1_HUMAN	232	0	1
DNPEP_HUMAN	105	0	1
DNS2A_HUMAN	24	157	0
DNS2B_HUMAN	52	0	1
DNSL1_HUMAN	133	0	1
DNSL2_HUMAN	26	272	0
DNSL3_HUMAN	3	2165	0
DOA_HUMAN	5	1903	0
DOB_HUMAN	5	1979	0
DOC10_HUMAN	29	150	0
DOC11_HUMAN	51	0	1
DOC2A_HUMAN	18	500	0
DOC2B_HUMAN	7	1466	0
DOCK1_HUMAN	67	0	1
DOCK2_HUMAN	65	0	1
DOCK3_HUMAN	63	0	1
DOCK4_HUMAN	74	0	1
DOCK5_HUMAN	124	0	1
DOCK6_HUMAN	60	0	1
DOCK7_HUMAN	279	0	1
DOCK8_HUMAN	127	0	1
DOCK9_HUMAN	62	0	1
DOHH_HUMAN	18	253	0
DOK1_HUMAN	38	196	0
DOK2_HUMAN	112	0	1
DOK3_HUMAN	49	0	1
DOK4_HUMAN	69	0	1
DOK5_HUMAN	18	427	0
DOK6_HUMAN	24	310	0
DOK7_HUMAN	8	946	0
DOLK_HUMAN	53	0	1
DOM3Z_HUMAN,DXO_HUMAN	24	346	0
DONS_HUMAN	31	241	0
DOP1_HUMAN	21	187	0
DOP2_HUMAN	57	0	1
DOPD_HUMAN	20	213	0
DOPO_HUMAN	12	391	0
DOPP1_HUMAN	49	0	1
DOS_HUMAN	79	0	1
DOT1L_HUMAN	797	0	1
DOXA1_HUMAN	2	1727	0
DOXA2_HUMAN	69	0	1
DP13A_HUMAN	180	0	1
DP13B_HUMAN	74	0	1
DPA1_HUMAN	124	0	1
DPB1_HUMAN	98	0	1
DPCA2_HUMAN	1	1502	0
DPCD_HUMAN	30	203	0
DPCR1_HUMAN	1	2305	0
DPEP1_HUMAN	65	0	1
DPEP2_HUMAN	49	0	1
DPEP3_HUMAN	7	428	0
DPF1_HUMAN	94	0	1
DPF3_HUMAN	100	0	1
DPH1_HUMAN	63	0	1
DPH2_HUMAN	48	0	1
DPH3_HUMAN	11	713	0
DPH5_HUMAN	20	246	0
DPM1_HUMAN	185	0	1
DPM2_HUMAN	53	0	1
DPM3_HUMAN	19	235	0
DPOA2_HUMAN	133	0	1
DPOD1_HUMAN	346	0	1
DPOD2_HUMAN	77	0	1
DPOD3_HUMAN	415	0	1
DPOD4_HUMAN	9	595	0
DPOE1_HUMAN	155	0	1
DPOE2_HUMAN	55	0	1
DPOE3_HUMAN	82	0	1
DPOE4_HUMAN	30	203	0
DPOG1_HUMAN	110	0	1
DPOG2_HUMAN	44	0	1
DPOLA_HUMAN	114	0	1
DPOLB_HUMAN	58	0	1
DPOLL_HUMAN	72	0	1
DPOLM_HUMAN	19	347	0
DPOLN_HUMAN	16	438	0
DPOLQ_HUMAN	19	278	0
DPOLZ_HUMAN	43	0	1
DPP10_HUMAN	6	685	0
DPP2_HUMAN	44	0	1
DPP3_HUMAN	48	0	1
DPP4_HUMAN	453	0	1
DPP6_HUMAN	17	394	0
DPP8_HUMAN	54	0	1
DPP9_HUMAN	106	0	1
DPPA2_HUMAN	41	227	0
DPPA3_HUMAN	44	0	1
DPPA4_HUMAN	139	0	1
DPPA5_HUMAN	1	4114	0
DPRX_HUMAN	17	398	0
DPS1_HUMAN	25	210	0
DPTOR_HUMAN	75	0	1
DPY30_HUMAN	195	0	1
DPYD_HUMAN	18	230	0
DPYL1_HUMAN	139	0	1
DPYL2_HUMAN	222	0	1
DPYL3_HUMAN	89	0	1
DPYL4_HUMAN	60	0	1
DPYL5_HUMAN	72	0	1
DPYS_HUMAN	9	646	0
DQA1_HUMAN	124	0	1
DQA2_HUMAN	3	4309	0
DQB1_HUMAN	71	0	1
DQB2_HUMAN	9	637	0
DQX1_HUMAN	18	479	0
DR4L1_HUMAN	4	1737	0
DR4L2_HUMAN	14	580	0
DR9C7_HUMAN	89	0	1
DRAM1_HUMAN	11	867	0
DRAM2_HUMAN	5	934	0
DRAXI_HUMAN	1	7514	0
DRA_HUMAN	179	0	1
DRB3_HUMAN	53	0	1
DRB4_HUMAN	9	427	0
DRB5_HUMAN	32	191	0
DRD1_HUMAN	16	532	0
DRD2_HUMAN	108	0	1
DRD3_HUMAN	34	240	0
DRD4_HUMAN	26	225	0
DRD5_HUMAN	8	1325	0
DREB_HUMAN	437	0	1
DRG1_HUMAN	397	0	1
DRG2_HUMAN	67	0	1
DRP2_HUMAN	8	623	0
DRS7B_HUMAN	126	0	1
DRS7C_HUMAN	1	6055	0
DSC1_HUMAN	133	0	1
DSC2_HUMAN	174	0	1
DSC3_HUMAN	119	0	1
DSCAM_HUMAN	172	0	1
DSCL1_HUMAN	11	540	0
DSCR3_HUMAN	75	0	1
DSCR4_HUMAN	10	526	0
DSCR6_HUMAN	112	0	1
DSCR8_HUMAN	2	3642	0
DSCR9_HUMAN	146	0	1
DSEL_HUMAN	6	340	0
DSE_HUMAN	36	221	0
DSG1_HUMAN	210	0	1
DSG2_HUMAN	300	0	1
DSG3_HUMAN	36	236	0
DSG4_HUMAN	123	0	1
DSN1_HUMAN	93	0	1
DSPP_HUMAN	2	1679	0
DSRAD_HUMAN	301	0	1
DSS1_HUMAN	157	0	1
DTBP1_HUMAN	169	0	1
DTD1_HUMAN	29	145	0
DTD2_HUMAN	7	796	0
DTHD1_HUMAN	2	2207	0
DTL_HUMAN	114	0	1
DTNA_HUMAN	134	0	1
DTNB_HUMAN	108	0	1
DTWD1_HUMAN	12	836	0
DTWD2_HUMAN	37	193	0
DTX1_HUMAN	32	216	0
DTX2_HUMAN	338	0	1
DTX3L_HUMAN	81	0	1
DTX3_HUMAN	130	0	1
DTX4_HUMAN	22	215	0
DUFFY_HUMAN,ACKR1_HUMAN	6	2467	0
DUOX1_HUMAN	11	485	0
DUOX2_HUMAN	38	191	0
DUPD1_HUMAN	39	239	0
DUS10_HUMAN	67	0	1
DUS11_HUMAN	95	0	1
DUS12_HUMAN	61	0	1
DUS13_HUMAN,DS13A_HUMAN,DS13B_HUMAN	101	0	1
DUS14_HUMAN	185	0	1
DUS15_HUMAN	42	155	0
DUS16_HUMAN	236	0	1
DUS18_HUMAN	24	233	0
DUS19_HUMAN	95	0	1
DUS1L_HUMAN	17	228	0
DUS1_HUMAN	98	0	1
DUS21_HUMAN	83	0	1
DUS22_HUMAN	146	0	1
DUS23_HUMAN	116	0	1
DUS26_HUMAN	57	0	1
DUS27_HUMAN	6	1008	0
DUS28_HUMAN	59	0	1
DUS2L_HUMAN	18	212	0
DUS2_HUMAN	77	0	1
DUS3L_HUMAN	52	0	1
DUS3_HUMAN	82	0	1
DUS4L_HUMAN	11	467	0
DUS4_HUMAN	115	0	1
DUS5_HUMAN	52	0	1
DUS6_HUMAN	124	0	1
DUS7_HUMAN	68	0	1
DUS8_HUMAN	39	205	0
DUS9_HUMAN	96	0	1
DUSTY_HUMAN	71	0	1
DUT_HUMAN	133	0	1
DUX1_HUMAN	7	1128	0
DUX2_HUMAN	3	3540	0
DUX3_HUMAN	10	854	0
DUX4_HUMAN	5	1256	0
DUXA_HUMAN	11	750	0
DVL1L_HUMAN	5	1101	0
DVL1_HUMAN	132	0	1
DVL2_HUMAN	552	0	1
DVL3_HUMAN	274	0	1
DX26B_HUMAN	21	370	0
DX39A_HUMAN	1067	0	1
DX39B_HUMAN	589	0	1
DY12L_HUMAN	19	283	0
DYDC1_HUMAN	35	268	0
DYDC2_HUMAN	10	1181	0
DYH10_HUMAN	31	152	0
DYH11_HUMAN	13	291	0
DYH12_HUMAN	2	4273	0
DYH14_HUMAN	30	191	0
DYH17_HUMAN	24	178	0
DYH1_HUMAN	20	268	0
DYH2_HUMAN	32	175	0
DYH3_HUMAN	14	367	0
DYH5_HUMAN	27	202	0
DYH6_HUMAN	35	203	0
DYH7_HUMAN	19	258	0
DYH8_HUMAN	21	235	0
DYH9_HUMAN	18	247	0
DYHC1_HUMAN	522	0	1
DYHC2_HUMAN	81	0	1
DYL1_HUMAN	498	0	1
DYL2_HUMAN	283	0	1
DYLT1_HUMAN	236	0	1
DYLT3_HUMAN	34	165	0
DYM_HUMAN	98	0	1
DYN1_HUMAN	119	0	1
DYN2_HUMAN	303	0	1
DYN3_HUMAN	93	0	1
DYR1A_HUMAN	1096	0	1
DYR1B_HUMAN	96	0	1
DYRK2_HUMAN	167	0	1
DYRK3_HUMAN	42	169	0
DYRK4_HUMAN	34	166	0
DYRL1_HUMAN	289	0	1
DYR_HUMAN	139	0	1
DYSF_HUMAN	65	0	1
DYST_HUMAN	87	0	1
DYTN_HUMAN	2	1012	0
DYXC1_HUMAN	22	249	0
DZAN1_HUMAN	7	946	0
DZI1L_HUMAN	22	195	0
DZIP1_HUMAN	45	0	1
DZIP3_HUMAN	190	0	1
E15L2_HUMAN	1	6478	0
E2AK1_HUMAN	32	180	0
E2AK2_HUMAN	399	0	1
E2AK3_HUMAN	162	0	1
E2AK4_HUMAN	79	0	1
E2F1_HUMAN	203	0	1
E2F2_HUMAN	43	0	1
E2F3_HUMAN	70	0	1
E2F4_HUMAN	477	0	1
E2F5_HUMAN	30	219	0
E2F6_HUMAN	187	0	1
E2F7_HUMAN	52	0	1
E2F8_HUMAN	39	160	0
E400N_HUMAN	12	397	0
E41L1_HUMAN	196	0	1
E41L2_HUMAN	298	0	1
E41L3_HUMAN	265	0	1
E41L5_HUMAN	328	0	1
E41LA_HUMAN	125	0	1
E41LB_HUMAN	88	0	1
E4F1_HUMAN	107	0	1
EA3L1_HUMAN	1	5971	0
EAA1_HUMAN	277	0	1
EAA2_HUMAN	105	0	1
EAA3_HUMAN	257	0	1
EAA4_HUMAN	57	0	1
EAA5_HUMAN	11	711	0
EAF1_HUMAN	152	0	1
EAF2_HUMAN	37	200	0
EAF6_HUMAN	135	0	1
EAN57_HUMAN	17	419	0
EAPP_HUMAN	74	0	1
EBLN2_HUMAN	11	969	0
EBP2_HUMAN	329	0	1
EBPL_HUMAN	4	1107	0
EBP_HUMAN	267	0	1
ECAT1_HUMAN,KHD3L_HUMAN	5	2585	0
ECE1_HUMAN	111	0	1
ECE2_HUMAN	27	301	0
ECEL1_HUMAN	141	0	1
ECH1_HUMAN	320	0	1
ECHA_HUMAN	592	0	1
ECHB_HUMAN	501	0	1
ECHD1_HUMAN	70	0	1
ECHD2_HUMAN	19	494	0
ECHD3_HUMAN	11	709	0
ECHM_HUMAN	267	0	1
ECHP_HUMAN	187	0	1
ECI1_HUMAN	71	0	1
ECI2_HUMAN	155	0	1
ECM1_HUMAN	151	0	1
ECM29_HUMAN	333	0	1
ECM2_HUMAN	2	2153	0
ECP_HUMAN	23	295	0
ECSCR_HUMAN	14	566	0
ECSIT_HUMAN	246	0	1
ECT2L_HUMAN	30	224	0
ECT2_HUMAN	884	0	1
EDAD_HUMAN	15	308	0
EDAR_HUMAN	61	0	1
EDA_HUMAN	124	0	1
EDC3_HUMAN	167	0	1
EDC4_HUMAN	202	0	1
EDEM1_HUMAN	212	0	1
EDEM2_HUMAN	125	0	1
EDEM3_HUMAN	126	0	1
EDF1_HUMAN	91	0	1
EDIL3_HUMAN	37	169	0
EDN1_HUMAN	8	936	0
EDN3_HUMAN	108	0	1
EDNRA_HUMAN	52	0	1
EDNRB_HUMAN	37	264	0
EDRF1_HUMAN	100	0	1
EEA1_HUMAN	740	0	1
EED_HUMAN	576	0	1
EEPD1_HUMAN	31	177	0
EF1A1_HUMAN	859	0	1
EF1A2_HUMAN	359	0	1
EF1A3_HUMAN	153	0	1
EF1B_HUMAN	226	0	1
EF1DL_HUMAN	1	2392	0
EF1D_HUMAN	369	0	1
EF1G_HUMAN	599	0	1
EF2K_HUMAN	167	0	1
EF2_HUMAN	581	0	1
EFC11_HUMAN	15	414	0
EFC4A_HUMAN	20	402	0
EFC4B_HUMAN	63	0	1
EFCB1_HUMAN	8	797	0
EFCB2_HUMAN	14	774	0
EFCB3_HUMAN	13	489	0
EFCB5_HUMAN	6	463	0
EFCB6_HUMAN	9	565	0
EFCB7_HUMAN	18	336	0
EFCB9_HUMAN	1	3584	0
EFGM_HUMAN	322	0	1
EFHA1_HUMAN,MICU2_HUMAN	104	0	1
EFHA2_HUMAN,MICU3_HUMAN	14	609	0
EFHB_HUMAN	5	867	0
EFHC1_HUMAN	81	0	1
EFHC2_HUMAN	110	0	1
EFHD1_HUMAN	84	0	1
EFHD2_HUMAN	126	0	1
EFNA1_HUMAN	100	0	1
EFNA2_HUMAN	69	0	1
EFNA3_HUMAN	109	0	1
EFNA4_HUMAN	235	0	1
EFNA5_HUMAN	71	0	1
EFNB1_HUMAN	278	0	1
EFNB2_HUMAN	184	0	1
EFNB3_HUMAN	63	0	1
EFR1_HUMAN	14	839	0
EFR3A_HUMAN	119	0	1
EFR3B_HUMAN	69	0	1
EFRD1_HUMAN	21	755	0
EFS_HUMAN	36	177	0
EFTS_HUMAN	384	0	1
EFTU_HUMAN	728	0	1
EGFL6_HUMAN	21	338	0
EGFL7_HUMAN	116	0	1
EGFL8_HUMAN	65	0	1
EGFLA_HUMAN	14	468	0
EGFR_HUMAN	2035	0	1
EGF_HUMAN	21	273	0
EGLN1_HUMAN	91	0	1
EGLN2_HUMAN	38	164	0
EGLN3_HUMAN	1293	0	1
EGLN_HUMAN	235	0	1
EGR1_HUMAN	52	0	1
EGR2_HUMAN	159	0	1
EGR3_HUMAN	2	1960	0
EGR4_HUMAN	2	2261	0
EH1L1_HUMAN	55	0	1
EHBP1_HUMAN	135	0	1
EHD1_HUMAN	154	0	1
EHD2_HUMAN	71	0	1
EHD3_HUMAN	44	0	1
EHD4_HUMAN	151	0	1
EHF_HUMAN	12	495	0
EHMT1_HUMAN	172	0	1
EHMT2_HUMAN	280	0	1
EI24_HUMAN	104	0	1
EI2BA_HUMAN	148	0	1
EI2BB_HUMAN	142	0	1
EI2BD_HUMAN	148	0	1
EI2BE_HUMAN	169	0	1
EI2BG_HUMAN	140	0	1
EID1_HUMAN	47	0	1
EID2B_HUMAN	13	641	0
EID2_HUMAN	25	236	0
EID3_HUMAN	33	278	0
EIF1A_HUMAN	96	0	1
EIF1B_HUMAN	184	0	1
EIF1_HUMAN	35	167	0
EIF2A_HUMAN	156	0	1
EIF2D_HUMAN	52	0	1
EIF3A_HUMAN	391	0	1
EIF3B_HUMAN	369	0	1
EIF3C_HUMAN,EIFCL_HUMAN	294	0	1
EIF3D_HUMAN	268	0	1
EIF3E_HUMAN	290	0	1
EIF3F_HUMAN	322	0	1
EIF3G_HUMAN	262	0	1
EIF3H_HUMAN	281	0	1
EIF3I_HUMAN	300	0	1
EIF3J_HUMAN	134	0	1
EIF3K_HUMAN	188	0	1
EIF3L_HUMAN	265	0	1
EIF3M_HUMAN	198	0	1
EKI1_HUMAN	26	204	0
EKI2_HUMAN	21	412	0
ELAF_HUMAN	8	692	0
ELAV1_HUMAN	2031	0	1
ELAV2_HUMAN	191	0	1
ELAV3_HUMAN	65	0	1
ELAV4_HUMAN	51	0	1
ELF1_HUMAN	122	0	1
ELF2_HUMAN	153	0	1
ELF3_HUMAN	72	0	1
ELF4_HUMAN	111	0	1
ELF5_HUMAN	53	0	1
ELK1_HUMAN	107	0	1
ELK3_HUMAN	114	0	1
ELK4_HUMAN	84	0	1
ELL2_HUMAN	34	275	0
ELL3_HUMAN	33	258	0
ELL_HUMAN	67	0	1
ELMD1_HUMAN	14	665	0
ELMD2_HUMAN	17	202	0
ELMD3_HUMAN	14	423	0
ELMO1_HUMAN	45	0	1
ELMO2_HUMAN	80	0	1
ELMO3_HUMAN	35	195	0
ELNE_HUMAN	37	222	0
ELN_HUMAN	27	243	0
ELOA1_HUMAN	222	0	1
ELOA2_HUMAN	62	0	1
ELOA3_HUMAN	2	2562	0
ELOB_HUMAN	322	0	1
ELOC_HUMAN	264	0	1
ELOF1_HUMAN	25	211	0
ELOV1_HUMAN	52	0	1
ELOV2_HUMAN	65	0	1
ELOV3_HUMAN	6	1459	0
ELOV4_HUMAN	130	0	1
ELOV5_HUMAN	368	0	1
ELOV6_HUMAN	6	967	0
ELOV7_HUMAN	17	421	0
ELP1_HUMAN	199	0	1
ELP2_HUMAN	104	0	1
ELP3_HUMAN	98	0	1
ELP4_HUMAN	56	0	1
ELP6_HUMAN	50	0	1
ELYS_HUMAN	169	0	1
EM55_HUMAN	113	0	1
EMAL1_HUMAN	30	145	0
EMAL2_HUMAN	37	119	0
EMAL3_HUMAN	69	0	1
EMAL4_HUMAN	146	0	1
EMAL5_HUMAN	18	328	0
EMAL6_HUMAN	12	339	0
EMB_HUMAN	40	262	0
EMC10_HUMAN	55	0	1
EMC1_HUMAN	446	0	1
EMC2_HUMAN	419	0	1
EMC3_HUMAN	131	0	1
EMC4_HUMAN	288	0	1
EMC6_HUMAN	64	0	1
EMC7_HUMAN	162	0	1
EMC8_HUMAN	201	0	1
EMC9_HUMAN	163	0	1
EMD_HUMAN	817	0	1
EME1_HUMAN	50	0	1
EME2_HUMAN	2	2678	0
EMID1_HUMAN	59	0	1
EMID2_HUMAN,COQA1_HUMAN	5	984	0
EMIL1_HUMAN	115	0	1
EMIL2_HUMAN	28	305	0
EMIL3_HUMAN	58	0	1
EMP1_HUMAN	62	0	1
EMP2_HUMAN	7	953	0
EMP3_HUMAN	79	0	1
EMR2_HUMAN,AGRE2_HUMAN	37	312	0
EMR4_HUMAN,AGRE4_HUMAN	25	444	0
EMSY_HUMAN	150	0	1
EMX1_HUMAN	10	1036	0
EMX2_HUMAN	35	212	0
ENAH_HUMAN	120	0	1
ENAM_HUMAN	6	898	0
ENASE_HUMAN	8	401	0
ENC1_HUMAN	39	160	0
ENC2_HUMAN,KLH25_HUMAN	21	309	0
ENDD1_HUMAN	107	0	1
ENDOU_HUMAN	25	356	0
ENDOV_HUMAN	17	459	0
ENED_HUMAN	2	1135	0
ENK2_HUMAN,REC6_HUMAN,ENK6_HUMAN,GAK6_HUMAN,POK6_HUMAN,VPK6_HUMAN	3	2929	0
ENK8_HUMAN,NP5_HUMAN,ENK5_HUMAN,GAK5_HUMAN	1	1908	0
ENKUR_HUMAN	8	558	0
ENL_HUMAN	124	0	1
ENOA_HUMAN	734	0	1
ENOB_HUMAN	93	0	1
ENOF1_HUMAN	11	306	0
ENOG_HUMAN	155	0	1
ENOLL_HUMAN	2	2243	0
ENOPH_HUMAN	38	127	0
ENOX1_HUMAN	21	282	0
ENOX2_HUMAN	32	174	0
ENPLL_HUMAN	27	172	0
ENPL_HUMAN	686	0	1
ENPP1_HUMAN	84	0	1
ENPP2_HUMAN	10	453	0
ENPP3_HUMAN	7	878	0
ENPP4_HUMAN	36	144	0
ENPP5_HUMAN	8	480	0
ENPP6_HUMAN	53	0	1
ENPP7_HUMAN	28	323	0
ENR1_HUMAN	4	543	0
ENSA_HUMAN	65	0	1
ENTD1_HUMAN	21	574	0
ENTK_HUMAN	2	2086	0
ENTP1_HUMAN	14	551	0
ENTP2_HUMAN	104	0	1
ENTP3_HUMAN	17	596	0
ENTP4_HUMAN	31	240	0
ENTP5_HUMAN	14	363	0
ENTP6_HUMAN	71	0	1
ENTP7_HUMAN	55	0	1
ENTP8_HUMAN	1	7372	0
ENW1_HUMAN,SYCY1_HUMAN	4	1838	0
ENY2_HUMAN	184	0	1
EOGT_HUMAN	55	0	1
EOMES_HUMAN	5	1800	0
EP15R_HUMAN	141	0	1
EP300_HUMAN	1278	0	1
EP3A_HUMAN	35	421	0
EP3B_HUMAN	62	0	1
EP400_HUMAN	185	0	1
EPAS1_HUMAN	168	0	1
EPB42_HUMAN	13	355	0
EPC1_HUMAN	75	0	1
EPC2_HUMAN	60	0	1
EPCAM_HUMAN	38	151	0
EPCR_HUMAN	44	0	1
EPDR1_HUMAN	105	0	1
EPG5_HUMAN	26	189	0
EPGN_HUMAN	6	971	0
EPHA1_HUMAN	306	0	1
EPHA2_HUMAN	727	0	1
EPHA3_HUMAN	116	0	1
EPHA4_HUMAN	218	0	1
EPHA5_HUMAN	152	0	1
EPHA6_HUMAN	45	0	1
EPHA7_HUMAN	311	0	1
EPHA8_HUMAN	158	0	1
EPHAA_HUMAN	87	0	1
EPHB1_HUMAN	42	144	0
EPHB2_HUMAN	200	0	1
EPHB3_HUMAN	39	161	0
EPHB4_HUMAN	152	0	1
EPHB6_HUMAN	81	0	1
EPHX3_HUMAN	1	6068	0
EPHX4_HUMAN	34	239	0
EPIPL_HUMAN	213	0	1
EPM2A_HUMAN	49	0	1
EPMIP_HUMAN	76	0	1
EPN1_HUMAN	125	0	1
EPN2_HUMAN	99	0	1
EPN3_HUMAN	58	0	1
EPN4_HUMAN	228	0	1
EPOR_HUMAN	40	203	0
EPO_HUMAN	13	564	0
EPPI_HUMAN	5	909	0
EPS15_HUMAN	230	0	1
EPS8_HUMAN	114	0	1
EPT1_HUMAN	27	137	0
EPYC_HUMAN	2	3057	0
ERAL1_HUMAN	210	0	1
ERAP1_HUMAN	82	0	1
ERAP2_HUMAN	30	160	0
ERBB2_HUMAN	737	0	1
ERBB3_HUMAN	303	0	1
ERBB4_HUMAN	144	0	1
ERC2_HUMAN	40	169	0
ERC6L_HUMAN	103	0	1
ERCC1_HUMAN	58	0	1
ERCC2_HUMAN	105	0	1
ERCC3_HUMAN	167	0	1
ERCC5_HUMAN	68	0	1
ERCC6_HUMAN	143	0	1
ERCC8_HUMAN	114	0	1
ERD21_HUMAN	107	0	1
ERD22_HUMAN	112	0	1
ERD23_HUMAN	53	0	1
EREG_HUMAN	14	475	0
ERF1_HUMAN	141	0	1
ERF3A_HUMAN	327	0	1
ERF3B_HUMAN	113	0	1
ERF_HUMAN	188	0	1
ERG1_HUMAN	68	0	1
ERG24_HUMAN	16	280	0
ERG28_HUMAN	151	0	1
ERG7_HUMAN	80	0	1
ERGI1_HUMAN	271	0	1
ERGI2_HUMAN	255	0	1
ERGI3_HUMAN	357	0	1
ERG_HUMAN	215	0	1
ERH_HUMAN	281	0	1
ERI1_HUMAN	52	0	1
ERI2_HUMAN	5	1415	0
ERI3_HUMAN	28	179	0
ERIC1_HUMAN	15	302	0
ERLEC_HUMAN	155	0	1
ERLN1_HUMAN	196	0	1
ERLN2_HUMAN	296	0	1
ERMAP_HUMAN	26	224	0
ERMIN_HUMAN	5	1834	0
ERMP1_HUMAN	190	0	1
ERN1_HUMAN	68	0	1
ERN2_HUMAN	23	220	0
ERO1A_HUMAN	127	0	1
ERO1B_HUMAN	54	0	1
ERP27_HUMAN	29	244	0
ERP29_HUMAN	135	0	1
ERP44_HUMAN	201	0	1
ERR1_HUMAN	66	0	1
ERR2_HUMAN	101	0	1
ERR3_HUMAN	77	0	1
ERRFI_HUMAN	112	0	1
ERVV1_HUMAN	1	6068	0
ES1_HUMAN	400	0	1
ES8L1_HUMAN	56	0	1
ES8L2_HUMAN	68	0	1
ES8L3_HUMAN	8	482	0
ESAM_HUMAN	8	669	0
ESCO1_HUMAN	26	185	0
ESCO2_HUMAN	79	0	1
ESF1_HUMAN	169	0	1
ESIP1_HUMAN	27	213	0
ESM1_HUMAN	17	470	0
ESPB1_HUMAN	124	0	1
ESPL1_HUMAN	77	0	1
ESPNL_HUMAN	5	739	0
ESPN_HUMAN	19	268	0
ESR1_HUMAN	2457	0	1
ESR2_HUMAN	2471	0	1
ESRP1_HUMAN	46	0	1
ESRP2_HUMAN	81	0	1
ESSPL_HUMAN	4	2896	0
EST1A_HUMAN	88	0	1
EST1_HUMAN	19	282	0
EST2_HUMAN	30	221	0
EST3_HUMAN	18	358	0
EST4_HUMAN	8	1370	0
EST8_HUMAN	2	812	0
ESTD_HUMAN	83	0	1
ESX1_HUMAN	3	1785	0
ESYT1_HUMAN	465	0	1
ESYT2_HUMAN	398	0	1
ESYT3_HUMAN	8	577	0
ETAA1_HUMAN	29	199	0
ETBR2_HUMAN	56	0	1
ETFA_HUMAN	325	0	1
ETFB_HUMAN	208	0	1
ETFD_HUMAN	25	148	0
ETHE1_HUMAN	51	0	1
ETS1_HUMAN	110	0	1
ETS2_HUMAN	56	0	1
ETUD1_HUMAN	72	0	1
ETV1_HUMAN	32	173	0
ETV2_HUMAN	2	2534	0
ETV3L_HUMAN	1	8452	0
ETV3_HUMAN	135	0	1
ETV4_HUMAN	65	0	1
ETV5_HUMAN	32	177	0
ETV6_HUMAN	119	0	1
ETV7_HUMAN	29	260	0
EURL_HUMAN	12	656	0
EVC_HUMAN	5	515	0
EVG1_HUMAN	8	900	0
EVI1_HUMAN	358	0	1
EVI2A_HUMAN	19	613	0
EVI2B_HUMAN	34	392	0
EVI5L_HUMAN	66	0	1
EVI5_HUMAN	57	0	1
EVL_HUMAN	67	0	1
EVPLL_HUMAN	2	757	0
EVPL_HUMAN	108	0	1
EVX1_HUMAN	1	4295	0
EVX2_HUMAN	10	1399	0
EWS_HUMAN	834	0	1
EX3L1_HUMAN	17	353	0
EX3L2_HUMAN	15	323	0
EXC6B_HUMAN	58	0	1
EXD1_HUMAN	2	3539	0
EXD2_HUMAN	402	0	1
EXO1_HUMAN	52	0	1
EXO5_HUMAN	19	289	0
EXOC1_HUMAN	212	0	1
EXOC2_HUMAN	112	0	1
EXOC3_HUMAN	157	0	1
EXOC4_HUMAN	221	0	1
EXOC5_HUMAN	146	0	1
EXOC6_HUMAN	97	0	1
EXOC7_HUMAN	141	0	1
EXOC8_HUMAN	170	0	1
EXOG_HUMAN	59	0	1
EXOS1_HUMAN	108	0	1
EXOS2_HUMAN	162	0	1
EXOS3_HUMAN	105	0	1
EXOS4_HUMAN	189	0	1
EXOS5_HUMAN	162	0	1
EXOS6_HUMAN	123	0	1
EXOS7_HUMAN	131	0	1
EXOS8_HUMAN	186	0	1
EXOS9_HUMAN	143	0	1
EXOSX_HUMAN	235	0	1
EXPH5_HUMAN	57	0	1
EXT1_HUMAN	81	0	1
EXT2_HUMAN	98	0	1
EXTL1_HUMAN	8	1096	0
EXTL2_HUMAN	63	0	1
EXTL3_HUMAN	145	0	1
EYA1_HUMAN	48	0	1
EYA2_HUMAN	122	0	1
EYA3_HUMAN	73	0	1
EYA4_HUMAN	243	0	1
EYS_HUMAN	3	535	0
EZH1_HUMAN	91	0	1
EZH2_HUMAN	1451	0	1
EZRI_HUMAN	555	0	1
F100A_HUMAN,UBAD1_HUMAN	3	2398	0
F100B_HUMAN,UBAD2_HUMAN	8	844	0
F101A_HUMAN	3	1012	0
F101B_HUMAN	23	278	0
F102A_HUMAN	13	387	0
F102B_HUMAN	12	346	0
F104A_HUMAN	7	622	0
F104B_HUMAN	2	1300	0
F105A_HUMAN	414	0	1
F105B_HUMAN,OTUL_HUMAN	169	0	1
F106A_HUMAN	1	8270	0
F107A_HUMAN	76	0	1
F107B_HUMAN	18	225	0
F108B_HUMAN,AB17B_HUMAN	59	0	1
F108C_HUMAN,AB17C_HUMAN	7	708	0
F10A1_HUMAN	211	0	1
F10A5_HUMAN	10	380	0
F10C1_HUMAN	50	0	1
F110A_HUMAN	106	0	1
F110B_HUMAN	73	0	1
F110C_HUMAN	12	374	0
F110D_HUMAN	25	274	0
F111A_HUMAN	74	0	1
F111B_HUMAN	41	148	0
F113A_HUMAN,PED1A_HUMAN	18	373	0
F113B_HUMAN,PED1B_HUMAN	7	725	0
F1142_HUMAN	92	0	1
F115A_HUMAN,TCAF1_HUMAN	143	0	1
F115C_HUMAN,TCAF2_HUMAN	50	0	1
F116A_HUMAN,DEN6A_HUMAN	87	0	1
F116B_HUMAN,DEN6B_HUMAN	10	361	0
F117A_HUMAN	13	517	0
F117B_HUMAN	41	125	0
F118A_HUMAN	20	369	0
F118B_HUMAN	79	0	1
F119B_HUMAN	361	0	1
F120A_HUMAN	370	0	1
F120B_HUMAN	44	0	1
F120C_HUMAN	191	0	1
F120S_HUMAN	18	362	0
F122A_HUMAN	29	254	0
F122B_HUMAN	42	166	0
F124A_HUMAN	46	0	1
F124B_HUMAN	74	0	1
F125A_HUMAN,MB12A_HUMAN	53	0	1
F125B_HUMAN,MB12B_HUMAN	18	449	0
F126B_HUMAN	17	230	0
F127A_HUMAN	42	302	0
F127B_HUMAN	11	486	0
F127C_HUMAN	18	396	0
F131A_HUMAN	6	573	0
F131B_HUMAN	38	279	0
F131C_HUMAN	13	645	0
F132B_HUMAN,ERFE_HUMAN	27	431	0
F133A_HUMAN	82	0	1
F133B_HUMAN	30	163	0
F134A_HUMAN	43	0	1
F134B_HUMAN	81	0	1
F134C_HUMAN	251	0	1
F135A_HUMAN	86	0	1
F135B_HUMAN	7	540	0
F136A_HUMAN	124	0	1
F13A_HUMAN	35	177	0
F13B_HUMAN	12	887	0
F149A_HUMAN	3	1061	0
F149B_HUMAN	5	1577	0
F150A_HUMAN	3	1725	0
F150B_HUMAN	11	810	0
F151A_HUMAN	1	4020	0
F151B_HUMAN	1	7692	0
F153A_HUMAN	10	1023	0
F153B_HUMAN	28	358	0
F153C_HUMAN	9	848	0
F154A_HUMAN,SAXO1_HUMAN	50	0	1
F154B_HUMAN,SAXO2_HUMAN	2	3422	0
F155A_HUMAN	1	2689	0
F157A_HUMAN	1	3010	0
F157B_HUMAN	2	2390	0
F159A_HUMAN	3	1687	0
F161A_HUMAN	159	0	1
F161B_HUMAN	84	0	1
F162A_HUMAN	86	0	1
F163A_HUMAN	20	392	0
F163B_HUMAN	18	569	0
F164A_HUMAN	59	0	1
F165B_HUMAN,SI11A_HUMAN	19	345	0
F166A_HUMAN	7	1190	0
F166B_HUMAN	24	325	0
F167A_HUMAN	116	0	1
F168A_HUMAN	139	0	1
F168B_HUMAN	61	0	1
F169A_HUMAN	34	125	0
F169B_HUMAN	3	2655	0
F16A1_HUMAN	34	180	0
F16A2_HUMAN	41	150	0
F16B1_HUMAN	60	0	1
F16B2_HUMAN	31	252	0
F16P1_HUMAN	346	0	1
F16P2_HUMAN	26	227	0
F170A_HUMAN	36	242	0
F1711_HUMAN	95	0	1
F1712_HUMAN	106	0	1
F171B_HUMAN	55	0	1
F172A_HUMAN	29	206	0
F173A_HUMAN	27	215	0
F173B_HUMAN	9	570	0
F174A_HUMAN	233	0	1
F174B_HUMAN	1	3904	0
F175A_HUMAN	36	151	0
F175B_HUMAN	92	0	1
F176A_HUMAN,EVA1A_HUMAN	20	340	0
F176B_HUMAN,EVA1B_HUMAN	76	0	1
F176C_HUMAN,EVA1C_HUMAN	85	0	1
F177A_HUMAN	56	0	1
F177B_HUMAN	4	745	0
F178A_HUMAN,SLF2_HUMAN	37	170	0
F178B_HUMAN	3	2127	0
F179A_HUMAN	2	1397	0
F179B_HUMAN	18	243	0
F180B_HUMAN	1	8528	0
F181A_HUMAN	7	1421	0
F181B_HUMAN	1	3801	0
F183A_HUMAN	1	3525	0
F184A_HUMAN	68	0	1
F184B_HUMAN	14	333	0
F185A_HUMAN	9	1027	0
F186A_HUMAN	12	409	0
F186B_HUMAN	10	329	0
F187B_HUMAN	26	224	0
F188A_HUMAN	46	0	1
F188B_HUMAN	72	0	1
F1892_HUMAN	121	0	1
F189B_HUMAN	140	0	1
F18A1_HUMAN,AB17A_HUMAN	39	175	0
F18B1_HUMAN,TV23B_HUMAN	45	0	1
F18B2_HUMAN,TV23C_HUMAN	56	0	1
F190A_HUMAN,CCSE1_HUMAN	22	236	0
F190B_HUMAN,CCSE2_HUMAN	67	0	1
F192A_HUMAN	113	0	1
F193A_HUMAN	72	0	1
F194A_HUMAN,ERIP6_HUMAN	4	1581	0
F194B_HUMAN,ERI6B_HUMAN	7	455	0
F195A_HUMAN	59	0	1
F195B_HUMAN	58	0	1
F196A_HUMAN	38	226	0
F196B_HUMAN	1	2916	0
F198A_HUMAN	7	2291	0
F198B_HUMAN	2	4790	0
F199X_HUMAN	22	259	0
F19A1_HUMAN	10	1397	0
F19A2_HUMAN	42	195	0
F19A3_HUMAN	78	0	1
F19A4_HUMAN	56	0	1
F19A5_HUMAN	15	520	0
F200A_HUMAN	4	1342	0
F200B_HUMAN	5	515	0
F203A_HUMAN	56	0	1
F203B_HUMAN	3	1292	0
F204A_HUMAN	12	895	0
F205A_HUMAN	1	4189	0
F206A_HUMAN	15	613	0
F207A_HUMAN	187	0	1
F208A_HUMAN,TASOR_HUMAN	92	0	1
F208B_HUMAN	103	0	1
F209A_HUMAN	262	0	1
F210A_HUMAN	36	170	0
F210B_HUMAN	103	0	1
F211B_HUMAN	1	3010	0
F212A_HUMAN	15	486	0
F212B_HUMAN	7	1506	0
F213A_HUMAN	92	0	1
F214A_HUMAN	12	368	0
F214B_HUMAN	69	0	1
F216A_HUMAN	9	892	0
F217A_HUMAN	1	7672	0
F217B_HUMAN	32	324	0
F218A_HUMAN	15	638	0
F219A_HUMAN	51	0	1
F219B_HUMAN	18	539	0
F220A_HUMAN	2	4374	0
F221A_HUMAN	14	669	0
F221B_HUMAN	21	549	0
F222A_HUMAN	12	617	0
F222B_HUMAN	35	300	0
F222C_HUMAN	8	842	0
F261_HUMAN	18	339	0
F262_HUMAN	57	0	1
F263_HUMAN	64	0	1
F264_HUMAN	32	142	0
F27E3_HUMAN	12	515	0
F48B1_HUMAN,SP201_HUMAN	3	777	0
F71E1_HUMAN	2	1340	0
F71E2_HUMAN	10	580	0
F71F1_HUMAN	5	574	0
F71F2_HUMAN	4	2173	0
F74A1_HUMAN	2	4374	0
F74A4_HUMAN	26	398	0
F75A3_HUMAN,S31A3_HUMAN	1	2375	0
F75A5_HUMAN,S31A5_HUMAN	2	897	0
F75A6_HUMAN,S31A6_HUMAN	2	1705	0
F75A7_HUMAN	4	1979	0
F75D1_HUMAN,S31D1_HUMAN	2	1670	0
F75D3_HUMAN,S31D3_HUMAN	1	8048	0
F75E1_HUMAN,S31E1_HUMAN	8	458	0
F86B1_HUMAN	2	4254	0
F86B2_HUMAN	16	507	0
F8I2_HUMAN	11	721	0
F90A1_HUMAN	210	0	1
F90A5_HUMAN	2	4156	0
F90A7_HUMAN	1	7330	0
F90A8_HUMAN	1	7330	0
F90A9_HUMAN	1	7330	0
F90AA_HUMAN	1	7330	0
F90AC_HUMAN	1	7330	0
F90AD_HUMAN	1	7330	0
F90AE_HUMAN	1	7330	0
F90AG_HUMAN	1	7943	0
F90AJ_HUMAN	1	7330	0
F90AK_HUMAN	1	7330	0
F90AM_HUMAN	1	7330	0
F90AN_HUMAN	1	7330	0
F90AO_HUMAN	1	7330	0
F91A1_HUMAN	151	0	1
F92A1_HUMAN	28	242	0
FA10_HUMAN	29	208	0
FA11_HUMAN	12	709	0
FA12_HUMAN	67	0	1
FA13A_HUMAN	36	151	0
FA13B_HUMAN	24	189	0
FA13C_HUMAN	22	286	0
FA156_HUMAN	8	860	0
FA18A_HUMAN,TV23A_HUMAN	5	1543	0
FA20A_HUMAN	6	739	0
FA20B_HUMAN	77	0	1
FA21A_HUMAN	140	0	1
FA21B_HUMAN	1	2525	0
FA21C_HUMAN	68	0	1
FA22A_HUMAN,NTM2A_HUMAN	5	583	0
FA22B_HUMAN,NTM2B_HUMAN	4	674	0
FA22D_HUMAN,NTM2D_HUMAN	2	1119	0
FA22F_HUMAN,NTM2F_HUMAN	44	0	1
FA22G_HUMAN,NTM2G_HUMAN	1	1286	0
FA23A_HUMAN	6	2458	0
FA24B_HUMAN	57	0	1
FA26D_HUMAN	41	337	0
FA26E_HUMAN	4	1120	0
FA26F_HUMAN	3	3764	0
FA2H_HUMAN	47	0	1
FA32A_HUMAN	38	145	0
FA35A_HUMAN	47	0	1
FA38B_HUMAN	6	735	0
FA40A_HUMAN,STRP1_HUMAN	105	0	1
FA40B_HUMAN,STRP2_HUMAN	38	194	0
FA43A_HUMAN	35	235	0
FA43B_HUMAN	3	1969	0
FA45A_HUMAN	33	240	0
FA45B_HUMAN	10	349	0
FA46A_HUMAN	86	0	1
FA46B_HUMAN	69	0	1
FA46C_HUMAN	148	0	1
FA46D_HUMAN	18	567	0
FA47A_HUMAN	2	2490	0
FA47B_HUMAN	11	669	0
FA47C_HUMAN	1	874	0
FA47E_HUMAN	3	1538	0
FA48A_HUMAN,SP20H_HUMAN	91	0	1
FA49A_HUMAN	12	354	0
FA49B_HUMAN	100	0	1
FA50A_HUMAN	94	0	1
FA50B_HUMAN	68	0	1
FA53A_HUMAN	3	584	0
FA53B_HUMAN	21	219	0
FA53C_HUMAN	69	0	1
FA54A_HUMAN,MTFR2_HUMAN	50	0	1
FA54B_HUMAN,MFR1L_HUMAN	66	0	1
FA55A_HUMAN,NXPE1_HUMAN	1	4102	0
FA55B_HUMAN,NXPE2_HUMAN	11	801	0
FA55C_HUMAN,NXPE3_HUMAN	46	0	1
FA55D_HUMAN,NXPE4_HUMAN	4	1052	0
FA57A_HUMAN	46	0	1
FA57B_HUMAN	2	3917	0
FA58A_HUMAN	19	424	0
FA59A_HUMAN,GARE1_HUMAN	29	212	0
FA59B_HUMAN,GARE2_HUMAN	11	387	0
FA5_HUMAN	26	234	0
FA60A_HUMAN	140	0	1
FA63A_HUMAN	41	231	0
FA63B_HUMAN	29	305	0
FA64A_HUMAN	45	0	1
FA65A_HUMAN	29	144	0
FA65B_HUMAN	15	405	0
FA65C_HUMAN	10	859	0
FA66E_HUMAN	1	1324	0
FA69A_HUMAN	110	0	1
FA69B_HUMAN	23	294	0
FA69C_HUMAN	3	1091	0
FA70A_HUMAN,T255A_HUMAN	15	415	0
FA70B_HUMAN,T255B_HUMAN	14	618	0
FA71A_HUMAN	2	3076	0
FA71B_HUMAN	3	1269	0
FA71C_HUMAN	19	506	0
FA71D_HUMAN	3	1815	0
FA72A_HUMAN	2	4391	0
FA72B_HUMAN	2	3700	0
FA72D_HUMAN	5	976	0
FA73A_HUMAN,MIGA1_HUMAN	55	0	1
FA73B_HUMAN,MIGA2_HUMAN	28	216	0
FA76A_HUMAN	21	301	0
FA76B_HUMAN	103	0	1
FA78A_HUMAN	5	825	0
FA78B_HUMAN	5	1402	0
FA7_HUMAN	21	293	0
FA81A_HUMAN	21	387	0
FA81B_HUMAN	18	375	0
FA83A_HUMAN	41	212	0
FA83B_HUMAN	143	0	1
FA83C_HUMAN	5	1064	0
FA83D_HUMAN	87	0	1
FA83E_HUMAN	4	1565	0
FA83F_HUMAN	35	167	0
FA83G_HUMAN	33	137	0
FA83H_HUMAN	160	0	1
FA84A_HUMAN	7	1006	0
FA84B_HUMAN	31	140	0
FA86A_HUMAN,EF2KT_HUMAN	27	285	0
FA86C_HUMAN	34	252	0
FA89A_HUMAN	6	869	0
FA89B_HUMAN	7	1046	0
FA8A1_HUMAN	96	0	1
FA8_HUMAN	26	226	0
FA92B_HUMAN	5	1942	0
FA96A_HUMAN	219	0	1
FA98A_HUMAN	195	0	1
FA98B_HUMAN	101	0	1
FA98C_HUMAN	6	579	0
FA9_HUMAN	41	284	0
FAAA_HUMAN	38	143	0
FAAH1_HUMAN	23	373	0
FAAH2_HUMAN	1	2096	0
FABD_HUMAN	114	0	1
FABP4_HUMAN	31	218	0
FABP5_HUMAN	189	0	1
FABP6_HUMAN	2	3552	0
FABP7_HUMAN	17	256	0
FABP9_HUMAN	2	4227	0
FABPH_HUMAN	48	0	1
FABPI_HUMAN	4	894	0
FABPL_HUMAN	15	282	0
FACD2_HUMAN	833	0	1
FACE1_HUMAN	172	0	1
FACE2_HUMAN	11	359	0
FACR1_HUMAN	121	0	1
FACR2_HUMAN	55	0	1
FAD1_HUMAN	117	0	1
FADD_HUMAN	118	0	1
FADS1_HUMAN	104	0	1
FADS2_HUMAN	78	0	1
FADS3_HUMAN	50	0	1
FADS6_HUMAN	21	581	0
FAF1_HUMAN	339	0	1
FAF2_HUMAN	476	0	1
FAH2A_HUMAN	53	0	1
FAH2B_HUMAN	20	256	0
FAHD1_HUMAN	172	0	1
FAIM1_HUMAN	43	0	1
FAIM3_HUMAN	10	722	0
FAK1_HUMAN	305	0	1
FAK2_HUMAN	103	0	1
FAKD1_HUMAN	104	0	1
FAKD2_HUMAN	283	0	1
FAKD3_HUMAN	191	0	1
FAKD5_HUMAN	304	0	1
FAM25_HUMAN	18	780	0
FAM3A_HUMAN	22	228	0
FAM3B_HUMAN	11	1059	0
FAM3C_HUMAN	138	0	1
FAM3D_HUMAN	7	727	0
FAM5B_HUMAN,BRNP2_HUMAN	25	243	0
FAM5C_HUMAN,BRNP3_HUMAN	24	314	0
FAM9A_HUMAN	55	0	1
FAM9B_HUMAN	188	0	1
FAM9C_HUMAN	65	0	1
FAN1_HUMAN	58	0	1
FANCA_HUMAN	189	0	1
FANCB_HUMAN	25	212	0
FANCC_HUMAN	91	0	1
FANCE_HUMAN	36	159	0
FANCF_HUMAN	34	194	0
FANCG_HUMAN	119	0	1
FANCI_HUMAN	237	0	1
FANCJ_HUMAN	95	0	1
FANCL_HUMAN	88	0	1
FANCM_HUMAN	69	0	1
FANK1_HUMAN	10	779	0
FAN_HUMAN	42	170	0
FAP24_HUMAN	26	230	0
FARP1_HUMAN	143	0	1
FARP2_HUMAN	87	0	1
FASTK_HUMAN	27	188	0
FAS_HUMAN	469	0	1
FAT1_HUMAN	134	0	1
FAT2_HUMAN	8	406	0
FAT3_HUMAN	66	0	1
FAT4_HUMAN	81	0	1
FATE1_HUMAN	99	0	1
FAXC_HUMAN	135	0	1
FBCD1_HUMAN	10	1001	0
FBF1_HUMAN	160	0	1
FBLI1_HUMAN	47	0	1
FBLL1_HUMAN	41	143	0
FBLN1_HUMAN	151	0	1
FBLN2_HUMAN	63	0	1
FBLN3_HUMAN	133	0	1
FBLN4_HUMAN	140	0	1
FBLN5_HUMAN	174	0	1
FBLN7_HUMAN	30	195	0
FBN1_HUMAN	40	148	0
FBN2_HUMAN	77	0	1
FBN3_HUMAN	15	476	0
FBP1L_HUMAN	66	0	1
FBRL_HUMAN	670	0	1
FBRS_HUMAN	105	0	1
FBSL_HUMAN	64	0	1
FBSP1_HUMAN	91	0	1
FBW10_HUMAN	133	0	1
FBW12_HUMAN	10	845	0
FBW1A_HUMAN	754	0	1
FBW1B_HUMAN	491	0	1
FBX10_HUMAN	47	0	1
FBX11_HUMAN	158	0	1
FBX15_HUMAN	12	515	0
FBX16_HUMAN	18	358	0
FBX17_HUMAN	64	0	1
FBX18_HUMAN,FBH1_HUMAN	30	155	0
FBX21_HUMAN	83	0	1
FBX22_HUMAN	532	0	1
FBX24_HUMAN	13	378	0
FBX25_HUMAN	123	0	1
FBX27_HUMAN	18	312	0
FBX28_HUMAN	110	0	1
FBX2_HUMAN	473	0	1
FBX30_HUMAN	53	0	1
FBX31_HUMAN	41	150	0
FBX32_HUMAN	248	0	1
FBX33_HUMAN	24	234	0
FBX34_HUMAN	52	0	1
FBX36_HUMAN	2	2675	0
FBX38_HUMAN	146	0	1
FBX39_HUMAN	3	631	0
FBX3_HUMAN	89	0	1
FBX40_HUMAN	12	439	0
FBX41_HUMAN	5	838	0
FBX42_HUMAN	256	0	1
FBX43_HUMAN	73	0	1
FBX44_HUMAN	37	176	0
FBX46_HUMAN	32	156	0
FBX47_HUMAN	2	2754	0
FBX48_HUMAN	3	606	0
FBX4_HUMAN	35	151	0
FBX5_HUMAN	48	0	1
FBX6_HUMAN	737	0	1
FBX7_HUMAN	280	0	1
FBX8_HUMAN	13	365	0
FBX9_HUMAN	21	246	0
FBXL2_HUMAN	34	175	0
FBXL3_HUMAN	26	220	0
FBXL4_HUMAN	103	0	1
FBXL5_HUMAN	44	0	1
FBXL6_HUMAN	581	0	1
FBXL7_HUMAN	24	234	0
FBXL8_HUMAN	11	361	0
FBXW2_HUMAN	39	165	0
FBXW4_HUMAN	59	0	1
FBXW5_HUMAN	173	0	1
FBXW7_HUMAN	1259	0	1
FBXW8_HUMAN	153	0	1
FBXW9_HUMAN	21	274	0
FCAMR_HUMAN	1	1148	0
FCAR_HUMAN	9	1009	0
FCER2_HUMAN	9	988	0
FCERA_HUMAN	39	273	0
FCERB_HUMAN	7	999	0
FCERG_HUMAN	90	0	1
FCF1_HUMAN	108	0	1
FCG2A_HUMAN	48	0	1
FCG2B_HUMAN	21	352	0
FCG2C_HUMAN	9	701	0
FCG3A_HUMAN	31	266	0
FCG3B_HUMAN	43	0	1
FCGBP_HUMAN	26	231	0
FCGR1_HUMAN	49	0	1
FCGRB_HUMAN	1	2752	0
FCGRC_HUMAN	1	8237	0
FCGRN_HUMAN	114	0	1
FCHO1_HUMAN	65	0	1
FCHO2_HUMAN	80	0	1
FCL_HUMAN	50	0	1
FCN1_HUMAN	76	0	1
FCN2_HUMAN	11	1014	0
FCN3_HUMAN	52	0	1
FCRL1_HUMAN	2	3880	0
FCRL2_HUMAN	10	931	0
FCRL3_HUMAN	13	470	0
FCRL4_HUMAN	14	1026	0
FCRL5_HUMAN	14	427	0
FCRL6_HUMAN	1	8350	0
FCRLA_HUMAN	2	1603	0
FCRLB_HUMAN	1	5516	0
FCSD1_HUMAN	20	329	0
FCSD2_HUMAN	68	0	1
FDFT_HUMAN	165	0	1
FDSCP_HUMAN	11	708	0
FDXA1_HUMAN	12	787	0
FEM1A_HUMAN	103	0	1
FEM1B_HUMAN	92	0	1
FEM1C_HUMAN	22	246	0
FEN1_HUMAN	203	0	1
FER3L_HUMAN	15	640	0
FERM1_HUMAN	31	194	0
FERM2_HUMAN	208	0	1
FER_HUMAN	43	0	1
FES_HUMAN	33	162	0
FETA_HUMAN	28	183	0
FETUA_HUMAN	103	0	1
FETUB_HUMAN	8	934	0
FEV_HUMAN	202	0	1
FEZ1_HUMAN	141	0	1
FEZ2_HUMAN	39	180	0
FEZF1_HUMAN	29	328	0
FEZF2_HUMAN	5	799	0
FFAR1_HUMAN	237	0	1
FFAR2_HUMAN	119	0	1
FFAR3_HUMAN	13	1035	0
FFR_HUMAN,VPS51_HUMAN	159	0	1
FGD1_HUMAN	41	165	0
FGD2_HUMAN	26	242	0
FGD3_HUMAN	7	829	0
FGD4_HUMAN	22	153	0
FGD5_HUMAN	208	0	1
FGD6_HUMAN	38	133	0
FGF10_HUMAN	15	347	0
FGF11_HUMAN	171	0	1
FGF12_HUMAN	72	0	1
FGF13_HUMAN	121	0	1
FGF14_HUMAN	49	0	1
FGF16_HUMAN	9	1032	0
FGF17_HUMAN	47	0	1
FGF18_HUMAN	1	4162	0
FGF19_HUMAN	13	389	0
FGF1_HUMAN	42	208	0
FGF20_HUMAN	1	8858	0
FGF21_HUMAN	10	735	0
FGF23_HUMAN	13	361	0
FGF2_HUMAN	50	0	1
FGF3_HUMAN	66	0	1
FGF4_HUMAN	41	248	0
FGF5_HUMAN	3	2823	0
FGF6_HUMAN	13	442	0
FGF7_HUMAN	5	1617	0
FGF8_HUMAN	106	0	1
FGF9_HUMAN	13	863	0
FGFP1_HUMAN	259	0	1
FGFP2_HUMAN	8	1320	0
FGFR1_HUMAN	609	0	1
FGFR2_HUMAN	227	0	1
FGFR3_HUMAN	326	0	1
FGFR4_HUMAN	459	0	1
FGGY_HUMAN	4	1070	0
FGL1_HUMAN	93	0	1
FGL2_HUMAN	17	513	0
FGOP2_HUMAN	94	0	1
FGRL1_HUMAN	50	0	1
FGR_HUMAN	82	0	1
FHAD1_HUMAN	13	367	0
FHDC1_HUMAN	6	608	0
FHIT_HUMAN	24	259	0
FHL17_HUMAN	7	838	0
FHL1_HUMAN	149	0	1
FHL2_HUMAN	404	0	1
FHL3_HUMAN	279	0	1
FHL5_HUMAN	101	0	1
FHOD1_HUMAN	87	0	1
FHOD3_HUMAN	11	442	0
FHR1_HUMAN	15	768	0
FHR2_HUMAN	3	3341	0
FHR3_HUMAN	6	1459	0
FHR4_HUMAN	10	1068	0
FHR5_HUMAN	27	252	0
FIBA_HUMAN	100	0	1
FIBB_HUMAN	201	0	1
FIBG_HUMAN	117	0	1
FIBIN_HUMAN	68	0	1
FIBP_HUMAN	79	0	1
FICD_HUMAN	9	336	0
FIG4_HUMAN	27	191	0
FIGL1_HUMAN	67	0	1
FIGL2_HUMAN	3	2203	0
FIGLA_HUMAN	17	782	0
FIGN_HUMAN	11	387	0
FIL1L_HUMAN	20	231	0
FILA2_HUMAN	137	0	1
FILA_HUMAN	116	0	1
FINC_HUMAN	828	0	1
FIP1_HUMAN	211	0	1
FIS1_HUMAN	218	0	1
FITM2_HUMAN	71	0	1
FIZ1_HUMAN	20	389	0
FJX1_HUMAN	4	2999	0
FKB10_HUMAN	115	0	1
FKB11_HUMAN	27	161	0
FKB14_HUMAN	87	0	1
FKB15_HUMAN	100	0	1
FKB1A_HUMAN	116	0	1
FKB1B_HUMAN	30	307	0
FKB9L_HUMAN	7	1451	0
FKBP2_HUMAN	81	0	1
FKBP3_HUMAN	132	0	1
FKBP4_HUMAN	280	0	1
FKBP5_HUMAN	426	0	1
FKBP6_HUMAN	81	0	1
FKBP7_HUMAN	149	0	1
FKBP8_HUMAN	570	0	1
FKBP9_HUMAN	83	0	1
FKBPL_HUMAN	28	205	0
FKRP_HUMAN	51	0	1
FKTN_HUMAN	15	459	0
FL2D_HUMAN	208	0	1
FLCN_HUMAN	112	0	1
FLI1_HUMAN	59	0	1
FLII_HUMAN	312	0	1
FLIP1_HUMAN	33	168	0
FLNA_HUMAN	681	0	1
FLNB_HUMAN	524	0	1
FLNC_HUMAN	393	0	1
FLOT1_HUMAN	546	0	1
FLOT2_HUMAN	447	0	1
FLOWR_HUMAN	20	425	0
FLRT1_HUMAN	41	203	0
FLRT2_HUMAN	22	371	0
FLRT3_HUMAN	23	198	0
FLT3L_HUMAN	4	2284	0
FLT3_HUMAN	202	0	1
FLVC1_HUMAN	136	0	1
FLVC2_HUMAN	43	0	1
FM25A_HUMAN	19	751	0
FM25C_HUMAN	18	780	0
FM25G_HUMAN	18	780	0
FMN1_HUMAN	15	323	0
FMN2_HUMAN	67	0	1
FMNL2_HUMAN	189	0	1
FMNL3_HUMAN	45	0	1
FMNL_HUMAN,FMNL1_HUMAN	96	0	1
FMO1_HUMAN	11	666	0
FMO2_HUMAN	3	2139	0
FMO3_HUMAN	5	1745	0
FMO4_HUMAN	3	1741	0
FMO5_HUMAN	6	888	0
FMOD_HUMAN	41	188	0
FMR1N_HUMAN	14	766	0
FMR1_HUMAN	539	0	1
FMT_HUMAN	98	0	1
FN3K_HUMAN	14	277	0
FNBP1_HUMAN	122	0	1
FNBP2_HUMAN,SRGP2_HUMAN	173	0	1
FNBP4_HUMAN	76	0	1
FND3A_HUMAN	296	0	1
FND3B_HUMAN	102	0	1
FNDC1_HUMAN	23	357	0
FNDC4_HUMAN	20	552	0
FNDC5_HUMAN	152	0	1
FNDC7_HUMAN	3	1865	0
FNDC8_HUMAN	18	512	0
FNDC9_HUMAN	90	0	1
FNIP1_HUMAN	36	136	0
FNIP2_HUMAN	23	167	0
FNTA_HUMAN	86	0	1
FNTB_HUMAN	98	0	1
FOCAD_HUMAN	72	0	1
FOG1_HUMAN	14	426	0
FOG2_HUMAN	29	213	0
FOH1B_HUMAN	10	532	0
FOLC_HUMAN	30	199	0
FOLH1_HUMAN	16	297	0
FOLR1_HUMAN	224	0	1
FOLR2_HUMAN	2	5255	0
FOLR3_HUMAN	7	1001	0
FOLR4_HUMAN,JUNO_HUMAN	2	5338	0
FOPNL_HUMAN	41	217	0
FOSB_HUMAN	44	0	1
FOSL1_HUMAN	80	0	1
FOSL2_HUMAN	137	0	1
FOS_HUMAN	256	0	1
FOXA1_HUMAN	513	0	1
FOXA2_HUMAN	24	245	0
FOXA3_HUMAN	50	0	1
FOXB1_HUMAN	134	0	1
FOXC1_HUMAN	233	0	1
FOXC2_HUMAN	44	0	1
FOXD1_HUMAN	4	1940	0
FOXD2_HUMAN	29	266	0
FOXD3_HUMAN	28	338	0
FOXD4_HUMAN	61	0	1
FOXE1_HUMAN	81	0	1
FOXE3_HUMAN	6	1110	0
FOXF1_HUMAN	32	229	0
FOXF2_HUMAN	54	0	1
FOXG1_HUMAN	86	0	1
FOXH1_HUMAN	103	0	1
FOXI1_HUMAN	93	0	1
FOXI2_HUMAN	52	0	1
FOXI3_HUMAN	2	1354	0
FOXJ1_HUMAN	27	305	0
FOXJ2_HUMAN	80	0	1
FOXJ3_HUMAN	45	0	1
FOXK1_HUMAN	251	0	1
FOXK2_HUMAN	243	0	1
FOXL1_HUMAN	193	0	1
FOXL2_HUMAN	70	0	1
FOXM1_HUMAN	119	0	1
FOXN1_HUMAN	40	185	0
FOXN2_HUMAN	15	394	0
FOXN3_HUMAN	65	0	1
FOXN4_HUMAN	7	980	0
FOXO1_HUMAN	324	0	1
FOXO3_HUMAN	95	0	1
FOXO4_HUMAN	31	187	0
FOXO6_HUMAN	17	296	0
FOXP1_HUMAN	152	0	1
FOXP2_HUMAN	77	0	1
FOXP3_HUMAN	92	0	1
FOXP4_HUMAN	103	0	1
FOXQ1_HUMAN	138	0	1
FOXR1_HUMAN	42	197	0
FOXR2_HUMAN	41	224	0
FOXS1_HUMAN	84	0	1
FP100_HUMAN	99	0	1
FPGT_HUMAN	4	2483	0
FPPS_HUMAN	135	0	1
FPR1_HUMAN	225	0	1
FPR2_HUMAN	146	0	1
FPRP_HUMAN	62	0	1
FR1L4_HUMAN	6	879	0
FR1L5_HUMAN	5	895	0
FR1L6_HUMAN	8	738	0
FR1OP_HUMAN	204	0	1
FRAS1_HUMAN	111	0	1
FRAT1_HUMAN	19	403	0
FRAT2_HUMAN	26	209	0
FRDA_HUMAN	60	0	1
FREM1_HUMAN	4	1359	0
FREM2_HUMAN	59	0	1
FREM3_HUMAN	5	954	0
FRG1B_HUMAN	3	1351	0
FRG1_HUMAN	65	0	1
FRG2_HUMAN	1	4687	0
FRIH_HUMAN	197	0	1
FRIL_HUMAN	429	0	1
FRK_HUMAN	48	0	1
FRM4A_HUMAN	26	186	0
FRM4B_HUMAN	7	884	0
FRMD1_HUMAN	59	0	1
FRMD3_HUMAN	27	264	0
FRMD5_HUMAN	82	0	1
FRMD6_HUMAN	79	0	1
FRMD7_HUMAN	3	1838	0
FRMD8_HUMAN	19	249	0
FRP2L_HUMAN	12	582	0
FRPD1_HUMAN	7	730	0
FRPD2_HUMAN	10	976	0
FRPD3_HUMAN	3	625	0
FRPD4_HUMAN	10	391	0
FRRS1_HUMAN	2	3214	0
FRS1L_HUMAN	1	4506	0
FRS2_HUMAN	97	0	1
FRS3_HUMAN	120	0	1
FRYL_HUMAN	71	0	1
FRY_HUMAN	26	187	0
FSCB_HUMAN	1	2752	0
FSCN1_HUMAN	284	0	1
FSCN2_HUMAN	6	776	0
FSCN3_HUMAN	4	2160	0
FSD1L_HUMAN	7	553	0
FSD1_HUMAN	75	0	1
FSD2_HUMAN	141	0	1
FSHB_HUMAN	3	4638	0
FSHR_HUMAN	36	250	0
FSIP1_HUMAN	8	774	0
FSIP2_HUMAN	7	486	0
FSTL1_HUMAN	82	0	1
FSTL3_HUMAN	7	539	0
FSTL4_HUMAN	35	223	0
FSTL5_HUMAN	2	4743	0
FST_HUMAN	37	268	0
FTCD_HUMAN	28	181	0
FTHFD_HUMAN	38	130	0
FTMT_HUMAN	1	2461	0
FTM_HUMAN	187	0	1
FTO_HUMAN	95	0	1
FTSJ1_HUMAN,CMTR2_HUMAN	19	398	0
FUBP1_HUMAN	320	0	1
FUBP2_HUMAN	304	0	1
FUBP3_HUMAN	304	0	1
FUCM_HUMAN	17	477	0
FUCO2_HUMAN	48	0	1
FUCO_HUMAN	26	170	0
FUCT1_HUMAN	20	391	0
FUK_HUMAN	45	0	1
FUMH_HUMAN	185	0	1
FUND1_HUMAN	29	196	0
FUND2_HUMAN	108	0	1
FURIN_HUMAN	243	0	1
FUS_HUMAN	724	0	1
FUT10_HUMAN	11	420	0
FUT11_HUMAN	73	0	1
FUT1_HUMAN	36	307	0
FUT2_HUMAN	2	3404	0
FUT3_HUMAN	26	469	0
FUT4_HUMAN	13	920	0
FUT7_HUMAN	6	907	0
FUT8_HUMAN	137	0	1
FUT9_HUMAN	13	637	0
FUZZY_HUMAN	32	223	0
FWCH1_HUMAN	36	133	0
FWCH2_HUMAN	63	0	1
FX4L1_HUMAN	28	289	0
FX4L3_HUMAN	16	512	0
FX4L4_HUMAN	1	6156	0
FX4L6_HUMAN	47	0	1
FXL12_HUMAN	65	0	1
FXL13_HUMAN	42	211	0
FXL14_HUMAN	47	0	1
FXL15_HUMAN	34	174	0
FXL16_HUMAN	84	0	1
FXL17_HUMAN	98	0	1
FXL18_HUMAN	61	0	1
FXL19_HUMAN	103	0	1
FXL20_HUMAN	14	652	0
FXL21_HUMAN	10	673	0
FXL22_HUMAN	12	578	0
FXR1_HUMAN	652	0	1
FXR2_HUMAN	451	0	1
FXRD1_HUMAN	74	0	1
FXRD2_HUMAN	104	0	1
FXYD3_HUMAN	91	0	1
FXYD5_HUMAN	1	5671	0
FXYD6_HUMAN	90	0	1
FXYD7_HUMAN	4	1075	0
FYB_HUMAN	31	223	0
FYCO1_HUMAN	114	0	1
FYN_HUMAN	582	0	1
FYV1_HUMAN	50	0	1
FZD10_HUMAN	127	0	1
FZD1_HUMAN	30	249	0
FZD2_HUMAN	71	0	1
FZD3_HUMAN	23	292	0
FZD4_HUMAN	16	582	0
FZD5_HUMAN	21	349	0
FZD6_HUMAN	60	0	1
FZD7_HUMAN	88	0	1
FZD8_HUMAN	38	303	0
FZD9_HUMAN	5	2114	0
FZR_HUMAN	1116	0	1
G0S2_HUMAN	18	407	0
G137A_HUMAN	8	868	0
G137B_HUMAN	10	598	0
G137C_HUMAN	3	626	0
G2E3_HUMAN	17	297	0
G3BP1_HUMAN	845	0	1
G3BP2_HUMAN	487	0	1
G3PT_HUMAN	169	0	1
G3P_HUMAN	757	0	1
G3ST1_HUMAN	10	874	0
G3ST2_HUMAN	18	394	0
G3ST3_HUMAN	1	6760	0
G3ST4_HUMAN	4	646	0
G45IP_HUMAN	282	0	1
G6B_HUMAN	2	2353	0
G6PC2_HUMAN	3	1336	0
G6PC3_HUMAN	19	239	0
G6PC_HUMAN	3	4165	0
G6PD_HUMAN	209	0	1
G6PE_HUMAN	31	117	0
G6PI_HUMAN	213	0	1
G6PT1_HUMAN	63	0	1
G7C_HUMAN	3	792	0
G7D_HUMAN	16	393	0
G8_HUMAN	3	742	0
GA2L1_HUMAN	47	0	1
GA2L2_HUMAN	62	0	1
GA2L3_HUMAN	37	135	0
GA45A_HUMAN	97	0	1
GA45B_HUMAN	30	251	0
GA45G_HUMAN	75	0	1
GAB1_HUMAN	163	0	1
GAB2_HUMAN	298	0	1
GAB3_HUMAN	9	704	0
GAB4_HUMAN	1	3123	0
GABP1_HUMAN	39	159	0
GABP2_HUMAN	14	354	0
GABPA_HUMAN	131	0	1
GABR1_HUMAN	53	0	1
GABR2_HUMAN	17	470	0
GABT_HUMAN	75	0	1
GADL1_HUMAN	8	617	0
GAG10_HUMAN	1	6473	0
GAG13_HUMAN	1	2489	0
GAG2A_HUMAN	2	4848	0
GAG2B_HUMAN	2	4848	0
GAG2E_HUMAN	35	303	0
GAGB1_HUMAN,PAGE1_HUMAN	41	303	0
GAGC1_HUMAN,PAGE4_HUMAN	252	0	1
GAGD2_HUMAN,XAGE1_HUMAN	57	0	1
GAGD3_HUMAN,XAGE2_HUMAN	15	610	0
GAGD4_HUMAN,XAGE3_HUMAN	21	486	0
GAGE1_HUMAN	12	867	0
GAGE2_HUMAN	1	6473	0
GAGE5_HUMAN	50	0	1
GAGE7_HUMAN	1	8430	0
GAK2_HUMAN	1	5350	0
GAK_HUMAN	185	0	1
GALA_HUMAN	26	222	0
GALC_HUMAN	36	167	0
GALE_HUMAN	66	0	1
GALK1_HUMAN	97	0	1
GALK2_HUMAN	21	196	0
GALM_HUMAN	20	248	0
GALNS_HUMAN	102	0	1
GALP_HUMAN	6	765	0
GALR1_HUMAN	7	1002	0
GALR2_HUMAN	1	7829	0
GALR3_HUMAN	5	844	0
GALT1_HUMAN	72	0	1
GALT2_HUMAN	127	0	1
GALT3_HUMAN	32	196	0
GALT4_HUMAN	19	255	0
GALT5_HUMAN	22	299	0
GALT6_HUMAN	77	0	1
GALT7_HUMAN	101	0	1
GALT8_HUMAN	9	586	0
GALT9_HUMAN	49	0	1
GALT_HUMAN	22	264	0
GAMT_HUMAN	31	155	0
GANAB_HUMAN	396	0	1
GANC_HUMAN	6	1186	0
GAN_HUMAN	261	0	1
GAPD1_HUMAN	198	0	1
GAPR1_HUMAN	21	208	0
GAR1_HUMAN	218	0	1
GARL3_HUMAN	7	515	0
GAS1_HUMAN	16	290	0
GAS2_HUMAN	6	550	0
GAS6_HUMAN	93	0	1
GAS7_HUMAN	42	166	0
GAS8_HUMAN	119	0	1
GASP1_HUMAN	41	167	0
GASP2_HUMAN	141	0	1
GASR_HUMAN	44	0	1
GAST_HUMAN	37	295	0
GATA1_HUMAN	146	0	1
GATA2_HUMAN	192	0	1
GATA3_HUMAN	199	0	1
GATA4_HUMAN	401	0	1
GATA5_HUMAN	10	784	0
GATA6_HUMAN	25	194	0
GATA_HUMAN	114	0	1
GATB_HUMAN	96	0	1
GATCL_HUMAN	56	0	1
GATC_HUMAN	28	374	0
GATD1_HUMAN	129	0	1
GATL2_HUMAN	15	305	0
GATL3_HUMAN	15	777	0
GATM_HUMAN	14	289	0
GATS_HUMAN	16	555	0
GBA2_HUMAN	39	172	0
GBA3_HUMAN	12	521	0
GBB1_HUMAN	336	0	1
GBB2_HUMAN	523	0	1
GBB3_HUMAN	47	0	1
GBB4_HUMAN	134	0	1
GBB5_HUMAN	51	0	1
GBF1_HUMAN	403	0	1
GBG10_HUMAN	43	0	1
GBG11_HUMAN	13	699	0
GBG12_HUMAN	115	0	1
GBG13_HUMAN	37	347	0
GBG1_HUMAN	25	365	0
GBG2_HUMAN	66	0	1
GBG3_HUMAN	25	263	0
GBG4_HUMAN	25	245	0
GBG5_HUMAN	81	0	1
GBG7_HUMAN	18	587	0
GBG8_HUMAN	133	0	1
GBGT2_HUMAN	11	552	0
GBLP_HUMAN	710	0	1
GBP1_HUMAN	42	157	0
GBP2_HUMAN	55	0	1
GBP3_HUMAN	12	676	0
GBP4_HUMAN	5	2511	0
GBP5_HUMAN	19	498	0
GBP6_HUMAN	20	260	0
GBP7_HUMAN	20	433	0
GBRA1_HUMAN	144	0	1
GBRA2_HUMAN	3	1084	0
GBRA3_HUMAN	34	233	0
GBRA4_HUMAN	4	1251	0
GBRA5_HUMAN	1	8018	0
GBRA6_HUMAN	21	297	0
GBRAP_HUMAN	514	0	1
GBRB1_HUMAN	8	463	0
GBRB2_HUMAN	14	345	0
GBRB3_HUMAN	19	372	0
GBRD_HUMAN	28	275	0
GBRE_HUMAN	52	0	1
GBRG1_HUMAN	4	1876	0
GBRG2_HUMAN	25	245	0
GBRG3_HUMAN	3	1536	0
GBRL1_HUMAN	567	0	1
GBRL2_HUMAN	604	0	1
GBRL3_HUMAN	2	1563	0
GBRP_HUMAN	2	1466	0
GBRR1_HUMAN	8	558	0
GBRR2_HUMAN	1	1854	0
GBRR3_HUMAN	1	3194	0
GBRT_HUMAN	5	855	0
GBX1_HUMAN	8	1321	0
GBX2_HUMAN	4	1067	0
GCC1_HUMAN	102	0	1
GCC2_HUMAN	131	0	1
GCDH_HUMAN	107	0	1
GCET2_HUMAN	6	556	0
GCFC1_HUMAN,PAXB1_HUMAN	107	0	1
GCFC2_HUMAN	63	0	1
GCH1_HUMAN	62	0	1
GCKR_HUMAN	12	327	0
GCM1_HUMAN	69	0	1
GCM2_HUMAN	34	338	0
GCN1L_HUMAN,GCN1_HUMAN	398	0	1
GCNT1_HUMAN	48	0	1
GCNT2_HUMAN	22	203	0
GCNT3_HUMAN	22	258	0
GCNT4_HUMAN	3	4028	0
GCNT6_HUMAN	1	3823	0
GCNT7_HUMAN	1	5141	0
GCP2_HUMAN	189	0	1
GCP3_HUMAN	224	0	1
GCP4_HUMAN	166	0	1
GCP5_HUMAN	56	0	1
GCP60_HUMAN	283	0	1
GCP6_HUMAN	68	0	1
GCR_HUMAN	962	0	1
GCSH_HUMAN	61	0	1
GCSP_HUMAN	315	0	1
GCST_HUMAN	11	289	0
GCYA2_HUMAN	15	364	0
GCYA3_HUMAN	38	178	0
GCYB1_HUMAN	34	246	0
GCYB2_HUMAN	5	636	0
GD1L1_HUMAN	5	523	0
GDAP1_HUMAN	49	0	1
GDAP2_HUMAN	23	179	0
GDC_HUMAN	72	0	1
GDE1_HUMAN	38	194	0
GDE_HUMAN	110	0	1
GDF11_HUMAN	48	0	1
GDF15_HUMAN	74	0	1
GDF1_HUMAN	2	1731	0
GDF2_HUMAN	5	2418	0
GDF3_HUMAN	11	885	0
GDF5O_HUMAN	5	1210	0
GDF5_HUMAN	35	276	0
GDF6_HUMAN	5	1907	0
GDF8_HUMAN	31	435	0
GDF9_HUMAN	59	0	1
GDIA_HUMAN	157	0	1
GDIB_HUMAN	193	0	1
GDIR1_HUMAN	181	0	1
GDIR2_HUMAN	41	195	0
GDIR3_HUMAN	18	400	0
GDNF_HUMAN	28	254	0
GDN_HUMAN	52	0	1
GDPD1_HUMAN	42	177	0
GDPD2_HUMAN	5	1758	0
GDPD3_HUMAN	42	238	0
GDPD4_HUMAN	6	1289	0
GDPD5_HUMAN	121	0	1
GDPP1_HUMAN	15	305	0
GDS1_HUMAN	152	0	1
GELS_HUMAN	207	0	1
GEMC1_HUMAN	1	5828	0
GEMI2_HUMAN	112	0	1
GEMI4_HUMAN	273	0	1
GEMI5_HUMAN	256	0	1
GEMI6_HUMAN	77	0	1
GEMI7_HUMAN	65	0	1
GEMI8_HUMAN	67	0	1
GEMI_HUMAN	112	0	1
GEM_HUMAN	151	0	1
GEN_HUMAN	29	155	0
GEPH_HUMAN	79	0	1
GET4_HUMAN	177	0	1
GFAP_HUMAN	264	0	1
GFI1B_HUMAN	103	0	1
GFI1_HUMAN	25	202	0
GFOD1_HUMAN	59	0	1
GFOD2_HUMAN	9	667	0
GFPT1_HUMAN	173	0	1
GFPT2_HUMAN	74	0	1
GFRA1_HUMAN	50	0	1
GFRA2_HUMAN	6	738	0
GFRA3_HUMAN	12	1171	0
GFRA4_HUMAN	1	8874	0
GFRAL_HUMAN	3	1861	0
GFRP_HUMAN	18	343	0
GG12C_HUMAN	2	4805	0
GG12G_HUMAN	6	1845	0
GG12I_HUMAN	1	7682	0
GG12J_HUMAN	1	6473	0
GG2L1_HUMAN	2	4002	0
GG6L9_HUMAN	219	0	1
GG8L3_HUMAN	1	3361	0
GGA1_HUMAN	120	0	1
GGA2_HUMAN	76	0	1
GGA3_HUMAN	108	0	1
GGCT_HUMAN	77	0	1
GGE2D_HUMAN	10	955	0
GGED1_HUMAN,PAGE3_HUMAN	5	929	0
GGEE1_HUMAN,PAGE5_HUMAN	12	583	0
GGEE2_HUMAN,PAGE2_HUMAN	8	1433	0
GGEE3_HUMAN	4	2508	0
GGH_HUMAN	273	0	1
GGNB1_HUMAN	2	4529	0
GGNB2_HUMAN	15	302	0
GGN_HUMAN	27	227	0
GGPPS_HUMAN	66	0	1
GGT1_HUMAN	22	228	0
GGT2_HUMAN	1	8297	0
GGT3_HUMAN	2	4287	0
GGT5_HUMAN	5	2133	0
GGT6_HUMAN	12	863	0
GGT7_HUMAN	128	0	1
GGTA1_HUMAN	1	2908	0
GGTL1_HUMAN	4	1762	0
GGTL2_HUMAN	1	6896	0
GGTL3_HUMAN	1	2853	0
GHC1_HUMAN	221	0	1
GHC2_HUMAN	43	0	1
GHDC_HUMAN	84	0	1
GHITM_HUMAN	173	0	1
GHRHR_HUMAN	2	4724	0
GHRL_HUMAN	19	378	0
GHR_HUMAN	43	0	1
GHSR_HUMAN	6	2370	0
GI24_HUMAN	29	326	0
GILT_HUMAN	76	0	1
GIMA1_HUMAN	46	0	1
GIMA2_HUMAN	9	1064	0
GIMA4_HUMAN	6	718	0
GIMA5_HUMAN	74	0	1
GIMA6_HUMAN	4	1811	0
GIMA7_HUMAN	2	3034	0
GIMA8_HUMAN	28	263	0
GIN1_HUMAN	12	337	0
GIPC1_HUMAN	118	0	1
GIPC2_HUMAN	28	173	0
GIPC3_HUMAN	7	880	0
GIPR_HUMAN	3	3039	0
GIP_HUMAN	48	0	1
GIT1_HUMAN	173	0	1
GIT2_HUMAN	140	0	1
GKAP1_HUMAN	46	0	1
GKN1_HUMAN	28	344	0
GKN2_HUMAN	6	1472	0
GL1AD_HUMAN	124	0	1
GL1D1_HUMAN	4	1375	0
GL6D1_HUMAN	6	1146	0
GL8D1_HUMAN	74	0	1
GL8D2_HUMAN	30	252	0
GLB1L_HUMAN	25	333	0
GLBL2_HUMAN	72	0	1
GLBL3_HUMAN	7	728	0
GLCE_HUMAN	59	0	1
GLCI1_HUMAN	23	169	0
GLCM_HUMAN	146	0	1
GLCNE_HUMAN	107	0	1
GLCTK_HUMAN	61	0	1
GLD2_HUMAN	21	200	0
GLDN_HUMAN	1	3979	0
GLE1_HUMAN	156	0	1
GLGB_HUMAN	76	0	1
GLHA_HUMAN	26	354	0
GLI1_HUMAN	116	0	1
GLI2_HUMAN	69	0	1
GLI3_HUMAN	69	0	1
GLI4_HUMAN	128	0	1
GLIP1_HUMAN	19	259	0
GLIS1_HUMAN	21	248	0
GLIS2_HUMAN	107	0	1
GLIS3_HUMAN	21	284	0
GLMN_HUMAN	184	0	1
GLNA_HUMAN	168	0	1
GLO2_HUMAN	81	0	1
GLOD4_HUMAN	100	0	1
GLOD5_HUMAN	1	2026	0
GLP1R_HUMAN	118	0	1
GLP2R_HUMAN	1	6223	0
GLP3L_HUMAN	79	0	1
GLPA_HUMAN	220	0	1
GLPB_HUMAN	55	0	1
GLPC_HUMAN	17	521	0
GLPK2_HUMAN	7	492	0
GLPK3_HUMAN	13	548	0
GLPK5_HUMAN	6	803	0
GLPK_HUMAN	106	0	1
GLPT_HUMAN	94	0	1
GLRA1_HUMAN	4	2173	0
GLRA2_HUMAN	32	265	0
GLRA3_HUMAN	9	926	0
GLRA4_HUMAN	1	4930	0
GLRB_HUMAN	44	0	1
GLRX1_HUMAN	48	0	1
GLRX2_HUMAN	10	458	0
GLRX3_HUMAN	221	0	1
GLRX5_HUMAN	92	0	1
GLR_HUMAN	107	0	1
GLSK_HUMAN	240	0	1
GLSL_HUMAN	9	515	0
GLT10_HUMAN	60	0	1
GLT11_HUMAN	39	229	0
GLT12_HUMAN	99	0	1
GLT13_HUMAN	14	787	0
GLT14_HUMAN	35	283	0
GLTD1_HUMAN,CPTP_HUMAN	9	622	0
GLTD2_HUMAN	1	3828	0
GLTL1_HUMAN,GLT16_HUMAN	42	200	0
GLTL2_HUMAN,GLT15_HUMAN	19	640	0
GLTL3_HUMAN	2	4325	0
GLTL4_HUMAN,GLT18_HUMAN	61	0	1
GLTL5_HUMAN	7	866	0
GLTL6_HUMAN	2	1735	0
GLTP_HUMAN	29	153	0
GLU2B_HUMAN	283	0	1
GLUC_HUMAN	31	289	0
GLYAT_HUMAN	11	817	0
GLYC_HUMAN	108	0	1
GLYG2_HUMAN	28	324	0
GLYG_HUMAN	57	0	1
GLYL1_HUMAN	5	688	0
GLYL3_HUMAN	1	5166	0
GLYM_HUMAN	697	0	1
GLYR1_HUMAN	248	0	1
GMCL1_HUMAN	166	0	1
GMCLL_HUMAN	37	207	0
GMDS_HUMAN	63	0	1
GMEB1_HUMAN	45	0	1
GMEB2_HUMAN	53	0	1
GMFB_HUMAN	50	0	1
GMFG_HUMAN	15	341	0
GMIP_HUMAN	32	151	0
GML_HUMAN	57	0	1
GMPPA_HUMAN	60	0	1
GMPPB_HUMAN	81	0	1
GMPR1_HUMAN	6	463	0
GMPR2_HUMAN	23	184	0
GNA11_HUMAN	133	0	1
GNA12_HUMAN	56	0	1
GNA13_HUMAN	156	0	1
GNA14_HUMAN	15	250	0
GNA15_HUMAN	9	565	0
GNA1_HUMAN	33	146	0
GNAI1_HUMAN	188	0	1
GNAI2_HUMAN	273	0	1
GNAI3_HUMAN	257	0	1
GNAL_HUMAN	24	192	0
GNAO_HUMAN	145	0	1
GNAQ_HUMAN	142	0	1
GNAS1_HUMAN	16	277	0
GNAS2_HUMAN	61	0	1
GNAS3_HUMAN	27	258	0
GNAT1_HUMAN	13	466	0
GNAT2_HUMAN	21	279	0
GNAT3_HUMAN	13	473	0
GNAZ_HUMAN	79	0	1
GNB1L_HUMAN	63	0	1
GNDS_HUMAN	42	168	0
GNL1_HUMAN	96	0	1
GNL3L_HUMAN	139	0	1
GNL3_HUMAN	354	0	1
GNLY_HUMAN	59	0	1
GNMT_HUMAN	38	247	0
GNPAT_HUMAN	93	0	1
GNPI1_HUMAN	76	0	1
GNPI2_HUMAN	44	0	1
GNPTA_HUMAN	65	0	1
GNPTG_HUMAN	56	0	1
GNRHR_HUMAN	5	1667	0
GNS_HUMAN	135	0	1
GNT2A_HUMAN	19	690	0
GO45_HUMAN	141	0	1
GOG6A_HUMAN	53	0	1
GOG6B_HUMAN	4	1382	0
GOG6C_HUMAN	3	2205	0
GOG6D_HUMAN	2	3241	0
GOG7B_HUMAN	10	624	0
GOG8A_HUMAN	35	297	0
GOG8B_HUMAN	6	756	0
GOG8C_HUMAN	1	1745	0
GOG8D_HUMAN	23	296	0
GOG8E_HUMAN	24	362	0
GOG8F_HUMAN	20	453	0
GOGA1_HUMAN	172	0	1
GOGA2_HUMAN	754	0	1
GOGA3_HUMAN	243	0	1
GOGA4_HUMAN	234	0	1
GOGA5_HUMAN	256	0	1
GOGA7_HUMAN	74	0	1
GOGB1_HUMAN	231	0	1
GOLI4_HUMAN	120	0	1
GOLI_HUMAN	324	0	1
GOLM1_HUMAN	200	0	1
GOLP3_HUMAN	182	0	1
GON1_HUMAN	8	827	0
GON4L_HUMAN	49	0	1
GOPC_HUMAN	306	0	1
GORAB_HUMAN	81	0	1
GORL_HUMAN	4	2050	0
GORS1_HUMAN	112	0	1
GORS2_HUMAN	384	0	1
GOR_HUMAN	8	785	0
GOSR1_HUMAN	137	0	1
GOSR2_HUMAN	137	0	1
GOT1A_HUMAN	32	401	0
GOT1B_HUMAN	226	0	1
GP101_HUMAN	25	380	0
GP107_HUMAN	79	0	1
GP108_HUMAN	32	264	0
GP110_HUMAN,AGRF1_HUMAN	34	331	0
GP111_HUMAN,AGRF2_HUMAN	1	2399	0
GP112_HUMAN,AGRG4_HUMAN	7	533	0
GP113_HUMAN,AGRF3_HUMAN	14	323	0
GP114_HUMAN,AGRG5_HUMAN	151	0	1
GP115_HUMAN,AGRF4_HUMAN	3	2346	0
GP116_HUMAN,AGRF5_HUMAN	7	1231	0
GP119_HUMAN	4	1420	0
GP123_HUMAN,AGRA1_HUMAN	1	5063	0
GP124_HUMAN	5	994	0
GP125_HUMAN,AGRA3_HUMAN	20	286	0
GP126_HUMAN	40	176	0
GP128_HUMAN,AGRG7_HUMAN	4	1068	0
GP133_HUMAN,AGRD1_HUMAN	7	515	0
GP135_HUMAN	6	768	0
GP141_HUMAN	21	441	0
GP142_HUMAN	2	2038	0
GP143_HUMAN	7	1616	0
GP146_HUMAN	2	5283	0
GP148_HUMAN	2	5195	0
GP149_HUMAN	1	1324	0
GP150_HUMAN	9	1172	0
GP151_HUMAN	51	0	1
GP152_HUMAN	195	0	1
GP153_HUMAN	2	1961	0
GP155_HUMAN	7	1127	0
GP156_HUMAN	81	0	1
GP157_HUMAN	1	1286	0
GP158_HUMAN	7	343	0
GP160_HUMAN	2	4868	0
GP161_HUMAN	30	205	0
GP162_HUMAN	4	899	0
GP171_HUMAN	4	2262	0
GP173_HUMAN	49	0	1
GP176_HUMAN	6	1526	0
GP179_HUMAN	8	1010	0
GP180_HUMAN	42	167	0
GP182_HUMAN	482	0	1
GP183_HUMAN	39	277	0
GP1BA_HUMAN	26	164	0
GP1BB_HUMAN	61	0	1
GP2_HUMAN	5	1651	0
GPA33_HUMAN	15	480	0
GPAA1_HUMAN	104	0	1
GPAN1_HUMAN	110	0	1
GPAT1_HUMAN	45	0	1
GPAT2_HUMAN	36	361	0
GPAT3_HUMAN	114	0	1
GPAT4_HUMAN	144	0	1
GPBAR_HUMAN	29	338	0
GPBL1_HUMAN	87	0	1
GPBP1_HUMAN	72	0	1
GPC1_HUMAN	447	0	1
GPC2_HUMAN	12	417	0
GPC3_HUMAN	213	0	1
GPC4_HUMAN	101	0	1
GPC5B_HUMAN	124	0	1
GPC5C_HUMAN	127	0	1
GPC5D_HUMAN	72	0	1
GPC5_HUMAN	19	293	0
GPC6_HUMAN	55	0	1
GPCP1_HUMAN	7	726	0
GPD1L_HUMAN	69	0	1
GPDA_HUMAN	22	186	0
GPDM_HUMAN	128	0	1
GPER_HUMAN,GPER1_HUMAN	1	1415	0
GPHA2_HUMAN	27	406	0
GPHB5_HUMAN	10	1601	0
GPHRA_HUMAN	124	0	1
GPHRB_HUMAN	163	0	1
GPI8_HUMAN	91	0	1
GPIX_HUMAN	95	0	1
GPKOW_HUMAN	125	0	1
GPM6A_HUMAN	155	0	1
GPM6B_HUMAN	27	207	0
GPN1_HUMAN	127	0	1
GPN2_HUMAN	22	295	0
GPN3_HUMAN	115	0	1
GPNMB_HUMAN	18	248	0
GPR12_HUMAN	124	0	1
GPR15_HUMAN	1	2180	0
GPR17_HUMAN	333	0	1
GPR18_HUMAN	14	1006	0
GPR19_HUMAN	2	2162	0
GPR20_HUMAN	3	2103	0
GPR21_HUMAN	82	0	1
GPR22_HUMAN	3	3777	0
GPR25_HUMAN	31	367	0
GPR26_HUMAN	1	8330	0
GPR27_HUMAN	4	2910	0
GPR31_HUMAN	3	1647	0
GPR34_HUMAN	14	984	0
GPR35_HUMAN	133	0	1
GPR37_HUMAN	80	0	1
GPR39_HUMAN	10	1047	0
GPR3_HUMAN	13	359	0
GPR42_HUMAN	110	0	1
GPR44_HUMAN	4	3454	0
GPR45_HUMAN	305	0	1
GPR4_HUMAN	4	2289	0
GPR52_HUMAN	35	397	0
GPR55_HUMAN	67	0	1
GPR56_HUMAN	76	0	1
GPR61_HUMAN	21	802	0
GPR63_HUMAN	1	3691	0
GPR64_HUMAN,AGRG2_HUMAN	24	412	0
GPR6_HUMAN	2	948	0
GPR75_HUMAN	1	3584	0
GPR83_HUMAN	2	3998	0
GPR84_HUMAN	25	291	0
GPR85_HUMAN	8	1068	0
GPR87_HUMAN	1	4579	0
GPR88_HUMAN	15	720	0
GPR97_HUMAN,AGRG3_HUMAN	12	1237	0
GPR98_HUMAN	60	0	1
GPS2_HUMAN	147	0	1
GPSM1_HUMAN	59	0	1
GPSM2_HUMAN	30	182	0
GPSM3_HUMAN	90	0	1
GPTC1_HUMAN	105	0	1
GPTC2_HUMAN	32	164	0
GPTC3_HUMAN	4	822	0
GPTC4_HUMAN	241	0	1
GPTC8_HUMAN	121	0	1
GPT_HUMAN	15	301	0
GPVI_HUMAN	15	452	0
GPV_HUMAN	65	0	1
GPX1_HUMAN	74	0	1
GPX2_HUMAN	6	573	0
GPX3_HUMAN	7	1237	0
GPX4_HUMAN	117	0	1
GPX5_HUMAN	2	1274	0
GPX7_HUMAN	68	0	1
GPX8_HUMAN	293	0	1
GR6_HUMAN	9	1050	0
GRAA_HUMAN	9	458	0
GRAB_HUMAN	12	591	0
GRAH_HUMAN	89	0	1
GRAK_HUMAN	7	780	0
GRAM2_HUMAN	10	669	0
GRAM3_HUMAN	42	171	0
GRAM4_HUMAN	64	0	1
GRAM_HUMAN	2	4367	0
GRAN_HUMAN	51	0	1
GRAP1_HUMAN	198	0	1
GRAP2_HUMAN	101	0	1
GRAPL_HUMAN	5	2507	0
GRAP_HUMAN	12	792	0
GRASP_HUMAN	14	608	0
GRB10_HUMAN	158	0	1
GRB14_HUMAN	27	217	0
GRB1L_HUMAN	17	253	0
GRB2_HUMAN	948	0	1
GRB7_HUMAN	177	0	1
GRCR1_HUMAN	16	569	0
GRCR2_HUMAN	1	874	0
GRD2I_HUMAN	6	1051	0
GRDN_HUMAN	237	0	1
GREB1_HUMAN	28	142	0
GREM1_HUMAN	6	1211	0
GREM2_HUMAN	40	248	0
GRHL1_HUMAN	134	0	1
GRHL2_HUMAN	19	280	0
GRHL3_HUMAN	10	783	0
GRHPR_HUMAN	112	0	1
GRIA1_HUMAN	39	166	0
GRIA2_HUMAN	56	0	1
GRIA3_HUMAN	31	245	0
GRIA4_HUMAN	30	195	0
GRID1_HUMAN	17	398	0
GRID2_HUMAN	16	321	0
GRIK1_HUMAN	28	221	0
GRIK2_HUMAN	19	211	0
GRIK3_HUMAN	5	1568	0
GRIK4_HUMAN	6	452	0
GRIK5_HUMAN	16	344	0
GRIN1_HUMAN	91	0	1
GRIN2_HUMAN	26	313	0
GRIN3_HUMAN	44	0	1
GRIP1_HUMAN	89	0	1
GRIP2_HUMAN	17	436	0
GRK4_HUMAN	29	191	0
GRK5_HUMAN	176	0	1
GRK6_HUMAN	133	0	1
GRK7_HUMAN	24	215	0
GRL1A_HUMAN	53	0	1
GRM1A_HUMAN	185	0	1
GRM1B_HUMAN	84	0	1
GRM1C_HUMAN	20	394	0
GRM1_HUMAN	57	0	1
GRM2_HUMAN	363	0	1
GRM3_HUMAN	20	259	0
GRM4_HUMAN	4	914	0
GRM5_HUMAN	24	247	0
GRM7_HUMAN	11	619	0
GRM8_HUMAN	4	1192	0
GRN_HUMAN	285	0	1
GROA_HUMAN	23	232	0
GRP1_HUMAN	10	725	0
GRP2_HUMAN	9	565	0
GRP3_HUMAN	17	402	0
GRP4_HUMAN	10	745	0
GRP75_HUMAN	919	0	1
GRP78_HUMAN	1643	0	1
GRPE1_HUMAN	226	0	1
GRPE2_HUMAN	29	202	0
GRPL2_HUMAN	32	291	0
GRPP1_HUMAN	25	274	0
GRPR_HUMAN	60	0	1
GRP_HUMAN	1	7873	0
GRSF1_HUMAN	507	0	1
GRTP1_HUMAN	12	412	0
GRWD1_HUMAN	410	0	1
GSAP_HUMAN	6	898	0
GSC2_HUMAN	61	0	1
GSCR1_HUMAN	74	0	1
GSCR2_HUMAN	296	0	1
GSC_HUMAN	78	0	1
GSDMA_HUMAN	111	0	1
GSDMB_HUMAN	9	686	0
GSDMC_HUMAN	5	1640	0
GSDMD_HUMAN	36	158	0
GSE1_HUMAN	155	0	1
GSG1L_HUMAN	2	5501	0
GSG1_HUMAN	10	1131	0
GSH0_HUMAN	69	0	1
GSH1_HUMAN	33	124	0
GSHB_HUMAN	48	0	1
GSHR_HUMAN	125	0	1
GSK3A_HUMAN	460	0	1
GSK3B_HUMAN	868	0	1
GSKIP_HUMAN	25	235	0
GSLG1_HUMAN	141	0	1
GSTA1_HUMAN	20	445	0
GSTA2_HUMAN	9	640	0
GSTA3_HUMAN	4	1034	0
GSTA4_HUMAN	11	1013	0
GSTA5_HUMAN	9	639	0
GSTCD_HUMAN	25	194	0
GSTK1_HUMAN	184	0	1
GSTM1_HUMAN	15	369	0
GSTM2_HUMAN	23	161	0
GSTM3_HUMAN	166	0	1
GSTM4_HUMAN	17	294	0
GSTM5_HUMAN	14	396	0
GSTO1_HUMAN	103	0	1
GSTO2_HUMAN	27	268	0
GSTP1_HUMAN	217	0	1
GSTT1_HUMAN	30	159	0
GSTT2_HUMAN	13	360	0
GSX1_HUMAN	47	0	1
GSX2_HUMAN	5	904	0
GT251_HUMAN	177	0	1
GT252_HUMAN	68	0	1
GT253_HUMAN	124	0	1
GT2D1_HUMAN	86	0	1
GTD2A_HUMAN	15	372	0
GTD2B_HUMAN	16	419	0
GTDC1_HUMAN	1	2289	0
GTDC2_HUMAN	114	0	1
GTF2I_HUMAN	393	0	1
GTL3B_HUMAN,NATD1_HUMAN	12	467	0
GTPB1_HUMAN	128	0	1
GTPB2_HUMAN	56	0	1
GTPB3_HUMAN	90	0	1
GTPB5_HUMAN,MTG2_HUMAN	279	0	1
GTPB6_HUMAN	76	0	1
GTPB8_HUMAN	21	249	0
GTPBA_HUMAN	156	0	1
GTR10_HUMAN	25	285	0
GTR11_HUMAN	14	519	0
GTR12_HUMAN	132	0	1
GTR14_HUMAN	27	159	0
GTR1_HUMAN	301	0	1
GTR2_HUMAN	116	0	1
GTR3_HUMAN	46	0	1
GTR4_HUMAN	75	0	1
GTR5_HUMAN	137	0	1
GTR6_HUMAN	12	352	0
GTR7_HUMAN	97	0	1
GTR8_HUMAN	71	0	1
GTR9_HUMAN	76	0	1
GTSE1_HUMAN	221	0	1
GTSF1_HUMAN	10	566	0
GTSFL_HUMAN	6	1922	0
GUAA_HUMAN	196	0	1
GUAD_HUMAN	63	0	1
GUC1A_HUMAN	8	863	0
GUC1B_HUMAN	8	731	0
GUC1C_HUMAN	3	2720	0
GUC2A_HUMAN	15	618	0
GUC2B_HUMAN	3	1987	0
GUC2C_HUMAN	5	2407	0
GUC2D_HUMAN	13	454	0
GUC2F_HUMAN	5	1410	0
GUF1_HUMAN	108	0	1
GULP1_HUMAN	39	156	0
GUSP1_HUMAN	6	560	0
GVIN1_HUMAN	9	414	0
GWL_HUMAN	51	0	1
GXLT1_HUMAN	114	0	1
GXLT2_HUMAN	24	232	0
GYS1_HUMAN	132	0	1
GYS2_HUMAN	12	417	0
GZF1_HUMAN	80	0	1
H10_HUMAN	264	0	1
H11_HUMAN	519	0	1
H12_HUMAN	692	0	1
H13_HUMAN	313	0	1
H14_HUMAN	691	0	1
H15_HUMAN	460	0	1
H17B6_HUMAN	15	677	0
H1BP3_HUMAN	53	0	1
H1FNT_HUMAN	193	0	1
H1FOO_HUMAN	44	0	1
H1T_HUMAN	248	0	1
H1X_HUMAN	321	0	1
H2A1A_HUMAN	73	0	1
H2A1B_HUMAN	573	0	1
H2A1C_HUMAN	100	0	1
H2A1D_HUMAN	112	0	1
H2A1H_HUMAN	118	0	1
H2A1J_HUMAN	146	0	1
H2A1_HUMAN	478	0	1
H2A2A_HUMAN	170	0	1
H2A2B_HUMAN	225	0	1
H2A2C_HUMAN	271	0	1
H2A3_HUMAN	78	0	1
H2AB1_HUMAN	22	284	0
H2AB2_HUMAN	184	0	1
H2AJ_HUMAN	130	0	1
H2AV_HUMAN	177	0	1
H2AW_HUMAN	241	0	1
H2AX_HUMAN	563	0	1
H2AY_HUMAN	446	0	1
H2AZ_HUMAN	358	0	1
H2B1A_HUMAN	177	0	1
H2B1B_HUMAN	395	0	1
H2B1C_HUMAN	794	0	1
H2B1D_HUMAN	327	0	1
H2B1H_HUMAN	449	0	1
H2B1J_HUMAN	179	0	1
H2B1K_HUMAN	334	0	1
H2B1L_HUMAN	213	0	1
H2B1M_HUMAN	110	0	1
H2B1N_HUMAN	136	0	1
H2B1O_HUMAN	140	0	1
H2B2C_HUMAN	43	0	1
H2B2D_HUMAN	3	1141	0
H2B2E_HUMAN	674	0	1
H2B2F_HUMAN	191	0	1
H2B3B_HUMAN	182	0	1
H2BFM_HUMAN	1	6253	0
H2BFS_HUMAN	91	0	1
H2BWT_HUMAN	16	436	0
H31T_HUMAN	326	0	1
H31_HUMAN	1207	0	1
H32_HUMAN	328	0	1
H33_HUMAN	966	0	1
H3C_HUMAN	115	0	1
H4G_HUMAN	28	239	0
H4_HUMAN	1869	0	1
H6ST1_HUMAN	37	199	0
H6ST2_HUMAN	68	0	1
H6ST3_HUMAN	7	1118	0
H90B2_HUMAN	129	0	1
H90B3_HUMAN	103	0	1
H90B4_HUMAN	128	0	1
HA27_HUMAN	132	0	1
HABP2_HUMAN	6	886	0
HABP4_HUMAN	149	0	1
HACD1_HUMAN	24	250	0
HACD2_HUMAN	93	0	1
HACD3_HUMAN	288	0	1
HACD4_HUMAN	1	6748	0
HACE1_HUMAN	25	216	0
HACL1_HUMAN	37	169	0
HAGHL_HUMAN	4	1406	0
HAIR_HUMAN	48	0	1
HAKAI_HUMAN	74	0	1
HAND1_HUMAN	16	560	0
HAND2_HUMAN	32	192	0
HAOX1_HUMAN	6	947	0
HAOX2_HUMAN	29	225	0
HAP1_HUMAN	115	0	1
HAP28_HUMAN	107	0	1
HARB1_HUMAN	2	2805	0
HAS1_HUMAN,HYAS1_HUMAN	11	400	0
HAS2_HUMAN,HYAS2_HUMAN	2	5694	0
HAS3_HUMAN,HYAS3_HUMAN	14	908	0
HASP_HUMAN	124	0	1
HAT1_HUMAN	232	0	1
HAUS1_HUMAN	187	0	1
HAUS2_HUMAN	126	0	1
HAUS3_HUMAN	104	0	1
HAUS4_HUMAN	108	0	1
HAUS5_HUMAN	147	0	1
HAUS6_HUMAN	159	0	1
HAUS7_HUMAN	122	0	1
HAUS8_HUMAN	130	0	1
HAVR1_HUMAN	26	232	0
HAVR2_HUMAN	114	0	1
HAX1_HUMAN	430	0	1
HB22_HUMAN	79	0	1
HBAP1_HUMAN	19	588	0
HBAT_HUMAN	27	389	0
HBAZ_HUMAN	50	0	1
HBA_HUMAN	195	0	1
HBB_HUMAN	202	0	1
HBD_HUMAN	78	0	1
HBEGF_HUMAN	19	363	0
HBE_HUMAN	16	361	0
HBG1_HUMAN	20	352	0
HBG2_HUMAN	24	229	0
HBM_HUMAN	27	279	0
HBP1_HUMAN	128	0	1
HBS1L_HUMAN	119	0	1
HBXIP_HUMAN,LTOR5_HUMAN	161	0	1
HCAR1_HUMAN	4	1257	0
HCD2_HUMAN	448	0	1
HCDH_HUMAN	124	0	1
HCFC1_HUMAN	291	0	1
HCFC2_HUMAN	94	0	1
HCK_HUMAN	161	0	1
HCLS1_HUMAN	67	0	1
HCN1_HUMAN	722	0	1
HCN2_HUMAN	11	402	0
HCN3_HUMAN	5	669	0
HCN4_HUMAN	8	1076	0
HCST_HUMAN	211	0	1
HDA10_HUMAN	45	0	1
HDA11_HUMAN	158	0	1
HDAC1_HUMAN	1134	0	1
HDAC2_HUMAN	876	0	1
HDAC3_HUMAN	319	0	1
HDAC4_HUMAN	382	0	1
HDAC5_HUMAN	347	0	1
HDAC6_HUMAN	935	0	1
HDAC7_HUMAN	138	0	1
HDAC8_HUMAN	41	145	0
HDAC9_HUMAN	72	0	1
HDBP1_HUMAN	158	0	1
HDC_HUMAN	13	316	0
HDDC2_HUMAN	22	196	0
HDGF_HUMAN	302	0	1
HDGL1_HUMAN	1	2623	0
HDGR2_HUMAN	220	0	1
HDGR3_HUMAN	44	0	1
HDHD1_HUMAN	60	0	1
HDHD2_HUMAN	27	177	0
HDHD3_HUMAN	58	0	1
HDX_HUMAN	28	214	0
HD_HUMAN	543	0	1
HEAT1_HUMAN	251	0	1
HEAT2_HUMAN,DAAF5_HUMAN	180	0	1
HEAT3_HUMAN	197	0	1
HEAT4_HUMAN	3	606	0
HEAT6_HUMAN	117	0	1
HEBP1_HUMAN	33	179	0
HEBP2_HUMAN	20	244	0
HECA2_HUMAN	38	341	0
HECAM_HUMAN	5	443	0
HECD1_HUMAN	999	0	1
HECD2_HUMAN	7	504	0
HECD3_HUMAN	139	0	1
HECW1_HUMAN	31	212	0
HECW2_HUMAN	323	0	1
HEG1_HUMAN	14	334	0
HELB_HUMAN	20	283	0
HELLS_HUMAN	194	0	1
HELQ_HUMAN	15	325	0
HELT_HUMAN	12	666	0
HELZ_HUMAN	269	0	1
HEM0_HUMAN	4	1018	0
HEM1_HUMAN	133	0	1
HEM2_HUMAN	42	174	0
HEM3_HUMAN	21	177	0
HEM4_HUMAN	13	536	0
HEM6_HUMAN	106	0	1
HEMGN_HUMAN	51	0	1
HEMH_HUMAN	744	0	1
HEMK1_HUMAN	34	200	0
HEMK2_HUMAN	5	522	0
HEMO_HUMAN	71	0	1
HEN1_HUMAN	85	0	1
HEN2_HUMAN	29	263	0
HENMT_HUMAN	12	867	0
HEP2_HUMAN	17	409	0
HEPC_HUMAN	3	1996	0
HEPH_HUMAN	6	978	0
HEPN1_HUMAN	10	1295	0
HEPS_HUMAN	280	0	1
HERC1_HUMAN	149	0	1
HERC2_HUMAN	491	0	1
HERC3_HUMAN	67	0	1
HERC4_HUMAN	78	0	1
HERC5_HUMAN	243	0	1
HERC6_HUMAN	14	321	0
HERP1_HUMAN	166	0	1
HERP2_HUMAN	24	344	0
HES1_HUMAN	50	0	1
HES2_HUMAN	3	1345	0
HES3_HUMAN	4	1307	0
HES4_HUMAN	22	310	0
HES5_HUMAN	2	2289	0
HES6_HUMAN	46	0	1
HES7_HUMAN	9	489	0
HESX1_HUMAN	13	765	0
HEXA_HUMAN	106	0	1
HEXB_HUMAN	65	0	1
HEXDC_HUMAN	14	331	0
HEXI1_HUMAN	902	0	1
HEXI2_HUMAN	87	0	1
HEY1_HUMAN	143	0	1
HEY2_HUMAN	51	0	1
HEYL_HUMAN	28	260	0
HFE_HUMAN	134	0	1
HFM1_HUMAN	9	441	0
HG2A_HUMAN	150	0	1
HGB1A_HUMAN	39	148	0
HGD_HUMAN	8	515	0
HGFA_HUMAN	22	375	0
HGFL_HUMAN	15	282	0
HGF_HUMAN	48	0	1
HGNAT_HUMAN	13	713	0
HGS_HUMAN	531	0	1
HHATL_HUMAN	23	491	0
HHAT_HUMAN	1	4112	0
HHEX_HUMAN	45	0	1
HHIP_HUMAN	11	307	0
HHLA1_HUMAN	2	1392	0
HHLA2_HUMAN	17	844	0
HHLA3_HUMAN	4	1133	0
HIAL1_HUMAN,MF14B_HUMAN	107	0	1
HIAL2_HUMAN,MF14C_HUMAN	1	6760	0
HIAT1_HUMAN,MF14A_HUMAN	273	0	1
HIBCH_HUMAN	75	0	1
HIC1_HUMAN	34	178	0
HIC2_HUMAN	63	0	1
HID1_HUMAN	21	551	0
HIDE1_HUMAN	87	0	1
HIF1A_HUMAN	408	0	1
HIF1N_HUMAN	354	0	1
HIF3A_HUMAN	4	1577	0
HIG1A_HUMAN	104	0	1
HIG1B_HUMAN	2	5076	0
HIG1C_HUMAN	19	411	0
HIG2A_HUMAN	20	327	0
HIG2B_HUMAN	4	1271	0
HIKES_HUMAN	26	246	0
HILS1_HUMAN	1	4687	0
HINFP_HUMAN	42	170	0
HINT1_HUMAN	182	0	1
HINT2_HUMAN	353	0	1
HINT3_HUMAN	38	173	0
HIP1R_HUMAN	161	0	1
HIP1_HUMAN	94	0	1
HIPK1_HUMAN	41	173	0
HIPK2_HUMAN	92	0	1
HIPK3_HUMAN	40	143	0
HIPK4_HUMAN	42	170	0
HIPL1_HUMAN	41	241	0
HIPL2_HUMAN	3	1160	0
HIRA_HUMAN	133	0	1
HIRP3_HUMAN	93	0	1
HIS1_HUMAN	5	2301	0
HIS3_HUMAN	27	291	0
HJURP_HUMAN	105	0	1
HKDC1_HUMAN	51	0	1
HKR1_HUMAN	5	503	0
HLAE_HUMAN	103	0	1
HLAF_HUMAN	100	0	1
HLAG_HUMAN	140	0	1
HLAH_HUMAN	23	142	0
HLF_HUMAN	14	696	0
HLPDA_HUMAN	4	1251	0
HLTF_HUMAN	150	0	1
HLX_HUMAN	37	186	0
HM13_HUMAN	160	0	1
HM20A_HUMAN	246	0	1
HM20B_HUMAN	123	0	1
HMBX1_HUMAN	142	0	1
HMCN1_HUMAN	11	343	0
HMCS1_HUMAN	120	0	1
HMCS2_HUMAN	11	374	0
HMDH_HUMAN	123	0	1
HME1_HUMAN	110	0	1
HME2_HUMAN	6	1082	0
HMG3L_HUMAN	8	432	0
HMGA1_HUMAN	487	0	1
HMGA2_HUMAN	136	0	1
HMGB1_HUMAN	469	0	1
HMGB2_HUMAN	263	0	1
HMGB3_HUMAN	90	0	1
HMGB4_HUMAN	6	947	0
HMGC2_HUMAN	19	458	0
HMGCL_HUMAN	83	0	1
HMGN1_HUMAN	165	0	1
HMGN2_HUMAN	221	0	1
HMGN3_HUMAN	61	0	1
HMGN4_HUMAN	99	0	1
HMGN5_HUMAN	153	0	1
HMGX3_HUMAN	12	494	0
HMGX4_HUMAN	114	0	1
HMHA1_HUMAN	28	166	0
HMMR_HUMAN	105	0	1
HMN10_HUMAN	1	3217	0
HMN1_HUMAN	10	574	0
HMN8_HUMAN	2	734	0
HMOX1_HUMAN	143	0	1
HMOX2_HUMAN	322	0	1
HMR1_HUMAN	65	0	1
HMX2_HUMAN	7	1099	0
HMX3_HUMAN	8	582	0
HN1L_HUMAN	57	0	1
HN1_HUMAN	45	0	1
HNF1A_HUMAN	69	0	1
HNF1B_HUMAN	169	0	1
HNF4A_HUMAN	256	0	1
HNF4G_HUMAN	19	389	0
HNF6_HUMAN	10	694	0
HNMT_HUMAN	10	403	0
HNRCL_HUMAN,HNRC1_HUMAN	171	0	1
HNRDL_HUMAN	396	0	1
HNRH1_HUMAN	1461	0	1
HNRH2_HUMAN	259	0	1
HNRH3_HUMAN	272	0	1
HNRL1_HUMAN	388	0	1
HNRL2_HUMAN	290	0	1
HNRLL_HUMAN	163	0	1
HNRPC_HUMAN	670	0	1
HNRPD_HUMAN	647	0	1
HNRPF_HUMAN	558	0	1
HNRPK_HUMAN	683	0	1
HNRPL_HUMAN	1893	0	1
HNRPM_HUMAN	707	0	1
HNRPQ_HUMAN	667	0	1
HNRPR_HUMAN	500	0	1
HNRPU_HUMAN	1064	0	1
HOGA1_HUMAN	36	269	0
HOIL1_HUMAN	568	0	1
HOME1_HUMAN	101	0	1
HOME2_HUMAN	28	235	0
HOME3_HUMAN	131	0	1
HOMEZ_HUMAN	145	0	1
HOOK1_HUMAN	241	0	1
HOOK2_HUMAN	195	0	1
HOOK3_HUMAN	216	0	1
HOP2_HUMAN	38	165	0
HOP_HUMAN	14	500	0
HORM1_HUMAN	9	653	0
HORM2_HUMAN	28	246	0
HORN_HUMAN	162	0	1
HOT_HUMAN	4	1070	0
HP1B3_HUMAN	342	0	1
HPBP1_HUMAN	181	0	1
HPC14_HUMAN	3	2490	0
HPCA_HUMAN	43	0	1
HPCL1_HUMAN	88	0	1
HPCL4_HUMAN	29	410	0
HPDL_HUMAN	21	344	0
HPGDS_HUMAN	9	976	0
HPHL1_HUMAN	74	0	1
HPIP_HUMAN	3	2098	0
HPLN1_HUMAN	5	655	0
HPLN2_HUMAN	46	0	1
HPLN3_HUMAN	56	0	1
HPLN4_HUMAN	1	4518	0
HPPD_HUMAN	18	410	0
HPRT_HUMAN	140	0	1
HPS1_HUMAN	14	842	0
HPS3_HUMAN	50	0	1
HPS4_HUMAN	9	462	0
HPS5_HUMAN	42	152	0
HPS6_HUMAN	46	0	1
HPSE2_HUMAN	23	287	0
HPSE_HUMAN	62	0	1
HPTR_HUMAN	16	519	0
HPT_HUMAN	125	0	1
HRC23_HUMAN	4	539	0
HRCT1_HUMAN	1	7817	0
HRES1_HUMAN	2	3986	0
HRG1_HUMAN	15	374	0
HRG_HUMAN	57	0	1
HRH1_HUMAN	27	239	0
HRH3_HUMAN	4	1814	0
HRH4_HUMAN	1	3711	0
HRK_HUMAN	8	746	0
HRSL1_HUMAN	10	1034	0
HRSL2_HUMAN	12	699	0
HRSL5_HUMAN	5	1814	0
HS105_HUMAN	481	0	1
HS12A_HUMAN	112	0	1
HS12B_HUMAN	72	0	1
HS2ST_HUMAN	161	0	1
HS3S1_HUMAN	36	376	0
HS3S2_HUMAN	16	485	0
HS3S4_HUMAN	12	969	0
HS3S5_HUMAN	1	3648	0
HS3S6_HUMAN	4	2662	0
HS3SA_HUMAN	3	1878	0
HS3SB_HUMAN	7	1116	0
HS71L_HUMAN	351	0	1
HS74L_HUMAN	287	0	1
HS902_HUMAN	63	0	1
HS904_HUMAN	108	0	1
HS905_HUMAN	97	0	1
HS90A_HUMAN	1290	0	1
HS90B_HUMAN	1084	0	1
HSB11_HUMAN,IFT25_HUMAN	32	217	0
HSBP1_HUMAN	63	0	1
HSBPL_HUMAN	10	1274	0
HSC20_HUMAN	859	0	1
HSDL1_HUMAN	80	0	1
HSDL2_HUMAN	138	0	1
HSF1_HUMAN	605	0	1
HSF2B_HUMAN	315	0	1
HSF2_HUMAN	77	0	1
HSF4_HUMAN	52	0	1
HSF5_HUMAN	5	508	0
HSFX1_HUMAN	17	670	0
HSFY1_HUMAN	34	218	0
HSH2D_HUMAN	19	485	0
HSP13_HUMAN	130	0	1
HSP1_HUMAN	2	2709	0
HSP71_HUMAN,HS71B_HUMAN	1810	0	1
HSP72_HUMAN	447	0	1
HSP74_HUMAN	680	0	1
HSP76_HUMAN	361	0	1
HSP77_HUMAN	88	0	1
HSP7C_HUMAN	2344	0	1
HSP7E_HUMAN	91	0	1
HSPB1_HUMAN	741	0	1
HSPB2_HUMAN	136	0	1
HSPB3_HUMAN	23	394	0
HSPB6_HUMAN	10	696	0
HSPB7_HUMAN	25	279	0
HSPB8_HUMAN	165	0	1
HSPB9_HUMAN	14	836	0
HTAI2_HUMAN	60	0	1
HTF4_HUMAN	140	0	1
HTR5A_HUMAN	29	118	0
HTR5B_HUMAN	49	0	1
HTR7A_HUMAN,MROH1_HUMAN	47	0	1
HTRA1_HUMAN	69	0	1
HTRA2_HUMAN	257	0	1
HTRA3_HUMAN	22	234	0
HTRA4_HUMAN	186	0	1
HTRB2_HUMAN,MRO2B_HUMAN	3	1708	0
HTSF1_HUMAN	147	0	1
HUMMR_HUMAN	227	0	1
HUNK_HUMAN	110	0	1
HUS1B_HUMAN	22	241	0
HUS1_HUMAN	70	0	1
HUTH_HUMAN	173	0	1
HUTI_HUMAN	5	1372	0
HUTU_HUMAN	3	969	0
HUWE1_HUMAN	1070	0	1
HV303_HUMAN	2	2017	0
HVCN1_HUMAN	33	206	0
HXA10_HUMAN	44	0	1
HXA11_HUMAN	13	428	0
HXA13_HUMAN	19	344	0
HXA1_HUMAN	371	0	1
HXA2_HUMAN	19	418	0
HXA3_HUMAN	15	415	0
HXA4_HUMAN	12	433	0
HXA5_HUMAN	91	0	1
HXA6_HUMAN	1	4333	0
HXA7_HUMAN	20	387	0
HXA9_HUMAN	27	173	0
HXB13_HUMAN	20	453	0
HXB1_HUMAN	34	230	0
HXB2_HUMAN	32	286	0
HXB3_HUMAN	6	1200	0
HXB4_HUMAN	6	830	0
HXB5_HUMAN	110	0	1
HXB6_HUMAN	58	0	1
HXB7_HUMAN	19	380	0
HXB8_HUMAN	16	447	0
HXB9_HUMAN	122	0	1
HXC10_HUMAN	19	215	0
HXC11_HUMAN	22	206	0
HXC12_HUMAN	5	1563	0
HXC13_HUMAN	29	300	0
HXC4_HUMAN	36	210	0
HXC5_HUMAN	45	0	1
HXC6_HUMAN	13	410	0
HXC8_HUMAN	125	0	1
HXC9_HUMAN	64	0	1
HXD10_HUMAN	10	895	0
HXD11_HUMAN	13	588	0
HXD12_HUMAN	17	454	0
HXD13_HUMAN	79	0	1
HXD1_HUMAN	2	5293	0
HXD3_HUMAN	12	420	0
HXD4_HUMAN	27	238	0
HXD8_HUMAN	11	671	0
HXD9_HUMAN	10	625	0
HXK1_HUMAN	268	0	1
HXK2_HUMAN	152	0	1
HXK3_HUMAN	44	0	1
HXK4_HUMAN	18	301	0
HYAL1_HUMAN	27	241	0
HYAL2_HUMAN	88	0	1
HYAL3_HUMAN	11	449	0
HYAL4_HUMAN	4	1835	0
HYALP_HUMAN	1	4624	0
HYCCI_HUMAN	35	149	0
HYDIN_HUMAN	21	194	0
HYEP_HUMAN	117	0	1
HYES_HUMAN	18	289	0
HYI_HUMAN	28	251	0
HYLS1_HUMAN	5	1543	0
HYOU1_HUMAN	337	0	1
HYPK_HUMAN	113	0	1
HYPM_HUMAN	82	0	1
I10R1_HUMAN	28	432	0
I10R2_HUMAN	10	719	0
I11RA_HUMAN	3	3758	0
I12R1_HUMAN	102	0	1
I12R2_HUMAN	10	442	0
I13R1_HUMAN	22	310	0
I13R2_HUMAN	142	0	1
I15RA_HUMAN	11	753	0
I17EL_HUMAN	1	1451	0
I17RA_HUMAN	155	0	1
I17RB_HUMAN	37	287	0
I17RC_HUMAN	51	0	1
I17RD_HUMAN	16	287	0
I17RE_HUMAN	13	587	0
I18BP_HUMAN	1	8177	0
I18RA_HUMAN	4	1499	0
I20L2_HUMAN	56	0	1
I20RA_HUMAN	37	263	0
I20RB_HUMAN	37	268	0
I22R1_HUMAN	29	364	0
I22R2_HUMAN	21	614	0
I23O1_HUMAN	7	1088	0
I23O2_HUMAN	11	1020	0
I27L1_HUMAN	64	0	1
I27L2_HUMAN	4	2178	0
I27RA_HUMAN	69	0	1
I28RA_HUMAN,INLR1_HUMAN	50	0	1
I2BP1_HUMAN	90	0	1
I2BP2_HUMAN	119	0	1
I2BPL_HUMAN	71	0	1
I36RA_HUMAN	48	0	1
I4E1B_HUMAN	3	1641	0
I5P1_HUMAN	34	154	0
I5P2_HUMAN	23	183	0
IAH1_HUMAN	24	189	0
IAPP_HUMAN	7	1176	0
IASPP_HUMAN	91	0	1
IBP1_HUMAN	27	224	0
IBP2_HUMAN	13	356	0
IBP3_HUMAN	49	0	1
IBP4_HUMAN	38	217	0
IBP5_HUMAN	132	0	1
IBP6_HUMAN	48	0	1
IBP7_HUMAN	28	172	0
IBPL1_HUMAN	12	571	0
IBTK_HUMAN	124	0	1
IC1_HUMAN	39	183	0
ICA1L_HUMAN	12	490	0
ICA69_HUMAN	26	215	0
ICAL_HUMAN	115	0	1
ICAM1_HUMAN	247	0	1
ICAM2_HUMAN	56	0	1
ICAM3_HUMAN	26	254	0
ICAM4_HUMAN	41	223	0
ICAM5_HUMAN	65	0	1
ICEF1_HUMAN	10	1011	0
ICK_HUMAN	59	0	1
ICLN_HUMAN	202	0	1
ICMT_HUMAN	65	0	1
ICOSL_HUMAN	20	409	0
ICOS_HUMAN	21	447	0
ICT1_HUMAN	405	0	1
ID1_HUMAN	64	0	1
ID2_HUMAN	96	0	1
ID3_HUMAN	52	0	1
ID4_HUMAN	27	254	0
IDD_HUMAN	193	0	1
IDE_HUMAN	233	0	1
IDH3A_HUMAN	131	0	1
IDH3B_HUMAN	123	0	1
IDH3G_HUMAN	78	0	1
IDHC_HUMAN	135	0	1
IDHP_HUMAN	236	0	1
IDI1_HUMAN	39	134	0
IDI2_HUMAN	14	885	0
IDLC_HUMAN	20	394	0
IDS_HUMAN	129	0	1
IDUA_HUMAN	68	0	1
IER2_HUMAN	39	176	0
IER5L_HUMAN	5	622	0
IER5_HUMAN	13	456	0
IEX1_HUMAN	28	171	0
IF122_HUMAN	64	0	1
IF140_HUMAN	66	0	1
IF16_HUMAN	711	0	1
IF172_HUMAN	63	0	1
IF1AX_HUMAN	122	0	1
IF1AY_HUMAN	31	148	0
IF2A_HUMAN	278	0	1
IF2B1_HUMAN	443	0	1
IF2B2_HUMAN	323	0	1
IF2B3_HUMAN	520	0	1
IF2B_HUMAN	254	0	1
IF2G_HUMAN	320	0	1
IF2M_HUMAN	342	0	1
IF2P_HUMAN	223	0	1
IF3M_HUMAN	295	0	1
IF44L_HUMAN	14	610	0
IF4A1_HUMAN	372	0	1
IF4A2_HUMAN	178	0	1
IF4A3_HUMAN	526	0	1
IF4B_HUMAN	407	0	1
IF4E2_HUMAN	245	0	1
IF4E3_HUMAN	10	482	0
IF4E_HUMAN	227	0	1
IF4G1_HUMAN	461	0	1
IF4G2_HUMAN	158	0	1
IF4G3_HUMAN	139	0	1
IF4H_HUMAN	127	0	1
IF5A1_HUMAN	254	0	1
IF5A2_HUMAN	63	0	1
IF5AL_HUMAN	22	184	0
IF5_HUMAN	205	0	1
IF6_HUMAN	413	0	1
IFFO1_HUMAN	55	0	1
IFFO2_HUMAN	23	215	0
IFI27_HUMAN	12	493	0
IFI44_HUMAN	6	1064	0
IFI6_HUMAN	49	0	1
IFIH1_HUMAN	59	0	1
IFIT1_HUMAN	63	0	1
IFIT2_HUMAN	65	0	1
IFIT3_HUMAN	79	0	1
IFIT5_HUMAN	93	0	1
IFIX_HUMAN	357	0	1
IFM1_HUMAN	356	0	1
IFM2_HUMAN	11	555	0
IFM3_HUMAN	518	0	1
IFM5_HUMAN	6	1123	0
IFN10_HUMAN	6	1434	0
IFN14_HUMAN	22	337	0
IFN16_HUMAN	6	1826	0
IFN17_HUMAN	6	2770	0
IFN21_HUMAN	35	345	0
IFNA1_HUMAN	18	623	0
IFNA2_HUMAN	12	728	0
IFNA4_HUMAN	39	369	0
IFNA5_HUMAN	19	534	0
IFNA6_HUMAN	7	1972	0
IFNA7_HUMAN	9	1235	0
IFNA8_HUMAN	14	835	0
IFNB_HUMAN	4	2451	0
IFNE_HUMAN	26	396	0
IFNG_HUMAN	30	238	0
IFNK_HUMAN	1	6651	0
IFNW1_HUMAN	6	1626	0
IFRD1_HUMAN	38	131	0
IFRD2_HUMAN	37	159	0
IFT1B_HUMAN	7	1477	0
IFT20_HUMAN	142	0	1
IFT27_HUMAN	72	0	1
IFT43_HUMAN	24	341	0
IFT46_HUMAN	41	231	0
IFT52_HUMAN	40	245	0
IFT57_HUMAN	177	0	1
IFT74_HUMAN	139	0	1
IFT80_HUMAN	31	264	0
IFT81_HUMAN	81	0	1
IFT88_HUMAN	83	0	1
IF_HUMAN	15	437	0
IG2AS_HUMAN	1	2214	0
IGBP1_HUMAN	157	0	1
IGDC3_HUMAN	7	1592	0
IGDC4_HUMAN	40	246	0
IGF1B_HUMAN	19	477	0
IGF1R_HUMAN	455	0	1
IGF1_HUMAN	11	808	0
IGF2_HUMAN	49	0	1
IGFL1_HUMAN	11	933	0
IGFL2_HUMAN	4	2000	0
IGFL3_HUMAN	75	0	1
IGFN1_HUMAN	49	0	1
IGFR1_HUMAN	3	4573	0
IGHA1_HUMAN	176	0	1
IGHA2_HUMAN	87	0	1
IGHD_HUMAN	28	227	0
IGHE_HUMAN	3	2636	0
IGHG1_HUMAN	231	0	1
IGHG2_HUMAN	133	0	1
IGHG3_HUMAN	50	0	1
IGHG4_HUMAN	46	0	1
IGHM_HUMAN	144	0	1
IGIP_HUMAN	2	1393	0
IGJ_HUMAN	81	0	1
IGKC_HUMAN	141	0	1
IGLL1_HUMAN	12	776	0
IGLL5_HUMAN	136	0	1
IGLO5_HUMAN	14	722	0
IGS10_HUMAN	12	318	0
IGS11_HUMAN	1	8188	0
IGS21_HUMAN	41	200	0
IGS22_HUMAN	3	1341	0
IGSF1_HUMAN	24	294	0
IGSF2_HUMAN	7	807	0
IGSF3_HUMAN	101	0	1
IGSF5_HUMAN	13	690	0
IGSF6_HUMAN	7	1081	0
IGSF8_HUMAN	250	0	1
IHH_HUMAN	4	2646	0
IIGP5_HUMAN	19	288	0
IKBA_HUMAN	230	0	1
IKBB_HUMAN	116	0	1
IKBD_HUMAN	121	0	1
IKBE_HUMAN	61	0	1
IKBL1_HUMAN	93	0	1
IKBP1_HUMAN	16	390	0
IKBZ_HUMAN	11	470	0
IKIP_HUMAN	192	0	1
IKKA_HUMAN	226	0	1
IKKB_HUMAN	242	0	1
IKKE_HUMAN	401	0	1
IKZF1_HUMAN	291	0	1
IKZF2_HUMAN	28	205	0
IKZF3_HUMAN	314	0	1
IKZF4_HUMAN	37	246	0
IKZF5_HUMAN	63	0	1
IL10_HUMAN	15	668	0
IL11_HUMAN	6	835	0
IL12A_HUMAN	16	655	0
IL12B_HUMAN	6	1218	0
IL13_HUMAN	16	543	0
IL15_HUMAN	9	1279	0
IL16_HUMAN	118	0	1
IL17B_HUMAN	77	0	1
IL17D_HUMAN	4	690	0
IL17F_HUMAN	28	263	0
IL17_HUMAN	10	1024	0
IL18R_HUMAN	6	1224	0
IL18_HUMAN	30	212	0
IL19_HUMAN	4	1646	0
IL1AP_HUMAN	67	0	1
IL1A_HUMAN	72	0	1
IL1B_HUMAN	46	0	1
IL1F6_HUMAN	20	445	0
IL1F9_HUMAN	42	209	0
IL1FA_HUMAN	9	930	0
IL1R1_HUMAN	34	223	0
IL1R2_HUMAN	60	0	1
IL1RA_HUMAN	58	0	1
IL20_HUMAN	15	753	0
IL21R_HUMAN	6	1584	0
IL21_HUMAN	6	1742	0
IL22_HUMAN	4	2058	0
IL23A_HUMAN	7	1807	0
IL23R_HUMAN	12	380	0
IL24_HUMAN	27	199	0
IL25_HUMAN	43	0	1
IL26_HUMAN	5	1759	0
IL27A_HUMAN	4	3280	0
IL27B_HUMAN	27	246	0
IL28A_HUMAN,IFNL2_HUMAN	3	2163	0
IL28B_HUMAN,IFNL3_HUMAN	5	1317	0
IL29_HUMAN,IFNL1_HUMAN	7	1097	0
IL2RA_HUMAN	49	0	1
IL2RB_HUMAN	26	238	0
IL2RG_HUMAN	43	0	1
IL2_HUMAN	6	1348	0
IL31R_HUMAN	30	306	0
IL31_HUMAN	15	539	0
IL32_HUMAN	33	208	0
IL33_HUMAN	8	794	0
IL34_HUMAN	3	2750	0
IL36A_HUMAN	20	445	0
IL36B_HUMAN	3	2290	0
IL36G_HUMAN	44	0	1
IL37_HUMAN	24	386	0
IL3RA_HUMAN	49	0	1
IL3RB_HUMAN	27	212	0
IL3_HUMAN	3	3038	0
IL4RA_HUMAN	49	0	1
IL4_HUMAN	4	2638	0
IL5RA_HUMAN	143	0	1
IL5_HUMAN	3	4126	0
IL6RA_HUMAN	31	280	0
IL6RB_HUMAN	74	0	1
IL6_HUMAN	10	837	0
IL7RA_HUMAN	57	0	1
IL7_HUMAN	9	1121	0
IL8_HUMAN	18	381	0
IL9R_HUMAN	26	297	0
IL9_HUMAN	2	2448	0
ILDR1_HUMAN	9	617	0
ILDR2_HUMAN	34	189	0
ILEU_HUMAN	78	0	1
ILF2_HUMAN	623	0	1
ILF3_HUMAN	906	0	1
ILFT1_HUMAN,LMTD1_HUMAN	2	1583	0
ILKAP_HUMAN	104	0	1
ILK_HUMAN	531	0	1
ILRL1_HUMAN	19	588	0
ILRL2_HUMAN	11	397	0
ILVBL_HUMAN	269	0	1
IMA1_HUMAN,IMA5_HUMAN	393	0	1
IMA2_HUMAN,IMA1_HUMAN	583	0	1
IMA3_HUMAN,IMA4_HUMAN	261	0	1
IMA4_HUMAN,IMA3_HUMAN	239	0	1
IMA5_HUMAN,IMA6_HUMAN	88	0	1
IMA7_HUMAN	182	0	1
IMA8_HUMAN	8	754	0
IMB1_HUMAN	565	0	1
IMDH1_HUMAN	161	0	1
IMDH2_HUMAN	442	0	1
IMMT_HUMAN,MIC60_HUMAN	509	0	1
IMP1L_HUMAN	243	0	1
IMP2L_HUMAN	388	0	1
IMP3_HUMAN	124	0	1
IMP4_HUMAN	118	0	1
IMP5_HUMAN	3	1717	0
IMPA1_HUMAN	35	132	0
IMPA2_HUMAN	77	0	1
IMPA3_HUMAN	60	0	1
IMPCT_HUMAN	31	286	0
IMPG1_HUMAN	3	1362	0
IMPG2_HUMAN	1	3584	0
IMUP_HUMAN	20	378	0
IN35_HUMAN	35	170	0
IN4L2_HUMAN	12	651	0
IN80B_HUMAN	178	0	1
IN80C_HUMAN	35	194	0
IN80D_HUMAN	27	197	0
IN80E_HUMAN	103	0	1
INADL_HUMAN	121	0	1
INAR1_HUMAN	71	0	1
INAR2_HUMAN	28	210	0
INCA1_HUMAN	239	0	1
INCE_HUMAN	81	0	1
INE1_HUMAN	1	2214	0
INF2_HUMAN	305	0	1
ING1_HUMAN	107	0	1
ING2_HUMAN	66	0	1
ING3_HUMAN	87	0	1
ING4_HUMAN	77	0	1
ING5_HUMAN	110	0	1
INGR1_HUMAN	102	0	1
INGR2_HUMAN	64	0	1
INHA_HUMAN	17	409	0
INHBA_HUMAN	35	182	0
INHBB_HUMAN	7	1030	0
INHBE_HUMAN	61	0	1
INMT_HUMAN	3	2760	0
INO1_HUMAN	81	0	1
INO80_HUMAN	87	0	1
INP4A_HUMAN	19	148	0
INP4B_HUMAN	34	179	0
INP5E_HUMAN	65	0	1
INP5K_HUMAN	88	0	1
INPP_HUMAN	21	241	0
INSC_HUMAN	26	327	0
INSI1_HUMAN	124	0	1
INSI2_HUMAN	174	0	1
INSL3_HUMAN	16	464	0
INSL4_HUMAN	6	2019	0
INSL5_HUMAN	57	0	1
INSL6_HUMAN	39	240	0
INSM1_HUMAN	10	474	0
INSM2_HUMAN	3	1523	0
INSRR_HUMAN	90	0	1
INSR_HUMAN	799	0	1
INS_HUMAN	510	0	1
INT10_HUMAN	56	0	1
INT11_HUMAN	106	0	1
INT12_HUMAN	143	0	1
INT1_HUMAN	191	0	1
INT2_HUMAN	115	0	1
INT3_HUMAN	151	0	1
INT4_HUMAN	118	0	1
INT5_HUMAN	113	0	1
INT6_HUMAN	126	0	1
INT7_HUMAN	106	0	1
INT8_HUMAN	70	0	1
INT9_HUMAN	70	0	1
INTU_HUMAN	45	0	1
INVO_HUMAN	134	0	1
INVS_HUMAN	22	182	0
IOD2_HUMAN	15	330	0
IOD3_HUMAN	17	564	0
IP3KA_HUMAN	8	393	0
IP3KB_HUMAN	34	112	0
IP3KC_HUMAN	18	292	0
IP6K1_HUMAN	41	143	0
IP6K2_HUMAN	21	236	0
IP6K3_HUMAN	31	177	0
IPIL1_HUMAN	40	208	0
IPIL2_HUMAN	27	362	0
IPKA_HUMAN	11	579	0
IPKB_HUMAN	9	862	0
IPKG_HUMAN	11	462	0
IPMK_HUMAN	10	457	0
IPO11_HUMAN	176	0	1
IPO13_HUMAN	98	0	1
IPO4_HUMAN	212	0	1
IPO5_HUMAN	431	0	1
IPO7_HUMAN	360	0	1
IPO8_HUMAN	256	0	1
IPO9_HUMAN	246	0	1
IPP2M_HUMAN	14	268	0
IPP2_HUMAN	59	0	1
IPP4_HUMAN	3	1489	0
IPPK_HUMAN	110	0	1
IPP_HUMAN	34	193	0
IPRI_HUMAN	80	0	1
IPSP_HUMAN	64	0	1
IPYR2_HUMAN	142	0	1
IPYR_HUMAN	197	0	1
IQCA1_HUMAN	8	402	0
IQCAL_HUMAN	4	1130	0
IQCB1_HUMAN	290	0	1
IQCC_HUMAN	14	456	0
IQCD_HUMAN	7	915	0
IQCE_HUMAN	35	167	0
IQCF1_HUMAN	49	0	1
IQCF2_HUMAN	24	230	0
IQCF3_HUMAN	2	2510	0
IQCF5_HUMAN	6	1291	0
IQCG_HUMAN	6	537	0
IQCH_HUMAN	5	1019	0
IQCK_HUMAN	2	3270	0
IQEC1_HUMAN	121	0	1
IQEC2_HUMAN	34	119	0
IQEC3_HUMAN	3	574	0
IQGA1_HUMAN	590	0	1
IQGA2_HUMAN	123	0	1
IQGA3_HUMAN	173	0	1
IQUB_HUMAN	79	0	1
IR3IP_HUMAN	62	0	1
IRAK1_HUMAN	311	0	1
IRAK2_HUMAN	56	0	1
IRAK3_HUMAN	33	219	0
IRAK4_HUMAN	36	254	0
IREB2_HUMAN	58	0	1
IRF1_HUMAN	62	0	1
IRF2_HUMAN	113	0	1
IRF3_HUMAN	137	0	1
IRF4_HUMAN	85	0	1
IRF5_HUMAN	53	0	1
IRF6_HUMAN	22	280	0
IRF7_HUMAN	91	0	1
IRF8_HUMAN	54	0	1
IRF9_HUMAN	40	198	0
IRG1_HUMAN	2	1759	0
IRGM_HUMAN	23	265	0
IRGQ_HUMAN	27	162	0
IRK10_HUMAN,KCJ10_HUMAN	39	230	0
IRK11_HUMAN,KCJ11_HUMAN	22	347	0
IRK12_HUMAN,KCJ12_HUMAN	28	296	0
IRK15_HUMAN	10	656	0
IRK16_HUMAN,KCJ16_HUMAN	4	2277	0
IRK1_HUMAN,KCNJ1_HUMAN	6	913	0
IRK2_HUMAN,KCNJ2_HUMAN	35	226	0
IRK3_HUMAN,KCNJ3_HUMAN	14	430	0
IRK4_HUMAN,KCNJ4_HUMAN	17	588	0
IRK5_HUMAN,KCNJ5_HUMAN	20	564	0
IRK6_HUMAN,KCNJ6_HUMAN	79	0	1
IRK8_HUMAN,KCNJ8_HUMAN	52	0	1
IRK9_HUMAN,KCNJ9_HUMAN	5	1243	0
IRPL1_HUMAN	7	831	0
IRPL2_HUMAN	4	922	0
IRS1_HUMAN	117	0	1
IRS2_HUMAN	77	0	1
IRS4_HUMAN	326	0	1
IRX1_HUMAN	2	1370	0
IRX2_HUMAN	6	969	0
IRX3_HUMAN	2	1856	0
IRX4_HUMAN	5	1037	0
IRX5_HUMAN	5	743	0
IRX6_HUMAN	12	900	0
ISCA1_HUMAN	91	0	1
ISCA2_HUMAN	73	0	1
ISCU_HUMAN	50	0	1
ISG15_HUMAN	489	0	1
ISG20_HUMAN	12	726	0
ISK14_HUMAN	14	815	0
ISK1_HUMAN	5	1519	0
ISK2_HUMAN	29	425	0
ISK4_HUMAN	12	1107	0
ISK52_HUMAN	14	815	0
ISK5_HUMAN	19	328	0
ISK6_HUMAN	1	2482	0
ISK7_HUMAN	18	567	0
ISK9_HUMAN	1	4571	0
ISL1_HUMAN	37	238	0
ISL2_HUMAN	45	0	1
ISLR2_HUMAN	19	340	0
ISLR_HUMAN	144	0	1
ISM1_HUMAN	1	3010	0
ISM2_HUMAN	15	536	0
ISOC1_HUMAN	80	0	1
ISOC2_HUMAN	66	0	1
ISPDL_HUMAN	1	2577	0
ISPD_HUMAN	1	2577	0
IST1_HUMAN	114	0	1
ISX_HUMAN	38	249	0
ISY1_HUMAN	147	0	1
ITA10_HUMAN	4	1030	0
ITA11_HUMAN	6	528	0
ITA1_HUMAN	52	0	1
ITA2B_HUMAN	16	372	0
ITA2_HUMAN	130	0	1
ITA3_HUMAN	72	0	1
ITA4_HUMAN	520	0	1
ITA5_HUMAN	140	0	1
ITA6_HUMAN	170	0	1
ITA7_HUMAN	115	0	1
ITA8_HUMAN	71	0	1
ITA9_HUMAN	25	207	0
ITAD_HUMAN	45	0	1
ITAE_HUMAN	11	394	0
ITAL_HUMAN	17	309	0
ITAM_HUMAN	63	0	1
ITAV_HUMAN	169	0	1
ITAX_HUMAN	7	1407	0
ITB1_HUMAN	347	0	1
ITB2_HUMAN	64	0	1
ITB3_HUMAN	61	0	1
ITB4_HUMAN	133	0	1
ITB5_HUMAN	148	0	1
ITB6_HUMAN	11	416	0
ITB7_HUMAN	24	241	0
ITB8_HUMAN	44	0	1
ITBP1_HUMAN	29	198	0
ITBP2_HUMAN	22	270	0
ITCH_HUMAN	350	0	1
ITF2_HUMAN	363	0	1
ITFG2_HUMAN	27	314	0
ITFG3_HUMAN	145	0	1
ITGBL_HUMAN	2	1379	0
ITH5L_HUMAN	13	910	0
ITIH1_HUMAN	20	365	0
ITIH2_HUMAN	94	0	1
ITIH3_HUMAN	31	138	0
ITIH4_HUMAN	31	131	0
ITIH5_HUMAN	11	446	0
ITIH6_HUMAN	9	1277	0
ITK_HUMAN	54	0	1
ITLN1_HUMAN	58	0	1
ITLN2_HUMAN	61	0	1
ITM2A_HUMAN	24	337	0
ITM2B_HUMAN	572	0	1
ITM2C_HUMAN	256	0	1
ITPA_HUMAN	95	0	1
ITPK1_HUMAN	28	153	0
ITPR1_HUMAN	138	0	1
ITPR2_HUMAN	139	0	1
ITPR3_HUMAN	235	0	1
ITSN1_HUMAN	269	0	1
ITSN2_HUMAN	157	0	1
IVD_HUMAN	82	0	1
IWS1_HUMAN	117	0	1
IYD1_HUMAN	9	605	0
IZUM1_HUMAN	31	344	0
IZUM4_HUMAN	1	5293	0
JADE1_HUMAN	70	0	1
JADE2_HUMAN	43	0	1
JADE3_HUMAN	51	0	1
JAG1_HUMAN	42	94	0
JAG2_HUMAN	115	0	1
JAGN1_HUMAN	161	0	1
JAK1_HUMAN	244	0	1
JAK2_HUMAN	153	0	1
JAK3_HUMAN	130	0	1
JAM1_HUMAN	55	0	1
JAM2_HUMAN	13	633	0
JAM3_HUMAN	30	180	0
JAML1_HUMAN	2	3936	0
JARD2_HUMAN	42	149	0
JAZF1_HUMAN	62	0	1
JCAD_HUMAN	38	160	0
JDP2_HUMAN	28	182	0
JERKL_HUMAN	10	535	0
JERKY_HUMAN	51	0	1
JHD1D_HUMAN,KDM7A_HUMAN	4	898	0
JHD2C_HUMAN	89	0	1
JIP1_HUMAN	49	0	1
JIP2_HUMAN	112	0	1
JIP3_HUMAN	66	0	1
JIP4_HUMAN	288	0	1
JKAMP_HUMAN	12	505	0
JKIP1_HUMAN	43	0	1
JKIP2_HUMAN	23	305	0
JKIP3_HUMAN	8	547	0
JMJD4_HUMAN	63	0	1
JMJD6_HUMAN	230	0	1
JMJD7_HUMAN	20	334	0
JMJD8_HUMAN	35	260	0
JMY_HUMAN	44	0	1
JOS1_HUMAN	47	0	1
JOS2_HUMAN	34	231	0
JPH1_HUMAN	244	0	1
JPH2_HUMAN	26	225	0
JPH3_HUMAN	56	0	1
JPH4_HUMAN	69	0	1
JSPR1_HUMAN	20	308	0
JTB_HUMAN	34	302	0
JUNB_HUMAN	109	0	1
JUND_HUMAN	68	0	1
JUN_HUMAN	1597	0	1
K0020_HUMAN,PUM3_HUMAN	255	0	1
K0040_HUMAN	5	1446	0
K0087_HUMAN	5	591	0
K0100_HUMAN	38	124	0
K0114_HUMAN	8	505	0
K0146_HUMAN,SPIDR_HUMAN	24	208	0
K0195_HUMAN,TMM94_HUMAN	34	255	0
K0232_HUMAN	105	0	1
K0240_HUMAN,GSC1L_HUMAN	44	0	1
K0247_HUMAN,SUSD6_HUMAN	16	314	0
K0284_HUMAN,C170B_HUMAN	78	0	1
K0317_HUMAN,AREL1_HUMAN	28	250	0
K0319_HUMAN	5	656	0
K0355_HUMAN	171	0	1
K0408_HUMAN	60	0	1
K0494_HUMAN,EFC14_HUMAN	9	479	0
K0495_HUMAN	1	1713	0
K0513_HUMAN	10	359	0
K0528_HUMAN,C2CD5_HUMAN	98	0	1
K0552_HUMAN	27	173	0
K0556_HUMAN	131	0	1
K0564_HUMAN,VWA8_HUMAN	360	0	1
K0586_HUMAN,TALD3_HUMAN	32	196	0
K0644_HUMAN	1	7546	0
K0664_HUMAN,CLU_HUMAN	149	0	1
K0748_HUMAN	15	361	0
K0753_HUMAN,MOONR_HUMAN	158	0	1
K0754_HUMAN	46	0	1
K0895_HUMAN	13	520	0
K0907_HUMAN	61	0	1
K0913_HUMAN,ZSWM8_HUMAN	80	0	1
K0930_HUMAN	34	226	0
K0947_HUMAN,ICE1_HUMAN	50	0	1
K1024_HUMAN	10	516	0
K1045_HUMAN,PHF24_HUMAN	6	1533	0
K1107_HUMAN	41	188	0
K1109_HUMAN	51	0	1
K1143_HUMAN	57	0	1
K1161_HUMAN	63	0	1
K1199_HUMAN,CEMIP_HUMAN	69	0	1
K1210_HUMAN	2	2635	0
K1211_HUMAN	40	137	0
K1239_HUMAN,NWD2_HUMAN	3	1357	0
K1257_HUMAN	2	3125	0
K1324_HUMAN	15	317	0
K1328_HUMAN	51	0	1
K132L_HUMAN	9	491	0
K1377_HUMAN,CE126_HUMAN	103	0	1
K1383_HUMAN,MAP10_HUMAN	28	283	0
K1407_HUMAN,CC191_HUMAN	9	370	0
K1430_HUMAN,CFA97_HUMAN	59	0	1
K1456_HUMAN	3	3030	0
K1467_HUMAN	77	0	1
K1468_HUMAN	67	0	1
K1486_HUMAN	15	301	0
K1522_HUMAN	125	0	1
K1529_HUMAN	1	1642	0
K1549_HUMAN	89	0	1
K1586_HUMAN	17	435	0
K1609_HUMAN,TLDC1_HUMAN	38	163	0
K1614_HUMAN	4	2222	0
K1644_HUMAN	60	0	1
K1671_HUMAN	204	0	1
K1683_HUMAN	69	0	1
K1688_HUMAN	111	0	1
K1704_HUMAN,GPAM1_HUMAN	48	0	1
K1731_HUMAN,CE295_HUMAN	49	0	1
K1737_HUMAN,CIPC_HUMAN	19	328	0
K1751_HUMAN	19	262	0
K1755_HUMAN	2	2031	0
K1841_HUMAN	15	381	0
K1875_HUMAN,WDR97_HUMAN	4	1362	0
K1958_HUMAN	21	289	0
K1967_HUMAN	381	0	1
K1984_HUMAN,CC183_HUMAN	45	0	1
K1C10_HUMAN	210	0	1
K1C12_HUMAN	21	330	0
K1C13_HUMAN	127	0	1
K1C14_HUMAN	206	0	1
K1C15_HUMAN	183	0	1
K1C16_HUMAN	213	0	1
K1C17_HUMAN	261	0	1
K1C18_HUMAN	422	0	1
K1C19_HUMAN	284	0	1
K1C20_HUMAN	63	0	1
K1C23_HUMAN	30	172	0
K1C24_HUMAN	66	0	1
K1C25_HUMAN	33	254	0
K1C26_HUMAN	35	289	0
K1C27_HUMAN	195	0	1
K1C28_HUMAN	29	299	0
K1C39_HUMAN	58	0	1
K1C40_HUMAN	430	0	1
K1C9_HUMAN	184	0	1
K1H1_HUMAN	462	0	1
K1H2_HUMAN	40	191	0
K2013_HUMAN	163	0	1
K2018_HUMAN	20	280	0
K2022_HUMAN	9	665	0
K2026_HUMAN	15	217	0
K220L_HUMAN	2	2538	0
K226L_HUMAN	11	820	0
K22E_HUMAN	250	0	1
K22O_HUMAN	88	0	1
K2C1B_HUMAN	96	0	1
K2C1_HUMAN	254	0	1
K2C3_HUMAN	104	0	1
K2C4_HUMAN	86	0	1
K2C5_HUMAN	200	0	1
K2C6A_HUMAN	162	0	1
K2C6B_HUMAN	151	0	1
K2C6C_HUMAN	91	0	1
K2C71_HUMAN	48	0	1
K2C72_HUMAN	58	0	1
K2C73_HUMAN	57	0	1
K2C74_HUMAN	40	161	0
K2C75_HUMAN	192	0	1
K2C78_HUMAN	102	0	1
K2C79_HUMAN	64	0	1
K2C7_HUMAN	79	0	1
K2C80_HUMAN	72	0	1
K2C8_HUMAN	447	0	1
K319L_HUMAN	105	0	1
K6PF_HUMAN,PFKAM_HUMAN	174	0	1
K6PL_HUMAN,PFKAL_HUMAN	217	0	1
K6PP_HUMAN,PFKAP_HUMAN	294	0	1
K895L_HUMAN	3	562	0
KAAG1_HUMAN	4	2501	0
KAD1_HUMAN	71	0	1
KAD2_HUMAN	186	0	1
KAD3_HUMAN,KAD4_HUMAN	67	0	1
KAD4_HUMAN	187	0	1
KAD5_HUMAN	12	424	0
KAD6_HUMAN	144	0	1
KAD7_HUMAN	7	966	0
KAD8_HUMAN	16	430	0
KAIN_HUMAN	30	220	0
KAISO_HUMAN	133	0	1
KAL1L_HUMAN	6	955	0
KALM_HUMAN	153	0	1
KALRN_HUMAN	57	0	1
KANK1_HUMAN	47	0	1
KANK2_HUMAN	305	0	1
KANK3_HUMAN	6	477	0
KANK4_HUMAN	28	214	0
KANL1_HUMAN	99	0	1
KANL2_HUMAN	73	0	1
KANL3_HUMAN	95	0	1
KAP0_HUMAN	324	0	1
KAP1_HUMAN	159	0	1
KAP2_HUMAN	226	0	1
KAP3_HUMAN	145	0	1
KAPCA_HUMAN	452	0	1
KAPCB_HUMAN	274	0	1
KAPCG_HUMAN	108	0	1
KAT1_HUMAN	17	230	0
KAT2A_HUMAN	178	0	1
KAT2B_HUMAN	217	0	1
KAT3_HUMAN	52	0	1
KAT5_HUMAN	323	0	1
KAT6A_HUMAN	504	0	1
KAT6B_HUMAN	33	152	0
KAT7_HUMAN	135	0	1
KAT8_HUMAN	72	0	1
KATL1_HUMAN	51	0	1
KATL2_HUMAN	69	0	1
KAZD1_HUMAN	12	542	0
KAZRN_HUMAN	44	0	1
KBL_HUMAN	66	0	1
KBP_HUMAN	189	0	1
KBRS1_HUMAN	12	634	0
KBRS2_HUMAN	35	157	0
KBTB2_HUMAN	14	253	0
KBTB3_HUMAN	9	371	0
KBTB4_HUMAN	312	0	1
KBTB5_HUMAN,KLH40_HUMAN	53	0	1
KBTB6_HUMAN	110	0	1
KBTB7_HUMAN	253	0	1
KBTB8_HUMAN	20	321	0
KBTBA_HUMAN,KLH41_HUMAN	23	232	0
KBTBB_HUMAN	7	438	0
KBTBD_HUMAN	1	968	0
KC1AL_HUMAN	62	0	1
KC1A_HUMAN	524	0	1
KC1D_HUMAN	268	0	1
KC1E_HUMAN	522	0	1
KC1G1_HUMAN	44	0	1
KC1G2_HUMAN	111	0	1
KC1G3_HUMAN	141	0	1
KCA10_HUMAN	23	398	0
KCAB1_HUMAN	21	281	0
KCAB2_HUMAN	56	0	1
KCAB3_HUMAN	8	982	0
KCC1A_HUMAN	162	0	1
KCC1B_HUMAN	2	2353	0
KCC1D_HUMAN	59	0	1
KCC1G_HUMAN	11	566	0
KCC2A_HUMAN	224	0	1
KCC2B_HUMAN	152	0	1
KCC2D_HUMAN	292	0	1
KCC2G_HUMAN	201	0	1
KCC4_HUMAN	55	0	1
KCD11_HUMAN	9	496	0
KCD12_HUMAN	149	0	1
KCD14_HUMAN	19	472	0
KCD15_HUMAN	71	0	1
KCD16_HUMAN	14	537	0
KCD17_HUMAN	145	0	1
KCD18_HUMAN	15	304	0
KCD19_HUMAN	8	794	0
KCD20_HUMAN	20	238	0
KCD21_HUMAN	38	206	0
KCE1L_HUMAN,KCNE5_HUMAN	6	1600	0
KCIP1_HUMAN	24	462	0
KCIP2_HUMAN	13	600	0
KCIP4_HUMAN	23	438	0
KCMA1_HUMAN	37	189	0
KCMB1_HUMAN	9	644	0
KCMB2_HUMAN	9	944	0
KCMB3_HUMAN	52	0	1
KCMB4_HUMAN	7	1111	0
KCMF1_HUMAN	180	0	1
KCNA1_HUMAN	21	537	0
KCNA2_HUMAN	124	0	1
KCNA3_HUMAN	727	0	1
KCNA4_HUMAN	59	0	1
KCNA5_HUMAN	54	0	1
KCNA6_HUMAN	18	388	0
KCNA7_HUMAN	2	1464	0
KCNB1_HUMAN	22	353	0
KCNB2_HUMAN	52	0	1
KCNC1_HUMAN	18	586	0
KCNC2_HUMAN	1	8778	0
KCNC3_HUMAN	28	285	0
KCNC4_HUMAN	37	189	0
KCND1_HUMAN	2	2703	0
KCND2_HUMAN	21	343	0
KCND3_HUMAN	38	174	0
KCNE1_HUMAN	21	605	0
KCNE2_HUMAN	5	2128	0
KCNE3_HUMAN	320	0	1
KCNE4_HUMAN	35	248	0
KCNF1_HUMAN	21	473	0
KCNG1_HUMAN	20	354	0
KCNG2_HUMAN	1	8629	0
KCNG3_HUMAN	10	325	0
KCNG4_HUMAN	17	641	0
KCNH1_HUMAN	15	295	0
KCNH2_HUMAN	47	0	1
KCNH3_HUMAN	2	1372	0
KCNH4_HUMAN	4	1168	0
KCNH5_HUMAN	7	507	0
KCNH7_HUMAN	6	654	0
KCNH8_HUMAN	3	829	0
KCNK1_HUMAN	79	0	1
KCNK3_HUMAN	11	520	0
KCNK4_HUMAN	8	1116	0
KCNK5_HUMAN	34	210	0
KCNK7_HUMAN	4	1004	0
KCNK9_HUMAN	8	656	0
KCNKC_HUMAN	1	6932	0
KCNKD_HUMAN	1	1794	0
KCNKF_HUMAN	7	755	0
KCNKG_HUMAN	43	0	1
KCNKH_HUMAN	1	6808	0
KCNKI_HUMAN	29	402	0
KCNN1_HUMAN	6	741	0
KCNN2_HUMAN	6	716	0
KCNN3_HUMAN	9	624	0
KCNN4_HUMAN	70	0	1
KCNQ1_HUMAN	21	306	0
KCNQ2_HUMAN	17	322	0
KCNQ3_HUMAN	36	244	0
KCNQ4_HUMAN	6	524	0
KCNQ5_HUMAN	32	181	0
KCNRG_HUMAN	153	0	1
KCNS1_HUMAN	1	6679	0
KCNS2_HUMAN	6	1497	0
KCNS3_HUMAN	36	275	0
KCNT1_HUMAN	1	4706	0
KCNT2_HUMAN	30	487	0
KCNV1_HUMAN	5	645	0
KCNV2_HUMAN	11	296	0
KCP3_HUMAN	34	380	0
KCP_HUMAN	1	2026	0
KCRB_HUMAN	285	0	1
KCRM_HUMAN	54	0	1
KCRS_HUMAN	55	0	1
KCRU_HUMAN	166	0	1
KCT2_HUMAN	24	241	0
KCTD1_HUMAN	37	164	0
KCTD2_HUMAN	59	0	1
KCTD3_HUMAN	171	0	1
KCTD4_HUMAN	10	915	0
KCTD5_HUMAN	113	0	1
KCTD6_HUMAN	72	0	1
KCTD7_HUMAN	79	0	1
KCTD8_HUMAN	16	270	0
KCTD9_HUMAN	230	0	1
KCY_HUMAN	119	0	1
KDEL1_HUMAN	68	0	1
KDEL2_HUMAN	80	0	1
KDIS_HUMAN	229	0	1
KDM1A_HUMAN	804	0	1
KDM1B_HUMAN	57	0	1
KDM2A_HUMAN	93	0	1
KDM2B_HUMAN	155	0	1
KDM3A_HUMAN	60	0	1
KDM3B_HUMAN	100	0	1
KDM4A_HUMAN	65	0	1
KDM4B_HUMAN	68	0	1
KDM4C_HUMAN	65	0	1
KDM4D_HUMAN	41	163	0
KDM5A_HUMAN	76	0	1
KDM5B_HUMAN	106	0	1
KDM5C_HUMAN	138	0	1
KDM5D_HUMAN	10	575	0
KDM6A_HUMAN	162	0	1
KDM6B_HUMAN	118	0	1
KDM8_HUMAN	28	275	0
KDSR_HUMAN	120	0	1
KEAP1_HUMAN	315	0	1
KELL_HUMAN	16	306	0
KERA_HUMAN	17	485	0
KGP1_HUMAN	43	0	1
KGP2_HUMAN	12	517	0
KGUA_HUMAN	56	0	1
KHDC1_HUMAN	16	557	0
KHDR1_HUMAN	380	0	1
KHDR2_HUMAN	134	0	1
KHDR3_HUMAN	102	0	1
KHK_HUMAN	27	282	0
KHNYN_HUMAN	22	218	0
KI13A_HUMAN	42	128	0
KI13B_HUMAN	144	0	1
KI16B_HUMAN	80	0	1
KI18A_HUMAN	48	0	1
KI18B_HUMAN	64	0	1
KI20A_HUMAN	1045	0	1
KI20B_HUMAN	94	0	1
KI21A_HUMAN	122	0	1
KI21B_HUMAN	56	0	1
KI26A_HUMAN	16	216	0
KI26B_HUMAN	48	0	1
KI2L1_HUMAN	45	0	1
KI2L2_HUMAN	26	482	0
KI2L3_HUMAN	78	0	1
KI2L4_HUMAN	94	0	1
KI2LA_HUMAN	1	5656	0
KI2S1_HUMAN	10	1387	0
KI2S2_HUMAN	35	373	0
KI2S3_HUMAN	21	569	0
KI2S4_HUMAN	17	863	0
KI2S5_HUMAN	22	315	0
KI3L1_HUMAN	17	805	0
KI3L2_HUMAN	25	370	0
KI3L3_HUMAN	27	426	0
KI3S1_HUMAN	43	0	1
KI3X1_HUMAN	2	1979	0
KI67_HUMAN	670	0	1
KIBRA_HUMAN	109	0	1
KIF11_HUMAN	267	0	1
KIF12_HUMAN	5	537	0
KIF14_HUMAN	1795	0	1
KIF15_HUMAN	94	0	1
KIF17_HUMAN	24	333	0
KIF19_HUMAN	7	1228	0
KIF1A_HUMAN	106	0	1
KIF1B_HUMAN	175	0	1
KIF1C_HUMAN	133	0	1
KIF22_HUMAN	128	0	1
KIF23_HUMAN	1022	0	1
KIF24_HUMAN	39	155	0
KIF25_HUMAN	2	997	0
KIF27_HUMAN	16	341	0
KIF2A_HUMAN	239	0	1
KIF2B_HUMAN	51	0	1
KIF2C_HUMAN	180	0	1
KIF3A_HUMAN	137	0	1
KIF3B_HUMAN	57	0	1
KIF3C_HUMAN	24	206	0
KIF4A_HUMAN	110	0	1
KIF4B_HUMAN	18	243	0
KIF5A_HUMAN	91	0	1
KIF5C_HUMAN	91	0	1
KIF6_HUMAN	7	1366	0
KIF7_HUMAN	153	0	1
KIF9_HUMAN	69	0	1
KIFA3_HUMAN	110	0	1
KIFC1_HUMAN	109	0	1
KIFC2_HUMAN	15	335	0
KIFC3_HUMAN	247	0	1
KILIN_HUMAN	2	1512	0
KIME_HUMAN	59	0	1
KIN17_HUMAN	69	0	1
KINH_HUMAN	365	0	1
KIRR1_HUMAN	147	0	1
KIRR2_HUMAN	14	484	0
KIRR3_HUMAN	13	442	0
KISHA_HUMAN	8	399	0
KISHB_HUMAN	36	391	0
KISS1_HUMAN	11	515	0
KISSR_HUMAN	19	328	0
KITH_HUMAN	237	0	1
KITM_HUMAN	12	790	0
KIT_HUMAN	106	0	1
KIZ_HUMAN	34	228	0
KKCC1_HUMAN	43	0	1
KKCC2_HUMAN	65	0	1
KLC1_HUMAN	268	0	1
KLC2_HUMAN	177	0	1
KLC3_HUMAN	111	0	1
KLC4_HUMAN	126	0	1
KLD10_HUMAN	53	0	1
KLD7B_HUMAN	26	297	0
KLD8A_HUMAN	17	486	0
KLD8B_HUMAN	12	670	0
KLDC1_HUMAN	3	1806	0
KLDC2_HUMAN	85	0	1
KLDC3_HUMAN	91	0	1
KLDC4_HUMAN	33	116	0
KLDC5_HUMAN,KLH42_HUMAN	93	0	1
KLDC6_HUMAN	2	2737	0
KLDC9_HUMAN	8	1110	0
KLF10_HUMAN	44	0	1
KLF11_HUMAN	19	273	0
KLF12_HUMAN	188	0	1
KLF13_HUMAN	17	216	0
KLF15_HUMAN	278	0	1
KLF16_HUMAN	425	0	1
KLF17_HUMAN	2	4721	0
KLF1_HUMAN	35	201	0
KLF2_HUMAN	11	359	0
KLF3_HUMAN	226	0	1
KLF4_HUMAN	160	0	1
KLF5_HUMAN	187	0	1
KLF6_HUMAN	85	0	1
KLF7_HUMAN	5	665	0
KLF8_HUMAN	324	0	1
KLF9_HUMAN	92	0	1
KLH10_HUMAN	51	0	1
KLH11_HUMAN	79	0	1
KLH12_HUMAN	140	0	1
KLH13_HUMAN	110	0	1
KLH14_HUMAN	65	0	1
KLH15_HUMAN	103	0	1
KLH17_HUMAN	14	426	0
KLH18_HUMAN	40	162	0
KLH20_HUMAN	226	0	1
KLH21_HUMAN	56	0	1
KLH22_HUMAN	556	0	1
KLH23_HUMAN	35	162	0
KLH24_HUMAN	67	0	1
KLH26_HUMAN	90	0	1
KLH28_HUMAN	24	222	0
KLH29_HUMAN	24	238	0
KLH30_HUMAN	1	5673	0
KLH31_HUMAN	1	2621	0
KLH32_HUMAN	11	607	0
KLH33_HUMAN	25	232	0
KLH34_HUMAN	61	0	1
KLH35_HUMAN	11	1025	0
KLH36_HUMAN	40	160	0
KLH38_HUMAN	91	0	1
KLHL1_HUMAN	16	338	0
KLHL2_HUMAN	92	0	1
KLHL3_HUMAN	31	174	0
KLHL4_HUMAN	34	185	0
KLHL5_HUMAN	18	327	0
KLHL6_HUMAN	30	172	0
KLHL7_HUMAN	49	0	1
KLHL8_HUMAN	79	0	1
KLHL9_HUMAN	99	0	1
KLK10_HUMAN	185	0	1
KLK11_HUMAN	32	284	0
KLK12_HUMAN	9	1182	0
KLK13_HUMAN	10	675	0
KLK14_HUMAN	9	810	0
KLK15_HUMAN	160	0	1
KLK1_HUMAN	51	0	1
KLK2_HUMAN	112	0	1
KLK3_HUMAN	49	0	1
KLK4_HUMAN	9	738	0
KLK5_HUMAN	130	0	1
KLK6_HUMAN	44	0	1
KLK7_HUMAN	79	0	1
KLK8_HUMAN	36	363	0
KLK9_HUMAN	20	299	0
KLKB1_HUMAN	11	876	0
KLOTB_HUMAN	12	426	0
KLOT_HUMAN	5	980	0
KLRB1_HUMAN	55	0	1
KLRD1_HUMAN	108	0	1
KLRF1_HUMAN	7	1165	0
KLRF2_HUMAN	1	8915	0
KLRG1_HUMAN	7	1781	0
KLRG2_HUMAN	114	0	1
KMCP1_HUMAN	41	226	0
KMO_HUMAN	7	1248	0
KNG1_HUMAN	53	0	1
KNTC1_HUMAN	114	0	1
KPB1_HUMAN	46	0	1
KPB2_HUMAN	71	0	1
KPBB_HUMAN	65	0	1
KPCA_HUMAN	261	0	1
KPCB_HUMAN	190	0	1
KPCD1_HUMAN	179	0	1
KPCD2_HUMAN	268	0	1
KPCD3_HUMAN	48	0	1
KPCD_HUMAN	222	0	1
KPCE_HUMAN	131	0	1
KPCG_HUMAN	58	0	1
KPCI_HUMAN	305	0	1
KPCL_HUMAN	26	195	0
KPCT_HUMAN	52	0	1
KPCZ_HUMAN	366	0	1
KPRA_HUMAN	109	0	1
KPRB_HUMAN	109	0	1
KPRP_HUMAN	301	0	1
KPSH1_HUMAN	61	0	1
KPSH2_HUMAN	64	0	1
KPTN_HUMAN	56	0	1
KPYM_HUMAN	645	0	1
KPYR_HUMAN	53	0	1
KR101_HUMAN	149	0	1
KR103_HUMAN	289	0	1
KR104_HUMAN	11	1104	0
KR105_HUMAN	158	0	1
KR106_HUMAN	87	0	1
KR107_HUMAN	291	0	1
KR108_HUMAN	400	0	1
KR109_HUMAN	240	0	1
KR10A_HUMAN	25	516	0
KR10B_HUMAN	62	0	1
KR111_HUMAN	111	0	1
KR121_HUMAN	61	0	1
KR122_HUMAN	123	0	1
KR123_HUMAN	145	0	1
KR124_HUMAN	49	0	1
KR131_HUMAN	43	0	1
KR132_HUMAN	99	0	1
KR133_HUMAN	83	0	1
KR134_HUMAN	8	1165	0
KR151_HUMAN	84	0	1
KR171_HUMAN	47	0	1
KR191_HUMAN	43	0	1
KR192_HUMAN	46	0	1
KR193_HUMAN	17	455	0
KR194_HUMAN	10	1061	0
KR195_HUMAN	96	0	1
KR196_HUMAN	78	0	1
KR197_HUMAN	115	0	1
KR212_HUMAN	30	387	0
KR221_HUMAN	14	756	0
KR231_HUMAN	8	1378	0
KR261_HUMAN	94	0	1
KR411_HUMAN	89	0	1
KR412_HUMAN	159	0	1
KR41X_HUMAN	14	951	0
KR511_HUMAN	63	0	1
KRA11_HUMAN	219	0	1
KRA13_HUMAN	186	0	1
KRA15_HUMAN	48	0	1
KRA22_HUMAN	2	2284	0
KRA23_HUMAN	9	1123	0
KRA24_HUMAN	98	0	1
KRA31_HUMAN	86	0	1
KRA32_HUMAN	77	0	1
KRA33_HUMAN	81	0	1
KRA41_HUMAN	29	429	0
KRA42_HUMAN	128	0	1
KRA44_HUMAN	78	0	1
KRA45_HUMAN	72	0	1
KRA47_HUMAN	12	962	0
KRA51_HUMAN	12	1238	0
KRA52_HUMAN	60	0	1
KRA53_HUMAN	64	0	1
KRA54_HUMAN	62	0	1
KRA56_HUMAN	94	0	1
KRA57_HUMAN	70	0	1
KRA58_HUMAN	6	2648	0
KRA59_HUMAN	198	0	1
KRA61_HUMAN	101	0	1
KRA62_HUMAN	185	0	1
KRA63_HUMAN	161	0	1
KRA71_HUMAN	37	269	0
KRA81_HUMAN	78	0	1
KRA92_HUMAN	145	0	1
KRA93_HUMAN	138	0	1
KRA94_HUMAN	30	357	0
KRA98_HUMAN	97	0	1
KRA99_HUMAN	1	2214	0
KRBA1_HUMAN	58	0	1
KRBA2_HUMAN	9	422	0
KRCC1_HUMAN	9	330	0
KREM1_HUMAN	3	2020	0
KREM2_HUMAN	28	328	0
KRI1_HUMAN	238	0	1
KRIP1_HUMAN	1	1451	0
KRIT1_HUMAN	43	0	1
KRR1_HUMAN	417	0	1
KRT34_HUMAN	289	0	1
KRT35_HUMAN	113	0	1
KRT36_HUMAN	73	0	1
KRT37_HUMAN	105	0	1
KRT38_HUMAN	172	0	1
KRT81_HUMAN	53	0	1
KRT82_HUMAN	42	184	0
KRT83_HUMAN	72	0	1
KRT84_HUMAN	52	0	1
KRT85_HUMAN	73	0	1
KRT86_HUMAN	85	0	1
KS6A1_HUMAN	311	0	1
KS6A2_HUMAN	188	0	1
KS6A3_HUMAN	192	0	1
KS6A4_HUMAN	101	0	1
KS6A5_HUMAN	112	0	1
KS6A6_HUMAN	68	0	1
KS6B1_HUMAN	115	0	1
KS6B2_HUMAN	256	0	1
KS6C1_HUMAN	31	161	0
KSR1_HUMAN	461	0	1
KSR2_HUMAN	145	0	1
KSYK_HUMAN	224	0	1
KT222_HUMAN	37	219	0
KT33A_HUMAN	21	275	0
KT33B_HUMAN	104	0	1
KT3K_HUMAN	63	0	1
KTAP2_HUMAN	74	0	1
KTEL1_HUMAN	106	0	1
KTHY_HUMAN	53	0	1
KTI12_HUMAN	31	191	0
KTN1_HUMAN	355	0	1
KTNA1_HUMAN	82	0	1
KTNB1_HUMAN	82	0	1
KTU_HUMAN	100	0	1
KV110_HUMAN	16	357	0
KV401_HUMAN	22	183	0
KXDL1_HUMAN	186	0	1
KYNU_HUMAN	68	0	1
KY_HUMAN	3	1498	0
L10K_HUMAN	29	179	0
L12R1_HUMAN	45	0	1
L1CAM_HUMAN	66	0	1
L2GL1_HUMAN	160	0	1
L2GL2_HUMAN	144	0	1
L2HDH_HUMAN	62	0	1
L37A1_HUMAN	2	920	0
L37A2_HUMAN	8	614	0
L37A3_HUMAN	2	1510	0
L37A4_HUMAN	1	1286	0
L3R2A_HUMAN	2	1170	0
L9056_HUMAN	10	584	0
LACB2_HUMAN	83	0	1
LACC1_HUMAN	55	0	1
LACE1_HUMAN	21	376	0
LACRT_HUMAN	97	0	1
LACTB_HUMAN	215	0	1
LAD1_HUMAN	59	0	1
LAG3_HUMAN	16	551	0
LAGE3_HUMAN	139	0	1
LAIR1_HUMAN	6	1348	0
LAIR2_HUMAN	63	0	1
LALBA_HUMAN	3	2533	0
LAMA1_HUMAN	57	0	1
LAMA2_HUMAN	23	195	0
LAMA3_HUMAN	58	0	1
LAMA4_HUMAN	45	0	1
LAMA5_HUMAN	122	0	1
LAMB1_HUMAN	147	0	1
LAMB2_HUMAN	132	0	1
LAMB3_HUMAN	103	0	1
LAMB4_HUMAN	4	1988	0
LAMC1_HUMAN	149	0	1
LAMC2_HUMAN	36	149	0
LAMC3_HUMAN	41	177	0
LAMP1_HUMAN	641	0	1
LAMP2_HUMAN	595	0	1
LAMP3_HUMAN	484	0	1
LAMP5_HUMAN	8	1490	0
LANC1_HUMAN	126	0	1
LANC2_HUMAN	92	0	1
LANC3_HUMAN	2	3178	0
LAP2A_HUMAN	760	0	1
LAP2B_HUMAN	65	0	1
LAP2_HUMAN	216	0	1
LAP4A_HUMAN	42	170	0
LAP4B_HUMAN	61	0	1
LAPM5_HUMAN	62	0	1
LAR1B_HUMAN	145	0	1
LAR4B_HUMAN	249	0	1
LARG2_HUMAN	51	0	1
LARGE_HUMAN	26	374	0
LARP1_HUMAN	573	0	1
LARP4_HUMAN	227	0	1
LARP6_HUMAN	7	1226	0
LARP7_HUMAN	1023	0	1
LAS1L_HUMAN	189	0	1
LAS2_HUMAN	11	525	0
LASP1_HUMAN	242	0	1
LAT1_HUMAN	229	0	1
LAT2_HUMAN	74	0	1
LAT3_HUMAN	40	222	0
LAT4_HUMAN	65	0	1
LATS1_HUMAN	429	0	1
LATS2_HUMAN	281	0	1
LAT_HUMAN	112	0	1
LAX1_HUMAN	9	842	0
LAYN_HUMAN	9	1031	0
LA_HUMAN	478	0	1
LBH_HUMAN	22	320	0
LBN_HUMAN	87	0	1
LBP_HUMAN	19	384	0
LBR_HUMAN	317	0	1
LBX1_HUMAN	26	355	0
LBX2_HUMAN	7	747	0
LC1L1_HUMAN	4	2268	0
LC7L2_HUMAN	394	0	1
LC7L3_HUMAN	197	0	1
LCA5L_HUMAN	35	196	0
LCA5_HUMAN	124	0	1
LCAP_HUMAN	229	0	1
LCAT_HUMAN	5	1756	0
LCE1A_HUMAN	81	0	1
LCE1B_HUMAN	80	0	1
LCE1C_HUMAN	75	0	1
LCE1D_HUMAN	67	0	1
LCE1E_HUMAN	65	0	1
LCE1F_HUMAN	88	0	1
LCE2A_HUMAN	64	0	1
LCE2B_HUMAN	79	0	1
LCE2C_HUMAN	89	0	1
LCE2D_HUMAN	70	0	1
LCE3A_HUMAN	75	0	1
LCE3B_HUMAN	45	0	1
LCE3C_HUMAN	64	0	1
LCE3D_HUMAN	70	0	1
LCE3E_HUMAN	57	0	1
LCE4A_HUMAN	78	0	1
LCE5A_HUMAN	86	0	1
LCHN_HUMAN	24	241	0
LCK_HUMAN	413	0	1
LCLT1_HUMAN	102	0	1
LCMT1_HUMAN	29	152	0
LCMT2_HUMAN,TYW4_HUMAN	30	182	0
LCN10_HUMAN	1	3486	0
LCN12_HUMAN	3	619	0
LCN15_HUMAN	12	914	0
LCN1_HUMAN	106	0	1
LCN6_HUMAN	125	0	1
LCN8_HUMAN	8	1580	0
LCN9_HUMAN	26	486	0
LCNL1_HUMAN	2	5584	0
LCORL_HUMAN	11	535	0
LCOR_HUMAN	226	0	1
LCP2_HUMAN	49	0	1
LCTL_HUMAN	30	248	0
LDB1_HUMAN	121	0	1
LDB2_HUMAN	32	267	0
LDB3_HUMAN	26	193	0
LDH6A_HUMAN	44	0	1
LDH6B_HUMAN	49	0	1
LDHA_HUMAN	396	0	1
LDHB_HUMAN	335	0	1
LDHC_HUMAN	42	189	0
LDHD_HUMAN	48	0	1
LDLR_HUMAN	155	0	1
LDOC1_HUMAN	112	0	1
LDOCL_HUMAN	13	406	0
LEAP2_HUMAN	10	1015	0
LECT1_HUMAN	7	749	0
LECT2_HUMAN	32	272	0
LEF1_HUMAN	67	0	1
LEG12_HUMAN	14	479	0
LEG1_HUMAN	386	0	1
LEG2_HUMAN	10	465	0
LEG3_HUMAN	422	0	1
LEG4_HUMAN	25	260	0
LEG7_HUMAN	202	0	1
LEG8_HUMAN	188	0	1
LEG9B_HUMAN	45	0	1
LEG9C_HUMAN	34	324	0
LEG9_HUMAN	618	0	1
LEGL_HUMAN	27	189	0
LEKR1_HUMAN	5	710	0
LELP1_HUMAN	16	852	0
LEMD1_HUMAN	14	636	0
LEMD2_HUMAN	123	0	1
LENEP_HUMAN	10	852	0
LENG1_HUMAN	119	0	1
LENG8_HUMAN	172	0	1
LENG9_HUMAN	6	514	0
LEO1_HUMAN	137	0	1
LEPR_HUMAN	40	217	0
LEP_HUMAN	19	400	0
LERL1_HUMAN	81	0	1
LETM1_HUMAN	259	0	1
LETM2_HUMAN	78	0	1
LEU1_HUMAN	22	211	0
LEU2_HUMAN	4	723	0
LEU7_HUMAN	1	5536	0
LEUK_HUMAN	57	0	1
LEUTX_HUMAN	46	0	1
LFA3_HUMAN	28	164	0
LFG1_HUMAN	13	984	0
LFG2_HUMAN	10	738	0
LFG3_HUMAN	28	197	0
LFG4_HUMAN	36	203	0
LFNG_HUMAN	14	473	0
LFTY1_HUMAN	3	2259	0
LFTY2_HUMAN	5	1328	0
LG3BP_HUMAN	390	0	1
LGAT1_HUMAN	74	0	1
LGI1_HUMAN	54	0	1
LGI2_HUMAN	5	1212	0
LGI3_HUMAN	2	1516	0
LGMN_HUMAN	50	0	1
LGR4_HUMAN	264	0	1
LGR5_HUMAN	14	433	0
LGR6_HUMAN	3	1036	0
LGSN_HUMAN	4	1177	0
LGUL_HUMAN	107	0	1
LHFP_HUMAN	6	1675	0
LHPL1_HUMAN	12	898	0
LHPL2_HUMAN	38	315	0
LHPL3_HUMAN	3	4204	0
LHPL4_HUMAN	31	318	0
LHX1_HUMAN	98	0	1
LHX2_HUMAN	176	0	1
LHX3_HUMAN	178	0	1
LHX4_HUMAN	165	0	1
LHX6_HUMAN	56	0	1
LHX8_HUMAN	51	0	1
LHX9_HUMAN	13	549	0
LIAS_HUMAN	21	419	0
LICH_HUMAN	42	130	0
LIFR_HUMAN	47	0	1
LIF_HUMAN	8	1409	0
LIGO1_HUMAN	61	0	1
LIGO2_HUMAN	16	572	0
LIGO4_HUMAN	2	2564	0
LIM3L_HUMAN	10	1388	0
LIMA1_HUMAN	450	0	1
LIMC1_HUMAN	105	0	1
LIMD1_HUMAN	127	0	1
LIMD2_HUMAN	12	350	0
LIME1_HUMAN	61	0	1
LIMK1_HUMAN	89	0	1
LIMK2_HUMAN	85	0	1
LIMS1_HUMAN	97	0	1
LIMS2_HUMAN	21	317	0
LIMS3_HUMAN	12	378	0
LIN37_HUMAN	102	0	1
LIN41_HUMAN	63	0	1
LIN52_HUMAN	48	0	1
LIN54_HUMAN	112	0	1
LIN7A_HUMAN	62	0	1
LIN7B_HUMAN	46	0	1
LIN7C_HUMAN	119	0	1
LIN9_HUMAN	116	0	1
LINES_HUMAN	5	849	0
LIPA1_HUMAN	217	0	1
LIPA2_HUMAN	35	126	0
LIPA3_HUMAN	44	0	1
LIPA4_HUMAN	11	400	0
LIPB1_HUMAN	188	0	1
LIPB2_HUMAN	44	0	1
LIPB_HUMAN	2	2820	0
LIPC_HUMAN	8	1442	0
LIPE_HUMAN	66	0	1
LIPG_HUMAN	12	817	0
LIPH_HUMAN	56	0	1
LIPI_HUMAN	2	3044	0
LIPK_HUMAN	7	1423	0
LIPL_HUMAN	39	152	0
LIPM_HUMAN	1	7241	0
LIPP_HUMAN	13	716	0
LIPR1_HUMAN	55	0	1
LIPR2_HUMAN	18	478	0
LIPS_HUMAN	16	403	0
LIPT2_HUMAN	1	6846	0
LIPT_HUMAN	17	565	0
LIRA1_HUMAN	1	8851	0
LIRA3_HUMAN	10	780	0
LIRA4_HUMAN	1	6721	0
LIRA5_HUMAN	31	259	0
LIRA6_HUMAN	2	6104	0
LIRB1_HUMAN	25	295	0
LIRB2_HUMAN	26	316	0
LIRB3_HUMAN	16	478	0
LIRB4_HUMAN	37	304	0
LIRB5_HUMAN	2	3133	0
LIS1_HUMAN	223	0	1
LITAF_HUMAN	77	0	1
LITD1_HUMAN	332	0	1
LITFL_HUMAN	16	331	0
LIX1L_HUMAN	14	334	0
LIX1_HUMAN	5	2081	0
LKHA4_HUMAN	74	0	1
LLPH_HUMAN	145	0	1
LLR1_HUMAN	39	168	0
LMA1L_HUMAN	9	805	0
LMA2L_HUMAN	117	0	1
LMAN1_HUMAN	453	0	1
LMAN2_HUMAN	135	0	1
LMBD1_HUMAN	24	275	0
LMBD2_HUMAN	83	0	1
LMBL1_HUMAN	112	0	1
LMBL2_HUMAN	214	0	1
LMBL3_HUMAN	126	0	1
LMBL4_HUMAN	21	412	0
LMBR1_HUMAN	89	0	1
LMBRL_HUMAN	942	0	1
LMCD1_HUMAN	43	0	1
LMF1_HUMAN	52	0	1
LMF2_HUMAN	125	0	1
LMIP_HUMAN	1	4505	0
LMLN_HUMAN	32	188	0
LMNA_HUMAN	1261	0	1
LMNB1_HUMAN	620	0	1
LMNB2_HUMAN	238	0	1
LMO3_HUMAN	147	0	1
LMO4_HUMAN	159	0	1
LMO7_HUMAN	191	0	1
LMOD1_HUMAN	9	460	0
LMOD2_HUMAN	2	1438	0
LMOD3_HUMAN	6	1250	0
LMTK1_HUMAN	193	0	1
LMTK2_HUMAN	123	0	1
LMTK3_HUMAN	96	0	1
LMX1A_HUMAN	4	1515	0
LMX1B_HUMAN	33	212	0
LN28A_HUMAN	752	0	1
LN28B_HUMAN	200	0	1
LNP1_HUMAN	24	245	0
LNP_HUMAN	318	0	1
LNX1_HUMAN	560	0	1
LNX2_HUMAN	118	0	1
LONF1_HUMAN	114	0	1
LONF2_HUMAN	28	263	0
LONF3_HUMAN	21	219	0
LONM_HUMAN	489	0	1
LONP2_HUMAN	65	0	1
LORI_HUMAN	34	139	0
LOX12_HUMAN	10	548	0
LOX15_HUMAN	12	537	0
LOX5_HUMAN	78	0	1
LOXE3_HUMAN	51	0	1
LOXH1_HUMAN	6	1002	0
LOXL1_HUMAN	20	365	0
LOXL2_HUMAN	434	0	1
LOXL3_HUMAN	29	226	0
LOXL4_HUMAN	103	0	1
LPAL2_HUMAN	1	4733	0
LPAR1_HUMAN	517	0	1
LPAR2_HUMAN	118	0	1
LPAR3_HUMAN	66	0	1
LPAR4_HUMAN	36	237	0
LPAR5_HUMAN	3	1483	0
LPAR6_HUMAN	66	0	1
LPCT4_HUMAN	54	0	1
LPD6B_HUMAN	36	299	0
LPHN1_HUMAN,AGRL1_HUMAN	94	0	1
LPHN2_HUMAN,AGRL2_HUMAN	114	0	1
LPHN3_HUMAN,AGRL3_HUMAN	32	265	0
LPH_HUMAN	6	411	0
LPIN1_HUMAN	36	140	0
LPIN2_HUMAN	26	167	0
LPIN3_HUMAN	74	0	1
LPP1_HUMAN,PLPP1_HUMAN	21	453	0
LPP2_HUMAN,PLPP2_HUMAN	22	254	0
LPP3_HUMAN,PLPP3_HUMAN	43	0	1
LPP60_HUMAN	14	921	0
LPPR1_HUMAN	20	543	0
LPPR2_HUMAN	69	0	1
LPPR3_HUMAN	21	306	0
LPPR4_HUMAN,PLPR4_HUMAN	14	365	0
LPPR5_HUMAN,PLPR5_HUMAN	1	3378	0
LPPRC_HUMAN	781	0	1
LPP_HUMAN	123	0	1
LPXN_HUMAN	84	0	1
LR10L_HUMAN	3	1151	0
LR14B_HUMAN	3	883	0
LR16A_HUMAN	87	0	1
LR16B_HUMAN	1	3268	0
LR16C_HUMAN	25	209	0
LR2BP_HUMAN	28	251	0
LR37B_HUMAN	7	458	0
LRAD1_HUMAN	217	0	1
LRAD2_HUMAN	1	968	0
LRAD3_HUMAN	6	452	0
LRAT_HUMAN	6	2103	0
LRBA_HUMAN	193	0	1
LRC10_HUMAN	36	250	0
LRC14_HUMAN	23	184	0
LRC15_HUMAN	161	0	1
LRC17_HUMAN	20	432	0
LRC18_HUMAN	6	515	0
LRC19_HUMAN	1	3383	0
LRC20_HUMAN	24	232	0
LRC23_HUMAN	13	730	0
LRC24_HUMAN	15	579	0
LRC25_HUMAN	183	0	1
LRC26_HUMAN	1	7885	0
LRC27_HUMAN	30	231	0
LRC28_HUMAN	12	422	0
LRC29_HUMAN	29	274	0
LRC30_HUMAN	1	2340	0
LRC31_HUMAN	206	0	1
LRC32_HUMAN	54	0	1
LRC33_HUMAN,NRROS_HUMAN	25	261	0
LRC34_HUMAN	3	2058	0
LRC36_HUMAN	13	448	0
LRC39_HUMAN	15	513	0
LRC3B_HUMAN	13	985	0
LRC40_HUMAN	95	0	1
LRC41_HUMAN	86	0	1
LRC42_HUMAN	20	263	0
LRC43_HUMAN	2	2496	0
LRC45_HUMAN	20	601	0
LRC46_HUMAN	48	0	1
LRC47_HUMAN	130	0	1
LRC48_HUMAN,DRC3_HUMAN	22	256	0
LRC49_HUMAN	106	0	1
LRC4B_HUMAN	24	185	0
LRC4C_HUMAN	83	0	1
LRC51_HUMAN	4	837	0
LRC52_HUMAN	28	344	0
LRC53_HUMAN	3	1600	0
LRC55_HUMAN	64	0	1
LRC56_HUMAN	12	381	0
LRC57_HUMAN	37	158	0
LRC58_HUMAN	8	757	0
LRC59_HUMAN	874	0	1
LRC61_HUMAN	44	0	1
LRC63_HUMAN	1	2238	0
LRC66_HUMAN	3	1151	0
LRC69_HUMAN	1	4767	0
LRC71_HUMAN	2	2355	0
LRC73_HUMAN	42	205	0
LRC8A_HUMAN	101	0	1
LRC8B_HUMAN	36	192	0
LRC8C_HUMAN	35	168	0
LRC8D_HUMAN	34	205	0
LRC8E_HUMAN	105	0	1
LRCC1_HUMAN	34	236	0
LRCH1_HUMAN	70	0	1
LRCH2_HUMAN	71	0	1
LRCH3_HUMAN	116	0	1
LRCH4_HUMAN	42	147	0
LRFN1_HUMAN	137	0	1
LRFN2_HUMAN	11	364	0
LRFN3_HUMAN	62	0	1
LRFN4_HUMAN	93	0	1
LRFN5_HUMAN	5	1498	0
LRGUK_HUMAN	2	831	0
LRIF1_HUMAN	255	0	1
LRIG1_HUMAN	67	0	1
LRIG2_HUMAN	66	0	1
LRIG3_HUMAN	61	0	1
LRIQ1_HUMAN	45	0	1
LRIQ3_HUMAN	8	579	0
LRIQ4_HUMAN	5	623	0
LRIT3_HUMAN	4	1822	0
LRMP_HUMAN	11	503	0
LRN4L_HUMAN	62	0	1
LRP10_HUMAN	140	0	1
LRP11_HUMAN	46	0	1
LRP12_HUMAN	79	0	1
LRP1B_HUMAN	72	0	1
LRP1_HUMAN	184	0	1
LRP2_HUMAN	152	0	1
LRP3_HUMAN	51	0	1
LRP4_HUMAN	85	0	1
LRP5L_HUMAN	3	986	0
LRP5_HUMAN	112	0	1
LRP6_HUMAN	150	0	1
LRP8_HUMAN	85	0	1
LRR70_HUMAN	3	1445	0
LRRC1_HUMAN	103	0	1
LRRC2_HUMAN	3	2143	0
LRRC3_HUMAN	18	712	0
LRRC4_HUMAN	20	424	0
LRRC6_HUMAN	18	503	0
LRRC7_HUMAN	37	149	0
LRRC9_HUMAN	5	401	0
LRRD1_HUMAN	1	3946	0
LRRF1_HUMAN	164	0	1
LRRF2_HUMAN	129	0	1
LRRK1_HUMAN	103	0	1
LRRK2_HUMAN	1614	0	1
LRRN1_HUMAN	31	240	0
LRRN2_HUMAN	30	254	0
LRRN3_HUMAN	5	835	0
LRRN4_HUMAN	7	1858	0
LRRT1_HUMAN	59	0	1
LRRT2_HUMAN	20	518	0
LRRT3_HUMAN	40	257	0
LRRT4_HUMAN	53	0	1
LRSM1_HUMAN	99	0	1
LRTM1_HUMAN	7	1679	0
LRTM2_HUMAN	9	1029	0
LRWD1_HUMAN	110	0	1
LS14A_HUMAN	263	0	1
LS14B_HUMAN	111	0	1
LSAMP_HUMAN	15	235	0
LSG1_HUMAN	184	0	1
LSHB_HUMAN	5	1845	0
LSHR_HUMAN	9	1005	0
LSM10_HUMAN	18	442	0
LSM11_HUMAN	46	0	1
LSM12_HUMAN	177	0	1
LSM1_HUMAN	113	0	1
LSM2_HUMAN	177	0	1
LSM3_HUMAN	122	0	1
LSM4_HUMAN	177	0	1
LSM5_HUMAN	72	0	1
LSM6_HUMAN	88	0	1
LSM7_HUMAN	104	0	1
LSMD1_HUMAN	40	227	0
LSP1_HUMAN	39	179	0
LSR_HUMAN	204	0	1
LST1_HUMAN	6	900	0
LST2_HUMAN	2	1230	0
LST8_HUMAN	107	0	1
LT4R1_HUMAN	3	1306	0
LT4R2_HUMAN	48	0	1
LTBP1_HUMAN	90	0	1
LTBP2_HUMAN	110	0	1
LTBP3_HUMAN	30	181	0
LTBP4_HUMAN	76	0	1
LTC4S_HUMAN	11	1158	0
LTK_HUMAN	151	0	1
LTMD1_HUMAN	75	0	1
LTN1_HUMAN	220	0	1
LTOR1_HUMAN	739	0	1
LTOR2_HUMAN	112	0	1
LTOR3_HUMAN	151	0	1
LTV1_HUMAN	202	0	1
LUC7L_HUMAN	247	0	1
LUM_HUMAN	38	167	0
LUR1L_HUMAN	20	397	0
LURA1_HUMAN	140	0	1
LUZP1_HUMAN	205	0	1
LUZP2_HUMAN	4	647	0
LUZP4_HUMAN	97	0	1
LUZP6_HUMAN	1	1642	0
LX12B_HUMAN	119	0	1
LX15B_HUMAN	21	513	0
LXN_HUMAN	41	210	0
LY10L_HUMAN,SP14L_HUMAN	7	902	0
LY10_HUMAN,SP140_HUMAN	9	688	0
LY65B_HUMAN	27	190	0
LY65C_HUMAN	15	568	0
LY66C_HUMAN	11	1091	0
LY66D_HUMAN	8	657	0
LY66F_HUMAN	5	1166	0
LY6D_HUMAN	18	445	0
LY6E_HUMAN	14	339	0
LY6H_HUMAN	62	0	1
LY6K_HUMAN	5	924	0
LY75_HUMAN	4	550	0
LY86_HUMAN	258	0	1
LY96_HUMAN	9	1020	0
LY9_HUMAN	10	940	0
LYAG_HUMAN	138	0	1
LYAM1_HUMAN	14	580	0
LYAM2_HUMAN	20	462	0
LYAM3_HUMAN	9	876	0
LYAR_HUMAN	441	0	1
LYG1_HUMAN	3	2870	0
LYG2_HUMAN	61	0	1
LYL1_HUMAN	10	721	0
LYNX1_HUMAN	3	2670	0
LYN_HUMAN	704	0	1
LYOX_HUMAN	55	0	1
LYPA1_HUMAN	73	0	1
LYPA2_HUMAN	59	0	1
LYPD1_HUMAN	133	0	1
LYPD2_HUMAN	8	1603	0
LYPD3_HUMAN	143	0	1
LYPD4_HUMAN	123	0	1
LYPD5_HUMAN	12	913	0
LYPD6_HUMAN	31	366	0
LYPL1_HUMAN	91	0	1
LYRIC_HUMAN	354	0	1
LYRM1_HUMAN	18	388	0
LYRM2_HUMAN	37	212	0
LYRM4_HUMAN	86	0	1
LYRM5_HUMAN	36	299	0
LYRM7_HUMAN	68	0	1
LYSC_HUMAN	156	0	1
LYSM1_HUMAN	13	587	0
LYSM2_HUMAN	15	478	0
LYSM3_HUMAN	13	556	0
LYSM4_HUMAN	18	612	0
LYST_HUMAN	57	0	1
LYVE1_HUMAN	24	456	0
LYZL1_HUMAN	121	0	1
LYZL2_HUMAN	85	0	1
LYZL4_HUMAN	1	3096	0
LYZL6_HUMAN	37	325	0
LZIC_HUMAN	25	184	0
LZTL1_HUMAN	50	0	1
LZTR1_HUMAN	115	0	1
LZTS1_HUMAN	120	0	1
LZTS2_HUMAN	523	0	1
M10L1_HUMAN	3	1813	0
M17L2_HUMAN	6	839	0
M18BP_HUMAN	56	0	1
M1IP1_HUMAN	77	0	1
M21D1_HUMAN,CGAS_HUMAN	333	0	1
M21D2_HUMAN	103	0	1
M2GD_HUMAN	6	792	0
M2OM_HUMAN	278	0	1
M3K10_HUMAN	39	188	0
M3K11_HUMAN	59	0	1
M3K12_HUMAN	19	237	0
M3K13_HUMAN	44	0	1
M3K14_HUMAN	231	0	1
M3K15_HUMAN	19	326	0
M3K1_HUMAN	176	0	1
M3K2_HUMAN	69	0	1
M3K3_HUMAN	204	0	1
M3K4_HUMAN	88	0	1
M3K5_HUMAN	141	0	1
M3K6_HUMAN	51	0	1
M3K7_HUMAN	390	0	1
M3K8_HUMAN	40	141	0
M3K9_HUMAN	30	190	0
M3KL4_HUMAN	111	0	1
M4A10_HUMAN	7	1344	0
M4A12_HUMAN	9	1148	0
M4A13_HUMAN	63	0	1
M4A14_HUMAN	6	2205	0
M4A15_HUMAN	39	421	0
M4A4A_HUMAN	42	241	0
M4A6A_HUMAN	5	1110	0
M4A6E_HUMAN	7	1531	0
M4K1_HUMAN	120	0	1
M4K2_HUMAN	96	0	1
M4K3_HUMAN	82	0	1
M4K4_HUMAN	249	0	1
M4K5_HUMAN	95	0	1
MA13P_HUMAN	1	1644	0
MA1A1_HUMAN	71	0	1
MA1A2_HUMAN	58	0	1
MA1B1_HUMAN	82	0	1
MA1C1_HUMAN	6	990	0
MA2A1_HUMAN	78	0	1
MA2A2_HUMAN	97	0	1
MA2B1_HUMAN	68	0	1
MA2B2_HUMAN	73	0	1
MA2C1_HUMAN	39	136	0
MA6D1_HUMAN	2	1240	0
MA7D1_HUMAN	177	0	1
MA7D2_HUMAN	72	0	1
MA7D3_HUMAN	139	0	1
MAAI_HUMAN	30	154	0
MABP1_HUMAN	70	0	1
MACC1_HUMAN	15	255	0
MACD1_HUMAN	61	0	1
MACD2_HUMAN	8	376	0
MACF1_HUMAN	230	0	1
MACOI_HUMAN	211	0	1
MAD1_HUMAN	37	200	0
MAD3_HUMAN	38	277	0
MAD4_HUMAN	11	407	0
MADCA_HUMAN	5	1700	0
MADD_HUMAN	92	0	1
MADL2_HUMAN	11	1171	0
MAEA_HUMAN	159	0	1
MAEL_HUMAN	20	276	0
MAF1_HUMAN	32	251	0
MAFA_HUMAN	16	392	0
MAFB_HUMAN	247	0	1
MAFF_HUMAN	47	0	1
MAFG_HUMAN	42	157	0
MAFIP_HUMAN	3	2274	0
MAFK_HUMAN	34	174	0
MAF_HUMAN	58	0	1
MAGA1_HUMAN	95	0	1
MAGA2_HUMAN	35	197	0
MAGA3_HUMAN	133	0	1
MAGA4_HUMAN	60	0	1
MAGA6_HUMAN	136	0	1
MAGA8_HUMAN	170	0	1
MAGA9_HUMAN	215	0	1
MAGAA_HUMAN	109	0	1
MAGAB_HUMAN	133	0	1
MAGAC_HUMAN	29	331	0
MAGB1_HUMAN	6	1529	0
MAGB2_HUMAN	409	0	1
MAGB3_HUMAN	12	908	0
MAGB4_HUMAN	58	0	1
MAGB5_HUMAN	1	7565	0
MAGB6_HUMAN	10	785	0
MAGBA_HUMAN	66	0	1
MAGBG_HUMAN	1	7524	0
MAGBI_HUMAN	10	463	0
MAGC1_HUMAN	17	291	0
MAGC2_HUMAN	30	177	0
MAGC3_HUMAN	7	804	0
MAGD1_HUMAN	315	0	1
MAGD2_HUMAN	267	0	1
MAGD4_HUMAN	43	0	1
MAGE1_HUMAN	31	217	0
MAGE2_HUMAN	10	585	0
MAGF1_HUMAN	34	215	0
MAGG1_HUMAN	39	170	0
MAGH1_HUMAN	20	420	0
MAGI1_HUMAN	180	0	1
MAGI2_HUMAN	43	0	1
MAGI3_HUMAN	64	0	1
MAGIX_HUMAN	33	290	0
MAGL2_HUMAN	58	0	1
MAGT1_HUMAN	330	0	1
MAG_HUMAN	16	425	0
MAK16_HUMAN	154	0	1
MAK_HUMAN	41	184	0
MAL2_HUMAN	65	0	1
MALAT_HUMAN	135	0	1
MALD1_HUMAN	5	600	0
MALD2_HUMAN	72	0	1
MALD3_HUMAN	3	2207	0
MALL_HUMAN	152	0	1
MALT1_HUMAN	70	0	1
MAL_HUMAN	89	0	1
MAMC2_HUMAN	10	486	0
MAMD1_HUMAN	7	555	0
MAML1_HUMAN	70	0	1
MAML2_HUMAN	16	294	0
MAML3_HUMAN	17	305	0
MAN1_HUMAN	291	0	1
MANBA_HUMAN	84	0	1
MANBL_HUMAN	28	271	0
MANEA_HUMAN	65	0	1
MANEL_HUMAN	46	0	1
MANF_HUMAN	88	0	1
MANS1_HUMAN	109	0	1
MAOM_HUMAN	110	0	1
MAON_HUMAN	3	580	0
MAOX_HUMAN	74	0	1
MAP1A_HUMAN	109	0	1
MAP1B_HUMAN	544	0	1
MAP1S_HUMAN	106	0	1
MAP2_HUMAN,MTAP2_HUMAN	77	0	1
MAP4_HUMAN	328	0	1
MAP6_HUMAN	22	208	0
MAP7_HUMAN	250	0	1
MAP9_HUMAN	53	0	1
MAPK2_HUMAN	111	0	1
MAPK3_HUMAN	46	0	1
MAPK5_HUMAN	52	0	1
MAR1_HUMAN	6	782	0
MARCO_HUMAN	9	645	0
MARCS_HUMAN	608	0	1
MARE1_HUMAN	531	0	1
MARE2_HUMAN	128	0	1
MARE3_HUMAN	230	0	1
MARF1_HUMAN	128	0	1
MARH1_HUMAN	66	0	1
MARH2_HUMAN	71	0	1
MARH3_HUMAN	48	0	1
MARH4_HUMAN	108	0	1
MARH5_HUMAN	209	0	1
MARH6_HUMAN	49	0	1
MARH7_HUMAN	99	0	1
MARH8_HUMAN	60	0	1
MARH9_HUMAN	6	885	0
MARHA_HUMAN	7	600	0
MARHB_HUMAN	1	2912	0
MARK1_HUMAN	84	0	1
MARK2_HUMAN	274	0	1
MARK3_HUMAN	254	0	1
MARK4_HUMAN	69	0	1
MAS1L_HUMAN	1	4866	0
MASP1_HUMAN	37	197	0
MASP2_HUMAN	18	282	0
MAST1_HUMAN	226	0	1
MAST2_HUMAN	54	0	1
MAST3_HUMAN	128	0	1
MAST4_HUMAN	32	189	0
MASTR_HUMAN	1	8426	0
MASU1_HUMAN	180	0	1
MAS_HUMAN	87	0	1
MAT1_HUMAN	147	0	1
MAT2B_HUMAN	109	0	1
MATK_HUMAN	29	170	0
MATN1_HUMAN	9	1142	0
MATN2_HUMAN	108	0	1
MATN3_HUMAN	27	235	0
MATN4_HUMAN	22	240	0
MATR3_HUMAN	609	0	1
MAVS_HUMAN	345	0	1
MAX_HUMAN	230	0	1
MAZ_HUMAN	91	0	1
MB211_HUMAN	13	958	0
MB212_HUMAN	142	0	1
MB213_HUMAN	40	289	0
MB3L1_HUMAN	67	0	1
MB3L2_HUMAN	38	262	0
MB3L3_HUMAN	1	7387	0
MBB1A_HUMAN	455	0	1
MBD1_HUMAN	89	0	1
MBD2_HUMAN	146	0	1
MBD3_HUMAN	300	0	1
MBD4_HUMAN	82	0	1
MBD5_HUMAN	104	0	1
MBD6_HUMAN	93	0	1
MBIP1_HUMAN	171	0	1
MBL2_HUMAN	43	0	1
MBLC1_HUMAN	15	368	0
MBLC2_HUMAN	81	0	1
MBNL1_HUMAN	251	0	1
MBNL2_HUMAN	28	160	0
MBNL3_HUMAN	13	422	0
MBOA1_HUMAN	32	251	0
MBOA2_HUMAN	31	158	0
MBOA5_HUMAN	91	0	1
MBOA7_HUMAN	200	0	1
MBPHL_HUMAN	13	695	0
MBP_HUMAN	59	0	1
MBRL_HUMAN	113	0	1
MBTD1_HUMAN	56	0	1
MBTP1_HUMAN	71	0	1
MBTP2_HUMAN	16	274	0
MC3R_HUMAN	5	1054	0
MC4R_HUMAN	19	480	0
MC5R_HUMAN	3	4510	0
MCA32_HUMAN	65	0	1
MCA3_HUMAN	142	0	1
MCAF1_HUMAN	140	0	1
MCAF2_HUMAN	18	334	0
MCAR1_HUMAN	152	0	1
MCAR2_HUMAN	8	874	0
MCAR6_HUMAN	4	1183	0
MCATL_HUMAN	38	266	0
MCAT_HUMAN	69	0	1
MCCA_HUMAN	221	0	1
MCCB_HUMAN	204	0	1
MCCD1_HUMAN	31	358	0
MCE1_HUMAN	141	0	1
MCEE_HUMAN	16	491	0
MCEM1_HUMAN	13	831	0
MCES_HUMAN	91	0	1
MCF2L_HUMAN	23	166	0
MCF2_HUMAN	18	247	0
MCFD2_HUMAN	81	0	1
MCHR1_HUMAN	2	4772	0
MCHR2_HUMAN	1	8753	0
MCH_HUMAN	15	680	0
MCI_HUMAN,MCIN_HUMAN	6	1747	0
MCL1_HUMAN	141	0	1
MCLN1_HUMAN	36	327	0
MCLN2_HUMAN	43	0	1
MCLN3_HUMAN	68	0	1
MCM10_HUMAN	133	0	1
MCM2_HUMAN	1021	0	1
MCM3A_HUMAN,GANP_HUMAN	121	0	1
MCM3_HUMAN	397	0	1
MCM4_HUMAN	304	0	1
MCM5_HUMAN	434	0	1
MCM6_HUMAN	290	0	1
MCM7_HUMAN	508	0	1
MCM8_HUMAN	55	0	1
MCM9_HUMAN	50	0	1
MCMBP_HUMAN	165	0	1
MCMD2_HUMAN	1	8188	0
MCP62_HUMAN	34	234	0
MCPH1_HUMAN	99	0	1
MCP_HUMAN	46	0	1
MCRS1_HUMAN	238	0	1
MCR_HUMAN	49	0	1
MCSP_HUMAN	76	0	1
MCTP1_HUMAN	6	491	0
MCTP2_HUMAN	13	286	0
MCTS1_HUMAN	136	0	1
MCU_HUMAN	208	0	1
MD12L_HUMAN	48	0	1
MD13L_HUMAN	104	0	1
MD1L1_HUMAN	148	0	1
MD2BP_HUMAN	69	0	1
MD2L1_HUMAN	271	0	1
MD2L2_HUMAN	335	0	1
MDC1_HUMAN	419	0	1
MDFIC_HUMAN	15	483	0
MDFI_HUMAN	424	0	1
MDGA1_HUMAN	3	2052	0
MDGA2_HUMAN	7	816	0
MDH1B_HUMAN	2	4307	0
MDHC_HUMAN	160	0	1
MDHM_HUMAN	532	0	1
MDM1_HUMAN	11	700	0
MDM2_HUMAN	914	0	1
MDM4_HUMAN	105	0	1
MDN1_HUMAN	240	0	1
MDR1_HUMAN	105	0	1
MDR3_HUMAN	9	897	0
MDSP_HUMAN	2	2228	0
ME3L1_HUMAN	3	907	0
MEA1_HUMAN	27	296	0
MECP2_HUMAN	1271	0	1
MECR_HUMAN	29	195	0
MED10_HUMAN	108	0	1
MED11_HUMAN	65	0	1
MED12_HUMAN	181	0	1
MED13_HUMAN	89	0	1
MED14_HUMAN	144	0	1
MED15_HUMAN	115	0	1
MED16_HUMAN	108	0	1
MED17_HUMAN	193	0	1
MED18_HUMAN	78	0	1
MED19_HUMAN	170	0	1
MED1_HUMAN	187	0	1
MED20_HUMAN	184	0	1
MED21_HUMAN	161	0	1
MED22_HUMAN	80	0	1
MED23_HUMAN	228	0	1
MED24_HUMAN	121	0	1
MED25_HUMAN	96	0	1
MED26_HUMAN	118	0	1
MED27_HUMAN	101	0	1
MED28_HUMAN	108	0	1
MED29_HUMAN	136	0	1
MED30_HUMAN	82	0	1
MED31_HUMAN	131	0	1
MED4_HUMAN	448	0	1
MED6_HUMAN	93	0	1
MED7_HUMAN	74	0	1
MED8_HUMAN	105	0	1
MED9_HUMAN	121	0	1
MEF2A_HUMAN	78	0	1
MEF2B_HUMAN	12	610	0
MEF2C_HUMAN	44	0	1
MEF2D_HUMAN	76	0	1
MEFV_HUMAN	15	369	0
MEG10_HUMAN	30	235	0
MEG11_HUMAN	4	1208	0
MEGF6_HUMAN	15	266	0
MEGF8_HUMAN	66	0	1
MEGF9_HUMAN	6	1031	0
MEI1_HUMAN	9	746	0
MEIG1_HUMAN	4	2713	0
MEIS1_HUMAN	42	287	0
MEIS2_HUMAN	85	0	1
MEIS3_HUMAN	28	246	0
MELK_HUMAN	107	0	1
MELPH_HUMAN	21	283	0
MELT_HUMAN	8	604	0
MEMO1_HUMAN	64	0	1
MEN1_HUMAN	1031	0	1
MENTO_HUMAN	67	0	1
MEOX1_HUMAN	106	0	1
MEOX2_HUMAN	689	0	1
MEP1A_HUMAN	10	838	0
MEP1B_HUMAN	42	300	0
MEP50_HUMAN	378	0	1
MEPCE_HUMAN	844	0	1
MEPE_HUMAN	18	343	0
MER34_HUMAN	10	1001	0
MERL_HUMAN	371	0	1
MERTK_HUMAN	129	0	1
MESD1_HUMAN	21	330	0
MESD_HUMAN	150	0	1
MESH1_HUMAN	56	0	1
MESP1_HUMAN	9	718	0
MESP2_HUMAN	7	1483	0
MEST_HUMAN	47	0	1
MET10_HUMAN	59	0	1
MET12_HUMAN	6	2296	0
MET13_HUMAN	78	0	1
MET14_HUMAN	557	0	1
MET15_HUMAN	277	0	1
MET16_HUMAN	8	1076	0
MET17_HUMAN	415	0	1
MET18_HUMAN	60	0	1
MET20_HUMAN	17	609	0
MET22_HUMAN	3	3329	0
MET23_HUMAN	28	221	0
MET2A_HUMAN	20	238	0
MET2B_HUMAN	24	221	0
MET7A_HUMAN	365	0	1
MET7B_HUMAN	21	251	0
METH_HUMAN	143	0	1
METK1_HUMAN	31	192	0
METK2_HUMAN	227	0	1
METL5_HUMAN	15	348	0
METL6_HUMAN	16	455	0
METL8_HUMAN	18	280	0
METL9_HUMAN	97	0	1
METRL_HUMAN	62	0	1
METRN_HUMAN	45	0	1
MET_HUMAN	273	0	1
MEX3A_HUMAN	378	0	1
MEX3B_HUMAN	219	0	1
MEX3C_HUMAN	87	0	1
MEX3D_HUMAN	58	0	1
MF2L2_HUMAN	41	184	0
MF2NB_HUMAN	40	250	0
MFA3L_HUMAN	4	1032	0
MFAP1_HUMAN	299	0	1
MFAP2_HUMAN	9	626	0
MFAP3_HUMAN	74	0	1
MFAP4_HUMAN	164	0	1
MFAP5_HUMAN	46	0	1
MFF_HUMAN	185	0	1
MFGM_HUMAN	100	0	1
MFHA1_HUMAN	104	0	1
MFN1_HUMAN	53	0	1
MFN2_HUMAN	154	0	1
MFNG_HUMAN	23	384	0
MFRN1_HUMAN	8	559	0
MFRN2_HUMAN	32	266	0
MFRP_HUMAN	1	8891	0
MFS10_HUMAN	248	0	1
MFS11_HUMAN	39	235	0
MFS12_HUMAN	73	0	1
MFS2A_HUMAN,NLS1_HUMAN	33	278	0
MFS2B_HUMAN	14	834	0
MFS6L_HUMAN	31	324	0
MFSD1_HUMAN	23	200	0
MFSD3_HUMAN	46	0	1
MFSD4_HUMAN	258	0	1
MFSD5_HUMAN	430	0	1
MFSD6_HUMAN	67	0	1
MFSD7_HUMAN	20	480	0
MFSD8_HUMAN	167	0	1
MFSD9_HUMAN	62	0	1
MFTC_HUMAN	98	0	1
MGAP_HUMAN	234	0	1
MGAT1_HUMAN	48	0	1
MGAT2_HUMAN	50	0	1
MGAT3_HUMAN	4	1164	0
MGA_HUMAN	23	277	0
MGDP1_HUMAN	52	0	1
MGLL_HUMAN	33	178	0
MGMT_HUMAN	88	0	1
MGN2_HUMAN	163	0	1
MGN_HUMAN	271	0	1
MGP_HUMAN	6	769	0
MGRN1_HUMAN	97	0	1
MGST1_HUMAN	143	0	1
MGST2_HUMAN	41	168	0
MGST3_HUMAN	290	0	1
MGT4A_HUMAN	2	4301	0
MGT4B_HUMAN	37	159	0
MGT4C_HUMAN	37	324	0
MGT5A_HUMAN	74	0	1
MGT5B_HUMAN	122	0	1
MI4GD_HUMAN	46	0	1
MIA2_HUMAN	95	0	1
MIA3_HUMAN	240	0	1
MIA40_HUMAN	170	0	1
MIA_HUMAN	4	1209	0
MIB1_HUMAN	307	0	1
MIB2_HUMAN	64	0	1
MIC1_HUMAN	145	0	1
MICA1_HUMAN	78	0	1
MICA2_HUMAN	38	137	0
MICA3_HUMAN	83	0	1
MICA_HUMAN	86	0	1
MICB_HUMAN	139	0	1
MICLK_HUMAN	3	1254	0
MICU1_HUMAN	97	0	1
MID49_HUMAN	36	286	0
MID51_HUMAN	58	0	1
MIDA_HUMAN	70	0	1
MIDN_HUMAN	620	0	1
MIEAP_HUMAN	26	208	0
MIEN1_HUMAN	14	679	0
MIER1_HUMAN	79	0	1
MIER2_HUMAN	36	208	0
MIER3_HUMAN	21	327	0
MIF_HUMAN	288	0	1
MIIP_HUMAN	52	0	1
MILK1_HUMAN	103	0	1
MILK2_HUMAN	144	0	1
MILR1_HUMAN	72	0	1
MIME_HUMAN	16	407	0
MIMIT_HUMAN	141	0	1
MINA_HUMAN	104	0	1
MINK1_HUMAN	183	0	1
MINP1_HUMAN	55	0	1
MINT_HUMAN	150	0	1
MIOX_HUMAN	12	604	0
MIO_HUMAN	74	0	1
MIP18_HUMAN	116	0	1
MIPEP_HUMAN	90	0	1
MIPO1_HUMAN	102	0	1
MIPT3_HUMAN	149	0	1
MIP_HUMAN	55	0	1
MIRH1_HUMAN	2	1168	0
MIRO1_HUMAN	84	0	1
MIRO2_HUMAN	342	0	1
MIS12_HUMAN	87	0	1
MISSL_HUMAN	43	0	1
MIS_HUMAN	8	811	0
MITD1_HUMAN	40	152	0
MITF_HUMAN	57	0	1
MK01_HUMAN	430	0	1
MK03_HUMAN	342	0	1
MK04_HUMAN	75	0	1
MK06_HUMAN	501	0	1
MK07_HUMAN	148	0	1
MK08_HUMAN	225	0	1
MK09_HUMAN	168	0	1
MK10_HUMAN	55	0	1
MK11_HUMAN	43	0	1
MK12_HUMAN	69	0	1
MK13_HUMAN	124	0	1
MK14_HUMAN	368	0	1
MK15_HUMAN	60	0	1
MK67I_HUMAN	440	0	1
MKKS_HUMAN	25	210	0
MKL1_HUMAN	59	0	1
MKL2_HUMAN	59	0	1
MKLN1_HUMAN	133	0	1
MKNK1_HUMAN	71	0	1
MKNK2_HUMAN	54	0	1
MKRN1_HUMAN	164	0	1
MKRN2_HUMAN	383	0	1
MKRN3_HUMAN	231	0	1
MKRN4_HUMAN	6	1024	0
MKS1_HUMAN	110	0	1
MKS3_HUMAN	146	0	1
MKX_HUMAN	49	0	1
MK_HUMAN	83	0	1
ML12A_HUMAN	226	0	1
ML12B_HUMAN	159	0	1
MLC1_HUMAN	20	322	0
MLE3_HUMAN	50	0	1
MLEC_HUMAN	127	0	1
MLF1_HUMAN	122	0	1
MLF2_HUMAN	142	0	1
MLH1_HUMAN	292	0	1
MLH3_HUMAN	58	0	1
MLIP_HUMAN	10	569	0
MLKL_HUMAN	52	0	1
MLL1_HUMAN,KMT2A_HUMAN	280	0	1
MLL2_HUMAN,KMT2D_HUMAN	165	0	1
MLL3_HUMAN,KMT2C_HUMAN	147	0	1
MLL4_HUMAN	134	0	1
MLL5_HUMAN,KMT2E_HUMAN	66	0	1
MLP3A_HUMAN	540	0	1
MLP3B_HUMAN	755	0	1
MLP3C_HUMAN	72	0	1
MLRA_HUMAN	8	927	0
MLRS_HUMAN	22	294	0
MLRV_HUMAN	31	264	0
MLTK_HUMAN	98	0	1
MLXIP_HUMAN	19	301	0
MLXPL_HUMAN	43	0	1
MLX_HUMAN	59	0	1
MMAA_HUMAN	6	516	0
MMAB_HUMAN	137	0	1
MMAC_HUMAN	18	278	0
MMAD_HUMAN	35	304	0
MMEL1_HUMAN	4	1252	0
MMGT1_HUMAN	397	0	1
MMP10_HUMAN	22	344	0
MMP11_HUMAN	2	833	0
MMP12_HUMAN	4	1336	0
MMP13_HUMAN	16	706	0
MMP14_HUMAN	74	0	1
MMP15_HUMAN	36	207	0
MMP16_HUMAN	2	787	0
MMP17_HUMAN	3	682	0
MMP19_HUMAN	8	1158	0
MMP1_HUMAN	15	425	0
MMP20_HUMAN	5	993	0
MMP21_HUMAN	2	2067	0
MMP23_HUMAN	1	7013	0
MMP24_HUMAN	5	1063	0
MMP25_HUMAN	5	1374	0
MMP26_HUMAN	20	561	0
MMP27_HUMAN	3	1971	0
MMP28_HUMAN	10	419	0
MMP2_HUMAN	68	0	1
MMP37_HUMAN	58	0	1
MMP3_HUMAN	32	253	0
MMP7_HUMAN	25	440	0
MMP8_HUMAN	10	596	0
MMP9_HUMAN	44	0	1
MMRN1_HUMAN	28	230	0
MMRN2_HUMAN	9	623	0
MMS19_HUMAN	327	0	1
MMS22_HUMAN	56	0	1
MMSA_HUMAN	74	0	1
MMTA2_HUMAN	351	0	1
MN1_HUMAN	27	193	0
MND1_HUMAN	51	0	1
MNDA_HUMAN	180	0	1
MNF1_HUMAN,UQCC2_HUMAN	60	0	1
MNS1_HUMAN	42	203	0
MNT_HUMAN	25	184	0
MNX1_HUMAN	29	235	0
MO2R1_HUMAN	38	303	0
MO2R2_HUMAN	2	2230	0
MO4L1_HUMAN	235	0	1
MO4L2_HUMAN	219	0	1
MOAP1_HUMAN	56	0	1
MOB1A_HUMAN	86	0	1
MOB1B_HUMAN	61	0	1
MOB2_HUMAN	115	0	1
MOB3A_HUMAN	20	261	0
MOB3B_HUMAN	29	262	0
MOB3C_HUMAN	18	495	0
MOBP_HUMAN	20	469	0
MOC2A_HUMAN	23	198	0
MOC2B_HUMAN	10	922	0
MOCOS_HUMAN	39	177	0
MOCS1_HUMAN	34	195	0
MOCS3_HUMAN	57	0	1
MOD5_HUMAN	13	676	0
MOES_HUMAN	335	0	1
MOFA1_HUMAN	100	0	1
MOG1_HUMAN	32	334	0
MOGS_HUMAN	189	0	1
MOGT1_HUMAN	2	1321	0
MOGT2_HUMAN	4	2634	0
MOGT3_HUMAN	22	489	0
MOG_HUMAN	21	350	0
MOK_HUMAN	26	225	0
MOL2C_HUMAN	360	0	1
MON1A_HUMAN	14	586	0
MON1B_HUMAN	25	235	0
MON2_HUMAN	168	0	1
MORC1_HUMAN	15	317	0
MORC2_HUMAN	91	0	1
MORC3_HUMAN	74	0	1
MORC4_HUMAN	79	0	1
MORN1_HUMAN	5	643	0
MORN2_HUMAN	7	1468	0
MORN3_HUMAN	72	0	1
MORN4_HUMAN	33	359	0
MORN5_HUMAN	12	925	0
MOS1_HUMAN,MIC10_HUMAN	60	0	1
MOSC1_HUMAN,MARC1_HUMAN	67	0	1
MOSC2_HUMAN,MARC2_HUMAN	47	0	1
MOST1_HUMAN	1	2228	0
MOS_HUMAN	73	0	1
MOT10_HUMAN	137	0	1
MOT11_HUMAN	531	0	1
MOT12_HUMAN	15	459	0
MOT13_HUMAN	33	209	0
MOT14_HUMAN	12	544	0
MOT1_HUMAN	228	0	1
MOT2_HUMAN	46	0	1
MOT3_HUMAN	82	0	1
MOT4_HUMAN	114	0	1
MOT5_HUMAN	20	339	0
MOT6_HUMAN	21	309	0
MOT7_HUMAN	40	166	0
MOT8_HUMAN	59	0	1
MOT9_HUMAN	20	326	0
MOTI_HUMAN,MLN_HUMAN,MOTI_HUMAN	3	3628	0
MOV10_HUMAN	1283	0	1
MOXD1_HUMAN	70	0	1
MP17L_HUMAN	1	1502	0
MP2K1_HUMAN	263	0	1
MP2K2_HUMAN	275	0	1
MP2K3_HUMAN	259	0	1
MP2K4_HUMAN	62	0	1
MP2K5_HUMAN	116	0	1
MP2K6_HUMAN	57	0	1
MP2K7_HUMAN	192	0	1
MP3B2_HUMAN	20	271	0
MPC1_HUMAN	9	816	0
MPC2_HUMAN	68	0	1
MPCP_HUMAN	467	0	1
MPDZ_HUMAN	99	0	1
MPEG1_HUMAN	3	974	0
MPH6_HUMAN	89	0	1
MPIP1_HUMAN	117	0	1
MPIP2_HUMAN	119	0	1
MPIP3_HUMAN	148	0	1
MPI_HUMAN	48	0	1
MPLKI_HUMAN	14	712	0
MPN2_HUMAN	1	3402	0
MPND_HUMAN	11	545	0
MPP10_HUMAN	184	0	1
MPP2_HUMAN	49	0	1
MPP3_HUMAN	43	0	1
MPP4_HUMAN	4	2696	0
MPP5_HUMAN	118	0	1
MPP6_HUMAN	81	0	1
MPP7_HUMAN	111	0	1
MPP8_HUMAN	121	0	1
MPP9_HUMAN	99	0	1
MPPA_HUMAN	406	0	1
MPPB_HUMAN	386	0	1
MPPD1_HUMAN	39	213	0
MPPD2_HUMAN	21	535	0
MPPE1_HUMAN	85	0	1
MPRA_HUMAN	10	511	0
MPRB_HUMAN	3	3204	0
MPRD_HUMAN	86	0	1
MPRG_HUMAN	9	611	0
MPRIP_HUMAN	239	0	1
MPRI_HUMAN	345	0	1
MPU1_HUMAN	62	0	1
MPV17_HUMAN	54	0	1
MPZL1_HUMAN	129	0	1
MPZL2_HUMAN	18	421	0
MPZL3_HUMAN	5	1198	0
MR1L1_HUMAN	111	0	1
MRAP2_HUMAN	99	0	1
MRAP_HUMAN	8	1375	0
MRC1_HUMAN	5	920	0
MRC2_HUMAN	77	0	1
MRCKA_HUMAN	158	0	1
MRCKB_HUMAN	120	0	1
MRCKG_HUMAN	43	0	1
MRE11_HUMAN	302	0	1
MREG_HUMAN	17	329	0
MRF_HUMAN	25	279	0
MRGBP_HUMAN	109	0	1
MRGRF_HUMAN	1	641	0
MRGX1_HUMAN	4	1798	0
MRGX3_HUMAN	3	791	0
MRGX4_HUMAN	5	1993	0
MRI_HUMAN	26	218	0
MRM1_HUMAN	373	0	1
MRP1_HUMAN	164	0	1
MRP2_HUMAN	72	0	1
MRP3_HUMAN	22	148	0
MRP4_HUMAN	80	0	1
MRP5_HUMAN	55	0	1
MRP6_HUMAN	56	0	1
MRP7_HUMAN	37	272	0
MRP9_HUMAN	11	590	0
MRP_HUMAN	133	0	1
MRRP1_HUMAN	239	0	1
MRRP3_HUMAN	150	0	1
MRS2_HUMAN	88	0	1
MRT4_HUMAN	183	0	1
MRVI1_HUMAN	15	470	0
MS18A_HUMAN	116	0	1
MS18B_HUMAN	216	0	1
MS3L1_HUMAN	27	193	0
MS3L2_HUMAN	4	829	0
MS4A3_HUMAN	39	333	0
MS4A5_HUMAN	1	1713	0
MS4A7_HUMAN	11	1159	0
MSD2_HUMAN	21	416	0
MSD3_HUMAN	22	218	0
MSD4_HUMAN	17	323	0
MSGN1_HUMAN	35	384	0
MSH2_HUMAN	313	0	1
MSH3_HUMAN	101	0	1
MSH4_HUMAN	14	422	0
MSH5_HUMAN	25	193	0
MSH6_HUMAN	285	0	1
MSHR_HUMAN	36	189	0
MSI1H_HUMAN	104	0	1
MSI2H_HUMAN	123	0	1
MSL1_HUMAN	74	0	1
MSL2_HUMAN	32	133	0
MSLNL_HUMAN	5	929	0
MSLN_HUMAN	47	0	1
MSMB_HUMAN	44	0	1
MSMO1_HUMAN	108	0	1
MSPD1_HUMAN	5	1032	0
MSPD2_HUMAN	186	0	1
MSPD3_HUMAN	25	393	0
MSRA_HUMAN	35	165	0
MSRB1_HUMAN	12	417	0
MSRB2_HUMAN	68	0	1
MSRB3_HUMAN	90	0	1
MSRE_HUMAN	19	362	0
MSS4_HUMAN	82	0	1
MSS51_HUMAN	22	361	0
MST4_HUMAN,STK26_HUMAN	269	0	1
MSTO1_HUMAN	63	0	1
MSTP9_HUMAN,MST1L_HUMAN	1	3665	0
MSTRO_HUMAN	1	874	0
MSX1_HUMAN	19	421	0
MSX2_HUMAN	186	0	1
MT1A_HUMAN	5	790	0
MT1B_HUMAN	5	3052	0
MT1DP_HUMAN	3	3240	0
MT1E_HUMAN	6	885	0
MT1F_HUMAN	11	400	0
MT1G_HUMAN	8	730	0
MT1H_HUMAN	5	861	0
MT1L_HUMAN	1	7679	0
MT1M_HUMAN	17	346	0
MT1X_HUMAN	20	414	0
MT21A_HUMAN	33	129	0
MT21B_HUMAN	303	0	1
MT21C_HUMAN	4	2029	0
MT21D_HUMAN	3	966	0
MT2_HUMAN	43	0	1
MT3_HUMAN	9	565	0
MTA1_HUMAN	322	0	1
MTA2_HUMAN	488	0	1
MTA3_HUMAN	181	0	1
MTA70_HUMAN	278	0	1
MTAP_HUMAN	100	0	1
MTBP_HUMAN	25	168	0
MTCH1_HUMAN	234	0	1
MTCH2_HUMAN	477	0	1
MTCNB_HUMAN	5	580	0
MTCP1_HUMAN	4	776	0
MTD2L_HUMAN	17	601	0
MTDC_HUMAN	112	0	1
MTER1_HUMAN,MTEF3_HUMAN	354	0	1
MTER2_HUMAN,MTEF4_HUMAN	25	172	0
MTER3_HUMAN,MTEF2_HUMAN	8	871	0
MTERF_HUMAN,MTEF1_HUMAN	13	640	0
MTF1_HUMAN	111	0	1
MTF2_HUMAN	86	0	1
MTFP1_HUMAN	42	275	0
MTFR1_HUMAN	75	0	1
MTG16_HUMAN	73	0	1
MTG1_HUMAN	153	0	1
MTG8R_HUMAN	60	0	1
MTG8_HUMAN	125	0	1
MTHFS_HUMAN	14	326	0
MTHR_HUMAN	67	0	1
MTHSD_HUMAN	18	300	0
MTL12_HUMAN	7	869	0
MTL5_HUMAN	25	331	0
MTLR_HUMAN	65	0	1
MTM1_HUMAN	70	0	1
MTMR1_HUMAN	109	0	1
MTMR2_HUMAN	71	0	1
MTMR3_HUMAN	73	0	1
MTMR4_HUMAN	164	0	1
MTMR5_HUMAN	157	0	1
MTMR6_HUMAN	92	0	1
MTMR7_HUMAN	62	0	1
MTMR8_HUMAN	23	237	0
MTMR9_HUMAN	71	0	1
MTMRA_HUMAN	42	212	0
MTMRB_HUMAN	19	347	0
MTMRC_HUMAN	47	0	1
MTMRD_HUMAN	41	149	0
MTMRE_HUMAN	113	0	1
MTNA_HUMAN	45	0	1
MTNB_HUMAN	49	0	1
MTND_HUMAN	42	158	0
MTO1_HUMAN	84	0	1
MTOR_HUMAN	341	0	1
MTPN_HUMAN	171	0	1
MTP_HUMAN	13	260	0
MTR1A_HUMAN	165	0	1
MTR1B_HUMAN	136	0	1
MTR1L_HUMAN	61	0	1
MTR1_HUMAN,CMTR1_HUMAN	211	0	1
MTRR_HUMAN	17	237	0
MTSS1_HUMAN	30	165	0
MTSSL_HUMAN	47	0	1
MTU1_HUMAN	94	0	1
MTUS1_HUMAN	89	0	1
MTUS2_HUMAN	368	0	1
MTX1_HUMAN	126	0	1
MTX2_HUMAN	178	0	1
MTX3_HUMAN	77	0	1
MUC12_HUMAN	4	1158	0
MUC13_HUMAN	39	171	0
MUC15_HUMAN	5	2324	0
MUC16_HUMAN	15	260	0
MUC17_HUMAN	4	595	0
MUC18_HUMAN	483	0	1
MUC19_HUMAN	11	309	0
MUC1_HUMAN	164	0	1
MUC20_HUMAN	25	304	0
MUC22_HUMAN	2	897	0
MUC24_HUMAN	10	502	0
MUC2_HUMAN	10	319	0
MUC3A_HUMAN	2	918	0
MUC4_HUMAN	10	502	0
MUC5A_HUMAN	22	233	0
MUC5B_HUMAN	49	0	1
MUC6_HUMAN	1	7679	0
MUC7_HUMAN	35	227	0
MUCEN_HUMAN	9	1054	0
MUCL1_HUMAN	46	0	1
MUDEN_HUMAN	11	901	0
MUL1_HUMAN	105	0	1
MUM1_HUMAN	31	213	0
MUML1_HUMAN	3	1412	0
MURC_HUMAN	6	860	0
MUS81_HUMAN	59	0	1
MUSC_HUMAN	13	556	0
MUSK_HUMAN	81	0	1
MUT7B_HUMAN	9	568	0
MUT7_HUMAN	4	1564	0
MUTA_HUMAN	60	0	1
MUTED_HUMAN,BL1S5_HUMAN	48	0	1
MUTYH_HUMAN	39	148	0
MVD1_HUMAN	56	0	1
MVP_HUMAN	179	0	1
MX1_HUMAN	56	0	1
MX2_HUMAN	20	241	0
MXI1_HUMAN	44	0	1
MXRA5_HUMAN	12	402	0
MXRA7_HUMAN	75	0	1
MXRA8_HUMAN	35	187	0
MY15B_HUMAN	101	0	1
MY18A_HUMAN	310	0	1
MY18B_HUMAN	24	258	0
MYADM_HUMAN	110	0	1
MYBA_HUMAN	11	559	0
MYBB_HUMAN	156	0	1
MYBPH_HUMAN	9	628	0
MYBPP_HUMAN	33	250	0
MYB_HUMAN	130	0	1
MYCB2_HUMAN	237	0	1
MYCBP_HUMAN	181	0	1
MYCD_HUMAN	14	407	0
MYCL1_HUMAN,MYCL_HUMAN	55	0	1
MYCN_HUMAN	1357	0	1
MYCPP_HUMAN	93	0	1
MYCT1_HUMAN	12	678	0
MYCT_HUMAN	27	174	0
MYC_HUMAN	3154	0	1
MYD88_HUMAN	89	0	1
MYEF2_HUMAN	123	0	1
MYEOV_HUMAN	16	371	0
MYF5_HUMAN	30	399	0
MYF6_HUMAN	19	543	0
MYG1_HUMAN	86	0	1
MYG_HUMAN	17	482	0
MYH10_HUMAN	409	0	1
MYH11_HUMAN	148	0	1
MYH13_HUMAN	51	0	1
MYH14_HUMAN	211	0	1
MYH15_HUMAN	27	210	0
MYH1_HUMAN	71	0	1
MYH2_HUMAN	60	0	1
MYH3_HUMAN	54	0	1
MYH4_HUMAN	70	0	1
MYH6_HUMAN	63	0	1
MYH7B_HUMAN	71	0	1
MYH7_HUMAN	109	0	1
MYH8_HUMAN	50	0	1
MYH9_HUMAN	821	0	1
MYL10_HUMAN	27	288	0
MYL1_HUMAN	27	232	0
MYL3_HUMAN	22	224	0
MYL4_HUMAN	25	223	0
MYL5_HUMAN	2	2781	0
MYL6B_HUMAN	116	0	1
MYL6_HUMAN	297	0	1
MYL9_HUMAN	70	0	1
MYLIP_HUMAN	48	0	1
MYLK2_HUMAN	114	0	1
MYLK3_HUMAN	11	419	0
MYLK4_HUMAN	90	0	1
MYLK_HUMAN	115	0	1
MYNN_HUMAN	13	306	0
MYO10_HUMAN	150	0	1
MYO15_HUMAN	13	354	0
MYO16_HUMAN	16	211	0
MYO19_HUMAN	263	0	1
MYO1A_HUMAN	31	185	0
MYO1B_HUMAN	297	0	1
MYO1C_HUMAN	422	0	1
MYO1D_HUMAN	228	0	1
MYO1E_HUMAN	210	0	1
MYO1F_HUMAN	41	135	0
MYO1G_HUMAN	16	324	0
MYO1H_HUMAN	9	405	0
MYO3A_HUMAN	15	285	0
MYO3B_HUMAN	49	0	1
MYO5A_HUMAN	212	0	1
MYO5B_HUMAN	113	0	1
MYO5C_HUMAN	180	0	1
MYO6_HUMAN	450	0	1
MYO7A_HUMAN	26	157	0
MYO7B_HUMAN	7	1005	0
MYO9A_HUMAN	112	0	1
MYO9B_HUMAN	124	0	1
MYOC_HUMAN	49	0	1
MYOD1_HUMAN	162	0	1
MYOF_HUMAN	121	0	1
MYOG_HUMAN	62	0	1
MYOM1_HUMAN	27	244	0
MYOM2_HUMAN	34	213	0
MYOM3_HUMAN	12	493	0
MYOME_HUMAN	226	0	1
MYOTI_HUMAN	20	387	0
MYOV2_HUMAN	44	0	1
MYOZ1_HUMAN	49	0	1
MYOZ2_HUMAN	19	409	0
MYOZ3_HUMAN	70	0	1
MYP0_HUMAN	9	479	0
MYP2_HUMAN	12	418	0
MYPC1_HUMAN	43	0	1
MYPC2_HUMAN	47	0	1
MYPC3_HUMAN	25	231	0
MYPN_HUMAN	33	155	0
MYPOP_HUMAN	54	0	1
MYPR_HUMAN	115	0	1
MYPT1_HUMAN	335	0	1
MYPT2_HUMAN	61	0	1
MYRIP_HUMAN	12	489	0
MYSM1_HUMAN	51	0	1
MYT1L_HUMAN	67	0	1
MYT1_HUMAN	13	330	0
MYZAP_HUMAN	64	0	1
MZF1_HUMAN	29	212	0
MZT1_HUMAN	43	0	1
MZT2A_HUMAN	26	274	0
MZT2B_HUMAN	81	0	1
N2DL1_HUMAN	16	744	0
N2DL2_HUMAN	30	249	0
N2DL3_HUMAN	62	0	1
N2DL4_HUMAN	22	383	0
N42L1_HUMAN	6	1743	0
N42L2_HUMAN	76	0	1
N4BP1_HUMAN	36	147	0
N4BP2_HUMAN	90	0	1
N4BP3_HUMAN	50	0	1
N62CL_HUMAN	33	215	0
N6MT2_HUMAN	7	862	0
NAA10_HUMAN	184	0	1
NAA11_HUMAN	60	0	1
NAA15_HUMAN	173	0	1
NAA16_HUMAN	35	157	0
NAA20_HUMAN	30	267	0
NAA25_HUMAN	57	0	1
NAA30_HUMAN	38	185	0
NAA35_HUMAN	50	0	1
NAA38_HUMAN	97	0	1
NAA40_HUMAN	974	0	1
NAA50_HUMAN	107	0	1
NAA60_HUMAN	1	7438	0
NAAA_HUMAN	222	0	1
NAB1_HUMAN	28	157	0
NAB2_HUMAN	135	0	1
NAC1_HUMAN	32	188	0
NAC2_HUMAN	39	205	0
NAC3_HUMAN	30	277	0
NACA2_HUMAN	23	214	0
NACAD_HUMAN	23	195	0
NACA_HUMAN,NACAM_HUMAN,NACA_HUMAN	231	0	1
NACC1_HUMAN	98	0	1
NACC2_HUMAN	46	0	1
NACP1_HUMAN	14	439	0
NADAP_HUMAN	135	0	1
NADC_HUMAN	99	0	1
NADE_HUMAN	38	114	0
NADK_HUMAN	83	0	1
NADL2_HUMAN	17	312	0
NAF1_HUMAN	150	0	1
NAGAB_HUMAN	62	0	1
NAGA_HUMAN	11	287	0
NAGK_HUMAN	164	0	1
NAGPA_HUMAN	33	266	0
NAGS_HUMAN	9	735	0
NAGT1_HUMAN	45	0	1
NAIF1_HUMAN	14	418	0
NAKD1_HUMAN,NAKD2_HUMAN	67	0	1
NAL10_HUMAN	13	462	0
NAL11_HUMAN	7	893	0
NAL12_HUMAN	58	0	1
NAL13_HUMAN	6	493	0
NAL14_HUMAN	8	654	0
NALCN_HUMAN	9	557	0
NALD2_HUMAN	17	644	0
NALDL_HUMAN	3	1678	0
NALP1_HUMAN,NLRP1_HUMAN	48	0	1
NALP2_HUMAN	51	0	1
NALP3_HUMAN,NLRP3_HUMAN	117	0	1
NALP4_HUMAN	8	583	0
NALP5_HUMAN	18	301	0
NALP6_HUMAN,NLRP6_HUMAN	422	0	1
NALP7_HUMAN	164	0	1
NALP8_HUMAN	2	3997	0
NALP9_HUMAN	10	525	0
NAMPT_HUMAN	135	0	1
NANGN_HUMAN	1	3946	0
NANO1_HUMAN	18	616	0
NANO2_HUMAN	24	442	0
NANO3_HUMAN	15	417	0
NANOG_HUMAN	236	0	1
NANP_HUMAN	21	285	0
NAP1_HUMAN	34	226	0
NAPEP_HUMAN	5	1053	0
NAPSA_HUMAN	13	409	0
NAR1_HUMAN	7	927	0
NAR3_HUMAN	28	399	0
NAR4_HUMAN	13	358	0
NAR5_HUMAN	52	0	1
NARFL_HUMAN	34	160	0
NARF_HUMAN	24	206	0
NARG2_HUMAN,ICE2_HUMAN	66	0	1
NARR_HUMAN	20	401	0
NASP_HUMAN	201	0	1
NAT10_HUMAN	329	0	1
NAT14_HUMAN	81	0	1
NAT15_HUMAN	3	1124	0
NAT16_HUMAN	8	596	0
NAT6_HUMAN	14	535	0
NAT8B_HUMAN	20	678	0
NAT8L_HUMAN	13	380	0
NAT8_HUMAN	30	333	0
NAT9_HUMAN	17	389	0
NAV1_HUMAN	155	0	1
NAV2_HUMAN	42	145	0
NAV3_HUMAN	33	172	0
NB5R1_HUMAN	135	0	1
NB5R2_HUMAN	31	216	0
NB5R3_HUMAN	359	0	1
NB5R4_HUMAN	4	1442	0
NBAS_HUMAN	126	0	1
NBEA_HUMAN	82	0	1
NBEL1_HUMAN	29	195	0
NBEL2_HUMAN	161	0	1
NBL1_HUMAN	15	371	0
NBN_HUMAN	182	0	1
NBPF1_HUMAN	17	253	0
NBPF3_HUMAN	6	605	0
NBPF4_HUMAN	1	5932	0
NBPF6_HUMAN	5	1309	0
NBPF8_HUMAN	4	577	0
NBPF9_HUMAN	1	3972	0
NBPFA_HUMAN	2	3380	0
NBPFB_HUMAN	2	1950	0
NBPFC_HUMAN	1	3972	0
NBPFE_HUMAN	3	1966	0
NBPFF_HUMAN	7	738	0
NBR1_HUMAN	368	0	1
NBR2_HUMAN	4	2239	0
NC2A_HUMAN	72	0	1
NC2B_HUMAN	73	0	1
NCALD_HUMAN	53	0	1
NCAM1_HUMAN	94	0	1
NCAM2_HUMAN	24	166	0
NCAN_HUMAN	16	375	0
NCBP1_HUMAN	367	0	1
NCBP2_HUMAN	133	0	1
NCDN_HUMAN	124	0	1
NCEH1_HUMAN	94	0	1
NCF1B_HUMAN	1	6622	0
NCF1C_HUMAN	3	2031	0
NCF1_HUMAN	89	0	1
NCF2_HUMAN	32	153	0
NCF4_HUMAN	9	706	0
NCK1_HUMAN	362	0	1
NCK2_HUMAN	278	0	1
NCK5L_HUMAN	120	0	1
NCKP1_HUMAN	207	0	1
NCKP5_HUMAN	36	213	0
NCKPL_HUMAN	16	360	0
NCKX1_HUMAN	8	540	0
NCKX2_HUMAN	18	335	0
NCKX3_HUMAN	46	0	1
NCKX4_HUMAN	15	342	0
NCKX5_HUMAN	35	271	0
NCKX6_HUMAN	23	226	0
NCLN_HUMAN	195	0	1
NCOA1_HUMAN	143	0	1
NCOA2_HUMAN	128	0	1
NCOA3_HUMAN	183	0	1
NCOA4_HUMAN	63	0	1
NCOA5_HUMAN	137	0	1
NCOA6_HUMAN	145	0	1
NCOA7_HUMAN	51	0	1
NCOAT_HUMAN,OGA_HUMAN	156	0	1
NCOR1_HUMAN	316	0	1
NCOR2_HUMAN	260	0	1
NCPR_HUMAN	244	0	1
NCRP1_HUMAN,FBX50_HUMAN	135	0	1
NCS1_HUMAN	79	0	1
NCTR1_HUMAN	24	273	0
NCTR2_HUMAN	5	1213	0
NCTR3_HUMAN	125	0	1
NCUG1_HUMAN	84	0	1
NDC1_HUMAN	225	0	1
NDC80_HUMAN	311	0	1
NDE1_HUMAN	119	0	1
NDEL1_HUMAN	201	0	1
NDF1_HUMAN	18	431	0
NDF2_HUMAN	11	665	0
NDF4_HUMAN	10	967	0
NDF6_HUMAN	6	1170	0
NDK3_HUMAN	129	0	1
NDK5_HUMAN	13	640	0
NDK6_HUMAN	21	325	0
NDK7_HUMAN	162	0	1
NDK8_HUMAN	102	0	1
NDKA_HUMAN	219	0	1
NDKB_HUMAN	279	0	1
NDKM_HUMAN	219	0	1
NDNF_HUMAN	10	792	0
NDOR1_HUMAN	55	0	1
NDP_HUMAN	105	0	1
NDRG1_HUMAN	225	0	1
NDRG2_HUMAN	52	0	1
NDRG3_HUMAN	43	0	1
NDRG4_HUMAN	55	0	1
NDST1_HUMAN	52	0	1
NDST2_HUMAN	42	209	0
NDST3_HUMAN	9	729	0
NDST4_HUMAN	6	1013	0
NDUA1_HUMAN	44	0	1
NDUA2_HUMAN	221	0	1
NDUA3_HUMAN	95	0	1
NDUA4_HUMAN	388	0	1
NDUA5_HUMAN	246	0	1
NDUA6_HUMAN	181	0	1
NDUA7_HUMAN	221	0	1
NDUA8_HUMAN	189	0	1
NDUA9_HUMAN	339	0	1
NDUAA_HUMAN	175	0	1
NDUAB_HUMAN	63	0	1
NDUAC_HUMAN	223	0	1
NDUAD_HUMAN	174	0	1
NDUB1_HUMAN	42	323	0
NDUB2_HUMAN	11	515	0
NDUB3_HUMAN	117	0	1
NDUB4_HUMAN	103	0	1
NDUB5_HUMAN	138	0	1
NDUB6_HUMAN	68	0	1
NDUB7_HUMAN	118	0	1
NDUB8_HUMAN	142	0	1
NDUB9_HUMAN	159	0	1
NDUBA_HUMAN	167	0	1
NDUBB_HUMAN	111	0	1
NDUC1_HUMAN	1	2794	0
NDUC2_HUMAN	109	0	1
NDUF3_HUMAN	130	0	1
NDUF4_HUMAN	325	0	1
NDUF5_HUMAN	103	0	1
NDUF6_HUMAN	5	1890	0
NDUS1_HUMAN	390	0	1
NDUS2_HUMAN	315	0	1
NDUS3_HUMAN	431	0	1
NDUS4_HUMAN	214	0	1
NDUS5_HUMAN	157	0	1
NDUS6_HUMAN	252	0	1
NDUS7_HUMAN	312	0	1
NDUS8_HUMAN	283	0	1
NDUV1_HUMAN	318	0	1
NDUV2_HUMAN	221	0	1
NDUV3_HUMAN	186	0	1
NEB1_HUMAN	133	0	1
NEB2_HUMAN	235	0	1
NEBL_HUMAN	75	0	1
NEBU_HUMAN	102	0	1
NEC1_HUMAN	17	420	0
NEC2_HUMAN	6	867	0
NECA1_HUMAN	34	219	0
NECA2_HUMAN	102	0	1
NECA3_HUMAN	11	505	0
NECD_HUMAN	389	0	1
NECP1_HUMAN	76	0	1
NECP2_HUMAN	59	0	1
NED4L_HUMAN	237	0	1
NEDD1_HUMAN	216	0	1
NEDD4_HUMAN	467	0	1
NEDD8_HUMAN	840	0	1
NEGR1_HUMAN	19	244	0
NEIL1_HUMAN	272	0	1
NEIL2_HUMAN	23	235	0
NEIL3_HUMAN	48	0	1
NEK10_HUMAN	127	0	1
NEK11_HUMAN	23	201	0
NEK1_HUMAN	86	0	1
NEK2_HUMAN	127	0	1
NEK3_HUMAN	24	233	0
NEK4_HUMAN	583	0	1
NEK5_HUMAN	8	449	0
NEK6_HUMAN	188	0	1
NEK7_HUMAN	161	0	1
NEK8_HUMAN	66	0	1
NEK9_HUMAN	114	0	1
NELFA_HUMAN	89	0	1
NELFB_HUMAN	123	0	1
NELFD_HUMAN	107	0	1
NELFE_HUMAN	198	0	1
NELF_HUMAN,NSMF_HUMAN	35	240	0
NELL1_HUMAN	51	0	1
NELL2_HUMAN	56	0	1
NEMF_HUMAN	91	0	1
NEMO_HUMAN	539	0	1
NENF_HUMAN	87	0	1
NEO1_HUMAN	56	0	1
NEP1_HUMAN	97	0	1
NEPR1_HUMAN	5	525	0
NEP_HUMAN	136	0	1
NEST_HUMAN	151	0	1
NET1_HUMAN	24	214	0
NET3_HUMAN	5	412	0
NET4_HUMAN	24	239	0
NET5_HUMAN	40	363	0
NETO1_HUMAN	9	580	0
NETO2_HUMAN	62	0	1
NETR_HUMAN	15	509	0
NEU1A_HUMAN,NEUL1_HUMAN	14	309	0
NEU1B_HUMAN	4	1141	0
NEU1_HUMAN	8	934	0
NEU2_HUMAN	28	245	0
NEUA_HUMAN	125	0	1
NEUFC_HUMAN	44	0	1
NEUG_HUMAN	14	343	0
NEUL2_HUMAN	2	1502	0
NEUL4_HUMAN	234	0	1
NEUL_HUMAN	68	0	1
NEUM_HUMAN	47	0	1
NEUR1_HUMAN	67	0	1
NEUR2_HUMAN	51	0	1
NEUR3_HUMAN	26	186	0
NEUR4_HUMAN	27	271	0
NEUS_HUMAN	8	749	0
NEUT_HUMAN	10	498	0
NEXN_HUMAN	107	0	1
NF1_HUMAN	197	0	1
NF2IP_HUMAN	71	0	1
NF2L1_HUMAN	53	0	1
NF2L2_HUMAN	199	0	1
NF2L3_HUMAN	21	407	0
NFAC1_HUMAN	167	0	1
NFAC2_HUMAN	193	0	1
NFAC3_HUMAN	46	0	1
NFAC4_HUMAN	40	199	0
NFAM1_HUMAN	11	718	0
NFASC_HUMAN	37	146	0
NFAT5_HUMAN	43	0	1
NFE2_HUMAN	21	453	0
NFE4_HUMAN	7	697	0
NFH_HUMAN	69	0	1
NFIA_HUMAN	719	0	1
NFIB_HUMAN	676	0	1
NFIC_HUMAN	817	0	1
NFIL3_HUMAN	40	139	0
NFIP1_HUMAN	116	0	1
NFIP2_HUMAN	62	0	1
NFIX_HUMAN	586	0	1
NFKB1_HUMAN	501	0	1
NFKB2_HUMAN	233	0	1
NFL_HUMAN	174	0	1
NFM_HUMAN	203	0	1
NFRKB_HUMAN	123	0	1
NFS1_HUMAN	161	0	1
NFU1_HUMAN	63	0	1
NFX1_HUMAN	461	0	1
NFXL1_HUMAN	132	0	1
NFYA_HUMAN	93	0	1
NFYB_HUMAN	48	0	1
NFYC_HUMAN	150	0	1
NGAL_HUMAN	169	0	1
NGAP_HUMAN	160	0	1
NGBR_HUMAN	65	0	1
NGB_HUMAN	157	0	1
NGDN_HUMAN	123	0	1
NGEF_HUMAN	76	0	1
NGF_HUMAN	8	813	0
NGLY1_HUMAN	83	0	1
NGN1_HUMAN	17	510	0
NGN2_HUMAN	5	1237	0
NGN3_HUMAN	154	0	1
NGRN_HUMAN	233	0	1
NH2L1_HUMAN	288	0	1
NHEJ1_HUMAN	14	448	0
NHLC1_HUMAN	19	443	0
NHLC2_HUMAN	373	0	1
NHLC3_HUMAN	45	0	1
NHLC4_HUMAN	19	749	0
NHP2_HUMAN	123	0	1
NHRF1_HUMAN	191	0	1
NHRF2_HUMAN	195	0	1
NHRF3_HUMAN	65	0	1
NHRF4_HUMAN	19	615	0
NHSL1_HUMAN	50	0	1
NHSL2_HUMAN	53	0	1
NHS_HUMAN	49	0	1
NIBAN_HUMAN	25	149	0
NIBL1_HUMAN	165	0	1
NIBL2_HUMAN	3	1311	0
NICA_HUMAN	205	0	1
NICN1_HUMAN	23	375	0
NID1_HUMAN	47	0	1
NID2_HUMAN	77	0	1
NID67_HUMAN,SMIM3_HUMAN	53	0	1
NIF3L_HUMAN	186	0	1
NIM1_HUMAN	7	719	0
NINJ1_HUMAN	23	318	0
NINJ2_HUMAN	82	0	1
NINL_HUMAN	455	0	1
NIN_HUMAN	368	0	1
NIP7_HUMAN	173	0	1
NIPA1_HUMAN	179	0	1
NIPA2_HUMAN	18	532	0
NIPA3_HUMAN	164	0	1
NIPA4_HUMAN	39	203	0
NIPA_HUMAN	137	0	1
NIPBL_HUMAN	199	0	1
NIPS1_HUMAN	253	0	1
NIPS2_HUMAN	265	0	1
NISCH_HUMAN	185	0	1
NIT1_HUMAN	157	0	1
NIT2_HUMAN	76	0	1
NJMU_HUMAN	60	0	1
NK1R_HUMAN	70	0	1
NK2R_HUMAN	2	5957	0
NK3R_HUMAN	77	0	1
NKAI1_HUMAN	65	0	1
NKAI3_HUMAN	7	1274	0
NKAI4_HUMAN	3	3359	0
NKAPL_HUMAN	25	203	0
NKAP_HUMAN	146	0	1
NKD1_HUMAN	21	239	0
NKD2_HUMAN	36	160	0
NKG2A_HUMAN	161	0	1
NKG2C_HUMAN	49	0	1
NKG2D_HUMAN	28	317	0
NKG2E_HUMAN	26	465	0
NKG2F_HUMAN	39	208	0
NKG7_HUMAN	51	0	1
NKRF_HUMAN	255	0	1
NKTR_HUMAN	97	0	1
NKX11_HUMAN	1	3913	0
NKX12_HUMAN	4	1049	0
NKX21_HUMAN	178	0	1
NKX22_HUMAN	9	535	0
NKX23_HUMAN	4	716	0
NKX24_HUMAN	15	622	0
NKX25_HUMAN	70	0	1
NKX26_HUMAN	1	2769	0
NKX28_HUMAN	8	463	0
NKX31_HUMAN	52	0	1
NKX32_HUMAN	8	748	0
NKX61_HUMAN	3	2429	0
NKX62_HUMAN	1	8953	0
NLE1_HUMAN	208	0	1
NLGN1_HUMAN	22	348	0
NLGN2_HUMAN	71	0	1
NLGN3_HUMAN	90	0	1
NLGNX_HUMAN	5	1285	0
NLGNY_HUMAN	6	586	0
NLK_HUMAN	73	0	1
NLRC3_HUMAN	11	395	0
NLRC4_HUMAN	22	280	0
NLRC5_HUMAN	24	160	0
NLRX1_HUMAN	90	0	1
NLTP_HUMAN	77	0	1
NMBR_HUMAN	1	8173	0
NMB_HUMAN	31	292	0
NMD3A_HUMAN	10	570	0
NMD3B_HUMAN	28	305	0
NMD3_HUMAN	119	0	1
NMDE1_HUMAN	66	0	1
NMDE2_HUMAN	78	0	1
NMDE3_HUMAN	18	319	0
NMDE4_HUMAN	13	316	0
NMDZ1_HUMAN	62	0	1
NMES1_HUMAN	200	0	1
NMI_HUMAN	126	0	1
NMNA1_HUMAN	126	0	1
NMNA2_HUMAN	30	204	0
NMNA3_HUMAN	7	637	0
NMRL1_HUMAN	239	0	1
NMS_HUMAN	26	395	0
NMT1_HUMAN	161	0	1
NMT2_HUMAN	75	0	1
NMUR1_HUMAN	1	7958	0
NMUR2_HUMAN	29	346	0
NMU_HUMAN	87	0	1
NNAT_HUMAN	1	8535	0
NNMT_HUMAN	13	327	0
NNRD_HUMAN	75	0	1
NNRE_HUMAN	65	0	1
NNTM_HUMAN	197	0	1
NO40_HUMAN	109	0	1
NO66_HUMAN	68	0	1
NOA1_HUMAN	123	0	1
NOB1_HUMAN	121	0	1
NOBOX_HUMAN	5	1527	0
NOC2L_HUMAN	292	0	1
NOC3L_HUMAN	228	0	1
NOC4L_HUMAN	196	0	1
NOCT_HUMAN	49	0	1
NOD1_HUMAN	33	161	0
NOD2_HUMAN	106	0	1
NODAL_HUMAN	4	1895	0
NOE1_HUMAN	23	172	0
NOE2_HUMAN	105	0	1
NOE3_HUMAN	14	599	0
NOG1_HUMAN	433	0	1
NOG2_HUMAN	368	0	1
NOGG_HUMAN	46	0	1
NOL10_HUMAN	157	0	1
NOL11_HUMAN	136	0	1
NOL12_HUMAN	158	0	1
NOL3_HUMAN	37	156	0
NOL4_HUMAN	62	0	1
NOL6_HUMAN	155	0	1
NOL7_HUMAN	94	0	1
NOL8_HUMAN	119	0	1
NOL9_HUMAN	143	0	1
NOLC1_HUMAN	338	0	1
NOM1_HUMAN	163	0	1
NOMO1_HUMAN	196	0	1
NOMO2_HUMAN	64	0	1
NOMO3_HUMAN	73	0	1
NONO_HUMAN	504	0	1
NOP10_HUMAN	90	0	1
NOP14_HUMAN	206	0	1
NOP16_HUMAN	188	0	1
NOP2_HUMAN	424	0	1
NOP56_HUMAN	587	0	1
NOP58_HUMAN	310	0	1
NOS1_HUMAN	45	0	1
NOS2_HUMAN	168	0	1
NOS3_HUMAN	61	0	1
NOSIP_HUMAN	91	0	1
NOSTN_HUMAN	13	518	0
NOTC1_HUMAN	350	0	1
NOTC2_HUMAN	498	0	1
NOTC3_HUMAN	86	0	1
NOTC4_HUMAN	13	389	0
NOTO_HUMAN	30	306	0
NOTUM_HUMAN	5	1867	0
NOVA1_HUMAN	17	294	0
NOVA2_HUMAN	15	250	0
NOV_HUMAN	33	201	0
NOX1_HUMAN	17	301	0
NOX3_HUMAN	10	429	0
NOX4_HUMAN	16	390	0
NOX5_HUMAN	13	365	0
NOXA1_HUMAN	59	0	1
NOXIN_HUMAN,DDIAS_HUMAN	16	331	0
NOXO1_HUMAN	34	176	0
NP1L1_HUMAN	387	0	1
NP1L2_HUMAN	34	265	0
NP1L3_HUMAN	29	289	0
NP1L4_HUMAN	218	0	1
NP1L5_HUMAN	59	0	1
NPA1P_HUMAN	149	0	1
NPAL2_HUMAN	5	1494	0
NPAL3_HUMAN	255	0	1
NPAS1_HUMAN	247	0	1
NPAS2_HUMAN	41	168	0
NPAS3_HUMAN	9	415	0
NPAS4_HUMAN	5	1292	0
NPAT_HUMAN	60	0	1
NPBW1_HUMAN	4	1569	0
NPBW2_HUMAN	17	653	0
NPB_HUMAN	27	249	0
NPC1_HUMAN	379	0	1
NPC2_HUMAN	66	0	1
NPCL1_HUMAN	49	0	1
NPDC1_HUMAN	70	0	1
NPFF1_HUMAN	1	8893	0
NPFF2_HUMAN	5	715	0
NPFF_HUMAN	2	2589	0
NPHN_HUMAN	24	263	0
NPHP1_HUMAN	98	0	1
NPHP3_HUMAN	36	188	0
NPHP4_HUMAN	106	0	1
NPIP_HUMAN,NPIA1_HUMAN	2	1080	0
NPL4_HUMAN	224	0	1
NPL_HUMAN	7	1622	0
NPM2_HUMAN	12	553	0
NPM3_HUMAN	314	0	1
NPM_HUMAN	1297	0	1
NPNT_HUMAN	7	840	0
NPPL2_HUMAN,NPB15_HUMAN	2	1344	0
NPRL2_HUMAN	93	0	1
NPRL3_HUMAN	81	0	1
NPS3A_HUMAN	107	0	1
NPS3B_HUMAN	20	589	0
NPSR1_HUMAN	34	245	0
NPT1_HUMAN	9	815	0
NPT2A_HUMAN	49	0	1
NPT2B_HUMAN	126	0	1
NPT2C_HUMAN	8	1830	0
NPT3_HUMAN	56	0	1
NPT4_HUMAN	18	486	0
NPTN_HUMAN	304	0	1
NPTX1_HUMAN	86	0	1
NPTX2_HUMAN	21	391	0
NPTX3_HUMAN	2	4434	0
NPTXR_HUMAN	32	249	0
NPW_HUMAN	19	646	0
NPY1R_HUMAN	4	2925	0
NPY2R_HUMAN	65	0	1
NPY4R_HUMAN	1	4826	0
NPY5R_HUMAN	3	1290	0
NPY6R_HUMAN	1	4125	0
NPY_HUMAN	14	463	0
NQO1_HUMAN	92	0	1
NQO2_HUMAN	37	131	0
NR0B1_HUMAN	20	321	0
NR0B2_HUMAN	66	0	1
NR1D1_HUMAN	26	263	0
NR1D2_HUMAN	63	0	1
NR1H2_HUMAN	73	0	1
NR1H3_HUMAN	55	0	1
NR1H4_HUMAN	26	201	0
NR1I2_HUMAN	48	0	1
NR1I3_HUMAN	38	167	0
NR2C1_HUMAN	85	0	1
NR2C2_HUMAN	1392	0	1
NR2CA_HUMAN	11	587	0
NR2E1_HUMAN	36	232	0
NR2E3_HUMAN	30	259	0
NR2F6_HUMAN	41	180	0
NR3L1_HUMAN	66	0	1
NR4A1_HUMAN	211	0	1
NR4A2_HUMAN	24	224	0
NR4A3_HUMAN	46	0	1
NR5A2_HUMAN	36	201	0
NR6A1_HUMAN	7	1310	0
NRAM1_HUMAN	33	256	0
NRAM2_HUMAN	121	0	1
NRAP_HUMAN	17	345	0
NRARP_HUMAN	2	2620	0
NRBF2_HUMAN	76	0	1
NRBP2_HUMAN	63	0	1
NRBP_HUMAN	135	0	1
NRCAM_HUMAN	35	126	0
NRDC_HUMAN	142	0	1
NREP_HUMAN	18	236	0
NRF1_HUMAN	74	0	1
NRG1_HUMAN	105	0	1
NRG2_HUMAN	5	749	0
NRG3_HUMAN	3	1058	0
NRG4_HUMAN	5	2195	0
NRIP1_HUMAN	159	0	1
NRIP2_HUMAN	6	1704	0
NRIP3_HUMAN	13	412	0
NRK1_HUMAN	6	1269	0
NRK2_HUMAN	6	1467	0
NRK_HUMAN	7	812	0
NRL_HUMAN	4	2214	0
NRM_HUMAN	83	0	1
NRN1L_HUMAN	2	2218	0
NRN1_HUMAN	39	410	0
NRP1_HUMAN	326	0	1
NRP2_HUMAN	55	0	1
NRSN1_HUMAN	176	0	1
NRSN2_HUMAN	17	525	0
NRTN_HUMAN	3	3191	0
NRX1A_HUMAN	121	0	1
NRX1B_HUMAN	1	8114	0
NRX2A_HUMAN	18	286	0
NRX2B_HUMAN	8	881	0
NRX3A_HUMAN	29	226	0
NRX3B_HUMAN	16	623	0
NS1BP_HUMAN	154	0	1
NSA2_HUMAN	231	0	1
NSD1_HUMAN	121	0	1
NSD2_HUMAN	361	0	1
NSD3_HUMAN	120	0	1
NSDHL_HUMAN	186	0	1
NSE1_HUMAN	33	204	0
NSE2_HUMAN	38	134	0
NSE4A_HUMAN	52	0	1
NSF1C_HUMAN	166	0	1
NSF_HUMAN	268	0	1
NSG1_HUMAN	42	275	0
NSG2_HUMAN	29	241	0
NSL1_HUMAN	52	0	1
NSMA2_HUMAN	33	205	0
NSMA3_HUMAN	181	0	1
NSMA_HUMAN	362	0	1
NSN5B_HUMAN	58	0	1
NSN5C_HUMAN	14	285	0
NSRP1_HUMAN	199	0	1
NSUN2_HUMAN	305	0	1
NSUN3_HUMAN	36	175	0
NSUN4_HUMAN	87	0	1
NSUN5_HUMAN	79	0	1
NSUN6_HUMAN	14	304	0
NSUN7_HUMAN	7	541	0
NT2NL_HUMAN	380	0	1
NT5C_HUMAN	42	167	0
NT5D1_HUMAN	32	149	0
NT5D2_HUMAN	131	0	1
NT5D3_HUMAN	50	0	1
NT5D4_HUMAN	2	766	0
NTAL_HUMAN	8	505	0
NTAN1_HUMAN	12	604	0
NTAQ1_HUMAN	427	0	1
NTCP2_HUMAN	30	311	0
NTCP4_HUMAN	33	386	0
NTCP5_HUMAN	94	0	1
NTCP7_HUMAN	30	283	0
NTCP_HUMAN	146	0	1
NTF2_HUMAN	103	0	1
NTF3_HUMAN	29	228	0
NTF4_HUMAN	9	712	0
NTHL1_HUMAN,NTH_HUMAN	47	0	1
NTKL_HUMAN	147	0	1
NTM1A_HUMAN	59	0	1
NTNG1_HUMAN	114	0	1
NTNG2_HUMAN	7	923	0
NTPCR_HUMAN	150	0	1
NTR1_HUMAN	65	0	1
NTR2_HUMAN	1	8479	0
NTRI_HUMAN	39	162	0
NTRK1_HUMAN	2050	0	1
NTRK2_HUMAN	146	0	1
NTRK3_HUMAN	375	0	1
NU107_HUMAN	228	0	1
NU133_HUMAN	199	0	1
NU153_HUMAN	231	0	1
NU155_HUMAN	548	0	1
NU160_HUMAN	193	0	1
NU188_HUMAN	169	0	1
NU1M_HUMAN	77	0	1
NU205_HUMAN	267	0	1
NU214_HUMAN	202	0	1
NU2M_HUMAN	23	294	0
NU3M_HUMAN	4	878	0
NU4LM_HUMAN	5	736	0
NU4M_HUMAN	73	0	1
NU5M_HUMAN	74	0	1
NU6M_HUMAN	26	417	0
NUA4L_HUMAN	20	280	0
NUAK1_HUMAN	94	0	1
NUAK2_HUMAN	56	0	1
NUB1_HUMAN	55	0	1
NUBP1_HUMAN	59	0	1
NUBP2_HUMAN	177	0	1
NUBPL_HUMAN	72	0	1
NUCB1_HUMAN	108	0	1
NUCB2_HUMAN	115	0	1
NUCG_HUMAN	61	0	1
NUCKS_HUMAN	221	0	1
NUCL_HUMAN	833	0	1
NUD10_HUMAN	21	219	0
NUD11_HUMAN	10	276	0
NUD12_HUMAN	41	153	0
NUD13_HUMAN	17	416	0
NUD14_HUMAN	21	238	0
NUD15_HUMAN	11	532	0
NUD16_HUMAN	22	221	0
NUD18_HUMAN	38	294	0
NUD19_HUMAN	146	0	1
NUD22_HUMAN	25	447	0
NUDC1_HUMAN	231	0	1
NUDC2_HUMAN	424	0	1
NUDC3_HUMAN	153	0	1
NUDC_HUMAN	321	0	1
NUDT3_HUMAN	107	0	1
NUDT4_HUMAN	15	187	0
NUDT5_HUMAN	81	0	1
NUDT6_HUMAN	21	439	0
NUDT7_HUMAN	1	2252	0
NUDT8_HUMAN	24	360	0
NUDT9_HUMAN	48	0	1
NUF2_HUMAN	118	0	1
NUFP1_HUMAN	137	0	1
NUFP2_HUMAN	399	0	1
NUMA1_HUMAN	493	0	1
NUMBL_HUMAN	118	0	1
NUMB_HUMAN	231	0	1
NUP37_HUMAN	71	0	1
NUP43_HUMAN	605	0	1
NUP50_HUMAN	345	0	1
NUP53_HUMAN	442	0	1
NUP54_HUMAN	120	0	1
NUP62_HUMAN	280	0	1
NUP85_HUMAN	152	0	1
NUP88_HUMAN	152	0	1
NUP93_HUMAN	286	0	1
NUP98_HUMAN	342	0	1
NUPL1_HUMAN,NUP58_HUMAN	91	0	1
NUPL2_HUMAN	151	0	1
NUPR1_HUMAN	677	0	1
NUSAP_HUMAN	128	0	1
NUT_HUMAN,NUTM1_HUMAN	55	0	1
NVL_HUMAN	148	0	1
NWD1_HUMAN	5	1525	0
NXF1_HUMAN	1353	0	1
NXF2_HUMAN	63	0	1
NXF3_HUMAN	8	924	0
NXF5_HUMAN	18	288	0
NXNL1_HUMAN	4	1902	0
NXNL2_HUMAN	6	1064	0
NXN_HUMAN	41	135	0
NXP20_HUMAN	35	172	0
NXPH1_HUMAN	29	392	0
NXPH2_HUMAN	31	293	0
NXPH3_HUMAN	78	0	1
NXPH4_HUMAN	35	269	0
NXRD1_HUMAN	1	6026	0
NXT1_HUMAN	35	176	0
NXT2_HUMAN	46	0	1
NYAP1_HUMAN	8	439	0
NYAP2_HUMAN	7	960	0
NYNRI_HUMAN	31	200	0
NYX_HUMAN	17	438	0
O10A4_HUMAN	6	1049	0
O10A5_HUMAN	1	874	0
O10AG_HUMAN	5	2457	0
O10G2_HUMAN	1	7472	0
O10G3_HUMAN	1	3096	0
O10G4_HUMAN	7	1078	0
O10G7_HUMAN	1	4171	0
O10G8_HUMAN	1	4171	0
O10G9_HUMAN	5	1289	0
O10H1_HUMAN	48	0	1
O10H2_HUMAN	71	0	1
O10H3_HUMAN	8	1161	0
O10J1_HUMAN	1	2718	0
O10J5_HUMAN	1	6904	0
O10K1_HUMAN	1	2752	0
O10S1_HUMAN	7	1687	0
O10V1_HUMAN	1	1493	0
O11G2_HUMAN	4	3117	0
O12D3_HUMAN	3	3314	0
O13A1_HUMAN	1	4844	0
O13C3_HUMAN	34	412	0
O13C4_HUMAN	1	2298	0
O13C5_HUMAN	2	3386	0
O13C8_HUMAN	1	3361	0
O13D1_HUMAN	1	3127	0
O13G1_HUMAN	22	438	0
O13J1_HUMAN	8	1442	0
O14CZ_HUMAN	1	1811	0
O14I1_HUMAN	3	1239	0
O14J1_HUMAN	3	4521	0
O2A25_HUMAN	1	6922	0
O2AE1_HUMAN	1	2519	0
O2AG1_HUMAN	1	6334	0
O2AJ1_HUMAN	1	2299	0
O2T10_HUMAN	3	2081	0
O2T11_HUMAN	1	4930	0
O2T12_HUMAN	1	8979	0
O2T29_HUMAN	1	2916	0
O2T33_HUMAN	2	4649	0
O2T35_HUMAN	3	613	0
O3FA1_HUMAN	1	3207	0
O4A15_HUMAN	1	8935	0
O4A16_HUMAN	1	3972	0
O4F21_HUMAN	1	6252	0
O51A2_HUMAN	1	4319	0
O51A4_HUMAN	1	3361	0
O51B2_HUMAN	1	8012	0
O51B4_HUMAN	1	6047	0
O51B5_HUMAN	1	8323	0
O51E1_HUMAN	2	4229	0
O51E2_HUMAN	10	813	0
O51F2_HUMAN	1	3446	0
O51G1_HUMAN	1	2755	0
O51L1_HUMAN	1	3361	0
O51M1_HUMAN	1	2664	0
O51V1_HUMAN	1	5527	0
O52B2_HUMAN	17	728	0
O52E2_HUMAN	1	5829	0
O52I1_HUMAN	4	1966	0
O52K2_HUMAN	4	2876	0
O52L1_HUMAN	2	2933	0
O52N1_HUMAN	1	3361	0
O52N4_HUMAN	3	3472	0
O52N5_HUMAN	4	3074	0
O52P1_HUMAN	1	2756	0
O52W1_HUMAN	1	8368	0
O56A1_HUMAN	2	5070	0
O56A3_HUMAN	1	3715	0
O56B4_HUMAN	1	8257	0
O5AC2_HUMAN	2	869	0
O5AR1_HUMAN	1	3425	0
O5AS1_HUMAN	1	8568	0
O6C70_HUMAN	1	7180	0
O6C75_HUMAN	1	1148	0
O7E24_HUMAN	1	4505	0
OAF_HUMAN	62	0	1
OAS1_HUMAN	81	0	1
OAS2_HUMAN	16	231	0
OAS3_HUMAN	65	0	1
OASL_HUMAN	231	0	1
OAT_HUMAN	232	0	1
OAZ1_HUMAN	38	148	0
OAZ2_HUMAN	12	345	0
OAZ3_HUMAN	44	0	1
OBF1_HUMAN	63	0	1
OBP2A_HUMAN	9	1006	0
OBP2B_HUMAN	1	8827	0
OBRG_HUMAN	18	444	0
OBSCN_HUMAN	73	0	1
OBSL1_HUMAN	892	0	1
OC90_HUMAN	22	377	0
OCAD1_HUMAN	496	0	1
OCAD2_HUMAN	78	0	1
OCC1_HUMAN	22	331	0
OCEL1_HUMAN	4	984	0
OCLN_HUMAN	105	0	1
OCM2_HUMAN	7	1297	0
OCRL_HUMAN	302	0	1
OCTC_HUMAN	16	484	0
OD3L1_HUMAN	11	449	0
OD3L2_HUMAN	14	414	0
ODAM_HUMAN	20	324	0
ODB2_HUMAN	217	0	1
ODBA_HUMAN	204	0	1
ODBB_HUMAN	68	0	1
ODC_HUMAN	33	208	0
ODF2L_HUMAN	45	0	1
ODF3A_HUMAN	13	498	0
ODF3B_HUMAN	9	1096	0
ODFP1_HUMAN	30	287	0
ODFP2_HUMAN	316	0	1
ODFP4_HUMAN	24	428	0
ODO1_HUMAN	261	0	1
ODO2_HUMAN	495	0	1
ODP2_HUMAN	249	0	1
ODPAT_HUMAN	21	241	0
ODPA_HUMAN	735	0	1
ODPB_HUMAN	339	0	1
ODPX_HUMAN	117	0	1
ODR4_HUMAN	132	0	1
OFCC1_HUMAN	17	316	0
OFD1_HUMAN	354	0	1
OFUT1_HUMAN	55	0	1
OFUT2_HUMAN	22	149	0
OGDHL_HUMAN	47	0	1
OGFD1_HUMAN	53	0	1
OGFD2_HUMAN	7	718	0
OGFR_HUMAN	55	0	1
OGG1_HUMAN	19	421	0
OGR1_HUMAN	1	3960	0
OGRL1_HUMAN	3	2602	0
OGT1_HUMAN	315	0	1
OIT3_HUMAN	65	0	1
OLA1_HUMAN	150	0	1
OLFL3_HUMAN	19	508	0
OLFM4_HUMAN	106	0	1
OLIG1_HUMAN	28	280	0
OLIG2_HUMAN	25	204	0
OLIG3_HUMAN	29	371	0
OLM2A_HUMAN	10	397	0
OLM2B_HUMAN	17	288	0
OLR1_HUMAN	30	195	0
OMA1_HUMAN	157	0	1
OMD_HUMAN	5	1416	0
OMGP_HUMAN	6	614	0
OMP_HUMAN	14	911	0
ONCM_HUMAN	15	564	0
ONCO_HUMAN	11	749	0
ONEC2_HUMAN	12	314	0
ONEC3_HUMAN	9	646	0
OOEP_HUMAN	14	620	0
OPA1_HUMAN	241	0	1
OPA3_HUMAN	129	0	1
OPALI_HUMAN	221	0	1
OPCM_HUMAN	22	228	0
OPHN1_HUMAN	10	310	0
OPLA_HUMAN	12	279	0
OPN3_HUMAN	6	1018	0
OPN4_HUMAN	5	1480	0
OPN5_HUMAN	2	3768	0
OPRD_HUMAN	41	224	0
OPRK_HUMAN	13	729	0
OPRM_HUMAN	138	0	1
OPRX_HUMAN	102	0	1
OPSB_HUMAN	3	924	0
OPSD_HUMAN	12	557	0
OPSR_HUMAN	4	1662	0
OPSX_HUMAN	1	8287	0
OPTN_HUMAN	421	0	1
OPT_HUMAN	15	595	0
OR1A1_HUMAN	2	3312	0
OR1A2_HUMAN	3	3055	0
OR1C1_HUMAN	1	3340	0
OR1D2_HUMAN	2	1910	0
OR1D4_HUMAN	25	443	0
OR1E1_HUMAN	3	3301	0
OR1E2_HUMAN	1	4295	0
OR1FC_HUMAN	1	7239	0
OR1G1_HUMAN	1	3199	0
OR1L3_HUMAN	3	808	0
OR1M1_HUMAN	25	308	0
OR1N1_HUMAN	1	7769	0
OR2A2_HUMAN	1	6321	0
OR2A4_HUMAN	145	0	1
OR2B3_HUMAN	2	2172	0
OR2F2_HUMAN	1	1324	0
OR2G3_HUMAN	1	5628	0
OR2G6_HUMAN	16	623	0
OR2H1_HUMAN	2	3333	0
OR2H2_HUMAN	2	4882	0
OR2J1_HUMAN	1	4062	0
OR2K2_HUMAN	6	1501	0
OR2LD_HUMAN	6	1511	0
OR2M7_HUMAN	22	357	0
OR2S1_HUMAN	2	3931	0
OR2T1_HUMAN	4	1359	0
OR2T2_HUMAN	1	7343	0
OR2T5_HUMAN	1	2916	0
OR2T6_HUMAN	1	3416	0
OR2W1_HUMAN	1	2289	0
OR2W3_HUMAN	2	1183	0
OR3A1_HUMAN	4	1679	0
OR3A2_HUMAN	2	1518	0
OR4B1_HUMAN	1	3361	0
OR4C6_HUMAN	1	968	0
OR4CC_HUMAN	1	5391	0
OR4CD_HUMAN	1	3584	0
OR4CF_HUMAN	1	2136	0
OR4D2_HUMAN	4	1947	0
OR4D6_HUMAN	3	1725	0
OR4E2_HUMAN	2	4106	0
OR4F3_HUMAN	1	8568	0
OR4K3_HUMAN	3	1170	0
OR4KD_HUMAN	1	3980	0
OR4KH_HUMAN	2	2055	0
OR4L1_HUMAN	1	1525	0
OR4M1_HUMAN	2	897	0
OR4N2_HUMAN	29	334	0
OR4N4_HUMAN	1	2850	0
OR4N5_HUMAN	1	3162	0
OR4Q3_HUMAN	2	4030	0
OR4S2_HUMAN	3	1807	0
OR4X1_HUMAN	1	3852	0
OR4X2_HUMAN	4	2973	0
OR5A1_HUMAN	1	3641	0
OR5A2_HUMAN	3	1633	0
OR5B2_HUMAN	1	3361	0
OR5B3_HUMAN	1	3448	0
OR5C1_HUMAN	5	2586	0
OR5F1_HUMAN	11	1026	0
OR5H1_HUMAN	8	1456	0
OR5H6_HUMAN	1	6786	0
OR5K2_HUMAN	1	4715	0
OR5L1_HUMAN	2	3613	0
OR5M3_HUMAN	3	2083	0
OR5M8_HUMAN	4	1192	0
OR5MA_HUMAN	1	3361	0
OR5MB_HUMAN	1	4969	0
OR5T1_HUMAN	1	3096	0
OR6A2_HUMAN	1	7064	0
OR6B1_HUMAN	9	559	0
OR6B3_HUMAN	2	3104	0
OR6C1_HUMAN	1	8315	0
OR6C3_HUMAN	1	2118	0
OR6C4_HUMAN	1	7972	0
OR6C6_HUMAN	1	4870	0
OR6J1_HUMAN	2	1389	0
OR6K3_HUMAN	4	1401	0
OR6M1_HUMAN	5	1982	0
OR6N1_HUMAN	1	8670	0
OR6S1_HUMAN	1	2235	0
OR6T1_HUMAN	40	232	0
OR6X1_HUMAN	1	5334	0
OR7A5_HUMAN	5	2250	0
OR7AA_HUMAN	2	1776	0
OR7AH_HUMAN	4	1090	0
OR7C1_HUMAN	1	6951	0
OR7C2_HUMAN	2	2470	0
OR7D2_HUMAN	1	7719	0
OR7D4_HUMAN	3	2107	0
OR7G1_HUMAN	2	1965	0
OR8B2_HUMAN	1	5598	0
OR8B3_HUMAN	1	4435	0
OR8B4_HUMAN	1	7117	0
OR8B8_HUMAN	3	1959	0
OR8D2_HUMAN	2	2509	0
OR8D4_HUMAN	1	3096	0
OR8G1_HUMAN	1	874	0
OR8H2_HUMAN	2	2202	0
OR8U8_HUMAN	1	3309	0
OR9A4_HUMAN	1	3309	0
OR9G1_HUMAN	1	2646	0
OR9K2_HUMAN	1	6768	0
OR9Q2_HUMAN	4	1067	0
ORAI2_HUMAN	10	643	0
ORAI3_HUMAN	4	2449	0
ORAV1_HUMAN	19	352	0
ORC1_HUMAN	88	0	1
ORC2_HUMAN	109	0	1
ORC3_HUMAN	93	0	1
ORC4_HUMAN	119	0	1
ORC5_HUMAN	83	0	1
ORC6_HUMAN	46	0	1
OREX_HUMAN	4	2758	0
ORML1_HUMAN	68	0	1
ORML2_HUMAN	59	0	1
ORML3_HUMAN	68	0	1
ORNT1_HUMAN	77	0	1
ORNT2_HUMAN	6	769	0
ORN_HUMAN	38	169	0
OS9_HUMAN	259	0	1
OSB10_HUMAN	59	0	1
OSB11_HUMAN	152	0	1
OSBL1_HUMAN	42	146	0
OSBL2_HUMAN	35	120	0
OSBL3_HUMAN	129	0	1
OSBL5_HUMAN	57	0	1
OSBL6_HUMAN	89	0	1
OSBL7_HUMAN	13	321	0
OSBL8_HUMAN	303	0	1
OSBL9_HUMAN	113	0	1
OSBP1_HUMAN	134	0	1
OSBP2_HUMAN	25	129	0
OSCAR_HUMAN	3	2772	0
OSCP1_HUMAN	14	647	0
OSGEP_HUMAN	149	0	1
OSGI1_HUMAN	51	0	1
OSGI2_HUMAN	3	798	0
OSGP2_HUMAN	7	683	0
OSMR_HUMAN	83	0	1
OSPT_HUMAN	57	0	1
OSR1_HUMAN	2	2710	0
OSR2_HUMAN	7	711	0
OST48_HUMAN	417	0	1
OST4_HUMAN	110	0	1
OSTA_HUMAN	48	0	1
OSTB_HUMAN	24	369	0
OSTCN_HUMAN	8	711	0
OSTC_HUMAN	60	0	1
OSTF1_HUMAN	90	0	1
OSTM1_HUMAN	109	0	1
OSTN_HUMAN	4	2801	0
OSTP_HUMAN	103	0	1
OTC_HUMAN	104	0	1
OTOAN_HUMAN	14	299	0
OTOF_HUMAN	9	406	0
OTOGL_HUMAN	8	506	0
OTOG_HUMAN	6	805	0
OTOL1_HUMAN	3	1526	0
OTOP1_HUMAN	4	1584	0
OTOP2_HUMAN	6	1449	0
OTOP3_HUMAN	8	1498	0
OTOR_HUMAN	2	3836	0
OTOSP_HUMAN	7	1264	0
OTP_HUMAN	9	1325	0
OTU1_HUMAN	513	0	1
OTU6A_HUMAN	32	224	0
OTU6B_HUMAN	94	0	1
OTU7A_HUMAN	24	151	0
OTU7B_HUMAN	70	0	1
OTUB1_HUMAN	511	0	1
OTUB2_HUMAN	92	0	1
OTUD1_HUMAN	170	0	1
OTUD3_HUMAN	50	0	1
OTUD4_HUMAN	247	0	1
OTUD5_HUMAN	51	0	1
OTX1_HUMAN	160	0	1
OTX2_HUMAN	51	0	1
OVCA2_HUMAN	7	346	0
OVCH1_HUMAN	4	1951	0
OVCH2_HUMAN	1	3328	0
OVGP1_HUMAN	6	1581	0
OVOL1_HUMAN	11	508	0
OVOL2_HUMAN	125	0	1
OX1R_HUMAN	7	1124	0
OX26_HUMAN	1	5109	0
OX2G_HUMAN	7	847	0
OX2R_HUMAN	36	379	0
OXA1L_HUMAN	161	0	1
OXDA_HUMAN	8	906	0
OXDD_HUMAN	3	1067	0
OXER1_HUMAN	46	0	1
OXGR1_HUMAN	1	2898	0
OXLA_HUMAN	14	337	0
OXND1_HUMAN	19	258	0
OXR1_HUMAN	29	158	0
OXSM_HUMAN	38	174	0
OXSR1_HUMAN	285	0	1
OXYR_HUMAN	17	545	0
OZF_HUMAN	99	0	1
P121A_HUMAN	167	0	1
P121B_HUMAN	1	3804	0
P121C_HUMAN	108	0	1
P12L1_HUMAN	5	1803	0
P1L12_HUMAN	1	968	0
P20D1_HUMAN	11	742	0
P20D2_HUMAN	64	0	1
P20L1_HUMAN	75	0	1
P210L_HUMAN	4	998	0
P2R3A_HUMAN	58	0	1
P2R3B_HUMAN	28	263	0
P2R3C_HUMAN	41	169	0
P2RX1_HUMAN	24	373	0
P2RX2_HUMAN	68	0	1
P2RX3_HUMAN	6	918	0
P2RX4_HUMAN	56	0	1
P2RX5_HUMAN	31	270	0
P2RX6_HUMAN	60	0	1
P2RX7_HUMAN	21	329	0
P2RY1_HUMAN	56	0	1
P2RY2_HUMAN	107	0	1
P2RY4_HUMAN	3	2018	0
P2RY6_HUMAN	374	0	1
P2RY8_HUMAN	210	0	1
P2Y10_HUMAN	111	0	1
P2Y11_HUMAN	6	642	0
P2Y12_HUMAN	62	0	1
P2Y13_HUMAN	1	7674	0
P2Y14_HUMAN	4	707	0
P33MX_HUMAN	108	0	1
P3C2A_HUMAN	196	0	1
P3C2B_HUMAN	58	0	1
P3C2G_HUMAN	3	920	0
P3H1_HUMAN	217	0	1
P3H2_HUMAN	41	165	0
P3H3_HUMAN	96	0	1
P3IP1_HUMAN	23	281	0
P3_HUMAN	22	263	0
P4HA1_HUMAN	302	0	1
P4HA2_HUMAN	178	0	1
P4HA3_HUMAN	148	0	1
P4HTM_HUMAN	37	169	0
P4K2A_HUMAN	95	0	1
P4K2B_HUMAN	68	0	1
P4R3A_HUMAN	184	0	1
P4R3B_HUMAN	80	0	1
P52K_HUMAN	107	0	1
P53_HUMAN	2369	0	1
P55G_HUMAN	209	0	1
P5CR1_HUMAN	218	0	1
P5CR2_HUMAN	210	0	1
P5CR3_HUMAN	134	0	1
P5CS_HUMAN	208	0	1
P5I11_HUMAN	40	122	0
P5I13_HUMAN	6	1400	0
P63_HUMAN	164	0	1
P66A_HUMAN	231	0	1
P66B_HUMAN	289	0	1
P73_HUMAN	160	0	1
P85A_HUMAN	467	0	1
P85B_HUMAN	237	0	1
PA1B2_HUMAN	79	0	1
PA1B3_HUMAN	74	0	1
PA1_HUMAN,PAGR1_HUMAN	55	0	1
PA21B_HUMAN	6	676	0
PA24A_HUMAN	60	0	1
PA24B_HUMAN	19	439	0
PA24C_HUMAN	3	1363	0
PA24D_HUMAN	30	253	0
PA24E_HUMAN	18	556	0
PA24F_HUMAN	9	863	0
PA2G3_HUMAN	5	1468	0
PA2G4_HUMAN	307	0	1
PA2G5_HUMAN	9	1196	0
PA2G6_HUMAN,PLPL9_HUMAN	22	172	0
PA2GA_HUMAN	17	248	0
PA2GD_HUMAN	20	498	0
PA2GE_HUMAN	6	1189	0
PA2GF_HUMAN	4	750	0
PA2GX_HUMAN	119	0	1
PAAF1_HUMAN	83	0	1
PAB4L_HUMAN	52	0	1
PABP1_HUMAN	699	0	1
PABP2_HUMAN	206	0	1
PABP3_HUMAN	91	0	1
PABP4_HUMAN	483	0	1
PABP5_HUMAN	146	0	1
PACA_HUMAN	45	0	1
PACE1_HUMAN	98	0	1
PACN1_HUMAN	78	0	1
PACN2_HUMAN	187	0	1
PACN3_HUMAN	148	0	1
PACRG_HUMAN	27	178	0
PACRL_HUMAN	19	420	0
PACR_HUMAN	5	1062	0
PACS1_HUMAN	54	0	1
PACS2_HUMAN	21	230	0
PADC1_HUMAN	9	1072	0
PADI1_HUMAN	6	990	0
PADI2_HUMAN	8	460	0
PADI3_HUMAN	35	292	0
PADI4_HUMAN	29	184	0
PADI6_HUMAN	17	517	0
PAEP_HUMAN	74	0	1
PAF1_HUMAN	210	0	1
PAFA2_HUMAN	16	293	0
PAFA_HUMAN	3	3081	0
PAF_HUMAN,PAF15_HUMAN	835	0	1
PAG15_HUMAN	20	264	0
PAG16_HUMAN,HRSL3_HUMAN	11	578	0
PAHO_HUMAN	9	994	0
PAHX_HUMAN	25	338	0
PAI1_HUMAN	58	0	1
PAI2B_HUMAN	50	0	1
PAI2_HUMAN	118	0	1
PAIP1_HUMAN	155	0	1
PAIP2_HUMAN	64	0	1
PAIRB_HUMAN	1482	0	1
PAK1_HUMAN	236	0	1
PAK2_HUMAN	246	0	1
PAK3_HUMAN	44	0	1
PAK4_HUMAN	365	0	1
PAK6_HUMAN	72	0	1
PAK7_HUMAN	135	0	1
PAL4A_HUMAN	26	240	0
PAL4B_HUMAN,PAL4D_HUMAN	18	391	0
PALB2_HUMAN	85	0	1
PALD_HUMAN	91	0	1
PALLD_HUMAN	120	0	1
PALM2_HUMAN	67	0	1
PALM3_HUMAN	14	399	0
PALMD_HUMAN	148	0	1
PALM_HUMAN	86	0	1
PAMR1_HUMAN	3	2120	0
PAN2_HUMAN	391	0	1
PAN3_HUMAN	66	0	1
PANK1_HUMAN	8	552	0
PANK2_HUMAN	34	152	0
PANK3_HUMAN	12	244	0
PANK4_HUMAN	93	0	1
PANP_HUMAN	15	683	0
PANX1_HUMAN	281	0	1
PANX2_HUMAN	10	430	0
PANX3_HUMAN	2	1862	0
PAOX_HUMAN	2	1650	0
PAP1L_HUMAN	30	162	0
PAP1M_HUMAN	12	366	0
PAPD1_HUMAN	153	0	1
PAPD5_HUMAN	149	0	1
PAPD7_HUMAN	13	292	0
PAPL_HUMAN,ACP7_HUMAN	24	261	0
PAPOA_HUMAN	94	0	1
PAPOB_HUMAN	8	365	0
PAPOG_HUMAN	34	172	0
PAPP1_HUMAN	22	203	0
PAPP2_HUMAN	5	1091	0
PAPS1_HUMAN	101	0	1
PAPS2_HUMAN	71	0	1
PAQR3_HUMAN	26	247	0
PAQR4_HUMAN	8	749	0
PAQR6_HUMAN	8	1197	0
PAQR9_HUMAN	8	696	0
PAQRA_HUMAN	8	960	0
PAQRB_HUMAN	24	278	0
PAR10_HUMAN	22	140	0
PAR11_HUMAN	15	523	0
PAR12_HUMAN	60	0	1
PAR14_HUMAN	55	0	1
PAR15_HUMAN	3	2856	0
PAR16_HUMAN	56	0	1
PAR1_HUMAN	29	284	0
PAR2_HUMAN	177	0	1
PAR3L_HUMAN	49	0	1
PAR3_HUMAN	12	547	0
PAR4_HUMAN	4	656	0
PAR6A_HUMAN	69	0	1
PAR6B_HUMAN	136	0	1
PAR6G_HUMAN	35	206	0
PARD3_HUMAN	301	0	1
PARG_HUMAN	30	153	0
PARI_HUMAN	8	411	0
PARK7_HUMAN	351	0	1
PARL_HUMAN	222	0	1
PARM1_HUMAN	14	684	0
PARN_HUMAN	144	0	1
PARP1_HUMAN	1310	0	1
PARP2_HUMAN	155	0	1
PARP3_HUMAN	14	382	0
PARP4_HUMAN	49	0	1
PARP6_HUMAN	12	680	0
PARP8_HUMAN	21	273	0
PARP9_HUMAN	36	134	0
PARPT_HUMAN	1538	0	1
PARVA_HUMAN	84	0	1
PARVB_HUMAN	27	175	0
PARVG_HUMAN	49	0	1
PASD1_HUMAN	4	657	0
PASK_HUMAN	167	0	1
PATE1_HUMAN	122	0	1
PATE2_HUMAN	4	2866	0
PATE3_HUMAN	1	1630	0
PATL1_HUMAN	179	0	1
PATL2_HUMAN	5	1560	0
PATZ1_HUMAN	173	0	1
PAWR_HUMAN	135	0	1
PAX1_HUMAN	3	1667	0
PAX2_HUMAN	77	0	1
PAX3_HUMAN	42	166	0
PAX4_HUMAN	16	466	0
PAX5_HUMAN	100	0	1
PAX6_HUMAN	361	0	1
PAX7_HUMAN	126	0	1
PAX8_HUMAN	103	0	1
PAX9_HUMAN	133	0	1
PAXI1_HUMAN	356	0	1
PAXI_HUMAN	335	0	1
PB1_HUMAN	228	0	1
PBIP1_HUMAN	279	0	1
PBLD_HUMAN	22	207	0
PBX1_HUMAN	70	0	1
PBX2_HUMAN	90	0	1
PBX3_HUMAN	89	0	1
PBX4_HUMAN	80	0	1
PC11X_HUMAN	8	421	0
PC11Y_HUMAN	3	1054	0
PC4L1_HUMAN	3	1070	0
PCAT1_HUMAN	132	0	1
PCAT2_HUMAN	76	0	1
PCBP1_HUMAN	697	0	1
PCBP2_HUMAN	313	0	1
PCBP3_HUMAN	130	0	1
PCBP4_HUMAN	47	0	1
PCCA_HUMAN	145	0	1
PCCB_HUMAN	173	0	1
PCD10_HUMAN	65	0	1
PCD12_HUMAN	22	347	0
PCD15_HUMAN	4	1437	0
PCD16_HUMAN	43	0	1
PCD17_HUMAN	42	156	0
PCD18_HUMAN	18	320	0
PCD19_HUMAN	20	432	0
PCD20_HUMAN	88	0	1
PCD23_HUMAN	26	341	0
PCDA1_HUMAN	9	595	0
PCDA2_HUMAN	15	389	0
PCDA3_HUMAN	38	379	0
PCDA4_HUMAN	58	0	1
PCDA5_HUMAN	3	2077	0
PCDA6_HUMAN	14	364	0
PCDA7_HUMAN	12	615	0
PCDA8_HUMAN	75	0	1
PCDA9_HUMAN	31	426	0
PCDAA_HUMAN	21	427	0
PCDAB_HUMAN	19	489	0
PCDAC_HUMAN	52	0	1
PCDAD_HUMAN	3	4307	0
PCDB1_HUMAN	18	735	0
PCDB2_HUMAN	27	334	0
PCDB3_HUMAN	145	0	1
PCDB4_HUMAN	2	5185	0
PCDB5_HUMAN	32	218	0
PCDB6_HUMAN	26	343	0
PCDB7_HUMAN	44	0	1
PCDB8_HUMAN	17	559	0
PCDB9_HUMAN	2	3236	0
PCDBA_HUMAN	22	392	0
PCDBB_HUMAN	91	0	1
PCDBC_HUMAN	21	338	0
PCDBD_HUMAN	13	498	0
PCDBE_HUMAN	40	187	0
PCDBF_HUMAN	33	210	0
PCDBG_HUMAN	42	174	0
PCDBI_HUMAN	1	6904	0
PCDC1_HUMAN	18	460	0
PCDC2_HUMAN	58	0	1
PCDG1_HUMAN	2	780	0
PCDG2_HUMAN	4	2661	0
PCDG3_HUMAN	10	580	0
PCDG4_HUMAN	41	224	0
PCDG5_HUMAN	104	0	1
PCDG6_HUMAN	38	273	0
PCDG7_HUMAN	24	280	0
PCDG8_HUMAN	4	2637	0
PCDG9_HUMAN	88	0	1
PCDGA_HUMAN	25	248	0
PCDGB_HUMAN	21	677	0
PCDGC_HUMAN	10	1053	0
PCDGD_HUMAN	109	0	1
PCDGE_HUMAN	57	0	1
PCDGF_HUMAN	8	1090	0
PCDGG_HUMAN	95	0	1
PCDGH_HUMAN	91	0	1
PCDGI_HUMAN	12	374	0
PCDGJ_HUMAN	7	719	0
PCDGK_HUMAN	74	0	1
PCDGL_HUMAN	92	0	1
PCDGM_HUMAN	21	534	0
PCDH1_HUMAN	80	0	1
PCDH7_HUMAN	286	0	1
PCDH8_HUMAN	6	726	0
PCDH9_HUMAN	39	171	0
PCF11_HUMAN	118	0	1
PCFT_HUMAN	26	238	0
PCGF1_HUMAN	203	0	1
PCGF2_HUMAN	89	0	1
PCGF3_HUMAN	89	0	1
PCGF5_HUMAN	100	0	1
PCGF6_HUMAN	211	0	1
PCH2_HUMAN	284	0	1
PCID2_HUMAN	94	0	1
PCIF1_HUMAN	22	166	0
PCKGC_HUMAN	108	0	1
PCKGM_HUMAN	115	0	1
PCLI1_HUMAN	25	248	0
PCLO_HUMAN	59	0	1
PCM1_HUMAN	457	0	1
PCMD1_HUMAN	23	164	0
PCMD2_HUMAN	29	211	0
PCNA_HUMAN	743	0	1
PCNP_HUMAN	91	0	1
PCNT_HUMAN	244	0	1
PCOC1_HUMAN	16	210	0
PCOC2_HUMAN	30	307	0
PCOTH_HUMAN	1	3020	0
PCP2_HUMAN	12	830	0
PCP4_HUMAN	52	0	1
PCP_HUMAN	73	0	1
PCSK1_HUMAN	18	483	0
PCSK4_HUMAN	2	2522	0
PCSK5_HUMAN	105	0	1
PCSK6_HUMAN	60	0	1
PCSK7_HUMAN	6	704	0
PCSK9_HUMAN	74	0	1
PCTL_HUMAN	15	238	0
PCX1_HUMAN	13	268	0
PCX2_HUMAN	12	277	0
PCX3_HUMAN	82	0	1
PCY1A_HUMAN	145	0	1
PCY1B_HUMAN	25	192	0
PCY2_HUMAN	40	123	0
PCYOX_HUMAN	106	0	1
PCYXL_HUMAN	41	132	0
PD1L1_HUMAN	380	0	1
PD1L2_HUMAN	44	0	1
PD2R_HUMAN	9	720	0
PDC10_HUMAN	105	0	1
PDC6I_HUMAN	276	0	1
PDCD1_HUMAN	87	0	1
PDCD2_HUMAN	47	0	1
PDCD4_HUMAN	187	0	1
PDCD5_HUMAN	95	0	1
PDCD6_HUMAN	210	0	1
PDCD7_HUMAN	49	0	1
PDCL2_HUMAN	7	1279	0
PDCL3_HUMAN	107	0	1
PDD2L_HUMAN	75	0	1
PDDC1_HUMAN	64	0	1
PDE10_HUMAN	5	668	0
PDE11_HUMAN	1	912	0
PDE12_HUMAN	129	0	1
PDE1A_HUMAN	5	882	0
PDE1B_HUMAN	4	1348	0
PDE1C_HUMAN	11	318	0
PDE2A_HUMAN	132	0	1
PDE3A_HUMAN	81	0	1
PDE3B_HUMAN	138	0	1
PDE4A_HUMAN	25	220	0
PDE4B_HUMAN	21	197	0
PDE4C_HUMAN	10	1268	0
PDE4D_HUMAN	66	0	1
PDE5A_HUMAN	17	458	0
PDE6A_HUMAN	11	580	0
PDE6B_HUMAN	8	892	0
PDE6C_HUMAN	8	557	0
PDE6D_HUMAN	65	0	1
PDE7A_HUMAN	19	361	0
PDE7B_HUMAN	11	432	0
PDE8A_HUMAN	20	223	0
PDE8B_HUMAN	7	763	0
PDE9A_HUMAN	55	0	1
PDGFA_HUMAN	23	170	0
PDGFB_HUMAN	84	0	1
PDGFC_HUMAN	10	856	0
PDGFD_HUMAN	23	305	0
PDIA1_HUMAN	462	0	1
PDIA2_HUMAN	26	193	0
PDIA3_HUMAN	501	0	1
PDIA4_HUMAN	512	0	1
PDIA5_HUMAN	113	0	1
PDIA6_HUMAN	349	0	1
PDILT_HUMAN	3	2829	0
PDIP2_HUMAN	238	0	1
PDIP3_HUMAN	229	0	1
PDK1L_HUMAN	22	224	0
PDK1_HUMAN	357	0	1
PDK2_HUMAN	35	181	0
PDK3_HUMAN	123	0	1
PDK4_HUMAN	50	0	1
PDLI1_HUMAN	100	0	1
PDLI2_HUMAN	34	163	0
PDLI3_HUMAN	22	192	0
PDLI4_HUMAN	26	161	0
PDLI5_HUMAN	229	0	1
PDLI7_HUMAN	291	0	1
PDP1_HUMAN	117	0	1
PDP2_HUMAN	19	406	0
PDPFL_HUMAN	1	7482	0
PDPK1_HUMAN	202	0	1
PDPN_HUMAN	18	448	0
PDPR_HUMAN	103	0	1
PDRG1_HUMAN	104	0	1
PDS5A_HUMAN	270	0	1
PDS5B_HUMAN	185	0	1
PDX1_HUMAN	14	546	0
PDXD1_HUMAN	216	0	1
PDXD2_HUMAN	13	423	0
PDXK_HUMAN	79	0	1
PDXL2_HUMAN	66	0	1
PDYN_HUMAN	12	770	0
PDZ11_HUMAN	67	0	1
PDZ1I_HUMAN	77	0	1
PDZ1P_HUMAN	31	219	0
PDZD2_HUMAN	24	187	0
PDZD4_HUMAN	21	286	0
PDZD6_HUMAN	50	0	1
PDZD7_HUMAN	7	1099	0
PDZD8_HUMAN	448	0	1
PE2R1_HUMAN	3	2016	0
PE2R2_HUMAN	4	1084	0
PE2R3_HUMAN	119	0	1
PE2R4_HUMAN	48	0	1
PEA15_HUMAN	90	0	1
PEAK1_HUMAN	161	0	1
PEAR1_HUMAN	11	719	0
PEBB_HUMAN	109	0	1
PEBP1_HUMAN	279	0	1
PEBP4_HUMAN	7	622	0
PECA1_HUMAN	28	212	0
PECR_HUMAN	27	191	0
PEDF_HUMAN	35	200	0
PEF1_HUMAN	111	0	1
PEG10_HUMAN	113	0	1
PEG3_HUMAN	17	260	0
PELI1_HUMAN	61	0	1
PELI2_HUMAN	50	0	1
PELI3_HUMAN	33	197	0
PELO_HUMAN	122	0	1
PELP1_HUMAN	186	0	1
PEMT_HUMAN	40	286	0
PEN2_HUMAN	82	0	1
PENK_HUMAN	11	924	0
PEO1_HUMAN	138	0	1
PEPA3_HUMAN	1	6412	0
PEPA4_HUMAN	10	1318	0
PEPA_HUMAN	11	561	0
PEPC_HUMAN	5	1478	0
PEPD_HUMAN	95	0	1
PEPL1_HUMAN	42	143	0
PEPL_HUMAN	190	0	1
PER1_HUMAN	85	0	1
PER2_HUMAN	141	0	1
PER3_HUMAN	19	509	0
PERE_HUMAN	17	429	0
PERF_HUMAN	51	0	1
PERI_HUMAN	211	0	1
PERL_HUMAN	8	1020	0
PERM_HUMAN	67	0	1
PERP1_HUMAN,MZB1_HUMAN	10	935	0
PERP_HUMAN	6	714	0
PERQ1_HUMAN	254	0	1
PERQ2_HUMAN	283	0	1
PESC_HUMAN	260	0	1
PEVR1_HUMAN	15	440	0
PEVR2_HUMAN	18	431	0
PEX10_HUMAN	30	240	0
PEX12_HUMAN	42	303	0
PEX13_HUMAN	29	188	0
PEX14_HUMAN	251	0	1
PEX16_HUMAN	66	0	1
PEX19_HUMAN	208	0	1
PEX1_HUMAN	96	0	1
PEX26_HUMAN	12	424	0
PEX2_HUMAN	22	336	0
PEX3_HUMAN	192	0	1
PEX5R_HUMAN	9	350	0
PEX5_HUMAN	167	0	1
PEX6_HUMAN	88	0	1
PEX7_HUMAN	211	0	1
PF21A_HUMAN	348	0	1
PF21B_HUMAN	18	456	0
PF2R_HUMAN	18	496	0
PF4V_HUMAN	7	926	0
PFD1_HUMAN	190	0	1
PFD2_HUMAN	266	0	1
PFD3_HUMAN	208	0	1
PFD4_HUMAN	131	0	1
PFD5_HUMAN	313	0	1
PFD6_HUMAN	171	0	1
PG12A_HUMAN	14	401	0
PG12B_HUMAN	4	2299	0
PG2IP_HUMAN	2	2116	0
PGAM1_HUMAN	201	0	1
PGAM2_HUMAN	79	0	1
PGAM4_HUMAN	37	246	0
PGAM5_HUMAN	288	0	1
PGAP1_HUMAN	36	142	0
PGAP2_HUMAN	43	0	1
PGAP3_HUMAN	8	675	0
PGBD1_HUMAN	34	349	0
PGBD2_HUMAN	4	1752	0
PGBD3_HUMAN	6	889	0
PGBD4_HUMAN	1	3010	0
PGBD5_HUMAN	7	717	0
PGBM_HUMAN	98	0	1
PGCA_HUMAN	9	927	0
PGCB_HUMAN	31	280	0
PGCP_HUMAN	21	281	0
PGDH_HUMAN	7	702	0
PGES2_HUMAN	114	0	1
PGFRA_HUMAN	375	0	1
PGFRB_HUMAN	301	0	1
PGFRL_HUMAN	49	0	1
PGFS_HUMAN	13	644	0
PGH1_HUMAN	14	316	0
PGH2_HUMAN	46	0	1
PGK1_HUMAN	336	0	1
PGK2_HUMAN	51	0	1
PGLT1_HUMAN	81	0	1
PGM1_HUMAN	120	0	1
PGM2L_HUMAN	21	230	0
PGM2_HUMAN	78	0	1
PGM5_HUMAN	11	574	0
PGPIL_HUMAN	2	2102	0
PGPI_HUMAN	17	248	0
PGPS1_HUMAN	14	292	0
PGP_HUMAN	29	143	0
PGRC1_HUMAN	410	0	1
PGRC2_HUMAN	296	0	1
PGRP1_HUMAN	6	1529	0
PGRP2_HUMAN	1	4571	0
PGRP3_HUMAN	11	880	0
PGRP4_HUMAN	1	3528	0
PGS1_HUMAN	15	301	0
PGS2_HUMAN	41	176	0
PGTA_HUMAN	85	0	1
PGTB1_HUMAN	22	206	0
PGTB2_HUMAN	98	0	1
PH4H_HUMAN	9	467	0
PHAG1_HUMAN	70	0	1
PHAR1_HUMAN	11	374	0
PHAR2_HUMAN	35	135	0
PHAR3_HUMAN	37	179	0
PHAR4_HUMAN	108	0	1
PHAX_HUMAN	163	0	1
PHB2_HUMAN	571	0	1
PHB_HUMAN	1158	0	1
PHC1_HUMAN	80	0	1
PHC2_HUMAN	159	0	1
PHC3_HUMAN	88	0	1
PHEX_HUMAN	3	2222	0
PHF10_HUMAN	143	0	1
PHF11_HUMAN	136	0	1
PHF12_HUMAN	109	0	1
PHF13_HUMAN	13	789	0
PHF14_HUMAN	94	0	1
PHF19_HUMAN	83	0	1
PHF1_HUMAN	163	0	1
PHF20_HUMAN	43	0	1
PHF23_HUMAN	39	161	0
PHF2_HUMAN	123	0	1
PHF3_HUMAN	116	0	1
PHF5A_HUMAN	158	0	1
PHF6_HUMAN	176	0	1
PHF7_HUMAN	39	226	0
PHF8_HUMAN	186	0	1
PHIPL_HUMAN	52	0	1
PHIP_HUMAN	199	0	1
PHKG1_HUMAN	5	944	0
PHKG2_HUMAN	321	0	1
PHLA1_HUMAN	60	0	1
PHLA2_HUMAN	22	240	0
PHLA3_HUMAN	100	0	1
PHLB1_HUMAN	56	0	1
PHLB2_HUMAN	154	0	1
PHLB3_HUMAN	85	0	1
PHLD_HUMAN	7	1169	0
PHLP1_HUMAN	348	0	1
PHLP2_HUMAN	36	161	0
PHLP_HUMAN	133	0	1
PHOCN_HUMAN	150	0	1
PHOP1_HUMAN	57	0	1
PHOP2_HUMAN	12	759	0
PHOS_HUMAN	13	486	0
PHP14_HUMAN	59	0	1
PHRF1_HUMAN	71	0	1
PHS2_HUMAN	46	0	1
PHS_HUMAN	89	0	1
PHTF1_HUMAN	18	416	0
PHTF2_HUMAN	21	265	0
PHX2A_HUMAN	5	817	0
PHX2B_HUMAN	5	639	0
PHYD1_HUMAN	6	1013	0
PHYIP_HUMAN	42	221	0
PI15_HUMAN	87	0	1
PI16_HUMAN	21	335	0
PI2R_HUMAN	68	0	1
PI3R4_HUMAN	108	0	1
PI3R5_HUMAN	9	701	0
PI3R6_HUMAN	16	337	0
PI42A_HUMAN	225	0	1
PI42B_HUMAN	91	0	1
PI42C_HUMAN	143	0	1
PI4KA_HUMAN	243	0	1
PI4KB_HUMAN	64	0	1
PI4P1_HUMAN	34	370	0
PI4P2_HUMAN	4	2455	0
PI51A_HUMAN	185	0	1
PI51B_HUMAN	12	427	0
PI51C_HUMAN	50	0	1
PI5L1_HUMAN	5	1380	0
PI5PA_HUMAN	23	311	0
PIAS1_HUMAN	332	0	1
PIAS2_HUMAN	179	0	1
PIAS3_HUMAN	87	0	1
PIAS4_HUMAN	167	0	1
PIBF1_HUMAN	202	0	1
PICAL_HUMAN	285	0	1
PICK1_HUMAN	504	0	1
PIDD_HUMAN,PIDD1_HUMAN	46	0	1
PIEZ1_HUMAN	68	0	1
PIEZ2_HUMAN	2	1936	0
PIF1_HUMAN	15	382	0
PIFO_HUMAN	8	1230	0
PIGA_HUMAN	58	0	1
PIGB_HUMAN	21	403	0
PIGC_HUMAN	8	1329	0
PIGF_HUMAN	26	321	0
PIGG_HUMAN	83	0	1
PIGH_HUMAN	178	0	1
PIGL_HUMAN	3	3718	0
PIGM_HUMAN	40	247	0
PIGN_HUMAN	84	0	1
PIGO_HUMAN	84	0	1
PIGP_HUMAN	36	310	0
PIGQ_HUMAN	54	0	1
PIGR_HUMAN	141	0	1
PIGS_HUMAN	159	0	1
PIGT_HUMAN	239	0	1
PIGU_HUMAN	108	0	1
PIGV_HUMAN	2	2365	0
PIGW_HUMAN	37	251	0
PIGX_HUMAN	6	916	0
PIGY_HUMAN	5	2525	0
PIGZ_HUMAN	3	966	0
PIHD1_HUMAN	743	0	1
PIHD2_HUMAN	70	0	1
PILRA_HUMAN	26	315	0
PILRB_HUMAN	45	0	1
PIM1_HUMAN	115	0	1
PIM2_HUMAN	33	197	0
PIM3_HUMAN	63	0	1
PIMT_HUMAN	292	0	1
PIN1_HUMAN	385	0	1
PIN4_HUMAN	83	0	1
PININ_HUMAN	326	0	1
PINK1_HUMAN	676	0	1
PINL_HUMAN	1	1414	0
PINX1_HUMAN	187	0	1
PIPNA_HUMAN	39	129	0
PIPNB_HUMAN	58	0	1
PIPSL_HUMAN	260	0	1
PIP_HUMAN	237	0	1
PIR_HUMAN	82	0	1
PISD_HUMAN	81	0	1
PIT1_HUMAN	29	263	0
PITC1_HUMAN	23	188	0
PITH1_HUMAN	50	0	1
PITM1_HUMAN	13	307	0
PITM2_HUMAN	8	469	0
PITM3_HUMAN	15	213	0
PITX1_HUMAN	124	0	1
PITX2_HUMAN	66	0	1
PITX3_HUMAN	4	1117	0
PIWL1_HUMAN	19	318	0
PIWL2_HUMAN	14	452	0
PIWL3_HUMAN	7	559	0
PIWL4_HUMAN	17	370	0
PJA1_HUMAN	78	0	1
PJA2_HUMAN	170	0	1
PJVK_HUMAN	1	4651	0
PK1IP_HUMAN	131	0	1
PK1L1_HUMAN	7	500	0
PK1L2_HUMAN	22	307	0
PK1L3_HUMAN	5	655	0
PK2L1_HUMAN	5	2538	0
PK2L2_HUMAN	11	710	0
PK3C3_HUMAN	107	0	1
PK3CA_HUMAN	263	0	1
PK3CB_HUMAN	96	0	1
PK3CD_HUMAN	21	289	0
PK3CG_HUMAN	39	182	0
PKCB1_HUMAN	216	0	1
PKD1_HUMAN	44	0	1
PKD2_HUMAN	89	0	1
PKDCC_HUMAN	1	5759	0
PKDRE_HUMAN	9	352	0
PKH4B_HUMAN	28	198	0
PKHA1_HUMAN	103	0	1
PKHA2_HUMAN	91	0	1
PKHA3_HUMAN	26	231	0
PKHA4_HUMAN	2942	0	1
PKHA5_HUMAN	250	0	1
PKHA6_HUMAN	38	145	0
PKHA7_HUMAN	689	0	1
PKHA8_HUMAN	14	600	0
PKHA9_HUMAN	1	8840	0
PKHB1_HUMAN	34	292	0
PKHB2_HUMAN	81	0	1
PKHD1_HUMAN	14	529	0
PKHF1_HUMAN	12	466	0
PKHF2_HUMAN	193	0	1
PKHG1_HUMAN	69	0	1
PKHG2_HUMAN	30	163	0
PKHG3_HUMAN	124	0	1
PKHG4_HUMAN	159	0	1
PKHG5_HUMAN	28	204	0
PKHG6_HUMAN	42	179	0
PKHG7_HUMAN	149	0	1
PKHH1_HUMAN	37	160	0
PKHH2_HUMAN	29	188	0
PKHH3_HUMAN	64	0	1
PKHJ1_HUMAN	31	245	0
PKHL1_HUMAN	5	1123	0
PKHM1_HUMAN	55	0	1
PKHM2_HUMAN	18	420	0
PKHM3_HUMAN	27	172	0
PKHMP_HUMAN	3	897	0
PKHN1_HUMAN	65	0	1
PKHO1_HUMAN	83	0	1
PKHO2_HUMAN	38	172	0
PKN1_HUMAN	140	0	1
PKN2_HUMAN	197	0	1
PKN3_HUMAN	182	0	1
PKNX1_HUMAN	69	0	1
PKNX2_HUMAN	45	0	1
PKP1_HUMAN	149	0	1
PKP2_HUMAN	289	0	1
PKP3_HUMAN	159	0	1
PKP4_HUMAN	171	0	1
PKR1_HUMAN	20	397	0
PKR2_HUMAN	6	2087	0
PKRI1_HUMAN	40	159	0
PL8L1_HUMAN	19	505	0
PLA1A_HUMAN	6	1307	0
PLA2R_HUMAN	4	1122	0
PLAC1_HUMAN	24	358	0
PLAC2_HUMAN	3	819	0
PLAC4_HUMAN	1	1642	0
PLAC8_HUMAN	25	291	0
PLAC9_HUMAN	27	293	0
PLACL_HUMAN,OOSP2_HUMAN	1	2850	0
PLAG1_HUMAN	12	505	0
PLAK_HUMAN	505	0	1
PLAL1_HUMAN	18	207	0
PLAL2_HUMAN	65	0	1
PLAP_HUMAN	118	0	1
PLB1_HUMAN	18	464	0
PLBL1_HUMAN	96	0	1
PLBL2_HUMAN	46	0	1
PLCA_HUMAN	268	0	1
PLCB1_HUMAN	53	0	1
PLCB2_HUMAN	17	280	0
PLCB3_HUMAN	100	0	1
PLCB4_HUMAN	34	150	0
PLCB_HUMAN	81	0	1
PLCC_HUMAN	101	0	1
PLCD1_HUMAN	60	0	1
PLCD3_HUMAN	130	0	1
PLCD4_HUMAN	29	250	0
PLCD_HUMAN	90	0	1
PLCE1_HUMAN	17	253	0
PLCE_HUMAN	73	0	1
PLCG1_HUMAN	305	0	1
PLCG2_HUMAN	83	0	1
PLCH1_HUMAN	71	0	1
PLCH2_HUMAN	11	427	0
PLCL1_HUMAN	7	493	0
PLCL2_HUMAN	23	182	0
PLCX1_HUMAN	7	517	0
PLCX2_HUMAN	6	936	0
PLCX3_HUMAN	3	2040	0
PLCZ1_HUMAN	15	314	0
PLD1_HUMAN	139	0	1
PLD2_HUMAN	147	0	1
PLD3_HUMAN	273	0	1
PLD4_HUMAN	81	0	1
PLD5_HUMAN	55	0	1
PLD6_HUMAN	152	0	1
PLDN_HUMAN,BL1S6_HUMAN	79	0	1
PLDX1_HUMAN	5	1489	0
PLEC_HUMAN	455	0	1
PLEK2_HUMAN	15	262	0
PLEK_HUMAN	16	382	0
PLF4_HUMAN	16	609	0
PLGF_HUMAN	6	842	0
PLHD1_HUMAN	1	3681	0
PLIN1_HUMAN	13	499	0
PLIN2_HUMAN	35	152	0
PLIN3_HUMAN	139	0	1
PLIN4_HUMAN	9	435	0
PLIN5_HUMAN	10	1294	0
PLK1_HUMAN	840	0	1
PLK2_HUMAN	68	0	1
PLK3_HUMAN	35	154	0
PLK4_HUMAN	138	0	1
PLLP_HUMAN	66	0	1
PLMN_HUMAN	82	0	1
PLM_HUMAN	16	541	0
PLOD1_HUMAN	272	0	1
PLOD2_HUMAN	190	0	1
PLOD3_HUMAN	191	0	1
PLP2_HUMAN	118	0	1
PLPL1_HUMAN	20	482	0
PLPL2_HUMAN	46	0	1
PLPL3_HUMAN	7	765	0
PLPL4_HUMAN	11	740	0
PLPL5_HUMAN	33	138	0
PLPL6_HUMAN	125	0	1
PLPL7_HUMAN	10	433	0
PLPL8_HUMAN	65	0	1
PLPP_HUMAN	29	151	0
PLRG1_HUMAN	200	0	1
PLRKT_HUMAN	84	0	1
PLS1_HUMAN	172	0	1
PLS2_HUMAN	16	653	0
PLS3_HUMAN	48	0	1
PLS4_HUMAN	80	0	1
PLS5_HUMAN	3	2587	0
PLSI_HUMAN	134	0	1
PLSL_HUMAN	109	0	1
PLST_HUMAN	255	0	1
PLTP_HUMAN	60	0	1
PLVAP_HUMAN	14	499	0
PLXA1_HUMAN	138	0	1
PLXA2_HUMAN	97	0	1
PLXA3_HUMAN	106	0	1
PLXA4_HUMAN	37	137	0
PLXB1_HUMAN	42	134	0
PLXB2_HUMAN	196	0	1
PLXB3_HUMAN	18	524	0
PLXC1_HUMAN	18	339	0
PLXD1_HUMAN	42	135	0
PM14_HUMAN,SF3B6_HUMAN	213	0	1
PM2L1_HUMAN	5	1618	0
PM2L2_HUMAN	1	1451	0
PM2L3_HUMAN	4	2467	0
PM2L5_HUMAN	1	7079	0
PM34_HUMAN	77	0	1
PME17_HUMAN	62	0	1
PMEL_HUMAN	61	0	1
PMEPA_HUMAN	57	0	1
PMF1_HUMAN	98	0	1
PMFBP_HUMAN	10	711	0
PMGE_HUMAN	30	190	0
PMGT1_HUMAN	115	0	1
PML_HUMAN	921	0	1
PMM1_HUMAN	22	215	0
PMM2_HUMAN	48	0	1
PMP22_HUMAN	76	0	1
PMS1_HUMAN	116	0	1
PMS2L_HUMAN	1	2447	0
PMS2_HUMAN	98	0	1
PMVK_HUMAN	97	0	1
PMYT1_HUMAN	144	0	1
PNCB_HUMAN	50	0	1
PNDC1_HUMAN	15	476	0
PNISR_HUMAN	54	0	1
PNKD_HUMAN	148	0	1
PNKP_HUMAN	135	0	1
PNM6A_HUMAN	28	290	0
PNMA1_HUMAN	203	0	1
PNMA2_HUMAN	339	0	1
PNMA3_HUMAN	17	294	0
PNMA5_HUMAN	64	0	1
PNML1_HUMAN	118	0	1
PNML2_HUMAN	1	2616	0
PNMT_HUMAN	5	855	0
PNO1_HUMAN	134	0	1
PNOC_HUMAN	16	455	0
PNPH_HUMAN	97	0	1
PNPO_HUMAN	47	0	1
PNPT1_HUMAN	165	0	1
PNRC1_HUMAN	24	232	0
PNRC2_HUMAN	33	209	0
PO210_HUMAN	228	0	1
PO2F1_HUMAN	164	0	1
PO2F2_HUMAN	28	218	0
PO2F3_HUMAN	7	813	0
PO3F1_HUMAN	15	481	0
PO3F2_HUMAN	14	457	0
PO3F3_HUMAN	23	249	0
PO3F4_HUMAN	3	1490	0
PO4F1_HUMAN	7	671	0
PO4F2_HUMAN	78	0	1
PO4F3_HUMAN	12	593	0
PO5F1_HUMAN	333	0	1
PO5F2_HUMAN	2	2510	0
PO6F1_HUMAN	3	1759	0
PO6F2_HUMAN	149	0	1
POC1A_HUMAN	70	0	1
POC1B_HUMAN	79	0	1
POC5_HUMAN	290	0	1
PODN_HUMAN	18	472	0
PODO_HUMAN	5	1237	0
PODXL_HUMAN	92	0	1
POF1B_HUMAN	236	0	1
POGK_HUMAN	29	169	0
POGZ_HUMAN	276	0	1
POK3_HUMAN	10	869	0
POLH_HUMAN	82	0	1
POLI_HUMAN	36	168	0
POLK_HUMAN	56	0	1
POLS3_HUMAN	2	3619	0
POMP_HUMAN	65	0	1
POMT1_HUMAN	59	0	1
POMT2_HUMAN	60	0	1
PON1_HUMAN	23	280	0
PON2_HUMAN	233	0	1
PON3_HUMAN	6	1485	0
PONL1_HUMAN	9	527	0
POP1_HUMAN	277	0	1
POP5_HUMAN	35	201	0
POP7_HUMAN	69	0	1
POPD1_HUMAN	17	339	0
POPD2_HUMAN	41	334	0
POPD3_HUMAN	1	6616	0
PORCN_HUMAN	8	952	0
PORED_HUMAN	5	715	0
PORIM_HUMAN	6	667	0
POSTN_HUMAN	12	522	0
POTE1_HUMAN	235	0	1
POTEA_HUMAN	5	1348	0
POTEC_HUMAN	11	722	0
POTED_HUMAN	1	8793	0
POTEE_HUMAN	141	0	1
POTEF_HUMAN	237	0	1
POTEG_HUMAN	10	909	0
POTEH_HUMAN	2	4672	0
POTEI_HUMAN	79	0	1
POTEJ_HUMAN	7	832	0
POTEM_HUMAN	2	1880	0
POZP3_HUMAN	9	568	0
PP12C_HUMAN	60	0	1
PP13G_HUMAN	1	2573	0
PP13_HUMAN	13	725	0
PP14A_HUMAN	14	362	0
PP14B_HUMAN	30	162	0
PP14C_HUMAN	9	546	0
PP14D_HUMAN	4	1472	0
PP16A_HUMAN	60	0	1
PP16B_HUMAN	66	0	1
PP1A_HUMAN	679	0	1
PP1B_HUMAN	492	0	1
PP1G_HUMAN	756	0	1
PP1R7_HUMAN	109	0	1
PP1R8_HUMAN	92	0	1
PP1RA_HUMAN	181	0	1
PP1RB_HUMAN	18	291	0
PP2AA_HUMAN	461	0	1
PP2AB_HUMAN	287	0	1
PP2BA_HUMAN	149	0	1
PP2BB_HUMAN	91	0	1
PP2BC_HUMAN	73	0	1
PP4C_HUMAN	157	0	1
PP4R1_HUMAN	80	0	1
PP4R2_HUMAN	119	0	1
PP4R4_HUMAN	15	314	0
PP4RL_HUMAN	86	0	1
PP6R1_HUMAN	193	0	1
PP6R2_HUMAN	125	0	1
PP6R3_HUMAN	270	0	1
PPA5_HUMAN	41	174	0
PPA6_HUMAN	45	0	1
PPAC2_HUMAN,PLPP6_HUMAN	75	0	1
PPAC3_HUMAN,PLPP7_HUMAN	1	7534	0
PPAC_HUMAN	108	0	1
PPAL_HUMAN	104	0	1
PPAP_HUMAN	148	0	1
PPARA_HUMAN	84	0	1
PPARD_HUMAN	125	0	1
PPARG_HUMAN	289	0	1
PPAT_HUMAN	1	3010	0
PPB1_HUMAN	130	0	1
PPBI_HUMAN	76	0	1
PPBN_HUMAN	40	207	0
PPBT_HUMAN	30	210	0
PPC1A_HUMAN,PLPP4_HUMAN	51	0	1
PPC1B_HUMAN,PLPP5_HUMAN	2	5522	0
PPCEL_HUMAN	120	0	1
PPCE_HUMAN	94	0	1
PPCS_HUMAN	38	177	0
PPCT_HUMAN	12	596	0
PPDPF_HUMAN	12	559	0
PPE1_HUMAN	49	0	1
PPE2_HUMAN	24	252	0
PPGB_HUMAN	126	0	1
PPHLN_HUMAN	146	0	1
PPIA_HUMAN	899	0	1
PPIB_HUMAN	369	0	1
PPIC_HUMAN	30	158	0
PPID_HUMAN	101	0	1
PPIE_HUMAN	270	0	1
PPIF_HUMAN	155	0	1
PPIG_HUMAN	132	0	1
PPIH_HUMAN	125	0	1
PPIL1_HUMAN	132	0	1
PPIL2_HUMAN	80	0	1
PPIL3_HUMAN	77	0	1
PPIL4_HUMAN	172	0	1
PPIL6_HUMAN	6	1216	0
PPIP1_HUMAN	105	0	1
PPIP2_HUMAN	30	175	0
PPL13_HUMAN	51	0	1
PPLA_HUMAN	72	0	1
PPM1A_HUMAN	159	0	1
PPM1B_HUMAN	231	0	1
PPM1D_HUMAN	67	0	1
PPM1E_HUMAN	42	137	0
PPM1F_HUMAN	72	0	1
PPM1G_HUMAN	353	0	1
PPM1H_HUMAN	139	0	1
PPM1J_HUMAN	25	303	0
PPM1K_HUMAN	54	0	1
PPM1L_HUMAN	26	326	0
PPM1M_HUMAN	53	0	1
PPM1N_HUMAN	1	2029	0
PPMBL_HUMAN	3	1156	0
PPME1_HUMAN	151	0	1
PPN_HUMAN	18	312	0
PPOX_HUMAN	83	0	1
PPP5_HUMAN	208	0	1
PPP6_HUMAN	240	0	1
PPR17_HUMAN	1	5377	0
PPR18_HUMAN	136	0	1
PPR1A_HUMAN	11	906	0
PPR1B_HUMAN	7	950	0
PPR1C_HUMAN	1	4085	0
PPR21_HUMAN	76	0	1
PPR26_HUMAN	16	311	0
PPR27_HUMAN	10	833	0
PPR29_HUMAN	29	162	0
PPR32_HUMAN	78	0	1
PPR35_HUMAN	11	368	0
PPR36_HUMAN	5	1535	0
PPR37_HUMAN	39	142	0
PPR3A_HUMAN	53	0	1
PPR3B_HUMAN	25	267	0
PPR3C_HUMAN	32	251	0
PPR3D_HUMAN	24	195	0
PPR3E_HUMAN	11	436	0
PPR3F_HUMAN	16	315	0
PPR42_HUMAN	3	1474	0
PPRC1_HUMAN	25	216	0
PPT1_HUMAN	287	0	1
PPT2_HUMAN	46	0	1
PPTC7_HUMAN	80	0	1
PPWD1_HUMAN	48	0	1
PQBP1_HUMAN	102	0	1
PQLC1_HUMAN	26	354	0
PQLC2_HUMAN,LAAT1_HUMAN	12	785	0
PQLC3_HUMAN	2	958	0
PR14L_HUMAN	61	0	1
PR15A_HUMAN	140	0	1
PR15B_HUMAN	85	0	1
PR20C_HUMAN	20	616	0
PR20D_HUMAN	78	0	1
PR20E_HUMAN	20	495	0
PR23B_HUMAN	6	1579	0
PR285_HUMAN,HELZ2_HUMAN	71	0	1
PR38A_HUMAN	162	0	1
PR38B_HUMAN	113	0	1
PR40A_HUMAN	440	0	1
PR40B_HUMAN	20	330	0
PRA10_HUMAN	3	3356	0
PRA12_HUMAN	4	790	0
PRA17_HUMAN	12	607	0
PRA20_HUMAN	2	897	0
PRA22_HUMAN	1	3876	0
PRA25_HUMAN	1	912	0
PRAF1_HUMAN	143	0	1
PRAF2_HUMAN	114	0	1
PRAF3_HUMAN	201	0	1
PRAM2_HUMAN	14	480	0
PRAM4_HUMAN	2	5963	0
PRAM5_HUMAN	7	621	0
PRAM8_HUMAN	2	963	0
PRAM9_HUMAN	13	863	0
PRAME_HUMAN	103	0	1
PRAM_HUMAN	44	0	1
PRAP1_HUMAN	18	314	0
PRAX_HUMAN	24	222	0
PRB2_HUMAN	6	1602	0
PRB3_HUMAN	16	543	0
PRB4_HUMAN	3	2203	0
PRC1_HUMAN	959	0	1
PRC2A_HUMAN	388	0	1
PRC2B_HUMAN	277	0	1
PRC2C_HUMAN	295	0	1
PRCA1_HUMAN	3	1624	0
PRCC_HUMAN	91	0	1
PRCD_HUMAN	3	2082	0
PRCM_HUMAN	40	175	0
PRD10_HUMAN	71	0	1
PRD11_HUMAN	21	243	0
PRD12_HUMAN	3	1392	0
PRD13_HUMAN	10	538	0
PRD14_HUMAN	95	0	1
PRD15_HUMAN	83	0	1
PRD16_HUMAN	194	0	1
PRDBP_HUMAN	72	0	1
PRDC1_HUMAN	39	161	0
PRDM1_HUMAN	82	0	1
PRDM2_HUMAN	41	158	0
PRDM4_HUMAN	22	235	0
PRDM5_HUMAN	58	0	1
PRDM6_HUMAN	89	0	1
PRDM7_HUMAN	13	498	0
PRDM8_HUMAN	4	1020	0
PRDM9_HUMAN	8	701	0
PRDX1_HUMAN	440	0	1
PRDX2_HUMAN	337	0	1
PRDX3_HUMAN	327	0	1
PRDX4_HUMAN	234	0	1
PRDX5_HUMAN	176	0	1
PRDX6_HUMAN	264	0	1
PREB_HUMAN	193	0	1
PRELP_HUMAN	35	219	0
PREP_HUMAN	162	0	1
PREX1_HUMAN	67	0	1
PREX2_HUMAN	23	197	0
PREY_HUMAN	2	4736	0
PRG2_HUMAN	293	0	1
PRG3_HUMAN	98	0	1
PRG4_HUMAN	11	348	0
PRGC1_HUMAN	69	0	1
PRGC2_HUMAN	26	175	0
PRGR_HUMAN	134	0	1
PRI1_HUMAN	107	0	1
PRI2_HUMAN	99	0	1
PRIC1_HUMAN	21	244	0
PRIC2_HUMAN	15	346	0
PRIC3_HUMAN	81	0	1
PRIC4_HUMAN	15	732	0
PRIMA_HUMAN	1	8720	0
PRIO_HUMAN,APRIO_HUMAN,PRIO_HUMAN	2195	0	1
PRIP1_HUMAN	18	339	0
PRKDC_HUMAN	753	0	1
PRKN2_HUMAN	3378	0	1
PRKRA_HUMAN	409	0	1
PRKX_HUMAN	43	0	1
PRKY_HUMAN	139	0	1
PRLD1_HUMAN	44	0	1
PRLD2_HUMAN	17	411	0
PRLHR_HUMAN	4	2598	0
PRLR_HUMAN	22	210	0
PRL_HUMAN	6	1394	0
PRM2_HUMAN	39	268	0
PRM3_HUMAN	2	2696	0
PRND_HUMAN	8	1103	0
PROC_HUMAN	17	487	0
PROD2_HUMAN	2	897	0
PROD_HUMAN	12	419	0
PROF1_HUMAN	517	0	1
PROF2_HUMAN	157	0	1
PROF3_HUMAN	9	743	0
PROF4_HUMAN	1	3378	0
PROK1_HUMAN	4	2108	0
PROK2_HUMAN	12	915	0
PROL1_HUMAN	7	1363	0
PROL4_HUMAN	65	0	1
PROM1_HUMAN	44	0	1
PROM2_HUMAN	9	484	0
PROP1_HUMAN	63	0	1
PROP_HUMAN	52	0	1
PROSC_HUMAN	125	0	1
PROS_HUMAN	59	0	1
PROX1_HUMAN	44	0	1
PROZ_HUMAN	41	273	0
PRP16_HUMAN	182	0	1
PRP17_HUMAN	125	0	1
PRP18_HUMAN	103	0	1
PRP19_HUMAN	464	0	1
PRP1_HUMAN	16	685	0
PRP31_HUMAN	382	0	1
PRP39_HUMAN	62	0	1
PRP4B_HUMAN	330	0	1
PRP4_HUMAN	266	0	1
PRP6_HUMAN	386	0	1
PRP8_HUMAN	790	0	1
PRPC_HUMAN	24	202	0
PRPF3_HUMAN	276	0	1
PRPH2_HUMAN	32	266	0
PRPK_HUMAN	234	0	1
PRPS1_HUMAN	222	0	1
PRPS2_HUMAN	244	0	1
PRPS3_HUMAN	36	163	0
PRR10_HUMAN	1	3020	0
PRR11_HUMAN	139	0	1
PRR12_HUMAN	118	0	1
PRR13_HUMAN	55	0	1
PRR14_HUMAN	37	169	0
PRR15_HUMAN	6	745	0
PRR16_HUMAN,LARGN_HUMAN	12	527	0
PRR19_HUMAN	11	896	0
PRR20_HUMAN	108	0	1
PRR22_HUMAN	31	281	0
PRR25_HUMAN	1	4621	0
PRR3_HUMAN	278	0	1
PRR5L_HUMAN	23	307	0
PRR5_HUMAN	49	0	1
PRR7_HUMAN	5	801	0
PRRC1_HUMAN	60	0	1
PRRP_HUMAN	1	8893	0
PRRT1_HUMAN	7	935	0
PRRT2_HUMAN	33	254	0
PRRT3_HUMAN	6	422	0
PRRT4_HUMAN	2	3809	0
PRRX1_HUMAN	15	382	0
PRRX2_HUMAN	1	7482	0
PRS10_HUMAN	375	0	1
PRS23_HUMAN	50	0	1
PRS27_HUMAN	1	5090	0
PRS33_HUMAN	12	896	0
PRS35_HUMAN	36	234	0
PRS37_HUMAN	14	662	0
PRS38_HUMAN	1	3402	0
PRS41_HUMAN	2	1914	0
PRS42_HUMAN	5	1536	0
PRS45_HUMAN	5	1136	0
PRS46_HUMAN	1	7902	0
PRS48_HUMAN	4	2896	0
PRS4_HUMAN	375	0	1
PRS53_HUMAN	2	3619	0
PRS56_HUMAN	3	3000	0
PRS6A_HUMAN	443	0	1
PRS6B_HUMAN	354	0	1
PRS7_HUMAN	385	0	1
PRS8_HUMAN	492	0	1
PRSR1_HUMAN	36	172	0
PRSS8_HUMAN	65	0	1
PRTG_HUMAN	16	401	0
PRTN3_HUMAN	87	0	1
PRUN2_HUMAN	33	170	0
PRUNE_HUMAN	37	156	0
PRVA_HUMAN	5	1403	0
PRY_HUMAN	1	6809	0
PS1C1_HUMAN	1	5883	0
PS1C2_HUMAN	26	257	0
PSA1_HUMAN	512	0	1
PSA2_HUMAN	238	0	1
PSA3_HUMAN	474	0	1
PSA4_HUMAN	515	0	1
PSA5_HUMAN	355	0	1
PSA6_HUMAN	342	0	1
PSA7L_HUMAN	73	0	1
PSA7_HUMAN	292	0	1
PSA_HUMAN	200	0	1
PSB10_HUMAN	92	0	1
PSB11_HUMAN	7	802	0
PSB1_HUMAN	361	0	1
PSB2_HUMAN	223	0	1
PSB3_HUMAN	219	0	1
PSB4_HUMAN	233	0	1
PSB5_HUMAN	271	0	1
PSB6_HUMAN	240	0	1
PSB7_HUMAN	215	0	1
PSB8_HUMAN	108	0	1
PSB9_HUMAN	82	0	1
PSCA_HUMAN	150	0	1
PSD10_HUMAN	210	0	1
PSD11_HUMAN	374	0	1
PSD12_HUMAN	332	0	1
PSD13_HUMAN	330	0	1
PSD1_HUMAN	12	1072	0
PSD2_HUMAN	15	363	0
PSD3_HUMAN	73	0	1
PSD4_HUMAN	20	256	0
PSD7_HUMAN,PSMD7_HUMAN	281	0	1
PSDE_HUMAN	536	0	1
PSF1_HUMAN	39	175	0
PSF2_HUMAN	52	0	1
PSF3_HUMAN	71	0	1
PSG10_HUMAN	2	3398	0
PSG11_HUMAN	62	0	1
PSG1_HUMAN	51	0	1
PSG2_HUMAN	2	2332	0
PSG3_HUMAN	31	306	0
PSG4_HUMAN	9	1155	0
PSG5_HUMAN	4	2150	0
PSG6_HUMAN	5	1808	0
PSG7_HUMAN	2	4927	0
PSG8_HUMAN	46	0	1
PSG9_HUMAN	25	275	0
PSIP1_HUMAN	207	0	1
PSL1_HUMAN	230	0	1
PSL4_HUMAN	57	0	1
PSMD1_HUMAN	425	0	1
PSMD2_HUMAN	471	0	1
PSMD3_HUMAN	823	0	1
PSMD4_HUMAN	355	0	1
PSMD5_HUMAN	121	0	1
PSMD6_HUMAN	337	0	1
PSMD8_HUMAN	180	0	1
PSMD9_HUMAN	178	0	1
PSME1_HUMAN	280	0	1
PSME2_HUMAN	135	0	1
PSME3_HUMAN	414	0	1
PSME4_HUMAN	97	0	1
PSMF1_HUMAN	98	0	1
PSMG1_HUMAN	106	0	1
PSMG2_HUMAN	74	0	1
PSMG3_HUMAN	97	0	1
PSMG4_HUMAN	55	0	1
PSN1_HUMAN	234	0	1
PSN2_HUMAN	86	0	1
PSPB_HUMAN	1	4715	0
PSPC1_HUMAN	521	0	1
PSPC_HUMAN	248	0	1
PSPN_HUMAN	5	2104	0
PSRC1_HUMAN	67	0	1
PSTK_HUMAN	4	2512	0
PSYR_HUMAN	1	8752	0
PT117_HUMAN	1	3378	0
PTAFR_HUMAN	49	0	1
PTAR1_HUMAN	22	188	0
PTBP1_HUMAN	385	0	1
PTBP2_HUMAN	68	0	1
PTBP3_HUMAN	397	0	1
PTC1_HUMAN	270	0	1
PTC2_HUMAN	16	353	0
PTCA_HUMAN	16	413	0
PTCD1_HUMAN	134	0	1
PTCD2_HUMAN	34	222	0
PTCD3_HUMAN	337	0	1
PTCRA_HUMAN	9	634	0
PTEN_HUMAN	675	0	1
PTER_HUMAN	43	0	1
PTF1A_HUMAN	13	847	0
PTGDS_HUMAN	32	175	0
PTGES_HUMAN	21	370	0
PTGIS_HUMAN	7	830	0
PTGR1_HUMAN	42	138	0
PTGR2_HUMAN	53	0	1
PTH1R_HUMAN	88	0	1
PTH2R_HUMAN	137	0	1
PTH2_HUMAN	243	0	1
PTHB1_HUMAN	22	288	0
PTHD1_HUMAN	38	181	0
PTHD2_HUMAN	8	904	0
PTHD3_HUMAN	30	290	0
PTHR_HUMAN	5	737	0
PTHY_HUMAN	9	587	0
PTH_HUMAN	29	141	0
PTK6_HUMAN	97	0	1
PTK7_HUMAN	157	0	1
PTMA_HUMAN	204	0	1
PTMS_HUMAN	80	0	1
PTN11_HUMAN	607	0	1
PTN12_HUMAN	162	0	1
PTN13_HUMAN	194	0	1
PTN14_HUMAN	179	0	1
PTN18_HUMAN	58	0	1
PTN1_HUMAN	673	0	1
PTN20_HUMAN	11	597	0
PTN21_HUMAN	93	0	1
PTN22_HUMAN	62	0	1
PTN23_HUMAN	171	0	1
PTN2_HUMAN	218	0	1
PTN3_HUMAN	102	0	1
PTN4_HUMAN	65	0	1
PTN5_HUMAN	77	0	1
PTN6_HUMAN	246	0	1
PTN7_HUMAN	61	0	1
PTN9_HUMAN	100	0	1
PTN_HUMAN	107	0	1
PTOV1_HUMAN	68	0	1
PTPA_HUMAN	102	0	1
PTPC1_HUMAN	70	0	1
PTPM1_HUMAN	233	0	1
PTPR2_HUMAN	59	0	1
PTPRA_HUMAN	145	0	1
PTPRB_HUMAN	55	0	1
PTPRC_HUMAN	55	0	1
PTPRD_HUMAN	141	0	1
PTPRE_HUMAN	55	0	1
PTPRF_HUMAN	271	0	1
PTPRG_HUMAN	125	0	1
PTPRH_HUMAN	80	0	1
PTPRJ_HUMAN	117	0	1
PTPRK_HUMAN	208	0	1
PTPRM_HUMAN	67	0	1
PTPRN_HUMAN	128	0	1
PTPRO_HUMAN	156	0	1
PTPRQ_HUMAN	9	848	0
PTPRR_HUMAN	106	0	1
PTPRS_HUMAN	172	0	1
PTPRT_HUMAN	13	352	0
PTPRU_HUMAN	117	0	1
PTPRZ_HUMAN	36	145	0
PTPS_HUMAN	53	0	1
PTRD1_HUMAN	12	840	0
PTRF_HUMAN	389	0	1
PTSS1_HUMAN	222	0	1
PTSS2_HUMAN	111	0	1
PTTG1_HUMAN	50	0	1
PTTG2_HUMAN	9	680	0
PTTG_HUMAN	55	0	1
PTX3_HUMAN	78	0	1
PTX4_HUMAN	2	4434	0
PUF60_HUMAN	335	0	1
PUM1_HUMAN	259	0	1
PUM2_HUMAN	136	0	1
PUR1_HUMAN	77	0	1
PUR2_HUMAN	240	0	1
PUR4_HUMAN	179	0	1
PUR6_HUMAN	350	0	1
PUR8_HUMAN	195	0	1
PUR9_HUMAN	168	0	1
PURA1_HUMAN	15	224	0
PURA2_HUMAN	130	0	1
PURA_HUMAN	220	0	1
PURB_HUMAN	133	0	1
PURG_HUMAN	223	0	1
PUS10_HUMAN	6	1673	0
PUS3_HUMAN	8	950	0
PUS7L_HUMAN	13	308	0
PUS7_HUMAN	140	0	1
PUSL1_HUMAN	60	0	1
PVRIG_HUMAN	20	432	0
PVRL1_HUMAN	21	297	0
PVRL2_HUMAN	182	0	1
PVRL3_HUMAN	84	0	1
PVRL4_HUMAN	27	279	0
PVR_HUMAN	178	0	1
PWP1_HUMAN	175	0	1
PWP2A_HUMAN	80	0	1
PWP2B_HUMAN	18	282	0
PWP2_HUMAN	138	0	1
PX11A_HUMAN	11	617	0
PX11B_HUMAN	50	0	1
PX11C_HUMAN	8	1682	0
PXDC1_HUMAN	12	869	0
PXDC2_HUMAN	82	0	1
PXDNL_HUMAN	19	344	0
PXDN_HUMAN	88	0	1
PXK_HUMAN	39	166	0
PXMP2_HUMAN	284	0	1
PXMP4_HUMAN	11	668	0
PXT1_HUMAN	1	4715	0
PYC_HUMAN	233	0	1
PYDC1_HUMAN	3	1981	0
PYDC2_HUMAN	5	2561	0
PYGB_HUMAN	164	0	1
PYGL_HUMAN	133	0	1
PYGM_HUMAN	88	0	1
PYGO1_HUMAN	23	335	0
PYGO2_HUMAN	52	0	1
PYR1_HUMAN	455	0	1
PYRD1_HUMAN	13	336	0
PYRD2_HUMAN	6	1454	0
PYRD_HUMAN	30	186	0
PYRG1_HUMAN	218	0	1
PYRG2_HUMAN	121	0	1
PYY_HUMAN	11	924	0
PZP_HUMAN	19	308	0
PZRN3_HUMAN	40	198	0
PZRN4_HUMAN	4	1341	0
P_HUMAN	67	0	1
QCR10_HUMAN	52	0	1
QCR1_HUMAN	241	0	1
QCR2_HUMAN	392	0	1
QCR6_HUMAN	144	0	1
QCR7_HUMAN	139	0	1
QCR8_HUMAN	171	0	1
QCR9_HUMAN	65	0	1
QIL1_HUMAN,MIC13_HUMAN	135	0	1
QKI_HUMAN	194	0	1
QN1_HUMAN,CE162_HUMAN	164	0	1
QORL1_HUMAN	32	139	0
QORX_HUMAN	14	297	0
QOR_HUMAN	176	0	1
QPCTL_HUMAN	109	0	1
QPCT_HUMAN	45	0	1
QRFPR_HUMAN	11	740	0
QRIC1_HUMAN	156	0	1
QRIC2_HUMAN	14	364	0
QSER1_HUMAN	117	0	1
QSOX1_HUMAN	74	0	1
QSOX2_HUMAN	121	0	1
QTRD1_HUMAN	42	117	0
R10B1_HUMAN	2	2029	0
R10B2_HUMAN	2	3536	0
R113A_HUMAN	685	0	1
R113B_HUMAN	9	633	0
R144A_HUMAN	99	0	1
R144B_HUMAN	79	0	1
R216L_HUMAN	4	722	0
R39L5_HUMAN	61	0	1
R3GEF_HUMAN	53	0	1
R3HC1_HUMAN	6	556	0
R3HCL_HUMAN	22	236	0
R3HD1_HUMAN	88	0	1
R3HD2_HUMAN	128	0	1
R3HD4_HUMAN	3	1236	0
R4RL1_HUMAN	11	318	0
R4RL2_HUMAN	13	438	0
R51A1_HUMAN	33	147	0
R51A2_HUMAN	7	574	0
R7BP_HUMAN	4	1325	0
R9BP_HUMAN	17	559	0
RA1L2_HUMAN	153	0	1
RA51B_HUMAN	51	0	1
RA51C_HUMAN	52	0	1
RA51D_HUMAN	98	0	1
RA54B_HUMAN	55	0	1
RAB10_HUMAN	224	0	1
RAB12_HUMAN	40	168	0
RAB13_HUMAN	112	0	1
RAB14_HUMAN	298	0	1
RAB15_HUMAN	39	139	0
RAB17_HUMAN	21	344	0
RAB18_HUMAN	180	0	1
RAB19_HUMAN	13	644	0
RAB1A_HUMAN	413	0	1
RAB1B_HUMAN	230	0	1
RAB1C_HUMAN	28	170	0
RAB20_HUMAN	28	263	0
RAB21_HUMAN	139	0	1
RAB23_HUMAN	57	0	1
RAB24_HUMAN	38	184	0
RAB25_HUMAN	263	0	1
RAB26_HUMAN	23	314	0
RAB28_HUMAN	21	277	0
RAB2A_HUMAN	554	0	1
RAB2B_HUMAN	107	0	1
RAB30_HUMAN	37	226	0
RAB31_HUMAN	52	0	1
RAB32_HUMAN	84	0	1
RAB34_HUMAN	93	0	1
RAB35_HUMAN	586	0	1
RAB36_HUMAN	3	1822	0
RAB37_HUMAN	10	552	0
RAB38_HUMAN	32	199	0
RAB3A_HUMAN	86	0	1
RAB3B_HUMAN	308	0	1
RAB3C_HUMAN	27	179	0
RAB3D_HUMAN	42	202	0
RAB3I_HUMAN	120	0	1
RAB41_HUMAN	8	958	0
RAB42_HUMAN	2	2959	0
RAB43_HUMAN	44	0	1
RAB44_HUMAN	1	5114	0
RAB4A_HUMAN	465	0	1
RAB4B_HUMAN	37	162	0
RAB5A_HUMAN	700	0	1
RAB5B_HUMAN	149	0	1
RAB5C_HUMAN	601	0	1
RAB6A_HUMAN	159	0	1
RAB6B_HUMAN	126	0	1
RAB6C_HUMAN	15	501	0
RAB7A_HUMAN	910	0	1
RAB7B_HUMAN	14	601	0
RAB7L_HUMAN	97	0	1
RAB8A_HUMAN	218	0	1
RAB8B_HUMAN	77	0	1
RAB9A_HUMAN	602	0	1
RAB9B_HUMAN	32	262	0
RABE1_HUMAN	181	0	1
RABE2_HUMAN	93	0	1
RABEK_HUMAN	35	195	0
RABL3_HUMAN	196	0	1
RABL5_HUMAN,IFT22_HUMAN	53	0	1
RABP1_HUMAN	17	313	0
RABP2_HUMAN	92	0	1
RABX5_HUMAN	164	0	1
RAC1_HUMAN	1008	0	1
RAC2_HUMAN	676	0	1
RAC3_HUMAN	626	0	1
RAD17_HUMAN	93	0	1
RAD18_HUMAN	451	0	1
RAD1_HUMAN	45	0	1
RAD21_HUMAN	376	0	1
RAD26_HUMAN	7	969	0
RAD50_HUMAN	398	0	1
RAD51_HUMAN	214	0	1
RAD52_HUMAN	66	0	1
RAD54_HUMAN	12	473	0
RAD9A_HUMAN	54	0	1
RAD9B_HUMAN	10	710	0
RADIL_HUMAN	54	0	1
RADI_HUMAN	299	0	1
RAD_HUMAN	16	325	0
RAE1L_HUMAN	288	0	1
RAE1_HUMAN	104	0	1
RAE2_HUMAN	59	0	1
RAF1_HUMAN	1942	0	1
RAG1_HUMAN	25	174	0
RAG2_HUMAN	6	1215	0
RAGE_HUMAN	34	176	0
RAGP1_HUMAN	309	0	1
RAI14_HUMAN	237	0	1
RAI1_HUMAN	118	0	1
RAI2_HUMAN	23	282	0
RAI3_HUMAN	111	0	1
RAIN_HUMAN	19	404	0
RALA_HUMAN	150	0	1
RALB_HUMAN	82	0	1
RALYL_HUMAN	64	0	1
RALY_HUMAN	383	0	1
RAMP1_HUMAN	34	277	0
RAMP2_HUMAN	76	0	1
RAMP3_HUMAN	198	0	1
RAM_HUMAN	78	0	1
RANB3_HUMAN	116	0	1
RANB9_HUMAN	464	0	1
RANG_HUMAN	235	0	1
RAN_HUMAN	488	0	1
RAP1A_HUMAN	162	0	1
RAP1B_HUMAN	210	0	1
RAP2A_HUMAN	97	0	1
RAP2B_HUMAN	39	156	0
RAP2C_HUMAN	67	0	1
RAPH1_HUMAN	70	0	1
RAPSN_HUMAN	19	247	0
RARA_HUMAN	189	0	1
RARB_HUMAN	29	227	0
RARG_HUMAN	48	0	1
RARR2_HUMAN	4	2685	0
RAS4B_HUMAN	1	2635	0
RASA1_HUMAN	150	0	1
RASA2_HUMAN	23	229	0
RASA3_HUMAN	35	146	0
RASD1_HUMAN	40	250	0
RASEF_HUMAN	25	231	0
RASE_HUMAN	4	1335	0
RASF1_HUMAN	100	0	1
RASF2_HUMAN	44	0	1
RASF3_HUMAN	48	0	1
RASF4_HUMAN	11	702	0
RASF5_HUMAN	63	0	1
RASF6_HUMAN	11	578	0
RASF7_HUMAN	52	0	1
RASF8_HUMAN	109	0	1
RASF9_HUMAN	39	172	0
RASFA_HUMAN	61	0	1
RASH_HUMAN	692	0	1
RASK_HUMAN	1288	0	1
RASL1_HUMAN	8	719	0
RASL2_HUMAN	13	308	0
RASL3_HUMAN	28	165	0
RASLC_HUMAN	7	687	0
RASM_HUMAN	17	388	0
RASN_HUMAN	709	0	1
RAVR1_HUMAN	180	0	1
RAVR2_HUMAN	19	327	0
RAX2_HUMAN	1	6590	0
RB11A_HUMAN	856	0	1
RB11B_HUMAN	169	0	1
RB12B_HUMAN	68	0	1
RB15B_HUMAN	109	0	1
RB22A_HUMAN	28	171	0
RB27A_HUMAN	85	0	1
RB27B_HUMAN	40	208	0
RB33A_HUMAN	38	191	0
RB33B_HUMAN	56	0	1
RB39A_HUMAN	55	0	1
RB39B_HUMAN	64	0	1
RB3GP_HUMAN	173	0	1
RB40A_HUMAN	27	210	0
RB40B_HUMAN	27	223	0
RB40C_HUMAN	32	318	0
RB40L_HUMAN	15	394	0
RB6I2_HUMAN	201	0	1
RBAK_HUMAN	63	0	1
RBBP4_HUMAN	587	0	1
RBBP5_HUMAN	285	0	1
RBBP6_HUMAN	238	0	1
RBBP7_HUMAN	524	0	1
RBBP9_HUMAN	10	347	0
RBCC1_HUMAN	359	0	1
RBEL1_HUMAN,RABL6_HUMAN	137	0	1
RBFA_HUMAN	71	0	1
RBG10_HUMAN	28	444	0
RBG1L_HUMAN	121	0	1
RBGP1_HUMAN	125	0	1
RBGPR_HUMAN	161	0	1
RBL1_HUMAN	120	0	1
RBL2A_HUMAN	27	205	0
RBL2B_HUMAN	11	501	0
RBL2_HUMAN	82	0	1
RBM10_HUMAN	271	0	1
RBM11_HUMAN	173	0	1
RBM12_HUMAN	143	0	1
RBM14_HUMAN	572	0	1
RBM15_HUMAN	211	0	1
RBM18_HUMAN	15	598	0
RBM19_HUMAN	213	0	1
RBM20_HUMAN	42	153	0
RBM22_HUMAN	172	0	1
RBM23_HUMAN	96	0	1
RBM24_HUMAN	37	220	0
RBM25_HUMAN	325	0	1
RBM26_HUMAN	146	0	1
RBM27_HUMAN	166	0	1
RBM28_HUMAN	363	0	1
RBM33_HUMAN	126	0	1
RBM34_HUMAN	299	0	1
RBM38_HUMAN	25	199	0
RBM39_HUMAN	1055	0	1
RBM3_HUMAN	168	0	1
RBM40_HUMAN	46	0	1
RBM41_HUMAN	40	172	0
RBM42_HUMAN	342	0	1
RBM43_HUMAN	11	506	0
RBM44_HUMAN	1	1790	0
RBM45_HUMAN	203	0	1
RBM46_HUMAN	9	627	0
RBM47_HUMAN	203	0	1
RBM48_HUMAN	72	0	1
RBM4B_HUMAN	264	0	1
RBM4_HUMAN	283	0	1
RBM5_HUMAN	140	0	1
RBM6_HUMAN	132	0	1
RBM7_HUMAN	127	0	1
RBM8A_HUMAN	464	0	1
RBMS1_HUMAN	206	0	1
RBMS2_HUMAN	238	0	1
RBMS3_HUMAN	54	0	1
RBMX2_HUMAN	128	0	1
RBMX_HUMAN	476	0	1
RBNS5_HUMAN	57	0	1
RBP10_HUMAN	134	0	1
RBP17_HUMAN	18	283	0
RBP1_HUMAN	178	0	1
RBP2_HUMAN	373	0	1
RBP56_HUMAN	352	0	1
RBPJL_HUMAN	9	586	0
RBPMS_HUMAN	357	0	1
RBPS2_HUMAN	83	0	1
RBSK_HUMAN	19	518	0
RBTN1_HUMAN	159	0	1
RBTN2_HUMAN	256	0	1
RBX1_HUMAN	538	0	1
RBX2_HUMAN	140	0	1
RBY1A_HUMAN	29	278	0
RBY1B_HUMAN	1	8363	0
RBY1D_HUMAN	1	3831	0
RBY1E_HUMAN	2	2656	0
RBY1F_HUMAN	34	290	0
RB_HUMAN	362	0	1
RC3H1_HUMAN	666	0	1
RC3H2_HUMAN	657	0	1
RCAN1_HUMAN	53	0	1
RCAN2_HUMAN	25	321	0
RCAN3_HUMAN	17	501	0
RCAS1_HUMAN	297	0	1
RCBT1_HUMAN	34	205	0
RCBT2_HUMAN	52	0	1
RCC1_HUMAN	199	0	1
RCC2_HUMAN	242	0	1
RCCD1_HUMAN	87	0	1
RCD1_HUMAN	227	0	1
RCL1_HUMAN	116	0	1
RCL_HUMAN,DNPH1_HUMAN	17	220	0
RCN1_HUMAN	284	0	1
RCN2_HUMAN	340	0	1
RCN3_HUMAN	29	189	0
RCOR1_HUMAN	507	0	1
RCOR2_HUMAN	33	236	0
RCOR3_HUMAN	176	0	1
RD21L_HUMAN	1	2136	0
RD23A_HUMAN	256	0	1
RD23B_HUMAN	233	0	1
RD3L_HUMAN	2	1861	0
RD3_HUMAN	15	605	0
RDH10_HUMAN	28	151	0
RDH11_HUMAN	152	0	1
RDH12_HUMAN	47	0	1
RDH13_HUMAN	89	0	1
RDH14_HUMAN	48	0	1
RDH16_HUMAN	1	3361	0
RDH1_HUMAN	8	935	0
RDH8_HUMAN	8	980	0
RDHE2_HUMAN	38	253	0
RDM1_HUMAN	8	959	0
REBL1_HUMAN	6	1195	0
REC8_HUMAN	40	197	0
RECK_HUMAN	53	0	1
RECO_HUMAN	18	461	0
RECQ1_HUMAN	313	0	1
RECQ4_HUMAN	1409	0	1
RECQ5_HUMAN	113	0	1
RED1_HUMAN	449	0	1
RED2_HUMAN	17	258	0
RED_HUMAN	216	0	1
REEP1_HUMAN	30	191	0
REEP2_HUMAN	73	0	1
REEP3_HUMAN	34	151	0
REEP4_HUMAN	209	0	1
REEP5_HUMAN	398	0	1
REEP6_HUMAN	120	0	1
REG1A_HUMAN	8	1378	0
REG1B_HUMAN	6	1167	0
REG3A_HUMAN	15	408	0
REG3G_HUMAN	1	7670	0
REG4_HUMAN	8	1165	0
REL1_HUMAN	94	0	1
REL2_HUMAN	11	936	0
REL3_HUMAN	3	4449	0
RELB_HUMAN	115	0	1
RELL1_HUMAN	87	0	1
RELL2_HUMAN	48	0	1
RELN_HUMAN	9	376	0
REL_HUMAN	405	0	1
REM1_HUMAN	7	788	0
REM2_HUMAN	3	3368	0
REN3A_HUMAN	52	0	1
REN3B_HUMAN	142	0	1
RENBP_HUMAN	5	1090	0
RENI_HUMAN	13	1002	0
RENR_HUMAN	327	0	1
RENT1_HUMAN	529	0	1
RENT2_HUMAN	181	0	1
REP15_HUMAN	20	666	0
REPI1_HUMAN	110	0	1
REPS1_HUMAN	113	0	1
REPS2_HUMAN	31	178	0
REQU_HUMAN	343	0	1
RER1_HUMAN	196	0	1
RERE_HUMAN	95	0	1
RERG_HUMAN	2	2469	0
REST_HUMAN	261	0	1
RET1G_HUMAN	1	8565	0
RET1L_HUMAN	13	779	0
RET1_HUMAN	39	149	0
RET2_HUMAN	4	1241	0
RET3_HUMAN	17	662	0
RET4_HUMAN	26	242	0
RET5_HUMAN	5	1258	0
RET7_HUMAN	11	963	0
RETNB_HUMAN	15	480	0
RETN_HUMAN	8	570	0
RETST_HUMAN	127	0	1
RET_HUMAN	275	0	1
REV1_HUMAN	30	134	0
REXO1_HUMAN	11	441	0
REXO4_HUMAN	278	0	1
REXON_HUMAN	35	211	0
RF1ML_HUMAN	242	0	1
RF1M_HUMAN	239	0	1
RFA1_HUMAN	3043	0	1
RFA2_HUMAN	2896	0	1
RFA3_HUMAN	2878	0	1
RFA4_HUMAN	451	0	1
RFC1_HUMAN	242	0	1
RFC2_HUMAN	176	0	1
RFC3_HUMAN	183	0	1
RFC4_HUMAN	249	0	1
RFC5_HUMAN	210	0	1
RFESD_HUMAN	9	1039	0
RFFL_HUMAN	77	0	1
RFIP1_HUMAN	133	0	1
RFIP2_HUMAN	81	0	1
RFIP3_HUMAN	27	179	0
RFIP4_HUMAN	25	235	0
RFIP5_HUMAN	185	0	1
RFNG_HUMAN	5	2679	0
RFOX1_HUMAN	92	0	1
RFOX2_HUMAN	241	0	1
RFOX3_HUMAN	15	592	0
RFPL1_HUMAN	4	1685	0
RFPL2_HUMAN	21	320	0
RFPL3_HUMAN	18	389	0
RFPLA_HUMAN	12	872	0
RFPLB_HUMAN	49	0	1
RFRP_HUMAN,NPVF_HUMAN	6	908	0
RFT1_HUMAN	94	0	1
RFTN1_HUMAN	58	0	1
RFTN2_HUMAN	10	1118	0
RFWD2_HUMAN	329	0	1
RFWD3_HUMAN	77	0	1
RFX1_HUMAN	82	0	1
RFX2_HUMAN	25	231	0
RFX3_HUMAN	70	0	1
RFX4_HUMAN	2	5295	0
RFX5_HUMAN	52	0	1
RFX6_HUMAN	43	0	1
RFX7_HUMAN	28	172	0
RFXAP_HUMAN	21	275	0
RFXK_HUMAN	151	0	1
RG18L_HUMAN	12	485	0
RG9D2_HUMAN,TM10A_HUMAN	24	165	0
RG9D3_HUMAN,TM10B_HUMAN	40	304	0
RGAG1_HUMAN	14	530	0
RGAG4_HUMAN	2	3113	0
RGAP1_HUMAN	217	0	1
RGCC_HUMAN	10	642	0
RGDSR_HUMAN	7	1088	0
RGF1A_HUMAN	5	1826	0
RGF1B_HUMAN	10	393	0
RGF1C_HUMAN	9	489	0
RGL1_HUMAN	16	363	0
RGL2_HUMAN	29	149	0
RGL3_HUMAN	53	0	1
RGMA_HUMAN	18	493	0
RGMB_HUMAN	9	721	0
RGMC_HUMAN	4	2970	0
RGN_HUMAN	9	780	0
RGP1_HUMAN	26	281	0
RGPA1_HUMAN	80	0	1
RGPA2_HUMAN	43	0	1
RGPD1_HUMAN	61	0	1
RGPD2_HUMAN	13	497	0
RGPD3_HUMAN	50	0	1
RGPD4_HUMAN	25	206	0
RGPD5_HUMAN	126	0	1
RGPD8_HUMAN	82	0	1
RGPS1_HUMAN	8	540	0
RGPS2_HUMAN	47	0	1
RGRF1_HUMAN	19	280	0
RGRF2_HUMAN	28	226	0
RGR_HUMAN	10	1002	0
RGS10_HUMAN	14	328	0
RGS11_HUMAN	11	404	0
RGS12_HUMAN	41	158	0
RGS13_HUMAN	10	460	0
RGS14_HUMAN	22	248	0
RGS16_HUMAN	15	403	0
RGS17_HUMAN	46	0	1
RGS18_HUMAN	7	837	0
RGS19_HUMAN	32	189	0
RGS1_HUMAN	9	767	0
RGS20_HUMAN	119	0	1
RGS22_HUMAN	7	711	0
RGS2_HUMAN	77	0	1
RGS3_HUMAN	75	0	1
RGS4_HUMAN	18	361	0
RGS5_HUMAN	13	615	0
RGS6_HUMAN	19	236	0
RGS7_HUMAN	14	372	0
RGS8_HUMAN	11	633	0
RGS9_HUMAN	13	394	0
RGSL_HUMAN	8	838	0
RHAG_HUMAN	10	950	0
RHBD1_HUMAN,RHBL4_HUMAN	350	0	1
RHBD2_HUMAN	110	0	1
RHBD3_HUMAN	27	341	0
RHBG_HUMAN	25	375	0
RHBL1_HUMAN	17	687	0
RHBL2_HUMAN	8	537	0
RHBL3_HUMAN	4	995	0
RHBT1_HUMAN	407	0	1
RHBT2_HUMAN	164	0	1
RHBT3_HUMAN	105	0	1
RHCG_HUMAN	63	0	1
RHDF1_HUMAN	21	273	0
RHDF2_HUMAN	178	0	1
RHD_HUMAN	9	1126	0
RHEB_HUMAN	107	0	1
RHES_HUMAN	13	481	0
RHF2B_HUMAN	1	1748	0
RHG01_HUMAN	247	0	1
RHG04_HUMAN	29	174	0
RHG05_HUMAN	57	0	1
RHG06_HUMAN	8	500	0
RHG07_HUMAN	58	0	1
RHG08_HUMAN	24	159	0
RHG09_HUMAN	42	159	0
RHG10_HUMAN	31	146	0
RHG12_HUMAN	69	0	1
RHG15_HUMAN	19	222	0
RHG17_HUMAN	98	0	1
RHG18_HUMAN	109	0	1
RHG19_HUMAN	67	0	1
RHG20_HUMAN	30	149	0
RHG21_HUMAN	188	0	1
RHG22_HUMAN	64	0	1
RHG23_HUMAN	70	0	1
RHG24_HUMAN	476	0	1
RHG25_HUMAN	52	0	1
RHG26_HUMAN	66	0	1
RHG27_HUMAN	12	251	0
RHG28_HUMAN	9	369	0
RHG29_HUMAN	85	0	1
RHG30_HUMAN	9	379	0
RHG31_HUMAN	48	0	1
RHG32_HUMAN	147	0	1
RHG33_HUMAN	11	379	0
RHG35_HUMAN	100	0	1
RHG36_HUMAN	73	0	1
RHG39_HUMAN	29	205	0
RHG42_HUMAN	9	1051	0
RHG44_HUMAN	35	195	0
RHGBA_HUMAN	71	0	1
RHGBB_HUMAN	30	159	0
RHGXX_HUMAN	113	0	1
RHINO_HUMAN	14	361	0
RHOA_HUMAN	1203	0	1
RHOB_HUMAN	843	0	1
RHOC_HUMAN	591	0	1
RHOD_HUMAN	565	0	1
RHOF_HUMAN	682	0	1
RHOG_HUMAN	902	0	1
RHOH_HUMAN	507	0	1
RHOJ_HUMAN	623	0	1
RHOQ_HUMAN	437	0	1
RHOU_HUMAN	397	0	1
RHOV_HUMAN	240	0	1
RHPN1_HUMAN	51	0	1
RHPN2_HUMAN	37	175	0
RHXF1_HUMAN	3	3115	0
RHXF2_HUMAN	101	0	1
RIBC1_HUMAN	63	0	1
RIBC2_HUMAN	32	177	0
RIC1_HUMAN	32	176	0
RIC3_HUMAN	134	0	1
RIC8A_HUMAN	100	0	1
RIC8B_HUMAN	47	0	1
RICTR_HUMAN	751	0	1
RIF1_HUMAN	327	0	1
RIFK_HUMAN	26	320	0
RILP_HUMAN	20	344	0
RIM3A_HUMAN	36	323	0
RIM3C_HUMAN	17	527	0
RIMB1_HUMAN	26	321	0
RIMB2_HUMAN	7	1194	0
RIMKA_HUMAN	7	779	0
RIMKB_HUMAN	12	468	0
RIMS1_HUMAN	259	0	1
RIMS2_HUMAN	26	185	0
RIMS3_HUMAN	10	718	0
RIMS4_HUMAN	8	585	0
RIN1_HUMAN	123	0	1
RIN2_HUMAN	24	141	0
RIN3_HUMAN	457	0	1
RING1_HUMAN	200	0	1
RING2_HUMAN	814	0	1
RINI_HUMAN	238	0	1
RINL_HUMAN	15	529	0
RINT1_HUMAN	234	0	1
RIOK1_HUMAN	530	0	1
RIOK2_HUMAN	361	0	1
RIOK3_HUMAN	89	0	1
RIPK1_HUMAN	205	0	1
RIPK2_HUMAN	119	0	1
RIPK3_HUMAN	122	0	1
RIPK4_HUMAN	447	0	1
RIPL1_HUMAN	20	208	0
RIPL2_HUMAN	11	646	0
RIPP1_HUMAN	53	0	1
RIPP2_HUMAN	20	520	0
RIP_HUMAN	16	276	0
RIR1_HUMAN	146	0	1
RIR2B_HUMAN	60	0	1
RIR2_HUMAN	100	0	1
RISC_HUMAN	88	0	1
RIT1_HUMAN	32	243	0
RIT2_HUMAN	21	322	0
RITA_HUMAN,RITA1_HUMAN	48	0	1
RK_HUMAN	9	703	0
RL10A_HUMAN	531	0	1
RL10L_HUMAN	119	0	1
RL10_HUMAN	708	0	1
RL11_HUMAN	698	0	1
RL12_HUMAN	439	0	1
RL13A_HUMAN	580	0	1
RL13_HUMAN	764	0	1
RL14_HUMAN	585	0	1
RL15_HUMAN	534	0	1
RL17_HUMAN	619	0	1
RL18A_HUMAN	479	0	1
RL18_HUMAN	553	0	1
RL19_HUMAN	660	0	1
RL1D1_HUMAN	479	0	1
RL21_HUMAN	396	0	1
RL22L_HUMAN	88	0	1
RL22_HUMAN	465	0	1
RL23A_HUMAN	670	0	1
RL23_HUMAN	581	0	1
RL24_HUMAN	442	0	1
RL26L_HUMAN	470	0	1
RL26_HUMAN	433	0	1
RL27A_HUMAN	495	0	1
RL27_HUMAN	453	0	1
RL28_HUMAN	496	0	1
RL29_HUMAN	326	0	1
RL30_HUMAN	478	0	1
RL31_HUMAN	796	0	1
RL32_HUMAN	359	0	1
RL34_HUMAN	306	0	1
RL35A_HUMAN	409	0	1
RL35_HUMAN	549	0	1
RL36A_HUMAN	158	0	1
RL36L_HUMAN	325	0	1
RL36_HUMAN	540	0	1
RL37A_HUMAN	433	0	1
RL37_HUMAN	163	0	1
RL38_HUMAN	383	0	1
RL39L_HUMAN	4	1588	0
RL39_HUMAN	116	0	1
RL3L_HUMAN	63	0	1
RL3R1_HUMAN	10	671	0
RL3R2_HUMAN	11	718	0
RL3_HUMAN	758	0	1
RL40_HUMAN	430	0	1
RL41_HUMAN	10	382	0
RL4_HUMAN	814	0	1
RL5_HUMAN	641	0	1
RL6_HUMAN	693	0	1
RL7A_HUMAN	723	0	1
RL7L_HUMAN	217	0	1
RL7_HUMAN	519	0	1
RL8_HUMAN	568	0	1
RL9_HUMAN	421	0	1
RLA0_HUMAN	679	0	1
RLA1_HUMAN	339	0	1
RLA2_HUMAN	438	0	1
RLBL1_HUMAN	1	8741	0
RLBP1_HUMAN	6	2092	0
RLF_HUMAN	66	0	1
RLGPB_HUMAN	72	0	1
RLP24_HUMAN	105	0	1
RM01_HUMAN	208	0	1
RM02_HUMAN	233	0	1
RM03_HUMAN	178	0	1
RM04_HUMAN	280	0	1
RM09_HUMAN	217	0	1
RM10_HUMAN	185	0	1
RM11_HUMAN	397	0	1
RM12_HUMAN	355	0	1
RM13_HUMAN	233	0	1
RM14_HUMAN	127	0	1
RM15_HUMAN	217	0	1
RM16_HUMAN	186	0	1
RM17_HUMAN	161	0	1
RM18_HUMAN	205	0	1
RM19_HUMAN	167	0	1
RM20_HUMAN	176	0	1
RM21_HUMAN	181	0	1
RM22_HUMAN	186	0	1
RM23_HUMAN	225	0	1
RM24_HUMAN	214	0	1
RM27_HUMAN	185	0	1
RM28_HUMAN	251	0	1
RM30_HUMAN	159	0	1
RM32_HUMAN	121	0	1
RM33_HUMAN	54	0	1
RM34_HUMAN	64	0	1
RM35_HUMAN	97	0	1
RM36_HUMAN	9	523	0
RM37_HUMAN	221	0	1
RM38_HUMAN	256	0	1
RM39_HUMAN	215	0	1
RM40_HUMAN	181	0	1
RM41_HUMAN	209	0	1
RM42_HUMAN	238	0	1
RM43_HUMAN	161	0	1
RM44_HUMAN	235	0	1
RM45_HUMAN	209	0	1
RM46_HUMAN	195	0	1
RM47_HUMAN	209	0	1
RM48_HUMAN	163	0	1
RM49_HUMAN	432	0	1
RM50_HUMAN	232	0	1
RM51_HUMAN	140	0	1
RM52_HUMAN	160	0	1
RM53_HUMAN	197	0	1
RM54_HUMAN	63	0	1
RM55_HUMAN	133	0	1
RMD1_HUMAN	52	0	1
RMD2_HUMAN	30	238	0
RMD3_HUMAN	329	0	1
RMD5A_HUMAN	178	0	1
RMD5B_HUMAN	51	0	1
RMI1_HUMAN	40	138	0
RMI2_HUMAN	21	278	0
RMND1_HUMAN	213	0	1
RMP_HUMAN	150	0	1
RMTL1_HUMAN,MRM3_HUMAN	189	0	1
RMXL1_HUMAN	120	0	1
RMXL2_HUMAN	48	0	1
RMXL3_HUMAN	10	527	0
RN103_HUMAN	28	239	0
RN111_HUMAN	107	0	1
RN112_HUMAN	763	0	1
RN114_HUMAN	103	0	1
RN115_HUMAN	137	0	1
RN121_HUMAN	16	294	0
RN122_HUMAN	15	433	0
RN123_HUMAN	799	0	1
RN125_HUMAN	57	0	1
RN126_HUMAN	159	0	1
RN128_HUMAN	64	0	1
RN133_HUMAN	24	261	0
RN135_HUMAN	27	232	0
RN138_HUMAN	104	0	1
RN139_HUMAN	46	0	1
RN141_HUMAN	11	555	0
RN145_HUMAN	30	265	0
RN146_HUMAN	97	0	1
RN148_HUMAN	55	0	1
RN149_HUMAN	560	0	1
RN150_HUMAN	19	263	0
RN151_HUMAN	124	0	1
RN152_HUMAN	19	510	0
RN157_HUMAN	38	162	0
RN165_HUMAN	15	428	0
RN166_HUMAN	125	0	1
RN167_HUMAN	57	0	1
RN168_HUMAN	92	0	1
RN169_HUMAN	72	0	1
RN170_HUMAN	64	0	1
RN175_HUMAN	4	2662	0
RN180_HUMAN	15	374	0
RN181_HUMAN	137	0	1
RN182_HUMAN	10	589	0
RN183_HUMAN	17	423	0
RN185_HUMAN	166	0	1
RN186_HUMAN	12	495	0
RN187_HUMAN	40	154	0
RN19A_HUMAN	22	201	0
RN19B_HUMAN	78	0	1
RN207_HUMAN	5	654	0
RN208_HUMAN	74	0	1
RN212_HUMAN	4	469	0
RN213_HUMAN	177	0	1
RN214_HUMAN	102	0	1
RN215_HUMAN	4	1631	0
RN216_HUMAN	55	0	1
RN217_HUMAN	8	705	0
RN219_HUMAN	174	0	1
RN220_HUMAN	47	0	1
RN222_HUMAN	1	3055	0
RN5A_HUMAN	46	0	1
RNAS1_HUMAN	12	567	0
RNAS2_HUMAN	5	1224	0
RNAS4_HUMAN	17	577	0
RNAS6_HUMAN	1	7899	0
RNAS7_HUMAN	69	0	1
RNAS9_HUMAN	4	2075	0
RNB3L_HUMAN	12	494	0
RNBP6_HUMAN	124	0	1
RNC_HUMAN	181	0	1
RND1_HUMAN	240	0	1
RND2_HUMAN	436	0	1
RND3_HUMAN	271	0	1
RNF10_HUMAN	140	0	1
RNF11_HUMAN	163	0	1
RNF12_HUMAN	360	0	1
RNF13_HUMAN	80	0	1
RNF14_HUMAN	40	163	0
RNF17_HUMAN	14	385	0
RNF24_HUMAN	19	533	0
RNF25_HUMAN	44	0	1
RNF26_HUMAN	66	0	1
RNF31_HUMAN	388	0	1
RNF32_HUMAN	45	0	1
RNF34_HUMAN	56	0	1
RNF37_HUMAN	29	230	0
RNF38_HUMAN	101	0	1
RNF39_HUMAN	8	725	0
RNF41_HUMAN	150	0	1
RNF43_HUMAN	430	0	1
RNF44_HUMAN	14	913	0
RNF4_HUMAN	1392	0	1
RNF5_HUMAN	154	0	1
RNF6_HUMAN	73	0	1
RNF8_HUMAN	437	0	1
RNFT1_HUMAN	32	261	0
RNFT2_HUMAN	3	936	0
RNH1_HUMAN	60	0	1
RNH2A_HUMAN	76	0	1
RNH2B_HUMAN	65	0	1
RNH2C_HUMAN	24	210	0
RNK_HUMAN	30	271	0
RNLS_HUMAN	38	183	0
RNPL1_HUMAN	8	664	0
RNPS1_HUMAN	490	0	1
RNS10_HUMAN	9	936	0
RNS11_HUMAN	1	8315	0
RNS12_HUMAN	2	2737	0
RNS13_HUMAN	15	653	0
RNT2_HUMAN	17	332	0
RNZ1_HUMAN	1	2222	0
RNZ2_HUMAN	190	0	1
RO52_HUMAN	684	0	1
RO60_HUMAN	200	0	1
ROA0_HUMAN	302	0	1
ROA1_HUMAN	906	0	1
ROA2_HUMAN	715	0	1
ROA3_HUMAN	449	0	1
ROAA_HUMAN	380	0	1
ROBO1_HUMAN	115	0	1
ROBO2_HUMAN	51	0	1
ROBO3_HUMAN	13	659	0
ROBO4_HUMAN	12	335	0
ROCK1_HUMAN	166	0	1
ROCK2_HUMAN	160	0	1
ROGDI_HUMAN	32	186	0
ROM1_HUMAN	6	1415	0
ROMO1_HUMAN	19	533	0
RON_HUMAN	189	0	1
ROP1A_HUMAN	62	0	1
ROP1B_HUMAN	3	2150	0
ROP1L_HUMAN	10	1395	0
ROR1_HUMAN	117	0	1
ROR2_HUMAN	334	0	1
RORA_HUMAN	37	214	0
RORB_HUMAN	74	0	1
RORG_HUMAN	46	0	1
ROS1_HUMAN	103	0	1
RP1L1_HUMAN	7	690	0
RP1_HUMAN	9	393	0
RP25L_HUMAN	78	0	1
RP3A_HUMAN	32	198	0
RP9_HUMAN	103	0	1
RPA12_HUMAN	64	0	1
RPA1_HUMAN	206	0	1
RPA2_HUMAN	160	0	1
RPA34_HUMAN	494	0	1
RPA43_HUMAN	54	0	1
RPA49_HUMAN	340	0	1
RPAB1_HUMAN	294	0	1
RPAB2_HUMAN	139	0	1
RPAB3_HUMAN	229	0	1
RPAB4_HUMAN	143	0	1
RPAB5_HUMAN	169	0	1
RPAC1_HUMAN	316	0	1
RPAC2_HUMAN	137	0	1
RPAP1_HUMAN	108	0	1
RPAP2_HUMAN	160	0	1
RPAP3_HUMAN	220	0	1
RPB11_HUMAN	152	0	1
RPB1B_HUMAN	15	465	0
RPB1C_HUMAN	21	368	0
RPB1_HUMAN	504	0	1
RPB2_HUMAN	368	0	1
RPB3_HUMAN	339	0	1
RPB4_HUMAN	152	0	1
RPB7_HUMAN	179	0	1
RPB9_HUMAN	125	0	1
RPC10_HUMAN	79	0	1
RPC1_HUMAN	162	0	1
RPC2_HUMAN	126	0	1
RPC3_HUMAN	110	0	1
RPC4_HUMAN	87	0	1
RPC5_HUMAN	106	0	1
RPC6_HUMAN	65	0	1
RPC7L_HUMAN	41	202	0
RPC7_HUMAN	36	272	0
RPC8_HUMAN	91	0	1
RPC9_HUMAN	89	0	1
RPE65_HUMAN	7	980	0
RPESP_HUMAN	3	3007	0
RPE_HUMAN	52	0	1
RPF1_HUMAN	139	0	1
RPF2_HUMAN	236	0	1
RPGF1_HUMAN	38	115	0
RPGF2_HUMAN	86	0	1
RPGF3_HUMAN	22	193	0
RPGF4_HUMAN	28	199	0
RPGF5_HUMAN	37	215	0
RPGF6_HUMAN	81	0	1
RPGFL_HUMAN	6	1205	0
RPGP1_HUMAN	48	0	1
RPGP2_HUMAN	10	330	0
RPGR1_HUMAN	68	0	1
RPGR_HUMAN	51	0	1
RPH3L_HUMAN	31	222	0
RPIA_HUMAN	70	0	1
RPKL1_HUMAN	50	0	1
RPN1_HUMAN	871	0	1
RPN2_HUMAN	818	0	1
RPOM_HUMAN	230	0	1
RPP14_HUMAN	45	0	1
RPP21_HUMAN	21	355	0
RPP25_HUMAN	59	0	1
RPP29_HUMAN,RPP29_HUMAN,PYDC4_HUMAN	77	0	1
RPP30_HUMAN	114	0	1
RPP38_HUMAN	105	0	1
RPP40_HUMAN	50	0	1
RPR1A_HUMAN	181	0	1
RPR1B_HUMAN	243	0	1
RPRD2_HUMAN	153	0	1
RPRML_HUMAN	1	2790	0
RPRM_HUMAN	100	0	1
RPTN_HUMAN	5	1208	0
RPTOR_HUMAN	337	0	1
RRAGA_HUMAN	70	0	1
RRAGB_HUMAN	56	0	1
RRAGC_HUMAN	75	0	1
RRAGD_HUMAN	69	0	1
RRAS2_HUMAN	101	0	1
RRAS_HUMAN	71	0	1
RRBP1_HUMAN	346	0	1
RREB1_HUMAN	95	0	1
RRF2M_HUMAN	181	0	1
RRFM_HUMAN	295	0	1
RRMJ1_HUMAN,TRM7_HUMAN	178	0	1
RRMJ2_HUMAN,MRM2_HUMAN	91	0	1
RRMJ3_HUMAN,SPB1_HUMAN	412	0	1
RRN3_HUMAN	37	180	0
RRNAD_HUMAN	1	6184	0
RRP12_HUMAN	318	0	1
RRP15_HUMAN	160	0	1
RRP1B_HUMAN	678	0	1
RRP1_HUMAN	166	0	1
RRP36_HUMAN	67	0	1
RRP44_HUMAN	198	0	1
RRP5_HUMAN	328	0	1
RRP7A_HUMAN	131	0	1
RRP7B_HUMAN	4	658	0
RRP8_HUMAN	306	0	1
RRS1_HUMAN	372	0	1
RS10L_HUMAN	62	0	1
RS10_HUMAN	640	0	1
RS11_HUMAN	545	0	1
RS12_HUMAN	346	0	1
RS13_HUMAN	518	0	1
RS14_HUMAN	577	0	1
RS15A_HUMAN	430	0	1
RS15_HUMAN	438	0	1
RS16_HUMAN	768	0	1
RS17L_HUMAN	15	477	0
RS17_HUMAN	341	0	1
RS18_HUMAN	449	0	1
RS19_HUMAN	709	0	1
RS20_HUMAN	545	0	1
RS21_HUMAN	267	0	1
RS23_HUMAN	422	0	1
RS24_HUMAN	555	0	1
RS25_HUMAN	466	0	1
RS26L_HUMAN	73	0	1
RS26_HUMAN	341	0	1
RS27A_HUMAN	509	0	1
RS27L_HUMAN	228	0	1
RS27_HUMAN	389	0	1
RS28_HUMAN	308	0	1
RS29_HUMAN	221	0	1
RS2_HUMAN	676	0	1
RS30_HUMAN	249	0	1
RS3A_HUMAN	688	0	1
RS3_HUMAN	775	0	1
RS4X_HUMAN	546	0	1
RS4Y1_HUMAN	89	0	1
RS4Y2_HUMAN	74	0	1
RS5_HUMAN	445	0	1
RS6_HUMAN	914	0	1
RS7_HUMAN	522	0	1
RS8_HUMAN	685	0	1
RS9_HUMAN	576	0	1
RSAD1_HUMAN	52	0	1
RSAD2_HUMAN	26	236	0
RSBN1_HUMAN	169	0	1
RSBNL_HUMAN	126	0	1
RSCA1_HUMAN	12	410	0
RSF1_HUMAN	121	0	1
RSG1_HUMAN	12	463	0
RSH4A_HUMAN	3	2570	0
RSH6A_HUMAN	32	277	0
RSHL1_HUMAN	32	277	0
RSLAA_HUMAN	6	1111	0
RSLAB_HUMAN	53	0	1
RSLBA_HUMAN	13	575	0
RSLBB_HUMAN	13	585	0
RSMB_HUMAN	525	0	1
RSMN_HUMAN	194	0	1
RSPH1_HUMAN	132	0	1
RSPH3_HUMAN	9	795	0
RSPH9_HUMAN	18	393	0
RSPO1_HUMAN	25	336	0
RSPO2_HUMAN	22	356	0
RSPO3_HUMAN	7	481	0
RSPO4_HUMAN	15	565	0
RSPRY_HUMAN	85	0	1
RSRC1_HUMAN	109	0	1
RSRC2_HUMAN	72	0	1
RSSA_HUMAN	517	0	1
RSU1_HUMAN	67	0	1
RT02_HUMAN	281	0	1
RT05_HUMAN	296	0	1
RT06_HUMAN	188	0	1
RT07_HUMAN	357	0	1
RT09_HUMAN	399	0	1
RT10_HUMAN	226	0	1
RT11_HUMAN	224	0	1
RT12_HUMAN	259	0	1
RT14_HUMAN	230	0	1
RT15_HUMAN	151	0	1
RT16_HUMAN	196	0	1
RT17_HUMAN	240	0	1
RT18A_HUMAN	140	0	1
RT18B_HUMAN	319	0	1
RT18C_HUMAN	204	0	1
RT21_HUMAN	117	0	1
RT22_HUMAN	295	0	1
RT23_HUMAN	368	0	1
RT24_HUMAN	274	0	1
RT25_HUMAN	276	0	1
RT26_HUMAN	456	0	1
RT27_HUMAN	343	0	1
RT28_HUMAN	230	0	1
RT29_HUMAN	344	0	1
RT30_HUMAN	208	0	1
RT31_HUMAN	321	0	1
RT33_HUMAN	172	0	1
RT34_HUMAN	325	0	1
RT35_HUMAN	310	0	1
RT36_HUMAN	111	0	1
RT4I1_HUMAN	91	0	1
RT63_HUMAN	97	0	1
RTBDN_HUMAN	9	1256	0
RTCA_HUMAN	103	0	1
RTCB_HUMAN	322	0	1
RTDR1_HUMAN,RSP14_HUMAN	50	0	1
RTEL1_HUMAN	97	0	1
RTF1_HUMAN	111	0	1
RTKN2_HUMAN	14	408	0
RTKN_HUMAN	110	0	1
RTL1_HUMAN	8	345	0
RTN1_HUMAN	121	0	1
RTN2_HUMAN	43	0	1
RTN3_HUMAN	187	0	1
RTN4R_HUMAN	40	205	0
RTN4_HUMAN	354	0	1
RTP1_HUMAN	2	3824	0
RTP2_HUMAN	89	0	1
RTP3_HUMAN	8	1001	0
RTP4_HUMAN	10	1062	0
RTTN_HUMAN	21	206	0
RU17_HUMAN	1013	0	1
RU1C_HUMAN	446	0	1
RU2A_HUMAN	329	0	1
RU2B_HUMAN	267	0	1
RUAS1_HUMAN	3	1943	0
RUBIC_HUMAN	55	0	1
RUFY1_HUMAN	494	0	1
RUFY2_HUMAN	63	0	1
RUFY3_HUMAN	57	0	1
RUFY4_HUMAN	15	729	0
RUN3A_HUMAN	62	0	1
RUN3B_HUMAN	8	697	0
RUND1_HUMAN	17	291	0
RUNX1_HUMAN	301	0	1
RUNX2_HUMAN	83	0	1
RUNX3_HUMAN	63	0	1
RUSC1_HUMAN	104	0	1
RUSC2_HUMAN	42	152	0
RUSD1_HUMAN	4	783	0
RUSD2_HUMAN	35	166	0
RUSD3_HUMAN	204	0	1
RUSD4_HUMAN	246	0	1
RUVB1_HUMAN	624	0	1
RUVB2_HUMAN	655	0	1
RUXE_HUMAN	308	0	1
RUXF_HUMAN	383	0	1
RUXG_HUMAN	177	0	1
RWD2A_HUMAN	9	743	0
RWD2B_HUMAN	33	204	0
RWDD1_HUMAN	13	436	0
RWDD3_HUMAN	10	535	0
RWDD4_HUMAN	23	179	0
RXFP1_HUMAN	85	0	1
RXFP2_HUMAN	4	2320	0
RXRA_HUMAN	164	0	1
RXRB_HUMAN	65	0	1
RXRG_HUMAN	39	210	0
RX_HUMAN	2	2786	0
RYBP_HUMAN	637	0	1
RYK_HUMAN	209	0	1
RYR1_HUMAN	37	127	0
RYR2_HUMAN	54	0	1
RYR3_HUMAN	22	165	0
S100B_HUMAN	181	0	1
S100G_HUMAN	5	1184	0
S100P_HUMAN	265	0	1
S100Z_HUMAN	11	1148	0
S10A1_HUMAN	38	173	0
S10A2_HUMAN	424	0	1
S10A3_HUMAN	63	0	1
S10A4_HUMAN	161	0	1
S10A5_HUMAN	12	501	0
S10A6_HUMAN	213	0	1
S10A7_HUMAN	187	0	1
S10A8_HUMAN	214	0	1
S10A9_HUMAN	319	0	1
S10AA_HUMAN	132	0	1
S10AB_HUMAN	90	0	1
S10AC_HUMAN	6	610	0
S10AD_HUMAN	50	0	1
S10AE_HUMAN	87	0	1
S10AG_HUMAN	74	0	1
S11IP_HUMAN	91	0	1
S12A1_HUMAN	20	386	0
S12A2_HUMAN	229	0	1
S12A3_HUMAN	74	0	1
S12A4_HUMAN	198	0	1
S12A5_HUMAN	33	176	0
S12A6_HUMAN	142	0	1
S12A7_HUMAN	154	0	1
S12A8_HUMAN	18	578	0
S12A9_HUMAN	211	0	1
S12IP_HUMAN	67	0	1
S13A1_HUMAN	52	0	1
S13A2_HUMAN	43	0	1
S13A3_HUMAN	56	0	1
S13A4_HUMAN	36	287	0
S13A5_HUMAN	38	222	0
S14L1_HUMAN	19	224	0
S14L2_HUMAN	24	199	0
S14L3_HUMAN	4	1376	0
S14L4_HUMAN	23	336	0
S14L5_HUMAN	5	604	0
S15A1_HUMAN	111	0	1
S15A2_HUMAN	77	0	1
S15A3_HUMAN	382	0	1
S15A4_HUMAN	131	0	1
S15A5_HUMAN	1	3740	0
S17A4_HUMAN	1	2214	0
S17A5_HUMAN	67	0	1
S17A9_HUMAN	80	0	1
S18B1_HUMAN	32	258	0
S18L2_HUMAN	71	0	1
S19A1_HUMAN	147	0	1
S19A2_HUMAN	298	0	1
S19A3_HUMAN	101	0	1
S1A7A_HUMAN	79	0	1
S1A7B_HUMAN	9	870	0
S1PBP_HUMAN	11	440	0
S1PR1_HUMAN	130	0	1
S1PR2_HUMAN	30	347	0
S1PR3_HUMAN	178	0	1
S1PR4_HUMAN	145	0	1
S1PR5_HUMAN	17	604	0
S20A1_HUMAN	93	0	1
S20A2_HUMAN	122	0	1
S22A1_HUMAN	43	0	1
S22A2_HUMAN	105	0	1
S22A3_HUMAN	19	299	0
S22A4_HUMAN	239	0	1
S22A5_HUMAN	113	0	1
S22A6_HUMAN	57	0	1
S22A7_HUMAN	16	532	0
S22A8_HUMAN	33	198	0
S22A9_HUMAN	301	0	1
S22AA_HUMAN	21	502	0
S22AB_HUMAN	146	0	1
S22AC_HUMAN	12	485	0
S22AD_HUMAN	14	720	0
S22AE_HUMAN	64	0	1
S22AF_HUMAN	36	274	0
S22AG_HUMAN	54	0	1
S22AH_HUMAN	47	0	1
S22AI_HUMAN	86	0	1
S22AK_HUMAN	1	5550	0
S22AN_HUMAN	60	0	1
S22AO_HUMAN	13	733	0
S22AP_HUMAN	12	362	0
S23A1_HUMAN	55	0	1
S23A2_HUMAN	33	196	0
S23A3_HUMAN	6	1233	0
S23IP_HUMAN	217	0	1
S2533_HUMAN	39	157	0
S2534_HUMAN	1	2756	0
S2535_HUMAN	17	458	0
S2536_HUMAN	7	525	0
S2538_HUMAN	14	778	0
S2539_HUMAN	8	528	0
S2540_HUMAN	60	0	1
S2541_HUMAN	89	0	1
S2542_HUMAN	14	390	0
S2543_HUMAN	9	434	0
S2544_HUMAN	9	599	0
S2545_HUMAN	1	5109	0
S2546_HUMAN	275	0	1
S2547_HUMAN	4	2151	0
S2548_HUMAN	31	265	0
S2551_HUMAN	28	452	0
S2552_HUMAN	5	2643	0
S2553_HUMAN	1	7249	0
S2610_HUMAN	8	479	0
S2611_HUMAN	174	0	1
S26A1_HUMAN	8	673	0
S26A2_HUMAN	67	0	1
S26A3_HUMAN	29	305	0
S26A4_HUMAN	34	241	0
S26A5_HUMAN	15	656	0
S26A6_HUMAN	77	0	1
S26A7_HUMAN	13	773	0
S26A8_HUMAN	91	0	1
S26A9_HUMAN	5	978	0
S27A1_HUMAN	161	0	1
S27A2_HUMAN	288	0	1
S27A3_HUMAN	108	0	1
S27A4_HUMAN	259	0	1
S27A5_HUMAN	101	0	1
S27A6_HUMAN	246	0	1
S28A1_HUMAN	36	254	0
S28A2_HUMAN	74	0	1
S28A3_HUMAN	24	204	0
S29A1_HUMAN	138	0	1
S29A2_HUMAN	47	0	1
S29A3_HUMAN	7	1098	0
S29A4_HUMAN	10	613	0
S2A4R_HUMAN	2	1461	0
S30BP_HUMAN	112	0	1
S352B_HUMAN	9	1051	0
S35A1_HUMAN	58	0	1
S35A2_HUMAN	39	163	0
S35A3_HUMAN	141	0	1
S35A4_HUMAN	84	0	1
S35A5_HUMAN	54	0	1
S35B1_HUMAN	98	0	1
S35B2_HUMAN	241	0	1
S35B3_HUMAN	33	219	0
S35B4_HUMAN	140	0	1
S35C2_HUMAN	203	0	1
S35D1_HUMAN	3	645	0
S35D2_HUMAN	25	268	0
S35D3_HUMAN	19	551	0
S35E1_HUMAN	118	0	1
S35E2_HUMAN	25	242	0
S35E3_HUMAN	79	0	1
S35E4_HUMAN	58	0	1
S35F1_HUMAN	151	0	1
S35F2_HUMAN	197	0	1
S35F3_HUMAN	108	0	1
S35F4_HUMAN	222	0	1
S35F5_HUMAN	64	0	1
S35G1_HUMAN	110	0	1
S35G2_HUMAN	76	0	1
S35G3_HUMAN	99	0	1
S35G5_HUMAN	4	2920	0
S35G6_HUMAN	1	8961	0
S36A1_HUMAN	17	384	0
S36A2_HUMAN	14	346	0
S36A3_HUMAN	1	7680	0
S36A4_HUMAN	10	1158	0
S38A1_HUMAN	196	0	1
S38A2_HUMAN	161	0	1
S38A3_HUMAN	9	457	0
S38A4_HUMAN	8	546	0
S38A5_HUMAN	57	0	1
S38A6_HUMAN	19	434	0
S38A7_HUMAN	96	0	1
S38A8_HUMAN	27	385	0
S38A9_HUMAN	77	0	1
S38AA_HUMAN	80	0	1
S38AB_HUMAN	2	870	0
S39A1_HUMAN	71	0	1
S39A2_HUMAN	103	0	1
S39A3_HUMAN	99	0	1
S39A4_HUMAN	283	0	1
S39A5_HUMAN	123	0	1
S39A6_HUMAN	152	0	1
S39A7_HUMAN	346	0	1
S39A8_HUMAN	139	0	1
S39A9_HUMAN	192	0	1
S39AA_HUMAN	229	0	1
S39AB_HUMAN	194	0	1
S39AC_HUMAN	248	0	1
S39AD_HUMAN	51	0	1
S39AE_HUMAN	336	0	1
S3TC1_HUMAN	8	451	0
S3TC2_HUMAN	1	968	0
S40A1_HUMAN	47	0	1
S41A1_HUMAN	88	0	1
S41A2_HUMAN	39	297	0
S41A3_HUMAN	100	0	1
S43A3_HUMAN	88	0	1
S45A1_HUMAN	20	387	0
S45A2_HUMAN	22	260	0
S45A3_HUMAN	96	0	1
S45A4_HUMAN	42	152	0
S46A3_HUMAN	44	0	1
S47A1_HUMAN	88	0	1
S47A2_HUMAN	19	387	0
S4A10_HUMAN	20	320	0
S4A11_HUMAN	13	369	0
S4A4_HUMAN	69	0	1
S4A5_HUMAN	134	0	1
S4A7_HUMAN	260	0	1
S4A8_HUMAN	69	0	1
S52A1_HUMAN	17	456	0
S52A2_HUMAN	8	1243	0
S52A3_HUMAN	14	1010	0
S5A1_HUMAN	4	691	0
S5A2_HUMAN	5	2051	0
S61A1_HUMAN	228	0	1
S61A2_HUMAN	47	0	1
S6A11_HUMAN	141	0	1
S6A12_HUMAN	196	0	1
S6A13_HUMAN	17	700	0
S6A14_HUMAN	25	309	0
S6A15_HUMAN	202	0	1
S6A16_HUMAN	77	0	1
S6A17_HUMAN	21	265	0
S6A18_HUMAN	5	1784	0
S6A19_HUMAN	7	1214	0
S6A20_HUMAN	75	0	1
S6OS1_HUMAN	6	1303	0
S7A13_HUMAN	2	3965	0
S7A14_HUMAN	154	0	1
S7A6O_HUMAN	23	233	0
S9A10_HUMAN	26	300	0
S9A11_HUMAN	48	0	1
SAA4_HUMAN	9	1064	0
SAAL1_HUMAN	330	0	1
SAC1_HUMAN	186	0	1
SAC2_HUMAN	42	135	0
SAC31_HUMAN	15	364	0
SACA1_HUMAN	115	0	1
SACA3_HUMAN	6	957	0
SACA4_HUMAN	8	720	0
SACS_HUMAN	63	0	1
SAE1_HUMAN	147	0	1
SAE2_HUMAN	175	0	1
SAFB1_HUMAN	261	0	1
SAFB2_HUMAN	222	0	1
SAGE1_HUMAN	7	744	0
SAHH2_HUMAN	410	0	1
SAHH3_HUMAN	152	0	1
SAHH_HUMAN	305	0	1
SALL1_HUMAN	96	0	1
SALL2_HUMAN	96	0	1
SALL3_HUMAN	21	293	0
SALL4_HUMAN	26	205	0
SAM10_HUMAN	2	1696	0
SAM11_HUMAN	45	0	1
SAM12_HUMAN	12	409	0
SAM13_HUMAN	5	1126	0
SAM14_HUMAN	1	3996	0
SAM50_HUMAN	220	0	1
SAM9L_HUMAN	13	249	0
SAMC_HUMAN	18	558	0
SAMD1_HUMAN	131	0	1
SAMD3_HUMAN	15	344	0
SAMD5_HUMAN	1	2153	0
SAMD7_HUMAN	11	896	0
SAMD8_HUMAN	4	1636	0
SAMD9_HUMAN	31	158	0
SAMH1_HUMAN	214	0	1
SAMN1_HUMAN	8	617	0
SAMP_HUMAN	29	259	0
SAP18_HUMAN	522	0	1
SAP30_HUMAN	159	0	1
SAP3_HUMAN	79	0	1
SAPC1_HUMAN	14	558	0
SAPC2_HUMAN	31	394	0
SAPL1_HUMAN	5	1152	0
SAP_HUMAN	141	0	1
SAR1A_HUMAN	297	0	1
SAR1B_HUMAN	342	0	1
SARAF_HUMAN	222	0	1
SARCO_HUMAN	9	705	0
SARDH_HUMAN	41	211	0
SARG_HUMAN	20	249	0
SARM1_HUMAN	59	0	1
SARNP_HUMAN	158	0	1
SART3_HUMAN	517	0	1
SAS10_HUMAN	156	0	1
SAS6_HUMAN	159	0	1
SASH1_HUMAN	55	0	1
SASH3_HUMAN	3	1311	0
SAST_HUMAN	1	3361	0
SAT1_HUMAN	103	0	1
SAT2_HUMAN	19	344	0
SATB1_HUMAN	129	0	1
SATB2_HUMAN	155	0	1
SATT_HUMAN	45	0	1
SAV1_HUMAN	170	0	1
SBDS_HUMAN	203	0	1
SBK1_HUMAN	9	681	0
SBK2_HUMAN	6	733	0
SBNO1_HUMAN	73	0	1
SBNO2_HUMAN	17	216	0
SBP1_HUMAN	164	0	1
SBP2L_HUMAN	41	187	0
SBSN_HUMAN	137	0	1
SBSPO_HUMAN	3	3007	0
SC11A_HUMAN	114	0	1
SC11B_HUMAN	1	6255	0
SC11C_HUMAN	67	0	1
SC16A_HUMAN	460	0	1
SC16B_HUMAN	6	779	0
SC22A_HUMAN	130	0	1
SC22B_HUMAN	378	0	1
SC22C_HUMAN	11	741	0
SC23A_HUMAN	267	0	1
SC23B_HUMAN	187	0	1
SC24A_HUMAN	196	0	1
SC24B_HUMAN	217	0	1
SC24C_HUMAN	170	0	1
SC24D_HUMAN	60	0	1
SC2B2_HUMAN	1	2858	0
SC31A_HUMAN	195	0	1
SC31B_HUMAN	21	287	0
SC5A1_HUMAN	11	377	0
SC5A2_HUMAN	14	448	0
SC5A3_HUMAN	96	0	1
SC5A4_HUMAN	38	372	0
SC5A5_HUMAN	29	245	0
SC5A6_HUMAN	79	0	1
SC5A7_HUMAN	24	263	0
SC5A8_HUMAN	52	0	1
SC5A9_HUMAN	31	221	0
SC5AA_HUMAN	4	2023	0
SC5AB_HUMAN	8	552	0
SC5AC_HUMAN	38	294	0
SC5D_HUMAN	39	237	0
SC61B_HUMAN	777	0	1
SC61G_HUMAN	41	128	0
SC65_HUMAN	87	0	1
SC6A1_HUMAN	64	0	1
SC6A2_HUMAN	19	344	0
SC6A3_HUMAN	61	0	1
SC6A4_HUMAN	47	0	1
SC6A5_HUMAN	52	0	1
SC6A6_HUMAN	49	0	1
SC6A7_HUMAN	42	249	0
SC6A8_HUMAN	205	0	1
SC6A9_HUMAN	39	191	0
SCAF8_HUMAN	80	0	1
SCAFB_HUMAN	144	0	1
SCAI_HUMAN	59	0	1
SCAM1_HUMAN	206	0	1
SCAM2_HUMAN	151	0	1
SCAM3_HUMAN	232	0	1
SCAM4_HUMAN	37	162	0
SCAM5_HUMAN	32	268	0
SCAPE_HUMAN	37	144	0
SCAP_HUMAN	144	0	1
SCAR3_HUMAN	103	0	1
SCAR5_HUMAN	23	259	0
SCC4_HUMAN	136	0	1
SCD5_HUMAN	56	0	1
SCEL_HUMAN	41	181	0
SCFD1_HUMAN	278	0	1
SCFD2_HUMAN	41	123	0
SCF_HUMAN	18	356	0
SCG1_HUMAN	43	0	1
SCG2_HUMAN	20	197	0
SCG3_HUMAN	22	239	0
SCGBL_HUMAN	2	1098	0
SCHI1_HUMAN	28	299	0
SCIMP_HUMAN	9	877	0
SCLT1_HUMAN	171	0	1
SCLY_HUMAN	42	143	0
SCMC1_HUMAN	161	0	1
SCMC2_HUMAN	110	0	1
SCMC3_HUMAN	44	0	1
SCMH1_HUMAN	52	0	1
SCML1_HUMAN	62	0	1
SCML2_HUMAN	78	0	1
SCML4_HUMAN	6	1590	0
SCN1A_HUMAN	25	215	0
SCN1B_HUMAN	17	593	0
SCN2A_HUMAN	74	0	1
SCN2B_HUMAN	187	0	1
SCN3A_HUMAN	16	392	0
SCN3B_HUMAN	303	0	1
SCN4A_HUMAN	93	0	1
SCN4B_HUMAN	5	1774	0
SCN5A_HUMAN	37	223	0
SCN7A_HUMAN	5	827	0
SCN8A_HUMAN	13	418	0
SCN9A_HUMAN	13	477	0
SCNAA_HUMAN	12	413	0
SCNBA_HUMAN	5	776	0
SCND1_HUMAN	68	0	1
SCND2_HUMAN	1	1286	0
SCND3_HUMAN	16	363	0
SCNM1_HUMAN	198	0	1
SCNNA_HUMAN	66	0	1
SCNNB_HUMAN	20	386	0
SCNND_HUMAN	25	270	0
SCNNG_HUMAN	18	454	0
SCO1_HUMAN	178	0	1
SCO2_HUMAN	148	0	1
SCOC_HUMAN	50	0	1
SCOT1_HUMAN	153	0	1
SCOT2_HUMAN	34	260	0
SCPDL_HUMAN	229	0	1
SCRB1_HUMAN	122	0	1
SCRB2_HUMAN	220	0	1
SCRG1_HUMAN	4	2926	0
SCRIB_HUMAN	319	0	1
SCRN1_HUMAN	57	0	1
SCRN2_HUMAN	29	180	0
SCRN3_HUMAN	15	238	0
SCRT1_HUMAN	10	1106	0
SCRT2_HUMAN	9	696	0
SCTM1_HUMAN	20	466	0
SCTR_HUMAN	5	2078	0
SCUB2_HUMAN	2	3382	0
SCUB3_HUMAN	5	528	0
SCX_HUMAN	5	1904	0
SCYL2_HUMAN	195	0	1
SDA1_HUMAN	166	0	1
SDC1_HUMAN	808	0	1
SDC2_HUMAN	169	0	1
SDC3_HUMAN	40	187	0
SDC4_HUMAN	104	0	1
SDCB1_HUMAN	456	0	1
SDCB2_HUMAN	73	0	1
SDCG3_HUMAN	189	0	1
SDCG8_HUMAN	40	192	0
SDF1_HUMAN	12	423	0
SDF2L_HUMAN	334	0	1
SDF2_HUMAN	66	0	1
SDHF1_HUMAN	11	458	0
SDHF2_HUMAN	35	148	0
SDHL_HUMAN	4	2235	0
SDK1_HUMAN	23	186	0
SDK2_HUMAN	49	0	1
SDOS_HUMAN	78	0	1
SDPR_HUMAN	68	0	1
SDS3_HUMAN	138	0	1
SDSL_HUMAN	8	363	0
SE1L1_HUMAN	178	0	1
SE1L2_HUMAN	5	1352	0
SE1L3_HUMAN	65	0	1
SE6L1_HUMAN	11	611	0
SE6L2_HUMAN	44	0	1
SEBP2_HUMAN	78	0	1
SEC13_HUMAN	215	0	1
SEC20_HUMAN	132	0	1
SEC62_HUMAN	534	0	1
SEC63_HUMAN	391	0	1
SECR_HUMAN	6	1596	0
SEGN_HUMAN	71	0	1
SEH1_HUMAN	139	0	1
SEHL2_HUMAN	6	1576	0
SELB_HUMAN	50	0	1
SELH_HUMAN	38	174	0
SELK_HUMAN	54	0	1
SELM_HUMAN	24	270	0
SELN_HUMAN	79	0	1
SELO_HUMAN	42	176	0
SELPL_HUMAN	12	664	0
SELR1_HUMAN,COA7_HUMAN	143	0	1
SELS_HUMAN	63	0	1
SELT_HUMAN	52	0	1
SELV_HUMAN	12	811	0
SELW_HUMAN	6	701	0
SEM3A_HUMAN	12	300	0
SEM3B_HUMAN	75	0	1
SEM3C_HUMAN	63	0	1
SEM3D_HUMAN	6	819	0
SEM3E_HUMAN	3	1377	0
SEM3F_HUMAN	12	326	0
SEM3G_HUMAN	3	1142	0
SEM4A_HUMAN	25	220	0
SEM4B_HUMAN	38	239	0
SEM4C_HUMAN	172	0	1
SEM4D_HUMAN	32	208	0
SEM4F_HUMAN	52	0	1
SEM4G_HUMAN	52	0	1
SEM5A_HUMAN	1	968	0
SEM5B_HUMAN	10	751	0
SEM6A_HUMAN	64	0	1
SEM6B_HUMAN	50	0	1
SEM6C_HUMAN	4	748	0
SEM6D_HUMAN	18	249	0
SEM7A_HUMAN	32	206	0
SEMG1_HUMAN	102	0	1
SEMG2_HUMAN	80	0	1
SEN15_HUMAN	63	0	1
SEN2_HUMAN	60	0	1
SEN34_HUMAN	47	0	1
SEN54_HUMAN	37	198	0
SENP1_HUMAN	128	0	1
SENP2_HUMAN	157	0	1
SENP3_HUMAN	300	0	1
SENP5_HUMAN	65	0	1
SENP6_HUMAN	38	133	0
SENP7_HUMAN	26	222	0
SENP8_HUMAN	16	374	0
SEP10_HUMAN	141	0	1
SEP11_HUMAN	120	0	1
SEP12_HUMAN	38	177	0
SEP14_HUMAN	32	285	0
SEP15_HUMAN	65	0	1
SEPP1_HUMAN	6	567	0
SEPR_HUMAN	39	193	0
SEPT1_HUMAN	48	0	1
SEPT2_HUMAN	207	0	1
SEPT3_HUMAN	60	0	1
SEPT4_HUMAN	36	174	0
SEPT5_HUMAN	52	0	1
SEPT6_HUMAN	83	0	1
SEPT7_HUMAN	226	0	1
SEPT8_HUMAN	84	0	1
SEPT9_HUMAN	278	0	1
SERA_HUMAN	400	0	1
SERB_HUMAN	33	163	0
SERC1_HUMAN	74	0	1
SERC2_HUMAN	54	0	1
SERC3_HUMAN	21	324	0
SERC5_HUMAN	36	147	0
SERC_HUMAN	113	0	1
SERF1_HUMAN	24	189	0
SERF2_HUMAN	88	0	1
SERHL_HUMAN	2	1439	0
SERP1_HUMAN	67	0	1
SERP2_HUMAN	62	0	1
SERPH_HUMAN	324	0	1
SESD1_HUMAN	42	176	0
SESN1_HUMAN	11	339	0
SESN2_HUMAN	37	141	0
SESN3_HUMAN	10	374	0
SESQ1_HUMAN	38	254	0
SESQ2_HUMAN	12	396	0
SET1A_HUMAN	165	0	1
SET1B_HUMAN	72	0	1
SETB1_HUMAN	244	0	1
SETB2_HUMAN	20	471	0
SETBP_HUMAN	33	174	0
SETD2_HUMAN	137	0	1
SETD3_HUMAN	36	140	0
SETD4_HUMAN	21	365	0
SETD5_HUMAN	74	0	1
SETD6_HUMAN	19	523	0
SETD7_HUMAN	74	0	1
SETD8_HUMAN	78	0	1
SETD9_HUMAN	5	996	0
SETMR_HUMAN	25	245	0
SETX_HUMAN	181	0	1
SET_HUMAN	312	0	1
SEZ6_HUMAN	9	494	0
SF01_HUMAN	398	0	1
SF3A1_HUMAN	445	0	1
SF3A2_HUMAN	273	0	1
SF3A3_HUMAN	292	0	1
SF3B1_HUMAN	916	0	1
SF3B2_HUMAN	467	0	1
SF3B3_HUMAN	506	0	1
SF3B4_HUMAN	287	0	1
SF3B5_HUMAN	142	0	1
SFI1_HUMAN	28	218	0
SFPA2_HUMAN	42	245	0
SFPQ_HUMAN	528	0	1
SFR15_HUMAN	149	0	1
SFR19_HUMAN	140	0	1
SFR1_HUMAN	36	259	0
SFRP1_HUMAN	13	382	0
SFRP2_HUMAN	25	293	0
SFRP3_HUMAN	13	384	0
SFRP4_HUMAN	51	0	1
SFRP5_HUMAN	4	1365	0
SFSWA_HUMAN	107	0	1
SFT2A_HUMAN	47	0	1
SFT2B_HUMAN	45	0	1
SFT2C_HUMAN	25	232	0
SFTA1_HUMAN	3	4330	0
SFTA2_HUMAN	8	1530	0
SFTPD_HUMAN	6	2086	0
SFXN1_HUMAN	439	0	1
SFXN2_HUMAN	90	0	1
SFXN3_HUMAN	184	0	1
SFXN4_HUMAN	116	0	1
SFXN5_HUMAN	65	0	1
SG11A_HUMAN	12	538	0
SG11B_HUMAN	13	501	0
SG196_HUMAN	277	0	1
SG1C1_HUMAN	13	833	0
SG1D1_HUMAN	146	0	1
SG1D2_HUMAN	21	518	0
SG1D4_HUMAN	26	293	0
SG2A1_HUMAN	106	0	1
SG2A2_HUMAN	224	0	1
SG3A1_HUMAN	13	523	0
SG3A2_HUMAN	1	8715	0
SG493_HUMAN	17	288	0
SG494_HUMAN	12	629	0
SGCA_HUMAN	104	0	1
SGCB_HUMAN	104	0	1
SGCD_HUMAN	11	487	0
SGCE_HUMAN	30	204	0
SGCG_HUMAN	18	421	0
SGCZ_HUMAN	30	341	0
SGF29_HUMAN	173	0	1
SGIP1_HUMAN	37	212	0
SGK1_HUMAN	101	0	1
SGK2_HUMAN	26	235	0
SGK3_HUMAN	70	0	1
SGK71_HUMAN,STKL1_HUMAN	5	1220	0
SGMR1_HUMAN	143	0	1
SGOL1_HUMAN	97	0	1
SGOL2_HUMAN	77	0	1
SGPL1_HUMAN	254	0	1
SGPP1_HUMAN	53	0	1
SGPP2_HUMAN	8	1543	0
SGSM1_HUMAN	13	461	0
SGSM2_HUMAN	29	214	0
SGSM3_HUMAN	24	203	0
SGT1_HUMAN,ECD_HUMAN	154	0	1
SGTA_HUMAN	322	0	1
SGTB_HUMAN	198	0	1
SH21A_HUMAN	42	171	0
SH21B_HUMAN	34	222	0
SH22A_HUMAN	49	0	1
SH23A_HUMAN	72	0	1
SH24A_HUMAN	130	0	1
SH2B1_HUMAN	27	182	0
SH2B2_HUMAN	37	194	0
SH2B3_HUMAN	22	195	0
SH2D3_HUMAN	166	0	1
SH2D5_HUMAN	10	426	0
SH2D7_HUMAN	1	4659	0
SH319_HUMAN	60	0	1
SH321_HUMAN	7	555	0
SH3B4_HUMAN	137	0	1
SH3BG_HUMAN	8	753	0
SH3G1_HUMAN	168	0	1
SH3G2_HUMAN	83	0	1
SH3G3_HUMAN	142	0	1
SH3K1_HUMAN	331	0	1
SH3L1_HUMAN	149	0	1
SH3L2_HUMAN	27	163	0
SH3L3_HUMAN	49	0	1
SH3R1_HUMAN	121	0	1
SH3R2_HUMAN	54	0	1
SH3R3_HUMAN	57	0	1
SH3Y1_HUMAN	13	473	0
SHAN1_HUMAN	32	190	0
SHAN2_HUMAN	55	0	1
SHAN3_HUMAN	346	0	1
SHBG_HUMAN	66	0	1
SHB_HUMAN	77	0	1
SHC1_HUMAN	364	0	1
SHC2_HUMAN	39	202	0
SHC3_HUMAN	61	0	1
SHC4_HUMAN	16	327	0
SHCBP_HUMAN	108	0	1
SHD_HUMAN	14	738	0
SHE_HUMAN	9	419	0
SHF_HUMAN	1	8324	0
SHH_HUMAN	12	594	0
SHIP1_HUMAN	61	0	1
SHIP2_HUMAN	212	0	1
SHKB1_HUMAN	122	0	1
SHLB1_HUMAN	157	0	1
SHLB2_HUMAN	104	0	1
SHOC2_HUMAN	71	0	1
SHOT1_HUMAN	129	0	1
SHOX2_HUMAN	6	505	0
SHOX_HUMAN	11	1068	0
SHP1L_HUMAN	5	1038	0
SHPK_HUMAN	26	173	0
SHPRH_HUMAN	93	0	1
SHPS1_HUMAN	61	0	1
SHQ1_HUMAN	26	195	0
SHRM1_HUMAN	23	205	0
SHRM2_HUMAN	29	130	0
SHRM3_HUMAN	90	0	1
SHRM4_HUMAN	3	927	0
SHRPN_HUMAN	183	0	1
SHSA2_HUMAN	18	399	0
SHSA3_HUMAN	33	335	0
SHSA4_HUMAN	12	391	0
SHSA5_HUMAN	15	285	0
SHSA6_HUMAN	41	217	0
SHSA9_HUMAN	1	2559	0
SI1L1_HUMAN	181	0	1
SI1L2_HUMAN	130	0	1
SI1L3_HUMAN	117	0	1
SIA10_HUMAN	23	411	0
SIA4A_HUMAN	35	156	0
SIA4B_HUMAN	25	190	0
SIA4C_HUMAN	57	0	1
SIA7A_HUMAN	7	815	0
SIA7B_HUMAN	2	1940	0
SIA7C_HUMAN	35	401	0
SIA7D_HUMAN	24	264	0
SIA7E_HUMAN	10	843	0
SIA7F_HUMAN	102	0	1
SIA8A_HUMAN	19	530	0
SIA8B_HUMAN	10	1170	0
SIA8C_HUMAN	27	284	0
SIA8D_HUMAN	88	0	1
SIA8E_HUMAN	51	0	1
SIA8F_HUMAN	2	1751	0
SIAE_HUMAN	66	0	1
SIAH1_HUMAN	219	0	1
SIAH2_HUMAN	92	0	1
SIAH3_HUMAN	5	661	0
SIAL_HUMAN	12	993	0
SIAS_HUMAN	114	0	1
SIAT1_HUMAN	29	180	0
SIAT2_HUMAN	18	644	0
SIAT6_HUMAN	20	355	0
SIAT9_HUMAN	15	584	0
SIDT1_HUMAN	3	640	0
SIDT2_HUMAN	149	0	1
SIG10_HUMAN	14	367	0
SIG11_HUMAN	5	1569	0
SIG12_HUMAN	25	298	0
SIG14_HUMAN	1	8078	0
SIG16_HUMAN	1	8367	0
SIGIR_HUMAN	13	375	0
SIGL5_HUMAN	24	367	0
SIGL6_HUMAN	13	894	0
SIGL7_HUMAN	12	709	0
SIGL8_HUMAN	1	8408	0
SIGL9_HUMAN	16	612	0
SIK1_HUMAN	65	0	1
SIK2_HUMAN	113	0	1
SIK3_HUMAN	74	0	1
SIKE1_HUMAN	61	0	1
SIL1_HUMAN	90	0	1
SIM1_HUMAN	10	395	0
SIM2_HUMAN	26	178	0
SIN1_HUMAN	147	0	1
SIN3A_HUMAN	369	0	1
SIN3B_HUMAN	139	0	1
SIPA1_HUMAN	45	0	1
SIR1_HUMAN	433	0	1
SIR2_HUMAN	156	0	1
SIR3_HUMAN	94	0	1
SIR4_HUMAN	122	0	1
SIR5_HUMAN	69	0	1
SIR6_HUMAN	622	0	1
SIR7_HUMAN	698	0	1
SIRB1_HUMAN	13	293	0
SIRPD_HUMAN	91	0	1
SIRPG_HUMAN	4	2230	0
SIT1_HUMAN	16	572	0
SIVA_HUMAN	45	0	1
SIX1_HUMAN	40	197	0
SIX2_HUMAN	27	255	0
SIX3_HUMAN	16	491	0
SIX4_HUMAN	46	0	1
SIX5_HUMAN	31	305	0
SIX6_HUMAN	9	1235	0
SK2L2_HUMAN	248	0	1
SKA1_HUMAN	66	0	1
SKA2_HUMAN	37	198	0
SKA3_HUMAN	150	0	1
SKAP1_HUMAN	105	0	1
SKAP2_HUMAN	49	0	1
SKAP_HUMAN	94	0	1
SKIL_HUMAN	132	0	1
SKIV2_HUMAN	121	0	1
SKI_HUMAN	175	0	1
SKOR1_HUMAN	4	1212	0
SKP1_HUMAN	516	0	1
SKP2_HUMAN	303	0	1
SKT_HUMAN	111	0	1
SL9A1_HUMAN	137	0	1
SL9A2_HUMAN	127	0	1
SL9A3_HUMAN	128	0	1
SL9A4_HUMAN	66	0	1
SL9A5_HUMAN	113	0	1
SL9A6_HUMAN	113	0	1
SL9A7_HUMAN	63	0	1
SL9A8_HUMAN	63	0	1
SL9A9_HUMAN	56	0	1
SL9B1_HUMAN	3	1465	0
SL9B2_HUMAN	79	0	1
SL9C1_HUMAN	25	326	0
SL9C2_HUMAN	48	0	1
SLAF1_HUMAN	125	0	1
SLAF5_HUMAN	6	586	0
SLAF6_HUMAN	17	530	0
SLAF7_HUMAN	23	302	0
SLAF8_HUMAN	16	615	0
SLAF9_HUMAN	3	3426	0
SLAI1_HUMAN	89	0	1
SLAI2_HUMAN	126	0	1
SLAP1_HUMAN	26	232	0
SLAP2_HUMAN	19	416	0
SLBP_HUMAN	75	0	1
SLC31_HUMAN	113	0	1
SLD5_HUMAN	66	0	1
SLFN5_HUMAN	47	0	1
SLIB_HUMAN	5	1578	0
SLIK1_HUMAN	5	986	0
SLIK2_HUMAN	1	3798	0
SLIK3_HUMAN	22	217	0
SLIK4_HUMAN	30	241	0
SLIK5_HUMAN	52	0	1
SLIK6_HUMAN	11	620	0
SLIP_HUMAN	3	2773	0
SLIRP_HUMAN	348	0	1
SLIT1_HUMAN	21	215	0
SLIT2_HUMAN	63	0	1
SLIT3_HUMAN	8	460	0
SLK_HUMAN	195	0	1
SLMAP_HUMAN	145	0	1
SLMO1_HUMAN,PLD3A_HUMAN	9	496	0
SLMO2_HUMAN,PLD3B_HUMAN	36	221	0
SLN11_HUMAN	375	0	1
SLN12_HUMAN	14	412	0
SLN13_HUMAN	4	2625	0
SLN14_HUMAN	4	1413	0
SLNL1_HUMAN	1	1642	0
SLPI_HUMAN	31	187	0
SLTM_HUMAN	166	0	1
SLU7_HUMAN	157	0	1
SLUR1_HUMAN	146	0	1
SLX1_HUMAN	70	0	1
SLX4_HUMAN	667	0	1
SMAD1_HUMAN	206	0	1
SMAD2_HUMAN	319	0	1
SMAD3_HUMAN	406	0	1
SMAD4_HUMAN	793	0	1
SMAD5_HUMAN	95	0	1
SMAD6_HUMAN	56	0	1
SMAD7_HUMAN	113	0	1
SMAD9_HUMAN	148	0	1
SMAG1_HUMAN	52	0	1
SMAG2_HUMAN	121	0	1
SMAGP_HUMAN	40	326	0
SMAL1_HUMAN	50	0	1
SMAP1_HUMAN	72	0	1
SMAP2_HUMAN	193	0	1
SMAP_HUMAN	101	0	1
SMBP2_HUMAN	37	149	0
SMBT1_HUMAN	52	0	1
SMBT2_HUMAN	33	170	0
SMC1A_HUMAN	440	0	1
SMC1B_HUMAN	14	447	0
SMC2_HUMAN	342	0	1
SMC3_HUMAN	438	0	1
SMC4_HUMAN	309	0	1
SMC5_HUMAN	975	0	1
SMC6_HUMAN	88	0	1
SMCA1_HUMAN	194	0	1
SMCA2_HUMAN	340	0	1
SMCA4_HUMAN	678	0	1
SMCA5_HUMAN	416	0	1
SMCE1_HUMAN	294	0	1
SMCR8_HUMAN	149	0	1
SMD1_HUMAN	350	0	1
SMD2_HUMAN	419	0	1
SMD3_HUMAN	367	0	1
SMDC1_HUMAN	32	247	0
SMG1_HUMAN	106	0	1
SMG5_HUMAN	80	0	1
SMG7_HUMAN	322	0	1
SMG8_HUMAN	116	0	1
SMG9_HUMAN	74	0	1
SMHD1_HUMAN	216	0	1
SMN_HUMAN	493	0	1
SMOC1_HUMAN	58	0	1
SMOC2_HUMAN	5	834	0
SMOX_HUMAN	11	408	0
SMO_HUMAN	60	0	1
SMPX_HUMAN	3	4106	0
SMR3A_HUMAN	7	946	0
SMR3B_HUMAN	34	223	0
SMRC1_HUMAN	389	0	1
SMRC2_HUMAN	371	0	1
SMRCD_HUMAN	220	0	1
SMRD1_HUMAN	339	0	1
SMRD2_HUMAN	185	0	1
SMRD3_HUMAN	89	0	1
SMRP1_HUMAN	38	241	0
SMS1_HUMAN	8	472	0
SMS2_HUMAN	19	321	0
SMS_HUMAN	8	1002	0
SMTL1_HUMAN	5	897	0
SMTL2_HUMAN	39	194	0
SMTN_HUMAN	58	0	1
SMU1_HUMAN	210	0	1
SMUF1_HUMAN	397	0	1
SMUF2_HUMAN	188	0	1
SMUG1_HUMAN	51	0	1
SMYD1_HUMAN	56	0	1
SMYD2_HUMAN	80	0	1
SMYD3_HUMAN	79	0	1
SMYD4_HUMAN	16	326	0
SMYD5_HUMAN	26	141	0
SN12L_HUMAN	2	1482	0
SNAA_HUMAN	215	0	1
SNAB_HUMAN	57	0	1
SNAG_HUMAN	93	0	1
SNAI1_HUMAN	524	0	1
SNAI2_HUMAN	44	0	1
SNAI3_HUMAN	7	577	0
SNAPN_HUMAN	182	0	1
SNAT_HUMAN	9	701	0
SNCAP_HUMAN	42	142	0
SND1_HUMAN	352	0	1
SNED1_HUMAN	6	669	0
SNF5_HUMAN	365	0	1
SNF8_HUMAN	73	0	1
SNG1_HUMAN	106	0	1
SNG2_HUMAN	84	0	1
SNG3_HUMAN	32	200	0
SNG4_HUMAN	2	4999	0
SNH11_HUMAN	5	1460	0
SNH12_HUMAN	3	741	0
SNIP1_HUMAN	430	0	1
SNN_HUMAN	7	565	0
SNP23_HUMAN	216	0	1
SNP25_HUMAN	77	0	1
SNP29_HUMAN	258	0	1
SNP47_HUMAN	170	0	1
SNPC1_HUMAN	35	181	0
SNPC2_HUMAN	7	1185	0
SNPC3_HUMAN	23	203	0
SNPC4_HUMAN	79	0	1
SNPC5_HUMAN	46	0	1
SNPH_HUMAN	16	235	0
SNR25_HUMAN	29	225	0
SNR27_HUMAN	212	0	1
SNR40_HUMAN	642	0	1
SNR48_HUMAN	39	173	0
SNRK_HUMAN	32	151	0
SNRPA_HUMAN	494	0	1
SNTA1_HUMAN	50	0	1
SNTB1_HUMAN	68	0	1
SNTB2_HUMAN	156	0	1
SNTG1_HUMAN	28	337	0
SNTG2_HUMAN	22	305	0
SNURF_HUMAN	16	362	0
SNUT1_HUMAN	334	0	1
SNUT2_HUMAN	222	0	1
SNW1_HUMAN	876	0	1
SNX10_HUMAN	5	1032	0
SNX11_HUMAN	42	188	0
SNX12_HUMAN	56	0	1
SNX13_HUMAN	30	255	0
SNX14_HUMAN	69	0	1
SNX15_HUMAN	18	203	0
SNX16_HUMAN	15	422	0
SNX17_HUMAN	103	0	1
SNX18_HUMAN	95	0	1
SNX19_HUMAN	78	0	1
SNX1_HUMAN	232	0	1
SNX20_HUMAN	21	364	0
SNX21_HUMAN	74	0	1
SNX22_HUMAN	12	542	0
SNX24_HUMAN	33	235	0
SNX25_HUMAN	47	0	1
SNX27_HUMAN	505	0	1
SNX29_HUMAN	47	0	1
SNX2_HUMAN	230	0	1
SNX30_HUMAN	28	177	0
SNX31_HUMAN	7	750	0
SNX32_HUMAN	24	300	0
SNX33_HUMAN	71	0	1
SNX3_HUMAN	212	0	1
SNX4_HUMAN	76	0	1
SNX5_HUMAN	139	0	1
SNX6_HUMAN	235	0	1
SNX7_HUMAN	36	194	0
SNX8_HUMAN	69	0	1
SNX9_HUMAN	174	0	1
SN_HUMAN	3	807	0
SO1A2_HUMAN	6	1871	0
SO1B1_HUMAN	31	282	0
SO1B3_HUMAN	112	0	1
SO1B7_HUMAN	6	1311	0
SO1C1_HUMAN	23	321	0
SO2A1_HUMAN	7	996	0
SO2B1_HUMAN	16	380	0
SO3A1_HUMAN	37	221	0
SO4A1_HUMAN	66	0	1
SO4C1_HUMAN	42	215	0
SO5A1_HUMAN	18	350	0
SO6A1_HUMAN	113	0	1
SOAT1_HUMAN	317	0	1
SOAT2_HUMAN	6	1195	0
SOAT_HUMAN	189	0	1
SOBP_HUMAN	12	356	0
SOCS1_HUMAN	165	0	1
SOCS2_HUMAN	89	0	1
SOCS3_HUMAN	90	0	1
SOCS4_HUMAN	23	200	0
SOCS5_HUMAN	19	282	0
SOCS6_HUMAN	117	0	1
SOCS7_HUMAN	38	233	0
SODC_HUMAN	432	0	1
SODE_HUMAN	12	559	0
SODM_HUMAN	144	0	1
SOGA1_HUMAN	118	0	1
SOGA2_HUMAN,MTCL1_HUMAN	83	0	1
SOGA3_HUMAN	37	204	0
SOLH1_HUMAN	117	0	1
SOLH2_HUMAN	2	1310	0
SOM2_HUMAN	3	3103	0
SOMA_HUMAN	85	0	1
SON_HUMAN	220	0	1
SORC1_HUMAN	3	1050	0
SORC2_HUMAN	20	339	0
SORC3_HUMAN	8	1153	0
SORCN_HUMAN	75	0	1
SORL_HUMAN	147	0	1
SORT_HUMAN	242	0	1
SOS1_HUMAN	90	0	1
SOS2_HUMAN	57	0	1
SOSB1_HUMAN	77	0	1
SOSB2_HUMAN	23	246	0
SOSD1_HUMAN	27	264	0
SOSSC_HUMAN	44	0	1
SOST_HUMAN	40	257	0
SOX10_HUMAN	83	0	1
SOX11_HUMAN	6	1104	0
SOX12_HUMAN	8	422	0
SOX13_HUMAN	40	193	0
SOX14_HUMAN	11	802	0
SOX15_HUMAN	133	0	1
SOX17_HUMAN	80	0	1
SOX18_HUMAN	4	1284	0
SOX1_HUMAN	8	459	0
SOX21_HUMAN	10	651	0
SOX2_HUMAN	1368	0	1
SOX30_HUMAN	18	399	0
SOX3_HUMAN	28	176	0
SOX4_HUMAN	77	0	1
SOX5_HUMAN	161	0	1
SOX6_HUMAN	153	0	1
SOX7_HUMAN	79	0	1
SOX8_HUMAN	16	410	0
SOX9_HUMAN	95	0	1
SOX_HUMAN	15	224	0
SP100_HUMAN	205	0	1
SP110_HUMAN	122	0	1
SP130_HUMAN	187	0	1
SP16H_HUMAN	442	0	1
SP17_HUMAN	16	731	0
SP1_HUMAN	333	0	1
SP2_HUMAN	41	179	0
SP30L_HUMAN	34	215	0
SP3_HUMAN	75	0	1
SP4_HUMAN	40	224	0
SP5_HUMAN	3	537	0
SP6_HUMAN	22	286	0
SP7_HUMAN	293	0	1
SP8_HUMAN	4	2494	0
SP9_HUMAN	1	1644	0
SPA11_HUMAN	2	1041	0
SPA12_HUMAN	126	0	1
SPA24_HUMAN	50	0	1
SPA2L_HUMAN	14	374	0
SPA4L_HUMAN	3	3235	0
SPA5L_HUMAN	1311	0	1
SPA6L_HUMAN	4	1159	0
SPA9_HUMAN	9	527	0
SPAG1_HUMAN	31	188	0
SPAG4_HUMAN	36	302	0
SPAG5_HUMAN	198	0	1
SPAG6_HUMAN	23	302	0
SPAG7_HUMAN	26	170	0
SPAG8_HUMAN	90	0	1
SPAS1_HUMAN	11	761	0
SPAS2_HUMAN	123	0	1
SPAST_HUMAN	83	0	1
SPAT1_HUMAN	25	336	0
SPAT2_HUMAN	82	0	1
SPAT4_HUMAN	5	872	0
SPAT5_HUMAN	1127	0	1
SPAT6_HUMAN	15	404	0
SPAT7_HUMAN	31	235	0
SPAT8_HUMAN	29	320	0
SPAT9_HUMAN	2	1788	0
SPATL_HUMAN,TBATA_HUMAN	3	2655	0
SPB10_HUMAN	3	1159	0
SPB11_HUMAN	11	586	0
SPB12_HUMAN	124	0	1
SPB13_HUMAN	103	0	1
SPB3_HUMAN	214	0	1
SPB4_HUMAN	194	0	1
SPB5_HUMAN	170	0	1
SPB6_HUMAN	50	0	1
SPB7_HUMAN	69	0	1
SPB8_HUMAN	89	0	1
SPB9_HUMAN	52	0	1
SPC24_HUMAN	81	0	1
SPC25_HUMAN	65	0	1
SPCS1_HUMAN	155	0	1
SPCS2_HUMAN	167	0	1
SPCS3_HUMAN	133	0	1
SPCS_HUMAN	21	375	0
SPD2A_HUMAN	131	0	1
SPD2B_HUMAN	64	0	1
SPDE1_HUMAN	4	1386	0
SPDE2_HUMAN	4	2273	0
SPDE4_HUMAN	59	0	1
SPDE6_HUMAN	4	2273	0
SPDEF_HUMAN	34	199	0
SPDLY_HUMAN	306	0	1
SPDYA_HUMAN	11	439	0
SPDYC_HUMAN	12	717	0
SPE2L_HUMAN	1	2635	0
SPE39_HUMAN	40	139	0
SPEB_HUMAN	47	0	1
SPEE_HUMAN	66	0	1
SPEF1_HUMAN	9	839	0
SPEF2_HUMAN	21	236	0
SPEG_HUMAN	20	213	0
SPEM1_HUMAN	2	5189	0
SPERI_HUMAN	5	1348	0
SPERT_HUMAN	132	0	1
SPESP_HUMAN	1	3401	0
SPF27_HUMAN	282	0	1
SPF30_HUMAN	124	0	1
SPF45_HUMAN	210	0	1
SPG16_HUMAN	10	1034	0
SPG17_HUMAN	19	225	0
SPG20_HUMAN	111	0	1
SPG21_HUMAN	204	0	1
SPG7_HUMAN	134	0	1
SPHK1_HUMAN	85	0	1
SPHK2_HUMAN	21	269	0
SPHM_HUMAN	52	0	1
SPI1_HUMAN	51	0	1
SPI2A_HUMAN	16	349	0
SPI2B_HUMAN	32	205	0
SPI2_HUMAN	14	569	0
SPIB_HUMAN	13	547	0
SPICE_HUMAN	196	0	1
SPIC_HUMAN	4	729	0
SPIN1_HUMAN	112	0	1
SPIN3_HUMAN	34	165	0
SPIN4_HUMAN	22	182	0
SPIR1_HUMAN	34	121	0
SPIR2_HUMAN	19	263	0
SPIT1_HUMAN	65	0	1
SPIT2_HUMAN	166	0	1
SPIT3_HUMAN	1	5795	0
SPIT4_HUMAN	1	3697	0
SPKAP_HUMAN	13	420	0
SPN1_HUMAN	43	0	1
SPN90_HUMAN	142	0	1
SPNS1_HUMAN	105	0	1
SPNS2_HUMAN	75	0	1
SPNS3_HUMAN	23	457	0
SPNXA_HUMAN	8	1227	0
SPNXB_HUMAN	18	497	0
SPNXC_HUMAN	8	920	0
SPNXD_HUMAN	7	753	0
SPO11_HUMAN	3	1107	0
SPOC1_HUMAN	3	1398	0
SPON1_HUMAN	25	281	0
SPON2_HUMAN	9	476	0
SPOPL_HUMAN	15	366	0
SPOP_HUMAN	781	0	1
SPP24_HUMAN	1	5173	0
SPP2A_HUMAN	17	227	0
SPP2B_HUMAN	240	0	1
SPP2C_HUMAN	2	3349	0
SPPL3_HUMAN	60	0	1
SPR1A_HUMAN	18	254	0
SPR1B_HUMAN	48	0	1
SPR2A_HUMAN	21	252	0
SPR2B_HUMAN	4	652	0
SPR2D_HUMAN	15	333	0
SPR2E_HUMAN	29	183	0
SPR2F_HUMAN	4	637	0
SPR2G_HUMAN	8	436	0
SPRC_HUMAN	61	0	1
SPRE1_HUMAN	54	0	1
SPRE2_HUMAN	61	0	1
SPRE3_HUMAN	1	6011	0
SPRE_HUMAN	123	0	1
SPRL1_HUMAN	25	254	0
SPRN_HUMAN	2	1424	0
SPRR3_HUMAN	36	246	0
SPRR4_HUMAN	1	1079	0
SPRY3_HUMAN	30	225	0
SPRY4_HUMAN	67	0	1
SPRY7_HUMAN	48	0	1
SPS1_HUMAN	90	0	1
SPS2L_HUMAN	137	0	1
SPS2_HUMAN	29	180	0
SPSB1_HUMAN	32	155	0
SPSB2_HUMAN	61	0	1
SPSB3_HUMAN	41	195	0
SPSB4_HUMAN	139	0	1
SPSY_HUMAN	121	0	1
SPT12_HUMAN	11	721	0
SPT13_HUMAN	19	259	0
SPT16_HUMAN	2	1624	0
SPT17_HUMAN	2	2431	0
SPT19_HUMAN	8	1240	0
SPT20_HUMAN	92	0	1
SPT21_HUMAN	2	989	0
SPT22_HUMAN	13	477	0
SPT25_HUMAN	19	742	0
SPT2_HUMAN	104	0	1
SPT4H_HUMAN	62	0	1
SPT5H_HUMAN	416	0	1
SPT6H_HUMAN	213	0	1
SPTA1_HUMAN	92	0	1
SPTA2_HUMAN,SPTN1_HUMAN	525	0	1
SPTA3_HUMAN	21	902	0
SPTB1_HUMAN	83	0	1
SPTB2_HUMAN	433	0	1
SPTC1_HUMAN	181	0	1
SPTC2_HUMAN	109	0	1
SPTC3_HUMAN	15	290	0
SPTCS_HUMAN	144	0	1
SPTN2_HUMAN	172	0	1
SPTN4_HUMAN	52	0	1
SPTN5_HUMAN	17	239	0
SPTSA_HUMAN	17	301	0
SPTSB_HUMAN	3	2789	0
SPX2_HUMAN	95	0	1
SPX3_HUMAN	72	0	1
SPXN2_HUMAN	93	0	1
SPXN3_HUMAN	65	0	1
SPXN4_HUMAN	56	0	1
SPXN5_HUMAN	16	650	0
SPXN_HUMAN	32	326	0
SPY1_HUMAN	108	0	1
SPY2_HUMAN	150	0	1
SPY3_HUMAN	28	428	0
SPY4_HUMAN	86	0	1
SPYA_HUMAN	44	0	1
SPZ1_HUMAN	19	406	0
SQRD_HUMAN	125	0	1
SQSTM_HUMAN	1241	0	1
SR140_HUMAN	321	0	1
SR1IP_HUMAN	48	0	1
SRA1_HUMAN	73	0	1
SRAC1_HUMAN	30	201	0
SRB4D_HUMAN	49	0	1
SRBD1_HUMAN	126	0	1
SRBP1_HUMAN	98	0	1
SRBP2_HUMAN	143	0	1
SRBS1_HUMAN	92	0	1
SRBS2_HUMAN	94	0	1
SRC8_HUMAN	452	0	1
SRCAP_HUMAN	127	0	1
SRCA_HUMAN	7	1050	0
SRCH_HUMAN	10	791	0
SRCN1_HUMAN	19	317	0
SRC_HUMAN	650	0	1
SREC2_HUMAN	35	159	0
SREC_HUMAN	21	697	0
SREK1_HUMAN	185	0	1
SRFB1_HUMAN	109	0	1
SRF_HUMAN	110	0	1
SRGEF_HUMAN	15	463	0
SRGN_HUMAN	21	442	0
SRGP1_HUMAN	42	129	0
SRGP3_HUMAN	54	0	1
SRMS_HUMAN	34	236	0
SRP09_HUMAN	443	0	1
SRP14_HUMAN	389	0	1
SRP19_HUMAN	238	0	1
SRP54_HUMAN	149	0	1
SRP68_HUMAN	387	0	1
SRP72_HUMAN	349	0	1
SRPK1_HUMAN	515	0	1
SRPK2_HUMAN	574	0	1
SRPK3_HUMAN	191	0	1
SRPRB_HUMAN	381	0	1
SRPR_HUMAN	332	0	1
SRPX2_HUMAN	12	834	0
SRPX_HUMAN	17	342	0
SRR1L_HUMAN	3	1015	0
SRRM1_HUMAN	357	0	1
SRRM2_HUMAN	496	0	1
SRRM4_HUMAN	35	235	0
SRRM5_HUMAN	2	1846	0
SRRT_HUMAN	356	0	1
SRR_HUMAN	24	167	0
SRS10_HUMAN	279	0	1
SRS11_HUMAN	208	0	1
SRS12_HUMAN	133	0	1
SRSF1_HUMAN	573	0	1
SRSF2_HUMAN	277	0	1
SRSF3_HUMAN	531	0	1
SRSF4_HUMAN	311	0	1
SRSF5_HUMAN	490	0	1
SRSF6_HUMAN	515	0	1
SRSF7_HUMAN	417	0	1
SRSF8_HUMAN	101	0	1
SRSF9_HUMAN	236	0	1
SRTD1_HUMAN	73	0	1
SRTD2_HUMAN	35	189	0
SRTD3_HUMAN	55	0	1
SRTD4_HUMAN	18	330	0
SRTM1_HUMAN	13	1211	0
SRXN1_HUMAN	47	0	1
SRY_HUMAN	9	497	0
SSA27_HUMAN	372	0	1
SSBP2_HUMAN	125	0	1
SSBP3_HUMAN	94	0	1
SSBP4_HUMAN	53	0	1
SSBP_HUMAN	615	0	1
SSDH_HUMAN	64	0	1
SSF1_HUMAN	316	0	1
SSFA2_HUMAN	140	0	1
SSH1_HUMAN	80	0	1
SSH2_HUMAN	39	138	0
SSH3_HUMAN	72	0	1
SSNA1_HUMAN	47	0	1
SSPN_HUMAN	2	2378	0
SSPO_HUMAN	10	652	0
SSR1_HUMAN	13	653	0
SSR2_HUMAN	44	0	1
SSR3_HUMAN	15	482	0
SSR4_HUMAN	7	989	0
SSR5_HUMAN	10	1354	0
SSRA_HUMAN	471	0	1
SSRB_HUMAN	47	0	1
SSRD_HUMAN	251	0	1
SSRG_HUMAN	171	0	1
SSRP1_HUMAN	678	0	1
SSU72_HUMAN	63	0	1
SSX10_HUMAN	1	5219	0
SSX1_HUMAN	13	569	0
SSX2_HUMAN	43	0	1
SSX3_HUMAN	34	292	0
SSX4_HUMAN	15	601	0
SSX5_HUMAN	9	1302	0
SSX6_HUMAN	7	939	0
SSX7_HUMAN	11	1104	0
SSX9_HUMAN	2	2436	0
SSXT_HUMAN	88	0	1
ST14_HUMAN	210	0	1
ST17A_HUMAN	24	181	0
ST17B_HUMAN	59	0	1
ST18_HUMAN	10	404	0
ST1A1_HUMAN	66	0	1
ST1A2_HUMAN	17	539	0
ST1A3_HUMAN,ST1A4_HUMAN	22	222	0
ST1B1_HUMAN	5	1547	0
ST1C2_HUMAN	17	418	0
ST1C3_HUMAN	9	757	0
ST1C4_HUMAN	107	0	1
ST1E1_HUMAN	16	353	0
ST20_HUMAN	3	988	0
ST2A1_HUMAN	10	417	0
ST2B1_HUMAN	65	0	1
ST32A_HUMAN	16	427	0
ST32B_HUMAN	15	365	0
ST32C_HUMAN	89	0	1
ST38L_HUMAN	74	0	1
ST4A1_HUMAN	20	347	0
ST5_HUMAN	33	179	0
ST65G_HUMAN	73	0	1
ST6B1_HUMAN	1	8490	0
ST7L_HUMAN	39	384	0
ST7_HUMAN	383	0	1
STA13_HUMAN	68	0	1
STA5A_HUMAN	109	0	1
STA5B_HUMAN	110	0	1
STAB1_HUMAN	9	498	0
STAB2_HUMAN	12	452	0
STABP_HUMAN	96	0	1
STAC2_HUMAN	18	357	0
STAC3_HUMAN	46	0	1
STAC_HUMAN	26	209	0
STAG1_HUMAN	105	0	1
STAG2_HUMAN	244	0	1
STAG3_HUMAN	17	307	0
STALP_HUMAN	76	0	1
STAM1_HUMAN	150	0	1
STAM2_HUMAN	143	0	1
STAP1_HUMAN	22	256	0
STAP2_HUMAN	24	222	0
STAR3_HUMAN	97	0	1
STAR4_HUMAN	6	1933	0
STAR5_HUMAN	2	1318	0
STAR6_HUMAN	3	3051	0
STAR7_HUMAN	50	0	1
STAR8_HUMAN	21	269	0
STAR9_HUMAN	41	118	0
STAR_HUMAN	11	1033	0
STAT1_HUMAN	315	0	1
STAT2_HUMAN	82	0	1
STAT3_HUMAN	457	0	1
STAT4_HUMAN	41	215	0
STAT6_HUMAN	80	0	1
STAT_HUMAN	59	0	1
STAU1_HUMAN	1541	0	1
STAU2_HUMAN	234	0	1
STB5L_HUMAN	10	505	0
STBD1_HUMAN	130	0	1
STC1_HUMAN	8	521	0
STC2_HUMAN	50	0	1
STEA1_HUMAN	6	737	0
STEA2_HUMAN	12	614	0
STEA3_HUMAN	147	0	1
STEA4_HUMAN	8	937	0
STEAL_HUMAN	3	1233	0
STF1_HUMAN	66	0	1
STG31_HUMAN	3	1731	0
STG34_HUMAN,ST3L4_HUMAN	6	1362	0
STH_HUMAN	16	548	0
STIL_HUMAN	187	0	1
STIM1_HUMAN	418	0	1
STIM2_HUMAN	132	0	1
STIP1_HUMAN	1043	0	1
STK10_HUMAN	62	0	1
STK11_HUMAN	277	0	1
STK16_HUMAN	157	0	1
STK19_HUMAN	34	133	0
STK24_HUMAN	281	0	1
STK25_HUMAN	237	0	1
STK31_HUMAN	14	399	0
STK33_HUMAN	40	144	0
STK35_HUMAN	26	175	0
STK36_HUMAN	40	177	0
STK38_HUMAN	183	0	1
STK39_HUMAN	103	0	1
STK3_HUMAN	257	0	1
STK40_HUMAN	57	0	1
STK4_HUMAN	1145	0	1
STML1_HUMAN	13	584	0
STML2_HUMAN	308	0	1
STML3_HUMAN	7	1968	0
STMN1_HUMAN	186	0	1
STMN2_HUMAN	96	0	1
STMN3_HUMAN	50	0	1
STMN4_HUMAN	38	257	0
STN1_HUMAN	106	0	1
STOM_HUMAN	382	0	1
STON1_HUMAN	8	404	0
STON2_HUMAN	92	0	1
STOX1_HUMAN	14	588	0
STOX2_HUMAN	16	346	0
STP1_HUMAN	7	934	0
STP2_HUMAN	25	351	0
STPAP_HUMAN	55	0	1
STRA6_HUMAN	36	253	0
STRA8_HUMAN	9	1133	0
STRAA_HUMAN	26	224	0
STRAB_HUMAN	29	219	0
STRAP_HUMAN	275	0	1
STRBP_HUMAN	204	0	1
STRC_HUMAN	1	6223	0
STRN3_HUMAN	150	0	1
STRN4_HUMAN	175	0	1
STRN_HUMAN	143	0	1
STRUM_HUMAN	97	0	1
STS_HUMAN	34	291	0
STT3A_HUMAN	209	0	1
STT3B_HUMAN	268	0	1
STX10_HUMAN	125	0	1
STX11_HUMAN	154	0	1
STX12_HUMAN	298	0	1
STX16_HUMAN	80	0	1
STX17_HUMAN	274	0	1
STX18_HUMAN	159	0	1
STX19_HUMAN	27	304	0
STX1A_HUMAN	219	0	1
STX1B_HUMAN	63	0	1
STX2_HUMAN	85	0	1
STX3_HUMAN	167	0	1
STX4_HUMAN	437	0	1
STX5_HUMAN	284	0	1
STX6_HUMAN	451	0	1
STX7_HUMAN	714	0	1
STX8_HUMAN	237	0	1
STXB1_HUMAN	178	0	1
STXB2_HUMAN	91	0	1
STXB3_HUMAN	114	0	1
STXB4_HUMAN	84	0	1
STXB5_HUMAN	37	159	0
STXB6_HUMAN	22	328	0
STYK1_HUMAN	156	0	1
STYL1_HUMAN	45	0	1
STYX_HUMAN	81	0	1
SUCA_HUMAN	126	0	1
SUCB1_HUMAN	192	0	1
SUCB2_HUMAN	128	0	1
SUCR1_HUMAN	3	2343	0
SUFU_HUMAN	107	0	1
SUGP1_HUMAN	140	0	1
SUGP2_HUMAN	166	0	1
SUGT1_HUMAN,SGT1_HUMAN	307	0	1
SUH_HUMAN	248	0	1
SUIS_HUMAN	5	1570	0
SULF1_HUMAN	33	284	0
SULF2_HUMAN	248	0	1
SUMF1_HUMAN	51	0	1
SUMF2_HUMAN	61	0	1
SUMO1_HUMAN	1105	0	1
SUMO2_HUMAN	1698	0	1
SUMO3_HUMAN	460	0	1
SUMO4_HUMAN	103	0	1
SUN1_HUMAN	171	0	1
SUN2_HUMAN	242	0	1
SUN3_HUMAN	6	2162	0
SUN5_HUMAN	2	4880	0
SUNC1_HUMAN	6	2162	0
SUOX_HUMAN	104	0	1
SUPT3_HUMAN	57	0	1
SURF1_HUMAN	199	0	1
SURF2_HUMAN	69	0	1
SURF4_HUMAN	224	0	1
SURF6_HUMAN	449	0	1
SUSD1_HUMAN	37	221	0
SUSD2_HUMAN	17	664	0
SUSD3_HUMAN	48	0	1
SUSD4_HUMAN	55	0	1
SUSD5_HUMAN	24	265	0
SUV3_HUMAN	146	0	1
SUV91_HUMAN	228	0	1
SUV92_HUMAN	81	0	1
SUZ12_HUMAN	630	0	1
SV2A_HUMAN	91	0	1
SV2B_HUMAN	108	0	1
SV2C_HUMAN	36	232	0
SV421_HUMAN	30	196	0
SV422_HUMAN	40	206	0
SVEP1_HUMAN	13	407	0
SVIL_HUMAN	254	0	1
SVIP_HUMAN	29	204	0
SVOPL_HUMAN	43	0	1
SVOP_HUMAN	60	0	1
SWAHA_HUMAN	4	1399	0
SWAHB_HUMAN	10	470	0
SWAHC_HUMAN	29	157	0
SWAP1_HUMAN	35	270	0
SWET1_HUMAN	8	574	0
SWI5_HUMAN	2	4271	0
SWP70_HUMAN	80	0	1
SWT1_HUMAN	1	1644	0
SYAC_HUMAN	183	0	1
SYAM_HUMAN	337	0	1
SYAP1_HUMAN	152	0	1
SYBU_HUMAN	34	203	0
SYC2L_HUMAN	5	562	0
SYCC_HUMAN	108	0	1
SYCE1_HUMAN	127	0	1
SYCE2_HUMAN	19	541	0
SYCE3_HUMAN	62	0	1
SYCM_HUMAN	103	0	1
SYCN_HUMAN	7	797	0
SYCP1_HUMAN	20	248	0
SYCP2_HUMAN	7	935	0
SYCP3_HUMAN	12	516	0
SYDC_HUMAN	267	0	1
SYDE1_HUMAN	113	0	1
SYDE2_HUMAN	49	0	1
SYDM_HUMAN	160	0	1
SYEM_HUMAN	107	0	1
SYEP_HUMAN	461	0	1
SYF1_HUMAN	185	0	1
SYF2_HUMAN	74	0	1
SYFA_HUMAN	220	0	1
SYFB_HUMAN	169	0	1
SYFM_HUMAN	143	0	1
SYGP1_HUMAN	481	0	1
SYG_HUMAN	275	0	1
SYHC_HUMAN	140	0	1
SYHM_HUMAN	173	0	1
SYIC_HUMAN	345	0	1
SYIM_HUMAN	290	0	1
SYJ2B_HUMAN	144	0	1
SYK_HUMAN	327	0	1
SYLC_HUMAN	324	0	1
SYLM_HUMAN	160	0	1
SYMC_HUMAN	283	0	1
SYMM_HUMAN	86	0	1
SYMPK_HUMAN	212	0	1
SYN1_HUMAN	50	0	1
SYN2_HUMAN	31	196	0
SYN3_HUMAN	18	323	0
SYNCI_HUMAN	64	0	1
SYNC_HUMAN	155	0	1
SYNE1_HUMAN	129	0	1
SYNE2_HUMAN	205	0	1
SYNE3_HUMAN	438	0	1
SYNE4_HUMAN	103	0	1
SYNEM_HUMAN	71	0	1
SYNG1_HUMAN	20	435	0
SYNJ1_HUMAN	98	0	1
SYNJ2_HUMAN	53	0	1
SYNM_HUMAN	85	0	1
SYNP2_HUMAN	28	139	0
SYNPO_HUMAN	207	0	1
SYNPR_HUMAN	15	484	0
SYNRG_HUMAN	77	0	1
SYP2L_HUMAN	11	771	0
SYPH_HUMAN	153	0	1
SYPL1_HUMAN	43	0	1
SYPL2_HUMAN	23	242	0
SYPM_HUMAN	53	0	1
SYQ_HUMAN	365	0	1
SYRC_HUMAN	276	0	1
SYRM_HUMAN	115	0	1
SYS1_HUMAN	29	379	0
SYSC_HUMAN	132	0	1
SYSM_HUMAN	106	0	1
SYT10_HUMAN	4	1410	0
SYT11_HUMAN	72	0	1
SYT12_HUMAN	29	185	0
SYT13_HUMAN	6	973	0
SYT14_HUMAN	3	1647	0
SYT15_HUMAN	10	683	0
SYT16_HUMAN	45	0	1
SYT17_HUMAN	54	0	1
SYT1_HUMAN	110	0	1
SYT2_HUMAN	171	0	1
SYT3_HUMAN	20	363	0
SYT4_HUMAN	10	484	0
SYT5_HUMAN	14	536	0
SYT6_HUMAN	119	0	1
SYT7_HUMAN	21	209	0
SYT8_HUMAN	1	2385	0
SYT9_HUMAN	16	302	0
SYTC2_HUMAN	63	0	1
SYTC_HUMAN	210	0	1
SYTL1_HUMAN	9	555	0
SYTL2_HUMAN	17	324	0
SYTL3_HUMAN	5	1876	0
SYTL4_HUMAN	69	0	1
SYTL5_HUMAN	18	424	0
SYTM_HUMAN	172	0	1
SYUA_HUMAN	958	0	1
SYUB_HUMAN	18	322	0
SYUG_HUMAN	45	0	1
SYVC_HUMAN	275	0	1
SYVM_HUMAN	113	0	1
SYVN1_HUMAN	338	0	1
SYWC_HUMAN	195	0	1
SYWM_HUMAN	39	205	0
SYYC_HUMAN	153	0	1
SYYM_HUMAN	240	0	1
SZT2_HUMAN	39	177	0
T106A_HUMAN	230	0	1
T106B_HUMAN	348	0	1
T106C_HUMAN	84	0	1
T10IP_HUMAN	138	0	1
T11L1_HUMAN	76	0	1
T11L2_HUMAN	22	207	0
T120A_HUMAN	81	0	1
T120B_HUMAN	119	0	1
T126A_HUMAN	112	0	1
T126B_HUMAN	47	0	1
T131L_HUMAN	106	0	1
T132A_HUMAN	135	0	1
T132B_HUMAN	2	1542	0
T132C_HUMAN	3	1522	0
T132D_HUMAN	70	0	1
T132E_HUMAN	8	1318	0
T150A_HUMAN	45	0	1
T150B_HUMAN	1	6679	0
T151A_HUMAN	1	5546	0
T151B_HUMAN	2	1902	0
T161A_HUMAN	98	0	1
T161B_HUMAN	30	259	0
T167B_HUMAN	38	316	0
T170A_HUMAN	13	623	0
T176A_HUMAN	17	483	0
T176B_HUMAN	25	448	0
T179B_HUMAN	98	0	1
T183A_HUMAN	28	267	0
T183B_HUMAN	1	1451	0
T184A_HUMAN	106	0	1
T184B_HUMAN	40	235	0
T184C_HUMAN	17	456	0
T185A_HUMAN	87	0	1
T185B_HUMAN	5	1028	0
T191B_HUMAN	1	3730	0
T194A_HUMAN,NEMP1_HUMAN	101	0	1
T194B_HUMAN,NEMP2_HUMAN	4	776	0
T200A_HUMAN	48	0	1
T200B_HUMAN	3	2357	0
T200C_HUMAN	1	3972	0
T229B_HUMAN	41	356	0
T22D1_HUMAN	199	0	1
T22D2_HUMAN	63	0	1
T22D3_HUMAN	62	0	1
T22D4_HUMAN	126	0	1
T23O_HUMAN	23	290	0
T2AG_HUMAN	25	304	0
T2EA_HUMAN	99	0	1
T2EB_HUMAN	171	0	1
T2FA_HUMAN	210	0	1
T2FB_HUMAN	135	0	1
T2H2L_HUMAN	56	0	1
T2R10_HUMAN	4	3397	0
T2R13_HUMAN	3	1388	0
T2R14_HUMAN	5	1096	0
T2R19_HUMAN	24	355	0
T2R20_HUMAN	1	4212	0
T2R31_HUMAN	7	1224	0
T2R38_HUMAN	3	2264	0
T2R39_HUMAN	1	4094	0
T2R41_HUMAN	19	603	0
T2R42_HUMAN	10	1029	0
T2R45_HUMAN	1	3378	0
T2R48_HUMAN	24	355	0
T2R49_HUMAN	1	4212	0
T2R50_HUMAN	1	7444	0
T2R60_HUMAN	3	1538	0
T3JAM_HUMAN	84	0	1
T4S18_HUMAN	47	0	1
T4S19_HUMAN	40	351	0
T4S1_HUMAN	12	328	0
T4S20_HUMAN	20	495	0
T4S4_HUMAN	24	520	0
T4S5_HUMAN	33	326	0
T53G1_HUMAN	3	819	0
T53G3_HUMAN	1	1901	0
T53G5_HUMAN	10	685	0
T53I1_HUMAN	22	200	0
T53I2_HUMAN	4	930	0
TA2R3_HUMAN	1	3010	0
TA2R4_HUMAN	1	6992	0
TA2R5_HUMAN	6	2453	0
TA2R7_HUMAN	14	756	0
TA2R8_HUMAN	4	2890	0
TA2R_HUMAN	62	0	1
TAAR1_HUMAN	5	1697	0
TAAR2_HUMAN	1	5386	0
TAAR3_HUMAN	8	754	0
TAAR8_HUMAN	1	3623	0
TAAR9_HUMAN	2	5235	0
TAB1_HUMAN	262	0	1
TAB2_HUMAN	204	0	1
TAB3_HUMAN	61	0	1
TAC2N_HUMAN	12	489	0
TACC1_HUMAN	171	0	1
TACC2_HUMAN	76	0	1
TACC3_HUMAN	158	0	1
TACD2_HUMAN	135	0	1
TACO1_HUMAN	334	0	1
TACT_HUMAN	15	424	0
TAD2A_HUMAN	196	0	1
TAD2B_HUMAN	90	0	1
TADA1_HUMAN	56	0	1
TADA3_HUMAN	141	0	1
TADBP_HUMAN	544	0	1
TAF10_HUMAN	104	0	1
TAF11_HUMAN	45	0	1
TAF12_HUMAN	99	0	1
TAF13_HUMAN	33	271	0
TAF1A_HUMAN	70	0	1
TAF1B_HUMAN	81	0	1
TAF1C_HUMAN	115	0	1
TAF1D_HUMAN	94	0	1
TAF1L_HUMAN	24	179	0
TAF1_HUMAN	241	0	1
TAF2_HUMAN	132	0	1
TAF3_HUMAN	91	0	1
TAF4B_HUMAN	23	195	0
TAF4_HUMAN	162	0	1
TAF5L_HUMAN	110	0	1
TAF5_HUMAN	99	0	1
TAF6L_HUMAN	127	0	1
TAF6_HUMAN	240	0	1
TAF7L_HUMAN	35	275	0
TAF7_HUMAN	104	0	1
TAF8_HUMAN	57	0	1
TAF9B_HUMAN	111	0	1
TAF9_HUMAN	51	0	1
TAGAP_HUMAN	18	484	0
TAGL2_HUMAN	242	0	1
TAGL3_HUMAN	42	154	0
TAGL_HUMAN	232	0	1
TAK1L_HUMAN,M3KCL_HUMAN	11	713	0
TAL1_HUMAN	94	0	1
TAL2_HUMAN	11	787	0
TALAN_HUMAN	19	296	0
TALDO_HUMAN	149	0	1
TAM41_HUMAN	48	0	1
TANC1_HUMAN	96	0	1
TANC2_HUMAN	89	0	1
TANK_HUMAN	228	0	1
TAOK1_HUMAN	64	0	1
TAOK2_HUMAN	82	0	1
TAOK3_HUMAN	48	0	1
TAP1_HUMAN	154	0	1
TAP26_HUMAN	120	0	1
TAP2_HUMAN	102	0	1
TAPT1_HUMAN	40	198	0
TARA_HUMAN	133	0	1
TARB1_HUMAN	81	0	1
TARSH_HUMAN	14	374	0
TASP1_HUMAN	11	261	0
TATD1_HUMAN	58	0	1
TATD2_HUMAN	22	177	0
TATD3_HUMAN	8	629	0
TAU_HUMAN	2148	0	1
TAXB1_HUMAN	361	0	1
TAZ_HUMAN	183	0	1
TB10A_HUMAN	33	162	0
TB10B_HUMAN	109	0	1
TB10C_HUMAN	15	373	0
TB15A_HUMAN	2	2297	0
TB182_HUMAN	172	0	1
TB22A_HUMAN	39	177	0
TB22B_HUMAN	196	0	1
TBA1A_HUMAN	742	0	1
TBA1B_HUMAN	489	0	1
TBA1C_HUMAN	527	0	1
TBA3C_HUMAN	184	0	1
TBA3E_HUMAN	47	0	1
TBA4A_HUMAN	542	0	1
TBA4B_HUMAN	41	135	0
TBA8_HUMAN	100	0	1
TBAL3_HUMAN	73	0	1
TBB1_HUMAN	166	0	1
TBB2A_HUMAN	347	0	1
TBB2B_HUMAN	267	0	1
TBB3_HUMAN	476	0	1
TBB4A_HUMAN	280	0	1
TBB4B_HUMAN	611	0	1
TBB5_HUMAN	825	0	1
TBB6_HUMAN	274	0	1
TBB8_HUMAN	403	0	1
TBC12_HUMAN	10	631	0
TBC13_HUMAN	14	355	0
TBC14_HUMAN	40	184	0
TBC15_HUMAN	205	0	1
TBC16_HUMAN	27	186	0
TBC17_HUMAN	59	0	1
TBC19_HUMAN	14	386	0
TBC20_HUMAN	20	357	0
TBC21_HUMAN	30	390	0
TBC23_HUMAN	56	0	1
TBC24_HUMAN	39	147	0
TBC25_HUMAN	60	0	1
TBC26_HUMAN	11	876	0
TBC28_HUMAN	5	1338	0
TBC30_HUMAN	32	144	0
TBC3A_HUMAN	18	229	0
TBC3B_HUMAN,TBC3I_HUMAN,TBC3B_HUMAN	1	6014	0
TBC3C_HUMAN,TBC3D_HUMAN,TBC3C_HUMAN	2	870	0
TBC3F_HUMAN	5	541	0
TBC3G_HUMAN	19	238	0
TBC3H_HUMAN	1	4112	0
TBC8B_HUMAN	7	577	0
TBC9B_HUMAN	91	0	1
TBCA_HUMAN	115	0	1
TBCB_HUMAN	106	0	1
TBCC1_HUMAN	23	261	0
TBCC_HUMAN	12	310	0
TBCD1_HUMAN	62	0	1
TBCD4_HUMAN	137	0	1
TBCD5_HUMAN	102	0	1
TBCD7_HUMAN	55	0	1
TBCD8_HUMAN	51	0	1
TBCD9_HUMAN	67	0	1
TBCD_HUMAN	136	0	1
TBCEL_HUMAN	10	428	0
TBCE_HUMAN	64	0	1
TBCK_HUMAN	82	0	1
TBD2A_HUMAN	37	161	0
TBD2B_HUMAN	96	0	1
TBD_HUMAN	26	247	0
TBE_HUMAN	15	309	0
TBG1_HUMAN	359	0	1
TBG2_HUMAN	42	169	0
TBK1_HUMAN	440	0	1
TBKB1_HUMAN	78	0	1
TBL1R_HUMAN	161	0	1
TBL1X_HUMAN	131	0	1
TBL1Y_HUMAN	39	151	0
TBL2_HUMAN	211	0	1
TBL3_HUMAN	196	0	1
TBPL1_HUMAN	42	117	0
TBPL2_HUMAN	20	299	0
TBP_HUMAN	225	0	1
TBR1_HUMAN	188	0	1
TBRG1_HUMAN	22	233	0
TBRG4_HUMAN	426	0	1
TBX15_HUMAN	14	779	0
TBX18_HUMAN	9	1132	0
TBX19_HUMAN	17	548	0
TBX1_HUMAN	12	451	0
TBX20_HUMAN	20	509	0
TBX21_HUMAN	10	695	0
TBX22_HUMAN	10	522	0
TBX2_HUMAN	29	220	0
TBX3_HUMAN	72	0	1
TBX4_HUMAN	4	1397	0
TBX5_HUMAN	146	0	1
TBX6_HUMAN	35	355	0
TC1D1_HUMAN	9	864	0
TC1D2_HUMAN	39	234	0
TC1D3_HUMAN	4	1368	0
TC1D4_HUMAN	27	314	0
TCAL1_HUMAN	86	0	1
TCAL2_HUMAN	23	269	0
TCAL3_HUMAN	4	901	0
TCAL4_HUMAN	48	0	1
TCAL5_HUMAN	11	681	0
TCAL6_HUMAN	1	1644	0
TCAL7_HUMAN	23	347	0
TCAL8_HUMAN	17	247	0
TCAM1_HUMAN	48	0	1
TCAM2_HUMAN	43	0	1
TCA_HUMAN	34	220	0
TCEA1_HUMAN	123	0	1
TCEA2_HUMAN	156	0	1
TCEA3_HUMAN	10	458	0
TCF15_HUMAN	12	521	0
TCF19_HUMAN	35	176	0
TCF20_HUMAN	165	0	1
TCF21_HUMAN	13	662	0
TCF23_HUMAN	11	435	0
TCF25_HUMAN	107	0	1
TCF7_HUMAN	29	178	0
TCFL5_HUMAN	2	1276	0
TCHL1_HUMAN	6	891	0
TCHP_HUMAN	134	0	1
TCL1A_HUMAN	60	0	1
TCL1B_HUMAN	46	0	1
TCL6_HUMAN	1	4715	0
TCO1_HUMAN	8	1708	0
TCO2_HUMAN	13	456	0
TCOF_HUMAN	285	0	1
TCP10_HUMAN	20	547	0
TCP11_HUMAN	12	792	0
TCP1L_HUMAN	73	0	1
TCP4_HUMAN	249	0	1
TCPA_HUMAN	592	0	1
TCPB_HUMAN	686	0	1
TCPD_HUMAN	555	0	1
TCPE_HUMAN	560	0	1
TCPG_HUMAN	638	0	1
TCPH_HUMAN	604	0	1
TCPQL_HUMAN	8	1438	0
TCPQM_HUMAN	176	0	1
TCPQ_HUMAN	586	0	1
TCPR1_HUMAN	17	252	0
TCPR2_HUMAN	20	191	0
TCPW_HUMAN	206	0	1
TCPZ_HUMAN	604	0	1
TCRG1_HUMAN	212	0	1
TCRGL_HUMAN	2	2138	0
TCTA_HUMAN	7	1196	0
TCTP_HUMAN	369	0	1
TD26_HUMAN,ANGL8_HUMAN	10	658	0
TDGF1_HUMAN	60	0	1
TDG_HUMAN	68	0	1
TDH_HUMAN	2	1408	0
TDIF1_HUMAN	103	0	1
TDIF2_HUMAN	162	0	1
TDR10_HUMAN	2	2172	0
TDR12_HUMAN	2	711	0
TDRD1_HUMAN	10	540	0
TDRD3_HUMAN	209	0	1
TDRD5_HUMAN	9	653	0
TDRD6_HUMAN	7	731	0
TDRD7_HUMAN	52	0	1
TDRD9_HUMAN	8	460	0
TDRKH_HUMAN	87	0	1
TDT_HUMAN	12	324	0
TE2IP_HUMAN	560	0	1
TEAD1_HUMAN	171	0	1
TEAD2_HUMAN	127	0	1
TEAD3_HUMAN	43	0	1
TEAD4_HUMAN	86	0	1
TEAN2_HUMAN	35	261	0
TEANC_HUMAN	142	0	1
TEBP_HUMAN	453	0	1
TECR_HUMAN	299	0	1
TECT1_HUMAN	151	0	1
TECT2_HUMAN	311	0	1
TECT3_HUMAN	333	0	1
TECTA_HUMAN	6	845	0
TECTB_HUMAN	35	262	0
TEC_HUMAN	70	0	1
TEFF1_HUMAN	40	221	0
TEFF2_HUMAN	16	395	0
TEFM_HUMAN	229	0	1
TEF_HUMAN	5	682	0
TEKT1_HUMAN	29	274	0
TEKT2_HUMAN	26	259	0
TEKT3_HUMAN	43	0	1
TEKT4_HUMAN	121	0	1
TEKT5_HUMAN	52	0	1
TELO2_HUMAN	159	0	1
TELT_HUMAN	54	0	1
TEN1L_HUMAN	5	1333	0
TEN1_HUMAN	24	222	0
TEN2_HUMAN	30	206	0
TEN3_HUMAN	78	0	1
TEN4_HUMAN	34	244	0
TENA_HUMAN	31	115	0
TENC1_HUMAN,TNS2_HUMAN	239	0	1
TENN_HUMAN	22	390	0
TENR_HUMAN	15	309	0
TENS1_HUMAN	51	0	1
TENS3_HUMAN	96	0	1
TENS4_HUMAN	42	150	0
TENXA_HUMAN	2	4068	0
TENX_HUMAN	17	306	0
TEP1_HUMAN	42	139	0
TEPP_HUMAN	4	876	0
TERA_HUMAN	1850	0	1
TERF1_HUMAN	346	0	1
TERF2_HUMAN	333	0	1
TERT_HUMAN	110	0	1
TESC_HUMAN,CHP3_HUMAN	22	337	0
TESK1_HUMAN	37	193	0
TESK2_HUMAN	98	0	1
TESP1_HUMAN	15	416	0
TEST_HUMAN	30	182	0
TES_HUMAN	334	0	1
TET1_HUMAN	35	172	0
TET2_HUMAN	153	0	1
TET3_HUMAN	28	171	0
TETN_HUMAN	19	412	0
TEX10_HUMAN	201	0	1
TEX11_HUMAN	95	0	1
TEX12_HUMAN	19	565	0
TEX14_HUMAN	33	180	0
TEX15_HUMAN	20	272	0
TEX19_HUMAN	51	0	1
TEX28_HUMAN	38	273	0
TEX29_HUMAN	42	407	0
TEX2_HUMAN	189	0	1
TEX30_HUMAN	5	1155	0
TEX33_HUMAN	18	377	0
TEX34_HUMAN	2	3578	0
TEX9_HUMAN	38	182	0
TF2AA_HUMAN	86	0	1
TF2AY_HUMAN	22	496	0
TF2B_HUMAN	130	0	1
TF2H1_HUMAN	87	0	1
TF2H2_HUMAN	46	0	1
TF2H3_HUMAN	52	0	1
TF2H4_HUMAN	74	0	1
TF2H5_HUMAN	32	253	0
TF2L1_HUMAN	8	738	0
TF2LX_HUMAN	35	258	0
TF2LY_HUMAN	42	213	0
TF3A_HUMAN	13	473	0
TF3B_HUMAN	81	0	1
TF3C1_HUMAN	263	0	1
TF3C2_HUMAN	180	0	1
TF3C3_HUMAN	220	0	1
TF3C4_HUMAN	202	0	1
TF3C5_HUMAN	167	0	1
TF3C6_HUMAN	28	185	0
TF65_HUMAN	1256	0	1
TF7L1_HUMAN	12	600	0
TF7L2_HUMAN	269	0	1
TFAM_HUMAN	459	0	1
TFAP4_HUMAN	156	0	1
TFB1M_HUMAN	94	0	1
TFB2M_HUMAN	101	0	1
TFCP2_HUMAN	434	0	1
TFDP1_HUMAN	115	0	1
TFDP2_HUMAN	53	0	1
TFDP3_HUMAN	35	188	0
TFE2_HUMAN	186	0	1
TFE3_HUMAN	81	0	1
TFEB_HUMAN	46	0	1
TFEC_HUMAN	12	764	0
TFF1_HUMAN	20	359	0
TFF2_HUMAN	4	936	0
TFF3_HUMAN	7	1243	0
TFG_HUMAN	286	0	1
TFIP8_HUMAN	36	168	0
TFP11_HUMAN	433	0	1
TFPI1_HUMAN	26	134	0
TFPI2_HUMAN	39	165	0
TFPT_HUMAN	175	0	1
TFR1_HUMAN	538	0	1
TFR2_HUMAN	24	227	0
TF_HUMAN	25	166	0
TGBR3_HUMAN	46	0	1
TGDS_HUMAN	11	620	0
TGFA1_HUMAN	80	0	1
TGFA_HUMAN	83	0	1
TGFB1_HUMAN	315	0	1
TGFB2_HUMAN	24	229	0
TGFB3_HUMAN	14	612	0
TGFI1_HUMAN	50	0	1
TGFR1_HUMAN	173	0	1
TGFR2_HUMAN	226	0	1
TGIF1_HUMAN	30	160	0
TGIF2_HUMAN	49	0	1
TGM1_HUMAN	224	0	1
TGM2_HUMAN	207	0	1
TGM3L_HUMAN	1	4110	0
TGM3_HUMAN	163	0	1
TGM4_HUMAN	11	758	0
TGM5_HUMAN	35	199	0
TGM7_HUMAN	33	278	0
TGON2_HUMAN	1588	0	1
TGS1_HUMAN	69	0	1
TGT_HUMAN	40	129	0
THA10_HUMAN	28	310	0
THA11_HUMAN	128	0	1
THADA_HUMAN	132	0	1
THAP1_HUMAN	111	0	1
THAP2_HUMAN	11	658	0
THAP3_HUMAN	67	0	1
THAP4_HUMAN	79	0	1
THAP5_HUMAN	8	805	0
THAP6_HUMAN	19	495	0
THAP7_HUMAN	93	0	1
THAP8_HUMAN	27	240	0
THAP9_HUMAN	5	862	0
THAS_HUMAN	3	1860	0
THA_HUMAN	97	0	1
THBG_HUMAN	10	661	0
THB_HUMAN	72	0	1
THEGL_HUMAN	1	2138	0
THEG_HUMAN	11	722	0
THEM4_HUMAN	83	0	1
THEM5_HUMAN,ACO15_HUMAN	21	676	0
THEM6_HUMAN	156	0	1
THG1_HUMAN	59	0	1
THIC_HUMAN	88	0	1
THIK_HUMAN	76	0	1
THIL_HUMAN	248	0	1
THIM_HUMAN	184	0	1
THIOM_HUMAN	152	0	1
THIO_HUMAN	371	0	1
THMS1_HUMAN	11	625	0
THMS2_HUMAN	4	2587	0
THNS1_HUMAN	81	0	1
THNS2_HUMAN	3	1621	0
THOC1_HUMAN	203	0	1
THOC2_HUMAN	239	0	1
THOC3_HUMAN	125	0	1
THOC4_HUMAN	421	0	1
THOC5_HUMAN	136	0	1
THOC6_HUMAN	101	0	1
THOC7_HUMAN	118	0	1
THOP1_HUMAN	112	0	1
THRB_HUMAN	47	0	1
THRSP_HUMAN	64	0	1
THS7A_HUMAN	27	193	0
THS7B_HUMAN	27	353	0
THSD1_HUMAN	3	1542	0
THSD4_HUMAN	51	0	1
THTM_HUMAN	73	0	1
THTPA_HUMAN	73	0	1
THTR_HUMAN	70	0	1
THUM1_HUMAN	68	0	1
THUM2_HUMAN	16	504	0
THUM3_HUMAN	117	0	1
THY1_HUMAN	65	0	1
THYG_HUMAN	6	575	0
THYN1_HUMAN	27	174	0
TI17A_HUMAN	26	200	0
TI17B_HUMAN	52	0	1
TI23B_HUMAN	3	1011	0
TIA1_HUMAN	118	0	1
TIAF1_HUMAN	9	511	0
TIAM1_HUMAN	206	0	1
TIAM2_HUMAN	16	301	0
TIAR_HUMAN	168	0	1
TICN1_HUMAN	10	377	0
TICN2_HUMAN	20	385	0
TICN3_HUMAN	8	790	0
TICRR_HUMAN	33	137	0
TIDC1_HUMAN	231	0	1
TIE1_HUMAN	20	227	0
TIE2_HUMAN	125	0	1
TIF1A_HUMAN	373	0	1
TIF1B_HUMAN	1515	0	1
TIFAB_HUMAN	99	0	1
TIFA_HUMAN	40	153	0
TIG1_HUMAN	22	357	0
TIG3_HUMAN,HRSL4_HUMAN	27	219	0
TIGA1_HUMAN	1	1344	0
TIGAR_HUMAN	76	0	1
TIGD1_HUMAN	12	431	0
TIGD2_HUMAN	5	528	0
TIGD3_HUMAN	13	580	0
TIGD4_HUMAN	5	1373	0
TIGD5_HUMAN	72	0	1
TIGD6_HUMAN	21	397	0
TIGD7_HUMAN	12	492	0
TIGIT_HUMAN	26	423	0
TILB_HUMAN	15	567	0
TIM10_HUMAN	90	0	1
TIM13_HUMAN	186	0	1
TIM14_HUMAN	208	0	1
TIM16_HUMAN	126	0	1
TIM21_HUMAN	68	0	1
TIM22_HUMAN	11	388	0
TIM23_HUMAN	89	0	1
TIM44_HUMAN	267	0	1
TIM50_HUMAN	316	0	1
TIM8A_HUMAN	85	0	1
TIM8B_HUMAN	62	0	1
TIM9B_HUMAN,T10B_HUMAN	26	341	0
TIM9_HUMAN	47	0	1
TIMD4_HUMAN	14	442	0
TIMP1_HUMAN	43	0	1
TIMP2_HUMAN	290	0	1
TIMP3_HUMAN	114	0	1
TIMP4_HUMAN	5	1598	0
TIM_HUMAN	86	0	1
TINAG_HUMAN	27	286	0
TINAL_HUMAN	37	186	0
TINF2_HUMAN	128	0	1
TIP39_HUMAN	1	7401	0
TIPIN_HUMAN	31	216	0
TIPRL_HUMAN	124	0	1
TIP_HUMAN	560	0	1
TIRAP_HUMAN	47	0	1
TISB_HUMAN	34	180	0
TISD_HUMAN	211	0	1
TISR_HUMAN	29	264	0
TITIN_HUMAN	339	0	1
TJAP1_HUMAN	53	0	1
TKN1_HUMAN	17	407	0
TKN4_HUMAN	1	8521	0
TKNK_HUMAN	17	670	0
TKTL1_HUMAN	8	893	0
TKTL2_HUMAN	25	222	0
TKT_HUMAN	359	0	1
TLCD1_HUMAN	25	324	0
TLCD2_HUMAN	11	822	0
TLE1_HUMAN	217	0	1
TLE2_HUMAN	137	0	1
TLE3_HUMAN	363	0	1
TLE4_HUMAN	31	256	0
TLE6_HUMAN	9	662	0
TLK1_HUMAN	63	0	1
TLK2_HUMAN	152	0	1
TLL1_HUMAN	12	371	0
TLL2_HUMAN	21	589	0
TLN1_HUMAN	291	0	1
TLN2_HUMAN	57	0	1
TLR10_HUMAN	28	324	0
TLR1_HUMAN	23	277	0
TLR2_HUMAN	48	0	1
TLR3_HUMAN	57	0	1
TLR4_HUMAN	59	0	1
TLR5_HUMAN	25	251	0
TLR6_HUMAN	14	579	0
TLR7_HUMAN	15	700	0
TLR8_HUMAN	15	500	0
TLR9_HUMAN	77	0	1
TLX1_HUMAN	171	0	1
TLX2_HUMAN	138	0	1
TLX3_HUMAN	253	0	1
TM100_HUMAN	36	364	0
TM101_HUMAN	37	220	0
TM102_HUMAN	25	212	0
TM104_HUMAN	24	251	0
TM107_HUMAN	55	0	1
TM108_HUMAN	28	284	0
TM109_HUMAN	130	0	1
TM110_HUMAN,STIMA_HUMAN	5	847	0
TM114_HUMAN	2	3610	0
TM115_HUMAN	54	0	1
TM116_HUMAN	6	1554	0
TM117_HUMAN	6	1055	0
TM119_HUMAN	8	1857	0
TM11A_HUMAN	12	546	0
TM11B_HUMAN	416	0	1
TM11D_HUMAN	4	1879	0
TM11E_HUMAN	12	733	0
TM11F_HUMAN	2	1525	0
TM121_HUMAN	14	843	0
TM127_HUMAN	12	333	0
TM128_HUMAN	91	0	1
TM129_HUMAN	42	181	0
TM130_HUMAN	37	340	0
TM131_HUMAN	161	0	1
TM134_HUMAN	16	458	0
TM135_HUMAN	9	928	0
TM136_HUMAN	20	503	0
TM138_HUMAN	5	899	0
TM139_HUMAN	44	0	1
TM140_HUMAN	60	0	1
TM141_HUMAN	8	569	0
TM143_HUMAN	36	172	0
TM144_HUMAN	9	689	0
TM145_HUMAN	1	3378	0
TM147_HUMAN	89	0	1
TM148_HUMAN	2	2775	0
TM14A_HUMAN	43	0	1
TM14B_HUMAN	278	0	1
TM14C_HUMAN	67	0	1
TM14D_HUMAN	1	6746	0
TM154_HUMAN	43	0	1
TM155_HUMAN	4	2139	0
TM156_HUMAN	1	2756	0
TM158_HUMAN	3	529	0
TM159_HUMAN	66	0	1
TM160_HUMAN	92	0	1
TM163_HUMAN	8	813	0
TM164_HUMAN	36	279	0
TM165_HUMAN	110	0	1
TM168_HUMAN	12	334	0
TM169_HUMAN	116	0	1
TM171_HUMAN	84	0	1
TM173_HUMAN,STING_HUMAN	139	0	1
TM174_HUMAN	17	492	0
TM175_HUMAN	5	1982	0
TM177_HUMAN	58	0	1
TM178_HUMAN,T178A_HUMAN	2	4273	0
TM180_HUMAN,MF13A_HUMAN	12	620	0
TM181_HUMAN	26	214	0
TM182_HUMAN	23	481	0
TM186_HUMAN	81	0	1
TM187_HUMAN	16	616	0
TM189_HUMAN	65	0	1
TM190_HUMAN	14	1273	0
TM192_HUMAN	204	0	1
TM195_HUMAN	1	7347	0
TM196_HUMAN	7	1327	0
TM198_HUMAN	1	6933	0
TM199_HUMAN	144	0	1
TM1L1_HUMAN	88	0	1
TM1L2_HUMAN	69	0	1
TM201_HUMAN	153	0	1
TM203_HUMAN	43	0	1
TM204_HUMAN	8	1160	0
TM205_HUMAN	73	0	1
TM206_HUMAN	167	0	1
TM207_HUMAN	12	683	0
TM208_HUMAN	52	0	1
TM209_HUMAN	157	0	1
TM212_HUMAN	1	1451	0
TM213_HUMAN	9	986	0
TM214_HUMAN	172	0	1
TM216_HUMAN	244	0	1
TM217_HUMAN	2	6082	0
TM218_HUMAN	78	0	1
TM219_HUMAN	29	440	0
TM220_HUMAN	8	921	0
TM222_HUMAN	53	0	1
TM223_HUMAN	73	0	1
TM230_HUMAN	54	0	1
TM231_HUMAN	60	0	1
TM232_HUMAN	1	3217	0
TM234_HUMAN	19	610	0
TM236_HUMAN	6	2458	0
TM237_HUMAN	211	0	1
TM238_HUMAN	1	7014	0
TM239_HUMAN	62	0	1
TM241_HUMAN	73	0	1
TM242_HUMAN	41	448	0
TM245_HUMAN	49	0	1
TM246_HUMAN	71	0	1
TM248_HUMAN	56	0	1
TM2D1_HUMAN	6	733	0
TM2D2_HUMAN	21	460	0
TM2D3_HUMAN	92	0	1
TM38A_HUMAN	9	714	0
TM38B_HUMAN	68	0	1
TM39A_HUMAN	50	0	1
TM39B_HUMAN	43	0	1
TM40L_HUMAN	9	685	0
TM41A_HUMAN	16	297	0
TM41B_HUMAN	168	0	1
TM45A_HUMAN	17	671	0
TM45B_HUMAN	47	0	1
TM50A_HUMAN	17	343	0
TM50B_HUMAN	26	281	0
TM55A_HUMAN	48	0	1
TM55B_HUMAN	98	0	1
TM59L_HUMAN	48	0	1
TM63A_HUMAN,CSCL1_HUMAN	116	0	1
TM63B_HUMAN,CSCL2_HUMAN	176	0	1
TM63C_HUMAN,CSC1_HUMAN	40	288	0
TM6S1_HUMAN	3	1696	0
TM6S2_HUMAN	11	1055	0
TM74B_HUMAN	3	1844	0
TM7S3_HUMAN	12	381	0
TM86A_HUMAN	51	0	1
TM86B_HUMAN	107	0	1
TM87A_HUMAN	211	0	1
TM87B_HUMAN	18	534	0
TM9S1_HUMAN	68	0	1
TM9S2_HUMAN	81	0	1
TM9S3_HUMAN	169	0	1
TM9S4_HUMAN	126	0	1
TMA16_HUMAN	97	0	1
TMC1_HUMAN	10	623	0
TMC2_HUMAN	2	1407	0
TMC3_HUMAN	2	2301	0
TMC4_HUMAN	29	389	0
TMC5A_HUMAN	8	1476	0
TMC5_HUMAN	5	634	0
TMC6_HUMAN	30	192	0
TMC7_HUMAN	7	528	0
TMC8_HUMAN	6	870	0
TMCC1_HUMAN	36	125	0
TMCC2_HUMAN	49	0	1
TMCC3_HUMAN	48	0	1
TMCO1_HUMAN	208	0	1
TMCO2_HUMAN	6	1572	0
TMCO3_HUMAN	76	0	1
TMCO4_HUMAN	7	837	0
TMCO6_HUMAN	14	621	0
TMCO7_HUMAN,TNG6_HUMAN	75	0	1
TMED1_HUMAN	80	0	1
TMED2_HUMAN	181	0	1
TMED3_HUMAN	32	193	0
TMED4_HUMAN	94	0	1
TMED5_HUMAN	103	0	1
TMED6_HUMAN	39	340	0
TMED7_HUMAN	98	0	1
TMED8_HUMAN	62	0	1
TMED9_HUMAN	180	0	1
TMEDA_HUMAN	292	0	1
TMEM2_HUMAN	129	0	1
TMEM5_HUMAN	28	317	0
TMEM9_HUMAN	258	0	1
TMF1_HUMAN	84	0	1
TMG1_HUMAN	13	495	0
TMG2_HUMAN	6	945	0
TMG3_HUMAN	4	1639	0
TMG4_HUMAN	38	228	0
TMHS_HUMAN	144	0	1
TMIE_HUMAN	29	331	0
TMIG1_HUMAN	29	262	0
TMIG2_HUMAN	2	1993	0
TMLH_HUMAN	70	0	1
TMM11_HUMAN	117	0	1
TMM17_HUMAN	402	0	1
TMM18_HUMAN	13	775	0
TMM19_HUMAN	45	0	1
TMM20_HUMAN	115	0	1
TMM25_HUMAN	149	0	1
TMM27_HUMAN	5	2484	0
TMM31_HUMAN	223	0	1
TMM33_HUMAN	215	0	1
TMM35_HUMAN	35	241	0
TMM40_HUMAN	13	717	0
TMM42_HUMAN	56	0	1
TMM43_HUMAN	211	0	1
TMM44_HUMAN	13	669	0
TMM47_HUMAN	9	1392	0
TMM51_HUMAN	101	0	1
TMM52_HUMAN	3	1434	0
TMM53_HUMAN	11	624	0
TMM54_HUMAN	27	289	0
TMM56_HUMAN	101	0	1
TMM59_HUMAN	231	0	1
TMM60_HUMAN	101	0	1
TMM61_HUMAN	1	2265	0
TMM62_HUMAN	24	307	0
TMM64_HUMAN	4	975	0
TMM65_HUMAN	55	0	1
TMM68_HUMAN	42	144	0
TMM69_HUMAN	19	525	0
TMM70_HUMAN	247	0	1
TMM71_HUMAN	6	1835	0
TMM72_HUMAN	41	320	0
TMM74_HUMAN	138	0	1
TMM75_HUMAN	9	719	0
TMM79_HUMAN	67	0	1
TMM80_HUMAN	69	0	1
TMM81_HUMAN	2	2743	0
TMM82_HUMAN	4	2955	0
TMM88_HUMAN	55	0	1
TMM89_HUMAN	2	2708	0
TMM8A_HUMAN	35	242	0
TMM8B_HUMAN	5	893	0
TMM91_HUMAN	2	1296	0
TMM92_HUMAN	16	480	0
TMM95_HUMAN	44	0	1
TMM97_HUMAN	109	0	1
TMM98_HUMAN	34	261	0
TMM99_HUMAN	1	6211	0
TMM9B_HUMAN	156	0	1
TMOD1_HUMAN	165	0	1
TMOD2_HUMAN	86	0	1
TMOD3_HUMAN	263	0	1
TMOD4_HUMAN	28	240	0
TMPPE_HUMAN	80	0	1
TMPS2_HUMAN	338	0	1
TMPS3_HUMAN	37	222	0
TMPS4_HUMAN	309	0	1
TMPS5_HUMAN	47	0	1
TMPS6_HUMAN	4	750	0
TMPS7_HUMAN	4	733	0
TMPS9_HUMAN	4	506	0
TMPSC_HUMAN	22	322	0
TMPSD_HUMAN	119	0	1
TMTC1_HUMAN	7	518	0
TMTC2_HUMAN	15	244	0
TMTC3_HUMAN	121	0	1
TMTC4_HUMAN	56	0	1
TMUB1_HUMAN	89	0	1
TMUB2_HUMAN	49	0	1
TMX1_HUMAN	263	0	1
TMX2_HUMAN	238	0	1
TMX3_HUMAN	118	0	1
TMX4_HUMAN	81	0	1
TN13B_HUMAN	117	0	1
TNAP2_HUMAN	136	0	1
TNAP3_HUMAN	190	0	1
TNC18_HUMAN	92	0	1
TNF10_HUMAN	24	260	0
TNF11_HUMAN	35	211	0
TNF12_HUMAN	25	253	0
TNF13_HUMAN	50	0	1
TNF14_HUMAN	79	0	1
TNF15_HUMAN	2	5275	0
TNF18_HUMAN	69	0	1
TNF6B_HUMAN	40	252	0
TNFA_HUMAN	318	0	1
TNFB_HUMAN	26	259	0
TNFC_HUMAN	3	3217	0
TNFL4_HUMAN	2	2770	0
TNFL6_HUMAN	108	0	1
TNFL8_HUMAN	151	0	1
TNFL9_HUMAN	91	0	1
TNI3K_HUMAN	20	331	0
TNIK_HUMAN	310	0	1
TNIP1_HUMAN	1199	0	1
TNIP2_HUMAN	924	0	1
TNIP3_HUMAN	46	0	1
TNK1_HUMAN	39	186	0
TNKS1_HUMAN	103	0	1
TNKS2_HUMAN	82	0	1
TNMD_HUMAN	18	524	0
TNNC1_HUMAN	31	243	0
TNNC2_HUMAN	80	0	1
TNNI1_HUMAN	58	0	1
TNNI2_HUMAN	32	229	0
TNNI3_HUMAN	24	338	0
TNNT1_HUMAN	82	0	1
TNNT2_HUMAN	12	785	0
TNNT3_HUMAN	26	377	0
TNPO1_HUMAN	322	0	1
TNPO2_HUMAN	226	0	1
TNPO3_HUMAN	259	0	1
TNR11_HUMAN	19	237	0
TNR12_HUMAN	11	523	0
TNR14_HUMAN	84	0	1
TNR16_HUMAN	65	0	1
TNR17_HUMAN	22	246	0
TNR18_HUMAN	12	341	0
TNR19_HUMAN	51	0	1
TNR1A_HUMAN	262	0	1
TNR1B_HUMAN	234	0	1
TNR21_HUMAN	31	216	0
TNR25_HUMAN	12	508	0
TNR27_HUMAN	20	542	0
TNR3_HUMAN	93	0	1
TNR4_HUMAN	7	1385	0
TNR5_HUMAN	217	0	1
TNR6A_HUMAN	292	0	1
TNR6B_HUMAN	296	0	1
TNR6C_HUMAN	150	0	1
TNR6_HUMAN	361	0	1
TNR8_HUMAN	28	314	0
TNR9_HUMAN	43	0	1
TNT_HUMAN	1	3010	0
TO20L_HUMAN	10	1051	0
TOB1_HUMAN	55	0	1
TOB2_HUMAN	20	326	0
TOE1_HUMAN	151	0	1
TOIP1_HUMAN	239	0	1
TOIP2_HUMAN,TOIP2_HUMAN,IFG15_HUMAN	220	0	1
TOLIP_HUMAN	384	0	1
TOM1_HUMAN	107	0	1
TOM20_HUMAN	244	0	1
TOM22_HUMAN	374	0	1
TOM34_HUMAN	115	0	1
TOM40_HUMAN	324	0	1
TOM5_HUMAN	117	0	1
TOM6_HUMAN	42	261	0
TOM70_HUMAN	147	0	1
TOM7_HUMAN	29	282	0
TOMT_HUMAN	1	8095	0
TONSL_HUMAN	93	0	1
TOP1M_HUMAN	33	178	0
TOP1_HUMAN	641	0	1
TOP2A_HUMAN	519	0	1
TOP2B_HUMAN	276	0	1
TOP3A_HUMAN	98	0	1
TOP3B_HUMAN	1467	0	1
TOPB1_HUMAN	580	0	1
TOPK_HUMAN	217	0	1
TOPRS_HUMAN	93	0	1
TOPZ1_HUMAN	12	457	0
TOR1A_HUMAN	85	0	1
TOR1B_HUMAN	66	0	1
TOR2A_HUMAN	23	204	0
TOR3A_HUMAN	96	0	1
TOR4A_HUMAN	31	163	0
TOX2_HUMAN	33	321	0
TOX3_HUMAN	29	160	0
TOX4_HUMAN	149	0	1
TOX_HUMAN	12	693	0
TP4A1_HUMAN	109	0	1
TP4A2_HUMAN	102	0	1
TP4A3_HUMAN	163	0	1
TP4AP_HUMAN	116	0	1
TP53B_HUMAN	486	0	1
TP8L1_HUMAN	47	0	1
TP8L2_HUMAN	8	722	0
TP8L3_HUMAN	3	1457	0
TPA_HUMAN	53	0	1
TPBG_HUMAN	36	142	0
TPC10_HUMAN	79	0	1
TPC11_HUMAN	57	0	1
TPC12_HUMAN	43	0	1
TPC1_HUMAN	34	239	0
TPC2A_HUMAN	102	0	1
TPC2B_HUMAN	3	3663	0
TPC2L_HUMAN	71	0	1
TPC2_HUMAN	66	0	1
TPC3L_HUMAN	13	1135	0
TPC6A_HUMAN	53	0	1
TPC6B_HUMAN	40	198	0
TPC_HUMAN	86	0	1
TPD52_HUMAN	116	0	1
TPD53_HUMAN	56	0	1
TPD54_HUMAN	171	0	1
TPD55_HUMAN	15	480	0
TPGS1_HUMAN	82	0	1
TPGS2_HUMAN	22	243	0
TPH1_HUMAN	11	416	0
TPH2_HUMAN	5	1160	0
TPIP1_HUMAN	2	3673	0
TPIS_HUMAN	287	0	1
TPK1_HUMAN	24	296	0
TPM1_HUMAN	265	0	1
TPM2_HUMAN	211	0	1
TPM3_HUMAN	396	0	1
TPM4_HUMAN	276	0	1
TPMT_HUMAN	10	388	0
TPOR_HUMAN	35	217	0
TPO_HUMAN	4	1345	0
TPP1_HUMAN	116	0	1
TPP2_HUMAN	138	0	1
TPPC1_HUMAN	58	0	1
TPPC3_HUMAN	73	0	1
TPPC4_HUMAN	84	0	1
TPPC5_HUMAN	98	0	1
TPPC8_HUMAN	74	0	1
TPPC9_HUMAN	92	0	1
TPPP2_HUMAN	8	1333	0
TPPP3_HUMAN	7	649	0
TPPP_HUMAN	36	156	0
TPRA1_HUMAN	37	267	0
TPRG1_HUMAN	23	436	0
TPRGL_HUMAN	5	1025	0
TPRKB_HUMAN	65	0	1
TPRN_HUMAN	52	0	1
TPRX1_HUMAN	17	578	0
TPRXL_HUMAN	2	897	0
TPR_HUMAN	385	0	1
TPSNR_HUMAN	22	219	0
TPSN_HUMAN	86	0	1
TPST1_HUMAN	37	179	0
TPST2_HUMAN	131	0	1
TPT1L_HUMAN	8	574	0
TPTE2_HUMAN	87	0	1
TPTE_HUMAN	129	0	1
TPTG3_HUMAN	1	1502	0
TPX2_HUMAN	218	0	1
TR10A_HUMAN	134	0	1
TR10B_HUMAN	175	0	1
TR10C_HUMAN	102	0	1
TR10D_HUMAN	78	0	1
TR112_HUMAN	108	0	1
TR11B_HUMAN	7	729	0
TR13B_HUMAN	57	0	1
TR13C_HUMAN	12	683	0
TR150_HUMAN	479	0	1
TR16L_HUMAN	30	162	0
TR19L_HUMAN	70	0	1
TR1L1_HUMAN	29	350	0
TR3N_HUMAN	9	1183	0
TR43B_HUMAN	3	1139	0
TR49C_HUMAN	3	4089	0
TR61B_HUMAN	302	0	1
TR64C_HUMAN	4	1206	0
TRA2A_HUMAN	287	0	1
TRA2B_HUMAN	298	0	1
TRABD_HUMAN	113	0	1
TRAD1_HUMAN	75	0	1
TRADD_HUMAN	139	0	1
TRAF1_HUMAN	329	0	1
TRAF2_HUMAN	636	0	1
TRAF3_HUMAN	235	0	1
TRAF4_HUMAN	204	0	1
TRAF5_HUMAN	90	0	1
TRAF6_HUMAN	676	0	1
TRAF7_HUMAN	138	0	1
TRAIP_HUMAN	78	0	1
TRAK1_HUMAN	95	0	1
TRAK2_HUMAN	62	0	1
TRAM1_HUMAN	69	0	1
TRAM2_HUMAN	17	264	0
TRAP1_HUMAN	497	0	1
TRAT1_HUMAN	24	288	0
TRBM_HUMAN	35	232	0
TRBP2_HUMAN	148	0	1
TRDMT_HUMAN	23	226	0
TRDN_HUMAN	174	0	1
TREA_HUMAN	1	6777	0
TREF1_HUMAN	39	135	0
TREM1_HUMAN	17	522	0
TREM2_HUMAN	8	840	0
TREX1_HUMAN	53	0	1
TREX2_HUMAN	53	0	1
TRFE_HUMAN	203	0	1
TRFL_HUMAN	163	0	1
TRFM_HUMAN	77	0	1
TRFR_HUMAN	19	728	0
TRHDE_HUMAN	28	189	0
TRHY_HUMAN	17	315	0
TRH_HUMAN	3	4084	0
TRI10_HUMAN	61	0	1
TRI11_HUMAN	176	0	1
TRI13_HUMAN	28	415	0
TRI14_HUMAN	385	0	1
TRI15_HUMAN	46	0	1
TRI16_HUMAN	59	0	1
TRI17_HUMAN	79	0	1
TRI18_HUMAN	119	0	1
TRI22_HUMAN	25	224	0
TRI23_HUMAN	372	0	1
TRI25_HUMAN	2264	0	1
TRI26_HUMAN	196	0	1
TRI27_HUMAN	522	0	1
TRI29_HUMAN	239	0	1
TRI31_HUMAN	445	0	1
TRI32_HUMAN	192	0	1
TRI33_HUMAN	489	0	1
TRI34_HUMAN	13	455	0
TRI35_HUMAN	108	0	1
TRI36_HUMAN	137	0	1
TRI37_HUMAN	633	0	1
TRI38_HUMAN	47	0	1
TRI39_HUMAN	112	0	1
TRI40_HUMAN	13	454	0
TRI41_HUMAN	228	0	1
TRI42_HUMAN	145	0	1
TRI43_HUMAN	50	0	1
TRI44_HUMAN	81	0	1
TRI45_HUMAN	32	192	0
TRI46_HUMAN	41	186	0
TRI47_HUMAN	52	0	1
TRI48_HUMAN	2	1964	0
TRI49_HUMAN	9	547	0
TRI50_HUMAN	57	0	1
TRI51_HUMAN	5	1410	0
TRI52_HUMAN	130	0	1
TRI54_HUMAN	302	0	1
TRI55_HUMAN	453	0	1
TRI56_HUMAN	155	0	1
TRI58_HUMAN	40	207	0
TRI59_HUMAN	47	0	1
TRI60_HUMAN	2	1927	0
TRI61_HUMAN	1	8765	0
TRI62_HUMAN	32	194	0
TRI63_HUMAN	313	0	1
TRI64_HUMAN	9	543	0
TRI65_HUMAN	78	0	1
TRI66_HUMAN	201	0	1
TRI67_HUMAN	4780	0	1
TRI68_HUMAN	118	0	1
TRI69_HUMAN	83	0	1
TRI72_HUMAN	46	0	1
TRI73_HUMAN	20	329	0
TRI74_HUMAN	66	0	1
TRI75_HUMAN	5	854	0
TRIA1_HUMAN	52	0	1
TRIB1_HUMAN	47	0	1
TRIB2_HUMAN	46	0	1
TRIB3_HUMAN	151	0	1
TRIL_HUMAN	2	4550	0
TRIM1_HUMAN	264	0	1
TRIM2_HUMAN	47	0	1
TRIM3_HUMAN	72	0	1
TRIM4_HUMAN	53	0	1
TRIM5_HUMAN	80	0	1
TRIM6_HUMAN	70	0	1
TRIM7_HUMAN	79	0	1
TRIM8_HUMAN	120	0	1
TRIM9_HUMAN	129	0	1
TRIML_HUMAN	5	1384	0
TRIMM_HUMAN	64	0	1
TRIO_HUMAN	115	0	1
TRIP4_HUMAN	210	0	1
TRIP6_HUMAN	372	0	1
TRIPB_HUMAN	168	0	1
TRIPC_HUMAN	226	0	1
TRIQK_HUMAN	1	7198	0
TRIT1_HUMAN	6	1280	0
TRM11_HUMAN	42	130	0
TRM13_HUMAN	12	289	0
TRM1L_HUMAN	204	0	1
TRM1_HUMAN	153	0	1
TRM2A_HUMAN	150	0	1
TRM2_HUMAN	31	181	0
TRM44_HUMAN	38	183	0
TRM5_HUMAN	44	0	1
TRM61_HUMAN	96	0	1
TRM6_HUMAN	116	0	1
TRMB_HUMAN	46	0	1
TRML1_HUMAN	8	596	0
TRML2_HUMAN	25	355	0
TRNK1_HUMAN	8	424	0
TRNP1_HUMAN	4	1198	0
TRNT1_HUMAN	57	0	1
TROAP_HUMAN	54	0	1
TROP_HUMAN	77	0	1
TRPA1_HUMAN	5	880	0
TRPC1_HUMAN	28	204	0
TRPC3_HUMAN	25	258	0
TRPC4_HUMAN	17	438	0
TRPC5_HUMAN	19	582	0
TRPC6_HUMAN	17	546	0
TRPC7_HUMAN	4	2415	0
TRPM1_HUMAN	13	334	0
TRPM2_HUMAN	8	544	0
TRPM3_HUMAN	24	305	0
TRPM4_HUMAN	71	0	1
TRPM5_HUMAN	4	1877	0
TRPM6_HUMAN	8	464	0
TRPM7_HUMAN	130	0	1
TRPM8_HUMAN	18	445	0
TRPS1_HUMAN	145	0	1
TRPT1_HUMAN	12	553	0
TRPV1_HUMAN	11	258	0
TRPV2_HUMAN	26	298	0
TRPV3_HUMAN	6	2297	0
TRPV4_HUMAN	21	378	0
TRPV5_HUMAN	29	230	0
TRPV6_HUMAN	17	484	0
TRRAP_HUMAN	758	0	1
TRUA_HUMAN	137	0	1
TRUB1_HUMAN	40	134	0
TRUB2_HUMAN	357	0	1
TRXR1_HUMAN	107	0	1
TRXR2_HUMAN	58	0	1
TRXR3_HUMAN	23	227	0
TRY1_HUMAN	74	0	1
TRY2_HUMAN	35	176	0
TRY3_HUMAN	80	0	1
TRYB1_HUMAN	4	1287	0
TRYB2_HUMAN	19	408	0
TRYG1_HUMAN	2	4844	0
TRYX3_HUMAN	1	6695	0
TS101_HUMAN	324	0	1
TS1R1_HUMAN	2	1081	0
TS1R2_HUMAN	27	307	0
TS1R3_HUMAN	12	531	0
TSAP1_HUMAN	33	208	0
TSC1_HUMAN	277	0	1
TSC21_HUMAN,TEX37_HUMAN	49	0	1
TSC2_HUMAN	185	0	1
TSCOT_HUMAN	47	0	1
TSEAR_HUMAN	1	6223	0
TSG10_HUMAN	95	0	1
TSG13_HUMAN	3	3064	0
TSG6_HUMAN	49	0	1
TSH1_HUMAN	20	266	0
TSH2_HUMAN	35	162	0
TSH3_HUMAN	90	0	1
TSHB_HUMAN	17	398	0
TSHR_HUMAN	94	0	1
TSKS_HUMAN	41	232	0
TSK_HUMAN	4	1650	0
TSLP_HUMAN	11	491	0
TSN10_HUMAN	66	0	1
TSN11_HUMAN	12	502	0
TSN12_HUMAN	36	272	0
TSN13_HUMAN	2	1370	0
TSN14_HUMAN	23	225	0
TSN15_HUMAN	315	0	1
TSN16_HUMAN	21	673	0
TSN17_HUMAN	72	0	1
TSN18_HUMAN	30	419	0
TSN1_HUMAN	19	602	0
TSN2_HUMAN	73	0	1
TSN31_HUMAN	54	0	1
TSN33_HUMAN	67	0	1
TSN3_HUMAN	111	0	1
TSN4_HUMAN	50	0	1
TSN5_HUMAN	113	0	1
TSN6_HUMAN	64	0	1
TSN7_HUMAN	37	275	0
TSN8_HUMAN	76	0	1
TSN9_HUMAN	13	240	0
TSNA1_HUMAN	38	195	0
TSNAX_HUMAN	199	0	1
TSN_HUMAN	122	0	1
TSP1_HUMAN	104	0	1
TSP2_HUMAN	18	381	0
TSP3_HUMAN	73	0	1
TSP4_HUMAN	8	544	0
TSP50_HUMAN	44	0	1
TSPO2_HUMAN	63	0	1
TSPOA_HUMAN	45	0	1
TSPY1_HUMAN	3	2620	0
TSPY2_HUMAN	12	1067	0
TSPY3_HUMAN	4	2672	0
TSPY8_HUMAN	2	6196	0
TSPYA_HUMAN	2	3703	0
TSR1_HUMAN	356	0	1
TSR2_HUMAN	36	166	0
TSR3_HUMAN	51	0	1
TSSC1_HUMAN	88	0	1
TSSC4_HUMAN	117	0	1
TSSK1_HUMAN	51	0	1
TSSK2_HUMAN	26	241	0
TSSK3_HUMAN	78	0	1
TSSK4_HUMAN	7	1192	0
TSSK6_HUMAN	44	0	1
TSSP1_HUMAN	1	4740	0
TSSP2_HUMAN	6	815	0
TSSP5_HUMAN	6	1003	0
TSSP_HUMAN	44	0	1
TSTD2_HUMAN	41	124	0
TSYL1_HUMAN	129	0	1
TSYL2_HUMAN	102	0	1
TSYL4_HUMAN	41	176	0
TSYL5_HUMAN	48	0	1
TSYL6_HUMAN	75	0	1
TT21A_HUMAN	19	281	0
TT21B_HUMAN	24	195	0
TT23L_HUMAN	29	282	0
TT30A_HUMAN	41	187	0
TT30B_HUMAN	61	0	1
TT39A_HUMAN	13	474	0
TT39B_HUMAN	16	268	0
TT39C_HUMAN	12	382	0
TTBK1_HUMAN	25	220	0
TTBK2_HUMAN	23	193	0
TTC12_HUMAN	16	309	0
TTC13_HUMAN	89	0	1
TTC14_HUMAN	29	181	0
TTC16_HUMAN	8	480	0
TTC17_HUMAN	123	0	1
TTC18_HUMAN,CFA70_HUMAN	3	966	0
TTC19_HUMAN	142	0	1
TTC1_HUMAN	164	0	1
TTC22_HUMAN	1	2493	0
TTC23_HUMAN	113	0	1
TTC24_HUMAN	1	3967	0
TTC25_HUMAN	25	287	0
TTC26_HUMAN,IFT56_HUMAN	66	0	1
TTC27_HUMAN	115	0	1
TTC28_HUMAN	106	0	1
TTC29_HUMAN	19	462	0
TTC31_HUMAN	18	415	0
TTC32_HUMAN	12	822	0
TTC33_HUMAN	53	0	1
TTC34_HUMAN	4	635	0
TTC36_HUMAN	1	8756	0
TTC37_HUMAN	124	0	1
TTC38_HUMAN	26	169	0
TTC3_HUMAN	126	0	1
TTC40_HUMAN	8	993	0
TTC4_HUMAN	169	0	1
TTC5_HUMAN	63	0	1
TTC6_HUMAN	2	2857	0
TTC7A_HUMAN	31	143	0
TTC7B_HUMAN	25	178	0
TTC8_HUMAN	26	218	0
TTC9A_HUMAN	5	866	0
TTC9B_HUMAN	6	1003	0
TTC9C_HUMAN	198	0	1
TTDN1_HUMAN	33	188	0
TTF1_HUMAN	112	0	1
TTF2_HUMAN	161	0	1
TTHY_HUMAN	111	0	1
TTI1_HUMAN	116	0	1
TTI2_HUMAN	65	0	1
TTK_HUMAN	171	0	1
TTL10_HUMAN	17	511	0
TTL11_HUMAN	8	435	0
TTL12_HUMAN	145	0	1
TTL13_HUMAN	3	642	0
TTLL1_HUMAN	30	235	0
TTLL2_HUMAN	2	2243	0
TTLL3_HUMAN	17	398	0
TTLL4_HUMAN	24	173	0
TTLL5_HUMAN	50	0	1
TTLL6_HUMAN	13	313	0
TTLL7_HUMAN	14	274	0
TTLL8_HUMAN	1	7014	0
TTLL9_HUMAN	13	550	0
TTL_HUMAN	19	221	0
TTMA_HUMAN	3	896	0
TTMP_HUMAN	307	0	1
TTPAL_HUMAN	11	367	0
TTPA_HUMAN	47	0	1
TTP_HUMAN	177	0	1
TTY14_HUMAN	1	1451	0
TTYH1_HUMAN	308	0	1
TTYH2_HUMAN	24	256	0
TTYH3_HUMAN	84	0	1
TUB_HUMAN	25	301	0
TUFT1_HUMAN	65	0	1
TULP1_HUMAN	7	850	0
TULP2_HUMAN	38	201	0
TULP3_HUMAN	348	0	1
TULP4_HUMAN	26	138	0
TUSC1_HUMAN	9	618	0
TUSC2_HUMAN	79	0	1
TUSC3_HUMAN	63	0	1
TUSC5_HUMAN	110	0	1
TUT4_HUMAN	79	0	1
TUT7_HUMAN	118	0	1
TUTLA_HUMAN	10	681	0
TUTLB_HUMAN	8	526	0
TVB2_HUMAN	5	1313	0
TVC_HUMAN	54	0	1
TWF1_HUMAN	185	0	1
TWF2_HUMAN	110	0	1
TWSG1_HUMAN	16	271	0
TWST1_HUMAN	60	0	1
TWST2_HUMAN	17	531	0
TX101_HUMAN	281	0	1
TX13A_HUMAN	26	372	0
TX13B_HUMAN	19	653	0
TX1B3_HUMAN	73	0	1
TX261_HUMAN	3	1963	0
TX264_HUMAN	194	0	1
TXD11_HUMAN	96	0	1
TXD12_HUMAN	143	0	1
TXD15_HUMAN	68	0	1
TXD16_HUMAN	63	0	1
TXD17_HUMAN	55	0	1
TXIP1_HUMAN	21	320	0
TXK_HUMAN	49	0	1
TXLNA_HUMAN	246	0	1
TXLNB_HUMAN	91	0	1
TXLNG_HUMAN	99	0	1
TXN4A_HUMAN	75	0	1
TXN4B_HUMAN	35	204	0
TXND2_HUMAN	16	441	0
TXND3_HUMAN	10	819	0
TXND5_HUMAN	235	0	1
TXND6_HUMAN	3	875	0
TXND8_HUMAN	6	460	0
TXND9_HUMAN	128	0	1
TXNIP_HUMAN	215	0	1
TXNL1_HUMAN	221	0	1
TXTP_HUMAN	320	0	1
TY3H_HUMAN	32	189	0
TYB10_HUMAN	62	0	1
TYB4Y_HUMAN	37	215	0
TYB4_HUMAN	84	0	1
TYDP1_HUMAN	33	163	0
TYDP2_HUMAN	71	0	1
TYK2_HUMAN	161	0	1
TYOBP_HUMAN	98	0	1
TYPH_HUMAN	99	0	1
TYRO3_HUMAN	160	0	1
TYRO_HUMAN	4	1254	0
TYRP1_HUMAN	9	578	0
TYRP2_HUMAN	21	386	0
TYSD1_HUMAN	37	139	0
TYSY_HUMAN	97	0	1
TYW1B_HUMAN	22	427	0
TYW1_HUMAN	125	0	1
TYW2_HUMAN	10	543	0
TYW3_HUMAN	53	0	1
TYW5_HUMAN	11	903	0
TYY1_HUMAN	449	0	1
TYY2_HUMAN	12	276	0
U119A_HUMAN	162	0	1
U119B_HUMAN	42	161	0
U17L1_HUMAN	5	897	0
U17L2_HUMAN	30	214	0
U17L3_HUMAN	2	2615	0
U17L5_HUMAN	1	2214	0
U17L7_HUMAN	6	1376	0
U1SBP_HUMAN	35	208	0
U2AF1_HUMAN	246	0	1
U2AF2_HUMAN	660	0	1
U2AF4_HUMAN	16	289	0
U2AFL_HUMAN	9	952	0
U2AFM_HUMAN	74	0	1
U2D2L_HUMAN	11	817	0
U3IP2_HUMAN	130	0	1
U513_HUMAN	71	0	1
U520_HUMAN	476	0	1
U5S1_HUMAN	1470	0	1
U632A_HUMAN	6	1241	0
UACA_HUMAN	156	0	1
UAP1L_HUMAN	16	237	0
UAP1_HUMAN	47	0	1
UB2D1_HUMAN	224	0	1
UB2D2_HUMAN	253	0	1
UB2D3_HUMAN	221	0	1
UB2D4_HUMAN	113	0	1
UB2E1_HUMAN	145	0	1
UB2E2_HUMAN	83	0	1
UB2E3_HUMAN	123	0	1
UB2G1_HUMAN	24	200	0
UB2G2_HUMAN	97	0	1
UB2J1_HUMAN	195	0	1
UB2J2_HUMAN	33	151	0
UB2L3_HUMAN	170	0	1
UB2L6_HUMAN	106	0	1
UB2Q1_HUMAN	60	0	1
UB2Q2_HUMAN	27	213	0
UB2R1_HUMAN	299	0	1
UB2R2_HUMAN	75	0	1
UB2V1_HUMAN	112	0	1
UB2V2_HUMAN	93	0	1
UBA1_HUMAN	382	0	1
UBA3_HUMAN	69	0	1
UBA5_HUMAN	122	0	1
UBA6_HUMAN	158	0	1
UBA7_HUMAN	15	306	0
UBAC1_HUMAN	135	0	1
UBAC2_HUMAN	202	0	1
UBAP1_HUMAN	30	166	0
UBAP2_HUMAN	174	0	1
UBB_HUMAN	477	0	1
UBC12_HUMAN	618	0	1
UBC9_HUMAN	502	0	1
UBCP1_HUMAN	96	0	1
UBD_HUMAN	658	0	1
UBE2A_HUMAN	219	0	1
UBE2B_HUMAN	78	0	1
UBE2C_HUMAN	74	0	1
UBE2F_HUMAN	21	338	0
UBE2H_HUMAN	1940	0	1
UBE2K_HUMAN	131	0	1
UBE2N_HUMAN	287	0	1
UBE2O_HUMAN	806	0	1
UBE2S_HUMAN	125	0	1
UBE2T_HUMAN	69	0	1
UBE2U_HUMAN	137	0	1
UBE2W_HUMAN	93	0	1
UBE2Z_HUMAN	81	0	1
UBE3A_HUMAN	398	0	1
UBE3B_HUMAN	48	0	1
UBE3C_HUMAN	225	0	1
UBE3D_HUMAN	35	171	0
UBE4A_HUMAN	109	0	1
UBE4B_HUMAN	139	0	1
UBF1_HUMAN	230	0	1
UBFD1_HUMAN	57	0	1
UBFL1_HUMAN	28	396	0
UBFL6_HUMAN	1	3155	0
UBIA1_HUMAN	123	0	1
UBIM_HUMAN	7	806	0
UBIP1_HUMAN	72	0	1
UBL3_HUMAN	32	186	0
UBL4A_HUMAN	358	0	1
UBL4B_HUMAN	14	593	0
UBL5_HUMAN	86	0	1
UBL7_HUMAN	67	0	1
UBN1_HUMAN	63	0	1
UBN2_HUMAN	97	0	1
UBP10_HUMAN	310	0	1
UBP11_HUMAN	560	0	1
UBP12_HUMAN	64	0	1
UBP13_HUMAN	113	0	1
UBP14_HUMAN	479	0	1
UBP15_HUMAN	474	0	1
UBP16_HUMAN	72	0	1
UBP17_HUMAN,U17LO_HUMAN	7	1181	0
UBP18_HUMAN	57	0	1
UBP19_HUMAN	154	0	1
UBP1_HUMAN	130	0	1
UBP20_HUMAN	197	0	1
UBP21_HUMAN	130	0	1
UBP22_HUMAN	160	0	1
UBP24_HUMAN	122	0	1
UBP25_HUMAN	101	0	1
UBP26_HUMAN	13	455	0
UBP27_HUMAN	38	215	0
UBP28_HUMAN	90	0	1
UBP29_HUMAN	28	178	0
UBP2L_HUMAN	312	0	1
UBP2_HUMAN	202	0	1
UBP30_HUMAN	109	0	1
UBP31_HUMAN	25	143	0
UBP32_HUMAN	132	0	1
UBP33_HUMAN	136	0	1
UBP34_HUMAN	183	0	1
UBP35_HUMAN	28	180	0
UBP36_HUMAN	594	0	1
UBP37_HUMAN	111	0	1
UBP38_HUMAN	31	176	0
UBP3_HUMAN	66	0	1
UBP40_HUMAN	48	0	1
UBP41_HUMAN	6	861	0
UBP42_HUMAN	83	0	1
UBP43_HUMAN	54	0	1
UBP44_HUMAN	185	0	1
UBP45_HUMAN	34	232	0
UBP46_HUMAN	91	0	1
UBP47_HUMAN	196	0	1
UBP48_HUMAN	169	0	1
UBP49_HUMAN	57	0	1
UBP4_HUMAN	290	0	1
UBP50_HUMAN	33	180	0
UBP51_HUMAN	43	0	1
UBP53_HUMAN	138	0	1
UBP54_HUMAN	213	0	1
UBP5_HUMAN	213	0	1
UBP6_HUMAN	20	305	0
UBP7_HUMAN	638	0	1
UBP8_HUMAN	134	0	1
UBQL1_HUMAN	427	0	1
UBQL2_HUMAN	792	0	1
UBQL3_HUMAN	2	897	0
UBQL4_HUMAN	262	0	1
UBQLN_HUMAN	4	974	0
UBR1_HUMAN	268	0	1
UBR2_HUMAN	152	0	1
UBR3_HUMAN	105	0	1
UBR4_HUMAN	350	0	1
UBR5_HUMAN	583	0	1
UBR7_HUMAN	87	0	1
UBS3A_HUMAN	116	0	1
UBS3B_HUMAN	170	0	1
UBTD1_HUMAN	39	181	0
UBTD2_HUMAN	28	285	0
UBX10_HUMAN	32	200	0
UBX11_HUMAN	50	0	1
UBX2A_HUMAN	24	231	0
UBX2B_HUMAN	41	228	0
UBXN1_HUMAN	213	0	1
UBXN4_HUMAN	186	0	1
UBXN6_HUMAN	333	0	1
UBXN7_HUMAN	262	0	1
UBXN8_HUMAN	87	0	1
UCHL1_HUMAN	256	0	1
UCHL3_HUMAN	175	0	1
UCHL5_HUMAN	243	0	1
UCK1_HUMAN	16	306	0
UCK2_HUMAN	77	0	1
UCKL1_HUMAN	53	0	1
UCMA_HUMAN	1	6037	0
UCN1_HUMAN	4	2211	0
UCN2_HUMAN	1	8947	0
UCN3_HUMAN	20	443	0
UCP1_HUMAN	4	2111	0
UCP2_HUMAN	25	267	0
UCP3_HUMAN	15	444	0
UCP4_HUMAN	2	4143	0
UCP5_HUMAN	67	0	1
UCRIL_HUMAN	44	0	1
UCRI_HUMAN	255	0	1
UD110_HUMAN	37	265	0
UD11_HUMAN	15	579	0
UD13_HUMAN	10	1659	0
UD14_HUMAN	12	1157	0
UD15_HUMAN	13	729	0
UD16_HUMAN	9	1740	0
UD17_HUMAN	65	0	1
UD18_HUMAN	8	1736	0
UD19_HUMAN	19	648	0
UD2A1_HUMAN	2	2573	0
UD2A3_HUMAN	6	455	0
UD2B4_HUMAN	1	6019	0
UD2B7_HUMAN	45	0	1
UD3A1_HUMAN	5	1485	0
UD3A2_HUMAN	19	728	0
UDB10_HUMAN	4	826	0
UDB11_HUMAN	6	1011	0
UDB15_HUMAN	6	826	0
UDB17_HUMAN	2	4117	0
UDB28_HUMAN	5	946	0
UE2NL_HUMAN	16	237	0
UEVLD_HUMAN	28	174	0
UFC1_HUMAN	66	0	1
UFD1_HUMAN	166	0	1
UFL1_HUMAN	1042	0	1
UFM1_HUMAN	109	0	1
UFO_HUMAN	347	0	1
UFSP1_HUMAN	47	0	1
UFSP2_HUMAN	128	0	1
UGDH_HUMAN	104	0	1
UGGG1_HUMAN	264	0	1
UGGG2_HUMAN	116	0	1
UGPA_HUMAN	110	0	1
UH1BL_HUMAN	73	0	1
UHMK1_HUMAN	51	0	1
UHRF1_HUMAN	209	0	1
UHRF2_HUMAN	129	0	1
UIF_HUMAN	161	0	1
UIMC1_HUMAN	115	0	1
UK114_HUMAN	41	166	0
ULA1_HUMAN	95	0	1
ULK1_HUMAN	187	0	1
ULK2_HUMAN	58	0	1
ULK3_HUMAN	60	0	1
ULK4_HUMAN	26	171	0
UMPS_HUMAN	115	0	1
UN13A_HUMAN	80	0	1
UN13B_HUMAN	55	0	1
UN13C_HUMAN	14	426	0
UN13D_HUMAN	46	0	1
UN45A_HUMAN	259	0	1
UN45B_HUMAN	23	257	0
UN5CL_HUMAN	24	248	0
UN93A_HUMAN	63	0	1
UN93B_HUMAN	455	0	1
UNC4_HUMAN	5	499	0
UNC50_HUMAN	48	0	1
UNC5A_HUMAN	6	1463	0
UNC5B_HUMAN	92	0	1
UNC5C_HUMAN	36	157	0
UNC5D_HUMAN	4	672	0
UNC79_HUMAN	13	303	0
UNC80_HUMAN	15	303	0
UNG_HUMAN	41	146	0
UNKL_HUMAN	69	0	1
UNK_HUMAN	408	0	1
UPAR_HUMAN	136	0	1
UPK1A_HUMAN	154	0	1
UPK1B_HUMAN	59	0	1
UPK2_HUMAN	226	0	1
UPK3A_HUMAN	3	3072	0
UPK3B_HUMAN	10	495	0
UPK3L_HUMAN	50	0	1
UPP1_HUMAN	88	0	1
UPP2_HUMAN	6	1024	0
UPP_HUMAN	22	255	0
UQCC_HUMAN,UQCC1_HUMAN	112	0	1
UR2R_HUMAN	1	8965	0
URAD_HUMAN	1	2073	0
URB2_HUMAN	110	0	1
URFB1_HUMAN	99	0	1
URGCP_HUMAN	34	142	0
URM1_HUMAN	49	0	1
UROK_HUMAN	61	0	1
UROL1_HUMAN	14	643	0
UROM_HUMAN	10	1245	0
URP2_HUMAN	55	0	1
US6NL_HUMAN	106	0	1
USBP1_HUMAN	238	0	1
USE1_HUMAN	156	0	1
USF1_HUMAN	79	0	1
USF2_HUMAN	49	0	1
USH1C_HUMAN	35	288	0
USH1G_HUMAN	22	305	0
USH2A_HUMAN	10	465	0
USMG5_HUMAN	138	0	1
USO1_HUMAN	227	0	1
USP9X_HUMAN	439	0	1
USP9Y_HUMAN	49	0	1
USPL1_HUMAN	35	189	0
UST_HUMAN	39	168	0
UT14A_HUMAN	248	0	1
UT14C_HUMAN	51	0	1
UT1_HUMAN	53	0	1
UT2_HUMAN	141	0	1
UTER_HUMAN	10	597	0
UTF1_HUMAN	5	2121	0
UTP11_HUMAN	110	0	1
UTP15_HUMAN	119	0	1
UTP18_HUMAN	155	0	1
UTP20_HUMAN	152	0	1
UTP23_HUMAN	209	0	1
UTP6_HUMAN	104	0	1
UTRO_HUMAN	229	0	1
UTS2B_HUMAN	2	1991	0
UTS2_HUMAN	14	316	0
UTY_HUMAN	26	181	0
UVRAG_HUMAN	108	0	1
UVSSA_HUMAN	33	166	0
UXS1_HUMAN	127	0	1
UXT_HUMAN	127	0	1
V1AR_HUMAN	7	1249	0
V1BR_HUMAN	28	386	0
V2R_HUMAN	129	0	1
VA0D1_HUMAN	226	0	1
VA0D2_HUMAN	60	0	1
VA0E1_HUMAN	31	409	0
VA0E2_HUMAN	2	4527	0
VAC14_HUMAN	215	0	1
VACHT_HUMAN	31	304	0
VAMP1_HUMAN	47	0	1
VAMP2_HUMAN	189	0	1
VAMP3_HUMAN	345	0	1
VAMP4_HUMAN	139	0	1
VAMP5_HUMAN	179	0	1
VAMP7_HUMAN	139	0	1
VAMP8_HUMAN	104	0	1
VANG1_HUMAN	242	0	1
VANG2_HUMAN	217	0	1
VAPA_HUMAN	705	0	1
VAPB_HUMAN	504	0	1
VAS1_HUMAN	149	0	1
VASH1_HUMAN	17	329	0
VASH2_HUMAN	13	415	0
VASN_HUMAN	193	0	1
VASP_HUMAN	297	0	1
VAT1L_HUMAN	13	301	0
VAT1_HUMAN	132	0	1
VATA_HUMAN	348	0	1
VATB1_HUMAN	113	0	1
VATB2_HUMAN	270	0	1
VATC1_HUMAN	110	0	1
VATC2_HUMAN	49	0	1
VATD_HUMAN	122	0	1
VATE1_HUMAN	138	0	1
VATE2_HUMAN	23	282	0
VATF_HUMAN	127	0	1
VATG1_HUMAN	88	0	1
VATG2_HUMAN	44	0	1
VATG3_HUMAN	4	1227	0
VATH_HUMAN	177	0	1
VATL_HUMAN	168	0	1
VATO_HUMAN	32	282	0
VAV2_HUMAN	101	0	1
VAV3_HUMAN	51	0	1
VAV_HUMAN	194	0	1
VAX1_HUMAN	17	352	0
VAX2_HUMAN	8	1355	0
VCAM1_HUMAN	660	0	1
VCIP1_HUMAN	160	0	1
VCX1_HUMAN	4	2666	0
VCX2_HUMAN	9	1099	0
VCX3_HUMAN	1	5366	0
VCY1_HUMAN	7	662	0
VCY2_HUMAN	3	1423	0
VDAC1_HUMAN	559	0	1
VDAC2_HUMAN	458	0	1
VDAC3_HUMAN	370	0	1
VDR_HUMAN	128	0	1
VEGFA_HUMAN	56	0	1
VEGFB_HUMAN	35	337	0
VEGFC_HUMAN	3	3098	0
VEGFD_HUMAN	39	318	0
VENTX_HUMAN	422	0	1
VEZA_HUMAN	183	0	1
VEZF1_HUMAN	110	0	1
VGFR1_HUMAN	177	0	1
VGFR2_HUMAN	150	0	1
VGFR3_HUMAN	255	0	1
VGF_HUMAN	45	0	1
VGLL1_HUMAN	15	564	0
VGLL2_HUMAN	4	1423	0
VGLL3_HUMAN	70	0	1
VGLL4_HUMAN	38	152	0
VGLU1_HUMAN	14	454	0
VGLU2_HUMAN	32	193	0
VGLU3_HUMAN	30	247	0
VHLL_HUMAN	5	1394	0
VHL_HUMAN	609	0	1
VIAAT_HUMAN	114	0	1
VIGLN_HUMAN	871	0	1
VILI_HUMAN	20	223	0
VILL_HUMAN	9	505	0
VIME_HUMAN	843	0	1
VINC_HUMAN	316	0	1
VINEX_HUMAN	204	0	1
VIP1_HUMAN	57	0	1
VIP2_HUMAN	68	0	1
VIPR1_HUMAN	199	0	1
VIPR2_HUMAN	236	0	1
VIP_HUMAN	26	259	0
VIR_HUMAN	2826	0	1
VISL1_HUMAN	33	151	0
VITRN_HUMAN	3	1206	0
VKGC_HUMAN	73	0	1
VKIND_HUMAN	23	179	0
VKOR1_HUMAN	134	0	1
VKORL_HUMAN	114	0	1
VLDLR_HUMAN	38	175	0
VMA21_HUMAN	120	0	1
VMA5A_HUMAN	46	0	1
VMAC_HUMAN	20	473	0
VMAT1_HUMAN	175	0	1
VMAT2_HUMAN	163	0	1
VMO1_HUMAN	1	1644	0
VMP1_HUMAN	195	0	1
VN1R1_HUMAN	3	1538	0
VN1R2_HUMAN	2	3312	0
VN1R3_HUMAN	1	968	0
VN1R5_HUMAN	4	897	0
VNN1_HUMAN	8	1603	0
VNN2_HUMAN	48	0	1
VNN3_HUMAN	1	8951	0
VOPP1_HUMAN	25	230	0
VP13A_HUMAN	117	0	1
VP13B_HUMAN	75	0	1
VP13C_HUMAN	132	0	1
VP13D_HUMAN	65	0	1
VP26A_HUMAN	175	0	1
VP26B_HUMAN	83	0	1
VP33A_HUMAN	254	0	1
VP33B_HUMAN	192	0	1
VP37A_HUMAN	35	141	0
VP37B_HUMAN	58	0	1
VP37C_HUMAN	135	0	1
VP37D_HUMAN	18	399	0
VPP1_HUMAN	279	0	1
VPP2_HUMAN	169	0	1
VPP3_HUMAN	93	0	1
VPP4_HUMAN	49	0	1
VPRBP_HUMAN	218	0	1
VPREB_HUMAN	3	1696	0
VPS11_HUMAN	96	0	1
VPS16_HUMAN	133	0	1
VPS18_HUMAN	142	0	1
VPS25_HUMAN	69	0	1
VPS28_HUMAN	124	0	1
VPS29_HUMAN	136	0	1
VPS35_HUMAN	322	0	1
VPS36_HUMAN	58	0	1
VPS39_HUMAN	64	0	1
VPS41_HUMAN	60	0	1
VPS45_HUMAN	155	0	1
VPS4A_HUMAN	89	0	1
VPS4B_HUMAN	91	0	1
VPS52_HUMAN	199	0	1
VPS53_HUMAN	106	0	1
VPS54_HUMAN	33	176	0
VPS72_HUMAN	123	0	1
VPS8_HUMAN	82	0	1
VRK1_HUMAN	297	0	1
VRK2_HUMAN	230	0	1
VRK3_HUMAN	142	0	1
VRTN_HUMAN	15	502	0
VSI10_HUMAN	7	740	0
VSIG1_HUMAN	179	0	1
VSIG2_HUMAN	31	259	0
VSIG4_HUMAN	229	0	1
VSIG8_HUMAN	119	0	1
VSTM1_HUMAN	56	0	1
VSTM4_HUMAN	11	705	0
VSX1_HUMAN	80	0	1
VSX2_HUMAN	14	680	0
VTA1_HUMAN	146	0	1
VTCN1_HUMAN	18	317	0
VTDB_HUMAN	61	0	1
VTI1A_HUMAN	70	0	1
VTI1B_HUMAN	221	0	1
VTM2A_HUMAN	5	2319	0
VTM2B_HUMAN	1	4023	0
VTM2L_HUMAN	3	1127	0
VTNC_HUMAN	204	0	1
VW5B1_HUMAN	1	3678	0
VW5B2_HUMAN	30	223	0
VWA1_HUMAN	23	423	0
VWA2_HUMAN	35	194	0
VWA3A_HUMAN	4	673	0
VWA3B_HUMAN	13	708	0
VWA7_HUMAN	2	2183	0
VWC2L_HUMAN	38	356	0
VWC2_HUMAN	61	0	1
VWCE_HUMAN	70	0	1
VWDE_HUMAN	68	0	1
VWF_HUMAN	31	179	0
WAC_HUMAN	101	0	1
WAP53_HUMAN	100	0	1
WAPL_HUMAN	188	0	1
WASF1_HUMAN	90	0	1
WASF2_HUMAN	139	0	1
WASF3_HUMAN	62	0	1
WASF4_HUMAN	1	5359	0
WASH1_HUMAN	86	0	1
WASH2_HUMAN	13	289	0
WASH4_HUMAN	3	1584	0
WASH6_HUMAN	21	255	0
WASH7_HUMAN	104	0	1
WASL_HUMAN	120	0	1
WASP_HUMAN	88	0	1
WBP11_HUMAN	164	0	1
WBP1L_HUMAN	8	380	0
WBP1_HUMAN	40	250	0
WBP2L_HUMAN	10	727	0
WBP2_HUMAN	80	0	1
WBP4_HUMAN	108	0	1
WBP5_HUMAN	51	0	1
WBS16_HUMAN	117	0	1
WBS22_HUMAN	53	0	1
WBS27_HUMAN	38	210	0
WBS28_HUMAN	2	2687	0
WD51A_HUMAN	120	0	1
WDFY1_HUMAN	73	0	1
WDFY2_HUMAN	32	263	0
WDFY3_HUMAN	122	0	1
WDFY4_HUMAN	6	473	0
WDHD1_HUMAN	183	0	1
WDR11_HUMAN	142	0	1
WDR12_HUMAN	141	0	1
WDR13_HUMAN	27	157	0
WDR16_HUMAN,CFA52_HUMAN	11	390	0
WDR17_HUMAN	9	427	0
WDR18_HUMAN	135	0	1
WDR19_HUMAN	33	190	0
WDR1_HUMAN	217	0	1
WDR20_HUMAN	88	0	1
WDR24_HUMAN	40	216	0
WDR25_HUMAN	55	0	1
WDR26_HUMAN	198	0	1
WDR27_HUMAN	8	363	0
WDR33_HUMAN	150	0	1
WDR34_HUMAN	59	0	1
WDR35_HUMAN	37	172	0
WDR36_HUMAN	214	0	1
WDR37_HUMAN	79	0	1
WDR3_HUMAN	170	0	1
WDR41_HUMAN	131	0	1
WDR43_HUMAN	130	0	1
WDR44_HUMAN	108	0	1
WDR46_HUMAN	192	0	1
WDR47_HUMAN	43	0	1
WDR48_HUMAN	165	0	1
WDR49_HUMAN	3	2776	0
WDR4_HUMAN	88	0	1
WDR52_HUMAN,CFA44_HUMAN	17	366	0
WDR53_HUMAN	27	295	0
WDR54_HUMAN	50	0	1
WDR55_HUMAN	63	0	1
WDR59_HUMAN	112	0	1
WDR5B_HUMAN	55	0	1
WDR5_HUMAN	1083	0	1
WDR60_HUMAN	47	0	1
WDR61_HUMAN	164	0	1
WDR62_HUMAN	117	0	1
WDR63_HUMAN	4	2114	0
WDR64_HUMAN	16	331	0
WDR65_HUMAN,CFA57_HUMAN	10	335	0
WDR66_HUMAN	9	324	0
WDR67_HUMAN,TBC31_HUMAN	50	0	1
WDR69_HUMAN,DAW1_HUMAN	12	551	0
WDR6_HUMAN	337	0	1
WDR70_HUMAN	80	0	1
WDR72_HUMAN	7	728	0
WDR73_HUMAN	33	276	0
WDR74_HUMAN	126	0	1
WDR75_HUMAN	113	0	1
WDR76_HUMAN	371	0	1
WDR78_HUMAN	2	1706	0
WDR7_HUMAN	54	0	1
WDR81_HUMAN	53	0	1
WDR82_HUMAN	208	0	1
WDR83_HUMAN	203	0	1
WDR85_HUMAN,DPH7_HUMAN	17	248	0
WDR86_HUMAN	25	243	0
WDR87_HUMAN	24	169	0
WDR88_HUMAN	4	879	0
WDR89_HUMAN	33	175	0
WDR90_HUMAN	36	167	0
WDR91_HUMAN	40	109	0
WDR92_HUMAN	125	0	1
WDR93_HUMAN	1	5225	0
WDR96_HUMAN	1	5288	0
WDTC1_HUMAN	171	0	1
WEE1_HUMAN	97	0	1
WF10A_HUMAN	2	3898	0
WF10B_HUMAN	2	2401	0
WFD11_HUMAN	18	462	0
WFD12_HUMAN	8	624	0
WFD13_HUMAN	2	2737	0
WFDC1_HUMAN	12	611	0
WFDC2_HUMAN	32	239	0
WFDC3_HUMAN	3	3651	0
WFDC5_HUMAN	13	446	0
WFDC6_HUMAN	11	610	0
WFDC8_HUMAN	3	2644	0
WFDC9_HUMAN	5	1853	0
WFKN1_HUMAN	14	665	0
WFKN2_HUMAN	11	1165	0
WFS1_HUMAN	129	0	1
WHAL1_HUMAN	119	0	1
WHAMM_HUMAN	10	543	0
WHRN_HUMAN	23	270	0
WIBG_HUMAN,PYM1_HUMAN	206	0	1
WIF1_HUMAN	149	0	1
WIPF1_HUMAN	46	0	1
WIPF2_HUMAN	41	165	0
WIPF3_HUMAN	14	365	0
WIPI1_HUMAN	48	0	1
WIPI2_HUMAN	101	0	1
WIPI3_HUMAN	64	0	1
WIPI4_HUMAN	49	0	1
WISP1_HUMAN	4	1708	0
WISP2_HUMAN	12	894	0
WISP3_HUMAN	28	219	0
WIT1_HUMAN	12	582	0
WIZ_HUMAN	220	0	1
WLS_HUMAN	143	0	1
WN10A_HUMAN	37	236	0
WN10B_HUMAN	49	0	1
WNK1_HUMAN	145	0	1
WNK2_HUMAN	42	133	0
WNK3_HUMAN	56	0	1
WNK4_HUMAN	22	201	0
WNT11_HUMAN	30	250	0
WNT16_HUMAN	29	331	0
WNT1_HUMAN	10	1127	0
WNT2B_HUMAN	24	181	0
WNT2_HUMAN	17	449	0
WNT3A_HUMAN	48	0	1
WNT3_HUMAN	8	1247	0
WNT4_HUMAN	41	166	0
WNT5A_HUMAN	68	0	1
WNT5B_HUMAN	5	1671	0
WNT6_HUMAN	10	1166	0
WNT7A_HUMAN	42	220	0
WNT7B_HUMAN	10	374	0
WNT8A_HUMAN	8	884	0
WNT8B_HUMAN	6	1617	0
WNT9A_HUMAN	46	0	1
WNT9B_HUMAN	9	737	0
WRB_HUMAN	67	0	1
WRIP1_HUMAN	160	0	1
WRN_HUMAN	102	0	1
WRP73_HUMAN	170	0	1
WSB1_HUMAN	26	195	0
WSB2_HUMAN	86	0	1
WSCD2_HUMAN	1	3262	0
WSDU1_HUMAN	3	753	0
WT1_HUMAN	74	0	1
WTIP_HUMAN	17	345	0
WWC2_HUMAN	34	166	0
WWC3_HUMAN	24	162	0
WWOX_HUMAN	618	0	1
WWP1_HUMAN	253	0	1
WWP2_HUMAN	807	0	1
WWTR1_HUMAN	405	0	1
X3CL1_HUMAN	81	0	1
XAF1_HUMAN	39	175	0
XBP1_HUMAN	49	0	1
XCL1_HUMAN	9	633	0
XCL2_HUMAN	3	3548	0
XCR1_HUMAN	2	2408	0
XCT_HUMAN	227	0	1
XDH_HUMAN	22	223	0
XIAP_HUMAN	215	0	1
XIRP1_HUMAN	17	345	0
XIRP2_HUMAN	46	0	1
XKR2_HUMAN	10	564	0
XKR3_HUMAN	3	4040	0
XKR4_HUMAN	10	756	0
XKR5_HUMAN	1	2222	0
XKR6_HUMAN	7	859	0
XKR7_HUMAN	1	1579	0
XKR8_HUMAN	6	1150	0
XKRY2_HUMAN	2	1883	0
XK_HUMAN	11	555	0
XLRS1_HUMAN	4	2964	0
XP32_HUMAN	64	0	1
XPA_HUMAN	88	0	1
XPC_HUMAN	227	0	1
XPF_HUMAN	86	0	1
XPO1_HUMAN	1494	0	1
XPO2_HUMAN	334	0	1
XPO4_HUMAN	114	0	1
XPO5_HUMAN	256	0	1
XPO6_HUMAN	96	0	1
XPO7_HUMAN	1120	0	1
XPOT_HUMAN	253	0	1
XPP1_HUMAN	130	0	1
XPP2_HUMAN	3	2060	0
XPP3_HUMAN	116	0	1
XPR1_HUMAN	220	0	1
XRCC1_HUMAN	181	0	1
XRCC2_HUMAN	23	304	0
XRCC3_HUMAN	179	0	1
XRCC4_HUMAN	122	0	1
XRCC5_HUMAN	538	0	1
XRCC6_HUMAN	938	0	1
XRN1_HUMAN	254	0	1
XRN2_HUMAN	352	0	1
XRP2_HUMAN	120	0	1
XRRA1_HUMAN	9	416	0
XXLT1_HUMAN	82	0	1
XYLB_HUMAN	12	360	0
XYLK_HUMAN	78	0	1
XYLT1_HUMAN	13	422	0
XYLT2_HUMAN	55	0	1
YA047_HUMAN	59	0	1
YAED1_HUMAN	32	211	0
YAF2_HUMAN	216	0	1
YAP1_HUMAN	1083	0	1
YB017_HUMAN	3	1570	0
YB020_HUMAN	1	874	0
YB044_HUMAN	1	1344	0
YBEY_HUMAN	98	0	1
YBOX1_HUMAN	794	0	1
YBOX2_HUMAN	267	0	1
YD286_HUMAN	1	2461	0
YDJC_HUMAN	5	1130	0
YE013_HUMAN	7	509	0
YE019_HUMAN	24	229	0
YES_HUMAN	408	0	1
YETS2_HUMAN	182	0	1
YETS4_HUMAN	184	0	1
YG015_HUMAN	3	1196	0
YG023_HUMAN	3	1882	0
YIF1A_HUMAN	133	0	1
YIF1B_HUMAN	103	0	1
YIPF1_HUMAN	57	0	1
YIPF2_HUMAN	44	0	1
YIPF3_HUMAN	207	0	1
YIPF4_HUMAN	79	0	1
YIPF5_HUMAN	138	0	1
YIPF6_HUMAN	138	0	1
YJEN3_HUMAN	10	483	0
YK021_HUMAN	24	165	0
YKT6_HUMAN	242	0	1
YL023_HUMAN	1	2118	0
YLAT1_HUMAN	22	346	0
YLAT2_HUMAN	80	0	1
YLPM1_HUMAN	175	0	1
YMEL1_HUMAN	204	0	1
YPEL1_HUMAN	8	703	0
YPEL2_HUMAN	5	808	0
YPEL3_HUMAN	127	0	1
YPEL5_HUMAN	91	0	1
YQ023_HUMAN	5	1193	0
YRDC_HUMAN	23	198	0
YS020_HUMAN	2	2731	0
YS038_HUMAN	1	3416	0
YSK4_HUMAN,M3K19_HUMAN	6	812	0
YTDC1_HUMAN	390	0	1
YTDC2_HUMAN	231	0	1
YTHD1_HUMAN	450	0	1
YTHD2_HUMAN	463	0	1
YTHD3_HUMAN	249	0	1
YYAP1_HUMAN	61	0	1
YYY4_HUMAN	5	830	0
Z280A_HUMAN	13	599	0
Z280B_HUMAN	6	693	0
Z280C_HUMAN	60	0	1
Z280D_HUMAN	22	264	0
Z285A_HUMAN	2	4234	0
Z286A_HUMAN	29	215	0
Z322A_HUMAN	2	1311	0
Z324A_HUMAN	46	0	1
Z324B_HUMAN	88	0	1
Z354A_HUMAN	39	218	0
Z354B_HUMAN	4	543	0
Z354C_HUMAN	33	188	0
Z385A_HUMAN	19	206	0
Z385B_HUMAN	4	778	0
Z385C_HUMAN	29	282	0
Z385D_HUMAN	1	3130	0
Z397O_HUMAN	14	599	0
Z3H7A_HUMAN	207	0	1
Z3H7B_HUMAN	57	0	1
Z512B_HUMAN	203	0	1
Z518A_HUMAN	53	0	1
Z518B_HUMAN	20	387	0
Z585A_HUMAN	4	644	0
Z585B_HUMAN	6	920	0
Z587B_HUMAN	4	1173	0
Z658B_HUMAN	3	1756	0
Z705A_HUMAN	1	2573	0
Z705D_HUMAN	1	6987	0
Z705G_HUMAN	1	2573	0
Z780A_HUMAN	22	206	0
Z780B_HUMAN	2	3048	0
Z804A_HUMAN	9	351	0
Z804B_HUMAN	3	1704	0
Z816A_HUMAN	15	372	0
ZA2G_HUMAN	185	0	1
ZACN_HUMAN	97	0	1
ZADH2_HUMAN	36	159	0
ZAN_HUMAN	2	3593	0
ZAP70_HUMAN	60	0	1
ZAR1L_HUMAN	25	369	0
ZAR1_HUMAN	2	3741	0
ZBBX_HUMAN	30	289	0
ZBED1_HUMAN	92	0	1
ZBED2_HUMAN	5	657	0
ZBED3_HUMAN	12	303	0
ZBED4_HUMAN	35	130	0
ZBED5_HUMAN	11	400	0
ZBED6_HUMAN	8	476	0
ZBP1_HUMAN	42	204	0
ZBT10_HUMAN	155	0	1
ZBT11_HUMAN	119	0	1
ZBT12_HUMAN	10	565	0
ZBT16_HUMAN	180	0	1
ZBT17_HUMAN	49	0	1
ZBT20_HUMAN	40	145	0
ZBT22_HUMAN	22	197	0
ZBT24_HUMAN	152	0	1
ZBT25_HUMAN	44	0	1
ZBT26_HUMAN	36	219	0
ZBT32_HUMAN	55	0	1
ZBT34_HUMAN	36	240	0
ZBT37_HUMAN	7	620	0
ZBT38_HUMAN	150	0	1
ZBT39_HUMAN	33	185	0
ZBT40_HUMAN	25	233	0
ZBT41_HUMAN	13	362	0
ZBT42_HUMAN	66	0	1
ZBT43_HUMAN	46	0	1
ZBT44_HUMAN	69	0	1
ZBT45_HUMAN	7	1174	0
ZBT46_HUMAN	30	166	0
ZBT47_HUMAN	144	0	1
ZBT48_HUMAN	139	0	1
ZBT49_HUMAN	28	162	0
ZBT7A_HUMAN	142	0	1
ZBT7B_HUMAN	55	0	1
ZBT7C_HUMAN	16	456	0
ZBT8A_HUMAN	83	0	1
ZBT8B_HUMAN	30	238	0
ZBTB1_HUMAN	144	0	1
ZBTB2_HUMAN	455	0	1
ZBTB3_HUMAN	58	0	1
ZBTB4_HUMAN	38	194	0
ZBTB5_HUMAN	58	0	1
ZBTB6_HUMAN	14	569	0
ZBTB9_HUMAN	119	0	1
ZC11A_HUMAN	221	0	1
ZC12A_HUMAN	41	173	0
ZC12B_HUMAN	4	1468	0
ZC12C_HUMAN	8	483	0
ZC12D_HUMAN	2	2043	0
ZC21A_HUMAN	28	195	0
ZC21B_HUMAN	26	253	0
ZC21C_HUMAN	97	0	1
ZC3H1_HUMAN	196	0	1
ZC3H3_HUMAN	227	0	1
ZC3H4_HUMAN	178	0	1
ZC3H6_HUMAN	11	357	0
ZC3H8_HUMAN	88	0	1
ZC3HA_HUMAN	195	0	1
ZC3HD_HUMAN	171	0	1
ZC3HE_HUMAN	184	0	1
ZC3HF_HUMAN	122	0	1
ZC4H2_HUMAN	46	0	1
ZCCHL_HUMAN	43	0	1
ZCCHV_HUMAN	617	0	1
ZCH10_HUMAN	253	0	1
ZCH12_HUMAN	36	188	0
ZCH13_HUMAN	6	1234	0
ZCH14_HUMAN	33	165	0
ZCH16_HUMAN	3	926	0
ZCH18_HUMAN	907	0	1
ZCH24_HUMAN	10	449	0
ZCHC2_HUMAN	25	171	0
ZCHC3_HUMAN	181	0	1
ZCHC4_HUMAN	9	305	0
ZCHC7_HUMAN	71	0	1
ZCHC8_HUMAN	153	0	1
ZCHC9_HUMAN	78	0	1
ZCPW1_HUMAN	11	513	0
ZCPW2_HUMAN	4	1890	0
ZCRB1_HUMAN	150	0	1
ZDBF2_HUMAN	67	0	1
ZDH11_HUMAN	76	0	1
ZDH12_HUMAN	125	0	1
ZDH13_HUMAN	62	0	1
ZDH14_HUMAN	7	501	0
ZDH15_HUMAN	126	0	1
ZDH16_HUMAN	8	1028	0
ZDH17_HUMAN	281	0	1
ZDH18_HUMAN	73	0	1
ZDH19_HUMAN	42	281	0
ZDH20_HUMAN	37	238	0
ZDH21_HUMAN	26	302	0
ZDH22_HUMAN	18	670	0
ZDH23_HUMAN	71	0	1
ZDH24_HUMAN	19	391	0
ZDHC1_HUMAN	22	389	0
ZDHC2_HUMAN	7	1432	0
ZDHC3_HUMAN	16	430	0
ZDHC4_HUMAN	8	1255	0
ZDHC5_HUMAN	572	0	1
ZDHC6_HUMAN	61	0	1
ZDHC7_HUMAN	19	354	0
ZDHC8_HUMAN	36	224	0
ZDHC9_HUMAN	61	0	1
ZEB1_HUMAN	189	0	1
ZEB2_HUMAN	99	0	1
ZEP1_HUMAN	186	0	1
ZEP2_HUMAN	34	161	0
ZEP3_HUMAN	27	165	0
ZER1_HUMAN	86	0	1
ZF106_HUMAN	83	0	1
ZF112_HUMAN,ZN112_HUMAN	9	616	0
ZF161_HUMAN,ZBT14_HUMAN	81	0	1
ZF64A_HUMAN	48	0	1
ZF64B_HUMAN	23	256	0
ZFAN1_HUMAN	14	251	0
ZFAN3_HUMAN	16	323	0
ZFAN4_HUMAN	6	1162	0
ZFAN5_HUMAN	26	196	0
ZFAN6_HUMAN	21	316	0
ZFAT_HUMAN	8	545	0
ZFHX2_HUMAN	9	570	0
ZFHX3_HUMAN	109	0	1
ZFHX4_HUMAN	74	0	1
ZFN2A_HUMAN	25	232	0
ZFN2B_HUMAN	43	0	1
ZFP14_HUMAN	23	193	0
ZFP1_HUMAN	61	0	1
ZFP28_HUMAN	6	952	0
ZFP2_HUMAN	15	495	0
ZFP30_HUMAN	13	360	0
ZFP37_HUMAN	5	671	0
ZFP3_HUMAN	4	2019	0
ZFP41_HUMAN	55	0	1
ZFP42_HUMAN	17	255	0
ZFP57_HUMAN	28	200	0
ZFP62_HUMAN	68	0	1
ZFP82_HUMAN	12	312	0
ZFP90_HUMAN	34	200	0
ZFP91_HUMAN	143	0	1
ZFP92_HUMAN	2	576	0
ZFPL1_HUMAN	456	0	1
ZFR2_HUMAN	3	1074	0
ZFR_HUMAN	269	0	1
ZFX_HUMAN	19	224	0
ZFY16_HUMAN	102	0	1
ZFY19_HUMAN,ANCHR_HUMAN	55	0	1
ZFY21_HUMAN	79	0	1
ZFY26_HUMAN	69	0	1
ZFY27_HUMAN	74	0	1
ZFYV1_HUMAN	58	0	1
ZFYV9_HUMAN	109	0	1
ZFY_HUMAN	11	627	0
ZG16B_HUMAN	160	0	1
ZG16_HUMAN	12	573	0
ZGPAT_HUMAN	187	0	1
ZH11B_HUMAN	1	6998	0
ZHANG_HUMAN	37	142	0
ZHX1R_HUMAN	25	358	0
ZHX1_HUMAN	97	0	1
ZHX2_HUMAN	74	0	1
ZHX3_HUMAN	47	0	1
ZIC1_HUMAN	123	0	1
ZIC2_HUMAN	40	182	0
ZIC3_HUMAN	20	411	0
ZIC4_HUMAN	3	1443	0
ZIC5_HUMAN	4	860	0
ZIK1_HUMAN	5	1468	0
ZIM2_HUMAN	53	0	1
ZIM3_HUMAN	15	420	0
ZKSC1_HUMAN	78	0	1
ZKSC2_HUMAN	10	491	0
ZKSC3_HUMAN	39	197	0
ZKSC4_HUMAN	101	0	1
ZKSC5_HUMAN	21	366	0
ZMAT1_HUMAN	28	240	0
ZMAT2_HUMAN	117	0	1
ZMAT3_HUMAN	27	199	0
ZMAT4_HUMAN	30	229	0
ZMAT5_HUMAN	50	0	1
ZMIZ1_HUMAN	48	0	1
ZMIZ2_HUMAN	62	0	1
ZMY10_HUMAN	19	601	0
ZMY11_HUMAN	105	0	1
ZMY12_HUMAN	82	0	1
ZMY17_HUMAN	22	361	0
ZMY19_HUMAN	124	0	1
ZMYM1_HUMAN	86	0	1
ZMYM2_HUMAN	282	0	1
ZMYM3_HUMAN	146	0	1
ZMYM4_HUMAN	179	0	1
ZMYM5_HUMAN	36	198	0
ZMYM6_HUMAN	92	0	1
ZMYNB_HUMAN	17	485	0
ZN100_HUMAN	19	284	0
ZN101_HUMAN	33	274	0
ZN107_HUMAN	32	197	0
ZN114_HUMAN	20	256	0
ZN117_HUMAN	1	2470	0
ZN121_HUMAN	51	0	1
ZN124_HUMAN	59	0	1
ZN131_HUMAN	123	0	1
ZN132_HUMAN	3	1164	0
ZN133_HUMAN	29	207	0
ZN134_HUMAN	3	2372	0
ZN135_HUMAN	11	640	0
ZN136_HUMAN	36	201	0
ZN137_HUMAN	2	3220	0
ZN138_HUMAN	25	268	0
ZN140_HUMAN	9	467	0
ZN141_HUMAN	5	557	0
ZN142_HUMAN	20	224	0
ZN143_HUMAN	61	0	1
ZN148_HUMAN	137	0	1
ZN154_HUMAN	28	366	0
ZN155_HUMAN	9	741	0
ZN157_HUMAN	9	759	0
ZN160_HUMAN	11	322	0
ZN165_HUMAN	48	0	1
ZN167_HUMAN,ZKSC7_HUMAN	19	385	0
ZN169_HUMAN	53	0	1
ZN174_HUMAN	68	0	1
ZN175_HUMAN	13	637	0
ZN177_HUMAN	20	285	0
ZN180_HUMAN	19	307	0
ZN181_HUMAN	10	388	0
ZN182_HUMAN	4	734	0
ZN184_HUMAN	69	0	1
ZN185_HUMAN	67	0	1
ZN187_HUMAN,ZSC26_HUMAN	60	0	1
ZN189_HUMAN	51	0	1
ZN192_HUMAN,ZKSC8_HUMAN	135	0	1
ZN193_HUMAN,ZSC9_HUMAN	20	649	0
ZN195_HUMAN	59	0	1
ZN197_HUMAN	20	351	0
ZN200_HUMAN	12	330	0
ZN202_HUMAN	31	308	0
ZN205_HUMAN	21	248	0
ZN207_HUMAN	110	0	1
ZN208_HUMAN	2	1592	0
ZN211_HUMAN	31	235	0
ZN212_HUMAN	48	0	1
ZN213_HUMAN	38	194	0
ZN214_HUMAN	15	600	0
ZN215_HUMAN	30	176	0
ZN217_HUMAN	93	0	1
ZN219_HUMAN	80	0	1
ZN221_HUMAN	10	386	0
ZN222_HUMAN	9	634	0
ZN223_HUMAN	37	252	0
ZN224_HUMAN	22	239	0
ZN225_HUMAN	7	604	0
ZN226_HUMAN	14	341	0
ZN227_HUMAN	21	247	0
ZN229_HUMAN	5	620	0
ZN230_HUMAN	10	616	0
ZN232_HUMAN	54	0	1
ZN233_HUMAN	3	862	0
ZN234_HUMAN	8	377	0
ZN235_HUMAN	12	556	0
ZN236_HUMAN	11	333	0
ZN238_HUMAN,ZBT18_HUMAN	264	0	1
ZN239_HUMAN	13	346	0
ZN248_HUMAN	26	207	0
ZN250_HUMAN	131	0	1
ZN251_HUMAN	22	262	0
ZN253_HUMAN	9	706	0
ZN254_HUMAN	11	473	0
ZN256_HUMAN	4	812	0
ZN257_HUMAN	5	848	0
ZN260_HUMAN	16	448	0
ZN263_HUMAN	147	0	1
ZN264_HUMAN	39	150	0
ZN266_HUMAN	14	743	0
ZN267_HUMAN	25	199	0
ZN268_HUMAN	11	435	0
ZN273_HUMAN	20	312	0
ZN274_HUMAN	24	232	0
ZN275_HUMAN	23	215	0
ZN276_HUMAN	46	0	1
ZN277_HUMAN	25	194	0
ZN281_HUMAN	192	0	1
ZN282_HUMAN	28	221	0
ZN283_HUMAN	17	320	0
ZN284_HUMAN	13	557	0
ZN285_HUMAN	3	2338	0
ZN287_HUMAN	18	415	0
ZN292_HUMAN	64	0	1
ZN295_HUMAN,ZBT21_HUMAN	172	0	1
ZN296_HUMAN	29	281	0
ZN300_HUMAN	6	568	0
ZN302_HUMAN	27	189	0
ZN304_HUMAN	23	213	0
ZN311_HUMAN	9	600	0
ZN316_HUMAN	66	0	1
ZN317_HUMAN	64	0	1
ZN318_HUMAN	140	0	1
ZN319_HUMAN	24	207	0
ZN320_HUMAN	41	209	0
ZN321_HUMAN	8	1146	0
ZN323_HUMAN,ZSC31_HUMAN	19	507	0
ZN326_HUMAN	235	0	1
ZN329_HUMAN	32	162	0
ZN330_HUMAN	437	0	1
ZN331_HUMAN	69	0	1
ZN333_HUMAN	28	225	0
ZN334_HUMAN	2	2046	0
ZN335_HUMAN	42	166	0
ZN337_HUMAN	24	222	0
ZN33A_HUMAN	10	407	0
ZN33B_HUMAN	8	443	0
ZN341_HUMAN	23	235	0
ZN343_HUMAN	25	314	0
ZN345_HUMAN	7	810	0
ZN346_HUMAN	345	0	1
ZN350_HUMAN	22	195	0
ZN358_HUMAN	17	433	0
ZN362_HUMAN	41	155	0
ZN363_HUMAN	321	0	1
ZN365_HUMAN	14	530	0
ZN366_HUMAN	10	589	0
ZN367_HUMAN	2	897	0
ZN37A_HUMAN	3	635	0
ZN382_HUMAN	8	814	0
ZN383_HUMAN	19	285	0
ZN384_HUMAN	77	0	1
ZN391_HUMAN	7	1209	0
ZN394_HUMAN	12	744	0
ZN395_HUMAN	20	262	0
ZN396_HUMAN	24	379	0
ZN397_HUMAN	70	0	1
ZN398_HUMAN	47	0	1
ZN404_HUMAN	1	4715	0
ZN407_HUMAN	15	294	0
ZN408_HUMAN	142	0	1
ZN410_HUMAN	65	0	1
ZN414_HUMAN	120	0	1
ZN415_HUMAN	5	1167	0
ZN416_HUMAN	19	322	0
ZN417_HUMAN	187	0	1
ZN418_HUMAN	22	329	0
ZN419_HUMAN	15	287	0
ZN420_HUMAN	32	185	0
ZN423_HUMAN	44	0	1
ZN425_HUMAN	1	7158	0
ZN426_HUMAN	58	0	1
ZN428_HUMAN	33	174	0
ZN430_HUMAN	30	209	0
ZN431_HUMAN	23	212	0
ZN432_HUMAN	8	503	0
ZN433_HUMAN	9	1113	0
ZN434_HUMAN,ZSC32_HUMAN	46	0	1
ZN436_HUMAN	20	328	0
ZN438_HUMAN	71	0	1
ZN439_HUMAN	27	396	0
ZN440_HUMAN	37	243	0
ZN441_HUMAN	11	558	0
ZN442_HUMAN	5	568	0
ZN443_HUMAN	3	1265	0
ZN444_HUMAN	109	0	1
ZN445_HUMAN	64	0	1
ZN446_HUMAN	100	0	1
ZN449_HUMAN	9	692	0
ZN451_HUMAN	90	0	1
ZN454_HUMAN	4	1372	0
ZN460_HUMAN	144	0	1
ZN461_HUMAN	7	435	0
ZN462_HUMAN	69	0	1
ZN467_HUMAN	176	0	1
ZN468_HUMAN	6	641	0
ZN469_HUMAN	12	329	0
ZN470_HUMAN	3	1103	0
ZN471_HUMAN	12	633	0
ZN473_HUMAN	26	214	0
ZN474_HUMAN	42	280	0
ZN479_HUMAN	14	518	0
ZN480_HUMAN	19	297	0
ZN483_HUMAN	66	0	1
ZN484_HUMAN	16	297	0
ZN485_HUMAN	29	207	0
ZN486_HUMAN	1	1663	0
ZN487_HUMAN	2	2047	0
ZN488_HUMAN	21	302	0
ZN490_HUMAN	49	0	1
ZN491_HUMAN	21	612	0
ZN492_HUMAN	11	642	0
ZN493_HUMAN	5	1064	0
ZN496_HUMAN	58	0	1
ZN497_HUMAN	42	183	0
ZN498_HUMAN,ZSC25_HUMAN	73	0	1
ZN500_HUMAN	9	675	0
ZN501_HUMAN	7	1141	0
ZN502_HUMAN	3	1481	0
ZN503_HUMAN	62	0	1
ZN506_HUMAN	3	1391	0
ZN507_HUMAN	52	0	1
ZN510_HUMAN	23	243	0
ZN511_HUMAN	34	225	0
ZN512_HUMAN	252	0	1
ZN513_HUMAN	6	1478	0
ZN514_HUMAN	22	248	0
ZN516_HUMAN	65	0	1
ZN517_HUMAN	27	278	0
ZN519_HUMAN	1	8926	0
ZN521_HUMAN	40	169	0
ZN524_HUMAN	54	0	1
ZN525_HUMAN	3	1098	0
ZN526_HUMAN	86	0	1
ZN527_HUMAN	4	598	0
ZN528_HUMAN	4	482	0
ZN529_HUMAN	6	450	0
ZN530_HUMAN	2	2005	0
ZN532_HUMAN	28	143	0
ZN534_HUMAN	8	773	0
ZN536_HUMAN	66	0	1
ZN540_HUMAN	4	1334	0
ZN541_HUMAN	7	475	0
ZN543_HUMAN	27	187	0
ZN544_HUMAN	16	247	0
ZN546_HUMAN	27	192	0
ZN547_HUMAN	15	638	0
ZN548_HUMAN	7	838	0
ZN549_HUMAN	10	366	0
ZN550_HUMAN	66	0	1
ZN551_HUMAN	2	1361	0
ZN552_HUMAN	39	181	0
ZN554_HUMAN	11	447	0
ZN555_HUMAN	11	346	0
ZN556_HUMAN	14	369	0
ZN557_HUMAN	29	218	0
ZN558_HUMAN	25	206	0
ZN559_HUMAN	12	785	0
ZN561_HUMAN	20	208	0
ZN562_HUMAN	18	281	0
ZN563_HUMAN	11	625	0
ZN564_HUMAN	44	0	1
ZN565_HUMAN	10	412	0
ZN566_HUMAN	25	212	0
ZN567_HUMAN	16	250	0
ZN568_HUMAN	10	394	0
ZN569_HUMAN	10	304	0
ZN570_HUMAN	3	1631	0
ZN571_HUMAN	8	448	0
ZN572_HUMAN	60	0	1
ZN573_HUMAN	6	304	0
ZN574_HUMAN	210	0	1
ZN575_HUMAN	25	236	0
ZN576_HUMAN	30	290	0
ZN577_HUMAN	27	238	0
ZN578_HUMAN	31	203	0
ZN579_HUMAN	70	0	1
ZN580_HUMAN	30	235	0
ZN581_HUMAN	106	0	1
ZN582_HUMAN	4	727	0
ZN583_HUMAN	3	582	0
ZN584_HUMAN	11	411	0
ZN586_HUMAN	5	888	0
ZN587_HUMAN	134	0	1
ZN589_HUMAN	11	359	0
ZN592_HUMAN	87	0	1
ZN593_HUMAN	68	0	1
ZN594_HUMAN	7	1079	0
ZN595_HUMAN	4	523	0
ZN596_HUMAN	2	2854	0
ZN597_HUMAN	26	284	0
ZN598_HUMAN	435	0	1
ZN599_HUMAN	9	595	0
ZN600_HUMAN	4	1053	0
ZN605_HUMAN	2	1822	0
ZN606_HUMAN	11	583	0
ZN607_HUMAN	11	593	0
ZN608_HUMAN	91	0	1
ZN609_HUMAN	152	0	1
ZN610_HUMAN	6	1163	0
ZN611_HUMAN	17	261	0
ZN613_HUMAN	7	576	0
ZN614_HUMAN	27	180	0
ZN615_HUMAN	7	403	0
ZN616_HUMAN	14	413	0
ZN618_HUMAN	36	128	0
ZN619_HUMAN	2	1856	0
ZN620_HUMAN	81	0	1
ZN621_HUMAN	8	803	0
ZN622_HUMAN	164	0	1
ZN623_HUMAN	11	366	0
ZN624_HUMAN	40	214	0
ZN625_HUMAN	13	441	0
ZN626_HUMAN	3	1317	0
ZN627_HUMAN	37	210	0
ZN628_HUMAN	20	218	0
ZN629_HUMAN	130	0	1
ZN630_HUMAN	1	6503	0
ZN638_HUMAN	271	0	1
ZN639_HUMAN	29	222	0
ZN641_HUMAN	22	337	0
ZN642_HUMAN,ZFP69_HUMAN	1	4494	0
ZN643_HUMAN,ZF69B_HUMAN	13	347	0
ZN644_HUMAN	183	0	1
ZN645_HUMAN	18	359	0
ZN646_HUMAN	41	153	0
ZN648_HUMAN	63	0	1
ZN649_HUMAN	13	374	0
ZN652_HUMAN	13	327	0
ZN653_HUMAN	52	0	1
ZN654_HUMAN	2	2206	0
ZN655_HUMAN	182	0	1
ZN658_HUMAN	8	414	0
ZN660_HUMAN	7	698	0
ZN662_HUMAN	9	900	0
ZN664_HUMAN	31	169	0
ZN665_HUMAN	3	1256	0
ZN667_HUMAN	8	414	0
ZN668_HUMAN	225	0	1
ZN669_HUMAN	53	0	1
ZN670_HUMAN	25	281	0
ZN671_HUMAN	4	1156	0
ZN672_HUMAN	9	736	0
ZN673_HUMAN,KRBX4_HUMAN	19	323	0
ZN674_HUMAN	8	518	0
ZN675_HUMAN	14	333	0
ZN676_HUMAN	1	5729	0
ZN677_HUMAN	27	282	0
ZN678_HUMAN	3	715	0
ZN679_HUMAN	7	716	0
ZN680_HUMAN	5	807	0
ZN681_HUMAN	1	1663	0
ZN682_HUMAN	3	669	0
ZN683_HUMAN	6	2050	0
ZN684_HUMAN	11	519	0
ZN687_HUMAN	121	0	1
ZN688_HUMAN	114	0	1
ZN689_HUMAN	73	0	1
ZN691_HUMAN	28	176	0
ZN692_HUMAN	60	0	1
ZN695_HUMAN	32	215	0
ZN696_HUMAN	68	0	1
ZN697_HUMAN	16	317	0
ZN699_HUMAN	12	426	0
ZN701_HUMAN	7	913	0
ZN702_HUMAN	2	1160	0
ZN703_HUMAN	105	0	1
ZN704_HUMAN	24	230	0
ZN706_HUMAN	9	369	0
ZN707_HUMAN	77	0	1
ZN708_HUMAN	20	359	0
ZN709_HUMAN	12	905	0
ZN710_HUMAN	4	1624	0
ZN711_HUMAN	38	160	0
ZN713_HUMAN	4	751	0
ZN714_HUMAN	16	266	0
ZN716_HUMAN	3	2141	0
ZN717_HUMAN	3	1702	0
ZN718_HUMAN	15	342	0
ZN720_HUMAN	4	591	0
ZN721_HUMAN	9	439	0
ZN726_HUMAN	11	591	0
ZN727_HUMAN	3	925	0
ZN729_HUMAN	19	366	0
ZN730_HUMAN	4	1251	0
ZN732_HUMAN	3	1440	0
ZN735_HUMAN	1	2696	0
ZN736_HUMAN	15	400	0
ZN737_HUMAN	3	1228	0
ZN738_HUMAN	4	1156	0
ZN740_HUMAN	28	143	0
ZN746_HUMAN	325	0	1
ZN747_HUMAN	41	192	0
ZN749_HUMAN	7	702	0
ZN750_HUMAN	27	179	0
ZN75A_HUMAN	7	1105	0
ZN75D_HUMAN	6	791	0
ZN761_HUMAN	8	463	0
ZN763_HUMAN	9	640	0
ZN764_HUMAN	100	0	1
ZN765_HUMAN	42	164	0
ZN766_HUMAN	9	418	0
ZN767_HUMAN	15	358	0
ZN768_HUMAN	138	0	1
ZN770_HUMAN	96	0	1
ZN771_HUMAN	68	0	1
ZN772_HUMAN	20	233	0
ZN773_HUMAN	13	313	0
ZN774_HUMAN	81	0	1
ZN775_HUMAN	25	218	0
ZN776_HUMAN	17	320	0
ZN777_HUMAN	97	0	1
ZN778_HUMAN	10	430	0
ZN781_HUMAN	2	2056	0
ZN782_HUMAN	38	258	0
ZN783_HUMAN	11	651	0
ZN784_HUMAN	34	215	0
ZN785_HUMAN	110	0	1
ZN786_HUMAN	20	376	0
ZN787_HUMAN	42	132	0
ZN788_HUMAN	1	3029	0
ZN789_HUMAN	4	834	0
ZN790_HUMAN	4	2619	0
ZN791_HUMAN	22	278	0
ZN792_HUMAN	57	0	1
ZN793_HUMAN	22	206	0
ZN799_HUMAN	5	874	0
ZN800_HUMAN	47	0	1
ZN805_HUMAN	7	305	0
ZN806_HUMAN	2	2444	0
ZN808_HUMAN	14	284	0
ZN813_HUMAN	15	401	0
ZN816_HUMAN	14	592	0
ZN821_HUMAN	15	604	0
ZN823_HUMAN	6	722	0
ZN826_HUMAN	2	897	0
ZN827_HUMAN	32	174	0
ZN829_HUMAN	21	241	0
ZN830_HUMAN	60	0	1
ZN831_HUMAN	8	363	0
ZN835_HUMAN	69	0	1
ZN836_HUMAN	5	1334	0
ZN837_HUMAN	79	0	1
ZN839_HUMAN	8	330	0
ZN840_HUMAN	1	2134	0
ZN841_HUMAN	4	979	0
ZN843_HUMAN	16	638	0
ZN844_HUMAN	13	678	0
ZN845_HUMAN	30	186	0
ZN846_HUMAN	16	404	0
ZN850_HUMAN	4	1168	0
ZN860_HUMAN	4	1217	0
ZN862_HUMAN	6	774	0
ZN865_HUMAN	51	0	1
ZN878_HUMAN	2	2337	0
ZN879_HUMAN	1	5469	0
ZN883_HUMAN	1	8129	0
ZNF10_HUMAN	12	507	0
ZNF12_HUMAN	20	216	0
ZNF14_HUMAN	7	418	0
ZNF16_HUMAN	65	0	1
ZNF17_HUMAN	36	166	0
ZNF18_HUMAN	15	551	0
ZNF19_HUMAN	24	333	0
ZNF20_HUMAN	56	0	1
ZNF22_HUMAN	114	0	1
ZNF23_HUMAN	27	323	0
ZNF24_HUMAN	174	0	1
ZNF25_HUMAN	6	505	0
ZNF26_HUMAN	13	495	0
ZNF28_HUMAN	10	314	0
ZNF2_HUMAN	91	0	1
ZNF30_HUMAN	7	517	0
ZNF32_HUMAN	16	636	0
ZNF34_HUMAN	51	0	1
ZNF35_HUMAN	42	163	0
ZNF3_HUMAN	52	0	1
ZNF41_HUMAN	9	573	0
ZNF43_HUMAN	3	1813	0
ZNF44_HUMAN	18	336	0
ZNF45_HUMAN	23	222	0
ZNF48_HUMAN	147	0	1
ZNF57_HUMAN	21	261	0
ZNF66_HUMAN	7	680	0
ZNF69_HUMAN	17	358	0
ZNF70_HUMAN	33	210	0
ZNF71_HUMAN	78	0	1
ZNF74_HUMAN	55	0	1
ZNF76_HUMAN	102	0	1
ZNF77_HUMAN	21	291	0
ZNF79_HUMAN	31	154	0
ZNF7_HUMAN	29	210	0
ZNF80_HUMAN	11	925	0
ZNF81_HUMAN	5	669	0
ZNF83_HUMAN	13	409	0
ZNF84_HUMAN	11	308	0
ZNF85_HUMAN	7	802	0
ZNF8_HUMAN	66	0	1
ZNF90_HUMAN	7	676	0
ZNF91_HUMAN	18	247	0
ZNF92_HUMAN	56	0	1
ZNF93_HUMAN	11	447	0
ZNF98_HUMAN	1	1663	0
ZNF99_HUMAN	5	1161	0
ZNFX1_HUMAN	70	0	1
ZNHI1_HUMAN	56	0	1
ZNHI2_HUMAN	93	0	1
ZNHI3_HUMAN	50	0	1
ZNRF1_HUMAN	32	204	0
ZNRF2_HUMAN	45	0	1
ZNRF3_HUMAN	36	171	0
ZNRF4_HUMAN	110	0	1
ZNT10_HUMAN	181	0	1
ZNT1_HUMAN	211	0	1
ZNT2_HUMAN	170	0	1
ZNT3_HUMAN	78	0	1
ZNT4_HUMAN	266	0	1
ZNT5_HUMAN	302	0	1
ZNT6_HUMAN	186	0	1
ZNT7_HUMAN	410	0	1
ZNT8_HUMAN	213	0	1
ZNT9_HUMAN	170	0	1
ZO1_HUMAN	330	0	1
ZO2_HUMAN	308	0	1
ZO3_HUMAN	17	307	0
ZP1_HUMAN	3	4411	0
ZP2_HUMAN	19	431	0
ZP3_HUMAN	26	242	0
ZP4_HUMAN	12	657	0
ZPBP1_HUMAN	3	1953	0
ZPBP2_HUMAN	20	462	0
ZPI_HUMAN	23	297	0
ZPLD1_HUMAN	11	901	0
ZPR1_HUMAN	85	0	1
ZRAB2_HUMAN	202	0	1
ZRAB3_HUMAN	35	157	0
ZRAN1_HUMAN	4130	0	1
ZSA5A_HUMAN	56	0	1
ZSA5B_HUMAN	5	1420	0
ZSC10_HUMAN	4	1839	0
ZSC12_HUMAN	62	0	1
ZSC16_HUMAN	12	847	0
ZSC18_HUMAN	56	0	1
ZSC20_HUMAN	65	0	1
ZSC21_HUMAN	103	0	1
ZSC22_HUMAN	33	361	0
ZSC23_HUMAN	38	319	0
ZSC29_HUMAN	26	194	0
ZSC30_HUMAN	14	795	0
ZSCA1_HUMAN	54	0	1
ZSCA2_HUMAN	8	451	0
ZSCA4_HUMAN	15	541	0
ZSWM1_HUMAN	4	590	0
ZSWM2_HUMAN	9	960	0
ZSWM3_HUMAN	4	871	0
ZSWM4_HUMAN	3	844	0
ZSWM5_HUMAN	5	654	0
ZSWM6_HUMAN	11	429	0
ZSWM7_HUMAN	16	282	0
ZUFSP_HUMAN	171	0	1
ZW10_HUMAN	158	0	1
ZWILC_HUMAN	37	184	0
ZWINT_HUMAN	141	0	1
ZXDA_HUMAN	15	295	0
ZXDB_HUMAN	20	336	0
ZXDC_HUMAN	35	173	0
ZY11A_HUMAN	21	486	0
ZY11B_HUMAN	106	0	1
ZYX_HUMAN	346	0	1
ZZEF1_HUMAN	147	0	1
ZZZ3_HUMAN	6	1452	0
