protein	degree	n_neg_random	n_neg_ddb
9606.ENSP00000000412	4	20	10
9606.ENSP00000001008	21	14	11
9606.ENSP00000001146	2	16	11
9606.ENSP00000002125	1	14	8
9606.ENSP00000002165	1	16	5
9606.ENSP00000002829	4	22	13
9606.ENSP00000003084	20	16	17
9606.ENSP00000003100	1	12	7
9606.ENSP00000003302	8	10	8
9606.ENSP00000004982	4	11	8
9606.ENSP00000005178	4	18	6
9606.ENSP00000005226	10	25	13
9606.ENSP00000005257	10	19	7
9606.ENSP00000005260	1	12	7
9606.ENSP00000005284	49	15	37
9606.ENSP00000005340	36	19	21
9606.ENSP00000005386	13	23	9
9606.ENSP00000005587	4	9	10
9606.ENSP00000006015	1	18	8
9606.ENSP00000006053	27	15	20
9606.ENSP00000006275	15	19	22
9606.ENSP00000008391	2	14	9
9606.ENSP00000008527	12	19	13
9606.ENSP00000008938	2	12	10
9606.ENSP00000009041	2	16	8
9606.ENSP00000009105	1	17	5
9606.ENSP00000009530	21	26	9
9606.ENSP00000011292	2	19	5
9606.ENSP00000011619	10	16	10
9606.ENSP00000011653	42	15	35
9606.ENSP00000012443	26	17	14
9606.ENSP00000013125	2	12	9
9606.ENSP00000013807	35	12	24
9606.ENSP00000014930	1	14	8
9606.ENSP00000016171	11	20	15
9606.ENSP00000017003	2	16	5
9606.ENSP00000019103	6	15	13
9606.ENSP00000020945	3	15	5
9606.ENSP00000023064	2	9	8
9606.ENSP00000023939	1	22	9
9606.ENSP00000025008	23	23	16
9606.ENSP00000025301	1	14	7
9606.ENSP00000026218	6	16	8
9606.ENSP00000027335	16	10	12
9606.ENSP00000037243	39	12	30
9606.ENSP00000037502	4	9	7
9606.ENSP00000040738	6	17	4
9606.ENSP00000043402	7	24	10
9606.ENSP00000044462	52	12	34
9606.ENSP00000046794	32	18	28
9606.ENSP00000052754	48	19	36
9606.ENSP00000053243	3	18	6
9606.ENSP00000053468	98	24	56
9606.ENSP00000053469	2	17	6
9606.ENSP00000053867	2	14	6
9606.ENSP00000054666	37	13	21
9606.ENSP00000054668	1	16	9
9606.ENSP00000054950	1	15	5
9606.ENSP00000055077	15	19	15
9606.ENSP00000055335	8	13	12
9606.ENSP00000056233	1	22	11
9606.ENSP00000064724	4	20	9
9606.ENSP00000070846	8	20	10
9606.ENSP00000074304	2	9	9
9606.ENSP00000078429	10	20	5
9606.ENSP00000078445	16	16	12
9606.ENSP00000080059	9	11	11
9606.ENSP00000081029	100	12	64
9606.ENSP00000083182	19	17	11
9606.ENSP00000085219	7	12	11
9606.ENSP00000155840	23	14	20
9606.ENSP00000155926	1	18	8
9606.ENSP00000156084	4	14	10
9606.ENSP00000156109	50	21	33
9606.ENSP00000156471	79	15	50
9606.ENSP00000157600	1	16	5
9606.ENSP00000157812	45	18	29
9606.ENSP00000158771	14	23	14
9606.ENSP00000159060	11	12	11
9606.ENSP00000159111	2	17	9
9606.ENSP00000160262	7	15	11
9606.ENSP00000160373	23	6	13
9606.ENSP00000160382	44	11	33
9606.ENSP00000161559	6	18	6
9606.ENSP00000161863	2	10	9
9606.ENSP00000162749	49	17	37
9606.ENSP00000163416	1	27	5
9606.ENSP00000164133	13	18	9
9606.ENSP00000164139	3	15	6
9606.ENSP00000164227	10	14	6
9606.ENSP00000165524	1	18	8
9606.ENSP00000166139	3	14	8
9606.ENSP00000166244	4	16	8
9606.ENSP00000166345	5	11	9
9606.ENSP00000167106	3	21	10
9606.ENSP00000167586	1	14	10
9606.ENSP00000167588	1	18	5
9606.ENSP00000168216	27	26	10
9606.ENSP00000168712	14	13	14
9606.ENSP00000169298	1	15	10
9606.ENSP00000169551	11	19	5
9606.ENSP00000170168	2	14	11
9606.ENSP00000172229	32	15	15
9606.ENSP00000173229	9	11	10
9606.ENSP00000173898	2	16	6
9606.ENSP00000174618	2	16	3
9606.ENSP00000175091	2	12	4
9606.ENSP00000175756	2	24	7
9606.ENSP00000176183	2	6	9
9606.ENSP00000176195	5	20	8
9606.ENSP00000177694	4	17	8
9606.ENSP00000177742	96	18	61
9606.ENSP00000178640	3	19	6
9606.ENSP00000179259	4	20	2
9606.ENSP00000180166	14	17	11
9606.ENSP00000180173	1	12	6
9606.ENSP00000181383	2	23	6
9606.ENSP00000181839	9	12	8
9606.ENSP00000184183	2	18	8
9606.ENSP00000184266	70	15	33
9606.ENSP00000185150	10	18	7
9606.ENSP00000185206	16	15	11
9606.ENSP00000188312	6	8	8
9606.ENSP00000188790	1	13	6
9606.ENSP00000193322	1	17	7
9606.ENSP00000194214	16	12	8
9606.ENSP00000194530	4	16	9
9606.ENSP00000196061	5	21	11
9606.ENSP00000196371	2	18	6
9606.ENSP00000198536	8	11	7
9606.ENSP00000198767	19	18	18
9606.ENSP00000198801	2	18	3
9606.ENSP00000199280	1	18	7
9606.ENSP00000199320	67	14	47
9606.ENSP00000199447	4	19	8
9606.ENSP00000199708	6	15	11
9606.ENSP00000199764	2	27	5
9606.ENSP00000199814	94	12	44
9606.ENSP00000199936	8	16	8
9606.ENSP00000200135	13	12	10
9606.ENSP00000200181	35	12	26
9606.ENSP00000200453	12	15	14
9606.ENSP00000200457	3	27	7
9606.ENSP00000200557	1	13	5
9606.ENSP00000200676	25	14	14
9606.ENSP00000201031	5	15	7
9606.ENSP00000201586	1	9	7
9606.ENSP00000202017	13	11	9
9606.ENSP00000202556	4	19	6
9606.ENSP00000202677	1	18	10
9606.ENSP00000202967	2	14	6
9606.ENSP00000203001	2	12	15
9606.ENSP00000203407	69	16	42
9606.ENSP00000203629	12	13	10
9606.ENSP00000203664	5	11	7
9606.ENSP00000204517	1	16	7
9606.ENSP00000204549	23	16	16
9606.ENSP00000204604	3	14	9
9606.ENSP00000204679	1	28	6
9606.ENSP00000204726	1	12	4
9606.ENSP00000204961	17	15	16
9606.ENSP00000205061	3	26	7
9606.ENSP00000205143	6	11	11
9606.ENSP00000205214	3	18	4
9606.ENSP00000205402	17	14	15
9606.ENSP00000205948	30	13	19
9606.ENSP00000206474	8	15	15
9606.ENSP00000206542	5	19	5
9606.ENSP00000206765	3	19	1
9606.ENSP00000207457	34	19	23
9606.ENSP00000207549	2	17	13
9606.ENSP00000209668	2	21	8
9606.ENSP00000209728	24	11	17
9606.ENSP00000209873	30	11	20
9606.ENSP00000209875	32	21	31
9606.ENSP00000209884	34	21	28
9606.ENSP00000210060	2	16	8
9606.ENSP00000210187	4	11	11
9606.ENSP00000210313	22	15	14
9606.ENSP00000210444	1	12	6
9606.ENSP00000211076	2	14	9
9606.ENSP00000211122	2	14	9
9606.ENSP00000211287	5	21	10
9606.ENSP00000211998	53	9	51
9606.ENSP00000212015	41	13	24
9606.ENSP00000212355	10	17	16
9606.ENSP00000215057	2	12	8
9606.ENSP00000215071	48	11	43
9606.ENSP00000215095	11	11	8
9606.ENSP00000215368	10	14	13
9606.ENSP00000215375	32	16	27
9606.ENSP00000215530	12	13	13
9606.ENSP00000215565	72	16	36
9606.ENSP00000215567	11	23	13
9606.ENSP00000215570	4	16	7
9606.ENSP00000215574	11	13	6
9606.ENSP00000215631	5	17	10
9606.ENSP00000215637	7	13	8
9606.ENSP00000215659	7	9	9
9606.ENSP00000215727	1	12	8
9606.ENSP00000215730	38	17	24
9606.ENSP00000215754	6	17	10
9606.ENSP00000215781	4	14	6
9606.ENSP00000215793	89	17	58
9606.ENSP00000215794	5	15	8
9606.ENSP00000215829	164	17	202
9606.ENSP00000215832	35	19	24
9606.ENSP00000215838	2	12	6
9606.ENSP00000215904	2	26	7
9606.ENSP00000215909	3	22	5
9606.ENSP00000215957	3	11	9
9606.ENSP00000215980	36	16	23
9606.ENSP00000216024	5	16	3
9606.ENSP00000216027	3	13	4
9606.ENSP00000216034	24	16	22
9606.ENSP00000216037	93	18	56
9606.ENSP00000216038	6	26	13
9606.ENSP00000216044	23	19	16
9606.ENSP00000216106	9	13	11
9606.ENSP00000216115	6	21	6
9606.ENSP00000216117	2	11	7
9606.ENSP00000216122	36	17	20
9606.ENSP00000216124	2	25	9
9606.ENSP00000216127	2	17	6
9606.ENSP00000216133	71	14	53
9606.ENSP00000216160	17	21	22
9606.ENSP00000216180	8	15	12
9606.ENSP00000216181	44	16	33
9606.ENSP00000216185	4	16	8
9606.ENSP00000216190	58	14	43
9606.ENSP00000216211	3	16	7
9606.ENSP00000216218	6	15	5
9606.ENSP00000216223	13	20	17
9606.ENSP00000216225	180	12	352
9606.ENSP00000216237	12	18	11
9606.ENSP00000216252	109	19	54
9606.ENSP00000216254	1	14	5
9606.ENSP00000216259	1	14	4
9606.ENSP00000216271	1	19	5
9606.ENSP00000216274	15	16	11
9606.ENSP00000216277	33	19	22
9606.ENSP00000216286	6	12	7
9606.ENSP00000216294	8	18	13
9606.ENSP00000216297	57	12	47
9606.ENSP00000216330	4	13	9
9606.ENSP00000216336	11	23	9
9606.ENSP00000216341	7	21	10
9606.ENSP00000216361	1	12	4
9606.ENSP00000216366	22	15	13
9606.ENSP00000216367	37	23	26
9606.ENSP00000216373	9	19	11
9606.ENSP00000216392	3	18	5
9606.ENSP00000216410	1	20	10
9606.ENSP00000216416	3	15	8
9606.ENSP00000216442	36	18	21
9606.ENSP00000216452	6	20	8
9606.ENSP00000216455	50	14	39
9606.ENSP00000216479	6	28	12
9606.ENSP00000216484	7	14	9
9606.ENSP00000216487	2	12	7
9606.ENSP00000216492	2	14	9
9606.ENSP00000216513	1	14	7
9606.ENSP00000216540	2	12	16
9606.ENSP00000216554	27	17	22
9606.ENSP00000216629	4	20	10
9606.ENSP00000216639	29	13	27
9606.ENSP00000216714	43	20	19
9606.ENSP00000216727	22	18	19
9606.ENSP00000216756	1	13	4
9606.ENSP00000216780	1	22	6
9606.ENSP00000216797	28	13	22
9606.ENSP00000216802	21	18	17
9606.ENSP00000216807	15	12	10
9606.ENSP00000216832	10	16	10
9606.ENSP00000216911	22	16	13
9606.ENSP00000216962	3	14	3
9606.ENSP00000216968	8	14	9
9606.ENSP00000217026	6	15	14
9606.ENSP00000217086	15	19	9
9606.ENSP00000217109	10	15	6
9606.ENSP00000217121	1	10	7
9606.ENSP00000217133	10	20	13
9606.ENSP00000217169	10	9	10
9606.ENSP00000217173	1	19	6
9606.ENSP00000217182	8	13	13
9606.ENSP00000217244	38	12	21
9606.ENSP00000217260	3	12	7
9606.ENSP00000217270	2	12	6
9606.ENSP00000217372	2	10	6
9606.ENSP00000217381	18	12	14
9606.ENSP00000217386	3	20	10
9606.ENSP00000217402	32	17	25
9606.ENSP00000217407	4	23	15
9606.ENSP00000217420	12	8	13
9606.ENSP00000217426	2	21	7
9606.ENSP00000217446	4	20	8
9606.ENSP00000217455	2	13	8
9606.ENSP00000217515	2	23	6
9606.ENSP00000217740	7	14	9
9606.ENSP00000217901	4	16	7
9606.ENSP00000217958	24	16	11
9606.ENSP00000217971	5	13	9
9606.ENSP00000218004	6	16	13
9606.ENSP00000218006	1	20	7
9606.ENSP00000218008	10	22	13
9606.ENSP00000218089	16	13	16
9606.ENSP00000218099	8	23	11
9606.ENSP00000218104	5	7	11
9606.ENSP00000218176	1	13	6
9606.ENSP00000218316	2	19	5
9606.ENSP00000218340	2	16	8
9606.ENSP00000218348	2	20	7
9606.ENSP00000218388	9	13	17
9606.ENSP00000218516	1	11	3
9606.ENSP00000218548	18	16	20
9606.ENSP00000218721	1	18	4
9606.ENSP00000218758	1	14	3
9606.ENSP00000218867	8	20	8
9606.ENSP00000219022	1	17	11
9606.ENSP00000219066	2	15	7
9606.ENSP00000219070	15	16	12
9606.ENSP00000219097	18	20	12
9606.ENSP00000219169	2	23	7
9606.ENSP00000219197	4	12	6
9606.ENSP00000219204	1	10	9
9606.ENSP00000219235	20	18	23
9606.ENSP00000219244	25	18	16
9606.ENSP00000219252	140	8	129
9606.ENSP00000219255	14	12	12
9606.ENSP00000219281	2	18	7
9606.ENSP00000219302	9	20	11
9606.ENSP00000219313	43	13	23
9606.ENSP00000219315	1	15	7
9606.ENSP00000219334	6	18	12
9606.ENSP00000219345	4	17	9
9606.ENSP00000219400	2	16	4
9606.ENSP00000219409	9	18	11
9606.ENSP00000219476	15	15	14
9606.ENSP00000219479	9	13	12
9606.ENSP00000219481	1	22	2
9606.ENSP00000219548	40	8	34
9606.ENSP00000219596	11	16	6
9606.ENSP00000219782	1	17	6
9606.ENSP00000219833	1	13	10
9606.ENSP00000219905	32	20	15
9606.ENSP00000219919	1	16	6
9606.ENSP00000220003	12	14	7
9606.ENSP00000220166	1	12	2
9606.ENSP00000220325	1	15	5
9606.ENSP00000220420	1	19	6
9606.ENSP00000220429	13	18	9
9606.ENSP00000220478	2	17	13
9606.ENSP00000220507	4	14	8
9606.ENSP00000220509	9	17	18
9606.ENSP00000220514	5	19	10
9606.ENSP00000220562	2	19	4
9606.ENSP00000220592	69	10	44
9606.ENSP00000220597	2	9	7
9606.ENSP00000220616	4	17	8
9606.ENSP00000220659	9	12	15
9606.ENSP00000220669	1	20	5
9606.ENSP00000220751	12	17	11
9606.ENSP00000220764	1	15	7
9606.ENSP00000220772	4	12	9
9606.ENSP00000220809	9	14	10
9606.ENSP00000220812	6	9	9
9606.ENSP00000220849	60	12	57
9606.ENSP00000220853	11	19	6
9606.ENSP00000220913	20	17	16
9606.ENSP00000220966	5	11	5
9606.ENSP00000221086	3	10	8
9606.ENSP00000221114	18	16	12
9606.ENSP00000221130	9	24	15
9606.ENSP00000221132	17	7	13
9606.ENSP00000221138	47	21	30
9606.ENSP00000221166	5	16	5
9606.ENSP00000221233	23	19	18
9606.ENSP00000221265	85	18	41
9606.ENSP00000221307	1	18	8
9606.ENSP00000221403	1	21	7
9606.ENSP00000221418	1	17	5
9606.ENSP00000221419	9	21	6
9606.ENSP00000221452	11	21	10
9606.ENSP00000221455	4	16	8
9606.ENSP00000221459	4	14	15
9606.ENSP00000221476	3	20	10
9606.ENSP00000221480	2	9	10
9606.ENSP00000221485	10	18	13
9606.ENSP00000221486	2	17	5
9606.ENSP00000221494	103	7	70
9606.ENSP00000221496	1	10	8
9606.ENSP00000221515	3	13	11
9606.ENSP00000221543	4	15	10
9606.ENSP00000221561	5	14	5
9606.ENSP00000221566	11	14	13
9606.ENSP00000221573	5	15	8
9606.ENSP00000221700	1	17	9
9606.ENSP00000221742	1	24	11
9606.ENSP00000221801	76	16	41
9606.ENSP00000221804	3	16	2
9606.ENSP00000221847	7	15	1
9606.ENSP00000221859	134	11	116
9606.ENSP00000221891	2	17	9
9606.ENSP00000221922	10	11	10
9606.ENSP00000221930	33	18	12
9606.ENSP00000221957	7	16	7
9606.ENSP00000221972	17	14	13
9606.ENSP00000221973	12	16	18
9606.ENSP00000221980	2	23	9
9606.ENSP00000221992	2	11	7
9606.ENSP00000221996	2	17	7
9606.ENSP00000222002	2	15	8
9606.ENSP00000222005	43	16	34
9606.ENSP00000222008	3	16	8
9606.ENSP00000222139	23	15	20
9606.ENSP00000222145	2	26	9
9606.ENSP00000222219	1	9	7
9606.ENSP00000222247	145	23	113
9606.ENSP00000222254	27	20	18
9606.ENSP00000222256	22	15	17
9606.ENSP00000222271	5	17	10
9606.ENSP00000222284	47	10	33
9606.ENSP00000222286	1	12	7
9606.ENSP00000222305	5	16	12
9606.ENSP00000222330	10	15	8
9606.ENSP00000222374	1	7	8
9606.ENSP00000222381	26	12	16
9606.ENSP00000222390	10	12	16
9606.ENSP00000222399	11	16	10
9606.ENSP00000222402	8	15	8
9606.ENSP00000222462	4	22	9
9606.ENSP00000222481	2	17	12
9606.ENSP00000222482	1	19	8
9606.ENSP00000222511	48	13	43
9606.ENSP00000222547	24	10	20
9606.ENSP00000222567	14	18	8
9606.ENSP00000222573	27	20	18
9606.ENSP00000222574	1	19	6
9606.ENSP00000222644	1	13	5
9606.ENSP00000222674	3	21	10
9606.ENSP00000222693	12	16	11
9606.ENSP00000222725	2	20	9
9606.ENSP00000222726	11	20	10
9606.ENSP00000222728	11	19	11
9606.ENSP00000222747	3	15	7
9606.ENSP00000222812	39	12	20
9606.ENSP00000222823	9	14	7
9606.ENSP00000222982	3	17	10
9606.ENSP00000222990	1	15	7
9606.ENSP00000223023	55	9	41
9606.ENSP00000223029	11	17	12
9606.ENSP00000223061	2	12	11
9606.ENSP00000223095	7	23	13
9606.ENSP00000223114	4	12	5
9606.ENSP00000223127	13	24	9
9606.ENSP00000223129	32	15	16
9606.ENSP00000223136	11	18	16
9606.ENSP00000223321	50	15	49
9606.ENSP00000223324	111	20	62
9606.ENSP00000223364	3	18	5
9606.ENSP00000223366	11	17	9
9606.ENSP00000223369	23	17	22
9606.ENSP00000223398	1	9	7
9606.ENSP00000223500	16	16	10
9606.ENSP00000223641	109	15	59
9606.ENSP00000223642	25	16	14
9606.ENSP00000223795	4	20	9
9606.ENSP00000223862	5	11	9
9606.ENSP00000223864	1	17	9
9606.ENSP00000224073	36	16	25
9606.ENSP00000224140	2	15	4
9606.ENSP00000224337	20	17	12
9606.ENSP00000224356	2	21	4
9606.ENSP00000224721	5	18	9
9606.ENSP00000224784	12	18	8
9606.ENSP00000224862	2	16	5
9606.ENSP00000224950	33	25	15
9606.ENSP00000225174	30	11	17
9606.ENSP00000225275	19	15	17
9606.ENSP00000225296	13	15	18
9606.ENSP00000225298	74	16	38
9606.ENSP00000225328	10	19	11
9606.ENSP00000225371	2	19	11
9606.ENSP00000225388	30	7	18
9606.ENSP00000225430	143	22	136
9606.ENSP00000225474	24	13	10
9606.ENSP00000225504	80	21	46
9606.ENSP00000225512	11	17	11
9606.ENSP00000225519	1	13	10
9606.ENSP00000225525	2	15	6
9606.ENSP00000225538	10	17	7
9606.ENSP00000225577	7	13	10
9606.ENSP00000225655	19	18	14
9606.ENSP00000225688	7	17	5
9606.ENSP00000225698	7	27	7
9606.ENSP00000225724	19	20	11
9606.ENSP00000225726	48	15	31
9606.ENSP00000225728	96	15	44
9606.ENSP00000225729	1	21	7
9606.ENSP00000225737	7	18	11
9606.ENSP00000225792	66	17	42
9606.ENSP00000225823	4	10	5
9606.ENSP00000225831	37	24	24
9606.ENSP00000225842	14	16	13
9606.ENSP00000225844	26	20	18
9606.ENSP00000225916	65	18	50
9606.ENSP00000225927	3	16	9
9606.ENSP00000225929	7	17	8
9606.ENSP00000225941	12	24	11
9606.ENSP00000225964	17	17	13
9606.ENSP00000225969	113	17	65
9606.ENSP00000225983	8	20	12
9606.ENSP00000226004	4	23	10
9606.ENSP00000226021	37	20	27
9606.ENSP00000226091	13	20	19
9606.ENSP00000226105	1	24	4
9606.ENSP00000226193	1	16	2
9606.ENSP00000226207	17	19	9
9606.ENSP00000226218	39	19	24
9606.ENSP00000226225	37	17	19
9606.ENSP00000226230	2	24	7
9606.ENSP00000226279	4	19	8
9606.ENSP00000226284	5	17	7
9606.ENSP00000226299	1	12	3
9606.ENSP00000226317	18	23	13
9606.ENSP00000226319	5	16	10
9606.ENSP00000226413	2	16	4
9606.ENSP00000226444	3	17	6
9606.ENSP00000226524	19	18	14
9606.ENSP00000226574	36	14	23
9606.ENSP00000226730	25	20	10
9606.ENSP00000226760	1	12	10
9606.ENSP00000226796	29	19	31
9606.ENSP00000226798	40	17	30
9606.ENSP00000227155	12	21	9
9606.ENSP00000227163	24	22	22
9606.ENSP00000227266	1	17	8
9606.ENSP00000227322	1	9	6
9606.ENSP00000227348	2	16	9
9606.ENSP00000227451	1	8	9
9606.ENSP00000227471	4	19	9
9606.ENSP00000227507	28	18	23
9606.ENSP00000227524	84	18	60
9606.ENSP00000227638	2	12	9
9606.ENSP00000227667	29	13	19
9606.ENSP00000227752	9	16	6
9606.ENSP00000227868	8	21	9
9606.ENSP00000228027	4	15	9
9606.ENSP00000228251	5	13	3
9606.ENSP00000228318	7	13	6
9606.ENSP00000228347	21	13	17
9606.ENSP00000228434	1	16	3
9606.ENSP00000228437	2	12	7
9606.ENSP00000228438	1	16	10
9606.ENSP00000228463	12	23	12
9606.ENSP00000228468	1	14	10
9606.ENSP00000228476	3	17	7
9606.ENSP00000228495	36	19	26
9606.ENSP00000228506	12	14	14
9606.ENSP00000228534	4	8	3
9606.ENSP00000228641	5	15	7
9606.ENSP00000228644	2	13	6
9606.ENSP00000228682	11	15	10
9606.ENSP00000228799	9	15	9
9606.ENSP00000228825	20	10	20
9606.ENSP00000228837	14	19	11
9606.ENSP00000228841	7	12	9
9606.ENSP00000228843	4	22	6
9606.ENSP00000228850	1	13	5
9606.ENSP00000228872	60	15	38
9606.ENSP00000228918	10	19	11
9606.ENSP00000228928	2	15	5
9606.ENSP00000228938	2	18	3
9606.ENSP00000228945	9	12	10
9606.ENSP00000229030	11	16	22
9606.ENSP00000229134	2	17	6
9606.ENSP00000229135	10	16	13
9606.ENSP00000229179	30	20	19
9606.ENSP00000229195	13	15	14
9606.ENSP00000229214	75	13	47
9606.ENSP00000229238	102	21	49
9606.ENSP00000229264	27	17	28
9606.ENSP00000229266	1	16	8
9606.ENSP00000229268	6	15	1
9606.ENSP00000229270	5	9	5
9606.ENSP00000229281	1	19	4
9606.ENSP00000229304	1	14	5
9606.ENSP00000229307	23	22	19
9606.ENSP00000229330	13	11	13
9606.ENSP00000229340	8	16	15
9606.ENSP00000229379	27	12	21
9606.ENSP00000229390	18	22	19
9606.ENSP00000229395	9	19	7
9606.ENSP00000229402	4	13	9
9606.ENSP00000229554	2	17	5
9606.ENSP00000229595	40	23	31
9606.ENSP00000229708	4	15	10
9606.ENSP00000229729	2	22	10
9606.ENSP00000229758	18	10	14
9606.ENSP00000229769	19	15	19
9606.ENSP00000229795	16	16	10
9606.ENSP00000229812	2	15	7
9606.ENSP00000229829	16	15	8
9606.ENSP00000229922	2	13	7
9606.ENSP00000230048	1	21	6
9606.ENSP00000230050	198	18	319
9606.ENSP00000230053	1	18	6
9606.ENSP00000230056	3	12	11
9606.ENSP00000230085	8	16	7
9606.ENSP00000230124	3	12	8
9606.ENSP00000230340	91	18	53
9606.ENSP00000230354	135	19	112
9606.ENSP00000230361	2	17	5
9606.ENSP00000230381	1	17	7
9606.ENSP00000230449	18	15	16
9606.ENSP00000230461	11	18	9
9606.ENSP00000230538	10	16	11
9606.ENSP00000230588	7	22	7
9606.ENSP00000230640	63	20	43
9606.ENSP00000230658	4	30	10
9606.ENSP00000230792	4	18	12
9606.ENSP00000230990	10	19	10
9606.ENSP00000231004	1	9	10
9606.ENSP00000231009	1	12	10
9606.ENSP00000231021	2	17	9
9606.ENSP00000231061	8	20	12
9606.ENSP00000231228	5	14	8
9606.ENSP00000231238	1	14	5
9606.ENSP00000231368	1	17	5
9606.ENSP00000231420	6	14	12
9606.ENSP00000231449	15	13	17
9606.ENSP00000231454	10	18	8
9606.ENSP00000231487	105	14	51
9606.ENSP00000231498	33	18	16
9606.ENSP00000231509	39	15	28
9606.ENSP00000231524	5	16	8
9606.ENSP00000231572	19	12	13
9606.ENSP00000231668	34	14	26
9606.ENSP00000231721	1	6	2
9606.ENSP00000231751	20	18	13
9606.ENSP00000231790	18	14	13
9606.ENSP00000231887	8	22	7
9606.ENSP00000231948	36	18	20
9606.ENSP00000232003	2	27	6
9606.ENSP00000232375	3	15	6
9606.ENSP00000232424	16	23	16
9606.ENSP00000232461	8	20	10
9606.ENSP00000232501	20	13	13
9606.ENSP00000232564	30	7	22
9606.ENSP00000232744	1	8	4
9606.ENSP00000232888	84	10	49
9606.ENSP00000232905	14	14	13
9606.ENSP00000232975	10	18	13
9606.ENSP00000233025	4	12	5
9606.ENSP00000233027	1	7	7
9606.ENSP00000233057	11	14	8
9606.ENSP00000233078	4	14	7
9606.ENSP00000233121	8	25	11
9606.ENSP00000233146	36	19	24
9606.ENSP00000233154	24	16	15
9606.ENSP00000233156	3	20	3
9606.ENSP00000233202	1	16	4
9606.ENSP00000233242	43	15	35
9606.ENSP00000233331	48	20	30
9606.ENSP00000233336	5	12	8
9606.ENSP00000233468	97	13	71
9606.ENSP00000233575	4	19	2
9606.ENSP00000233615	2	12	6
9606.ENSP00000233627	75	19	35
9606.ENSP00000233630	34	13	24
9606.ENSP00000233668	4	11	6
9606.ENSP00000233710	6	13	10
9606.ENSP00000233809	5	15	11
9606.ENSP00000233813	6	19	10
9606.ENSP00000233826	4	19	8
9606.ENSP00000233893	3	22	9
9606.ENSP00000233948	5	16	10
9606.ENSP00000233954	5	22	8
9606.ENSP00000233997	2	16	10
9606.ENSP00000234038	5	12	10
9606.ENSP00000234071	8	16	9
9606.ENSP00000234091	4	22	10
9606.ENSP00000234111	4	15	8
9606.ENSP00000234160	3	15	12
9606.ENSP00000234170	2	15	8
9606.ENSP00000234198	1	12	6
9606.ENSP00000234256	1	23	9
9606.ENSP00000234296	23	14	20
9606.ENSP00000234310	26	16	16
9606.ENSP00000234347	10	16	17
9606.ENSP00000234371	1	30	4
9606.ENSP00000234389	22	18	17
9606.ENSP00000234396	33	14	29
9606.ENSP00000234420	34	9	27
9606.ENSP00000234453	1	16	7
9606.ENSP00000234454	1	20	8
9606.ENSP00000234701	2	17	7
9606.ENSP00000234739	30	18	21
9606.ENSP00000234816	1	13	6
9606.ENSP00000234831	1	13	9
9606.ENSP00000234961	5	10	6
9606.ENSP00000235090	29	17	20
9606.ENSP00000235310	31	14	24
9606.ENSP00000235347	1	12	6
9606.ENSP00000235382	2	18	10
9606.ENSP00000235521	1	15	7
9606.ENSP00000235628	11	16	7
9606.ENSP00000235835	1	17	3
9606.ENSP00000236040	2	17	13
9606.ENSP00000236137	2	21	5
9606.ENSP00000236192	29	21	26
9606.ENSP00000236273	59	20	52
9606.ENSP00000236671	4	14	7
9606.ENSP00000236826	1	10	5
9606.ENSP00000236850	47	20	26
9606.ENSP00000236877	2	25	2
9606.ENSP00000236959	5	11	9
9606.ENSP00000237014	9	9	16
9606.ENSP00000237172	1	17	11
9606.ENSP00000237264	4	19	3
9606.ENSP00000237281	1	20	8
9606.ENSP00000237283	1	14	7
9606.ENSP00000237380	98	23	49
9606.ENSP00000237530	20	18	12
9606.ENSP00000237596	8	17	11
9606.ENSP00000237642	1	13	7
9606.ENSP00000237837	6	19	9
9606.ENSP00000237853	36	17	30
9606.ENSP00000238112	28	17	18
9606.ENSP00000238156	1	17	8
9606.ENSP00000238497	11	9	11
9606.ENSP00000238616	5	20	8
9606.ENSP00000238628	7	15	8
9606.ENSP00000238647	1	22	8
9606.ENSP00000238651	10	12	6
9606.ENSP00000238682	10	19	13
9606.ENSP00000238714	8	12	13
9606.ENSP00000238721	1	10	8
9606.ENSP00000238738	8	15	10
9606.ENSP00000238823	6	14	4
9606.ENSP00000238855	32	15	22
9606.ENSP00000238892	38	14	23
9606.ENSP00000238994	13	10	9
9606.ENSP00000239032	1	19	6
9606.ENSP00000239144	1	17	9
9606.ENSP00000239151	11	18	13
9606.ENSP00000239165	14	18	10
9606.ENSP00000239223	3	15	3
9606.ENSP00000239231	2	15	9
9606.ENSP00000239243	4	19	7
9606.ENSP00000239347	1	17	8
9606.ENSP00000239440	2	17	10
9606.ENSP00000239666	22	15	13
9606.ENSP00000239926	2	13	8
9606.ENSP00000239938	10	23	13
9606.ENSP00000239940	4	11	12
9606.ENSP00000240055	4	11	11
9606.ENSP00000240079	8	15	9
9606.ENSP00000240093	14	14	15
9606.ENSP00000240100	1	17	5
9606.ENSP00000240123	6	13	7
9606.ENSP00000240185	20	15	19
9606.ENSP00000240285	3	21	7
9606.ENSP00000240316	4	24	8
9606.ENSP00000240361	1	22	7
9606.ENSP00000240423	5	10	6
9606.ENSP00000240488	2	13	5
9606.ENSP00000240618	21	20	11
9606.ENSP00000240652	13	19	13
9606.ENSP00000240851	5	17	10
9606.ENSP00000240874	4	18	4
9606.ENSP00000240922	8	23	7
9606.ENSP00000241014	12	18	14
9606.ENSP00000241041	2	23	2
9606.ENSP00000241052	3	16	5
9606.ENSP00000241125	7	18	9
9606.ENSP00000241256	5	19	11
9606.ENSP00000241261	16	21	13
9606.ENSP00000241337	4	15	3
9606.ENSP00000241356	1	13	7
9606.ENSP00000241416	26	11	22
9606.ENSP00000241436	2	15	8
9606.ENSP00000241453	6	6	11
9606.ENSP00000241502	11	14	14
9606.ENSP00000241651	4	14	7
9606.ENSP00000242057	9	17	10
9606.ENSP00000242067	8	19	12
9606.ENSP00000242140	5	14	6
9606.ENSP00000242159	11	21	7
9606.ENSP00000242208	8	19	8
9606.ENSP00000242249	14	18	14
9606.ENSP00000242257	59	25	51
9606.ENSP00000242261	11	27	8
9606.ENSP00000242285	25	12	21
9606.ENSP00000242351	3	16	5
9606.ENSP00000242465	3	20	5
9606.ENSP00000242480	10	16	9
9606.ENSP00000242576	3	14	5
9606.ENSP00000242591	17	14	7
9606.ENSP00000242592	6	21	9
9606.ENSP00000242719	3	16	3
9606.ENSP00000242728	2	19	5
9606.ENSP00000242729	15	16	14
9606.ENSP00000242776	9	19	13
9606.ENSP00000242784	5	16	4
9606.ENSP00000242786	2	8	5
9606.ENSP00000242839	5	14	9
9606.ENSP00000242848	38	18	27
9606.ENSP00000243045	1	18	9
9606.ENSP00000243052	2	15	9
9606.ENSP00000243077	21	13	16
9606.ENSP00000243108	11	19	13
9606.ENSP00000243167	2	16	8
9606.ENSP00000243253	108	13	62
9606.ENSP00000243298	4	20	8
9606.ENSP00000243326	4	12	5
9606.ENSP00000243344	9	16	10
9606.ENSP00000243346	5	13	5
9606.ENSP00000243347	7	16	9
9606.ENSP00000243349	10	17	15
9606.ENSP00000243389	2	13	11
9606.ENSP00000243440	3	17	4
9606.ENSP00000243457	9	15	11
9606.ENSP00000243563	54	18	37
9606.ENSP00000243578	13	16	6
9606.ENSP00000243611	4	19	7
9606.ENSP00000243644	3	15	7
9606.ENSP00000243673	2	12	12
9606.ENSP00000243706	7	13	10
9606.ENSP00000243776	2	8	8
9606.ENSP00000243786	4	15	9
9606.ENSP00000243903	49	19	35
9606.ENSP00000243911	2	13	4
9606.ENSP00000243918	1	10	10
9606.ENSP00000243924	4	14	9
9606.ENSP00000243997	21	14	18
9606.ENSP00000244007	48	13	35
9606.ENSP00000244020	18	17	13
9606.ENSP00000244040	3	20	6
9606.ENSP00000244043	1	7	4
9606.ENSP00000244050	21	16	22
9606.ENSP00000244051	2	14	13
9606.ENSP00000244061	1	12	4
9606.ENSP00000244174	3	17	8
9606.ENSP00000244227	42	14	24
9606.ENSP00000244230	86	26	50
9606.ENSP00000244241	3	16	1
9606.ENSP00000244289	3	22	4
9606.ENSP00000244336	3	18	8
9606.ENSP00000244426	2	22	2
9606.ENSP00000244496	2	14	6
9606.ENSP00000244513	3	11	7
9606.ENSP00000244519	5	18	12
9606.ENSP00000244520	53	23	38
9606.ENSP00000244534	3	19	7
9606.ENSP00000244537	287	16	1012
9606.ENSP00000244565	3	25	10
9606.ENSP00000244571	1	20	6
9606.ENSP00000244573	6	11	3
9606.ENSP00000244709	3	12	8
9606.ENSP00000244728	5	10	11
9606.ENSP00000244745	4	14	1
9606.ENSP00000244763	14	12	12
9606.ENSP00000244769	10	13	11
9606.ENSP00000244869	6	18	11
9606.ENSP00000245046	11	8	21
9606.ENSP00000245157	8	16	8
9606.ENSP00000245206	7	10	7
9606.ENSP00000245255	8	22	12
9606.ENSP00000245304	3	20	5
9606.ENSP00000245414	10	17	12
9606.ENSP00000245451	14	20	13
9606.ENSP00000245457	1	10	5
9606.ENSP00000245479	8	18	10
9606.ENSP00000245539	98	17	64
9606.ENSP00000245543	37	16	29
9606.ENSP00000245544	35	19	29
9606.ENSP00000245552	11	16	13
9606.ENSP00000245615	3	15	4
9606.ENSP00000245620	2	14	9
9606.ENSP00000245787	4	18	8
9606.ENSP00000245810	8	23	8
9606.ENSP00000245816	3	17	6
9606.ENSP00000245817	6	20	6
9606.ENSP00000245838	18	18	16
9606.ENSP00000245907	32	16	22
9606.ENSP00000245908	9	13	8
9606.ENSP00000245919	11	9	12
9606.ENSP00000245923	1	14	5
9606.ENSP00000245932	28	14	19
9606.ENSP00000245934	36	17	28
9606.ENSP00000245960	12	13	13
9606.ENSP00000245983	2	25	5
9606.ENSP00000246062	8	14	8
9606.ENSP00000246069	1	12	9
9606.ENSP00000246071	117	11	82
9606.ENSP00000246080	1	20	11
9606.ENSP00000246112	4	21	10
9606.ENSP00000246115	2	27	10
9606.ENSP00000246117	49	15	42
9606.ENSP00000246166	1	19	10
9606.ENSP00000246194	3	18	7
9606.ENSP00000246515	1	13	6
9606.ENSP00000246529	2	20	5
9606.ENSP00000246548	5	18	7
9606.ENSP00000246551	5	18	12
9606.ENSP00000246553	1	13	8
9606.ENSP00000246635	1	24	8
9606.ENSP00000246657	39	12	33
9606.ENSP00000246662	1	17	11
9606.ENSP00000246672	4	22	4
9606.ENSP00000246747	4	19	6
9606.ENSP00000246792	6	12	6
9606.ENSP00000246794	1	21	4
9606.ENSP00000246802	7	16	11
9606.ENSP00000246841	1	17	8
9606.ENSP00000246868	2	17	9
9606.ENSP00000246891	2	15	11
9606.ENSP00000246895	2	17	9
9606.ENSP00000246912	2	12	6
9606.ENSP00000246914	1	14	5
9606.ENSP00000246957	1	11	10
9606.ENSP00000247001	22	12	25
9606.ENSP00000247003	23	22	16
9606.ENSP00000247005	4	12	11
9606.ENSP00000247020	23	14	17
9606.ENSP00000247026	1	13	5
9606.ENSP00000247153	4	16	10
9606.ENSP00000247178	21	13	17
9606.ENSP00000247191	2	14	4
9606.ENSP00000247219	9	19	8
9606.ENSP00000247225	5	17	10
9606.ENSP00000247271	3	12	8
9606.ENSP00000247461	17	19	9
9606.ENSP00000247470	21	13	17
9606.ENSP00000247668	61	21	45
9606.ENSP00000247815	3	14	9
9606.ENSP00000247843	38	13	37
9606.ENSP00000247970	8	22	14
9606.ENSP00000247977	2	21	7
9606.ENSP00000247986	4	19	4
9606.ENSP00000248071	2	18	8
9606.ENSP00000248076	3	15	4
9606.ENSP00000248114	2	18	10
9606.ENSP00000248121	1	23	7
9606.ENSP00000248139	1	18	7
9606.ENSP00000248150	12	16	11
9606.ENSP00000248211	1	20	9
9606.ENSP00000248244	15	4	12
9606.ENSP00000248248	4	15	9
9606.ENSP00000248342	55	12	35
9606.ENSP00000248437	13	20	10
9606.ENSP00000248553	21	11	17
9606.ENSP00000248564	6	19	10
9606.ENSP00000248572	15	12	11
9606.ENSP00000248594	8	17	5
9606.ENSP00000248598	8	24	9
9606.ENSP00000248633	3	18	7
9606.ENSP00000248846	18	15	12
9606.ENSP00000248923	2	17	10
9606.ENSP00000248948	1	24	6
9606.ENSP00000248958	26	11	18
9606.ENSP00000248975	15	17	13
9606.ENSP00000249016	2	15	7
9606.ENSP00000249041	3	18	5
9606.ENSP00000249071	22	13	16
9606.ENSP00000249075	4	24	6
9606.ENSP00000249269	9	17	8
9606.ENSP00000249299	75	20	55
9606.ENSP00000249344	16	16	13
9606.ENSP00000249363	2	15	9
9606.ENSP00000249373	17	17	21
9606.ENSP00000249396	10	20	11
9606.ENSP00000249442	12	17	8
9606.ENSP00000249647	35	13	31
9606.ENSP00000249700	5	27	9
9606.ENSP00000249749	6	15	6
9606.ENSP00000249750	3	20	10
9606.ENSP00000249776	1	12	8
9606.ENSP00000249887	11	16	9
9606.ENSP00000249910	2	23	8
9606.ENSP00000249923	16	21	23
9606.ENSP00000250003	25	22	24
9606.ENSP00000250018	1	9	10
9606.ENSP00000250024	1	21	1
9606.ENSP00000250092	2	17	5
9606.ENSP00000250111	19	19	21
9606.ENSP00000250113	14	30	8
9606.ENSP00000250160	1	12	2
9606.ENSP00000250237	1	13	5
9606.ENSP00000250263	7	21	9
9606.ENSP00000250340	1	22	10
9606.ENSP00000250351	1	18	6
9606.ENSP00000250378	1	21	7
9606.ENSP00000250405	12	15	13
9606.ENSP00000250416	11	19	12
9606.ENSP00000250448	16	13	22
9606.ENSP00000250454	2	13	12
9606.ENSP00000250457	6	20	6
9606.ENSP00000250495	47	12	38
9606.ENSP00000250498	19	16	15
9606.ENSP00000250559	11	18	14
9606.ENSP00000250615	1	23	5
9606.ENSP00000250617	9	23	9
9606.ENSP00000250699	1	10	5
9606.ENSP00000250784	87	16	44
9606.ENSP00000250863	2	15	4
9606.ENSP00000250896	1	11	9
9606.ENSP00000251020	2	11	7
9606.ENSP00000251047	3	14	6
9606.ENSP00000251102	6	17	7
9606.ENSP00000251127	5	14	9
9606.ENSP00000251143	6	18	10
9606.ENSP00000251157	4	16	7
9606.ENSP00000251166	1	18	3
9606.ENSP00000251268	1	10	3
9606.ENSP00000251287	3	12	9
9606.ENSP00000251303	6	14	9
9606.ENSP00000251337	6	21	9
9606.ENSP00000251363	9	16	8
9606.ENSP00000251372	3	17	7
9606.ENSP00000251412	9	13	9
9606.ENSP00000251413	15	18	14
9606.ENSP00000251496	6	9	7
9606.ENSP00000251535	2	16	7
9606.ENSP00000251588	4	20	4
9606.ENSP00000251595	44	15	30
9606.ENSP00000251636	34	13	24
9606.ENSP00000251642	3	16	3
9606.ENSP00000251691	1	14	4
9606.ENSP00000251775	35	20	14
9606.ENSP00000251810	3	12	11
9606.ENSP00000251864	7	16	9
9606.ENSP00000251871	102	11	52
9606.ENSP00000251900	40	19	28
9606.ENSP00000251968	43	18	31
9606.ENSP00000252011	2	20	8
9606.ENSP00000252015	28	15	19
9606.ENSP00000252037	4	16	9
9606.ENSP00000252050	4	23	4
9606.ENSP00000252071	11	17	12
9606.ENSP00000252102	73	12	36
9606.ENSP00000252137	3	15	11
9606.ENSP00000252229	6	19	10
9606.ENSP00000252242	5	16	11
9606.ENSP00000252244	7	15	9
9606.ENSP00000252268	24	17	14
9606.ENSP00000252321	5	16	5
9606.ENSP00000252456	5	20	9
9606.ENSP00000252482	9	22	12
9606.ENSP00000252483	12	14	5
9606.ENSP00000252486	53	13	36
9606.ENSP00000252506	5	24	8
9606.ENSP00000252512	1	29	8
9606.ENSP00000252530	2	15	7
9606.ENSP00000252542	1	14	5
9606.ENSP00000252575	6	15	7
9606.ENSP00000252593	3	20	8
9606.ENSP00000252595	3	14	7
9606.ENSP00000252599	4	16	10
9606.ENSP00000252602	103	15	67
9606.ENSP00000252603	1	11	2
9606.ENSP00000252622	79	14	39
9606.ENSP00000252674	65	12	48
9606.ENSP00000252677	5	13	4
9606.ENSP00000252699	25	20	17
9606.ENSP00000252711	69	14	47
9606.ENSP00000252723	11	13	10
9606.ENSP00000252729	32	18	18
9606.ENSP00000252804	1	17	7
9606.ENSP00000252809	2	14	8
9606.ENSP00000252818	18	17	12
9606.ENSP00000252825	4	18	3
9606.ENSP00000252826	14	19	13
9606.ENSP00000252891	8	14	10
9606.ENSP00000252939	1	18	8
9606.ENSP00000252951	11	13	10
9606.ENSP00000252992	1	22	7
9606.ENSP00000252996	147	12	141
9606.ENSP00000252999	8	18	7
9606.ENSP00000253023	10	13	9
9606.ENSP00000253024	45	20	33
9606.ENSP00000253039	62	15	44
9606.ENSP00000253048	1	20	7
9606.ENSP00000253055	1	18	3
9606.ENSP00000253063	16	14	13
9606.ENSP00000253083	8	24	7
9606.ENSP00000253107	4	15	9
9606.ENSP00000253108	59	7	40
9606.ENSP00000253109	1	21	7
9606.ENSP00000253188	1	25	3
9606.ENSP00000253237	2	16	5
9606.ENSP00000253247	74	20	46
9606.ENSP00000253363	30	10	22
9606.ENSP00000253382	2	24	8
9606.ENSP00000253408	2	14	9
9606.ENSP00000253413	35	17	13
9606.ENSP00000253457	9	12	12
9606.ENSP00000253458	6	15	9
9606.ENSP00000253462	21	18	23
9606.ENSP00000253496	4	21	9
9606.ENSP00000253669	7	11	6
9606.ENSP00000253686	96	18	52
9606.ENSP00000253699	6	19	8
9606.ENSP00000253754	10	22	13
9606.ENSP00000253778	3	15	12
9606.ENSP00000253794	22	13	14
9606.ENSP00000253796	15	13	11
9606.ENSP00000253799	3	10	6
9606.ENSP00000253801	8	16	9
9606.ENSP00000253814	2	14	5
9606.ENSP00000253861	18	15	17
9606.ENSP00000253925	11	15	13
9606.ENSP00000254051	1	12	11
9606.ENSP00000254066	24	16	17
9606.ENSP00000254079	2	16	8
9606.ENSP00000254101	9	13	12
9606.ENSP00000254108	27	10	13
9606.ENSP00000254190	2	16	9
9606.ENSP00000254193	117	17	82
9606.ENSP00000254227	9	24	10
9606.ENSP00000254250	1	18	10
9606.ENSP00000254260	2	17	7
9606.ENSP00000254286	19	13	13
9606.ENSP00000254301	33	12	14
9606.ENSP00000254322	25	16	16
9606.ENSP00000254325	3	27	7
9606.ENSP00000254337	29	18	20
9606.ENSP00000254436	18	17	14
9606.ENSP00000254442	2	14	7
9606.ENSP00000254480	40	15	34
9606.ENSP00000254488	1	17	9
9606.ENSP00000254508	30	15	23
9606.ENSP00000254521	8	16	10
9606.ENSP00000254605	5	19	6
9606.ENSP00000254616	6	11	3
9606.ENSP00000254630	96	14	46
9606.ENSP00000254657	17	22	19
9606.ENSP00000254661	16	14	8
9606.ENSP00000254691	1	13	10
9606.ENSP00000254695	2	16	7
9606.ENSP00000254719	56	20	40
9606.ENSP00000254722	1	11	7
9606.ENSP00000254730	78	21	38
9606.ENSP00000254759	5	19	5
9606.ENSP00000254803	77	11	40
9606.ENSP00000254810	160	19	164
9606.ENSP00000254846	12	22	18
9606.ENSP00000254854	1	10	6
9606.ENSP00000254878	1	20	3
9606.ENSP00000254900	43	27	16
9606.ENSP00000254928	38	15	30
9606.ENSP00000254940	22	15	18
9606.ENSP00000254942	16	14	11
9606.ENSP00000254950	13	17	13
9606.ENSP00000254958	10	13	10
9606.ENSP00000254963	1	17	6
9606.ENSP00000254976	47	15	26
9606.ENSP00000254998	7	12	10
9606.ENSP00000255006	1	11	10
9606.ENSP00000255008	4	20	9
9606.ENSP00000255030	8	13	14
9606.ENSP00000255040	4	15	10
9606.ENSP00000255108	2	20	10
9606.ENSP00000255120	38	18	29
9606.ENSP00000255136	2	16	12
9606.ENSP00000255192	2	19	3
9606.ENSP00000255194	8	18	10
9606.ENSP00000255262	5	13	13
9606.ENSP00000255266	2	15	7
9606.ENSP00000255304	1	16	4
9606.ENSP00000255305	1	18	4
9606.ENSP00000255380	3	14	6
9606.ENSP00000255381	17	19	14
9606.ENSP00000255390	1	22	6
9606.ENSP00000255409	3	23	14
9606.ENSP00000255416	7	9	8
9606.ENSP00000255465	19	8	14
9606.ENSP00000255476	3	17	4
9606.ENSP00000255499	1	19	4
9606.ENSP00000255631	9	26	6
9606.ENSP00000255641	6	17	7
9606.ENSP00000255764	97	18	44
9606.ENSP00000255882	6	11	11
9606.ENSP00000256001	16	14	15
9606.ENSP00000256010	4	19	10
9606.ENSP00000256015	1	14	4
9606.ENSP00000256078	25	18	16
9606.ENSP00000256079	3	20	4
9606.ENSP00000256103	1	8	7
9606.ENSP00000256104	2	12	12
9606.ENSP00000256151	1	15	7
9606.ENSP00000256178	1	11	10
9606.ENSP00000256190	1	26	10
9606.ENSP00000256194	1	16	8
9606.ENSP00000256196	2	17	15
9606.ENSP00000256255	1	8	8
9606.ENSP00000256319	2	18	7
9606.ENSP00000256339	5	19	11
9606.ENSP00000256343	32	22	21
9606.ENSP00000256366	2	19	6
9606.ENSP00000256383	70	15	36
9606.ENSP00000256398	5	14	11
9606.ENSP00000256429	15	14	17
9606.ENSP00000256441	35	14	29
9606.ENSP00000256442	31	17	17
9606.ENSP00000256443	101	16	43
9606.ENSP00000256447	2	17	7
9606.ENSP00000256458	9	18	7
9606.ENSP00000256460	3	16	7
9606.ENSP00000256474	30	15	25
9606.ENSP00000256495	1	15	10
9606.ENSP00000256497	3	17	10
9606.ENSP00000256509	4	14	8
9606.ENSP00000256544	3	21	6
9606.ENSP00000256545	9	18	12
9606.ENSP00000256592	6	18	4
9606.ENSP00000256593	4	10	6
9606.ENSP00000256637	11	20	17
9606.ENSP00000256644	28	25	18
9606.ENSP00000256646	17	20	3
9606.ENSP00000256682	3	19	12
9606.ENSP00000256689	1	23	7
9606.ENSP00000256707	3	10	9
9606.ENSP00000256722	4	14	12
9606.ENSP00000256759	7	12	3
9606.ENSP00000256785	3	18	14
9606.ENSP00000256854	2	14	6
9606.ENSP00000256857	6	14	8
9606.ENSP00000256925	5	15	8
9606.ENSP00000256969	4	17	9
9606.ENSP00000256996	73	11	39
9606.ENSP00000256999	2	15	3
9606.ENSP00000257017	1	14	6
9606.ENSP00000257068	4	12	10
9606.ENSP00000257118	54	13	47
9606.ENSP00000257177	2	8	6
9606.ENSP00000257181	82	20	52
9606.ENSP00000257189	4	20	9
9606.ENSP00000257192	8	26	13
9606.ENSP00000257198	6	14	7
9606.ENSP00000257215	1	21	6
9606.ENSP00000257245	15	13	15
9606.ENSP00000257248	1	16	9
9606.ENSP00000257264	1	19	5
9606.ENSP00000257287	3	11	7
9606.ENSP00000257290	19	15	19
9606.ENSP00000257347	1	22	10
9606.ENSP00000257408	15	23	9
9606.ENSP00000257414	3	18	11
9606.ENSP00000257430	39	15	32
9606.ENSP00000257527	1	19	9
9606.ENSP00000257548	5	15	8
9606.ENSP00000257549	1	13	7
9606.ENSP00000257552	2	7	4
9606.ENSP00000257566	1	23	5
9606.ENSP00000257570	1	13	7
9606.ENSP00000257572	5	10	7
9606.ENSP00000257600	3	13	7
9606.ENSP00000257696	1	17	6
9606.ENSP00000257700	8	9	9
9606.ENSP00000257749	6	18	5
9606.ENSP00000257770	13	14	11
9606.ENSP00000257787	15	17	10
9606.ENSP00000257789	17	16	15
9606.ENSP00000257818	14	16	10
9606.ENSP00000257829	81	18	49
9606.ENSP00000257860	3	15	13
9606.ENSP00000257863	6	22	12
9606.ENSP00000257867	1	12	4
9606.ENSP00000257868	10	18	3
9606.ENSP00000257895	3	15	7
9606.ENSP00000257904	41	11	20
9606.ENSP00000257909	2	14	6
9606.ENSP00000257915	1	18	11
9606.ENSP00000257934	5	19	7
9606.ENSP00000258042	5	11	7
9606.ENSP00000258052	6	15	7
9606.ENSP00000258080	5	15	6
9606.ENSP00000258091	51	17	22
9606.ENSP00000258098	5	13	11
9606.ENSP00000258105	102	18	40
9606.ENSP00000258111	9	17	7
9606.ENSP00000258149	65	12	32
9606.ENSP00000258169	18	12	17
9606.ENSP00000258173	12	11	9
9606.ENSP00000258198	29	10	18
9606.ENSP00000258200	2	16	8
9606.ENSP00000258201	2	23	3
9606.ENSP00000258281	38	21	29
9606.ENSP00000258301	44	12	28
9606.ENSP00000258302	1	18	5
9606.ENSP00000258317	1	15	5
9606.ENSP00000258341	13	16	13
9606.ENSP00000258383	102	15	57
9606.ENSP00000258385	12	29	20
9606.ENSP00000258399	2	17	7
9606.ENSP00000258400	6	14	9
9606.ENSP00000258411	3	10	9
9606.ENSP00000258416	26	20	22
9606.ENSP00000258418	7	17	5
9606.ENSP00000258424	75	19	51
9606.ENSP00000258428	13	15	6
9606.ENSP00000258443	2	16	6
9606.ENSP00000258455	107	17	49
9606.ENSP00000258457	5	17	7
9606.ENSP00000258484	33	6	29
9606.ENSP00000258494	1	19	4
9606.ENSP00000258499	2	21	8
9606.ENSP00000258526	1	22	1
9606.ENSP00000258648	100	9	52
9606.ENSP00000258654	11	13	8
9606.ENSP00000258704	1	13	3
9606.ENSP00000258729	3	18	3
9606.ENSP00000258739	2	11	3
9606.ENSP00000258742	25	10	22
9606.ENSP00000258772	3	16	6
9606.ENSP00000258774	11	18	11
9606.ENSP00000258787	1	18	11
9606.ENSP00000258821	50	10	45
9606.ENSP00000258874	1	15	9
9606.ENSP00000258886	4	16	7
9606.ENSP00000258930	4	11	8
9606.ENSP00000258955	1	15	7
9606.ENSP00000258962	85	13	43
9606.ENSP00000259008	19	18	16
9606.ENSP00000259021	13	20	9
9606.ENSP00000259037	71	14	37
9606.ENSP00000259053	1	16	7
9606.ENSP00000259075	18	14	15
9606.ENSP00000259154	1	18	6
9606.ENSP00000259206	4	21	7
9606.ENSP00000259211	2	13	14
9606.ENSP00000259212	2	18	6
9606.ENSP00000259213	1	16	7
9606.ENSP00000259216	1	18	2
9606.ENSP00000259229	23	12	20
9606.ENSP00000259239	76	20	45
9606.ENSP00000259253	3	12	13
9606.ENSP00000259254	10	14	12
9606.ENSP00000259324	4	12	5
9606.ENSP00000259335	5	13	10
9606.ENSP00000259339	1	21	6
9606.ENSP00000259365	6	8	7
9606.ENSP00000259371	1	19	7
9606.ENSP00000259396	3	14	6
9606.ENSP00000259400	28	22	21
9606.ENSP00000259455	17	22	12
9606.ENSP00000259457	50	20	27
9606.ENSP00000259467	12	14	6
9606.ENSP00000259469	152	18	146
9606.ENSP00000259470	2	9	7
9606.ENSP00000259512	20	18	14
9606.ENSP00000259526	1	15	6
9606.ENSP00000259569	1	21	8
9606.ENSP00000259605	5	21	8
9606.ENSP00000259607	40	21	43
9606.ENSP00000259631	16	12	13
9606.ENSP00000259632	21	29	12
9606.ENSP00000259633	3	14	5
9606.ENSP00000259698	16	25	12
9606.ENSP00000259708	10	16	8
9606.ENSP00000259727	1	13	5
9606.ENSP00000259803	1	11	4
9606.ENSP00000259808	58	13	37
9606.ENSP00000259818	37	20	34
9606.ENSP00000259873	95	14	68
9606.ENSP00000259874	2	16	12
9606.ENSP00000259895	98	23	53
9606.ENSP00000259915	55	15	39
9606.ENSP00000259938	2	13	11
9606.ENSP00000259951	25	15	17
9606.ENSP00000259963	6	22	8
9606.ENSP00000260010	45	18	28
9606.ENSP00000260102	102	24	49
9606.ENSP00000260129	2	15	6
9606.ENSP00000260184	1	16	9
9606.ENSP00000260187	5	26	7
9606.ENSP00000260191	4	11	8
9606.ENSP00000260197	6	17	5
9606.ENSP00000260210	77	15	48
9606.ENSP00000260227	6	15	8
9606.ENSP00000260247	6	19	11
9606.ENSP00000260264	2	21	5
9606.ENSP00000260270	4	20	10
9606.ENSP00000260276	34	17	18
9606.ENSP00000260283	1	17	6
9606.ENSP00000260323	3	16	6
9606.ENSP00000260356	28	12	21
9606.ENSP00000260361	54	16	40
9606.ENSP00000260363	5	10	9
9606.ENSP00000260372	9	15	10
9606.ENSP00000260383	18	8	14
9606.ENSP00000260385	8	12	16
9606.ENSP00000260386	6	16	11
9606.ENSP00000260402	4	14	9
9606.ENSP00000260408	27	15	19
9606.ENSP00000260443	62	15	44
9606.ENSP00000260447	1	13	7
9606.ENSP00000260453	34	14	22
9606.ENSP00000260502	2	21	6
9606.ENSP00000260508	4	13	7
9606.ENSP00000260526	2	12	7
9606.ENSP00000260570	16	21	11
9606.ENSP00000260585	1	20	8
9606.ENSP00000260643	1	11	3
9606.ENSP00000260649	3	16	3
9606.ENSP00000260665	3	20	11
9606.ENSP00000260682	5	26	13
9606.ENSP00000260731	10	13	10
9606.ENSP00000260746	4	14	12
9606.ENSP00000260762	17	17	8
9606.ENSP00000260803	1	9	8
9606.ENSP00000260810	27	9	20
9606.ENSP00000260818	1	16	7
9606.ENSP00000260947	99	19	42
9606.ENSP00000260950	15	16	16
9606.ENSP00000260953	4	21	10
9606.ENSP00000260970	43	24	25
9606.ENSP00000261007	5	14	12
9606.ENSP00000261015	27	18	12
9606.ENSP00000261023	36	21	31
9606.ENSP00000261024	4	18	10
9606.ENSP00000261037	6	15	9
9606.ENSP00000261047	2	16	6
9606.ENSP00000261070	1	18	4
9606.ENSP00000261167	65	15	37
9606.ENSP00000261170	3	20	6
9606.ENSP00000261183	1	20	8
9606.ENSP00000261191	14	15	15
9606.ENSP00000261195	4	8	6
9606.ENSP00000261200	3	17	9
9606.ENSP00000261205	22	12	12
9606.ENSP00000261233	6	17	8
9606.ENSP00000261245	98	12	45
9606.ENSP00000261254	9	18	6
9606.ENSP00000261263	1	12	11
9606.ENSP00000261267	4	12	9
9606.ENSP00000261292	8	16	13
9606.ENSP00000261303	51	13	34
9606.ENSP00000261304	1	20	7
9606.ENSP00000261308	43	13	35
9606.ENSP00000261313	3	20	7
9606.ENSP00000261326	1	15	3
9606.ENSP00000261340	2	18	7
9606.ENSP00000261349	39	6	24
9606.ENSP00000261366	10	18	8
9606.ENSP00000261367	4	21	8
9606.ENSP00000261377	2	17	6
9606.ENSP00000261381	2	12	3
9606.ENSP00000261383	13	12	11
9606.ENSP00000261386	1	15	8
9606.ENSP00000261396	27	11	18
9606.ENSP00000261402	2	25	0
9606.ENSP00000261405	18	24	27
9606.ENSP00000261407	5	12	4
9606.ENSP00000261416	4	19	8
9606.ENSP00000261427	9	9	8
9606.ENSP00000261438	2	17	4
9606.ENSP00000261448	6	23	7
9606.ENSP00000261461	24	17	23
9606.ENSP00000261464	19	19	16
9606.ENSP00000261475	3	10	8
9606.ENSP00000261479	53	16	41
9606.ENSP00000261483	1	15	7
9606.ENSP00000261497	38	16	26
9606.ENSP00000261499	13	17	4
9606.ENSP00000261503	1	20	3
9606.ENSP00000261507	2	11	4
9606.ENSP00000261514	1	16	4
9606.ENSP00000261520	37	17	23
9606.ENSP00000261523	9	18	5
9606.ENSP00000261534	1	12	5
9606.ENSP00000261558	20	17	6
9606.ENSP00000261574	3	18	12
9606.ENSP00000261584	44	19	37
9606.ENSP00000261590	5	18	8
9606.ENSP00000261596	6	18	13
9606.ENSP00000261597	24	12	17
9606.ENSP00000261600	16	18	23
9606.ENSP00000261601	42	14	31
9606.ENSP00000261609	7	17	13
9606.ENSP00000261622	4	18	8
9606.ENSP00000261623	19	11	12
9606.ENSP00000261636	5	16	8
9606.ENSP00000261637	86	18	43
9606.ENSP00000261643	2	13	9
9606.ENSP00000261652	7	28	8
9606.ENSP00000261667	7	12	8
9606.ENSP00000261681	12	12	12
9606.ENSP00000261692	7	19	15
9606.ENSP00000261693	22	15	17
9606.ENSP00000261700	7	16	9
9606.ENSP00000261707	2	20	9
9606.ENSP00000261708	73	16	45
9606.ENSP00000261712	45	12	35
9606.ENSP00000261716	3	17	13
9606.ENSP00000261733	2	16	8
9606.ENSP00000261735	1	20	2
9606.ENSP00000261745	3	13	9
9606.ENSP00000261751	12	23	8
9606.ENSP00000261769	135	14	111
9606.ENSP00000261772	1	17	7
9606.ENSP00000261776	4	13	6
9606.ENSP00000261783	4	9	10
9606.ENSP00000261796	2	12	12
9606.ENSP00000261797	1	21	1
9606.ENSP00000261798	48	23	35
9606.ENSP00000261799	28	17	17
9606.ENSP00000261813	13	17	13
9606.ENSP00000261819	48	16	41
9606.ENSP00000261837	29	19	14
9606.ENSP00000261839	2	19	8
9606.ENSP00000261842	20	14	11
9606.ENSP00000261845	9	8	8
9606.ENSP00000261866	1	16	8
9606.ENSP00000261868	58	10	45
9606.ENSP00000261875	11	21	13
9606.ENSP00000261879	6	25	12
9606.ENSP00000261881	27	12	21
9606.ENSP00000261883	2	20	3
9606.ENSP00000261884	20	15	18
9606.ENSP00000261889	12	17	11
9606.ENSP00000261890	27	17	21
9606.ENSP00000261893	2	14	6
9606.ENSP00000261900	59	16	67
9606.ENSP00000261917	4	10	6
9606.ENSP00000261918	2	18	6
9606.ENSP00000261921	1	20	6
9606.ENSP00000261937	13	15	12
9606.ENSP00000261942	22	15	15
9606.ENSP00000261965	11	17	10
9606.ENSP00000261973	32	23	15
9606.ENSP00000261978	6	10	9
9606.ENSP00000261994	1	19	8
9606.ENSP00000262013	2	14	13
9606.ENSP00000262018	12	15	13
9606.ENSP00000262027	16	19	16
9606.ENSP00000262030	33	17	15
9606.ENSP00000262039	29	11	17
9606.ENSP00000262041	1	23	4
9606.ENSP00000262053	10	15	12
9606.ENSP00000262094	5	14	9
9606.ENSP00000262105	39	13	33
9606.ENSP00000262113	11	13	18
9606.ENSP00000262120	1	17	3
9606.ENSP00000262133	20	13	16
9606.ENSP00000262134	10	15	9
9606.ENSP00000262138	52	17	40
9606.ENSP00000262139	7	11	14
9606.ENSP00000262144	15	14	12
9606.ENSP00000262150	8	6	11
9606.ENSP00000262158	30	6	22
9606.ENSP00000262160	58	9	38
9606.ENSP00000262177	4	18	10
9606.ENSP00000262178	7	15	13
9606.ENSP00000262186	5	13	4
9606.ENSP00000262187	12	11	8
9606.ENSP00000262188	37	12	18
9606.ENSP00000262189	45	10	27
9606.ENSP00000262193	51	24	31
9606.ENSP00000262209	2	16	3
9606.ENSP00000262213	4	24	9
9606.ENSP00000262215	1	14	9
9606.ENSP00000262225	10	15	6
9606.ENSP00000262238	59	23	52
9606.ENSP00000262241	53	16	36
9606.ENSP00000262262	6	20	6
9606.ENSP00000262265	17	18	13
9606.ENSP00000262290	2	13	9
9606.ENSP00000262291	2	16	5
9606.ENSP00000262301	1	20	5
9606.ENSP00000262302	1	16	5
9606.ENSP00000262304	3	27	9
9606.ENSP00000262305	6	21	2
9606.ENSP00000262306	111	19	58
9606.ENSP00000262315	11	15	9
9606.ENSP00000262319	15	13	6
9606.ENSP00000262320	41	19	21
9606.ENSP00000262345	7	11	16
9606.ENSP00000262352	1	16	5
9606.ENSP00000262367	116	16	70
9606.ENSP00000262370	1	24	6
9606.ENSP00000262375	2	9	4
9606.ENSP00000262376	4	11	10
9606.ENSP00000262384	1	11	8
9606.ENSP00000262394	3	16	8
9606.ENSP00000262395	5	14	3
9606.ENSP00000262406	3	17	14
9606.ENSP00000262407	22	17	19
9606.ENSP00000262415	47	15	23
9606.ENSP00000262418	10	13	5
9606.ENSP00000262428	1	11	9
9606.ENSP00000262430	2	16	9
9606.ENSP00000262435	19	18	17
9606.ENSP00000262441	5	17	6
9606.ENSP00000262450	14	11	13
9606.ENSP00000262455	4	18	3
9606.ENSP00000262457	11	22	9
9606.ENSP00000262460	21	16	19
9606.ENSP00000262483	1	14	5
9606.ENSP00000262487	1	13	6
9606.ENSP00000262494	17	22	11
9606.ENSP00000262498	34	18	27
9606.ENSP00000262506	19	19	14
9606.ENSP00000262507	5	18	6
9606.ENSP00000262510	9	13	11
9606.ENSP00000262518	13	13	8
9606.ENSP00000262519	14	15	13
9606.ENSP00000262525	1	16	12
9606.ENSP00000262554	12	27	12
9606.ENSP00000262584	142	18	117
9606.ENSP00000262593	1	17	8
9606.ENSP00000262613	27	16	12
9606.ENSP00000262622	1	20	8
9606.ENSP00000262623	2	22	10
9606.ENSP00000262626	1	22	8
9606.ENSP00000262629	33	19	24
9606.ENSP00000262633	43	13	27
9606.ENSP00000262640	31	12	26
9606.ENSP00000262643	19	15	16
9606.ENSP00000262644	5	20	9
9606.ENSP00000262646	4	17	9
9606.ENSP00000262648	1	8	9
9606.ENSP00000262653	4	16	5
9606.ENSP00000262662	3	16	9
9606.ENSP00000262710	8	9	8
9606.ENSP00000262713	4	14	5
9606.ENSP00000262715	20	14	17
9606.ENSP00000262717	8	17	10
9606.ENSP00000262719	8	12	12
9606.ENSP00000262726	1	11	3
9606.ENSP00000262741	22	11	12
9606.ENSP00000262746	2	21	11
9606.ENSP00000262768	7	14	9
9606.ENSP00000262776	6	12	7
9606.ENSP00000262794	5	18	12
9606.ENSP00000262809	42	19	22
9606.ENSP00000262815	5	23	10
9606.ENSP00000262839	6	11	9
9606.ENSP00000262843	1	11	12
9606.ENSP00000262848	2	18	9
9606.ENSP00000262850	12	15	10
9606.ENSP00000262865	4	14	3
9606.ENSP00000262866	1	13	5
9606.ENSP00000262879	1	14	12
9606.ENSP00000262887	17	10	18
9606.ENSP00000262891	11	26	9
9606.ENSP00000262904	6	15	17
9606.ENSP00000262916	12	21	16
9606.ENSP00000262942	13	16	6
9606.ENSP00000262948	10	16	16
9606.ENSP00000262958	3	18	4
9606.ENSP00000262960	2	18	9
9606.ENSP00000262962	44	16	31
9606.ENSP00000262965	22	15	15
9606.ENSP00000262971	7	17	7
9606.ENSP00000262982	1	21	9
9606.ENSP00000262995	19	11	19
9606.ENSP00000263025	28	16	19
9606.ENSP00000263026	3	20	8
9606.ENSP00000263035	2	14	9
9606.ENSP00000263038	1	20	8
9606.ENSP00000263054	1	18	7
9606.ENSP00000263056	3	13	5
9606.ENSP00000263062	34	16	19
9606.ENSP00000263071	1	15	11
9606.ENSP00000263073	8	23	9
9606.ENSP00000263080	1	14	11
9606.ENSP00000263083	3	21	10
9606.ENSP00000263087	2	11	5
9606.ENSP00000263088	6	19	7
9606.ENSP00000263092	10	14	8
9606.ENSP00000263093	1	15	7
9606.ENSP00000263094	1	14	7
9606.ENSP00000263100	3	18	2
9606.ENSP00000263102	3	19	5
9606.ENSP00000263116	1	26	8
9606.ENSP00000263125	12	20	8
9606.ENSP00000263150	1	18	6
9606.ENSP00000263160	6	16	8
9606.ENSP00000263168	32	15	23
9606.ENSP00000263181	9	14	11
9606.ENSP00000263187	4	15	7
9606.ENSP00000263202	16	18	12
9606.ENSP00000263205	97	27	47
9606.ENSP00000263207	4	14	5
9606.ENSP00000263208	4	11	10
9606.ENSP00000263209	30	18	22
9606.ENSP00000263228	6	15	9
9606.ENSP00000263233	8	25	16
9606.ENSP00000263238	23	7	21
9606.ENSP00000263239	24	24	10
9606.ENSP00000263245	3	8	9
9606.ENSP00000263246	4	19	9
9606.ENSP00000263253	196	15	470
9606.ENSP00000263256	26	19	37
9606.ENSP00000263257	1	9	5
9606.ENSP00000263269	29	13	21
9606.ENSP00000263274	6	20	8
9606.ENSP00000263277	11	14	13
9606.ENSP00000263285	1	5	5
9606.ENSP00000263314	10	23	11
9606.ENSP00000263317	12	14	18
9606.ENSP00000263321	2	16	5
9606.ENSP00000263326	6	15	11
9606.ENSP00000263334	5	15	7
9606.ENSP00000263339	23	20	14
9606.ENSP00000263341	27	21	21
9606.ENSP00000263346	3	14	11
9606.ENSP00000263354	44	9	31
9606.ENSP00000263368	1	15	3
9606.ENSP00000263370	4	17	7
9606.ENSP00000263377	42	24	30
9606.ENSP00000263379	13	8	14
9606.ENSP00000263382	29	17	22
9606.ENSP00000263384	42	20	27
9606.ENSP00000263388	14	13	14
9606.ENSP00000263390	97	19	43
9606.ENSP00000263401	3	12	9
9606.ENSP00000263408	24	15	23
9606.ENSP00000263413	22	17	17
9606.ENSP00000263431	3	19	9
9606.ENSP00000263433	6	23	6
9606.ENSP00000263461	1	17	5
9606.ENSP00000263464	31	12	20
9606.ENSP00000263556	2	25	8
9606.ENSP00000263559	13	22	9
9606.ENSP00000263578	45	15	24
9606.ENSP00000263598	1	13	6
9606.ENSP00000263620	1	14	9
9606.ENSP00000263629	74	15	45
9606.ENSP00000263635	1	11	2
9606.ENSP00000263645	26	20	23
9606.ENSP00000263650	2	18	7
9606.ENSP00000263657	90	17	59
9606.ENSP00000263663	7	10	9
9606.ENSP00000263665	1	15	8
9606.ENSP00000263672	4	9	15
9606.ENSP00000263681	26	12	18
9606.ENSP00000263686	17	10	19
9606.ENSP00000263694	131	17	118
9606.ENSP00000263697	15	14	7
9606.ENSP00000263702	7	17	13
9606.ENSP00000263708	1	21	3
9606.ENSP00000263710	2	18	4
9606.ENSP00000263726	4	12	1
9606.ENSP00000263734	22	18	17
9606.ENSP00000263735	6	16	13
9606.ENSP00000263753	14	14	9
9606.ENSP00000263754	97	20	56
9606.ENSP00000263774	80	17	51
9606.ENSP00000263780	28	14	17
9606.ENSP00000263795	2	15	11
9606.ENSP00000263798	2	12	6
9606.ENSP00000263800	1	7	8
9606.ENSP00000263847	2	19	3
9606.ENSP00000263851	14	21	9
9606.ENSP00000263856	30	13	11
9606.ENSP00000263857	18	12	16
9606.ENSP00000263864	35	18	31
9606.ENSP00000263867	3	19	13
9606.ENSP00000263881	1	21	9
9606.ENSP00000263897	18	16	22
9606.ENSP00000263904	31	16	22
9606.ENSP00000263915	3	19	4
9606.ENSP00000263918	28	16	20
9606.ENSP00000263923	51	21	35
9606.ENSP00000263925	9	20	11
9606.ENSP00000263932	8	12	8
9606.ENSP00000263934	3	18	10
9606.ENSP00000263946	8	18	6
9606.ENSP00000263956	7	13	6
9606.ENSP00000263966	7	12	7
9606.ENSP00000263967	29	16	21
9606.ENSP00000263974	123	18	82
9606.ENSP00000263980	35	18	21
9606.ENSP00000263985	5	18	10
9606.ENSP00000263991	3	19	7
9606.ENSP00000264005	29	23	21
9606.ENSP00000264012	18	12	20
9606.ENSP00000264020	17	17	12
9606.ENSP00000264025	15	7	16
9606.ENSP00000264027	2	11	8
9606.ENSP00000264028	13	20	9
9606.ENSP00000264031	3	15	10
9606.ENSP00000264033	76	20	46
9606.ENSP00000264036	2	14	2
9606.ENSP00000264039	10	19	14
9606.ENSP00000264042	3	13	8
9606.ENSP00000264065	4	13	11
9606.ENSP00000264071	12	20	11
9606.ENSP00000264072	1	15	12
9606.ENSP00000264079	2	15	9
9606.ENSP00000264093	9	18	12
9606.ENSP00000264108	10	17	8
9606.ENSP00000264110	51	16	38
9606.ENSP00000264144	5	20	3
9606.ENSP00000264156	37	16	22
9606.ENSP00000264157	52	23	40
9606.ENSP00000264159	1	16	4
9606.ENSP00000264161	11	16	7
9606.ENSP00000264162	1	14	10
9606.ENSP00000264167	2	21	6
9606.ENSP00000264183	18	11	11
9606.ENSP00000264187	10	14	10
9606.ENSP00000264192	2	15	6
9606.ENSP00000264198	1	14	7
9606.ENSP00000264218	4	11	17
9606.ENSP00000264228	2	10	6
9606.ENSP00000264230	32	13	17
9606.ENSP00000264234	3	22	12
9606.ENSP00000264245	1	15	4
9606.ENSP00000264246	22	15	21
9606.ENSP00000264254	9	19	8
9606.ENSP00000264255	4	13	12
9606.ENSP00000264257	7	13	8
9606.ENSP00000264260	4	11	5
9606.ENSP00000264263	85	14	57
9606.ENSP00000264265	1	16	5
9606.ENSP00000264276	1	8	7
9606.ENSP00000264279	95	12	50
9606.ENSP00000264313	1	14	6
9606.ENSP00000264316	3	16	5
9606.ENSP00000264318	12	18	13
9606.ENSP00000264331	3	13	15
9606.ENSP00000264335	25	15	15
9606.ENSP00000264350	1	17	7
9606.ENSP00000264360	6	20	6
9606.ENSP00000264377	5	16	7
9606.ENSP00000264380	3	17	6
9606.ENSP00000264381	1	18	6
9606.ENSP00000264382	2	13	7
9606.ENSP00000264399	3	12	12
9606.ENSP00000264409	3	11	10
9606.ENSP00000264414	73	17	46
9606.ENSP00000264428	2	17	4
9606.ENSP00000264431	4	19	6
9606.ENSP00000264433	10	15	12
9606.ENSP00000264436	13	13	9
9606.ENSP00000264444	3	18	8
9606.ENSP00000264454	3	18	10
9606.ENSP00000264463	8	13	15
9606.ENSP00000264474	4	12	3
9606.ENSP00000264498	35	17	20
9606.ENSP00000264499	11	20	10
9606.ENSP00000264515	80	14	44
9606.ENSP00000264538	18	16	11
9606.ENSP00000264552	48	16	39
9606.ENSP00000264553	1	20	5
9606.ENSP00000264554	3	14	3
9606.ENSP00000264563	3	19	8
9606.ENSP00000264605	3	16	7
9606.ENSP00000264606	22	18	13
9606.ENSP00000264607	2	27	8
9606.ENSP00000264613	6	11	11
9606.ENSP00000264634	19	21	11
9606.ENSP00000264637	15	20	10
9606.ENSP00000264638	3	15	12
9606.ENSP00000264639	44	19	39
9606.ENSP00000264645	56	17	50
9606.ENSP00000264649	33	16	19
9606.ENSP00000264657	80	15	47
9606.ENSP00000264658	2	15	8
9606.ENSP00000264663	1	14	10
9606.ENSP00000264664	14	18	11
9606.ENSP00000264669	1	16	6
9606.ENSP00000264674	5	16	9
9606.ENSP00000264690	7	17	7
9606.ENSP00000264709	48	20	28
9606.ENSP00000264710	11	14	10
9606.ENSP00000264712	2	11	7
9606.ENSP00000264716	7	14	14
9606.ENSP00000264717	1	14	8
9606.ENSP00000264718	5	18	6
9606.ENSP00000264731	5	12	4
9606.ENSP00000264734	6	26	9
9606.ENSP00000264741	4	15	8
9606.ENSP00000264758	15	17	11
9606.ENSP00000264773	17	22	14
9606.ENSP00000264824	10	13	12
9606.ENSP00000264828	9	15	4
9606.ENSP00000264832	34	14	14
9606.ENSP00000264833	21	12	16
9606.ENSP00000264834	6	9	9
9606.ENSP00000264864	4	20	9
9606.ENSP00000264866	1	6	3
9606.ENSP00000264867	34	20	20
9606.ENSP00000264870	1	13	2
9606.ENSP00000264883	28	20	18
9606.ENSP00000264896	20	22	12
9606.ENSP00000264904	5	11	11
9606.ENSP00000264914	2	15	4
9606.ENSP00000264917	1	13	9
9606.ENSP00000264926	16	11	18
9606.ENSP00000264932	8	15	4
9606.ENSP00000264933	46	16	37
9606.ENSP00000264938	4	16	12
9606.ENSP00000264951	18	10	13
9606.ENSP00000264952	4	16	9
9606.ENSP00000264954	8	21	11
9606.ENSP00000264956	2	10	9
9606.ENSP00000264968	2	15	6
9606.ENSP00000264972	35	17	23
9606.ENSP00000264977	21	16	17
9606.ENSP00000264982	1	16	7
9606.ENSP00000264990	2	20	8
9606.ENSP00000264995	108	16	62
9606.ENSP00000265016	1	13	9
9606.ENSP00000265029	1	16	1
9606.ENSP00000265038	82	15	59
9606.ENSP00000265052	10	13	13
9606.ENSP00000265056	71	18	30
9606.ENSP00000265062	17	12	13
9606.ENSP00000265070	3	11	3
9606.ENSP00000265071	11	17	8
9606.ENSP00000265073	1	19	8
9606.ENSP00000265074	5	15	6
9606.ENSP00000265077	10	18	8
9606.ENSP00000265080	1	20	5
9606.ENSP00000265081	33	21	25
9606.ENSP00000265085	1	12	8
9606.ENSP00000265087	1	19	3
9606.ENSP00000265094	18	20	14
9606.ENSP00000265097	12	20	12
9606.ENSP00000265104	15	16	19
9606.ENSP00000265107	40	24	29
9606.ENSP00000265113	1	16	9
9606.ENSP00000265131	2	11	9
9606.ENSP00000265132	1	26	3
9606.ENSP00000265138	2	13	9
9606.ENSP00000265140	5	16	7
9606.ENSP00000265148	9	16	10
9606.ENSP00000265162	10	17	10
9606.ENSP00000265164	5	24	3
9606.ENSP00000265165	26	12	25
9606.ENSP00000265171	48	18	37
9606.ENSP00000265174	4	13	10
9606.ENSP00000265195	3	18	9
9606.ENSP00000265239	3	12	6
9606.ENSP00000265245	45	18	49
9606.ENSP00000265276	3	16	7
9606.ENSP00000265295	9	19	15
9606.ENSP00000265310	3	17	10
9606.ENSP00000265316	16	9	17
9606.ENSP00000265322	1	16	3
9606.ENSP00000265339	14	17	15
9606.ENSP00000265340	1	25	5
9606.ENSP00000265343	41	8	23
9606.ENSP00000265350	95	8	56
9606.ENSP00000265351	14	13	16
9606.ENSP00000265354	18	14	13
9606.ENSP00000265361	6	11	14
9606.ENSP00000265362	7	8	8
9606.ENSP00000265371	46	15	23
9606.ENSP00000265372	1	21	7
9606.ENSP00000265381	6	10	10
9606.ENSP00000265382	8	14	10
9606.ENSP00000265388	2	9	4
9606.ENSP00000265395	1	12	5
9606.ENSP00000265421	14	17	9
9606.ENSP00000265433	20	19	16
9606.ENSP00000265441	12	17	20
9606.ENSP00000265459	15	14	14
9606.ENSP00000265465	26	26	20
9606.ENSP00000265560	7	17	10
9606.ENSP00000265562	8	18	6
9606.ENSP00000265563	17	16	13
9606.ENSP00000265564	23	17	15
9606.ENSP00000265565	4	19	10
9606.ENSP00000265594	3	6	3
9606.ENSP00000265598	2	22	6
9606.ENSP00000265602	18	14	18
9606.ENSP00000265627	1	15	4
9606.ENSP00000265634	1	14	7
9606.ENSP00000265641	7	11	11
9606.ENSP00000265643	10	15	11
9606.ENSP00000265651	2	18	13
9606.ENSP00000265686	26	20	26
9606.ENSP00000265689	4	19	6
9606.ENSP00000265708	3	22	7
9606.ENSP00000265709	30	16	11
9606.ENSP00000265713	30	10	20
9606.ENSP00000265717	11	9	9
9606.ENSP00000265723	1	15	7
9606.ENSP00000265727	8	13	11
9606.ENSP00000265728	13	11	11
9606.ENSP00000265729	4	14	9
9606.ENSP00000265732	37	15	15
9606.ENSP00000265734	24	17	18
9606.ENSP00000265748	6	13	10
9606.ENSP00000265753	7	16	6
9606.ENSP00000265769	2	8	11
9606.ENSP00000265838	1	18	5
9606.ENSP00000265843	1	11	7
9606.ENSP00000265849	11	14	10
9606.ENSP00000265857	6	14	9
9606.ENSP00000265866	2	14	7
9606.ENSP00000265872	14	15	8
9606.ENSP00000265960	12	20	10
9606.ENSP00000265963	98	11	52
9606.ENSP00000265965	1	12	15
9606.ENSP00000265967	12	15	11
9606.ENSP00000265969	4	15	7
9606.ENSP00000265970	7	22	9
9606.ENSP00000265978	4	18	4
9606.ENSP00000265983	6	17	5
9606.ENSP00000265986	17	20	8
9606.ENSP00000265990	1	14	5
9606.ENSP00000265997	13	17	5
9606.ENSP00000266000	43	15	30
9606.ENSP00000266037	4	17	14
9606.ENSP00000266041	15	16	11
9606.ENSP00000266058	5	21	6
9606.ENSP00000266068	1	15	8
9606.ENSP00000266069	9	18	15
9606.ENSP00000266070	21	16	16
9606.ENSP00000266079	76	15	53
9606.ENSP00000266085	8	12	13
9606.ENSP00000266087	4	17	5
9606.ENSP00000266088	2	11	9
9606.ENSP00000266126	7	14	5
9606.ENSP00000266254	4	15	10
9606.ENSP00000266376	48	20	36
9606.ENSP00000266383	1	12	10
9606.ENSP00000266483	1	14	11
9606.ENSP00000266503	3	18	4
9606.ENSP00000266529	23	20	22
9606.ENSP00000266544	72	8	45
9606.ENSP00000266551	3	16	14
9606.ENSP00000266556	2	9	6
9606.ENSP00000266557	12	21	7
9606.ENSP00000266604	47	12	34
9606.ENSP00000266671	1	20	5
9606.ENSP00000266674	8	14	12
9606.ENSP00000266679	15	11	14
9606.ENSP00000266718	12	12	14
9606.ENSP00000266719	1	21	6
9606.ENSP00000266732	3	16	13
9606.ENSP00000266735	159	14	170
9606.ENSP00000266744	4	9	10
9606.ENSP00000266970	64	22	37
9606.ENSP00000266987	31	17	29
9606.ENSP00000267017	2	13	7
9606.ENSP00000267082	32	19	27
9606.ENSP00000267085	3	17	8
9606.ENSP00000267101	32	14	23
9606.ENSP00000267113	2	15	11
9606.ENSP00000267116	3	26	5
9606.ENSP00000267163	60	19	48
9606.ENSP00000267199	10	15	11
9606.ENSP00000267202	23	20	13
9606.ENSP00000267257	53	19	55
9606.ENSP00000267260	1	20	8
9606.ENSP00000267377	3	18	5
9606.ENSP00000267415	14	18	14
9606.ENSP00000267430	26	17	22
9606.ENSP00000267460	3	21	9
9606.ENSP00000267484	1	20	2
9606.ENSP00000267569	4	12	7
9606.ENSP00000267594	1	19	7
9606.ENSP00000267615	3	15	5
9606.ENSP00000267622	4	15	9
9606.ENSP00000267750	9	15	8
9606.ENSP00000267803	1	17	11
9606.ENSP00000267812	85	20	50
9606.ENSP00000267843	13	14	13
9606.ENSP00000267859	3	18	4
9606.ENSP00000267884	89	15	52
9606.ENSP00000267889	3	11	11
9606.ENSP00000267890	2	18	4
9606.ENSP00000267935	4	13	9
9606.ENSP00000267938	2	17	6
9606.ENSP00000267953	9	20	10
9606.ENSP00000268053	2	11	9
9606.ENSP00000268057	12	18	12
9606.ENSP00000268058	13	26	6
9606.ENSP00000268070	1	18	7
9606.ENSP00000268099	1	17	14
9606.ENSP00000268138	4	23	6
9606.ENSP00000268150	3	14	7
9606.ENSP00000268182	40	13	28
9606.ENSP00000268184	2	13	5
9606.ENSP00000268206	3	13	11
9606.ENSP00000268231	12	18	13
9606.ENSP00000268261	1	12	5
9606.ENSP00000268379	79	15	40
9606.ENSP00000268383	2	19	8
9606.ENSP00000268459	16	15	11
9606.ENSP00000268482	65	10	35
9606.ENSP00000268483	10	10	13
9606.ENSP00000268603	6	23	11
9606.ENSP00000268613	2	16	8
9606.ENSP00000268638	3	17	11
9606.ENSP00000268655	1	16	4
9606.ENSP00000268661	11	18	9
9606.ENSP00000268668	73	21	48
9606.ENSP00000268679	10	20	8
9606.ENSP00000268695	1	16	5
9606.ENSP00000268711	95	13	43
9606.ENSP00000268712	68	21	50
9606.ENSP00000268717	25	15	19
9606.ENSP00000268719	7	13	8
9606.ENSP00000268766	4	15	7
9606.ENSP00000268802	45	15	37
9606.ENSP00000268835	4	18	10
9606.ENSP00000268876	2	12	3
9606.ENSP00000268919	5	19	12
9606.ENSP00000268933	9	17	8
9606.ENSP00000269097	8	19	6
9606.ENSP00000269141	43	18	43
9606.ENSP00000269143	5	23	12
9606.ENSP00000269159	2	18	5
9606.ENSP00000269197	1	16	4
9606.ENSP00000269202	6	18	10
9606.ENSP00000269209	1	16	4
9606.ENSP00000269216	4	15	7
9606.ENSP00000269221	4	25	8
9606.ENSP00000269228	6	21	9
9606.ENSP00000269298	1	14	8
9606.ENSP00000269299	2	14	6
9606.ENSP00000269305	232	11	460
9606.ENSP00000269383	1	14	5
9606.ENSP00000269385	63	23	58
9606.ENSP00000269394	1	18	5
9606.ENSP00000269397	55	12	24
9606.ENSP00000269439	1	14	9
9606.ENSP00000269466	1	25	10
9606.ENSP00000269489	3	11	8
9606.ENSP00000269571	60	9	45
9606.ENSP00000269576	6	13	5
9606.ENSP00000269593	4	18	8
9606.ENSP00000269601	74	15	34
9606.ENSP00000269701	1	14	5
9606.ENSP00000269848	7	25	10
9606.ENSP00000269856	18	10	16
9606.ENSP00000269878	1	20	3
9606.ENSP00000269886	9	13	10
9606.ENSP00000269967	2	18	5
9606.ENSP00000269980	8	9	13
9606.ENSP00000270061	1	14	7
9606.ENSP00000270066	4	15	6
9606.ENSP00000270077	1	10	6
9606.ENSP00000270139	29	20	15
9606.ENSP00000270142	8	9	8
9606.ENSP00000270162	1	17	2
9606.ENSP00000270172	23	14	10
9606.ENSP00000270176	12	16	13
9606.ENSP00000270223	2	15	2
9606.ENSP00000270225	5	16	11
9606.ENSP00000270257	16	19	19
9606.ENSP00000270349	9	17	8
9606.ENSP00000270458	50	17	35
9606.ENSP00000270502	5	10	10
9606.ENSP00000270517	17	13	10
9606.ENSP00000270538	11	21	14
9606.ENSP00000270586	48	12	31
9606.ENSP00000270625	224	15	418
9606.ENSP00000270631	6	12	12
9606.ENSP00000270642	1	19	7
9606.ENSP00000270722	8	17	9
9606.ENSP00000270747	1	13	4
9606.ENSP00000270800	9	13	8
9606.ENSP00000270861	8	16	4
9606.ENSP00000270879	7	14	7
9606.ENSP00000271234	6	17	11
9606.ENSP00000271277	15	18	8
9606.ENSP00000271308	53	20	46
9606.ENSP00000271331	2	23	4
9606.ENSP00000271373	1	22	8
9606.ENSP00000271450	10	14	11
9606.ENSP00000271452	15	15	13
9606.ENSP00000271469	1	8	8
9606.ENSP00000271526	10	11	14
9606.ENSP00000271555	13	10	17
9606.ENSP00000271588	1	15	9
9606.ENSP00000271620	2	19	7
9606.ENSP00000271628	107	18	71
9606.ENSP00000271636	12	16	13
9606.ENSP00000271638	3	20	9
9606.ENSP00000271640	30	19	16
9606.ENSP00000271651	2	17	3
9606.ENSP00000271688	9	18	10
9606.ENSP00000271715	1	18	9
9606.ENSP00000271751	1	24	9
9606.ENSP00000271764	33	18	31
9606.ENSP00000271889	18	20	15
9606.ENSP00000272091	39	13	29
9606.ENSP00000272133	21	14	15
9606.ENSP00000272134	2	16	6
9606.ENSP00000272190	2	7	4
9606.ENSP00000272224	1	14	1
9606.ENSP00000272233	10	15	7
9606.ENSP00000272238	24	11	18
9606.ENSP00000272286	16	20	15
9606.ENSP00000272317	434	15	777
9606.ENSP00000272321	3	14	7
9606.ENSP00000272322	6	16	11
9606.ENSP00000272324	1	12	5
9606.ENSP00000272342	1	8	6
9606.ENSP00000272369	6	13	12
9606.ENSP00000272371	7	19	8
9606.ENSP00000272418	102	11	48
9606.ENSP00000272430	5	11	9
9606.ENSP00000272519	4	16	11
9606.ENSP00000272542	1	14	6
9606.ENSP00000272602	4	16	8
9606.ENSP00000272638	6	19	3
9606.ENSP00000272645	137	12	140
9606.ENSP00000272847	7	12	9
9606.ENSP00000272902	1	18	11
9606.ENSP00000272928	8	14	10
9606.ENSP00000273047	31	13	25
9606.ENSP00000273062	3	16	8
9606.ENSP00000273077	2	18	6
9606.ENSP00000273130	34	25	20
9606.ENSP00000273153	1	18	5
9606.ENSP00000273179	1	8	7
9606.ENSP00000273183	1	16	10
9606.ENSP00000273261	3	12	6
9606.ENSP00000273283	1	15	6
9606.ENSP00000273317	17	20	7
9606.ENSP00000273320	2	12	5
9606.ENSP00000273353	1	25	1
9606.ENSP00000273395	9	18	13
9606.ENSP00000273398	34	14	20
9606.ENSP00000273450	1	11	10
9606.ENSP00000273480	30	18	16
9606.ENSP00000273541	48	11	37
9606.ENSP00000273550	4	16	5
9606.ENSP00000273588	7	19	9
9606.ENSP00000273598	6	18	8
9606.ENSP00000273610	4	14	9
9606.ENSP00000273666	4	9	6
9606.ENSP00000273668	40	18	28
9606.ENSP00000273784	4	9	8
9606.ENSP00000273853	48	16	35
9606.ENSP00000273859	6	20	8
9606.ENSP00000273963	33	18	21
9606.ENSP00000274008	1	19	10
9606.ENSP00000274031	4	17	8
9606.ENSP00000274054	15	15	12
9606.ENSP00000274063	1	17	7
9606.ENSP00000274093	1	6	7
9606.ENSP00000274137	71	15	45
9606.ENSP00000274140	1	19	5
9606.ENSP00000274192	2	20	10
9606.ENSP00000274242	135	13	109
9606.ENSP00000274255	37	10	30
9606.ENSP00000274276	12	13	9
9606.ENSP00000274278	1	14	5
9606.ENSP00000274306	1	17	6
9606.ENSP00000274311	79	17	36
9606.ENSP00000274341	1	14	6
9606.ENSP00000274353	2	13	8
9606.ENSP00000274361	1	9	7
9606.ENSP00000274364	10	9	15
9606.ENSP00000274368	2	8	6
9606.ENSP00000274376	17	14	19
9606.ENSP00000274400	98	15	54
9606.ENSP00000274457	18	20	21
9606.ENSP00000274458	5	13	1
9606.ENSP00000274496	1	10	6
9606.ENSP00000274520	14	12	13
9606.ENSP00000274532	1	15	3
9606.ENSP00000274545	8	15	17
9606.ENSP00000274547	8	11	12
9606.ENSP00000274606	35	11	34
9606.ENSP00000274625	13	16	14
9606.ENSP00000274629	9	12	12
9606.ENSP00000274711	4	13	3
9606.ENSP00000274712	82	13	49
9606.ENSP00000274721	6	17	5
9606.ENSP00000274764	40	16	33
9606.ENSP00000274773	1	13	3
9606.ENSP00000274793	32	13	26
9606.ENSP00000274813	1	11	9
9606.ENSP00000274849	1	9	3
9606.ENSP00000274938	1	7	6
9606.ENSP00000275015	7	11	10
9606.ENSP00000275053	1	17	6
9606.ENSP00000275233	4	20	7
9606.ENSP00000275364	23	21	16
9606.ENSP00000275493	144	15	148
9606.ENSP00000275517	12	14	12
9606.ENSP00000275525	5	10	10
9606.ENSP00000275603	47	11	32
9606.ENSP00000275732	6	28	7
9606.ENSP00000275815	10	18	12
9606.ENSP00000276052	2	10	8
9606.ENSP00000276055	1	14	6
9606.ENSP00000276062	70	17	43
9606.ENSP00000276079	12	22	9
9606.ENSP00000276198	6	11	7
9606.ENSP00000276201	23	14	14
9606.ENSP00000276202	1	14	5
9606.ENSP00000276297	3	11	9
9606.ENSP00000276390	38	18	32
9606.ENSP00000276410	11	22	9
9606.ENSP00000276414	2	23	3
9606.ENSP00000276420	4	14	10
9606.ENSP00000276431	22	18	14
9606.ENSP00000276440	3	14	6
9606.ENSP00000276449	5	20	10
9606.ENSP00000276533	24	23	19
9606.ENSP00000276571	10	13	15
9606.ENSP00000276585	96	14	53
9606.ENSP00000276594	10	17	11
9606.ENSP00000276603	26	15	25
9606.ENSP00000276659	4	20	3
9606.ENSP00000276689	73	22	48
9606.ENSP00000276893	4	7	9
9606.ENSP00000276914	11	15	12
9606.ENSP00000276925	3	22	11
9606.ENSP00000276927	12	14	6
9606.ENSP00000276943	3	15	7
9606.ENSP00000277010	4	15	6
9606.ENSP00000277120	21	15	15
9606.ENSP00000277458	2	13	9
9606.ENSP00000277517	2	12	8
9606.ENSP00000277575	1	13	8
9606.ENSP00000277746	9	21	6
9606.ENSP00000277865	4	22	7
9606.ENSP00000277895	1	18	6
9606.ENSP00000277942	3	15	6
9606.ENSP00000278070	2	14	3
9606.ENSP00000278193	9	26	7
9606.ENSP00000278198	3	10	8
9606.ENSP00000278282	1	17	4
9606.ENSP00000278353	18	15	10
9606.ENSP00000278379	1	11	7
9606.ENSP00000278407	8	23	11
9606.ENSP00000278412	54	18	32
9606.ENSP00000278550	4	19	10
9606.ENSP00000278568	22	14	14
9606.ENSP00000278572	170	24	211
9606.ENSP00000278612	1	10	10
9606.ENSP00000278616	65	13	54
9606.ENSP00000278618	1	16	10
9606.ENSP00000278671	29	20	22
9606.ENSP00000278742	4	14	4
9606.ENSP00000278823	18	14	11
9606.ENSP00000278833	1	11	10
9606.ENSP00000278853	4	12	10
9606.ENSP00000278888	4	24	10
9606.ENSP00000278903	1	16	4
9606.ENSP00000278927	5	19	4
9606.ENSP00000278935	7	14	8
9606.ENSP00000278947	14	12	11
9606.ENSP00000278980	2	9	8
9606.ENSP00000279022	25	17	7
9606.ENSP00000279036	4	8	6
9606.ENSP00000279068	2	18	6
9606.ENSP00000279101	2	18	6
9606.ENSP00000279146	8	15	10
9606.ENSP00000279168	2	12	4
9606.ENSP00000279227	4	16	8
9606.ENSP00000279242	102	18	54
9606.ENSP00000279249	2	7	5
9606.ENSP00000279263	1	11	5
9606.ENSP00000279281	5	15	6
9606.ENSP00000279387	19	9	18
9606.ENSP00000279441	4	18	6
9606.ENSP00000279488	2	17	8
9606.ENSP00000279804	4	17	6
9606.ENSP00000279873	2	19	8
9606.ENSP00000279907	1	17	5
9606.ENSP00000280098	33	14	25
9606.ENSP00000280154	3	14	6
9606.ENSP00000280155	4	16	9
9606.ENSP00000280326	61	19	38
9606.ENSP00000280346	8	16	12
9606.ENSP00000280350	4	15	6
9606.ENSP00000280357	7	14	5
9606.ENSP00000280358	5	10	8
9606.ENSP00000280377	14	17	5
9606.ENSP00000280481	3	16	6
9606.ENSP00000280551	16	17	15
9606.ENSP00000280557	38	9	27
9606.ENSP00000280571	2	12	10
9606.ENSP00000280605	2	18	11
9606.ENSP00000280612	3	10	6
9606.ENSP00000280665	7	14	8
9606.ENSP00000280684	4	11	5
9606.ENSP00000280700	7	13	8
9606.ENSP00000280701	3	12	9
9606.ENSP00000280706	2	30	6
9606.ENSP00000280772	26	25	18
9606.ENSP00000280904	6	17	8
9606.ENSP00000280979	6	24	14
9606.ENSP00000281030	1	18	3
9606.ENSP00000281031	69	19	50
9606.ENSP00000281038	2	20	6
9606.ENSP00000281043	8	16	14
9606.ENSP00000281141	1	16	10
9606.ENSP00000281142	5	16	6
9606.ENSP00000281154	25	28	11
9606.ENSP00000281182	2	11	8
9606.ENSP00000281187	11	21	15
9606.ENSP00000281243	1	16	7
9606.ENSP00000281282	5	12	9
9606.ENSP00000281321	1	17	2
9606.ENSP00000281382	2	13	9
9606.ENSP00000281419	3	18	7
9606.ENSP00000281453	38	13	27
9606.ENSP00000281456	27	16	12
9606.ENSP00000281513	7	13	7
9606.ENSP00000281589	3	18	8
9606.ENSP00000281623	9	12	10
9606.ENSP00000281701	17	15	14
9606.ENSP00000281741	1	15	7
9606.ENSP00000281806	2	27	10
9606.ENSP00000281821	15	12	12
9606.ENSP00000281828	2	15	10
9606.ENSP00000281830	2	14	5
9606.ENSP00000281834	7	12	15
9606.ENSP00000281923	1	18	8
9606.ENSP00000281928	32	17	21
9606.ENSP00000281938	30	11	20
9606.ENSP00000281950	16	13	14
9606.ENSP00000282018	1	16	5
9606.ENSP00000282020	6	16	9
9606.ENSP00000282032	1	16	8
9606.ENSP00000282058	8	21	5
9606.ENSP00000282074	11	17	7
9606.ENSP00000282096	14	12	13
9606.ENSP00000282111	14	15	11
9606.ENSP00000282141	5	8	10
9606.ENSP00000282146	1	10	6
9606.ENSP00000282185	5	12	6
9606.ENSP00000282249	2	15	8
9606.ENSP00000282251	32	13	16
9606.ENSP00000282272	4	17	5
9606.ENSP00000282276	13	15	14
9606.ENSP00000282326	2	21	4
9606.ENSP00000282344	10	22	10
9606.ENSP00000282356	9	17	14
9606.ENSP00000282369	1	18	8
9606.ENSP00000282382	1	14	9
9606.ENSP00000282388	1	20	4
9606.ENSP00000282397	13	16	6
9606.ENSP00000282412	1	19	5
9606.ENSP00000282486	2	17	11
9606.ENSP00000282499	24	16	12
9606.ENSP00000282516	25	20	17
9606.ENSP00000282538	3	17	4
9606.ENSP00000282541	1	15	11
9606.ENSP00000282561	43	22	24
9606.ENSP00000282572	1	15	6
9606.ENSP00000282588	29	16	21
9606.ENSP00000282605	4	12	9
9606.ENSP00000282611	32	12	19
9606.ENSP00000282633	8	18	15
9606.ENSP00000282753	15	17	10
9606.ENSP00000282841	2	21	9
9606.ENSP00000282878	1	19	9
9606.ENSP00000282892	98	11	38
9606.ENSP00000282903	4	17	8
9606.ENSP00000282928	1	14	4
9606.ENSP00000283006	38	14	23
9606.ENSP00000283027	1	17	5
9606.ENSP00000283109	42	13	23
9606.ENSP00000283131	56	11	52
9606.ENSP00000283147	9	12	8
9606.ENSP00000283148	1	18	9
9606.ENSP00000283195	50	20	38
9606.ENSP00000283228	4	19	7
9606.ENSP00000283243	4	20	6
9606.ENSP00000283249	29	12	17
9606.ENSP00000283254	6	17	12
9606.ENSP00000283285	3	11	10
9606.ENSP00000283290	17	14	13
9606.ENSP00000283309	3	19	11
9606.ENSP00000283351	17	20	19
9606.ENSP00000283415	11	15	6
9606.ENSP00000283632	8	10	11
9606.ENSP00000283752	1	16	9
9606.ENSP00000283875	91	13	40
9606.ENSP00000283882	7	11	15
9606.ENSP00000283928	1	15	4
9606.ENSP00000284073	2	17	9
9606.ENSP00000284110	1	21	3
9606.ENSP00000284116	1	17	9
9606.ENSP00000284136	1	9	3
9606.ENSP00000284154	6	15	7
9606.ENSP00000284240	4	21	12
9606.ENSP00000284262	1	20	8
9606.ENSP00000284273	2	16	13
9606.ENSP00000284274	8	8	10
9606.ENSP00000284292	6	17	11
9606.ENSP00000284320	24	20	17
9606.ENSP00000284322	1	14	6
9606.ENSP00000284382	9	16	6
9606.ENSP00000284440	8	19	8
9606.ENSP00000284476	1	9	4
9606.ENSP00000284503	5	9	5
9606.ENSP00000284509	2	17	10
9606.ENSP00000284523	20	13	22
9606.ENSP00000284551	2	24	9
9606.ENSP00000284601	10	16	18
9606.ENSP00000284629	7	12	11
9606.ENSP00000284637	2	20	7
9606.ENSP00000284669	33	18	23
9606.ENSP00000284719	2	18	6
9606.ENSP00000284727	24	20	17
9606.ENSP00000284818	11	15	11
9606.ENSP00000284856	3	12	8
9606.ENSP00000284878	2	18	6
9606.ENSP00000284885	1	12	7
9606.ENSP00000284981	84	17	47
9606.ENSP00000284987	1	22	7
9606.ENSP00000284995	7	11	7
9606.ENSP00000285018	14	18	9
9606.ENSP00000285021	35	18	21
9606.ENSP00000285039	9	18	10
9606.ENSP00000285071	10	16	12
9606.ENSP00000285093	2	20	5
9606.ENSP00000285116	9	13	10
9606.ENSP00000285208	5	17	4
9606.ENSP00000285298	96	16	56
9606.ENSP00000285311	5	19	11
9606.ENSP00000285379	5	18	7
9606.ENSP00000285381	1	11	3
9606.ENSP00000285393	34	15	19
9606.ENSP00000285398	101	20	44
9606.ENSP00000285402	1	22	6
9606.ENSP00000285407	1	11	9
9606.ENSP00000285419	1	12	6
9606.ENSP00000285518	7	18	12
9606.ENSP00000285599	2	14	6
9606.ENSP00000285667	1	15	2
9606.ENSP00000285735	17	21	13
9606.ENSP00000285737	1	21	11
9606.ENSP00000285814	38	19	26
9606.ENSP00000285848	86	13	66
9606.ENSP00000285873	17	17	16
9606.ENSP00000285930	2	15	10
9606.ENSP00000285968	31	13	20
9606.ENSP00000286175	20	11	21
9606.ENSP00000286186	14	16	13
9606.ENSP00000286201	22	18	16
9606.ENSP00000286234	12	17	15
9606.ENSP00000286301	10	21	14
9606.ENSP00000286307	24	17	18
9606.ENSP00000286317	95	14	55
9606.ENSP00000286355	11	17	4
9606.ENSP00000286371	19	18	14
9606.ENSP00000286398	7	21	7
9606.ENSP00000286424	3	10	5
9606.ENSP00000286428	17	14	16
9606.ENSP00000286479	1	14	6
9606.ENSP00000286523	3	15	6
9606.ENSP00000286548	54	12	47
9606.ENSP00000286574	4	17	9
9606.ENSP00000286628	10	16	14
9606.ENSP00000286639	7	16	13
9606.ENSP00000286648	9	13	4
9606.ENSP00000286692	1	18	7
9606.ENSP00000286713	2	20	7
9606.ENSP00000286732	34	8	19
9606.ENSP00000286758	24	12	14
9606.ENSP00000286760	8	16	3
9606.ENSP00000286788	50	21	42
9606.ENSP00000286794	7	17	7
9606.ENSP00000286808	1	18	4
9606.ENSP00000286827	18	13	15
9606.ENSP00000286918	8	15	9
9606.ENSP00000286955	2	17	10
9606.ENSP00000287020	2	22	6
9606.ENSP00000287025	6	13	7
9606.ENSP00000287078	1	11	9
9606.ENSP00000287097	1	22	2
9606.ENSP00000287139	9	10	9
9606.ENSP00000287156	10	17	5
9606.ENSP00000287169	1	15	6
9606.ENSP00000287239	26	18	15
9606.ENSP00000287295	2	13	5
9606.ENSP00000287322	2	25	5
9606.ENSP00000287394	15	13	12
9606.ENSP00000287437	9	21	4
9606.ENSP00000287461	1	22	10
9606.ENSP00000287482	4	15	9
9606.ENSP00000287490	69	18	42
9606.ENSP00000287538	1	14	8
9606.ENSP00000287585	1	16	5
9606.ENSP00000287598	65	20	48
9606.ENSP00000287600	5	21	9
9606.ENSP00000287641	12	18	10
9606.ENSP00000287647	31	24	20
9606.ENSP00000287667	1	21	7
9606.ENSP00000287706	1	5	10
9606.ENSP00000287713	5	13	11
9606.ENSP00000287727	7	19	9
9606.ENSP00000287777	33	22	21
9606.ENSP00000287814	1	14	3
9606.ENSP00000287820	52	19	45
9606.ENSP00000287842	9	13	10
9606.ENSP00000287878	9	21	7
9606.ENSP00000287907	3	19	9
9606.ENSP00000287916	1	21	7
9606.ENSP00000287934	16	23	15
9606.ENSP00000287936	3	10	6
9606.ENSP00000287957	3	11	6
9606.ENSP00000288050	2	16	8
9606.ENSP00000288065	1	12	8
9606.ENSP00000288135	21	19	14
9606.ENSP00000288139	40	12	23
9606.ENSP00000288167	8	11	10
9606.ENSP00000288207	10	16	13
9606.ENSP00000288221	6	11	14
9606.ENSP00000288266	13	14	13
9606.ENSP00000288368	1	16	9
9606.ENSP00000288490	1	24	4
9606.ENSP00000288532	5	19	9
9606.ENSP00000288607	1	16	2
9606.ENSP00000288670	3	18	11
9606.ENSP00000288699	3	17	6
9606.ENSP00000288774	6	14	8
9606.ENSP00000288828	9	15	7
9606.ENSP00000288840	9	15	4
9606.ENSP00000288937	114	20	70
9606.ENSP00000289013	2	13	5
9606.ENSP00000289081	21	12	11
9606.ENSP00000289104	3	9	5
9606.ENSP00000289228	9	15	7
9606.ENSP00000289316	41	15	32
9606.ENSP00000289359	1	12	12
9606.ENSP00000289361	5	13	11
9606.ENSP00000289371	77	10	39
9606.ENSP00000289382	14	23	12
9606.ENSP00000289429	2	16	10
9606.ENSP00000289473	24	10	25
9606.ENSP00000289528	4	14	9
9606.ENSP00000289672	1	17	7
9606.ENSP00000289746	13	15	10
9606.ENSP00000289749	3	15	8
9606.ENSP00000289753	5	13	9
9606.ENSP00000289805	4	14	3
9606.ENSP00000289902	21	17	15
9606.ENSP00000289957	11	26	15
9606.ENSP00000289968	3	17	13
9606.ENSP00000290130	5	19	10
9606.ENSP00000290158	29	14	26
9606.ENSP00000290167	11	22	8
9606.ENSP00000290200	13	23	8
9606.ENSP00000290208	102	19	41
9606.ENSP00000290231	1	18	5
9606.ENSP00000290246	9	10	8
9606.ENSP00000290277	12	13	12
9606.ENSP00000290291	1	21	6
9606.ENSP00000290295	3	20	7
9606.ENSP00000290299	29	13	20
9606.ENSP00000290310	2	17	6
9606.ENSP00000290341	16	15	12
9606.ENSP00000290349	4	15	10
9606.ENSP00000290354	1	17	11
9606.ENSP00000290374	4	17	9
9606.ENSP00000290378	18	19	15
9606.ENSP00000290399	1	17	11
9606.ENSP00000290401	1	20	6
9606.ENSP00000290429	36	16	31
9606.ENSP00000290524	4	12	7
9606.ENSP00000290541	50	21	31
9606.ENSP00000290551	5	21	16
9606.ENSP00000290573	10	18	8
9606.ENSP00000290649	26	17	16
9606.ENSP00000290650	3	20	11
9606.ENSP00000290663	98	16	46
9606.ENSP00000290722	1	14	10
9606.ENSP00000290759	3	18	8
9606.ENSP00000290765	1	19	8
9606.ENSP00000290866	3	25	5
9606.ENSP00000290881	2	18	13
9606.ENSP00000290913	20	20	15
9606.ENSP00000290921	32	23	23
9606.ENSP00000290949	38	13	29
9606.ENSP00000290953	2	20	9
9606.ENSP00000291009	2	16	6
9606.ENSP00000291232	8	18	8
9606.ENSP00000291294	1	20	12
9606.ENSP00000291295	135	12	111
9606.ENSP00000291386	12	19	17
9606.ENSP00000291526	1	15	7
9606.ENSP00000291527	1	23	5
9606.ENSP00000291536	1	15	6
9606.ENSP00000291547	3	20	9
9606.ENSP00000291552	9	13	7
9606.ENSP00000291554	2	13	8
9606.ENSP00000291560	1	19	6
9606.ENSP00000291565	2	11	9
9606.ENSP00000291568	2	16	5
9606.ENSP00000291572	8	17	14
9606.ENSP00000291574	16	12	13
9606.ENSP00000291576	71	12	52
9606.ENSP00000291582	18	6	12
9606.ENSP00000291592	1	15	5
9606.ENSP00000291634	39	19	20
9606.ENSP00000291688	13	19	9
9606.ENSP00000291700	11	11	14
9606.ENSP00000291744	9	15	14
9606.ENSP00000291759	6	14	11
9606.ENSP00000291860	10	20	17
9606.ENSP00000291890	37	18	34
9606.ENSP00000291900	18	20	15
9606.ENSP00000291906	4	20	10
9606.ENSP00000292035	97	21	42
9606.ENSP00000292079	9	19	10
9606.ENSP00000292114	23	15	18
9606.ENSP00000292169	5	13	10
9606.ENSP00000292174	29	14	14
9606.ENSP00000292180	4	13	4
9606.ENSP00000292211	2	22	7
9606.ENSP00000292301	56	21	39
9606.ENSP00000292303	61	12	39
9606.ENSP00000292314	25	11	9
9606.ENSP00000292363	2	21	7
9606.ENSP00000292377	2	14	4
9606.ENSP00000292401	1	9	4
9606.ENSP00000292408	29	19	24
9606.ENSP00000292427	1	21	3
9606.ENSP00000292432	9	13	13
9606.ENSP00000292475	20	10	15
9606.ENSP00000292476	26	25	19
9606.ENSP00000292478	3	13	6
9606.ENSP00000292513	2	19	6
9606.ENSP00000292524	2	15	7
9606.ENSP00000292574	1	22	6
9606.ENSP00000292586	1	13	4
9606.ENSP00000292599	13	21	10
9606.ENSP00000292614	133	15	101
9606.ENSP00000292616	7	17	6
9606.ENSP00000292782	10	10	15
9606.ENSP00000292823	1	15	6
9606.ENSP00000292852	3	13	8
9606.ENSP00000292853	2	24	6
9606.ENSP00000292879	2	11	6
9606.ENSP00000292896	5	14	6
9606.ENSP00000292907	69	17	45
9606.ENSP00000293190	29	20	30
9606.ENSP00000293217	11	17	8
9606.ENSP00000293288	30	17	19
9606.ENSP00000293303	1	14	11
9606.ENSP00000293328	27	19	16
9606.ENSP00000293330	4	14	9
9606.ENSP00000293350	3	14	5
9606.ENSP00000293362	11	15	8
9606.ENSP00000293373	11	23	11
9606.ENSP00000293379	32	21	21
9606.ENSP00000293441	10	18	12
9606.ENSP00000293549	10	20	5
9606.ENSP00000293636	2	9	10
9606.ENSP00000293662	2	15	8
9606.ENSP00000293695	5	14	11
9606.ENSP00000293756	2	20	8
9606.ENSP00000293760	3	18	9
9606.ENSP00000293761	3	9	12
9606.ENSP00000293777	97	9	39
9606.ENSP00000293778	13	12	10
9606.ENSP00000293805	1	12	3
9606.ENSP00000293825	4	14	7
9606.ENSP00000293831	70	12	43
9606.ENSP00000293860	17	13	16
9606.ENSP00000293872	15	14	19
9606.ENSP00000293879	1	8	8
9606.ENSP00000293883	18	16	17
9606.ENSP00000293897	2	12	7
9606.ENSP00000293973	1	19	5
9606.ENSP00000294008	16	17	10
9606.ENSP00000294016	3	12	8
9606.ENSP00000294053	2	17	8
9606.ENSP00000294117	15	16	7
9606.ENSP00000294119	24	17	17
9606.ENSP00000294129	11	19	18
9606.ENSP00000294168	37	22	30
9606.ENSP00000294179	36	14	28
9606.ENSP00000294189	134	17	104
9606.ENSP00000294244	19	19	12
9606.ENSP00000294304	41	7	28
9606.ENSP00000294309	1	16	11
9606.ENSP00000294312	6	13	6
9606.ENSP00000294338	3	23	8
9606.ENSP00000294339	17	16	15
9606.ENSP00000294353	18	17	20
9606.ENSP00000294383	1	18	2
9606.ENSP00000294409	1	18	5
9606.ENSP00000294413	9	20	9
9606.ENSP00000294485	1	13	10
9606.ENSP00000294489	5	13	4
9606.ENSP00000294507	2	12	4
9606.ENSP00000294618	1	19	8
9606.ENSP00000294664	13	8	9
9606.ENSP00000294702	4	15	9
9606.ENSP00000294724	4	23	13
9606.ENSP00000294728	21	19	10
9606.ENSP00000294740	2	15	9
9606.ENSP00000294742	17	18	21
9606.ENSP00000294785	9	10	11
9606.ENSP00000294952	2	13	5
9606.ENSP00000294954	7	15	7
9606.ENSP00000295006	4	19	5
9606.ENSP00000295025	13	13	14
9606.ENSP00000295030	8	24	7
9606.ENSP00000295050	4	18	12
9606.ENSP00000295079	2	14	9
9606.ENSP00000295101	3	18	3
9606.ENSP00000295108	3	19	3
9606.ENSP00000295119	30	12	24
9606.ENSP00000295121	10	21	13
9606.ENSP00000295201	34	11	21
9606.ENSP00000295225	5	12	12
9606.ENSP00000295228	9	11	15
9606.ENSP00000295240	8	13	13
9606.ENSP00000295256	1	14	7
9606.ENSP00000295266	4	13	14
9606.ENSP00000295269	1	20	10
9606.ENSP00000295304	1	10	11
9606.ENSP00000295314	5	12	7
9606.ENSP00000295321	11	21	6
9606.ENSP00000295379	5	16	10
9606.ENSP00000295408	3	15	9
9606.ENSP00000295414	1	20	11
9606.ENSP00000295448	3	21	7
9606.ENSP00000295452	9	13	7
9606.ENSP00000295454	15	14	8
9606.ENSP00000295491	95	18	65
9606.ENSP00000295522	20	13	22
9606.ENSP00000295550	3	14	11
9606.ENSP00000295588	1	22	7
9606.ENSP00000295589	9	13	8
9606.ENSP00000295619	2	14	7
9606.ENSP00000295633	4	11	8
9606.ENSP00000295666	4	18	5
9606.ENSP00000295682	12	16	7
9606.ENSP00000295683	35	15	15
9606.ENSP00000295685	19	20	10
9606.ENSP00000295688	54	17	47
9606.ENSP00000295702	15	13	11
9606.ENSP00000295704	1	17	4
9606.ENSP00000295709	2	12	4
9606.ENSP00000295718	1	11	9
9606.ENSP00000295731	9	22	14
9606.ENSP00000295755	3	13	7
9606.ENSP00000295756	11	17	9
9606.ENSP00000295757	1	16	11
9606.ENSP00000295767	4	21	9
9606.ENSP00000295770	12	7	11
9606.ENSP00000295797	13	11	6
9606.ENSP00000295822	2	23	6
9606.ENSP00000295824	35	18	32
9606.ENSP00000295834	4	13	6
9606.ENSP00000295851	16	14	13
9606.ENSP00000295872	1	12	6
9606.ENSP00000295887	1	15	3
9606.ENSP00000295888	7	23	6
9606.ENSP00000295897	40	14	32
9606.ENSP00000295899	10	13	10
9606.ENSP00000295900	28	15	24
9606.ENSP00000295926	1	8	8
9606.ENSP00000295927	12	14	14
9606.ENSP00000295981	6	15	10
9606.ENSP00000295987	11	17	13
9606.ENSP00000296026	13	11	12
9606.ENSP00000296027	18	13	14
9606.ENSP00000296028	25	16	21
9606.ENSP00000296029	29	24	25
9606.ENSP00000296043	1	19	6
9606.ENSP00000296046	2	16	10
9606.ENSP00000296051	12	20	8
9606.ENSP00000296099	9	19	9
9606.ENSP00000296102	109	11	60
9606.ENSP00000296129	2	21	5
9606.ENSP00000296130	2	14	7
9606.ENSP00000296135	7	13	10
9606.ENSP00000296137	4	13	11
9606.ENSP00000296140	54	19	41
9606.ENSP00000296145	9	21	9
9606.ENSP00000296149	5	16	3
9606.ENSP00000296161	3	17	9
9606.ENSP00000296181	35	10	22
9606.ENSP00000296215	83	15	53
9606.ENSP00000296220	2	10	9
9606.ENSP00000296255	21	17	13
9606.ENSP00000296257	5	14	6
9606.ENSP00000296266	10	16	10
9606.ENSP00000296271	22	18	20
9606.ENSP00000296280	9	17	11
9606.ENSP00000296318	4	16	9
9606.ENSP00000296327	1	16	5
9606.ENSP00000296328	21	20	11
9606.ENSP00000296333	1	15	3
9606.ENSP00000296343	6	16	9
9606.ENSP00000296350	1	14	9
9606.ENSP00000296370	1	16	9
9606.ENSP00000296387	5	14	8
9606.ENSP00000296411	1	10	7
9606.ENSP00000296412	1	18	5
9606.ENSP00000296417	112	15	83
9606.ENSP00000296424	1	20	4
9606.ENSP00000296435	15	15	10
9606.ENSP00000296452	3	18	3
9606.ENSP00000296456	1	14	4
9606.ENSP00000296464	6	12	7
9606.ENSP00000296473	5	12	20
9606.ENSP00000296474	2	12	8
9606.ENSP00000296490	25	19	22
9606.ENSP00000296503	2	19	7
9606.ENSP00000296504	27	17	19
9606.ENSP00000296509	31	14	29
9606.ENSP00000296518	2	21	6
9606.ENSP00000296526	30	17	29
9606.ENSP00000296543	9	14	11
9606.ENSP00000296545	8	17	9
9606.ENSP00000296557	1	15	8
9606.ENSP00000296564	36	12	30
9606.ENSP00000296575	3	19	10
9606.ENSP00000296577	105	13	45
9606.ENSP00000296581	81	13	43
9606.ENSP00000296585	25	21	19
9606.ENSP00000296597	29	17	20
9606.ENSP00000296641	2	12	6
9606.ENSP00000296674	207	12	405
9606.ENSP00000296679	14	18	7
9606.ENSP00000296682	1	16	10
9606.ENSP00000296684	73	9	44
9606.ENSP00000296694	1	12	6
9606.ENSP00000296695	1	25	6
9606.ENSP00000296702	71	21	54
9606.ENSP00000296754	1	14	3
9606.ENSP00000296755	3	14	7
9606.ENSP00000296782	18	19	10
9606.ENSP00000296785	4	14	9
9606.ENSP00000296786	1	12	5
9606.ENSP00000296792	67	11	50
9606.ENSP00000296795	21	13	20
9606.ENSP00000296849	1	19	5
9606.ENSP00000296859	4	8	10
9606.ENSP00000296861	2	25	4
9606.ENSP00000296870	13	16	13
9606.ENSP00000296871	21	17	12
9606.ENSP00000296930	35	21	12
9606.ENSP00000296946	2	19	10
9606.ENSP00000296953	1	16	14
9606.ENSP00000296980	1	23	7
9606.ENSP00000297012	34	13	18
9606.ENSP00000297029	8	22	12
9606.ENSP00000297044	1	14	6
9606.ENSP00000297056	1	12	7
9606.ENSP00000297071	4	13	12
9606.ENSP00000297109	19	17	12
9606.ENSP00000297135	7	13	9
9606.ENSP00000297145	7	18	7
9606.ENSP00000297146	1	19	5
9606.ENSP00000297151	63	16	49
9606.ENSP00000297156	5	17	9
9606.ENSP00000297185	51	17	36
9606.ENSP00000297205	1	23	6
9606.ENSP00000297258	2	15	6
9606.ENSP00000297261	14	16	13
9606.ENSP00000297265	16	12	16
9606.ENSP00000297268	13	15	13
9606.ENSP00000297283	2	14	8
9606.ENSP00000297313	2	16	6
9606.ENSP00000297316	2	17	8
9606.ENSP00000297323	3	20	8
9606.ENSP00000297325	2	12	6
9606.ENSP00000297338	19	14	11
9606.ENSP00000297347	97	23	46
9606.ENSP00000297350	2	16	9
9606.ENSP00000297423	1	17	7
9606.ENSP00000297431	20	12	15
9606.ENSP00000297439	7	13	12
9606.ENSP00000297459	1	18	5
9606.ENSP00000297494	19	17	10
9606.ENSP00000297504	17	16	11
9606.ENSP00000297508	5	14	11
9606.ENSP00000297512	3	18	5
9606.ENSP00000297540	7	13	9
9606.ENSP00000297579	105	15	51
9606.ENSP00000297581	2	14	10
9606.ENSP00000297591	13	16	14
9606.ENSP00000297613	10	15	8
9606.ENSP00000297679	1	12	6
9606.ENSP00000297689	1	17	14
9606.ENSP00000297785	3	13	12
9606.ENSP00000297792	7	16	7
9606.ENSP00000297837	5	12	3
9606.ENSP00000297848	7	13	4
9606.ENSP00000297857	1	17	12
9606.ENSP00000297904	7	12	10
9606.ENSP00000297954	1	23	7
9606.ENSP00000297990	77	14	34
9606.ENSP00000298048	1	18	10
9606.ENSP00000298097	1	17	9
9606.ENSP00000298130	7	19	10
9606.ENSP00000298139	23	10	16
9606.ENSP00000298159	11	17	11
9606.ENSP00000298229	18	19	9
9606.ENSP00000298281	13	8	9
9606.ENSP00000298282	1	18	6
9606.ENSP00000298283	100	22	61
9606.ENSP00000298288	21	16	21
9606.ENSP00000298292	2	12	5
9606.ENSP00000298307	18	16	22
9606.ENSP00000298310	46	18	22
9606.ENSP00000298316	17	17	24
9606.ENSP00000298317	2	16	3
9606.ENSP00000298351	3	15	11
9606.ENSP00000298352	2	14	10
9606.ENSP00000298355	3	20	4
9606.ENSP00000298386	6	17	5
9606.ENSP00000298428	7	21	7
9606.ENSP00000298492	4	23	3
9606.ENSP00000298510	1	9	5
9606.ENSP00000298527	3	25	6
9606.ENSP00000298532	9	23	10
9606.ENSP00000298542	1	17	1
9606.ENSP00000298552	28	11	19
9606.ENSP00000298556	1	13	9
9606.ENSP00000298573	1	16	5
9606.ENSP00000298717	15	13	8
9606.ENSP00000298743	6	12	13
9606.ENSP00000298767	10	16	8
9606.ENSP00000298786	3	23	9
9606.ENSP00000298875	30	20	17
9606.ENSP00000298892	1	21	11
9606.ENSP00000298910	22	24	17
9606.ENSP00000298925	1	18	10
9606.ENSP00000299001	5	18	10
9606.ENSP00000299022	13	15	6
9606.ENSP00000299084	4	10	9
9606.ENSP00000299106	17	11	11
9606.ENSP00000299138	15	15	18
9606.ENSP00000299155	2	19	4
9606.ENSP00000299157	2	9	9
9606.ENSP00000299163	9	12	8
9606.ENSP00000299166	74	24	43
9606.ENSP00000299178	6	16	12
9606.ENSP00000299192	2	13	5
9606.ENSP00000299198	6	13	11
9606.ENSP00000299238	12	17	14
9606.ENSP00000299259	25	17	17
9606.ENSP00000299299	4	14	9
9606.ENSP00000299300	56	10	43
9606.ENSP00000299314	1	20	8
9606.ENSP00000299367	3	11	12
9606.ENSP00000299424	123	14	86
9606.ENSP00000299427	3	17	3
9606.ENSP00000299440	1	16	7
9606.ENSP00000299441	1	12	7
9606.ENSP00000299518	5	9	7
9606.ENSP00000299563	1	22	8
9606.ENSP00000299565	4	23	7
9606.ENSP00000299575	2	15	15
9606.ENSP00000299601	84	18	46
9606.ENSP00000299638	13	12	15
9606.ENSP00000299663	5	13	10
9606.ENSP00000299665	3	14	7
9606.ENSP00000299697	9	17	13
9606.ENSP00000299705	15	19	14
9606.ENSP00000299721	3	9	4
9606.ENSP00000299727	7	20	6
9606.ENSP00000299736	1	12	8
9606.ENSP00000299766	3	14	6
9606.ENSP00000299767	36	17	25
9606.ENSP00000299821	4	22	3
9606.ENSP00000299824	1	18	8
9606.ENSP00000299847	1	18	10
9606.ENSP00000299853	20	24	16
9606.ENSP00000299855	9	8	13
9606.ENSP00000299886	7	12	5
9606.ENSP00000300026	12	15	13
9606.ENSP00000300030	4	18	6
9606.ENSP00000300035	2	19	3
9606.ENSP00000300055	3	23	10
9606.ENSP00000300056	3	17	6
9606.ENSP00000300060	8	16	13
9606.ENSP00000300061	13	21	14
9606.ENSP00000300086	12	19	17
9606.ENSP00000300087	21	17	18
9606.ENSP00000300093	30	17	17
9606.ENSP00000300105	55	23	37
9606.ENSP00000300107	2	19	12
9606.ENSP00000300113	1	20	9
9606.ENSP00000300131	4	17	4
9606.ENSP00000300134	17	17	13
9606.ENSP00000300145	25	16	25
9606.ENSP00000300146	18	18	17
9606.ENSP00000300151	107	11	50
9606.ENSP00000300213	1	13	8
9606.ENSP00000300231	7	12	17
9606.ENSP00000300245	5	12	13
9606.ENSP00000300249	1	18	6
9606.ENSP00000300283	3	14	9
9606.ENSP00000300289	18	17	17
9606.ENSP00000300291	10	14	3
9606.ENSP00000300305	45	18	23
9606.ENSP00000300403	4	21	9
9606.ENSP00000300413	147	14	138
9606.ENSP00000300452	5	19	6
9606.ENSP00000300456	1	17	3
9606.ENSP00000300527	2	5	7
9606.ENSP00000300574	34	11	21
9606.ENSP00000300589	14	10	14
9606.ENSP00000300648	8	16	7
9606.ENSP00000300651	126	11	93
9606.ENSP00000300659	9	19	16
9606.ENSP00000300688	20	14	17
9606.ENSP00000300692	13	25	13
9606.ENSP00000300738	2	23	14
9606.ENSP00000300873	8	15	8
9606.ENSP00000300900	1	17	13
9606.ENSP00000300935	27	18	21
9606.ENSP00000301019	23	21	14
9606.ENSP00000301046	9	14	8
9606.ENSP00000301050	35	13	26
9606.ENSP00000301061	4	20	6
9606.ENSP00000301067	18	15	16
9606.ENSP00000301141	5	25	14
9606.ENSP00000301149	1	19	10
9606.ENSP00000301159	10	14	12
9606.ENSP00000301175	3	17	4
9606.ENSP00000301178	8	7	9
9606.ENSP00000301180	1	17	9
9606.ENSP00000301200	2	15	10
9606.ENSP00000301218	5	12	10
9606.ENSP00000301242	1	18	8
9606.ENSP00000301280	4	15	7
9606.ENSP00000301281	12	15	11
9606.ENSP00000301295	6	16	5
9606.ENSP00000301336	10	23	10
9606.ENSP00000301364	47	7	26
9606.ENSP00000301365	1	15	7
9606.ENSP00000301396	30	10	23
9606.ENSP00000301408	7	22	7
9606.ENSP00000301420	2	17	13
9606.ENSP00000301452	8	16	7
9606.ENSP00000301454	3	17	10
9606.ENSP00000301455	4	13	3
9606.ENSP00000301457	71	16	48
9606.ENSP00000301458	1	16	9
9606.ENSP00000301459	2	23	7
9606.ENSP00000301464	3	15	6
9606.ENSP00000301466	1	14	4
9606.ENSP00000301585	102	22	46
9606.ENSP00000301587	23	15	17
9606.ENSP00000301599	1	17	10
9606.ENSP00000301633	7	21	5
9606.ENSP00000301653	2	15	6
9606.ENSP00000301691	2	10	7
9606.ENSP00000301727	3	15	11
9606.ENSP00000301729	2	12	13
9606.ENSP00000301738	3	13	7
9606.ENSP00000301740	121	20	93
9606.ENSP00000301761	4	18	7
9606.ENSP00000301764	119	18	95
9606.ENSP00000301765	23	19	29
9606.ENSP00000301785	1	23	8
9606.ENSP00000301788	138	20	127
9606.ENSP00000301825	4	15	12
9606.ENSP00000301838	33	17	22
9606.ENSP00000301873	5	14	14
9606.ENSP00000301887	3	11	11
9606.ENSP00000301896	2	17	8
9606.ENSP00000301908	2	14	10
9606.ENSP00000301945	1	15	5
9606.ENSP00000301962	1	21	9
9606.ENSP00000301972	6	14	10
9606.ENSP00000302037	4	27	5
9606.ENSP00000302079	3	16	5
9606.ENSP00000302100	1	11	5
9606.ENSP00000302108	2	9	3
9606.ENSP00000302114	1	10	8
9606.ENSP00000302150	14	11	10
9606.ENSP00000302160	77	13	52
9606.ENSP00000302177	9	14	8
9606.ENSP00000302194	28	17	29
9606.ENSP00000302232	4	17	9
9606.ENSP00000302234	41	16	21
9606.ENSP00000302276	3	18	8
9606.ENSP00000302289	4	17	6
9606.ENSP00000302297	2	18	5
9606.ENSP00000302324	2	18	8
9606.ENSP00000302327	21	23	18
9606.ENSP00000302413	1	16	7
9606.ENSP00000302476	9	15	6
9606.ENSP00000302478	27	15	22
9606.ENSP00000302486	21	15	21
9606.ENSP00000302530	22	17	9
9606.ENSP00000302543	2	15	5
9606.ENSP00000302548	11	22	7
9606.ENSP00000302569	11	11	6
9606.ENSP00000302599	1	15	2
9606.ENSP00000302620	7	19	7
9606.ENSP00000302621	2	18	4
9606.ENSP00000302625	20	12	17
9606.ENSP00000302629	2	12	4
9606.ENSP00000302640	8	29	12
9606.ENSP00000302648	8	22	8
9606.ENSP00000302716	1	16	5
9606.ENSP00000302724	5	20	9
9606.ENSP00000302728	1	18	7
9606.ENSP00000302768	15	12	13
9606.ENSP00000302783	17	6	20
9606.ENSP00000302790	3	18	8
9606.ENSP00000302801	2	12	12
9606.ENSP00000302811	5	13	10
9606.ENSP00000302830	6	15	10
9606.ENSP00000302846	3	16	13
9606.ENSP00000302886	91	15	41
9606.ENSP00000302898	5	18	13
9606.ENSP00000302913	2	16	5
9606.ENSP00000302935	2	10	6
9606.ENSP00000302961	96	20	61
9606.ENSP00000302967	34	14	22
9606.ENSP00000302968	21	12	20
9606.ENSP00000303015	29	18	17
9606.ENSP00000303058	1	12	8
9606.ENSP00000303077	6	11	11
9606.ENSP00000303145	20	14	15
9606.ENSP00000303147	2	12	5
9606.ENSP00000303153	2	18	7
9606.ENSP00000303158	3	20	8
9606.ENSP00000303174	7	19	10
9606.ENSP00000303178	21	12	10
9606.ENSP00000303192	2	29	6
9606.ENSP00000303208	9	17	10
9606.ENSP00000303211	2	13	5
9606.ENSP00000303231	4	16	7
9606.ENSP00000303276	3	17	4
9606.ENSP00000303315	12	15	6
9606.ENSP00000303325	2	13	11
9606.ENSP00000303366	2	13	5
9606.ENSP00000303373	122	17	86
9606.ENSP00000303394	16	22	16
9606.ENSP00000303398	2	18	10
9606.ENSP00000303423	3	16	6
9606.ENSP00000303424	1	18	5
9606.ENSP00000303427	11	15	9
9606.ENSP00000303437	3	14	7
9606.ENSP00000303452	1	11	8
9606.ENSP00000303468	3	17	6
9606.ENSP00000303507	3	17	9
9606.ENSP00000303511	6	20	9
9606.ENSP00000303522	8	9	13
9606.ENSP00000303525	2	20	6
9606.ENSP00000303532	7	13	8
9606.ENSP00000303540	5	17	6
9606.ENSP00000303570	1	13	7
9606.ENSP00000303575	2	19	6
9606.ENSP00000303584	15	16	15
9606.ENSP00000303634	12	14	13
9606.ENSP00000303686	3	21	7
9606.ENSP00000303706	4	17	2
9606.ENSP00000303709	21	13	17
9606.ENSP00000303754	17	10	14
9606.ENSP00000303758	1	12	7
9606.ENSP00000303775	2	7	5
9606.ENSP00000303830	18	7	9
9606.ENSP00000303908	13	12	13
9606.ENSP00000303920	3	19	4
9606.ENSP00000303942	6	19	10
9606.ENSP00000303963	3	14	6
9606.ENSP00000303978	4	15	10
9606.ENSP00000303992	2	13	8
9606.ENSP00000304004	1	15	7
9606.ENSP00000304051	8	15	9
9606.ENSP00000304102	25	16	30
9606.ENSP00000304147	14	15	8
9606.ENSP00000304226	1	12	0
9606.ENSP00000304250	1	13	6
9606.ENSP00000304277	1	23	5
9606.ENSP00000304283	32	12	17
9606.ENSP00000304290	12	16	9
9606.ENSP00000304292	4	16	11
9606.ENSP00000304327	2	16	8
9606.ENSP00000304336	8	15	12
9606.ENSP00000304353	35	16	20
9606.ENSP00000304364	2	10	8
9606.ENSP00000304408	10	15	8
9606.ENSP00000304422	3	17	6
9606.ENSP00000304429	1	12	7
9606.ENSP00000304437	13	16	9
9606.ENSP00000304467	1	12	3
9606.ENSP00000304501	2	24	7
9606.ENSP00000304586	3	11	4
9606.ENSP00000304592	9	13	6
9606.ENSP00000304593	10	19	11
9606.ENSP00000304604	5	22	7
9606.ENSP00000304642	2	15	3
9606.ENSP00000304643	86	17	61
9606.ENSP00000304669	22	13	15
9606.ENSP00000304767	1	13	3
9606.ENSP00000304802	3	17	9
9606.ENSP00000304811	1	12	4
9606.ENSP00000304822	3	20	7
9606.ENSP00000304845	7	21	6
9606.ENSP00000304891	25	17	20
9606.ENSP00000304895	35	16	26
9606.ENSP00000304903	18	19	11
9606.ENSP00000304915	5	19	1
9606.ENSP00000304930	1	15	5
9606.ENSP00000304941	13	17	11
9606.ENSP00000304945	5	11	8
9606.ENSP00000304987	2	23	9
9606.ENSP00000305071	6	15	11
9606.ENSP00000305133	5	12	6
9606.ENSP00000305161	2	17	11
9606.ENSP00000305230	90	15	67
9606.ENSP00000305255	26	17	19
9606.ENSP00000305260	28	13	21
9606.ENSP00000305288	11	14	10
9606.ENSP00000305302	2	18	14
9606.ENSP00000305372	25	11	13
9606.ENSP00000305416	5	12	8
9606.ENSP00000305422	25	12	20
9606.ENSP00000305442	9	19	11
9606.ENSP00000305449	2	18	6
9606.ENSP00000305480	15	15	11
9606.ENSP00000305494	1	17	7
9606.ENSP00000305529	5	16	10
9606.ENSP00000305556	9	18	8
9606.ENSP00000305595	2	14	12
9606.ENSP00000305603	2	17	16
9606.ENSP00000305613	23	18	14
9606.ENSP00000305632	4	16	7
9606.ENSP00000305647	1	13	4
9606.ENSP00000305651	34	16	19
9606.ENSP00000305675	2	12	4
9606.ENSP00000305682	102	8	60
9606.ENSP00000305696	35	10	26
9606.ENSP00000305699	5	19	6
9606.ENSP00000305714	4	16	9
9606.ENSP00000305725	2	8	7
9606.ENSP00000305742	1	16	10
9606.ENSP00000305766	3	14	11
9606.ENSP00000305769	13	13	8
9606.ENSP00000305790	126	7	104
9606.ENSP00000305810	26	19	14
9606.ENSP00000305875	3	17	9
9606.ENSP00000305877	5	14	9
9606.ENSP00000305899	2	16	6
9606.ENSP00000305918	9	12	16
9606.ENSP00000305924	1	15	8
9606.ENSP00000305941	6	20	9
9606.ENSP00000305988	5	15	12
9606.ENSP00000305995	2	19	8
9606.ENSP00000306003	21	16	7
9606.ENSP00000306010	5	20	10
9606.ENSP00000306080	48	14	31
9606.ENSP00000306099	11	21	8
9606.ENSP00000306100	1	16	6
9606.ENSP00000306105	4	22	8
9606.ENSP00000306117	5	13	4
9606.ENSP00000306123	1	18	10
9606.ENSP00000306124	3	18	5
9606.ENSP00000306138	9	22	13
9606.ENSP00000306157	7	14	8
9606.ENSP00000306163	2	16	4
9606.ENSP00000306185	2	23	9
9606.ENSP00000306220	9	16	13
9606.ENSP00000306245	41	10	27
9606.ENSP00000306253	25	17	18
9606.ENSP00000306275	3	13	4
9606.ENSP00000306285	1	16	4
9606.ENSP00000306320	4	15	5
9606.ENSP00000306330	21	14	12
9606.ENSP00000306397	78	16	57
9606.ENSP00000306410	2	18	6
9606.ENSP00000306449	1	15	5
9606.ENSP00000306459	2	12	15
9606.ENSP00000306461	1	15	6
9606.ENSP00000306473	1	16	7
9606.ENSP00000306490	11	15	15
9606.ENSP00000306496	4	13	11
9606.ENSP00000306497	10	18	11
9606.ENSP00000306512	32	23	27
9606.ENSP00000306548	111	15	69
9606.ENSP00000306561	1	13	7
9606.ENSP00000306606	2	18	8
9606.ENSP00000306614	49	16	29
9606.ENSP00000306625	10	18	8
9606.ENSP00000306662	2	15	7
9606.ENSP00000306670	1	22	6
9606.ENSP00000306752	1	14	7
9606.ENSP00000306760	2	18	15
9606.ENSP00000306772	12	18	2
9606.ENSP00000306788	1	18	5
9606.ENSP00000306822	2	14	6
9606.ENSP00000306844	1	11	9
9606.ENSP00000306866	43	14	20
9606.ENSP00000306881	18	21	12
9606.ENSP00000306884	35	14	27
9606.ENSP00000306894	1	11	8
9606.ENSP00000306902	107	10	49
9606.ENSP00000306906	3	16	5
9606.ENSP00000306920	7	24	4
9606.ENSP00000306983	34	24	22
9606.ENSP00000306997	2	19	5
9606.ENSP00000307004	6	24	5
9606.ENSP00000307023	1	13	5
9606.ENSP00000307046	10	16	15
9606.ENSP00000307078	18	15	11
9606.ENSP00000307126	1	14	7
9606.ENSP00000307134	2	18	6
9606.ENSP00000307143	13	15	11
9606.ENSP00000307156	9	15	15
9606.ENSP00000307181	11	22	14
9606.ENSP00000307183	41	20	28
9606.ENSP00000307199	4	18	12
9606.ENSP00000307208	30	17	19
9606.ENSP00000307235	2	19	6
9606.ENSP00000307241	10	20	10
9606.ENSP00000307259	1	19	8
9606.ENSP00000307265	3	16	12
9606.ENSP00000307272	36	11	19
9606.ENSP00000307275	1	13	4
9606.ENSP00000307280	19	18	18
9606.ENSP00000307288	38	13	29
9606.ENSP00000307292	3	17	2
9606.ENSP00000307298	18	18	15
9606.ENSP00000307305	4	15	8
9606.ENSP00000307342	3	15	14
9606.ENSP00000307411	5	14	9
9606.ENSP00000307479	9	10	6
9606.ENSP00000307491	12	10	13
9606.ENSP00000307513	2	12	6
9606.ENSP00000307567	17	12	14
9606.ENSP00000307666	3	10	9
9606.ENSP00000307674	3	10	5
9606.ENSP00000307684	36	17	16
9606.ENSP00000307697	3	21	11
9606.ENSP00000307701	1	19	5
9606.ENSP00000307705	36	15	21
9606.ENSP00000307766	5	11	9
9606.ENSP00000307774	1	22	9
9606.ENSP00000307786	28	18	16
9606.ENSP00000307822	2	23	9
9606.ENSP00000307833	3	13	9
9606.ENSP00000307850	3	15	5
9606.ENSP00000307853	7	26	6
9606.ENSP00000307858	1	16	4
9606.ENSP00000307863	46	22	26
9606.ENSP00000307889	136	22	114
9606.ENSP00000307900	4	16	5
9606.ENSP00000307911	1	16	6
9606.ENSP00000307939	8	16	11
9606.ENSP00000307940	92	14	52
9606.ENSP00000307959	6	15	9
9606.ENSP00000307971	2	18	6
9606.ENSP00000308012	1	21	15
9606.ENSP00000308022	36	14	31
9606.ENSP00000308032	2	13	6
9606.ENSP00000308117	1	15	4
9606.ENSP00000308122	29	11	21
9606.ENSP00000308179	73	16	32
9606.ENSP00000308193	2	14	14
9606.ENSP00000308208	8	21	16
9606.ENSP00000308219	9	20	6
9606.ENSP00000308236	28	17	18
9606.ENSP00000308258	1	12	7
9606.ENSP00000308275	102	17	53
9606.ENSP00000308318	8	15	7
9606.ENSP00000308339	2	13	4
9606.ENSP00000308351	19	13	16
9606.ENSP00000308354	1	14	6
9606.ENSP00000308369	7	17	14
9606.ENSP00000308405	25	19	15
9606.ENSP00000308413	3	18	8
9606.ENSP00000308430	13	15	13
9606.ENSP00000308452	2	18	9
9606.ENSP00000308461	13	21	12
9606.ENSP00000308472	12	18	8
9606.ENSP00000308533	16	12	14
9606.ENSP00000308541	19	11	12
9606.ENSP00000308546	5	16	4
9606.ENSP00000308548	2	11	4
9606.ENSP00000308576	9	16	12
9606.ENSP00000308583	55	18	36
9606.ENSP00000308622	6	11	15
9606.ENSP00000308717	99	20	54
9606.ENSP00000308720	6	13	8
9606.ENSP00000308725	17	18	10
9606.ENSP00000308733	1	21	6
9606.ENSP00000308750	75	30	48
9606.ENSP00000308753	5	12	5
9606.ENSP00000308770	1	17	5
9606.ENSP00000308772	2	15	4
9606.ENSP00000308782	12	17	8
9606.ENSP00000308815	23	15	20
9606.ENSP00000308897	107	21	36
9606.ENSP00000308925	4	19	4
9606.ENSP00000308938	45	15	24
9606.ENSP00000308944	5	21	6
9606.ENSP00000309031	8	17	17
9606.ENSP00000309052	32	17	27
9606.ENSP00000309092	1	11	4
9606.ENSP00000309096	2	19	6
9606.ENSP00000309116	6	15	4
9606.ENSP00000309124	4	15	6
9606.ENSP00000309132	1	15	5
9606.ENSP00000309245	1	12	4
9606.ENSP00000309262	1	13	6
9606.ENSP00000309334	137	20	109
9606.ENSP00000309336	11	19	10
9606.ENSP00000309338	2	21	8
9606.ENSP00000309402	1	19	3
9606.ENSP00000309415	27	13	11
9606.ENSP00000309430	4	13	7
9606.ENSP00000309432	1	12	8
9606.ENSP00000309439	1	15	11
9606.ENSP00000309457	9	13	8
9606.ENSP00000309474	45	17	24
9606.ENSP00000309477	2	17	6
9606.ENSP00000309493	2	18	5
9606.ENSP00000309504	1	17	10
9606.ENSP00000309521	2	16	10
9606.ENSP00000309538	1	21	10
9606.ENSP00000309542	2	9	7
9606.ENSP00000309548	1	16	9
9606.ENSP00000309555	77	13	54
9606.ENSP00000309565	68	19	39
9606.ENSP00000309572	53	19	30
9606.ENSP00000309591	38	22	18
9606.ENSP00000309595	3	13	7
9606.ENSP00000309597	5	13	2
9606.ENSP00000309644	15	13	17
9606.ENSP00000309714	3	18	4
9606.ENSP00000309749	3	22	9
9606.ENSP00000309767	21	19	13
9606.ENSP00000309790	4	19	5
9606.ENSP00000309830	142	14	129
9606.ENSP00000309913	9	14	5
9606.ENSP00000309953	2	12	8
9606.ENSP00000309968	4	13	7
9606.ENSP00000310003	22	12	17
9606.ENSP00000310006	2	12	7
9606.ENSP00000310008	25	14	19
9606.ENSP00000310036	23	21	22
9606.ENSP00000310042	47	17	30
9606.ENSP00000310094	3	16	6
9606.ENSP00000310120	1	16	9
9606.ENSP00000310129	48	13	27
9606.ENSP00000310170	7	24	10
9606.ENSP00000310208	1	17	7
9606.ENSP00000310216	9	17	12
9606.ENSP00000310219	5	20	9
9606.ENSP00000310226	12	13	13
9606.ENSP00000310244	1	18	5
9606.ENSP00000310260	42	12	28
9606.ENSP00000310263	4	14	12
9606.ENSP00000310301	1	11	9
9606.ENSP00000310305	1	17	10
9606.ENSP00000310332	3	21	7
9606.ENSP00000310335	2	16	1
9606.ENSP00000310356	9	12	13
9606.ENSP00000310405	11	12	11
9606.ENSP00000310406	1	16	7
9606.ENSP00000310447	2	18	11
9606.ENSP00000310448	65	17	57
9606.ENSP00000310491	4	12	14
9606.ENSP00000310520	32	6	24
9606.ENSP00000310521	3	22	5
9606.ENSP00000310551	13	12	13
9606.ENSP00000310557	6	14	13
9606.ENSP00000310572	52	16	30
9606.ENSP00000310596	12	15	7
9606.ENSP00000310620	4	11	5
9606.ENSP00000310623	7	14	11
9606.ENSP00000310631	3	15	8
9606.ENSP00000310668	32	18	27
9606.ENSP00000310670	4	14	5
9606.ENSP00000310688	3	21	8
9606.ENSP00000310696	3	18	12
9606.ENSP00000310723	48	16	25
9606.ENSP00000310726	101	19	55
9606.ENSP00000310829	13	17	15
9606.ENSP00000310841	4	20	16
9606.ENSP00000310842	24	14	18
9606.ENSP00000310861	5	15	8
9606.ENSP00000310928	9	14	7
9606.ENSP00000310933	2	21	5
9606.ENSP00000311005	2	17	6
9606.ENSP00000311032	12	13	8
9606.ENSP00000311035	5	10	12
9606.ENSP00000311083	23	22	22
9606.ENSP00000311095	2	21	8
9606.ENSP00000311121	36	19	41
9606.ENSP00000311127	10	18	10
9606.ENSP00000311135	69	16	34
9606.ENSP00000311165	6	16	8
9606.ENSP00000311184	2	16	5
9606.ENSP00000311196	4	19	5
9606.ENSP00000311219	1	16	9
9606.ENSP00000311224	10	16	12
9606.ENSP00000311273	13	9	19
9606.ENSP00000311280	1	23	5
9606.ENSP00000311290	1	14	6
9606.ENSP00000311291	1	23	6
9606.ENSP00000311313	1	12	11
9606.ENSP00000311318	1	14	7
9606.ENSP00000311344	35	19	25
9606.ENSP00000311360	28	21	17
9606.ENSP00000311368	6	18	12
9606.ENSP00000311399	10	15	8
9606.ENSP00000311405	5	20	8
9606.ENSP00000311427	2	12	10
9606.ENSP00000311429	3	23	6
9606.ENSP00000311430	138	12	116
9606.ENSP00000311449	18	13	11
9606.ENSP00000311469	5	16	9
9606.ENSP00000311486	8	14	11
9606.ENSP00000311500	16	21	15
9606.ENSP00000311502	2	16	12
9606.ENSP00000311505	7	22	17
9606.ENSP00000311513	11	20	10
9606.ENSP00000311538	1	15	9
9606.ENSP00000311579	9	11	15
9606.ENSP00000311609	1	21	6
9606.ENSP00000311648	1	16	14
9606.ENSP00000311677	19	16	14
9606.ENSP00000311697	12	16	12
9606.ENSP00000311747	7	15	8
9606.ENSP00000311816	9	14	13
9606.ENSP00000311825	16	16	7
9606.ENSP00000311827	31	19	22
9606.ENSP00000311837	14	14	15
9606.ENSP00000311899	1	14	1
9606.ENSP00000311905	1	16	4
9606.ENSP00000311962	6	10	8
9606.ENSP00000311997	4	17	6
9606.ENSP00000312002	18	18	18
9606.ENSP00000312021	1	21	8
9606.ENSP00000312027	2	17	9
9606.ENSP00000312066	93	14	58
9606.ENSP00000312081	2	9	4
9606.ENSP00000312082	6	16	14
9606.ENSP00000312107	10	10	8
9606.ENSP00000312126	2	8	7
9606.ENSP00000312129	1	12	10
9606.ENSP00000312134	1	17	8
9606.ENSP00000312143	1	22	9
9606.ENSP00000312150	2	18	6
9606.ENSP00000312158	3	19	8
9606.ENSP00000312185	24	18	15
9606.ENSP00000312244	45	16	22
9606.ENSP00000312250	8	17	13
9606.ENSP00000312262	21	23	14
9606.ENSP00000312273	1	25	8
9606.ENSP00000312311	104	24	53
9606.ENSP00000312326	5	11	8
9606.ENSP00000312356	3	13	8
9606.ENSP00000312367	2	15	9
9606.ENSP00000312379	21	9	13
9606.ENSP00000312397	34	19	20
9606.ENSP00000312442	19	15	15
9606.ENSP00000312455	19	16	20
9606.ENSP00000312506	2	16	7
9606.ENSP00000312535	1	21	9
9606.ENSP00000312599	3	9	6
9606.ENSP00000312617	3	14	9
9606.ENSP00000312618	11	17	15
9606.ENSP00000312624	8	27	19
9606.ENSP00000312631	2	16	10
9606.ENSP00000312649	23	17	17
9606.ENSP00000312652	18	13	13
9606.ENSP00000312663	12	23	11
9606.ENSP00000312664	6	19	15
9606.ENSP00000312673	15	15	21
9606.ENSP00000312675	5	16	5
9606.ENSP00000312709	138	12	135
9606.ENSP00000312734	6	14	11
9606.ENSP00000312741	8	14	9
9606.ENSP00000312778	18	17	13
9606.ENSP00000312811	1	17	8
9606.ENSP00000312814	2	21	7
9606.ENSP00000312834	2	17	6
9606.ENSP00000312946	2	17	3
9606.ENSP00000312981	45	13	39
9606.ENSP00000312987	21	13	14
9606.ENSP00000312988	9	13	4
9606.ENSP00000312995	35	15	20
9606.ENSP00000312999	39	14	23
9606.ENSP00000313007	49	12	39
9606.ENSP00000313034	31	12	24
9606.ENSP00000313050	1	17	7
9606.ENSP00000313169	6	17	12
9606.ENSP00000313171	9	18	7
9606.ENSP00000313172	1	20	10
9606.ENSP00000313199	22	15	15
9606.ENSP00000313309	3	19	13
9606.ENSP00000313377	2	10	8
9606.ENSP00000313391	12	15	17
9606.ENSP00000313419	20	15	17
9606.ENSP00000313420	42	16	24
9606.ENSP00000313423	5	8	10
9606.ENSP00000313432	2	14	16
9606.ENSP00000313454	7	13	15
9606.ENSP00000313504	10	10	11
9606.ENSP00000313571	3	17	5
9606.ENSP00000313581	2	16	2
9606.ENSP00000313582	1	18	4
9606.ENSP00000313600	6	15	16
9606.ENSP00000313603	26	15	14
9606.ENSP00000313681	8	15	7
9606.ENSP00000313752	1	14	5
9606.ENSP00000313809	2	19	5
9606.ENSP00000313811	2	13	5
9606.ENSP00000313829	12	16	16
9606.ENSP00000313851	11	18	11
9606.ENSP00000313869	3	16	8
9606.ENSP00000313875	11	16	9
9606.ENSP00000313877	1	15	4
9606.ENSP00000313933	25	19	23
9606.ENSP00000313950	24	17	13
9606.ENSP00000313967	4	16	4
9606.ENSP00000313983	46	11	32
9606.ENSP00000313995	18	20	14
9606.ENSP00000314004	50	21	27
9606.ENSP00000314029	30	20	17
9606.ENSP00000314030	7	19	7
9606.ENSP00000314036	8	16	9
9606.ENSP00000314042	3	10	6
9606.ENSP00000314067	11	13	11
9606.ENSP00000314080	2	10	17
9606.ENSP00000314099	1	11	6
9606.ENSP00000314116	12	29	8
9606.ENSP00000314129	3	15	3
9606.ENSP00000314132	1	25	6
9606.ENSP00000314151	4	15	4
9606.ENSP00000314157	14	19	16
9606.ENSP00000314193	71	14	41
9606.ENSP00000314223	3	22	7
9606.ENSP00000314299	3	14	11
9606.ENSP00000314348	1	14	9
9606.ENSP00000314420	7	18	8
9606.ENSP00000314441	1	16	6
9606.ENSP00000314444	11	22	3
9606.ENSP00000314484	1	16	5
9606.ENSP00000314499	9	19	9
9606.ENSP00000314505	12	16	13
9606.ENSP00000314508	5	16	9
9606.ENSP00000314543	1	22	7
9606.ENSP00000314544	4	11	5
9606.ENSP00000314556	1	18	7
9606.ENSP00000314608	1	12	6
9606.ENSP00000314615	3	13	4
9606.ENSP00000314724	2	11	7
9606.ENSP00000314733	9	17	15
9606.ENSP00000314792	2	19	7
9606.ENSP00000314807	16	19	10
9606.ENSP00000314897	9	22	10
9606.ENSP00000314976	8	16	9
9606.ENSP00000315011	5	17	8
9606.ENSP00000315013	1	14	6
9606.ENSP00000315017	85	13	58
9606.ENSP00000315112	26	16	19
9606.ENSP00000315118	1	21	8
9606.ENSP00000315130	44	9	23
9606.ENSP00000315136	2	14	5
9606.ENSP00000315137	5	18	7
9606.ENSP00000315182	4	16	13
9606.ENSP00000315190	24	12	20
9606.ENSP00000315299	94	16	65
9606.ENSP00000315379	66	16	55
9606.ENSP00000315397	96	20	52
9606.ENSP00000315410	1	11	15
9606.ENSP00000315465	1	17	7
9606.ENSP00000315476	21	16	16
9606.ENSP00000315477	18	10	10
9606.ENSP00000315564	8	14	6
9606.ENSP00000315569	10	18	12
9606.ENSP00000315602	13	13	10
9606.ENSP00000315644	2	13	7
9606.ENSP00000315659	1	19	1
9606.ENSP00000315680	4	16	11
9606.ENSP00000315693	7	19	7
9606.ENSP00000315700	4	18	12
9606.ENSP00000315702	29	13	19
9606.ENSP00000315713	2	20	5
9606.ENSP00000315743	1	13	5
9606.ENSP00000315768	18	24	14
9606.ENSP00000315774	79	6	44
9606.ENSP00000315775	10	15	12
9606.ENSP00000315791	15	10	17
9606.ENSP00000315915	1	8	10
9606.ENSP00000315931	2	8	6
9606.ENSP00000315997	13	21	14
9606.ENSP00000316029	44	23	40
9606.ENSP00000316032	37	18	24
9606.ENSP00000316054	27	24	15
9606.ENSP00000316114	56	13	51
9606.ENSP00000316130	4	23	7
9606.ENSP00000316152	5	10	9
9606.ENSP00000316176	43	20	35
9606.ENSP00000316228	9	10	12
9606.ENSP00000316244	8	9	12
9606.ENSP00000316329	9	14	13
9606.ENSP00000316335	2	17	4
9606.ENSP00000316338	26	21	14
9606.ENSP00000316357	7	16	7
9606.ENSP00000316377	8	14	11
9606.ENSP00000316416	10	19	7
9606.ENSP00000316454	3	18	5
9606.ENSP00000316476	1	18	4
9606.ENSP00000316496	3	19	5
9606.ENSP00000316512	2	15	12
9606.ENSP00000316543	2	18	7
9606.ENSP00000316578	70	11	52
9606.ENSP00000316589	8	19	7
9606.ENSP00000316598	53	19	40
9606.ENSP00000316605	4	25	7
9606.ENSP00000316609	6	13	13
9606.ENSP00000316628	1	23	8
9606.ENSP00000316675	1	19	2
9606.ENSP00000316729	4	11	11
9606.ENSP00000316779	14	17	14
9606.ENSP00000316786	2	22	6
9606.ENSP00000316842	1	14	9
9606.ENSP00000316845	2	13	6
9606.ENSP00000316909	12	18	12
9606.ENSP00000316924	3	17	6
9606.ENSP00000316948	1	21	4
9606.ENSP00000317027	2	21	8
9606.ENSP00000317039	17	18	20
9606.ENSP00000317123	119	19	79
9606.ENSP00000317128	8	25	10
9606.ENSP00000317159	78	18	49
9606.ENSP00000317214	1	16	10
9606.ENSP00000317232	1	12	3
9606.ENSP00000317272	29	19	30
9606.ENSP00000317300	12	27	12
9606.ENSP00000317327	1	11	11
9606.ENSP00000317331	14	14	12
9606.ENSP00000317333	1	18	5
9606.ENSP00000317334	55	15	51
9606.ENSP00000317376	121	24	77
9606.ENSP00000317379	2	18	6
9606.ENSP00000317382	3	12	7
9606.ENSP00000317404	2	14	6
9606.ENSP00000317445	1	22	6
9606.ENSP00000317468	30	14	33
9606.ENSP00000317469	13	16	15
9606.ENSP00000317473	11	15	8
9606.ENSP00000317578	8	10	5
9606.ENSP00000317674	27	19	16
9606.ENSP00000317691	35	11	38
9606.ENSP00000317714	38	26	28
9606.ENSP00000317721	3	13	5
9606.ENSP00000317780	78	16	40
9606.ENSP00000317790	10	12	12
9606.ENSP00000317817	6	16	9
9606.ENSP00000317872	7	16	6
9606.ENSP00000317891	7	21	13
9606.ENSP00000317902	1	13	8
9606.ENSP00000317904	5	16	6
9606.ENSP00000317955	8	13	14
9606.ENSP00000317971	3	23	7
9606.ENSP00000317985	6	10	8
9606.ENSP00000317992	28	15	21
9606.ENSP00000317997	11	13	12
9606.ENSP00000318016	7	15	11
9606.ENSP00000318057	4	15	4
9606.ENSP00000318066	1	17	5
9606.ENSP00000318094	12	21	7
9606.ENSP00000318128	14	13	7
9606.ENSP00000318142	1	13	9
9606.ENSP00000318147	2	22	9
9606.ENSP00000318158	96	14	48
9606.ENSP00000318165	23	14	17
9606.ENSP00000318176	24	15	20
9606.ENSP00000318195	22	13	18
9606.ENSP00000318197	18	22	15
9606.ENSP00000318234	1	15	14
9606.ENSP00000318297	128	16	122
9606.ENSP00000318351	6	19	14
9606.ENSP00000318352	1	12	6
9606.ENSP00000318355	1	17	8
9606.ENSP00000318374	1	20	5
9606.ENSP00000318429	17	20	12
9606.ENSP00000318480	4	19	11
9606.ENSP00000318486	1	17	8
9606.ENSP00000318585	9	15	6
9606.ENSP00000318629	23	12	19
9606.ENSP00000318635	12	15	14
9606.ENSP00000318641	34	17	35
9606.ENSP00000318646	199	20	312
9606.ENSP00000318650	2	25	3
9606.ENSP00000318690	6	13	9
9606.ENSP00000318697	9	23	11
9606.ENSP00000318803	2	22	9
9606.ENSP00000318821	2	19	7
9606.ENSP00000318822	9	15	8
9606.ENSP00000318861	109	15	48
9606.ENSP00000318868	3	16	9
9606.ENSP00000318884	1	25	6
9606.ENSP00000318916	1	13	9
9606.ENSP00000318944	1	14	7
9606.ENSP00000318966	1	12	10
9606.ENSP00000318986	1	21	8
9606.ENSP00000319052	1	32	8
9606.ENSP00000319060	9	24	7
9606.ENSP00000319096	2	14	7
9606.ENSP00000319104	70	14	40
9606.ENSP00000319169	38	18	31
9606.ENSP00000319170	2	22	5
9606.ENSP00000319240	94	23	52
9606.ENSP00000319255	2	18	8
9606.ENSP00000319341	11	12	9
9606.ENSP00000319370	9	9	8
9606.ENSP00000319417	9	18	11
9606.ENSP00000319464	1	21	6
9606.ENSP00000319476	16	12	11
9606.ENSP00000319482	1	23	5
9606.ENSP00000319486	1	12	6
9606.ENSP00000319531	3	13	11
9606.ENSP00000319591	7	17	10
9606.ENSP00000319597	8	19	14
9606.ENSP00000319622	4	20	6
9606.ENSP00000319635	43	22	27
9606.ENSP00000319636	2	22	6
9606.ENSP00000319664	2	18	7
9606.ENSP00000319705	1	23	7
9606.ENSP00000319713	1	16	5
9606.ENSP00000319756	1	13	9
9606.ENSP00000319781	1	13	9
9606.ENSP00000319788	3	15	6
9606.ENSP00000319799	1	13	11
9606.ENSP00000319814	2	14	9
9606.ENSP00000319829	6	18	13
9606.ENSP00000319846	2	10	11
9606.ENSP00000319851	1	9	10
9606.ENSP00000319883	2	20	7
9606.ENSP00000319992	2	18	9
9606.ENSP00000320006	9	15	10
9606.ENSP00000320017	1	19	6
9606.ENSP00000320025	36	21	32
9606.ENSP00000320043	4	10	11
9606.ENSP00000320081	12	17	14
9606.ENSP00000320084	8	24	11
9606.ENSP00000320092	10	17	6
9606.ENSP00000320117	5	16	11
9606.ENSP00000320130	29	21	17
9606.ENSP00000320147	105	15	46
9606.ENSP00000320171	17	23	12
9606.ENSP00000320176	42	10	27
9606.ENSP00000320180	5	20	8
9606.ENSP00000320184	96	17	50
9606.ENSP00000320209	1	22	8
9606.ENSP00000320236	5	26	10
9606.ENSP00000320291	3	16	1
9606.ENSP00000320295	15	20	13
9606.ENSP00000320309	2	16	6
9606.ENSP00000320318	1	14	9
9606.ENSP00000320346	36	19	33
9606.ENSP00000320359	18	12	19
9606.ENSP00000320378	3	12	5
9606.ENSP00000320416	23	20	16
9606.ENSP00000320434	1	15	5
9606.ENSP00000320485	54	17	48
9606.ENSP00000320508	5	12	13
9606.ENSP00000320543	10	18	15
9606.ENSP00000320566	51	8	34
9606.ENSP00000320567	96	21	44
9606.ENSP00000320658	1	22	7
9606.ENSP00000320663	2	12	9
9606.ENSP00000320679	10	12	5
9606.ENSP00000320797	1	18	4
9606.ENSP00000320813	1	22	7
9606.ENSP00000320821	4	15	5
9606.ENSP00000320866	35	16	25
9606.ENSP00000320885	4	16	8
9606.ENSP00000320886	5	14	9
9606.ENSP00000320898	18	12	15
9606.ENSP00000320924	6	15	13
9606.ENSP00000320935	3	23	4
9606.ENSP00000320936	10	11	9
9606.ENSP00000320949	22	17	21
9606.ENSP00000320951	8	18	11
9606.ENSP00000321070	2	18	5
9606.ENSP00000321106	8	20	8
9606.ENSP00000321195	2	16	7
9606.ENSP00000321203	7	14	11
9606.ENSP00000321221	7	9	8
9606.ENSP00000321239	3	17	13
9606.ENSP00000321260	15	24	20
9606.ENSP00000321271	1	13	10
9606.ENSP00000321320	1	20	14
9606.ENSP00000321326	16	12	19
9606.ENSP00000321330	2	14	7
9606.ENSP00000321334	25	14	18
9606.ENSP00000321345	5	19	10
9606.ENSP00000321348	2	18	7
9606.ENSP00000321388	22	10	16
9606.ENSP00000321424	3	17	12
9606.ENSP00000321449	74	11	34
9606.ENSP00000321455	6	18	11
9606.ENSP00000321537	9	16	11
9606.ENSP00000321546	7	16	9
9606.ENSP00000321573	1	15	7
9606.ENSP00000321584	2	14	6
9606.ENSP00000321606	3	10	8
9606.ENSP00000321617	1	13	5
9606.ENSP00000321636	21	17	13
9606.ENSP00000321656	12	19	5
9606.ENSP00000321691	2	19	6
9606.ENSP00000321703	1	12	8
9606.ENSP00000321706	19	19	14
9606.ENSP00000321711	18	17	10
9606.ENSP00000321735	2	11	9
9606.ENSP00000321744	97	13	44
9606.ENSP00000321797	15	15	17
9606.ENSP00000321826	16	20	16
9606.ENSP00000321835	1	16	4
9606.ENSP00000321853	9	17	10
9606.ENSP00000321874	2	16	2
9606.ENSP00000321927	3	14	3
9606.ENSP00000321971	6	13	10
9606.ENSP00000322061	22	13	14
9606.ENSP00000322159	1	20	5
9606.ENSP00000322170	10	12	9
9606.ENSP00000322180	6	17	15
9606.ENSP00000322181	8	4	5
9606.ENSP00000322191	1	13	9
9606.ENSP00000322192	2	12	2
9606.ENSP00000322229	7	14	9
9606.ENSP00000322249	4	19	8
9606.ENSP00000322251	2	13	8
9606.ENSP00000322276	1	19	9
9606.ENSP00000322316	5	18	8
9606.ENSP00000322323	7	16	11
9606.ENSP00000322343	1	18	1
9606.ENSP00000322396	13	16	10
9606.ENSP00000322408	2	14	6
9606.ENSP00000322421	42	13	22
9606.ENSP00000322439	104	16	45
9606.ENSP00000322457	6	16	13
9606.ENSP00000322460	16	19	11
9606.ENSP00000322524	1	16	11
9606.ENSP00000322532	3	14	3
9606.ENSP00000322568	20	14	14
9606.ENSP00000322570	41	19	33
9606.ENSP00000322617	4	15	13
9606.ENSP00000322706	1	15	9
9606.ENSP00000322716	3	11	9
9606.ENSP00000322775	3	16	5
9606.ENSP00000322788	6	16	11
9606.ENSP00000322802	1	15	3
9606.ENSP00000322804	2	18	4
9606.ENSP00000322832	3	10	10
9606.ENSP00000322845	2	15	4
9606.ENSP00000322898	3	12	7
9606.ENSP00000322924	3	9	7
9606.ENSP00000322991	3	21	8
9606.ENSP00000323046	21	8	14
9606.ENSP00000323047	59	17	49
9606.ENSP00000323063	3	14	10
9606.ENSP00000323065	104	21	63
9606.ENSP00000323071	10	17	4
9606.ENSP00000323076	37	25	27
9606.ENSP00000323099	12	19	8
9606.ENSP00000323155	1	15	4
9606.ENSP00000323246	2	12	10
9606.ENSP00000323264	17	14	8
9606.ENSP00000323275	1	20	8
9606.ENSP00000323280	4	14	3
9606.ENSP00000323300	3	10	10
9606.ENSP00000323302	2	17	4
9606.ENSP00000323421	19	12	10
9606.ENSP00000323511	5	13	12
9606.ENSP00000323516	2	14	6
9606.ENSP00000323527	5	19	7
9606.ENSP00000323568	2	15	9
9606.ENSP00000323580	22	18	10
9606.ENSP00000323587	1	25	4
9606.ENSP00000323588	54	17	35
9606.ENSP00000323663	1	16	6
9606.ENSP00000323670	1	12	8
9606.ENSP00000323687	2	18	6
9606.ENSP00000323696	2	13	8
9606.ENSP00000323720	106	23	53
9606.ENSP00000323811	1	11	13
9606.ENSP00000323816	2	16	4
9606.ENSP00000323856	11	14	11
9606.ENSP00000323867	7	16	11
9606.ENSP00000323889	10	12	9
9606.ENSP00000323901	17	20	15
9606.ENSP00000323929	23	6	12
9606.ENSP00000323967	70	22	32
9606.ENSP00000324020	7	12	5
9606.ENSP00000324064	2	15	6
9606.ENSP00000324101	18	11	18
9606.ENSP00000324105	2	20	7
9606.ENSP00000324122	90	13	53
9606.ENSP00000324124	152	18	154
9606.ENSP00000324173	46	16	37
9606.ENSP00000324203	16	14	12
9606.ENSP00000324270	5	16	7
9606.ENSP00000324287	1	17	15
9606.ENSP00000324302	2	27	7
9606.ENSP00000324318	16	21	16
9606.ENSP00000324323	16	15	7
9606.ENSP00000324404	6	19	13
9606.ENSP00000324419	1	20	8
9606.ENSP00000324422	14	14	13
9606.ENSP00000324511	12	25	10
9606.ENSP00000324527	1	15	7
9606.ENSP00000324532	5	11	5
9606.ENSP00000324560	21	14	23
9606.ENSP00000324573	3	25	13
9606.ENSP00000324628	19	16	14
9606.ENSP00000324633	1	22	7
9606.ENSP00000324648	5	12	9
9606.ENSP00000324729	10	19	11
9606.ENSP00000324741	13	15	6
9606.ENSP00000324792	1	17	7
9606.ENSP00000324804	71	10	46
9606.ENSP00000324806	53	16	45
9606.ENSP00000324810	24	18	17
9606.ENSP00000324842	2	17	9
9606.ENSP00000324856	13	14	7
9606.ENSP00000324857	6	5	9
9606.ENSP00000324890	29	16	15
9606.ENSP00000324944	9	12	13
9606.ENSP00000325002	17	23	15
9606.ENSP00000325017	5	22	4
9606.ENSP00000325018	1	12	6
9606.ENSP00000325074	24	14	19
9606.ENSP00000325120	18	16	20
9606.ENSP00000325136	4	18	8
9606.ENSP00000325146	8	19	9
9606.ENSP00000325239	17	14	12
9606.ENSP00000325240	4	13	10
9606.ENSP00000325285	3	21	10
9606.ENSP00000325296	2	12	9
9606.ENSP00000325312	1	16	5
9606.ENSP00000325313	3	17	8
9606.ENSP00000325326	1	12	12
9606.ENSP00000325369	25	11	20
9606.ENSP00000325376	20	18	20
9606.ENSP00000325377	17	21	9
9606.ENSP00000325398	4	17	7
9606.ENSP00000325421	2	19	6
9606.ENSP00000325425	3	13	6
9606.ENSP00000325448	16	15	13
9606.ENSP00000325485	9	24	7
9606.ENSP00000325525	12	14	13
9606.ENSP00000325526	12	19	12
9606.ENSP00000325527	15	11	13
9606.ENSP00000325548	2	17	6
9606.ENSP00000325561	1	15	6
9606.ENSP00000325562	19	15	11
9606.ENSP00000325589	1	9	7
9606.ENSP00000325594	3	17	7
9606.ENSP00000325612	99	19	44
9606.ENSP00000325655	2	21	9
9606.ENSP00000325663	5	19	6
9606.ENSP00000325674	9	19	7
9606.ENSP00000325677	13	15	7
9606.ENSP00000325681	4	33	7
9606.ENSP00000325690	36	15	18
9606.ENSP00000325708	3	15	4
9606.ENSP00000325748	21	14	13
9606.ENSP00000325819	2	14	4
9606.ENSP00000325822	1	17	3
9606.ENSP00000325827	9	15	6
9606.ENSP00000325863	17	13	14
9606.ENSP00000325905	19	16	15
9606.ENSP00000325919	40	20	34
9606.ENSP00000325929	1	14	9
9606.ENSP00000325941	2	14	8
9606.ENSP00000326018	4	25	6
9606.ENSP00000326031	34	15	19
9606.ENSP00000326042	13	16	9
9606.ENSP00000326052	2	26	5
9606.ENSP00000326119	8	15	10
9606.ENSP00000326128	27	14	20
9606.ENSP00000326159	5	15	9
9606.ENSP00000326219	3	14	6
9606.ENSP00000326238	3	16	4
9606.ENSP00000326261	104	20	43
9606.ENSP00000326305	1	14	2
9606.ENSP00000326340	3	13	6
9606.ENSP00000326366	23	18	16
9606.ENSP00000326381	17	17	12
9606.ENSP00000326411	3	14	9
9606.ENSP00000326432	28	14	20
9606.ENSP00000326519	9	19	11
9606.ENSP00000326531	10	15	12
9606.ENSP00000326550	9	16	8
9606.ENSP00000326563	3	15	7
9606.ENSP00000326603	1	12	4
9606.ENSP00000326630	7	21	7
9606.ENSP00000326649	12	15	10
9606.ENSP00000326737	3	13	5
9606.ENSP00000326767	97	15	36
9606.ENSP00000326804	87	15	50
9606.ENSP00000326806	86	16	66
9606.ENSP00000326813	8	19	11
9606.ENSP00000326869	1	11	3
9606.ENSP00000326888	3	12	9
9606.ENSP00000326948	1	15	4
9606.ENSP00000326981	78	21	42
9606.ENSP00000327025	6	20	7
9606.ENSP00000327048	11	16	11
9606.ENSP00000327054	3	19	6
9606.ENSP00000327077	4	16	10
9606.ENSP00000327116	5	15	3
9606.ENSP00000327145	26	17	20
9606.ENSP00000327179	73	16	27
9606.ENSP00000327191	25	18	17
9606.ENSP00000327213	13	12	18
9606.ENSP00000327246	10	11	12
9606.ENSP00000327251	9	17	6
9606.ENSP00000327255	1	17	3
9606.ENSP00000327268	74	21	34
9606.ENSP00000327290	19	12	15
9606.ENSP00000327336	18	17	12
9606.ENSP00000327417	1	18	7
9606.ENSP00000327431	5	20	14
9606.ENSP00000327436	6	21	13
9606.ENSP00000327440	2	8	5
9606.ENSP00000327459	1	15	4
9606.ENSP00000327467	6	19	8
9606.ENSP00000327487	7	17	14
9606.ENSP00000327509	1	16	9
9606.ENSP00000327513	4	16	7
9606.ENSP00000327545	1	12	4
9606.ENSP00000327589	1	8	5
9606.ENSP00000327599	3	19	10
9606.ENSP00000327608	1	19	10
9606.ENSP00000327611	1	10	3
9606.ENSP00000327650	11	10	8
9606.ENSP00000327687	5	16	11
9606.ENSP00000327694	42	13	25
9606.ENSP00000327758	11	15	11
9606.ENSP00000327760	3	24	16
9606.ENSP00000327786	1	17	3
9606.ENSP00000327796	4	18	7
9606.ENSP00000327801	11	16	13
9606.ENSP00000327821	2	15	14
9606.ENSP00000327824	7	11	7
9606.ENSP00000327889	42	21	28
9606.ENSP00000327890	5	17	11
9606.ENSP00000327943	1	15	10
9606.ENSP00000327959	5	25	9
9606.ENSP00000328004	26	20	17
9606.ENSP00000328023	50	14	33
9606.ENSP00000328059	8	17	12
9606.ENSP00000328088	3	19	8
9606.ENSP00000328111	2	22	3
9606.ENSP00000328133	6	16	5
9606.ENSP00000328137	1	21	4
9606.ENSP00000328169	8	14	11
9606.ENSP00000328181	4	16	7
9606.ENSP00000328187	3	12	8
9606.ENSP00000328203	1	15	6
9606.ENSP00000328207	1	16	8
9606.ENSP00000328228	2	21	6
9606.ENSP00000328236	2	11	5
9606.ENSP00000328269	11	15	10
9606.ENSP00000328277	1	22	4
9606.ENSP00000328287	2	14	7
9606.ENSP00000328340	2	10	6
9606.ENSP00000328359	3	19	10
9606.ENSP00000328412	5	16	7
9606.ENSP00000328423	4	11	4
9606.ENSP00000328472	4	15	3
9606.ENSP00000328478	4	17	12
9606.ENSP00000328484	35	22	26
9606.ENSP00000328511	6	12	17
9606.ENSP00000328524	2	17	7
9606.ENSP00000328547	46	15	22
9606.ENSP00000328570	4	16	8
9606.ENSP00000328598	2	12	5
9606.ENSP00000328625	1	15	12
9606.ENSP00000328694	2	16	7
9606.ENSP00000328708	9	7	12
9606.ENSP00000328720	7	27	9
9606.ENSP00000328729	2	12	6
9606.ENSP00000328773	9	16	13
9606.ENSP00000328777	15	10	9
9606.ENSP00000328835	1	15	5
9606.ENSP00000328848	8	18	11
9606.ENSP00000328854	78	14	40
9606.ENSP00000328875	18	15	11
9606.ENSP00000328928	12	16	10
9606.ENSP00000328938	2	23	13
9606.ENSP00000328940	2	17	3
9606.ENSP00000328968	29	9	18
9606.ENSP00000328998	9	11	7
9606.ENSP00000329002	2	20	8
9606.ENSP00000329093	1	14	10
9606.ENSP00000329097	4	20	6
9606.ENSP00000329102	12	15	16
9606.ENSP00000329106	1	18	6
9606.ENSP00000329140	16	19	20
9606.ENSP00000329170	2	14	6
9606.ENSP00000329200	32	20	28
9606.ENSP00000329213	2	16	7
9606.ENSP00000329219	5	18	10
9606.ENSP00000329243	1	18	4
9606.ENSP00000329292	1	18	6
9606.ENSP00000329312	6	16	5
9606.ENSP00000329357	30	22	23
9606.ENSP00000329374	1	23	5
9606.ENSP00000329380	16	12	24
9606.ENSP00000329403	5	20	8
9606.ENSP00000329419	15	14	13
9606.ENSP00000329466	6	13	7
9606.ENSP00000329471	4	12	5
9606.ENSP00000329507	7	20	6
9606.ENSP00000329522	1	14	4
9606.ENSP00000329558	2	11	7
9606.ENSP00000329565	1	9	4
9606.ENSP00000329614	1	22	8
9606.ENSP00000329662	28	14	16
9606.ENSP00000329668	2	11	11
9606.ENSP00000329684	8	21	11
9606.ENSP00000329697	10	13	14
9606.ENSP00000329715	2	15	8
9606.ENSP00000329757	41	23	32
9606.ENSP00000329797	10	15	12
9606.ENSP00000329880	1	21	9
9606.ENSP00000329890	1	22	5
9606.ENSP00000329915	24	17	13
9606.ENSP00000329926	1	13	8
9606.ENSP00000329932	8	22	6
9606.ENSP00000329933	20	15	16
9606.ENSP00000329967	45	12	33
9606.ENSP00000329991	5	18	5
9606.ENSP00000330032	3	8	10
9606.ENSP00000330074	6	16	13
9606.ENSP00000330098	1	16	4
9606.ENSP00000330200	2	20	9
9606.ENSP00000330218	1	17	8
9606.ENSP00000330221	3	17	4
9606.ENSP00000330237	13	20	24
9606.ENSP00000330284	3	17	7
9606.ENSP00000330289	15	11	10
9606.ENSP00000330341	16	11	16
9606.ENSP00000330349	2	16	11
9606.ENSP00000330381	8	14	7
9606.ENSP00000330382	10	19	16
9606.ENSP00000330393	6	25	12
9606.ENSP00000330426	1	22	9
9606.ENSP00000330442	5	12	17
9606.ENSP00000330484	7	19	17
9606.ENSP00000330572	12	19	13
9606.ENSP00000330631	1	13	5
9606.ENSP00000330633	9	17	9
9606.ENSP00000330658	4	10	7
9606.ENSP00000330694	8	25	12
9606.ENSP00000330696	11	9	18
9606.ENSP00000330737	73	22	37
9606.ENSP00000330753	3	15	7
9606.ENSP00000330825	4	17	4
9606.ENSP00000330875	17	10	14
9606.ENSP00000330878	1	17	3
9606.ENSP00000330898	13	18	6
9606.ENSP00000330945	5	12	14
9606.ENSP00000330959	5	13	14
9606.ENSP00000331019	41	17	29
9606.ENSP00000331040	3	18	13
9606.ENSP00000331044	34	13	15
9606.ENSP00000331087	2	21	5
9606.ENSP00000331103	2	7	6
9606.ENSP00000331106	4	17	9
9606.ENSP00000331111	13	18	13
9606.ENSP00000331127	2	29	7
9606.ENSP00000331152	7	24	7
9606.ENSP00000331172	9	13	11
9606.ENSP00000331201	34	14	22
9606.ENSP00000331210	4	17	6
9606.ENSP00000331242	5	18	11
9606.ENSP00000331302	2	15	8
9606.ENSP00000331305	1	16	6
9606.ENSP00000331310	50	16	24
9606.ENSP00000331342	7	9	11
9606.ENSP00000331358	10	21	7
9606.ENSP00000331369	3	13	3
9606.ENSP00000331487	20	19	15
9606.ENSP00000331504	2	11	8
9606.ENSP00000331544	5	17	11
9606.ENSP00000331602	11	20	11
9606.ENSP00000331614	13	18	10
9606.ENSP00000331640	3	17	14
9606.ENSP00000331678	9	16	13
9606.ENSP00000331682	33	23	23
9606.ENSP00000331736	13	17	9
9606.ENSP00000331745	1	12	3
9606.ENSP00000331746	11	18	13
9606.ENSP00000331748	3	21	8
9606.ENSP00000331831	6	13	4
9606.ENSP00000331849	101	15	57
9606.ENSP00000331857	12	19	14
9606.ENSP00000331867	2	20	8
9606.ENSP00000331879	4	14	5
9606.ENSP00000331897	4	18	8
9606.ENSP00000331901	5	23	4
9606.ENSP00000331902	9	20	8
9606.ENSP00000331983	3	17	9
9606.ENSP00000332049	17	16	5
9606.ENSP00000332103	9	22	11
9606.ENSP00000332118	5	17	4
9606.ENSP00000332164	5	13	4
9606.ENSP00000332194	87	18	59
9606.ENSP00000332198	33	18	19
9606.ENSP00000332225	2	12	9
9606.ENSP00000332247	29	21	19
9606.ENSP00000332256	3	26	6
9606.ENSP00000332296	7	13	17
9606.ENSP00000332340	48	14	21
9606.ENSP00000332353	13	15	11
9606.ENSP00000332371	3	17	5
9606.ENSP00000332407	1	17	9
9606.ENSP00000332444	11	21	10
9606.ENSP00000332448	1	19	7
9606.ENSP00000332454	1	17	8
9606.ENSP00000332504	14	14	12
9606.ENSP00000332549	37	22	17
9606.ENSP00000332565	3	10	6
9606.ENSP00000332591	5	20	6
9606.ENSP00000332604	58	20	47
9606.ENSP00000332656	6	18	8
9606.ENSP00000332659	7	8	11
9606.ENSP00000332679	1	14	8
9606.ENSP00000332706	4	12	8
9606.ENSP00000332723	7	19	7
9606.ENSP00000332737	9	15	13
9606.ENSP00000332756	2	17	4
9606.ENSP00000332766	3	18	9
9606.ENSP00000332771	1	17	5
9606.ENSP00000332790	43	14	27
9606.ENSP00000332791	1	16	4
9606.ENSP00000332812	1	20	6
9606.ENSP00000332875	34	15	29
9606.ENSP00000332879	1	20	8
9606.ENSP00000332887	75	18	46
9606.ENSP00000332900	2	14	4
9606.ENSP00000332963	1	13	6
9606.ENSP00000332973	103	19	40
9606.ENSP00000332979	3	13	3
9606.ENSP00000332983	4	15	11
9606.ENSP00000333012	9	15	9
9606.ENSP00000333019	1	16	5
9606.ENSP00000333157	10	19	5
9606.ENSP00000333203	9	16	14
9606.ENSP00000333262	3	11	9
9606.ENSP00000333266	8	23	8
9606.ENSP00000333275	2	15	3
9606.ENSP00000333277	265	18	781
9606.ENSP00000333283	20	18	23
9606.ENSP00000333298	21	13	15
9606.ENSP00000333326	12	17	11
9606.ENSP00000333329	1	18	4
9606.ENSP00000333363	13	10	13
9606.ENSP00000333401	98	10	68
9606.ENSP00000333433	9	11	13
9606.ENSP00000333496	11	10	11
9606.ENSP00000333547	10	19	6
9606.ENSP00000333633	18	21	20
9606.ENSP00000333639	4	11	2
9606.ENSP00000333640	1	16	6
9606.ENSP00000333657	2	21	7
9606.ENSP00000333664	8	21	6
9606.ENSP00000333666	1	17	2
9606.ENSP00000333667	9	16	11
9606.ENSP00000333685	5	15	10
9606.ENSP00000333769	23	18	24
9606.ENSP00000333800	8	18	6
9606.ENSP00000333821	4	13	5
9606.ENSP00000333837	106	8	54
9606.ENSP00000333896	1	11	7
9606.ENSP00000333919	3	11	8
9606.ENSP00000333920	2	19	6
9606.ENSP00000333934	1	7	6
9606.ENSP00000333946	7	19	5
9606.ENSP00000333948	61	15	39
9606.ENSP00000333982	6	19	11
9606.ENSP00000333984	19	20	14
9606.ENSP00000334002	29	15	23
9606.ENSP00000334003	3	12	4
9606.ENSP00000334008	14	16	14
9606.ENSP00000334037	9	16	7
9606.ENSP00000334042	1	12	3
9606.ENSP00000334051	7	17	8
9606.ENSP00000334100	16	17	19
9606.ENSP00000334122	12	15	18
9606.ENSP00000334134	2	8	6
9606.ENSP00000334140	18	15	12
9606.ENSP00000334145	8	14	6
9606.ENSP00000334198	35	9	21
9606.ENSP00000334216	2	22	6
9606.ENSP00000334223	2	16	5
9606.ENSP00000334300	2	21	4
9606.ENSP00000334308	8	14	9
9606.ENSP00000334314	1	16	3
9606.ENSP00000334319	3	18	5
9606.ENSP00000334329	8	16	5
9606.ENSP00000334364	1	20	12
9606.ENSP00000334373	12	13	5
9606.ENSP00000334374	1	13	6
9606.ENSP00000334382	11	23	11
9606.ENSP00000334415	34	18	17
9606.ENSP00000334448	163	12	183
9606.ENSP00000334564	21	11	17
9606.ENSP00000334642	1	13	8
9606.ENSP00000334665	15	13	14
9606.ENSP00000334675	5	14	5
9606.ENSP00000334785	1	14	10
9606.ENSP00000334808	1	16	6
9606.ENSP00000334844	13	13	11
9606.ENSP00000334851	2	13	5
9606.ENSP00000334876	6	18	8
9606.ENSP00000334910	2	20	5
9606.ENSP00000334928	5	16	8
9606.ENSP00000334941	1	14	8
9606.ENSP00000334958	1	15	5
9606.ENSP00000335044	63	18	62
9606.ENSP00000335055	12	12	9
9606.ENSP00000335062	21	21	18
9606.ENSP00000335074	6	7	10
9606.ENSP00000335076	2	20	7
9606.ENSP00000335091	1	11	10
9606.ENSP00000335094	12	14	15
9606.ENSP00000335153	136	20	148
9606.ENSP00000335193	11	17	12
9606.ENSP00000335196	2	12	12
9606.ENSP00000335203	3	20	8
9606.ENSP00000335246	3	14	14
9606.ENSP00000335247	1	15	9
9606.ENSP00000335255	1	17	7
9606.ENSP00000335292	1	16	4
9606.ENSP00000335304	8	12	14
9606.ENSP00000335307	1	17	8
9606.ENSP00000335320	11	13	5
9606.ENSP00000335321	116	19	93
9606.ENSP00000335357	2	12	13
9606.ENSP00000335371	16	17	19
9606.ENSP00000335397	1	15	10
9606.ENSP00000335463	14	19	10
9606.ENSP00000335557	1	11	10
9606.ENSP00000335560	2	18	3
9606.ENSP00000335614	5	19	9
9606.ENSP00000335620	4	24	7
9606.ENSP00000335628	4	13	12
9606.ENSP00000335632	2	21	5
9606.ENSP00000335636	3	21	3
9606.ENSP00000335655	2	20	8
9606.ENSP00000335677	5	9	10
9606.ENSP00000335808	38	21	20
9606.ENSP00000336127	2	18	9
9606.ENSP00000336524	3	24	6
9606.ENSP00000336528	4	11	5
9606.ENSP00000336571	8	15	8
9606.ENSP00000336606	3	9	7
9606.ENSP00000336655	4	11	12
9606.ENSP00000336666	34	16	19
9606.ENSP00000336687	47	16	27
9606.ENSP00000336701	11	24	16
9606.ENSP00000336702	78	12	38
9606.ENSP00000336712	30	20	19
9606.ENSP00000336721	1	23	7
9606.ENSP00000336740	6	15	15
9606.ENSP00000336741	66	16	50
9606.ENSP00000336747	11	11	17
9606.ENSP00000336750	37	21	29
9606.ENSP00000336752	21	18	13
9606.ENSP00000336762	3	19	7
9606.ENSP00000336769	13	14	17
9606.ENSP00000336775	5	15	3
9606.ENSP00000336783	7	20	12
9606.ENSP00000336790	21	11	14
9606.ENSP00000336799	39	15	28
9606.ENSP00000336800	33	19	27
9606.ENSP00000336829	10	23	11
9606.ENSP00000336831	15	25	17
9606.ENSP00000336842	21	15	16
9606.ENSP00000336868	79	19	48
9606.ENSP00000336894	3	14	6
9606.ENSP00000336914	1	16	3
9606.ENSP00000336923	1	12	5
9606.ENSP00000337014	14	22	7
9606.ENSP00000337040	2	18	11
9606.ENSP00000337053	20	18	19
9606.ENSP00000337060	14	11	11
9606.ENSP00000337065	22	15	16
9606.ENSP00000337088	20	21	16
9606.ENSP00000337122	1	25	5
9606.ENSP00000337128	4	18	10
9606.ENSP00000337168	17	13	19
9606.ENSP00000337180	3	14	10
9606.ENSP00000337194	58	12	46
9606.ENSP00000337261	8	16	13
9606.ENSP00000337289	36	13	21
9606.ENSP00000337332	4	21	3
9606.ENSP00000337335	1	16	7
9606.ENSP00000337353	4	14	8
9606.ENSP00000337354	1	28	6
9606.ENSP00000337383	33	21	19
9606.ENSP00000337386	5	14	8
9606.ENSP00000337393	11	16	7
9606.ENSP00000337432	5	17	8
9606.ENSP00000337439	2	14	8
9606.ENSP00000337443	2	16	5
9606.ENSP00000337445	1	15	4
9606.ENSP00000337446	4	15	9
9606.ENSP00000337450	2	18	4
9606.ENSP00000337451	8	12	12
9606.ENSP00000337477	20	15	15
9606.ENSP00000337500	34	17	27
9606.ENSP00000337513	12	25	10
9606.ENSP00000337598	11	17	17
9606.ENSP00000337623	3	14	5
9606.ENSP00000337632	13	15	10
9606.ENSP00000337641	10	16	13
9606.ENSP00000337675	1	17	5
9606.ENSP00000337688	3	21	8
9606.ENSP00000337691	1	18	10
9606.ENSP00000337701	12	10	8
9606.ENSP00000337733	5	12	8
9606.ENSP00000337797	5	19	8
9606.ENSP00000337838	8	17	7
9606.ENSP00000337850	12	19	13
9606.ENSP00000337854	2	17	9
9606.ENSP00000337907	3	14	7
9606.ENSP00000337946	35	18	29
9606.ENSP00000337949	5	14	5
9606.ENSP00000337976	36	15	30
9606.ENSP00000337991	17	18	16
9606.ENSP00000338010	6	17	10
9606.ENSP00000338019	1	16	6
9606.ENSP00000338039	19	15	11
9606.ENSP00000338057	102	17	47
9606.ENSP00000338082	5	17	8
9606.ENSP00000338093	2	16	9
9606.ENSP00000338127	1	16	8
9606.ENSP00000338130	18	14	16
9606.ENSP00000338157	10	15	6
9606.ENSP00000338171	5	26	5
9606.ENSP00000338173	5	17	7
9606.ENSP00000338185	2	20	7
9606.ENSP00000338186	36	21	26
9606.ENSP00000338191	9	19	10
9606.ENSP00000338207	5	15	11
9606.ENSP00000338235	4	23	7
9606.ENSP00000338258	2	17	10
9606.ENSP00000338272	6	13	6
9606.ENSP00000338283	4	19	12
9606.ENSP00000338343	13	13	8
9606.ENSP00000338348	6	23	9
9606.ENSP00000338389	99	16	61
9606.ENSP00000338413	15	13	20
9606.ENSP00000338487	2	11	9
9606.ENSP00000338562	31	22	21
9606.ENSP00000338629	3	17	11
9606.ENSP00000338641	9	25	12
9606.ENSP00000338671	6	12	6
9606.ENSP00000338673	1	21	5
9606.ENSP00000338703	3	16	4
9606.ENSP00000338727	2	30	7
9606.ENSP00000338766	4	21	5
9606.ENSP00000338769	3	22	5
9606.ENSP00000338777	24	13	23
9606.ENSP00000338788	1	11	3
9606.ENSP00000338796	1	12	6
9606.ENSP00000338812	1	18	12
9606.ENSP00000338814	5	18	4
9606.ENSP00000338844	13	15	8
9606.ENSP00000338862	25	16	18
9606.ENSP00000338864	1	10	4
9606.ENSP00000338887	2	13	9
9606.ENSP00000338927	1	13	12
9606.ENSP00000338934	52	18	35
9606.ENSP00000338988	1	13	12
9606.ENSP00000338990	7	21	12
9606.ENSP00000339001	69	8	36
9606.ENSP00000339004	4	19	6
9606.ENSP00000339030	1	10	7
9606.ENSP00000339063	99	20	53
9606.ENSP00000339090	77	17	48
9606.ENSP00000339109	50	4	34
9606.ENSP00000339115	11	18	8
9606.ENSP00000339145	17	11	13
9606.ENSP00000339186	35	16	24
9606.ENSP00000339191	64	14	56
9606.ENSP00000339208	1	11	8
9606.ENSP00000339260	1	13	5
9606.ENSP00000339299	2	10	1
9606.ENSP00000339328	7	12	10
9606.ENSP00000339381	2	13	7
9606.ENSP00000339398	8	19	8
9606.ENSP00000339404	4	16	8
9606.ENSP00000339435	2	15	5
9606.ENSP00000339449	34	17	24
9606.ENSP00000339467	7	13	8
9606.ENSP00000339477	13	14	12
9606.ENSP00000339479	11	21	5
9606.ENSP00000339495	63	14	48
9606.ENSP00000339524	5	25	4
9606.ENSP00000339527	32	17	20
9606.ENSP00000339566	2	17	9
9606.ENSP00000339577	4	14	14
9606.ENSP00000339613	1	14	8
9606.ENSP00000339634	3	11	8
9606.ENSP00000339637	1	15	15
9606.ENSP00000339692	1	12	5
9606.ENSP00000339720	70	23	45
9606.ENSP00000339723	26	16	17
9606.ENSP00000339730	2	20	2
9606.ENSP00000339787	1	16	7
9606.ENSP00000339795	133	14	113
9606.ENSP00000339804	3	11	8
9606.ENSP00000339824	24	14	12
9606.ENSP00000339826	7	24	8
9606.ENSP00000339834	23	24	19
9606.ENSP00000339835	117	11	69
9606.ENSP00000339844	107	27	50
9606.ENSP00000339850	3	16	9
9606.ENSP00000339881	14	20	15
9606.ENSP00000339883	14	22	10
9606.ENSP00000339912	3	19	5
9606.ENSP00000339916	1	14	7
9606.ENSP00000339917	59	16	54
9606.ENSP00000339933	9	19	7
9606.ENSP00000339976	6	15	7
9606.ENSP00000339992	11	15	11
9606.ENSP00000340019	12	15	8
9606.ENSP00000340211	1	19	7
9606.ENSP00000340220	15	16	11
9606.ENSP00000340243	1	11	5
9606.ENSP00000340271	97	23	51
9606.ENSP00000340278	14	14	10
9606.ENSP00000340279	3	17	4
9606.ENSP00000340292	2	17	4
9606.ENSP00000340305	20	25	11
9606.ENSP00000340329	6	21	14
9606.ENSP00000340330	83	17	56
9606.ENSP00000340347	16	18	13
9606.ENSP00000340361	23	15	17
9606.ENSP00000340373	2	18	8
9606.ENSP00000340409	7	19	10
9606.ENSP00000340454	2	12	6
9606.ENSP00000340466	2	13	8
9606.ENSP00000340505	1	23	7
9606.ENSP00000340507	17	8	16
9606.ENSP00000340510	9	14	14
9606.ENSP00000340526	1	12	9
9606.ENSP00000340568	1	17	3
9606.ENSP00000340608	2	17	9
9606.ENSP00000340644	2	15	4
9606.ENSP00000340648	9	14	7
9606.ENSP00000340677	2	18	4
9606.ENSP00000340684	4	15	8
9606.ENSP00000340688	16	14	11
9606.ENSP00000340691	10	16	9
9606.ENSP00000340736	6	15	10
9606.ENSP00000340796	1	30	5
9606.ENSP00000340820	19	18	11
9606.ENSP00000340823	92	12	56
9606.ENSP00000340864	1	20	4
9606.ENSP00000340874	9	17	13
9606.ENSP00000340883	70	13	40
9606.ENSP00000340896	58	20	36
9606.ENSP00000340900	4	17	9
9606.ENSP00000340913	10	13	17
9606.ENSP00000340935	2	10	5
9606.ENSP00000340939	2	23	10
9606.ENSP00000340943	5	20	12
9606.ENSP00000340982	34	24	21
9606.ENSP00000340989	33	12	17
9606.ENSP00000340998	2	12	2
9606.ENSP00000341013	1	16	3
9606.ENSP00000341021	2	12	7
9606.ENSP00000341030	4	13	5
9606.ENSP00000341032	11	17	16
9606.ENSP00000341044	2	21	11
9606.ENSP00000341071	1	17	10
9606.ENSP00000341082	111	15	63
9606.ENSP00000341083	4	19	6
9606.ENSP00000341094	42	11	25
9606.ENSP00000341117	1	11	13
9606.ENSP00000341141	4	14	7
9606.ENSP00000341170	8	14	21
9606.ENSP00000341189	64	16	52
9606.ENSP00000341198	14	14	14
9606.ENSP00000341206	1	13	7
9606.ENSP00000341208	28	21	17
9606.ENSP00000341243	10	14	16
9606.ENSP00000341247	4	23	7
9606.ENSP00000341268	40	8	37
9606.ENSP00000341280	15	20	12
9606.ENSP00000341289	47	21	27
9606.ENSP00000341292	2	12	8
9606.ENSP00000341324	1	14	7
9606.ENSP00000341346	34	21	26
9606.ENSP00000341351	28	17	25
9606.ENSP00000341361	5	18	9
9606.ENSP00000341382	8	11	10
9606.ENSP00000341422	1	16	7
9606.ENSP00000341483	4	19	11
9606.ENSP00000341490	1	22	5
9606.ENSP00000341524	15	16	11
9606.ENSP00000341551	45	20	29
9606.ENSP00000341562	2	22	8
9606.ENSP00000341625	13	15	10
9606.ENSP00000341637	4	24	3
9606.ENSP00000341680	16	19	9
9606.ENSP00000341743	1	14	5
9606.ENSP00000341779	41	23	21
9606.ENSP00000341785	6	19	4
9606.ENSP00000341787	2	10	4
9606.ENSP00000341803	4	21	6
9606.ENSP00000341805	56	18	36
9606.ENSP00000341821	4	22	12
9606.ENSP00000341826	31	16	21
9606.ENSP00000341838	14	14	14
9606.ENSP00000341843	1	18	6
9606.ENSP00000341874	5	23	6
9606.ENSP00000341885	172	16	213
9606.ENSP00000341940	35	10	21
9606.ENSP00000341947	10	13	6
9606.ENSP00000341957	11	16	14
9606.ENSP00000342002	2	20	5
9606.ENSP00000342007	9	13	9
9606.ENSP00000342026	11	17	8
9606.ENSP00000342056	1	19	3
9606.ENSP00000342082	1	26	9
9606.ENSP00000342098	2	12	9
9606.ENSP00000342105	3	18	10
9606.ENSP00000342114	2	20	9
9606.ENSP00000342136	21	26	12
9606.ENSP00000342143	10	22	14
9606.ENSP00000342144	2	21	9
9606.ENSP00000342156	9	18	12
9606.ENSP00000342197	2	9	4
9606.ENSP00000342215	12	25	10
9606.ENSP00000342222	2	9	8
9606.ENSP00000342235	30	19	26
9606.ENSP00000342262	29	16	14
9606.ENSP00000342267	1	17	7
9606.ENSP00000342276	3	16	9
9606.ENSP00000342278	3	15	5
9606.ENSP00000342307	12	19	14
9606.ENSP00000342331	7	16	6
9606.ENSP00000342351	5	17	10
9606.ENSP00000342374	146	19	146
9606.ENSP00000342385	2	14	6
9606.ENSP00000342434	17	16	11
9606.ENSP00000342502	5	14	7
9606.ENSP00000342510	2	26	7
9606.ENSP00000342538	5	13	8
9606.ENSP00000342560	1	10	8
9606.ENSP00000342609	8	11	7
9606.ENSP00000342637	2	18	13
9606.ENSP00000342676	95	18	47
9606.ENSP00000342681	10	11	5
9606.ENSP00000342699	1	15	5
9606.ENSP00000342710	3	15	10
9606.ENSP00000342755	5	16	4
9606.ENSP00000342778	1	13	8
9606.ENSP00000342793	5	15	7
9606.ENSP00000342848	10	19	7
9606.ENSP00000342858	4	14	6
9606.ENSP00000342889	155	10	132
9606.ENSP00000342924	2	15	11
9606.ENSP00000342931	1	9	4
9606.ENSP00000342952	1	28	3
9606.ENSP00000342981	2	15	9
9606.ENSP00000343001	10	15	6
9606.ENSP00000343023	25	14	20
9606.ENSP00000343054	25	22	20
9606.ENSP00000343103	1	11	7
9606.ENSP00000343118	27	19	17
9606.ENSP00000343129	1	12	10
9606.ENSP00000343144	11	19	15
9606.ENSP00000343158	5	14	6
9606.ENSP00000343223	2	15	7
9606.ENSP00000343273	33	21	21
9606.ENSP00000343288	2	23	4
9606.ENSP00000343290	34	14	22
9606.ENSP00000343325	12	16	8
9606.ENSP00000343339	5	19	11
9606.ENSP00000343405	15	14	11
9606.ENSP00000343412	41	17	23
9606.ENSP00000343445	1	14	4
9606.ENSP00000343479	15	8	13
9606.ENSP00000343497	1	19	5
9606.ENSP00000343505	9	14	4
9606.ENSP00000343515	37	10	18
9606.ENSP00000343526	10	9	8
9606.ENSP00000343535	29	15	15
9606.ENSP00000343577	3	12	5
9606.ENSP00000343619	4	17	8
9606.ENSP00000343635	16	18	14
9606.ENSP00000343636	2	14	7
9606.ENSP00000343657	4	10	10
9606.ENSP00000343658	2	15	8
9606.ENSP00000343676	3	13	8
9606.ENSP00000343690	14	19	13
9606.ENSP00000343701	13	15	13
9606.ENSP00000343706	1	19	6
9606.ENSP00000343741	14	16	12
9606.ENSP00000343742	2	20	6
9606.ENSP00000343782	3	11	5
9606.ENSP00000343818	5	14	7
9606.ENSP00000343838	7	18	9
9606.ENSP00000343867	90	15	52
9606.ENSP00000343885	2	17	10
9606.ENSP00000343896	112	19	46
9606.ENSP00000343899	8	19	11
9606.ENSP00000343900	6	20	11
9606.ENSP00000343925	21	26	18
9606.ENSP00000343952	36	13	22
9606.ENSP00000343957	17	9	16
9606.ENSP00000343966	7	9	6
9606.ENSP00000344087	7	17	7
9606.ENSP00000344155	16	14	15
9606.ENSP00000344166	8	11	4
9606.ENSP00000344208	3	7	5
9606.ENSP00000344215	4	14	10
9606.ENSP00000344220	5	19	15
9606.ENSP00000344241	24	12	22
9606.ENSP00000344299	4	15	8
9606.ENSP00000344314	4	14	9
9606.ENSP00000344352	13	11	14
9606.ENSP00000344392	16	16	9
9606.ENSP00000344393	77	22	45
9606.ENSP00000344401	1	16	4
9606.ENSP00000344411	2	24	6
9606.ENSP00000344432	2	17	10
9606.ENSP00000344458	1	23	10
9606.ENSP00000344468	7	14	17
9606.ENSP00000344479	1	20	6
9606.ENSP00000344488	2	14	6
9606.ENSP00000344503	2	13	12
9606.ENSP00000344504	42	13	17
9606.ENSP00000344544	4	13	7
9606.ENSP00000344547	3	25	7
9606.ENSP00000344572	1	23	5
9606.ENSP00000344609	1	16	9
9606.ENSP00000344635	5	14	9
9606.ENSP00000344666	21	16	15
9606.ENSP00000344741	6	17	9
9606.ENSP00000344758	1	24	2
9606.ENSP00000344782	3	18	13
9606.ENSP00000344786	10	12	18
9606.ENSP00000344855	2	14	5
9606.ENSP00000344866	4	24	8
9606.ENSP00000344903	7	20	8
9606.ENSP00000344942	4	13	11
9606.ENSP00000345001	3	18	12
9606.ENSP00000345008	5	19	10
9606.ENSP00000345023	2	17	9
9606.ENSP00000345055	26	21	19
9606.ENSP00000345064	5	14	12
9606.ENSP00000345083	11	13	16
9606.ENSP00000345096	1	22	4
9606.ENSP00000345179	5	16	11
9606.ENSP00000345192	1	14	4
9606.ENSP00000345193	9	18	12
9606.ENSP00000345195	17	13	15
9606.ENSP00000345206	24	15	18
9606.ENSP00000345243	5	16	5
9606.ENSP00000345259	12	5	4
9606.ENSP00000345282	6	19	8
9606.ENSP00000345341	2	12	14
9606.ENSP00000345344	7	16	8
9606.ENSP00000345347	25	19	20
9606.ENSP00000345361	12	10	6
9606.ENSP00000345412	8	11	9
9606.ENSP00000345436	1	15	8
9606.ENSP00000345445	16	23	17
9606.ENSP00000345464	1	18	2
9606.ENSP00000345492	4	18	10
9606.ENSP00000345502	7	14	10
9606.ENSP00000345571	28	20	17
9606.ENSP00000345575	2	16	9
9606.ENSP00000345656	11	13	7
9606.ENSP00000345672	8	10	9
9606.ENSP00000345681	12	18	11
9606.ENSP00000345702	5	14	8
9606.ENSP00000345708	7	16	8
9606.ENSP00000345719	4	16	4
9606.ENSP00000345728	6	18	20
9606.ENSP00000345731	36	12	25
9606.ENSP00000345751	13	21	13
9606.ENSP00000345752	5	11	6
9606.ENSP00000345767	3	14	11
9606.ENSP00000345772	6	12	9
9606.ENSP00000345774	2	14	13
9606.ENSP00000345785	13	10	10
9606.ENSP00000345793	1	11	3
9606.ENSP00000345808	1	15	7
9606.ENSP00000345824	3	16	7
9606.ENSP00000345826	3	21	8
9606.ENSP00000345837	51	18	38
9606.ENSP00000345848	2	23	9
9606.ENSP00000345853	1	12	9
9606.ENSP00000345868	7	13	16
9606.ENSP00000345873	7	12	11
9606.ENSP00000345895	26	17	16
9606.ENSP00000345917	82	20	40
9606.ENSP00000345957	159	22	167
9606.ENSP00000345984	3	15	7
9606.ENSP00000345985	3	22	8
9606.ENSP00000346001	137	9	111
9606.ENSP00000346012	134	17	107
9606.ENSP00000346015	138	15	119
9606.ENSP00000346027	136	18	105
9606.ENSP00000346032	28	12	23
9606.ENSP00000346037	81	18	54
9606.ENSP00000346050	202	15	354
9606.ENSP00000346065	3	9	6
9606.ENSP00000346080	2	20	12
9606.ENSP00000346088	136	12	103
9606.ENSP00000346103	10	22	11
9606.ENSP00000346112	1	22	8
9606.ENSP00000346120	17	10	10
9606.ENSP00000346130	1	18	8
9606.ENSP00000346139	2	21	7
9606.ENSP00000346148	7	23	13
9606.ENSP00000346151	7	12	10
9606.ENSP00000346155	3	17	6
9606.ENSP00000346160	1	20	5
9606.ENSP00000346173	2	12	6
9606.ENSP00000346175	1	13	5
9606.ENSP00000346196	70	16	49
9606.ENSP00000346206	6	10	6
9606.ENSP00000346240	9	20	9
9606.ENSP00000346265	3	18	6
9606.ENSP00000346298	1	16	12
9606.ENSP00000346300	30	19	22
9606.ENSP00000346335	1	16	16
9606.ENSP00000346340	25	16	18
9606.ENSP00000346378	1	9	9
9606.ENSP00000346437	15	17	16
9606.ENSP00000346453	35	13	21
9606.ENSP00000346464	37	17	32
9606.ENSP00000346483	3	11	7
9606.ENSP00000346508	9	15	6
9606.ENSP00000346509	26	14	21
9606.ENSP00000346534	7	18	8
9606.ENSP00000346550	8	19	7
9606.ENSP00000346634	19	16	9
9606.ENSP00000346635	1	16	12
9606.ENSP00000346643	9	13	11
9606.ENSP00000346659	5	19	7
9606.ENSP00000346667	1	23	5
9606.ENSP00000346671	79	20	49
9606.ENSP00000346693	7	19	11
9606.ENSP00000346694	16	27	10
9606.ENSP00000346697	5	16	7
9606.ENSP00000346725	33	10	19
9606.ENSP00000346762	8	17	5
9606.ENSP00000346768	7	13	13
9606.ENSP00000346829	12	8	9
9606.ENSP00000346839	104	18	48
9606.ENSP00000346874	1	17	9
9606.ENSP00000346879	2	9	9
9606.ENSP00000346886	2	16	8
9606.ENSP00000346890	2	21	6
9606.ENSP00000346916	1	17	3
9606.ENSP00000346927	3	18	7
9606.ENSP00000346964	1	20	8
9606.ENSP00000346986	2	10	7
9606.ENSP00000346990	2	21	7
9606.ENSP00000346997	1	31	10
9606.ENSP00000347005	14	11	11
9606.ENSP00000347032	2	17	6
9606.ENSP00000347041	4	23	7
9606.ENSP00000347046	2	16	5
9606.ENSP00000347055	5	13	14
9606.ENSP00000347088	2	10	7
9606.ENSP00000347119	1	15	8
9606.ENSP00000347134	1	24	1
9606.ENSP00000347140	2	15	3
9606.ENSP00000347168	245	15	317
9606.ENSP00000347170	5	15	9
9606.ENSP00000347184	50	13	44
9606.ENSP00000347188	1	17	8
9606.ENSP00000347197	8	20	8
9606.ENSP00000347198	3	22	4
9606.ENSP00000347206	4	17	4
9606.ENSP00000347232	28	9	20
9606.ENSP00000347244	13	8	14
9606.ENSP00000347277	102	15	46
9606.ENSP00000347345	22	13	12
9606.ENSP00000347379	29	12	19
9606.ENSP00000347408	6	9	14
9606.ENSP00000347409	1	16	5
9606.ENSP00000347427	2	15	7
9606.ENSP00000347433	2	15	10
9606.ENSP00000347451	6	12	6
9606.ENSP00000347457	2	13	9
9606.ENSP00000347464	8	17	11
9606.ENSP00000347495	2	17	8
9606.ENSP00000347507	25	14	13
9606.ENSP00000347532	1	12	9
9606.ENSP00000347591	9	19	14
9606.ENSP00000347602	18	17	16
9606.ENSP00000347626	15	18	9
9606.ENSP00000347646	2	17	3
9606.ENSP00000347655	5	17	8
9606.ENSP00000347672	9	14	13
9606.ENSP00000347684	1	15	7
9606.ENSP00000347689	3	14	5
9606.ENSP00000347714	2	16	6
9606.ENSP00000347716	23	14	15
9606.ENSP00000347719	1	23	8
9606.ENSP00000347754	25	18	16
9606.ENSP00000347778	1	14	5
9606.ENSP00000347792	11	17	6
9606.ENSP00000347834	4	23	7
9606.ENSP00000347845	2	19	11
9606.ENSP00000347852	1	20	9
9606.ENSP00000347896	1	31	7
9606.ENSP00000347915	16	9	10
9606.ENSP00000347916	2	8	8
9606.ENSP00000347942	26	9	17
9606.ENSP00000347948	8	18	11
9606.ENSP00000348010	10	22	11
9606.ENSP00000348020	7	17	4
9606.ENSP00000348054	3	12	7
9606.ENSP00000348056	38	19	27
9606.ENSP00000348069	6	11	14
9606.ENSP00000348089	73	15	34
9606.ENSP00000348099	3	19	12
9606.ENSP00000348107	21	19	18
9606.ENSP00000348128	1	11	9
9606.ENSP00000348163	1	11	8
9606.ENSP00000348168	90	23	33
9606.ENSP00000348169	4	18	9
9606.ENSP00000348170	10	17	10
9606.ENSP00000348206	1	20	7
9606.ENSP00000348211	1	10	10
9606.ENSP00000348215	12	21	13
9606.ENSP00000348234	4	12	12
9606.ENSP00000348278	1	16	2
9606.ENSP00000348300	2	18	7
9606.ENSP00000348349	7	18	2
9606.ENSP00000348381	15	19	15
9606.ENSP00000348416	72	16	39
9606.ENSP00000348419	1	13	9
9606.ENSP00000348429	1	12	3
9606.ENSP00000348442	47	12	37
9606.ENSP00000348455	12	12	8
9606.ENSP00000348461	40	19	30
9606.ENSP00000348489	2	14	4
9606.ENSP00000348510	8	16	3
9606.ENSP00000348527	36	21	19
9606.ENSP00000348554	49	22	34
9606.ENSP00000348565	3	16	10
9606.ENSP00000348573	10	10	9
9606.ENSP00000348596	2	15	13
9606.ENSP00000348602	12	13	17
9606.ENSP00000348632	18	11	9
9606.ENSP00000348635	2	20	8
9606.ENSP00000348645	1	19	8
9606.ENSP00000348708	15	16	12
9606.ENSP00000348752	5	16	11
9606.ENSP00000348753	4	18	4
9606.ENSP00000348757	3	13	9
9606.ENSP00000348769	4	19	8
9606.ENSP00000348772	1	13	5
9606.ENSP00000348775	10	12	9
9606.ENSP00000348821	1	19	9
9606.ENSP00000348838	46	13	22
9606.ENSP00000348848	2	19	4
9606.ENSP00000348849	151	24	150
9606.ENSP00000348886	1	19	11
9606.ENSP00000348888	8	14	10
9606.ENSP00000348924	93	25	41
9606.ENSP00000348944	7	23	14
9606.ENSP00000348959	2	15	8
9606.ENSP00000348965	39	19	26
9606.ENSP00000349003	3	15	8
9606.ENSP00000349016	10	14	14
9606.ENSP00000349022	2	16	4
9606.ENSP00000349041	2	13	3
9606.ENSP00000349078	2	19	7
9606.ENSP00000349085	3	19	12
9606.ENSP00000349087	2	13	9
9606.ENSP00000349116	12	20	12
9606.ENSP00000349124	21	14	9
9606.ENSP00000349131	4	15	5
9606.ENSP00000349142	30	17	15
9606.ENSP00000349143	2	12	10
9606.ENSP00000349156	15	17	15
9606.ENSP00000349168	21	14	22
9606.ENSP00000349204	5	12	6
9606.ENSP00000349205	14	15	17
9606.ENSP00000349208	8	12	13
9606.ENSP00000349252	28	19	27
9606.ENSP00000349259	16	21	19
9606.ENSP00000349270	2	11	1
9606.ENSP00000349274	1	9	4
9606.ENSP00000349298	1	25	6
9606.ENSP00000349305	3	16	6
9606.ENSP00000349313	25	17	23
9606.ENSP00000349320	38	17	26
9606.ENSP00000349324	4	13	7
9606.ENSP00000349351	9	10	13
9606.ENSP00000349365	6	18	10
9606.ENSP00000349396	17	9	22
9606.ENSP00000349428	19	17	17
9606.ENSP00000349430	84	16	49
9606.ENSP00000349436	4	19	8
9606.ENSP00000349437	10	12	11
9606.ENSP00000349439	1	21	8
9606.ENSP00000349446	1	13	6
9606.ENSP00000349458	1	14	10
9606.ENSP00000349486	19	15	13
9606.ENSP00000349490	2	22	5
9606.ENSP00000349493	2	16	5
9606.ENSP00000349541	3	13	12
9606.ENSP00000349543	41	17	29
9606.ENSP00000349547	10	18	13
9606.ENSP00000349577	4	15	6
9606.ENSP00000349588	28	22	20
9606.ENSP00000349595	5	20	6
9606.ENSP00000349616	3	11	10
9606.ENSP00000349640	62	12	48
9606.ENSP00000349679	30	17	28
9606.ENSP00000349689	7	22	10
9606.ENSP00000349709	3	12	7
9606.ENSP00000349722	16	14	14
9606.ENSP00000349723	31	20	25
9606.ENSP00000349727	2	13	6
9606.ENSP00000349748	10	14	11
9606.ENSP00000349768	1	19	2
9606.ENSP00000349785	6	22	8
9606.ENSP00000349790	5	14	6
9606.ENSP00000349823	4	12	8
9606.ENSP00000349824	5	17	2
9606.ENSP00000349860	3	24	12
9606.ENSP00000349884	1	17	7
9606.ENSP00000349923	4	19	9
9606.ENSP00000349954	7	18	6
9606.ENSP00000349957	42	16	34
9606.ENSP00000349967	20	12	13
9606.ENSP00000349970	2	19	8
9606.ENSP00000350005	6	24	9
9606.ENSP00000350012	1	15	6
9606.ENSP00000350032	1	14	9
9606.ENSP00000350036	9	15	8
9606.ENSP00000350071	27	20	14
9606.ENSP00000350075	9	17	13
9606.ENSP00000350090	1	9	8
9606.ENSP00000350098	35	16	25
9606.ENSP00000350132	19	12	17
9606.ENSP00000350136	2	10	12
9606.ENSP00000350162	2	9	5
9606.ENSP00000350170	18	15	11
9606.ENSP00000350198	7	23	6
9606.ENSP00000350199	28	16	24
9606.ENSP00000350224	1	25	9
9606.ENSP00000350249	19	21	10
9606.ENSP00000350256	21	23	19
9606.ENSP00000350267	8	26	13
9606.ENSP00000350310	4	21	12
9606.ENSP00000350332	1	12	4
9606.ENSP00000350333	33	21	22
9606.ENSP00000350348	3	23	9
9606.ENSP00000350359	20	24	12
9606.ENSP00000350364	1	16	6
9606.ENSP00000350369	9	9	11
9606.ENSP00000350378	8	12	19
9606.ENSP00000350386	15	14	16
9606.ENSP00000350402	1	14	6
9606.ENSP00000350425	26	21	14
9606.ENSP00000350447	10	21	15
9606.ENSP00000350491	26	15	22
9606.ENSP00000350512	46	17	25
9606.ENSP00000350630	1	16	6
9606.ENSP00000350633	1	18	8
9606.ENSP00000350676	23	16	19
9606.ENSP00000350681	2	18	7
9606.ENSP00000350686	4	21	7
9606.ENSP00000350698	21	15	21
9606.ENSP00000350704	1	17	4
9606.ENSP00000350708	41	14	27
9606.ENSP00000350718	1	19	4
9606.ENSP00000350719	9	15	4
9606.ENSP00000350786	2	16	2
9606.ENSP00000350815	6	13	13
9606.ENSP00000350844	3	16	7
9606.ENSP00000350896	8	17	7
9606.ENSP00000350928	3	21	8
9606.ENSP00000350934	1	16	5
9606.ENSP00000350937	2	23	8
9606.ENSP00000350949	1	13	4
9606.ENSP00000351015	7	17	7
9606.ENSP00000351022	12	20	12
9606.ENSP00000351052	3	14	8
9606.ENSP00000351059	27	11	17
9606.ENSP00000351132	9	18	8
9606.ENSP00000351137	83	16	48
9606.ENSP00000351138	1	23	7
9606.ENSP00000351141	14	17	8
9606.ENSP00000351142	2	12	5
9606.ENSP00000351147	29	11	19
9606.ENSP00000351155	2	12	8
9606.ENSP00000351159	14	10	12
9606.ENSP00000351185	7	15	8
9606.ENSP00000351190	1	20	7
9606.ENSP00000351209	23	15	18
9606.ENSP00000351214	18	18	17
9606.ENSP00000351250	34	19	26
9606.ENSP00000351255	7	14	14
9606.ENSP00000351273	42	18	29
9606.ENSP00000351284	9	16	10
9606.ENSP00000351314	24	17	11
9606.ENSP00000351327	6	13	7
9606.ENSP00000351338	17	18	13
9606.ENSP00000351342	3	28	6
9606.ENSP00000351345	1	16	7
9606.ENSP00000351379	10	28	10
9606.ENSP00000351380	47	15	40
9606.ENSP00000351407	16	9	10
9606.ENSP00000351446	166	16	198
9606.ENSP00000351473	1	17	5
9606.ENSP00000351490	38	19	38
9606.ENSP00000351492	75	20	49
9606.ENSP00000351497	13	19	11
9606.ENSP00000351520	3	22	9
9606.ENSP00000351530	1	16	12
9606.ENSP00000351539	1	18	7
9606.ENSP00000351575	18	9	9
9606.ENSP00000351589	94	22	45
9606.ENSP00000351591	8	11	13
9606.ENSP00000351602	3	13	9
9606.ENSP00000351605	16	19	12
9606.ENSP00000351614	1	21	3
9606.ENSP00000351642	7	14	10
9606.ENSP00000351644	5	13	15
9606.ENSP00000351646	35	14	20
9606.ENSP00000351671	26	13	18
9606.ENSP00000351682	2	11	7
9606.ENSP00000351697	19	16	21
9606.ENSP00000351706	3	11	9
9606.ENSP00000351732	4	20	3
9606.ENSP00000351737	6	20	14
9606.ENSP00000351742	13	15	10
9606.ENSP00000351777	60	19	44
9606.ENSP00000351789	8	15	9
9606.ENSP00000351790	2	16	8
9606.ENSP00000351807	19	16	15
9606.ENSP00000351811	9	19	9
9606.ENSP00000351813	4	12	9
9606.ENSP00000351832	1	15	4
9606.ENSP00000351905	26	17	30
9606.ENSP00000351908	16	23	22
9606.ENSP00000351926	39	10	27
9606.ENSP00000351933	35	17	30
9606.ENSP00000351947	2	13	11
9606.ENSP00000351957	2	14	8
9606.ENSP00000351990	5	18	10
9606.ENSP00000352011	7	17	8
9606.ENSP00000352021	2	11	6
9606.ENSP00000352035	16	15	15
9606.ENSP00000352069	6	9	12
9606.ENSP00000352071	5	23	4
9606.ENSP00000352097	7	12	18
9606.ENSP00000352119	93	17	54
9606.ENSP00000352138	6	14	8
9606.ENSP00000352167	1	17	8
9606.ENSP00000352185	1	8	10
9606.ENSP00000352252	192	13	436
9606.ENSP00000352257	53	16	33
9606.ENSP00000352264	33	10	25
9606.ENSP00000352265	4	19	5
9606.ENSP00000352271	10	16	12
9606.ENSP00000352272	4	18	4
9606.ENSP00000352282	7	13	14
9606.ENSP00000352288	13	16	9
9606.ENSP00000352358	4	14	6
9606.ENSP00000352400	44	16	32
9606.ENSP00000352401	1	12	6
9606.ENSP00000352408	8	17	9
9606.ENSP00000352414	21	24	15
9606.ENSP00000352438	9	18	13
9606.ENSP00000352455	4	17	9
9606.ENSP00000352510	2	13	6
9606.ENSP00000352513	1	21	9
9606.ENSP00000352516	60	14	40
9606.ENSP00000352522	32	22	23
9606.ENSP00000352527	4	19	8
9606.ENSP00000352536	6	13	8
9606.ENSP00000352544	19	8	14
9606.ENSP00000352561	13	17	10
9606.ENSP00000352565	4	18	10
9606.ENSP00000352572	16	19	10
9606.ENSP00000352584	2	15	10
9606.ENSP00000352608	48	14	28
9606.ENSP00000352627	93	25	41
9606.ENSP00000352672	1	16	11
9606.ENSP00000352673	2	14	8
9606.ENSP00000352676	6	10	3
9606.ENSP00000352678	18	15	11
9606.ENSP00000352706	29	17	26
9606.ENSP00000352738	6	19	11
9606.ENSP00000352798	6	16	8
9606.ENSP00000352833	6	15	5
9606.ENSP00000352835	9	13	12
9606.ENSP00000352882	10	17	8
9606.ENSP00000352900	15	12	10
9606.ENSP00000352904	11	13	18
9606.ENSP00000352925	89	13	52
9606.ENSP00000352926	16	13	18
9606.ENSP00000352927	1	22	11
9606.ENSP00000352928	30	19	21
9606.ENSP00000352936	1	23	13
9606.ENSP00000353010	4	17	6
9606.ENSP00000353013	1	14	4
9606.ENSP00000353025	3	15	7
9606.ENSP00000353030	7	20	10
9606.ENSP00000353032	10	20	8
9606.ENSP00000353048	8	21	8
9606.ENSP00000353072	4	21	7
9606.ENSP00000353098	4	10	12
9606.ENSP00000353099	30	20	20
9606.ENSP00000353104	1	10	5
9606.ENSP00000353114	3	25	5
9606.ENSP00000353128	1	10	5
9606.ENSP00000353198	5	20	8
9606.ENSP00000353246	28	15	17
9606.ENSP00000353270	2	15	8
9606.ENSP00000353292	13	11	12
9606.ENSP00000353331	1	23	5
9606.ENSP00000353332	3	21	6
9606.ENSP00000353344	6	24	5
9606.ENSP00000353375	1	14	5
9606.ENSP00000353379	1	10	3
9606.ENSP00000353393	4	14	9
9606.ENSP00000353401	3	10	7
9606.ENSP00000353408	29	9	21
9606.ENSP00000353444	5	14	6
9606.ENSP00000353452	7	13	11
9606.ENSP00000353475	22	25	21
9606.ENSP00000353512	1	17	9
9606.ENSP00000353575	7	17	8
9606.ENSP00000353582	20	17	18
9606.ENSP00000353590	25	16	15
9606.ENSP00000353600	4	21	13
9606.ENSP00000353608	6	8	14
9606.ENSP00000353654	4	19	6
9606.ENSP00000353720	1	24	5
9606.ENSP00000353731	17	11	15
9606.ENSP00000353732	1	8	7
9606.ENSP00000353735	12	17	7
9606.ENSP00000353741	94	14	44
9606.ENSP00000353770	4	18	4
9606.ENSP00000353785	6	23	5
9606.ENSP00000353793	25	16	20
9606.ENSP00000353794	1	16	5
9606.ENSP00000353850	4	16	13
9606.ENSP00000353863	1	14	1
9606.ENSP00000353864	10	15	8
9606.ENSP00000353874	15	26	14
9606.ENSP00000353904	5	16	7
9606.ENSP00000353915	3	15	6
9606.ENSP00000353920	1	22	6
9606.ENSP00000353959	1	14	7
9606.ENSP00000354003	8	22	10
9606.ENSP00000354006	1	18	8
9606.ENSP00000354040	68	24	40
9606.ENSP00000354090	3	17	5
9606.ENSP00000354091	18	9	13
9606.ENSP00000354111	11	22	8
9606.ENSP00000354125	64	15	62
9606.ENSP00000354158	12	14	6
9606.ENSP00000354204	1	15	5
9606.ENSP00000354207	14	14	7
9606.ENSP00000354213	1	18	6
9606.ENSP00000354218	4	9	10
9606.ENSP00000354223	1	18	8
9606.ENSP00000354227	1	16	4
9606.ENSP00000354251	15	17	20
9606.ENSP00000354280	1	20	7
9606.ENSP00000354294	3	11	7
9606.ENSP00000354314	3	15	8
9606.ENSP00000354340	4	21	12
9606.ENSP00000354346	17	18	12
9606.ENSP00000354357	3	18	12
9606.ENSP00000354360	6	11	2
9606.ENSP00000354361	5	20	7
9606.ENSP00000354376	3	16	6
9606.ENSP00000354394	43	23	29
9606.ENSP00000354416	23	14	12
9606.ENSP00000354451	4	13	8
9606.ENSP00000354458	21	18	17
9606.ENSP00000354461	3	17	5
9606.ENSP00000354468	7	16	9
9606.ENSP00000354476	8	12	11
9606.ENSP00000354487	12	16	10
9606.ENSP00000354488	9	19	6
9606.ENSP00000354490	19	20	15
9606.ENSP00000354497	5	12	5
9606.ENSP00000354499	80	14	41
9606.ENSP00000354511	1	19	10
9606.ENSP00000354518	14	7	8
9606.ENSP00000354522	9	15	15
9606.ENSP00000354525	105	23	56
9606.ENSP00000354532	4	18	9
9606.ENSP00000354554	72	18	42
9606.ENSP00000354558	43	19	21
9606.ENSP00000354560	8	14	9
9606.ENSP00000354566	13	18	8
9606.ENSP00000354573	3	16	10
9606.ENSP00000354580	113	16	73
9606.ENSP00000354581	9	10	6
9606.ENSP00000354607	18	22	9
9606.ENSP00000354608	1	14	10
9606.ENSP00000354610	5	13	7
9606.ENSP00000354612	1	20	12
9606.ENSP00000354621	15	19	11
9606.ENSP00000354623	19	17	16
9606.ENSP00000354632	30	25	28
9606.ENSP00000354633	92	14	49
9606.ENSP00000354643	1	14	4
9606.ENSP00000354649	12	12	12
9606.ENSP00000354652	5	15	2
9606.ENSP00000354660	2	16	7
9606.ENSP00000354665	68	17	41
9606.ENSP00000354669	4	22	5
9606.ENSP00000354671	3	14	5
9606.ENSP00000354677	10	21	8
9606.ENSP00000354686	1	20	5
9606.ENSP00000354687	79	17	48
9606.ENSP00000354688	4	11	12
9606.ENSP00000354718	5	16	7
9606.ENSP00000354720	16	10	17
9606.ENSP00000354722	13	15	8
9606.ENSP00000354723	1	22	6
9606.ENSP00000354724	31	17	23
9606.ENSP00000354728	68	14	39
9606.ENSP00000354739	113	15	57
9606.ENSP00000354742	9	17	7
9606.ENSP00000354762	2	11	10
9606.ENSP00000354772	24	17	17
9606.ENSP00000354777	7	11	4
9606.ENSP00000354778	5	19	7
9606.ENSP00000354782	24	13	13
9606.ENSP00000354791	45	14	36
9606.ENSP00000354794	1	16	14
9606.ENSP00000354813	70	18	61
9606.ENSP00000354822	1	13	5
9606.ENSP00000354826	7	19	9
9606.ENSP00000354829	6	15	18
9606.ENSP00000354837	7	18	4
9606.ENSP00000354848	4	17	7
9606.ENSP00000354850	1	19	10
9606.ENSP00000354855	2	18	9
9606.ENSP00000354859	15	21	10
9606.ENSP00000354874	13	13	17
9606.ENSP00000354876	37	13	22
9606.ENSP00000354878	2	15	10
9606.ENSP00000354900	17	19	12
9606.ENSP00000354901	33	15	28
9606.ENSP00000354910	7	14	13
9606.ENSP00000354911	3	8	8
9606.ENSP00000354916	4	21	6
9606.ENSP00000354920	2	14	10
9606.ENSP00000354923	30	12	17
9606.ENSP00000354927	5	13	6
9606.ENSP00000354932	12	15	8
9606.ENSP00000354947	16	20	8
9606.ENSP00000354952	21	23	13
9606.ENSP00000354957	10	18	7
9606.ENSP00000354960	10	14	13
9606.ENSP00000354961	76	9	46
9606.ENSP00000354972	7	17	13
9606.ENSP00000354982	80	13	59
9606.ENSP00000354995	1	13	6
9606.ENSP00000355001	2	18	11
9606.ENSP00000355011	9	16	10
9606.ENSP00000355013	87	17	59
9606.ENSP00000355014	1	17	6
9606.ENSP00000355026	1	12	4
9606.ENSP00000355046	71	24	41
9606.ENSP00000355050	51	14	44
9606.ENSP00000355051	92	12	39
9606.ENSP00000355077	8	16	12
9606.ENSP00000355094	18	19	20
9606.ENSP00000355114	29	18	18
9606.ENSP00000355124	1	17	3
9606.ENSP00000355133	5	8	8
9606.ENSP00000355140	4	6	18
9606.ENSP00000355155	22	17	21
9606.ENSP00000355167	1	15	1
9606.ENSP00000355180	2	14	8
9606.ENSP00000355187	2	15	5
9606.ENSP00000355192	41	11	22
9606.ENSP00000355195	2	9	6
9606.ENSP00000355206	74	18	42
9606.ENSP00000355228	1	19	5
9606.ENSP00000355231	63	15	45
9606.ENSP00000355237	1	26	5
9606.ENSP00000355245	1	15	12
9606.ENSP00000355249	5	15	14
9606.ENSP00000355250	3	14	8
9606.ENSP00000355261	9	14	7
9606.ENSP00000355265	20	18	13
9606.ENSP00000355279	20	12	9
9606.ENSP00000355299	7	12	3
9606.ENSP00000355308	11	15	9
9606.ENSP00000355315	140	12	128
9606.ENSP00000355316	1	12	5
9606.ENSP00000355319	1	17	7
9606.ENSP00000355325	51	15	31
9606.ENSP00000355330	2	15	11
9606.ENSP00000355354	1	15	6
9606.ENSP00000355361	19	14	8
9606.ENSP00000355370	14	19	15
9606.ENSP00000355377	1	15	1
9606.ENSP00000355385	2	12	6
9606.ENSP00000355388	21	19	15
9606.ENSP00000355421	1	11	7
9606.ENSP00000355465	25	15	16
9606.ENSP00000355470	12	14	18
9606.ENSP00000355471	2	19	7
9606.ENSP00000355492	32	15	28
9606.ENSP00000355493	1	14	7
9606.ENSP00000355499	1	17	10
9606.ENSP00000355500	10	18	17
9606.ENSP00000355506	12	15	12
9606.ENSP00000355511	14	13	9
9606.ENSP00000355518	1	12	7
9606.ENSP00000355523	6	21	4
9606.ENSP00000355533	19	10	15
9606.ENSP00000355536	3	19	8
9606.ENSP00000355537	13	19	4
9606.ENSP00000355541	73	16	35
9606.ENSP00000355566	11	14	17
9606.ENSP00000355568	4	21	11
9606.ENSP00000355574	6	11	9
9606.ENSP00000355580	2	14	8
9606.ENSP00000355599	2	14	10
9606.ENSP00000355601	9	16	9
9606.ENSP00000355605	16	17	10
9606.ENSP00000355607	2	20	12
9606.ENSP00000355609	62	6	35
9606.ENSP00000355623	5	16	10
9606.ENSP00000355627	10	21	14
9606.ENSP00000355629	7	22	7
9606.ENSP00000355632	1	18	6
9606.ENSP00000355637	2	16	8
9606.ENSP00000355645	55	19	28
9606.ENSP00000355651	8	11	8
9606.ENSP00000355652	6	14	6
9606.ENSP00000355657	145	19	131
9606.ENSP00000355658	2	9	10
9606.ENSP00000355672	2	8	10
9606.ENSP00000355675	3	11	7
9606.ENSP00000355718	8	19	8
9606.ENSP00000355731	2	13	6
9606.ENSP00000355735	5	13	7
9606.ENSP00000355736	1	17	4
9606.ENSP00000355741	1	10	5
9606.ENSP00000355747	9	22	13
9606.ENSP00000355751	5	20	8
9606.ENSP00000355759	31	19	17
9606.ENSP00000355771	45	22	38
9606.ENSP00000355777	7	21	7
9606.ENSP00000355780	122	11	83
9606.ENSP00000355785	2	12	9
9606.ENSP00000355809	7	17	6
9606.ENSP00000355812	6	17	8
9606.ENSP00000355837	1	15	6
9606.ENSP00000355865	32	13	19
9606.ENSP00000355866	1	21	6
9606.ENSP00000355877	2	13	8
9606.ENSP00000355889	11	15	15
9606.ENSP00000355890	24	13	17
9606.ENSP00000355896	13	19	11
9606.ENSP00000355899	6	20	11
9606.ENSP00000355902	1	13	3
9606.ENSP00000355904	5	9	11
9606.ENSP00000355922	11	16	18
9606.ENSP00000355923	3	12	7
9606.ENSP00000355924	3	19	6
9606.ENSP00000355944	13	18	11
9606.ENSP00000355958	29	18	20
9606.ENSP00000355961	33	17	24
9606.ENSP00000355964	4	12	6
9606.ENSP00000355966	18	12	19
9606.ENSP00000355968	2	19	6
9606.ENSP00000355991	21	10	18
9606.ENSP00000355995	2	15	9
9606.ENSP00000355996	1	16	7
9606.ENSP00000356000	11	24	7
9606.ENSP00000356001	102	13	47
9606.ENSP00000356015	1	23	8
9606.ENSP00000356016	5	17	10
9606.ENSP00000356024	7	15	12
9606.ENSP00000356030	8	18	9
9606.ENSP00000356037	3	18	6
9606.ENSP00000356047	5	20	5
9606.ENSP00000356056	25	18	25
9606.ENSP00000356064	1	16	4
9606.ENSP00000356065	4	12	5
9606.ENSP00000356070	8	16	9
9606.ENSP00000356094	3	18	8
9606.ENSP00000356102	1	10	5
9606.ENSP00000356107	3	8	8
9606.ENSP00000356110	1	17	8
9606.ENSP00000356134	37	20	22
9606.ENSP00000356150	13	17	13
9606.ENSP00000356155	6	26	9
9606.ENSP00000356156	8	12	8
9606.ENSP00000356162	1	24	7
9606.ENSP00000356172	1	14	6
9606.ENSP00000356191	1	13	5
9606.ENSP00000356198	1	14	6
9606.ENSP00000356202	1	22	2
9606.ENSP00000356205	5	12	8
9606.ENSP00000356213	4	9	12
9606.ENSP00000356218	2	13	12
9606.ENSP00000356224	12	15	10
9606.ENSP00000356230	45	12	31
9606.ENSP00000356231	9	17	14
9606.ENSP00000356233	7	18	8
9606.ENSP00000356237	2	18	7
9606.ENSP00000356247	4	12	9
9606.ENSP00000356251	1	18	5
9606.ENSP00000356256	12	26	14
9606.ENSP00000356257	3	14	10
9606.ENSP00000356308	3	17	6
9606.ENSP00000356310	3	18	9
9606.ENSP00000356319	5	16	6
9606.ENSP00000356320	3	23	10
9606.ENSP00000356329	3	15	8
9606.ENSP00000356331	8	13	17
9606.ENSP00000356355	4	9	11
9606.ENSP00000356357	1	14	9
9606.ENSP00000356370	3	15	5
9606.ENSP00000356379	1	18	3
9606.ENSP00000356381	2	13	8
9606.ENSP00000356382	1	22	6
9606.ENSP00000356385	2	9	7
9606.ENSP00000356386	2	14	11
9606.ENSP00000356395	1	15	4
9606.ENSP00000356399	12	14	13
9606.ENSP00000356404	2	17	5
9606.ENSP00000356405	89	19	41
9606.ENSP00000356416	2	13	7
9606.ENSP00000356421	60	13	49
9606.ENSP00000356426	26	12	13
9606.ENSP00000356429	1	15	5
9606.ENSP00000356430	1	23	3
9606.ENSP00000356438	3	21	12
9606.ENSP00000356448	45	11	32
9606.ENSP00000356465	3	17	11
9606.ENSP00000356468	2	12	7
9606.ENSP00000356480	102	19	56
9606.ENSP00000356489	2	14	4
9606.ENSP00000356505	22	19	24
9606.ENSP00000356515	8	26	9
9606.ENSP00000356520	108	19	67
9606.ENSP00000356529	6	13	9
9606.ENSP00000356530	2	12	5
9606.ENSP00000356540	14	17	10
9606.ENSP00000356541	121	14	75
9606.ENSP00000356545	13	16	8
9606.ENSP00000356548	44	17	31
9606.ENSP00000356562	3	19	7
9606.ENSP00000356563	30	20	18
9606.ENSP00000356579	2	18	7
9606.ENSP00000356584	1	18	8
9606.ENSP00000356587	8	19	11
9606.ENSP00000356591	1	15	2
9606.ENSP00000356602	7	20	9
9606.ENSP00000356641	29	15	27
9606.ENSP00000356646	1	22	9
9606.ENSP00000356652	12	15	10
9606.ENSP00000356658	4	16	7
9606.ENSP00000356669	1	15	11
9606.ENSP00000356671	5	23	6
9606.ENSP00000356694	15	19	17
9606.ENSP00000356696	1	11	4
9606.ENSP00000356702	7	13	7
9606.ENSP00000356713	9	13	12
9606.ENSP00000356737	1	18	9
9606.ENSP00000356771	2	16	5
9606.ENSP00000356782	4	7	7
9606.ENSP00000356785	53	7	41
9606.ENSP00000356790	20	17	17
9606.ENSP00000356792	24	15	5
9606.ENSP00000356793	18	18	10
9606.ENSP00000356807	3	23	7
9606.ENSP00000356811	91	18	43
9606.ENSP00000356814	28	17	23
9606.ENSP00000356825	1	16	10
9606.ENSP00000356832	5	25	8
9606.ENSP00000356840	10	16	12
9606.ENSP00000356846	3	11	6
9606.ENSP00000356848	38	17	28
9606.ENSP00000356853	2	14	7
9606.ENSP00000356905	1	20	7
9606.ENSP00000356906	1	19	8
9606.ENSP00000356918	30	12	22
9606.ENSP00000356919	8	22	13
9606.ENSP00000356946	22	20	17
9606.ENSP00000356951	34	16	25
9606.ENSP00000356953	6	18	15
9606.ENSP00000356954	5	13	14
9606.ENSP00000356959	4	13	11
9606.ENSP00000356967	5	17	7
9606.ENSP00000356969	27	19	20
9606.ENSP00000356972	81	16	47
9606.ENSP00000356981	8	17	12
9606.ENSP00000356982	3	13	8
9606.ENSP00000356984	1	20	9
9606.ENSP00000356989	24	13	21
9606.ENSP00000356991	5	14	3
9606.ENSP00000356992	1	13	9
9606.ENSP00000357000	6	19	5
9606.ENSP00000357005	23	22	19
9606.ENSP00000357012	3	19	7
9606.ENSP00000357036	3	18	11
9606.ENSP00000357040	12	11	10
9606.ENSP00000357047	100	18	48
9606.ENSP00000357048	14	16	9
9606.ENSP00000357051	14	14	10
9606.ENSP00000357052	28	20	16
9606.ENSP00000357055	4	13	6
9606.ENSP00000357057	6	17	7
9606.ENSP00000357060	9	21	10
9606.ENSP00000357065	4	17	10
9606.ENSP00000357067	4	14	4
9606.ENSP00000357069	1	15	6
9606.ENSP00000357079	34	12	35
9606.ENSP00000357097	4	16	4
9606.ENSP00000357103	10	17	14
9606.ENSP00000357106	4	11	8
9606.ENSP00000357110	8	19	14
9606.ENSP00000357112	22	10	19
9606.ENSP00000357113	7	17	8
9606.ENSP00000357150	2	20	14
9606.ENSP00000357152	2	14	6
9606.ENSP00000357156	1	21	7
9606.ENSP00000357169	2	17	5
9606.ENSP00000357177	11	13	11
9606.ENSP00000357178	3	21	8
9606.ENSP00000357189	1	12	6
9606.ENSP00000357206	2	10	6
9606.ENSP00000357218	1	15	2
9606.ENSP00000357255	4	12	6
9606.ENSP00000357256	12	12	10
9606.ENSP00000357265	3	18	3
9606.ENSP00000357283	13	13	9
9606.ENSP00000357288	32	12	24
9606.ENSP00000357292	28	7	21
9606.ENSP00000357297	5	20	8
9606.ENSP00000357301	9	8	9
9606.ENSP00000357307	2	27	6
9606.ENSP00000357308	37	25	30
9606.ENSP00000357320	102	11	54
9606.ENSP00000357342	3	28	8
9606.ENSP00000357348	2	19	5
9606.ENSP00000357360	14	17	13
9606.ENSP00000357384	2	11	6
9606.ENSP00000357392	11	12	13
9606.ENSP00000357393	9	23	11
9606.ENSP00000357442	28	13	11
9606.ENSP00000357453	2	17	10
9606.ENSP00000357459	6	25	10
9606.ENSP00000357461	12	16	12
9606.ENSP00000357470	19	14	17
9606.ENSP00000357480	2	16	5
9606.ENSP00000357484	6	18	8
9606.ENSP00000357511	34	19	31
9606.ENSP00000357535	2	17	9
9606.ENSP00000357547	1	17	4
9606.ENSP00000357556	2	18	5
9606.ENSP00000357564	2	21	8
9606.ENSP00000357565	4	26	10
9606.ENSP00000357583	3	18	9
9606.ENSP00000357591	15	24	13
9606.ENSP00000357622	14	12	7
9606.ENSP00000357625	11	12	16
9606.ENSP00000357633	7	19	9
9606.ENSP00000357643	2	12	11
9606.ENSP00000357644	15	11	13
9606.ENSP00000357651	1	17	9
9606.ENSP00000357668	4	14	11
9606.ENSP00000357669	5	8	7
9606.ENSP00000357674	21	16	8
9606.ENSP00000357679	13	20	17
9606.ENSP00000357704	7	20	8
9606.ENSP00000357709	5	15	8
9606.ENSP00000357711	4	12	12
9606.ENSP00000357718	1	20	8
9606.ENSP00000357721	11	11	14
9606.ENSP00000357726	2	16	12
9606.ENSP00000357727	2	15	7
9606.ENSP00000357731	6	17	17
9606.ENSP00000357748	11	16	12
9606.ENSP00000357753	8	10	11
9606.ENSP00000357789	2	16	5
9606.ENSP00000357801	11	12	8
9606.ENSP00000357804	7	11	7
9606.ENSP00000357807	5	22	13
9606.ENSP00000357812	6	15	9
9606.ENSP00000357823	111	14	53
9606.ENSP00000357835	2	12	8
9606.ENSP00000357842	1	15	4
9606.ENSP00000357844	1	14	8
9606.ENSP00000357858	18	24	14
9606.ENSP00000357863	6	16	8
9606.ENSP00000357869	12	18	14
9606.ENSP00000357873	6	21	6
9606.ENSP00000357876	56	15	44
9606.ENSP00000357883	8	14	10
9606.ENSP00000357901	37	12	17
9606.ENSP00000357905	3	14	4
9606.ENSP00000357907	34	21	25
9606.ENSP00000357909	1	11	4
9606.ENSP00000357927	1	19	3
9606.ENSP00000357928	121	16	83
9606.ENSP00000357979	5	15	10
9606.ENSP00000357981	3	21	9
9606.ENSP00000357986	1	20	12
9606.ENSP00000357998	5	21	7
9606.ENSP00000358001	1	16	10
9606.ENSP00000358019	9	17	14
9606.ENSP00000358022	21	15	16
9606.ENSP00000358033	1	15	7
9606.ENSP00000358042	3	7	7
9606.ENSP00000358059	1	18	7
9606.ENSP00000358060	2	19	5
9606.ENSP00000358064	3	12	4
9606.ENSP00000358071	3	18	6
9606.ENSP00000358072	28	16	25
9606.ENSP00000358081	33	16	19
9606.ENSP00000358089	5	15	11
9606.ENSP00000358092	2	18	6
9606.ENSP00000358099	1	18	9
9606.ENSP00000358105	9	21	9
9606.ENSP00000358120	1	14	6
9606.ENSP00000358140	58	24	48
9606.ENSP00000358142	3	21	3
9606.ENSP00000358149	3	17	10
9606.ENSP00000358151	103	17	56
9606.ENSP00000358154	239	11	394
9606.ENSP00000358155	72	18	42
9606.ENSP00000358159	4	23	6
9606.ENSP00000358160	157	11	136
9606.ENSP00000358165	13	14	14
9606.ENSP00000358200	8	23	7
9606.ENSP00000358210	2	19	3
9606.ENSP00000358223	9	21	10
9606.ENSP00000358232	8	10	10
9606.ENSP00000358238	8	17	10
9606.ENSP00000358247	2	10	7
9606.ENSP00000358262	33	17	17
9606.ENSP00000358272	35	9	19
9606.ENSP00000358283	2	21	6
9606.ENSP00000358294	4	11	11
9606.ENSP00000358301	4	12	4
9606.ENSP00000358309	8	12	7
9606.ENSP00000358310	20	19	14
9606.ENSP00000358312	3	22	4
9606.ENSP00000358320	17	19	15
9606.ENSP00000358327	7	14	14
9606.ENSP00000358335	59	10	41
9606.ENSP00000358363	3	12	7
9606.ENSP00000358400	2	13	4
9606.ENSP00000358407	3	16	2
9606.ENSP00000358414	1	21	4
9606.ENSP00000358421	2	19	6
9606.ENSP00000358423	12	21	7
9606.ENSP00000358458	2	16	8
9606.ENSP00000358460	1	16	2
9606.ENSP00000358464	15	7	17
9606.ENSP00000358466	1	13	7
9606.ENSP00000358470	2	16	3
9606.ENSP00000358474	42	13	28
9606.ENSP00000358478	36	14	23
9606.ENSP00000358488	2	19	8
9606.ENSP00000358490	16	19	14
9606.ENSP00000358497	8	20	6
9606.ENSP00000358501	4	16	11
9606.ENSP00000358513	8	20	14
9606.ENSP00000358518	4	8	16
9606.ENSP00000358525	17	17	11
9606.ENSP00000358535	6	23	12
9606.ENSP00000358541	18	22	10
9606.ENSP00000358547	12	20	13
9606.ENSP00000358548	10	25	10
9606.ENSP00000358549	13	5	9
9606.ENSP00000358554	74	22	40
9606.ENSP00000358563	35	9	15
9606.ENSP00000358575	1	12	3
9606.ENSP00000358582	23	16	14
9606.ENSP00000358596	1	12	5
9606.ENSP00000358616	12	13	18
9606.ENSP00000358635	20	18	18
9606.ENSP00000358674	6	19	13
9606.ENSP00000358695	3	10	12
9606.ENSP00000358696	8	19	11
9606.ENSP00000358698	5	21	6
9606.ENSP00000358715	3	18	13
9606.ENSP00000358716	21	14	9
9606.ENSP00000358719	3	15	5
9606.ENSP00000358723	14	17	17
9606.ENSP00000358727	1	10	4
9606.ENSP00000358737	23	9	17
9606.ENSP00000358742	6	12	6
9606.ENSP00000358747	4	5	6
9606.ENSP00000358755	1	15	7
9606.ENSP00000358765	2	15	14
9606.ENSP00000358777	28	18	17
9606.ENSP00000358778	1	19	5
9606.ENSP00000358783	3	11	11
9606.ENSP00000358784	7	13	9
9606.ENSP00000358786	1	16	4
9606.ENSP00000358794	1	17	4
9606.ENSP00000358798	1	14	10
9606.ENSP00000358799	12	11	12
9606.ENSP00000358802	1	12	6
9606.ENSP00000358810	19	14	17
9606.ENSP00000358812	60	17	37
9606.ENSP00000358813	4	11	10
9606.ENSP00000358814	4	19	11
9606.ENSP00000358831	7	22	15
9606.ENSP00000358840	21	17	17
9606.ENSP00000358851	3	10	5
9606.ENSP00000358854	118	18	63
9606.ENSP00000358857	22	28	9
9606.ENSP00000358862	64	19	49
9606.ENSP00000358865	3	19	11
9606.ENSP00000358866	45	11	31
9606.ENSP00000358867	37	17	23
9606.ENSP00000358886	3	22	9
9606.ENSP00000358894	1	17	5
9606.ENSP00000358903	2	14	7
9606.ENSP00000358918	11	10	8
9606.ENSP00000358921	21	15	14
9606.ENSP00000358931	2	16	4
9606.ENSP00000358939	3	16	6
9606.ENSP00000358953	1	22	9
9606.ENSP00000358963	7	16	9
9606.ENSP00000358965	34	13	19
9606.ENSP00000358983	16	15	17
9606.ENSP00000358994	28	15	16
9606.ENSP00000358997	33	24	25
9606.ENSP00000359000	3	24	10
9606.ENSP00000359013	3	15	3
9606.ENSP00000359018	1	16	5
9606.ENSP00000359019	1	19	5
9606.ENSP00000359022	2	14	7
9606.ENSP00000359025	2	19	4
9606.ENSP00000359042	1	22	9
9606.ENSP00000359050	1	25	6
9606.ENSP00000359073	11	16	14
9606.ENSP00000359077	22	20	18
9606.ENSP00000359085	2	10	9
9606.ENSP00000359095	4	15	9
9606.ENSP00000359096	2	20	6
9606.ENSP00000359098	16	11	15
9606.ENSP00000359100	2	25	7
9606.ENSP00000359114	10	17	9
9606.ENSP00000359128	2	25	5
9606.ENSP00000359131	1	21	7
9606.ENSP00000359151	6	14	8
9606.ENSP00000359181	1	11	4
9606.ENSP00000359206	45	13	40
9606.ENSP00000359215	2	15	4
9606.ENSP00000359216	4	14	11
9606.ENSP00000359221	1	10	3
9606.ENSP00000359224	2	14	3
9606.ENSP00000359230	7	12	9
9606.ENSP00000359233	4	16	14
9606.ENSP00000359240	2	20	4
9606.ENSP00000359258	1	12	5
9606.ENSP00000359285	12	14	10
9606.ENSP00000359292	8	18	7
9606.ENSP00000359295	35	18	27
9606.ENSP00000359297	2	16	7
9606.ENSP00000359300	50	14	32
9606.ENSP00000359305	3	12	5
9606.ENSP00000359319	2	18	8
9606.ENSP00000359321	13	12	15
9606.ENSP00000359337	6	16	9
9606.ENSP00000359339	36	11	18
9606.ENSP00000359345	161	16	142
9606.ENSP00000359353	9	17	13
9606.ENSP00000359364	5	20	16
9606.ENSP00000359370	10	18	9
9606.ENSP00000359375	1	8	3
9606.ENSP00000359380	11	20	15
9606.ENSP00000359382	1	15	5
9606.ENSP00000359384	4	17	4
9606.ENSP00000359385	82	19	31
9606.ENSP00000359386	4	19	6
9606.ENSP00000359392	3	19	9
9606.ENSP00000359398	29	14	21
9606.ENSP00000359423	3	22	3
9606.ENSP00000359424	43	14	41
9606.ENSP00000359446	1	16	6
9606.ENSP00000359454	2	18	7
9606.ENSP00000359469	2	16	13
9606.ENSP00000359483	2	13	8
9606.ENSP00000359488	1	12	5
9606.ENSP00000359490	1	9	11
9606.ENSP00000359497	4	17	8
9606.ENSP00000359504	2	28	11
9606.ENSP00000359505	1	20	7
9606.ENSP00000359506	41	12	21
9606.ENSP00000359512	2	13	12
9606.ENSP00000359518	31	19	23
9606.ENSP00000359531	101	19	34
9606.ENSP00000359532	8	13	4
9606.ENSP00000359539	6	14	11
9606.ENSP00000359552	9	16	6
9606.ENSP00000359563	1	15	12
9606.ENSP00000359571	1	18	10
9606.ENSP00000359575	2	16	6
9606.ENSP00000359583	1	15	7
9606.ENSP00000359594	2	19	12
9606.ENSP00000359596	2	19	8
9606.ENSP00000359606	6	20	12
9606.ENSP00000359621	3	18	7
9606.ENSP00000359640	2	9	6
9606.ENSP00000359643	8	20	8
9606.ENSP00000359645	17	20	20
9606.ENSP00000359663	21	23	14
9606.ENSP00000359665	4	17	8
9606.ENSP00000359668	1	24	9
9606.ENSP00000359675	10	13	13
9606.ENSP00000359682	3	15	6
9606.ENSP00000359688	27	14	22
9606.ENSP00000359699	1	15	5
9606.ENSP00000359719	33	13	19
9606.ENSP00000359727	10	10	9
9606.ENSP00000359729	1	9	4
9606.ENSP00000359740	2	12	9
9606.ENSP00000359765	16	13	14
9606.ENSP00000359799	4	15	15
9606.ENSP00000359804	1	12	9
9606.ENSP00000359818	20	16	17
9606.ENSP00000359829	9	15	12
9606.ENSP00000359837	51	13	32
9606.ENSP00000359848	4	23	7
9606.ENSP00000359859	59	15	56
9606.ENSP00000359864	11	16	11
9606.ENSP00000359866	1	17	7
9606.ENSP00000359871	2	18	3
9606.ENSP00000359890	1	18	10
9606.ENSP00000359910	52	22	40
9606.ENSP00000359939	20	19	15
9606.ENSP00000359958	1	20	11
9606.ENSP00000359976	2	9	4
9606.ENSP00000359988	17	17	18
9606.ENSP00000359990	1	15	7
9606.ENSP00000359991	2	16	10
9606.ENSP00000360002	3	21	10
9606.ENSP00000360021	9	17	7
9606.ENSP00000360025	11	10	9
9606.ENSP00000360028	3	12	5
9606.ENSP00000360034	90	15	59
9606.ENSP00000360035	8	19	11
9606.ENSP00000360058	5	15	8
9606.ENSP00000360060	7	24	6
9606.ENSP00000360065	13	10	12
9606.ENSP00000360076	36	19	34
9606.ENSP00000360107	34	16	22
9606.ENSP00000360108	4	15	4
9606.ENSP00000360116	2	23	5
9606.ENSP00000360120	2	12	8
9606.ENSP00000360129	1	13	6
9606.ENSP00000360133	38	15	27
9606.ENSP00000360141	89	6	51
9606.ENSP00000360147	6	20	7
9606.ENSP00000360154	17	18	18
9606.ENSP00000360157	1	22	8
9606.ENSP00000360158	3	8	8
9606.ENSP00000360162	16	12	9
9606.ENSP00000360167	1	15	6
9606.ENSP00000360170	2	15	6
9606.ENSP00000360181	6	20	15
9606.ENSP00000360183	32	12	20
9606.ENSP00000360215	5	27	14
9606.ENSP00000360216	2	12	8
9606.ENSP00000360217	9	22	10
9606.ENSP00000360231	1	10	9
9606.ENSP00000360242	32	24	24
9606.ENSP00000360247	5	18	10
9606.ENSP00000360250	5	16	12
9606.ENSP00000360252	5	14	10
9606.ENSP00000360266	69	20	33
9606.ENSP00000360269	3	9	11
9606.ENSP00000360280	3	15	6
9606.ENSP00000360281	21	13	14
9606.ENSP00000360290	7	22	12
9606.ENSP00000360293	13	13	7
9606.ENSP00000360296	10	10	7
9606.ENSP00000360299	4	21	6
9606.ENSP00000360305	2	15	7
9606.ENSP00000360310	2	17	11
9606.ENSP00000360317	3	16	5
9606.ENSP00000360327	7	20	7
9606.ENSP00000360329	1	20	3
9606.ENSP00000360365	34	17	21
9606.ENSP00000360371	3	14	5
9606.ENSP00000360372	2	16	5
9606.ENSP00000360412	16	18	10
9606.ENSP00000360423	16	21	17
9606.ENSP00000360464	43	12	25
9606.ENSP00000360472	8	21	12
9606.ENSP00000360473	15	14	10
9606.ENSP00000360475	2	15	6
9606.ENSP00000360483	29	10	19
9606.ENSP00000360485	5	16	6
9606.ENSP00000360488	2	16	7
9606.ENSP00000360492	69	14	41
9606.ENSP00000360493	40	20	27
9606.ENSP00000360497	81	15	44
9606.ENSP00000360498	105	20	44
9606.ENSP00000360515	38	16	22
9606.ENSP00000360522	2	13	10
9606.ENSP00000360525	65	20	54
9606.ENSP00000360526	10	12	7
9606.ENSP00000360532	105	18	52
9606.ENSP00000360538	2	15	5
9606.ENSP00000360540	3	15	7
9606.ENSP00000360561	4	18	5
9606.ENSP00000360569	6	15	12
9606.ENSP00000360576	1	19	5
9606.ENSP00000360583	1	19	3
9606.ENSP00000360608	36	15	29
9606.ENSP00000360609	131	18	115
9606.ENSP00000360613	15	7	18
9606.ENSP00000360623	23	22	11
9606.ENSP00000360638	2	20	5
9606.ENSP00000360642	1	12	6
9606.ENSP00000360660	1	14	7
9606.ENSP00000360662	1	17	11
9606.ENSP00000360664	1	21	6
9606.ENSP00000360671	30	18	20
9606.ENSP00000360672	12	11	6
9606.ENSP00000360682	25	11	14
9606.ENSP00000360683	14	16	5
9606.ENSP00000360687	1	16	7
9606.ENSP00000360688	9	15	9
9606.ENSP00000360689	10	9	11
9606.ENSP00000360697	6	17	12
9606.ENSP00000360715	1	26	7
9606.ENSP00000360718	2	15	6
9606.ENSP00000360730	8	13	10
9606.ENSP00000360761	7	14	11
9606.ENSP00000360762	2	13	3
9606.ENSP00000360776	1	12	6
9606.ENSP00000360777	10	21	12
9606.ENSP00000360782	6	16	8
9606.ENSP00000360797	6	20	7
9606.ENSP00000360798	37	11	25
9606.ENSP00000360803	1	19	2
9606.ENSP00000360806	6	23	4
9606.ENSP00000360811	6	17	8
9606.ENSP00000360821	1	15	10
9606.ENSP00000360850	97	15	60
9606.ENSP00000360858	1	22	7
9606.ENSP00000360869	6	17	13
9606.ENSP00000360871	9	11	14
9606.ENSP00000360874	1	14	2
9606.ENSP00000360876	2	23	8
9606.ENSP00000360882	9	13	13
9606.ENSP00000360916	13	16	12
9606.ENSP00000360922	4	20	9
9606.ENSP00000360938	2	20	7
9606.ENSP00000360944	4	20	3
9606.ENSP00000360958	2	12	10
9606.ENSP00000360973	3	19	10
9606.ENSP00000360988	1	21	6
9606.ENSP00000360992	4	19	4
9606.ENSP00000360997	1	17	6
9606.ENSP00000361004	6	14	14
9606.ENSP00000361009	5	17	10
9606.ENSP00000361021	30	14	23
9606.ENSP00000361027	15	9	10
9606.ENSP00000361042	2	20	7
9606.ENSP00000361043	2	10	8
9606.ENSP00000361048	1	14	5
9606.ENSP00000361057	3	15	4
9606.ENSP00000361064	3	17	10
9606.ENSP00000361066	31	18	20
9606.ENSP00000361072	1	26	5
9606.ENSP00000361076	149	20	163
9606.ENSP00000361084	102	15	51
9606.ENSP00000361097	1	15	5
9606.ENSP00000361107	20	22	10
9606.ENSP00000361110	1	14	6
9606.ENSP00000361120	10	14	8
9606.ENSP00000361160	1	16	6
9606.ENSP00000361180	7	20	9
9606.ENSP00000361186	5	17	8
9606.ENSP00000361202	4	18	8
9606.ENSP00000361206	103	12	64
9606.ENSP00000361207	1	20	11
9606.ENSP00000361209	34	21	23
9606.ENSP00000361214	5	18	7
9606.ENSP00000361219	7	13	15
9606.ENSP00000361231	1	22	5
9606.ENSP00000361264	8	21	7
9606.ENSP00000361266	9	15	4
9606.ENSP00000361275	5	23	8
9606.ENSP00000361285	2	16	11
9606.ENSP00000361287	2	14	9
9606.ENSP00000361298	10	15	8
9606.ENSP00000361302	1	21	6
9606.ENSP00000361306	2	9	8
9606.ENSP00000361310	5	17	8
9606.ENSP00000361359	34	15	27
9606.ENSP00000361363	47	14	40
9606.ENSP00000361366	3	17	9
9606.ENSP00000361400	2	21	5
9606.ENSP00000361405	23	15	16
9606.ENSP00000361418	4	17	11
9606.ENSP00000361423	32	16	20
9606.ENSP00000361433	22	15	20
9606.ENSP00000361446	23	23	21
9606.ENSP00000361458	2	18	6
9606.ENSP00000361467	3	17	12
9606.ENSP00000361471	1	11	5
9606.ENSP00000361473	34	12	24
9606.ENSP00000361475	4	23	14
9606.ENSP00000361512	4	14	9
9606.ENSP00000361522	3	24	7
9606.ENSP00000361524	2	19	11
9606.ENSP00000361540	49	23	34
9606.ENSP00000361544	1	13	8
9606.ENSP00000361548	2	14	5
9606.ENSP00000361554	3	15	10
9606.ENSP00000361557	5	16	10
9606.ENSP00000361562	2	25	10
9606.ENSP00000361595	2	18	11
9606.ENSP00000361599	6	17	9
9606.ENSP00000361626	64	18	40
9606.ENSP00000361634	4	20	14
9606.ENSP00000361635	14	11	10
9606.ENSP00000361636	9	16	10
9606.ENSP00000361658	28	10	16
9606.ENSP00000361662	2	22	11
9606.ENSP00000361663	1	17	8
9606.ENSP00000361664	2	12	7
9606.ENSP00000361666	1	16	11
9606.ENSP00000361668	4	9	5
9606.ENSP00000361700	1	12	5
9606.ENSP00000361705	4	21	5
9606.ENSP00000361721	1	15	5
9606.ENSP00000361728	2	14	7
9606.ENSP00000361746	2	17	8
9606.ENSP00000361777	6	18	8
9606.ENSP00000361800	17	11	22
9606.ENSP00000361813	4	18	4
9606.ENSP00000361818	16	19	12
9606.ENSP00000361834	7	16	5
9606.ENSP00000361850	9	10	13
9606.ENSP00000361855	1	17	10
9606.ENSP00000361867	4	9	6
9606.ENSP00000361883	6	13	12
9606.ENSP00000361892	6	19	6
9606.ENSP00000361894	2	18	10
9606.ENSP00000361895	2	20	7
9606.ENSP00000361900	3	16	8
9606.ENSP00000361914	2	12	6
9606.ENSP00000361915	2	20	9
9606.ENSP00000361918	97	16	61
9606.ENSP00000361923	90	8	38
9606.ENSP00000361926	1	12	8
9606.ENSP00000361927	12	22	10
9606.ENSP00000361930	28	16	21
9606.ENSP00000361943	2	19	8
9606.ENSP00000361949	3	13	8
9606.ENSP00000361965	3	10	12
9606.ENSP00000361982	2	16	4
9606.ENSP00000361990	3	18	6
9606.ENSP00000361993	3	13	13
9606.ENSP00000361998	17	14	10
9606.ENSP00000362010	3	16	14
9606.ENSP00000362014	10	19	10
9606.ENSP00000362018	36	17	29
9606.ENSP00000362036	107	19	58
9606.ENSP00000362041	41	23	26
9606.ENSP00000362057	23	14	21
9606.ENSP00000362058	73	17	51
9606.ENSP00000362068	92	22	44
9606.ENSP00000362071	1	13	3
9606.ENSP00000362080	4	16	7
9606.ENSP00000362082	14	19	14
9606.ENSP00000362092	22	14	18
9606.ENSP00000362095	1	15	6
9606.ENSP00000362103	2	20	10
9606.ENSP00000362105	77	20	39
9606.ENSP00000362108	12	14	13
9606.ENSP00000362109	5	22	9
9606.ENSP00000362110	92	18	55
9606.ENSP00000362115	9	16	9
9606.ENSP00000362121	16	16	7
9606.ENSP00000362125	1	12	6
9606.ENSP00000362131	13	22	17
9606.ENSP00000362139	7	17	4
9606.ENSP00000362144	6	21	9
9606.ENSP00000362146	19	13	15
9606.ENSP00000362151	3	10	4
9606.ENSP00000362153	51	7	35
9606.ENSP00000362166	43	16	24
9606.ENSP00000362170	3	14	8
9606.ENSP00000362179	1	21	7
9606.ENSP00000362181	8	17	9
9606.ENSP00000362183	5	15	7
9606.ENSP00000362195	11	10	12
9606.ENSP00000362205	13	16	11
9606.ENSP00000362207	1	17	6
9606.ENSP00000362208	101	20	46
9606.ENSP00000362268	19	16	18
9606.ENSP00000362285	2	14	8
9606.ENSP00000362287	32	18	17
9606.ENSP00000362299	10	18	9
9606.ENSP00000362300	44	19	31
9606.ENSP00000362306	32	15	29
9606.ENSP00000362308	1	13	7
9606.ENSP00000362314	3	12	8
9606.ENSP00000362328	1	14	7
9606.ENSP00000362329	2	10	8
9606.ENSP00000362334	49	21	23
9606.ENSP00000362339	14	20	10
9606.ENSP00000362340	1	18	5
9606.ENSP00000362352	1	16	7
9606.ENSP00000362353	8	13	8
9606.ENSP00000362361	72	17	50
9606.ENSP00000362387	1	24	2
9606.ENSP00000362393	2	18	9
9606.ENSP00000362399	13	9	15
9606.ENSP00000362401	1	19	7
9606.ENSP00000362403	2	12	11
9606.ENSP00000362410	4	12	2
9606.ENSP00000362413	5	12	12
9606.ENSP00000362424	20	20	11
9606.ENSP00000362441	32	17	16
9606.ENSP00000362444	3	20	4
9606.ENSP00000362463	1	14	5
9606.ENSP00000362464	2	19	8
9606.ENSP00000362481	1	15	5
9606.ENSP00000362508	7	15	6
9606.ENSP00000362524	1	21	6
9606.ENSP00000362525	7	9	11
9606.ENSP00000362532	13	15	16
9606.ENSP00000362547	14	11	10
9606.ENSP00000362549	7	17	7
9606.ENSP00000362576	4	24	10
9606.ENSP00000362578	12	17	13
9606.ENSP00000362588	2	7	9
9606.ENSP00000362592	106	17	57
9606.ENSP00000362608	1	14	2
9606.ENSP00000362618	1	15	4
9606.ENSP00000362638	6	19	9
9606.ENSP00000362639	2	19	2
9606.ENSP00000362643	10	19	16
9606.ENSP00000362649	179	16	341
9606.ENSP00000362650	1	14	7
9606.ENSP00000362656	1	25	7
9606.ENSP00000362674	7	18	5
9606.ENSP00000362680	132	15	126
9606.ENSP00000362688	59	23	42
9606.ENSP00000362690	7	18	11
9606.ENSP00000362702	1	20	8
9606.ENSP00000362711	4	17	9
9606.ENSP00000362716	5	19	9
9606.ENSP00000362717	4	19	8
9606.ENSP00000362727	2	15	4
9606.ENSP00000362728	4	19	5
9606.ENSP00000362730	1	11	10
9606.ENSP00000362734	3	12	7
9606.ENSP00000362744	198	20	306
9606.ENSP00000362748	9	16	9
9606.ENSP00000362751	2	13	5
9606.ENSP00000362768	11	12	18
9606.ENSP00000362776	6	19	7
9606.ENSP00000362795	42	16	28
9606.ENSP00000362803	84	9	55
9606.ENSP00000362807	42	22	32
9606.ENSP00000362820	22	16	21
9606.ENSP00000362824	47	17	37
9606.ENSP00000362873	73	15	37
9606.ENSP00000362900	16	23	13
9606.ENSP00000362924	24	13	20
9606.ENSP00000362931	8	23	10
9606.ENSP00000362935	2	17	5
9606.ENSP00000362936	1	16	8
9606.ENSP00000362946	3	15	5
9606.ENSP00000362948	96	20	46
9606.ENSP00000362962	10	8	15
9606.ENSP00000362981	2	15	10
9606.ENSP00000362991	1	20	9
9606.ENSP00000362994	17	12	12
9606.ENSP00000363017	48	17	42
9606.ENSP00000363018	113	17	70
9606.ENSP00000363019	43	20	33
9606.ENSP00000363023	4	12	11
9606.ENSP00000363043	14	13	14
9606.ENSP00000363054	35	18	23
9606.ENSP00000363055	27	14	14
9606.ENSP00000363068	3	11	5
9606.ENSP00000363071	4	10	13
9606.ENSP00000363079	12	20	6
9606.ENSP00000363081	7	20	7
9606.ENSP00000363089	70	26	60
9606.ENSP00000363092	1	16	3
9606.ENSP00000363124	51	18	50
9606.ENSP00000363136	1	6	4
9606.ENSP00000363149	1	19	7
9606.ENSP00000363157	2	17	9
9606.ENSP00000363162	29	14	15
9606.ENSP00000363191	2	17	3
9606.ENSP00000363193	43	23	23
9606.ENSP00000363205	4	15	6
9606.ENSP00000363211	2	18	7
9606.ENSP00000363216	5	19	11
9606.ENSP00000363229	9	13	8
9606.ENSP00000363250	1	18	6
9606.ENSP00000363255	4	17	6
9606.ENSP00000363286	52	13	34
9606.ENSP00000363308	1	12	4
9606.ENSP00000363313	63	15	47
9606.ENSP00000363314	3	12	9
9606.ENSP00000363318	17	15	20
9606.ENSP00000363322	47	17	36
9606.ENSP00000363330	1	18	4
9606.ENSP00000363339	3	16	7
9606.ENSP00000363349	1	24	6
9606.ENSP00000363360	3	15	4
9606.ENSP00000363371	1	12	7
9606.ENSP00000363377	12	10	9
9606.ENSP00000363384	47	17	19
9606.ENSP00000363390	3	14	7
9606.ENSP00000363391	2	13	5
9606.ENSP00000363397	2	12	8
9606.ENSP00000363398	1	16	9
9606.ENSP00000363400	7	13	12
9606.ENSP00000363411	9	14	8
9606.ENSP00000363435	25	14	17
9606.ENSP00000363452	2	15	2
9606.ENSP00000363458	4	20	10
9606.ENSP00000363480	23	14	11
9606.ENSP00000363492	13	12	10
9606.ENSP00000363506	1	14	6
9606.ENSP00000363512	2	12	6
9606.ENSP00000363524	2	14	5
9606.ENSP00000363553	15	20	13
9606.ENSP00000363559	78	12	46
9606.ENSP00000363571	6	9	10
9606.ENSP00000363590	1	18	8
9606.ENSP00000363591	29	18	20
9606.ENSP00000363596	4	17	8
9606.ENSP00000363603	1	13	9
9606.ENSP00000363614	1	15	6
9606.ENSP00000363616	3	15	9
9606.ENSP00000363638	3	11	3
9606.ENSP00000363640	27	18	27
9606.ENSP00000363641	8	19	9
9606.ENSP00000363642	71	7	50
9606.ENSP00000363645	1	13	7
9606.ENSP00000363661	4	19	10
9606.ENSP00000363667	1	20	4
9606.ENSP00000363680	2	16	5
9606.ENSP00000363689	1	15	11
9606.ENSP00000363708	22	25	18
9606.ENSP00000363745	4	12	12
9606.ENSP00000363746	78	18	40
9606.ENSP00000363748	5	20	9
9606.ENSP00000363770	4	15	6
9606.ENSP00000363773	4	10	9
9606.ENSP00000363779	8	15	9
9606.ENSP00000363787	74	16	47
9606.ENSP00000363794	10	23	12
9606.ENSP00000363804	10	23	12
9606.ENSP00000363817	15	17	14
9606.ENSP00000363822	46	22	29
9606.ENSP00000363826	13	13	16
9606.ENSP00000363827	34	11	30
9606.ENSP00000363832	3	14	6
9606.ENSP00000363836	2	23	5
9606.ENSP00000363840	9	12	7
9606.ENSP00000363868	7	14	8
9606.ENSP00000363869	1	12	8
9606.ENSP00000363895	1	22	5
9606.ENSP00000363921	15	12	11
9606.ENSP00000363929	15	18	14
9606.ENSP00000363944	28	16	26
9606.ENSP00000363970	9	16	9
9606.ENSP00000363976	17	14	17
9606.ENSP00000363985	1	20	4
9606.ENSP00000363993	39	22	27
9606.ENSP00000363999	101	14	54
9606.ENSP00000364000	9	6	10
9606.ENSP00000364003	7	13	5
9606.ENSP00000364016	35	10	18
9606.ENSP00000364032	6	21	8
9606.ENSP00000364035	2	15	8
9606.ENSP00000364037	29	11	22
9606.ENSP00000364076	12	22	8
9606.ENSP00000364080	11	13	8
9606.ENSP00000364114	10	15	8
9606.ENSP00000364119	62	19	42
9606.ENSP00000364126	1	13	8
9606.ENSP00000364140	4	13	8
9606.ENSP00000364145	4	11	6
9606.ENSP00000364163	16	11	10
9606.ENSP00000364190	2	29	7
9606.ENSP00000364204	13	8	14
9606.ENSP00000364210	15	15	18
9606.ENSP00000364235	5	17	6
9606.ENSP00000364240	10	14	14
9606.ENSP00000364246	1	23	4
9606.ENSP00000364270	26	15	16
9606.ENSP00000364277	1	17	6
9606.ENSP00000364289	78	18	50
9606.ENSP00000364293	1	16	5
9606.ENSP00000364298	4	22	7
9606.ENSP00000364320	24	19	17
9606.ENSP00000364349	11	15	11
9606.ENSP00000364361	2	17	7
9606.ENSP00000364389	2	20	7
9606.ENSP00000364398	3	11	7
9606.ENSP00000364403	6	19	14
9606.ENSP00000364404	28	15	12
9606.ENSP00000364412	4	19	6
9606.ENSP00000364448	19	12	18
9606.ENSP00000364486	7	23	4
9606.ENSP00000364498	2	16	8
9606.ENSP00000364512	8	17	10
9606.ENSP00000364519	24	16	18
9606.ENSP00000364520	3	16	7
9606.ENSP00000364524	2	14	8
9606.ENSP00000364543	4	6	5
9606.ENSP00000364550	4	24	6
9606.ENSP00000364578	43	18	27
9606.ENSP00000364585	2	21	6
9606.ENSP00000364589	79	15	51
9606.ENSP00000364597	7	16	9
9606.ENSP00000364639	14	19	12
9606.ENSP00000364649	8	25	12
9606.ENSP00000364650	4	8	3
9606.ENSP00000364683	14	13	14
9606.ENSP00000364685	5	17	4
9606.ENSP00000364691	3	14	4
9606.ENSP00000364694	1	16	6
9606.ENSP00000364699	6	13	9
9606.ENSP00000364709	11	19	17
9606.ENSP00000364721	12	12	7
9606.ENSP00000364731	6	17	10
9606.ENSP00000364737	36	15	18
9606.ENSP00000364749	3	13	8
9606.ENSP00000364765	3	18	7
9606.ENSP00000364782	3	15	11
9606.ENSP00000364794	15	13	16
9606.ENSP00000364801	30	20	16
9606.ENSP00000364802	14	14	13
9606.ENSP00000364805	14	15	14
9606.ENSP00000364813	79	24	38
9606.ENSP00000364815	4	21	8
9606.ENSP00000364831	1	15	6
9606.ENSP00000364839	34	18	22
9606.ENSP00000364847	9	15	9
9606.ENSP00000364855	2	15	3
9606.ENSP00000364858	6	17	10
9606.ENSP00000364859	3	16	6
9606.ENSP00000364860	8	11	16
9606.ENSP00000364864	6	18	9
9606.ENSP00000364870	3	19	11
9606.ENSP00000364885	5	8	7
9606.ENSP00000364886	7	20	6
9606.ENSP00000364898	70	16	42
9606.ENSP00000364902	1	14	4
9606.ENSP00000364912	4	15	7
9606.ENSP00000364929	33	11	23
9606.ENSP00000364956	1	9	8
9606.ENSP00000364965	78	12	41
9606.ENSP00000364976	6	21	6
9606.ENSP00000364979	3	12	4
9606.ENSP00000364995	3	12	5
9606.ENSP00000365006	6	23	8
9606.ENSP00000365012	14	20	12
9606.ENSP00000365014	1	17	12
9606.ENSP00000365016	19	17	17
9606.ENSP00000365019	19	17	18
9606.ENSP00000365042	18	18	18
9606.ENSP00000365048	10	14	20
9606.ENSP00000365049	2	12	7
9606.ENSP00000365080	5	13	9
9606.ENSP00000365081	25	16	19
9606.ENSP00000365130	1	10	6
9606.ENSP00000365131	12	10	17
9606.ENSP00000365159	2	20	8
9606.ENSP00000365162	5	13	3
9606.ENSP00000365198	1	13	7
9606.ENSP00000365210	4	16	10
9606.ENSP00000365230	42	15	32
9606.ENSP00000365243	19	9	13
9606.ENSP00000365256	2	19	3
9606.ENSP00000365266	1	18	4
9606.ENSP00000365272	13	13	9
9606.ENSP00000365280	5	13	8
9606.ENSP00000365295	1	11	8
9606.ENSP00000365301	1	14	3
9606.ENSP00000365312	20	26	15
9606.ENSP00000365322	18	7	20
9606.ENSP00000365360	18	12	13
9606.ENSP00000365370	1	24	7
9606.ENSP00000365380	13	22	15
9606.ENSP00000365388	1	14	6
9606.ENSP00000365401	14	17	6
9606.ENSP00000365402	34	9	31
9606.ENSP00000365411	11	14	4
9606.ENSP00000365435	11	17	12
9606.ENSP00000365437	4	14	7
9606.ENSP00000365441	32	16	20
9606.ENSP00000365458	30	23	19
9606.ENSP00000365462	4	16	12
9606.ENSP00000365465	2	18	9
9606.ENSP00000365477	6	14	5
9606.ENSP00000365505	2	14	3
9606.ENSP00000365529	2	15	9
9606.ENSP00000365530	1	20	4
9606.ENSP00000365569	9	15	10
9606.ENSP00000365576	15	18	12
9606.ENSP00000365588	24	12	21
9606.ENSP00000365596	3	11	8
9606.ENSP00000365606	1	18	6
9606.ENSP00000365625	82	15	43
9606.ENSP00000365643	1	19	7
9606.ENSP00000365651	4	16	5
9606.ENSP00000365663	5	15	14
9606.ENSP00000365682	15	14	10
9606.ENSP00000365687	2	23	11
9606.ENSP00000365692	1	13	5
9606.ENSP00000365694	6	15	7
9606.ENSP00000365720	13	15	10
9606.ENSP00000365730	29	16	12
9606.ENSP00000365745	37	17	27
9606.ENSP00000365757	2	15	13
9606.ENSP00000365804	29	15	18
9606.ENSP00000365806	1	15	8
9606.ENSP00000365807	2	14	6
9606.ENSP00000365817	29	15	22
9606.ENSP00000365840	3	14	1
9606.ENSP00000365844	1	26	12
9606.ENSP00000365851	78	13	50
9606.ENSP00000365858	19	17	10
9606.ENSP00000365861	2	23	4
9606.ENSP00000365891	45	12	29
9606.ENSP00000365924	1	14	8
9606.ENSP00000365926	4	11	12
9606.ENSP00000365938	2	27	3
9606.ENSP00000365944	4	14	7
9606.ENSP00000365959	4	12	11
9606.ENSP00000365962	4	21	8
9606.ENSP00000365963	2	18	5
9606.ENSP00000366006	1	26	6
9606.ENSP00000366007	1	11	8
9606.ENSP00000366024	20	15	12
9606.ENSP00000366032	4	24	8
9606.ENSP00000366047	1	23	9
9606.ENSP00000366061	4	14	5
9606.ENSP00000366070	2	15	8
9606.ENSP00000366093	2	20	8
9606.ENSP00000366109	10	16	13
9606.ENSP00000366118	1	20	6
9606.ENSP00000366135	80	15	50
9606.ENSP00000366161	1	15	7
9606.ENSP00000366179	1	13	5
9606.ENSP00000366182	2	17	7
9606.ENSP00000366233	11	14	7
9606.ENSP00000366234	2	14	5
9606.ENSP00000366237	1	22	5
9606.ENSP00000366248	9	18	9
9606.ENSP00000366249	4	20	3
9606.ENSP00000366271	9	15	9
9606.ENSP00000366288	2	13	7
9606.ENSP00000366306	4	22	6
9606.ENSP00000366307	7	20	6
9606.ENSP00000366314	2	13	5
9606.ENSP00000366330	2	14	8
9606.ENSP00000366347	3	18	5
9606.ENSP00000366390	1	11	6
9606.ENSP00000366395	16	15	20
9606.ENSP00000366396	2	22	2
9606.ENSP00000366402	34	18	26
9606.ENSP00000366404	7	13	10
9606.ENSP00000366410	4	14	3
9606.ENSP00000366413	1	16	7
9606.ENSP00000366416	8	23	10
9606.ENSP00000366460	2	14	9
9606.ENSP00000366474	8	17	12
9606.ENSP00000366475	6	15	12
9606.ENSP00000366487	1	17	7
9606.ENSP00000366488	32	13	24
9606.ENSP00000366513	3	9	7
9606.ENSP00000366525	3	23	5
9606.ENSP00000366534	11	11	12
9606.ENSP00000366557	88	20	54
9606.ENSP00000366563	15	14	18
9606.ENSP00000366565	23	18	18
9606.ENSP00000366604	15	22	14
9606.ENSP00000366618	10	14	12
9606.ENSP00000366679	35	12	24
9606.ENSP00000366682	1	13	8
9606.ENSP00000366694	2	10	4
9606.ENSP00000366702	1	20	5
9606.ENSP00000366746	28	12	15
9606.ENSP00000366748	7	9	7
9606.ENSP00000366757	4	21	6
9606.ENSP00000366797	1	15	6
9606.ENSP00000366798	1	21	9
9606.ENSP00000366800	19	17	24
9606.ENSP00000366819	5	23	6
9606.ENSP00000366828	22	17	13
9606.ENSP00000366863	4	26	10
9606.ENSP00000366886	33	19	20
9606.ENSP00000366898	4	17	12
9606.ENSP00000366915	5	19	7
9606.ENSP00000366927	2	17	9
9606.ENSP00000366934	5	13	5
9606.ENSP00000366936	2	16	9
9606.ENSP00000366937	4	19	12
9606.ENSP00000366953	28	16	23
9606.ENSP00000366962	93	17	45
9606.ENSP00000366974	245	15	317
9606.ENSP00000366997	18	14	10
9606.ENSP00000366998	12	20	14
9606.ENSP00000366999	157	10	149
9606.ENSP00000367001	3	16	10
9606.ENSP00000367013	9	15	10
9606.ENSP00000367022	134	19	122
9606.ENSP00000367024	2	20	5
9606.ENSP00000367028	1	15	4
9606.ENSP00000367029	14	23	8
9606.ENSP00000367030	1	19	10
9606.ENSP00000367034	245	14	319
9606.ENSP00000367038	3	16	3
9606.ENSP00000367049	17	14	11
9606.ENSP00000367050	1	18	4
9606.ENSP00000367064	6	13	7
9606.ENSP00000367086	5	18	2
9606.ENSP00000367104	2	18	8
9606.ENSP00000367123	10	9	13
9606.ENSP00000367139	1	13	4
9606.ENSP00000367154	6	17	7
9606.ENSP00000367196	1	15	9
9606.ENSP00000367203	16	13	10
9606.ENSP00000367208	4	24	7
9606.ENSP00000367214	15	18	18
9606.ENSP00000367220	26	17	16
9606.ENSP00000367263	7	15	13
9606.ENSP00000367265	1	10	7
9606.ENSP00000367284	10	20	12
9606.ENSP00000367299	28	11	15
9606.ENSP00000367309	4	24	4
9606.ENSP00000367312	1	14	5
9606.ENSP00000367316	22	21	24
9606.ENSP00000367318	13	15	11
9606.ENSP00000367323	7	24	12
9606.ENSP00000367343	2	17	13
9606.ENSP00000367346	5	11	18
9606.ENSP00000367391	2	14	4
9606.ENSP00000367398	7	14	8
9606.ENSP00000367406	118	14	97
9606.ENSP00000367407	1	18	5
9606.ENSP00000367433	1	22	9
9606.ENSP00000367440	6	20	6
9606.ENSP00000367446	1	22	6
9606.ENSP00000367494	1	20	5
9606.ENSP00000367498	37	11	22
9606.ENSP00000367527	25	7	24
9606.ENSP00000367545	7	14	15
9606.ENSP00000367615	1	12	5
9606.ENSP00000367623	1	14	9
9606.ENSP00000367629	1	21	11
9606.ENSP00000367686	6	15	13
9606.ENSP00000367691	9	11	4
9606.ENSP00000367705	46	13	31
9606.ENSP00000367714	3	13	10
9606.ENSP00000367721	26	15	15
9606.ENSP00000367743	1	12	8
9606.ENSP00000367762	1	15	3
9606.ENSP00000367787	9	15	7
9606.ENSP00000367797	7	10	10
9606.ENSP00000367806	199	14	304
9606.ENSP00000367817	5	15	4
9606.ENSP00000367830	19	15	16
9606.ENSP00000367832	17	14	9
9606.ENSP00000367835	5	17	10
9606.ENSP00000367841	19	17	19
9606.ENSP00000367848	6	19	7
9606.ENSP00000367851	17	15	20
9606.ENSP00000367872	190	15	509
9606.ENSP00000367878	1	13	6
9606.ENSP00000367879	1	17	7
9606.ENSP00000367880	1	15	5
9606.ENSP00000367888	2	11	5
9606.ENSP00000367891	3	18	11
9606.ENSP00000367893	1	18	4
9606.ENSP00000367910	23	17	18
9606.ENSP00000367938	24	17	18
9606.ENSP00000367939	73	22	39
9606.ENSP00000367942	2	17	7
9606.ENSP00000367972	4	17	6
9606.ENSP00000367991	13	20	9
9606.ENSP00000367992	1	17	5
9606.ENSP00000368017	19	18	13
9606.ENSP00000368022	28	17	23
9606.ENSP00000368066	6	23	13
9606.ENSP00000368100	12	11	9
9606.ENSP00000368104	25	20	20
9606.ENSP00000368119	3	26	8
9606.ENSP00000368144	9	17	7
9606.ENSP00000368164	12	19	9
9606.ENSP00000368165	4	14	14
9606.ENSP00000368166	45	16	28
9606.ENSP00000368190	17	13	8
9606.ENSP00000368215	11	7	9
9606.ENSP00000368253	31	15	25
9606.ENSP00000368264	1	18	4
9606.ENSP00000368265	10	17	12
9606.ENSP00000368278	5	19	7
9606.ENSP00000368314	13	13	11
9606.ENSP00000368356	3	18	10
9606.ENSP00000368358	27	17	16
9606.ENSP00000368370	4	18	6
9606.ENSP00000368389	4	14	11
9606.ENSP00000368411	12	20	16
9606.ENSP00000368414	2	11	7
9606.ENSP00000368439	1	17	5
9606.ENSP00000368458	62	16	46
9606.ENSP00000368459	46	10	42
9606.ENSP00000368468	6	11	7
9606.ENSP00000368486	1	20	4
9606.ENSP00000368516	10	13	13
9606.ENSP00000368523	5	21	7
9606.ENSP00000368528	20	19	13
9606.ENSP00000368538	12	11	11
9606.ENSP00000368565	2	15	8
9606.ENSP00000368572	1	21	3
9606.ENSP00000368632	17	11	18
9606.ENSP00000368646	3	16	9
9606.ENSP00000368648	1	15	6
9606.ENSP00000368678	10	10	9
9606.ENSP00000368683	5	17	5
9606.ENSP00000368686	22	16	19
9606.ENSP00000368688	1	20	6
9606.ENSP00000368710	2	16	7
9606.ENSP00000368716	8	16	9
9606.ENSP00000368727	13	14	17
9606.ENSP00000368759	10	15	11
9606.ENSP00000368766	2	16	4
9606.ENSP00000368767	7	17	14
9606.ENSP00000368797	33	13	15
9606.ENSP00000368799	34	20	29
9606.ENSP00000368801	64	14	56
9606.ENSP00000368805	1	11	6
9606.ENSP00000368831	12	12	8
9606.ENSP00000368835	3	18	13
9606.ENSP00000368856	4	14	15
9606.ENSP00000368868	1	20	2
9606.ENSP00000368872	1	14	10
9606.ENSP00000368880	29	12	17
9606.ENSP00000368881	44	17	28
9606.ENSP00000368884	2	17	7
9606.ENSP00000368927	62	13	40
9606.ENSP00000368959	1	14	7
9606.ENSP00000368966	8	13	4
9606.ENSP00000368970	3	17	4
9606.ENSP00000368982	3	16	12
9606.ENSP00000368984	20	11	23
9606.ENSP00000369017	6	23	8
9606.ENSP00000369038	11	20	13
9606.ENSP00000369042	1	21	7
9606.ENSP00000369055	5	13	8
9606.ENSP00000369071	5	21	5
9606.ENSP00000369075	3	26	4
9606.ENSP00000369081	7	21	9
9606.ENSP00000369099	2	13	5
9606.ENSP00000369126	8	14	9
9606.ENSP00000369127	9	21	13
9606.ENSP00000369129	12	17	10
9606.ENSP00000369131	24	16	25
9606.ENSP00000369134	6	20	17
9606.ENSP00000369145	3	14	8
9606.ENSP00000369154	7	17	6
9606.ENSP00000369162	44	21	34
9606.ENSP00000369176	69	18	39
9606.ENSP00000369213	33	14	22
9606.ENSP00000369217	17	12	9
9606.ENSP00000369268	5	24	5
9606.ENSP00000369270	2	18	8
9606.ENSP00000369274	9	17	9
9606.ENSP00000369286	2	16	11
9606.ENSP00000369293	12	21	12
9606.ENSP00000369314	1	17	10
9606.ENSP00000369317	1	18	6
9606.ENSP00000369318	5	14	9
9606.ENSP00000369335	2	11	5
9606.ENSP00000369373	4	16	7
9606.ENSP00000369375	7	17	12
9606.ENSP00000369383	2	16	10
9606.ENSP00000369390	2	13	10
9606.ENSP00000369391	24	14	25
9606.ENSP00000369409	9	18	11
9606.ENSP00000369411	13	13	12
9606.ENSP00000369424	83	18	43
9606.ENSP00000369442	20	21	10
9606.ENSP00000369456	3	17	4
9606.ENSP00000369461	3	23	6
9606.ENSP00000369497	75	20	42
9606.ENSP00000369530	1	24	4
9606.ENSP00000369538	14	15	10
9606.ENSP00000369545	7	14	6
9606.ENSP00000369553	2	18	6
9606.ENSP00000369554	6	15	12
9606.ENSP00000369558	1	18	8
9606.ENSP00000369564	1	22	7
9606.ENSP00000369566	1	21	8
9606.ENSP00000369571	1	15	8
9606.ENSP00000369574	1	12	5
9606.ENSP00000369578	2	14	8
9606.ENSP00000369581	8	13	10
9606.ENSP00000369604	1	16	8
9606.ENSP00000369643	4	18	10
9606.ENSP00000369647	4	13	5
9606.ENSP00000369666	2	22	11
9606.ENSP00000369674	30	24	19
9606.ENSP00000369682	96	17	37
9606.ENSP00000369689	94	12	49
9606.ENSP00000369695	82	13	46
9606.ENSP00000369699	1	15	3
9606.ENSP00000369703	25	14	21
9606.ENSP00000369716	21	12	20
9606.ENSP00000369756	2	14	5
9606.ENSP00000369757	209	14	345
9606.ENSP00000369774	1	17	4
9606.ENSP00000369784	16	16	9
9606.ENSP00000369786	4	17	6
9606.ENSP00000369798	6	16	8
9606.ENSP00000369810	11	18	11
9606.ENSP00000369814	1	11	10
9606.ENSP00000369816	1	18	4
9606.ENSP00000369820	8	19	10
9606.ENSP00000369855	5	13	13
9606.ENSP00000369857	7	18	3
9606.ENSP00000369860	3	15	10
9606.ENSP00000369871	8	18	7
9606.ENSP00000369889	10	18	14
9606.ENSP00000369895	16	15	14
9606.ENSP00000369897	2	14	13
9606.ENSP00000369899	21	16	21
9606.ENSP00000369915	2	22	6
9606.ENSP00000369927	8	18	9
9606.ENSP00000369960	2	20	8
9606.ENSP00000369962	5	20	7
9606.ENSP00000369965	52	20	34
9606.ENSP00000369981	14	17	11
9606.ENSP00000369989	2	14	5
9606.ENSP00000369996	12	19	13
9606.ENSP00000370003	10	14	7
9606.ENSP00000370010	6	14	10
9606.ENSP00000370021	2	7	7
9606.ENSP00000370023	3	15	9
9606.ENSP00000370034	7	16	9
9606.ENSP00000370057	1	21	6
9606.ENSP00000370074	1	20	7
9606.ENSP00000370078	7	21	5
9606.ENSP00000370083	17	21	15
9606.ENSP00000370114	34	9	14
9606.ENSP00000370115	1	14	5
9606.ENSP00000370119	16	15	15
9606.ENSP00000370125	6	9	5
9606.ENSP00000370128	1	14	8
9606.ENSP00000370129	2	17	14
9606.ENSP00000370150	1	13	10
9606.ENSP00000370193	149	21	143
9606.ENSP00000370196	1	19	6
9606.ENSP00000370200	8	30	5
9606.ENSP00000370208	11	13	12
9606.ENSP00000370214	37	11	32
9606.ENSP00000370222	18	16	14
9606.ENSP00000370253	1	18	3
9606.ENSP00000370254	3	17	6
9606.ENSP00000370258	22	20	19
9606.ENSP00000370270	4	25	10
9606.ENSP00000370293	3	19	7
9606.ENSP00000370297	1	11	9
9606.ENSP00000370299	2	16	4
9606.ENSP00000370337	5	18	5
9606.ENSP00000370343	8	7	7
9606.ENSP00000370345	2	14	7
9606.ENSP00000370372	1	20	7
9606.ENSP00000370373	12	18	12
9606.ENSP00000370376	1	14	5
9606.ENSP00000370377	1	18	11
9606.ENSP00000370395	1	13	11
9606.ENSP00000370421	2	13	8
9606.ENSP00000370460	82	17	44
9606.ENSP00000370473	17	21	15
9606.ENSP00000370483	5	16	7
9606.ENSP00000370503	6	22	8
9606.ENSP00000370508	33	16	25
9606.ENSP00000370517	8	15	8
9606.ENSP00000370521	5	16	12
9606.ENSP00000370527	1	14	6
9606.ENSP00000370532	4	16	9
9606.ENSP00000370542	30	12	22
9606.ENSP00000370555	4	18	4
9606.ENSP00000370557	19	16	14
9606.ENSP00000370571	3	14	8
9606.ENSP00000370588	4	16	8
9606.ENSP00000370589	90	17	46
9606.ENSP00000370593	8	16	11
9606.ENSP00000370625	143	11	122
9606.ENSP00000370635	1	21	5
9606.ENSP00000370669	3	23	15
9606.ENSP00000370671	33	15	15
9606.ENSP00000370695	14	13	11
9606.ENSP00000370698	21	15	17
9606.ENSP00000370710	1	19	9
9606.ENSP00000370719	27	11	17
9606.ENSP00000370737	6	13	8
9606.ENSP00000370744	4	15	4
9606.ENSP00000370745	10	22	13
9606.ENSP00000370748	1	17	6
9606.ENSP00000370750	3	12	9
9606.ENSP00000370767	4	27	6
9606.ENSP00000370781	4	17	7
9606.ENSP00000370803	7	19	7
9606.ENSP00000370808	18	10	13
9606.ENSP00000370812	2	14	4
9606.ENSP00000370839	13	20	14
9606.ENSP00000370842	10	26	6
9606.ENSP00000370886	2	20	7
9606.ENSP00000370896	3	18	9
9606.ENSP00000370912	6	18	15
9606.ENSP00000370936	43	10	39
9606.ENSP00000370938	37	9	23
9606.ENSP00000370950	2	24	5
9606.ENSP00000370966	2	15	2
9606.ENSP00000370968	11	14	7
9606.ENSP00000370975	7	21	10
9606.ENSP00000370978	5	13	11
9606.ENSP00000370984	2	19	7
9606.ENSP00000370989	14	11	16
9606.ENSP00000371003	2	11	10
9606.ENSP00000371018	4	15	13
9606.ENSP00000371037	32	13	22
9606.ENSP00000371040	6	18	4
9606.ENSP00000371067	73	21	53
9606.ENSP00000371070	1	12	3
9606.ENSP00000371084	7	14	9
9606.ENSP00000371085	16	16	19
9606.ENSP00000371101	67	15	60
9606.ENSP00000371117	1	15	4
9606.ENSP00000371133	6	24	11
9606.ENSP00000371141	1	17	7
9606.ENSP00000371152	9	14	10
9606.ENSP00000371155	24	21	18
9606.ENSP00000371169	69	15	48
9606.ENSP00000371175	12	11	8
9606.ENSP00000371180	32	24	22
9606.ENSP00000371188	4	21	10
9606.ENSP00000371194	12	14	15
9606.ENSP00000371219	7	17	10
9606.ENSP00000371221	1	17	7
9606.ENSP00000371230	1	14	9
9606.ENSP00000371233	2	15	5
9606.ENSP00000371234	1	16	4
9606.ENSP00000371253	3	15	3
9606.ENSP00000371267	19	16	20
9606.ENSP00000371272	2	10	6
9606.ENSP00000371278	2	10	3
9606.ENSP00000371308	20	15	11
9606.ENSP00000371321	9	12	8
9606.ENSP00000371327	13	13	12
9606.ENSP00000371328	4	13	5
9606.ENSP00000371336	6	19	9
9606.ENSP00000371341	4	19	9
9606.ENSP00000371347	4	19	5
9606.ENSP00000371362	1	13	4
9606.ENSP00000371388	1	21	10
9606.ENSP00000371419	2	17	7
9606.ENSP00000371420	3	17	6
9606.ENSP00000371425	6	11	8
9606.ENSP00000371469	10	19	12
9606.ENSP00000371471	3	12	8
9606.ENSP00000371472	9	16	15
9606.ENSP00000371475	70	14	40
9606.ENSP00000371483	3	17	6
9606.ENSP00000371505	3	18	10
9606.ENSP00000371512	3	20	10
9606.ENSP00000371532	10	16	9
9606.ENSP00000371548	2	20	8
9606.ENSP00000371577	2	18	6
9606.ENSP00000371587	2	12	8
9606.ENSP00000371594	12	26	14
9606.ENSP00000371638	37	11	32
9606.ENSP00000371682	28	13	16
9606.ENSP00000371689	11	17	15
9606.ENSP00000371693	3	14	12
9606.ENSP00000371710	2	22	8
9606.ENSP00000371770	16	14	14
9606.ENSP00000371785	2	26	10
9606.ENSP00000371790	14	16	14
9606.ENSP00000371798	2	18	7
9606.ENSP00000371805	3	23	6
9606.ENSP00000371811	7	13	6
9606.ENSP00000371858	8	13	9
9606.ENSP00000371859	11	17	7
9606.ENSP00000371897	3	23	7
9606.ENSP00000371929	4	14	7
9606.ENSP00000371936	3	24	9
9606.ENSP00000371958	22	19	14
9606.ENSP00000371985	11	8	11
9606.ENSP00000372005	8	20	12
9606.ENSP00000372023	11	19	10
9606.ENSP00000372035	9	24	11
9606.ENSP00000372042	18	11	5
9606.ENSP00000372105	3	19	9
9606.ENSP00000372127	3	14	5
9606.ENSP00000372136	3	21	6
9606.ENSP00000372139	2	22	7
9606.ENSP00000372154	3	18	12
9606.ENSP00000372155	21	21	15
9606.ENSP00000372169	32	15	27
9606.ENSP00000372170	3	24	7
9606.ENSP00000372191	21	10	18
9606.ENSP00000372193	1	16	7
9606.ENSP00000372210	7	19	7
9606.ENSP00000372274	3	17	12
9606.ENSP00000372295	13	17	12
9606.ENSP00000372313	1	18	9
9606.ENSP00000372351	32	15	22
9606.ENSP00000372394	4	25	10
9606.ENSP00000372445	35	15	27
9606.ENSP00000372459	2	18	2
9606.ENSP00000372482	23	15	19
9606.ENSP00000372484	3	12	2
9606.ENSP00000372499	10	19	11
9606.ENSP00000372547	1	13	6
9606.ENSP00000372689	16	9	17
9606.ENSP00000372750	3	19	11
9606.ENSP00000372924	4	17	7
9606.ENSP00000373153	11	14	6
9606.ENSP00000373169	5	25	4
9606.ENSP00000373176	1	14	7
9606.ENSP00000373206	1	18	7
9606.ENSP00000373272	1	14	5
9606.ENSP00000373278	18	15	16
9606.ENSP00000373298	4	22	7
9606.ENSP00000373301	3	14	6
9606.ENSP00000373312	49	18	35
9606.ENSP00000373325	7	20	8
9606.ENSP00000373328	1	19	8
9606.ENSP00000373340	23	16	14
9606.ENSP00000373347	4	16	7
9606.ENSP00000373354	1	14	7
9606.ENSP00000373370	2	11	11
9606.ENSP00000373399	8	19	12
9606.ENSP00000373404	103	12	58
9606.ENSP00000373450	2	18	1
9606.ENSP00000373472	1	7	6
9606.ENSP00000373474	12	13	17
9606.ENSP00000373477	9	20	11
9606.ENSP00000373489	5	16	5
9606.ENSP00000373518	10	16	9
9606.ENSP00000373539	1	21	7
9606.ENSP00000373570	1	19	3
9606.ENSP00000373574	11	11	6
9606.ENSP00000373600	1	14	10
9606.ENSP00000373627	11	16	8
9606.ENSP00000373648	12	16	15
9606.ENSP00000373657	15	13	14
9606.ENSP00000373669	7	15	9
9606.ENSP00000373674	11	21	8
9606.ENSP00000373684	2	19	3
9606.ENSP00000373691	11	20	7
9606.ENSP00000373696	1	8	5
9606.ENSP00000373700	17	12	18
9606.ENSP00000373706	6	16	5
9606.ENSP00000373715	25	18	14
9606.ENSP00000373772	14	18	16
9606.ENSP00000373783	2	19	10
9606.ENSP00000373854	2	20	13
9606.ENSP00000373905	15	23	16
9606.ENSP00000373918	1	17	5
9606.ENSP00000373952	23	17	17
9606.ENSP00000373979	18	14	23
9606.ENSP00000374013	1	17	6
9606.ENSP00000374036	4	24	8
9606.ENSP00000374069	1	23	5
9606.ENSP00000374125	2	9	5
9606.ENSP00000374183	4	13	10
9606.ENSP00000374205	1	17	6
9606.ENSP00000374212	51	20	33
9606.ENSP00000374218	2	14	5
9606.ENSP00000374265	9	17	10
9606.ENSP00000374268	1	17	8
9606.ENSP00000374280	82	18	48
9606.ENSP00000374309	10	15	10
9606.ENSP00000374323	2	26	6
9606.ENSP00000374332	1	16	7
9606.ENSP00000374354	22	15	18
9606.ENSP00000374359	1	17	6
9606.ENSP00000374399	1	17	8
9606.ENSP00000374409	2	23	7
9606.ENSP00000374447	1	16	4
9606.ENSP00000374455	62	14	43
9606.ENSP00000374490	13	18	15
9606.ENSP00000374507	1	15	6
9606.ENSP00000374529	6	13	13
9606.ENSP00000374552	4	17	6
9606.ENSP00000374566	1	14	5
9606.ENSP00000375063	3	22	5
9606.ENSP00000375069	5	10	9
9606.ENSP00000375080	17	13	19
9606.ENSP00000375086	21	18	18
9606.ENSP00000375608	15	13	11
9606.ENSP00000375616	6	16	12
9606.ENSP00000375618	3	12	8
9606.ENSP00000375622	3	19	13
9606.ENSP00000375629	12	16	7
9606.ENSP00000375632	220	16	397
9606.ENSP00000375639	22	13	10
9606.ENSP00000375647	50	9	40
9606.ENSP00000375653	14	12	21
9606.ENSP00000375678	1	13	3
9606.ENSP00000375682	4	21	10
9606.ENSP00000375711	12	19	9
9606.ENSP00000375730	137	13	121
9606.ENSP00000375756	9	14	11
9606.ENSP00000375777	32	14	21
9606.ENSP00000375778	3	17	6
9606.ENSP00000375795	6	25	7
9606.ENSP00000375809	103	16	59
9606.ENSP00000375810	8	18	8
9606.ENSP00000375821	2	13	10
9606.ENSP00000375836	2	15	7
9606.ENSP00000375855	3	19	9
9606.ENSP00000375857	2	13	3
9606.ENSP00000375863	4	16	11
9606.ENSP00000375873	26	27	21
9606.ENSP00000375881	1	19	7
9606.ENSP00000375892	7	19	14
9606.ENSP00000375899	3	15	7
9606.ENSP00000375914	1	22	9
9606.ENSP00000375921	4	18	2
9606.ENSP00000375978	47	24	26
9606.ENSP00000375986	4	15	12
9606.ENSP00000376007	2	16	8
9606.ENSP00000376024	9	17	8
9606.ENSP00000376048	5	18	11
9606.ENSP00000376055	5	15	8
9606.ENSP00000376077	21	19	17
9606.ENSP00000376097	11	11	15
9606.ENSP00000376123	5	7	13
9606.ENSP00000376132	2	16	8
9606.ENSP00000376167	28	10	20
9606.ENSP00000376177	17	13	18
9606.ENSP00000376178	14	17	12
9606.ENSP00000376184	1	17	4
9606.ENSP00000376188	3	16	7
9606.ENSP00000376197	12	16	19
9606.ENSP00000376204	1	12	8
9606.ENSP00000376272	14	15	13
9606.ENSP00000376276	22	13	17
9606.ENSP00000376297	38	12	25
9606.ENSP00000376303	2	17	2
9606.ENSP00000376306	4	20	10
9606.ENSP00000376309	8	15	6
9606.ENSP00000376317	2	15	4
9606.ENSP00000376330	11	16	6
9606.ENSP00000376333	12	12	16
9606.ENSP00000376345	159	18	185
9606.ENSP00000376352	4	22	8
9606.ENSP00000376367	23	18	19
9606.ENSP00000376395	1	20	6
9606.ENSP00000376397	1	15	9
9606.ENSP00000376410	1	20	3
9606.ENSP00000376432	1	17	7
9606.ENSP00000376436	13	18	6
9606.ENSP00000376440	6	14	7
9606.ENSP00000376445	11	15	13
9606.ENSP00000376453	9	10	9
9606.ENSP00000376456	2	15	9
9606.ENSP00000376457	5	15	8
9606.ENSP00000376458	9	16	8
9606.ENSP00000376472	19	25	17
9606.ENSP00000376475	12	20	7
9606.ENSP00000376500	47	15	31
9606.ENSP00000376506	21	14	13
9606.ENSP00000376523	13	12	9
9606.ENSP00000376534	2	8	10
9606.ENSP00000376544	11	12	4
9606.ENSP00000376565	2	16	9
9606.ENSP00000376568	2	14	6
9606.ENSP00000376609	7	14	15
9606.ENSP00000376611	7	21	12
9606.ENSP00000376623	9	13	11
9606.ENSP00000376637	37	12	22
9606.ENSP00000376652	4	13	11
9606.ENSP00000376658	6	17	13
9606.ENSP00000376753	8	16	8
9606.ENSP00000376765	5	13	8
9606.ENSP00000376786	1	22	7
9606.ENSP00000376792	25	20	17
9606.ENSP00000376800	6	15	13
9606.ENSP00000376808	36	16	23
9606.ENSP00000376822	1	11	8
9606.ENSP00000376823	2	21	9
9606.ENSP00000376827	13	15	16
9606.ENSP00000376849	14	16	14
9606.ENSP00000376855	3	9	1
9606.ENSP00000376865	9	17	15
9606.ENSP00000376886	10	12	17
9606.ENSP00000376889	9	14	9
9606.ENSP00000376893	3	21	6
9606.ENSP00000376899	4	14	5
9606.ENSP00000376902	2	16	6
9606.ENSP00000376911	1	27	2
9606.ENSP00000376919	17	15	12
9606.ENSP00000376921	2	9	7
9606.ENSP00000376943	15	13	13
9606.ENSP00000376945	3	23	11
9606.ENSP00000376952	4	22	10
9606.ENSP00000377001	42	17	27
9606.ENSP00000377003	2	20	9
9606.ENSP00000377007	44	23	24
9606.ENSP00000377015	23	19	22
9606.ENSP00000377027	8	20	10
9606.ENSP00000377033	24	15	11
9606.ENSP00000377036	17	13	12
9606.ENSP00000377047	11	18	11
9606.ENSP00000377055	6	14	9
9606.ENSP00000377060	36	16	26
9606.ENSP00000377061	20	24	22
9606.ENSP00000377148	23	14	13
9606.ENSP00000377192	3	21	9
9606.ENSP00000377195	4	9	9
9606.ENSP00000377218	4	15	6
9606.ENSP00000377224	2	15	10
9606.ENSP00000377233	2	12	10
9606.ENSP00000377245	56	17	42
9606.ENSP00000377257	1	16	11
9606.ENSP00000377262	2	16	3
9606.ENSP00000377265	4	20	2
9606.ENSP00000377275	2	15	6
9606.ENSP00000377296	1	14	3
9606.ENSP00000377298	5	21	12
9606.ENSP00000377311	4	9	4
9606.ENSP00000377344	3	18	7
9606.ENSP00000377353	9	20	8
9606.ENSP00000377357	1	11	5
9606.ENSP00000377372	5	15	13
9606.ENSP00000377374	1	18	6
9606.ENSP00000377384	1	5	4
9606.ENSP00000377390	4	21	11
9606.ENSP00000377411	1	14	2
9606.ENSP00000377446	4	9	10
9606.ENSP00000377456	1	17	4
9606.ENSP00000377486	113	16	71
9606.ENSP00000377492	5	13	8
9606.ENSP00000377508	25	6	18
9606.ENSP00000377536	8	22	9
9606.ENSP00000377601	2	17	8
9606.ENSP00000377617	2	20	5
9606.ENSP00000377633	9	19	11
9606.ENSP00000377640	137	25	108
9606.ENSP00000377665	1	13	7
9606.ENSP00000377681	21	17	13
9606.ENSP00000377699	3	13	10
9606.ENSP00000377700	2	16	9
9606.ENSP00000377724	7	19	9
9606.ENSP00000377769	2	17	4
9606.ENSP00000377779	2	21	6
9606.ENSP00000377783	8	13	11
9606.ENSP00000377789	5	11	4
9606.ENSP00000377793	4	9	3
9606.ENSP00000377814	2	16	5
9606.ENSP00000377833	1	21	13
9606.ENSP00000377836	4	13	7
9606.ENSP00000377840	8	9	14
9606.ENSP00000377845	1	8	13
9606.ENSP00000377854	1	26	7
9606.ENSP00000377867	16	14	11
9606.ENSP00000377900	8	23	10
9606.ENSP00000377914	2	14	5
9606.ENSP00000377934	7	13	6
9606.ENSP00000377936	13	20	7
9606.ENSP00000377941	23	12	13
9606.ENSP00000377944	77	13	33
9606.ENSP00000377948	1	16	7
9606.ENSP00000377954	16	20	14
9606.ENSP00000377958	49	7	31
9606.ENSP00000377969	92	14	44
9606.ENSP00000378015	8	16	7
9606.ENSP00000378040	8	15	11
9606.ENSP00000378046	1	18	7
9606.ENSP00000378056	1	16	8
9606.ENSP00000378058	2	20	5
9606.ENSP00000378063	1	16	6
9606.ENSP00000378089	4	18	6
9606.ENSP00000378105	9	15	10
9606.ENSP00000378118	27	20	13
9606.ENSP00000378119	1	13	6
9606.ENSP00000378131	4	14	6
9606.ENSP00000378145	6	19	8
9606.ENSP00000378163	135	13	120
9606.ENSP00000378165	2	21	5
9606.ENSP00000378176	6	15	10
9606.ENSP00000378181	56	23	38
9606.ENSP00000378191	10	19	12
9606.ENSP00000378195	1	20	4
9606.ENSP00000378199	47	17	23
9606.ENSP00000378207	17	17	16
9606.ENSP00000378235	2	22	7
9606.ENSP00000378236	1	17	6
9606.ENSP00000378248	1	22	8
9606.ENSP00000378260	2	19	6
9606.ENSP00000378275	1	24	9
9606.ENSP00000378284	19	10	16
9606.ENSP00000378288	5	18	4
9606.ENSP00000378295	10	22	7
9606.ENSP00000378306	20	15	17
9606.ENSP00000378310	1	14	6
9606.ENSP00000378313	4	8	6
9606.ENSP00000378323	29	14	24
9606.ENSP00000378324	4	16	10
9606.ENSP00000378326	5	20	11
9606.ENSP00000378332	5	10	3
9606.ENSP00000378338	17	20	14
9606.ENSP00000378340	3	16	11
9606.ENSP00000378350	49	21	39
9606.ENSP00000378356	6	25	8
9606.ENSP00000378360	1	17	9
9606.ENSP00000378364	2	18	6
9606.ENSP00000378365	25	17	23
9606.ENSP00000378367	6	17	10
9606.ENSP00000378368	6	4	10
9606.ENSP00000378394	5	17	6
9606.ENSP00000378400	1	16	9
9606.ENSP00000378402	62	13	41
9606.ENSP00000378408	6	17	8
9606.ENSP00000378409	1	13	5
9606.ENSP00000378414	71	9	33
9606.ENSP00000378416	1	21	6
9606.ENSP00000378426	1	10	14
9606.ENSP00000378464	3	16	4
9606.ENSP00000378483	4	7	9
9606.ENSP00000378485	5	28	10
9606.ENSP00000378487	56	19	47
9606.ENSP00000378488	3	16	10
9606.ENSP00000378492	9	13	3
9606.ENSP00000378504	10	21	12
9606.ENSP00000378516	6	17	9
9606.ENSP00000378517	23	16	14
9606.ENSP00000378529	32	28	18
9606.ENSP00000378557	7	19	7
9606.ENSP00000378563	24	22	18
9606.ENSP00000378570	2	18	6
9606.ENSP00000378577	13	13	8
9606.ENSP00000378578	40	17	26
9606.ENSP00000378588	8	18	6
9606.ENSP00000378611	1	10	5
9606.ENSP00000378635	1	15	5
9606.ENSP00000378687	18	14	13
9606.ENSP00000378699	50	14	29
9606.ENSP00000378702	25	13	17
9606.ENSP00000378721	16	15	14
9606.ENSP00000378725	2	13	6
9606.ENSP00000378731	3	20	6
9606.ENSP00000378736	38	25	33
9606.ENSP00000378760	3	11	8
9606.ENSP00000378769	35	13	29
9606.ENSP00000378784	5	10	10
9606.ENSP00000378786	33	19	26
9606.ENSP00000378812	1	10	4
9606.ENSP00000378845	24	20	22
9606.ENSP00000378856	11	15	17
9606.ENSP00000378857	2	15	8
9606.ENSP00000378868	4	19	6
9606.ENSP00000378877	7	19	4
9606.ENSP00000378897	9	16	10
9606.ENSP00000378912	1	14	5
9606.ENSP00000378914	5	18	9
9606.ENSP00000378917	5	9	11
9606.ENSP00000378920	1	16	7
9606.ENSP00000378935	2	13	8
9606.ENSP00000378957	2	12	9
9606.ENSP00000378958	1	15	7
9606.ENSP00000378965	9	13	11
9606.ENSP00000378972	5	13	10
9606.ENSP00000378974	21	24	21
9606.ENSP00000378992	4	20	7
9606.ENSP00000379003	2	7	10
9606.ENSP00000379011	2	15	5
9606.ENSP00000379032	3	14	3
9606.ENSP00000379038	3	19	10
9606.ENSP00000379042	4	13	6
9606.ENSP00000379047	1	16	2
9606.ENSP00000379057	3	16	13
9606.ENSP00000379078	47	9	27
9606.ENSP00000379087	6	13	7
9606.ENSP00000379092	5	18	7
9606.ENSP00000379097	8	9	14
9606.ENSP00000379098	9	23	8
9606.ENSP00000379108	2	18	6
9606.ENSP00000379110	25	20	16
9606.ENSP00000379111	14	8	8
9606.ENSP00000379133	1	15	3
9606.ENSP00000379138	1	14	4
9606.ENSP00000379140	46	15	43
9606.ENSP00000379144	20	14	13
9606.ENSP00000379156	2	24	5
9606.ENSP00000379174	1	15	4
9606.ENSP00000379181	31	17	22
9606.ENSP00000379183	1	15	7
9606.ENSP00000379201	2	19	5
9606.ENSP00000379204	16	11	10
9606.ENSP00000379218	1	15	6
9606.ENSP00000379228	1	15	11
9606.ENSP00000379256	20	14	14
9606.ENSP00000379258	7	12	10
9606.ENSP00000379263	34	17	28
9606.ENSP00000379267	41	18	30
9606.ENSP00000379287	53	15	33
9606.ENSP00000379310	13	20	12
9606.ENSP00000379330	16	22	11
9606.ENSP00000379339	153	17	148
9606.ENSP00000379350	73	18	37
9606.ENSP00000379364	7	18	8
9606.ENSP00000379365	2	16	3
9606.ENSP00000379366	3	22	8
9606.ENSP00000379372	97	15	56
9606.ENSP00000379377	2	18	7
9606.ENSP00000379383	1	19	8
9606.ENSP00000379387	1	9	9
9606.ENSP00000379392	1	13	5
9606.ENSP00000379401	1	16	9
9606.ENSP00000379430	2	13	12
9606.ENSP00000379438	2	20	10
9606.ENSP00000379441	3	13	8
9606.ENSP00000379457	25	22	17
9606.ENSP00000379458	1	21	4
9606.ENSP00000379472	4	16	9
9606.ENSP00000379496	2	20	13
9606.ENSP00000379500	8	18	8
9606.ENSP00000379503	1	14	7
9606.ENSP00000379506	136	16	104
9606.ENSP00000379563	11	13	14
9606.ENSP00000379601	13	11	17
9606.ENSP00000379602	12	21	10
9606.ENSP00000379612	15	14	18
9606.ENSP00000379616	28	19	25
9606.ENSP00000379643	9	15	12
9606.ENSP00000379644	6	17	5
9606.ENSP00000379651	3	12	7
9606.ENSP00000379658	2	17	8
9606.ENSP00000379669	2	12	12
9606.ENSP00000379678	11	13	13
9606.ENSP00000379680	1	12	10
9606.ENSP00000379682	2	18	8
9606.ENSP00000379683	1	22	9
9606.ENSP00000379696	2	15	5
9606.ENSP00000379709	1	13	6
9606.ENSP00000379721	11	14	10
9606.ENSP00000379784	11	9	12
9606.ENSP00000379802	2	18	8
9606.ENSP00000379804	1	11	6
9606.ENSP00000379823	4	14	9
9606.ENSP00000379826	7	10	10
9606.ENSP00000379836	1	9	7
9606.ENSP00000379839	1	23	5
9606.ENSP00000379841	6	11	8
9606.ENSP00000379842	2	12	11
9606.ENSP00000379847	4	8	8
9606.ENSP00000379866	4	15	9
9606.ENSP00000379869	5	15	3
9606.ENSP00000379873	48	18	32
9606.ENSP00000379888	199	25	319
9606.ENSP00000379891	14	22	12
9606.ENSP00000379904	8	17	9
9606.ENSP00000379911	36	15	18
9606.ENSP00000379915	2	22	8
9606.ENSP00000379931	6	19	3
9606.ENSP00000379946	27	15	14
9606.ENSP00000379975	20	13	17
9606.ENSP00000379999	8	12	16
9606.ENSP00000380008	4	18	6
9606.ENSP00000380024	32	15	28
9606.ENSP00000380033	12	17	14
9606.ENSP00000380044	21	19	13
9606.ENSP00000380054	41	14	32
9606.ENSP00000380070	22	14	13
9606.ENSP00000380073	7	11	15
9606.ENSP00000380074	14	14	12
9606.ENSP00000380093	8	12	5
9606.ENSP00000380109	3	11	9
9606.ENSP00000380131	4	17	7
9606.ENSP00000380150	12	17	9
9606.ENSP00000380157	1	13	7
9606.ENSP00000380178	6	22	8
9606.ENSP00000380184	3	16	5
9606.ENSP00000380227	31	11	21
9606.ENSP00000380247	3	15	9
9606.ENSP00000380251	1	13	5
9606.ENSP00000380252	12	18	12
9606.ENSP00000380256	4	9	10
9606.ENSP00000380271	7	17	6
9606.ENSP00000380281	2	24	4
9606.ENSP00000380307	2	19	5
9606.ENSP00000380308	33	12	30
9606.ENSP00000380321	5	17	8
9606.ENSP00000380322	10	15	3
9606.ENSP00000380334	15	17	8
9606.ENSP00000380336	71	17	45
9606.ENSP00000380349	4	19	7
9606.ENSP00000380352	1	19	8
9606.ENSP00000380367	18	21	9
9606.ENSP00000380378	22	16	16
9606.ENSP00000380379	6	16	10
9606.ENSP00000380401	3	20	10
9606.ENSP00000380413	1	20	6
9606.ENSP00000380421	5	15	12
9606.ENSP00000380427	8	13	9
9606.ENSP00000380432	27	15	13
9606.ENSP00000380437	1	19	5
9606.ENSP00000380440	5	14	10
9606.ENSP00000380450	11	12	15
9606.ENSP00000380460	7	16	9
9606.ENSP00000380466	104	17	47
9606.ENSP00000380494	2	19	7
9606.ENSP00000380514	1	22	12
9606.ENSP00000380517	3	16	9
9606.ENSP00000380557	2	18	9
9606.ENSP00000380598	13	14	7
9606.ENSP00000380602	2	17	9
9606.ENSP00000380638	22	19	12
9606.ENSP00000380659	6	18	6
9606.ENSP00000380661	2	15	8
9606.ENSP00000380666	1	20	6
9606.ENSP00000380675	1	20	7
9606.ENSP00000380676	1	17	10
9606.ENSP00000380679	1	13	8
9606.ENSP00000380690	16	13	11
9606.ENSP00000380697	18	17	17
9606.ENSP00000380702	2	19	10
9606.ENSP00000380713	3	15	3
9606.ENSP00000380718	3	15	11
9606.ENSP00000380734	5	17	9
9606.ENSP00000380746	1	14	9
9606.ENSP00000380762	14	20	13
9606.ENSP00000380779	13	18	11
9606.ENSP00000380785	4	17	4
9606.ENSP00000380794	27	8	12
9606.ENSP00000380855	8	24	10
9606.ENSP00000380869	1	16	3
9606.ENSP00000380876	1	16	6
9606.ENSP00000380877	4	15	7
9606.ENSP00000380878	5	11	10
9606.ENSP00000380888	38	8	25
9606.ENSP00000380901	3	17	4
9606.ENSP00000380903	8	20	11
9606.ENSP00000380904	19	13	13
9606.ENSP00000380911	4	10	7
9606.ENSP00000380921	19	12	17
9606.ENSP00000380942	16	13	14
9606.ENSP00000380948	50	12	31
9606.ENSP00000380958	10	11	7
9606.ENSP00000380998	16	20	9
9606.ENSP00000381008	3	17	9
9606.ENSP00000381026	2	10	9
9606.ENSP00000381032	1	14	6
9606.ENSP00000381034	8	20	16
9606.ENSP00000381047	1	17	7
9606.ENSP00000381057	3	22	10
9606.ENSP00000381058	9	20	2
9606.ENSP00000381064	15	17	18
9606.ENSP00000381070	10	14	14
9606.ENSP00000381097	10	15	11
9606.ENSP00000381098	5	14	11
9606.ENSP00000381102	2	14	4
9606.ENSP00000381105	1	21	7
9606.ENSP00000381129	4	11	12
9606.ENSP00000381133	8	18	8
9606.ENSP00000381185	72	15	47
9606.ENSP00000381213	12	20	12
9606.ENSP00000381214	8	11	7
9606.ENSP00000381216	6	13	12
9606.ENSP00000381231	5	19	10
9606.ENSP00000381237	7	11	12
9606.ENSP00000381247	32	10	23
9606.ENSP00000381250	7	10	5
9606.ENSP00000381266	1	16	9
9606.ENSP00000381282	39	15	24
9606.ENSP00000381293	29	21	18
9606.ENSP00000381302	6	11	8
9606.ENSP00000381333	7	19	8
9606.ENSP00000381339	4	17	8
9606.ENSP00000381340	1	11	12
9606.ENSP00000381364	4	20	5
9606.ENSP00000381377	3	13	8
9606.ENSP00000381382	21	15	16
9606.ENSP00000381386	2	10	5
9606.ENSP00000381430	2	22	4
9606.ENSP00000381448	1	15	6
9606.ENSP00000381461	6	20	9
9606.ENSP00000381492	1	11	7
9606.ENSP00000381498	4	16	11
9606.ENSP00000381504	4	20	7
9606.ENSP00000381531	15	17	6
9606.ENSP00000381549	1	8	6
9606.ENSP00000381553	34	24	19
9606.ENSP00000381577	4	21	7
9606.ENSP00000381581	1	15	8
9606.ENSP00000381588	4	35	12
9606.ENSP00000381601	3	20	10
9606.ENSP00000381605	1	16	5
9606.ENSP00000381607	8	19	9
9606.ENSP00000381654	1	15	6
9606.ENSP00000381657	50	20	41
9606.ENSP00000381666	1	11	6
9606.ENSP00000381693	36	17	27
9606.ENSP00000381698	18	16	13
9606.ENSP00000381699	2	18	5
9606.ENSP00000381717	38	9	25
9606.ENSP00000381736	36	18	30
9606.ENSP00000381773	7	19	5
9606.ENSP00000381775	8	17	10
9606.ENSP00000381823	16	19	13
9606.ENSP00000381840	33	16	25
9606.ENSP00000381844	3	22	12
9606.ENSP00000381859	7	13	4
9606.ENSP00000381876	4	17	11
9606.ENSP00000381911	1	21	4
9606.ENSP00000381949	1	16	11
9606.ENSP00000381958	12	12	12
9606.ENSP00000381968	7	13	9
9606.ENSP00000381984	11	16	8
9606.ENSP00000382004	27	24	12
9606.ENSP00000382015	2	15	12
9606.ENSP00000382021	1	18	5
9606.ENSP00000382083	1	16	7
9606.ENSP00000382090	5	18	12
9606.ENSP00000382091	3	17	6
9606.ENSP00000382177	11	14	4
9606.ENSP00000382218	25	17	15
9606.ENSP00000382226	3	15	11
9606.ENSP00000382250	106	20	53
9606.ENSP00000382323	2	17	6
9606.ENSP00000382341	13	15	9
9606.ENSP00000382379	4	16	7
9606.ENSP00000382382	1	11	9
9606.ENSP00000382390	2	10	4
9606.ENSP00000382423	7	15	8
9606.ENSP00000382507	4	16	2
9606.ENSP00000382508	1	9	7
9606.ENSP00000382511	1	15	6
9606.ENSP00000382628	16	12	14
9606.ENSP00000382646	34	12	22
9606.ENSP00000382670	15	18	6
9606.ENSP00000382684	4	23	6
9606.ENSP00000382688	11	11	11
9606.ENSP00000382697	7	20	14
9606.ENSP00000382707	1	18	8
9606.ENSP00000382708	34	11	27
9606.ENSP00000382713	2	15	7
9606.ENSP00000382717	10	20	9
9606.ENSP00000382731	1	17	6
9606.ENSP00000382770	9	21	8
9606.ENSP00000382779	38	23	29
9606.ENSP00000382783	8	10	9
9606.ENSP00000382800	18	18	14
9606.ENSP00000382805	4	23	5
9606.ENSP00000382895	2	24	9
9606.ENSP00000382953	7	14	7
9606.ENSP00000383003	50	16	36
9606.ENSP00000383023	17	21	13
9606.ENSP00000383042	73	14	38
9606.ENSP00000383044	1	15	5
9606.ENSP00000383053	12	16	9
9606.ENSP00000383067	1	15	12
9606.ENSP00000383115	2	12	7
9606.ENSP00000383145	3	15	4
9606.ENSP00000383178	6	17	10
9606.ENSP00000383199	19	17	10
9606.ENSP00000383232	1	13	6
9606.ENSP00000383234	1	10	5
9606.ENSP00000383274	10	18	9
9606.ENSP00000383295	3	18	7
9606.ENSP00000383301	1	21	8
9606.ENSP00000383303	3	22	9
9606.ENSP00000383333	18	16	17
9606.ENSP00000383365	2	17	3
9606.ENSP00000383376	8	24	4
9606.ENSP00000383382	7	13	6
9606.ENSP00000383392	3	9	8
9606.ENSP00000383402	18	14	15
9606.ENSP00000383421	1	14	10
9606.ENSP00000383428	9	20	11
9606.ENSP00000383558	6	20	10
9606.ENSP00000383611	15	12	18
9606.ENSP00000383690	8	16	6
9606.ENSP00000383692	7	16	8
9606.ENSP00000383710	14	11	9
9606.ENSP00000383719	4	15	8
9606.ENSP00000383784	2	13	8
9606.ENSP00000383820	3	17	7
9606.ENSP00000383840	1	19	7
9606.ENSP00000383866	3	16	5
9606.ENSP00000383911	9	12	9
9606.ENSP00000383920	9	10	11
9606.ENSP00000383931	10	20	12
9606.ENSP00000383949	146	13	135
9606.ENSP00000383986	1	22	6
9606.ENSP00000383996	3	22	9
9606.ENSP00000384015	14	11	12
9606.ENSP00000384018	51	17	24
9606.ENSP00000384048	16	14	10
9606.ENSP00000384053	13	13	8
9606.ENSP00000384084	4	19	11
9606.ENSP00000384092	21	15	17
9606.ENSP00000384109	55	17	44
9606.ENSP00000384126	1	16	6
9606.ENSP00000384164	1	24	7
9606.ENSP00000384169	8	14	9
9606.ENSP00000384179	4	11	7
9606.ENSP00000384182	3	17	5
9606.ENSP00000384183	4	17	4
9606.ENSP00000384193	1	17	5
9606.ENSP00000384198	21	18	13
9606.ENSP00000384211	19	14	16
9606.ENSP00000384214	1	18	10
9606.ENSP00000384259	5	14	7
9606.ENSP00000384262	2	14	7
9606.ENSP00000384264	3	8	10
9606.ENSP00000384273	62	21	54
9606.ENSP00000384290	17	15	17
9606.ENSP00000384296	1	16	8
9606.ENSP00000384302	70	17	51
9606.ENSP00000384330	17	14	11
9606.ENSP00000384334	1	19	5
9606.ENSP00000384359	1	9	10
9606.ENSP00000384363	1	11	11
9606.ENSP00000384364	11	22	6
9606.ENSP00000384367	1	15	5
9606.ENSP00000384369	31	19	27
9606.ENSP00000384371	15	15	14
9606.ENSP00000384387	2	10	10
9606.ENSP00000384400	2	15	8
9606.ENSP00000384408	1	20	5
9606.ENSP00000384421	14	9	10
9606.ENSP00000384433	2	20	8
9606.ENSP00000384474	5	12	14
9606.ENSP00000384477	2	18	5
9606.ENSP00000384484	5	26	6
9606.ENSP00000384490	46	18	28
9606.ENSP00000384491	2	15	6
9606.ENSP00000384513	16	15	11
9606.ENSP00000384515	15	20	10
9606.ENSP00000384517	20	17	9
9606.ENSP00000384537	11	15	14
9606.ENSP00000384570	5	20	8
9606.ENSP00000384573	2	21	11
9606.ENSP00000384582	5	16	18
9606.ENSP00000384597	3	16	9
9606.ENSP00000384604	1	12	7
9606.ENSP00000384610	5	14	9
9606.ENSP00000384629	40	13	25
9606.ENSP00000384638	15	13	11
9606.ENSP00000384651	1	22	3
9606.ENSP00000384675	37	16	23
9606.ENSP00000384700	9	17	12
9606.ENSP00000384708	2	14	7
9606.ENSP00000384725	2	18	9
9606.ENSP00000384744	6	11	9
9606.ENSP00000384763	2	15	6
9606.ENSP00000384792	2	10	6
9606.ENSP00000384794	1	16	4
9606.ENSP00000384823	3	17	7
9606.ENSP00000384848	9	16	8
9606.ENSP00000384849	34	21	19
9606.ENSP00000384851	6	18	7
9606.ENSP00000384863	29	16	26
9606.ENSP00000384869	2	13	10
9606.ENSP00000384881	1	15	6
9606.ENSP00000384899	17	17	18
9606.ENSP00000384906	5	31	7
9606.ENSP00000384924	3	12	9
9606.ENSP00000384949	7	12	6
9606.ENSP00000384952	101	20	60
9606.ENSP00000384957	7	21	11
9606.ENSP00000384964	2	14	7
9606.ENSP00000384973	7	21	7
9606.ENSP00000384996	4	20	5
9606.ENSP00000384999	2	25	12
9606.ENSP00000385000	16	21	11
9606.ENSP00000385019	2	17	5
9606.ENSP00000385021	17	10	13
9606.ENSP00000385025	19	10	23
9606.ENSP00000385026	11	13	18
9606.ENSP00000385035	7	12	9
9606.ENSP00000385057	3	21	8
9606.ENSP00000385096	35	9	21
9606.ENSP00000385110	2	17	1
9606.ENSP00000385142	14	14	18
9606.ENSP00000385143	7	15	10
9606.ENSP00000385158	5	20	9
9606.ENSP00000385205	10	17	12
9606.ENSP00000385216	38	16	31
9606.ENSP00000385235	2	19	6
9606.ENSP00000385269	15	15	14
9606.ENSP00000385300	2	11	6
9606.ENSP00000385334	13	14	13
9606.ENSP00000385361	4	14	7
9606.ENSP00000385385	4	17	11
9606.ENSP00000385410	4	13	13
9606.ENSP00000385415	1	19	11
9606.ENSP00000385428	24	9	19
9606.ENSP00000385432	9	18	14
9606.ENSP00000385450	14	10	12
9606.ENSP00000385451	9	21	8
9606.ENSP00000385470	1	18	6
9606.ENSP00000385477	15	12	16
9606.ENSP00000385479	239	16	406
9606.ENSP00000385480	5	9	8
9606.ENSP00000385510	3	24	10
9606.ENSP00000385519	6	15	7
9606.ENSP00000385523	17	17	13
9606.ENSP00000385571	7	12	9
9606.ENSP00000385579	1	16	14
9606.ENSP00000385616	10	18	11
9606.ENSP00000385636	4	23	4
9606.ENSP00000385675	19	13	16
9606.ENSP00000385684	2	17	12
9606.ENSP00000385714	1	14	8
9606.ENSP00000385722	40	13	35
9606.ENSP00000385725	155	17	131
9606.ENSP00000385746	1	16	6
9606.ENSP00000385749	6	10	9
9606.ENSP00000385751	2	17	8
9606.ENSP00000385757	1	17	11
9606.ENSP00000385787	35	17	16
9606.ENSP00000385808	14	14	10
9606.ENSP00000385823	18	18	7
9606.ENSP00000385828	1	16	7
9606.ENSP00000385834	6	14	7
9606.ENSP00000385886	1	17	6
9606.ENSP00000385923	1	19	4
9606.ENSP00000385958	203	10	345
9606.ENSP00000385968	1	15	4
9606.ENSP00000385990	6	16	14
9606.ENSP00000386023	96	29	51
9606.ENSP00000386029	2	18	4
9606.ENSP00000386041	23	13	24
9606.ENSP00000386043	7	15	7
9606.ENSP00000386049	1	11	4
9606.ENSP00000386069	1	20	7
9606.ENSP00000386096	7	16	8
9606.ENSP00000386104	2	16	8
9606.ENSP00000386134	71	12	42
9606.ENSP00000386135	8	9	12
9606.ENSP00000386156	10	13	14
9606.ENSP00000386165	3	15	4
9606.ENSP00000386170	2	27	10
9606.ENSP00000386181	16	18	16
9606.ENSP00000386200	6	13	9
9606.ENSP00000386212	19	15	17
9606.ENSP00000386213	11	16	8
9606.ENSP00000386229	2	16	9
9606.ENSP00000386239	19	18	12
9606.ENSP00000386264	1	13	4
9606.ENSP00000386289	2	9	16
9606.ENSP00000386306	4	13	8
9606.ENSP00000386331	22	18	21
9606.ENSP00000386378	1	11	10
9606.ENSP00000386380	20	15	12
9606.ENSP00000386385	1	12	11
9606.ENSP00000386414	9	19	4
9606.ENSP00000386419	16	24	13
9606.ENSP00000386439	1	14	9
9606.ENSP00000386443	5	18	8
9606.ENSP00000386444	4	13	11
9606.ENSP00000386452	1	15	7
9606.ENSP00000386456	8	14	9
9606.ENSP00000386458	33	12	30
9606.ENSP00000386488	36	19	34
9606.ENSP00000386503	1	17	13
9606.ENSP00000386520	3	15	12
9606.ENSP00000386531	6	13	10
9606.ENSP00000386541	51	12	45
9606.ENSP00000386559	24	15	14
9606.ENSP00000386593	71	18	37
9606.ENSP00000386597	2	18	9
9606.ENSP00000386609	1	19	11
9606.ENSP00000386636	2	15	10
9606.ENSP00000386651	1	15	2
9606.ENSP00000386655	3	21	6
9606.ENSP00000386660	4	14	4
9606.ENSP00000386710	3	11	2
9606.ENSP00000386717	142	13	130
9606.ENSP00000386722	2	19	7
9606.ENSP00000386738	2	15	5
9606.ENSP00000386759	45	11	29
9606.ENSP00000386786	1	13	5
9606.ENSP00000386834	4	11	14
9606.ENSP00000386840	19	14	20
9606.ENSP00000386857	11	9	11
9606.ENSP00000386869	3	15	12
9606.ENSP00000386880	24	23	18
9606.ENSP00000386881	9	19	3
9606.ENSP00000386884	65	18	53
9606.ENSP00000386892	5	17	4
9606.ENSP00000386894	3	16	6
9606.ENSP00000386896	19	9	16
9606.ENSP00000386918	2	18	7
9606.ENSP00000386921	3	14	5
9606.ENSP00000386935	3	20	4
9606.ENSP00000386942	1	24	8
9606.ENSP00000386962	32	16	25
9606.ENSP00000387006	102	20	40
9606.ENSP00000387007	5	20	9
9606.ENSP00000387050	3	19	5
9606.ENSP00000387091	1	22	7
9606.ENSP00000387100	18	12	14
9606.ENSP00000387122	1	15	7
9606.ENSP00000387123	2	11	10
9606.ENSP00000387159	4	18	9
9606.ENSP00000387170	4	13	9
9606.ENSP00000387180	1	28	2
9606.ENSP00000387209	3	18	11
9606.ENSP00000387211	7	18	14
9606.ENSP00000387228	2	14	7
9606.ENSP00000387229	1	16	6
9606.ENSP00000387246	4	25	10
9606.ENSP00000387262	22	17	17
9606.ENSP00000387266	2	17	5
9606.ENSP00000387278	1	21	9
9606.ENSP00000387282	1	26	9
9606.ENSP00000387286	15	24	8
9606.ENSP00000387303	3	20	6
9606.ENSP00000387334	8	17	14
9606.ENSP00000387356	13	20	14
9606.ENSP00000387362	4	18	10
9606.ENSP00000387365	1	21	6
9606.ENSP00000387393	51	20	42
9606.ENSP00000387435	8	11	12
9606.ENSP00000387471	7	14	9
9606.ENSP00000387498	2	13	2
9606.ENSP00000387549	6	21	7
9606.ENSP00000387641	1	19	8
9606.ENSP00000387654	25	27	16
9606.ENSP00000387662	11	16	13
9606.ENSP00000387699	42	17	21
9606.ENSP00000387710	3	20	4
9606.ENSP00000387739	11	14	14
9606.ENSP00000387822	7	20	8
9606.ENSP00000387875	1	27	3
9606.ENSP00000387911	6	22	10
9606.ENSP00000387996	21	11	19
9606.ENSP00000388001	2	13	3
9606.ENSP00000388107	347	16	1159
9606.ENSP00000388169	18	12	16
9606.ENSP00000388183	9	13	15
9606.ENSP00000388337	104	21	49
9606.ENSP00000388510	6	19	9
9606.ENSP00000388552	5	13	15
9606.ENSP00000388566	7	13	13
9606.ENSP00000388620	6	15	10
9606.ENSP00000388631	3	13	6
9606.ENSP00000388638	19	14	15
9606.ENSP00000388658	1	19	5
9606.ENSP00000388713	1	21	2
9606.ENSP00000388723	1	10	9
9606.ENSP00000388806	15	22	14
9606.ENSP00000388825	1	18	3
9606.ENSP00000388910	8	21	8
9606.ENSP00000388940	16	22	12
9606.ENSP00000388996	10	14	12
9606.ENSP00000389009	2	25	5
9606.ENSP00000389026	1	15	5
9606.ENSP00000389060	1	28	7
9606.ENSP00000389095	7	20	12
9606.ENSP00000389103	162	14	159
9606.ENSP00000389140	13	18	9
9606.ENSP00000389160	69	14	41
9606.ENSP00000389168	10	9	5
9606.ENSP00000389176	2	27	9
9606.ENSP00000389182	35	13	25
9606.ENSP00000389241	2	18	6
9606.ENSP00000389252	4	12	12
9606.ENSP00000389277	4	16	7
9606.ENSP00000389297	19	12	11
9606.ENSP00000389326	26	16	26
9606.ENSP00000389351	155	17	155
9606.ENSP00000389356	1	21	6
9606.ENSP00000389377	11	16	4
9606.ENSP00000389381	1	18	4
9606.ENSP00000389395	3	20	7
9606.ENSP00000389445	29	16	23
9606.ENSP00000389588	1	11	6
9606.ENSP00000389600	10	22	10
9606.ENSP00000389631	18	9	11
9606.ENSP00000389649	22	7	19
9606.ENSP00000389714	13	17	15
9606.ENSP00000389715	4	13	5
9606.ENSP00000389810	12	12	13
9606.ENSP00000389814	4	21	9
9606.ENSP00000389870	2	19	9
9606.ENSP00000389900	3	13	8
9606.ENSP00000389913	5	20	7
9606.ENSP00000389948	11	20	8
9606.ENSP00000389998	16	20	9
9606.ENSP00000390011	2	20	10
9606.ENSP00000390084	1	12	7
9606.ENSP00000390265	4	23	13
9606.ENSP00000390331	95	21	66
9606.ENSP00000390394	1	20	8
9606.ENSP00000390423	32	18	26
9606.ENSP00000390436	10	14	13
9606.ENSP00000390475	14	13	19
9606.ENSP00000390535	7	20	12
9606.ENSP00000390590	1	9	4
9606.ENSP00000390600	12	18	10
9606.ENSP00000390621	6	14	8
9606.ENSP00000390625	1	9	13
9606.ENSP00000390630	2	22	4
9606.ENSP00000390647	53	19	29
9606.ENSP00000390722	1	17	8
9606.ENSP00000390783	13	14	11
9606.ENSP00000390784	1	21	6
9606.ENSP00000390941	1	9	7
9606.ENSP00000391088	5	10	8
9606.ENSP00000391090	8	16	8
9606.ENSP00000391137	1	13	8
9606.ENSP00000391211	46	14	34
9606.ENSP00000391227	1	13	3
9606.ENSP00000391249	15	17	9
9606.ENSP00000391269	1	17	8
9606.ENSP00000391311	12	27	12
9606.ENSP00000391381	12	17	11
9606.ENSP00000391457	44	19	25
9606.ENSP00000391481	2	16	6
9606.ENSP00000391498	1	14	8
9606.ENSP00000391504	34	16	17
9606.ENSP00000391583	8	13	16
9606.ENSP00000391592	30	17	24
9606.ENSP00000391594	5	12	8
9606.ENSP00000391601	30	11	27
9606.ENSP00000391669	30	17	14
9606.ENSP00000391723	4	17	7
9606.ENSP00000391739	1	11	10
9606.ENSP00000391748	3	21	10
9606.ENSP00000391788	3	16	6
9606.ENSP00000391800	1	16	7
9606.ENSP00000391803	8	16	16
9606.ENSP00000391826	25	8	16
9606.ENSP00000391942	23	10	14
9606.ENSP00000392025	32	12	24
9606.ENSP00000392028	1	12	9
9606.ENSP00000392043	1	21	5
9606.ENSP00000392065	10	19	14
9606.ENSP00000392066	1	20	11
9606.ENSP00000392094	122	13	95
9606.ENSP00000392147	8	13	9
9606.ENSP00000392197	1	15	6
9606.ENSP00000392270	21	14	15
9606.ENSP00000392318	33	17	21
9606.ENSP00000392330	10	14	10
9606.ENSP00000392353	2	24	8
9606.ENSP00000392398	9	17	12
9606.ENSP00000392423	4	12	14
9606.ENSP00000392495	15	15	17
9606.ENSP00000392500	12	14	9
9606.ENSP00000392553	6	11	6
9606.ENSP00000392617	33	15	30
9606.ENSP00000392709	76	9	33
9606.ENSP00000392726	2	18	9
9606.ENSP00000392762	1	22	8
9606.ENSP00000392767	5	14	10
9606.ENSP00000392812	8	13	7
9606.ENSP00000392828	1	14	4
9606.ENSP00000392896	2	19	11
9606.ENSP00000393097	15	15	16
9606.ENSP00000393098	9	16	10
9606.ENSP00000393128	1	13	3
9606.ENSP00000393139	19	20	10
9606.ENSP00000393154	1	11	5
9606.ENSP00000393183	34	24	26
9606.ENSP00000393222	5	12	6
9606.ENSP00000393241	235	26	436
9606.ENSP00000393275	1	18	6
9606.ENSP00000393312	43	11	28
9606.ENSP00000393313	20	20	10
9606.ENSP00000393316	1	16	7
9606.ENSP00000393324	16	14	14
9606.ENSP00000393333	6	22	14
9606.ENSP00000393379	15	25	13
9606.ENSP00000393388	150	8	147
9606.ENSP00000393392	10	17	17
9606.ENSP00000393541	22	19	14
9606.ENSP00000393559	3	19	7
9606.ENSP00000393566	18	19	8
9606.ENSP00000393596	1	19	1
9606.ENSP00000393675	1	20	5
9606.ENSP00000393762	6	19	9
9606.ENSP00000393776	11	16	9
9606.ENSP00000393840	15	18	10
9606.ENSP00000393847	1	21	3
9606.ENSP00000393922	1	9	3
9606.ENSP00000393963	1	14	8
9606.ENSP00000393978	3	11	5
9606.ENSP00000394033	3	12	10
9606.ENSP00000394049	1	12	6
9606.ENSP00000394051	2	17	7
9606.ENSP00000394071	19	13	15
9606.ENSP00000394085	2	21	8
9606.ENSP00000394107	27	14	20
9606.ENSP00000394227	4	14	6
9606.ENSP00000394331	4	16	12
9606.ENSP00000394352	2	19	11
9606.ENSP00000394390	1	21	6
9606.ENSP00000394394	48	13	29
9606.ENSP00000394417	33	20	21
9606.ENSP00000394484	1	21	7
9606.ENSP00000394496	5	17	7
9606.ENSP00000394560	9	19	12
9606.ENSP00000394624	9	12	12
9606.ENSP00000394720	1	16	8
9606.ENSP00000394734	1	23	6
9606.ENSP00000394751	1	17	12
9606.ENSP00000394757	4	26	9
9606.ENSP00000394791	3	16	12
9606.ENSP00000394794	5	20	10
9606.ENSP00000394888	7	11	7
9606.ENSP00000394936	2	14	8
9606.ENSP00000395012	33	15	20
9606.ENSP00000395249	1	19	5
9606.ENSP00000395281	34	14	19
9606.ENSP00000395294	6	18	11
9606.ENSP00000395473	2	10	9
9606.ENSP00000395535	18	16	17
9606.ENSP00000395574	37	17	15
9606.ENSP00000395590	1	16	11
9606.ENSP00000395704	21	17	15
9606.ENSP00000395708	5	14	10
9606.ENSP00000395772	11	19	12
9606.ENSP00000395793	3	13	8
9606.ENSP00000396052	15	17	14
9606.ENSP00000396163	2	14	10
9606.ENSP00000396198	19	18	18
9606.ENSP00000396301	68	19	45
9606.ENSP00000396304	2	22	6
9606.ENSP00000396308	2	21	6
9606.ENSP00000396320	18	18	20
9606.ENSP00000396330	2	19	4
9606.ENSP00000396345	3	16	8
9606.ENSP00000396467	4	16	8
9606.ENSP00000396673	32	18	20
9606.ENSP00000396688	13	18	9
9606.ENSP00000396749	32	21	20
9606.ENSP00000396915	16	15	10
9606.ENSP00000396937	45	11	33
9606.ENSP00000396954	1	15	10
9606.ENSP00000396976	5	12	10
9606.ENSP00000396995	3	12	5
9606.ENSP00000397026	9	19	9
9606.ENSP00000397082	2	13	7
9606.ENSP00000397103	1	18	6
9606.ENSP00000397133	6	16	5
9606.ENSP00000397181	5	22	4
9606.ENSP00000397259	40	17	21
9606.ENSP00000397297	6	19	15
9606.ENSP00000397351	1	22	9
9606.ENSP00000397402	7	20	11
9606.ENSP00000397415	7	17	9
9606.ENSP00000397441	15	12	11
9606.ENSP00000397459	10	19	14
9606.ENSP00000397552	113	20	80
9606.ENSP00000397563	5	18	6
9606.ENSP00000397566	1	21	6
9606.ENSP00000397673	1	18	7
9606.ENSP00000397863	6	16	9
9606.ENSP00000397881	2	9	4
9606.ENSP00000397908	9	13	11
9606.ENSP00000397911	3	22	9
9606.ENSP00000397925	1	9	3
9606.ENSP00000397927	14	15	9
9606.ENSP00000397947	1	25	6
9606.ENSP00000398017	4	23	9
9606.ENSP00000398064	2	25	10
9606.ENSP00000398124	13	16	14
9606.ENSP00000398131	89	16	54
9606.ENSP00000398211	1	14	4
9606.ENSP00000398273	4	19	4
9606.ENSP00000398368	11	17	11
9606.ENSP00000398410	2	13	6
9606.ENSP00000398495	11	20	10
9606.ENSP00000398523	14	22	13
9606.ENSP00000398560	2	20	11
9606.ENSP00000398568	5	17	7
9606.ENSP00000398597	20	15	17
9606.ENSP00000398610	2	12	7
9606.ENSP00000398629	12	17	13
9606.ENSP00000398632	88	10	51
9606.ENSP00000398655	12	16	15
9606.ENSP00000398698	62	14	57
9606.ENSP00000398736	2	19	7
9606.ENSP00000398803	1	14	3
9606.ENSP00000398824	33	12	22
9606.ENSP00000398832	10	23	15
9606.ENSP00000398837	11	13	11
9606.ENSP00000398880	11	22	13
9606.ENSP00000398890	16	20	17
9606.ENSP00000399168	28	18	22
9606.ENSP00000399208	3	12	5
9606.ENSP00000399324	13	12	17
9606.ENSP00000399376	13	15	18
9606.ENSP00000399403	16	15	10
9606.ENSP00000399415	5	12	13
9606.ENSP00000399457	21	19	18
9606.ENSP00000399465	5	11	7
9606.ENSP00000399511	5	10	13
9606.ENSP00000399518	2	17	8
9606.ENSP00000399588	2	12	14
9606.ENSP00000399679	1	12	11
9606.ENSP00000399718	33	12	19
9606.ENSP00000399745	10	12	13
9606.ENSP00000399751	2	11	8
9606.ENSP00000399797	8	13	11
9606.ENSP00000399808	11	18	18
9606.ENSP00000399851	20	14	20
9606.ENSP00000399862	13	8	11
9606.ENSP00000399888	3	22	6
9606.ENSP00000399968	30	16	21
9606.ENSP00000399970	24	13	26
9606.ENSP00000399982	141	13	135
9606.ENSP00000400010	4	18	5
9606.ENSP00000400057	1	15	7
9606.ENSP00000400101	1	14	3
9606.ENSP00000400113	1	16	5
9606.ENSP00000400142	9	17	17
9606.ENSP00000400175	59	18	55
9606.ENSP00000400184	1	13	9
9606.ENSP00000400252	15	6	17
9606.ENSP00000400312	2	13	8
9606.ENSP00000400333	12	15	10
9606.ENSP00000400341	2	14	7
9606.ENSP00000400365	7	12	12
9606.ENSP00000400433	8	14	9
9606.ENSP00000400459	1	12	6
9606.ENSP00000400533	13	19	12
9606.ENSP00000400591	165	14	179
9606.ENSP00000400646	19	12	22
9606.ENSP00000400717	17	8	13
9606.ENSP00000400882	4	17	6
9606.ENSP00000400887	1	14	5
9606.ENSP00000400892	16	13	13
9606.ENSP00000400894	4	15	16
9606.ENSP00000400906	13	18	12
9606.ENSP00000401010	29	15	24
9606.ENSP00000401018	21	16	13
9606.ENSP00000401112	2	17	2
9606.ENSP00000401191	38	17	19
9606.ENSP00000401197	4	21	14
9606.ENSP00000401237	1	18	0
9606.ENSP00000401264	2	22	10
9606.ENSP00000401277	9	14	11
9606.ENSP00000401303	66	16	53
9606.ENSP00000401371	12	20	7
9606.ENSP00000401435	7	10	13
9606.ENSP00000401445	31	16	19
9606.ENSP00000401470	14	16	11
9606.ENSP00000401502	1	12	9
9606.ENSP00000401513	2	13	5
9606.ENSP00000401514	13	13	11
9606.ENSP00000401564	3	13	10
9606.ENSP00000401566	1	15	7
9606.ENSP00000401642	1	20	9
9606.ENSP00000401645	3	12	6
9606.ENSP00000401678	3	9	10
9606.ENSP00000401720	3	19	7
9606.ENSP00000401749	1	17	6
9606.ENSP00000401764	2	16	6
9606.ENSP00000401770	20	15	24
9606.ENSP00000401831	9	12	8
9606.ENSP00000401853	1	14	4
9606.ENSP00000401878	33	14	23
9606.ENSP00000401888	30	13	27
9606.ENSP00000401907	20	12	17
9606.ENSP00000401946	6	14	11
9606.ENSP00000401980	42	17	25
9606.ENSP00000402038	2	19	6
9606.ENSP00000402060	10	16	10
9606.ENSP00000402084	4	12	10
9606.ENSP00000402107	19	17	17
9606.ENSP00000402154	9	15	4
9606.ENSP00000402257	6	17	10
9606.ENSP00000402280	21	18	20
9606.ENSP00000402301	3	13	9
9606.ENSP00000402338	9	15	13
9606.ENSP00000402346	15	19	20
9606.ENSP00000402510	2	20	5
9606.ENSP00000402515	21	17	13
9606.ENSP00000402537	1	14	4
9606.ENSP00000402584	1	13	4
9606.ENSP00000402653	8	14	15
9606.ENSP00000402723	8	14	11
9606.ENSP00000402758	1	10	6
9606.ENSP00000402797	1	17	8
9606.ENSP00000402849	1	13	7
9606.ENSP00000402861	14	14	14
9606.ENSP00000402935	10	13	11
9606.ENSP00000403077	1	10	6
9606.ENSP00000403104	5	11	12
9606.ENSP00000403172	144	18	130
9606.ENSP00000403210	9	17	8
9606.ENSP00000403310	24	15	8
9606.ENSP00000403343	4	11	2
9606.ENSP00000403362	49	13	30
9606.ENSP00000403396	2	15	6
9606.ENSP00000403397	1	16	6
9606.ENSP00000403400	2	20	6
9606.ENSP00000403453	9	16	10
9606.ENSP00000403459	9	17	15
9606.ENSP00000403465	13	14	11
9606.ENSP00000403495	7	10	7
9606.ENSP00000403524	2	9	6
9606.ENSP00000403614	98	15	49
9606.ENSP00000403644	1	12	1
9606.ENSP00000403649	7	18	8
9606.ENSP00000403663	26	15	24
9606.ENSP00000403683	4	15	11
9606.ENSP00000403701	75	16	35
9606.ENSP00000403802	2	21	9
9606.ENSP00000403888	23	17	15
9606.ENSP00000403937	3	16	11
9606.ENSP00000403954	3	11	7
9606.ENSP00000403982	2	16	11
9606.ENSP00000404042	3	12	9
9606.ENSP00000404092	9	18	12
9606.ENSP00000404121	11	21	11
9606.ENSP00000404122	21	14	15
9606.ENSP00000404131	13	19	10
9606.ENSP00000404190	12	11	9
9606.ENSP00000404203	2	17	7
9606.ENSP00000404220	2	12	9
9606.ENSP00000404232	34	15	28
9606.ENSP00000404236	2	20	7
9606.ENSP00000404251	3	26	7
9606.ENSP00000404375	140	15	131
9606.ENSP00000404381	2	12	6
9606.ENSP00000404503	9	14	12
9606.ENSP00000404570	17	19	13
9606.ENSP00000404658	32	10	23
9606.ENSP00000404676	1	12	8
9606.ENSP00000404833	14	16	12
9606.ENSP00000404843	1	21	5
9606.ENSP00000404860	1	21	8
9606.ENSP00000404911	5	15	7
9606.ENSP00000404923	4	17	11
9606.ENSP00000405004	25	14	26
9606.ENSP00000405068	67	17	36
9606.ENSP00000405252	6	16	6
9606.ENSP00000405330	102	15	71
9606.ENSP00000405338	11	18	9
9606.ENSP00000405405	5	11	7
9606.ENSP00000405453	1	16	9
9606.ENSP00000405514	1	15	5
9606.ENSP00000405573	1	18	3
9606.ENSP00000405574	15	12	19
9606.ENSP00000405635	1	25	10
9606.ENSP00000405674	67	17	60
9606.ENSP00000405726	39	21	30
9606.ENSP00000405738	2	16	4
9606.ENSP00000405841	14	19	8
9606.ENSP00000405890	17	16	14
9606.ENSP00000405926	25	17	17
9606.ENSP00000405963	3	20	10
9606.ENSP00000405965	23	19	12
9606.ENSP00000405969	2	11	8
9606.ENSP00000406012	12	11	19
9606.ENSP00000406022	6	19	9
9606.ENSP00000406037	52	9	36
9606.ENSP00000406050	4	10	15
9606.ENSP00000406157	4	13	8
9606.ENSP00000406162	26	10	25
9606.ENSP00000406164	1	14	4
9606.ENSP00000406191	11	10	12
9606.ENSP00000406209	11	15	5
9606.ENSP00000406229	6	11	10
9606.ENSP00000406261	9	19	10
9606.ENSP00000406286	1	14	10
9606.ENSP00000406293	1	16	6
9606.ENSP00000406367	8	19	11
9606.ENSP00000406463	3	19	10
9606.ENSP00000406478	2	25	7
9606.ENSP00000406490	8	22	5
9606.ENSP00000406549	119	25	75
9606.ENSP00000406577	2	16	7
9606.ENSP00000406598	4	22	10
9606.ENSP00000406674	2	21	5
9606.ENSP00000406723	1	18	3
9606.ENSP00000406861	1	17	6
9606.ENSP00000406909	2	11	5
9606.ENSP00000406970	4	13	7
9606.ENSP00000407118	1	16	4
9606.ENSP00000407193	2	13	7
9606.ENSP00000407323	35	17	19
9606.ENSP00000407336	72	26	54
9606.ENSP00000407422	3	20	6
9606.ENSP00000407442	1	21	7
9606.ENSP00000407509	5	21	11
9606.ENSP00000407546	12	14	15
9606.ENSP00000407586	35	22	27
9606.ENSP00000407592	10	10	9
9606.ENSP00000407761	1	14	7
9606.ENSP00000407818	9	18	6
9606.ENSP00000407822	1	17	9
9606.ENSP00000408002	2	16	7
9606.ENSP00000408005	11	23	5
9606.ENSP00000408025	8	14	7
9606.ENSP00000408146	18	13	16
9606.ENSP00000408205	8	20	9
9606.ENSP00000408288	8	11	14
9606.ENSP00000408292	4	19	8
9606.ENSP00000408295	14	17	15
9606.ENSP00000408367	6	24	6
9606.ENSP00000408411	5	19	9
9606.ENSP00000408526	2	17	9
9606.ENSP00000408598	2	17	3
9606.ENSP00000408617	12	14	13
9606.ENSP00000408695	15	14	14
9606.ENSP00000408910	27	13	19
9606.ENSP00000408979	13	20	5
9606.ENSP00000409007	15	17	13
9606.ENSP00000409126	1	18	7
9606.ENSP00000409231	14	20	8
9606.ENSP00000409346	6	17	6
9606.ENSP00000409382	1	20	5
9606.ENSP00000409544	12	13	13
9606.ENSP00000409581	68	14	45
9606.ENSP00000409594	2	21	5
9606.ENSP00000409666	6	20	8
9606.ENSP00000409667	20	18	17
9606.ENSP00000409799	24	15	16
9606.ENSP00000409832	1	9	6
9606.ENSP00000409952	6	17	12
9606.ENSP00000410042	11	20	8
9606.ENSP00000410059	5	13	13
9606.ENSP00000410083	5	20	8
9606.ENSP00000410186	9	19	16
9606.ENSP00000410216	4	11	14
9606.ENSP00000410242	3	14	6
9606.ENSP00000410294	31	14	24
9606.ENSP00000410309	2	13	8
9606.ENSP00000410339	23	18	19
9606.ENSP00000410402	16	17	12
9606.ENSP00000410409	4	22	11
9606.ENSP00000410446	1	16	6
9606.ENSP00000410452	3	17	5
9606.ENSP00000410481	2	21	8
9606.ENSP00000410561	9	22	8
9606.ENSP00000410689	1	15	7
9606.ENSP00000410732	6	16	8
9606.ENSP00000410746	3	16	9
9606.ENSP00000410758	78	20	47
9606.ENSP00000410759	2	24	7
9606.ENSP00000410769	2	17	9
9606.ENSP00000410798	7	12	8
9606.ENSP00000410815	4	13	11
9606.ENSP00000410818	3	14	12
9606.ENSP00000410862	1	16	8
9606.ENSP00000410926	2	11	5
9606.ENSP00000410964	5	16	7
9606.ENSP00000411010	67	15	39
9606.ENSP00000411012	3	20	9
9606.ENSP00000411073	27	9	13
9606.ENSP00000411099	2	11	6
9606.ENSP00000411152	4	21	5
9606.ENSP00000411256	45	20	31
9606.ENSP00000411268	1	16	5
9606.ENSP00000411355	12	14	11
9606.ENSP00000411397	2	21	7
9606.ENSP00000411418	1	25	9
9606.ENSP00000411471	1	13	6
9606.ENSP00000411532	6	17	11
9606.ENSP00000411593	1	19	2
9606.ENSP00000411613	2	12	10
9606.ENSP00000411672	24	20	14
9606.ENSP00000411719	2	15	8
9606.ENSP00000411770	8	20	10
9606.ENSP00000411788	1	15	9
9606.ENSP00000411816	1	14	6
9606.ENSP00000411821	2	18	11
9606.ENSP00000411822	59	14	40
9606.ENSP00000411825	12	13	7
9606.ENSP00000411848	1	14	4
9606.ENSP00000411898	2	9	5
9606.ENSP00000411932	2	22	12
9606.ENSP00000411940	2	21	7
9606.ENSP00000411960	5	24	4
9606.ENSP00000412130	1	14	5
9606.ENSP00000412178	2	10	8
9606.ENSP00000412189	2	19	9
9606.ENSP00000412209	6	21	9
9606.ENSP00000412237	8	12	10
9606.ENSP00000412302	16	16	24
9606.ENSP00000412324	25	24	25
9606.ENSP00000412457	1	20	7
9606.ENSP00000412566	163	13	212
9606.ENSP00000412673	2	19	9
9606.ENSP00000412733	1	18	8
9606.ENSP00000412894	24	17	14
9606.ENSP00000412897	1	20	4
9606.ENSP00000412940	3	15	12
9606.ENSP00000413035	8	16	11
9606.ENSP00000413064	1	24	7
9606.ENSP00000413079	4	14	9
9606.ENSP00000413156	1	7	9
9606.ENSP00000413436	118	19	79
9606.ENSP00000413479	1	17	9
9606.ENSP00000413496	4	11	6
9606.ENSP00000413507	15	13	10
9606.ENSP00000413572	2	9	8
9606.ENSP00000413606	4	10	10
9606.ENSP00000413625	5	18	9
9606.ENSP00000413697	6	15	7
9606.ENSP00000413720	11	11	11
9606.ENSP00000413861	3	14	8
9606.ENSP00000413908	9	20	9
9606.ENSP00000413929	5	14	10
9606.ENSP00000413937	3	12	4
9606.ENSP00000414066	2	21	13
9606.ENSP00000414095	70	18	48
9606.ENSP00000414109	22	14	22
9606.ENSP00000414147	4	17	10
9606.ENSP00000414150	3	18	16
9606.ENSP00000414202	5	14	8
9606.ENSP00000414237	33	12	22
9606.ENSP00000414287	2	8	7
9606.ENSP00000414303	9	16	9
9606.ENSP00000414321	201	16	330
9606.ENSP00000414330	2	16	11
9606.ENSP00000414359	52	15	36
9606.ENSP00000414378	9	19	10
9606.ENSP00000414398	29	13	19
9606.ENSP00000414516	28	17	20
9606.ENSP00000414521	1	16	13
9606.ENSP00000414624	5	14	12
9606.ENSP00000414851	40	12	33
9606.ENSP00000414856	1	28	5
9606.ENSP00000414886	7	11	5
9606.ENSP00000414906	22	16	14
9606.ENSP00000414982	14	27	12
9606.ENSP00000415056	2	17	6
9606.ENSP00000415078	42	15	34
9606.ENSP00000415090	2	17	5
9606.ENSP00000415139	6	21	8
9606.ENSP00000415151	20	17	15
9606.ENSP00000415203	1	13	7
9606.ENSP00000415243	5	18	10
9606.ENSP00000415283	10	12	11
9606.ENSP00000415332	2	17	9
9606.ENSP00000415416	4	27	7
9606.ENSP00000415430	5	16	8
9606.ENSP00000415433	15	14	13
9606.ENSP00000415436	32	8	23
9606.ENSP00000415454	2	18	8
9606.ENSP00000415464	2	20	4
9606.ENSP00000415536	154	21	129
9606.ENSP00000415556	28	18	24
9606.ENSP00000415579	1	16	6
9606.ENSP00000415743	25	20	14
9606.ENSP00000415786	4	20	9
9606.ENSP00000415822	2	15	5
9606.ENSP00000415941	11	12	8
9606.ENSP00000416015	1	11	7
9606.ENSP00000416037	1	17	11
9606.ENSP00000416066	13	20	12
9606.ENSP00000416097	11	21	10
9606.ENSP00000416193	10	17	6
9606.ENSP00000416249	1	20	1
9606.ENSP00000416250	7	16	8
9606.ENSP00000416255	93	15	57
9606.ENSP00000416269	64	19	43
9606.ENSP00000416293	6	17	8
9606.ENSP00000416330	1	7	8
9606.ENSP00000416338	21	12	19
9606.ENSP00000416341	1	17	6
9606.ENSP00000416387	5	15	9
9606.ENSP00000416429	142	18	133
9606.ENSP00000416515	4	13	9
9606.ENSP00000416523	7	18	7
9606.ENSP00000416534	30	11	21
9606.ENSP00000416561	5	9	7
9606.ENSP00000416606	2	11	5
9606.ENSP00000416658	9	17	7
9606.ENSP00000416673	4	12	7
9606.ENSP00000416683	4	17	12
9606.ENSP00000416696	13	14	15
9606.ENSP00000416739	1	8	3
9606.ENSP00000416797	4	16	7
9606.ENSP00000416799	11	14	4
9606.ENSP00000416951	1	13	5
9606.ENSP00000416959	9	11	10
9606.ENSP00000416996	18	25	14
9606.ENSP00000417050	3	17	11
9606.ENSP00000417078	5	14	5
9606.ENSP00000417132	38	14	33
9606.ENSP00000417138	25	15	20
9606.ENSP00000417142	74	16	51
9606.ENSP00000417171	19	16	16
9606.ENSP00000417175	10	14	11
9606.ENSP00000417183	1	21	8
9606.ENSP00000417190	2	16	10
9606.ENSP00000417222	1	16	8
9606.ENSP00000417229	3	22	11
9606.ENSP00000417235	23	13	14
9606.ENSP00000417261	2	18	8
9606.ENSP00000417273	59	12	44
9606.ENSP00000417291	7	19	7
9606.ENSP00000417303	2	14	6
9606.ENSP00000417335	5	10	12
9606.ENSP00000417378	36	25	18
9606.ENSP00000417404	5	17	6
9606.ENSP00000417464	10	8	12
9606.ENSP00000417498	4	23	10
9606.ENSP00000417510	39	14	19
9606.ENSP00000417559	54	14	42
9606.ENSP00000417569	4	16	6
9606.ENSP00000417601	5	21	4
9606.ENSP00000417602	107	16	58
9606.ENSP00000417653	1	16	8
9606.ENSP00000417659	2	14	7
9606.ENSP00000417677	5	15	11
9606.ENSP00000417686	13	18	18
9606.ENSP00000417706	5	22	13
9606.ENSP00000417763	9	16	8
9606.ENSP00000417864	9	15	4
9606.ENSP00000417901	9	14	4
9606.ENSP00000417914	1	18	6
9606.ENSP00000417960	1	20	6
9606.ENSP00000417963	14	14	12
9606.ENSP00000417980	24	18	27
9606.ENSP00000418008	96	7	51
9606.ENSP00000418009	3	11	5
9606.ENSP00000418018	3	14	10
9606.ENSP00000418037	2	15	3
9606.ENSP00000418070	8	24	12
9606.ENSP00000418081	10	14	12
9606.ENSP00000418082	135	12	116
9606.ENSP00000418112	2	16	8
9606.ENSP00000418221	6	21	8
9606.ENSP00000418232	1	19	4
9606.ENSP00000418259	1	17	9
9606.ENSP00000418268	25	20	21
9606.ENSP00000418287	7	27	14
9606.ENSP00000418379	13	17	13
9606.ENSP00000418401	50	10	47
9606.ENSP00000418438	70	19	46
9606.ENSP00000418447	91	19	53
9606.ENSP00000418525	7	19	9
9606.ENSP00000418529	15	18	18
9606.ENSP00000418532	7	12	11
9606.ENSP00000418563	14	11	21
9606.ENSP00000418572	49	12	38
9606.ENSP00000418582	3	13	2
9606.ENSP00000418668	1	11	3
9606.ENSP00000418669	1	12	7
9606.ENSP00000418695	46	12	38
9606.ENSP00000418734	3	18	14
9606.ENSP00000418748	2	9	11
9606.ENSP00000418751	3	25	13
9606.ENSP00000418754	3	14	7
9606.ENSP00000418767	1	15	7
9606.ENSP00000418803	31	14	21
9606.ENSP00000418813	2	16	4
9606.ENSP00000418823	1	21	6
9606.ENSP00000418915	29	17	22
9606.ENSP00000418960	146	20	130
9606.ENSP00000419005	24	14	24
9606.ENSP00000419027	5	15	11
9606.ENSP00000419060	27	17	14
9606.ENSP00000419081	87	17	53
9606.ENSP00000419085	12	10	16
9606.ENSP00000419087	69	13	31
9606.ENSP00000419101	6	18	9
9606.ENSP00000419184	4	14	9
9606.ENSP00000419243	5	17	15
9606.ENSP00000419260	17	13	19
9606.ENSP00000419270	42	14	28
9606.ENSP00000419279	20	13	20
9606.ENSP00000419298	1	15	11
9606.ENSP00000419313	15	22	8
9606.ENSP00000419325	5	16	8
9606.ENSP00000419361	9	13	7
9606.ENSP00000419370	67	16	61
9606.ENSP00000419371	7	16	14
9606.ENSP00000419378	1	15	8
9606.ENSP00000419412	1	21	5
9606.ENSP00000419413	9	16	5
9606.ENSP00000419425	6	13	7
9606.ENSP00000419446	2	16	8
9606.ENSP00000419449	60	10	33
9606.ENSP00000419465	24	21	20
9606.ENSP00000419475	6	17	10
9606.ENSP00000419494	26	15	23
9606.ENSP00000419503	11	10	8
9606.ENSP00000419599	3	14	12
9606.ENSP00000419619	1	13	5
9606.ENSP00000419628	3	19	8
9606.ENSP00000419665	4	16	13
9606.ENSP00000419692	33	13	21
9606.ENSP00000419712	1	12	10
9606.ENSP00000419740	59	18	40
9606.ENSP00000419765	30	20	22
9606.ENSP00000419782	16	24	17
9606.ENSP00000419803	35	9	25
9606.ENSP00000419851	1	20	9
9606.ENSP00000419879	1	17	5
9606.ENSP00000419881	10	18	13
9606.ENSP00000419901	1	16	9
9606.ENSP00000419923	1	18	3
9606.ENSP00000419945	16	20	10
9606.ENSP00000419952	4	19	13
9606.ENSP00000419970	8	16	12
9606.ENSP00000419975	3	19	13
9606.ENSP00000420009	11	17	10
9606.ENSP00000420037	6	24	11
9606.ENSP00000420040	4	16	7
9606.ENSP00000420091	1	11	6
9606.ENSP00000420127	10	15	8
9606.ENSP00000420161	2	14	9
9606.ENSP00000420168	4	11	7
9606.ENSP00000420174	7	15	6
9606.ENSP00000420176	49	12	39
9606.ENSP00000420180	2	13	4
9606.ENSP00000420182	1	20	8
9606.ENSP00000420194	2	16	8
9606.ENSP00000420195	7	15	16
9606.ENSP00000420211	1	16	5
9606.ENSP00000420213	21	15	10
9606.ENSP00000420270	1	17	8
9606.ENSP00000420294	54	16	48
9606.ENSP00000420295	2	24	5
9606.ENSP00000420298	4	17	5
9606.ENSP00000420306	25	15	19
9606.ENSP00000420311	178	20	319
9606.ENSP00000420321	6	11	4
9606.ENSP00000420357	2	14	3
9606.ENSP00000420387	7	16	10
9606.ENSP00000420449	5	18	8
9606.ENSP00000420525	6	16	3
9606.ENSP00000420588	8	17	2
9606.ENSP00000420608	12	13	15
9606.ENSP00000420616	18	17	12
9606.ENSP00000420617	24	17	15
9606.ENSP00000420641	14	20	11
9606.ENSP00000420682	1	14	6
9606.ENSP00000420714	101	16	59
9606.ENSP00000420826	1	14	5
9606.ENSP00000420860	8	16	10
9606.ENSP00000420875	5	17	3
9606.ENSP00000420927	6	19	10
9606.ENSP00000421076	18	18	11
9606.ENSP00000421172	2	16	2
9606.ENSP00000421180	12	13	9
9606.ENSP00000421185	2	15	9
9606.ENSP00000421280	6	27	5
9606.ENSP00000421326	1	14	4
9606.ENSP00000421339	4	26	9
9606.ENSP00000421380	22	13	12
9606.ENSP00000421491	31	11	22
9606.ENSP00000421544	1	24	6
9606.ENSP00000421592	74	16	55
9606.ENSP00000421686	1	20	9
9606.ENSP00000421710	6	12	5
9606.ENSP00000421725	6	17	12
9606.ENSP00000421736	1	16	3
9606.ENSP00000421799	2	19	4
9606.ENSP00000421801	3	15	3
9606.ENSP00000421842	44	13	43
9606.ENSP00000421861	1	15	3
9606.ENSP00000421863	1	20	3
9606.ENSP00000421926	19	23	10
9606.ENSP00000421985	2	14	9
9606.ENSP00000422007	1	27	8
9606.ENSP00000422176	5	11	10
9606.ENSP00000422185	2	16	13
9606.ENSP00000422375	1	9	6
9606.ENSP00000422464	13	12	7
9606.ENSP00000422533	17	21	11
9606.ENSP00000422554	1	18	8
9606.ENSP00000422591	6	14	11
9606.ENSP00000422607	1	25	7
9606.ENSP00000422626	6	19	4
9606.ENSP00000422793	1	13	6
9606.ENSP00000422834	3	11	8
9606.ENSP00000422896	13	19	13
9606.ENSP00000422907	9	15	7
9606.ENSP00000422947	1	24	2
9606.ENSP00000423067	75	9	47
9606.ENSP00000423190	2	22	12
9606.ENSP00000423276	1	15	11
9606.ENSP00000423325	3	15	8
9606.ENSP00000423333	3	15	9
9606.ENSP00000423390	1	13	4
9606.ENSP00000423399	107	15	57
9606.ENSP00000423463	1	9	8
9606.ENSP00000423541	2	23	4
9606.ENSP00000423563	36	17	30
9606.ENSP00000423602	1	16	8
9606.ENSP00000423630	3	20	7
9606.ENSP00000423673	82	18	54
9606.ENSP00000423674	3	10	4
9606.ENSP00000423822	10	13	19
9606.ENSP00000423897	1	18	4
9606.ENSP00000423917	2	16	12
9606.ENSP00000424007	4	18	6
9606.ENSP00000424058	1	17	8
9606.ENSP00000424123	2	19	11
9606.ENSP00000424183	34	21	20
9606.ENSP00000424198	33	7	24
9606.ENSP00000424226	3	19	9
9606.ENSP00000424261	2	23	7
9606.ENSP00000424328	104	16	60
9606.ENSP00000424381	1	13	5
9606.ENSP00000424417	99	15	61
9606.ENSP00000424495	3	22	6
9606.ENSP00000424501	4	15	6
9606.ENSP00000424544	14	16	6
9606.ENSP00000424565	2	22	5
9606.ENSP00000424571	6	18	12
9606.ENSP00000424595	4	10	11
9606.ENSP00000424598	2	18	10
9606.ENSP00000424655	25	13	20
9606.ENSP00000424757	2	19	8
9606.ENSP00000424765	7	19	7
9606.ENSP00000424798	18	12	15
9606.ENSP00000424827	20	21	14
9606.ENSP00000424838	5	18	9
9606.ENSP00000424846	7	14	7
9606.ENSP00000424870	93	19	50
9606.ENSP00000424896	14	19	12
9606.ENSP00000425031	4	22	9
9606.ENSP00000425107	25	14	20
9606.ENSP00000425130	25	18	14
9606.ENSP00000425133	7	17	8
9606.ENSP00000425261	2	15	4
9606.ENSP00000425394	1	23	8
9606.ENSP00000425556	1	17	7
9606.ENSP00000425561	50	12	42
9606.ENSP00000425587	12	20	11
9606.ENSP00000425634	1	20	8
9606.ENSP00000425658	1	17	6
9606.ENSP00000425759	77	20	46
9606.ENSP00000425824	6	18	10
9606.ENSP00000425864	7	19	7
9606.ENSP00000425915	1	20	10
9606.ENSP00000425979	38	13	35
9606.ENSP00000426070	1	15	7
9606.ENSP00000426083	2	16	11
9606.ENSP00000426103	7	7	15
9606.ENSP00000426167	19	18	15
9606.ENSP00000426191	14	19	7
9606.ENSP00000426359	2	17	9
9606.ENSP00000426387	1	17	8
9606.ENSP00000426503	10	19	9
9606.ENSP00000426548	1	13	12
9606.ENSP00000426613	1	28	4
9606.ENSP00000426632	7	13	10
9606.ENSP00000426653	5	20	5
9606.ENSP00000426654	52	14	42
9606.ENSP00000426786	2	13	8
9606.ENSP00000426809	1	14	3
9606.ENSP00000426848	2	13	9
9606.ENSP00000426909	160	11	168
9606.ENSP00000426941	96	15	46
9606.ENSP00000426948	1	17	11
9606.ENSP00000426978	9	19	7
9606.ENSP00000426983	15	19	13
9606.ENSP00000427004	52	12	48
9606.ENSP00000427018	6	10	7
9606.ENSP00000427108	1	17	8
9606.ENSP00000427211	1	13	6
9606.ENSP00000427279	27	9	22
9606.ENSP00000427421	1	11	7
9606.ENSP00000427463	4	18	7
9606.ENSP00000427514	15	14	15
9606.ENSP00000427550	4	21	7
9606.ENSP00000427552	1	16	11
9606.ENSP00000427562	1	13	5
9606.ENSP00000427603	7	12	9
9606.ENSP00000427679	2	22	4
9606.ENSP00000427687	2	21	10
9606.ENSP00000427690	8	14	5
9606.ENSP00000427695	13	18	8
9606.ENSP00000427772	10	17	12
9606.ENSP00000427793	12	20	7
9606.ENSP00000427802	52	18	33
9606.ENSP00000427866	9	18	9
9606.ENSP00000427874	4	17	13
9606.ENSP00000427900	3	10	8
9606.ENSP00000427926	5	17	11
9606.ENSP00000427985	9	21	3
9606.ENSP00000428056	73	19	40
9606.ENSP00000428085	148	16	133
9606.ENSP00000428112	9	13	14
9606.ENSP00000428182	1	10	5
9606.ENSP00000428184	13	16	12
9606.ENSP00000428205	3	11	6
9606.ENSP00000428209	16	22	18
9606.ENSP00000428220	5	8	8
9606.ENSP00000428223	98	18	65
9606.ENSP00000428259	13	18	11
9606.ENSP00000428324	4	17	5
9606.ENSP00000428338	1	20	7
9606.ENSP00000428340	7	20	12
9606.ENSP00000428417	11	11	9
9606.ENSP00000428426	90	20	50
9606.ENSP00000428480	1	13	9
9606.ENSP00000428489	1	16	6
9606.ENSP00000428518	5	12	7
9606.ENSP00000428540	1	13	4
9606.ENSP00000428564	18	14	14
9606.ENSP00000428619	30	13	18
9606.ENSP00000428657	9	14	8
9606.ENSP00000428756	2	18	9
9606.ENSP00000428780	1	11	7
9606.ENSP00000428787	24	17	16
9606.ENSP00000428845	12	16	9
9606.ENSP00000428924	47	15	49
9606.ENSP00000428976	1	18	8
9606.ENSP00000428982	35	14	21
9606.ENSP00000428994	33	14	18
9606.ENSP00000429065	34	22	14
9606.ENSP00000429084	9	16	9
9606.ENSP00000429089	10	21	11
9606.ENSP00000429150	1	23	2
9606.ENSP00000429200	2	11	6
9606.ENSP00000429283	3	19	9
9606.ENSP00000429323	7	18	6
9606.ENSP00000429367	1	12	7
9606.ENSP00000429374	148	23	133
9606.ENSP00000429562	11	24	12
9606.ENSP00000429633	1	10	5
9606.ENSP00000429690	25	14	16
9606.ENSP00000429707	30	9	21
9606.ENSP00000429744	3	15	7
9606.ENSP00000429754	1	14	8
9606.ENSP00000429824	13	15	9
9606.ENSP00000429900	16	24	22
9606.ENSP00000429931	57	9	28
9606.ENSP00000429986	51	20	30
9606.ENSP00000430031	2	11	6
9606.ENSP00000430075	2	10	7
9606.ENSP00000430100	4	14	7
9606.ENSP00000430128	3	23	5
9606.ENSP00000430241	1	19	7
9606.ENSP00000430276	1	18	9
9606.ENSP00000430282	30	15	23
9606.ENSP00000430338	33	11	27
9606.ENSP00000430344	4	17	6
9606.ENSP00000430432	121	18	82
9606.ENSP00000430493	17	15	19
9606.ENSP00000430494	76	14	48
9606.ENSP00000430598	2	16	3
9606.ENSP00000430620	3	14	5
9606.ENSP00000430656	1	17	8
9606.ENSP00000430684	43	14	28
9606.ENSP00000430690	1	11	7
9606.ENSP00000430706	1	11	3
9606.ENSP00000430711	6	15	9
9606.ENSP00000430945	2	16	10
9606.ENSP00000430950	2	15	5
9606.ENSP00000431010	1	18	6
9606.ENSP00000431040	107	15	55
9606.ENSP00000431049	1	26	10
9606.ENSP00000431240	81	13	54
9606.ENSP00000431254	60	9	35
9606.ENSP00000431284	2	16	6
9606.ENSP00000431391	1	14	14
9606.ENSP00000431418	33	23	23
9606.ENSP00000431445	14	20	12
9606.ENSP00000431512	34	17	24
9606.ENSP00000431603	2	14	4
9606.ENSP00000431775	3	15	6
9606.ENSP00000431800	57	20	37
9606.ENSP00000431813	4	26	9
9606.ENSP00000431822	261	13	644
9606.ENSP00000431876	1	21	4
9606.ENSP00000431885	43	13	28
9606.ENSP00000431926	40	12	37
9606.ENSP00000431984	4	23	12
9606.ENSP00000432119	19	11	11
9606.ENSP00000432279	33	17	14
9606.ENSP00000432412	17	17	16
9606.ENSP00000432459	32	15	16
9606.ENSP00000432472	15	25	15
9606.ENSP00000432504	1	19	6
9606.ENSP00000432511	31	16	14
9606.ENSP00000432561	2	19	7
9606.ENSP00000432568	9	12	12
9606.ENSP00000432660	17	18	12
9606.ENSP00000432688	6	11	9
9606.ENSP00000432768	8	16	10
9606.ENSP00000432786	2	18	7
9606.ENSP00000432845	1	12	7
9606.ENSP00000432886	23	15	12
9606.ENSP00000433001	2	16	5
9606.ENSP00000433112	1	13	6
9606.ENSP00000433138	36	16	19
9606.ENSP00000433157	7	17	3
9606.ENSP00000433205	6	25	8
9606.ENSP00000433208	8	20	8
9606.ENSP00000433209	13	21	15
9606.ENSP00000433277	2	13	7
9606.ENSP00000433295	3	16	3
9606.ENSP00000433415	11	16	10
9606.ENSP00000433459	2	11	9
9606.ENSP00000433488	8	19	9
9606.ENSP00000433490	9	18	5
9606.ENSP00000433560	3	19	6
9606.ENSP00000433623	109	11	53
9606.ENSP00000433642	16	16	10
9606.ENSP00000433664	12	20	8
9606.ENSP00000433681	7	21	6
9606.ENSP00000433760	15	19	11
9606.ENSP00000433847	1	14	10
9606.ENSP00000433919	13	24	11
9606.ENSP00000433933	8	26	6
9606.ENSP00000433999	3	15	8
9606.ENSP00000434024	60	13	37
9606.ENSP00000434034	21	14	15
9606.ENSP00000434056	36	21	23
9606.ENSP00000434343	2	20	8
9606.ENSP00000434359	17	11	12
9606.ENSP00000434442	3	15	4
9606.ENSP00000434466	33	20	21
9606.ENSP00000434480	7	19	12
9606.ENSP00000434516	3	20	8
9606.ENSP00000434552	12	15	8
9606.ENSP00000434614	55	20	47
9606.ENSP00000434676	1	12	8
9606.ENSP00000434717	2	17	7
9606.ENSP00000434729	38	18	28
9606.ENSP00000434776	1	14	9
9606.ENSP00000434995	33	15	21
9606.ENSP00000435096	155	13	152
9606.ENSP00000435189	1	9	5
9606.ENSP00000435210	10	21	8
9606.ENSP00000435233	9	17	9
9606.ENSP00000435289	7	14	8
9606.ENSP00000435380	1	15	4
9606.ENSP00000435389	24	23	18
9606.ENSP00000435412	7	22	6
9606.ENSP00000435460	3	19	7
9606.ENSP00000435466	3	15	8
9606.ENSP00000435506	1	14	6
9606.ENSP00000435534	3	18	5
9606.ENSP00000435585	11	19	7
9606.ENSP00000435619	7	20	4
9606.ENSP00000435637	3	17	12
9606.ENSP00000435648	4	23	4
9606.ENSP00000435712	18	18	18
9606.ENSP00000435777	200	12	316
9606.ENSP00000436005	17	13	10
9606.ENSP00000436049	55	14	38
9606.ENSP00000436126	1	15	9
9606.ENSP00000436318	3	18	17
9606.ENSP00000436423	3	18	5
9606.ENSP00000436450	4	17	14
9606.ENSP00000436455	1	15	8
9606.ENSP00000436585	2	18	7
9606.ENSP00000436607	12	20	14
9606.ENSP00000436679	26	12	16
9606.ENSP00000436682	1	15	8
9606.ENSP00000436691	3	11	11
9606.ENSP00000436786	89	16	60
9606.ENSP00000436812	5	23	4
9606.ENSP00000436836	21	19	13
9606.ENSP00000436864	4	13	9
9606.ENSP00000436926	21	21	15
9606.ENSP00000437041	2	27	12
9606.ENSP00000437073	5	6	8
9606.ENSP00000437125	90	14	49
9606.ENSP00000437256	41	20	23
9606.ENSP00000437271	15	17	9
9606.ENSP00000437360	46	13	34
9606.ENSP00000437402	2	8	12
9606.ENSP00000437464	5	17	7
9606.ENSP00000437550	12	14	10
9606.ENSP00000437563	11	13	9
9606.ENSP00000437621	8	10	12
9606.ENSP00000437659	54	20	51
9606.ENSP00000437737	11	17	15
9606.ENSP00000437775	6	18	10
9606.ENSP00000437783	2	9	7
9606.ENSP00000437790	1	18	3
9606.ENSP00000437872	1	18	4
9606.ENSP00000437955	59	13	32
9606.ENSP00000438038	21	25	19
9606.ENSP00000438040	1	13	2
9606.ENSP00000438071	8	19	10
9606.ENSP00000438085	12	12	11
9606.ENSP00000438204	17	16	20
9606.ENSP00000438244	1	19	9
9606.ENSP00000438248	3	14	7
9606.ENSP00000438262	21	17	12
9606.ENSP00000438273	9	13	8
9606.ENSP00000438349	56	12	29
9606.ENSP00000438388	4	13	6
9606.ENSP00000438399	17	17	9
9606.ENSP00000438406	7	15	15
9606.ENSP00000438455	4	16	10
9606.ENSP00000438465	4	24	11
9606.ENSP00000438483	14	16	9
9606.ENSP00000438553	44	20	16
9606.ENSP00000438574	10	22	14
9606.ENSP00000438677	4	15	6
9606.ENSP00000438689	5	20	8
9606.ENSP00000438748	5	15	10
9606.ENSP00000438788	50	15	35
9606.ENSP00000438804	4	17	10
9606.ENSP00000438875	1	17	8
9606.ENSP00000438886	2	20	10
9606.ENSP00000438949	35	11	25
9606.ENSP00000438993	4	14	10
9606.ENSP00000439020	68	11	37
9606.ENSP00000439056	7	12	12
9606.ENSP00000439065	1	17	10
9606.ENSP00000439068	5	17	7
9606.ENSP00000439120	3	10	7
9606.ENSP00000439128	8	16	14
9606.ENSP00000439170	1	16	5
9606.ENSP00000439244	1	13	5
9606.ENSP00000439479	1	21	3
9606.ENSP00000439585	16	21	16
9606.ENSP00000439625	2	25	8
9606.ENSP00000439666	5	13	13
9606.ENSP00000439689	3	10	7
9606.ENSP00000439800	9	19	12
9606.ENSP00000439856	12	9	14
9606.ENSP00000439937	7	24	6
9606.ENSP00000440005	33	27	24
9606.ENSP00000440045	20	13	13
9606.ENSP00000440066	3	14	8
9606.ENSP00000440100	100	16	56
9606.ENSP00000440185	4	13	12
9606.ENSP00000440190	5	19	5
9606.ENSP00000440222	1	11	10
9606.ENSP00000440246	2	14	13
9606.ENSP00000440273	5	20	14
9606.ENSP00000440329	2	25	5
9606.ENSP00000440374	1	11	6
9606.ENSP00000440396	1	19	9
9606.ENSP00000440402	1	19	8
9606.ENSP00000440428	2	17	7
9606.ENSP00000440440	2	17	4
9606.ENSP00000440485	18	16	12
9606.ENSP00000440502	1	16	11
9606.ENSP00000440542	72	18	40
9606.ENSP00000440556	8	17	13
9606.ENSP00000440689	7	20	10
9606.ENSP00000440704	3	19	12
9606.ENSP00000440826	1	8	6
9606.ENSP00000440850	1	17	5
9606.ENSP00000440864	5	10	11
9606.ENSP00000440915	24	26	14
9606.ENSP00000440945	3	15	5
9606.ENSP00000440984	8	20	10
9606.ENSP00000441000	1	14	4
9606.ENSP00000441039	2	21	7
9606.ENSP00000441065	2	15	8
9606.ENSP00000441126	69	14	38
9606.ENSP00000441158	19	11	15
9606.ENSP00000441214	1	12	7
9606.ENSP00000441235	8	16	5
9606.ENSP00000441273	21	12	15
9606.ENSP00000441369	8	19	10
9606.ENSP00000441543	279	16	1031
9606.ENSP00000441600	43	19	20
9606.ENSP00000441765	7	13	12
9606.ENSP00000441802	2	12	4
9606.ENSP00000441828	27	24	19
9606.ENSP00000441858	2	20	11
9606.ENSP00000441875	8	18	11
9606.ENSP00000441913	3	13	12
9606.ENSP00000441927	2	16	2
9606.ENSP00000441929	1	13	6
9606.ENSP00000441930	1	19	6
9606.ENSP00000441953	18	7	14
9606.ENSP00000441954	9	12	11
9606.ENSP00000441980	2	14	13
9606.ENSP00000442008	7	13	10
9606.ENSP00000442046	1	16	4
9606.ENSP00000442047	6	17	10
9606.ENSP00000442060	4	15	8
9606.ENSP00000442068	1	17	2
9606.ENSP00000442157	1	8	8
9606.ENSP00000442308	4	10	7
9606.ENSP00000442318	8	21	10
9606.ENSP00000442397	3	20	8
9606.ENSP00000442424	3	19	8
9606.ENSP00000442460	15	16	17
9606.ENSP00000442477	2	23	3
9606.ENSP00000442521	5	17	8
9606.ENSP00000442563	17	12	12
9606.ENSP00000442600	28	15	20
9606.ENSP00000442656	14	12	11
9606.ENSP00000442682	1	6	6
9606.ENSP00000442699	38	13	27
9606.ENSP00000442736	7	23	8
9606.ENSP00000442770	1	14	10
9606.ENSP00000442786	1	22	6
9606.ENSP00000442788	15	10	8
9606.ENSP00000442795	11	15	9
9606.ENSP00000442837	1	17	11
9606.ENSP00000442954	17	17	7
9606.ENSP00000442973	5	13	5
9606.ENSP00000442982	3	13	13
9606.ENSP00000443017	245	19	326
9606.ENSP00000443113	6	19	5
9606.ENSP00000443130	4	13	7
9606.ENSP00000443168	1	15	7
9606.ENSP00000443194	1	14	6
9606.ENSP00000443204	1	24	10
9606.ENSP00000443216	19	11	9
9606.ENSP00000443246	4	11	15
9606.ENSP00000443256	11	13	14
9606.ENSP00000443291	1	15	7
9606.ENSP00000443432	2	15	7
9606.ENSP00000443459	3	14	8
9606.ENSP00000443475	16	20	15
9606.ENSP00000443631	4	15	8
9606.ENSP00000443824	6	18	7
9606.ENSP00000443827	2	19	6
9606.ENSP00000443900	4	12	9
9606.ENSP00000443985	5	16	8
9606.ENSP00000443988	22	19	21
9606.ENSP00000444029	42	17	27
9606.ENSP00000444136	16	12	17
9606.ENSP00000444198	7	11	8
9606.ENSP00000444201	3	15	6
9606.ENSP00000444271	6	12	8
9606.ENSP00000444357	13	16	18
9606.ENSP00000444408	2	20	6
9606.ENSP00000444425	3	11	10
9606.ENSP00000444433	1	8	6
9606.ENSP00000444565	1	19	10
9606.ENSP00000444596	8	10	8
9606.ENSP00000444660	4	18	8
9606.ENSP00000444688	19	30	16
9606.ENSP00000444743	2	18	9
9606.ENSP00000444788	2	13	5
9606.ENSP00000444810	17	15	12
9606.ENSP00000444812	1	13	8
9606.ENSP00000444896	1	18	10
9606.ENSP00000444935	7	20	12
9606.ENSP00000445001	33	22	26
9606.ENSP00000445002	27	19	17
9606.ENSP00000445122	2	18	11
9606.ENSP00000445135	8	11	5
9606.ENSP00000445162	99	9	47
9606.ENSP00000445175	4	21	9
9606.ENSP00000445306	19	15	19
9606.ENSP00000445381	5	23	8
9606.ENSP00000445408	9	11	13
9606.ENSP00000445440	4	17	5
9606.ENSP00000445508	12	21	12
9606.ENSP00000445633	93	14	45
9606.ENSP00000445675	18	19	23
9606.ENSP00000445725	2	12	6
9606.ENSP00000445757	60	16	47
9606.ENSP00000445772	1	16	8
9606.ENSP00000445806	9	11	13
9606.ENSP00000445831	44	12	34
9606.ENSP00000445868	29	11	24
9606.ENSP00000446007	6	17	8
9606.ENSP00000446039	20	20	15
9606.ENSP00000446093	14	14	11
9606.ENSP00000446100	1	10	7
9606.ENSP00000446184	39	12	28
9606.ENSP00000446215	35	21	34
9606.ENSP00000446252	3	23	10
9606.ENSP00000446271	10	5	8
9606.ENSP00000446479	2	11	3
9606.ENSP00000446485	1	16	5
9606.ENSP00000446576	14	13	6
9606.ENSP00000446828	3	13	5
9606.ENSP00000446872	2	11	9
9606.ENSP00000446880	10	13	7
9606.ENSP00000446917	1	16	4
9606.ENSP00000446955	20	21	14
9606.ENSP00000447001	145	14	119
9606.ENSP00000447006	7	22	11
9606.ENSP00000447053	10	13	9
9606.ENSP00000447057	1	14	12
9606.ENSP00000447121	1	15	6
9606.ENSP00000447149	7	11	5
9606.ENSP00000447211	2	17	4
9606.ENSP00000447241	21	15	16
9606.ENSP00000447297	36	18	23
9606.ENSP00000447300	7	21	6
9606.ENSP00000447378	5	24	6
9606.ENSP00000447488	9	20	7
9606.ENSP00000447537	20	5	15
9606.ENSP00000447730	17	11	6
9606.ENSP00000447942	15	18	9
9606.ENSP00000448012	18	19	13
9606.ENSP00000448035	53	12	33
9606.ENSP00000448054	24	13	8
9606.ENSP00000448071	3	16	8
9606.ENSP00000448073	15	24	8
9606.ENSP00000448083	1	15	5
9606.ENSP00000448165	15	17	16
9606.ENSP00000448182	4	19	4
9606.ENSP00000448220	1	19	8
9606.ENSP00000448387	12	17	15
9606.ENSP00000448419	1	7	6
9606.ENSP00000448598	37	17	25
9606.ENSP00000448665	4	12	6
9606.ENSP00000449026	27	21	18
9606.ENSP00000449079	2	9	8
9606.ENSP00000449089	9	16	12
9606.ENSP00000449241	2	14	5
9606.ENSP00000449270	13	11	13
9606.ENSP00000449328	117	14	67
9606.ENSP00000449381	8	11	15
9606.ENSP00000449386	10	12	16
9606.ENSP00000449396	69	16	45
9606.ENSP00000449404	2	24	6
9606.ENSP00000449428	19	16	15
9606.ENSP00000449500	28	22	22
9606.ENSP00000449535	2	18	5
9606.ENSP00000449716	1	20	3
9606.ENSP00000449751	1	10	8
9606.ENSP00000449756	1	13	11
9606.ENSP00000449795	3	18	5
9606.ENSP00000449884	102	9	52
9606.ENSP00000449960	1	12	5
9606.ENSP00000449999	3	18	5
9606.ENSP00000450337	4	7	7
9606.ENSP00000450385	31	16	18
9606.ENSP00000450480	6	12	8
9606.ENSP00000450482	5	15	13
9606.ENSP00000450524	1	19	3
9606.ENSP00000450527	1	8	9
9606.ENSP00000450540	5	15	10
9606.ENSP00000450565	5	18	10
9606.ENSP00000450584	2	11	2
9606.ENSP00000450607	34	15	22
9606.ENSP00000450731	27	15	18
9606.ENSP00000450799	1	13	4
9606.ENSP00000450832	2	26	10
9606.ENSP00000450842	7	16	2
9606.ENSP00000450857	5	22	4
9606.ENSP00000450864	5	16	10
9606.ENSP00000450873	1	16	5
9606.ENSP00000450895	2	19	8
9606.ENSP00000450909	1	16	8
9606.ENSP00000450969	2	13	4
9606.ENSP00000451030	1	18	4
9606.ENSP00000451040	10	15	8
9606.ENSP00000451080	11	18	8
9606.ENSP00000451129	115	26	75
9606.ENSP00000451162	9	16	8
9606.ENSP00000451172	3	17	7
9606.ENSP00000451188	4	8	13
9606.ENSP00000451206	2	17	7
9606.ENSP00000451211	12	18	13
9606.ENSP00000451261	5	35	14
9606.ENSP00000451291	44	17	30
9606.ENSP00000451300	10	17	14
9606.ENSP00000451406	9	4	13
9606.ENSP00000451419	1	16	3
9606.ENSP00000451506	4	14	6
9606.ENSP00000451575	2	22	7
9606.ENSP00000451583	1	15	4
9606.ENSP00000451605	5	16	9
9606.ENSP00000451812	9	23	8
9606.ENSP00000451818	95	20	46
9606.ENSP00000451828	69	11	45
9606.ENSP00000451974	11	19	9
9606.ENSP00000452007	3	22	12
9606.ENSP00000452037	13	16	11
9606.ENSP00000452120	4	15	10
9606.ENSP00000452123	15	14	19
9606.ENSP00000452126	7	12	7
9606.ENSP00000452181	1	13	8
9606.ENSP00000452245	1	22	6
9606.ENSP00000452454	97	11	29
9606.ENSP00000452479	2	20	9
9606.ENSP00000452521	9	12	9
9606.ENSP00000452522	5	13	9
9606.ENSP00000452549	18	14	18
9606.ENSP00000452634	9	11	10
9606.ENSP00000452662	13	17	9
9606.ENSP00000452697	4	17	11
9606.ENSP00000452746	5	21	14
9606.ENSP00000452747	2	21	6
9606.ENSP00000452762	4	15	12
9606.ENSP00000452763	133	11	97
9606.ENSP00000452786	54	18	40
9606.ENSP00000452871	19	17	18
9606.ENSP00000452877	6	18	10
9606.ENSP00000452885	4	16	10
9606.ENSP00000452948	1	25	7
9606.ENSP00000453015	7	25	11
9606.ENSP00000453095	13	17	15
9606.ENSP00000453273	4	21	6
9606.ENSP00000453293	2	23	9
9606.ENSP00000453508	35	11	30
9606.ENSP00000453562	1	12	7
9606.ENSP00000453704	1	16	9
9606.ENSP00000453750	1	16	4
9606.ENSP00000453793	6	14	12
9606.ENSP00000453801	84	12	56
9606.ENSP00000453858	8	22	13
9606.ENSP00000454014	21	15	23
9606.ENSP00000454038	1	19	7
9606.ENSP00000454062	1	16	3
9606.ENSP00000454071	5	16	9
9606.ENSP00000454229	1	15	4
9606.ENSP00000454264	3	12	5
9606.ENSP00000454303	20	6	20
9606.ENSP00000454341	1	13	3
9606.ENSP00000454370	1	16	2
9606.ENSP00000454437	1	13	2
9606.ENSP00000454468	32	12	22
9606.ENSP00000454500	2	17	6
9606.ENSP00000454545	8	16	10
9606.ENSP00000454623	20	12	9
9606.ENSP00000454746	1	11	4
9606.ENSP00000454786	101	17	65
9606.ENSP00000454804	1	15	7
9606.ENSP00000454836	73	11	36
9606.ENSP00000454852	9	16	7
9606.ENSP00000454973	1	18	9
9606.ENSP00000455064	1	16	9
9606.ENSP00000455106	31	12	26
9606.ENSP00000455114	4	20	5
9606.ENSP00000455215	4	14	6
9606.ENSP00000455229	1	11	6
9606.ENSP00000455265	6	11	12
9606.ENSP00000455308	3	18	7
9606.ENSP00000455426	3	14	8
9606.ENSP00000455442	3	18	8
9606.ENSP00000455507	3	13	2
9606.ENSP00000455561	1	17	7
9606.ENSP00000455607	10	15	3
9606.ENSP00000455643	1	17	9
9606.ENSP00000455716	19	16	20
9606.ENSP00000455785	36	15	21
9606.ENSP00000455791	16	20	16
9606.ENSP00000455813	3	17	12
9606.ENSP00000455897	7	18	7
9606.ENSP00000456206	9	16	6
9606.ENSP00000456218	4	20	5
9606.ENSP00000456226	2	15	10
9606.ENSP00000456337	34	15	22
9606.ENSP00000456340	30	16	25
9606.ENSP00000456609	3	15	8
9606.ENSP00000456851	15	11	11
9606.ENSP00000456908	2	15	5
9606.ENSP00000456974	3	18	9
9606.ENSP00000457016	21	11	10
9606.ENSP00000457111	2	24	8
9606.ENSP00000457168	11	9	15
9606.ENSP00000457206	1	16	6
9606.ENSP00000457230	4	21	5
9606.ENSP00000457353	2	17	5
9606.ENSP00000457411	8	15	6
9606.ENSP00000457421	15	20	17
9606.ENSP00000457492	2	25	10
9606.ENSP00000457513	75	14	42
9606.ENSP00000457539	1	11	7
9606.ENSP00000457703	5	13	7
9606.ENSP00000457718	2	20	4
9606.ENSP00000457723	18	23	12
9606.ENSP00000457728	17	21	18
9606.ENSP00000457733	1	16	14
9606.ENSP00000457788	3	14	10
9606.ENSP00000457807	9	18	5
9606.ENSP00000457810	38	15	24
9606.ENSP00000457870	23	14	18
9606.ENSP00000457991	4	16	7
9606.ENSP00000458021	1	11	10
9606.ENSP00000458162	98	13	56
9606.ENSP00000458290	4	18	11
9606.ENSP00000458316	1	19	6
9606.ENSP00000458355	13	23	14
9606.ENSP00000458585	1	16	7
9606.ENSP00000458663	1	15	7
9606.ENSP00000458762	2	14	6
9606.ENSP00000458770	145	13	140
9606.ENSP00000458791	4	17	8
9606.ENSP00000458879	6	11	7
9606.ENSP00000458954	30	16	20
9606.ENSP00000459533	1	18	6
9606.ENSP00000459580	1	15	6
9606.ENSP00000459615	3	14	11
9606.ENSP00000459626	2	10	5
9606.ENSP00000459943	2	9	5
9606.ENSP00000459962	8	16	15
9606.ENSP00000460070	3	15	7
9606.ENSP00000460236	2	15	8
9606.ENSP00000460274	1	19	4
9606.ENSP00000460348	126	16	102
9606.ENSP00000460380	2	15	7
9606.ENSP00000460437	2	20	10
9606.ENSP00000460475	26	9	15
9606.ENSP00000460547	1	11	10
9606.ENSP00000460683	1	13	6
9606.ENSP00000460823	2	25	5
9606.ENSP00000460871	48	13	21
9606.ENSP00000460885	2	19	7
9606.ENSP00000460964	2	12	5
9606.ENSP00000460971	4	19	7
9606.ENSP00000461784	36	13	33
9606.ENSP00000461830	1	22	3
9606.ENSP00000461879	150	16	149
9606.ENSP00000461930	96	19	60
9606.ENSP00000461945	7	27	8
9606.ENSP00000461947	4	14	10
9606.ENSP00000462099	8	12	14
9606.ENSP00000462116	7	17	11
9606.ENSP00000462355	245	11	327
9606.ENSP00000462468	15	15	21
9606.ENSP00000462521	8	21	9
9606.ENSP00000462647	7	20	12
9606.ENSP00000462664	10	17	10
9606.ENSP00000462667	245	21	329
9606.ENSP00000462701	11	19	16
9606.ENSP00000462729	5	18	9
9606.ENSP00000462745	1	16	5
9606.ENSP00000462945	31	18	18
9606.ENSP00000462963	1	12	10
9606.ENSP00000462980	39	13	25
9606.ENSP00000463013	2	18	8
9606.ENSP00000463027	7	19	5
9606.ENSP00000463051	8	19	12
9606.ENSP00000463058	75	20	38
9606.ENSP00000463069	6	13	7
9606.ENSP00000463092	3	16	7
9606.ENSP00000463154	25	10	20
9606.ENSP00000463233	2	7	6
9606.ENSP00000463245	1	12	4
9606.ENSP00000463334	3	13	7
9606.ENSP00000463379	103	15	54
9606.ENSP00000463393	32	16	15
9606.ENSP00000463533	1	16	8
9606.ENSP00000463559	13	19	9
9606.ENSP00000463752	8	15	12
9606.ENSP00000463762	4	12	7
9606.ENSP00000463778	9	17	5
9606.ENSP00000463784	135	19	115
9606.ENSP00000463842	133	21	81
9606.ENSP00000463939	13	23	9
9606.ENSP00000463978	3	17	9
9606.ENSP00000463982	11	15	7
9606.ENSP00000464006	1	14	6
9606.ENSP00000464030	25	21	19
9606.ENSP00000464050	12	18	14
9606.ENSP00000464317	18	15	15
9606.ENSP00000464342	145	12	118
9606.ENSP00000464357	53	16	33
9606.ENSP00000464359	10	12	9
9606.ENSP00000464383	13	18	8
9606.ENSP00000464443	19	25	20
9606.ENSP00000464512	1	10	6
9606.ENSP00000464522	7	18	12
9606.ENSP00000464780	5	18	5
9606.ENSP00000464813	135	14	117
9606.ENSP00000464814	3	19	12
9606.ENSP00000464849	4	7	8
9606.ENSP00000464955	1	19	11
9606.ENSP00000465039	5	11	8
9606.ENSP00000465075	11	14	10
9606.ENSP00000465099	14	22	9
9606.ENSP00000465213	24	18	13
9606.ENSP00000465261	4	14	10
9606.ENSP00000465295	2	9	5
9606.ENSP00000465356	25	12	23
9606.ENSP00000465419	15	18	16
9606.ENSP00000465500	4	18	8
9606.ENSP00000465630	5	15	11
9606.ENSP00000465676	3	10	6
9606.ENSP00000465685	10	18	13
9606.ENSP00000465734	1	16	6
9606.ENSP00000465759	5	21	5
9606.ENSP00000465765	9	18	11
9606.ENSP00000465776	2	27	10
9606.ENSP00000465894	1	14	5
9606.ENSP00000465992	1	20	10
9606.ENSP00000466009	6	18	5
9606.ENSP00000466010	172	14	216
9606.ENSP00000466022	2	11	6
9606.ENSP00000466025	2	19	13
9606.ENSP00000466090	12	18	12
9606.ENSP00000466111	14	22	16
9606.ENSP00000466121	17	15	10
9606.ENSP00000466134	1	18	10
9606.ENSP00000466214	1	11	3
9606.ENSP00000466259	2	18	5
9606.ENSP00000466298	15	17	8
9606.ENSP00000466363	11	12	5
9606.ENSP00000466379	9	15	14
9606.ENSP00000466399	7	9	9
9606.ENSP00000466542	4	21	9
9606.ENSP00000466664	1	19	7
9606.ENSP00000466680	4	17	4
9606.ENSP00000466690	9	20	5
9606.ENSP00000466718	2	18	8
9606.ENSP00000466775	26	12	23
9606.ENSP00000466818	73	12	43
9606.ENSP00000466834	3	16	6
9606.ENSP00000466880	2	14	3
9606.ENSP00000466953	3	17	5
9606.ENSP00000466967	1	18	9
9606.ENSP00000467024	17	13	12
9606.ENSP00000467041	3	17	11
9606.ENSP00000467123	7	20	11
9606.ENSP00000467141	21	14	20
9606.ENSP00000467176	7	18	10
9606.ENSP00000467201	8	17	18
9606.ENSP00000467262	68	18	30
9606.ENSP00000467266	10	15	13
9606.ENSP00000467290	2	19	10
9606.ENSP00000467423	3	17	8
9606.ENSP00000467494	7	13	7
9606.ENSP00000467537	10	21	12
9606.ENSP00000467579	5	11	11
9606.ENSP00000467843	1	12	10
9606.ENSP00000468002	2	17	7
9606.ENSP00000468032	6	14	11
9606.ENSP00000468086	1	10	15
9606.ENSP00000468236	25	14	16
9606.ENSP00000468253	3	18	6
9606.ENSP00000468280	2	15	6
9606.ENSP00000468304	32	17	28
9606.ENSP00000468308	1	16	8
9606.ENSP00000468348	7	16	6
9606.ENSP00000468411	9	21	9
9606.ENSP00000468633	4	18	5
9606.ENSP00000468723	20	19	15
9606.ENSP00000468897	11	10	8
9606.ENSP00000468927	3	13	6
9606.ENSP00000468956	4	9	5
9606.ENSP00000468969	1	15	1
9606.ENSP00000468991	5	9	7
9606.ENSP00000469035	12	15	11
9606.ENSP00000469049	4	18	8
9606.ENSP00000469158	14	20	9
9606.ENSP00000469240	34	16	26
9606.ENSP00000469242	12	16	6
9606.ENSP00000469332	5	10	8
9606.ENSP00000469413	12	11	10
9606.ENSP00000469455	6	8	7
9606.ENSP00000469468	79	18	52
9606.ENSP00000469534	2	15	7
9606.ENSP00000469613	10	22	8
9606.ENSP00000469686	9	16	8
9606.ENSP00000469696	3	17	6
9606.ENSP00000469836	2	22	4
9606.ENSP00000469863	1	18	4
9606.ENSP00000469880	1	12	5
9606.ENSP00000469888	15	12	13
9606.ENSP00000469981	1	23	3
9606.ENSP00000470142	40	19	24
9606.ENSP00000470152	7	15	7
9606.ENSP00000470176	42	8	25
9606.ENSP00000470248	5	16	6
9606.ENSP00000470252	95	16	47
9606.ENSP00000470259	2	13	7
9606.ENSP00000470262	17	18	15
9606.ENSP00000470539	1	18	4
9606.ENSP00000470555	1	20	6
9606.ENSP00000470560	77	18	44
9606.ENSP00000470788	9	15	14
9606.ENSP00000470972	195	17	403
9606.ENSP00000471191	27	18	22
9606.ENSP00000471239	8	22	11
9606.ENSP00000471454	9	11	9
9606.ENSP00000471455	81	6	45
9606.ENSP00000471457	1	19	9
9606.ENSP00000471477	5	14	10
9606.ENSP00000471493	6	11	10
9606.ENSP00000471683	1	10	10
9606.ENSP00000471700	14	21	10
9606.ENSP00000471851	1	20	7
9606.ENSP00000471894	4	14	5
9606.ENSP00000471896	24	20	11
9606.ENSP00000471921	2	22	9
9606.ENSP00000472109	8	14	8
9606.ENSP00000472118	1	17	10
9606.ENSP00000472249	7	18	10
9606.ENSP00000472445	51	23	43
9606.ENSP00000472465	4	18	7
9606.ENSP00000472467	18	13	13
9606.ENSP00000472469	206	9	373
9606.ENSP00000472474	6	15	11
9606.ENSP00000472530	9	15	9
9606.ENSP00000472620	3	22	7
9606.ENSP00000472808	3	19	7
9606.ENSP00000472836	7	10	5
9606.ENSP00000472847	3	12	4
9606.ENSP00000472929	36	20	29
9606.ENSP00000472985	199	13	296
9606.ENSP00000472998	58	15	39
9606.ENSP00000473001	6	19	11
9606.ENSP00000473093	1	16	9
9606.ENSP00000473172	121	20	80
9606.ENSP00000473200	2	16	5
9606.ENSP00000473238	2	17	3
9606.ENSP00000473290	61	8	35
9606.ENSP00000473348	4	24	9
9606.ENSP00000473370	2	20	8
9606.ENSP00000473381	2	18	9
9606.ENSP00000473383	32	13	21
9606.ENSP00000473391	28	17	19
9606.ENSP00000473553	6	16	6
9606.ENSP00000473623	4	24	10
9606.ENSP00000473631	2	20	9
9606.ENSP00000473980	102	13	46
9606.ENSP00000473990	2	16	6
9606.ENSP00000474032	18	17	17
9606.ENSP00000474071	9	13	6
9606.ENSP00000474090	3	16	5
9606.ENSP00000474096	13	17	7
9606.ENSP00000474135	1	15	8
9606.ENSP00000474253	12	18	9
9606.ENSP00000474385	3	13	10
9606.ENSP00000474412	55	14	45
9606.ENSP00000474534	2	16	7
9606.ENSP00000474725	20	17	17
9606.ENSP00000474823	13	16	16
9606.ENSP00000475107	6	20	9
9606.ENSP00000475224	3	20	7
9606.ENSP00000475344	26	16	15
9606.ENSP00000475615	99	19	69
9606.ENSP00000475724	1	16	6
9606.ENSP00000475727	4	15	6
9606.ENSP00000475750	1	15	9
9606.ENSP00000475814	44	18	30
9606.ENSP00000475924	2	23	5
9606.ENSP00000475986	1	17	4
9606.ENSP00000476100	93	15	45
9606.ENSP00000476117	5	14	3
9606.ENSP00000476136	174	9	267
9606.ENSP00000476140	1	20	7
9606.ENSP00000476145	1	16	11
9606.ENSP00000476228	19	16	10
9606.ENSP00000476295	15	23	10
9606.ENSP00000476369	3	17	13
9606.ENSP00000476386	13	11	18
9606.ENSP00000476412	30	23	19
9606.ENSP00000476480	11	12	8
9606.ENSP00000476519	9	15	7
9606.ENSP00000476672	1	15	5
9606.ENSP00000476742	11	18	10
9606.ENSP00000476948	15	20	10
9606.ENSP00000477213	9	13	6
9606.ENSP00000477310	23	12	18
9606.ENSP00000477341	1	16	8
9606.ENSP00000477352	1	21	3
9606.ENSP00000477437	8	14	7
9606.ENSP00000477455	35	11	32
9606.ENSP00000477502	1	16	10
9606.ENSP00000477507	3	14	5
9606.ENSP00000477527	54	19	34
9606.ENSP00000477530	3	13	6
9606.ENSP00000477538	3	14	12
9606.ENSP00000477548	6	23	12
9606.ENSP00000477563	6	23	8
9606.ENSP00000477572	1	16	8
9606.ENSP00000477587	2	10	4
9606.ENSP00000477602	3	12	8
9606.ENSP00000477613	37	11	25
9606.ENSP00000477707	10	20	12
9606.ENSP00000477713	43	18	30
9606.ENSP00000477715	12	17	12
9606.ENSP00000477725	5	20	11
9606.ENSP00000477760	46	20	30
9606.ENSP00000477781	2	15	6
9606.ENSP00000477792	1	12	4
9606.ENSP00000477796	1	17	8
9606.ENSP00000477802	34	16	19
9606.ENSP00000477848	66	12	60
9606.ENSP00000477868	6	16	7
9606.ENSP00000477870	25	23	17
9606.ENSP00000477875	2	19	13
9606.ENSP00000477907	40	15	28
9606.ENSP00000477908	22	21	14
9606.ENSP00000477920	1	19	5
9606.ENSP00000477973	9	23	8
9606.ENSP00000477999	16	16	18
9606.ENSP00000478024	10	21	12
9606.ENSP00000478026	1	18	7
9606.ENSP00000478059	14	14	11
9606.ENSP00000478061	11	18	10
9606.ENSP00000478070	43	13	30
9606.ENSP00000478121	115	14	72
9606.ENSP00000478179	1	12	5
9606.ENSP00000478187	13	16	14
9606.ENSP00000478212	8	14	15
9606.ENSP00000478220	1	14	7
9606.ENSP00000478253	3	14	10
9606.ENSP00000478255	1	18	5
9606.ENSP00000478289	50	22	33
9606.ENSP00000478303	166	17	183
9606.ENSP00000478396	4	21	6
9606.ENSP00000478417	3	12	7
9606.ENSP00000478474	7	16	7
9606.ENSP00000478479	3	14	8
9606.ENSP00000478490	4	9	9
9606.ENSP00000478501	48	16	34
9606.ENSP00000478557	2	19	12
9606.ENSP00000478561	2	15	4
9606.ENSP00000478568	1	14	6
9606.ENSP00000478589	2	14	9
9606.ENSP00000478600	2	13	11
9606.ENSP00000478672	7	23	6
9606.ENSP00000478699	14	11	18
9606.ENSP00000478721	15	16	14
9606.ENSP00000478725	127	9	94
9606.ENSP00000478754	28	18	28
9606.ENSP00000478763	13	20	13
9606.ENSP00000478766	43	10	33
9606.ENSP00000478767	8	15	10
9606.ENSP00000478771	240	15	446
9606.ENSP00000478783	47	18	31
9606.ENSP00000478874	2	13	6
9606.ENSP00000478877	44	15	32
9606.ENSP00000478887	66	12	55
9606.ENSP00000478892	2	17	7
9606.ENSP00000478893	4	11	16
9606.ENSP00000478927	38	18	20
9606.ENSP00000478942	3	20	4
9606.ENSP00000478962	4	10	13
9606.ENSP00000478982	29	13	14
9606.ENSP00000478993	1	25	4
9606.ENSP00000479032	27	20	20
9606.ENSP00000479064	1	22	6
9606.ENSP00000479071	2	12	8
9606.ENSP00000479089	3	15	13
9606.ENSP00000479097	4	12	6
9606.ENSP00000479106	245	15	315
9606.ENSP00000479113	8	12	12
9606.ENSP00000479119	3	12	7
9606.ENSP00000479134	1	17	2
9606.ENSP00000479153	8	14	9
9606.ENSP00000479168	2	14	2
9606.ENSP00000479169	40	18	28
9606.ENSP00000479202	1	24	14
9606.ENSP00000479203	1	11	4
9606.ENSP00000479216	6	12	13
9606.ENSP00000479256	4	14	7
9606.ENSP00000479261	18	17	8
9606.ENSP00000479266	1	12	8
9606.ENSP00000479284	40	17	33
9606.ENSP00000479322	11	14	9
9606.ENSP00000479326	2	13	5
9606.ENSP00000479461	245	11	329
9606.ENSP00000479488	7	14	11
9606.ENSP00000479494	12	12	16
9606.ENSP00000479504	21	14	20
9606.ENSP00000479518	1	14	5
9606.ENSP00000479526	28	18	22
9606.ENSP00000479536	2	16	4
9606.ENSP00000479542	1	17	9
9606.ENSP00000479586	1	19	6
9606.ENSP00000479598	7	13	6
9606.ENSP00000479606	45	14	27
9606.ENSP00000479617	27	16	17
9606.ENSP00000479624	3	11	12
9606.ENSP00000479636	2	17	7
9606.ENSP00000479667	1	15	5
9606.ENSP00000479669	5	16	8
9606.ENSP00000479675	3	16	8
9606.ENSP00000479719	21	13	11
9606.ENSP00000479762	13	20	20
9606.ENSP00000479794	245	13	293
9606.ENSP00000479811	2	14	11
9606.ENSP00000479816	2	13	4
9606.ENSP00000479844	1	18	9
9606.ENSP00000479860	7	12	8
9606.ENSP00000479861	13	18	12
9606.ENSP00000479870	1	17	7
9606.ENSP00000479889	19	16	9
9606.ENSP00000479904	5	17	11
9606.ENSP00000479910	4	17	4
9606.ENSP00000479919	9	23	11
9606.ENSP00000479953	1	14	7
9606.ENSP00000479955	5	20	8
9606.ENSP00000479964	1	12	5
9606.ENSP00000479969	1	13	10
9606.ENSP00000480012	11	12	13
9606.ENSP00000480035	8	9	10
9606.ENSP00000480043	7	16	10
9606.ENSP00000480050	2	11	8
9606.ENSP00000480053	1	19	10
9606.ENSP00000480090	1	16	2
9606.ENSP00000480091	1	19	7
9606.ENSP00000480132	16	17	16
9606.ENSP00000480150	9	18	3
9606.ENSP00000480157	8	14	10
9606.ENSP00000480186	25	9	16
9606.ENSP00000480279	4	14	3
9606.ENSP00000480291	1	12	5
9606.ENSP00000480301	4	11	4
9606.ENSP00000480316	18	16	11
9606.ENSP00000480322	2	12	7
9606.ENSP00000480332	16	22	14
9606.ENSP00000480359	1	18	9
9606.ENSP00000480378	59	14	43
9606.ENSP00000480405	2	24	8
9606.ENSP00000480421	47	18	30
9606.ENSP00000480428	3	17	6
9606.ENSP00000480439	3	17	6
9606.ENSP00000480443	2	16	9
9606.ENSP00000480467	2	7	5
9606.ENSP00000480484	2	19	9
9606.ENSP00000480489	5	21	6
9606.ENSP00000480514	47	12	21
9606.ENSP00000480524	1	11	11
9606.ENSP00000480535	2	10	4
9606.ENSP00000480538	3	20	6
9606.ENSP00000480549	2	15	9
9606.ENSP00000480558	17	9	12
9606.ENSP00000480571	2	23	3
9606.ENSP00000480680	4	19	6
9606.ENSP00000480707	12	11	12
9606.ENSP00000480715	1	11	9
9606.ENSP00000480763	9	14	5
9606.ENSP00000480791	11	14	10
9606.ENSP00000480798	1	18	8
9606.ENSP00000480821	2	22	13
9606.ENSP00000480826	158	13	144
9606.ENSP00000480836	3	11	12
9606.ENSP00000480853	18	12	17
9606.ENSP00000480916	1	11	8
9606.ENSP00000480960	245	14	316
9606.ENSP00000480971	1	19	6
9606.ENSP00000480987	57	15	46
9606.ENSP00000480991	1	15	1
9606.ENSP00000481006	2	18	5
9606.ENSP00000481021	20	11	10
9606.ENSP00000481022	2	21	7
9606.ENSP00000481029	44	15	21
9606.ENSP00000481038	31	17	21
9606.ENSP00000481046	2	10	5
9606.ENSP00000481056	2	15	4
9606.ENSP00000481091	34	11	16
9606.ENSP00000481109	1	8	11
9606.ENSP00000481126	9	20	10
9606.ENSP00000481127	4	18	7
9606.ENSP00000481152	82	16	44
9606.ENSP00000481244	19	16	11
9606.ENSP00000481249	10	17	16
9606.ENSP00000481301	1	16	3
9606.ENSP00000481309	4	9	8
9606.ENSP00000481314	4	21	8
9606.ENSP00000481321	2	17	6
9606.ENSP00000481357	3	21	4
9606.ENSP00000481380	53	13	34
9606.ENSP00000481450	5	14	15
9606.ENSP00000481465	2	14	6
9606.ENSP00000481486	245	17	318
9606.ENSP00000481554	26	12	18
9606.ENSP00000481570	19	14	18
9606.ENSP00000481575	15	17	9
9606.ENSP00000481593	1	17	9
9606.ENSP00000481622	5	16	5
9606.ENSP00000481633	4	13	7
9606.ENSP00000481646	147	16	154
9606.ENSP00000481675	3	14	9
9606.ENSP00000481697	1	16	5
9606.ENSP00000481733	99	19	56
9606.ENSP00000481750	20	20	18
9606.ENSP00000481762	8	12	5
9606.ENSP00000481780	13	16	10
9606.ENSP00000481841	6	23	6
9606.ENSP00000481842	22	13	13
9606.ENSP00000481848	10	15	15
9606.ENSP00000481850	4	16	2
9606.ENSP00000481859	2	21	5
9606.ENSP00000481893	15	18	11
9606.ENSP00000481912	2	13	6
9606.ENSP00000481920	98	10	33
9606.ENSP00000481956	16	16	10
9606.ENSP00000481994	10	19	12
9606.ENSP00000482032	4	21	12
9606.ENSP00000482063	62	16	49
9606.ENSP00000482075	56	10	36
9606.ENSP00000482093	4	24	7
9606.ENSP00000482107	34	17	24
9606.ENSP00000482133	1	20	5
9606.ENSP00000482169	6	19	10
9606.ENSP00000482228	1	19	5
9606.ENSP00000482232	13	16	11
9606.ENSP00000482245	1	13	5
9606.ENSP00000482259	19	14	14
9606.ENSP00000482264	3	24	6
9606.ENSP00000482285	1	16	3
9606.ENSP00000482304	4	10	5
9606.ENSP00000482306	8	24	7
9606.ENSP00000482313	6	17	5
9606.ENSP00000482335	2	9	7
9606.ENSP00000482358	2	14	8
9606.ENSP00000482431	93	17	53
9606.ENSP00000482438	97	7	42
9606.ENSP00000482457	30	13	28
9606.ENSP00000482486	2	10	8
9606.ENSP00000482538	93	15	39
9606.ENSP00000482543	73	14	41
9606.ENSP00000482546	11	15	9
9606.ENSP00000482548	2	20	6
9606.ENSP00000482564	26	8	18
9606.ENSP00000482568	14	16	10
9606.ENSP00000482581	3	17	4
9606.ENSP00000482604	1	23	6
9606.ENSP00000482609	6	13	15
9606.ENSP00000482620	2	9	10
9606.ENSP00000482632	1	13	8
9606.ENSP00000482647	6	19	10
9606.ENSP00000482657	6	12	6
9606.ENSP00000482674	61	21	52
9606.ENSP00000482678	27	17	22
9606.ENSP00000482704	6	17	8
9606.ENSP00000482743	2	8	5
9606.ENSP00000482753	18	17	11
9606.ENSP00000482773	4	17	8
9606.ENSP00000482816	1	19	5
9606.ENSP00000482826	25	18	13
9606.ENSP00000482829	1	14	7
9606.ENSP00000482841	1	16	8
9606.ENSP00000482870	1	16	4
9606.ENSP00000482954	8	17	10
9606.ENSP00000483059	4	20	5
9606.ENSP00000483110	4	19	5
9606.ENSP00000483117	17	17	7
9606.ENSP00000483125	3	13	8
9606.ENSP00000483185	54	11	42
9606.ENSP00000483228	4	17	11
9606.ENSP00000483236	43	16	25
9606.ENSP00000483254	1	14	7
9606.ENSP00000483283	157	14	153
9606.ENSP00000483300	3	19	8
9606.ENSP00000483313	17	12	15
9606.ENSP00000483328	14	17	14
9606.ENSP00000483330	14	14	17
9606.ENSP00000483345	16	16	14
9606.ENSP00000483356	34	20	24
9606.ENSP00000483364	10	18	12
9606.ENSP00000483386	3	12	8
9606.ENSP00000483397	2	14	6
9606.ENSP00000483403	10	16	13
9606.ENSP00000483415	1	16	6
9606.ENSP00000483453	34	14	21
9606.ENSP00000483484	51	20	35
9606.ENSP00000483486	1	19	6
9606.ENSP00000483547	1	14	9
9606.ENSP00000483549	1	24	7
9606.ENSP00000483552	1	14	5
9606.ENSP00000483567	15	14	18
9606.ENSP00000483570	23	11	13
9606.ENSP00000483585	2	15	8
9606.ENSP00000483631	3	27	9
9606.ENSP00000483667	20	19	14
9606.ENSP00000483688	51	14	28
9606.ENSP00000483713	3	17	8
9606.ENSP00000483721	5	22	9
9606.ENSP00000483757	1	20	5
9606.ENSP00000483811	1	23	9
9606.ENSP00000483814	19	13	16
9606.ENSP00000483825	62	13	45
9606.ENSP00000483842	110	16	60
9606.ENSP00000483872	20	12	9
9606.ENSP00000483888	67	14	45
9606.ENSP00000483903	39	22	22
9606.ENSP00000483921	2	17	7
9606.ENSP00000483936	1	14	6
9606.ENSP00000483946	14	18	7
9606.ENSP00000483989	2	15	3
9606.ENSP00000484060	4	8	9
9606.ENSP00000484078	10	12	10
9606.ENSP00000484095	157	17	129
9606.ENSP00000484105	26	13	13
9606.ENSP00000484121	5	21	5
9606.ENSP00000484288	25	20	31
9606.ENSP00000484342	9	17	9
9606.ENSP00000484343	4	13	10
9606.ENSP00000484390	5	15	10
9606.ENSP00000484431	3	20	14
9606.ENSP00000484479	1	12	5
9606.ENSP00000484525	20	19	12
9606.ENSP00000484552	10	16	9
9606.ENSP00000484580	3	18	8
9606.ENSP00000484618	1	16	12
9606.ENSP00000484638	157	20	119
9606.ENSP00000484644	1	16	8
9606.ENSP00000484658	158	7	153
9606.ENSP00000484668	1	15	8
9606.ENSP00000484669	26	20	20
9606.ENSP00000484687	3	13	2
9606.ENSP00000484710	7	14	11
9606.ENSP00000484713	7	13	17
9606.ENSP00000484715	3	19	14
9606.ENSP00000484732	4	21	7
9606.ENSP00000484789	245	16	312
9606.ENSP00000484803	13	19	9
9606.ENSP00000484810	3	11	7
9606.ENSP00000484824	21	17	14
9606.ENSP00000484841	157	13	118
9606.ENSP00000484855	16	9	15
9606.ENSP00000484903	102	21	47
9606.ENSP00000484928	6	12	10
9606.ENSP00000484940	6	24	6
9606.ENSP00000484998	44	19	24
9606.ENSP00000485010	3	12	8
9606.ENSP00000485022	2	12	4
9606.ENSP00000485033	29	13	24
9606.ENSP00000485129	14	21	26
9606.ENSP00000485230	1	11	6
9606.ENSP00000485378	1	16	7
9606.ENSP00000485398	1	18	12
9606.ENSP00000485401	15	27	18
9606.ENSP00000485478	1	13	4
9606.ENSP00000485512	1	21	10
9606.ENSP00000485513	7	16	9
9606.ENSP00000485527	3	20	8
9606.ENSP00000485586	2	13	12
9606.ENSP00000485615	3	13	8
9606.ENSP00000485627	8	11	14
9606.ENSP00000485659	4	17	7
9606.ENSP00000485698	53	15	34
9606.ENSP00000486109	9	20	8
9606.ENSP00000486252	33	15	30
9606.ENSP00000486357	1	16	8
9606.ENSP00000486361	27	16	23
9606.ENSP00000486540	15	11	16
9606.ENSP00000486574	24	13	13
9606.ENSP00000486725	65	13	51
9606.ENSP00000486891	26	23	25
9606.ENSP00000486901	2	15	6
9606.ENSP00000487073	5	12	15
9606.ENSP00000487094	6	14	4
9606.ENSP00000487164	7	18	13
9606.ENSP00000487174	3	16	5
9606.ENSP00000487358	15	21	17
9606.ENSP00000487363	1	20	8
9606.ENSP00000487365	10	17	16
9606.ENSP00000487444	19	16	18
9606.ENSP00000487717	1	21	6
9606.ENSP00000487772	1	14	9
9606.ENSP00000487785	11	15	13
9606.ENSP00000487971	6	15	12
9606.ENSP00000488361	8	14	10
9606.ENSP00000488437	2	14	6
9606.ENSP00000488642	2	21	9
9606.ENSP00000488748	1	17	8
9606.ENSP00000488912	5	22	9
9606.ENSP00000489061	2	16	1
9606.ENSP00000489189	14	10	11
9606.ENSP00000489236	245	16	332
9606.ENSP00000489262	9	11	13
9606.ENSP00000489282	158	11	142
9606.ENSP00000489311	31	18	17
9606.ENSP00000489317	93	20	48
9606.ENSP00000489407	21	21	16
9606.ENSP00000489442	13	22	15
9606.ENSP00000489551	5	10	14
9606.ENSP00000489597	82	23	50
9606.ENSP00000489674	2	20	7
9606.ENSP00000489770	4	12	7
9606.ENSP00000489774	4	21	10
9606.ENSP00000489829	14	13	16
9606.ENSP00000489910	1	11	4
9606.ENSP00000490083	30	20	20
9606.ENSP00000490107	21	18	14
9606.ENSP00000490116	3	22	7
9606.ENSP00000490143	1	15	7
9606.ENSP00000490174	4	12	7
9606.ENSP00000490225	18	16	10
9606.ENSP00000490263	1	15	3
9606.ENSP00000490491	34	17	30
9606.ENSP00000490530	3	12	12
9606.ENSP00000490614	4	19	6
9606.ENSP00000490726	5	10	6
9606.ENSP00000490744	1	8	13
9606.ENSP00000490747	65	22	53
9606.ENSP00000490760	12	21	19
9606.ENSP00000490767	13	23	8
9606.ENSP00000490935	2	11	10
9606.ENSP00000490940	3	14	11
9606.ENSP00000491014	2	10	15
9606.ENSP00000491067	4	15	7
9606.ENSP00000491073	3	12	6
9606.ENSP00000491215	34	13	17
9606.ENSP00000491227	1	13	5
9606.ENSP00000491341	1	22	5
9606.ENSP00000491377	3	22	9
9606.ENSP00000491427	5	14	10
9606.ENSP00000491504	1	14	9
9606.ENSP00000491596	2	20	6
9606.ENSP00000491651	1	16	10
9606.ENSP00000491657	2	19	4
9606.ENSP00000491663	1	13	10
9606.ENSP00000491669	1	19	8
9606.ENSP00000491717	32	18	32
9606.ENSP00000491742	1	22	5
9606.ENSP00000491768	1	20	6
9606.ENSP00000491830	10	24	10
9606.ENSP00000491865	1	19	7
9606.ENSP00000491894	1	20	7
9606.ENSP00000491949	1	14	5
9606.ENSP00000491969	3	15	7
9606.ENSP00000492001	5	12	10
9606.ENSP00000492024	13	18	13
9606.ENSP00000492033	3	18	4
9606.ENSP00000492220	7	9	16
9606.ENSP00000492240	1	11	9
9606.ENSP00000492363	5	17	10
9606.ENSP00000492441	107	18	55
9606.ENSP00000492512	1	18	7
9606.ENSP00000492798	1	18	5
9606.ENSP00000493102	1	17	6
9606.ENSP00000493153	1	16	9
9606.ENSP00000493232	8	17	7
9606.ENSP00000493252	1	17	4
9606.ENSP00000493357	4	20	3
9606.ENSP00000493382	1	21	2
9606.ENSP00000493536	2	11	7
9606.ENSP00000493594	24	16	18
9606.ENSP00000493607	3	13	5
9606.ENSP00000493623	10	21	10
9606.ENSP00000493664	3	12	7
9606.ENSP00000493688	2	18	6
9606.ENSP00000493691	2	17	7
9606.ENSP00000493712	70	20	37
9606.ENSP00000493716	16	18	13
9606.ENSP00000493728	13	12	13
9606.ENSP00000493780	1	10	12
9606.ENSP00000493805	1	16	9
9606.ENSP00000493900	14	15	14
9606.ENSP00000493906	2	16	7
9606.ENSP00000493946	5	13	8
9606.ENSP00000493970	1	23	11
9606.ENSP00000493985	12	15	7
9606.ENSP00000494040	26	26	21
9606.ENSP00000494051	13	14	12
9606.ENSP00000494061	3	18	11
9606.ENSP00000494067	2	8	6
9606.ENSP00000494125	6	11	9
9606.ENSP00000494136	1	19	8
9606.ENSP00000494162	12	19	9
9606.ENSP00000494175	10	13	10
9606.ENSP00000494260	2	12	6
9606.ENSP00000494277	19	14	16
9606.ENSP00000494321	5	13	5
9606.ENSP00000494360	3	13	4
9606.ENSP00000494468	6	25	11
9606.ENSP00000494504	11	15	17
9606.ENSP00000494538	20	13	13
9606.ENSP00000494550	7	12	10
9606.ENSP00000494576	4	20	9
9606.ENSP00000494664	9	10	10
9606.ENSP00000494684	5	15	12
9606.ENSP00000494686	2	17	8
9606.ENSP00000494689	14	15	16
9606.ENSP00000494697	135	10	117
9606.ENSP00000494708	5	22	8
9606.ENSP00000494750	201	13	362
9606.ENSP00000494788	23	11	18
9606.ENSP00000494831	60	17	40
9606.ENSP00000494957	16	16	19
9606.ENSP00000494965	1	18	12
9606.ENSP00000495061	3	23	6
9606.ENSP00000495128	50	9	33
9606.ENSP00000495192	1	15	7
9606.ENSP00000495202	1	9	5
9606.ENSP00000495203	1	14	4
9606.ENSP00000495214	8	19	9
9606.ENSP00000495240	34	18	29
9606.ENSP00000495273	209	8	340
9606.ENSP00000495274	9	18	10
9606.ENSP00000495360	167	18	232
9606.ENSP00000495385	1	14	9
9606.ENSP00000495413	19	15	12
9606.ENSP00000495481	11	19	15
9606.ENSP00000495530	9	16	6
9606.ENSP00000495537	7	8	12
9606.ENSP00000495556	13	20	13
9606.ENSP00000495557	2	14	9
9606.ENSP00000495563	14	15	6
9606.ENSP00000495631	20	12	14
9606.ENSP00000495672	135	17	121
9606.ENSP00000495710	1	11	5
9606.ENSP00000495715	1	17	9
9606.ENSP00000495726	2	12	8
9606.ENSP00000495778	3	11	9
9606.ENSP00000495795	23	20	13
9606.ENSP00000495811	4	17	9
9606.ENSP00000495855	4	17	11
9606.ENSP00000495860	3	22	8
9606.ENSP00000495909	10	18	6
9606.ENSP00000495951	7	17	9
9606.ENSP00000495965	20	17	20
9606.ENSP00000496007	4	18	8
9606.ENSP00000496014	18	11	12
9606.ENSP00000496044	29	17	25
9606.ENSP00000496114	4	23	7
9606.ENSP00000496129	7	14	9
9606.ENSP00000496150	1	17	6
9606.ENSP00000496166	3	15	10
9606.ENSP00000496168	31	20	24
9606.ENSP00000496250	165	14	188
9606.ENSP00000496255	3	19	9
9606.ENSP00000496268	12	21	7
9606.ENSP00000496301	1	14	8
9606.ENSP00000496339	10	15	10
9606.ENSP00000496355	6	17	7
9606.ENSP00000496394	4	14	10
9606.ENSP00000496396	9	15	9
9606.ENSP00000496414	31	11	24
9606.ENSP00000496416	9	20	12
9606.ENSP00000496438	5	16	9
9606.ENSP00000496491	2	11	8
9606.ENSP00000496494	7	18	5
9606.ENSP00000496496	1	16	7
9606.ENSP00000496577	18	15	16
9606.ENSP00000496593	20	17	16
9606.ENSP00000496597	7	16	9
9606.ENSP00000496695	18	19	13
9606.ENSP00000496699	2	13	8
9606.ENSP00000496779	33	13	24
9606.ENSP00000496793	6	21	7
9606.ENSP00000496813	2	21	12
9606.ENSP00000496832	18	19	18
9606.ENSP00000496848	18	20	11
9606.ENSP00000496870	25	22	10
9606.ENSP00000496939	16	25	12
9606.ENSP00000496954	45	18	23
9606.ENSP00000496959	15	17	12
9606.ENSP00000497004	102	9	68
9606.ENSP00000497008	1	13	4
9606.ENSP00000497069	37	13	29
9606.ENSP00000497070	1	14	7
9606.ENSP00000497102	28	19	26
9606.ENSP00000497110	1	16	8
9606.ENSP00000497160	7	18	13
9606.ENSP00000497174	21	15	20
9606.ENSP00000497185	3	6	10
9606.ENSP00000497217	1	14	9
9606.ENSP00000497225	1	21	5
9606.ENSP00000497236	1	16	6
9606.ENSP00000497260	96	18	64
9606.ENSP00000497271	20	13	18
9606.ENSP00000497280	5	12	8
9606.ENSP00000497290	22	21	7
9606.ENSP00000497294	1	21	7
9606.ENSP00000497305	22	10	12
9606.ENSP00000497351	34	13	19
9606.ENSP00000497382	2	16	6
9606.ENSP00000497402	10	13	13
9606.ENSP00000497413	9	13	10
9606.ENSP00000497422	17	14	15
9606.ENSP00000497443	6	10	11
9606.ENSP00000497444	3	13	5
9606.ENSP00000497474	71	15	50
9606.ENSP00000497483	8	21	8
9606.ENSP00000497509	5	14	8
9606.ENSP00000497527	4	18	9
9606.ENSP00000497569	5	21	8
9606.ENSP00000497574	1	12	12
9606.ENSP00000497585	2	15	4
9606.ENSP00000497587	76	16	40
9606.ENSP00000497588	1	14	4
9606.ENSP00000497590	3	15	9
9606.ENSP00000497594	16	21	8
9606.ENSP00000497609	49	13	32
9606.ENSP00000497641	96	15	59
9606.ENSP00000497642	10	15	16
9606.ENSP00000497653	6	18	12
9606.ENSP00000497669	10	13	7
9606.ENSP00000497690	1	20	7
9606.ENSP00000497691	1	16	8
9606.ENSP00000497720	2	18	4
9606.ENSP00000497733	83	17	50
9606.ENSP00000497737	9	15	5
9606.ENSP00000497744	1	15	8
9606.ENSP00000497767	3	23	6
9606.ENSP00000497777	7	14	6
9606.ENSP00000497806	90	25	59
9606.ENSP00000497810	2	15	10
9606.ENSP00000497815	21	21	14
9606.ENSP00000497829	12	11	18
9606.ENSP00000497880	1	15	8
9606.ENSP00000497896	7	16	13
9606.ENSP00000497910	57	17	41
9606.ENSP00000497915	2	17	3
9606.ENSP00000497916	5	12	7
9606.ENSP00000497948	2	17	14
9606.ENSP00000497968	6	11	11
9606.ENSP00000497997	9	17	7
9606.ENSP00000498010	4	18	9
9606.ENSP00000498019	200	15	313
9606.ENSP00000498042	2	12	7
9606.ENSP00000498060	1	25	7
9606.ENSP00000498065	1	9	11
9606.ENSP00000498071	3	20	4
9606.ENSP00000498074	9	28	8
9606.ENSP00000498083	3	14	11
9606.ENSP00000498104	18	17	11
9606.ENSP00000498116	3	13	13
9606.ENSP00000498198	1	11	8
9606.ENSP00000498215	16	11	8
9606.ENSP00000498227	19	19	22
9606.ENSP00000498241	2	14	8
9606.ENSP00000498246	1	19	6
9606.ENSP00000498251	2	14	6
9606.ENSP00000498255	1	20	5
9606.ENSP00000498258	3	17	6
9606.ENSP00000498260	1	23	9
9606.ENSP00000498282	2	15	14
9606.ENSP00000498321	45	9	40
9606.ENSP00000498322	5	16	13
9606.ENSP00000498330	4	10	9
9606.ENSP00000498336	6	16	11
9606.ENSP00000498358	3	22	9
9606.ENSP00000498362	28	16	17
9606.ENSP00000498374	1	18	9
9606.ENSP00000498382	21	20	18
9606.ENSP00000498386	1	17	6
9606.ENSP00000498402	1	9	9
9606.ENSP00000498408	9	18	7
9606.ENSP00000498424	2	15	5
9606.ENSP00000498441	12	18	13
9606.ENSP00000498466	17	16	11
9606.ENSP00000498469	17	9	13
9606.ENSP00000498476	19	14	14
9606.ENSP00000498497	1	17	4
9606.ENSP00000498499	14	7	14
9606.ENSP00000498510	2	14	5
9606.ENSP00000498512	3	22	10
9606.ENSP00000498577	16	14	23
9606.ENSP00000498587	37	15	28
9606.ENSP00000498596	5	18	5
9606.ENSP00000498602	5	14	13
9606.ENSP00000498603	10	15	17
9606.ENSP00000498610	2	17	6
9606.ENSP00000498616	1	21	5
9606.ENSP00000498622	7	19	6
9606.ENSP00000498627	1	13	7
9606.ENSP00000498630	4	19	11
9606.ENSP00000498653	13	11	18
9606.ENSP00000498656	9	11	11
9606.ENSP00000498660	2	24	5
9606.ENSP00000498662	2	15	10
9606.ENSP00000498671	4	12	5
9606.ENSP00000498684	1	17	8
9606.ENSP00000498700	2	21	10
9606.ENSP00000498715	15	17	17
9606.ENSP00000498737	1	22	6
9606.ENSP00000498748	2	17	7
9606.ENSP00000498750	99	10	50
9606.ENSP00000498757	1	16	9
9606.ENSP00000498772	1	19	5
9606.ENSP00000498784	6	19	9
9606.ENSP00000498791	95	20	40
9606.ENSP00000498801	1	19	9
9606.ENSP00000498803	2	10	5
9606.ENSP00000498807	1	15	6
9606.ENSP00000498819	1	14	6
9606.ENSP00000498852	11	18	13
9606.ENSP00000498864	1	12	7
9606.ENSP00000498867	11	15	18
9606.ENSP00000498872	12	16	18
9606.ENSP00000498879	2	18	11
9606.ENSP00000498881	40	16	24
9606.ENSP00000498939	7	14	17
9606.ENSP00000498945	1	22	10
9606.ENSP00000498991	1	23	4
9606.ENSP00000498994	5	15	7
9606.ENSP00000498999	5	14	6
9606.ENSP00000499020	2	14	5
9606.ENSP00000499037	16	20	13
9606.ENSP00000499044	198	9	291
9606.ENSP00000499058	10	14	9
9606.ENSP00000499067	55	14	40
9606.ENSP00000499121	10	18	7
9606.ENSP00000499129	7	15	7
9606.ENSP00000499140	1	18	7
9606.ENSP00000499185	33	19	22
9606.ENSP00000499200	1	21	4
9606.ENSP00000499211	15	19	18
9606.ENSP00000499241	13	18	8
9606.ENSP00000499289	1	14	8
9606.ENSP00000499300	3	21	3
9606.ENSP00000499406	22	11	15
9606.ENSP00000499459	5	25	11
9606.ENSP00000499465	2	16	9
9606.ENSP00000499501	108	18	50
9606.ENSP00000499522	8	15	5
9606.ENSP00000499569	3	19	13
9606.ENSP00000499582	1	13	4
9606.ENSP00000499593	13	15	12
9606.ENSP00000499655	3	15	11
9606.ENSP00000499717	63	17	42
9606.ENSP00000499734	15	11	8
9606.ENSP00000499750	1	12	4
9606.ENSP00000499786	19	16	19
9606.ENSP00000499797	64	15	43
9606.ENSP00000499846	1	20	10
9606.ENSP00000499883	23	10	17
9606.ENSP00000499900	65	13	46
9606.ENSP00000500034	2	8	8
9606.ENSP00000500094	2	15	3
9606.ENSP00000500386	18	12	16
9606.ENSP00000500409	8	16	11
9606.ENSP00000500582	3	8	11
9606.ENSP00000500595	1	22	6
9606.ENSP00000500695	27	17	18
9606.ENSP00000500891	3	17	6
9606.ENSP00000500986	1	15	7
9606.ENSP00000500990	34	17	28
9606.ENSP00000501026	1	26	9
9606.ENSP00000501092	11	16	8
9606.ENSP00000501111	9	18	11
9606.ENSP00000501135	3	18	4
9606.ENSP00000501150	25	12	16
9606.ENSP00000501245	3	17	6
9606.ENSP00000501254	2	20	9
9606.ENSP00000501277	35	16	23
9606.ENSP00000501317	2	19	5
