protein	degree	n_neg_random	n_neg_ddb
1433B_HUMAN	1080	125	1333
1433E_HUMAN	1282	105	1353
1433F_HUMAN	1110	95	1389
1433G_HUMAN	1286	86	1374
1433S_HUMAN	810	99	867
1433T_HUMAN	1169	95	1594
1433Z_HUMAN	1500	89	2105
1A01_HUMAN	298	99	190
1A02_HUMAN	19	112	52
1A03_HUMAN	184	112	157
1A11_HUMAN	5	97	40
1A1L1_HUMAN	9	116	45
1A23_HUMAN	7	107	48
1A24_HUMAN	3	89	43
1A26_HUMAN	5	87	46
1A29_HUMAN	1	107	40
1A30_HUMAN	3	108	50
1A31_HUMAN	1	73	46
1A36_HUMAN	1	113	45
1A66_HUMAN	16	97	42
1A68_HUMAN	4	104	34
1A69_HUMAN	2	86	35
1A74_HUMAN	3	118	43
1B07_HUMAN	526	97	443
1B08_HUMAN	5	97	31
1B13_HUMAN	1	118	50
1B15_HUMAN	2	116	40
1B27_HUMAN	6	101	43
1B35_HUMAN	5	98	35
1B42_HUMAN	269	107	190
1B44_HUMAN	2	99	44
1B45_HUMAN	3	105	32
1B46_HUMAN	4	97	40
1B51_HUMAN	1	115	38
1B53_HUMAN	1	103	37
1B55_HUMAN	1	100	40
1B57_HUMAN	6	96	44
1B73_HUMAN	5	91	40
1C01_HUMAN	366	107	244
1C02_HUMAN	7	121	44
1C03_HUMAN	7	108	49
1C04_HUMAN	44	116	56
1C05_HUMAN	6	122	49
1C06_HUMAN	6	95	41
1C07_HUMAN	261	94	178
1C08_HUMAN	5	111	47
1C12_HUMAN	5	120	30
1C14_HUMAN	3	91	49
1C15_HUMAN	7	101	44
1C16_HUMAN	4	111	44
1C17_HUMAN	6	120	48
1C18_HUMAN	6	102	42
2A5A_HUMAN	92	108	99
2A5B_HUMAN	33	127	60
2A5D_HUMAN	165	93	104
2A5E_HUMAN	121	92	93
2A5G_HUMAN	81	109	59
2AAA_HUMAN	637	92	509
2AAB_HUMAN	174	90	111
2ABA_HUMAN	310	89	227
2ABB_HUMAN	337	120	245
2ABD_HUMAN	179	97	131
2ABG_HUMAN	77	115	76
2B11_HUMAN	129	102	99
2B13_HUMAN	1	101	47
2B14_HUMAN	5	98	41
2B1F_HUMAN	107	109	87
2B32_HUMAN	65	109	65
3BHS1_HUMAN	10	104	39
3BHS2_HUMAN	18	114	51
3BHS7_HUMAN	382	102	283
3BP1_HUMAN	47	109	49
3BP2_HUMAN	46	114	60
3BP5L_HUMAN	35	111	56
3BP5_HUMAN	31	82	60
3HAO_HUMAN	6	97	47
3HIDH_HUMAN	102	90	78
3MG_HUMAN	121	103	67
41_HUMAN	233	97	152
4EBP1_HUMAN	80	103	79
4EBP2_HUMAN	34	100	45
4EBP3_HUMAN	10	98	39
4ET_HUMAN	295	96	198
4F2_HUMAN	433	117	315
5HT1A_HUMAN	31	97	45
5HT1B_HUMAN	67	87	84
5HT1D_HUMAN	3	125	36
5HT1E_HUMAN	144	88	103
5HT2A_HUMAN	27	107	57
5HT2B_HUMAN	30	109	44
5HT2C_HUMAN	160	89	123
5HT3A_HUMAN	122	109	91
5HT3B_HUMAN	21	104	35
5HT3C_HUMAN	89	99	75
5HT3D_HUMAN	4	92	42
5HT3E_HUMAN	9	103	42
5HT4R_HUMAN	18	95	50
5HT5A_HUMAN	2	109	43
5HT6R_HUMAN	55	96	66
5HT7R_HUMAN	78	113	57
5NT1A_HUMAN	26	86	61
5NT1B_HUMAN	3	106	43
5NT3L_HUMAN,5NT3B_HUMAN	12	109	42
5NT3_HUMAN,5NT3A_HUMAN	97	106	50
5NTC_HUMAN	111	94	103
5NTD_HUMAN	97	97	79
68MP_HUMAN	28	123	57
6PGD_HUMAN	184	115	113
6PGL_HUMAN	78	97	60
7B2_HUMAN	28	101	49
8ODP_HUMAN	85	86	60
A16A1_HUMAN	74	95	81
A16L1_HUMAN	2049	89	2451
A16L2_HUMAN	12	102	51
A1AG1_HUMAN	64	109	66
A1AG2_HUMAN	17	98	48
A1ATR_HUMAN	2	100	43
A1AT_HUMAN	155	111	100
A1BG_HUMAN	33	95	45
A1CF_HUMAN	32	115	53
A20A1_HUMAN	11	101	47
A20A2_HUMAN	7	108	24
A20A3_HUMAN	1	124	43
A20A4_HUMAN	7	101	39
A20A5_HUMAN	2	113	45
A26L1_HUMAN	18	107	47
A2AP_HUMAN	24	92	45
A2GL_HUMAN	12	86	47
A2LD1_HUMAN,GGACT_HUMAN	10	115	37
A2MG_HUMAN	204	109	148
A2ML1_HUMAN	148	113	108
A3LT2_HUMAN	1	103	37
A4GAT_HUMAN	15	130	45
A4GCT_HUMAN	51	95	60
A4_HUMAN	984	110	1278
A7L3B_HUMAN	15	107	46
AA1R_HUMAN	22	94	46
AA2AR_HUMAN	33	94	51
AA2BR_HUMAN	42	104	53
AA3R_HUMAN	13	100	51
AAA1_HUMAN	7	102	53
AAAD_HUMAN	2	102	46
AAAS_HUMAN	178	108	118
AAAT_HUMAN	294	95	212
AACS_HUMAN	42	104	60
AACT_HUMAN	128	105	95
AADAT_HUMAN	22	115	49
AAGAB_HUMAN	35	79	57
AAK1_HUMAN	113	84	84
AAKB1_HUMAN	231	116	166
AAKB2_HUMAN	245	114	145
AAKG1_HUMAN	176	102	128
AAKG2_HUMAN	72	103	74
AAKG3_HUMAN	78	102	81
AAMP_HUMAN	77	101	53
AAPK1_HUMAN	406	95	282
AAPK2_HUMAN	245	103	168
AARD_HUMAN	15	94	49
AASD1_HUMAN	126	122	100
AASS_HUMAN	91	100	74
AAT1_HUMAN,MAAT1_HUMAN	11	104	45
AATC2_HUMAN	4	114	36
AATC_HUMAN	282	110	187
AATF_HUMAN	339	80	224
AATM_HUMAN	144	97	93
AB12B_HUMAN	4	103	44
AB1IP_HUMAN	20	106	53
ABC3A_HUMAN	11	117	48
ABC3B_HUMAN	76	112	78
ABC3C_HUMAN	189	112	131
ABC3D_HUMAN	147	89	125
ABC3F_HUMAN	66	100	66
ABC3G_HUMAN	15	86	43
ABC3H_HUMAN	2	117	42
ABCA1_HUMAN	51	108	60
ABCA2_HUMAN	117	93	93
ABCA3_HUMAN	72	95	73
ABCA4_HUMAN	5	101	35
ABCA5_HUMAN	12	112	46
ABCA6_HUMAN	9	92	34
ABCA7_HUMAN	20	88	47
ABCA8_HUMAN	11	104	46
ABCA9_HUMAN	10	110	48
ABCAA_HUMAN	8	95	43
ABCAB_HUMAN	1	122	35
ABCAC_HUMAN	14	99	36
ABCAD_HUMAN	15	104	38
ABCB5_HUMAN	20	115	52
ABCB6_HUMAN	94	93	80
ABCB7_HUMAN	147	94	88
ABCB8_HUMAN	64	105	60
ABCB9_HUMAN	34	112	59
ABCBA_HUMAN	95	102	89
ABCBB_HUMAN	8	119	53
ABCC8_HUMAN	11	80	40
ABCC9_HUMAN	5	122	41
ABCCB_HUMAN	5	88	50
ABCCD_HUMAN	1	110	38
ABCD1_HUMAN	86	99	78
ABCD2_HUMAN	5	109	34
ABCD3_HUMAN	279	108	181
ABCD4_HUMAN	59	97	68
ABCE1_HUMAN	411	107	307
ABCF1_HUMAN	222	104	157
ABCF2_HUMAN	211	108	138
ABCF3_HUMAN	149	109	113
ABCG1_HUMAN	13	116	56
ABCG2_HUMAN	50	109	72
ABCG4_HUMAN	9	108	43
ABCG5_HUMAN	5	110	47
ABCG8_HUMAN	15	105	56
ABD12_HUMAN	117	106	79
ABEC1_HUMAN	15	99	50
ABEC2_HUMAN	2	127	47
ABEC4_HUMAN	2	102	45
ABH15_HUMAN	33	87	38
ABHD1_HUMAN	1	112	35
ABHD2_HUMAN	5	109	41
ABHD3_HUMAN	23	116	40
ABHD4_HUMAN	15	95	39
ABHD5_HUMAN	36	108	40
ABHD6_HUMAN	24	102	42
ABHD8_HUMAN	10	100	41
ABHDA_HUMAN	108	106	89
ABHDB_HUMAN	90	115	71
ABHDD_HUMAN	4	92	48
ABHEA_HUMAN	65	99	69
ABHEB_HUMAN	32	95	46
ABHGA_HUMAN	104	103	97
ABHGB_HUMAN	2	97	36
ABI1_HUMAN	219	104	168
ABI2_HUMAN	293	118	207
ABI3_HUMAN	100	109	94
ABL1_HUMAN	366	95	274
ABL2_HUMAN	112	115	96
ABLM1_HUMAN	183	96	105
ABLM2_HUMAN	25	102	48
ABLM3_HUMAN	41	99	52
ABP1_HUMAN,AOC1_HUMAN	15	106	51
ABRAL_HUMAN	7	100	50
ABRA_HUMAN	37	103	47
ABR_HUMAN	40	103	56
ABT1_HUMAN	427	112	321
ABTB1_HUMAN	16	98	40
ABTB2_HUMAN	100	102	99
ACACA_HUMAN	330	103	188
ACACB_HUMAN	140	98	98
ACAD8_HUMAN	37	85	54
ACAD9_HUMAN	442	110	327
ACADL_HUMAN	18	113	41
ACADM_HUMAN	157	106	111
ACADS_HUMAN	29	115	38
ACADV_HUMAN	149	93	95
ACAP1_HUMAN	22	113	42
ACAP2_HUMAN	51	81	66
ACAP3_HUMAN	21	99	49
ACATN_HUMAN	219	92	155
ACBD4_HUMAN	13	110	40
ACBD5_HUMAN	213	95	152
ACBD6_HUMAN	22	110	45
ACBD7_HUMAN	14	108	47
ACBG1_HUMAN	6	108	45
ACBG2_HUMAN	8	112	45
ACBP_HUMAN	43	95	65
ACCN4_HUMAN	131	97	98
ACCN5_HUMAN	7	94	39
ACD10_HUMAN	104	105	78
ACD11_HUMAN	177	96	131
ACDSB_HUMAN	86	85	70
ACD_HUMAN	90	102	73
ACE2_HUMAN	1087	104	1387
ACER1_HUMAN	3	95	48
ACER2_HUMAN	2	86	46
ACER3_HUMAN	8	105	51
ACES_HUMAN	8	118	47
ACE_HUMAN	24	116	53
ACH10_HUMAN	8	112	45
ACHA3_HUMAN	53	99	68
ACHA4_HUMAN	178	100	110
ACHA5_HUMAN	56	112	59
ACHA6_HUMAN	1	102	45
ACHA7_HUMAN	30	114	46
ACHA9_HUMAN	73	108	62
ACHA_HUMAN	43	94	53
ACHB2_HUMAN	142	112	95
ACHB3_HUMAN	6	90	41
ACHB4_HUMAN	71	86	66
ACHB_HUMAN	78	87	75
ACHD_HUMAN	75	106	69
ACHE_HUMAN	35	105	68
ACHG_HUMAN	21	102	49
ACINU_HUMAN	323	99	219
ACK1_HUMAN	122	112	77
ACL6A_HUMAN	275	96	175
ACL6B_HUMAN	88	111	80
ACL7A_HUMAN	6	97	56
ACL7B_HUMAN	1	94	39
ACLY_HUMAN	357	107	237
ACM1_HUMAN	3	119	42
ACM2_HUMAN	12	113	37
ACM3_HUMAN	79	85	82
ACM4_HUMAN	162	87	113
ACM5_HUMAN	37	82	67
ACMSD_HUMAN	6	120	36
ACN9_HUMAN,SDHF3_HUMAN	49	102	57
ACO11_HUMAN	19	83	42
ACO12_HUMAN	14	101	53
ACO13_HUMAN	53	98	57
ACOC_HUMAN	48	126	57
ACOD_HUMAN	147	114	101
ACON_HUMAN	256	94	187
ACOT1_HUMAN	126	93	103
ACOT2_HUMAN	129	108	86
ACOT4_HUMAN	2	71	38
ACOT6_HUMAN	6	125	43
ACOT8_HUMAN	67	126	75
ACOT9_HUMAN	185	92	132
ACOX1_HUMAN	117	91	77
ACOX2_HUMAN	4	123	49
ACOX3_HUMAN	41	104	75
ACOXL_HUMAN	2	104	30
ACPH_HUMAN	91	101	72
ACPL2_HUMAN,PXYP1_HUMAN	31	102	58
ACPM_HUMAN	180	96	133
ACRBP_HUMAN	21	102	54
ACRC_HUMAN	6	104	43
ACRO_HUMAN	8	102	50
ACS2A_HUMAN	2	107	37
ACS2B_HUMAN	3	107	33
ACS2L_HUMAN	26	98	45
ACSA_HUMAN	14	96	49
ACSF2_HUMAN	100	104	82
ACSF3_HUMAN	66	93	61
ACSF4_HUMAN	12	107	54
ACSL1_HUMAN	104	101	93
ACSL3_HUMAN	272	119	155
ACSL4_HUMAN	177	112	117
ACSL5_HUMAN	36	106	50
ACSL6_HUMAN	11	119	44
ACSM1_HUMAN	8	95	41
ACSM3_HUMAN	15	101	55
ACSM4_HUMAN	1	125	45
ACSM5_HUMAN	54	117	63
ACSS3_HUMAN	10	97	51
ACTA_HUMAN	357	87	228
ACTBL_HUMAN	334	84	227
ACTBM_HUMAN	66	101	67
ACTB_HUMAN	1021	95	1352
ACTC_HUMAN	689	75	629
ACTG_HUMAN	511	108	401
ACTHR_HUMAN	4	117	44
ACTH_HUMAN	60	121	65
ACTL8_HUMAN	18	97	44
ACTL9_HUMAN	3	115	41
ACTN1_HUMAN	342	91	252
ACTN2_HUMAN	164	96	109
ACTN3_HUMAN	106	103	88
ACTN4_HUMAN	414	92	305
ACTS_HUMAN	290	101	174
ACTT1_HUMAN	19	113	63
ACTT2_HUMAN	10	111	46
ACTT3_HUMAN	1	121	48
ACTY_HUMAN	114	98	84
ACTZ_HUMAN	284	104	193
ACV1B_HUMAN	107	90	92
ACV1C_HUMAN	12	106	44
ACVL1_HUMAN	37	104	61
ACVR1_HUMAN	96	100	69
ACY1_HUMAN	59	108	46
ACY2_HUMAN	7	121	39
ACY3_HUMAN	26	123	42
ACYP1_HUMAN	6	86	51
ACYP2_HUMAN	12	109	52
ADA10_HUMAN	172	108	111
ADA11_HUMAN	29	114	58
ADA12_HUMAN	58	84	58
ADA15_HUMAN	87	126	78
ADA17_HUMAN	72	123	62
ADA18_HUMAN	15	105	50
ADA19_HUMAN	48	103	59
ADA1A_HUMAN	36	96	66
ADA1B_HUMAN	14	90	57
ADA1D_HUMAN	32	150	52
ADA20_HUMAN	1	102	33
ADA21_HUMAN	64	104	82
ADA22_HUMAN	33	117	56
ADA23_HUMAN	13	110	33
ADA28_HUMAN	5	115	38
ADA29_HUMAN	2	137	54
ADA2A_HUMAN	8	120	40
ADA2B_HUMAN	6	98	53
ADA2C_HUMAN	18	109	40
ADA30_HUMAN	60	117	75
ADA32_HUMAN	29	87	54
ADA33_HUMAN	79	99	66
ADAD2_HUMAN	7	100	40
ADAL_HUMAN	6	105	40
ADAM2_HUMAN	11	85	52
ADAM5_HUMAN	3	94	58
ADAM7_HUMAN	35	101	58
ADAM8_HUMAN	16	108	49
ADAM9_HUMAN	128	97	80
ADAP1_HUMAN	26	101	40
ADAP2_HUMAN	9	97	53
ADAS_HUMAN	204	108	138
ADAT1_HUMAN	10	90	35
ADAT2_HUMAN	9	87	36
ADAT3_HUMAN	24	89	47
ADA_HUMAN	36	117	52
ADCK1_HUMAN	90	110	85
ADCK2_HUMAN	98	107	77
ADCK3_HUMAN	256	107	173
ADCK4_HUMAN	141	94	85
ADCK5_HUMAN	54	112	66
ADCY1_HUMAN	5	106	43
ADCY2_HUMAN	12	92	45
ADCY3_HUMAN	82	104	79
ADCY4_HUMAN	7	98	40
ADCY5_HUMAN	9	95	52
ADCY6_HUMAN	61	103	54
ADCY7_HUMAN	27	98	67
ADCY8_HUMAN	17	84	50
ADCY9_HUMAN	169	120	128
ADCYA_HUMAN	5	119	49
ADC_HUMAN,AZIN2_HUMAN	14	92	46
ADDA_HUMAN	174	97	109
ADDB_HUMAN	83	100	77
ADDG_HUMAN	152	116	101
ADEC1_HUMAN	1	124	36
ADGB_HUMAN	13	96	37
ADH1A_HUMAN	5	106	38
ADH1B_HUMAN	13	121	46
ADH1G_HUMAN	18	100	48
ADH4_HUMAN	5	96	33
ADH6_HUMAN	11	93	58
ADH7_HUMAN	11	123	39
ADHX_HUMAN	56	121	57
ADIPO_HUMAN	133	83	112
ADIP_HUMAN	296	90	238
ADK_HUMAN	50	112	58
ADM2_HUMAN	1	103	43
ADM5_HUMAN	1	102	34
ADML_HUMAN	5	97	36
ADNP2_HUMAN	59	105	73
ADNP_HUMAN	217	103	140
ADO_HUMAN,AOXA_HUMAN	15	107	42
ADPGK_HUMAN	110	105	102
ADPPT_HUMAN	97	89	83
ADPRH_HUMAN	10	124	43
ADR1_HUMAN	53	114	85
ADR2_HUMAN	120	97	104
ADRB1_HUMAN	15	87	42
ADRB2_HUMAN	325	96	211
ADRB3_HUMAN	3	104	32
ADRM1_HUMAN	268	104	171
ADRO_HUMAN	78	106	72
ADSV_HUMAN	59	99	57
ADT1_HUMAN	245	100	183
ADT2_HUMAN	542	102	446
ADT3_HUMAN	534	106	387
ADT4_HUMAN	59	119	74
ADTRP_HUMAN	5	116	37
ADXL_HUMAN	35	102	52
ADX_HUMAN	43	92	63
AEBP1_HUMAN	6	99	34
AEBP2_HUMAN	44	91	50
AEDO_HUMAN	20	108	50
AEGP_HUMAN	17	102	43
AEN_HUMAN	47	106	59
AER61_HUMAN	60	103	59
AES_HUMAN	441	118	318
AF10_HUMAN	56	103	73
AF17_HUMAN	98	110	92
AF1L1_HUMAN	21	119	52
AF1L2_HUMAN	19	101	44
AF1Q_HUMAN	54	114	53
AF9_HUMAN	90	86	93
AFAD_HUMAN	331	115	227
AFAM_HUMAN	25	122	45
AFAP1_HUMAN	67	92	59
AFF1_HUMAN	62	99	52
AFF2_HUMAN	12	90	52
AFF3_HUMAN	14	122	50
AFF4_HUMAN	130	101	103
AFG32_HUMAN	368	99	247
AFMID_HUMAN,KFA_HUMAN	13	116	43
AFTIN_HUMAN	56	96	51
AG10A_HUMAN	54	90	63
AG10B_HUMAN	15	119	43
AG2_HUMAN	1	119	33
AGA10_HUMAN	1	107	40
AGA11_HUMAN	4	89	28
AGAL_HUMAN	92	95	70
AGAP1_HUMAN	119	107	91
AGAP2_HUMAN	24	108	40
AGAP3_HUMAN	85	85	71
AGAP4_HUMAN	5	95	39
AGAP5_HUMAN	3	110	44
AGAP6_HUMAN	1	93	34
AGAP7_HUMAN	3	98	45
AGAP9_HUMAN	1	112	41
AGFG1_HUMAN	116	102	96
AGFG2_HUMAN	18	112	53
AGGF1_HUMAN	61	110	56
AGK_HUMAN	156	98	102
AGM1_HUMAN	85	92	71
AGO1_HUMAN	302	110	198
AGO2_HUMAN	519	109	429
AGO3_HUMAN	155	104	114
AGO4_HUMAN	130	95	96
AGO61_HUMAN	86	104	73
AGPD1_HUMAN,HYKK_HUMAN	8	100	39
AGR2_HUMAN	955	104	1186
AGR3_HUMAN	39	105	68
AGRIN_HUMAN	279	111	210
AGRP_HUMAN	12	102	42
AGT2_HUMAN	4	90	42
AGTR1_HUMAN	99	110	82
AGTR2_HUMAN	9	131	48
AHDC1_HUMAN	78	108	71
AHI1_HUMAN	60	87	76
AHNK2_HUMAN	152	109	105
AHNK_HUMAN	345	91	236
AHRR_HUMAN	6	92	55
AHR_HUMAN	126	99	91
AHSA1_HUMAN	301	102	171
AHSA2_HUMAN	5	115	44
AHSP_HUMAN	23	86	36
AICDA_HUMAN	70	102	67
AIDA_HUMAN	30	104	54
AIF1L_HUMAN	53	108	59
AIF1_HUMAN	12	116	46
AIFM1_HUMAN	676	101	581
AIFM2_HUMAN	36	96	54
AIFM3_HUMAN	10	111	50
AIG1_HUMAN	67	110	66
AIM1L_HUMAN	29	93	72
AIM1_HUMAN	82	108	79
AIM2_HUMAN	114	95	95
AIMP1_HUMAN	228	97	133
AIMP2_HUMAN	418	110	259
AINX_HUMAN	154	123	115
AIPL1_HUMAN	33	101	70
AIP_HUMAN	180	107	106
AIRE_HUMAN	105	97	86
AJAP1_HUMAN	4	105	52
AJUBA_HUMAN	96	103	81
AK17A_HUMAN	129	105	79
AK1A1_HUMAN	69	114	71
AK1BA_HUMAN	47	94	40
AK1BF_HUMAN	15	96	38
AK1C1_HUMAN	29	109	49
AK1C2_HUMAN	64	108	70
AK1C3_HUMAN	41	115	46
AK1C4_HUMAN	11	97	48
AK1D1_HUMAN	9	121	41
AKA10_HUMAN	121	89	98
AKA11_HUMAN	110	100	102
AKA12_HUMAN	172	90	131
AKA28_HUMAN	18	104	58
AKA7A_HUMAN	47	115	57
AKA7G_HUMAN	21	116	53
AKAP1_HUMAN	505	107	398
AKAP2_HUMAN	111	86	84
AKAP3_HUMAN	11	117	48
AKAP4_HUMAN	14	108	36
AKAP5_HUMAN	73	109	84
AKAP6_HUMAN	23	108	35
AKAP8_HUMAN	206	102	149
AKAP9_HUMAN	229	101	149
AKCL1_HUMAN	1	106	40
AKCL2_HUMAN	1	116	38
AKD1A_HUMAN	6	108	41
AKD1_HUMAN	23	106	58
AKIB1_HUMAN	11	124	35
AKIP1_HUMAN	24	96	40
AKIP_HUMAN	288	108	213
AKIR1_HUMAN	21	103	47
AKIR2_HUMAN	75	91	85
AKNA_HUMAN	10	108	48
AKND1_HUMAN	8	102	38
AKP13_HUMAN	95	111	70
AKP8L_HUMAN	306	90	183
AKT1_HUMAN	829	108	895
AKT2_HUMAN	173	93	122
AKT3_HUMAN	88	89	67
AKTIP_HUMAN	107	103	83
AKTS1_HUMAN	37	124	36
AL1A1_HUMAN	58	124	73
AL1A2_HUMAN	39	110	44
AL1A3_HUMAN	61	91	57
AL1B1_HUMAN	204	111	137
AL1L1_HUMAN	88	100	80
AL1L2_HUMAN	57	72	65
AL2CL_HUMAN	10	97	44
AL2S8_HUMAN,CARTF_HUMAN	5	100	33
AL2SA_HUMAN	78	120	77
AL2SB_HUMAN	35	106	58
AL3A1_HUMAN	80	100	70
AL3A2_HUMAN	348	101	210
AL3B1_HUMAN	132	103	101
AL3B2_HUMAN	26	109	46
AL4A1_HUMAN	119	108	106
AL5AP_HUMAN	10	98	47
AL7A1_HUMAN	129	96	111
AL8A1_HUMAN	13	93	45
AL9A1_HUMAN	87	112	76
ALAT1_HUMAN	17	111	37
ALAT2_HUMAN	38	116	60
ALBU_HUMAN	404	109	291
ALDH2_HUMAN	152	116	93
ALDOA_HUMAN	341	106	251
ALDOB_HUMAN	37	125	59
ALDOC_HUMAN	133	119	91
ALDR_HUMAN	92	103	84
ALEX_HUMAN	239	97	141
ALG11_HUMAN	69	106	74
ALG12_HUMAN	27	108	60
ALG13_HUMAN	178	98	128
ALG14_HUMAN	11	114	48
ALG1L_HUMAN	5	106	34
ALG1_HUMAN	61	96	63
ALG2_HUMAN	56	100	60
ALG3_HUMAN	73	87	78
ALG5_HUMAN	73	99	71
ALG6_HUMAN	34	95	58
ALG8_HUMAN	57	125	57
ALG9_HUMAN	77	94	68
ALKB1_HUMAN	4	98	46
ALKB2_HUMAN	18	97	44
ALKB3_HUMAN	53	99	54
ALKB4_HUMAN	33	108	59
ALKB5_HUMAN	52	91	67
ALKB6_HUMAN	2	95	41
ALKB7_HUMAN	11	116	40
ALKB8_HUMAN	15	106	45
ALKMO_HUMAN	2	106	37
ALK_HUMAN	611	92	571
ALLC_HUMAN	2	107	41
ALMS1_HUMAN	168	99	111
ALPK1_HUMAN	8	116	34
ALPK2_HUMAN	27	114	39
ALPK3_HUMAN	10	98	58
ALR_HUMAN	75	102	67
ALS2_HUMAN	27	77	33
ALS_HUMAN	11	104	52
ALX1_HUMAN	29	87	40
ALX3_HUMAN	19	99	37
ALX4_HUMAN	19	103	41
AMAC1_HUMAN	100	121	84
AMACR_HUMAN	67	114	66
AMBN_HUMAN	6	87	48
AMBP_HUMAN	23	96	55
AMCL2_HUMAN	4	103	41
AMCL3_HUMAN	1	91	34
AMD_HUMAN	50	101	58
AMELX_HUMAN	1	98	37
AMELY_HUMAN	1	89	46
AMER1_HUMAN	69	123	70
AMER2_HUMAN	8	94	45
AMER3_HUMAN	4	129	37
AMERL_HUMAN	18	121	38
AMFR1_HUMAN,AMFR_HUMAN	264	111	172
AMFR2_HUMAN	104	100	89
AMGO1_HUMAN	98	97	68
AMGO2_HUMAN	38	115	55
AMGO3_HUMAN	20	97	56
AMHR2_HUMAN	43	107	50
AMMR1_HUMAN	26	93	70
AMN1_HUMAN	4	126	37
AMNLS_HUMAN	2	113	50
AMOL1_HUMAN	96	104	81
AMOL2_HUMAN	151	84	113
AMOT_HUMAN	321	100	204
AMP1D_HUMAN,MAP12_HUMAN	15	104	49
AMPB_HUMAN	76	100	74
AMPD1_HUMAN	17	111	56
AMPD2_HUMAN	114	114	87
AMPD3_HUMAN	16	116	39
AMPE_HUMAN	18	102	34
AMPH_HUMAN	61	104	67
AMPL_HUMAN	123	103	108
AMPM1_HUMAN,MAP11_HUMAN	57	96	65
AMPM2_HUMAN,MAP2_HUMAN	262	98	194
AMPN_HUMAN	177	95	151
AMPO_HUMAN	20	105	45
AMPQ_HUMAN	2	99	42
AMRA1_HUMAN	279	92	176
AMRP_HUMAN	191	115	122
AMTN_HUMAN	26	99	51
AMY1_HUMAN	117	125	119
AMY2B_HUMAN	9	96	51
AMYP_HUMAN	20	110	51
AMZ1_HUMAN	42	118	52
AMZ2_HUMAN	24	99	61
AN13A_HUMAN	163	112	124
AN13B_HUMAN	10	102	36
AN13C_HUMAN	20	112	32
AN13D_HUMAN	67	89	55
AN18A_HUMAN	12	104	53
AN18B_HUMAN	7	110	39
AN20B_HUMAN	1	109	42
AN30A_HUMAN	10	99	49
AN30B_HUMAN	9	101	46
AN32A_HUMAN	135	108	90
AN32B_HUMAN	161	93	117
AN32C_HUMAN	6	103	39
AN32E_HUMAN	133	104	101
AN33B_HUMAN	7	104	45
AN34A_HUMAN	53	99	60
AN34B_HUMAN	3	118	44
AN34C_HUMAN	36	113	50
AN36A_HUMAN	9	114	52
AN36B_HUMAN	66	82	66
ANAG_HUMAN	81	106	72
ANC2_HUMAN	233	104	147
ANDR_HUMAN	964	109	1202
ANFB_HUMAN	147	117	112
ANFC_HUMAN	8	105	43
ANFY1_HUMAN	224	103	146
ANF_HUMAN	57	101	56
ANGE1_HUMAN	58	95	59
ANGE2_HUMAN	75	112	83
ANGI_HUMAN	127	104	96
ANGL2_HUMAN	16	104	48
ANGL3_HUMAN	8	105	49
ANGL4_HUMAN	36	96	57
ANGL5_HUMAN	2	123	31
ANGL6_HUMAN	4	107	41
ANGL7_HUMAN	36	96	54
ANGP1_HUMAN	14	94	53
ANGP2_HUMAN	15	112	50
ANGP4_HUMAN	32	92	47
ANGT_HUMAN	27	108	44
ANHX_HUMAN	1	107	42
ANK1_HUMAN	50	93	76
ANK2_HUMAN	266	104	171
ANK36_HUMAN	29	96	46
ANK3_HUMAN	197	84	131
ANKAR_HUMAN	7	111	36
ANKH1_HUMAN	300	94	205
ANKH_HUMAN	127	81	95
ANKK1_HUMAN	31	84	49
ANKL1_HUMAN	2	109	33
ANKL2_HUMAN	220	100	151
ANKR1_HUMAN	29	105	54
ANKR2_HUMAN	13	97	50
ANKR5_HUMAN,ANKE1_HUMAN	20	114	49
ANKR6_HUMAN	10	105	45
ANKR7_HUMAN	3	98	51
ANKR9_HUMAN	26	108	50
ANKS3_HUMAN	37	98	49
ANKS6_HUMAN	53	118	63
ANKY1_HUMAN	2	94	43
ANKY2_HUMAN	65	113	51
ANKZ1_HUMAN	44	94	63
ANLN_HUMAN	1768	68	2356
ANM10_HUMAN,ANM9_HUMAN	31	97	51
ANM1_HUMAN	879	84	996
ANM2_HUMAN	87	114	86
ANM3_HUMAN	206	111	129
ANM5_HUMAN	468	87	353
ANM6_HUMAN	143	111	115
ANM7_HUMAN	45	90	60
ANM8_HUMAN	83	112	82
ANO10_HUMAN	48	93	52
ANO1_HUMAN	10	102	43
ANO2_HUMAN	2	108	49
ANO3_HUMAN	10	98	38
ANO4_HUMAN	29	102	41
ANO5_HUMAN	11	109	57
ANO6_HUMAN	147	107	122
ANO7_HUMAN	69	110	84
ANO8_HUMAN	15	92	39
ANO9_HUMAN	6	106	48
ANPRA_HUMAN	13	99	45
ANPRB_HUMAN	28	96	39
ANPRC_HUMAN	11	105	35
ANR10_HUMAN	27	103	52
ANR11_HUMAN	199	124	151
ANR12_HUMAN	42	108	49
ANR16_HUMAN	4	111	44
ANR17_HUMAN	234	107	156
ANR19_HUMAN	1	108	29
ANR22_HUMAN	124	107	100
ANR23_HUMAN	22	101	53
ANR24_HUMAN	12	110	62
ANR26_HUMAN	143	100	104
ANR27_HUMAN	54	115	50
ANR28_HUMAN	244	98	155
ANR29_HUMAN	20	88	50
ANR31_HUMAN	6	84	45
ANR32_HUMAN,SLF1_HUMAN	24	118	49
ANR33_HUMAN	15	100	50
ANR35_HUMAN	27	126	56
ANR37_HUMAN	3	121	37
ANR39_HUMAN	68	87	70
ANR40_HUMAN	87	107	81
ANR42_HUMAN	6	95	38
ANR43_HUMAN	27	96	54
ANR44_HUMAN	55	136	59
ANR45_HUMAN	4	85	33
ANR46_HUMAN	132	105	98
ANR49_HUMAN	53	105	42
ANR50_HUMAN	107	105	107
ANR52_HUMAN	89	105	74
ANR53_HUMAN	4	100	41
ANR54_HUMAN	30	116	47
ANR55_HUMAN	229	101	179
ANR56_HUMAN	10	94	47
ANR62_HUMAN	3	91	44
ANR63_HUMAN	1	108	34
ANR65_HUMAN	3	114	44
ANRA2_HUMAN	35	108	59
ANS1A_HUMAN	165	102	130
ANS1B_HUMAN	28	101	49
ANS4B_HUMAN	8	106	33
ANT3_HUMAN	61	94	69
ANTR1_HUMAN	148	102	100
ANTR2_HUMAN	22	97	49
ANX10_HUMAN	9	106	35
ANX11_HUMAN	113	116	92
ANX13_HUMAN	19	94	58
ANXA1_HUMAN	291	99	186
ANXA2_HUMAN	447	81	333
ANXA3_HUMAN	50	86	60
ANXA4_HUMAN	54	113	62
ANXA5_HUMAN	222	87	133
ANXA6_HUMAN	119	104	97
ANXA7_HUMAN	181	103	126
ANXA8_HUMAN	51	132	65
ANXA9_HUMAN	37	106	45
AOAH_HUMAN	3	109	51
AOC2_HUMAN	12	115	47
AOC3_HUMAN	26	109	54
AOFA_HUMAN	32	104	54
AOFB_HUMAN	42	94	52
AP180_HUMAN	62	109	71
AP1AR_HUMAN	36	112	47
AP1B1_HUMAN	241	117	166
AP1G1_HUMAN	155	125	95
AP1G2_HUMAN	77	94	83
AP1M1_HUMAN	240	85	144
AP1M2_HUMAN	71	91	77
AP1S1_HUMAN	69	98	74
AP1S2_HUMAN	59	96	57
AP1S3_HUMAN	19	101	53
AP2A1_HUMAN	313	104	218
AP2A2_HUMAN	213	99	129
AP2A_HUMAN	161	110	100
AP2B1_HUMAN	415	85	319
AP2B_HUMAN	24	92	35
AP2C_HUMAN	102	90	84
AP2D_HUMAN	77	91	79
AP2E_HUMAN	1	109	42
AP2M1_HUMAN	459	100	304
AP2S1_HUMAN	170	120	122
AP3B1_HUMAN	209	94	124
AP3B2_HUMAN	38	102	47
AP3D1_HUMAN	186	90	113
AP3M1_HUMAN	159	110	102
AP3M2_HUMAN	31	103	41
AP3S1_HUMAN	139	106	90
AP3S2_HUMAN	35	103	47
AP4AT_HUMAN	166	112	131
AP4A_HUMAN	13	120	58
AP4B1_HUMAN	28	116	54
AP4E1_HUMAN	52	103	62
AP4M1_HUMAN	58	122	51
AP4S1_HUMAN	30	101	67
AP5B1_HUMAN	45	117	55
AP5M1_HUMAN	14	107	31
AP5S1_HUMAN	19	116	49
AP5Z1_HUMAN	40	98	66
APAF_HUMAN	88	98	82
APBA1_HUMAN	101	121	93
APBA2_HUMAN	55	124	54
APBA3_HUMAN	68	84	56
APBB1_HUMAN	191	97	131
APBB2_HUMAN	88	116	64
APBB3_HUMAN	27	107	55
APBP2_HUMAN	193	105	160
APC10_HUMAN	71	114	65
APC11_HUMAN	86	89	70
APC13_HUMAN	24	102	42
APC15_HUMAN	118	102	86
APC16_HUMAN	66	112	73
APC1_HUMAN	158	115	107
APC2_HUMAN	33	74	48
APC4_HUMAN	126	105	112
APC5_HUMAN	145	109	101
APC7_HUMAN	170	107	126
APCD1_HUMAN	7	95	41
APCDL_HUMAN	3	112	35
APC_HUMAN	351	100	238
APEL_HUMAN	7	115	37
APEX1_HUMAN	1263	98	1440
APEX2_HUMAN	32	104	43
APH1A_HUMAN	65	85	63
APH1B_HUMAN	13	100	58
API5_HUMAN	195	102	118
APJ_HUMAN	231	107	170
APLD1_HUMAN	6	103	45
APLF_HUMAN	46	98	65
APLP1_HUMAN	60	100	71
APLP2_HUMAN	124	102	100
APM2_HUMAN,ADIRF_HUMAN	11	90	50
APMAP_HUMAN	93	121	87
APOA1_HUMAN	184	115	136
APOA2_HUMAN	99	108	84
APOA4_HUMAN	20	106	43
APOA5_HUMAN	20	118	61
APOA_HUMAN	7	125	44
APOB_HUMAN	164	96	127
APOC1_HUMAN	38	112	52
APOC2_HUMAN	38	103	44
APOC3_HUMAN	43	99	64
APOC4_HUMAN	26	97	39
APOD_HUMAN	191	101	165
APOE_HUMAN	179	113	117
APOF_HUMAN	4	102	47
APOH_HUMAN	34	112	52
APOL1_HUMAN	9	90	42
APOL2_HUMAN	120	97	116
APOL3_HUMAN	34	103	54
APOL4_HUMAN	3	104	40
APOL5_HUMAN	10	88	46
APOL6_HUMAN	16	106	51
APOM_HUMAN	51	121	51
APOOL_HUMAN,MIC27_HUMAN	99	110	100
APOO_HUMAN,MIC26_HUMAN	145	118	96
APOP1_HUMAN	5	105	44
APR3_HUMAN,ARAID_HUMAN	19	117	51
APRG1_HUMAN	1	95	42
APRV1_HUMAN	29	119	53
APR_HUMAN	177	103	125
APTX_HUMAN	81	111	77
APT_HUMAN	111	102	63
AQ12B_HUMAN	38	96	43
AQP10_HUMAN	23	93	50
AQP11_HUMAN	1	105	41
AQP1_HUMAN	151	100	97
AQP2_HUMAN	67	114	63
AQP3_HUMAN	241	88	178
AQP4_HUMAN	8	94	54
AQP5_HUMAN	11	98	48
AQP6_HUMAN	328	92	226
AQP73_HUMAN	2	117	42
AQP7_HUMAN	6	97	53
AQP8_HUMAN	7	112	48
AQP9_HUMAN	42	105	64
AQR_HUMAN	159	115	112
AR13A_HUMAN	3	106	46
AR13B_HUMAN	330	119	245
AR2BP_HUMAN	38	93	44
AR6P1_HUMAN	136	94	98
AR6P4_HUMAN	117	98	108
AR6P6_HUMAN	86	106	77
AR7EP_HUMAN	34	122	84
ARAF_HUMAN	381	110	259
ARAP1_HUMAN	48	101	50
ARAP2_HUMAN	37	124	49
ARAP3_HUMAN	78	97	70
ARBK1_HUMAN	215	90	148
ARBK2_HUMAN	15	106	53
ARC1A_HUMAN	137	90	100
ARC1B_HUMAN	222	118	136
ARCH_HUMAN	15	92	49
ARC_HUMAN	24	97	56
AREG_HUMAN	16	104	55
ARF1_HUMAN	255	116	171
ARF3_HUMAN	133	114	80
ARF4_HUMAN	292	105	176
ARF5_HUMAN	230	120	145
ARF6_HUMAN	654	104	645
ARFG1_HUMAN	133	100	107
ARFG2_HUMAN	133	98	99
ARFG3_HUMAN	104	106	89
ARFP1_HUMAN	144	87	103
ARFP2_HUMAN	100	109	84
ARFRP_HUMAN	32	108	39
ARG35_HUMAN	19	106	51
ARGAL_HUMAN	67	105	62
ARGFX_HUMAN	8	87	45
ARGI1_HUMAN	147	87	116
ARGI2_HUMAN	19	126	53
ARGL1_HUMAN	187	102	110
ARH37_HUMAN	6	97	39
ARH38_HUMAN	6	94	51
ARH40_HUMAN	72	125	68
ARHG1_HUMAN	140	98	94
ARHG2_HUMAN	231	104	133
ARHG3_HUMAN	22	94	49
ARHG4_HUMAN	65	111	66
ARHG5_HUMAN	77	114	67
ARHG6_HUMAN	97	86	86
ARHG7_HUMAN	130	100	83
ARHG8_HUMAN	36	113	50
ARHG9_HUMAN	28	90	60
ARHGA_HUMAN	93	93	67
ARHGB_HUMAN	83	81	71
ARHGC_HUMAN	94	93	67
ARHGF_HUMAN	48	108	66
ARHGG_HUMAN	95	119	75
ARHGH_HUMAN	59	97	67
ARHGI_HUMAN	35	105	45
ARHGJ_HUMAN	57	95	57
ARHGP_HUMAN	26	96	49
ARHGQ_HUMAN	49	109	58
ARHL1_HUMAN	1	112	52
ARHL2_HUMAN	46	111	67
ARH_HUMAN	31	119	69
ARI1A_HUMAN	229	91	159
ARI1B_HUMAN	219	114	147
ARI1_HUMAN	250	103	178
ARI2_HUMAN	290	116	194
ARI3A_HUMAN	123	84	97
ARI3B_HUMAN	115	107	82
ARI3C_HUMAN	9	93	41
ARI4A_HUMAN	64	82	68
ARI4B_HUMAN	197	103	145
ARI5A_HUMAN	132	102	128
ARI5B_HUMAN	74	115	77
ARID2_HUMAN	154	120	112
ARIP4_HUMAN	96	114	79
ARK72_HUMAN	77	111	66
ARK73_HUMAN	36	97	50
ARK74_HUMAN	73	96	70
ARL10_HUMAN	197	103	122
ARL11_HUMAN	40	114	61
ARL14_HUMAN	117	104	91
ARL15_HUMAN	116	117	92
ARL16_HUMAN	83	106	75
ARL17_HUMAN	16	101	55
ARL1_HUMAN	211	117	136
ARL2_HUMAN	98	103	87
ARL3_HUMAN	81	117	60
ARL4A_HUMAN	16	111	59
ARL4C_HUMAN	147	102	100
ARL4D_HUMAN	138	99	100
ARL5A_HUMAN	76	98	69
ARL5B_HUMAN	56	101	47
ARL6_HUMAN	36	112	50
ARL8A_HUMAN	108	98	89
ARL8B_HUMAN	216	91	145
ARL9_HUMAN	1	98	27
ARLY_HUMAN	25	82	45
ARM10_HUMAN	45	118	58
ARM12_HUMAN	13	108	55
ARMC1_HUMAN	64	82	71
ARMC2_HUMAN	7	103	40
ARMC3_HUMAN	5	81	48
ARMC4_HUMAN	23	105	49
ARMC5_HUMAN	201	124	152
ARMC6_HUMAN	282	129	211
ARMC7_HUMAN	79	109	82
ARMC8_HUMAN	241	100	170
ARMC9_HUMAN	138	112	112
ARMS2_HUMAN	16	117	30
ARMX1_HUMAN	21	104	65
ARMX2_HUMAN	43	84	55
ARMX3_HUMAN	148	106	115
ARMX4_HUMAN	14	102	42
ARMX5_HUMAN	32	95	47
ARMX6_HUMAN	6	107	39
ARNT2_HUMAN	82	106	71
ARNT_HUMAN	224	119	161
AROS_HUMAN	96	105	75
ARP10_HUMAN	91	105	81
ARP11_HUMAN	9	102	56
ARP19_HUMAN	19	107	58
ARP21_HUMAN	2	100	40
ARP2_HUMAN	333	96	237
ARP3B_HUMAN	68	98	73
ARP3C_HUMAN	6	88	44
ARP3_HUMAN	312	107	199
ARP5L_HUMAN	94	113	73
ARP5_HUMAN	73	120	76
ARP6_HUMAN	62	118	69
ARP8_HUMAN	54	100	55
ARPC2_HUMAN	198	112	135
ARPC3_HUMAN	193	92	117
ARPC4_HUMAN	180	106	135
ARPC5_HUMAN	120	98	91
ARPM1_HUMAN	1	110	50
ARRB1_HUMAN	322	104	218
ARRB2_HUMAN	458	93	359
ARRC_HUMAN	32	100	62
ARRD1_HUMAN	67	104	50
ARRD2_HUMAN	52	91	67
ARRD3_HUMAN	235	101	141
ARRD4_HUMAN	86	112	81
ARRD5_HUMAN	42	100	51
ARRS_HUMAN	6	99	38
ARSA_HUMAN	80	114	71
ARSB_HUMAN	55	107	43
ARSD_HUMAN	2	103	45
ARSE_HUMAN	27	107	49
ARSF_HUMAN	33	109	53
ARSG_HUMAN	37	114	46
ARSH_HUMAN	3	88	42
ARSI_HUMAN	5	115	47
ARSJ_HUMAN	6	107	26
ARSK_HUMAN	95	95	84
ARTN_HUMAN	1	119	35
ARV1_HUMAN	61	108	59
ARVC_HUMAN	53	106	54
ARX_HUMAN	28	93	34
ARY1_HUMAN	7	107	43
ARY2_HUMAN	22	81	55
AS3MT_HUMAN	4	103	51
ASA2B_HUMAN	2	120	41
ASAH1_HUMAN	91	97	72
ASAH2_HUMAN	6	105	38
ASAP1_HUMAN	92	111	65
ASAP2_HUMAN	53	88	70
ASAP3_HUMAN	27	112	51
ASB10_HUMAN	31	127	53
ASB11_HUMAN	240	116	182
ASB12_HUMAN	35	103	46
ASB13_HUMAN	33	117	66
ASB14_HUMAN	50	90	54
ASB15_HUMAN	32	109	60
ASB16_HUMAN	25	96	57
ASB17_HUMAN	23	112	52
ASB18_HUMAN	26	96	43
ASB1_HUMAN	31	110	67
ASB2_HUMAN	41	99	62
ASB3_HUMAN	85	114	66
ASB4_HUMAN	42	92	56
ASB5_HUMAN	22	101	52
ASB6_HUMAN	99	101	76
ASB7_HUMAN	59	97	74
ASB8_HUMAN	32	98	58
ASB9_HUMAN	62	104	49
ASCC1_HUMAN	75	96	71
ASCC2_HUMAN	124	101	85
ASCC3_HUMAN	186	105	118
ASCL1_HUMAN	46	97	46
ASCL2_HUMAN	10	109	37
ASCL3_HUMAN	10	104	47
ASCL4_HUMAN	17	100	54
ASCL5_HUMAN	2	85	36
ASC_HUMAN	89	109	92
ASF1A_HUMAN	206	102	153
ASF1B_HUMAN	109	87	88
ASGL1_HUMAN	22	104	46
ASGR1_HUMAN	57	123	68
ASGR2_HUMAN	98	95	79
ASH1L_HUMAN	62	94	53
ASH2L_HUMAN	258	114	153
ASHWN_HUMAN	37	106	56
ASIC1_HUMAN	66	109	57
ASIC2_HUMAN	16	103	51
ASIC3_HUMAN	7	102	43
ASIC4_HUMAN	143	97	101
ASIC5_HUMAN	6	123	45
ASIP_HUMAN	9	106	35
ASM3A_HUMAN	4	102	36
ASM3B_HUMAN	50	94	48
ASML_HUMAN	50	80	72
ASM_HUMAN	34	116	47
ASNA_HUMAN	115	122	93
ASND1_HUMAN	30	117	53
ASNS_HUMAN	186	111	131
ASPC1_HUMAN	87	87	75
ASPD_HUMAN	14	92	57
ASPG_HUMAN	37	111	58
ASPH1_HUMAN	3	94	40
ASPH2_HUMAN	49	98	55
ASPH_HUMAN	366	98	239
ASPM_HUMAN	164	96	129
ASPN_HUMAN	4	112	44
ASPP1_HUMAN	169	99	130
ASPP2_HUMAN	232	108	166
ASPX_HUMAN	3	104	40
ASSY_HUMAN	201	104	130
ASTE1_HUMAN	15	117	41
ASTER_HUMAN	8	109	32
ASTL_HUMAN	8	98	50
ASTN1_HUMAN	9	116	39
ASTN2_HUMAN	9	115	48
ASUN_HUMAN	79	106	64
ASXL1_HUMAN	302	110	201
ASXL2_HUMAN	282	106	179
ASXL3_HUMAN	163	117	110
ASZ1_HUMAN	12	112	54
AT10A_HUMAN	6	92	51
AT10B_HUMAN	5	106	42
AT10D_HUMAN	8	97	46
AT11A_HUMAN	43	120	50
AT11B_HUMAN	27	117	54
AT11C_HUMAN	117	106	79
AT12A_HUMAN	182	97	122
AT131_HUMAN	220	101	128
AT132_HUMAN	122	97	117
AT133_HUMAN	178	126	129
AT134_HUMAN	1	102	52
AT135_HUMAN	1	104	44
AT1A1_HUMAN	666	106	587
AT1A2_HUMAN	70	98	59
AT1A3_HUMAN	317	91	226
AT1A4_HUMAN	29	97	49
AT1B1_HUMAN	183	114	110
AT1B2_HUMAN	23	110	55
AT1B3_HUMAN	267	109	197
AT1B4_HUMAN	61	96	77
AT2A1_HUMAN	428	95	322
AT2A2_HUMAN	374	90	257
AT2A3_HUMAN	241	113	181
AT2B1_HUMAN	266	94	169
AT2B2_HUMAN	192	110	121
AT2B3_HUMAN	93	110	76
AT2B4_HUMAN	201	107	151
AT2C1_HUMAN	137	101	80
AT2C2_HUMAN	2	108	37
AT2L1_HUMAN	6	125	39
AT2L2_HUMAN	18	102	41
AT5EL_HUMAN	23	107	44
AT5F1_HUMAN	405	106	277
AT5G1_HUMAN	38	100	50
AT5G2_HUMAN	8	131	51
AT5G3_HUMAN	25	98	53
AT5L2_HUMAN	4	92	42
AT5SL_HUMAN	23	111	48
AT7L1_HUMAN	82	104	75
AT7L2_HUMAN	57	114	57
AT7L3_HUMAN	56	88	53
AT8A1_HUMAN	43	111	62
AT8A2_HUMAN	13	112	31
AT8B1_HUMAN	9	110	48
AT8B2_HUMAN	48	96	65
AT8B3_HUMAN	5	116	48
AT8B4_HUMAN	7	103	41
ATAD1_HUMAN	108	107	77
ATAD2_HUMAN	69	104	73
ATAD4_HUMAN	1	102	44
ATAD5_HUMAN	77	91	70
ATAT_HUMAN	20	107	46
ATBD4_HUMAN,DPH6_HUMAN	35	95	59
ATCAY_HUMAN	12	105	41
ATD2B_HUMAN	20	111	44
ATD3A_HUMAN	511	88	438
ATD3B_HUMAN	306	92	208
ATD3C_HUMAN	39	112	58
ATE1_HUMAN	99	100	82
ATF1_HUMAN	58	105	82
ATF2_HUMAN	253	118	179
ATF3_HUMAN	89	93	66
ATF4_HUMAN	102	110	82
ATF5_HUMAN	21	97	52
ATF6A_HUMAN	130	97	105
ATF6B_HUMAN	67	100	89
ATF7_HUMAN	65	106	72
ATG10_HUMAN	17	97	44
ATG12_HUMAN	116	111	89
ATG13_HUMAN	214	111	144
ATG2A_HUMAN	120	107	96
ATG2B_HUMAN	95	100	87
ATG3_HUMAN	90	114	80
ATG4A_HUMAN	31	126	64
ATG4B_HUMAN	127	124	88
ATG4C_HUMAN	41	99	45
ATG4D_HUMAN	8	130	39
ATG5_HUMAN	470	91	346
ATG7_HUMAN	193	106	124
ATG9A_HUMAN	458	111	367
ATG9B_HUMAN	22	103	51
ATGA1_HUMAN	92	98	73
ATHL1_HUMAN	5	108	39
ATIF1_HUMAN	174	101	116
ATL1_HUMAN	13	112	47
ATL2_HUMAN	9	109	55
ATL3_HUMAN	30	104	64
ATL4_HUMAN	216	85	158
ATL5_HUMAN	8	100	46
ATLA1_HUMAN	57	91	58
ATLA2_HUMAN	102	103	70
ATLA3_HUMAN	192	99	149
ATMIN_HUMAN	13	105	44
ATM_HUMAN	309	107	201
ATN1_HUMAN	188	90	136
ATNG_HUMAN	6	101	40
ATOH1_HUMAN	77	109	71
ATOH7_HUMAN	2	98	39
ATOH8_HUMAN	3	85	49
ATOX1_HUMAN	32	103	48
ATP23_HUMAN	62	102	70
ATP4A_HUMAN	101	89	77
ATP4B_HUMAN	7	95	37
ATP5E_HUMAN	62	112	60
ATP5H_HUMAN	267	95	182
ATP5I_HUMAN	134	107	109
ATP5J_HUMAN	238	106	161
ATP5L_HUMAN	188	100	115
ATP5S_HUMAN	21	81	48
ATP6_HUMAN	37	109	54
ATP7A_HUMAN	105	103	92
ATP7B_HUMAN	63	112	66
ATP8_HUMAN	49	102	55
ATP9A_HUMAN	107	89	84
ATP9B_HUMAN	31	101	52
ATPA_HUMAN	617	112	529
ATPB_HUMAN	659	88	635
ATPD_HUMAN	157	95	120
ATPF1_HUMAN	133	100	104
ATPF2_HUMAN	118	101	107
ATPG_HUMAN	455	108	327
ATPK_HUMAN	134	110	85
ATPO_HUMAN	375	131	262
ATRAP_HUMAN	172	106	126
ATRIP_HUMAN	99	105	93
ATRN1_HUMAN	28	93	43
ATRN_HUMAN	76	107	68
ATRX_HUMAN	218	84	132
ATR_HUMAN	205	109	146
ATS10_HUMAN	12	102	30
ATS12_HUMAN	74	112	81
ATS13_HUMAN	26	103	54
ATS14_HUMAN	4	112	54
ATS15_HUMAN	8	107	50
ATS16_HUMAN	5	105	41
ATS17_HUMAN	20	96	47
ATS18_HUMAN	7	98	44
ATS19_HUMAN	3	103	46
ATS1_HUMAN	102	103	82
ATS20_HUMAN	6	108	41
ATS2_HUMAN	54	96	56
ATS3_HUMAN	12	106	40
ATS4_HUMAN	68	114	65
ATS5_HUMAN	5	103	40
ATS6_HUMAN	8	115	38
ATS7_HUMAN	58	128	77
ATS8_HUMAN	2	86	46
ATS9_HUMAN	5	103	42
ATTY_HUMAN	19	106	42
ATX10_HUMAN	158	108	131
ATX1L_HUMAN	152	96	107
ATX1_HUMAN	471	99	390
ATX2L_HUMAN	283	94	177
ATX2_HUMAN	315	114	211
ATX3L_HUMAN	10	110	42
ATX3_HUMAN	425	94	329
ATX7_HUMAN	110	102	89
AUGN_HUMAN	3	106	42
AUHM_HUMAN	307	119	218
AUP1_HUMAN	270	96	174
AURKA_HUMAN	633	110	573
AURKB_HUMAN	842	99	885
AURKC_HUMAN	36	100	65
AUTS2_HUMAN	46	112	57
AUXI_HUMAN	62	115	53
AVEN_HUMAN	27	101	47
AVIL_HUMAN	34	104	62
AVL9_HUMAN	24	100	51
AVPI1_HUMAN	49	106	54
AVR2A_HUMAN	95	93	94
AVR2B_HUMAN	103	94	77
AWAT2_HUMAN	3	98	39
AX2R_HUMAN	8	104	28
AXA2L_HUMAN	81	106	68
AXA81_HUMAN	10	115	46
AXA82_HUMAN	15	108	38
AXDN1_HUMAN	9	75	45
AXIN1_HUMAN	173	89	136
AXIN2_HUMAN	84	90	81
AZI1_HUMAN,CP131_HUMAN	223	92	148
AZI2_HUMAN	40	108	56
AZIN1_HUMAN	19	104	56
B2CL1_HUMAN	203	109	136
B2CL2_HUMAN	93	120	79
B2L10_HUMAN	23	109	59
B2L11_HUMAN	99	108	93
B2L12_HUMAN	42	94	56
B2L13_HUMAN	138	91	107
B2L14_HUMAN	122	79	110
B2L15_HUMAN	11	107	61
B2LA1_HUMAN	21	109	40
B2MG_HUMAN	140	129	97
B3A2_HUMAN	149	114	103
B3A3_HUMAN	13	103	29
B3A4_HUMAN	73	103	76
B3AT_HUMAN	172	94	117
B3GA1_HUMAN	375	119	257
B3GA2_HUMAN	19	97	44
B3GA3_HUMAN	141	87	86
B3GL1_HUMAN	29	93	58
B3GL2_HUMAN	34	117	52
B3GLT_HUMAN	38	105	57
B3GN1_HUMAN	146	97	105
B3GN2_HUMAN	521	106	445
B3GN3_HUMAN	84	95	79
B3GN4_HUMAN	4	114	44
B3GN5_HUMAN	6	98	31
B3GN7_HUMAN	24	101	54
B3GN8_HUMAN	21	82	50
B3GN9_HUMAN	3	116	44
B3GNL_HUMAN	4	87	47
B3GT1_HUMAN	2	99	49
B3GT2_HUMAN	16	102	43
B3GT4_HUMAN	32	104	60
B3GT5_HUMAN	24	97	46
B3GT6_HUMAN	51	103	75
B4GN1_HUMAN	27	106	47
B4GN2_HUMAN	6	104	51
B4GN3_HUMAN	20	84	49
B4GN4_HUMAN	10	90	39
B4GT1_HUMAN	48	114	55
B4GT2_HUMAN	121	96	77
B4GT3_HUMAN	84	108	86
B4GT4_HUMAN	41	112	46
B4GT5_HUMAN	71	101	59
B4GT6_HUMAN	22	111	51
B4GT7_HUMAN	81	95	64
B9D1_HUMAN	31	83	51
B9D2_HUMAN	78	121	70
BAALC_HUMAN	15	102	49
BAAT_HUMAN	26	96	47
BABA1_HUMAN	96	98	85
BACD1_HUMAN	56	114	73
BACD2_HUMAN	85	98	83
BACD3_HUMAN	174	130	134
BACE1_HUMAN	56	98	55
BACE2_HUMAN	90	104	69
BACH1_HUMAN	130	110	99
BACH2_HUMAN	88	103	74
BACH_HUMAN	195	110	128
BAD_HUMAN	108	97	93
BAFL_HUMAN	21	94	56
BAF_HUMAN	217	118	147
BAG1_HUMAN	471	105	342
BAG2_HUMAN	734	106	684
BAG3_HUMAN	640	109	616
BAG4_HUMAN	235	99	189
BAG5_HUMAN	384	91	279
BAG6_HUMAN	477	102	363
BAGE1_HUMAN	1	98	32
BAGE2_HUMAN	69	89	75
BAHC1_HUMAN	44	114	58
BAHD1_HUMAN	62	109	71
BAI1_HUMAN	26	106	40
BAI2_HUMAN,AGRB2_HUMAN	17	107	40
BAI3_HUMAN,AGRB3_HUMAN	13	101	37
BAIP2_HUMAN	196	91	117
BAIP3_HUMAN	5	104	28
BAKOR_HUMAN	351	104	262
BAK_HUMAN	42	100	51
BAMBI_HUMAN	13	99	45
BANK1_HUMAN	11	102	45
BANP_HUMAN	270	104	190
BAP18_HUMAN	110	95	75
BAP1_HUMAN	1287	94	1407
BAP29_HUMAN	57	95	46
BAP31_HUMAN	607	94	501
BARD1_HUMAN	323	110	235
BARH1_HUMAN	3	102	40
BARH2_HUMAN	2	92	34
BARX1_HUMAN	8	105	46
BARX2_HUMAN	2	117	37
BASI_HUMAN	819	102	847
BASP1_HUMAN	309	91	207
BAT1_HUMAN	116	113	76
BATF2_HUMAN	31	108	44
BATF3_HUMAN	56	105	72
BATF_HUMAN	29	88	50
BAX_HUMAN	134	100	114
BAZ1A_HUMAN	129	93	95
BAZ1B_HUMAN	230	110	135
BAZ2A_HUMAN	82	87	88
BAZ2B_HUMAN	64	109	77
BBC3B_HUMAN	13	93	45
BBC3_HUMAN	25	105	37
BBIP1_HUMAN	10	116	36
BBS10_HUMAN	23	115	60
BBS12_HUMAN	19	105	48
BBS1_HUMAN	135	91	86
BBS2_HUMAN	69	99	62
BBS4_HUMAN	52	96	73
BBS5_HUMAN	22	106	47
BBS7_HUMAN	105	106	94
BBX_HUMAN	128	119	97
BC11A_HUMAN	109	102	91
BC11B_HUMAN	73	111	60
BCAM_HUMAN	62	107	51
BCAP_HUMAN	27	96	52
BCAR1_HUMAN	743	68	739
BCAR3_HUMAN	100	104	73
BCAS1_HUMAN	12	94	42
BCAS3_HUMAN	79	98	79
BCAS4_HUMAN	15	112	49
BCAT1_HUMAN	67	111	63
BCAT2_HUMAN	42	107	57
BCCIP_HUMAN	145	107	89
BCD1_HUMAN	71	100	65
BCDO1_HUMAN	4	96	52
BCDO2_HUMAN	3	100	45
BCE1_HUMAN	86	89	73
BCKD_HUMAN	146	108	108
BCL10_HUMAN	84	113	74
BCL2_HUMAN	138	92	101
BCL3_HUMAN	50	100	47
BCL6B_HUMAN	29	93	48
BCL6_HUMAN	230	102	143
BCL7A_HUMAN	135	99	120
BCL7B_HUMAN	97	101	85
BCL7C_HUMAN	119	98	93
BCL8_HUMAN	1	109	36
BCL9L_HUMAN	62	130	68
BCL9_HUMAN	89	93	87
BCLF1_HUMAN	367	98	235
BCORL_HUMAN	99	91	93
BCOR_HUMAN	309	113	228
BCR_HUMAN	227	91	139
BCS1_HUMAN	125	103	87
BD1L1_HUMAN	131	109	112
BD1L2_HUMAN	13	105	55
BDH2_HUMAN	40	105	59
BDH_HUMAN	59	100	66
BDNF_HUMAN	40	103	56
BDP1_HUMAN	39	104	61
BEAN1_HUMAN	2	81	35
BEAN_HUMAN	2	104	38
BECN1_HUMAN	240	98	153
BEGIN_HUMAN	60	105	66
BEND2_HUMAN	8	99	38
BEND3_HUMAN	128	103	90
BEND4_HUMAN	5	94	39
BEND5_HUMAN	33	112	55
BEND6_HUMAN	5	102	43
BEND7_HUMAN	95	93	75
BEST1_HUMAN	7	126	41
BEST2_HUMAN	17	101	43
BEST3_HUMAN	1	103	38
BET1L_HUMAN	43	96	59
BET1_HUMAN	392	100	279
BEX1_HUMAN	48	96	68
BEX2_HUMAN	103	102	92
BEX3_HUMAN	46	110	50
BEX4_HUMAN	21	121	49
BEX5_HUMAN	32	106	45
BFAR_HUMAN	27	126	48
BFSP1_HUMAN	51	94	68
BFSP2_HUMAN	70	114	71
BGAL_HUMAN	137	84	100
BGAT_HUMAN	3	106	35
BGH3_HUMAN	20	101	49
BGLR_HUMAN	89	103	68
BHA09_HUMAN	12	114	40
BHA15_HUMAN	73	105	56
BHE22_HUMAN	2	103	31
BHE23_HUMAN	23	130	50
BHE40_HUMAN	135	96	108
BHE41_HUMAN	41	100	57
BHLH9_HUMAN	81	121	55
BHMT1_HUMAN	11	98	40
BHMT2_HUMAN	6	109	48
BI1_HUMAN	145	107	118
BI2L1_HUMAN	141	106	106
BI2L2_HUMAN	7	91	43
BICC1_HUMAN	28	92	53
BICD1_HUMAN	231	91	160
BICD2_HUMAN	428	94	320
BICR1_HUMAN	1	87	35
BICR2_HUMAN	9	116	37
BID_HUMAN	133	94	99
BIEA_HUMAN	94	108	63
BIG1_HUMAN	166	108	110
BIG2_HUMAN	150	93	109
BIG3_HUMAN	92	99	83
BIK_HUMAN	132	108	103
BIN1_HUMAN	156	98	107
BIN2_HUMAN	11	112	52
BIN3_HUMAN	44	117	51
BINCA_HUMAN	29	108	39
BIRC1_HUMAN	12	107	47
BIRC2_HUMAN	233	108	142
BIRC3_HUMAN	1319	103	1555
BIRC5_HUMAN	89	99	81
BIRC6_HUMAN	258	123	183
BIRC7_HUMAN	54	100	63
BIRC8_HUMAN	32	115	65
BIVM_HUMAN	14	95	50
BKRB1_HUMAN	33	97	56
BKRB2_HUMAN	35	102	56
BL1S1_HUMAN	51	108	64
BL1S2_HUMAN	79	103	67
BL1S3_HUMAN	17	115	53
BLCAP_HUMAN	22	96	47
BLID_HUMAN	11	111	47
BLK_HUMAN	189	100	153
BLMH_HUMAN	140	121	97
BLM_HUMAN	212	96	127
BLNK_HUMAN	43	90	51
BLVRB_HUMAN	59	115	71
BMAL1_HUMAN	105	92	74
BMAL2_HUMAN	26	102	72
BMF_HUMAN	26	93	45
BMI1_HUMAN	1237	95	1517
BMP10_HUMAN	59	105	61
BMP15_HUMAN	7	83	53
BMP1_HUMAN	118	105	90
BMP2K_HUMAN	106	101	96
BMP2_HUMAN	25	106	51
BMP3B_HUMAN,GDF10_HUMAN	7	90	37
BMP3_HUMAN	6	107	42
BMP4_HUMAN	163	92	116
BMP5_HUMAN	9	82	48
BMP6_HUMAN	14	101	39
BMP7_HUMAN	71	96	65
BMP8A_HUMAN	20	107	42
BMP8B_HUMAN	26	116	40
BMPER_HUMAN	3	96	44
BMPR2_HUMAN	91	87	76
BMR1A_HUMAN	245	113	156
BMR1B_HUMAN	23	84	48
BMS1_HUMAN	229	104	136
BMX_HUMAN	89	113	89
BN3D2_HUMAN	8	102	36
BNC1_HUMAN	6	113	56
BNC2_HUMAN	18	103	52
BNI3L_HUMAN	69	78	71
BNIP2_HUMAN	71	122	58
BNIP3_HUMAN	97	93	89
BNIPL_HUMAN	16	104	43
BOC_HUMAN	26	87	43
BOD1_HUMAN	30	101	50
BODG_HUMAN	29	99	62
BOK_HUMAN	9	106	42
BOLA1_HUMAN	67	102	74
BOLA2_HUMAN	131	113	87
BOLA3_HUMAN	54	110	75
BOLL_HUMAN	45	109	59
BOP1_HUMAN	194	108	100
BORA_HUMAN	49	107	58
BOREA_HUMAN	119	106	89
BORG1_HUMAN	16	100	36
BORG2_HUMAN	18	103	36
BORG3_HUMAN	2	95	46
BORG4_HUMAN	77	113	64
BORG5_HUMAN	137	114	116
BPAEB_HUMAN	282	98	180
BPHL_HUMAN	52	94	48
BPIA1_HUMAN	111	105	109
BPIA2_HUMAN	25	100	65
BPIA3_HUMAN	3	121	47
BPIB1_HUMAN	66	102	72
BPIB2_HUMAN	9	95	52
BPIB3_HUMAN	5	124	39
BPIB4_HUMAN	2	94	36
BPIB6_HUMAN	1	115	43
BPIFC_HUMAN	2	114	39
BPIL2_HUMAN	2	115	36
BPIL3_HUMAN	2	104	34
BPI_HUMAN	9	106	43
BPL1_HUMAN	38	99	66
BPNT1_HUMAN	103	101	99
BPTF_HUMAN	193	93	142
BRAC_HUMAN	117	120	107
BRAF_HUMAN	506	106	412
BRAP_HUMAN	89	110	71
BRAT1_HUMAN	113	103	93
BRCA1_HUMAN	1221	99	1601
BRCA2_HUMAN	242	107	172
BRCC3_HUMAN	126	107	77
BRD1_HUMAN	385	100	250
BRD2_HUMAN	421	100	323
BRD3_HUMAN	481	101	363
BRD4_HUMAN	1581	112	2201
BRD7_HUMAN	626	103	541
BRD8_HUMAN	153	99	112
BRD9_HUMAN	106	104	88
BRDT_HUMAN	78	111	81
BRE1A_HUMAN	206	114	143
BRE1B_HUMAN	265	86	166
BRE_HUMAN	102	97	81
BRF2_HUMAN	63	111	72
BRI3B_HUMAN	130	105	91
BRI3_HUMAN	23	80	50
BRK1_HUMAN	133	118	96
BRM1L_HUMAN	130	101	112
BRMS1_HUMAN	93	107	72
BROMI_HUMAN	94	106	73
BROX_HUMAN	52	105	62
BRPF1_HUMAN	82	111	73
BRPF3_HUMAN	179	105	133
BRSK1_HUMAN	40	96	59
BRSK2_HUMAN	35	112	48
BRWD1_HUMAN	50	97	66
BRWD3_HUMAN	49	114	46
BRX1_HUMAN	316	89	202
BSCL2_HUMAN	245	100	190
BSDC1_HUMAN	23	104	53
BSH_HUMAN	1	106	29
BSND_HUMAN	64	93	75
BSN_HUMAN	28	110	48
BSPRY_HUMAN	38	86	44
BSSP4_HUMAN	14	88	44
BST1_HUMAN	14	121	52
BST2_HUMAN	57	117	53
BT1A1_HUMAN	22	102	44
BT2A1_HUMAN	70	104	81
BT2A2_HUMAN	103	104	75
BT2A3_HUMAN	6	113	49
BT3A1_HUMAN	32	119	57
BT3A2_HUMAN	24	100	55
BT3A3_HUMAN	25	114	48
BT3L4_HUMAN	96	100	80
BTAF1_HUMAN	157	102	106
BTBD1_HUMAN	116	105	85
BTBD2_HUMAN	76	115	71
BTBD3_HUMAN	18	115	64
BTBD6_HUMAN	20	113	48
BTBD7_HUMAN	13	106	51
BTBD8_HUMAN	26	101	46
BTBD9_HUMAN	58	79	62
BTBDA_HUMAN	24	128	50
BTBDB_HUMAN	9	107	37
BTBDG_HUMAN	2	94	35
BTBDH_HUMAN	2	97	27
BTBDI_HUMAN	4	104	49
BTBDJ_HUMAN	1	107	38
BTC_HUMAN	26	109	51
BTD_HUMAN	34	108	53
BTF3_HUMAN	757	93	714
BTG1_HUMAN	26	98	58
BTG2_HUMAN	22	97	45
BTG3_HUMAN	97	105	71
BTG4_HUMAN	1	89	48
BTK_HUMAN	155	108	99
BTLA_HUMAN	32	109	41
BTNL2_HUMAN	161	111	128
BTNL3_HUMAN	34	104	46
BTNL8_HUMAN	49	95	57
BTNL9_HUMAN	154	92	113
BUB1B_HUMAN	170	106	128
BUB1_HUMAN	133	85	108
BUB3_HUMAN	244	111	168
BUD13_HUMAN	125	90	82
BUD31_HUMAN	114	94	82
BUP1_HUMAN	1	103	40
BWR1B_HUMAN	5	88	38
BY55_HUMAN	48	86	58
BYST_HUMAN	368	95	250
BZW1_HUMAN	180	122	121
BZW2_HUMAN	130	118	90
C102A_HUMAN	66	116	70
C102B_HUMAN	153	127	133
C109B_HUMAN,MCUB_HUMAN	178	115	131
C10_HUMAN	49	95	53
C11B1_HUMAN	2	102	44
C144A_HUMAN	9	89	42
C144B_HUMAN	10	116	45
C163A_HUMAN	11	104	41
C163B_HUMAN	1	118	41
C16L2_HUMAN	9	103	43
C170L_HUMAN	128	94	107
C19L1_HUMAN	77	102	55
C19L2_HUMAN	187	106	124
C1D_HUMAN	61	86	71
C1GLC_HUMAN	40	109	45
C1GLT_HUMAN	59	102	71
C1QA_HUMAN	105	96	94
C1QBP_HUMAN	830	118	905
C1QB_HUMAN	87	82	73
C1QC_HUMAN	65	100	56
C1QL2_HUMAN	1	100	40
C1QL3_HUMAN	7	128	49
C1QL4_HUMAN	76	107	75
C1QR1_HUMAN	34	112	43
C1QRF_HUMAN	46	111	59
C1QT1_HUMAN	64	105	66
C1QT2_HUMAN	67	94	75
C1QT3_HUMAN	9	113	34
C1QT4_HUMAN	6	109	43
C1QT5_HUMAN	4	113	40
C1QT6_HUMAN	11	107	35
C1QT7_HUMAN	69	115	73
C1QT8_HUMAN	18	108	42
C1QT9_HUMAN	36	103	62
C1RL_HUMAN	10	100	35
C1R_HUMAN	18	116	55
C1S_HUMAN	18	95	49
C1T9A_HUMAN	81	117	70
C1T9B_HUMAN	132	111	96
C1T9L_HUMAN	50	107	59
C1TC_HUMAN	298	99	200
C1TM_HUMAN	171	90	98
C27C1_HUMAN	7	108	38
C2AIL_HUMAN	29	98	60
C2C2L_HUMAN	118	90	84
C2C4A_HUMAN	12	109	48
C2C4B_HUMAN	44	107	65
C2C4C_HUMAN	14	120	49
C2CD3_HUMAN	46	101	60
C2D1A_HUMAN	163	91	115
C2D1B_HUMAN	42	109	49
C2D2A_HUMAN	43	105	55
C2D2B_HUMAN	6	118	42
C2D4D_HUMAN	2	84	40
C2TA_HUMAN	33	111	44
C3AR_HUMAN	100	119	71
C42S1_HUMAN	15	108	36
C42S2_HUMAN	26	114	50
C43BP_HUMAN	58	117	65
C4BPA_HUMAN	32	96	42
C4BPB_HUMAN	30	108	57
C560_HUMAN	27	109	53
C56D1_HUMAN	5	95	34
C56D2_HUMAN	29	109	34
C5ARL_HUMAN,C5AR2_HUMAN	77	94	73
C5AR_HUMAN,C5AR1_HUMAN	154	95	105
C8AP2_HUMAN	52	118	74
C99L2_HUMAN	43	101	57
CA021_HUMAN	33	120	50
CA026_HUMAN	5	102	37
CA031_HUMAN	28	115	54
CA043_HUMAN	87	98	76
CA049_HUMAN	55	93	64
CA050_HUMAN	20	111	57
CA051_HUMAN	14	102	41
CA052_HUMAN	43	93	57
CA053_HUMAN	2	103	40
CA054_HUMAN	254	82	174
CA055_HUMAN	34	107	50
CA056_HUMAN	6	98	36
CA062_HUMAN	11	96	44
CA063_HUMAN	98	93	90
CA064_HUMAN	7	106	44
CA065_HUMAN	60	105	82
CA066_HUMAN	4	118	39
CA074_HUMAN	14	85	50
CA083_HUMAN	31	93	43
CA086_HUMAN	61	106	61
CA087_HUMAN	20	81	45
CA088_HUMAN	12	96	54
CA092_HUMAN	4	106	38
CA094_HUMAN	100	119	76
CA095_HUMAN	23	112	48
CA096_HUMAN	5	103	49
CA097_HUMAN	4	109	41
CA101_HUMAN	7	106	61
CA104_HUMAN	5	101	38
CA105_HUMAN	7	93	56
CA106_HUMAN	92	104	77
CA109_HUMAN	197	109	162
CA110_HUMAN	4	111	41
CA111_HUMAN	27	98	61
CA112_HUMAN	78	110	71
CA114_HUMAN	7	81	33
CA115_HUMAN	21	106	48
CA118_HUMAN	1	111	54
CA120_HUMAN	1	97	40
CA122_HUMAN	18	97	40
CA123_HUMAN	32	103	56
CA124_HUMAN	592	106	527
CA125_HUMAN	11	85	47
CA127_HUMAN	3	89	42
CA129_HUMAN	3	96	40
CA131_HUMAN	63	107	67
CA133_HUMAN	1	112	41
CA135_HUMAN	12	101	49
CA141_HUMAN	2	93	39
CA144_HUMAN	26	97	45
CA146_HUMAN	7	91	39
CA150_HUMAN	12	127	41
CA158_HUMAN	12	97	42
CA159_HUMAN	12	101	38
CA161_HUMAN	29	90	60
CA162_HUMAN	6	111	50
CA167_HUMAN	8	99	39
CA168_HUMAN	10	98	59
CA170_HUMAN	1	109	47
CA172_HUMAN	192	111	152
CA173_HUMAN	6	99	35
CA174_HUMAN	91	111	75
CA175_HUMAN	4	116	32
CA177_HUMAN	3	97	25
CA182_HUMAN	6	113	36
CA183_HUMAN	23	95	50
CA186_HUMAN	22	119	53
CA189_HUMAN	55	104	57
CA194_HUMAN	1	116	34
CA198_HUMAN	104	114	94
CA201_HUMAN	3	107	52
CA210_HUMAN	30	100	61
CA212_HUMAN	39	114	50
CA216_HUMAN	74	113	65
CA217_HUMAN	1	108	31
CA220_HUMAN	6	112	40
CA226_HUMAN	56	103	50
CA227_HUMAN	1	90	45
CA228_HUMAN	6	108	41
CA230_HUMAN	4	101	35
CA233_HUMAN	3	117	39
CA2D1_HUMAN	116	103	85
CA2D2_HUMAN	80	102	80
CA2D3_HUMAN	12	105	42
CA2D4_HUMAN	1	91	27
CAAP1_HUMAN	45	97	49
CAB39_HUMAN	69	105	69
CAB45_HUMAN	179	92	116
CABIN_HUMAN	77	118	71
CABL1_HUMAN	54	94	77
CABL2_HUMAN	20	110	42
CABP1_HUMAN	9	115	47
CABP2_HUMAN	56	100	69
CABP4_HUMAN	9	95	42
CABP5_HUMAN	36	105	49
CABP7_HUMAN	5	105	48
CABP8_HUMAN	13	105	41
CABS1_HUMAN	12	98	53
CABYR_HUMAN	7	107	49
CAC1A_HUMAN	102	97	89
CAC1B_HUMAN	15	107	58
CAC1C_HUMAN	659	88	608
CAC1D_HUMAN	10	82	45
CAC1E_HUMAN	8	108	39
CAC1F_HUMAN	4	95	55
CAC1G_HUMAN	10	112	33
CAC1H_HUMAN	15	104	35
CAC1I_HUMAN	6	101	42
CAC1S_HUMAN	13	108	57
CACB1_HUMAN	19	107	45
CACB2_HUMAN	11	100	42
CACB3_HUMAN	32	108	64
CACB4_HUMAN	17	117	55
CACO1_HUMAN	73	100	71
CACO2_HUMAN	489	76	381
CACP_HUMAN	51	122	54
CAD10_HUMAN	6	87	37
CAD11_HUMAN	30	123	50
CAD12_HUMAN	15	105	56
CAD13_HUMAN	53	102	46
CAD15_HUMAN	15	89	41
CAD16_HUMAN	27	116	45
CAD17_HUMAN	8	91	44
CAD18_HUMAN	4	97	48
CAD19_HUMAN	28	101	53
CAD20_HUMAN	2	101	43
CAD23_HUMAN	76	100	76
CAD24_HUMAN	10	115	47
CAD26_HUMAN	3	92	49
CAD28_HUMAN	7	108	35
CAD29_HUMAN	67	96	70
CADH1_HUMAN	736	98	762
CADH2_HUMAN	157	97	125
CADH3_HUMAN	24	107	61
CADH4_HUMAN	16	115	48
CADH5_HUMAN	106	93	90
CADH6_HUMAN	3	96	37
CADH7_HUMAN	9	100	41
CADH8_HUMAN	24	114	60
CADH9_HUMAN	5	110	51
CADM1_HUMAN	52	106	55
CADM2_HUMAN	8	107	31
CADM3_HUMAN	12	123	49
CADM4_HUMAN	58	107	59
CAF17_HUMAN	100	103	79
CAF1A_HUMAN	182	115	128
CAF1B_HUMAN	151	94	106
CAGE1_HUMAN	19	105	43
CAH10_HUMAN	72	113	83
CAH11_HUMAN	15	108	42
CAH12_HUMAN	23	95	57
CAH13_HUMAN	6	107	53
CAH14_HUMAN	70	123	70
CAH1_HUMAN	10	121	52
CAH2_HUMAN	75	108	65
CAH3_HUMAN	9	112	45
CAH4_HUMAN	11	101	50
CAH5A_HUMAN	7	99	51
CAH5B_HUMAN,CA5BL_HUMAN,CAH5B_HUMAN	7	100	39
CAH6_HUMAN	69	112	68
CAH8_HUMAN	37	119	58
CAH9_HUMAN	213	106	143
CAHD1_HUMAN	79	103	75
CAHM1_HUMAN	2	92	37
CAHM2_HUMAN	5	113	48
CAHM3_HUMAN	1	103	48
CALB1_HUMAN	10	95	42
CALB2_HUMAN	14	103	55
CALCA_HUMAN	16	115	43
CALCB_HUMAN	9	103	38
CALCR_HUMAN	6	125	45
CALC_HUMAN	9	103	45
CALD1_HUMAN	287	98	186
CALI_HUMAN	7	78	43
CALL3_HUMAN	250	92	163
CALL4_HUMAN	2	122	37
CALL5_HUMAN	199	104	148
CALL6_HUMAN	7	113	48
CALM_HUMAN	767	89	769
CALR3_HUMAN	140	102	106
CALRL_HUMAN	6	105	54
CALR_HUMAN	423	112	314
CALU_HUMAN	366	98	264
CALX_HUMAN	1301	99	1572
CALY_HUMAN	7	98	35
CAMKV_HUMAN	139	124	111
CAMLG_HUMAN	134	102	106
CAMP1_HUMAN	95	115	77
CAMP2_HUMAN	171	100	134
CAMP3_HUMAN	133	104	88
CAMP_HUMAN	4	95	46
CAN10_HUMAN	30	102	50
CAN11_HUMAN	10	97	41
CAN12_HUMAN	23	106	39
CAN13_HUMAN	15	105	47
CAN14_HUMAN	1	101	40
CAN15_HUMAN	30	108	54
CAN1_HUMAN	206	106	120
CAN2_HUMAN	161	101	119
CAN3_HUMAN	44	95	61
CAN5_HUMAN	17	102	45
CAN6_HUMAN	17	91	48
CAN7_HUMAN	41	111	57
CAN8_HUMAN	8	98	41
CAN9_HUMAN	4	94	43
CANB1_HUMAN	72	108	87
CANB2_HUMAN	32	104	61
CAND1_HUMAN	934	80	1024
CAND2_HUMAN	115	129	95
CANT1_HUMAN	105	105	98
CAP1_HUMAN	208	90	132
CAP2_HUMAN	65	105	71
CAP7_HUMAN	81	106	67
CAPG_HUMAN	100	106	82
CAPON_HUMAN	112	86	115
CAPR1_HUMAN	473	101	323
CAPR2_HUMAN	15	97	45
CAPS1_HUMAN	107	111	97
CAPS2_HUMAN	36	115	54
CAPSL_HUMAN	13	102	51
CAPZB_HUMAN	1059	91	1312
CAR10_HUMAN	135	96	87
CAR11_HUMAN	34	107	40
CAR14_HUMAN	12	109	45
CAR16_HUMAN	7	104	54
CAR17_HUMAN	3	99	38
CAR18_HUMAN	3	102	40
CARD6_HUMAN	12	109	47
CARD8_HUMAN	53	104	59
CARD9_HUMAN	178	124	142
CARF_HUMAN	157	107	121
CARM1_HUMAN	275	107	187
CART_HUMAN	44	105	58
CASA1_HUMAN	30	101	56
CASB_HUMAN	33	109	71
CASC1_HUMAN	9	124	54
CASC2_HUMAN	3	91	37
CASC3_HUMAN	153	92	102
CASC4_HUMAN	49	101	51
CASC5_HUMAN	115	90	90
CASD1_HUMAN	6	109	42
CASK_HUMAN	21	111	42
CASL_HUMAN	81	116	75
CASP1_HUMAN	76	109	65
CASP2_HUMAN	49	98	60
CASP3_HUMAN	141	98	86
CASP4_HUMAN	67	107	77
CASP5_HUMAN	6	136	41
CASP6_HUMAN	38	122	53
CASP7_HUMAN	69	101	71
CASP8_HUMAN	228	97	161
CASP9_HUMAN	57	97	65
CASPA_HUMAN	52	90	69
CASPC_HUMAN	8	113	36
CASPE_HUMAN	168	95	104
CASPG_HUMAN	1	107	43
CASP_HUMAN	206	111	140
CASQ1_HUMAN	5	92	46
CASQ2_HUMAN	68	104	61
CASR_HUMAN	19	124	42
CASS4_HUMAN	38	80	50
CASZ1_HUMAN	45	116	56
CATA_HUMAN	188	106	123
CATB_HUMAN	235	97	153
CATC_HUMAN	55	103	54
CATD_HUMAN	163	100	112
CATE_HUMAN	15	84	49
CATF_HUMAN	47	100	51
CATG_HUMAN	94	108	84
CATH_HUMAN	66	118	64
CATK_HUMAN	15	120	45
CATL1_HUMAN	230	90	168
CATL2_HUMAN	115	122	100
CATL3_HUMAN	1	102	40
CATO_HUMAN	13	98	56
CATS_HUMAN	141	94	120
CATW_HUMAN	2	128	46
CATZ_HUMAN	48	106	64
CAV1_HUMAN	749	101	742
CAV2_HUMAN	116	114	98
CAV3_HUMAN	62	109	59
CAYP1_HUMAN	28	104	50
CAZA1_HUMAN	399	114	265
CAZA2_HUMAN	430	90	293
CAZA3_HUMAN	1	114	34
CB015_HUMAN	2	105	39
CB016_HUMAN	5	99	42
CB018_HUMAN	104	123	96
CB027_HUMAN	24	98	46
CB029_HUMAN	107	101	71
CB034_HUMAN	33	94	53
CB039_HUMAN	7	123	45
CB042_HUMAN	7	119	40
CB043_HUMAN	5	80	42
CB044_HUMAN	111	90	94
CB046_HUMAN	1	101	38
CB047_HUMAN	145	94	101
CB048_HUMAN	12	109	38
CB050_HUMAN	11	92	52
CB052_HUMAN	1	91	33
CB053_HUMAN	8	95	57
CB054_HUMAN	12	97	40
CB055_HUMAN	11	92	55
CB057_HUMAN	12	118	42
CB060_HUMAN	15	100	50
CB061_HUMAN	4	107	38
CB062_HUMAN	16	103	47
CB063_HUMAN	8	113	50
CB064_HUMAN	21	103	46
CB065_HUMAN	17	95	42
CB066_HUMAN	1	102	42
CB068_HUMAN	27	112	43
CB069_HUMAN	9	118	51
CB071_HUMAN	9	108	61
CB072_HUMAN	6	95	40
CB073_HUMAN	20	100	45
CB074_HUMAN	4	99	35
CB076_HUMAN	5	93	41
CB077_HUMAN	9	98	46
CB078_HUMAN	5	119	39
CB079_HUMAN	39	102	52
CB080_HUMAN	1	107	39
CB082_HUMAN	25	93	51
CB083_HUMAN	3	102	48
CB084_HUMAN	21	108	50
CB085_HUMAN	52	97	52
CB086_HUMAN	2	93	42
CB088_HUMAN	15	109	43
CB089_HUMAN	2	95	36
CB39L_HUMAN	29	110	47
CB5D1_HUMAN	2	94	49
CB5D2_HUMAN	40	102	60
CBG_HUMAN	13	123	45
CBLB_HUMAN	96	92	72
CBLC_HUMAN	80	105	65
CBLN1_HUMAN	4	102	44
CBLN2_HUMAN	1	102	29
CBLN3_HUMAN	3	104	33
CBLN4_HUMAN	132	91	120
CBL_HUMAN	481	104	366
CBPA1_HUMAN	1	124	33
CBPA2_HUMAN	9	98	35
CBPA3_HUMAN	3	97	44
CBPA4_HUMAN	101	103	101
CBPA5_HUMAN	18	99	42
CBPA6_HUMAN	14	94	51
CBPB2_HUMAN	12	114	46
CBPC1_HUMAN	70	102	65
CBPC2_HUMAN	12	109	48
CBPC3_HUMAN	7	104	50
CBPC4_HUMAN	7	92	45
CBPC5_HUMAN	23	101	58
CBPC6_HUMAN	67	113	79
CBPD_HUMAN	191	97	130
CBPE_HUMAN	50	112	50
CBPM_HUMAN	46	114	60
CBPN_HUMAN	9	95	52
CBPQ_HUMAN	20	109	50
CBPZ_HUMAN	5	107	41
CBP_HUMAN	515	106	432
CBR1_HUMAN	173	106	109
CBR3_HUMAN	44	117	68
CBR4_HUMAN	43	117	58
CBS_HUMAN	155	95	115
CBWD1_HUMAN	181	115	125
CBWD2_HUMAN	70	104	67
CBWD3_HUMAN	92	116	73
CBWD5_HUMAN	9	102	44
CBWD6_HUMAN	14	99	46
CBWD7_HUMAN	9	108	49
CBX1_HUMAN	289	106	186
CBX2_HUMAN	136	90	113
CBX3_HUMAN	667	107	586
CBX4_HUMAN	226	96	165
CBX5_HUMAN	349	99	245
CBX6_HUMAN	306	81	213
CBX7_HUMAN	45	99	69
CBX8_HUMAN	265	114	195
CBY1_HUMAN	178	111	107
CC014_HUMAN	10	94	57
CC016_HUMAN	1	106	48
CC017_HUMAN	107	94	86
CC018_HUMAN	132	87	97
CC019_HUMAN	40	110	50
CC020_HUMAN	11	100	39
CC023_HUMAN	5	104	41
CC024_HUMAN	33	100	77
CC025_HUMAN	5	92	37
CC026_HUMAN	132	108	110
CC030_HUMAN	2	109	33
CC032_HUMAN	199	93	153
CC033_HUMAN	30	101	56
CC036_HUMAN	21	109	45
CC037_HUMAN	50	106	53
CC038_HUMAN	17	89	55
CC042_HUMAN	1	109	36
CC043_HUMAN	6	108	32
CC045_HUMAN	51	101	53
CC046_HUMAN	41	119	58
CC047_HUMAN	4	111	39
CC048_HUMAN	1	93	34
CC049_HUMAN	14	109	47
CC054_HUMAN	18	116	55
CC055_HUMAN	9	108	35
CC056_HUMAN	1	103	32
CC058_HUMAN	68	112	74
CC062_HUMAN	36	111	51
CC067_HUMAN	3	100	43
CC070_HUMAN	9	101	55
CC071_HUMAN	3	106	39
CC072_HUMAN	1	126	42
CC074_HUMAN	1	99	30
CC078_HUMAN	7	102	38
CC079_HUMAN	1	93	31
CC103_HUMAN	37	109	48
CC104_HUMAN,CFA36_HUMAN	22	110	43
CC105_HUMAN	5	108	42
CC106_HUMAN	60	101	61
CC107_HUMAN	68	102	67
CC108_HUMAN	4	112	39
CC110_HUMAN	17	101	52
CC111_HUMAN,PRIPO_HUMAN	20	99	56
CC112_HUMAN	31	107	51
CC113_HUMAN	22	116	52
CC114_HUMAN	60	96	63
CC115_HUMAN	99	106	88
CC116_HUMAN	34	98	60
CC117_HUMAN	25	97	42
CC120_HUMAN	201	99	144
CC121_HUMAN	12	88	49
CC122_HUMAN	9	89	56
CC124_HUMAN	145	103	92
CC125_HUMAN	66	97	65
CC126_HUMAN	8	80	40
CC127_HUMAN	32	97	58
CC130_HUMAN	66	101	81
CC132_HUMAN,VPS50_HUMAN	119	116	91
CC134_HUMAN	27	105	44
CC135_HUMAN,DRC7_HUMAN	5	101	45
CC136_HUMAN	167	90	141
CC137_HUMAN	206	107	137
CC138_HUMAN	121	85	90
CC140_HUMAN	114	116	82
CC141_HUMAN	12	117	37
CC142_HUMAN	10	108	45
CC146_HUMAN	84	99	81
CC147_HUMAN,CFA58_HUMAN	19	118	46
CC148_HUMAN	13	99	47
CC149_HUMAN	4	98	43
CC14A_HUMAN	103	88	77
CC14B_HUMAN	156	113	120
CC14C_HUMAN	1	108	37
CC150_HUMAN	17	106	39
CC151_HUMAN	41	103	63
CC152_HUMAN	5	106	44
CC153_HUMAN	18	108	39
CC154_HUMAN	6	100	40
CC155_HUMAN,KASH5_HUMAN	115	114	91
CC157_HUMAN	7	100	48
CC159_HUMAN	2	110	41
CC160_HUMAN	1	91	41
CC164_HUMAN	3	100	44
CC166_HUMAN	1	110	44
CC167_HUMAN	59	98	63
CC170_HUMAN	11	116	51
CC171_HUMAN	3	95	35
CC172_HUMAN	27	122	45
CC28A_HUMAN	31	99	51
CC28B_HUMAN	29	107	47
CC42B_HUMAN	1	132	41
CC4L_HUMAN	56	95	65
CC50A_HUMAN	177	100	138
CC50B_HUMAN	88	108	73
CC50C_HUMAN	1	113	48
CC64A_HUMAN	4	90	54
CC71L_HUMAN	24	101	50
CC74A_HUMAN	35	104	54
CC74B_HUMAN	32	118	54
CC85A_HUMAN	64	97	65
CC85B_HUMAN	171	93	136
CC85C_HUMAN	129	100	112
CC88B_HUMAN	45	124	68
CC90A_HUMAN,MCUR1_HUMAN	191	104	132
CC90B_HUMAN	223	87	157
CCAR1_HUMAN	206	108	136
CCBE1_HUMAN	30	98	47
CCBP2_HUMAN	83	97	64
CCD11_HUMAN,CFA53_HUMAN	29	104	47
CCD12_HUMAN	106	106	80
CCD13_HUMAN	69	101	60
CCD14_HUMAN	131	97	94
CCD15_HUMAN	11	120	37
CCD17_HUMAN	12	103	42
CCD18_HUMAN	69	108	56
CCD19_HUMAN,CFA45_HUMAN	16	102	40
CCD22_HUMAN	161	93	118
CCD23_HUMAN,SVBP_HUMAN	3	106	40
CCD24_HUMAN	38	94	58
CCD25_HUMAN	46	111	50
CCD26_HUMAN	9	101	42
CCD27_HUMAN	15	97	48
CCD30_HUMAN	8	102	49
CCD33_HUMAN	176	116	131
CCD34_HUMAN	10	115	49
CCD36_HUMAN	80	92	73
CCD37_HUMAN	10	107	51
CCD38_HUMAN	4	100	50
CCD39_HUMAN	15	88	48
CCD40_HUMAN	36	110	42
CCD41_HUMAN,CEP83_HUMAN	42	113	55
CCD42_HUMAN	11	113	41
CCD43_HUMAN	50	108	53
CCD47_HUMAN	473	98	337
CCD48_HUMAN,EFCC1_HUMAN	2	101	45
CCD50_HUMAN	69	111	72
CCD51_HUMAN	80	119	92
CCD53_HUMAN	140	125	103
CCD54_HUMAN	1	104	38
CCD56_HUMAN,COA3_HUMAN	121	103	98
CCD57_HUMAN	174	89	119
CCD58_HUMAN	68	102	78
CCD60_HUMAN	14	103	51
CCD61_HUMAN	55	98	64
CCD62_HUMAN	6	113	49
CCD63_HUMAN	4	114	47
CCD65_HUMAN	14	98	42
CCD66_HUMAN	36	101	67
CCD67_HUMAN,DEUP1_HUMAN	77	118	81
CCD68_HUMAN	22	113	42
CCD69_HUMAN	30	103	54
CCD70_HUMAN	19	99	48
CCD71_HUMAN	75	119	73
CCD72_HUMAN,TMA7_HUMAN	48	116	45
CCD73_HUMAN	5	100	42
CCD75_HUMAN,GPT11_HUMAN	58	111	61
CCD77_HUMAN	68	104	65
CCD78_HUMAN	6	111	35
CCD79_HUMAN,TERB1_HUMAN	2	101	45
CCD80_HUMAN	25	119	38
CCD81_HUMAN	6	94	38
CCD82_HUMAN	26	107	49
CCD83_HUMAN	12	102	47
CCD84_HUMAN	35	93	46
CCD86_HUMAN	156	83	109
CCD87_HUMAN	23	96	62
CCD89_HUMAN	26	111	58
CCD91_HUMAN	28	88	45
CCD92_HUMAN	51	115	68
CCD93_HUMAN	106	115	85
CCD94_HUMAN	73	115	69
CCD96_HUMAN	170	92	145
CCD97_HUMAN	55	121	65
CCDB1_HUMAN	133	109	117
CCDC3_HUMAN	4	108	43
CCDC6_HUMAN	299	104	197
CCDC7_HUMAN	10	95	43
CCDC8_HUMAN	660	93	576
CCDC9_HUMAN	96	95	86
CCG1_HUMAN	45	106	65
CCG2_HUMAN	25	109	50
CCG3_HUMAN	10	104	48
CCG4_HUMAN	71	114	84
CCG5_HUMAN	56	109	68
CCG6_HUMAN	33	93	65
CCG7_HUMAN	20	83	46
CCG8_HUMAN	13	102	43
CCGL_HUMAN	12	107	53
CCHCR_HUMAN	237	97	151
CCHL_HUMAN	128	107	113
CCKAR_HUMAN	1	122	41
CCKN_HUMAN	4	92	36
CCL11_HUMAN	8	112	39
CCL13_HUMAN	5	104	35
CCL14_HUMAN	14	98	41
CCL15_HUMAN	5	122	34
CCL16_HUMAN	7	80	52
CCL17_HUMAN	9	108	48
CCL18_HUMAN	21	101	55
CCL19_HUMAN	15	109	54
CCL1_HUMAN	5	112	46
CCL20_HUMAN	8	119	47
CCL21_HUMAN	21	109	57
CCL22_HUMAN	38	108	49
CCL23_HUMAN	3	118	44
CCL24_HUMAN	3	96	40
CCL25_HUMAN	5	106	50
CCL26_HUMAN	15	103	47
CCL27_HUMAN	3	106	45
CCL28_HUMAN	5	118	37
CCL2_HUMAN	29	114	54
CCL3_HUMAN	175	92	119
CCL4_HUMAN	28	103	60
CCL5_HUMAN	38	113	51
CCL7_HUMAN	17	85	57
CCL8_HUMAN	3	95	50
CCM2_HUMAN	56	103	54
CCNA1_HUMAN	85	91	78
CCNA2_HUMAN	168	99	114
CCNB1_HUMAN	217	115	143
CCNB2_HUMAN	67	99	66
CCNB3_HUMAN	13	96	57
CCNC_HUMAN	187	111	134
CCND1_HUMAN	268	103	196
CCND2_HUMAN	146	116	116
CCND3_HUMAN	92	117	70
CCNE1_HUMAN	104	112	77
CCNE2_HUMAN	26	104	29
CCNF_HUMAN	2063	82	2517
CCNG1_HUMAN	48	95	62
CCNG2_HUMAN	16	93	56
CCNH_HUMAN	96	96	77
CCNI2_HUMAN	37	104	58
CCNI_HUMAN	21	90	67
CCNJL_HUMAN	43	103	65
CCNJ_HUMAN	11	110	41
CCNK_HUMAN	117	88	76
CCNL1_HUMAN	68	107	71
CCNL2_HUMAN	102	118	98
CCNO_HUMAN	34	121	59
CCNT1_HUMAN	231	108	153
CCNT2_HUMAN	57	108	59
CCNY_HUMAN	60	109	71
CCPG1_HUMAN	110	99	83
CCR10_HUMAN	13	96	50
CCR1_HUMAN	350	105	258
CCR2_HUMAN	47	105	53
CCR3_HUMAN	11	99	40
CCR4_HUMAN	38	112	46
CCR5_HUMAN	27	108	46
CCR6_HUMAN	97	119	84
CCR7_HUMAN	6	92	37
CCR8_HUMAN	16	110	44
CCR9_HUMAN	55	107	52
CCRL1_HUMAN	5	94	37
CCRL2_HUMAN	9	99	37
CCS_HUMAN	44	97	59
CCYL1_HUMAN	64	104	73
CCYL2_HUMAN	2	102	34
CCZ1B_HUMAN	88	97	66
CCZ1_HUMAN	20	108	48
CD003_HUMAN	90	95	76
CD006_HUMAN	24	101	43
CD017_HUMAN	17	104	36
CD019_HUMAN	11	139	40
CD021_HUMAN	25	114	51
CD022_HUMAN	6	104	48
CD026_HUMAN	47	78	62
CD027_HUMAN	41	103	58
CD029_HUMAN	33	102	54
CD031_HUMAN	15	113	46
CD032_HUMAN	107	99	77
CD033_HUMAN	5	122	29
CD034_HUMAN	6	112	54
CD036_HUMAN	4	119	30
CD037_HUMAN	5	116	46
CD038_HUMAN	1	117	40
CD039_HUMAN	15	91	41
CD040_HUMAN	17	97	49
CD044_HUMAN	1	113	46
CD045_HUMAN	23	141	51
CD046_HUMAN	14	119	46
CD047_HUMAN	2	110	40
CD048_HUMAN	4	82	41
CD050_HUMAN	3	104	31
CD051_HUMAN	1	110	43
CD052_HUMAN	18	102	52
CD109_HUMAN	122	102	99
CD11A_HUMAN	187	125	137
CD11B_HUMAN	184	87	104
CD123_HUMAN	1830	83	2082
CD14_HUMAN	51	109	56
CD151_HUMAN	65	95	56
CD158_HUMAN	22	101	58
CD15L_HUMAN	1	107	39
CD166_HUMAN	90	90	71
CD177_HUMAN	102	93	107
CD180_HUMAN	1	98	32
CD19_HUMAN	27	101	42
CD1A_HUMAN	74	101	71
CD1B_HUMAN	77	114	69
CD1D_HUMAN	9	122	50
CD1E_HUMAN	37	104	49
CD209_HUMAN	20	112	43
CD20B_HUMAN	38	109	55
CD20_HUMAN	50	120	62
CD226_HUMAN	110	100	101
CD22_HUMAN	22	106	48
CD244_HUMAN	55	101	56
CD248_HUMAN	4	100	49
CD24_HUMAN	5	109	45
CD276_HUMAN	43	83	42
CD27_HUMAN	112	89	89
CD28_HUMAN	30	87	61
CD2A1_HUMAN,CDN2A_HUMAN,ARF_HUMAN	373	82	248
CD2A2_HUMAN	39	101	54
CD2AP_HUMAN	212	125	119
CD2B2_HUMAN	248	97	146
CD2_HUMAN	20	107	57
CD302_HUMAN	16	96	38
CD320_HUMAN	62	109	70
CD33_HUMAN	48	109	52
CD34_HUMAN	4	104	51
CD36_HUMAN	30	102	40
CD37L_HUMAN	30	100	42
CD37_HUMAN	16	100	54
CD38_HUMAN	10	107	47
CD3D_HUMAN	89	99	95
CD3E_HUMAN	63	93	56
CD3G_HUMAN	18	114	52
CD3Z_HUMAN	41	106	54
CD40L_HUMAN	10	119	39
CD44_HUMAN	277	98	199
CD47_HUMAN	71	103	56
CD48_HUMAN	35	90	51
CD4_HUMAN	96	121	104
CD52_HUMAN	7	102	55
CD53_HUMAN	119	114	104
CD59_HUMAN	101	100	70
CD5L_HUMAN	1	109	47
CD5R1_HUMAN	53	103	60
CD5R2_HUMAN	21	91	43
CD5_HUMAN	23	117	58
CD63_HUMAN	117	105	96
CD68_HUMAN	52	110	61
CD69_HUMAN	22	97	61
CD6_HUMAN	155	107	123
CD70_HUMAN	175	98	126
CD72_HUMAN	26	108	50
CD79A_HUMAN	252	95	172
CD79B_HUMAN	123	92	98
CD7_HUMAN	19	109	50
CD80_HUMAN	164	102	121
CD81_HUMAN	464	101	362
CD82_HUMAN	45	112	73
CD83_HUMAN	64	97	85
CD86_HUMAN	8	104	40
CD8A_HUMAN	20	104	48
CD8B_HUMAN	18	104	34
CD97_HUMAN	178	97	102
CD99_HUMAN	76	121	63
CD9_HUMAN	170	93	109
CDA7L_HUMAN	83	93	85
CDAC1_HUMAN	13	106	38
CDAN1_HUMAN	42	108	49
CDC16_HUMAN	233	113	147
CDC20_HUMAN	228	94	141
CDC23_HUMAN	247	130	168
CDC26_HUMAN	56	95	75
CDC27_HUMAN	245	102	162
CDC37_HUMAN	651	102	561
CDC42_HUMAN	1144	98	1529
CDC45_HUMAN	133	83	98
CDC5L_HUMAN	933	85	1048
CDC6_HUMAN	115	117	102
CDC73_HUMAN	411	99	302
CDC7_HUMAN	121	107	87
CDCA2_HUMAN	81	121	71
CDCA3_HUMAN	178	116	138
CDCA4_HUMAN	49	99	72
CDCA5_HUMAN	141	108	121
CDCA7_HUMAN	13	89	43
CDCP1_HUMAN	23	93	54
CDCP2_HUMAN	3	111	31
CDD_HUMAN	59	98	82
CDHR1_HUMAN	6	89	40
CDHR2_HUMAN	15	97	50
CDHR3_HUMAN	7	100	50
CDHR4_HUMAN	68	114	58
CDHR5_HUMAN	19	107	46
CDIPT_HUMAN	173	83	125
CDK10_HUMAN	50	86	52
CDK12_HUMAN	204	109	150
CDK13_HUMAN	158	104	102
CDK14_HUMAN	46	117	57
CDK15_HUMAN	117	96	93
CDK16_HUMAN	140	89	104
CDK17_HUMAN	68	92	71
CDK18_HUMAN	140	97	116
CDK19_HUMAN	90	104	93
CDK1_HUMAN	439	82	306
CDK20_HUMAN	118	100	100
CDK2_HUMAN	800	108	771
CDK3_HUMAN	105	123	97
CDK4_HUMAN	319	103	184
CDK5_HUMAN	274	92	164
CDK6_HUMAN	218	106	161
CDK7_HUMAN	485	94	382
CDK8_HUMAN	215	102	158
CDK9_HUMAN	715	104	658
CDKA1_HUMAN	119	99	102
CDKA2_HUMAN	46	86	51
CDKAL_HUMAN	242	123	143
CDKL1_HUMAN	23	113	40
CDKL2_HUMAN	68	95	62
CDKL3_HUMAN	65	106	68
CDKL4_HUMAN	11	109	40
CDKL5_HUMAN	33	103	48
CDKN3_HUMAN	51	93	49
CDN1A_HUMAN	340	108	217
CDN1B_HUMAN	130	74	111
CDN1C_HUMAN	33	103	48
CDN2B_HUMAN	76	95	76
CDN2C_HUMAN	93	94	75
CDN2D_HUMAN	81	106	60
CDNF_HUMAN	4	113	45
CDO1_HUMAN	14	110	51
CDON_HUMAN	26	102	46
CDR1_HUMAN	7	106	45
CDR2L_HUMAN	93	100	74
CDR2_HUMAN	144	104	106
CDRT1_HUMAN	1	108	32
CDRT4_HUMAN	2	97	40
CDRTF_HUMAN	9	101	45
CDS1_HUMAN	63	104	57
CDS2_HUMAN	117	124	92
CDSN_HUMAN	134	118	92
CDT1_HUMAN	77	114	65
CDV3_HUMAN	89	95	65
CDX1_HUMAN	72	105	66
CDX2_HUMAN	24	106	58
CDX4_HUMAN	9	103	41
CDY1_HUMAN	4	98	34
CDY2_HUMAN	22	92	52
CDYL1_HUMAN	90	122	73
CDYL2_HUMAN	21	112	53
CE004_HUMAN	36	114	49
CE017_HUMAN	1	112	49
CE022_HUMAN	30	94	61
CE024_HUMAN	48	107	64
CE025_HUMAN	51	111	64
CE027_HUMAN	2	110	35
CE028_HUMAN	15	90	47
CE030_HUMAN	33	123	46
CE034_HUMAN	32	121	60
CE035_HUMAN	7	112	47
CE036_HUMAN	9	107	47
CE040_HUMAN	88	105	85
CE042_HUMAN	24	106	40
CE043_HUMAN	1	112	34
CE044_HUMAN	32	97	46
CE045_HUMAN	14	90	47
CE046_HUMAN	14	123	47
CE048_HUMAN	8	118	50
CE049_HUMAN	4	105	41
CE051_HUMAN	35	111	47
CE054_HUMAN	19	89	49
CE055_HUMAN	6	91	62
CE056_HUMAN	2	86	41
CE058_HUMAN	1	93	49
CE060_HUMAN	8	122	31
CE064_HUMAN	3	98	50
CE065_HUMAN	1	102	35
CE104_HUMAN	86	113	84
CE112_HUMAN	31	92	53
CE120_HUMAN	112	98	99
CE128_HUMAN	303	94	191
CE152_HUMAN	194	92	143
CE164_HUMAN	131	116	102
CE170_HUMAN	407	87	293
CE192_HUMAN	285	104	193
CE290_HUMAN	184	108	120
CE350_HUMAN	154	110	104
CE57L_HUMAN	96	96	78
CE85L_HUMAN	37	96	54
CEA16_HUMAN	14	96	57
CEA19_HUMAN	1	108	38
CEA21_HUMAN	81	108	79
CEAM1_HUMAN	19	106	56
CEAM3_HUMAN	4	106	38
CEAM5_HUMAN	13	112	42
CEAM6_HUMAN	256	90	171
CEAM7_HUMAN	4	100	44
CEAM8_HUMAN	127	93	105
CEBPA_HUMAN	486	97	382
CEBPB_HUMAN	1422	89	1890
CEBPD_HUMAN	51	109	52
CEBPE_HUMAN	48	100	60
CEBPG_HUMAN	61	120	54
CEBPZ_HUMAN	251	112	179
CECR1_HUMAN	7	103	43
CECR2_HUMAN	49	103	53
CECR5_HUMAN	105	92	87
CECR6_HUMAN	1	95	39
CEGT_HUMAN	45	112	58
CEI_HUMAN	1	92	40
CEL2A_HUMAN	18	94	38
CEL2B_HUMAN	33	126	53
CEL3A_HUMAN	53	104	55
CEL3B_HUMAN	13	87	51
CELA1_HUMAN	19	96	57
CELF1_HUMAN	255	99	158
CELF2_HUMAN	32	109	47
CELF3_HUMAN	13	96	59
CELF4_HUMAN	9	97	43
CELF5_HUMAN	37	89	63
CELF6_HUMAN	6	105	39
CELR1_HUMAN	76	98	67
CELR2_HUMAN	126	98	98
CELR3_HUMAN	53	103	55
CEL_HUMAN	1	97	51
CEMP1_HUMAN	5	106	42
CEND_HUMAN	13	100	56
CENP1_HUMAN	2	102	43
CENPA_HUMAN	365	106	269
CENPB_HUMAN	133	98	110
CENPC_HUMAN	118	95	75
CENPE_HUMAN	85	119	69
CENPF_HUMAN	136	104	85
CENPH_HUMAN	116	114	91
CENPI_HUMAN	37	94	52
CENPJ_HUMAN	183	97	133
CENPK_HUMAN	38	96	53
CENPL_HUMAN	24	103	55
CENPM_HUMAN	104	117	75
CENPN_HUMAN	59	100	63
CENPO_HUMAN	47	102	55
CENPP_HUMAN	49	107	42
CENPQ_HUMAN	103	103	83
CENPR_HUMAN	93	89	80
CENPS_HUMAN	35	119	52
CENPT_HUMAN	43	100	66
CENPU_HUMAN	112	109	115
CENPV_HUMAN	126	110	85
CENPW_HUMAN	12	107	57
CENPX_HUMAN	26	97	55
CEP19_HUMAN	157	101	119
CEP41_HUMAN	29	116	36
CEP44_HUMAN	185	90	136
CEP55_HUMAN	261	96	172
CEP57_HUMAN	162	103	122
CEP63_HUMAN	529	107	453
CEP68_HUMAN	30	118	51
CEP70_HUMAN	265	102	181
CEP72_HUMAN	123	104	74
CEP76_HUMAN	225	91	151
CEP78_HUMAN	107	88	92
CEP85_HUMAN	167	94	99
CEP89_HUMAN	146	96	112
CEP95_HUMAN	51	91	68
CEP97_HUMAN	170	116	123
CEPT1_HUMAN	73	106	71
CER1_HUMAN	35	88	53
CERK1_HUMAN	90	104	76
CERKL_HUMAN	15	102	51
CERS1_HUMAN	43	98	61
CERS2_HUMAN	228	88	144
CERS3_HUMAN	60	119	70
CERS4_HUMAN	64	99	84
CERS5_HUMAN	43	97	51
CERS6_HUMAN	110	102	90
CERU_HUMAN	66	100	63
CETN1_HUMAN	65	87	53
CETN2_HUMAN	128	112	110
CETN3_HUMAN	82	104	75
CETP_HUMAN	4	92	38
CF001_HUMAN	2	96	35
CF010_HUMAN	3	129	39
CF012_HUMAN	1	111	42
CF015_HUMAN	22	103	42
CF035_HUMAN	52	92	53
CF047_HUMAN	48	90	62
CF057_HUMAN	31	132	52
CF058_HUMAN	16	108	48
CF059_HUMAN	1	109	37
CF062_HUMAN	20	89	39
CF070_HUMAN	1	118	38
CF072_HUMAN	83	103	81
CF081_HUMAN	55	90	54
CF089_HUMAN	13	115	43
CF094_HUMAN	27	114	57
CF099_HUMAN	1	108	37
CF100_HUMAN	1	99	46
CF106_HUMAN	14	109	48
CF118_HUMAN	5	99	38
CF120_HUMAN	50	101	55
CF122_HUMAN	1	115	42
CF123_HUMAN	1	110	35
CF124_HUMAN	1	90	48
CF126_HUMAN	2	112	48
CF127_HUMAN	12	104	44
CF130_HUMAN	15	96	43
CF132_HUMAN	24	91	58
CF134_HUMAN	19	91	41
CF136_HUMAN	9	109	42
CF138_HUMAN	1	116	41
CF141_HUMAN	102	93	100
CF145_HUMAN	7	107	39
CF146_HUMAN	4	100	36
CF154_HUMAN	33	99	45
CF155_HUMAN	1	102	30
CF162_HUMAN	23	95	58
CF163_HUMAN	1	115	45
CF165_HUMAN	65	107	58
CF174_HUMAN	36	93	48
CF176_HUMAN	2	123	34
CF186_HUMAN	1	105	44
CF195_HUMAN	2	116	50
CF201_HUMAN	15	99	44
CF203_HUMAN	306	95	218
CF211_HUMAN	88	98	73
CF218_HUMAN	3	88	32
CF222_HUMAN	31	96	56
CF223_HUMAN	2	81	42
CF225_HUMAN	2	111	44
CF226_HUMAN	8	112	44
CF227_HUMAN	1	105	37
CF228_HUMAN	2	112	45
CFAB_HUMAN	44	111	73
CFAD_HUMAN	6	96	43
CFAH_HUMAN	142	101	113
CFAI_HUMAN	15	117	45
CFC1_HUMAN	127	115	76
CFDP1_HUMAN	74	102	62
CFLAR_HUMAN	78	121	78
CFTR_HUMAN	1865	93	2189
CG010_HUMAN	42	106	54
CG013_HUMAN	1	121	31
CG023_HUMAN	47	108	61
CG025_HUMAN	32	100	56
CG026_HUMAN	26	105	60
CG029_HUMAN	14	105	46
CG031_HUMAN	14	97	57
CG033_HUMAN	4	94	36
CG034_HUMAN	121	84	85
CG038_HUMAN	9	91	46
CG040_HUMAN	1	103	35
CG041_HUMAN	34	105	55
CG043_HUMAN	39	102	54
CG044_HUMAN	49	99	43
CG045_HUMAN	153	106	128
CG046_HUMAN	19	111	47
CG050_HUMAN	195	120	118
CG051_HUMAN	11	110	41
CG052_HUMAN	10	80	48
CG053_HUMAN	9	102	39
CG055_HUMAN	109	106	103
CG057_HUMAN	9	107	49
CG058_HUMAN	1	103	38
CG059_HUMAN	47	101	60
CG060_HUMAN	24	100	54
CG062_HUMAN	1	107	36
CG063_HUMAN	9	108	42
CG069_HUMAN	9	107	36
CG070_HUMAN	3	99	41
CG073_HUMAN	3	114	40
CGAT1_HUMAN	63	98	63
CGAT2_HUMAN	142	102	102
CGB1_HUMAN	4	90	36
CGB2_HUMAN	16	111	51
CGBP1_HUMAN	55	116	56
CGHB_HUMAN	11	113	36
CGL_HUMAN	72	105	68
CGNL1_HUMAN	57	100	65
CGRE1_HUMAN	37	111	56
CGRF1_HUMAN	107	96	86
CGT_HUMAN	94	105	86
CH004_HUMAN	14	86	54
CH031_HUMAN	2	90	38
CH033_HUMAN	185	102	118
CH034_HUMAN	12	113	54
CH037_HUMAN	33	106	50
CH038_HUMAN	6	104	40
CH040_HUMAN	5	94	45
CH042_HUMAN	6	112	35
CH044_HUMAN	3	95	47
CH045_HUMAN	3	94	38
CH046_HUMAN	6	106	44
CH047_HUMAN	39	107	65
CH048_HUMAN	6	92	42
CH051_HUMAN	1	108	34
CH058_HUMAN	3	99	37
CH059_HUMAN	23	100	49
CH071_HUMAN	1	108	41
CH073_HUMAN	8	102	48
CH074_HUMAN	11	92	69
CH076_HUMAN	10	118	48
CH077_HUMAN	27	111	52
CH079_HUMAN	6	107	53
CH082_HUMAN	169	95	124
CH083_HUMAN	4	108	41
CH086_HUMAN	2	100	42
CH10_HUMAN	322	100	192
CH25H_HUMAN	4	124	40
CH3L1_HUMAN	34	110	42
CH3L2_HUMAN	9	117	46
CH60_HUMAN	1093	109	1341
CHAC1_HUMAN	3	102	48
CHAC2_HUMAN	69	125	66
CHADL_HUMAN	3	98	37
CHAD_HUMAN	5	107	45
CHAP1_HUMAN	153	100	110
CHC10_HUMAN	117	95	100
CHCH1_HUMAN	254	124	170
CHCH2_HUMAN	308	107	229
CHCH3_HUMAN,MIC19_HUMAN	294	97	200
CHCH5_HUMAN	13	116	54
CHCH6_HUMAN,MIC25_HUMAN	93	118	88
CHCH7_HUMAN	8	103	44
CHCH8_HUMAN,COA4_HUMAN	25	112	56
CHCH9_HUMAN	31	90	55
CHD1L_HUMAN	128	96	99
CHD1_HUMAN	134	112	100
CHD2_HUMAN	82	125	65
CHD3_HUMAN	773	102	747
CHD4_HUMAN	942	109	1119
CHD5_HUMAN	85	105	63
CHD6_HUMAN	78	110	79
CHD7_HUMAN	164	98	120
CHD8_HUMAN	308	103	200
CHD9_HUMAN	80	111	72
CHDH_HUMAN	32	96	49
CHERP_HUMAN	269	95	170
CHFR_HUMAN	66	102	81
CHIA_HUMAN	56	108	60
CHIC1_HUMAN	12	97	59
CHIC2_HUMAN	70	115	63
CHID1_HUMAN	86	109	87
CHIN_HUMAN	32	96	62
CHIO_HUMAN	29	94	43
CHIP_HUMAN	635	93	544
CHIT1_HUMAN	11	96	55
CHK1_HUMAN	196	98	138
CHK2_HUMAN	221	89	149
CHKA_HUMAN	8	113	51
CHKB_HUMAN	3	106	36
CHL1_HUMAN,NCHL1_HUMAN	10	106	38
CHLE_HUMAN	64	121	61
CHM1A_HUMAN	112	101	87
CHM1B_HUMAN	47	100	66
CHM2A_HUMAN	107	88	92
CHM2B_HUMAN	82	118	67
CHM4A_HUMAN	79	101	74
CHM4B_HUMAN	728	98	662
CHM4C_HUMAN	681	108	625
CHMP3_HUMAN	67	96	65
CHMP5_HUMAN	110	102	95
CHMP6_HUMAN	38	89	62
CHMP7_HUMAN	82	103	80
CHODL_HUMAN	32	131	70
CHP1_HUMAN	99	107	71
CHP2_HUMAN	13	115	56
CHPF2_HUMAN	92	114	90
CHPT1_HUMAN	74	116	82
CHRC1_HUMAN	54	105	58
CHRD1_HUMAN	131	115	84
CHRD_HUMAN	91	121	71
CHSP1_HUMAN	53	109	65
CHSS1_HUMAN	62	97	63
CHSS2_HUMAN	55	91	61
CHSS3_HUMAN	51	99	50
CHST1_HUMAN	6	100	43
CHST2_HUMAN	4	109	44
CHST3_HUMAN	23	114	45
CHST4_HUMAN	7	91	58
CHST5_HUMAN	34	91	50
CHST6_HUMAN	20	103	44
CHST7_HUMAN	30	103	46
CHST8_HUMAN	88	97	79
CHST9_HUMAN	16	127	50
CHSTA_HUMAN	55	101	61
CHSTB_HUMAN	19	99	48
CHSTC_HUMAN	73	95	67
CHSTD_HUMAN	5	98	43
CHSTE_HUMAN	62	116	58
CHSTF_HUMAN	29	101	43
CHTOP_HUMAN	279	105	199
CHUR_HUMAN	20	86	59
CI009_HUMAN	21	98	42
CI016_HUMAN	24	105	47
CI021_HUMAN	3	98	35
CI037_HUMAN	2	103	37
CI040_HUMAN	33	122	51
CI041_HUMAN	57	106	61
CI043_HUMAN	10	88	49
CI045_HUMAN	2	107	32
CI050_HUMAN	1	105	44
CI057_HUMAN	2	80	37
CI062_HUMAN	3	102	37
CI064_HUMAN	43	112	66
CI068_HUMAN	5	126	43
CI071_HUMAN	11	97	42
CI072_HUMAN	1331	89	1681
CI078_HUMAN	619	92	527
CI084_HUMAN	4	109	33
CI085_HUMAN	18	102	43
CI091_HUMAN	28	114	49
CI093_HUMAN	8	105	48
CI098_HUMAN	17	106	40
CI100_HUMAN	55	106	62
CI102_HUMAN	8	103	32
CI106_HUMAN	3	92	49
CI114_HUMAN	81	106	66
CI116_HUMAN	2	109	47
CI117_HUMAN	5	100	47
CI119_HUMAN	3	91	42
CI123_HUMAN	9	112	46
CI128_HUMAN	23	88	32
CI131_HUMAN	4	105	42
CI134_HUMAN	1	93	39
CI135_HUMAN	1	96	41
CI139_HUMAN	4	90	46
CI140_HUMAN	35	86	50
CI142_HUMAN	37	98	46
CI152_HUMAN	5	96	41
CI153_HUMAN	1	102	43
CI163_HUMAN	50	85	62
CI169_HUMAN	534	93	452
CI170_HUMAN	14	108	46
CI171_HUMAN	6	92	36
CI172_HUMAN	3	100	31
CI173_HUMAN	10	103	43
CI174_HUMAN	32	113	50
CIA30_HUMAN	171	125	118
CIAO1_HUMAN	336	105	241
CIB1_HUMAN	74	99	76
CIB2_HUMAN	123	90	98
CIB3_HUMAN	63	105	55
CIB4_HUMAN	9	90	37
CIC_HUMAN	660	82	568
CIDEA_HUMAN	15	105	51
CIDEB_HUMAN	75	107	74
CIDEC_HUMAN	15	89	46
CIKS_HUMAN	43	101	58
CILP1_HUMAN	4	106	45
CILP2_HUMAN	31	97	52
CING_HUMAN	157	105	120
CINP_HUMAN	65	108	65
CIP1_HUMAN	17	109	51
CIP2A_HUMAN	199	93	128
CIP4_HUMAN	113	111	83
CIR1A_HUMAN	202	107	129
CIR1_HUMAN	75	120	59
CIRBP_HUMAN	163	101	110
CISD1_HUMAN	99	115	85
CISD2_HUMAN	261	114	217
CISD3_HUMAN	130	108	105
CISH_HUMAN	30	113	50
CISY_HUMAN	485	101	388
CITE1_HUMAN	36	111	53
CITE2_HUMAN	16	105	58
CITE4_HUMAN	5	83	48
CIZ1_HUMAN	55	93	66
CJ011_HUMAN	7	108	51
CJ012_HUMAN	52	107	52
CJ025_HUMAN	3	98	35
CJ032_HUMAN	41	108	46
CJ035_HUMAN	95	86	84
CJ040_HUMAN	1	107	37
CJ046_HUMAN	22	95	43
CJ047_HUMAN	57	96	58
CJ053_HUMAN	15	100	39
CJ055_HUMAN	60	111	70
CJ057_HUMAN	46	118	54
CJ062_HUMAN	14	95	42
CJ067_HUMAN	15	118	55
CJ068_HUMAN	28	109	50
CJ071_HUMAN	12	107	42
CJ072_HUMAN	12	92	50
CJ076_HUMAN	18	106	58
CJ079_HUMAN	7	106	40
CJ081_HUMAN	7	94	36
CJ082_HUMAN	14	98	52
CJ084_HUMAN	24	112	39
CJ085_HUMAN	1	99	40
CJ088_HUMAN	118	112	89
CJ090_HUMAN	9	107	38
CJ091_HUMAN	12	87	44
CJ092_HUMAN	14	98	40
CJ095_HUMAN	2	90	45
CJ107_HUMAN	28	101	51
CJ109_HUMAN	2	115	47
CJ110_HUMAN	3	125	44
CJ114_HUMAN	2	95	39
CJ118_HUMAN	33	108	54
CJ120_HUMAN	4	104	48
CJ122_HUMAN	3	108	45
CJ125_HUMAN	20	123	51
CJ131_HUMAN	2	96	45
CK001_HUMAN	41	99	58
CK010_HUMAN	43	81	50
CK016_HUMAN	14	108	49
CK020_HUMAN	3	95	35
CK024_HUMAN	16	113	38
CK035_HUMAN	21	124	49
CK036_HUMAN	1	116	55
CK041_HUMAN	5	99	36
CK042_HUMAN	2	111	47
CK045_HUMAN	8	100	42
CK048_HUMAN	13	78	61
CK049_HUMAN	89	88	81
CK051_HUMAN	124	103	90
CK052_HUMAN	307	111	233
CK053_HUMAN	3	105	52
CK054_HUMAN	49	94	70
CK057_HUMAN	163	114	120
CK063_HUMAN	6	98	42
CK065_HUMAN	11	113	59
CK067_HUMAN	40	108	58
CK068_HUMAN	18	94	43
CK070_HUMAN	12	100	48
CK071_HUMAN	7	101	42
CK074_HUMAN	25	92	49
CK075_HUMAN	63	96	59
CK080_HUMAN	1	115	46
CK083_HUMAN	26	92	38
CK084_HUMAN	62	108	45
CK085_HUMAN	10	91	43
CK087_HUMAN	55	110	67
CK2N1_HUMAN	7	98	35
CK2N2_HUMAN	5	102	39
CK5P1_HUMAN	109	107	86
CK5P2_HUMAN	305	107	185
CK5P3_HUMAN	190	124	136
CKAP2_HUMAN	133	100	100
CKAP4_HUMAN	630	97	542
CKAP5_HUMAN	307	112	203
CKLF1_HUMAN	3	120	37
CKLF2_HUMAN	18	114	43
CKLF3_HUMAN	30	105	61
CKLF4_HUMAN	39	106	64
CKLF5_HUMAN	239	101	174
CKLF6_HUMAN	93	114	81
CKLF7_HUMAN	50	103	51
CKLF8_HUMAN	66	100	77
CKLF_HUMAN	5	103	40
CKP2L_HUMAN	34	112	43
CKS1_HUMAN	95	114	85
CKS2_HUMAN	50	101	57
CL004_HUMAN	12	91	61
CL012_HUMAN	13	104	49
CL023_HUMAN	101	107	84
CL026_HUMAN	10	100	42
CL027_HUMAN	1	111	40
CL028_HUMAN	2	95	46
CL029_HUMAN	12	98	42
CL032_HUMAN	21	85	48
CL035_HUMAN	53	99	59
CL040_HUMAN	5	91	44
CL043_HUMAN	49	95	45
CL045_HUMAN	28	129	47
CL047_HUMAN	2	102	46
CL049_HUMAN	46	97	54
CL050_HUMAN	2	93	32
CL053_HUMAN	15	83	51
CL055_HUMAN	11	101	51
CL059_HUMAN	104	95	79
CL060_HUMAN	2	101	36
CL061_HUMAN	1	112	29
CL065_HUMAN	225	97	159
CL066_HUMAN	12	111	40
CL068_HUMAN	13	111	47
CL069_HUMAN	6	92	40
CL070_HUMAN	1	91	42
CL071_HUMAN	1	110	41
CL072_HUMAN	28	97	53
CL073_HUMAN	10	104	42
CL074_HUMAN	127	103	90
CL076_HUMAN	1	92	39
CL12A_HUMAN	38	101	55
CL12B_HUMAN	190	114	128
CL16A_HUMAN	620	102	557
CL17A_HUMAN	24	96	46
CL18A_HUMAN	16	100	49
CL18C_HUMAN	1	97	32
CL19A_HUMAN	1	124	49
CL3L1_HUMAN	42	98	54
CLAP1_HUMAN	139	106	81
CLAP2_HUMAN	151	86	103
CLASR_HUMAN	78	113	79
CLAT_HUMAN	10	98	45
CLC10_HUMAN	31	114	42
CLC11_HUMAN	123	105	104
CLC14_HUMAN	84	83	91
CLC1A_HUMAN	17	109	45
CLC1B_HUMAN	5	88	42
CLC2A_HUMAN	7	109	34
CLC2B_HUMAN	151	110	97
CLC2D_HUMAN	209	93	162
CLC2L_HUMAN	2	114	37
CLC3A_HUMAN	57	91	64
CLC4A_HUMAN	115	108	93
CLC4C_HUMAN	28	93	58
CLC4D_HUMAN	259	97	182
CLC4E_HUMAN	354	101	248
CLC4F_HUMAN	9	122	56
CLC4G_HUMAN	84	96	88
CLC4K_HUMAN	24	100	43
CLC4M_HUMAN	18	97	51
CLC5A_HUMAN	19	102	56
CLC7A_HUMAN	54	104	63
CLCA1_HUMAN	8	113	32
CLCA2_HUMAN	7	89	31
CLCA4_HUMAN	25	98	62
CLCA_HUMAN	363	101	270
CLCB_HUMAN	188	95	115
CLCC1_HUMAN	225	95	147
CLCF1_HUMAN	14	119	55
CLCKA_HUMAN	27	90	49
CLCKB_HUMAN	1	110	42
CLCN1_HUMAN	12	89	32
CLCN2_HUMAN	41	99	55
CLCN3_HUMAN	74	88	64
CLCN4_HUMAN	18	114	40
CLCN5_HUMAN	45	112	54
CLCN6_HUMAN	16	119	38
CLCN7_HUMAN	165	100	117
CLD10_HUMAN	23	104	43
CLD11_HUMAN	13	90	44
CLD12_HUMAN	10	78	44
CLD14_HUMAN	4	100	38
CLD15_HUMAN	4	116	46
CLD16_HUMAN	1	105	40
CLD17_HUMAN	4	120	54
CLD18_HUMAN	5	106	41
CLD19_HUMAN	70	97	62
CLD1_HUMAN	27	115	52
CLD20_HUMAN	10	95	49
CLD22_HUMAN	7	79	45
CLD23_HUMAN	2	103	39
CLD2_HUMAN	33	105	52
CLD3_HUMAN	24	111	35
CLD4_HUMAN	72	118	82
CLD5_HUMAN	39	92	64
CLD6_HUMAN	9	100	47
CLD7_HUMAN	85	108	63
CLD8_HUMAN	13	95	39
CLD9_HUMAN	19	127	51
CLDN1_HUMAN	84	102	70
CLDN2_HUMAN	29	111	54
CLGN_HUMAN	525	85	422
CLH1_HUMAN	723	105	667
CLH2_HUMAN	195	111	132
CLIC1_HUMAN	182	110	117
CLIC2_HUMAN	16	110	47
CLIC3_HUMAN	65	91	69
CLIC4_HUMAN	137	121	102
CLIC5_HUMAN	17	105	36
CLIC6_HUMAN	29	94	57
CLIP1_HUMAN	194	96	130
CLIP2_HUMAN	50	101	55
CLIP3_HUMAN	19	106	59
CLIP4_HUMAN	53	109	63
CLK1_HUMAN	83	99	73
CLK2_HUMAN	204	98	140
CLK3_HUMAN	217	98	136
CLK4_HUMAN	42	100	54
CLM1_HUMAN	7	107	44
CLM2_HUMAN	20	111	45
CLM4_HUMAN	8	94	53
CLM6_HUMAN	21	104	51
CLM7_HUMAN	10	93	46
CLM8_HUMAN	14	91	50
CLM9_HUMAN	7	102	48
CLMN_HUMAN	67	88	66
CLMP_HUMAN	8	88	49
CLN3_HUMAN	124	100	88
CLN5_HUMAN	67	113	55
CLN6_HUMAN	131	89	102
CLN8_HUMAN	31	92	47
CLNK_HUMAN	29	106	39
CLOCK_HUMAN	88	97	89
CLP1L_HUMAN	130	93	96
CLP1_HUMAN	68	128	60
CLPB_HUMAN	259	101	163
CLPH_HUMAN	15	109	53
CLPP_HUMAN	573	104	487
CLPT1_HUMAN	159	117	100
CLPX_HUMAN	223	100	150
CLRN1_HUMAN	28	102	52
CLRN2_HUMAN	78	102	79
CLRN3_HUMAN	12	107	40
CLSPN_HUMAN	82	99	69
CLTR1_HUMAN	2	92	35
CLTR2_HUMAN	27	100	49
CLU1O_HUMAN	5	89	38
CLUA1_HUMAN	224	102	151
CLUL1_HUMAN	2	98	32
CLUS_HUMAN	316	117	238
CLVS1_HUMAN	3	114	39
CLVS2_HUMAN	22	88	41
CLYBL_HUMAN	16	92	38
CM016_HUMAN	46	101	48
CM028_HUMAN	1	118	41
CM029_HUMAN	8	110	44
CM031_HUMAN	40	138	58
CM033_HUMAN	7	96	41
CM035_HUMAN	1	93	45
CM036_HUMAN	13	97	46
CM038_HUMAN	2	97	49
CM039_HUMAN	18	115	59
CMA1_HUMAN	59	104	63
CMAH_HUMAN	1	100	43
CMBL_HUMAN	96	111	82
CMC1_HUMAN	251	111	161
CMC2_HUMAN	339	88	207
CMGA_HUMAN	17	119	37
CMIP_HUMAN	32	99	63
CMKMT_HUMAN	13	107	39
CML1_HUMAN	105	98	86
CMTA1_HUMAN	9	94	56
CMTA2_HUMAN	14	106	45
CMTD1_HUMAN	221	110	146
CMYA5_HUMAN	36	115	59
CN021_HUMAN	141	108	108
CN025_HUMAN	5	102	39
CN037_HUMAN	9	114	39
CN038_HUMAN	8	105	43
CN043_HUMAN	126	100	83
CN045_HUMAN	6	107	48
CN048_HUMAN	19	98	43
CN053_HUMAN	32	105	42
CN070_HUMAN	2	120	40
CN073_HUMAN	4	99	32
CN079_HUMAN	5	109	40
CN080_HUMAN	56	122	68
CN083_HUMAN	43	110	52
CN093_HUMAN	8	104	37
CN101_HUMAN	15	84	52
CN102_HUMAN	34	103	56
CN105_HUMAN	34	102	53
CN109_HUMAN	1	110	46
CN115_HUMAN	19	102	50
CN118_HUMAN	70	109	66
CN119_HUMAN	64	125	74
CN132_HUMAN	1	101	35
CN135_HUMAN	9	115	29
CN138_HUMAN	16	97	44
CN139_HUMAN	6	104	34
CN142_HUMAN	18	119	50
CN148_HUMAN	1	106	27
CN159_HUMAN	29	107	54
CN166_HUMAN	234	111	154
CN16B_HUMAN	6	128	52
CN174_HUMAN	1	93	39
CN176_HUMAN	2	109	25
CN178_HUMAN	1	108	43
CN180_HUMAN	49	96	59
CN182_HUMAN	21	94	50
CN183_HUMAN	2	92	42
CN37_HUMAN	210	108	143
CNBD1_HUMAN	7	106	41
CNBP1_HUMAN	46	89	68
CNBP_HUMAN	291	98	209
CNCG_HUMAN	12	90	49
CND1_HUMAN	219	105	142
CND2_HUMAN	314	90	207
CND3_HUMAN	210	87	136
CNDD3_HUMAN	337	91	221
CNDG2_HUMAN	115	111	100
CNDH2_HUMAN	170	98	106
CNDP1_HUMAN	16	95	43
CNDP2_HUMAN	134	100	86
CNEP1_HUMAN	71	113	72
CNFN_HUMAN	17	90	60
CNGA1_HUMAN	5	106	48
CNGA2_HUMAN	2	101	33
CNGA3_HUMAN	40	101	46
CNGA4_HUMAN	41	119	53
CNGB1_HUMAN	5	118	33
CNGB3_HUMAN	6	112	39
CNIH2_HUMAN	10	106	52
CNIH3_HUMAN	29	77	53
CNIH4_HUMAN	74	97	75
CNIH_HUMAN,CNIH1_HUMAN	34	101	59
CNKR1_HUMAN	40	113	50
CNKR2_HUMAN	22	98	46
CNKR3_HUMAN	54	89	62
CNN1_HUMAN	34	96	55
CNN2_HUMAN	91	98	73
CNN3_HUMAN	127	107	76
CNNM1_HUMAN	83	111	72
CNNM2_HUMAN	45	113	59
CNNM3_HUMAN	188	104	112
CNNM4_HUMAN	81	112	78
CNO6L_HUMAN	90	92	76
CNOT1_HUMAN	284	97	196
CNOT2_HUMAN	173	93	127
CNOT3_HUMAN	181	90	118
CNOT4_HUMAN	62	87	62
CNOT6_HUMAN	60	116	68
CNOT7_HUMAN	137	102	115
CNOT8_HUMAN	77	87	70
CNOTA_HUMAN,CNO10_HUMAN	145	104	101
CNO_HUMAN,BL1S4_HUMAN	19	111	32
CNPD1_HUMAN	8	90	38
CNPY2_HUMAN	58	77	67
CNPY3_HUMAN	200	107	134
CNPY4_HUMAN	23	89	45
CNR1_HUMAN	16	114	46
CNR2_HUMAN	112	93	85
CNRG_HUMAN	11	96	47
CNRP1_HUMAN	21	110	49
CNST_HUMAN	17	99	52
CNT3B_HUMAN	50	100	61
CNTD1_HUMAN	3	114	45
CNTFR_HUMAN	26	92	48
CNTF_HUMAN	29	110	45
CNTLN_HUMAN	23	107	38
CNTN1_HUMAN	66	97	73
CNTN2_HUMAN	45	98	55
CNTN4_HUMAN	8	92	50
CNTN5_HUMAN	2	109	36
CNTN6_HUMAN	1	95	41
CNTP1_HUMAN	96	103	80
CNTP2_HUMAN	20	108	57
CNTP3_HUMAN	121	103	97
CNTP4_HUMAN	25	108	37
CNTP5_HUMAN	5	104	38
CNTRB_HUMAN	176	114	133
CNTRL_HUMAN	200	92	144
CO002_HUMAN	8	106	40
CO017_HUMAN	22	116	56
CO026_HUMAN	13	110	36
CO027_HUMAN	14	107	56
CO028_HUMAN	2	99	33
CO029_HUMAN	59	100	73
CO032_HUMAN	13	111	43
CO033_HUMAN	15	102	52
CO037_HUMAN	2	90	46
CO038_HUMAN	33	99	44
CO039_HUMAN	80	95	88
CO040_HUMAN	9	109	37
CO041_HUMAN	31	101	41
CO043_HUMAN	1	118	39
CO044_HUMAN	96	95	81
CO052_HUMAN	21	95	63
CO053_HUMAN	5	99	42
CO054_HUMAN	2	97	48
CO057_HUMAN	16	121	62
CO059_HUMAN	169	103	132
CO060_HUMAN	1	100	42
CO061_HUMAN	10	93	46
CO062_HUMAN	1	91	43
CO1A1_HUMAN	171	119	119
CO1A2_HUMAN	72	107	76
CO2A1_HUMAN	46	103	50
CO2_HUMAN	13	99	50
CO3A1_HUMAN	39	112	54
CO3_HUMAN	174	118	113
CO4A1_HUMAN	33	96	43
CO4A2_HUMAN	62	123	70
CO4A3_HUMAN	16	106	56
CO4A4_HUMAN	9	82	49
CO4A5_HUMAN	58	92	59
CO4A6_HUMAN	19	113	48
CO4A_HUMAN	96	88	90
CO4B_HUMAN	31	108	44
CO5A1_HUMAN	66	111	66
CO5A2_HUMAN	22	81	51
CO5A3_HUMAN	11	94	49
CO5_HUMAN	36	96	37
CO6A1_HUMAN	122	100	82
CO6A2_HUMAN	97	102	74
CO6A3_HUMAN	25	87	46
CO6A5_HUMAN	4	112	46
CO6A6_HUMAN	10	102	42
CO6_HUMAN	20	105	48
CO7A1_HUMAN	26	107	62
CO7_HUMAN	11	102	40
CO8A1_HUMAN	137	102	104
CO8A2_HUMAN	42	101	60
CO8A_HUMAN	22	83	49
CO8B_HUMAN	7	83	45
CO8G_HUMAN	9	99	53
CO9A1_HUMAN	13	104	35
CO9A2_HUMAN	14	91	53
CO9A3_HUMAN	8	93	45
CO9_HUMAN	19	105	42
COA5_HUMAN	20	101	39
COAA1_HUMAN	58	95	66
COAC_HUMAN	17	99	50
COASY_HUMAN	93	97	70
COBA1_HUMAN	28	105	55
COBA2_HUMAN	11	104	43
COBL1_HUMAN	69	111	58
COBL_HUMAN	79	121	74
COCA1_HUMAN	57	98	68
COCH_HUMAN	51	76	78
CODA1_HUMAN	11	99	38
COE1_HUMAN	14	102	49
COE2_HUMAN	58	93	55
COE3_HUMAN	25	99	44
COE4_HUMAN	2	96	50
COEA1_HUMAN	99	101	69
COF1_HUMAN	397	113	281
COF2_HUMAN	129	89	110
COFA1_HUMAN	8	106	33
COG1_HUMAN	88	93	64
COG2_HUMAN	100	102	83
COG3_HUMAN	96	110	67
COG4_HUMAN	124	102	93
COG5_HUMAN	74	118	76
COG6_HUMAN	171	103	124
COG7_HUMAN	82	101	62
COG8_HUMAN	44	111	57
COGA1_HUMAN	22	122	59
COHA1_HUMAN	38	103	42
COIA1_HUMAN	90	98	68
COIL_HUMAN	564	95	466
COJA1_HUMAN	1	121	35
COKA1_HUMAN	27	92	50
COL10_HUMAN	23	115	47
COL11_HUMAN	25	94	54
COL12_HUMAN	76	131	79
COLA1_HUMAN	10	108	50
COLI_HUMAN	30	100	52
COLL1_HUMAN	7	112	55
COLL2_HUMAN	1	112	40
COLQ_HUMAN	32	97	55
COL_HUMAN	2	114	37
COM1_HUMAN	116	117	96
COMA1_HUMAN	16	99	48
COMD1_HUMAN	117	99	89
COMD2_HUMAN	90	104	71
COMD3_HUMAN	79	102	65
COMD4_HUMAN	113	116	77
COMD5_HUMAN	55	100	70
COMD6_HUMAN	54	96	65
COMD7_HUMAN	26	119	57
COMD8_HUMAN	68	107	61
COMD9_HUMAN	43	109	58
COMDA_HUMAN	42	95	61
COMP_HUMAN	22	117	54
COMT_HUMAN	184	92	121
CONA1_HUMAN	13	89	50
COOA1_HUMAN	6	100	49
COPA1_HUMAN	9	100	50
COPA_HUMAN	431	103	277
COPB2_HUMAN	394	100	285
COPB_HUMAN	316	125	192
COPD_HUMAN	247	98	141
COPE_HUMAN	329	82	236
COPG1_HUMAN	243	102	165
COPG2_HUMAN	169	113	127
COPR5_HUMAN,COPRS_HUMAN	73	90	61
COPT1_HUMAN	277	95	195
COPT2_HUMAN	34	92	62
COPZ1_HUMAN	134	108	95
COPZ2_HUMAN	14	92	44
COQ2_HUMAN	98	101	89
COQ3_HUMAN	66	98	76
COQ4_HUMAN	44	122	53
COQ5_HUMAN	120	90	105
COQ6_HUMAN	93	106	63
COQ7_HUMAN	55	99	79
COQ9_HUMAN	275	89	188
COR1A_HUMAN	162	90	114
COR1B_HUMAN	210	113	137
COR1C_HUMAN	364	109	249
COR2A_HUMAN	66	99	67
COR2B_HUMAN	56	100	66
CORA1_HUMAN	7	111	48
CORIN_HUMAN	5	111	40
CORO6_HUMAN	38	103	55
CORO7_HUMAN	59	91	78
CORT_HUMAN	19	104	63
COSA1_HUMAN	4	106	36
COT1_HUMAN	54	110	64
COT2_HUMAN	146	108	91
COTL1_HUMAN	58	122	59
COX10_HUMAN	7	102	60
COX11_HUMAN	39	117	57
COX14_HUMAN	146	100	114
COX15_HUMAN	355	128	238
COX16_HUMAN	26	104	50
COX17_HUMAN	68	106	75
COX18_HUMAN	7	109	38
COX19_HUMAN	8	99	50
COX1_HUMAN	74	104	74
COX20_HUMAN	52	86	71
COX2_HUMAN	234	108	170
COX3_HUMAN	52	103	73
COX41_HUMAN	438	108	356
COX42_HUMAN	23	90	52
COX5A_HUMAN	245	110	174
COX5B_HUMAN	185	108	125
COX6C_HUMAN	152	126	108
COX7B_HUMAN	21	104	46
COX7C_HUMAN	95	91	84
COX7R_HUMAN	98	103	66
COX7S_HUMAN	1	106	38
COX8A_HUMAN	323	113	226
COXAM_HUMAN	10	101	42
COXM1_HUMAN	6	102	42
COXM2_HUMAN	21	115	43
CP003_HUMAN	1	138	43
CP007_HUMAN	37	110	55
CP011_HUMAN	97	91	86
CP013_HUMAN	10	86	42
CP045_HUMAN	26	111	39
CP046_HUMAN	3	100	42
CP047_HUMAN	1	110	44
CP048_HUMAN	237	106	179
CP054_HUMAN	15	107	56
CP055_HUMAN	20	92	41
CP057_HUMAN	47	89	61
CP058_HUMAN	209	103	172
CP059_HUMAN	21	110	51
CP062_HUMAN	48	116	51
CP065_HUMAN	8	105	28
CP068_HUMAN	25	94	41
CP070_HUMAN	54	99	69
CP071_HUMAN	33	112	56
CP072_HUMAN	461	106	376
CP073_HUMAN	4	89	35
CP074_HUMAN	6	127	40
CP078_HUMAN	3	105	38
CP079_HUMAN	212	105	132
CP080_HUMAN	93	98	78
CP087_HUMAN	47	94	51
CP088_HUMAN	237	94	156
CP089_HUMAN	1	104	37
CP090_HUMAN	1	99	45
CP092_HUMAN	18	102	40
CP093_HUMAN	3	104	49
CP096_HUMAN	9	108	49
CP110_HUMAN	198	100	153
CP11A_HUMAN	6	125	38
CP135_HUMAN	483	95	358
CP17A_HUMAN	16	107	43
CP19A_HUMAN	41	103	55
CP1A1_HUMAN	77	113	73
CP1A2_HUMAN	10	103	41
CP1B1_HUMAN	12	96	51
CP20A_HUMAN	23	91	45
CP21A_HUMAN	22	115	45
CP24A_HUMAN	56	97	66
CP250_HUMAN	297	113	181
CP26A_HUMAN	3	101	41
CP26B_HUMAN	28	129	54
CP26C_HUMAN	1	98	34
CP27A_HUMAN	18	104	46
CP27B_HUMAN	2	113	42
CP2A6_HUMAN	5	102	49
CP2A7_HUMAN	2	110	34
CP2AD_HUMAN	5	104	42
CP2B6_HUMAN	8	107	44
CP2C8_HUMAN	19	97	53
CP2C9_HUMAN	101	118	103
CP2CI_HUMAN	26	111	62
CP2CJ_HUMAN	5	108	30
CP2D6_HUMAN	1	112	53
CP2E1_HUMAN	15	113	43
CP2J2_HUMAN	33	107	53
CP2R1_HUMAN	1	88	33
CP2S1_HUMAN	90	103	85
CP2U1_HUMAN	8	105	48
CP2W1_HUMAN	14	90	45
CP343_HUMAN	21	102	46
CP39A_HUMAN	5	98	50
CP3A4_HUMAN	11	110	42
CP3A5_HUMAN	11	104	47
CP3A7_HUMAN	5	102	39
CP46A_HUMAN	4	100	42
CP4AB_HUMAN	3	110	36
CP4AM_HUMAN	2	97	48
CP4B1_HUMAN	3	99	37
CP4F2_HUMAN	47	89	59
CP4F3_HUMAN	5	108	50
CP4F8_HUMAN	9	100	45
CP4FB_HUMAN	5	109	40
CP4FC_HUMAN	11	106	39
CP4FN_HUMAN	15	109	46
CP4V2_HUMAN	7	92	38
CP4X1_HUMAN	18	108	46
CP4Z2_HUMAN	1	112	50
CP51A_HUMAN	160	115	117
CP7B1_HUMAN	4	96	37
CP8B1_HUMAN	6	113	43
CPEB1_HUMAN	140	113	109
CPEB2_HUMAN	36	97	39
CPEB3_HUMAN	8	90	43
CPEB4_HUMAN	152	109	112
CPIN1_HUMAN	95	110	83
CPLX1_HUMAN	42	92	49
CPLX2_HUMAN	23	101	59
CPLX3_HUMAN	25	116	55
CPLX4_HUMAN	110	119	94
CPMD8_HUMAN	5	101	43
CPN2_HUMAN	3	122	41
CPNE1_HUMAN	74	102	60
CPNE2_HUMAN	114	126	93
CPNE3_HUMAN	121	98	73
CPNE4_HUMAN	42	98	67
CPNE5_HUMAN	41	114	39
CPNE6_HUMAN	19	98	52
CPNE7_HUMAN	85	93	77
CPNE8_HUMAN	102	100	72
CPNE9_HUMAN	20	104	50
CPNS1_HUMAN	130	112	85
CPNS2_HUMAN	50	110	58
CPPED_HUMAN	19	118	43
CPS4L_HUMAN	7	111	35
CPSF1_HUMAN	220	91	145
CPSF2_HUMAN	160	88	119
CPSF3_HUMAN	145	96	105
CPSF4_HUMAN	94	118	88
CPSF5_HUMAN	341	94	248
CPSF6_HUMAN	518	91	409
CPSF7_HUMAN	331	107	210
CPSM_HUMAN	152	99	95
CPT1A_HUMAN	197	102	146
CPT1B_HUMAN	7	120	53
CPT1C_HUMAN	3	101	38
CPT2_HUMAN	79	107	77
CPVL_HUMAN	643	102	527
CPXCR_HUMAN	7	96	48
CPXM1_HUMAN	3	113	41
CPXM2_HUMAN	5	105	38
CPZIP_HUMAN	7	116	49
CQ037_HUMAN	19	95	56
CQ039_HUMAN	75	99	80
CQ044_HUMAN	2	126	33
CQ046_HUMAN	4	106	42
CQ047_HUMAN	3	115	45
CQ050_HUMAN	12	115	40
CQ051_HUMAN	4	112	46
CQ053_HUMAN	41	98	51
CQ055_HUMAN	1	92	40
CQ056_HUMAN	165	96	117
CQ057_HUMAN	6	103	59
CQ059_HUMAN	171	101	120
CQ061_HUMAN	18	90	47
CQ062_HUMAN	91	95	90
CQ063_HUMAN	37	110	58
CQ064_HUMAN	1	102	35
CQ065_HUMAN	3	80	31
CQ066_HUMAN	6	101	38
CQ067_HUMAN	2	100	43
CQ076_HUMAN	1	97	43
CQ077_HUMAN	2	98	43
CQ078_HUMAN	11	125	40
CQ080_HUMAN	272	84	203
CQ082_HUMAN	16	118	48
CQ085_HUMAN	158	123	111
CQ087_HUMAN	5	89	41
CQ089_HUMAN	146	103	121
CQ090_HUMAN	54	98	56
CQ091_HUMAN	2	116	40
CQ096_HUMAN	28	100	59
CQ097_HUMAN	6	101	42
CQ098_HUMAN	1	105	37
CQ099_HUMAN	1	95	34
CQ101_HUMAN	41	105	52
CQ102_HUMAN	5	109	39
CQ104_HUMAN	18	105	51
CQ105_HUMAN	8	114	32
CQ109_HUMAN	42	123	42
CQ10A_HUMAN	63	105	69
CQ10B_HUMAN	28	99	54
CR001_HUMAN	63	114	64
CR002_HUMAN	1	105	50
CR016_HUMAN	1	95	38
CR018_HUMAN	7	111	41
CR020_HUMAN	1	118	37
CR021_HUMAN	161	109	121
CR025_HUMAN	128	83	90
CR032_HUMAN	12	108	47
CR034_HUMAN	6	104	51
CR042_HUMAN	1	101	46
CR056_HUMAN	14	110	50
CR062_HUMAN	3	105	35
CR063_HUMAN	10	89	48
CR1L_HUMAN	7	112	37
CR1_HUMAN	14	126	49
CR2_HUMAN	14	102	41
CR3L1_HUMAN	204	99	148
CR3L2_HUMAN	330	103	250
CR3L3_HUMAN	59	97	64
CR3L4_HUMAN	12	120	47
CRAC1_HUMAN	27	90	52
CRADD_HUMAN	24	124	41
CRBA1_HUMAN	24	106	38
CRBA2_HUMAN	28	84	57
CRBA4_HUMAN	38	107	53
CRBB1_HUMAN	18	85	48
CRBB2_HUMAN	9	117	45
CRBB3_HUMAN	69	102	69
CRBG3_HUMAN	85	113	90
CRBL2_HUMAN	9	100	41
CRBN_HUMAN	177	114	143
CRBS_HUMAN	12	100	44
CRCM1_HUMAN	50	97	54
CRCM_HUMAN	395	102	318
CRCT1_HUMAN	66	114	59
CRDL1_HUMAN	11	120	45
CRDL2_HUMAN	34	115	60
CREB1_HUMAN	223	104	149
CREB3_HUMAN	250	101	196
CREB5_HUMAN	163	104	114
CREG1_HUMAN	30	111	51
CREG2_HUMAN	3	105	38
CREL1_HUMAN	176	113	140
CREL2_HUMAN	94	124	82
CREM_HUMAN	71	113	64
CRERF_HUMAN	13	91	45
CREST_HUMAN	100	139	69
CRFM7_HUMAN	2	98	36
CRFR1_HUMAN	12	116	41
CRFR2_HUMAN	7	114	44
CRF_HUMAN	22	115	49
CRGA_HUMAN	5	96	53
CRGB_HUMAN	2	95	52
CRGC_HUMAN	10	99	46
CRGD_HUMAN	15	95	51
CRGN_HUMAN	11	118	37
CRHBP_HUMAN	29	104	62
CRIM1_HUMAN	33	95	47
CRIP1_HUMAN	52	122	70
CRIP2_HUMAN	48	108	60
CRIP3_HUMAN	2	100	47
CRIPT_HUMAN	30	86	49
CRIS1_HUMAN	1	98	37
CRIS2_HUMAN	43	103	44
CRIS3_HUMAN	8	121	41
CRKL_HUMAN	220	116	150
CRK_HUMAN	461	105	354
CRLD1_HUMAN	7	97	46
CRLD2_HUMAN	2	94	52
CRLF1_HUMAN	75	104	63
CRLF2_HUMAN	60	109	59
CRLF3_HUMAN	39	86	61
CRLS1_HUMAN	2	90	36
CRML_HUMAN	41	96	60
CRNL1_HUMAN	181	96	98
CRNN_HUMAN	88	109	71
CRNS1_HUMAN	3	100	38
CROC4_HUMAN	3	101	45
CROCC_HUMAN	68	97	66
CROL1_HUMAN	15	104	49
CROL2_HUMAN	1	95	31
CRPAK_HUMAN	6	110	56
CRP_HUMAN	104	106	89
CRSPL_HUMAN	3	86	44
CRTAM_HUMAN	1	105	44
CRTAP_HUMAN	99	103	73
CRTC1_HUMAN	27	111	50
CRTC2_HUMAN	66	110	60
CRTC3_HUMAN	65	110	59
CRUM1_HUMAN	18	82	55
CRUM2_HUMAN	7	114	45
CRUM3_HUMAN	29	109	59
CRX_HUMAN	253	107	170
CRY1_HUMAN	223	103	141
CRY2_HUMAN	186	100	138
CRYAA_HUMAN	73	113	68
CRYAB_HUMAN	165	98	131
CRYL1_HUMAN	56	104	59
CRYM_HUMAN	12	124	45
CS010_HUMAN	71	104	78
CS012_HUMAN	1	107	33
CS018_HUMAN	11	119	64
CS021_HUMAN	181	95	133
CS022_HUMAN	7	99	57
CS024_HUMAN	8	123	40
CS025_HUMAN	104	99	83
CS028_HUMAN	83	95	79
CS029_HUMAN	106	90	74
CS034_HUMAN	4	106	45
CS035_HUMAN	10	103	44
CS036_HUMAN	1	100	40
CS041_HUMAN	1	117	45
CS042_HUMAN	4	96	40
CS043_HUMAN	57	100	52
CS044_HUMAN	29	118	50
CS045_HUMAN	20	106	39
CS047_HUMAN	33	99	55
CS048_HUMAN	5	91	40
CS052_HUMAN	142	109	92
CS054_HUMAN	76	113	83
CS055_HUMAN	18	112	44
CS057_HUMAN	41	101	65
CS060_HUMAN	17	89	48
CS066_HUMAN	96	85	64
CS068_HUMAN	23	116	51
CS069_HUMAN	2	101	39
CS071_HUMAN	2	112	39
CS073_HUMAN	3	111	45
CS075_HUMAN	130	110	100
CS077_HUMAN	3	112	45
CS29O_HUMAN	3	111	37
CSAD_HUMAN	15	89	47
CSAG1_HUMAN	65	86	66
CSAG2_HUMAN	90	103	88
CSDC2_HUMAN	6	102	35
CSDE1_HUMAN	301	74	210
CSEN_HUMAN	32	100	69
CSF1R_HUMAN	63	99	69
CSF1_HUMAN	16	100	46
CSF2R_HUMAN	7	120	46
CSF2_HUMAN	14	111	43
CSF3R_HUMAN	16	115	45
CSF3_HUMAN	11	113	42
CSHL_HUMAN	7	98	46
CSH_HUMAN,CSH2_HUMAN	24	110	41
CSK21_HUMAN	860	74	970
CSK22_HUMAN	780	106	798
CSK2B_HUMAN	631	109	549
CSKI1_HUMAN	10	102	42
CSKI2_HUMAN	48	96	55
CSKP_HUMAN	220	100	144
CSK_HUMAN	216	102	151
CSMD1_HUMAN	8	126	53
CSMD2_HUMAN	12	111	39
CSMD3_HUMAN	2	104	37
CSMT1_HUMAN	4	101	38
CSN1_HUMAN	254	77	187
CSN2_HUMAN	245	92	157
CSN3_HUMAN	253	104	184
CSN4_HUMAN	193	101	144
CSN5_HUMAN	1076	85	1293
CSN6_HUMAN	417	110	317
CSN7A_HUMAN	166	92	120
CSN7B_HUMAN	144	93	104
CSN8_HUMAN	121	94	108
CSPG2_HUMAN	49	110	56
CSPG4_HUMAN	82	108	81
CSPG5_HUMAN	33	89	58
CSPP1_HUMAN	98	107	72
CSR2B_HUMAN	110	91	89
CSRN1_HUMAN	20	98	44
CSRN2_HUMAN	5	100	46
CSRN3_HUMAN	3	89	37
CSRP1_HUMAN	70	85	48
CSRP2_HUMAN	75	82	82
CSRP3_HUMAN	21	107	51
CST11_HUMAN	73	107	72
CST1L_HUMAN	57	90	69
CST8_HUMAN	47	104	69
CST9L_HUMAN	76	97	64
CST9_HUMAN	5	92	47
CSTF1_HUMAN	93	102	67
CSTF2_HUMAN	162	98	109
CSTF3_HUMAN	128	97	85
CSTFT_HUMAN	93	97	82
CSTN1_HUMAN	138	104	95
CSTN2_HUMAN	26	95	57
CSTN3_HUMAN	84	101	79
CT004_HUMAN	664	100	574
CT011_HUMAN	141	110	100
CT024_HUMAN	128	115	110
CT026_HUMAN	2	82	34
CT027_HUMAN	36	96	66
CT029_HUMAN	19	127	58
CT043_HUMAN	75	120	77
CT054_HUMAN	15	121	53
CT069_HUMAN	3	97	45
CT072_HUMAN	124	110	115
CT079_HUMAN	2	89	47
CT085_HUMAN	24	100	43
CT094_HUMAN	69	96	64
CT096_HUMAN	17	91	53
CT103_HUMAN	11	94	35
CT111_HUMAN	14	123	53
CT112_HUMAN	13	94	44
CT118_HUMAN	12	94	59
CT132_HUMAN	3	86	36
CT135_HUMAN	4	88	40
CT141_HUMAN	9	98	50
CT151_HUMAN	12	112	34
CT160_HUMAN	7	103	43
CT165_HUMAN	17	104	51
CT173_HUMAN	1	91	31
CT177_HUMAN	39	94	51
CT194_HUMAN	8	100	48
CT195_HUMAN	66	117	74
CT196_HUMAN	8	108	37
CT197_HUMAN	93	92	80
CT199_HUMAN	1	103	41
CT201_HUMAN	2	105	39
CT202_HUMAN	8	102	38
CT203_HUMAN	3	107	40
CT2NL_HUMAN	73	92	85
CT451_HUMAN	26	86	45
CT452_HUMAN	8	102	41
CT453_HUMAN	12	106	45
CT454_HUMAN,CT456_HUMAN	73	109	70
CT455_HUMAN	77	118	78
CT47A_HUMAN	2	101	44
CT62_HUMAN	1	98	46
CTAG2_HUMAN	36	105	60
CTBL1_HUMAN	150	94	115
CTBP1_HUMAN	740	102	661
CTBP2_HUMAN	380	110	246
CTC1_HUMAN	60	102	80
CTCFL_HUMAN	39	103	51
CTCF_HUMAN	429	92	331
CTDP1_HUMAN	179	105	135
CTDS1_HUMAN	109	96	89
CTDS2_HUMAN	67	95	58
CTDSL_HUMAN	92	103	74
CTF18_HUMAN	102	88	84
CTF1_HUMAN	7	100	47
CTF8_HUMAN	32	120	51
CTG1B_HUMAN	113	95	92
CTGE1_HUMAN	8	100	49
CTGE2_HUMAN	5	107	43
CTGE4_HUMAN	2	125	45
CTGE5_HUMAN	101	87	101
CTGE6_HUMAN	6	102	41
CTGF_HUMAN	50	99	66
CTHR1_HUMAN	22	96	42
CTIF_HUMAN	75	103	69
CTL1_HUMAN	230	123	162
CTL2_HUMAN	59	115	61
CTL3_HUMAN	65	107	57
CTL4_HUMAN	55	117	69
CTL5_HUMAN	98	112	92
CTLA4_HUMAN	139	109	91
CTLFB_HUMAN	3	80	40
CTNA1_HUMAN	372	87	267
CTNA2_HUMAN	70	99	69
CTNA3_HUMAN	127	95	97
CTNB1_HUMAN	997	96	1223
CTND1_HUMAN	268	93	183
CTND2_HUMAN	43	107	54
CTNL1_HUMAN	78	92	65
CTNS_HUMAN	8	84	40
CTR1_HUMAN	390	109	298
CTR2_HUMAN	144	92	100
CTR3_HUMAN	146	101	102
CTR4_HUMAN	107	106	88
CTR9_HUMAN	238	107	133
CTRB1_HUMAN	3	101	44
CTRB2_HUMAN	2	115	40
CTRC_HUMAN	15	104	40
CTRL_HUMAN	14	109	49
CTRO_HUMAN	1407	88	1874
CTSL2_HUMAN	70	106	64
CTSR1_HUMAN	119	99	102
CTSR2_HUMAN	3	106	35
CTSR4_HUMAN	5	99	51
CTSRB_HUMAN	2	98	47
CTSRD_HUMAN	3	111	34
CTSRG_HUMAN	5	101	25
CTTB2_HUMAN	50	98	57
CTU1_HUMAN	77	100	68
CTU2_HUMAN	69	125	64
CTXN1_HUMAN	32	136	60
CTXN3_HUMAN	60	113	63
CU002_HUMAN	49	102	56
CU025_HUMAN	56	113	72
CU034_HUMAN	1	98	38
CU049_HUMAN	1	108	41
CU056_HUMAN	54	103	55
CU058_HUMAN	22	112	44
CU059_HUMAN	82	107	67
CU062_HUMAN	1	107	45
CU067_HUMAN	5	101	41
CU074_HUMAN	1	113	32
CU077_HUMAN	66	102	67
CU084_HUMAN	1	107	41
CU090_HUMAN	1	108	33
CU109_HUMAN	1	108	33
CU119_HUMAN	4	126	43
CU122_HUMAN	1	112	31
CUBN_HUMAN	11	116	32
CUED1_HUMAN	113	103	69
CUED2_HUMAN	39	113	55
CUL1_HUMAN	880	96	1017
CUL2_HUMAN	581	120	497
CUL3_HUMAN	3157	81	4140
CUL4A_HUMAN	823	87	820
CUL4B_HUMAN	721	86	699
CUL5_HUMAN	498	86	424
CUL7_HUMAN	835	92	873
CUL9_HUMAN	180	109	119
CUTA_HUMAN	55	107	58
CUTC_HUMAN	32	98	55
CUX1_HUMAN	73	96	72
CUX2_HUMAN	16	103	38
CUZD1_HUMAN	3	94	52
CV013_HUMAN	91	101	81
CV015_HUMAN	20	113	47
CV025_HUMAN	27	101	50
CV026_HUMAN	17	106	29
CV029_HUMAN	21	108	40
CV031_HUMAN	5	101	47
CV032_HUMAN	27	122	53
CV034_HUMAN	1	105	41
CV037_HUMAN	1	95	36
CV039_HUMAN	50	109	64
CV040_HUMAN	37	110	55
CV041_HUMAN	59	69	74
CV042_HUMAN	11	105	45
CV043_HUMAN	8	127	48
CV046_HUMAN	3	89	31
CWC15_HUMAN	126	88	97
CWC22_HUMAN	119	93	86
CWC25_HUMAN	66	102	60
CWC27_HUMAN	69	95	61
CX001_HUMAN	45	97	72
CX021_HUMAN	6	97	47
CX022_HUMAN	10	85	51
CX023_HUMAN	3	100	48
CX026_HUMAN	52	90	63
CX038_HUMAN	9	119	46
CX041_HUMAN	16	99	58
CX042_HUMAN	1	96	42
CX048_HUMAN	51	112	66
CX04A_HUMAN	19	89	50
CX04B_HUMAN	3	110	43
CX052_HUMAN	1	115	49
CX056_HUMAN	78	96	67
CX057_HUMAN	57	104	60
CX058_HUMAN	5	109	37
CX059_HUMAN	3	93	42
CX062_HUMAN	1	104	40
CX064_HUMAN	4	89	41
CX065_HUMAN	4	108	35
CX066_HUMAN	34	83	53
CX067_HUMAN	16	115	34
CX3C1_HUMAN	5	90	33
CX6A1_HUMAN	63	110	68
CX6A2_HUMAN	10	108	44
CX6B1_HUMAN	282	109	198
CX6B2_HUMAN	3	113	39
CX7A1_HUMAN	13	106	53
CX7A2_HUMAN	121	110	99
CX7B2_HUMAN	11	92	40
CXA10_HUMAN	3	95	47
CXA1_HUMAN	699	88	658
CXA3_HUMAN	17	109	50
CXA4_HUMAN	9	102	46
CXA5_HUMAN	36	103	61
CXA8_HUMAN	161	88	113
CXA9_HUMAN	2	105	43
CXAR_HUMAN	366	82	246
CXB1_HUMAN	75	100	59
CXB2_HUMAN	65	102	69
CXB3_HUMAN	17	116	39
CXB4_HUMAN	10	92	46
CXB5_HUMAN	71	90	66
CXB6_HUMAN	14	110	43
CXB7_HUMAN	54	88	62
CXCL2_HUMAN	12	99	46
CXCL3_HUMAN	9	93	53
CXCL5_HUMAN	19	101	43
CXCL6_HUMAN	26	121	54
CXCL7_HUMAN	26	102	53
CXCL9_HUMAN	63	91	73
CXCR1_HUMAN	16	104	64
CXCR2_HUMAN	51	116	60
CXCR3_HUMAN	160	96	109
CXCR4_HUMAN	314	109	216
CXCR5_HUMAN	11	94	49
CXCR6_HUMAN	1	93	47
CXCR7_HUMAN,ACKR3_HUMAN	117	87	101
CXD2_HUMAN	1	107	36
CXD3_HUMAN	451	90	349
CXD4_HUMAN	13	101	29
CXG1_HUMAN	49	97	57
CXG2_HUMAN	7	91	47
CXG3_HUMAN	2	114	43
CXL10_HUMAN	2	105	39
CXL11_HUMAN	6	91	47
CXL13_HUMAN	8	114	36
CXL14_HUMAN	18	118	36
CXL16_HUMAN	86	104	70
CXX1_HUMAN	52	111	78
CXXC1_HUMAN	135	96	117
CXXC4_HUMAN	13	95	47
CXXC5_HUMAN	20	94	36
CXY02_HUMAN	1	86	34
CY15A_HUMAN	1	100	46
CY15B_HUMAN	2	99	36
CY1_HUMAN	255	123	166
CY24A_HUMAN	65	117	60
CY24B_HUMAN	26	103	55
CY561_HUMAN	64	131	64
CYAC3_HUMAN	24	111	70
CYB5B_HUMAN	299	101	227
CYB5_HUMAN	153	101	125
CYBP_HUMAN	300	101	192
CYBR1_HUMAN	49	118	61
CYB_HUMAN	20	95	42
CYC_HUMAN	201	111	146
CYFP1_HUMAN	201	105	115
CYFP2_HUMAN	173	83	120
CYGB_HUMAN	14	101	61
CYH1_HUMAN	49	98	63
CYH2_HUMAN	46	88	51
CYH3_HUMAN	46	112	50
CYH4_HUMAN	45	101	56
CYHR1_HUMAN	46	108	54
CYLC1_HUMAN	19	85	50
CYLC2_HUMAN	27	91	47
CYLD_HUMAN	849	95	982
CYR61_HUMAN	47	113	48
CYS1_HUMAN	24	109	42
CYTA_HUMAN	149	101	91
CYTB_HUMAN	108	101	72
CYTC_HUMAN	31	117	46
CYTD_HUMAN	39	89	54
CYTF_HUMAN	14	111	44
CYTIP_HUMAN	16	103	49
CYTL1_HUMAN	1	99	33
CYTM1_HUMAN	25	81	46
CYTM_HUMAN	101	110	90
CYTN_HUMAN	143	98	100
CYTSA_HUMAN	187	111	110
CYTSB_HUMAN	154	109	106
CYTS_HUMAN	97	116	75
CYTT_HUMAN	51	112	60
CYYR1_HUMAN	7	129	46
D103A_HUMAN	11	86	55
D104A_HUMAN	7	118	44
D105A_HUMAN	1	84	36
D106A_HUMAN	16	104	52
D107A_HUMAN	12	89	36
D108B_HUMAN	3	87	41
D19L1_HUMAN	85	105	60
D19L2_HUMAN	10	98	42
D19L3_HUMAN	26	106	52
D19L4_HUMAN	48	132	45
D19P1_HUMAN	2	94	29
D2HDH_HUMAN	147	106	123
D39U1_HUMAN	28	100	43
D42E1_HUMAN	3	112	43
D42E2_HUMAN	4	91	43
DAAF1_HUMAN	10	91	50
DAAF3_HUMAN	5	123	35
DAAM1_HUMAN	77	97	85
DAAM2_HUMAN	39	121	53
DAB1_HUMAN	83	90	51
DAB2P_HUMAN	98	133	81
DAB2_HUMAN	132	100	107
DACH1_HUMAN	101	124	91
DACH2_HUMAN	12	93	43
DACT1_HUMAN	36	114	50
DACT2_HUMAN	14	100	62
DACT3_HUMAN	17	96	53
DAD1_HUMAN	107	119	80
DAF_HUMAN	90	92	79
DAG1_HUMAN	169	127	121
DALD3_HUMAN	22	122	48
DAOA_HUMAN	2	123	40
DAP1_HUMAN	13	80	44
DAPAL_HUMAN	23	91	57
DAPK1_HUMAN	200	113	164
DAPK2_HUMAN	16	93	41
DAPK3_HUMAN	83	107	63
DAPL1_HUMAN	8	126	44
DAPLE_HUMAN	74	93	83
DAPP1_HUMAN	26	87	52
DAXX_HUMAN	350	105	221
DAZ1_HUMAN	10	101	56
DAZ2_HUMAN	22	100	59
DAZ3_HUMAN	2	123	34
DAZ4_HUMAN	6	90	41
DAZL_HUMAN	145	123	111
DAZP1_HUMAN	153	91	119
DAZP2_HUMAN	192	113	153
DB109_HUMAN	36	120	63
DB110_HUMAN	16	116	62
DB112_HUMAN	3	108	39
DB114_HUMAN	2	92	38
DB115_HUMAN	2	104	38
DB116_HUMAN	6	98	52
DB118_HUMAN	3	112	30
DB119_HUMAN	1	97	43
DB121_HUMAN	20	117	39
DB123_HUMAN	15	92	32
DB124_HUMAN	4	110	34
DB125_HUMAN	18	110	48
DB126_HUMAN	3	111	47
DB127_HUMAN	27	108	48
DB128_HUMAN	1	98	32
DB129_HUMAN	2	109	37
DB130_HUMAN	1	111	34
DB131_HUMAN	4	102	45
DB132_HUMAN	4	98	44
DB135_HUMAN	42	109	60
DB136_HUMAN	43	100	66
DBC1_HUMAN,BRNP1_HUMAN	36	102	51
DBF4A_HUMAN	30	128	47
DBF4B_HUMAN	41	114	43
DBLOH_HUMAN	290	89	192
DBND1_HUMAN	3	104	39
DBND2_HUMAN	10	109	47
DBNL_HUMAN	178	95	116
DBPA_HUMAN,YBOX3_HUMAN	334	102	245
DBP_HUMAN	13	109	45
DBR1_HUMAN	36	108	51
DBX1_HUMAN	1	114	41
DBX2_HUMAN	7	99	40
DC121_HUMAN	17	102	44
DC122_HUMAN	29	110	61
DC1I1_HUMAN	105	115	102
DC1I2_HUMAN	293	125	181
DC1L1_HUMAN	237	93	149
DC1L2_HUMAN	152	87	123
DC2L1_HUMAN	41	122	37
DC4L1_HUMAN	35	97	62
DC4L2_HUMAN	40	87	61
DC8L1_HUMAN	2	108	44
DCA10_HUMAN	134	100	95
DCA11_HUMAN	140	109	91
DCA12_HUMAN	104	110	85
DCA13_HUMAN	235	89	160
DCA15_HUMAN	251	106	150
DCA16_HUMAN	68	100	76
DCA17_HUMAN	17	100	49
DCAF4_HUMAN	421	116	284
DCAF5_HUMAN	101	99	60
DCAF6_HUMAN	220	79	136
DCAF7_HUMAN	358	120	230
DCAF8_HUMAN	191	81	147
DCAKD_HUMAN	118	102	106
DCAM_HUMAN	55	110	67
DCBD1_HUMAN	34	112	50
DCBD2_HUMAN	62	108	66
DCC1_HUMAN	51	112	51
DCC_HUMAN	75	104	77
DCD2B_HUMAN	20	119	51
DCDC1_HUMAN	8	101	47
DCDC2_HUMAN	38	103	50
DCD_HUMAN	257	85	148
DCE1_HUMAN	26	99	55
DCE2_HUMAN	46	118	57
DCHS_HUMAN	2	97	40
DCK_HUMAN	65	105	72
DCLK1_HUMAN	127	97	93
DCLK2_HUMAN	36	108	57
DCLK3_HUMAN	11	95	52
DCMC_HUMAN	39	86	45
DCNL1_HUMAN	267	89	158
DCNL2_HUMAN	28	98	44
DCNL3_HUMAN	28	103	57
DCNL4_HUMAN	28	113	45
DCNL5_HUMAN	79	104	82
DCNP1_HUMAN	17	119	49
DCOR_HUMAN	23	110	55
DCP1A_HUMAN	172	100	133
DCP1B_HUMAN	110	97	82
DCP2_HUMAN	104	115	81
DCPS_HUMAN	391	108	299
DCR1A_HUMAN	20	104	52
DCR1B_HUMAN	36	117	49
DCR1C_HUMAN	40	80	58
DCST1_HUMAN	18	81	43
DCST2_HUMAN	3	108	44
DCSTP_HUMAN	2	110	32
DCTD_HUMAN	29	100	50
DCTN1_HUMAN	507	118	402
DCTN2_HUMAN	339	97	222
DCTN3_HUMAN	144	106	100
DCTN4_HUMAN	138	96	91
DCTN5_HUMAN	89	79	78
DCTN6_HUMAN	64	108	65
DCTP1_HUMAN	70	104	67
DCUP_HUMAN	39	106	58
DCXR_HUMAN	67	88	62
DCX_HUMAN	93	100	71
DD19A_HUMAN	88	106	70
DD19B_HUMAN	260	110	163
DDA1_HUMAN	376	93	252
DDAH1_HUMAN	53	102	64
DDAH2_HUMAN	74	115	63
DDB1_HUMAN	679	111	584
DDB2_HUMAN	150	89	122
DDC_HUMAN	7	88	46
DDHD1_HUMAN	46	92	55
DDHD2_HUMAN	43	113	50
DDI1_HUMAN	63	108	70
DDI2_HUMAN	134	120	102
DDIT3_HUMAN	122	106	90
DDIT4_HUMAN	22	102	46
DDR1_HUMAN	150	111	123
DDR2_HUMAN	141	107	105
DDRGK_HUMAN	1243	90	1463
DDT4L_HUMAN	216	98	150
DDTL_HUMAN	17	100	44
DDX10_HUMAN	186	100	111
DDX11_HUMAN	70	119	66
DDX12_HUMAN	5	113	39
DDX17_HUMAN	456	95	346
DDX18_HUMAN	352	106	256
DDX1_HUMAN	408	92	284
DDX20_HUMAN	250	94	142
DDX21_HUMAN	692	77	613
DDX23_HUMAN	474	86	342
DDX24_HUMAN	597	97	524
DDX25_HUMAN	6	106	45
DDX27_HUMAN	314	97	217
DDX28_HUMAN	491	90	370
DDX31_HUMAN	267	115	185
DDX3X_HUMAN	618	94	531
DDX3Y_HUMAN	99	95	71
DDX41_HUMAN	288	116	177
DDX42_HUMAN	215	103	160
DDX43_HUMAN	18	83	57
DDX46_HUMAN	250	86	151
DDX47_HUMAN	192	94	140
DDX49_HUMAN	63	112	77
DDX4_HUMAN	21	102	39
DDX50_HUMAN	281	124	173
DDX51_HUMAN	109	97	74
DDX52_HUMAN	183	107	117
DDX53_HUMAN	7	105	40
DDX54_HUMAN	360	97	252
DDX55_HUMAN	191	106	130
DDX56_HUMAN	317	121	207
DDX58_HUMAN	1661	95	2664
DDX59_HUMAN	21	112	51
DDX5_HUMAN	597	87	501
DDX60_HUMAN	84	104	71
DDX6L_HUMAN	35	103	48
DDX6_HUMAN	537	92	396
DEAF1_HUMAN	52	101	65
DEC1_HUMAN	33	101	55
DECR2_HUMAN	62	119	69
DECR_HUMAN	90	112	86
DEDD2_HUMAN	16	105	46
DEDD_HUMAN	31	100	55
DEF1_HUMAN	106	105	82
DEF3_HUMAN	6	104	41
DEF5_HUMAN	83	102	68
DEF6_HUMAN	20	118	46
DEFB1_HUMAN	13	91	43
DEFI6_HUMAN	59	97	65
DEFI8_HUMAN	59	101	54
DEFM_HUMAN	75	87	70
DEGS1_HUMAN	83	109	91
DEGS2_HUMAN	1	85	37
DEK_HUMAN	215	96	131
DELE_HUMAN	7	112	43
DEMA_HUMAN	35	94	49
DEN1A_HUMAN	99	90	77
DEN1B_HUMAN	16	104	45
DEN1C_HUMAN	9	105	46
DEN2A_HUMAN	6	103	47
DEN2C_HUMAN	14	110	57
DEN2D_HUMAN	35	108	48
DEN4B_HUMAN	13	97	66
DEN4C_HUMAN	139	109	118
DEN5A_HUMAN	21	96	71
DEN5B_HUMAN	19	98	44
DEND3_HUMAN	7	105	53
DEND_HUMAN	7	105	33
DENR_HUMAN	76	95	57
DEOC_HUMAN	42	100	49
DEP1A_HUMAN	32	98	44
DEP1B_HUMAN	194	101	124
DEPD4_HUMAN	1	93	45
DEPD5_HUMAN	41	82	44
DEPD7_HUMAN	17	114	57
DEPP_HUMAN	8	105	39
DERL1_HUMAN	454	107	307
DERL2_HUMAN	127	104	100
DERL3_HUMAN	25	81	41
DERM_HUMAN	4	102	48
DERP6_HUMAN,ELP5_HUMAN	18	106	51
DESI1_HUMAN	62	95	55
DESI2_HUMAN	15	108	48
DESM_HUMAN	162	109	107
DESP_HUMAN	453	95	318
DEST_HUMAN	193	85	132
DET1_HUMAN	155	107	115
DEXI_HUMAN	7	114	38
DFB4A_HUMAN	2	114	42
DFFA_HUMAN	82	109	67
DFFB_HUMAN	37	110	60
DFNA5_HUMAN	176	101	104
DG2L6_HUMAN	46	104	72
DGAT1_HUMAN	50	127	59
DGAT2_HUMAN	7	123	49
DGC14_HUMAN	153	118	115
DGC6L_HUMAN	30	95	43
DGCR6_HUMAN	71	103	71
DGCR8_HUMAN	244	103	143
DGKA_HUMAN	16	131	36
DGKB_HUMAN	4	117	38
DGKD_HUMAN	23	93	41
DGKE_HUMAN	81	92	83
DGKG_HUMAN	33	94	57
DGKH_HUMAN	30	99	50
DGKI_HUMAN	9	114	44
DGKK_HUMAN	6	104	32
DGKQ_HUMAN	16	121	35
DGKZ_HUMAN	92	103	83
DGLA_HUMAN	21	109	47
DGLB_HUMAN	69	114	64
DGUOK_HUMAN	88	92	77
DHAK_HUMAN,TKFC_HUMAN	95	103	78
DHB11_HUMAN	411	103	298
DHB12_HUMAN	238	103	162
DHB13_HUMAN	140	126	97
DHB14_HUMAN	46	95	60
DHB1_HUMAN	16	107	47
DHB2_HUMAN	10	106	44
DHB3_HUMAN	31	89	56
DHB4_HUMAN	200	93	151
DHB7_HUMAN	52	111	68
DHB8_HUMAN	41	105	49
DHC24_HUMAN	206	98	121
DHCR7_HUMAN	203	101	129
DHDDS_HUMAN	10	100	41
DHDH_HUMAN	54	91	59
DHE3_HUMAN	271	93	176
DHE4_HUMAN	38	99	43
DHH_HUMAN	45	121	59
DHI1L_HUMAN	3	107	43
DHI1_HUMAN	22	100	52
DHI2_HUMAN	8	96	50
DHPR_HUMAN	41	108	58
DHR11_HUMAN	8	89	50
DHR12_HUMAN	20	109	56
DHR13_HUMAN	52	105	56
DHRS1_HUMAN	41	104	50
DHRS2_HUMAN	92	100	68
DHRS3_HUMAN	43	80	50
DHRS4_HUMAN	120	105	82
DHRS7_HUMAN	161	99	119
DHRS9_HUMAN	24	98	51
DHRSX_HUMAN	21	90	53
DHSA_HUMAN,SDHA_HUMAN	417	112	295
DHSB_HUMAN,SDHB_HUMAN	223	116	131
DHSD_HUMAN	25	92	61
DHSO_HUMAN	110	114	81
DHTK1_HUMAN	68	105	75
DHX15_HUMAN	519	103	370
DHX16_HUMAN	177	107	125
DHX29_HUMAN	104	89	72
DHX30_HUMAN	553	108	473
DHX32_HUMAN	44	105	55
DHX33_HUMAN	78	106	67
DHX34_HUMAN	28	90	68
DHX35_HUMAN	66	102	75
DHX36_HUMAN	246	81	161
DHX37_HUMAN	148	112	102
DHX40_HUMAN	250	110	160
DHX57_HUMAN	261	115	177
DHX58_HUMAN	25	89	50
DHX8_HUMAN	306	92	214
DHX9_HUMAN	727	103	672
DHYS_HUMAN	101	110	90
DI3L1_HUMAN	47	113	75
DI3L2_HUMAN	36	90	51
DIA1R_HUMAN	1	116	34
DIA1_HUMAN	85	91	75
DIAC_HUMAN	31	95	49
DIAP1_HUMAN	167	103	114
DIAP2_HUMAN	55	120	62
DIAP3_HUMAN	117	114	82
DICER_HUMAN	273	104	187
DIC_HUMAN	217	89	149
DIDO1_HUMAN	193	91	138
DIEXF_HUMAN	99	105	76
DIM1_HUMAN	199	98	114
DIP2A_HUMAN	107	97	70
DIP2B_HUMAN	69	104	50
DIP2C_HUMAN	10	102	55
DIRA1_HUMAN	27	114	48
DIRA2_HUMAN	45	101	63
DIRA3_HUMAN	262	92	179
DIRC2_HUMAN	46	122	55
DISC1_HUMAN	871	81	949
DISP1_HUMAN	14	102	40
DISP2_HUMAN	5	110	47
DIXC1_HUMAN	25	118	56
DJB11_HUMAN	372	91	251
DJB12_HUMAN	179	115	134
DJB13_HUMAN	47	106	69
DJB14_HUMAN	73	107	78
DJC10_HUMAN	289	100	204
DJC11_HUMAN	244	101	132
DJC12_HUMAN	59	97	64
DJC13_HUMAN	167	98	93
DJC14_HUMAN	51	101	59
DJC15_HUMAN	166	99	111
DJC16_HUMAN	271	88	177
DJC17_HUMAN	133	104	85
DJC18_HUMAN	85	89	60
DJC21_HUMAN	84	103	67
DJC22_HUMAN	39	78	51
DJC24_HUMAN	8	95	33
DJC25_HUMAN	349	77	252
DJC27_HUMAN	14	114	46
DJC28_HUMAN	95	111	86
DJC30_HUMAN	268	92	178
DKC1_HUMAN	399	110	278
DKK1_HUMAN	23	115	55
DKK2_HUMAN	48	98	57
DKK3_HUMAN	92	96	76
DKK4_HUMAN	9	98	39
DKKL1_HUMAN	128	101	107
DLDH_HUMAN	499	101	390
DLEC1_HUMAN	6	101	38
DLG1_HUMAN	248	99	135
DLG2_HUMAN	55	115	70
DLG3_HUMAN	113	90	97
DLG4_HUMAN	152	109	112
DLG5_HUMAN	186	90	128
DLGP1_HUMAN	32	88	40
DLGP2_HUMAN	28	113	50
DLGP3_HUMAN	36	101	52
DLGP4_HUMAN	82	110	72
DLGP5_HUMAN	77	106	72
DLK1_HUMAN	171	121	123
DLK2_HUMAN	37	104	56
DLL1_HUMAN	25	109	43
DLL3_HUMAN	16	113	45
DLL4_HUMAN	2	94	40
DLN1_HUMAN	14	108	53
DLP1_HUMAN	37	93	56
DLRB1_HUMAN	89	116	75
DLRB2_HUMAN	15	117	43
DLX1_HUMAN	7	106	52
DLX2_HUMAN	22	98	44
DLX3_HUMAN	5	110	42
DLX4_HUMAN	14	89	54
DLX5_HUMAN	20	115	45
DLX6_HUMAN	35	99	50
DMAP1_HUMAN	192	94	151
DMBT1_HUMAN	68	104	74
DMBX1_HUMAN	1	96	37
DMB_HUMAN	65	94	60
DMC1_HUMAN	26	107	39
DMD_HUMAN	122	100	95
DMKN_HUMAN	28	96	57
DMP1_HUMAN	3	112	35
DMP4_HUMAN,FA20C_HUMAN	247	101	200
DMPK_HUMAN	24	98	51
DMRT1_HUMAN	7	111	38
DMRT2_HUMAN	2	98	37
DMRT3_HUMAN	83	95	69
DMRTA_HUMAN	3	133	34
DMRTB_HUMAN	95	101	79
DMRTC_HUMAN	3	108	39
DMRTD_HUMAN	2	105	32
DMTF1_HUMAN	8	113	36
DMWD_HUMAN	96	103	88
DMXL1_HUMAN	59	117	76
DMXL2_HUMAN	82	120	63
DNA2L_HUMAN,DNA2_HUMAN	77	111	61
DNAI1_HUMAN	9	100	47
DNAI2_HUMAN	78	106	67
DNAL1_HUMAN	7	97	51
DNAL4_HUMAN	37	107	55
DNAS1_HUMAN	2	92	45
DND1_HUMAN	118	99	99
DNER_HUMAN	9	96	51
DNHD1_HUMAN	15	89	48
DNJ5B_HUMAN	82	118	75
DNJ5G_HUMAN	9	112	46
DNJA1_HUMAN	600	119	497
DNJA2_HUMAN	615	110	479
DNJA3_HUMAN	395	118	289
DNJA4_HUMAN	94	96	76
DNJB1_HUMAN	336	110	218
DNJB2_HUMAN	142	106	107
DNJB3_HUMAN	61	84	64
DNJB4_HUMAN	159	104	112
DNJB5_HUMAN	121	104	95
DNJB6_HUMAN	388	97	272
DNJB7_HUMAN	34	112	42
DNJB8_HUMAN	117	110	97
DNJB9_HUMAN	213	93	170
DNJC1_HUMAN	376	121	261
DNJC2_HUMAN	223	89	157
DNJC3_HUMAN	266	87	188
DNJC4_HUMAN	56	111	69
DNJC5_HUMAN	381	100	277
DNJC7_HUMAN	476	97	389
DNJC8_HUMAN	230	96	151
DNJC9_HUMAN	291	98	189
DNLI1_HUMAN	105	109	98
DNLI3_HUMAN	229	93	151
DNLI4_HUMAN	150	97	105
DNLZ_HUMAN	33	120	50
DNM1L_HUMAN	366	99	286
DNM3A_HUMAN	91	93	84
DNM3B_HUMAN	99	107	86
DNM3L_HUMAN	14	119	43
DNMBP_HUMAN	113	104	86
DNMT1_HUMAN	232	92	120
DNPEP_HUMAN	105	89	83
DNS2A_HUMAN	24	97	56
DNS2B_HUMAN	52	92	61
DNSL1_HUMAN	133	111	90
DNSL2_HUMAN	26	101	45
DNSL3_HUMAN	3	113	43
DOA_HUMAN	5	97	45
DOB_HUMAN	5	102	46
DOC10_HUMAN	29	117	41
DOC11_HUMAN	51	94	56
DOC2A_HUMAN	18	111	40
DOC2B_HUMAN	7	98	45
DOCK1_HUMAN	67	116	56
DOCK2_HUMAN	65	107	67
DOCK3_HUMAN	63	114	66
DOCK4_HUMAN	74	119	72
DOCK5_HUMAN	124	110	105
DOCK6_HUMAN	60	106	72
DOCK7_HUMAN	279	96	165
DOCK8_HUMAN	127	115	101
DOCK9_HUMAN	62	120	63
DOHH_HUMAN	18	120	43
DOK1_HUMAN	38	100	45
DOK2_HUMAN	112	111	94
DOK3_HUMAN	49	89	69
DOK4_HUMAN	69	105	60
DOK5_HUMAN	18	109	44
DOK6_HUMAN	24	107	57
DOK7_HUMAN	8	125	47
DOLK_HUMAN	53	95	65
DOM3Z_HUMAN,DXO_HUMAN	24	117	49
DONS_HUMAN	31	97	61
DOP1_HUMAN	21	93	60
DOP2_HUMAN	57	92	63
DOPD_HUMAN	20	117	48
DOPO_HUMAN	12	107	32
DOPP1_HUMAN	49	88	54
DOS_HUMAN	79	125	62
DOT1L_HUMAN	797	106	820
DOXA1_HUMAN	2	97	45
DOXA2_HUMAN	69	119	69
DP13A_HUMAN	180	103	127
DP13B_HUMAN	74	95	66
DPA1_HUMAN	124	94	97
DPB1_HUMAN	98	107	94
DPCA2_HUMAN	1	111	34
DPCD_HUMAN	30	104	43
DPCR1_HUMAN	1	95	29
DPEP1_HUMAN	65	92	55
DPEP2_HUMAN	49	103	64
DPEP3_HUMAN	7	136	55
DPF1_HUMAN	94	111	81
DPF3_HUMAN	100	99	74
DPH1_HUMAN	63	97	57
DPH2_HUMAN	48	100	54
DPH3_HUMAN	11	98	44
DPH5_HUMAN	20	115	50
DPM1_HUMAN	185	91	108
DPM2_HUMAN	53	95	57
DPM3_HUMAN	19	108	53
DPOA2_HUMAN	133	94	104
DPOD1_HUMAN	346	117	228
DPOD2_HUMAN	77	89	72
DPOD3_HUMAN	415	92	280
DPOD4_HUMAN	9	108	46
DPOE1_HUMAN	155	93	103
DPOE2_HUMAN	55	101	82
DPOE3_HUMAN	82	106	64
DPOE4_HUMAN	30	112	51
DPOG1_HUMAN	110	115	89
DPOG2_HUMAN	44	100	53
DPOLA_HUMAN	114	100	100
DPOLB_HUMAN	58	101	74
DPOLL_HUMAN	72	96	87
DPOLM_HUMAN	19	104	51
DPOLN_HUMAN	16	101	49
DPOLQ_HUMAN	19	114	48
DPOLZ_HUMAN	43	119	61
DPP10_HUMAN	6	108	42
DPP2_HUMAN	44	110	55
DPP3_HUMAN	48	80	47
DPP4_HUMAN	453	85	313
DPP6_HUMAN	17	103	48
DPP8_HUMAN	54	123	59
DPP9_HUMAN	106	106	87
DPPA2_HUMAN	41	95	41
DPPA3_HUMAN	44	112	67
DPPA4_HUMAN	139	100	106
DPPA5_HUMAN	1	104	38
DPRX_HUMAN	17	111	50
DPS1_HUMAN	25	104	53
DPTOR_HUMAN	75	136	75
DPY30_HUMAN	195	101	151
DPYD_HUMAN	18	79	54
DPYL1_HUMAN	139	118	98
DPYL2_HUMAN	222	109	144
DPYL3_HUMAN	89	83	67
DPYL4_HUMAN	60	121	55
DPYL5_HUMAN	72	115	47
DPYS_HUMAN	9	102	38
DQA1_HUMAN	124	94	102
DQA2_HUMAN	3	103	53
DQB1_HUMAN	71	107	52
DQB2_HUMAN	9	86	46
DQX1_HUMAN	18	111	43
DR4L1_HUMAN	4	112	39
DR4L2_HUMAN	14	89	48
DR9C7_HUMAN	89	106	84
DRAM1_HUMAN	11	125	43
DRAM2_HUMAN	5	107	35
DRAXI_HUMAN	1	102	43
DRA_HUMAN	179	101	111
DRB3_HUMAN	53	114	67
DRB4_HUMAN	9	102	37
DRB5_HUMAN	32	96	43
DRD1_HUMAN	16	91	47
DRD2_HUMAN	108	98	80
DRD3_HUMAN	34	99	65
DRD4_HUMAN	26	101	48
DRD5_HUMAN	8	105	50
DREB_HUMAN	437	106	343
DRG1_HUMAN	397	97	246
DRG2_HUMAN	67	91	73
DRP2_HUMAN	8	120	41
DRS7B_HUMAN	126	102	86
DRS7C_HUMAN	1	103	47
DSC1_HUMAN	133	99	99
DSC2_HUMAN	174	87	104
DSC3_HUMAN	119	89	96
DSCAM_HUMAN	172	116	120
DSCL1_HUMAN	11	110	38
DSCR3_HUMAN	75	109	70
DSCR4_HUMAN	10	107	48
DSCR6_HUMAN	112	116	92
DSCR8_HUMAN	2	134	49
DSCR9_HUMAN	146	120	128
DSEL_HUMAN	6	100	38
DSE_HUMAN	36	84	61
DSG1_HUMAN	210	100	145
DSG2_HUMAN	300	115	206
DSG3_HUMAN	36	108	51
DSG4_HUMAN	123	100	86
DSN1_HUMAN	93	108	67
DSPP_HUMAN	2	101	45
DSRAD_HUMAN	301	122	222
DSS1_HUMAN	157	97	121
DTBP1_HUMAN	169	125	123
DTD1_HUMAN	29	107	41
DTD2_HUMAN	7	102	24
DTHD1_HUMAN	2	106	41
DTL_HUMAN	114	103	88
DTNA_HUMAN	134	85	102
DTNB_HUMAN	108	107	72
DTWD1_HUMAN	12	90	36
DTWD2_HUMAN	37	91	41
DTX1_HUMAN	32	94	48
DTX2_HUMAN	338	99	267
DTX3L_HUMAN	81	105	77
DTX3_HUMAN	130	114	93
DTX4_HUMAN	22	104	52
DUFFY_HUMAN,ACKR1_HUMAN	6	88	37
DUOX1_HUMAN	11	104	39
DUOX2_HUMAN	38	100	54
DUPD1_HUMAN	39	91	54
DUS10_HUMAN	67	103	68
DUS11_HUMAN	95	110	70
DUS12_HUMAN	61	94	57
DUS13_HUMAN,DS13A_HUMAN,DS13B_HUMAN	101	103	88
DUS14_HUMAN	185	100	124
DUS15_HUMAN	42	83	65
DUS16_HUMAN	236	93	166
DUS18_HUMAN	24	106	51
DUS19_HUMAN	95	92	69
DUS1L_HUMAN	17	111	40
DUS1_HUMAN	98	115	69
DUS21_HUMAN	83	110	75
DUS22_HUMAN	146	100	118
DUS23_HUMAN	116	93	88
DUS26_HUMAN	57	107	56
DUS27_HUMAN	6	121	30
DUS28_HUMAN	59	101	74
DUS2L_HUMAN	18	100	58
DUS2_HUMAN	77	100	65
DUS3L_HUMAN	52	114	46
DUS3_HUMAN	82	103	82
DUS4L_HUMAN	11	105	46
DUS4_HUMAN	115	107	85
DUS5_HUMAN	52	100	67
DUS6_HUMAN	124	99	105
DUS7_HUMAN	68	104	70
DUS8_HUMAN	39	111	41
DUS9_HUMAN	96	100	100
DUSTY_HUMAN	71	121	66
DUT_HUMAN	133	111	96
DUX1_HUMAN	7	83	44
DUX2_HUMAN	3	135	34
DUX3_HUMAN	10	87	46
DUX4_HUMAN	5	113	60
DUXA_HUMAN	11	95	32
DVL1L_HUMAN	5	107	27
DVL1_HUMAN	132	94	99
DVL2_HUMAN	552	99	475
DVL3_HUMAN	274	99	196
DX26B_HUMAN	21	109	63
DX39A_HUMAN	1067	107	1356
DX39B_HUMAN	589	108	500
DY12L_HUMAN	19	100	56
DYDC1_HUMAN	35	85	50
DYDC2_HUMAN	10	96	33
DYH10_HUMAN	31	103	45
DYH11_HUMAN	13	115	47
DYH12_HUMAN	2	88	33
DYH14_HUMAN	30	105	59
DYH17_HUMAN	24	92	41
DYH1_HUMAN	20	110	48
DYH2_HUMAN	32	98	52
DYH3_HUMAN	14	98	51
DYH5_HUMAN	27	114	54
DYH6_HUMAN	35	116	48
DYH7_HUMAN	19	78	56
DYH8_HUMAN	21	95	50
DYH9_HUMAN	18	107	44
DYHC1_HUMAN	522	91	417
DYHC2_HUMAN	81	94	56
DYL1_HUMAN	498	110	405
DYL2_HUMAN	283	112	164
DYLT1_HUMAN	236	99	164
DYLT3_HUMAN	34	94	53
DYM_HUMAN	98	109	81
DYN1_HUMAN	119	105	89
DYN2_HUMAN	303	108	198
DYN3_HUMAN	93	102	73
DYR1A_HUMAN	1096	98	1377
DYR1B_HUMAN	96	91	78
DYRK2_HUMAN	167	97	117
DYRK3_HUMAN	42	88	56
DYRK4_HUMAN	34	100	40
DYRL1_HUMAN	289	92	205
DYR_HUMAN	139	99	96
DYSF_HUMAN	65	94	67
DYST_HUMAN	87	94	76
DYTN_HUMAN	2	106	44
DYXC1_HUMAN	22	109	54
DZAN1_HUMAN	7	105	31
DZI1L_HUMAN	22	98	48
DZIP1_HUMAN	45	97	54
DZIP3_HUMAN	190	94	137
E15L2_HUMAN	1	110	41
E2AK1_HUMAN	32	107	63
E2AK2_HUMAN	399	104	290
E2AK3_HUMAN	162	114	117
E2AK4_HUMAN	79	104	82
E2F1_HUMAN	203	95	123
E2F2_HUMAN	43	101	53
E2F3_HUMAN	70	96	78
E2F4_HUMAN	477	105	367
E2F5_HUMAN	30	108	51
E2F6_HUMAN	187	93	128
E2F7_HUMAN	52	119	62
E2F8_HUMAN	39	92	63
E400N_HUMAN	12	103	36
E41L1_HUMAN	196	123	135
E41L2_HUMAN	298	78	202
E41L3_HUMAN	265	106	189
E41L5_HUMAN	328	102	215
E41LA_HUMAN	125	102	109
E41LB_HUMAN	88	99	73
E4F1_HUMAN	107	120	88
EA3L1_HUMAN	1	116	51
EAA1_HUMAN	277	103	200
EAA2_HUMAN	105	92	81
EAA3_HUMAN	257	84	179
EAA4_HUMAN	57	107	62
EAA5_HUMAN	11	121	44
EAF1_HUMAN	152	104	110
EAF2_HUMAN	37	116	58
EAF6_HUMAN	135	118	102
EAN57_HUMAN	17	103	56
EAPP_HUMAN	74	112	67
EBLN2_HUMAN	11	92	46
EBP2_HUMAN	329	97	223
EBPL_HUMAN	4	94	40
EBP_HUMAN	267	111	198
ECAT1_HUMAN,KHD3L_HUMAN	5	113	50
ECE1_HUMAN	111	95	75
ECE2_HUMAN	27	119	53
ECEL1_HUMAN	141	118	92
ECH1_HUMAN	320	102	233
ECHA_HUMAN	592	90	488
ECHB_HUMAN	501	106	379
ECHD1_HUMAN	70	100	68
ECHD2_HUMAN	19	104	53
ECHD3_HUMAN	11	99	43
ECHM_HUMAN	267	88	190
ECHP_HUMAN	187	95	144
ECI1_HUMAN	71	113	59
ECI2_HUMAN	155	83	105
ECM1_HUMAN	151	102	127
ECM29_HUMAN	333	101	245
ECM2_HUMAN	2	112	46
ECP_HUMAN	23	107	48
ECSCR_HUMAN	14	100	37
ECSIT_HUMAN	246	103	169
ECT2L_HUMAN	30	107	50
ECT2_HUMAN	884	102	1051
EDAD_HUMAN	15	107	48
EDAR_HUMAN	61	101	73
EDA_HUMAN	124	96	108
EDC3_HUMAN	167	87	114
EDC4_HUMAN	202	96	127
EDEM1_HUMAN	212	119	150
EDEM2_HUMAN	125	110	90
EDEM3_HUMAN	126	104	86
EDF1_HUMAN	91	124	57
EDIL3_HUMAN	37	90	63
EDN1_HUMAN	8	115	61
EDN3_HUMAN	108	102	86
EDNRA_HUMAN	52	112	70
EDNRB_HUMAN	37	103	53
EDRF1_HUMAN	100	97	83
EEA1_HUMAN	740	109	753
EED_HUMAN	576	99	448
EEPD1_HUMAN	31	113	52
EF1A1_HUMAN	859	100	983
EF1A2_HUMAN	359	111	252
EF1A3_HUMAN	153	104	112
EF1B_HUMAN	226	94	142
EF1DL_HUMAN	1	94	44
EF1D_HUMAN	369	108	285
EF1G_HUMAN	599	90	503
EF2K_HUMAN	167	91	112
EF2_HUMAN	581	99	485
EFC11_HUMAN	15	90	51
EFC4A_HUMAN	20	94	41
EFC4B_HUMAN	63	113	55
EFCB1_HUMAN	8	99	49
EFCB2_HUMAN	14	98	40
EFCB3_HUMAN	13	106	39
EFCB5_HUMAN	6	93	49
EFCB6_HUMAN	9	104	43
EFCB7_HUMAN	18	104	52
EFCB9_HUMAN	1	95	35
EFGM_HUMAN	322	114	230
EFHA1_HUMAN,MICU2_HUMAN	104	104	80
EFHA2_HUMAN,MICU3_HUMAN	14	102	48
EFHB_HUMAN	5	115	46
EFHC1_HUMAN	81	104	87
EFHC2_HUMAN	110	101	89
EFHD1_HUMAN	84	127	83
EFHD2_HUMAN	126	103	76
EFNA1_HUMAN	100	98	75
EFNA2_HUMAN	69	100	66
EFNA3_HUMAN	109	98	86
EFNA4_HUMAN	235	95	160
EFNA5_HUMAN	71	115	72
EFNB1_HUMAN	278	87	203
EFNB2_HUMAN	184	100	129
EFNB3_HUMAN	63	108	69
EFR1_HUMAN	14	113	40
EFR3A_HUMAN	119	113	84
EFR3B_HUMAN	69	112	66
EFRD1_HUMAN	21	110	47
EFS_HUMAN	36	112	42
EFTS_HUMAN	384	112	269
EFTU_HUMAN	728	106	651
EGFL6_HUMAN	21	97	42
EGFL7_HUMAN	116	126	84
EGFL8_HUMAN	65	102	52
EGFLA_HUMAN	14	101	54
EGFR_HUMAN	2035	91	2381
EGF_HUMAN	21	96	50
EGLN1_HUMAN	91	96	84
EGLN2_HUMAN	38	85	56
EGLN3_HUMAN	1293	106	1468
EGLN_HUMAN	235	107	150
EGR1_HUMAN	52	105	58
EGR2_HUMAN	159	107	117
EGR3_HUMAN	2	106	55
EGR4_HUMAN	2	116	42
EH1L1_HUMAN	55	111	63
EHBP1_HUMAN	135	105	98
EHD1_HUMAN	154	107	114
EHD2_HUMAN	71	101	62
EHD3_HUMAN	44	107	54
EHD4_HUMAN	151	110	98
EHF_HUMAN	12	111	57
EHMT1_HUMAN	172	104	144
EHMT2_HUMAN	280	104	184
EI24_HUMAN	104	128	90
EI2BA_HUMAN	148	77	124
EI2BB_HUMAN	142	119	116
EI2BD_HUMAN	148	99	105
EI2BE_HUMAN	169	103	108
EI2BG_HUMAN	140	105	97
EID1_HUMAN	47	100	52
EID2B_HUMAN	13	100	47
EID2_HUMAN	25	92	41
EID3_HUMAN	33	115	52
EIF1A_HUMAN	96	108	74
EIF1B_HUMAN	184	107	116
EIF1_HUMAN	35	107	59
EIF2A_HUMAN	156	99	109
EIF2D_HUMAN	52	110	61
EIF3A_HUMAN	391	88	262
EIF3B_HUMAN	369	105	228
EIF3C_HUMAN,EIFCL_HUMAN	294	115	203
EIF3D_HUMAN	268	121	160
EIF3E_HUMAN	290	105	176
EIF3F_HUMAN	322	88	233
EIF3G_HUMAN	262	95	172
EIF3H_HUMAN	281	78	176
EIF3I_HUMAN	300	90	188
EIF3J_HUMAN	134	104	94
EIF3K_HUMAN	188	111	133
EIF3L_HUMAN	265	99	186
EIF3M_HUMAN	198	105	117
EKI1_HUMAN	26	98	58
EKI2_HUMAN	21	98	49
ELAF_HUMAN	8	128	38
ELAV1_HUMAN	2031	94	2416
ELAV2_HUMAN	191	91	138
ELAV3_HUMAN	65	97	69
ELAV4_HUMAN	51	114	60
ELF1_HUMAN	122	93	97
ELF2_HUMAN	153	125	96
ELF3_HUMAN	72	124	80
ELF4_HUMAN	111	103	102
ELF5_HUMAN	53	100	51
ELK1_HUMAN	107	97	99
ELK3_HUMAN	114	101	91
ELK4_HUMAN	84	113	77
ELL2_HUMAN	34	122	52
ELL3_HUMAN	33	96	47
ELL_HUMAN	67	119	75
ELMD1_HUMAN	14	122	46
ELMD2_HUMAN	17	133	44
ELMD3_HUMAN	14	108	45
ELMO1_HUMAN	45	97	44
ELMO2_HUMAN	80	98	76
ELMO3_HUMAN	35	120	57
ELNE_HUMAN	37	120	64
ELN_HUMAN	27	93	54
ELOA1_HUMAN	222	93	143
ELOA2_HUMAN	62	104	87
ELOA3_HUMAN	2	115	43
ELOB_HUMAN	322	110	246
ELOC_HUMAN	264	89	181
ELOF1_HUMAN	25	94	49
ELOV1_HUMAN	52	86	56
ELOV2_HUMAN	65	111	63
ELOV3_HUMAN	6	106	39
ELOV4_HUMAN	130	105	109
ELOV5_HUMAN	368	109	231
ELOV6_HUMAN	6	114	45
ELOV7_HUMAN	17	93	43
ELP1_HUMAN	199	100	126
ELP2_HUMAN	104	116	94
ELP3_HUMAN	98	116	89
ELP4_HUMAN	56	99	54
ELP6_HUMAN	50	96	54
ELYS_HUMAN	169	102	122
EM55_HUMAN	113	112	66
EMAL1_HUMAN	30	105	50
EMAL2_HUMAN	37	109	56
EMAL3_HUMAN	69	110	72
EMAL4_HUMAN	146	115	113
EMAL5_HUMAN	18	104	44
EMAL6_HUMAN	12	134	53
EMB_HUMAN	40	98	49
EMC10_HUMAN	55	99	58
EMC1_HUMAN	446	99	318
EMC2_HUMAN	419	107	316
EMC3_HUMAN	131	105	96
EMC4_HUMAN	288	100	198
EMC6_HUMAN	64	105	58
EMC7_HUMAN	162	94	105
EMC8_HUMAN	201	83	148
EMC9_HUMAN	163	120	106
EMD_HUMAN	817	96	817
EME1_HUMAN	50	93	60
EME2_HUMAN	2	99	50
EMID1_HUMAN	59	103	74
EMID2_HUMAN,COQA1_HUMAN	5	120	44
EMIL1_HUMAN	115	94	95
EMIL2_HUMAN	28	111	54
EMIL3_HUMAN	58	110	56
EMP1_HUMAN	62	103	59
EMP2_HUMAN	7	108	44
EMP3_HUMAN	79	95	82
EMR2_HUMAN,AGRE2_HUMAN	37	109	56
EMR4_HUMAN,AGRE4_HUMAN	25	85	54
EMSY_HUMAN	150	94	106
EMX1_HUMAN	10	109	36
EMX2_HUMAN	35	98	42
ENAH_HUMAN	120	98	80
ENAM_HUMAN	6	100	40
ENASE_HUMAN	8	94	58
ENC1_HUMAN	39	110	68
ENC2_HUMAN,KLH25_HUMAN	21	122	52
ENDD1_HUMAN	107	125	105
ENDOU_HUMAN	25	97	60
ENDOV_HUMAN	17	110	49
ENED_HUMAN	2	104	40
ENK2_HUMAN,REC6_HUMAN,ENK6_HUMAN,GAK6_HUMAN,POK6_HUMAN,VPK6_HUMAN	3	84	37
ENK8_HUMAN,NP5_HUMAN,ENK5_HUMAN,GAK5_HUMAN	1	95	51
ENKUR_HUMAN	8	112	47
ENL_HUMAN	124	111	108
ENOA_HUMAN	734	119	719
ENOB_HUMAN	93	97	75
ENOF1_HUMAN	11	98	40
ENOG_HUMAN	155	82	99
ENOLL_HUMAN	2	106	38
ENOPH_HUMAN	38	106	49
ENOX1_HUMAN	21	119	44
ENOX2_HUMAN	32	113	43
ENPLL_HUMAN	27	108	48
ENPL_HUMAN	686	101	576
ENPP1_HUMAN	84	86	73
ENPP2_HUMAN	10	100	44
ENPP3_HUMAN	7	107	36
ENPP4_HUMAN	36	108	59
ENPP5_HUMAN	8	129	43
ENPP6_HUMAN	53	121	65
ENPP7_HUMAN	28	110	49
ENR1_HUMAN	4	115	50
ENSA_HUMAN	65	118	68
ENTD1_HUMAN	21	103	44
ENTK_HUMAN	2	107	51
ENTP1_HUMAN	14	98	41
ENTP2_HUMAN	104	117	98
ENTP3_HUMAN	17	132	39
ENTP4_HUMAN	31	77	59
ENTP5_HUMAN	14	95	48
ENTP6_HUMAN	71	108	79
ENTP7_HUMAN	55	121	66
ENTP8_HUMAN	1	101	43
ENW1_HUMAN,SYCY1_HUMAN	4	89	42
ENY2_HUMAN	184	102	121
EOGT_HUMAN	55	97	59
EOMES_HUMAN	5	112	34
EP15R_HUMAN	141	102	87
EP300_HUMAN	1278	109	1378
EP3A_HUMAN	35	119	63
EP3B_HUMAN	62	104	57
EP400_HUMAN	185	101	97
EPAS1_HUMAN	168	111	108
EPB42_HUMAN	13	104	48
EPC1_HUMAN	75	120	73
EPC2_HUMAN	60	100	64
EPCAM_HUMAN	38	116	57
EPCR_HUMAN	44	117	60
EPDR1_HUMAN	105	112	89
EPG5_HUMAN	26	117	40
EPGN_HUMAN	6	100	43
EPHA1_HUMAN	306	93	208
EPHA2_HUMAN	727	103	685
EPHA3_HUMAN	116	117	72
EPHA4_HUMAN	218	96	153
EPHA5_HUMAN	152	103	105
EPHA6_HUMAN	45	98	52
EPHA7_HUMAN	311	108	233
EPHA8_HUMAN	158	120	125
EPHAA_HUMAN	87	102	80
EPHB1_HUMAN	42	96	51
EPHB2_HUMAN	200	115	135
EPHB3_HUMAN	39	115	53
EPHB4_HUMAN	152	118	115
EPHB6_HUMAN	81	115	58
EPHX3_HUMAN	1	116	37
EPHX4_HUMAN	34	107	41
EPIPL_HUMAN	213	120	164
EPM2A_HUMAN	49	87	67
EPMIP_HUMAN	76	93	73
EPN1_HUMAN	125	108	83
EPN2_HUMAN	99	95	88
EPN3_HUMAN	58	92	75
EPN4_HUMAN	228	104	154
EPOR_HUMAN	40	109	50
EPO_HUMAN	13	94	39
EPPI_HUMAN	5	123	40
EPS15_HUMAN	230	101	161
EPS8_HUMAN	114	97	68
EPT1_HUMAN	27	92	43
EPYC_HUMAN	2	108	38
ERAL1_HUMAN	210	100	137
ERAP1_HUMAN	82	122	68
ERAP2_HUMAN	30	110	49
ERBB2_HUMAN	737	110	682
ERBB3_HUMAN	303	103	217
ERBB4_HUMAN	144	109	122
ERC2_HUMAN	40	108	37
ERC6L_HUMAN	103	91	84
ERCC1_HUMAN	58	96	64
ERCC2_HUMAN	105	105	71
ERCC3_HUMAN	167	102	125
ERCC5_HUMAN	68	103	51
ERCC6_HUMAN	143	93	108
ERCC8_HUMAN	114	107	78
ERD21_HUMAN	107	99	83
ERD22_HUMAN	112	95	98
ERD23_HUMAN	53	92	62
EREG_HUMAN	14	95	46
ERF1_HUMAN	141	101	86
ERF3A_HUMAN	327	106	206
ERF3B_HUMAN	113	98	99
ERF_HUMAN	188	116	122
ERG1_HUMAN	68	118	59
ERG24_HUMAN	16	118	52
ERG28_HUMAN	151	97	108
ERG7_HUMAN	80	109	70
ERGI1_HUMAN	271	111	179
ERGI2_HUMAN	255	111	172
ERGI3_HUMAN	357	105	266
ERG_HUMAN	215	102	124
ERH_HUMAN	281	101	160
ERI1_HUMAN	52	77	72
ERI2_HUMAN	5	94	33
ERI3_HUMAN	28	103	56
ERIC1_HUMAN	15	101	31
ERLEC_HUMAN	155	93	94
ERLN1_HUMAN	196	99	131
ERLN2_HUMAN	296	97	202
ERMAP_HUMAN	26	130	50
ERMIN_HUMAN	5	112	36
ERMP1_HUMAN	190	87	152
ERN1_HUMAN	68	92	64
ERN2_HUMAN	23	96	59
ERO1A_HUMAN	127	90	96
ERO1B_HUMAN	54	100	62
ERP27_HUMAN	29	114	49
ERP29_HUMAN	135	115	120
ERP44_HUMAN	201	106	123
ERR1_HUMAN	66	131	63
ERR2_HUMAN	101	105	114
ERR3_HUMAN	77	107	81
ERRFI_HUMAN	112	104	86
ERVV1_HUMAN	1	113	31
ES1_HUMAN	400	100	312
ES8L1_HUMAN	56	87	66
ES8L2_HUMAN	68	101	62
ES8L3_HUMAN	8	111	55
ESAM_HUMAN	8	111	51
ESCO1_HUMAN	26	99	46
ESCO2_HUMAN	79	101	79
ESF1_HUMAN	169	95	114
ESIP1_HUMAN	27	101	46
ESM1_HUMAN	17	94	60
ESPB1_HUMAN	124	108	97
ESPL1_HUMAN	77	95	76
ESPNL_HUMAN	5	123	46
ESPN_HUMAN	19	100	44
ESR1_HUMAN	2457	76	3510
ESR2_HUMAN	2471	84	3875
ESRP1_HUMAN	46	114	63
ESRP2_HUMAN	81	105	64
ESSPL_HUMAN	4	115	29
EST1A_HUMAN	88	89	97
EST1_HUMAN	19	104	42
EST2_HUMAN	30	123	41
EST3_HUMAN	18	112	51
EST4_HUMAN	8	102	32
EST8_HUMAN	2	95	35
ESTD_HUMAN	83	98	83
ESX1_HUMAN	3	94	41
ESYT1_HUMAN	465	95	338
ESYT2_HUMAN	398	78	275
ESYT3_HUMAN	8	108	50
ETAA1_HUMAN	29	113	46
ETBR2_HUMAN	56	94	67
ETFA_HUMAN	325	110	236
ETFB_HUMAN	208	109	135
ETFD_HUMAN	25	105	55
ETHE1_HUMAN	51	96	62
ETS1_HUMAN	110	114	85
ETS2_HUMAN	56	114	64
ETUD1_HUMAN	72	98	61
ETV1_HUMAN	32	100	47
ETV2_HUMAN	2	100	38
ETV3L_HUMAN	1	96	36
ETV3_HUMAN	135	103	92
ETV4_HUMAN	65	99	70
ETV5_HUMAN	32	113	64
ETV6_HUMAN	119	104	94
ETV7_HUMAN	29	95	34
EURL_HUMAN	12	109	44
EVC_HUMAN	5	100	43
EVG1_HUMAN	8	119	48
EVI1_HUMAN	358	106	272
EVI2A_HUMAN	19	100	56
EVI2B_HUMAN	34	113	51
EVI5L_HUMAN	66	112	74
EVI5_HUMAN	57	118	74
EVL_HUMAN	67	98	69
EVPLL_HUMAN	2	93	46
EVPL_HUMAN	108	101	82
EVX1_HUMAN	1	114	37
EVX2_HUMAN	10	119	44
EWS_HUMAN	834	91	846
EX3L1_HUMAN	17	107	45
EX3L2_HUMAN	15	105	43
EXC6B_HUMAN	58	108	71
EXD1_HUMAN	2	107	42
EXD2_HUMAN	402	89	325
EXO1_HUMAN	52	106	53
EXO5_HUMAN	19	106	50
EXOC1_HUMAN	212	96	156
EXOC2_HUMAN	112	100	73
EXOC3_HUMAN	157	113	102
EXOC4_HUMAN	221	97	122
EXOC5_HUMAN	146	111	110
EXOC6_HUMAN	97	109	93
EXOC7_HUMAN	141	105	88
EXOC8_HUMAN	170	96	124
EXOG_HUMAN	59	102	62
EXOS1_HUMAN	108	109	101
EXOS2_HUMAN	162	87	111
EXOS3_HUMAN	105	87	78
EXOS4_HUMAN	189	96	115
EXOS5_HUMAN	162	113	114
EXOS6_HUMAN	123	89	99
EXOS7_HUMAN	131	110	91
EXOS8_HUMAN	186	92	115
EXOS9_HUMAN	143	98	113
EXOSX_HUMAN	235	97	145
EXPH5_HUMAN	57	92	56
EXT1_HUMAN	81	104	75
EXT2_HUMAN	98	114	84
EXTL1_HUMAN	8	104	50
EXTL2_HUMAN	63	119	73
EXTL3_HUMAN	145	118	121
EYA1_HUMAN	48	110	67
EYA2_HUMAN	122	96	82
EYA3_HUMAN	73	113	73
EYA4_HUMAN	243	93	189
EYS_HUMAN	3	99	33
EZH1_HUMAN	91	108	78
EZH2_HUMAN	1451	108	1908
EZRI_HUMAN	555	113	494
F100A_HUMAN,UBAD1_HUMAN	3	109	40
F100B_HUMAN,UBAD2_HUMAN	8	113	37
F101A_HUMAN	3	96	47
F101B_HUMAN	23	115	50
F102A_HUMAN	13	93	57
F102B_HUMAN	12	101	37
F104A_HUMAN	7	111	42
F104B_HUMAN	2	127	55
F105A_HUMAN	414	98	315
F105B_HUMAN,OTUL_HUMAN	169	101	122
F106A_HUMAN	1	100	34
F107A_HUMAN	76	100	72
F107B_HUMAN	18	101	41
F108B_HUMAN,AB17B_HUMAN	59	109	62
F108C_HUMAN,AB17C_HUMAN	7	81	38
F10A1_HUMAN	211	104	151
F10A5_HUMAN	10	102	36
F10C1_HUMAN	50	95	57
F110A_HUMAN	106	84	85
F110B_HUMAN	73	106	77
F110C_HUMAN	12	100	48
F110D_HUMAN	25	118	63
F111A_HUMAN	74	114	53
F111B_HUMAN	41	87	43
F113A_HUMAN,PED1A_HUMAN	18	90	62
F113B_HUMAN,PED1B_HUMAN	7	95	37
F1142_HUMAN	92	97	66
F115A_HUMAN,TCAF1_HUMAN	143	87	119
F115C_HUMAN,TCAF2_HUMAN	50	94	65
F116A_HUMAN,DEN6A_HUMAN	87	113	70
F116B_HUMAN,DEN6B_HUMAN	10	105	44
F117A_HUMAN	13	96	42
F117B_HUMAN	41	93	52
F118A_HUMAN	20	103	52
F118B_HUMAN	79	82	60
F119B_HUMAN	361	98	267
F120A_HUMAN	370	108	263
F120B_HUMAN	44	86	48
F120C_HUMAN	191	100	124
F120S_HUMAN	18	87	40
F122A_HUMAN	29	102	68
F122B_HUMAN	42	96	53
F124A_HUMAN	46	83	66
F124B_HUMAN	74	107	76
F125A_HUMAN,MB12A_HUMAN	53	98	58
F125B_HUMAN,MB12B_HUMAN	18	103	36
F126B_HUMAN	17	95	32
F127A_HUMAN	42	104	63
F127B_HUMAN	11	102	51
F127C_HUMAN	18	100	46
F131A_HUMAN	6	103	48
F131B_HUMAN	38	109	60
F131C_HUMAN	13	111	58
F132B_HUMAN,ERFE_HUMAN	27	100	50
F133A_HUMAN	82	112	90
F133B_HUMAN	30	99	54
F134A_HUMAN	43	103	52
F134B_HUMAN	81	96	79
F134C_HUMAN	251	101	154
F135A_HUMAN	86	113	85
F135B_HUMAN	7	108	42
F136A_HUMAN	124	89	102
F13A_HUMAN	35	88	56
F13B_HUMAN	12	91	49
F149A_HUMAN	3	121	38
F149B_HUMAN	5	107	39
F150A_HUMAN	3	109	42
F150B_HUMAN	11	99	57
F151A_HUMAN	1	103	39
F151B_HUMAN	1	118	42
F153A_HUMAN	10	118	39
F153B_HUMAN	28	103	54
F153C_HUMAN	9	104	48
F154A_HUMAN,SAXO1_HUMAN	50	88	62
F154B_HUMAN,SAXO2_HUMAN	2	94	41
F155A_HUMAN	1	98	41
F157A_HUMAN	1	104	42
F157B_HUMAN	2	100	56
F159A_HUMAN	3	108	39
F161A_HUMAN	159	103	119
F161B_HUMAN	84	116	68
F162A_HUMAN	86	113	74
F163A_HUMAN	20	95	47
F163B_HUMAN	18	108	51
F164A_HUMAN	59	94	52
F165B_HUMAN,SI11A_HUMAN	19	105	52
F166A_HUMAN	7	109	43
F166B_HUMAN	24	108	46
F167A_HUMAN	116	102	103
F168A_HUMAN	139	102	107
F168B_HUMAN	61	118	75
F169A_HUMAN	34	108	51
F169B_HUMAN	3	107	51
F16A1_HUMAN	34	115	43
F16A2_HUMAN	41	101	65
F16B1_HUMAN	60	107	64
F16B2_HUMAN	31	127	49
F16P1_HUMAN	346	95	201
F16P2_HUMAN	26	109	46
F170A_HUMAN	36	82	42
F1711_HUMAN	95	88	80
F1712_HUMAN	106	100	78
F171B_HUMAN	55	88	58
F172A_HUMAN	29	105	44
F173A_HUMAN	27	106	49
F173B_HUMAN	9	90	44
F174A_HUMAN	233	106	155
F174B_HUMAN	1	120	38
F175A_HUMAN	36	95	60
F175B_HUMAN	92	98	77
F176A_HUMAN,EVA1A_HUMAN	20	106	55
F176B_HUMAN,EVA1B_HUMAN	76	101	84
F176C_HUMAN,EVA1C_HUMAN	85	113	76
F177A_HUMAN	56	102	69
F177B_HUMAN	4	110	43
F178A_HUMAN,SLF2_HUMAN	37	104	48
F178B_HUMAN	3	120	34
F179A_HUMAN	2	99	44
F179B_HUMAN	18	102	52
F180B_HUMAN	1	108	39
F181A_HUMAN	7	113	42
F181B_HUMAN	1	117	39
F183A_HUMAN	1	104	40
F184A_HUMAN	68	90	57
F184B_HUMAN	14	98	42
F185A_HUMAN	9	95	37
F186A_HUMAN	12	116	56
F186B_HUMAN	10	108	44
F187B_HUMAN	26	105	50
F188A_HUMAN	46	96	64
F188B_HUMAN	72	89	76
F1892_HUMAN	121	98	81
F189B_HUMAN	140	118	110
F18A1_HUMAN,AB17A_HUMAN	39	112	55
F18B1_HUMAN,TV23B_HUMAN	45	101	51
F18B2_HUMAN,TV23C_HUMAN	56	113	57
F190A_HUMAN,CCSE1_HUMAN	22	119	58
F190B_HUMAN,CCSE2_HUMAN	67	92	78
F192A_HUMAN	113	114	79
F193A_HUMAN	72	102	74
F194A_HUMAN,ERIP6_HUMAN	4	107	41
F194B_HUMAN,ERI6B_HUMAN	7	100	42
F195A_HUMAN	59	97	62
F195B_HUMAN	58	98	68
F196A_HUMAN	38	111	47
F196B_HUMAN	1	102	42
F198A_HUMAN	7	106	43
F198B_HUMAN	2	116	40
F199X_HUMAN	22	106	50
F19A1_HUMAN	10	92	52
F19A2_HUMAN	42	110	67
F19A3_HUMAN	78	98	78
F19A4_HUMAN	56	110	76
F19A5_HUMAN	15	98	42
F200A_HUMAN	4	78	28
F200B_HUMAN	5	89	42
F203A_HUMAN	56	101	61
F203B_HUMAN	3	87	45
F204A_HUMAN	12	117	39
F205A_HUMAN	1	107	37
F206A_HUMAN	15	101	44
F207A_HUMAN	187	104	115
F208A_HUMAN,TASOR_HUMAN	92	105	75
F208B_HUMAN	103	102	57
F209A_HUMAN	262	88	165
F210A_HUMAN	36	93	61
F210B_HUMAN	103	106	113
F211B_HUMAN	1	111	52
F212A_HUMAN	15	106	58
F212B_HUMAN	7	109	49
F213A_HUMAN	92	106	78
F214A_HUMAN	12	93	32
F214B_HUMAN	69	103	73
F216A_HUMAN	9	105	54
F217A_HUMAN	1	111	41
F217B_HUMAN	32	121	51
F218A_HUMAN	15	99	43
F219A_HUMAN	51	91	62
F219B_HUMAN	18	109	45
F220A_HUMAN	2	125	44
F221A_HUMAN	14	105	39
F221B_HUMAN	21	92	47
F222A_HUMAN	12	99	46
F222B_HUMAN	35	99	57
F222C_HUMAN	8	115	46
F261_HUMAN	18	130	45
F262_HUMAN	57	91	49
F263_HUMAN	64	99	50
F264_HUMAN	32	108	45
F27E3_HUMAN	12	97	32
F48B1_HUMAN,SP201_HUMAN	3	96	43
F71E1_HUMAN	2	110	54
F71E2_HUMAN	10	101	47
F71F1_HUMAN	5	104	34
F71F2_HUMAN	4	104	42
F74A1_HUMAN	2	108	52
F74A4_HUMAN	26	112	64
F75A3_HUMAN,S31A3_HUMAN	1	85	41
F75A5_HUMAN,S31A5_HUMAN	2	89	47
F75A6_HUMAN,S31A6_HUMAN	2	95	37
F75A7_HUMAN	4	123	50
F75D1_HUMAN,S31D1_HUMAN	2	94	40
F75D3_HUMAN,S31D3_HUMAN	1	111	27
F75E1_HUMAN,S31E1_HUMAN	8	97	44
F86B1_HUMAN	2	95	43
F86B2_HUMAN	16	119	39
F8I2_HUMAN	11	86	43
F90A1_HUMAN	210	98	146
F90A5_HUMAN	2	123	44
F90A7_HUMAN	1	105	49
F90A8_HUMAN	1	100	52
F90A9_HUMAN	1	115	36
F90AA_HUMAN	1	121	40
F90AC_HUMAN	1	104	48
F90AD_HUMAN	1	95	42
F90AE_HUMAN	1	101	32
F90AG_HUMAN	1	81	32
F90AJ_HUMAN	1	103	38
F90AK_HUMAN	1	114	34
F90AM_HUMAN	1	106	37
F90AN_HUMAN	1	106	39
F90AO_HUMAN	1	108	36
F91A1_HUMAN	151	113	108
F92A1_HUMAN	28	91	52
FA10_HUMAN	29	118	38
FA11_HUMAN	12	93	36
FA12_HUMAN	67	104	64
FA13A_HUMAN	36	116	55
FA13B_HUMAN	24	108	47
FA13C_HUMAN	22	108	36
FA156_HUMAN	8	104	41
FA18A_HUMAN,TV23A_HUMAN	5	112	34
FA20A_HUMAN	6	89	44
FA20B_HUMAN	77	101	86
FA21A_HUMAN	140	86	88
FA21B_HUMAN	1	89	44
FA21C_HUMAN	68	110	69
FA22A_HUMAN,NTM2A_HUMAN	5	105	34
FA22B_HUMAN,NTM2B_HUMAN	4	101	41
FA22D_HUMAN,NTM2D_HUMAN	2	99	32
FA22F_HUMAN,NTM2F_HUMAN	44	89	67
FA22G_HUMAN,NTM2G_HUMAN	1	91	43
FA23A_HUMAN	6	88	45
FA24B_HUMAN	57	95	57
FA26D_HUMAN	41	119	48
FA26E_HUMAN	4	80	31
FA26F_HUMAN	3	107	43
FA2H_HUMAN	47	94	50
FA32A_HUMAN	38	96	60
FA35A_HUMAN	47	102	57
FA38B_HUMAN	6	113	46
FA40A_HUMAN,STRP1_HUMAN	105	98	72
FA40B_HUMAN,STRP2_HUMAN	38	96	57
FA43A_HUMAN	35	80	63
FA43B_HUMAN	3	101	30
FA45A_HUMAN	33	127	50
FA45B_HUMAN	10	111	41
FA46A_HUMAN	86	87	99
FA46B_HUMAN	69	85	66
FA46C_HUMAN	148	74	105
FA46D_HUMAN	18	106	46
FA47A_HUMAN	2	109	43
FA47B_HUMAN	11	100	37
FA47C_HUMAN	1	114	45
FA47E_HUMAN	3	91	46
FA48A_HUMAN,SP20H_HUMAN	91	104	88
FA49A_HUMAN	12	106	39
FA49B_HUMAN	100	89	73
FA50A_HUMAN	94	93	67
FA50B_HUMAN	68	103	80
FA53A_HUMAN	3	111	39
FA53B_HUMAN	21	96	44
FA53C_HUMAN	69	94	65
FA54A_HUMAN,MTFR2_HUMAN	50	120	60
FA54B_HUMAN,MFR1L_HUMAN	66	110	67
FA55A_HUMAN,NXPE1_HUMAN	1	99	40
FA55B_HUMAN,NXPE2_HUMAN	11	114	55
FA55C_HUMAN,NXPE3_HUMAN	46	100	48
FA55D_HUMAN,NXPE4_HUMAN	4	107	29
FA57A_HUMAN	46	91	61
FA57B_HUMAN	2	105	34
FA58A_HUMAN	19	96	44
FA59A_HUMAN,GARE1_HUMAN	29	107	54
FA59B_HUMAN,GARE2_HUMAN	11	111	39
FA5_HUMAN	26	110	55
FA60A_HUMAN	140	106	101
FA63A_HUMAN	41	103	42
FA63B_HUMAN	29	102	54
FA64A_HUMAN	45	106	50
FA65A_HUMAN	29	93	47
FA65B_HUMAN	15	104	37
FA65C_HUMAN	10	105	47
FA66E_HUMAN	1	93	32
FA69A_HUMAN	110	98	92
FA69B_HUMAN	23	116	55
FA69C_HUMAN	3	112	40
FA70A_HUMAN,T255A_HUMAN	15	99	40
FA70B_HUMAN,T255B_HUMAN	14	130	51
FA71A_HUMAN	2	112	38
FA71B_HUMAN	3	110	48
FA71C_HUMAN	19	102	40
FA71D_HUMAN	3	108	37
FA72A_HUMAN	2	109	43
FA72B_HUMAN	2	109	52
FA72D_HUMAN	5	94	40
FA73A_HUMAN,MIGA1_HUMAN	55	98	59
FA73B_HUMAN,MIGA2_HUMAN	28	116	47
FA76A_HUMAN	21	113	42
FA76B_HUMAN	103	102	75
FA78A_HUMAN	5	92	38
FA78B_HUMAN	5	91	34
FA7_HUMAN	21	88	50
FA81A_HUMAN	21	100	47
FA81B_HUMAN	18	97	50
FA83A_HUMAN	41	101	66
FA83B_HUMAN	143	95	103
FA83C_HUMAN	5	111	35
FA83D_HUMAN	87	97	78
FA83E_HUMAN	4	106	40
FA83F_HUMAN	35	115	49
FA83G_HUMAN	33	106	58
FA83H_HUMAN	160	89	122
FA84A_HUMAN	7	118	48
FA84B_HUMAN	31	99	52
FA86A_HUMAN,EF2KT_HUMAN	27	98	48
FA86C_HUMAN	34	95	49
FA89A_HUMAN	6	87	47
FA89B_HUMAN	7	97	35
FA8A1_HUMAN	96	115	92
FA8_HUMAN	26	91	45
FA92B_HUMAN	5	120	43
FA96A_HUMAN	219	111	179
FA98A_HUMAN	195	101	125
FA98B_HUMAN	101	131	70
FA98C_HUMAN	6	105	46
FA9_HUMAN	41	88	50
FAAA_HUMAN	38	97	65
FAAH1_HUMAN	23	115	45
FAAH2_HUMAN	1	120	38
FABD_HUMAN	114	95	82
FABP4_HUMAN	31	102	53
FABP5_HUMAN	189	112	147
FABP6_HUMAN	2	98	47
FABP7_HUMAN	17	114	47
FABP9_HUMAN	2	102	40
FABPH_HUMAN	48	105	59
FABPI_HUMAN	4	107	33
FABPL_HUMAN	15	107	40
FACD2_HUMAN	833	99	892
FACE1_HUMAN	172	94	129
FACE2_HUMAN	11	100	46
FACR1_HUMAN	121	97	79
FACR2_HUMAN	55	111	69
FAD1_HUMAN	117	114	94
FADD_HUMAN	118	96	96
FADS1_HUMAN	104	106	89
FADS2_HUMAN	78	99	76
FADS3_HUMAN	50	97	62
FADS6_HUMAN	21	120	48
FAF1_HUMAN	339	98	216
FAF2_HUMAN	476	109	344
FAH2A_HUMAN	53	93	63
FAH2B_HUMAN	20	119	53
FAHD1_HUMAN	172	124	120
FAIM1_HUMAN	43	105	63
FAIM3_HUMAN	10	99	31
FAK1_HUMAN	305	108	223
FAK2_HUMAN	103	97	85
FAKD1_HUMAN	104	83	77
FAKD2_HUMAN	283	98	195
FAKD3_HUMAN	191	102	128
FAKD5_HUMAN	304	106	204
FAM25_HUMAN	18	141	53
FAM3A_HUMAN	22	95	47
FAM3B_HUMAN	11	112	43
FAM3C_HUMAN	138	89	121
FAM3D_HUMAN	7	106	44
FAM5B_HUMAN,BRNP2_HUMAN	25	99	46
FAM5C_HUMAN,BRNP3_HUMAN	24	109	52
FAM9A_HUMAN	55	104	70
FAM9B_HUMAN	188	101	132
FAM9C_HUMAN	65	122	62
FAN1_HUMAN	58	100	61
FANCA_HUMAN	189	107	129
FANCB_HUMAN	25	110	51
FANCC_HUMAN	91	98	77
FANCE_HUMAN	36	103	49
FANCF_HUMAN	34	117	50
FANCG_HUMAN	119	85	93
FANCI_HUMAN	237	88	171
FANCJ_HUMAN	95	105	67
FANCL_HUMAN	88	94	81
FANCM_HUMAN	69	89	72
FANK1_HUMAN	10	91	46
FAN_HUMAN	42	106	50
FAP24_HUMAN	26	123	48
FARP1_HUMAN	143	114	86
FARP2_HUMAN	87	103	72
FASTK_HUMAN	27	101	54
FAS_HUMAN	469	93	390
FAT1_HUMAN	134	88	100
FAT2_HUMAN	8	93	46
FAT3_HUMAN	66	105	65
FAT4_HUMAN	81	110	73
FATE1_HUMAN	99	119	70
FAXC_HUMAN	135	122	99
FBCD1_HUMAN	10	119	41
FBF1_HUMAN	160	83	125
FBLI1_HUMAN	47	98	63
FBLL1_HUMAN	41	106	59
FBLN1_HUMAN	151	94	107
FBLN2_HUMAN	63	113	71
FBLN3_HUMAN	133	93	96
FBLN4_HUMAN	140	113	112
FBLN5_HUMAN	174	109	125
FBLN7_HUMAN	30	87	49
FBN1_HUMAN	40	108	48
FBN2_HUMAN	77	104	78
FBN3_HUMAN	15	102	38
FBP1L_HUMAN	66	96	68
FBRL_HUMAN	670	100	557
FBRS_HUMAN	105	99	87
FBSL_HUMAN	64	107	61
FBSP1_HUMAN	91	111	74
FBW10_HUMAN	133	105	119
FBW12_HUMAN	10	108	53
FBW1A_HUMAN	754	98	746
FBW1B_HUMAN	491	87	386
FBX10_HUMAN	47	106	61
FBX11_HUMAN	158	126	111
FBX15_HUMAN	12	100	46
FBX16_HUMAN	18	105	37
FBX17_HUMAN	64	100	76
FBX18_HUMAN,FBH1_HUMAN	30	93	51
FBX21_HUMAN	83	103	88
FBX22_HUMAN	532	90	442
FBX24_HUMAN	13	96	53
FBX25_HUMAN	123	119	105
FBX27_HUMAN	18	108	54
FBX28_HUMAN	110	88	81
FBX2_HUMAN	473	92	365
FBX30_HUMAN	53	110	64
FBX31_HUMAN	41	86	56
FBX32_HUMAN	248	80	173
FBX33_HUMAN	24	122	47
FBX34_HUMAN	52	83	53
FBX36_HUMAN	2	112	50
FBX38_HUMAN	146	106	110
FBX39_HUMAN	3	101	31
FBX3_HUMAN	89	102	91
FBX40_HUMAN	12	106	43
FBX41_HUMAN	5	119	50
FBX42_HUMAN	256	106	199
FBX43_HUMAN	73	106	73
FBX44_HUMAN	37	93	60
FBX46_HUMAN	32	105	53
FBX47_HUMAN	2	98	35
FBX48_HUMAN	3	116	31
FBX4_HUMAN	35	108	58
FBX5_HUMAN	48	110	59
FBX6_HUMAN	737	104	700
FBX7_HUMAN	280	89	181
FBX8_HUMAN	13	86	44
FBX9_HUMAN	21	103	49
FBXL2_HUMAN	34	110	55
FBXL3_HUMAN	26	110	46
FBXL4_HUMAN	103	105	74
FBXL5_HUMAN	44	101	64
FBXL6_HUMAN	581	108	507
FBXL7_HUMAN	24	116	44
FBXL8_HUMAN	11	95	43
FBXW2_HUMAN	39	117	47
FBXW4_HUMAN	59	103	59
FBXW5_HUMAN	173	99	116
FBXW7_HUMAN	1259	110	1446
FBXW8_HUMAN	153	110	113
FBXW9_HUMAN	21	89	41
FCAMR_HUMAN	1	105	39
FCAR_HUMAN	9	103	40
FCER2_HUMAN	9	105	46
FCERA_HUMAN	39	103	67
FCERB_HUMAN	7	90	41
FCERG_HUMAN	90	111	83
FCF1_HUMAN	108	100	83
FCG2A_HUMAN	48	101	60
FCG2B_HUMAN	21	86	35
FCG2C_HUMAN	9	91	40
FCG3A_HUMAN	31	91	63
FCG3B_HUMAN	43	98	61
FCGBP_HUMAN	26	88	52
FCGR1_HUMAN	49	99	56
FCGRB_HUMAN	1	105	40
FCGRC_HUMAN	1	89	33
FCGRN_HUMAN	114	127	87
FCHO1_HUMAN	65	96	57
FCHO2_HUMAN	80	105	71
FCL_HUMAN	50	88	50
FCN1_HUMAN	76	91	73
FCN2_HUMAN	11	112	46
FCN3_HUMAN	52	90	56
FCRL1_HUMAN	2	101	45
FCRL2_HUMAN	10	99	37
FCRL3_HUMAN	13	111	56
FCRL4_HUMAN	14	104	52
FCRL5_HUMAN	14	102	40
FCRL6_HUMAN	1	110	38
FCRLA_HUMAN	2	120	53
FCRLB_HUMAN	1	92	39
FCSD1_HUMAN	20	83	51
FCSD2_HUMAN	68	87	62
FDFT_HUMAN	165	94	123
FDSCP_HUMAN	11	94	34
FDXA1_HUMAN	12	102	43
FEM1A_HUMAN	103	115	89
FEM1B_HUMAN	92	113	60
FEM1C_HUMAN	22	127	54
FEN1_HUMAN	203	105	143
FER3L_HUMAN	15	115	47
FERM1_HUMAN	31	95	50
FERM2_HUMAN	208	108	150
FER_HUMAN	43	117	56
FES_HUMAN	33	120	58
FETA_HUMAN	28	122	57
FETUA_HUMAN	103	85	91
FETUB_HUMAN	8	124	30
FEV_HUMAN	202	91	148
FEZ1_HUMAN	141	94	108
FEZ2_HUMAN	39	92	54
FEZF1_HUMAN	29	88	47
FEZF2_HUMAN	5	99	37
FFAR1_HUMAN	237	97	179
FFAR2_HUMAN	119	115	84
FFAR3_HUMAN	13	113	44
FFR_HUMAN,VPS51_HUMAN	159	84	102
FGD1_HUMAN	41	112	60
FGD2_HUMAN	26	104	55
FGD3_HUMAN	7	121	35
FGD4_HUMAN	22	94	57
FGD5_HUMAN	208	103	123
FGD6_HUMAN	38	121	52
FGF10_HUMAN	15	112	49
FGF11_HUMAN	171	96	138
FGF12_HUMAN	72	93	61
FGF13_HUMAN	121	94	89
FGF14_HUMAN	49	105	57
FGF16_HUMAN	9	125	47
FGF17_HUMAN	47	107	52
FGF18_HUMAN	1	99	43
FGF19_HUMAN	13	103	44
FGF1_HUMAN	42	100	58
FGF20_HUMAN	1	117	41
FGF21_HUMAN	10	111	30
FGF23_HUMAN	13	120	53
FGF2_HUMAN	50	116	50
FGF3_HUMAN	66	109	53
FGF4_HUMAN	41	115	55
FGF5_HUMAN	3	99	41
FGF6_HUMAN	13	128	58
FGF7_HUMAN	5	85	46
FGF8_HUMAN	106	108	72
FGF9_HUMAN	13	123	45
FGFP1_HUMAN	259	89	185
FGFP2_HUMAN	8	116	44
FGFR1_HUMAN	609	111	530
FGFR2_HUMAN	227	110	131
FGFR3_HUMAN	326	106	229
FGFR4_HUMAN	459	114	371
FGGY_HUMAN	4	100	42
FGL1_HUMAN	93	109	79
FGL2_HUMAN	17	101	51
FGOP2_HUMAN	94	114	80
FGRL1_HUMAN	50	109	61
FGR_HUMAN	82	101	74
FHAD1_HUMAN	13	97	59
FHDC1_HUMAN	6	106	35
FHIT_HUMAN	24	98	48
FHL17_HUMAN	7	108	54
FHL1_HUMAN	149	108	119
FHL2_HUMAN	404	102	305
FHL3_HUMAN	279	96	205
FHL5_HUMAN	101	117	88
FHOD1_HUMAN	87	92	83
FHOD3_HUMAN	11	122	54
FHR1_HUMAN	15	89	41
FHR2_HUMAN	3	125	46
FHR3_HUMAN	6	80	44
FHR4_HUMAN	10	102	51
FHR5_HUMAN	27	105	42
FIBA_HUMAN	100	85	79
FIBB_HUMAN	201	83	148
FIBG_HUMAN	117	103	99
FIBIN_HUMAN	68	92	59
FIBP_HUMAN	79	116	62
FICD_HUMAN	9	106	38
FIG4_HUMAN	27	94	55
FIGL1_HUMAN	67	105	76
FIGL2_HUMAN	3	86	39
FIGLA_HUMAN	17	96	34
FIGN_HUMAN	11	121	49
FIL1L_HUMAN	20	99	46
FILA2_HUMAN	137	117	88
FILA_HUMAN	116	110	78
FINC_HUMAN	828	109	879
FIP1_HUMAN	211	102	134
FIS1_HUMAN	218	102	132
FITM2_HUMAN	71	93	70
FIZ1_HUMAN	20	97	43
FJX1_HUMAN	4	100	35
FKB10_HUMAN	115	114	90
FKB11_HUMAN	27	112	45
FKB14_HUMAN	87	104	78
FKB15_HUMAN	100	94	66
FKB1A_HUMAN	116	102	97
FKB1B_HUMAN	30	104	43
FKB9L_HUMAN	7	111	42
FKBP2_HUMAN	81	113	62
FKBP3_HUMAN	132	122	98
FKBP4_HUMAN	280	93	198
FKBP5_HUMAN	426	118	311
FKBP6_HUMAN	81	103	67
FKBP7_HUMAN	149	98	112
FKBP8_HUMAN	570	101	520
FKBP9_HUMAN	83	120	70
FKBPL_HUMAN	28	95	63
FKRP_HUMAN	51	110	61
FKTN_HUMAN	15	104	37
FL2D_HUMAN	208	122	133
FLCN_HUMAN	112	111	84
FLI1_HUMAN	59	94	74
FLII_HUMAN	312	104	214
FLIP1_HUMAN	33	98	53
FLNA_HUMAN	681	97	616
FLNB_HUMAN	524	95	419
FLNC_HUMAN	393	99	258
FLOT1_HUMAN	546	95	438
FLOT2_HUMAN	447	99	346
FLOWR_HUMAN	20	110	44
FLRT1_HUMAN	41	91	57
FLRT2_HUMAN	22	99	49
FLRT3_HUMAN	23	84	59
FLT3L_HUMAN	4	110	48
FLT3_HUMAN	202	92	140
FLVC1_HUMAN	136	117	104
FLVC2_HUMAN	43	86	55
FM25A_HUMAN	19	111	56
FM25C_HUMAN	18	111	48
FM25G_HUMAN	18	105	55
FMN1_HUMAN	15	108	40
FMN2_HUMAN	67	104	56
FMNL2_HUMAN	189	105	109
FMNL3_HUMAN	45	86	54
FMNL_HUMAN,FMNL1_HUMAN	96	96	72
FMO1_HUMAN	11	94	46
FMO2_HUMAN	3	120	39
FMO3_HUMAN	5	102	53
FMO4_HUMAN	3	101	42
FMO5_HUMAN	6	108	50
FMOD_HUMAN	41	111	48
FMR1N_HUMAN	14	116	31
FMR1_HUMAN	539	107	429
FMT_HUMAN	98	92	84
FN3K_HUMAN	14	104	37
FNBP1_HUMAN	122	102	94
FNBP2_HUMAN,SRGP2_HUMAN	173	105	139
FNBP4_HUMAN	76	103	80
FND3A_HUMAN	296	101	186
FND3B_HUMAN	102	97	97
FNDC1_HUMAN	23	100	50
FNDC4_HUMAN	20	108	59
FNDC5_HUMAN	152	105	105
FNDC7_HUMAN	3	113	39
FNDC8_HUMAN	18	86	47
FNDC9_HUMAN	90	100	73
FNIP1_HUMAN	36	86	60
FNIP2_HUMAN	23	93	54
FNTA_HUMAN	86	114	81
FNTB_HUMAN	98	106	80
FOCAD_HUMAN	72	77	67
FOG1_HUMAN	14	125	37
FOG2_HUMAN	29	125	48
FOH1B_HUMAN	10	89	46
FOLC_HUMAN	30	84	53
FOLH1_HUMAN	16	93	46
FOLR1_HUMAN	224	114	136
FOLR2_HUMAN	2	99	29
FOLR3_HUMAN	7	110	33
FOLR4_HUMAN,JUNO_HUMAN	2	119	38
FOPNL_HUMAN	41	104	58
FOSB_HUMAN	44	119	57
FOSL1_HUMAN	80	95	65
FOSL2_HUMAN	137	83	90
FOS_HUMAN	256	92	164
FOXA1_HUMAN	513	93	429
FOXA2_HUMAN	24	97	61
FOXA3_HUMAN	50	103	64
FOXB1_HUMAN	134	94	94
FOXC1_HUMAN	233	100	151
FOXC2_HUMAN	44	100	50
FOXD1_HUMAN	4	89	41
FOXD2_HUMAN	29	92	43
FOXD3_HUMAN	28	96	35
FOXD4_HUMAN	61	96	74
FOXE1_HUMAN	81	104	67
FOXE3_HUMAN	6	108	53
FOXF1_HUMAN	32	115	51
FOXF2_HUMAN	54	90	49
FOXG1_HUMAN	86	106	72
FOXH1_HUMAN	103	106	71
FOXI1_HUMAN	93	93	92
FOXI2_HUMAN	52	99	50
FOXI3_HUMAN	2	92	39
FOXJ1_HUMAN	27	115	46
FOXJ2_HUMAN	80	88	81
FOXJ3_HUMAN	45	119	56
FOXK1_HUMAN	251	93	163
FOXK2_HUMAN	243	110	166
FOXL1_HUMAN	193	100	136
FOXL2_HUMAN	70	86	70
FOXM1_HUMAN	119	111	82
FOXN1_HUMAN	40	101	48
FOXN2_HUMAN	15	103	55
FOXN3_HUMAN	65	83	64
FOXN4_HUMAN	7	106	44
FOXO1_HUMAN	324	101	236
FOXO3_HUMAN	95	109	82
FOXO4_HUMAN	31	102	52
FOXO6_HUMAN	17	104	31
FOXP1_HUMAN	152	100	104
FOXP2_HUMAN	77	111	70
FOXP3_HUMAN	92	97	91
FOXP4_HUMAN	103	105	88
FOXQ1_HUMAN	138	106	118
FOXR1_HUMAN	42	111	59
FOXR2_HUMAN	41	100	66
FOXS1_HUMAN	84	89	73
FP100_HUMAN	99	93	84
FPGT_HUMAN	4	119	44
FPPS_HUMAN	135	96	99
FPR1_HUMAN	225	92	152
FPR2_HUMAN	146	96	111
FPRP_HUMAN	62	107	64
FR1L4_HUMAN	6	114	49
FR1L5_HUMAN	5	92	46
FR1L6_HUMAN	8	109	47
FR1OP_HUMAN	204	107	168
FRAS1_HUMAN	111	113	89
FRAT1_HUMAN	19	91	49
FRAT2_HUMAN	26	94	61
FRDA_HUMAN	60	92	66
FREM1_HUMAN	4	99	54
FREM2_HUMAN	59	119	52
FREM3_HUMAN	5	109	34
FRG1B_HUMAN	3	122	51
FRG1_HUMAN	65	112	63
FRG2_HUMAN	1	117	26
FRIH_HUMAN	197	106	148
FRIL_HUMAN	429	113	336
FRK_HUMAN	48	122	63
FRM4A_HUMAN	26	118	50
FRM4B_HUMAN	7	99	53
FRMD1_HUMAN	59	95	69
FRMD3_HUMAN	27	98	58
FRMD5_HUMAN	82	113	74
FRMD6_HUMAN	79	97	78
FRMD7_HUMAN	3	98	48
FRMD8_HUMAN	19	96	39
FRP2L_HUMAN	12	101	45
FRPD1_HUMAN	7	85	40
FRPD2_HUMAN	10	116	45
FRPD3_HUMAN	3	95	42
FRPD4_HUMAN	10	100	36
FRRS1_HUMAN	2	87	43
FRS1L_HUMAN	1	103	37
FRS2_HUMAN	97	85	70
FRS3_HUMAN	120	93	100
FRYL_HUMAN	71	114	65
FRY_HUMAN	26	95	47
FSCB_HUMAN	1	117	35
FSCN1_HUMAN	284	91	204
FSCN2_HUMAN	6	101	46
FSCN3_HUMAN	4	71	41
FSD1L_HUMAN	7	106	37
FSD1_HUMAN	75	112	80
FSD2_HUMAN	141	111	103
FSHB_HUMAN	3	103	44
FSHR_HUMAN	36	129	44
FSIP1_HUMAN	8	101	51
FSIP2_HUMAN	7	96	50
FSTL1_HUMAN	82	101	79
FSTL3_HUMAN	7	105	49
FSTL4_HUMAN	35	94	58
FSTL5_HUMAN	2	117	47
FST_HUMAN	37	104	58
FTCD_HUMAN	28	109	49
FTHFD_HUMAN	38	91	47
FTMT_HUMAN	1	112	39
FTM_HUMAN	187	95	142
FTO_HUMAN	95	104	70
FTSJ1_HUMAN,CMTR2_HUMAN	19	115	55
FUBP1_HUMAN	320	97	210
FUBP2_HUMAN	304	103	188
FUBP3_HUMAN	304	90	227
FUCM_HUMAN	17	112	43
FUCO2_HUMAN	48	116	52
FUCO_HUMAN	26	104	55
FUCT1_HUMAN	20	101	44
FUK_HUMAN	45	105	53
FUMH_HUMAN	185	129	131
FUND1_HUMAN	29	106	57
FUND2_HUMAN	108	106	88
FURIN_HUMAN	243	104	154
FUS_HUMAN	724	95	711
FUT10_HUMAN	11	98	35
FUT11_HUMAN	73	86	63
FUT1_HUMAN	36	116	60
FUT2_HUMAN	2	101	39
FUT3_HUMAN	26	109	46
FUT4_HUMAN	13	98	42
FUT7_HUMAN	6	91	32
FUT8_HUMAN	137	109	111
FUT9_HUMAN	13	102	38
FUZZY_HUMAN	32	113	56
FWCH1_HUMAN	36	106	37
FWCH2_HUMAN	63	107	58
FX4L1_HUMAN	28	99	47
FX4L3_HUMAN	16	103	52
FX4L4_HUMAN	1	98	40
FX4L6_HUMAN	47	105	54
FXL12_HUMAN	65	116	70
FXL13_HUMAN	42	105	61
FXL14_HUMAN	47	105	55
FXL15_HUMAN	34	97	52
FXL16_HUMAN	84	106	88
FXL17_HUMAN	98	114	84
FXL18_HUMAN	61	108	70
FXL19_HUMAN	103	97	77
FXL20_HUMAN	14	90	56
FXL21_HUMAN	10	85	41
FXL22_HUMAN	12	92	42
FXR1_HUMAN	652	102	552
FXR2_HUMAN	451	92	296
FXRD1_HUMAN	74	103	69
FXRD2_HUMAN	104	110	91
FXYD3_HUMAN	91	118	85
FXYD5_HUMAN	1	112	44
FXYD6_HUMAN	90	112	69
FXYD7_HUMAN	4	102	40
FYB_HUMAN	31	107	53
FYCO1_HUMAN	114	111	80
FYN_HUMAN	582	105	512
FYV1_HUMAN	50	98	71
FZD10_HUMAN	127	103	117
FZD1_HUMAN	30	101	45
FZD2_HUMAN	71	106	71
FZD3_HUMAN	23	98	52
FZD4_HUMAN	16	103	41
FZD5_HUMAN	21	100	45
FZD6_HUMAN	60	113	67
FZD7_HUMAN	88	91	63
FZD8_HUMAN	38	88	65
FZD9_HUMAN	5	121	31
FZR_HUMAN	1116	89	1470
G0S2_HUMAN	18	82	48
G137A_HUMAN	8	85	47
G137B_HUMAN	10	110	53
G137C_HUMAN	3	95	46
G2E3_HUMAN	17	95	52
G3BP1_HUMAN	845	92	859
G3BP2_HUMAN	487	86	346
G3PT_HUMAN	169	106	126
G3P_HUMAN	757	101	790
G3ST1_HUMAN	10	102	35
G3ST2_HUMAN	18	120	53
G3ST3_HUMAN	1	123	41
G3ST4_HUMAN	4	114	49
G45IP_HUMAN	282	110	208
G6B_HUMAN	2	91	49
G6PC2_HUMAN	3	86	50
G6PC3_HUMAN	19	90	60
G6PC_HUMAN	3	98	34
G6PD_HUMAN	209	104	137
G6PE_HUMAN	31	103	46
G6PI_HUMAN	213	91	145
G6PT1_HUMAN	63	102	72
G7C_HUMAN	3	109	48
G7D_HUMAN	16	109	38
G8_HUMAN	3	98	38
GA2L1_HUMAN	47	114	53
GA2L2_HUMAN	62	94	62
GA2L3_HUMAN	37	102	51
GA45A_HUMAN	97	98	60
GA45B_HUMAN	30	112	40
GA45G_HUMAN	75	101	73
GAB1_HUMAN	163	94	131
GAB2_HUMAN	298	114	196
GAB3_HUMAN	9	111	32
GAB4_HUMAN	1	103	39
GABP1_HUMAN	39	90	54
GABP2_HUMAN	14	97	37
GABPA_HUMAN	131	80	103
GABR1_HUMAN	53	109	62
GABR2_HUMAN	17	132	38
GABT_HUMAN	75	136	74
GADL1_HUMAN	8	109	44
GAG10_HUMAN	1	118	45
GAG13_HUMAN	1	97	42
GAG2A_HUMAN	2	114	44
GAG2B_HUMAN	2	100	56
GAG2E_HUMAN	35	91	56
GAGB1_HUMAN,PAGE1_HUMAN	41	97	46
GAGC1_HUMAN,PAGE4_HUMAN	252	100	183
GAGD2_HUMAN,XAGE1_HUMAN	57	86	63
GAGD3_HUMAN,XAGE2_HUMAN	15	101	50
GAGD4_HUMAN,XAGE3_HUMAN	21	92	47
GAGE1_HUMAN	12	120	52
GAGE2_HUMAN	1	105	36
GAGE5_HUMAN	50	93	66
GAGE7_HUMAN	1	102	49
GAK2_HUMAN	1	106	35
GAK_HUMAN	185	109	115
GALA_HUMAN	26	96	52
GALC_HUMAN	36	106	38
GALE_HUMAN	66	111	70
GALK1_HUMAN	97	104	57
GALK2_HUMAN	21	98	38
GALM_HUMAN	20	130	47
GALNS_HUMAN	102	109	73
GALP_HUMAN	6	105	43
GALR1_HUMAN	7	98	48
GALR2_HUMAN	1	108	54
GALR3_HUMAN	5	95	46
GALT1_HUMAN	72	114	61
GALT2_HUMAN	127	111	96
GALT3_HUMAN	32	93	67
GALT4_HUMAN	19	103	53
GALT5_HUMAN	22	105	64
GALT6_HUMAN	77	104	81
GALT7_HUMAN	101	131	81
GALT8_HUMAN	9	96	55
GALT9_HUMAN	49	89	51
GALT_HUMAN	22	92	49
GAMT_HUMAN	31	108	49
GANAB_HUMAN	396	113	271
GANC_HUMAN	6	83	36
GAN_HUMAN	261	86	205
GAPD1_HUMAN	198	99	127
GAPR1_HUMAN	21	113	42
GAR1_HUMAN	218	112	157
GARL3_HUMAN	7	100	60
GAS1_HUMAN	16	95	62
GAS2_HUMAN	6	97	42
GAS6_HUMAN	93	100	95
GAS7_HUMAN	42	86	56
GAS8_HUMAN	119	115	92
GASP1_HUMAN	41	86	55
GASP2_HUMAN	141	104	118
GASR_HUMAN	44	119	62
GAST_HUMAN	37	105	54
GATA1_HUMAN	146	98	119
GATA2_HUMAN	192	89	129
GATA3_HUMAN	199	114	139
GATA4_HUMAN	401	91	298
GATA5_HUMAN	10	89	41
GATA6_HUMAN	25	104	38
GATA_HUMAN	114	105	94
GATB_HUMAN	96	119	81
GATCL_HUMAN	56	106	56
GATC_HUMAN	28	111	66
GATD1_HUMAN	129	115	120
GATL2_HUMAN	15	115	45
GATL3_HUMAN	15	105	48
GATM_HUMAN	14	79	50
GATS_HUMAN	16	119	38
GBA2_HUMAN	39	96	55
GBA3_HUMAN	12	95	45
GBB1_HUMAN	336	98	232
GBB2_HUMAN	523	100	423
GBB3_HUMAN	47	113	66
GBB4_HUMAN	134	108	90
GBB5_HUMAN	51	105	58
GBF1_HUMAN	403	99	268
GBG10_HUMAN	43	99	57
GBG11_HUMAN	13	118	46
GBG12_HUMAN	115	104	86
GBG13_HUMAN	37	117	61
GBG1_HUMAN	25	117	50
GBG2_HUMAN	66	99	64
GBG3_HUMAN	25	84	45
GBG4_HUMAN	25	112	54
GBG5_HUMAN	81	103	64
GBG7_HUMAN	18	102	43
GBG8_HUMAN	133	113	106
GBGT2_HUMAN	11	88	33
GBLP_HUMAN	710	98	597
GBP1_HUMAN	42	86	63
GBP2_HUMAN	55	110	49
GBP3_HUMAN	12	110	49
GBP4_HUMAN	5	93	40
GBP5_HUMAN	19	97	47
GBP6_HUMAN	20	85	52
GBP7_HUMAN	20	119	53
GBRA1_HUMAN	144	109	104
GBRA2_HUMAN	3	104	42
GBRA3_HUMAN	34	108	56
GBRA4_HUMAN	4	114	48
GBRA5_HUMAN	1	94	36
GBRA6_HUMAN	21	107	45
GBRAP_HUMAN	514	95	409
GBRB1_HUMAN	8	107	39
GBRB2_HUMAN	14	94	44
GBRB3_HUMAN	19	101	42
GBRD_HUMAN	28	105	45
GBRE_HUMAN	52	103	65
GBRG1_HUMAN	4	86	33
GBRG2_HUMAN	25	99	49
GBRG3_HUMAN	3	93	47
GBRL1_HUMAN	567	92	476
GBRL2_HUMAN	604	103	549
GBRL3_HUMAN	2	114	39
GBRP_HUMAN	2	97	37
GBRR1_HUMAN	8	101	39
GBRR2_HUMAN	1	108	48
GBRR3_HUMAN	1	94	36
GBRT_HUMAN	5	105	46
GBX1_HUMAN	8	97	50
GBX2_HUMAN	4	91	41
GCC1_HUMAN	102	127	75
GCC2_HUMAN	131	93	101
GCDH_HUMAN	107	117	76
GCET2_HUMAN	6	98	38
GCFC1_HUMAN,PAXB1_HUMAN	107	118	87
GCFC2_HUMAN	63	90	64
GCH1_HUMAN	62	123	78
GCKR_HUMAN	12	104	36
GCM1_HUMAN	69	100	68
GCM2_HUMAN	34	97	37
GCN1L_HUMAN,GCN1_HUMAN	398	100	250
GCNT1_HUMAN	48	116	46
GCNT2_HUMAN	22	98	45
GCNT3_HUMAN	22	110	45
GCNT4_HUMAN	3	122	49
GCNT6_HUMAN	1	97	46
GCNT7_HUMAN	1	113	38
GCP2_HUMAN	189	100	119
GCP3_HUMAN	224	128	149
GCP4_HUMAN	166	101	117
GCP5_HUMAN	56	95	65
GCP60_HUMAN	283	92	196
GCP6_HUMAN	68	105	65
GCR_HUMAN	962	95	1243
GCSH_HUMAN	61	95	58
GCSP_HUMAN	315	110	193
GCST_HUMAN	11	120	43
GCYA2_HUMAN	15	96	58
GCYA3_HUMAN	38	115	56
GCYB1_HUMAN	34	93	62
GCYB2_HUMAN	5	109	48
GD1L1_HUMAN	5	94	40
GDAP1_HUMAN	49	102	62
GDAP2_HUMAN	23	112	49
GDC_HUMAN	72	108	73
GDE1_HUMAN	38	101	54
GDE_HUMAN	110	99	96
GDF11_HUMAN	48	108	65
GDF15_HUMAN	74	94	69
GDF1_HUMAN	2	84	43
GDF2_HUMAN	5	99	49
GDF3_HUMAN	11	88	43
GDF5O_HUMAN	5	121	45
GDF5_HUMAN	35	106	47
GDF6_HUMAN	5	91	51
GDF8_HUMAN	31	100	46
GDF9_HUMAN	59	108	63
GDIA_HUMAN	157	107	96
GDIB_HUMAN	193	118	153
GDIR1_HUMAN	181	107	107
GDIR2_HUMAN	41	81	59
GDIR3_HUMAN	18	109	35
GDNF_HUMAN	28	113	54
GDN_HUMAN	52	105	45
GDPD1_HUMAN	42	104	59
GDPD2_HUMAN	5	103	29
GDPD3_HUMAN	42	95	38
GDPD4_HUMAN	6	111	38
GDPD5_HUMAN	121	96	93
GDPP1_HUMAN	15	86	49
GDS1_HUMAN	152	97	115
GELS_HUMAN	207	96	130
GEMC1_HUMAN	1	96	44
GEMI2_HUMAN	112	93	102
GEMI4_HUMAN	273	113	179
GEMI5_HUMAN	256	104	177
GEMI6_HUMAN	77	109	68
GEMI7_HUMAN	65	102	68
GEMI8_HUMAN	67	104	64
GEMI_HUMAN	112	129	76
GEM_HUMAN	151	112	128
GEN_HUMAN	29	112	50
GEPH_HUMAN	79	131	58
GET4_HUMAN	177	97	147
GFAP_HUMAN	264	99	191
GFI1B_HUMAN	103	100	87
GFI1_HUMAN	25	113	48
GFOD1_HUMAN	59	89	68
GFOD2_HUMAN	9	99	39
GFPT1_HUMAN	173	96	126
GFPT2_HUMAN	74	115	62
GFRA1_HUMAN	50	105	62
GFRA2_HUMAN	6	113	36
GFRA3_HUMAN	12	107	33
GFRA4_HUMAN	1	106	30
GFRAL_HUMAN	3	109	39
GFRP_HUMAN	18	100	44
GG12C_HUMAN	2	98	43
GG12G_HUMAN	6	97	35
GG12I_HUMAN	1	124	38
GG12J_HUMAN	1	110	34
GG2L1_HUMAN	2	101	43
GG6L9_HUMAN	219	104	140
GG8L3_HUMAN	1	124	35
GGA1_HUMAN	120	99	92
GGA2_HUMAN	76	95	84
GGA3_HUMAN	108	84	94
GGCT_HUMAN	77	101	69
GGE2D_HUMAN	10	93	53
GGED1_HUMAN,PAGE3_HUMAN	5	85	46
GGEE1_HUMAN,PAGE5_HUMAN	12	125	51
GGEE2_HUMAN,PAGE2_HUMAN	8	107	44
GGEE3_HUMAN	4	83	44
GGH_HUMAN	273	109	210
GGNB1_HUMAN	2	111	49
GGNB2_HUMAN	15	116	47
GGN_HUMAN	27	89	52
GGPPS_HUMAN	66	103	64
GGT1_HUMAN	22	86	43
GGT2_HUMAN	1	101	34
GGT3_HUMAN	2	114	39
GGT5_HUMAN	5	111	36
GGT6_HUMAN	12	100	54
GGT7_HUMAN	128	101	111
GGTA1_HUMAN	1	85	40
GGTL1_HUMAN	4	118	34
GGTL2_HUMAN	1	89	36
GGTL3_HUMAN	1	88	44
GHC1_HUMAN	221	103	149
GHC2_HUMAN	43	110	62
GHDC_HUMAN	84	100	78
GHITM_HUMAN	173	101	120
GHRHR_HUMAN	2	88	30
GHRL_HUMAN	19	103	55
GHR_HUMAN	43	119	65
GHSR_HUMAN	6	79	47
GI24_HUMAN	29	110	50
GILT_HUMAN	76	99	60
GIMA1_HUMAN	46	87	60
GIMA2_HUMAN	9	101	42
GIMA4_HUMAN	6	103	44
GIMA5_HUMAN	74	121	69
GIMA6_HUMAN	4	112	41
GIMA7_HUMAN	2	121	37
GIMA8_HUMAN	28	102	46
GIN1_HUMAN	12	102	45
GIPC1_HUMAN	118	105	84
GIPC2_HUMAN	28	104	53
GIPC3_HUMAN	7	102	49
GIPR_HUMAN	3	113	39
GIP_HUMAN	48	86	57
GIT1_HUMAN	173	80	120
GIT2_HUMAN	140	106	112
GKAP1_HUMAN	46	111	63
GKN1_HUMAN	28	97	47
GKN2_HUMAN	6	100	46
GL1AD_HUMAN	124	95	93
GL1D1_HUMAN	4	97	44
GL6D1_HUMAN	6	100	47
GL8D1_HUMAN	74	92	70
GL8D2_HUMAN	30	121	50
GLB1L_HUMAN	25	112	48
GLBL2_HUMAN	72	107	69
GLBL3_HUMAN	7	121	43
GLCE_HUMAN	59	102	59
GLCI1_HUMAN	23	110	59
GLCM_HUMAN	146	88	98
GLCNE_HUMAN	107	105	91
GLCTK_HUMAN	61	105	71
GLD2_HUMAN	21	90	35
GLDN_HUMAN	1	93	33
GLE1_HUMAN	156	104	112
GLGB_HUMAN	76	98	60
GLHA_HUMAN	26	86	48
GLI1_HUMAN	116	106	85
GLI2_HUMAN	69	95	70
GLI3_HUMAN	69	78	69
GLI4_HUMAN	128	90	100
GLIP1_HUMAN	19	99	36
GLIS1_HUMAN	21	109	52
GLIS2_HUMAN	107	108	78
GLIS3_HUMAN	21	89	42
GLMN_HUMAN	184	92	120
GLNA_HUMAN	168	100	119
GLO2_HUMAN	81	109	81
GLOD4_HUMAN	100	107	77
GLOD5_HUMAN	1	98	34
GLP1R_HUMAN	118	99	98
GLP2R_HUMAN	1	105	39
GLP3L_HUMAN	79	99	68
GLPA_HUMAN	220	100	142
GLPB_HUMAN	55	123	64
GLPC_HUMAN	17	88	58
GLPK2_HUMAN	7	109	39
GLPK3_HUMAN	13	95	40
GLPK5_HUMAN	6	108	45
GLPK_HUMAN	106	105	68
GLPT_HUMAN	94	133	79
GLRA1_HUMAN	4	115	42
GLRA2_HUMAN	32	86	45
GLRA3_HUMAN	9	112	30
GLRA4_HUMAN	1	105	42
GLRB_HUMAN	44	102	73
GLRX1_HUMAN	48	93	66
GLRX2_HUMAN	10	108	41
GLRX3_HUMAN	221	128	160
GLRX5_HUMAN	92	97	80
GLR_HUMAN	107	106	84
GLSK_HUMAN	240	121	155
GLSL_HUMAN	9	125	49
GLT10_HUMAN	60	111	51
GLT11_HUMAN	39	107	47
GLT12_HUMAN	99	111	74
GLT13_HUMAN	14	104	46
GLT14_HUMAN	35	94	70
GLTD1_HUMAN,CPTP_HUMAN	9	100	43
GLTD2_HUMAN	1	111	39
GLTL1_HUMAN,GLT16_HUMAN	42	123	61
GLTL2_HUMAN,GLT15_HUMAN	19	100	53
GLTL3_HUMAN	2	121	37
GLTL4_HUMAN,GLT18_HUMAN	61	109	69
GLTL5_HUMAN	7	107	48
GLTL6_HUMAN	2	104	38
GLTP_HUMAN	29	95	55
GLU2B_HUMAN	283	101	198
GLUC_HUMAN	31	84	52
GLYAT_HUMAN	11	123	50
GLYC_HUMAN	108	121	88
GLYG2_HUMAN	28	107	52
GLYG_HUMAN	57	99	52
GLYL1_HUMAN	5	103	35
GLYL3_HUMAN	1	105	51
GLYM_HUMAN	697	82	660
GLYR1_HUMAN	248	101	142
GMCL1_HUMAN	166	105	102
GMCLL_HUMAN	37	131	53
GMDS_HUMAN	63	113	60
GMEB1_HUMAN	45	112	43
GMEB2_HUMAN	53	105	49
GMFB_HUMAN	50	111	48
GMFG_HUMAN	15	95	55
GMIP_HUMAN	32	104	51
GML_HUMAN	57	116	47
GMPPA_HUMAN	60	105	65
GMPPB_HUMAN	81	107	71
GMPR1_HUMAN	6	111	43
GMPR2_HUMAN	23	110	54
GNA11_HUMAN	133	80	111
GNA12_HUMAN	56	89	71
GNA13_HUMAN	156	111	94
GNA14_HUMAN	15	90	48
GNA15_HUMAN	9	98	31
GNA1_HUMAN	33	102	45
GNAI1_HUMAN	188	114	123
GNAI2_HUMAN	273	115	182
GNAI3_HUMAN	257	93	173
GNAL_HUMAN	24	96	62
GNAO_HUMAN	145	112	116
GNAQ_HUMAN	142	96	100
GNAS1_HUMAN	16	99	48
GNAS2_HUMAN	61	106	57
GNAS3_HUMAN	27	117	42
GNAT1_HUMAN	13	121	41
GNAT2_HUMAN	21	102	56
GNAT3_HUMAN	13	113	42
GNAZ_HUMAN	79	102	65
GNB1L_HUMAN	63	95	64
GNDS_HUMAN	42	89	59
GNL1_HUMAN	96	120	82
GNL3L_HUMAN	139	100	110
GNL3_HUMAN	354	88	249
GNLY_HUMAN	59	108	60
GNMT_HUMAN	38	108	55
GNPAT_HUMAN	93	110	79
GNPI1_HUMAN	76	110	73
GNPI2_HUMAN	44	103	64
GNPTA_HUMAN	65	87	67
GNPTG_HUMAN	56	107	63
GNRHR_HUMAN	5	101	39
GNS_HUMAN	135	104	92
GNT2A_HUMAN	19	114	51
GO45_HUMAN	141	104	105
GOG6A_HUMAN	53	115	75
GOG6B_HUMAN	4	86	42
GOG6C_HUMAN	3	129	52
GOG6D_HUMAN	2	97	36
GOG7B_HUMAN	10	99	46
GOG8A_HUMAN	35	102	51
GOG8B_HUMAN	6	105	35
GOG8C_HUMAN	1	91	51
GOG8D_HUMAN	23	104	51
GOG8E_HUMAN	24	90	54
GOG8F_HUMAN	20	101	59
GOGA1_HUMAN	172	87	127
GOGA2_HUMAN	754	90	745
GOGA3_HUMAN	243	107	149
GOGA4_HUMAN	234	83	151
GOGA5_HUMAN	256	100	160
GOGA7_HUMAN	74	104	81
GOGB1_HUMAN	231	103	139
GOLI4_HUMAN	120	99	77
GOLI_HUMAN	324	103	225
GOLM1_HUMAN	200	97	166
GOLP3_HUMAN	182	100	112
GON1_HUMAN	8	105	39
GON4L_HUMAN	49	130	72
GOPC_HUMAN	306	90	231
GORAB_HUMAN	81	106	73
GORL_HUMAN	4	110	47
GORS1_HUMAN	112	105	86
GORS2_HUMAN	384	110	300
GOR_HUMAN	8	114	49
GOSR1_HUMAN	137	108	116
GOSR2_HUMAN	137	98	100
GOT1A_HUMAN	32	98	57
GOT1B_HUMAN	226	98	136
GP101_HUMAN	25	106	52
GP107_HUMAN	79	95	67
GP108_HUMAN	32	104	54
GP110_HUMAN,AGRF1_HUMAN	34	97	46
GP111_HUMAN,AGRF2_HUMAN	1	87	41
GP112_HUMAN,AGRG4_HUMAN	7	110	60
GP113_HUMAN,AGRF3_HUMAN	14	120	37
GP114_HUMAN,AGRG5_HUMAN	151	95	112
GP115_HUMAN,AGRF4_HUMAN	3	104	47
GP116_HUMAN,AGRF5_HUMAN	7	97	35
GP119_HUMAN	4	98	38
GP123_HUMAN,AGRA1_HUMAN	1	91	36
GP124_HUMAN	5	98	48
GP125_HUMAN,AGRA3_HUMAN	20	99	43
GP126_HUMAN	40	106	42
GP128_HUMAN,AGRG7_HUMAN	4	108	31
GP133_HUMAN,AGRD1_HUMAN	7	111	42
GP135_HUMAN	6	118	40
GP141_HUMAN	21	100	55
GP142_HUMAN	2	111	38
GP143_HUMAN	7	117	43
GP146_HUMAN	2	105	33
GP148_HUMAN	2	134	37
GP149_HUMAN	1	100	34
GP150_HUMAN	9	103	48
GP151_HUMAN	51	81	63
GP152_HUMAN	195	99	127
GP153_HUMAN	2	94	35
GP155_HUMAN	7	109	48
GP156_HUMAN	81	87	81
GP157_HUMAN	1	98	37
GP158_HUMAN	7	133	47
GP160_HUMAN	2	113	43
GP161_HUMAN	30	102	53
GP162_HUMAN	4	107	39
GP171_HUMAN	4	102	35
GP173_HUMAN	49	124	60
GP176_HUMAN	6	118	53
GP179_HUMAN	8	117	35
GP180_HUMAN	42	112	48
GP182_HUMAN	482	99	350
GP183_HUMAN	39	112	62
GP1BA_HUMAN	26	113	49
GP1BB_HUMAN	61	110	76
GP2_HUMAN	5	114	41
GPA33_HUMAN	15	113	40
GPAA1_HUMAN	104	96	83
GPAN1_HUMAN	110	115	102
GPAT1_HUMAN	45	116	56
GPAT2_HUMAN	36	98	54
GPAT3_HUMAN	114	94	105
GPAT4_HUMAN	144	110	100
GPBAR_HUMAN	29	90	59
GPBL1_HUMAN	87	100	64
GPBP1_HUMAN	72	90	53
GPC1_HUMAN	447	100	315
GPC2_HUMAN	12	90	44
GPC3_HUMAN	213	105	129
GPC4_HUMAN	101	117	90
GPC5B_HUMAN	124	84	108
GPC5C_HUMAN	127	116	92
GPC5D_HUMAN	72	100	56
GPC5_HUMAN	19	113	42
GPC6_HUMAN	55	103	60
GPCP1_HUMAN	7	98	49
GPD1L_HUMAN	69	94	63
GPDA_HUMAN	22	74	51
GPDM_HUMAN	128	106	88
GPER_HUMAN,GPER1_HUMAN	1	100	48
GPHA2_HUMAN	27	114	44
GPHB5_HUMAN	10	106	46
GPHRA_HUMAN	124	106	100
GPHRB_HUMAN	163	96	125
GPI8_HUMAN	91	92	71
GPIX_HUMAN	95	110	76
GPKOW_HUMAN	125	103	103
GPM6A_HUMAN	155	110	93
GPM6B_HUMAN	27	132	59
GPN1_HUMAN	127	101	83
GPN2_HUMAN	22	107	45
GPN3_HUMAN	115	108	73
GPNMB_HUMAN	18	97	37
GPR12_HUMAN	124	99	89
GPR15_HUMAN	1	96	37
GPR17_HUMAN	333	95	263
GPR18_HUMAN	14	111	47
GPR19_HUMAN	2	102	29
GPR20_HUMAN	3	110	39
GPR21_HUMAN	82	100	84
GPR22_HUMAN	3	103	37
GPR25_HUMAN	31	105	47
GPR26_HUMAN	1	101	41
GPR27_HUMAN	4	119	47
GPR31_HUMAN	3	103	43
GPR34_HUMAN	14	96	51
GPR35_HUMAN	133	71	72
GPR37_HUMAN	80	98	80
GPR39_HUMAN	10	104	38
GPR3_HUMAN	13	97	60
GPR42_HUMAN	110	109	83
GPR44_HUMAN	4	106	47
GPR45_HUMAN	305	112	214
GPR4_HUMAN	4	124	38
GPR52_HUMAN	35	108	61
GPR55_HUMAN	67	105	65
GPR56_HUMAN	76	101	70
GPR61_HUMAN	21	99	42
GPR63_HUMAN	1	117	38
GPR64_HUMAN,AGRG2_HUMAN	24	117	54
GPR6_HUMAN	2	108	50
GPR75_HUMAN	1	110	42
GPR83_HUMAN	2	91	43
GPR84_HUMAN	25	107	55
GPR85_HUMAN	8	105	40
GPR87_HUMAN	1	93	40
GPR88_HUMAN	15	115	52
GPR97_HUMAN,AGRG3_HUMAN	12	93	29
GPR98_HUMAN	60	92	52
GPS2_HUMAN	147	83	117
GPSM1_HUMAN	59	105	68
GPSM2_HUMAN	30	120	55
GPSM3_HUMAN	90	95	96
GPTC1_HUMAN	105	107	98
GPTC2_HUMAN	32	100	59
GPTC3_HUMAN	4	94	46
GPTC4_HUMAN	241	109	164
GPTC8_HUMAN	121	110	82
GPT_HUMAN	15	106	47
GPVI_HUMAN	15	99	38
GPV_HUMAN	65	103	59
GPX1_HUMAN	74	88	80
GPX2_HUMAN	6	111	43
GPX3_HUMAN	7	95	54
GPX4_HUMAN	117	90	84
GPX5_HUMAN	2	90	38
GPX7_HUMAN	68	109	66
GPX8_HUMAN	293	90	186
GR6_HUMAN	9	121	57
GRAA_HUMAN	9	100	43
GRAB_HUMAN	12	106	44
GRAH_HUMAN	89	107	92
GRAK_HUMAN	7	121	37
GRAM2_HUMAN	10	120	49
GRAM3_HUMAN	42	92	57
GRAM4_HUMAN	64	101	57
GRAM_HUMAN	2	108	33
GRAN_HUMAN	51	114	57
GRAP1_HUMAN	198	90	137
GRAP2_HUMAN	101	100	76
GRAPL_HUMAN	5	90	57
GRAP_HUMAN	12	107	40
GRASP_HUMAN	14	118	54
GRB10_HUMAN	158	108	104
GRB14_HUMAN	27	105	49
GRB1L_HUMAN	17	103	34
GRB2_HUMAN	948	98	1180
GRB7_HUMAN	177	102	104
GRCR1_HUMAN	16	96	47
GRCR2_HUMAN	1	115	31
GRD2I_HUMAN	6	113	56
GRDN_HUMAN	237	101	142
GREB1_HUMAN	28	108	52
GREM1_HUMAN	6	116	40
GREM2_HUMAN	40	110	54
GRHL1_HUMAN	134	100	90
GRHL2_HUMAN	19	115	50
GRHL3_HUMAN	10	117	39
GRHPR_HUMAN	112	114	83
GRIA1_HUMAN	39	100	55
GRIA2_HUMAN	56	129	67
GRIA3_HUMAN	31	103	55
GRIA4_HUMAN	30	114	64
GRID1_HUMAN	17	90	53
GRID2_HUMAN	16	95	43
GRIK1_HUMAN	28	103	56
GRIK2_HUMAN	19	107	55
GRIK3_HUMAN	5	101	44
GRIK4_HUMAN	6	111	56
GRIK5_HUMAN	16	119	42
GRIN1_HUMAN	91	104	85
GRIN2_HUMAN	26	116	58
GRIN3_HUMAN	44	97	52
GRIP1_HUMAN	89	113	86
GRIP2_HUMAN	17	102	40
GRK4_HUMAN	29	90	54
GRK5_HUMAN	176	92	130
GRK6_HUMAN	133	119	118
GRK7_HUMAN	24	92	57
GRL1A_HUMAN	53	94	57
GRM1A_HUMAN	185	107	142
GRM1B_HUMAN	84	98	64
GRM1C_HUMAN	20	114	48
GRM1_HUMAN	57	115	55
GRM2_HUMAN	363	91	253
GRM3_HUMAN	20	120	43
GRM4_HUMAN	4	78	43
GRM5_HUMAN	24	97	42
GRM7_HUMAN	11	117	42
GRM8_HUMAN	4	113	40
GRN_HUMAN	285	122	210
GROA_HUMAN	23	88	56
GRP1_HUMAN	10	110	45
GRP2_HUMAN	9	105	42
GRP3_HUMAN	17	89	43
GRP4_HUMAN	10	107	52
GRP75_HUMAN	919	96	1050
GRP78_HUMAN	1643	88	2546
GRPE1_HUMAN	226	131	136
GRPE2_HUMAN	29	111	50
GRPL2_HUMAN	32	108	49
GRPP1_HUMAN	25	100	51
GRPR_HUMAN	60	119	55
GRP_HUMAN	1	88	26
GRSF1_HUMAN	507	98	433
GRTP1_HUMAN	12	83	46
GRWD1_HUMAN	410	103	325
GSAP_HUMAN	6	85	40
GSC2_HUMAN	61	100	73
GSCR1_HUMAN	74	100	70
GSCR2_HUMAN	296	104	204
GSC_HUMAN	78	108	68
GSDMA_HUMAN	111	99	87
GSDMB_HUMAN	9	106	42
GSDMC_HUMAN	5	107	39
GSDMD_HUMAN	36	105	53
GSE1_HUMAN	155	100	130
GSG1L_HUMAN	2	90	43
GSG1_HUMAN	10	127	39
GSH0_HUMAN	69	95	53
GSH1_HUMAN	33	118	47
GSHB_HUMAN	48	106	63
GSHR_HUMAN	125	95	95
GSK3A_HUMAN	460	91	376
GSK3B_HUMAN	868	101	1015
GSKIP_HUMAN	25	120	65
GSLG1_HUMAN	141	102	97
GSTA1_HUMAN	20	130	45
GSTA2_HUMAN	9	97	52
GSTA3_HUMAN	4	94	30
GSTA4_HUMAN	11	103	41
GSTA5_HUMAN	9	106	51
GSTCD_HUMAN	25	97	43
GSTK1_HUMAN	184	100	151
GSTM1_HUMAN	15	99	40
GSTM2_HUMAN	23	112	54
GSTM3_HUMAN	166	87	115
GSTM4_HUMAN	17	95	57
GSTM5_HUMAN	14	106	38
GSTO1_HUMAN	103	102	92
GSTO2_HUMAN	27	112	54
GSTP1_HUMAN	217	101	123
GSTT1_HUMAN	30	97	55
GSTT2_HUMAN	13	88	50
GSX1_HUMAN	47	102	63
GSX2_HUMAN	5	106	32
GT251_HUMAN	177	78	101
GT252_HUMAN	68	122	73
GT253_HUMAN	124	90	86
GT2D1_HUMAN	86	115	81
GTD2A_HUMAN	15	108	55
GTD2B_HUMAN	16	100	41
GTDC1_HUMAN	1	100	41
GTDC2_HUMAN	114	93	111
GTF2I_HUMAN	393	107	257
GTL3B_HUMAN,NATD1_HUMAN	12	101	34
GTPB1_HUMAN	128	96	59
GTPB2_HUMAN	56	120	62
GTPB3_HUMAN	90	106	83
GTPB5_HUMAN,MTG2_HUMAN	279	108	190
GTPB6_HUMAN	76	111	72
GTPB8_HUMAN	21	115	57
GTPBA_HUMAN	156	91	107
GTR10_HUMAN	25	104	60
GTR11_HUMAN	14	103	55
GTR12_HUMAN	132	117	92
GTR14_HUMAN	27	108	49
GTR1_HUMAN	301	116	196
GTR2_HUMAN	116	89	95
GTR3_HUMAN	46	99	61
GTR4_HUMAN	75	97	68
GTR5_HUMAN	137	107	131
GTR6_HUMAN	12	110	48
GTR7_HUMAN	97	107	75
GTR8_HUMAN	71	120	72
GTR9_HUMAN	76	97	89
GTSE1_HUMAN	221	117	146
GTSF1_HUMAN	10	105	35
GTSFL_HUMAN	6	95	46
GUAA_HUMAN	196	96	147
GUAD_HUMAN	63	99	63
GUC1A_HUMAN	8	99	55
GUC1B_HUMAN	8	89	30
GUC1C_HUMAN	3	116	49
GUC2A_HUMAN	15	107	52
GUC2B_HUMAN	3	115	47
GUC2C_HUMAN	5	82	43
GUC2D_HUMAN	13	96	42
GUC2F_HUMAN	5	111	43
GUF1_HUMAN	108	108	88
GULP1_HUMAN	39	99	59
GUSP1_HUMAN	6	97	42
GVIN1_HUMAN	9	100	41
GWL_HUMAN	51	118	55
GXLT1_HUMAN	114	101	79
GXLT2_HUMAN	24	121	50
GYS1_HUMAN	132	96	104
GYS2_HUMAN	12	113	33
GZF1_HUMAN	80	96	77
H10_HUMAN	264	86	172
H11_HUMAN	519	105	398
H12_HUMAN	692	102	607
H13_HUMAN	313	106	220
H14_HUMAN	691	123	640
H15_HUMAN	460	107	359
H17B6_HUMAN	15	104	49
H1BP3_HUMAN	53	102	67
H1FNT_HUMAN	193	94	156
H1FOO_HUMAN	44	82	58
H1T_HUMAN	248	111	160
H1X_HUMAN	321	116	234
H2A1A_HUMAN	73	97	53
H2A1B_HUMAN	573	92	512
H2A1C_HUMAN	100	92	79
H2A1D_HUMAN	112	94	83
H2A1H_HUMAN	118	121	98
H2A1J_HUMAN	146	107	83
H2A1_HUMAN	478	88	384
H2A2A_HUMAN	170	116	117
H2A2B_HUMAN	225	101	138
H2A2C_HUMAN	271	125	196
H2A3_HUMAN	78	111	76
H2AB1_HUMAN	22	121	52
H2AB2_HUMAN	184	95	119
H2AJ_HUMAN	130	100	106
H2AV_HUMAN	177	104	124
H2AW_HUMAN	241	105	152
H2AX_HUMAN	563	92	521
H2AY_HUMAN	446	102	304
H2AZ_HUMAN	358	101	265
H2B1A_HUMAN	177	122	130
H2B1B_HUMAN	395	112	294
H2B1C_HUMAN	794	98	845
H2B1D_HUMAN	327	102	229
H2B1H_HUMAN	449	105	314
H2B1J_HUMAN	179	118	114
H2B1K_HUMAN	334	99	229
H2B1L_HUMAN	213	108	124
H2B1M_HUMAN	110	98	82
H2B1N_HUMAN	136	104	109
H2B1O_HUMAN	140	90	108
H2B2C_HUMAN	43	116	49
H2B2D_HUMAN	3	121	45
H2B2E_HUMAN	674	116	604
H2B2F_HUMAN	191	103	108
H2B3B_HUMAN	182	120	122
H2BFM_HUMAN	1	105	38
H2BFS_HUMAN	91	108	80
H2BWT_HUMAN	16	92	53
H31T_HUMAN	326	110	233
H31_HUMAN	1207	86	1556
H32_HUMAN	328	110	236
H33_HUMAN	966	88	1171
H3C_HUMAN	115	115	86
H4G_HUMAN	28	114	42
H4_HUMAN	1869	93	2167
H6ST1_HUMAN	37	94	70
H6ST2_HUMAN	68	105	65
H6ST3_HUMAN	7	98	40
H90B2_HUMAN	129	103	89
H90B3_HUMAN	103	101	83
H90B4_HUMAN	128	100	101
HA27_HUMAN	132	114	114
HABP2_HUMAN	6	103	47
HABP4_HUMAN	149	100	104
HACD1_HUMAN	24	97	39
HACD2_HUMAN	93	116	79
HACD3_HUMAN	288	105	207
HACD4_HUMAN	1	101	42
HACE1_HUMAN	25	104	58
HACL1_HUMAN	37	95	61
HAGHL_HUMAN	4	121	50
HAIR_HUMAN	48	77	62
HAKAI_HUMAN	74	106	65
HAND1_HUMAN	16	92	51
HAND2_HUMAN	32	106	54
HAOX1_HUMAN	6	114	45
HAOX2_HUMAN	29	109	43
HAP1_HUMAN	115	109	100
HAP28_HUMAN	107	107	73
HARB1_HUMAN	2	80	36
HAS1_HUMAN,HYAS1_HUMAN	11	98	38
HAS2_HUMAN,HYAS2_HUMAN	2	97	48
HAS3_HUMAN,HYAS3_HUMAN	14	117	49
HASP_HUMAN	124	88	90
HAT1_HUMAN	232	109	138
HAUS1_HUMAN	187	108	130
HAUS2_HUMAN	126	98	86
HAUS3_HUMAN	104	110	96
HAUS4_HUMAN	108	102	90
HAUS5_HUMAN	147	116	111
HAUS6_HUMAN	159	111	133
HAUS7_HUMAN	122	98	96
HAUS8_HUMAN	130	100	73
HAVR1_HUMAN	26	104	51
HAVR2_HUMAN	114	106	95
HAX1_HUMAN	430	128	348
HB22_HUMAN	79	99	78
HBAP1_HUMAN	19	94	59
HBAT_HUMAN	27	97	50
HBAZ_HUMAN	50	106	59
HBA_HUMAN	195	110	133
HBB_HUMAN	202	102	120
HBD_HUMAN	78	85	63
HBEGF_HUMAN	19	97	45
HBE_HUMAN	16	88	38
HBG1_HUMAN	20	96	46
HBG2_HUMAN	24	101	43
HBM_HUMAN	27	94	50
HBP1_HUMAN	128	117	100
HBS1L_HUMAN	119	91	76
HBXIP_HUMAN,LTOR5_HUMAN	161	106	144
HCAR1_HUMAN	4	103	41
HCD2_HUMAN	448	98	315
HCDH_HUMAN	124	103	83
HCFC1_HUMAN	291	109	165
HCFC2_HUMAN	94	101	77
HCK_HUMAN	161	90	125
HCLS1_HUMAN	67	103	66
HCN1_HUMAN	722	104	692
HCN2_HUMAN	11	126	44
HCN3_HUMAN	5	92	42
HCN4_HUMAN	8	121	30
HCST_HUMAN	211	96	146
HDA10_HUMAN	45	110	60
HDA11_HUMAN	158	112	85
HDAC1_HUMAN	1134	110	1498
HDAC2_HUMAN	876	123	978
HDAC3_HUMAN	319	106	230
HDAC4_HUMAN	382	85	260
HDAC5_HUMAN	347	92	214
HDAC6_HUMAN	935	99	1087
HDAC7_HUMAN	138	96	95
HDAC8_HUMAN	41	80	54
HDAC9_HUMAN	72	109	62
HDBP1_HUMAN	158	108	114
HDC_HUMAN	13	97	35
HDDC2_HUMAN	22	110	46
HDGF_HUMAN	302	102	188
HDGL1_HUMAN	1	112	34
HDGR2_HUMAN	220	103	179
HDGR3_HUMAN	44	106	64
HDHD1_HUMAN	60	128	74
HDHD2_HUMAN	27	100	54
HDHD3_HUMAN	58	98	50
HDX_HUMAN	28	97	61
HD_HUMAN	543	102	442
HEAT1_HUMAN	251	106	152
HEAT2_HUMAN,DAAF5_HUMAN	180	117	130
HEAT3_HUMAN	197	93	139
HEAT4_HUMAN	3	128	36
HEAT6_HUMAN	117	107	92
HEBP1_HUMAN	33	115	52
HEBP2_HUMAN	20	108	51
HECA2_HUMAN	38	89	62
HECAM_HUMAN	5	106	48
HECD1_HUMAN	999	107	1328
HECD2_HUMAN	7	107	49
HECD3_HUMAN	139	120	89
HECW1_HUMAN	31	100	57
HECW2_HUMAN	323	104	227
HEG1_HUMAN	14	105	51
HELB_HUMAN	20	117	44
HELLS_HUMAN	194	90	141
HELQ_HUMAN	15	93	38
HELT_HUMAN	12	98	33
HELZ_HUMAN	269	102	167
HEM0_HUMAN	4	95	37
HEM1_HUMAN	133	83	97
HEM2_HUMAN	42	111	51
HEM3_HUMAN	21	97	46
HEM4_HUMAN	13	92	37
HEM6_HUMAN	106	103	72
HEMGN_HUMAN	51	99	57
HEMH_HUMAN	744	101	709
HEMK1_HUMAN	34	95	43
HEMK2_HUMAN	5	123	37
HEMO_HUMAN	71	106	64
HEN1_HUMAN	85	106	65
HEN2_HUMAN	29	104	44
HENMT_HUMAN	12	100	42
HEP2_HUMAN	17	95	36
HEPC_HUMAN	3	113	43
HEPH_HUMAN	6	128	50
HEPN1_HUMAN	10	100	36
HEPS_HUMAN	280	98	204
HERC1_HUMAN	149	88	108
HERC2_HUMAN	491	95	383
HERC3_HUMAN	67	116	62
HERC4_HUMAN	78	100	66
HERC5_HUMAN	243	89	157
HERC6_HUMAN	14	106	45
HERP1_HUMAN	166	102	150
HERP2_HUMAN	24	112	67
HES1_HUMAN	50	94	58
HES2_HUMAN	3	88	35
HES3_HUMAN	4	105	40
HES4_HUMAN	22	110	44
HES5_HUMAN	2	112	43
HES6_HUMAN	46	80	62
HES7_HUMAN	9	81	34
HESX1_HUMAN	13	84	64
HEXA_HUMAN	106	109	79
HEXB_HUMAN	65	113	58
HEXDC_HUMAN	14	106	37
HEXI1_HUMAN	902	104	1006
HEXI2_HUMAN	87	108	68
HEY1_HUMAN	143	113	100
HEY2_HUMAN	51	93	57
HEYL_HUMAN	28	117	48
HFE_HUMAN	134	108	94
HFM1_HUMAN	9	104	48
HG2A_HUMAN	150	107	106
HGB1A_HUMAN	39	114	55
HGD_HUMAN	8	106	45
HGFA_HUMAN	22	98	55
HGFL_HUMAN	15	119	43
HGF_HUMAN	48	105	49
HGNAT_HUMAN	13	97	30
HGS_HUMAN	531	119	472
HHATL_HUMAN	23	124	55
HHAT_HUMAN	1	103	36
HHEX_HUMAN	45	93	65
HHIP_HUMAN	11	95	48
HHLA1_HUMAN	2	97	36
HHLA2_HUMAN	17	107	46
HHLA3_HUMAN	4	117	39
HIAL1_HUMAN,MF14B_HUMAN	107	91	103
HIAL2_HUMAN,MF14C_HUMAN	1	96	37
HIAT1_HUMAN,MF14A_HUMAN	273	120	189
HIBCH_HUMAN	75	114	62
HIC1_HUMAN	34	107	63
HIC2_HUMAN	63	106	65
HID1_HUMAN	21	101	42
HIDE1_HUMAN	87	100	78
HIF1A_HUMAN	408	120	321
HIF1N_HUMAN	354	89	242
HIF3A_HUMAN	4	103	39
HIG1A_HUMAN	104	114	83
HIG1B_HUMAN	2	103	41
HIG1C_HUMAN	19	104	46
HIG2A_HUMAN	20	117	39
HIG2B_HUMAN	4	122	36
HIKES_HUMAN	26	93	56
HILS1_HUMAN	1	76	43
HINFP_HUMAN	42	84	51
HINT1_HUMAN	182	105	133
HINT2_HUMAN	353	99	250
HINT3_HUMAN	38	121	52
HIP1R_HUMAN	161	113	113
HIP1_HUMAN	94	98	73
HIPK1_HUMAN	41	115	63
HIPK2_HUMAN	92	108	70
HIPK3_HUMAN	40	92	48
HIPK4_HUMAN	42	105	54
HIPL1_HUMAN	41	122	61
HIPL2_HUMAN	3	103	39
HIRA_HUMAN	133	119	107
HIRP3_HUMAN	93	110	67
HIS1_HUMAN	5	124	43
HIS3_HUMAN	27	101	54
HJURP_HUMAN	105	105	85
HKDC1_HUMAN	51	92	49
HKR1_HUMAN	5	117	67
HLAE_HUMAN	103	110	89
HLAF_HUMAN	100	107	83
HLAG_HUMAN	140	94	101
HLAH_HUMAN	23	110	48
HLF_HUMAN	14	93	64
HLPDA_HUMAN	4	104	36
HLTF_HUMAN	150	120	102
HLX_HUMAN	37	91	72
HM13_HUMAN	160	112	101
HM20A_HUMAN	246	99	178
HM20B_HUMAN	123	99	125
HMBX1_HUMAN	142	95	124
HMCN1_HUMAN	11	105	49
HMCS1_HUMAN	120	93	103
HMCS2_HUMAN	11	117	45
HMDH_HUMAN	123	106	99
HME1_HUMAN	110	116	85
HME2_HUMAN	6	86	40
HMG3L_HUMAN	8	103	42
HMGA1_HUMAN	487	97	379
HMGA2_HUMAN	136	104	95
HMGB1_HUMAN	469	108	345
HMGB2_HUMAN	263	96	189
HMGB3_HUMAN	90	114	86
HMGB4_HUMAN	6	97	44
HMGC2_HUMAN	19	104	58
HMGCL_HUMAN	83	99	70
HMGN1_HUMAN	165	120	109
HMGN2_HUMAN	221	127	145
HMGN3_HUMAN	61	103	75
HMGN4_HUMAN	99	97	74
HMGN5_HUMAN	153	107	104
HMGX3_HUMAN	12	118	42
HMGX4_HUMAN	114	107	88
HMHA1_HUMAN	28	98	49
HMMR_HUMAN	105	104	109
HMN10_HUMAN	1	113	46
HMN1_HUMAN	10	119	54
HMN8_HUMAN	2	86	28
HMOX1_HUMAN	143	93	118
HMOX2_HUMAN	322	92	229
HMR1_HUMAN	65	109	54
HMX2_HUMAN	7	109	36
HMX3_HUMAN	8	89	52
HN1L_HUMAN	57	94	69
HN1_HUMAN	45	99	47
HNF1A_HUMAN	69	97	73
HNF1B_HUMAN	169	100	111
HNF4A_HUMAN	256	113	177
HNF4G_HUMAN	19	116	48
HNF6_HUMAN	10	99	44
HNMT_HUMAN	10	99	43
HNRCL_HUMAN,HNRC1_HUMAN	171	121	116
HNRDL_HUMAN	396	111	252
HNRH1_HUMAN	1461	75	1987
HNRH2_HUMAN	259	94	184
HNRH3_HUMAN	272	114	185
HNRL1_HUMAN	388	111	265
HNRL2_HUMAN	290	84	211
HNRLL_HUMAN	163	116	126
HNRPC_HUMAN	670	98	577
HNRPD_HUMAN	647	103	585
HNRPF_HUMAN	558	104	452
HNRPK_HUMAN	683	98	596
HNRPL_HUMAN	1893	97	2486
HNRPM_HUMAN	707	105	643
HNRPQ_HUMAN	667	86	584
HNRPR_HUMAN	500	101	399
HNRPU_HUMAN	1064	83	1313
HOGA1_HUMAN	36	107	49
HOIL1_HUMAN	568	118	481
HOME1_HUMAN	101	120	82
HOME2_HUMAN	28	107	55
HOME3_HUMAN	131	104	90
HOMEZ_HUMAN	145	103	111
HOOK1_HUMAN	241	103	156
HOOK2_HUMAN	195	95	128
HOOK3_HUMAN	216	84	146
HOP2_HUMAN	38	103	49
HOP_HUMAN	14	95	40
HORM1_HUMAN	9	94	49
HORM2_HUMAN	28	97	50
HORN_HUMAN	162	108	97
HOT_HUMAN	4	82	35
HP1B3_HUMAN	342	106	229
HPBP1_HUMAN	181	106	133
HPC14_HUMAN	3	96	53
HPCA_HUMAN	43	127	66
HPCL1_HUMAN	88	93	72
HPCL4_HUMAN	29	115	54
HPDL_HUMAN	21	113	50
HPGDS_HUMAN	9	122	50
HPHL1_HUMAN	74	90	58
HPIP_HUMAN	3	109	37
HPLN1_HUMAN	5	99	50
HPLN2_HUMAN	46	81	67
HPLN3_HUMAN	56	101	65
HPLN4_HUMAN	1	102	36
HPPD_HUMAN	18	100	40
HPRT_HUMAN	140	106	99
HPS1_HUMAN	14	84	48
HPS3_HUMAN	50	115	66
HPS4_HUMAN	9	103	48
HPS5_HUMAN	42	100	52
HPS6_HUMAN	46	91	57
HPSE2_HUMAN	23	114	39
HPSE_HUMAN	62	114	67
HPTR_HUMAN	16	125	51
HPT_HUMAN	125	88	97
HRC23_HUMAN	4	110	31
HRCT1_HUMAN	1	98	36
HRES1_HUMAN	2	101	32
HRG1_HUMAN	15	85	43
HRG_HUMAN	57	104	66
HRH1_HUMAN	27	105	60
HRH3_HUMAN	4	105	40
HRH4_HUMAN	1	118	30
HRK_HUMAN	8	95	40
HRSL1_HUMAN	10	106	48
HRSL2_HUMAN	12	120	31
HRSL5_HUMAN	5	100	52
HS105_HUMAN	481	84	378
HS12A_HUMAN	112	73	87
HS12B_HUMAN	72	111	72
HS2ST_HUMAN	161	96	102
HS3S1_HUMAN	36	115	58
HS3S2_HUMAN	16	132	46
HS3S4_HUMAN	12	110	34
HS3S5_HUMAN	1	87	44
HS3S6_HUMAN	4	97	57
HS3SA_HUMAN	3	96	48
HS3SB_HUMAN	7	90	46
HS71L_HUMAN	351	97	278
HS74L_HUMAN	287	108	186
HS902_HUMAN	63	104	72
HS904_HUMAN	108	104	97
HS905_HUMAN	97	100	88
HS90A_HUMAN	1290	76	1427
HS90B_HUMAN	1084	93	1310
HSB11_HUMAN,IFT25_HUMAN	32	97	56
HSBP1_HUMAN	63	103	73
HSBPL_HUMAN	10	103	42
HSC20_HUMAN	859	111	995
HSDL1_HUMAN	80	95	53
HSDL2_HUMAN	138	120	106
HSF1_HUMAN	605	95	562
HSF2B_HUMAN	315	96	234
HSF2_HUMAN	77	86	70
HSF4_HUMAN	52	76	56
HSF5_HUMAN	5	91	48
HSFX1_HUMAN	17	113	59
HSFY1_HUMAN	34	100	46
HSH2D_HUMAN	19	108	60
HSP13_HUMAN	130	106	111
HSP1_HUMAN	2	89	41
HSP71_HUMAN,HS71B_HUMAN	1810	88	2048
HSP72_HUMAN	447	96	317
HSP74_HUMAN	680	110	645
HSP76_HUMAN	361	95	257
HSP77_HUMAN	88	121	71
HSP7C_HUMAN	2344	90	2996
HSP7E_HUMAN	91	108	78
HSPB1_HUMAN	741	101	692
HSPB2_HUMAN	136	102	104
HSPB3_HUMAN	23	108	49
HSPB6_HUMAN	10	100	45
HSPB7_HUMAN	25	113	50
HSPB8_HUMAN	165	100	117
HSPB9_HUMAN	14	117	41
HTAI2_HUMAN	60	110	74
HTF4_HUMAN	140	84	86
HTR5A_HUMAN	29	99	44
HTR5B_HUMAN	49	97	60
HTR7A_HUMAN,MROH1_HUMAN	47	125	49
HTRA1_HUMAN	69	116	89
HTRA2_HUMAN	257	110	172
HTRA3_HUMAN	22	122	41
HTRA4_HUMAN	186	98	117
HTRB2_HUMAN,MRO2B_HUMAN	3	119	48
HTSF1_HUMAN	147	87	111
HUMMR_HUMAN	227	96	169
HUNK_HUMAN	110	98	97
HUS1B_HUMAN	22	105	57
HUS1_HUMAN	70	97	61
HUTH_HUMAN	173	107	138
HUTI_HUMAN	5	100	46
HUTU_HUMAN	3	80	42
HUWE1_HUMAN	1070	85	1288
HV303_HUMAN	2	97	41
HVCN1_HUMAN	33	91	50
HXA10_HUMAN	44	118	67
HXA11_HUMAN	13	118	45
HXA13_HUMAN	19	95	41
HXA1_HUMAN	371	99	262
HXA2_HUMAN	19	115	41
HXA3_HUMAN	15	87	46
HXA4_HUMAN	12	112	37
HXA5_HUMAN	91	101	85
HXA6_HUMAN	1	82	42
HXA7_HUMAN	20	109	47
HXA9_HUMAN	27	98	63
HXB13_HUMAN	20	101	36
HXB1_HUMAN	34	89	58
HXB2_HUMAN	32	110	45
HXB3_HUMAN	6	99	39
HXB4_HUMAN	6	103	33
HXB5_HUMAN	110	110	86
HXB6_HUMAN	58	108	62
HXB7_HUMAN	19	100	28
HXB8_HUMAN	16	102	49
HXB9_HUMAN	122	98	89
HXC10_HUMAN	19	109	50
HXC11_HUMAN	22	100	49
HXC12_HUMAN	5	90	41
HXC13_HUMAN	29	92	55
HXC4_HUMAN	36	111	50
HXC5_HUMAN	45	94	51
HXC6_HUMAN	13	80	41
HXC8_HUMAN	125	117	108
HXC9_HUMAN	64	98	62
HXD10_HUMAN	10	114	48
HXD11_HUMAN	13	93	39
HXD12_HUMAN	17	111	42
HXD13_HUMAN	79	96	73
HXD1_HUMAN	2	112	43
HXD3_HUMAN	12	89	42
HXD4_HUMAN	27	121	56
HXD8_HUMAN	11	110	41
HXD9_HUMAN	10	108	42
HXK1_HUMAN	268	94	158
HXK2_HUMAN	152	98	95
HXK3_HUMAN	44	100	63
HXK4_HUMAN	18	106	54
HYAL1_HUMAN	27	108	39
HYAL2_HUMAN	88	105	85
HYAL3_HUMAN	11	113	44
HYAL4_HUMAN	4	94	44
HYALP_HUMAN	1	101	42
HYCCI_HUMAN	35	112	39
HYDIN_HUMAN	21	103	57
HYEP_HUMAN	117	118	105
HYES_HUMAN	18	101	38
HYI_HUMAN	28	121	42
HYLS1_HUMAN	5	101	53
HYOU1_HUMAN	337	113	238
HYPK_HUMAN	113	123	96
HYPM_HUMAN	82	97	61
I10R1_HUMAN	28	104	51
I10R2_HUMAN	10	108	51
I11RA_HUMAN	3	106	39
I12R1_HUMAN	102	101	84
I12R2_HUMAN	10	105	44
I13R1_HUMAN	22	112	55
I13R2_HUMAN	142	100	121
I15RA_HUMAN	11	119	49
I17EL_HUMAN	1	109	38
I17RA_HUMAN	155	109	136
I17RB_HUMAN	37	103	58
I17RC_HUMAN	51	114	59
I17RD_HUMAN	16	115	38
I17RE_HUMAN	13	101	49
I18BP_HUMAN	1	122	41
I18RA_HUMAN	4	107	35
I20L2_HUMAN	56	106	73
I20RA_HUMAN	37	106	55
I20RB_HUMAN	37	126	47
I22R1_HUMAN	29	104	44
I22R2_HUMAN	21	111	56
I23O1_HUMAN	7	92	41
I23O2_HUMAN	11	101	45
I27L1_HUMAN	64	105	66
I27L2_HUMAN	4	86	56
I27RA_HUMAN	69	91	62
I28RA_HUMAN,INLR1_HUMAN	50	112	65
I2BP1_HUMAN	90	119	79
I2BP2_HUMAN	119	112	88
I2BPL_HUMAN	71	92	70
I36RA_HUMAN	48	125	55
I4E1B_HUMAN	3	106	43
I5P1_HUMAN	34	88	54
I5P2_HUMAN	23	94	45
IAH1_HUMAN	24	125	58
IAPP_HUMAN	7	95	44
IASPP_HUMAN	91	93	80
IBP1_HUMAN	27	126	58
IBP2_HUMAN	13	120	39
IBP3_HUMAN	49	110	63
IBP4_HUMAN	38	112	55
IBP5_HUMAN	132	108	106
IBP6_HUMAN	48	99	49
IBP7_HUMAN	28	99	45
IBPL1_HUMAN	12	91	49
IBTK_HUMAN	124	99	87
IC1_HUMAN	39	100	53
ICA1L_HUMAN	12	120	50
ICA69_HUMAN	26	87	38
ICAL_HUMAN	115	84	93
ICAM1_HUMAN	247	100	152
ICAM2_HUMAN	56	112	49
ICAM3_HUMAN	26	115	51
ICAM4_HUMAN	41	98	63
ICAM5_HUMAN	65	103	69
ICEF1_HUMAN	10	103	52
ICK_HUMAN	59	110	69
ICLN_HUMAN	202	100	134
ICMT_HUMAN	65	91	59
ICOSL_HUMAN	20	106	28
ICOS_HUMAN	21	115	44
ICT1_HUMAN	405	97	265
ID1_HUMAN	64	117	66
ID2_HUMAN	96	100	91
ID3_HUMAN	52	107	66
ID4_HUMAN	27	115	39
IDD_HUMAN	193	105	133
IDE_HUMAN	233	97	135
IDH3A_HUMAN	131	124	77
IDH3B_HUMAN	123	96	100
IDH3G_HUMAN	78	87	68
IDHC_HUMAN	135	97	110
IDHP_HUMAN	236	106	168
IDI1_HUMAN	39	100	59
IDI2_HUMAN	14	124	38
IDLC_HUMAN	20	124	51
IDS_HUMAN	129	92	87
IDUA_HUMAN	68	105	71
IER2_HUMAN	39	104	43
IER5L_HUMAN	5	107	44
IER5_HUMAN	13	94	50
IEX1_HUMAN	28	95	62
IF122_HUMAN	64	99	66
IF140_HUMAN	66	122	58
IF16_HUMAN	711	110	673
IF172_HUMAN	63	120	60
IF1AX_HUMAN	122	84	94
IF1AY_HUMAN	31	105	61
IF2A_HUMAN	278	107	188
IF2B1_HUMAN	443	85	294
IF2B2_HUMAN	323	112	210
IF2B3_HUMAN	520	131	418
IF2B_HUMAN	254	97	157
IF2G_HUMAN	320	104	224
IF2M_HUMAN	342	98	248
IF2P_HUMAN	223	128	149
IF3M_HUMAN	295	104	182
IF44L_HUMAN	14	115	54
IF4A1_HUMAN	372	95	257
IF4A2_HUMAN	178	99	131
IF4A3_HUMAN	526	99	411
IF4B_HUMAN	407	120	325
IF4E2_HUMAN	245	112	150
IF4E3_HUMAN	10	89	34
IF4E_HUMAN	227	105	148
IF4G1_HUMAN	461	103	362
IF4G2_HUMAN	158	96	100
IF4G3_HUMAN	139	114	81
IF4H_HUMAN	127	105	77
IF5A1_HUMAN	254	112	154
IF5A2_HUMAN	63	109	49
IF5AL_HUMAN	22	113	48
IF5_HUMAN	205	96	131
IF6_HUMAN	413	94	287
IFFO1_HUMAN	55	108	54
IFFO2_HUMAN	23	112	51
IFI27_HUMAN	12	99	48
IFI44_HUMAN	6	88	41
IFI6_HUMAN	49	108	70
IFIH1_HUMAN	59	117	62
IFIT1_HUMAN	63	102	63
IFIT2_HUMAN	65	114	57
IFIT3_HUMAN	79	98	77
IFIT5_HUMAN	93	84	67
IFIX_HUMAN	357	91	260
IFM1_HUMAN	356	121	253
IFM2_HUMAN	11	101	53
IFM3_HUMAN	518	117	438
IFM5_HUMAN	6	100	38
IFN10_HUMAN	6	100	40
IFN14_HUMAN	22	112	60
IFN16_HUMAN	6	106	46
IFN17_HUMAN	6	99	34
IFN21_HUMAN	35	117	49
IFNA1_HUMAN	18	96	47
IFNA2_HUMAN	12	95	41
IFNA4_HUMAN	39	100	41
IFNA5_HUMAN	19	102	32
IFNA6_HUMAN	7	102	33
IFNA7_HUMAN	9	110	31
IFNA8_HUMAN	14	99	40
IFNB_HUMAN	4	124	37
IFNE_HUMAN	26	104	39
IFNG_HUMAN	30	110	55
IFNK_HUMAN	1	84	33
IFNW1_HUMAN	6	109	38
IFRD1_HUMAN	38	111	51
IFRD2_HUMAN	37	98	52
IFT1B_HUMAN	7	103	46
IFT20_HUMAN	142	111	97
IFT27_HUMAN	72	99	67
IFT43_HUMAN	24	102	55
IFT46_HUMAN	41	99	55
IFT52_HUMAN	40	106	73
IFT57_HUMAN	177	88	155
IFT74_HUMAN	139	96	99
IFT80_HUMAN	31	98	39
IFT81_HUMAN	81	109	77
IFT88_HUMAN	83	122	69
IF_HUMAN	15	97	60
IG2AS_HUMAN	1	91	43
IGBP1_HUMAN	157	94	115
IGDC3_HUMAN	7	96	38
IGDC4_HUMAN	40	119	60
IGF1B_HUMAN	19	99	34
IGF1R_HUMAN	455	114	345
IGF1_HUMAN	11	89	47
IGF2_HUMAN	49	108	57
IGFL1_HUMAN	11	103	44
IGFL2_HUMAN	4	101	47
IGFL3_HUMAN	75	107	79
IGFN1_HUMAN	49	104	63
IGFR1_HUMAN	3	86	53
IGHA1_HUMAN	176	99	126
IGHA2_HUMAN	87	112	86
IGHD_HUMAN	28	78	53
IGHE_HUMAN	3	90	39
IGHG1_HUMAN	231	104	157
IGHG2_HUMAN	133	114	103
IGHG3_HUMAN	50	108	51
IGHG4_HUMAN	46	105	63
IGHM_HUMAN	144	112	104
IGIP_HUMAN	2	97	45
IGJ_HUMAN	81	111	84
IGKC_HUMAN	141	113	117
IGLL1_HUMAN	12	92	49
IGLL5_HUMAN	136	111	119
IGLO5_HUMAN	14	101	38
IGS10_HUMAN	12	104	59
IGS11_HUMAN	1	88	36
IGS21_HUMAN	41	102	65
IGS22_HUMAN	3	103	41
IGSF1_HUMAN	24	93	48
IGSF2_HUMAN	7	117	44
IGSF3_HUMAN	101	109	81
IGSF5_HUMAN	13	97	58
IGSF6_HUMAN	7	102	43
IGSF8_HUMAN	250	119	214
IHH_HUMAN	4	121	54
IIGP5_HUMAN	19	106	45
IKBA_HUMAN	230	78	144
IKBB_HUMAN	116	101	74
IKBD_HUMAN	121	123	85
IKBE_HUMAN	61	101	64
IKBL1_HUMAN	93	112	71
IKBP1_HUMAN	16	119	44
IKBZ_HUMAN	11	88	35
IKIP_HUMAN	192	102	140
IKKA_HUMAN	226	100	149
IKKB_HUMAN	242	103	153
IKKE_HUMAN	401	91	282
IKZF1_HUMAN	291	101	226
IKZF2_HUMAN	28	89	44
IKZF3_HUMAN	314	103	232
IKZF4_HUMAN	37	98	62
IKZF5_HUMAN	63	111	69
IL10_HUMAN	15	114	43
IL11_HUMAN	6	92	45
IL12A_HUMAN	16	122	35
IL12B_HUMAN	6	108	41
IL13_HUMAN	16	103	45
IL15_HUMAN	9	82	58
IL16_HUMAN	118	104	82
IL17B_HUMAN	77	103	61
IL17D_HUMAN	4	82	19
IL17F_HUMAN	28	100	56
IL17_HUMAN	10	104	54
IL18R_HUMAN	6	108	38
IL18_HUMAN	30	115	46
IL19_HUMAN	4	104	35
IL1AP_HUMAN	67	89	67
IL1A_HUMAN	72	94	70
IL1B_HUMAN	46	111	54
IL1F6_HUMAN	20	119	46
IL1F9_HUMAN	42	99	70
IL1FA_HUMAN	9	107	47
IL1R1_HUMAN	34	101	50
IL1R2_HUMAN	60	95	66
IL1RA_HUMAN	58	106	63
IL20_HUMAN	15	125	41
IL21R_HUMAN	6	101	47
IL21_HUMAN	6	105	47
IL22_HUMAN	4	93	39
IL23A_HUMAN	7	115	39
IL23R_HUMAN	12	111	48
IL24_HUMAN	27	108	47
IL25_HUMAN	43	106	56
IL26_HUMAN	5	106	34
IL27A_HUMAN	4	95	38
IL27B_HUMAN	27	101	41
IL28A_HUMAN,IFNL2_HUMAN	3	112	36
IL28B_HUMAN,IFNL3_HUMAN	5	101	39
IL29_HUMAN,IFNL1_HUMAN	7	114	39
IL2RA_HUMAN	49	99	56
IL2RB_HUMAN	26	95	41
IL2RG_HUMAN	43	105	61
IL2_HUMAN	6	93	43
IL31R_HUMAN	30	83	59
IL31_HUMAN	15	102	31
IL32_HUMAN	33	123	47
IL33_HUMAN	8	96	42
IL34_HUMAN	3	111	41
IL36A_HUMAN	20	118	57
IL36B_HUMAN	3	104	48
IL36G_HUMAN	44	111	62
IL37_HUMAN	24	101	43
IL3RA_HUMAN	49	120	50
IL3RB_HUMAN	27	105	50
IL3_HUMAN	3	92	34
IL4RA_HUMAN	49	92	58
IL4_HUMAN	4	109	55
IL5RA_HUMAN	143	119	96
IL5_HUMAN	3	102	50
IL6RA_HUMAN	31	103	51
IL6RB_HUMAN	74	88	61
IL6_HUMAN	10	105	43
IL7RA_HUMAN	57	88	56
IL7_HUMAN	9	115	27
IL8_HUMAN	18	100	46
IL9R_HUMAN	26	109	58
IL9_HUMAN	2	98	34
ILDR1_HUMAN	9	99	42
ILDR2_HUMAN	34	91	63
ILEU_HUMAN	78	111	86
ILF2_HUMAN	623	97	560
ILF3_HUMAN	906	97	1082
ILFT1_HUMAN,LMTD1_HUMAN	2	102	57
ILKAP_HUMAN	104	94	81
ILK_HUMAN	531	109	401
ILRL1_HUMAN	19	113	52
ILRL2_HUMAN	11	94	40
ILVBL_HUMAN	269	100	148
IMA1_HUMAN,IMA5_HUMAN	393	112	274
IMA2_HUMAN,IMA1_HUMAN	583	100	505
IMA3_HUMAN,IMA4_HUMAN	261	92	194
IMA4_HUMAN,IMA3_HUMAN	239	104	151
IMA5_HUMAN,IMA6_HUMAN	88	106	74
IMA7_HUMAN	182	113	127
IMA8_HUMAN	8	104	44
IMB1_HUMAN	565	85	428
IMDH1_HUMAN	161	103	110
IMDH2_HUMAN	442	89	283
IMMT_HUMAN,MIC60_HUMAN	509	85	394
IMP1L_HUMAN	243	118	177
IMP2L_HUMAN	388	93	281
IMP3_HUMAN	124	81	75
IMP4_HUMAN	118	112	94
IMP5_HUMAN	3	127	47
IMPA1_HUMAN	35	115	62
IMPA2_HUMAN	77	96	70
IMPA3_HUMAN	60	109	65
IMPCT_HUMAN	31	91	62
IMPG1_HUMAN	3	109	42
IMPG2_HUMAN	1	127	28
IMUP_HUMAN	20	84	50
IN35_HUMAN	35	92	56
IN4L2_HUMAN	12	101	51
IN80B_HUMAN	178	82	143
IN80C_HUMAN	35	95	57
IN80D_HUMAN	27	104	39
IN80E_HUMAN	103	115	94
INADL_HUMAN	121	94	97
INAR1_HUMAN	71	110	69
INAR2_HUMAN	28	127	57
INCA1_HUMAN	239	97	155
INCE_HUMAN	81	105	66
INE1_HUMAN	1	101	42
INF2_HUMAN	305	97	220
ING1_HUMAN	107	93	91
ING2_HUMAN	66	107	71
ING3_HUMAN	87	105	82
ING4_HUMAN	77	106	57
ING5_HUMAN	110	102	86
INGR1_HUMAN	102	105	77
INGR2_HUMAN	64	100	53
INHA_HUMAN	17	108	38
INHBA_HUMAN	35	90	54
INHBB_HUMAN	7	122	47
INHBE_HUMAN	61	116	67
INMT_HUMAN	3	83	43
INO1_HUMAN	81	109	65
INO80_HUMAN	87	96	73
INP4A_HUMAN	19	111	49
INP4B_HUMAN	34	113	57
INP5E_HUMAN	65	98	61
INP5K_HUMAN	88	116	94
INPP_HUMAN	21	105	45
INSC_HUMAN	26	102	53
INSI1_HUMAN	124	116	100
INSI2_HUMAN	174	111	110
INSL3_HUMAN	16	127	43
INSL4_HUMAN	6	96	39
INSL5_HUMAN	57	102	63
INSL6_HUMAN	39	96	54
INSM1_HUMAN	10	105	50
INSM2_HUMAN	3	115	34
INSRR_HUMAN	90	95	80
INSR_HUMAN	799	100	838
INS_HUMAN	510	113	445
INT10_HUMAN	56	94	56
INT11_HUMAN	106	98	80
INT12_HUMAN	143	90	103
INT1_HUMAN	191	121	120
INT2_HUMAN	115	102	79
INT3_HUMAN	151	91	99
INT4_HUMAN	118	100	94
INT5_HUMAN	113	100	88
INT6_HUMAN	126	98	77
INT7_HUMAN	106	104	97
INT8_HUMAN	70	112	64
INT9_HUMAN	70	130	62
INTU_HUMAN	45	107	62
INVO_HUMAN	134	110	99
INVS_HUMAN	22	101	46
IOD2_HUMAN	15	106	43
IOD3_HUMAN	17	113	37
IP3KA_HUMAN	8	101	42
IP3KB_HUMAN	34	96	47
IP3KC_HUMAN	18	93	47
IP6K1_HUMAN	41	106	66
IP6K2_HUMAN	21	106	35
IP6K3_HUMAN	31	118	51
IPIL1_HUMAN	40	138	53
IPIL2_HUMAN	27	119	61
IPKA_HUMAN	11	101	38
IPKB_HUMAN	9	106	33
IPKG_HUMAN	11	108	44
IPMK_HUMAN	10	113	40
IPO11_HUMAN	176	89	130
IPO13_HUMAN	98	111	72
IPO4_HUMAN	212	100	148
IPO5_HUMAN	431	96	318
IPO7_HUMAN	360	94	243
IPO8_HUMAN	256	104	162
IPO9_HUMAN	246	99	169
IPP2M_HUMAN	14	105	41
IPP2_HUMAN	59	103	55
IPP4_HUMAN	3	112	35
IPPK_HUMAN	110	103	87
IPP_HUMAN	34	112	56
IPRI_HUMAN	80	100	82
IPSP_HUMAN	64	112	69
IPYR2_HUMAN	142	97	116
IPYR_HUMAN	197	96	139
IQCA1_HUMAN	8	96	30
IQCAL_HUMAN	4	100	36
IQCB1_HUMAN	290	104	190
IQCC_HUMAN	14	98	45
IQCD_HUMAN	7	106	48
IQCE_HUMAN	35	113	48
IQCF1_HUMAN	49	97	62
IQCF2_HUMAN	24	120	42
IQCF3_HUMAN	2	109	35
IQCF5_HUMAN	6	118	49
IQCG_HUMAN	6	104	37
IQCH_HUMAN	5	106	35
IQCK_HUMAN	2	95	40
IQEC1_HUMAN	121	84	96
IQEC2_HUMAN	34	129	48
IQEC3_HUMAN	3	110	38
IQGA1_HUMAN	590	107	497
IQGA2_HUMAN	123	111	97
IQGA3_HUMAN	173	109	111
IQUB_HUMAN	79	96	77
IR3IP_HUMAN	62	121	75
IRAK1_HUMAN	311	109	193
IRAK2_HUMAN	56	107	62
IRAK3_HUMAN	33	94	48
IRAK4_HUMAN	36	115	50
IREB2_HUMAN	58	105	55
IRF1_HUMAN	62	87	61
IRF2_HUMAN	113	115	90
IRF3_HUMAN	137	102	85
IRF4_HUMAN	85	117	87
IRF5_HUMAN	53	119	69
IRF6_HUMAN	22	109	57
IRF7_HUMAN	91	101	93
IRF8_HUMAN	54	95	60
IRF9_HUMAN	40	125	68
IRG1_HUMAN	2	115	53
IRGM_HUMAN	23	114	43
IRGQ_HUMAN	27	139	45
IRK10_HUMAN,KCJ10_HUMAN	39	112	45
IRK11_HUMAN,KCJ11_HUMAN	22	105	45
IRK12_HUMAN,KCJ12_HUMAN	28	99	55
IRK15_HUMAN	10	109	40
IRK16_HUMAN,KCJ16_HUMAN	4	93	41
IRK1_HUMAN,KCNJ1_HUMAN	6	115	45
IRK2_HUMAN,KCNJ2_HUMAN	35	101	44
IRK3_HUMAN,KCNJ3_HUMAN	14	114	42
IRK4_HUMAN,KCNJ4_HUMAN	17	101	59
IRK5_HUMAN,KCNJ5_HUMAN	20	104	51
IRK6_HUMAN,KCNJ6_HUMAN	79	92	72
IRK8_HUMAN,KCNJ8_HUMAN	52	107	59
IRK9_HUMAN,KCNJ9_HUMAN	5	100	41
IRPL1_HUMAN	7	96	40
IRPL2_HUMAN	4	99	42
IRS1_HUMAN	117	110	94
IRS2_HUMAN	77	86	58
IRS4_HUMAN	326	113	205
IRX1_HUMAN	2	99	32
IRX2_HUMAN	6	98	49
IRX3_HUMAN	2	111	33
IRX4_HUMAN	5	125	53
IRX5_HUMAN	5	109	45
IRX6_HUMAN	12	91	46
ISCA1_HUMAN	91	102	82
ISCA2_HUMAN	73	101	74
ISCU_HUMAN	50	93	56
ISG15_HUMAN	489	111	393
ISG20_HUMAN	12	100	43
ISK14_HUMAN	14	98	43
ISK1_HUMAN	5	94	35
ISK2_HUMAN	29	118	48
ISK4_HUMAN	12	86	53
ISK52_HUMAN	14	101	43
ISK5_HUMAN	19	97	44
ISK6_HUMAN	1	121	42
ISK7_HUMAN	18	103	51
ISK9_HUMAN	1	106	30
ISL1_HUMAN	37	110	55
ISL2_HUMAN	45	101	68
ISLR2_HUMAN	19	107	39
ISLR_HUMAN	144	117	124
ISM1_HUMAN	1	100	39
ISM2_HUMAN	15	98	51
ISOC1_HUMAN	80	114	67
ISOC2_HUMAN	66	96	62
ISPDL_HUMAN	1	95	34
ISPD_HUMAN	1	103	37
IST1_HUMAN	114	126	86
ISX_HUMAN	38	110	52
ISY1_HUMAN	147	105	98
ITA10_HUMAN	4	127	40
ITA11_HUMAN	6	85	46
ITA1_HUMAN	52	111	55
ITA2B_HUMAN	16	115	43
ITA2_HUMAN	130	105	96
ITA3_HUMAN	72	93	66
ITA4_HUMAN	520	101	419
ITA5_HUMAN	140	111	96
ITA6_HUMAN	170	91	129
ITA7_HUMAN	115	98	90
ITA8_HUMAN	71	109	76
ITA9_HUMAN	25	108	55
ITAD_HUMAN	45	121	56
ITAE_HUMAN	11	91	31
ITAL_HUMAN	17	107	53
ITAM_HUMAN	63	116	66
ITAV_HUMAN	169	108	130
ITAX_HUMAN	7	108	50
ITB1_HUMAN	347	126	270
ITB2_HUMAN	64	114	51
ITB3_HUMAN	61	126	63
ITB4_HUMAN	133	101	99
ITB5_HUMAN	148	115	105
ITB6_HUMAN	11	98	46
ITB7_HUMAN	24	97	52
ITB8_HUMAN	44	114	55
ITBP1_HUMAN	29	118	58
ITBP2_HUMAN	22	111	47
ITCH_HUMAN	350	122	273
ITF2_HUMAN	363	96	276
ITFG2_HUMAN	27	105	43
ITFG3_HUMAN	145	81	90
ITGBL_HUMAN	2	107	40
ITH5L_HUMAN	13	93	41
ITIH1_HUMAN	20	104	39
ITIH2_HUMAN	94	112	58
ITIH3_HUMAN	31	92	45
ITIH4_HUMAN	31	126	53
ITIH5_HUMAN	11	113	44
ITIH6_HUMAN	9	115	43
ITK_HUMAN	54	88	59
ITLN1_HUMAN	58	109	58
ITLN2_HUMAN	61	98	63
ITM2A_HUMAN	24	107	46
ITM2B_HUMAN	572	111	539
ITM2C_HUMAN	256	113	156
ITPA_HUMAN	95	121	78
ITPK1_HUMAN	28	122	48
ITPR1_HUMAN	138	95	95
ITPR2_HUMAN	139	117	89
ITPR3_HUMAN	235	103	135
ITSN1_HUMAN	269	91	179
ITSN2_HUMAN	157	120	96
IVD_HUMAN	82	92	80
IWS1_HUMAN	117	107	101
IYD1_HUMAN	9	102	45
IZUM1_HUMAN	31	112	52
IZUM4_HUMAN	1	113	33
JADE1_HUMAN	70	107	67
JADE2_HUMAN	43	99	57
JADE3_HUMAN	51	106	72
JAG1_HUMAN	42	98	67
JAG2_HUMAN	115	116	95
JAGN1_HUMAN	161	103	104
JAK1_HUMAN	244	98	160
JAK2_HUMAN	153	133	99
JAK3_HUMAN	130	99	86
JAM1_HUMAN	55	102	67
JAM2_HUMAN	13	102	38
JAM3_HUMAN	30	104	43
JAML1_HUMAN	2	118	37
JARD2_HUMAN	42	95	61
JAZF1_HUMAN	62	102	57
JCAD_HUMAN	38	113	62
JDP2_HUMAN	28	77	35
JERKL_HUMAN	10	102	50
JERKY_HUMAN	51	109	58
JHD1D_HUMAN,KDM7A_HUMAN	4	104	42
JHD2C_HUMAN	89	103	77
JIP1_HUMAN	49	102	35
JIP2_HUMAN	112	103	98
JIP3_HUMAN	66	103	74
JIP4_HUMAN	288	102	177
JKAMP_HUMAN	12	102	47
JKIP1_HUMAN	43	104	53
JKIP2_HUMAN	23	101	43
JKIP3_HUMAN	8	92	34
JMJD4_HUMAN	63	88	54
JMJD6_HUMAN	230	113	156
JMJD7_HUMAN	20	109	51
JMJD8_HUMAN	35	115	49
JMY_HUMAN	44	96	49
JOS1_HUMAN	47	102	59
JOS2_HUMAN	34	113	46
JPH1_HUMAN	244	106	162
JPH2_HUMAN	26	104	47
JPH3_HUMAN	56	99	73
JPH4_HUMAN	69	108	77
JSPR1_HUMAN	20	101	43
JTB_HUMAN	34	105	44
JUNB_HUMAN	109	107	90
JUND_HUMAN	68	98	68
JUN_HUMAN	1597	100	2275
K0020_HUMAN,PUM3_HUMAN	255	98	167
K0040_HUMAN	5	101	54
K0087_HUMAN	5	108	52
K0100_HUMAN	38	105	58
K0114_HUMAN	8	109	37
K0146_HUMAN,SPIDR_HUMAN	24	109	57
K0195_HUMAN,TMM94_HUMAN	34	90	54
K0232_HUMAN	105	79	88
K0240_HUMAN,GSC1L_HUMAN	44	102	55
K0247_HUMAN,SUSD6_HUMAN	16	100	46
K0284_HUMAN,C170B_HUMAN	78	94	63
K0317_HUMAN,AREL1_HUMAN	28	99	47
K0319_HUMAN	5	99	48
K0355_HUMAN	171	105	124
K0408_HUMAN	60	113	73
K0494_HUMAN,EFC14_HUMAN	9	123	38
K0495_HUMAN	1	100	30
K0513_HUMAN	10	89	49
K0528_HUMAN,C2CD5_HUMAN	98	121	67
K0552_HUMAN	27	133	49
K0556_HUMAN	131	99	82
K0564_HUMAN,VWA8_HUMAN	360	101	252
K0586_HUMAN,TALD3_HUMAN	32	98	55
K0644_HUMAN	1	100	33
K0664_HUMAN,CLU_HUMAN	149	99	93
K0748_HUMAN	15	112	41
K0753_HUMAN,MOONR_HUMAN	158	83	134
K0754_HUMAN	46	88	60
K0895_HUMAN	13	96	42
K0907_HUMAN	61	99	67
K0913_HUMAN,ZSWM8_HUMAN	80	109	86
K0930_HUMAN	34	92	54
K0947_HUMAN,ICE1_HUMAN	50	103	59
K1024_HUMAN	10	115	39
K1045_HUMAN,PHF24_HUMAN	6	118	36
K1107_HUMAN	41	123	54
K1109_HUMAN	51	106	59
K1143_HUMAN	57	105	67
K1161_HUMAN	63	103	67
K1199_HUMAN,CEMIP_HUMAN	69	103	68
K1210_HUMAN	2	96	47
K1211_HUMAN	40	100	40
K1239_HUMAN,NWD2_HUMAN	3	97	37
K1257_HUMAN	2	110	36
K1324_HUMAN	15	97	51
K1328_HUMAN	51	100	53
K132L_HUMAN	9	110	43
K1377_HUMAN,CE126_HUMAN	103	134	89
K1383_HUMAN,MAP10_HUMAN	28	113	54
K1407_HUMAN,CC191_HUMAN	9	109	41
K1430_HUMAN,CFA97_HUMAN	59	106	67
K1456_HUMAN	3	104	40
K1467_HUMAN	77	112	68
K1468_HUMAN	67	119	60
K1486_HUMAN	15	108	30
K1522_HUMAN	125	106	101
K1529_HUMAN	1	109	40
K1549_HUMAN	89	89	89
K1586_HUMAN	17	101	61
K1609_HUMAN,TLDC1_HUMAN	38	124	58
K1614_HUMAN	4	98	43
K1644_HUMAN	60	119	45
K1671_HUMAN	204	98	142
K1683_HUMAN	69	100	68
K1688_HUMAN	111	109	82
K1704_HUMAN,GPAM1_HUMAN	48	99	68
K1731_HUMAN,CE295_HUMAN	49	93	59
K1737_HUMAN,CIPC_HUMAN	19	105	31
K1751_HUMAN	19	111	38
K1755_HUMAN	2	127	48
K1841_HUMAN	15	112	42
K1875_HUMAN,WDR97_HUMAN	4	105	41
K1958_HUMAN	21	99	49
K1967_HUMAN	381	96	268
K1984_HUMAN,CC183_HUMAN	45	109	53
K1C10_HUMAN	210	109	139
K1C12_HUMAN	21	94	47
K1C13_HUMAN	127	114	100
K1C14_HUMAN	206	105	139
K1C15_HUMAN	183	100	115
K1C16_HUMAN	213	108	117
K1C17_HUMAN	261	114	199
K1C18_HUMAN	422	110	277
K1C19_HUMAN	284	120	185
K1C20_HUMAN	63	115	72
K1C23_HUMAN	30	89	49
K1C24_HUMAN	66	94	59
K1C25_HUMAN	33	122	58
K1C26_HUMAN	35	105	41
K1C27_HUMAN	195	98	137
K1C28_HUMAN	29	83	64
K1C39_HUMAN	58	79	66
K1C40_HUMAN	430	98	316
K1C9_HUMAN	184	99	136
K1H1_HUMAN	462	95	337
K1H2_HUMAN	40	109	61
K2013_HUMAN	163	92	131
K2018_HUMAN	20	105	61
K2022_HUMAN	9	133	39
K2026_HUMAN	15	100	53
K220L_HUMAN	2	105	44
K226L_HUMAN	11	104	51
K22E_HUMAN	250	109	163
K22O_HUMAN	88	107	83
K2C1B_HUMAN	96	132	77
K2C1_HUMAN	254	119	181
K2C3_HUMAN	104	131	74
K2C4_HUMAN	86	121	82
K2C5_HUMAN	200	118	133
K2C6A_HUMAN	162	96	128
K2C6B_HUMAN	151	101	103
K2C6C_HUMAN	91	118	69
K2C71_HUMAN	48	104	52
K2C72_HUMAN	58	109	75
K2C73_HUMAN	57	94	62
K2C74_HUMAN	40	116	58
K2C75_HUMAN	192	87	114
K2C78_HUMAN	102	108	89
K2C79_HUMAN	64	102	67
K2C7_HUMAN	79	115	77
K2C80_HUMAN	72	121	67
K2C8_HUMAN	447	108	316
K319L_HUMAN	105	115	86
K6PF_HUMAN,PFKAM_HUMAN	174	109	114
K6PL_HUMAN,PFKAL_HUMAN	217	84	134
K6PP_HUMAN,PFKAP_HUMAN	294	111	216
K895L_HUMAN	3	106	50
KAAG1_HUMAN	4	92	43
KAD1_HUMAN	71	108	64
KAD2_HUMAN	186	86	116
KAD3_HUMAN,KAD4_HUMAN	67	112	64
KAD4_HUMAN	187	116	135
KAD5_HUMAN	12	108	48
KAD6_HUMAN	144	109	112
KAD7_HUMAN	7	130	48
KAD8_HUMAN	16	98	44
KAIN_HUMAN	30	105	41
KAISO_HUMAN	133	104	99
KAL1L_HUMAN	6	105	46
KALM_HUMAN	153	105	119
KALRN_HUMAN	57	100	68
KANK1_HUMAN	47	102	63
KANK2_HUMAN	305	99	210
KANK3_HUMAN	6	102	49
KANK4_HUMAN	28	108	60
KANL1_HUMAN	99	125	77
KANL2_HUMAN	73	105	82
KANL3_HUMAN	95	104	67
KAP0_HUMAN	324	97	249
KAP1_HUMAN	159	109	121
KAP2_HUMAN	226	105	150
KAP3_HUMAN	145	111	101
KAPCA_HUMAN	452	103	301
KAPCB_HUMAN	274	90	189
KAPCG_HUMAN	108	92	104
KAT1_HUMAN	17	95	54
KAT2A_HUMAN	178	101	118
KAT2B_HUMAN	217	111	142
KAT3_HUMAN	52	111	74
KAT5_HUMAN	323	98	257
KAT6A_HUMAN	504	91	384
KAT6B_HUMAN	33	111	47
KAT7_HUMAN	135	83	100
KAT8_HUMAN	72	101	76
KATL1_HUMAN	51	94	67
KATL2_HUMAN	69	121	67
KAZD1_HUMAN	12	126	51
KAZRN_HUMAN	44	96	57
KBL_HUMAN	66	96	77
KBP_HUMAN	189	98	121
KBRS1_HUMAN	12	115	45
KBRS2_HUMAN	35	93	49
KBTB2_HUMAN	14	95	58
KBTB3_HUMAN	9	114	40
KBTB4_HUMAN	312	113	224
KBTB5_HUMAN,KLH40_HUMAN	53	86	44
KBTB6_HUMAN	110	97	88
KBTB7_HUMAN	253	103	169
KBTB8_HUMAN	20	103	53
KBTBA_HUMAN,KLH41_HUMAN	23	90	57
KBTBB_HUMAN	7	119	41
KBTBD_HUMAN	1	106	66
KC1AL_HUMAN	62	114	65
KC1A_HUMAN	524	103	431
KC1D_HUMAN	268	112	177
KC1E_HUMAN	522	96	442
KC1G1_HUMAN	44	105	51
KC1G2_HUMAN	111	112	92
KC1G3_HUMAN	141	120	97
KCA10_HUMAN	23	92	46
KCAB1_HUMAN	21	111	42
KCAB2_HUMAN	56	102	64
KCAB3_HUMAN	8	105	45
KCC1A_HUMAN	162	96	112
KCC1B_HUMAN	2	109	32
KCC1D_HUMAN	59	96	62
KCC1G_HUMAN	11	101	38
KCC2A_HUMAN	224	115	153
KCC2B_HUMAN	152	97	90
KCC2D_HUMAN	292	110	180
KCC2G_HUMAN	201	108	130
KCC4_HUMAN	55	103	55
KCD11_HUMAN	9	89	48
KCD12_HUMAN	149	98	108
KCD14_HUMAN	19	103	43
KCD15_HUMAN	71	94	65
KCD16_HUMAN	14	97	52
KCD17_HUMAN	145	94	109
KCD18_HUMAN	15	94	37
KCD19_HUMAN	8	112	45
KCD20_HUMAN	20	104	47
KCD21_HUMAN	38	104	47
KCE1L_HUMAN,KCNE5_HUMAN	6	104	43
KCIP1_HUMAN	24	105	53
KCIP2_HUMAN	13	101	45
KCIP4_HUMAN	23	99	55
KCMA1_HUMAN	37	100	70
KCMB1_HUMAN	9	120	46
KCMB2_HUMAN	9	115	50
KCMB3_HUMAN	52	88	67
KCMB4_HUMAN	7	106	40
KCMF1_HUMAN	180	95	117
KCNA1_HUMAN	21	101	38
KCNA2_HUMAN	124	89	105
KCNA3_HUMAN	727	110	667
KCNA4_HUMAN	59	96	69
KCNA5_HUMAN	54	107	63
KCNA6_HUMAN	18	101	63
KCNA7_HUMAN	2	104	55
KCNB1_HUMAN	22	84	48
KCNB2_HUMAN	52	100	76
KCNC1_HUMAN	18	108	66
KCNC2_HUMAN	1	103	44
KCNC3_HUMAN	28	90	60
KCNC4_HUMAN	37	114	59
KCND1_HUMAN	2	106	34
KCND2_HUMAN	21	80	45
KCND3_HUMAN	38	120	52
KCNE1_HUMAN	21	100	44
KCNE2_HUMAN	5	103	48
KCNE3_HUMAN	320	105	220
KCNE4_HUMAN	35	124	64
KCNF1_HUMAN	21	106	56
KCNG1_HUMAN	20	109	44
KCNG2_HUMAN	1	92	41
KCNG3_HUMAN	10	107	38
KCNG4_HUMAN	17	98	59
KCNH1_HUMAN	15	105	49
KCNH2_HUMAN	47	92	66
KCNH3_HUMAN	2	137	34
KCNH4_HUMAN	4	122	45
KCNH5_HUMAN	7	93	48
KCNH7_HUMAN	6	131	43
KCNH8_HUMAN	3	113	53
KCNK1_HUMAN	79	104	61
KCNK3_HUMAN	11	82	34
KCNK4_HUMAN	8	89	37
KCNK5_HUMAN	34	80	55
KCNK7_HUMAN	4	116	51
KCNK9_HUMAN	8	83	31
KCNKC_HUMAN	1	105	38
KCNKD_HUMAN	1	98	36
KCNKF_HUMAN	7	124	30
KCNKG_HUMAN	43	101	55
KCNKH_HUMAN	1	96	35
KCNKI_HUMAN	29	114	51
KCNN1_HUMAN	6	104	46
KCNN2_HUMAN	6	86	37
KCNN3_HUMAN	9	110	41
KCNN4_HUMAN	70	108	78
KCNQ1_HUMAN	21	109	50
KCNQ2_HUMAN	17	106	47
KCNQ3_HUMAN	36	103	46
KCNQ4_HUMAN	6	114	56
KCNQ5_HUMAN	32	93	51
KCNRG_HUMAN	153	91	129
KCNS1_HUMAN	1	109	48
KCNS2_HUMAN	6	80	38
KCNS3_HUMAN	36	89	60
KCNT1_HUMAN	1	105	36
KCNT2_HUMAN	30	102	43
KCNV1_HUMAN	5	103	49
KCNV2_HUMAN	11	91	44
KCP3_HUMAN	34	100	52
KCP_HUMAN	1	101	47
KCRB_HUMAN	285	104	169
KCRM_HUMAN	54	109	67
KCRS_HUMAN	55	104	54
KCRU_HUMAN	166	107	102
KCT2_HUMAN	24	93	45
KCTD1_HUMAN	37	114	52
KCTD2_HUMAN	59	97	68
KCTD3_HUMAN	171	96	122
KCTD4_HUMAN	10	80	55
KCTD5_HUMAN	113	114	74
KCTD6_HUMAN	72	115	70
KCTD7_HUMAN	79	121	72
KCTD8_HUMAN	16	106	35
KCTD9_HUMAN	230	94	172
KCY_HUMAN	119	91	98
KDEL1_HUMAN	68	93	64
KDEL2_HUMAN	80	105	69
KDIS_HUMAN	229	103	131
KDM1A_HUMAN	804	112	849
KDM1B_HUMAN	57	119	58
KDM2A_HUMAN	93	110	86
KDM2B_HUMAN	155	97	121
KDM3A_HUMAN	60	115	55
KDM3B_HUMAN	100	93	80
KDM4A_HUMAN	65	100	63
KDM4B_HUMAN	68	83	62
KDM4C_HUMAN	65	98	55
KDM4D_HUMAN	41	112	58
KDM5A_HUMAN	76	108	80
KDM5B_HUMAN	106	97	96
KDM5C_HUMAN	138	78	113
KDM5D_HUMAN	10	129	43
KDM6A_HUMAN	162	118	116
KDM6B_HUMAN	118	92	91
KDM8_HUMAN	28	105	48
KDSR_HUMAN	120	86	96
KEAP1_HUMAN	315	96	201
KELL_HUMAN	16	102	46
KERA_HUMAN	17	106	56
KGP1_HUMAN	43	101	56
KGP2_HUMAN	12	98	43
KGUA_HUMAN	56	105	55
KHDC1_HUMAN	16	103	56
KHDR1_HUMAN	380	97	253
KHDR2_HUMAN	134	85	107
KHDR3_HUMAN	102	97	81
KHK_HUMAN	27	121	50
KHNYN_HUMAN	22	113	46
KI13A_HUMAN	42	88	49
KI13B_HUMAN	144	108	94
KI16B_HUMAN	80	103	88
KI18A_HUMAN	48	103	65
KI18B_HUMAN	64	115	60
KI20A_HUMAN	1045	100	1378
KI20B_HUMAN	94	105	77
KI21A_HUMAN	122	93	94
KI21B_HUMAN	56	106	56
KI26A_HUMAN	16	123	57
KI26B_HUMAN	48	111	60
KI2L1_HUMAN	45	96	57
KI2L2_HUMAN	26	100	68
KI2L3_HUMAN	78	128	85
KI2L4_HUMAN	94	98	73
KI2LA_HUMAN	1	107	29
KI2S1_HUMAN	10	86	47
KI2S2_HUMAN	35	107	48
KI2S3_HUMAN	21	109	43
KI2S4_HUMAN	17	109	60
KI2S5_HUMAN	22	99	52
KI3L1_HUMAN	17	119	38
KI3L2_HUMAN	25	100	45
KI3L3_HUMAN	27	110	48
KI3S1_HUMAN	43	105	62
KI3X1_HUMAN	2	120	33
KI67_HUMAN	670	110	613
KIBRA_HUMAN	109	92	90
KIF11_HUMAN	267	102	197
KIF12_HUMAN	5	116	47
KIF14_HUMAN	1795	82	2178
KIF15_HUMAN	94	94	78
KIF17_HUMAN	24	112	59
KIF19_HUMAN	7	102	45
KIF1A_HUMAN	106	105	64
KIF1B_HUMAN	175	110	108
KIF1C_HUMAN	133	107	100
KIF22_HUMAN	128	106	94
KIF23_HUMAN	1022	97	1338
KIF24_HUMAN	39	90	54
KIF25_HUMAN	2	93	39
KIF27_HUMAN	16	105	51
KIF2A_HUMAN	239	90	171
KIF2B_HUMAN	51	112	68
KIF2C_HUMAN	180	101	120
KIF3A_HUMAN	137	98	89
KIF3B_HUMAN	57	105	73
KIF3C_HUMAN	24	120	59
KIF4A_HUMAN	110	100	83
KIF4B_HUMAN	18	97	48
KIF5A_HUMAN	91	117	71
KIF5C_HUMAN	91	111	80
KIF6_HUMAN	7	94	38
KIF7_HUMAN	153	91	118
KIF9_HUMAN	69	110	63
KIFA3_HUMAN	110	124	97
KIFC1_HUMAN	109	101	102
KIFC2_HUMAN	15	105	39
KIFC3_HUMAN	247	120	160
KILIN_HUMAN	2	117	51
KIME_HUMAN	59	93	53
KIN17_HUMAN	69	80	70
KINH_HUMAN	365	99	264
KIRR1_HUMAN	147	112	117
KIRR2_HUMAN	14	120	55
KIRR3_HUMAN	13	85	61
KISHA_HUMAN	8	109	38
KISHB_HUMAN	36	113	51
KISS1_HUMAN	11	89	44
KISSR_HUMAN	19	109	45
KITH_HUMAN	237	87	128
KITM_HUMAN	12	74	44
KIT_HUMAN	106	95	95
KIZ_HUMAN	34	103	45
KKCC1_HUMAN	43	108	43
KKCC2_HUMAN	65	87	70
KLC1_HUMAN	268	98	189
KLC2_HUMAN	177	111	114
KLC3_HUMAN	111	106	88
KLC4_HUMAN	126	101	86
KLD10_HUMAN	53	90	76
KLD7B_HUMAN	26	108	44
KLD8A_HUMAN	17	88	46
KLD8B_HUMAN	12	98	38
KLDC1_HUMAN	3	101	46
KLDC2_HUMAN	85	106	85
KLDC3_HUMAN	91	91	72
KLDC4_HUMAN	33	117	53
KLDC5_HUMAN,KLH42_HUMAN	93	96	78
KLDC6_HUMAN	2	110	39
KLDC9_HUMAN	8	112	49
KLF10_HUMAN	44	92	58
KLF11_HUMAN	19	120	52
KLF12_HUMAN	188	96	126
KLF13_HUMAN	17	94	50
KLF15_HUMAN	278	118	210
KLF16_HUMAN	425	94	298
KLF17_HUMAN	2	103	36
KLF1_HUMAN	35	82	61
KLF2_HUMAN	11	101	43
KLF3_HUMAN	226	110	147
KLF4_HUMAN	160	109	106
KLF5_HUMAN	187	100	126
KLF6_HUMAN	85	115	92
KLF7_HUMAN	5	117	49
KLF8_HUMAN	324	109	252
KLF9_HUMAN	92	83	91
KLH10_HUMAN	51	103	58
KLH11_HUMAN	79	101	83
KLH12_HUMAN	140	97	108
KLH13_HUMAN	110	96	89
KLH14_HUMAN	65	113	64
KLH15_HUMAN	103	88	78
KLH17_HUMAN	14	91	40
KLH18_HUMAN	40	99	54
KLH20_HUMAN	226	100	133
KLH21_HUMAN	56	78	54
KLH22_HUMAN	556	85	458
KLH23_HUMAN	35	103	66
KLH24_HUMAN	67	113	69
KLH26_HUMAN	90	98	75
KLH28_HUMAN	24	95	60
KLH29_HUMAN	24	86	39
KLH30_HUMAN	1	109	50
KLH31_HUMAN	1	104	53
KLH32_HUMAN	11	100	41
KLH33_HUMAN	25	120	55
KLH34_HUMAN	61	111	58
KLH35_HUMAN	11	109	42
KLH36_HUMAN	40	114	65
KLH38_HUMAN	91	119	85
KLHL1_HUMAN	16	110	48
KLHL2_HUMAN	92	114	82
KLHL3_HUMAN	31	109	63
KLHL4_HUMAN	34	100	53
KLHL5_HUMAN	18	114	45
KLHL6_HUMAN	30	104	50
KLHL7_HUMAN	49	96	47
KLHL8_HUMAN	79	101	83
KLHL9_HUMAN	99	106	86
KLK10_HUMAN	185	111	131
KLK11_HUMAN	32	111	57
KLK12_HUMAN	9	122	35
KLK13_HUMAN	10	104	51
KLK14_HUMAN	9	103	35
KLK15_HUMAN	160	111	127
KLK1_HUMAN	51	114	40
KLK2_HUMAN	112	87	86
KLK3_HUMAN	49	97	57
KLK4_HUMAN	9	98	36
KLK5_HUMAN	130	97	108
KLK6_HUMAN	44	109	50
KLK7_HUMAN	79	86	62
KLK8_HUMAN	36	103	62
KLK9_HUMAN	20	119	42
KLKB1_HUMAN	11	99	54
KLOTB_HUMAN	12	126	41
KLOT_HUMAN	5	95	48
KLRB1_HUMAN	55	103	61
KLRD1_HUMAN	108	106	99
KLRF1_HUMAN	7	110	38
KLRF2_HUMAN	1	84	52
KLRG1_HUMAN	7	117	54
KLRG2_HUMAN	114	105	103
KMCP1_HUMAN	41	116	60
KMO_HUMAN	7	110	32
KNG1_HUMAN	53	97	63
KNTC1_HUMAN	114	113	78
KPB1_HUMAN	46	93	58
KPB2_HUMAN	71	116	53
KPBB_HUMAN	65	106	56
KPCA_HUMAN	261	108	178
KPCB_HUMAN	190	102	126
KPCD1_HUMAN	179	126	119
KPCD2_HUMAN	268	83	197
KPCD3_HUMAN	48	111	68
KPCD_HUMAN	222	99	154
KPCE_HUMAN	131	119	98
KPCG_HUMAN	58	110	57
KPCI_HUMAN	305	103	206
KPCL_HUMAN	26	115	61
KPCT_HUMAN	52	105	53
KPCZ_HUMAN	366	105	250
KPRA_HUMAN	109	108	87
KPRB_HUMAN	109	97	78
KPRP_HUMAN	301	105	240
KPSH1_HUMAN	61	94	74
KPSH2_HUMAN	64	108	59
KPTN_HUMAN	56	105	64
KPYM_HUMAN	645	109	560
KPYR_HUMAN	53	95	74
KR101_HUMAN	149	111	105
KR103_HUMAN	289	87	189
KR104_HUMAN	11	103	45
KR105_HUMAN	158	99	117
KR106_HUMAN	87	83	80
KR107_HUMAN	291	88	202
KR108_HUMAN	400	109	326
KR109_HUMAN	240	105	155
KR10A_HUMAN	25	96	51
KR10B_HUMAN	62	100	57
KR111_HUMAN	111	108	82
KR121_HUMAN	61	105	74
KR122_HUMAN	123	102	103
KR123_HUMAN	145	98	83
KR124_HUMAN	49	122	59
KR131_HUMAN	43	108	72
KR132_HUMAN	99	99	74
KR133_HUMAN	83	98	87
KR134_HUMAN	8	97	40
KR151_HUMAN	84	107	94
KR171_HUMAN	47	110	52
KR191_HUMAN	43	100	61
KR192_HUMAN	46	104	64
KR193_HUMAN	17	124	57
KR194_HUMAN	10	105	54
KR195_HUMAN	96	102	68
KR196_HUMAN	78	94	70
KR197_HUMAN	115	90	85
KR212_HUMAN	30	111	58
KR221_HUMAN	14	121	59
KR231_HUMAN	8	97	43
KR261_HUMAN	94	97	88
KR411_HUMAN	89	80	87
KR412_HUMAN	159	93	115
KR41X_HUMAN	14	109	50
KR511_HUMAN	63	107	67
KRA11_HUMAN	219	114	152
KRA13_HUMAN	186	99	137
KRA15_HUMAN	48	112	58
KRA22_HUMAN	2	108	35
KRA23_HUMAN	9	88	48
KRA24_HUMAN	98	114	81
KRA31_HUMAN	86	99	73
KRA32_HUMAN	77	97	72
KRA33_HUMAN	81	101	78
KRA41_HUMAN	29	97	44
KRA42_HUMAN	128	112	94
KRA44_HUMAN	78	124	68
KRA45_HUMAN	72	106	70
KRA47_HUMAN	12	121	47
KRA51_HUMAN	12	116	46
KRA52_HUMAN	60	110	56
KRA53_HUMAN	64	97	69
KRA54_HUMAN	62	106	74
KRA56_HUMAN	94	113	77
KRA57_HUMAN	70	106	61
KRA58_HUMAN	6	110	43
KRA59_HUMAN	198	113	139
KRA61_HUMAN	101	108	81
KRA62_HUMAN	185	106	154
KRA63_HUMAN	161	104	116
KRA71_HUMAN	37	101	62
KRA81_HUMAN	78	110	82
KRA92_HUMAN	145	108	104
KRA93_HUMAN	138	106	98
KRA94_HUMAN	30	102	53
KRA98_HUMAN	97	100	85
KRA99_HUMAN	1	109	41
KRBA1_HUMAN	58	88	67
KRBA2_HUMAN	9	101	45
KRCC1_HUMAN	9	125	46
KREM1_HUMAN	3	106	45
KREM2_HUMAN	28	102	56
KRI1_HUMAN	238	93	140
KRIP1_HUMAN	1	112	47
KRIT1_HUMAN	43	85	49
KRR1_HUMAN	417	89	314
KRT34_HUMAN	289	105	212
KRT35_HUMAN	113	112	101
KRT36_HUMAN	73	113	68
KRT37_HUMAN	105	116	85
KRT38_HUMAN	172	109	126
KRT81_HUMAN	53	110	59
KRT82_HUMAN	42	113	58
KRT83_HUMAN	72	114	74
KRT84_HUMAN	52	106	51
KRT85_HUMAN	73	100	76
KRT86_HUMAN	85	100	76
KS6A1_HUMAN	311	96	206
KS6A2_HUMAN	188	108	136
KS6A3_HUMAN	192	96	150
KS6A4_HUMAN	101	89	101
KS6A5_HUMAN	112	109	101
KS6A6_HUMAN	68	98	77
KS6B1_HUMAN	115	106	82
KS6B2_HUMAN	256	101	160
KS6C1_HUMAN	31	109	57
KSR1_HUMAN	461	115	343
KSR2_HUMAN	145	97	90
KSYK_HUMAN	224	102	166
KT222_HUMAN	37	100	48
KT33A_HUMAN	21	113	60
KT33B_HUMAN	104	108	88
KT3K_HUMAN	63	104	57
KTAP2_HUMAN	74	94	62
KTEL1_HUMAN	106	106	83
KTHY_HUMAN	53	121	61
KTI12_HUMAN	31	102	53
KTN1_HUMAN	355	109	260
KTNA1_HUMAN	82	108	75
KTNB1_HUMAN	82	119	67
KTU_HUMAN	100	106	96
KV110_HUMAN	16	117	45
KV401_HUMAN	22	94	50
KXDL1_HUMAN	186	98	131
KYNU_HUMAN	68	93	83
KY_HUMAN	3	118	41
L10K_HUMAN	29	82	42
L12R1_HUMAN	45	106	62
L1CAM_HUMAN	66	116	63
L2GL1_HUMAN	160	108	121
L2GL2_HUMAN	144	105	102
L2HDH_HUMAN	62	109	72
L37A1_HUMAN	2	94	43
L37A2_HUMAN	8	97	45
L37A3_HUMAN	2	100	34
L37A4_HUMAN	1	108	39
L3R2A_HUMAN	2	107	39
L9056_HUMAN	10	98	55
LACB2_HUMAN	83	97	76
LACC1_HUMAN	55	109	72
LACE1_HUMAN	21	114	55
LACRT_HUMAN	97	132	84
LACTB_HUMAN	215	101	135
LAD1_HUMAN	59	115	61
LAG3_HUMAN	16	96	47
LAGE3_HUMAN	139	115	104
LAIR1_HUMAN	6	104	45
LAIR2_HUMAN	63	97	66
LALBA_HUMAN	3	96	47
LAMA1_HUMAN	57	106	58
LAMA2_HUMAN	23	97	41
LAMA3_HUMAN	58	124	65
LAMA4_HUMAN	45	90	40
LAMA5_HUMAN	122	106	96
LAMB1_HUMAN	147	104	97
LAMB2_HUMAN	132	120	91
LAMB3_HUMAN	103	95	82
LAMB4_HUMAN	4	92	38
LAMC1_HUMAN	149	112	124
LAMC2_HUMAN	36	93	50
LAMC3_HUMAN	41	116	66
LAMP1_HUMAN	641	101	557
LAMP2_HUMAN	595	79	554
LAMP3_HUMAN	484	99	406
LAMP5_HUMAN	8	103	46
LANC1_HUMAN	126	101	78
LANC2_HUMAN	92	92	73
LANC3_HUMAN	2	95	38
LAP2A_HUMAN	760	89	736
LAP2B_HUMAN	65	132	60
LAP2_HUMAN	216	112	106
LAP4A_HUMAN	42	112	56
LAP4B_HUMAN	61	108	62
LAPM5_HUMAN	62	103	55
LAR1B_HUMAN	145	107	112
LAR4B_HUMAN	249	86	159
LARG2_HUMAN	51	100	71
LARGE_HUMAN	26	116	49
LARP1_HUMAN	573	99	471
LARP4_HUMAN	227	119	169
LARP6_HUMAN	7	105	51
LARP7_HUMAN	1023	93	1257
LAS1L_HUMAN	189	100	120
LAS2_HUMAN	11	110	40
LASP1_HUMAN	242	101	163
LAT1_HUMAN	229	95	143
LAT2_HUMAN	74	99	59
LAT3_HUMAN	40	92	61
LAT4_HUMAN	65	112	68
LATS1_HUMAN	429	94	321
LATS2_HUMAN	281	109	194
LAT_HUMAN	112	102	73
LAX1_HUMAN	9	95	40
LAYN_HUMAN	9	91	36
LA_HUMAN	478	81	372
LBH_HUMAN	22	127	49
LBN_HUMAN	87	100	65
LBP_HUMAN	19	95	43
LBR_HUMAN	317	103	194
LBX1_HUMAN	26	89	47
LBX2_HUMAN	7	97	35
LC1L1_HUMAN	4	116	39
LC7L2_HUMAN	394	102	273
LC7L3_HUMAN	197	103	132
LCA5L_HUMAN	35	106	53
LCA5_HUMAN	124	124	96
LCAP_HUMAN	229	99	119
LCAT_HUMAN	5	107	53
LCE1A_HUMAN	81	90	74
LCE1B_HUMAN	80	99	84
LCE1C_HUMAN	75	112	79
LCE1D_HUMAN	67	110	62
LCE1E_HUMAN	65	108	71
LCE1F_HUMAN	88	100	71
LCE2A_HUMAN	64	97	75
LCE2B_HUMAN	79	110	62
LCE2C_HUMAN	89	112	85
LCE2D_HUMAN	70	93	63
LCE3A_HUMAN	75	104	62
LCE3B_HUMAN	45	100	56
LCE3C_HUMAN	64	110	70
LCE3D_HUMAN	70	99	58
LCE3E_HUMAN	57	109	53
LCE4A_HUMAN	78	110	75
LCE5A_HUMAN	86	105	79
LCHN_HUMAN	24	103	59
LCK_HUMAN	413	113	282
LCLT1_HUMAN	102	76	77
LCMT1_HUMAN	29	117	48
LCMT2_HUMAN,TYW4_HUMAN	30	101	58
LCN10_HUMAN	1	111	53
LCN12_HUMAN	3	122	36
LCN15_HUMAN	12	105	30
LCN1_HUMAN	106	88	89
LCN6_HUMAN	125	89	87
LCN8_HUMAN	8	111	51
LCN9_HUMAN	26	125	51
LCNL1_HUMAN	2	107	47
LCORL_HUMAN	11	108	37
LCOR_HUMAN	226	120	147
LCP2_HUMAN	49	108	54
LCTL_HUMAN	30	105	47
LDB1_HUMAN	121	100	85
LDB2_HUMAN	32	85	42
LDB3_HUMAN	26	99	42
LDH6A_HUMAN	44	109	53
LDH6B_HUMAN	49	87	67
LDHA_HUMAN	396	100	293
LDHB_HUMAN	335	93	247
LDHC_HUMAN	42	110	60
LDHD_HUMAN	48	122	60
LDLR_HUMAN	155	100	117
LDOC1_HUMAN	112	101	98
LDOCL_HUMAN	13	104	50
LEAP2_HUMAN	10	94	60
LECT1_HUMAN	7	91	41
LECT2_HUMAN	32	98	51
LEF1_HUMAN	67	106	78
LEG12_HUMAN	14	115	38
LEG1_HUMAN	386	117	273
LEG2_HUMAN	10	110	50
LEG3_HUMAN	422	108	325
LEG4_HUMAN	25	102	54
LEG7_HUMAN	202	97	157
LEG8_HUMAN	188	87	142
LEG9B_HUMAN	45	110	60
LEG9C_HUMAN	34	90	60
LEG9_HUMAN	618	92	541
LEGL_HUMAN	27	99	45
LEKR1_HUMAN	5	113	49
LELP1_HUMAN	16	93	40
LEMD1_HUMAN	14	108	57
LEMD2_HUMAN	123	120	91
LENEP_HUMAN	10	100	43
LENG1_HUMAN	119	108	91
LENG8_HUMAN	172	100	115
LENG9_HUMAN	6	122	51
LEO1_HUMAN	137	93	99
LEPR_HUMAN	40	114	50
LEP_HUMAN	19	101	49
LERL1_HUMAN	81	87	68
LETM1_HUMAN	259	102	157
LETM2_HUMAN	78	100	79
LEU1_HUMAN	22	108	55
LEU2_HUMAN	4	114	45
LEU7_HUMAN	1	107	38
LEUK_HUMAN	57	90	65
LEUTX_HUMAN	46	109	64
LFA3_HUMAN	28	96	52
LFG1_HUMAN	13	104	43
LFG2_HUMAN	10	107	41
LFG3_HUMAN	28	124	49
LFG4_HUMAN	36	82	64
LFNG_HUMAN	14	111	58
LFTY1_HUMAN	3	125	35
LFTY2_HUMAN	5	89	37
LG3BP_HUMAN	390	105	272
LGAT1_HUMAN	74	110	65
LGI1_HUMAN	54	114	63
LGI2_HUMAN	5	103	43
LGI3_HUMAN	2	101	34
LGMN_HUMAN	50	97	44
LGR4_HUMAN	264	92	162
LGR5_HUMAN	14	121	42
LGR6_HUMAN	3	120	42
LGSN_HUMAN	4	97	48
LGUL_HUMAN	107	95	69
LHFP_HUMAN	6	123	49
LHPL1_HUMAN	12	95	56
LHPL2_HUMAN	38	94	43
LHPL3_HUMAN	3	104	41
LHPL4_HUMAN	31	110	50
LHX1_HUMAN	98	123	71
LHX2_HUMAN	176	104	115
LHX3_HUMAN	178	96	117
LHX4_HUMAN	165	96	113
LHX6_HUMAN	56	105	62
LHX8_HUMAN	51	99	55
LHX9_HUMAN	13	115	49
LIAS_HUMAN	21	101	52
LICH_HUMAN	42	94	51
LIFR_HUMAN	47	116	55
LIF_HUMAN	8	109	42
LIGO1_HUMAN	61	107	52
LIGO2_HUMAN	16	114	44
LIGO4_HUMAN	2	123	44
LIM3L_HUMAN	10	102	48
LIMA1_HUMAN	450	100	327
LIMC1_HUMAN	105	126	88
LIMD1_HUMAN	127	104	85
LIMD2_HUMAN	12	106	38
LIME1_HUMAN	61	117	76
LIMK1_HUMAN	89	106	76
LIMK2_HUMAN	85	99	68
LIMS1_HUMAN	97	113	71
LIMS2_HUMAN	21	90	44
LIMS3_HUMAN	12	102	36
LIN37_HUMAN	102	100	96
LIN41_HUMAN	63	100	75
LIN52_HUMAN	48	105	59
LIN54_HUMAN	112	96	75
LIN7A_HUMAN	62	92	55
LIN7B_HUMAN	46	97	54
LIN7C_HUMAN	119	99	80
LIN9_HUMAN	116	125	91
LINES_HUMAN	5	127	46
LIPA1_HUMAN	217	87	155
LIPA2_HUMAN	35	104	59
LIPA3_HUMAN	44	92	51
LIPA4_HUMAN	11	121	33
LIPB1_HUMAN	188	119	116
LIPB2_HUMAN	44	110	75
LIPB_HUMAN	2	101	46
LIPC_HUMAN	8	95	41
LIPE_HUMAN	66	99	62
LIPG_HUMAN	12	95	55
LIPH_HUMAN	56	105	54
LIPI_HUMAN	2	100	38
LIPK_HUMAN	7	100	40
LIPL_HUMAN	39	91	56
LIPM_HUMAN	1	113	59
LIPP_HUMAN	13	102	37
LIPR1_HUMAN	55	108	55
LIPR2_HUMAN	18	108	58
LIPS_HUMAN	16	115	45
LIPT2_HUMAN	1	100	43
LIPT_HUMAN	17	107	48
LIRA1_HUMAN	1	89	40
LIRA3_HUMAN	10	104	51
LIRA4_HUMAN	1	131	50
LIRA5_HUMAN	31	101	50
LIRA6_HUMAN	2	97	42
LIRB1_HUMAN	25	110	41
LIRB2_HUMAN	26	97	46
LIRB3_HUMAN	16	91	37
LIRB4_HUMAN	37	126	55
LIRB5_HUMAN	2	117	47
LIS1_HUMAN	223	116	145
LITAF_HUMAN	77	84	59
LITD1_HUMAN	332	99	219
LITFL_HUMAN	16	99	51
LIX1L_HUMAN	14	108	56
LIX1_HUMAN	5	104	41
LKHA4_HUMAN	74	89	62
LLPH_HUMAN	145	113	109
LLR1_HUMAN	39	88	60
LMA1L_HUMAN	9	101	46
LMA2L_HUMAN	117	92	97
LMAN1_HUMAN	453	105	335
LMAN2_HUMAN	135	117	93
LMBD1_HUMAN	24	103	45
LMBD2_HUMAN	83	91	87
LMBL1_HUMAN	112	98	86
LMBL2_HUMAN	214	98	121
LMBL3_HUMAN	126	128	109
LMBL4_HUMAN	21	100	53
LMBR1_HUMAN	89	108	81
LMBRL_HUMAN	942	100	1127
LMCD1_HUMAN	43	97	44
LMF1_HUMAN	52	105	64
LMF2_HUMAN	125	116	89
LMIP_HUMAN	1	99	41
LMLN_HUMAN	32	116	42
LMNA_HUMAN	1261	94	1362
LMNB1_HUMAN	620	107	519
LMNB2_HUMAN	238	115	145
LMO3_HUMAN	147	94	101
LMO4_HUMAN	159	95	103
LMO7_HUMAN	191	106	110
LMOD1_HUMAN	9	119	47
LMOD2_HUMAN	2	105	39
LMOD3_HUMAN	6	98	42
LMTK1_HUMAN	193	111	139
LMTK2_HUMAN	123	98	83
LMTK3_HUMAN	96	100	94
LMX1A_HUMAN	4	92	35
LMX1B_HUMAN	33	93	56
LN28A_HUMAN	752	95	704
LN28B_HUMAN	200	90	111
LNP1_HUMAN	24	96	49
LNP_HUMAN	318	117	227
LNX1_HUMAN	560	115	500
LNX2_HUMAN	118	109	89
LONF1_HUMAN	114	114	77
LONF2_HUMAN	28	93	53
LONF3_HUMAN	21	109	55
LONM_HUMAN	489	109	378
LONP2_HUMAN	65	87	81
LORI_HUMAN	34	98	50
LOX12_HUMAN	10	106	47
LOX15_HUMAN	12	122	56
LOX5_HUMAN	78	120	72
LOXE3_HUMAN	51	117	55
LOXH1_HUMAN	6	93	45
LOXL1_HUMAN	20	96	44
LOXL2_HUMAN	434	102	313
LOXL3_HUMAN	29	97	54
LOXL4_HUMAN	103	101	91
LPAL2_HUMAN	1	92	40
LPAR1_HUMAN	517	113	423
LPAR2_HUMAN	118	116	100
LPAR3_HUMAN	66	112	70
LPAR4_HUMAN	36	98	67
LPAR5_HUMAN	3	101	44
LPAR6_HUMAN	66	96	70
LPCT4_HUMAN	54	80	52
LPD6B_HUMAN	36	101	41
LPHN1_HUMAN,AGRL1_HUMAN	94	116	89
LPHN2_HUMAN,AGRL2_HUMAN	114	102	88
LPHN3_HUMAN,AGRL3_HUMAN	32	102	54
LPH_HUMAN	6	102	53
LPIN1_HUMAN	36	122	45
LPIN2_HUMAN	26	109	51
LPIN3_HUMAN	74	112	79
LPP1_HUMAN,PLPP1_HUMAN	21	119	49
LPP2_HUMAN,PLPP2_HUMAN	22	95	41
LPP3_HUMAN,PLPP3_HUMAN	43	102	41
LPP60_HUMAN	14	123	38
LPPR1_HUMAN	20	101	47
LPPR2_HUMAN	69	115	82
LPPR3_HUMAN	21	110	55
LPPR4_HUMAN,PLPR4_HUMAN	14	100	38
LPPR5_HUMAN,PLPR5_HUMAN	1	93	37
LPPRC_HUMAN	781	100	814
LPP_HUMAN	123	100	87
LPXN_HUMAN	84	119	95
LR10L_HUMAN	3	112	47
LR14B_HUMAN	3	94	43
LR16A_HUMAN	87	91	61
LR16B_HUMAN	1	96	35
LR16C_HUMAN	25	87	37
LR2BP_HUMAN	28	102	50
LR37B_HUMAN	7	107	44
LRAD1_HUMAN	217	124	171
LRAD2_HUMAN	1	98	37
LRAD3_HUMAN	6	93	49
LRAT_HUMAN	6	121	52
LRBA_HUMAN	193	104	131
LRC10_HUMAN	36	109	56
LRC14_HUMAN	23	89	41
LRC15_HUMAN	161	109	105
LRC17_HUMAN	20	107	49
LRC18_HUMAN	6	108	28
LRC19_HUMAN	1	95	34
LRC20_HUMAN	24	110	43
LRC23_HUMAN	13	101	56
LRC24_HUMAN	15	117	39
LRC25_HUMAN	183	103	139
LRC26_HUMAN	1	110	36
LRC27_HUMAN	30	92	57
LRC28_HUMAN	12	111	36
LRC29_HUMAN	29	99	65
LRC30_HUMAN	1	113	45
LRC31_HUMAN	206	95	137
LRC32_HUMAN	54	97	61
LRC33_HUMAN,NRROS_HUMAN	25	90	51
LRC34_HUMAN	3	87	44
LRC36_HUMAN	13	111	52
LRC39_HUMAN	15	109	45
LRC3B_HUMAN	13	104	52
LRC40_HUMAN	95	112	68
LRC41_HUMAN	86	129	73
LRC42_HUMAN	20	107	48
LRC43_HUMAN	2	90	41
LRC45_HUMAN	20	95	44
LRC46_HUMAN	48	109	63
LRC47_HUMAN	130	98	69
LRC48_HUMAN,DRC3_HUMAN	22	111	40
LRC49_HUMAN	106	115	86
LRC4B_HUMAN	24	83	59
LRC4C_HUMAN	83	103	70
LRC51_HUMAN	4	109	43
LRC52_HUMAN	28	90	68
LRC53_HUMAN	3	96	35
LRC55_HUMAN	64	113	61
LRC56_HUMAN	12	103	39
LRC57_HUMAN	37	124	50
LRC58_HUMAN	8	100	47
LRC59_HUMAN	874	96	962
LRC61_HUMAN	44	103	59
LRC63_HUMAN	1	93	38
LRC66_HUMAN	3	100	33
LRC69_HUMAN	1	94	33
LRC71_HUMAN	2	99	45
LRC73_HUMAN	42	100	45
LRC8A_HUMAN	101	104	77
LRC8B_HUMAN	36	103	57
LRC8C_HUMAN	35	114	47
LRC8D_HUMAN	34	97	46
LRC8E_HUMAN	105	97	86
LRCC1_HUMAN	34	99	49
LRCH1_HUMAN	70	107	60
LRCH2_HUMAN	71	114	74
LRCH3_HUMAN	116	101	82
LRCH4_HUMAN	42	92	54
LRFN1_HUMAN	137	106	112
LRFN2_HUMAN	11	79	49
LRFN3_HUMAN	62	102	57
LRFN4_HUMAN	93	99	73
LRFN5_HUMAN	5	110	56
LRGUK_HUMAN	2	105	50
LRIF1_HUMAN	255	88	171
LRIG1_HUMAN	67	102	56
LRIG2_HUMAN	66	94	75
LRIG3_HUMAN	61	99	67
LRIQ1_HUMAN	45	101	72
LRIQ3_HUMAN	8	103	48
LRIQ4_HUMAN	5	99	42
LRIT3_HUMAN	4	116	35
LRMP_HUMAN	11	109	34
LRN4L_HUMAN	62	101	55
LRP10_HUMAN	140	103	107
LRP11_HUMAN	46	99	52
LRP12_HUMAN	79	87	70
LRP1B_HUMAN	72	102	62
LRP1_HUMAN	184	107	121
LRP2_HUMAN	152	101	114
LRP3_HUMAN	51	95	53
LRP4_HUMAN	85	101	79
LRP5L_HUMAN	3	91	45
LRP5_HUMAN	112	102	83
LRP6_HUMAN	150	111	105
LRP8_HUMAN	85	103	69
LRR70_HUMAN	3	88	53
LRRC1_HUMAN	103	98	75
LRRC2_HUMAN	3	87	40
LRRC3_HUMAN	18	118	47
LRRC4_HUMAN	20	121	42
LRRC6_HUMAN	18	85	39
LRRC7_HUMAN	37	91	55
LRRC9_HUMAN	5	96	34
LRRD1_HUMAN	1	90	56
LRRF1_HUMAN	164	117	108
LRRF2_HUMAN	129	99	87
LRRK1_HUMAN	103	99	72
LRRK2_HUMAN	1614	101	2501
LRRN1_HUMAN	31	107	48
LRRN2_HUMAN	30	116	46
LRRN3_HUMAN	5	99	36
LRRN4_HUMAN	7	104	45
LRRT1_HUMAN	59	93	77
LRRT2_HUMAN	20	137	59
LRRT3_HUMAN	40	94	66
LRRT4_HUMAN	53	86	70
LRSM1_HUMAN	99	85	73
LRTM1_HUMAN	7	105	51
LRTM2_HUMAN	9	106	54
LRWD1_HUMAN	110	91	81
LS14A_HUMAN	263	100	176
LS14B_HUMAN	111	116	77
LSAMP_HUMAN	15	113	46
LSG1_HUMAN	184	104	119
LSHB_HUMAN	5	97	38
LSHR_HUMAN	9	106	46
LSM10_HUMAN	18	105	35
LSM11_HUMAN	46	97	43
LSM12_HUMAN	177	111	109
LSM1_HUMAN	113	92	81
LSM2_HUMAN	177	105	114
LSM3_HUMAN	122	100	93
LSM4_HUMAN	177	99	132
LSM5_HUMAN	72	88	79
LSM6_HUMAN	88	99	77
LSM7_HUMAN	104	98	89
LSMD1_HUMAN	40	92	50
LSP1_HUMAN	39	105	68
LSR_HUMAN	204	99	128
LST1_HUMAN	6	98	41
LST2_HUMAN	2	98	40
LST8_HUMAN	107	93	74
LT4R1_HUMAN	3	109	38
LT4R2_HUMAN	48	113	61
LTBP1_HUMAN	90	104	88
LTBP2_HUMAN	110	86	90
LTBP3_HUMAN	30	97	50
LTBP4_HUMAN	76	96	71
LTC4S_HUMAN	11	102	37
LTK_HUMAN	151	95	116
LTMD1_HUMAN	75	107	68
LTN1_HUMAN	220	93	138
LTOR1_HUMAN	739	88	737
LTOR2_HUMAN	112	121	80
LTOR3_HUMAN	151	86	103
LTV1_HUMAN	202	107	131
LUC7L_HUMAN	247	85	175
LUM_HUMAN	38	98	45
LUR1L_HUMAN	20	102	50
LURA1_HUMAN	140	118	120
LUZP1_HUMAN	205	99	132
LUZP2_HUMAN	4	115	54
LUZP4_HUMAN	97	102	81
LUZP6_HUMAN	1	94	31
LX12B_HUMAN	119	102	99
LX15B_HUMAN	21	99	48
LXN_HUMAN	41	119	58
LY10L_HUMAN,SP14L_HUMAN	7	106	44
LY10_HUMAN,SP140_HUMAN	9	106	38
LY65B_HUMAN	27	97	55
LY65C_HUMAN	15	112	43
LY66C_HUMAN	11	110	43
LY66D_HUMAN	8	106	40
LY66F_HUMAN	5	111	54
LY6D_HUMAN	18	104	50
LY6E_HUMAN	14	104	41
LY6H_HUMAN	62	83	59
LY6K_HUMAN	5	91	42
LY75_HUMAN	4	103	47
LY86_HUMAN	258	107	190
LY96_HUMAN	9	98	39
LY9_HUMAN	10	88	40
LYAG_HUMAN	138	95	97
LYAM1_HUMAN	14	117	40
LYAM2_HUMAN	20	96	35
LYAM3_HUMAN	9	104	44
LYAR_HUMAN	441	93	291
LYG1_HUMAN	3	84	40
LYG2_HUMAN	61	125	65
LYL1_HUMAN	10	105	42
LYNX1_HUMAN	3	110	39
LYN_HUMAN	704	124	637
LYOX_HUMAN	55	101	85
LYPA1_HUMAN	73	111	64
LYPA2_HUMAN	59	107	67
LYPD1_HUMAN	133	93	119
LYPD2_HUMAN	8	99	34
LYPD3_HUMAN	143	96	113
LYPD4_HUMAN	123	100	97
LYPD5_HUMAN	12	119	52
LYPD6_HUMAN	31	99	46
LYPL1_HUMAN	91	89	86
LYRIC_HUMAN	354	113	243
LYRM1_HUMAN	18	108	50
LYRM2_HUMAN	37	100	51
LYRM4_HUMAN	86	98	73
LYRM5_HUMAN	36	98	59
LYRM7_HUMAN	68	114	55
LYSC_HUMAN	156	103	120
LYSM1_HUMAN	13	110	41
LYSM2_HUMAN	15	107	50
LYSM3_HUMAN	13	117	47
LYSM4_HUMAN	18	101	47
LYST_HUMAN	57	113	65
LYVE1_HUMAN	24	111	73
LYZL1_HUMAN	121	101	97
LYZL2_HUMAN	85	84	74
LYZL4_HUMAN	1	91	37
LYZL6_HUMAN	37	114	43
LZIC_HUMAN	25	104	44
LZTL1_HUMAN	50	106	63
LZTR1_HUMAN	115	99	71
LZTS1_HUMAN	120	102	100
LZTS2_HUMAN	523	116	433
M10L1_HUMAN	3	114	44
M17L2_HUMAN	6	102	39
M18BP_HUMAN	56	101	70
M1IP1_HUMAN	77	105	73
M21D1_HUMAN,CGAS_HUMAN	333	119	220
M21D2_HUMAN	103	95	88
M2GD_HUMAN	6	115	40
M2OM_HUMAN	278	118	186
M3K10_HUMAN	39	92	55
M3K11_HUMAN	59	99	67
M3K12_HUMAN	19	90	54
M3K13_HUMAN	44	104	67
M3K14_HUMAN	231	88	131
M3K15_HUMAN	19	108	50
M3K1_HUMAN	176	90	105
M3K2_HUMAN	69	103	64
M3K3_HUMAN	204	93	146
M3K4_HUMAN	88	110	69
M3K5_HUMAN	141	112	120
M3K6_HUMAN	51	96	66
M3K7_HUMAN	390	110	274
M3K8_HUMAN	40	110	71
M3K9_HUMAN	30	95	62
M3KL4_HUMAN	111	102	86
M4A10_HUMAN	7	118	40
M4A12_HUMAN	9	102	53
M4A13_HUMAN	63	100	66
M4A14_HUMAN	6	135	43
M4A15_HUMAN	39	117	69
M4A4A_HUMAN	42	95	52
M4A6A_HUMAN	5	99	37
M4A6E_HUMAN	7	103	53
M4K1_HUMAN	120	105	86
M4K2_HUMAN	96	119	66
M4K3_HUMAN	82	88	70
M4K4_HUMAN	249	120	158
M4K5_HUMAN	95	85	83
MA13P_HUMAN	1	103	48
MA1A1_HUMAN	71	107	71
MA1A2_HUMAN	58	103	65
MA1B1_HUMAN	82	91	79
MA1C1_HUMAN	6	93	41
MA2A1_HUMAN	78	94	85
MA2A2_HUMAN	97	112	79
MA2B1_HUMAN	68	116	67
MA2B2_HUMAN	73	106	66
MA2C1_HUMAN	39	106	58
MA6D1_HUMAN	2	92	42
MA7D1_HUMAN	177	80	139
MA7D2_HUMAN	72	116	60
MA7D3_HUMAN	139	102	104
MAAI_HUMAN	30	93	46
MABP1_HUMAN	70	106	61
MACC1_HUMAN	15	104	41
MACD1_HUMAN	61	116	72
MACD2_HUMAN	8	126	37
MACF1_HUMAN	230	104	138
MACOI_HUMAN	211	101	139
MAD1_HUMAN	37	104	64
MAD3_HUMAN	38	111	45
MAD4_HUMAN	11	88	47
MADCA_HUMAN	5	102	52
MADD_HUMAN	92	106	67
MADL2_HUMAN	11	91	49
MAEA_HUMAN	159	103	112
MAEL_HUMAN	20	108	43
MAF1_HUMAN	32	107	47
MAFA_HUMAN	16	100	42
MAFB_HUMAN	247	100	170
MAFF_HUMAN	47	105	54
MAFG_HUMAN	42	103	64
MAFIP_HUMAN	3	99	50
MAFK_HUMAN	34	104	41
MAF_HUMAN	58	112	68
MAGA1_HUMAN	95	111	105
MAGA2_HUMAN	35	103	48
MAGA3_HUMAN	133	112	97
MAGA4_HUMAN	60	111	44
MAGA6_HUMAN	136	94	102
MAGA8_HUMAN	170	94	126
MAGA9_HUMAN	215	103	154
MAGAA_HUMAN	109	119	86
MAGAB_HUMAN	133	118	107
MAGAC_HUMAN	29	86	43
MAGB1_HUMAN	6	111	45
MAGB2_HUMAN	409	107	276
MAGB3_HUMAN	12	100	43
MAGB4_HUMAN	58	99	85
MAGB5_HUMAN	1	131	36
MAGB6_HUMAN	10	113	42
MAGBA_HUMAN	66	113	68
MAGBG_HUMAN	1	107	39
MAGBI_HUMAN	10	97	51
MAGC1_HUMAN	17	98	49
MAGC2_HUMAN	30	102	49
MAGC3_HUMAN	7	109	48
MAGD1_HUMAN	315	104	220
MAGD2_HUMAN	267	111	179
MAGD4_HUMAN	43	123	60
MAGE1_HUMAN	31	103	49
MAGE2_HUMAN	10	100	56
MAGF1_HUMAN	34	91	46
MAGG1_HUMAN	39	110	68
MAGH1_HUMAN	20	85	44
MAGI1_HUMAN	180	95	131
MAGI2_HUMAN	43	91	61
MAGI3_HUMAN	64	99	67
MAGIX_HUMAN	33	113	48
MAGL2_HUMAN	58	98	50
MAGT1_HUMAN	330	93	229
MAG_HUMAN	16	96	54
MAK16_HUMAN	154	100	98
MAK_HUMAN	41	113	58
MAL2_HUMAN	65	101	61
MALAT_HUMAN	135	94	118
MALD1_HUMAN	5	109	35
MALD2_HUMAN	72	101	55
MALD3_HUMAN	3	98	33
MALL_HUMAN	152	91	112
MALT1_HUMAN	70	89	84
MAL_HUMAN	89	86	75
MAMC2_HUMAN	10	108	50
MAMD1_HUMAN	7	114	31
MAML1_HUMAN	70	95	60
MAML2_HUMAN	16	87	39
MAML3_HUMAN	17	101	43
MAN1_HUMAN	291	100	191
MANBA_HUMAN	84	103	78
MANBL_HUMAN	28	112	57
MANEA_HUMAN	65	111	70
MANEL_HUMAN	46	89	55
MANF_HUMAN	88	107	92
MANS1_HUMAN	109	122	93
MAOM_HUMAN	110	95	74
MAON_HUMAN	3	119	45
MAOX_HUMAN	74	103	82
MAP1A_HUMAN	109	85	89
MAP1B_HUMAN	544	104	450
MAP1S_HUMAN	106	125	77
MAP2_HUMAN,MTAP2_HUMAN	77	113	58
MAP4_HUMAN	328	99	221
MAP6_HUMAN	22	105	46
MAP7_HUMAN	250	97	184
MAP9_HUMAN	53	112	46
MAPK2_HUMAN	111	98	61
MAPK3_HUMAN	46	101	39
MAPK5_HUMAN	52	117	62
MAR1_HUMAN	6	100	38
MARCO_HUMAN	9	95	38
MARCS_HUMAN	608	122	569
MARE1_HUMAN	531	111	488
MARE2_HUMAN	128	114	92
MARE3_HUMAN	230	106	174
MARF1_HUMAN	128	83	100
MARH1_HUMAN	66	111	67
MARH2_HUMAN	71	96	60
MARH3_HUMAN	48	90	57
MARH4_HUMAN	108	98	86
MARH5_HUMAN	209	102	127
MARH6_HUMAN	49	89	54
MARH7_HUMAN	99	101	81
MARH8_HUMAN	60	99	63
MARH9_HUMAN	6	93	42
MARHA_HUMAN	7	107	40
MARHB_HUMAN	1	103	31
MARK1_HUMAN	84	105	80
MARK2_HUMAN	274	100	197
MARK3_HUMAN	254	118	157
MARK4_HUMAN	69	112	56
MAS1L_HUMAN	1	121	30
MASP1_HUMAN	37	120	52
MASP2_HUMAN	18	109	47
MAST1_HUMAN	226	97	165
MAST2_HUMAN	54	103	73
MAST3_HUMAN	128	117	107
MAST4_HUMAN	32	82	42
MASTR_HUMAN	1	108	42
MASU1_HUMAN	180	91	132
MAS_HUMAN	87	113	74
MAT1_HUMAN	147	111	124
MAT2B_HUMAN	109	117	67
MATK_HUMAN	29	116	41
MATN1_HUMAN	9	99	45
MATN2_HUMAN	108	97	79
MATN3_HUMAN	27	93	42
MATN4_HUMAN	22	107	50
MATR3_HUMAN	609	103	550
MAVS_HUMAN	345	102	245
MAX_HUMAN	230	106	156
MAZ_HUMAN	91	109	81
MB211_HUMAN	13	96	46
MB212_HUMAN	142	97	116
MB213_HUMAN	40	106	51
MB3L1_HUMAN	67	103	67
MB3L2_HUMAN	38	118	55
MB3L3_HUMAN	1	121	32
MBB1A_HUMAN	455	105	355
MBD1_HUMAN	89	100	95
MBD2_HUMAN	146	106	105
MBD3_HUMAN	300	111	194
MBD4_HUMAN	82	99	95
MBD5_HUMAN	104	105	80
MBD6_HUMAN	93	122	96
MBIP1_HUMAN	171	95	119
MBL2_HUMAN	43	116	49
MBLC1_HUMAN	15	110	44
MBLC2_HUMAN	81	115	77
MBNL1_HUMAN	251	100	181
MBNL2_HUMAN	28	108	67
MBNL3_HUMAN	13	100	42
MBOA1_HUMAN	32	98	53
MBOA2_HUMAN	31	100	60
MBOA5_HUMAN	91	79	73
MBOA7_HUMAN	200	125	135
MBPHL_HUMAN	13	113	44
MBP_HUMAN	59	103	64
MBRL_HUMAN	113	95	76
MBTD1_HUMAN	56	104	60
MBTP1_HUMAN	71	105	61
MBTP2_HUMAN	16	100	45
MC3R_HUMAN	5	110	52
MC4R_HUMAN	19	96	52
MC5R_HUMAN	3	107	45
MCA32_HUMAN	65	101	76
MCA3_HUMAN	142	101	98
MCAF1_HUMAN	140	118	117
MCAF2_HUMAN	18	116	50
MCAR1_HUMAN	152	93	105
MCAR2_HUMAN	8	92	43
MCAR6_HUMAN	4	102	45
MCATL_HUMAN	38	110	50
MCAT_HUMAN	69	116	76
MCCA_HUMAN	221	106	161
MCCB_HUMAN	204	98	140
MCCD1_HUMAN	31	116	55
MCE1_HUMAN	141	82	92
MCEE_HUMAN	16	103	45
MCEM1_HUMAN	13	83	43
MCES_HUMAN	91	104	62
MCF2L_HUMAN	23	100	41
MCF2_HUMAN	18	114	36
MCFD2_HUMAN	81	112	90
MCHR1_HUMAN	2	106	37
MCHR2_HUMAN	1	108	42
MCH_HUMAN	15	96	47
MCI_HUMAN,MCIN_HUMAN	6	92	49
MCL1_HUMAN	141	88	95
MCLN1_HUMAN	36	109	45
MCLN2_HUMAN	43	108	66
MCLN3_HUMAN	68	102	67
MCM10_HUMAN	133	99	101
MCM2_HUMAN	1021	117	1314
MCM3A_HUMAN,GANP_HUMAN	121	115	77
MCM3_HUMAN	397	99	285
MCM4_HUMAN	304	114	201
MCM5_HUMAN	434	93	323
MCM6_HUMAN	290	112	205
MCM7_HUMAN	508	82	399
MCM8_HUMAN	55	107	62
MCM9_HUMAN	50	98	55
MCMBP_HUMAN	165	92	90
MCMD2_HUMAN	1	103	43
MCP62_HUMAN	34	109	53
MCPH1_HUMAN	99	86	88
MCP_HUMAN	46	94	53
MCRS1_HUMAN	238	90	169
MCR_HUMAN	49	91	59
MCSP_HUMAN	76	93	85
MCTP1_HUMAN	6	108	53
MCTP2_HUMAN	13	101	61
MCTS1_HUMAN	136	109	93
MCU_HUMAN	208	90	157
MD12L_HUMAN	48	94	57
MD13L_HUMAN	104	94	87
MD1L1_HUMAN	148	101	92
MD2BP_HUMAN	69	113	62
MD2L1_HUMAN	271	113	181
MD2L2_HUMAN	335	106	245
MDC1_HUMAN	419	108	306
MDFIC_HUMAN	15	102	47
MDFI_HUMAN	424	101	312
MDGA1_HUMAN	3	96	33
MDGA2_HUMAN	7	101	41
MDH1B_HUMAN	2	100	44
MDHC_HUMAN	160	102	120
MDHM_HUMAN	532	99	411
MDM1_HUMAN	11	93	40
MDM2_HUMAN	914	95	1045
MDM4_HUMAN	105	98	78
MDN1_HUMAN	240	102	151
MDR1_HUMAN	105	106	75
MDR3_HUMAN	9	113	38
MDSP_HUMAN	2	101	41
ME3L1_HUMAN	3	115	37
MEA1_HUMAN	27	96	46
MECP2_HUMAN	1271	95	1425
MECR_HUMAN	29	109	56
MED10_HUMAN	108	112	95
MED11_HUMAN	65	92	77
MED12_HUMAN	181	100	134
MED13_HUMAN	89	96	92
MED14_HUMAN	144	101	101
MED15_HUMAN	115	122	93
MED16_HUMAN	108	105	89
MED17_HUMAN	193	108	142
MED18_HUMAN	78	97	64
MED19_HUMAN	170	112	126
MED1_HUMAN	187	110	112
MED20_HUMAN	184	91	132
MED21_HUMAN	161	107	127
MED22_HUMAN	80	108	70
MED23_HUMAN	228	111	141
MED24_HUMAN	121	98	91
MED25_HUMAN	96	77	82
MED26_HUMAN	118	112	84
MED27_HUMAN	101	100	102
MED28_HUMAN	108	93	98
MED29_HUMAN	136	91	107
MED30_HUMAN	82	104	65
MED31_HUMAN	131	104	90
MED4_HUMAN	448	100	335
MED6_HUMAN	93	110	73
MED7_HUMAN	74	119	68
MED8_HUMAN	105	96	88
MED9_HUMAN	121	106	80
MEF2A_HUMAN	78	103	72
MEF2B_HUMAN	12	98	46
MEF2C_HUMAN	44	129	63
MEF2D_HUMAN	76	118	49
MEFV_HUMAN	15	105	58
MEG10_HUMAN	30	92	49
MEG11_HUMAN	4	89	40
MEGF6_HUMAN	15	108	39
MEGF8_HUMAN	66	89	72
MEGF9_HUMAN	6	94	34
MEI1_HUMAN	9	114	36
MEIG1_HUMAN	4	97	32
MEIS1_HUMAN	42	107	47
MEIS2_HUMAN	85	114	87
MEIS3_HUMAN	28	115	54
MELK_HUMAN	107	106	94
MELPH_HUMAN	21	105	42
MELT_HUMAN	8	84	48
MEMO1_HUMAN	64	123	61
MEN1_HUMAN	1031	104	1281
MENTO_HUMAN	67	101	60
MEOX1_HUMAN	106	93	75
MEOX2_HUMAN	689	99	635
MEP1A_HUMAN	10	110	37
MEP1B_HUMAN	42	107	57
MEP50_HUMAN	378	112	248
MEPCE_HUMAN	844	97	895
MEPE_HUMAN	18	75	49
MER34_HUMAN	10	105	37
MERL_HUMAN	371	113	239
MERTK_HUMAN	129	97	105
MESD1_HUMAN	21	104	45
MESD_HUMAN	150	100	121
MESH1_HUMAN	56	107	52
MESP1_HUMAN	9	104	41
MESP2_HUMAN	7	97	41
MEST_HUMAN	47	82	70
MET10_HUMAN	59	90	63
MET12_HUMAN	6	98	45
MET13_HUMAN	78	108	63
MET14_HUMAN	557	91	439
MET15_HUMAN	277	92	198
MET16_HUMAN	8	113	45
MET17_HUMAN	415	115	301
MET18_HUMAN	60	107	62
MET20_HUMAN	17	105	52
MET22_HUMAN	3	99	43
MET23_HUMAN	28	104	45
MET2A_HUMAN	20	101	49
MET2B_HUMAN	24	124	54
MET7A_HUMAN	365	101	299
MET7B_HUMAN	21	96	51
METH_HUMAN	143	100	116
METK1_HUMAN	31	111	56
METK2_HUMAN	227	95	144
METL5_HUMAN	15	111	57
METL6_HUMAN	16	117	49
METL8_HUMAN	18	83	46
METL9_HUMAN	97	111	84
METRL_HUMAN	62	91	65
METRN_HUMAN	45	99	55
MET_HUMAN	273	90	184
MEX3A_HUMAN	378	110	264
MEX3B_HUMAN	219	103	125
MEX3C_HUMAN	87	112	83
MEX3D_HUMAN	58	86	66
MF2L2_HUMAN	41	89	57
MF2NB_HUMAN	40	99	65
MFA3L_HUMAN	4	120	37
MFAP1_HUMAN	299	107	200
MFAP2_HUMAN	9	108	40
MFAP3_HUMAN	74	112	72
MFAP4_HUMAN	164	92	120
MFAP5_HUMAN	46	91	46
MFF_HUMAN	185	102	124
MFGM_HUMAN	100	112	70
MFHA1_HUMAN	104	103	99
MFN1_HUMAN	53	128	57
MFN2_HUMAN	154	112	112
MFNG_HUMAN	23	101	50
MFRN1_HUMAN	8	126	37
MFRN2_HUMAN	32	100	42
MFRP_HUMAN	1	119	34
MFS10_HUMAN	248	84	162
MFS11_HUMAN	39	105	69
MFS12_HUMAN	73	106	76
MFS2A_HUMAN,NLS1_HUMAN	33	97	54
MFS2B_HUMAN	14	97	40
MFS6L_HUMAN	31	87	46
MFSD1_HUMAN	23	88	50
MFSD3_HUMAN	46	100	54
MFSD4_HUMAN	258	116	165
MFSD5_HUMAN	430	104	298
MFSD6_HUMAN	67	88	66
MFSD7_HUMAN	20	112	48
MFSD8_HUMAN	167	104	125
MFSD9_HUMAN	62	89	66
MFTC_HUMAN	98	128	75
MGAP_HUMAN	234	110	134
MGAT1_HUMAN	48	117	66
MGAT2_HUMAN	50	98	50
MGAT3_HUMAN	4	102	30
MGA_HUMAN	23	101	57
MGDP1_HUMAN	52	104	56
MGLL_HUMAN	33	95	44
MGMT_HUMAN	88	89	74
MGN2_HUMAN	163	99	105
MGN_HUMAN	271	92	197
MGP_HUMAN	6	105	39
MGRN1_HUMAN	97	104	81
MGST1_HUMAN	143	93	100
MGST2_HUMAN	41	89	56
MGST3_HUMAN	290	112	192
MGT4A_HUMAN	2	103	48
MGT4B_HUMAN	37	99	65
MGT4C_HUMAN	37	87	61
MGT5A_HUMAN	74	115	80
MGT5B_HUMAN	122	114	96
MI4GD_HUMAN	46	105	54
MIA2_HUMAN	95	99	79
MIA3_HUMAN	240	80	176
MIA40_HUMAN	170	96	118
MIA_HUMAN	4	80	28
MIB1_HUMAN	307	90	226
MIB2_HUMAN	64	90	65
MIC1_HUMAN	145	109	124
MICA1_HUMAN	78	98	72
MICA2_HUMAN	38	121	56
MICA3_HUMAN	83	109	68
MICA_HUMAN	86	110	59
MICB_HUMAN	139	91	131
MICLK_HUMAN	3	96	44
MICU1_HUMAN	97	101	91
MID49_HUMAN	36	104	70
MID51_HUMAN	58	91	53
MIDA_HUMAN	70	119	73
MIDN_HUMAN	620	98	531
MIEAP_HUMAN	26	119	57
MIEN1_HUMAN	14	140	55
MIER1_HUMAN	79	100	65
MIER2_HUMAN	36	105	41
MIER3_HUMAN	21	125	52
MIF_HUMAN	288	98	181
MIIP_HUMAN	52	104	66
MILK1_HUMAN	103	114	95
MILK2_HUMAN	144	96	113
MILR1_HUMAN	72	110	62
MIME_HUMAN	16	103	59
MIMIT_HUMAN	141	94	113
MINA_HUMAN	104	108	90
MINK1_HUMAN	183	112	124
MINP1_HUMAN	55	98	63
MINT_HUMAN	150	103	110
MIOX_HUMAN	12	108	49
MIO_HUMAN	74	114	62
MIP18_HUMAN	116	108	89
MIPEP_HUMAN	90	110	72
MIPO1_HUMAN	102	102	92
MIPT3_HUMAN	149	97	121
MIP_HUMAN	55	95	79
MIRH1_HUMAN	2	115	38
MIRO1_HUMAN	84	106	82
MIRO2_HUMAN	342	96	242
MIS12_HUMAN	87	108	79
MISSL_HUMAN	43	89	62
MIS_HUMAN	8	111	38
MITD1_HUMAN	40	104	59
MITF_HUMAN	57	119	65
MK01_HUMAN	430	96	288
MK03_HUMAN	342	114	221
MK04_HUMAN	75	124	64
MK06_HUMAN	501	102	381
MK07_HUMAN	148	105	109
MK08_HUMAN	225	94	134
MK09_HUMAN	168	98	115
MK10_HUMAN	55	98	53
MK11_HUMAN	43	83	54
MK12_HUMAN	69	103	69
MK13_HUMAN	124	113	87
MK14_HUMAN	368	97	263
MK15_HUMAN	60	98	54
MK67I_HUMAN	440	77	336
MKKS_HUMAN	25	106	50
MKL1_HUMAN	59	99	72
MKL2_HUMAN	59	101	61
MKLN1_HUMAN	133	88	114
MKNK1_HUMAN	71	118	62
MKNK2_HUMAN	54	86	70
MKRN1_HUMAN	164	103	118
MKRN2_HUMAN	383	89	286
MKRN3_HUMAN	231	92	168
MKRN4_HUMAN	6	99	42
MKS1_HUMAN	110	98	82
MKS3_HUMAN	146	96	102
MKX_HUMAN	49	92	67
MK_HUMAN	83	98	87
ML12A_HUMAN	226	103	114
ML12B_HUMAN	159	102	97
MLC1_HUMAN	20	92	47
MLE3_HUMAN	50	95	42
MLEC_HUMAN	127	101	86
MLF1_HUMAN	122	102	78
MLF2_HUMAN	142	104	102
MLH1_HUMAN	292	108	200
MLH3_HUMAN	58	96	61
MLIP_HUMAN	10	115	41
MLKL_HUMAN	52	99	53
MLL1_HUMAN,KMT2A_HUMAN	280	109	172
MLL2_HUMAN,KMT2D_HUMAN	165	105	110
MLL3_HUMAN,KMT2C_HUMAN	147	102	105
MLL4_HUMAN	134	119	110
MLL5_HUMAN,KMT2E_HUMAN	66	95	82
MLP3A_HUMAN	540	104	460
MLP3B_HUMAN	755	99	692
MLP3C_HUMAN	72	96	61
MLRA_HUMAN	8	125	49
MLRS_HUMAN	22	102	55
MLRV_HUMAN	31	102	53
MLTK_HUMAN	98	122	74
MLXIP_HUMAN	19	116	53
MLXPL_HUMAN	43	106	49
MLX_HUMAN	59	111	78
MMAA_HUMAN	6	96	44
MMAB_HUMAN	137	121	96
MMAC_HUMAN	18	98	57
MMAD_HUMAN	35	106	50
MMEL1_HUMAN	4	88	32
MMGT1_HUMAN	397	110	278
MMP10_HUMAN	22	112	53
MMP11_HUMAN	2	103	39
MMP12_HUMAN	4	107	33
MMP13_HUMAN	16	111	57
MMP14_HUMAN	74	105	52
MMP15_HUMAN	36	98	51
MMP16_HUMAN	2	115	33
MMP17_HUMAN	3	95	38
MMP19_HUMAN	8	103	43
MMP1_HUMAN	15	107	41
MMP20_HUMAN	5	108	45
MMP21_HUMAN	2	99	41
MMP23_HUMAN	1	102	30
MMP24_HUMAN	5	106	38
MMP25_HUMAN	5	135	33
MMP26_HUMAN	20	102	46
MMP27_HUMAN	3	105	41
MMP28_HUMAN	10	120	46
MMP2_HUMAN	68	102	66
MMP37_HUMAN	58	105	63
MMP3_HUMAN	32	100	50
MMP7_HUMAN	25	103	49
MMP8_HUMAN	10	121	42
MMP9_HUMAN	44	106	57
MMRN1_HUMAN	28	90	50
MMRN2_HUMAN	9	105	39
MMS19_HUMAN	327	105	219
MMS22_HUMAN	56	109	64
MMSA_HUMAN	74	100	75
MMTA2_HUMAN	351	108	242
MN1_HUMAN	27	103	62
MND1_HUMAN	51	110	53
MNDA_HUMAN	180	113	151
MNF1_HUMAN,UQCC2_HUMAN	60	102	78
MNS1_HUMAN	42	106	55
MNT_HUMAN	25	96	50
MNX1_HUMAN	29	110	46
MO2R1_HUMAN	38	100	52
MO2R2_HUMAN	2	105	44
MO4L1_HUMAN	235	102	161
MO4L2_HUMAN	219	101	156
MOAP1_HUMAN	56	114	65
MOB1A_HUMAN	86	98	69
MOB1B_HUMAN	61	106	56
MOB2_HUMAN	115	118	76
MOB3A_HUMAN	20	92	41
MOB3B_HUMAN	29	87	53
MOB3C_HUMAN	18	137	57
MOBP_HUMAN	20	116	44
MOC2A_HUMAN	23	92	45
MOC2B_HUMAN	10	103	43
MOCOS_HUMAN	39	91	56
MOCS1_HUMAN	34	107	55
MOCS3_HUMAN	57	116	57
MOD5_HUMAN	13	114	43
MOES_HUMAN	335	96	230
MOFA1_HUMAN	100	108	89
MOG1_HUMAN	32	105	56
MOGS_HUMAN	189	103	123
MOGT1_HUMAN	2	92	38
MOGT2_HUMAN	4	98	32
MOGT3_HUMAN	22	100	54
MOG_HUMAN	21	94	55
MOK_HUMAN	26	109	49
MOL2C_HUMAN	360	89	251
MON1A_HUMAN	14	97	48
MON1B_HUMAN	25	97	56
MON2_HUMAN	168	101	125
MORC1_HUMAN	15	102	39
MORC2_HUMAN	91	104	75
MORC3_HUMAN	74	93	72
MORC4_HUMAN	79	87	77
MORN1_HUMAN	5	104	44
MORN2_HUMAN	7	127	53
MORN3_HUMAN	72	111	71
MORN4_HUMAN	33	120	52
MORN5_HUMAN	12	97	40
MOS1_HUMAN,MIC10_HUMAN	60	100	64
MOSC1_HUMAN,MARC1_HUMAN	67	115	67
MOSC2_HUMAN,MARC2_HUMAN	47	100	62
MOST1_HUMAN	1	85	41
MOS_HUMAN	73	104	64
MOT10_HUMAN	137	99	112
MOT11_HUMAN	531	115	416
MOT12_HUMAN	15	87	57
MOT13_HUMAN	33	120	59
MOT14_HUMAN	12	93	52
MOT1_HUMAN	228	97	146
MOT2_HUMAN	46	96	67
MOT3_HUMAN	82	115	78
MOT4_HUMAN	114	96	89
MOT5_HUMAN	20	115	60
MOT6_HUMAN	21	110	40
MOT7_HUMAN	40	94	42
MOT8_HUMAN	59	98	59
MOT9_HUMAN	20	118	47
MOTI_HUMAN,MLN_HUMAN,MOTI_HUMAN	3	109	44
MOV10_HUMAN	1283	110	1383
MOXD1_HUMAN	70	111	72
MP17L_HUMAN	1	113	47
MP2K1_HUMAN	263	97	178
MP2K2_HUMAN	275	104	175
MP2K3_HUMAN	259	102	177
MP2K4_HUMAN	62	119	63
MP2K5_HUMAN	116	110	85
MP2K6_HUMAN	57	100	51
MP2K7_HUMAN	192	110	119
MP3B2_HUMAN	20	108	61
MPC1_HUMAN	9	120	56
MPC2_HUMAN	68	89	61
MPCP_HUMAN	467	91	372
MPDZ_HUMAN	99	92	80
MPEG1_HUMAN	3	116	42
MPH6_HUMAN	89	113	89
MPIP1_HUMAN	117	96	98
MPIP2_HUMAN	119	97	82
MPIP3_HUMAN	148	116	108
MPI_HUMAN	48	102	51
MPLKI_HUMAN	14	119	45
MPN2_HUMAN	1	92	47
MPND_HUMAN	11	102	40
MPP10_HUMAN	184	115	136
MPP2_HUMAN	49	94	56
MPP3_HUMAN	43	116	61
MPP4_HUMAN	4	107	54
MPP5_HUMAN	118	97	84
MPP6_HUMAN	81	99	81
MPP7_HUMAN	111	119	77
MPP8_HUMAN	121	106	104
MPP9_HUMAN	99	105	77
MPPA_HUMAN	406	118	267
MPPB_HUMAN	386	102	284
MPPD1_HUMAN	39	103	50
MPPD2_HUMAN	21	101	46
MPPE1_HUMAN	85	91	76
MPRA_HUMAN	10	101	49
MPRB_HUMAN	3	100	34
MPRD_HUMAN	86	115	75
MPRG_HUMAN	9	97	46
MPRIP_HUMAN	239	92	161
MPRI_HUMAN	345	94	233
MPU1_HUMAN	62	102	63
MPV17_HUMAN	54	89	57
MPZL1_HUMAN	129	106	89
MPZL2_HUMAN	18	100	40
MPZL3_HUMAN	5	95	41
MR1L1_HUMAN	111	97	103
MRAP2_HUMAN	99	114	84
MRAP_HUMAN	8	104	45
MRC1_HUMAN	5	105	41
MRC2_HUMAN	77	124	71
MRCKA_HUMAN	158	115	104
MRCKB_HUMAN	120	100	78
MRCKG_HUMAN	43	101	57
MRE11_HUMAN	302	84	212
MREG_HUMAN	17	106	54
MRF_HUMAN	25	100	49
MRGBP_HUMAN	109	100	88
MRGRF_HUMAN	1	104	38
MRGX1_HUMAN	4	83	46
MRGX3_HUMAN	3	103	31
MRGX4_HUMAN	5	110	40
MRI_HUMAN	26	95	47
MRM1_HUMAN	373	121	236
MRP1_HUMAN	164	127	121
MRP2_HUMAN	72	96	64
MRP3_HUMAN	22	109	50
MRP4_HUMAN	80	110	58
MRP5_HUMAN	55	97	67
MRP6_HUMAN	56	101	62
MRP7_HUMAN	37	105	50
MRP9_HUMAN	11	91	47
MRP_HUMAN	133	106	95
MRRP1_HUMAN	239	90	148
MRRP3_HUMAN	150	100	119
MRS2_HUMAN	88	109	80
MRT4_HUMAN	183	100	117
MRVI1_HUMAN	15	101	45
MS18A_HUMAN	116	91	81
MS18B_HUMAN	216	98	156
MS3L1_HUMAN	27	108	42
MS3L2_HUMAN	4	107	37
MS4A3_HUMAN	39	80	43
MS4A5_HUMAN	1	118	41
MS4A7_HUMAN	11	117	45
MSD2_HUMAN	21	103	50
MSD3_HUMAN	22	125	60
MSD4_HUMAN	17	105	48
MSGN1_HUMAN	35	117	48
MSH2_HUMAN	313	113	185
MSH3_HUMAN	101	95	81
MSH4_HUMAN	14	106	45
MSH5_HUMAN	25	106	51
MSH6_HUMAN	285	94	199
MSHR_HUMAN	36	96	52
MSI1H_HUMAN	104	112	89
MSI2H_HUMAN	123	110	97
MSL1_HUMAN	74	122	74
MSL2_HUMAN	32	104	59
MSLNL_HUMAN	5	94	34
MSLN_HUMAN	47	111	64
MSMB_HUMAN	44	115	68
MSMO1_HUMAN	108	109	66
MSPD1_HUMAN	5	107	33
MSPD2_HUMAN	186	101	145
MSPD3_HUMAN	25	96	55
MSRA_HUMAN	35	115	50
MSRB1_HUMAN	12	105	52
MSRB2_HUMAN	68	117	79
MSRB3_HUMAN	90	96	79
MSRE_HUMAN	19	123	54
MSS4_HUMAN	82	97	71
MSS51_HUMAN	22	105	48
MST4_HUMAN,STK26_HUMAN	269	110	179
MSTO1_HUMAN	63	116	51
MSTP9_HUMAN,MST1L_HUMAN	1	109	43
MSTRO_HUMAN	1	88	37
MSX1_HUMAN	19	118	44
MSX2_HUMAN	186	96	141
MT1A_HUMAN	5	102	36
MT1B_HUMAN	5	98	39
MT1DP_HUMAN	3	107	40
MT1E_HUMAN	6	94	39
MT1F_HUMAN	11	112	32
MT1G_HUMAN	8	95	49
MT1H_HUMAN	5	101	34
MT1L_HUMAN	1	96	27
MT1M_HUMAN	17	109	46
MT1X_HUMAN	20	110	59
MT21A_HUMAN	33	115	62
MT21B_HUMAN	303	107	211
MT21C_HUMAN	4	91	45
MT21D_HUMAN	3	105	36
MT2_HUMAN	43	102	53
MT3_HUMAN	9	115	40
MTA1_HUMAN	322	87	221
MTA2_HUMAN	488	81	345
MTA3_HUMAN	181	109	147
MTA70_HUMAN	278	96	185
MTAP_HUMAN	100	104	89
MTBP_HUMAN	25	81	60
MTCH1_HUMAN	234	106	163
MTCH2_HUMAN	477	102	386
MTCNB_HUMAN	5	103	37
MTCP1_HUMAN	4	109	39
MTD2L_HUMAN	17	111	49
MTDC_HUMAN	112	107	83
MTER1_HUMAN,MTEF3_HUMAN	354	121	248
MTER2_HUMAN,MTEF4_HUMAN	25	99	39
MTER3_HUMAN,MTEF2_HUMAN	8	106	42
MTERF_HUMAN,MTEF1_HUMAN	13	80	42
MTF1_HUMAN	111	131	99
MTF2_HUMAN	86	104	82
MTFP1_HUMAN	42	111	54
MTFR1_HUMAN	75	110	78
MTG16_HUMAN	73	107	79
MTG1_HUMAN	153	105	103
MTG8R_HUMAN	60	110	71
MTG8_HUMAN	125	103	99
MTHFS_HUMAN	14	100	53
MTHR_HUMAN	67	130	67
MTHSD_HUMAN	18	103	50
MTL12_HUMAN	7	84	45
MTL5_HUMAN	25	83	56
MTLR_HUMAN	65	115	60
MTM1_HUMAN	70	118	48
MTMR1_HUMAN	109	100	84
MTMR2_HUMAN	71	90	76
MTMR3_HUMAN	73	102	73
MTMR4_HUMAN	164	103	141
MTMR5_HUMAN	157	99	128
MTMR6_HUMAN	92	98	75
MTMR7_HUMAN	62	84	70
MTMR8_HUMAN	23	113	47
MTMR9_HUMAN	71	91	84
MTMRA_HUMAN	42	90	52
MTMRB_HUMAN	19	96	59
MTMRC_HUMAN	47	108	63
MTMRD_HUMAN	41	107	54
MTMRE_HUMAN	113	95	87
MTNA_HUMAN	45	76	52
MTNB_HUMAN	49	105	75
MTND_HUMAN	42	104	54
MTO1_HUMAN	84	108	53
MTOR_HUMAN	341	110	226
MTPN_HUMAN	171	117	114
MTP_HUMAN	13	90	53
MTR1A_HUMAN	165	99	127
MTR1B_HUMAN	136	93	100
MTR1L_HUMAN	61	111	69
MTR1_HUMAN,CMTR1_HUMAN	211	116	145
MTRR_HUMAN	17	107	52
MTSS1_HUMAN	30	112	48
MTSSL_HUMAN	47	95	49
MTU1_HUMAN	94	109	76
MTUS1_HUMAN	89	110	71
MTUS2_HUMAN	368	112	259
MTX1_HUMAN	126	90	93
MTX2_HUMAN	178	100	111
MTX3_HUMAN	77	77	70
MUC12_HUMAN	4	96	42
MUC13_HUMAN	39	103	55
MUC15_HUMAN	5	92	42
MUC16_HUMAN	15	108	48
MUC17_HUMAN	4	90	42
MUC18_HUMAN	483	106	411
MUC19_HUMAN	11	105	44
MUC1_HUMAN	164	99	122
MUC20_HUMAN	25	116	47
MUC22_HUMAN	2	107	35
MUC24_HUMAN	10	99	35
MUC2_HUMAN	10	117	39
MUC3A_HUMAN	2	94	37
MUC4_HUMAN	10	93	37
MUC5A_HUMAN	22	118	48
MUC5B_HUMAN	49	106	57
MUC6_HUMAN	1	88	35
MUC7_HUMAN	35	110	54
MUCEN_HUMAN	9	118	51
MUCL1_HUMAN	46	86	54
MUDEN_HUMAN	11	89	34
MUL1_HUMAN	105	100	83
MUM1_HUMAN	31	122	55
MUML1_HUMAN	3	108	27
MURC_HUMAN	6	99	44
MUS81_HUMAN	59	117	69
MUSC_HUMAN	13	110	41
MUSK_HUMAN	81	113	90
MUT7B_HUMAN	9	104	39
MUT7_HUMAN	4	107	51
MUTA_HUMAN	60	94	60
MUTED_HUMAN,BL1S5_HUMAN	48	94	56
MUTYH_HUMAN	39	109	54
MVD1_HUMAN	56	103	63
MVP_HUMAN	179	92	138
MX1_HUMAN	56	120	68
MX2_HUMAN	20	101	49
MXI1_HUMAN	44	111	52
MXRA5_HUMAN	12	108	32
MXRA7_HUMAN	75	94	69
MXRA8_HUMAN	35	100	57
MY15B_HUMAN	101	95	95
MY18A_HUMAN	310	113	219
MY18B_HUMAN	24	88	48
MYADM_HUMAN	110	111	84
MYBA_HUMAN	11	108	46
MYBB_HUMAN	156	94	106
MYBPH_HUMAN	9	113	41
MYBPP_HUMAN	33	115	58
MYB_HUMAN	130	78	109
MYCB2_HUMAN	237	112	153
MYCBP_HUMAN	181	94	130
MYCD_HUMAN	14	103	47
MYCL1_HUMAN,MYCL_HUMAN	55	112	62
MYCN_HUMAN	1357	100	1697
MYCPP_HUMAN	93	95	84
MYCT1_HUMAN	12	98	45
MYCT_HUMAN	27	102	54
MYC_HUMAN	3154	84	3795
MYD88_HUMAN	89	103	75
MYEF2_HUMAN	123	100	77
MYEOV_HUMAN	16	83	38
MYF5_HUMAN	30	99	38
MYF6_HUMAN	19	112	46
MYG1_HUMAN	86	104	72
MYG_HUMAN	17	118	39
MYH10_HUMAN	409	94	299
MYH11_HUMAN	148	120	96
MYH13_HUMAN	51	94	52
MYH14_HUMAN	211	120	130
MYH15_HUMAN	27	93	49
MYH1_HUMAN	71	97	72
MYH2_HUMAN	60	111	79
MYH3_HUMAN	54	127	69
MYH4_HUMAN	70	115	64
MYH6_HUMAN	63	97	72
MYH7B_HUMAN	71	107	77
MYH7_HUMAN	109	99	86
MYH8_HUMAN	50	96	52
MYH9_HUMAN	821	95	788
MYL10_HUMAN	27	105	48
MYL1_HUMAN	27	107	42
MYL3_HUMAN	22	98	46
MYL4_HUMAN	25	93	50
MYL5_HUMAN	2	120	39
MYL6B_HUMAN	116	100	81
MYL6_HUMAN	297	99	177
MYL9_HUMAN	70	93	87
MYLIP_HUMAN	48	117	64
MYLK2_HUMAN	114	117	88
MYLK3_HUMAN	11	106	55
MYLK4_HUMAN	90	130	72
MYLK_HUMAN	115	102	74
MYNN_HUMAN	13	83	35
MYO10_HUMAN	150	95	118
MYO15_HUMAN	13	95	55
MYO16_HUMAN	16	102	37
MYO19_HUMAN	263	112	180
MYO1A_HUMAN	31	98	53
MYO1B_HUMAN	297	110	181
MYO1C_HUMAN	422	89	300
MYO1D_HUMAN	228	95	153
MYO1E_HUMAN	210	98	128
MYO1F_HUMAN	41	104	56
MYO1G_HUMAN	16	92	44
MYO1H_HUMAN	9	97	49
MYO3A_HUMAN	15	94	39
MYO3B_HUMAN	49	114	55
MYO5A_HUMAN	212	85	144
MYO5B_HUMAN	113	94	104
MYO5C_HUMAN	180	97	114
MYO6_HUMAN	450	111	314
MYO7A_HUMAN	26	111	56
MYO7B_HUMAN	7	91	40
MYO9A_HUMAN	112	98	69
MYO9B_HUMAN	124	93	104
MYOC_HUMAN	49	96	59
MYOD1_HUMAN	162	117	117
MYOF_HUMAN	121	100	79
MYOG_HUMAN	62	112	69
MYOM1_HUMAN	27	104	49
MYOM2_HUMAN	34	109	48
MYOM3_HUMAN	12	88	41
MYOME_HUMAN	226	101	143
MYOTI_HUMAN	20	109	48
MYOV2_HUMAN	44	112	52
MYOZ1_HUMAN	49	110	63
MYOZ2_HUMAN	19	105	40
MYOZ3_HUMAN	70	105	63
MYP0_HUMAN	9	110	43
MYP2_HUMAN	12	101	46
MYPC1_HUMAN	43	95	49
MYPC2_HUMAN	47	98	59
MYPC3_HUMAN	25	91	54
MYPN_HUMAN	33	101	57
MYPOP_HUMAN	54	102	60
MYPR_HUMAN	115	117	92
MYPT1_HUMAN	335	100	190
MYPT2_HUMAN	61	123	71
MYRIP_HUMAN	12	109	42
MYSM1_HUMAN	51	103	49
MYT1L_HUMAN	67	133	48
MYT1_HUMAN	13	111	50
MYZAP_HUMAN	64	103	73
MZF1_HUMAN	29	126	56
MZT1_HUMAN	43	100	68
MZT2A_HUMAN	26	123	56
MZT2B_HUMAN	81	113	74
N2DL1_HUMAN	16	104	41
N2DL2_HUMAN	30	111	56
N2DL3_HUMAN	62	117	62
N2DL4_HUMAN	22	108	59
N42L1_HUMAN	6	91	42
N42L2_HUMAN	76	94	55
N4BP1_HUMAN	36	99	42
N4BP2_HUMAN	90	101	68
N4BP3_HUMAN	50	105	73
N62CL_HUMAN	33	110	57
N6MT2_HUMAN	7	111	33
NAA10_HUMAN	184	85	107
NAA11_HUMAN	60	108	66
NAA15_HUMAN	173	115	131
NAA16_HUMAN	35	102	54
NAA20_HUMAN	30	116	56
NAA25_HUMAN	57	109	43
NAA30_HUMAN	38	98	57
NAA35_HUMAN	50	112	46
NAA38_HUMAN	97	100	65
NAA40_HUMAN	974	108	1212
NAA50_HUMAN	107	91	86
NAA60_HUMAN	1	96	39
NAAA_HUMAN	222	103	162
NAB1_HUMAN	28	121	51
NAB2_HUMAN	135	106	93
NAC1_HUMAN	32	108	54
NAC2_HUMAN	39	96	60
NAC3_HUMAN	30	106	52
NACA2_HUMAN	23	121	59
NACAD_HUMAN	23	121	53
NACA_HUMAN,NACAM_HUMAN,NACA_HUMAN	231	109	135
NACC1_HUMAN	98	111	86
NACC2_HUMAN	46	108	65
NACP1_HUMAN	14	130	44
NADAP_HUMAN	135	109	113
NADC_HUMAN	99	91	88
NADE_HUMAN	38	103	58
NADK_HUMAN	83	105	63
NADL2_HUMAN	17	86	38
NAF1_HUMAN	150	112	119
NAGAB_HUMAN	62	74	66
NAGA_HUMAN	11	111	50
NAGK_HUMAN	164	95	120
NAGPA_HUMAN	33	87	57
NAGS_HUMAN	9	96	54
NAGT1_HUMAN	45	108	71
NAIF1_HUMAN	14	113	38
NAKD1_HUMAN,NAKD2_HUMAN	67	122	71
NAL10_HUMAN	13	109	49
NAL11_HUMAN	7	107	50
NAL12_HUMAN	58	94	59
NAL13_HUMAN	6	104	42
NAL14_HUMAN	8	107	47
NALCN_HUMAN	9	94	42
NALD2_HUMAN	17	114	46
NALDL_HUMAN	3	101	50
NALP1_HUMAN,NLRP1_HUMAN	48	101	77
NALP2_HUMAN	51	108	64
NALP3_HUMAN,NLRP3_HUMAN	117	108	76
NALP4_HUMAN	8	124	49
NALP5_HUMAN	18	96	40
NALP6_HUMAN,NLRP6_HUMAN	422	110	330
NALP7_HUMAN	164	105	124
NALP8_HUMAN	2	84	35
NALP9_HUMAN	10	96	31
NAMPT_HUMAN	135	115	88
NANGN_HUMAN	1	100	41
NANO1_HUMAN	18	93	41
NANO2_HUMAN	24	95	48
NANO3_HUMAN	15	107	47
NANOG_HUMAN	236	114	165
NANP_HUMAN	21	96	45
NAP1_HUMAN	34	76	52
NAPEP_HUMAN	5	101	43
NAPSA_HUMAN	13	98	56
NAR1_HUMAN	7	114	46
NAR3_HUMAN	28	87	43
NAR4_HUMAN	13	124	43
NAR5_HUMAN	52	98	47
NARFL_HUMAN	34	101	54
NARF_HUMAN	24	101	39
NARG2_HUMAN,ICE2_HUMAN	66	99	66
NARR_HUMAN	20	126	53
NASP_HUMAN	201	107	151
NAT10_HUMAN	329	102	203
NAT14_HUMAN	81	107	66
NAT15_HUMAN	3	94	41
NAT16_HUMAN	8	106	38
NAT6_HUMAN	14	88	55
NAT8B_HUMAN	20	99	48
NAT8L_HUMAN	13	102	58
NAT8_HUMAN	30	105	51
NAT9_HUMAN	17	101	54
NAV1_HUMAN	155	108	119
NAV2_HUMAN	42	95	56
NAV3_HUMAN	33	106	63
NB5R1_HUMAN	135	104	110
NB5R2_HUMAN	31	112	59
NB5R3_HUMAN	359	89	247
NB5R4_HUMAN	4	94	33
NBAS_HUMAN	126	108	108
NBEA_HUMAN	82	94	74
NBEL1_HUMAN	29	118	63
NBEL2_HUMAN	161	121	115
NBL1_HUMAN	15	104	55
NBN_HUMAN	182	106	133
NBPF1_HUMAN	17	103	58
NBPF3_HUMAN	6	100	36
NBPF4_HUMAN	1	94	30
NBPF6_HUMAN	5	123	38
NBPF8_HUMAN	4	116	39
NBPF9_HUMAN	1	114	37
NBPFA_HUMAN	2	98	45
NBPFB_HUMAN	2	113	44
NBPFC_HUMAN	1	115	28
NBPFE_HUMAN	3	114	46
NBPFF_HUMAN	7	106	51
NBR1_HUMAN	368	91	276
NBR2_HUMAN	4	106	33
NC2A_HUMAN	72	109	67
NC2B_HUMAN	73	94	71
NCALD_HUMAN	53	101	61
NCAM1_HUMAN	94	104	70
NCAM2_HUMAN	24	105	50
NCAN_HUMAN	16	120	51
NCBP1_HUMAN	367	93	266
NCBP2_HUMAN	133	102	104
NCDN_HUMAN	124	109	96
NCEH1_HUMAN	94	112	86
NCF1B_HUMAN	1	101	48
NCF1C_HUMAN	3	117	47
NCF1_HUMAN	89	96	82
NCF2_HUMAN	32	127	58
NCF4_HUMAN	9	99	49
NCK1_HUMAN	362	93	266
NCK2_HUMAN	278	101	204
NCK5L_HUMAN	120	92	95
NCKP1_HUMAN	207	116	118
NCKP5_HUMAN	36	114	50
NCKPL_HUMAN	16	105	44
NCKX1_HUMAN	8	110	50
NCKX2_HUMAN	18	96	48
NCKX3_HUMAN	46	99	53
NCKX4_HUMAN	15	107	45
NCKX5_HUMAN	35	115	47
NCKX6_HUMAN	23	99	53
NCLN_HUMAN	195	90	129
NCOA1_HUMAN	143	103	102
NCOA2_HUMAN	128	92	105
NCOA3_HUMAN	183	105	132
NCOA4_HUMAN	63	91	69
NCOA5_HUMAN	137	88	104
NCOA6_HUMAN	145	110	127
NCOA7_HUMAN	51	120	51
NCOAT_HUMAN,OGA_HUMAN	156	99	98
NCOR1_HUMAN	316	101	223
NCOR2_HUMAN	260	94	173
NCPR_HUMAN	244	110	169
NCRP1_HUMAN,FBX50_HUMAN	135	102	91
NCS1_HUMAN	79	110	67
NCTR1_HUMAN	24	110	47
NCTR2_HUMAN	5	87	35
NCTR3_HUMAN	125	99	105
NCUG1_HUMAN	84	98	62
NDC1_HUMAN	225	91	149
NDC80_HUMAN	311	112	188
NDE1_HUMAN	119	107	92
NDEL1_HUMAN	201	114	142
NDF1_HUMAN	18	117	57
NDF2_HUMAN	11	107	44
NDF4_HUMAN	10	87	43
NDF6_HUMAN	6	104	51
NDK3_HUMAN	129	113	96
NDK5_HUMAN	13	115	57
NDK6_HUMAN	21	109	46
NDK7_HUMAN	162	113	112
NDK8_HUMAN	102	87	77
NDKA_HUMAN	219	104	133
NDKB_HUMAN	279	96	179
NDKM_HUMAN	219	127	131
NDNF_HUMAN	10	86	35
NDOR1_HUMAN	55	102	66
NDP_HUMAN	105	111	91
NDRG1_HUMAN	225	88	147
NDRG2_HUMAN	52	90	70
NDRG3_HUMAN	43	74	65
NDRG4_HUMAN	55	110	71
NDST1_HUMAN	52	97	51
NDST2_HUMAN	42	97	51
NDST3_HUMAN	9	91	35
NDST4_HUMAN	6	120	47
NDUA1_HUMAN	44	104	49
NDUA2_HUMAN	221	107	130
NDUA3_HUMAN	95	101	80
NDUA4_HUMAN	388	90	287
NDUA5_HUMAN	246	104	184
NDUA6_HUMAN	181	100	113
NDUA7_HUMAN	221	103	146
NDUA8_HUMAN	189	104	122
NDUA9_HUMAN	339	96	247
NDUAA_HUMAN	175	102	98
NDUAB_HUMAN	63	98	63
NDUAC_HUMAN	223	99	134
NDUAD_HUMAN	174	111	120
NDUB1_HUMAN	42	103	55
NDUB2_HUMAN	11	110	41
NDUB3_HUMAN	117	111	101
NDUB4_HUMAN	103	105	77
NDUB5_HUMAN	138	94	98
NDUB6_HUMAN	68	109	73
NDUB7_HUMAN	118	117	89
NDUB8_HUMAN	142	108	97
NDUB9_HUMAN	159	105	114
NDUBA_HUMAN	167	108	116
NDUBB_HUMAN	111	113	89
NDUC1_HUMAN	1	106	37
NDUC2_HUMAN	109	106	92
NDUF3_HUMAN	130	116	104
NDUF4_HUMAN	325	106	211
NDUF5_HUMAN	103	100	79
NDUF6_HUMAN	5	108	56
NDUS1_HUMAN	390	104	275
NDUS2_HUMAN	315	107	209
NDUS3_HUMAN	431	89	316
NDUS4_HUMAN	214	97	154
NDUS5_HUMAN	157	104	119
NDUS6_HUMAN	252	107	184
NDUS7_HUMAN	312	74	242
NDUS8_HUMAN	283	87	183
NDUV1_HUMAN	318	91	220
NDUV2_HUMAN	221	97	152
NDUV3_HUMAN	186	120	138
NEB1_HUMAN	133	108	93
NEB2_HUMAN	235	90	146
NEBL_HUMAN	75	115	74
NEBU_HUMAN	102	96	79
NEC1_HUMAN	17	95	41
NEC2_HUMAN	6	119	44
NECA1_HUMAN	34	88	54
NECA2_HUMAN	102	101	87
NECA3_HUMAN	11	101	54
NECD_HUMAN	389	104	286
NECP1_HUMAN	76	100	78
NECP2_HUMAN	59	115	47
NED4L_HUMAN	237	122	141
NEDD1_HUMAN	216	110	145
NEDD4_HUMAN	467	125	355
NEDD8_HUMAN	840	82	858
NEGR1_HUMAN	19	121	53
NEIL1_HUMAN	272	105	196
NEIL2_HUMAN	23	94	49
NEIL3_HUMAN	48	110	62
NEK10_HUMAN	127	112	81
NEK11_HUMAN	23	102	44
NEK1_HUMAN	86	85	63
NEK2_HUMAN	127	83	88
NEK3_HUMAN	24	100	47
NEK4_HUMAN	583	97	495
NEK5_HUMAN	8	95	44
NEK6_HUMAN	188	114	128
NEK7_HUMAN	161	101	109
NEK8_HUMAN	66	115	60
NEK9_HUMAN	114	101	101
NELFA_HUMAN	89	107	83
NELFB_HUMAN	123	102	77
NELFD_HUMAN	107	112	77
NELFE_HUMAN	198	99	113
NELF_HUMAN,NSMF_HUMAN	35	96	59
NELL1_HUMAN	51	105	57
NELL2_HUMAN	56	105	50
NEMF_HUMAN	91	112	76
NEMO_HUMAN	539	99	485
NENF_HUMAN	87	97	80
NEO1_HUMAN	56	109	65
NEP1_HUMAN	97	102	78
NEPR1_HUMAN	5	108	48
NEP_HUMAN	136	95	125
NEST_HUMAN	151	98	105
NET1_HUMAN	24	109	52
NET3_HUMAN	5	101	46
NET4_HUMAN	24	101	57
NET5_HUMAN	40	89	53
NETO1_HUMAN	9	95	44
NETO2_HUMAN	62	101	54
NETR_HUMAN	15	108	43
NEU1A_HUMAN,NEUL1_HUMAN	14	96	43
NEU1B_HUMAN	4	94	41
NEU1_HUMAN	8	125	44
NEU2_HUMAN	28	100	47
NEUA_HUMAN	125	76	80
NEUFC_HUMAN	44	109	50
NEUG_HUMAN	14	106	41
NEUL2_HUMAN	2	112	43
NEUL4_HUMAN	234	102	150
NEUL_HUMAN	68	97	64
NEUM_HUMAN	47	103	65
NEUR1_HUMAN	67	111	65
NEUR2_HUMAN	51	112	53
NEUR3_HUMAN	26	104	50
NEUR4_HUMAN	27	119	45
NEUS_HUMAN	8	112	50
NEUT_HUMAN	10	107	60
NEXN_HUMAN	107	105	82
NF1_HUMAN	197	107	132
NF2IP_HUMAN	71	89	58
NF2L1_HUMAN	53	111	47
NF2L2_HUMAN	199	98	145
NF2L3_HUMAN	21	85	43
NFAC1_HUMAN	167	110	98
NFAC2_HUMAN	193	96	135
NFAC3_HUMAN	46	110	66
NFAC4_HUMAN	40	107	51
NFAM1_HUMAN	11	104	41
NFASC_HUMAN	37	123	55
NFAT5_HUMAN	43	80	55
NFE2_HUMAN	21	108	45
NFE4_HUMAN	7	89	42
NFH_HUMAN	69	111	68
NFIA_HUMAN	719	101	732
NFIB_HUMAN	676	82	605
NFIC_HUMAN	817	73	825
NFIL3_HUMAN	40	92	50
NFIP1_HUMAN	116	105	92
NFIP2_HUMAN	62	83	62
NFIX_HUMAN	586	99	515
NFKB1_HUMAN	501	84	393
NFKB2_HUMAN	233	92	135
NFL_HUMAN	174	104	117
NFM_HUMAN	203	97	143
NFRKB_HUMAN	123	93	89
NFS1_HUMAN	161	103	133
NFU1_HUMAN	63	99	59
NFX1_HUMAN	461	90	315
NFXL1_HUMAN	132	101	82
NFYA_HUMAN	93	103	86
NFYB_HUMAN	48	101	53
NFYC_HUMAN	150	86	115
NGAL_HUMAN	169	118	141
NGAP_HUMAN	160	114	119
NGBR_HUMAN	65	101	64
NGB_HUMAN	157	106	125
NGDN_HUMAN	123	110	81
NGEF_HUMAN	76	91	58
NGF_HUMAN	8	105	48
NGLY1_HUMAN	83	99	78
NGN1_HUMAN	17	119	45
NGN2_HUMAN	5	111	51
NGN3_HUMAN	154	106	99
NGRN_HUMAN	233	97	163
NH2L1_HUMAN	288	94	171
NHEJ1_HUMAN	14	105	43
NHLC1_HUMAN	19	102	49
NHLC2_HUMAN	373	136	233
NHLC3_HUMAN	45	92	55
NHLC4_HUMAN	19	113	56
NHP2_HUMAN	123	92	87
NHRF1_HUMAN	191	120	138
NHRF2_HUMAN	195	116	108
NHRF3_HUMAN	65	100	54
NHRF4_HUMAN	19	122	40
NHSL1_HUMAN	50	99	67
NHSL2_HUMAN	53	111	59
NHS_HUMAN	49	109	65
NIBAN_HUMAN	25	98	36
NIBL1_HUMAN	165	106	119
NIBL2_HUMAN	3	115	43
NICA_HUMAN	205	119	114
NICN1_HUMAN	23	120	53
NID1_HUMAN	47	94	57
NID2_HUMAN	77	109	68
NID67_HUMAN,SMIM3_HUMAN	53	103	59
NIF3L_HUMAN	186	102	124
NIM1_HUMAN	7	101	46
NINJ1_HUMAN	23	109	44
NINJ2_HUMAN	82	103	84
NINL_HUMAN	455	102	331
NIN_HUMAN	368	98	286
NIP7_HUMAN	173	91	121
NIPA1_HUMAN	179	83	122
NIPA2_HUMAN	18	114	48
NIPA3_HUMAN	164	121	111
NIPA4_HUMAN	39	93	54
NIPA_HUMAN	137	80	114
NIPBL_HUMAN	199	113	128
NIPS1_HUMAN	253	96	162
NIPS2_HUMAN	265	117	173
NISCH_HUMAN	185	106	134
NIT1_HUMAN	157	108	103
NIT2_HUMAN	76	102	77
NJMU_HUMAN	60	85	57
NK1R_HUMAN	70	95	55
NK2R_HUMAN	2	97	34
NK3R_HUMAN	77	101	83
NKAI1_HUMAN	65	103	68
NKAI3_HUMAN	7	85	34
NKAI4_HUMAN	3	111	28
NKAPL_HUMAN	25	106	40
NKAP_HUMAN	146	95	105
NKD1_HUMAN	21	77	62
NKD2_HUMAN	36	114	50
NKG2A_HUMAN	161	102	115
NKG2C_HUMAN	49	108	47
NKG2D_HUMAN	28	99	43
NKG2E_HUMAN	26	115	61
NKG2F_HUMAN	39	97	61
NKG7_HUMAN	51	97	60
NKRF_HUMAN	255	107	145
NKTR_HUMAN	97	118	72
NKX11_HUMAN	1	111	29
NKX12_HUMAN	4	105	36
NKX21_HUMAN	178	109	127
NKX22_HUMAN	9	85	51
NKX23_HUMAN	4	108	47
NKX24_HUMAN	15	114	53
NKX25_HUMAN	70	99	68
NKX26_HUMAN	1	113	36
NKX28_HUMAN	8	118	37
NKX31_HUMAN	52	88	48
NKX32_HUMAN	8	98	33
NKX61_HUMAN	3	87	45
NKX62_HUMAN	1	110	40
NLE1_HUMAN	208	119	137
NLGN1_HUMAN	22	93	47
NLGN2_HUMAN	71	92	64
NLGN3_HUMAN	90	91	73
NLGNX_HUMAN	5	104	47
NLGNY_HUMAN	6	100	38
NLK_HUMAN	73	94	72
NLRC3_HUMAN	11	83	50
NLRC4_HUMAN	22	93	53
NLRC5_HUMAN	24	106	46
NLRX1_HUMAN	90	101	75
NLTP_HUMAN	77	116	64
NMBR_HUMAN	1	104	40
NMB_HUMAN	31	99	56
NMD3A_HUMAN	10	110	55
NMD3B_HUMAN	28	118	43
NMD3_HUMAN	119	115	98
NMDE1_HUMAN	66	99	75
NMDE2_HUMAN	78	118	75
NMDE3_HUMAN	18	96	53
NMDE4_HUMAN	13	123	54
NMDZ1_HUMAN	62	98	60
NMES1_HUMAN	200	129	133
NMI_HUMAN	126	100	103
NMNA1_HUMAN	126	96	109
NMNA2_HUMAN	30	105	62
NMNA3_HUMAN	7	112	42
NMRL1_HUMAN	239	97	173
NMS_HUMAN	26	109	54
NMT1_HUMAN	161	105	113
NMT2_HUMAN	75	96	72
NMUR1_HUMAN	1	112	40
NMUR2_HUMAN	29	95	50
NMU_HUMAN	87	104	66
NNAT_HUMAN	1	87	48
NNMT_HUMAN	13	114	41
NNRD_HUMAN	75	111	56
NNRE_HUMAN	65	81	59
NNTM_HUMAN	197	101	138
NO40_HUMAN	109	118	93
NO66_HUMAN	68	93	67
NOA1_HUMAN	123	111	84
NOB1_HUMAN	121	106	95
NOBOX_HUMAN	5	88	32
NOC2L_HUMAN	292	105	200
NOC3L_HUMAN	228	86	148
NOC4L_HUMAN	196	96	150
NOCT_HUMAN	49	101	56
NOD1_HUMAN	33	108	55
NOD2_HUMAN	106	81	69
NODAL_HUMAN	4	124	46
NOE1_HUMAN	23	122	55
NOE2_HUMAN	105	106	86
NOE3_HUMAN	14	119	45
NOG1_HUMAN	433	100	350
NOG2_HUMAN	368	106	279
NOGG_HUMAN	46	110	61
NOL10_HUMAN	157	101	106
NOL11_HUMAN	136	113	85
NOL12_HUMAN	158	109	103
NOL3_HUMAN	37	104	60
NOL4_HUMAN	62	93	53
NOL6_HUMAN	155	109	82
NOL7_HUMAN	94	98	68
NOL8_HUMAN	119	92	92
NOL9_HUMAN	143	105	83
NOLC1_HUMAN	338	92	237
NOM1_HUMAN	163	119	121
NOMO1_HUMAN	196	106	141
NOMO2_HUMAN	64	104	65
NOMO3_HUMAN	73	99	59
NONO_HUMAN	504	102	403
NOP10_HUMAN	90	106	85
NOP14_HUMAN	206	109	152
NOP16_HUMAN	188	108	126
NOP2_HUMAN	424	91	270
NOP56_HUMAN	587	92	496
NOP58_HUMAN	310	111	200
NOS1_HUMAN	45	114	64
NOS2_HUMAN	168	110	113
NOS3_HUMAN	61	108	70
NOSIP_HUMAN	91	100	86
NOSTN_HUMAN	13	106	56
NOTC1_HUMAN	350	106	232
NOTC2_HUMAN	498	101	424
NOTC3_HUMAN	86	101	83
NOTC4_HUMAN	13	108	52
NOTO_HUMAN	30	118	48
NOTUM_HUMAN	5	90	38
NOVA1_HUMAN	17	96	45
NOVA2_HUMAN	15	104	41
NOV_HUMAN	33	99	54
NOX1_HUMAN	17	108	35
NOX3_HUMAN	10	113	32
NOX4_HUMAN	16	98	49
NOX5_HUMAN	13	117	42
NOXA1_HUMAN	59	102	69
NOXIN_HUMAN,DDIAS_HUMAN	16	111	54
NOXO1_HUMAN	34	91	59
NP1L1_HUMAN	387	101	261
NP1L2_HUMAN	34	106	61
NP1L3_HUMAN	29	117	56
NP1L4_HUMAN	218	90	138
NP1L5_HUMAN	59	124	54
NPA1P_HUMAN	149	98	119
NPAL2_HUMAN	5	95	40
NPAL3_HUMAN	255	99	168
NPAS1_HUMAN	247	92	160
NPAS2_HUMAN	41	100	60
NPAS3_HUMAN	9	120	36
NPAS4_HUMAN	5	113	55
NPAT_HUMAN	60	130	54
NPBW1_HUMAN	4	94	53
NPBW2_HUMAN	17	101	39
NPB_HUMAN	27	100	49
NPC1_HUMAN	379	83	270
NPC2_HUMAN	66	84	79
NPCL1_HUMAN	49	118	47
NPDC1_HUMAN	70	106	67
NPFF1_HUMAN	1	108	35
NPFF2_HUMAN	5	120	40
NPFF_HUMAN	2	95	30
NPHN_HUMAN	24	110	55
NPHP1_HUMAN	98	87	75
NPHP3_HUMAN	36	117	52
NPHP4_HUMAN	106	132	83
NPIP_HUMAN,NPIA1_HUMAN	2	115	43
NPL4_HUMAN	224	95	139
NPL_HUMAN	7	108	40
NPM2_HUMAN	12	105	55
NPM3_HUMAN	314	103	197
NPM_HUMAN	1297	100	1450
NPNT_HUMAN	7	103	41
NPPL2_HUMAN,NPB15_HUMAN	2	117	33
NPRL2_HUMAN	93	110	63
NPRL3_HUMAN	81	94	77
NPS3A_HUMAN	107	72	86
NPS3B_HUMAN	20	130	44
NPSR1_HUMAN	34	93	52
NPT1_HUMAN	9	112	51
NPT2A_HUMAN	49	123	57
NPT2B_HUMAN	126	118	88
NPT2C_HUMAN	8	98	38
NPT3_HUMAN	56	101	68
NPT4_HUMAN	18	101	45
NPTN_HUMAN	304	95	206
NPTX1_HUMAN	86	106	88
NPTX2_HUMAN	21	87	57
NPTX3_HUMAN	2	93	47
NPTXR_HUMAN	32	99	58
NPW_HUMAN	19	91	59
NPY1R_HUMAN	4	100	29
NPY2R_HUMAN	65	99	76
NPY4R_HUMAN	1	89	47
NPY5R_HUMAN	3	95	48
NPY6R_HUMAN	1	123	32
NPY_HUMAN	14	106	42
NQO1_HUMAN	92	112	88
NQO2_HUMAN	37	106	52
NR0B1_HUMAN	20	126	55
NR0B2_HUMAN	66	104	80
NR1D1_HUMAN	26	113	54
NR1D2_HUMAN	63	98	64
NR1H2_HUMAN	73	112	61
NR1H3_HUMAN	55	115	68
NR1H4_HUMAN	26	107	49
NR1I2_HUMAN	48	91	64
NR1I3_HUMAN	38	106	47
NR2C1_HUMAN	85	81	79
NR2C2_HUMAN	1392	96	1855
NR2CA_HUMAN	11	91	40
NR2E1_HUMAN	36	108	55
NR2E3_HUMAN	30	93	52
NR2F6_HUMAN	41	107	75
NR3L1_HUMAN	66	90	69
NR4A1_HUMAN	211	98	139
NR4A2_HUMAN	24	112	53
NR4A3_HUMAN	46	121	68
NR5A2_HUMAN	36	101	38
NR6A1_HUMAN	7	108	43
NRAM1_HUMAN	33	99	52
NRAM2_HUMAN	121	122	102
NRAP_HUMAN	17	105	44
NRARP_HUMAN	2	118	30
NRBF2_HUMAN	76	111	71
NRBP2_HUMAN	63	109	72
NRBP_HUMAN	135	97	113
NRCAM_HUMAN	35	90	46
NRDC_HUMAN	142	97	105
NREP_HUMAN	18	98	49
NRF1_HUMAN	74	104	99
NRG1_HUMAN	105	105	97
NRG2_HUMAN	5	121	44
NRG3_HUMAN	3	107	46
NRG4_HUMAN	5	117	40
NRIP1_HUMAN	159	112	129
NRIP2_HUMAN	6	96	58
NRIP3_HUMAN	13	115	54
NRK1_HUMAN	6	130	37
NRK2_HUMAN	6	115	54
NRK_HUMAN	7	93	41
NRL_HUMAN	4	90	41
NRM_HUMAN	83	118	74
NRN1L_HUMAN	2	106	28
NRN1_HUMAN	39	100	64
NRP1_HUMAN	326	92	240
NRP2_HUMAN	55	105	50
NRSN1_HUMAN	176	118	123
NRSN2_HUMAN	17	95	48
NRTN_HUMAN	3	107	42
NRX1A_HUMAN	121	105	100
NRX1B_HUMAN	1	108	44
NRX2A_HUMAN	18	103	43
NRX2B_HUMAN	8	128	34
NRX3A_HUMAN	29	91	51
NRX3B_HUMAN	16	120	43
NS1BP_HUMAN	154	109	100
NSA2_HUMAN	231	105	126
NSD1_HUMAN	121	92	99
NSD2_HUMAN	361	113	224
NSD3_HUMAN	120	97	85
NSDHL_HUMAN	186	110	122
NSE1_HUMAN	33	115	67
NSE2_HUMAN	38	101	72
NSE4A_HUMAN	52	94	59
NSF1C_HUMAN	166	108	122
NSF_HUMAN	268	88	167
NSG1_HUMAN	42	79	64
NSG2_HUMAN	29	114	56
NSL1_HUMAN	52	95	60
NSMA2_HUMAN	33	101	60
NSMA3_HUMAN	181	88	117
NSMA_HUMAN	362	113	268
NSN5B_HUMAN	58	108	69
NSN5C_HUMAN	14	92	48
NSRP1_HUMAN	199	91	140
NSUN2_HUMAN	305	96	200
NSUN3_HUMAN	36	101	62
NSUN4_HUMAN	87	94	79
NSUN5_HUMAN	79	107	73
NSUN6_HUMAN	14	97	52
NSUN7_HUMAN	7	106	45
NT2NL_HUMAN	380	114	277
NT5C_HUMAN	42	102	72
NT5D1_HUMAN	32	98	54
NT5D2_HUMAN	131	97	99
NT5D3_HUMAN	50	116	58
NT5D4_HUMAN	2	122	34
NTAL_HUMAN	8	93	45
NTAN1_HUMAN	12	118	37
NTAQ1_HUMAN	427	127	307
NTCP2_HUMAN	30	114	51
NTCP4_HUMAN	33	109	55
NTCP5_HUMAN	94	112	76
NTCP7_HUMAN	30	98	55
NTCP_HUMAN	146	104	95
NTF2_HUMAN	103	106	98
NTF3_HUMAN	29	76	56
NTF4_HUMAN	9	102	36
NTHL1_HUMAN,NTH_HUMAN	47	102	63
NTKL_HUMAN	147	105	113
NTM1A_HUMAN	59	88	49
NTNG1_HUMAN	114	85	95
NTNG2_HUMAN	7	95	48
NTPCR_HUMAN	150	97	113
NTR1_HUMAN	65	120	59
NTR2_HUMAN	1	92	37
NTRI_HUMAN	39	116	60
NTRK1_HUMAN	2050	96	2395
NTRK2_HUMAN	146	90	116
NTRK3_HUMAN	375	111	289
NU107_HUMAN	228	105	162
NU133_HUMAN	199	116	140
NU153_HUMAN	231	113	152
NU155_HUMAN	548	94	480
NU160_HUMAN	193	106	122
NU188_HUMAN	169	103	102
NU1M_HUMAN	77	123	86
NU205_HUMAN	267	90	179
NU214_HUMAN	202	87	151
NU2M_HUMAN	23	114	58
NU3M_HUMAN	4	92	29
NU4LM_HUMAN	5	95	48
NU4M_HUMAN	73	115	74
NU5M_HUMAN	74	121	70
NU6M_HUMAN	26	110	39
NUA4L_HUMAN	20	105	43
NUAK1_HUMAN	94	89	84
NUAK2_HUMAN	56	104	56
NUB1_HUMAN	55	102	49
NUBP1_HUMAN	59	86	58
NUBP2_HUMAN	177	109	120
NUBPL_HUMAN	72	90	63
NUCB1_HUMAN	108	108	85
NUCB2_HUMAN	115	116	83
NUCG_HUMAN	61	97	82
NUCKS_HUMAN	221	103	131
NUCL_HUMAN	833	103	865
NUD10_HUMAN	21	103	30
NUD11_HUMAN	10	99	45
NUD12_HUMAN	41	129	43
NUD13_HUMAN	17	94	51
NUD14_HUMAN	21	114	51
NUD15_HUMAN	11	93	42
NUD16_HUMAN	22	80	50
NUD18_HUMAN	38	103	63
NUD19_HUMAN	146	105	119
NUD22_HUMAN	25	102	65
NUDC1_HUMAN	231	117	129
NUDC2_HUMAN	424	113	295
NUDC3_HUMAN	153	104	110
NUDC_HUMAN	321	100	214
NUDT3_HUMAN	107	91	89
NUDT4_HUMAN	15	124	36
NUDT5_HUMAN	81	93	58
NUDT6_HUMAN	21	108	47
NUDT7_HUMAN	1	99	38
NUDT8_HUMAN	24	106	43
NUDT9_HUMAN	48	102	57
NUF2_HUMAN	118	128	92
NUFP1_HUMAN	137	106	105
NUFP2_HUMAN	399	107	284
NUMA1_HUMAN	493	125	392
NUMBL_HUMAN	118	96	98
NUMB_HUMAN	231	102	159
NUP37_HUMAN	71	98	78
NUP43_HUMAN	605	103	530
NUP50_HUMAN	345	92	222
NUP53_HUMAN	442	111	356
NUP54_HUMAN	120	118	90
NUP62_HUMAN	280	97	213
NUP85_HUMAN	152	90	118
NUP88_HUMAN	152	112	113
NUP93_HUMAN	286	111	195
NUP98_HUMAN	342	89	218
NUPL1_HUMAN,NUP58_HUMAN	91	92	83
NUPL2_HUMAN	151	88	89
NUPR1_HUMAN	677	122	583
NUSAP_HUMAN	128	93	92
NUT_HUMAN,NUTM1_HUMAN	55	88	53
NVL_HUMAN	148	101	99
NWD1_HUMAN	5	94	31
NXF1_HUMAN	1353	115	1777
NXF2_HUMAN	63	126	71
NXF3_HUMAN	8	108	32
NXF5_HUMAN	18	87	37
NXNL1_HUMAN	4	133	44
NXNL2_HUMAN	6	93	49
NXN_HUMAN	41	111	68
NXP20_HUMAN	35	106	58
NXPH1_HUMAN	29	108	59
NXPH2_HUMAN	31	99	54
NXPH3_HUMAN	78	126	72
NXPH4_HUMAN	35	124	40
NXRD1_HUMAN	1	100	43
NXT1_HUMAN	35	104	38
NXT2_HUMAN	46	99	58
NYAP1_HUMAN	8	91	46
NYAP2_HUMAN	7	86	31
NYNRI_HUMAN	31	120	59
NYX_HUMAN	17	94	48
O10A4_HUMAN	6	102	35
O10A5_HUMAN	1	104	44
O10AG_HUMAN	5	95	52
O10G2_HUMAN	1	94	31
O10G3_HUMAN	1	107	46
O10G4_HUMAN	7	122	39
O10G7_HUMAN	1	92	37
O10G8_HUMAN	1	109	41
O10G9_HUMAN	5	104	45
O10H1_HUMAN	48	73	69
O10H2_HUMAN	71	104	74
O10H3_HUMAN	8	93	41
O10J1_HUMAN	1	113	40
O10J5_HUMAN	1	110	43
O10K1_HUMAN	1	103	33
O10S1_HUMAN	7	94	37
O10V1_HUMAN	1	126	40
O11G2_HUMAN	4	94	40
O12D3_HUMAN	3	107	49
O13A1_HUMAN	1	94	41
O13C3_HUMAN	34	116	63
O13C4_HUMAN	1	110	33
O13C5_HUMAN	2	112	34
O13C8_HUMAN	1	121	56
O13D1_HUMAN	1	94	39
O13G1_HUMAN	22	103	51
O13J1_HUMAN	8	97	31
O14CZ_HUMAN	1	107	38
O14I1_HUMAN	3	105	36
O14J1_HUMAN	3	113	45
O2A25_HUMAN	1	106	24
O2AE1_HUMAN	1	101	32
O2AG1_HUMAN	1	90	40
O2AJ1_HUMAN	1	103	51
O2T10_HUMAN	3	99	34
O2T11_HUMAN	1	91	50
O2T12_HUMAN	1	106	38
O2T29_HUMAN	1	95	50
O2T33_HUMAN	2	98	37
O2T35_HUMAN	3	106	41
O3FA1_HUMAN	1	96	50
O4A15_HUMAN	1	105	39
O4A16_HUMAN	1	106	48
O4F21_HUMAN	1	113	47
O51A2_HUMAN	1	105	35
O51A4_HUMAN	1	93	39
O51B2_HUMAN	1	100	48
O51B4_HUMAN	1	104	38
O51B5_HUMAN	1	96	33
O51E1_HUMAN	2	107	39
O51E2_HUMAN	10	94	42
O51F2_HUMAN	1	98	42
O51G1_HUMAN	1	101	37
O51L1_HUMAN	1	91	50
O51M1_HUMAN	1	108	47
O51V1_HUMAN	1	87	42
O52B2_HUMAN	17	102	41
O52E2_HUMAN	1	94	37
O52I1_HUMAN	4	102	27
O52K2_HUMAN	4	102	49
O52L1_HUMAN	2	101	49
O52N1_HUMAN	1	105	44
O52N4_HUMAN	3	80	42
O52N5_HUMAN	4	100	52
O52P1_HUMAN	1	107	35
O52W1_HUMAN	1	101	44
O56A1_HUMAN	2	104	45
O56A3_HUMAN	1	117	38
O56B4_HUMAN	1	100	33
O5AC2_HUMAN	2	116	41
O5AR1_HUMAN	1	105	35
O5AS1_HUMAN	1	99	34
O6C70_HUMAN	1	124	44
O6C75_HUMAN	1	107	29
O7E24_HUMAN	1	114	38
OAF_HUMAN	62	94	66
OAS1_HUMAN	81	112	75
OAS2_HUMAN	16	87	40
OAS3_HUMAN	65	113	61
OASL_HUMAN	231	109	147
OAT_HUMAN	232	90	147
OAZ1_HUMAN	38	81	42
OAZ2_HUMAN	12	94	38
OAZ3_HUMAN	44	104	47
OBF1_HUMAN	63	95	58
OBP2A_HUMAN	9	99	43
OBP2B_HUMAN	1	100	42
OBRG_HUMAN	18	106	57
OBSCN_HUMAN	73	94	67
OBSL1_HUMAN	892	81	1021
OC90_HUMAN	22	108	52
OCAD1_HUMAN	496	96	414
OCAD2_HUMAN	78	106	66
OCC1_HUMAN	22	111	49
OCEL1_HUMAN	4	103	36
OCLN_HUMAN	105	102	74
OCM2_HUMAN	7	87	45
OCRL_HUMAN	302	111	174
OCTC_HUMAN	16	97	51
OD3L1_HUMAN	11	95	50
OD3L2_HUMAN	14	101	39
ODAM_HUMAN	20	113	58
ODB2_HUMAN	217	100	141
ODBA_HUMAN	204	107	130
ODBB_HUMAN	68	114	53
ODC_HUMAN	33	101	48
ODF2L_HUMAN	45	120	55
ODF3A_HUMAN	13	120	52
ODF3B_HUMAN	9	107	37
ODFP1_HUMAN	30	96	48
ODFP2_HUMAN	316	90	223
ODFP4_HUMAN	24	103	41
ODO1_HUMAN	261	91	185
ODO2_HUMAN	495	103	393
ODP2_HUMAN	249	99	163
ODPAT_HUMAN	21	107	44
ODPA_HUMAN	735	88	702
ODPB_HUMAN	339	112	211
ODPX_HUMAN	117	125	99
ODR4_HUMAN	132	122	107
OFCC1_HUMAN	17	94	50
OFD1_HUMAN	354	105	267
OFUT1_HUMAN	55	83	53
OFUT2_HUMAN	22	107	51
OGDHL_HUMAN	47	109	73
OGFD1_HUMAN	53	92	61
OGFD2_HUMAN	7	109	58
OGFR_HUMAN	55	91	60
OGG1_HUMAN	19	105	53
OGR1_HUMAN	1	116	41
OGRL1_HUMAN	3	87	31
OGT1_HUMAN	315	104	214
OIT3_HUMAN	65	110	68
OLA1_HUMAN	150	93	84
OLFL3_HUMAN	19	106	55
OLFM4_HUMAN	106	115	105
OLIG1_HUMAN	28	111	53
OLIG2_HUMAN	25	96	57
OLIG3_HUMAN	29	107	53
OLM2A_HUMAN	10	93	51
OLM2B_HUMAN	17	94	45
OLR1_HUMAN	30	102	49
OMA1_HUMAN	157	92	103
OMD_HUMAN	5	105	54
OMGP_HUMAN	6	91	39
OMP_HUMAN	14	99	38
ONCM_HUMAN	15	98	45
ONCO_HUMAN	11	92	38
ONEC2_HUMAN	12	96	37
ONEC3_HUMAN	9	111	54
OOEP_HUMAN	14	99	55
OPA1_HUMAN	241	102	153
OPA3_HUMAN	129	106	102
OPALI_HUMAN	221	94	156
OPCM_HUMAN	22	102	49
OPHN1_HUMAN	10	109	45
OPLA_HUMAN	12	102	53
OPN3_HUMAN	6	111	37
OPN4_HUMAN	5	98	35
OPN5_HUMAN	2	104	39
OPRD_HUMAN	41	87	56
OPRK_HUMAN	13	87	68
OPRM_HUMAN	138	89	99
OPRX_HUMAN	102	97	85
OPSB_HUMAN	3	106	37
OPSD_HUMAN	12	94	52
OPSR_HUMAN	4	102	44
OPSX_HUMAN	1	100	41
OPTN_HUMAN	421	114	308
OPT_HUMAN	15	97	52
OR1A1_HUMAN	2	104	40
OR1A2_HUMAN	3	97	54
OR1C1_HUMAN	1	97	43
OR1D2_HUMAN	2	104	40
OR1D4_HUMAN	25	102	49
OR1E1_HUMAN	3	113	41
OR1E2_HUMAN	1	95	46
OR1FC_HUMAN	1	109	39
OR1G1_HUMAN	1	116	47
OR1L3_HUMAN	3	97	43
OR1M1_HUMAN	25	108	47
OR1N1_HUMAN	1	87	36
OR2A2_HUMAN	1	105	43
OR2A4_HUMAN	145	100	86
OR2B3_HUMAN	2	108	39
OR2F2_HUMAN	1	110	35
OR2G3_HUMAN	1	108	39
OR2G6_HUMAN	16	110	52
OR2H1_HUMAN	2	87	41
OR2H2_HUMAN	2	96	35
OR2J1_HUMAN	1	102	33
OR2K2_HUMAN	6	104	45
OR2LD_HUMAN	6	92	39
OR2M7_HUMAN	22	81	50
OR2S1_HUMAN	2	92	34
OR2T1_HUMAN	4	121	48
OR2T2_HUMAN	1	95	31
OR2T5_HUMAN	1	98	44
OR2T6_HUMAN	1	107	37
OR2W1_HUMAN	1	111	32
OR2W3_HUMAN	2	109	41
OR3A1_HUMAN	4	124	36
OR3A2_HUMAN	2	104	37
OR4B1_HUMAN	1	112	29
OR4C6_HUMAN	1	111	31
OR4CC_HUMAN	1	118	41
OR4CD_HUMAN	1	107	40
OR4CF_HUMAN	1	105	39
OR4D2_HUMAN	4	93	43
OR4D6_HUMAN	3	87	40
OR4E2_HUMAN	2	96	33
OR4F3_HUMAN	1	94	43
OR4K3_HUMAN	3	94	38
OR4KD_HUMAN	1	102	49
OR4KH_HUMAN	2	114	47
OR4L1_HUMAN	1	84	37
OR4M1_HUMAN	2	108	38
OR4N2_HUMAN	29	93	44
OR4N4_HUMAN	1	114	49
OR4N5_HUMAN	1	87	40
OR4Q3_HUMAN	2	107	44
OR4S2_HUMAN	3	93	46
OR4X1_HUMAN	1	77	38
OR4X2_HUMAN	4	89	37
OR5A1_HUMAN	1	117	37
OR5A2_HUMAN	3	111	41
OR5B2_HUMAN	1	112	42
OR5B3_HUMAN	1	96	43
OR5C1_HUMAN	5	112	40
OR5F1_HUMAN	11	102	41
OR5H1_HUMAN	8	92	49
OR5H6_HUMAN	1	112	35
OR5K2_HUMAN	1	85	39
OR5L1_HUMAN	2	95	48
OR5M3_HUMAN	3	107	39
OR5M8_HUMAN	4	108	44
OR5MA_HUMAN	1	122	45
OR5MB_HUMAN	1	98	44
OR5T1_HUMAN	1	105	42
OR6A2_HUMAN	1	87	36
OR6B1_HUMAN	9	120	55
OR6B3_HUMAN	2	114	35
OR6C1_HUMAN	1	96	42
OR6C3_HUMAN	1	95	42
OR6C4_HUMAN	1	111	36
OR6C6_HUMAN	1	105	49
OR6J1_HUMAN	2	109	49
OR6K3_HUMAN	4	95	46
OR6M1_HUMAN	5	105	52
OR6N1_HUMAN	1	92	44
OR6S1_HUMAN	1	115	36
OR6T1_HUMAN	40	108	53
OR6X1_HUMAN	1	102	40
OR7A5_HUMAN	5	105	40
OR7AA_HUMAN	2	117	30
OR7AH_HUMAN	4	109	40
OR7C1_HUMAN	1	127	38
OR7C2_HUMAN	2	98	54
OR7D2_HUMAN	1	87	41
OR7D4_HUMAN	3	116	34
OR7G1_HUMAN	2	121	42
OR8B2_HUMAN	1	125	34
OR8B3_HUMAN	1	101	33
OR8B4_HUMAN	1	108	33
OR8B8_HUMAN	3	99	54
OR8D2_HUMAN	2	113	36
OR8D4_HUMAN	1	89	39
OR8G1_HUMAN	1	107	44
OR8H2_HUMAN	2	101	33
OR8U8_HUMAN	1	87	50
OR9A4_HUMAN	1	102	38
OR9G1_HUMAN	1	109	44
OR9K2_HUMAN	1	93	40
OR9Q2_HUMAN	4	114	39
ORAI2_HUMAN	10	99	57
ORAI3_HUMAN	4	94	44
ORAV1_HUMAN	19	90	44
ORC1_HUMAN	88	129	76
ORC2_HUMAN	109	110	90
ORC3_HUMAN	93	112	72
ORC4_HUMAN	119	89	80
ORC5_HUMAN	83	110	75
ORC6_HUMAN	46	105	61
OREX_HUMAN	4	103	47
ORML1_HUMAN	68	111	62
ORML2_HUMAN	59	95	65
ORML3_HUMAN	68	107	46
ORNT1_HUMAN	77	107	77
ORNT2_HUMAN	6	109	37
ORN_HUMAN	38	117	66
OS9_HUMAN	259	97	166
OSB10_HUMAN	59	116	63
OSB11_HUMAN	152	100	116
OSBL1_HUMAN	42	93	53
OSBL2_HUMAN	35	121	54
OSBL3_HUMAN	129	115	103
OSBL5_HUMAN	57	93	56
OSBL6_HUMAN	89	102	73
OSBL7_HUMAN	13	127	47
OSBL8_HUMAN	303	83	198
OSBL9_HUMAN	113	90	81
OSBP1_HUMAN	134	120	93
OSBP2_HUMAN	25	118	35
OSCAR_HUMAN	3	102	44
OSCP1_HUMAN	14	88	46
OSGEP_HUMAN	149	112	104
OSGI1_HUMAN	51	104	69
OSGI2_HUMAN	3	110	43
OSGP2_HUMAN	7	129	52
OSMR_HUMAN	83	106	86
OSPT_HUMAN	57	119	58
OSR1_HUMAN	2	113	44
OSR2_HUMAN	7	99	50
OST48_HUMAN	417	90	306
OST4_HUMAN	110	97	116
OSTA_HUMAN	48	92	73
OSTB_HUMAN	24	102	55
OSTCN_HUMAN	8	113	40
OSTC_HUMAN	60	118	61
OSTF1_HUMAN	90	102	92
OSTM1_HUMAN	109	98	86
OSTN_HUMAN	4	106	49
OSTP_HUMAN	103	103	84
OTC_HUMAN	104	95	93
OTOAN_HUMAN	14	108	56
OTOF_HUMAN	9	98	51
OTOGL_HUMAN	8	91	40
OTOG_HUMAN	6	92	40
OTOL1_HUMAN	3	104	46
OTOP1_HUMAN	4	75	42
OTOP2_HUMAN	6	109	36
OTOP3_HUMAN	8	90	42
OTOR_HUMAN	2	110	40
OTOSP_HUMAN	7	90	55
OTP_HUMAN	9	95	47
OTU1_HUMAN	513	98	418
OTU6A_HUMAN	32	101	67
OTU6B_HUMAN	94	116	75
OTU7A_HUMAN	24	99	54
OTU7B_HUMAN	70	107	92
OTUB1_HUMAN	511	83	419
OTUB2_HUMAN	92	104	86
OTUD1_HUMAN	170	90	115
OTUD3_HUMAN	50	101	66
OTUD4_HUMAN	247	93	162
OTUD5_HUMAN	51	96	46
OTX1_HUMAN	160	98	110
OTX2_HUMAN	51	108	65
OVCA2_HUMAN	7	95	53
OVCH1_HUMAN	4	119	42
OVCH2_HUMAN	1	117	36
OVGP1_HUMAN	6	106	42
OVOL1_HUMAN	11	94	41
OVOL2_HUMAN	125	103	90
OX1R_HUMAN	7	98	45
OX26_HUMAN	1	94	39
OX2G_HUMAN	7	110	30
OX2R_HUMAN	36	107	64
OXA1L_HUMAN	161	112	95
OXDA_HUMAN	8	116	42
OXDD_HUMAN	3	118	50
OXER1_HUMAN	46	97	54
OXGR1_HUMAN	1	101	43
OXLA_HUMAN	14	111	52
OXND1_HUMAN	19	125	53
OXR1_HUMAN	29	91	49
OXSM_HUMAN	38	100	60
OXSR1_HUMAN	285	108	210
OXYR_HUMAN	17	94	43
OZF_HUMAN	99	116	79
P121A_HUMAN	167	108	131
P121B_HUMAN	1	112	52
P121C_HUMAN	108	104	93
P12L1_HUMAN	5	112	44
P1L12_HUMAN	1	116	38
P20D1_HUMAN	11	110	36
P20D2_HUMAN	64	115	75
P20L1_HUMAN	75	86	62
P210L_HUMAN	4	103	47
P2R3A_HUMAN	58	94	69
P2R3B_HUMAN	28	119	54
P2R3C_HUMAN	41	106	58
P2RX1_HUMAN	24	109	43
P2RX2_HUMAN	68	98	77
P2RX3_HUMAN	6	99	47
P2RX4_HUMAN	56	92	64
P2RX5_HUMAN	31	110	49
P2RX6_HUMAN	60	98	50
P2RX7_HUMAN	21	108	50
P2RY1_HUMAN	56	112	55
P2RY2_HUMAN	107	103	98
P2RY4_HUMAN	3	83	36
P2RY6_HUMAN	374	101	292
P2RY8_HUMAN	210	79	143
P2Y10_HUMAN	111	92	100
P2Y11_HUMAN	6	108	45
P2Y12_HUMAN	62	123	77
P2Y13_HUMAN	1	101	42
P2Y14_HUMAN	4	116	44
P33MX_HUMAN	108	98	70
P3C2A_HUMAN	196	122	136
P3C2B_HUMAN	58	104	53
P3C2G_HUMAN	3	102	34
P3H1_HUMAN	217	107	140
P3H2_HUMAN	41	112	55
P3H3_HUMAN	96	120	88
P3IP1_HUMAN	23	87	41
P3_HUMAN	22	116	53
P4HA1_HUMAN	302	97	219
P4HA2_HUMAN	178	97	120
P4HA3_HUMAN	148	87	100
P4HTM_HUMAN	37	103	59
P4K2A_HUMAN	95	95	73
P4K2B_HUMAN	68	114	61
P4R3A_HUMAN	184	118	131
P4R3B_HUMAN	80	107	82
P52K_HUMAN	107	107	81
P53_HUMAN	2369	86	3271
P55G_HUMAN	209	85	149
P5CR1_HUMAN	218	98	166
P5CR2_HUMAN	210	100	129
P5CR3_HUMAN	134	111	100
P5CS_HUMAN	208	128	120
P5I11_HUMAN	40	92	41
P5I13_HUMAN	6	98	48
P63_HUMAN	164	110	118
P66A_HUMAN	231	105	149
P66B_HUMAN	289	89	184
P73_HUMAN	160	94	125
P85A_HUMAN	467	96	356
P85B_HUMAN	237	101	149
PA1B2_HUMAN	79	102	62
PA1B3_HUMAN	74	100	76
PA1_HUMAN,PAGR1_HUMAN	55	90	65
PA21B_HUMAN	6	111	53
PA24A_HUMAN	60	98	65
PA24B_HUMAN	19	107	64
PA24C_HUMAN	3	112	45
PA24D_HUMAN	30	110	49
PA24E_HUMAN	18	107	38
PA24F_HUMAN	9	91	36
PA2G3_HUMAN	5	102	41
PA2G4_HUMAN	307	100	213
PA2G5_HUMAN	9	116	39
PA2G6_HUMAN,PLPL9_HUMAN	22	103	56
PA2GA_HUMAN	17	127	61
PA2GD_HUMAN	20	119	45
PA2GE_HUMAN	6	105	46
PA2GF_HUMAN	4	99	44
PA2GX_HUMAN	119	111	95
PAAF1_HUMAN	83	118	84
PAB4L_HUMAN	52	89	59
PABP1_HUMAN	699	95	658
PABP2_HUMAN	206	103	148
PABP3_HUMAN	91	108	54
PABP4_HUMAN	483	91	378
PABP5_HUMAN	146	102	119
PACA_HUMAN	45	106	65
PACE1_HUMAN	98	98	84
PACN1_HUMAN	78	96	73
PACN2_HUMAN	187	97	133
PACN3_HUMAN	148	101	91
PACRG_HUMAN	27	105	56
PACRL_HUMAN	19	107	44
PACR_HUMAN	5	96	43
PACS1_HUMAN	54	90	50
PACS2_HUMAN	21	100	50
PADC1_HUMAN	9	104	52
PADI1_HUMAN	6	97	32
PADI2_HUMAN	8	100	45
PADI3_HUMAN	35	104	33
PADI4_HUMAN	29	115	59
PADI6_HUMAN	17	114	44
PAEP_HUMAN	74	93	71
PAF1_HUMAN	210	104	148
PAFA2_HUMAN	16	102	41
PAFA_HUMAN	3	107	42
PAF_HUMAN,PAF15_HUMAN	835	101	901
PAG15_HUMAN	20	94	48
PAG16_HUMAN,HRSL3_HUMAN	11	115	38
PAHO_HUMAN	9	118	35
PAHX_HUMAN	25	100	61
PAI1_HUMAN	58	113	65
PAI2B_HUMAN	50	103	50
PAI2_HUMAN	118	90	97
PAIP1_HUMAN	155	108	85
PAIP2_HUMAN	64	111	69
PAIRB_HUMAN	1482	91	1894
PAK1_HUMAN	236	99	161
PAK2_HUMAN	246	111	154
PAK3_HUMAN	44	97	56
PAK4_HUMAN	365	99	254
PAK6_HUMAN	72	114	74
PAK7_HUMAN	135	122	101
PAL4A_HUMAN	26	103	50
PAL4B_HUMAN,PAL4D_HUMAN	18	96	43
PALB2_HUMAN	85	115	83
PALD_HUMAN	91	103	80
PALLD_HUMAN	120	104	88
PALM2_HUMAN	67	91	67
PALM3_HUMAN	14	95	55
PALMD_HUMAN	148	97	117
PALM_HUMAN	86	81	76
PAMR1_HUMAN	3	85	40
PAN2_HUMAN	391	98	261
PAN3_HUMAN	66	90	57
PANK1_HUMAN	8	117	36
PANK2_HUMAN	34	87	58
PANK3_HUMAN	12	98	45
PANK4_HUMAN	93	91	91
PANP_HUMAN	15	98	44
PANX1_HUMAN	281	100	202
PANX2_HUMAN	10	113	43
PANX3_HUMAN	2	96	40
PAOX_HUMAN	2	91	36
PAP1L_HUMAN	30	98	58
PAP1M_HUMAN	12	83	48
PAPD1_HUMAN	153	99	105
PAPD5_HUMAN	149	114	115
PAPD7_HUMAN	13	89	52
PAPL_HUMAN,ACP7_HUMAN	24	107	47
PAPOA_HUMAN	94	89	80
PAPOB_HUMAN	8	121	58
PAPOG_HUMAN	34	93	50
PAPP1_HUMAN	22	104	51
PAPP2_HUMAN	5	101	37
PAPS1_HUMAN	101	93	61
PAPS2_HUMAN	71	104	73
PAQR3_HUMAN	26	98	42
PAQR4_HUMAN	8	109	54
PAQR6_HUMAN	8	102	43
PAQR9_HUMAN	8	108	32
PAQRA_HUMAN	8	88	49
PAQRB_HUMAN	24	111	46
PAR10_HUMAN	22	99	37
PAR11_HUMAN	15	101	46
PAR12_HUMAN	60	95	64
PAR14_HUMAN	55	113	74
PAR15_HUMAN	3	107	47
PAR16_HUMAN	56	106	65
PAR1_HUMAN	29	84	41
PAR2_HUMAN	177	102	124
PAR3L_HUMAN	49	91	71
PAR3_HUMAN	12	99	58
PAR4_HUMAN	4	95	41
PAR6A_HUMAN	69	109	68
PAR6B_HUMAN	136	100	95
PAR6G_HUMAN	35	96	52
PARD3_HUMAN	301	87	193
PARG_HUMAN	30	117	38
PARI_HUMAN	8	103	43
PARK7_HUMAN	351	128	233
PARL_HUMAN	222	97	151
PARM1_HUMAN	14	106	58
PARN_HUMAN	144	121	102
PARP1_HUMAN	1310	85	1561
PARP2_HUMAN	155	98	110
PARP3_HUMAN	14	105	53
PARP4_HUMAN	49	103	49
PARP6_HUMAN	12	107	39
PARP8_HUMAN	21	88	49
PARP9_HUMAN	36	100	58
PARPT_HUMAN	1538	99	2240
PARVA_HUMAN	84	107	77
PARVB_HUMAN	27	97	58
PARVG_HUMAN	49	110	54
PASD1_HUMAN	4	101	29
PASK_HUMAN	167	97	129
PATE1_HUMAN	122	100	95
PATE2_HUMAN	4	111	41
PATE3_HUMAN	1	96	38
PATL1_HUMAN	179	87	114
PATL2_HUMAN	5	117	37
PATZ1_HUMAN	173	96	116
PAWR_HUMAN	135	97	107
PAX1_HUMAN	3	86	42
PAX2_HUMAN	77	95	70
PAX3_HUMAN	42	125	62
PAX4_HUMAN	16	105	59
PAX5_HUMAN	100	98	90
PAX6_HUMAN	361	100	286
PAX7_HUMAN	126	91	106
PAX8_HUMAN	103	92	77
PAX9_HUMAN	133	97	97
PAXI1_HUMAN	356	111	265
PAXI_HUMAN	335	95	229
PB1_HUMAN	228	87	145
PBIP1_HUMAN	279	107	189
PBLD_HUMAN	22	75	37
PBX1_HUMAN	70	111	77
PBX2_HUMAN	90	113	86
PBX3_HUMAN	89	94	64
PBX4_HUMAN	80	96	77
PC11X_HUMAN	8	101	36
PC11Y_HUMAN	3	92	57
PC4L1_HUMAN	3	111	37
PCAT1_HUMAN	132	95	101
PCAT2_HUMAN	76	111	60
PCBP1_HUMAN	697	85	624
PCBP2_HUMAN	313	122	194
PCBP3_HUMAN	130	107	93
PCBP4_HUMAN	47	108	55
PCCA_HUMAN	145	112	88
PCCB_HUMAN	173	83	111
PCD10_HUMAN	65	97	57
PCD12_HUMAN	22	97	59
PCD15_HUMAN	4	120	40
PCD16_HUMAN	43	101	52
PCD17_HUMAN	42	104	62
PCD18_HUMAN	18	110	41
PCD19_HUMAN	20	100	48
PCD20_HUMAN	88	111	90
PCD23_HUMAN	26	90	47
PCDA1_HUMAN	9	94	44
PCDA2_HUMAN	15	107	54
PCDA3_HUMAN	38	102	69
PCDA4_HUMAN	58	105	54
PCDA5_HUMAN	3	118	31
PCDA6_HUMAN	14	99	55
PCDA7_HUMAN	12	109	56
PCDA8_HUMAN	75	102	70
PCDA9_HUMAN	31	83	61
PCDAA_HUMAN	21	116	55
PCDAB_HUMAN	19	104	35
PCDAC_HUMAN	52	107	49
PCDAD_HUMAN	3	107	43
PCDB1_HUMAN	18	113	41
PCDB2_HUMAN	27	87	63
PCDB3_HUMAN	145	86	121
PCDB4_HUMAN	2	95	42
PCDB5_HUMAN	32	110	61
PCDB6_HUMAN	26	109	45
PCDB7_HUMAN	44	112	51
PCDB8_HUMAN	17	88	40
PCDB9_HUMAN	2	109	46
PCDBA_HUMAN	22	87	48
PCDBB_HUMAN	91	107	58
PCDBC_HUMAN	21	95	58
PCDBD_HUMAN	13	95	43
PCDBE_HUMAN	40	109	54
PCDBF_HUMAN	33	88	59
PCDBG_HUMAN	42	106	46
PCDBI_HUMAN	1	94	53
PCDC1_HUMAN	18	121	45
PCDC2_HUMAN	58	88	72
PCDG1_HUMAN	2	106	44
PCDG2_HUMAN	4	87	34
PCDG3_HUMAN	10	88	36
PCDG4_HUMAN	41	87	50
PCDG5_HUMAN	104	92	82
PCDG6_HUMAN	38	118	62
PCDG7_HUMAN	24	94	57
PCDG8_HUMAN	4	96	51
PCDG9_HUMAN	88	98	92
PCDGA_HUMAN	25	103	47
PCDGB_HUMAN	21	102	51
PCDGC_HUMAN	10	110	46
PCDGD_HUMAN	109	101	85
PCDGE_HUMAN	57	109	68
PCDGF_HUMAN	8	110	42
PCDGG_HUMAN	95	115	90
PCDGH_HUMAN	91	89	73
PCDGI_HUMAN	12	107	47
PCDGJ_HUMAN	7	86	45
PCDGK_HUMAN	74	79	75
PCDGL_HUMAN	92	105	81
PCDGM_HUMAN	21	85	43
PCDH1_HUMAN	80	100	79
PCDH7_HUMAN	286	121	199
PCDH8_HUMAN	6	95	45
PCDH9_HUMAN	39	107	50
PCF11_HUMAN	118	94	84
PCFT_HUMAN	26	113	58
PCGF1_HUMAN	203	99	175
PCGF2_HUMAN	89	94	79
PCGF3_HUMAN	89	123	88
PCGF5_HUMAN	100	123	91
PCGF6_HUMAN	211	103	153
PCH2_HUMAN	284	101	189
PCID2_HUMAN	94	97	70
PCIF1_HUMAN	22	116	45
PCKGC_HUMAN	108	100	99
PCKGM_HUMAN	115	99	98
PCLI1_HUMAN	25	121	41
PCLO_HUMAN	59	102	59
PCM1_HUMAN	457	114	350
PCMD1_HUMAN	23	117	30
PCMD2_HUMAN	29	99	59
PCNA_HUMAN	743	104	749
PCNP_HUMAN	91	110	71
PCNT_HUMAN	244	108	163
PCOC1_HUMAN	16	99	48
PCOC2_HUMAN	30	109	51
PCOTH_HUMAN	1	105	53
PCP2_HUMAN	12	103	37
PCP4_HUMAN	52	102	59
PCP_HUMAN	73	116	64
PCSK1_HUMAN	18	114	51
PCSK4_HUMAN	2	110	40
PCSK5_HUMAN	105	110	82
PCSK6_HUMAN	60	110	66
PCSK7_HUMAN	6	91	46
PCSK9_HUMAN	74	108	62
PCTL_HUMAN	15	106	38
PCX1_HUMAN	13	93	54
PCX2_HUMAN	12	93	39
PCX3_HUMAN	82	99	83
PCY1A_HUMAN	145	103	110
PCY1B_HUMAN	25	102	48
PCY2_HUMAN	40	118	66
PCYOX_HUMAN	106	113	78
PCYXL_HUMAN	41	119	56
PD1L1_HUMAN	380	94	280
PD1L2_HUMAN	44	108	64
PD2R_HUMAN	9	118	42
PDC10_HUMAN	105	109	79
PDC6I_HUMAN	276	111	160
PDCD1_HUMAN	87	103	67
PDCD2_HUMAN	47	107	66
PDCD4_HUMAN	187	101	121
PDCD5_HUMAN	95	108	82
PDCD6_HUMAN	210	102	139
PDCD7_HUMAN	49	118	44
PDCL2_HUMAN	7	127	54
PDCL3_HUMAN	107	113	78
PDD2L_HUMAN	75	107	69
PDDC1_HUMAN	64	123	78
PDE10_HUMAN	5	115	38
PDE11_HUMAN	1	107	39
PDE12_HUMAN	129	126	91
PDE1A_HUMAN	5	132	39
PDE1B_HUMAN	4	107	46
PDE1C_HUMAN	11	91	44
PDE2A_HUMAN	132	99	97
PDE3A_HUMAN	81	109	68
PDE3B_HUMAN	138	97	126
PDE4A_HUMAN	25	90	46
PDE4B_HUMAN	21	106	49
PDE4C_HUMAN	10	88	50
PDE4D_HUMAN	66	105	67
PDE5A_HUMAN	17	114	56
PDE6A_HUMAN	11	92	51
PDE6B_HUMAN	8	95	48
PDE6C_HUMAN	8	97	41
PDE6D_HUMAN	65	116	69
PDE7A_HUMAN	19	96	37
PDE7B_HUMAN	11	112	34
PDE8A_HUMAN	20	98	61
PDE8B_HUMAN	7	107	43
PDE9A_HUMAN	55	111	69
PDGFA_HUMAN	23	107	59
PDGFB_HUMAN	84	105	85
PDGFC_HUMAN	10	103	40
PDGFD_HUMAN	23	116	52
PDIA1_HUMAN	462	108	333
PDIA2_HUMAN	26	86	64
PDIA3_HUMAN	501	103	404
PDIA4_HUMAN	512	101	431
PDIA5_HUMAN	113	108	77
PDIA6_HUMAN	349	112	214
PDILT_HUMAN	3	101	48
PDIP2_HUMAN	238	85	174
PDIP3_HUMAN	229	106	153
PDK1L_HUMAN	22	114	37
PDK1_HUMAN	357	95	265
PDK2_HUMAN	35	107	73
PDK3_HUMAN	123	115	72
PDK4_HUMAN	50	119	69
PDLI1_HUMAN	100	101	85
PDLI2_HUMAN	34	99	60
PDLI3_HUMAN	22	106	64
PDLI4_HUMAN	26	104	38
PDLI5_HUMAN	229	88	158
PDLI7_HUMAN	291	74	213
PDP1_HUMAN	117	88	95
PDP2_HUMAN	19	102	52
PDPFL_HUMAN	1	119	48
PDPK1_HUMAN	202	89	132
PDPN_HUMAN	18	102	49
PDPR_HUMAN	103	87	86
PDRG1_HUMAN	104	102	74
PDS5A_HUMAN	270	103	197
PDS5B_HUMAN	185	110	111
PDX1_HUMAN	14	106	51
PDXD1_HUMAN	216	85	159
PDXD2_HUMAN	13	100	53
PDXK_HUMAN	79	107	68
PDXL2_HUMAN	66	99	59
PDYN_HUMAN	12	115	55
PDZ11_HUMAN	67	116	70
PDZ1I_HUMAN	77	103	65
PDZ1P_HUMAN	31	96	52
PDZD2_HUMAN	24	89	50
PDZD4_HUMAN	21	115	51
PDZD6_HUMAN	50	98	61
PDZD7_HUMAN	7	120	40
PDZD8_HUMAN	448	102	326
PE2R1_HUMAN	3	108	48
PE2R2_HUMAN	4	92	46
PE2R3_HUMAN	119	112	83
PE2R4_HUMAN	48	106	80
PEA15_HUMAN	90	90	68
PEAK1_HUMAN	161	89	115
PEAR1_HUMAN	11	93	52
PEBB_HUMAN	109	89	87
PEBP1_HUMAN	279	115	180
PEBP4_HUMAN	7	115	42
PECA1_HUMAN	28	95	54
PECR_HUMAN	27	95	56
PEDF_HUMAN	35	113	58
PEF1_HUMAN	111	96	77
PEG10_HUMAN	113	104	72
PEG3_HUMAN	17	102	53
PELI1_HUMAN	61	107	81
PELI2_HUMAN	50	103	65
PELI3_HUMAN	33	91	65
PELO_HUMAN	122	96	94
PELP1_HUMAN	186	90	132
PEMT_HUMAN	40	106	54
PEN2_HUMAN	82	115	71
PENK_HUMAN	11	94	44
PEO1_HUMAN	138	123	121
PEPA3_HUMAN	1	109	42
PEPA4_HUMAN	10	106	49
PEPA_HUMAN	11	86	47
PEPC_HUMAN	5	94	44
PEPD_HUMAN	95	80	68
PEPL1_HUMAN	42	94	53
PEPL_HUMAN	190	100	137
PER1_HUMAN	85	99	75
PER2_HUMAN	141	91	116
PER3_HUMAN	19	87	49
PERE_HUMAN	17	100	47
PERF_HUMAN	51	125	51
PERI_HUMAN	211	98	151
PERL_HUMAN	8	86	47
PERM_HUMAN	67	102	65
PERP1_HUMAN,MZB1_HUMAN	10	92	49
PERP_HUMAN	6	121	44
PERQ1_HUMAN	254	105	172
PERQ2_HUMAN	283	105	207
PESC_HUMAN	260	99	158
PEVR1_HUMAN	15	100	59
PEVR2_HUMAN	18	101	43
PEX10_HUMAN	30	100	47
PEX12_HUMAN	42	93	65
PEX13_HUMAN	29	102	65
PEX14_HUMAN	251	97	176
PEX16_HUMAN	66	100	53
PEX19_HUMAN	208	89	138
PEX1_HUMAN	96	87	78
PEX26_HUMAN	12	111	55
PEX2_HUMAN	22	95	49
PEX3_HUMAN	192	99	139
PEX5R_HUMAN	9	90	41
PEX5_HUMAN	167	99	107
PEX6_HUMAN	88	91	73
PEX7_HUMAN	211	89	130
PF21A_HUMAN	348	109	227
PF21B_HUMAN	18	90	38
PF2R_HUMAN	18	87	52
PF4V_HUMAN	7	110	51
PFD1_HUMAN	190	110	143
PFD2_HUMAN	266	103	172
PFD3_HUMAN	208	108	144
PFD4_HUMAN	131	104	118
PFD5_HUMAN	313	94	240
PFD6_HUMAN	171	109	111
PG12A_HUMAN	14	110	42
PG12B_HUMAN	4	105	44
PG2IP_HUMAN	2	95	45
PGAM1_HUMAN	201	104	120
PGAM2_HUMAN	79	85	88
PGAM4_HUMAN	37	118	55
PGAM5_HUMAN	288	84	180
PGAP1_HUMAN	36	101	53
PGAP2_HUMAN	43	88	58
PGAP3_HUMAN	8	102	44
PGBD1_HUMAN	34	99	52
PGBD2_HUMAN	4	107	34
PGBD3_HUMAN	6	104	39
PGBD4_HUMAN	1	95	40
PGBD5_HUMAN	7	101	40
PGBM_HUMAN	98	94	82
PGCA_HUMAN	9	100	53
PGCB_HUMAN	31	98	51
PGCP_HUMAN	21	114	45
PGDH_HUMAN	7	97	46
PGES2_HUMAN	114	122	93
PGFRA_HUMAN	375	111	256
PGFRB_HUMAN	301	104	177
PGFRL_HUMAN	49	87	78
PGFS_HUMAN	13	103	39
PGH1_HUMAN	14	112	49
PGH2_HUMAN	46	94	70
PGK1_HUMAN	336	102	212
PGK2_HUMAN	51	112	62
PGLT1_HUMAN	81	92	65
PGM1_HUMAN	120	118	111
PGM2L_HUMAN	21	104	49
PGM2_HUMAN	78	99	54
PGM5_HUMAN	11	116	50
PGPIL_HUMAN	2	119	33
PGPI_HUMAN	17	101	44
PGPS1_HUMAN	14	97	39
PGP_HUMAN	29	113	56
PGRC1_HUMAN	410	88	276
PGRC2_HUMAN	296	114	200
PGRP1_HUMAN	6	101	49
PGRP2_HUMAN	1	117	46
PGRP3_HUMAN	11	102	46
PGRP4_HUMAN	1	108	44
PGS1_HUMAN	15	118	36
PGS2_HUMAN	41	112	61
PGTA_HUMAN	85	97	78
PGTB1_HUMAN	22	98	51
PGTB2_HUMAN	98	101	93
PH4H_HUMAN	9	104	43
PHAG1_HUMAN	70	134	68
PHAR1_HUMAN	11	109	45
PHAR2_HUMAN	35	105	46
PHAR3_HUMAN	37	110	60
PHAR4_HUMAN	108	101	111
PHAX_HUMAN	163	126	129
PHB2_HUMAN	571	100	478
PHB_HUMAN	1158	97	1571
PHC1_HUMAN	80	106	82
PHC2_HUMAN	159	98	100
PHC3_HUMAN	88	98	71
PHEX_HUMAN	3	115	44
PHF10_HUMAN	143	99	115
PHF11_HUMAN	136	100	108
PHF12_HUMAN	109	117	83
PHF13_HUMAN	13	90	45
PHF14_HUMAN	94	98	80
PHF19_HUMAN	83	119	77
PHF1_HUMAN	163	96	98
PHF20_HUMAN	43	116	51
PHF23_HUMAN	39	84	42
PHF2_HUMAN	123	110	77
PHF3_HUMAN	116	119	100
PHF5A_HUMAN	158	108	116
PHF6_HUMAN	176	98	124
PHF7_HUMAN	39	80	73
PHF8_HUMAN	186	109	131
PHIPL_HUMAN	52	127	50
PHIP_HUMAN	199	104	119
PHKG1_HUMAN	5	105	44
PHKG2_HUMAN	321	91	219
PHLA1_HUMAN	60	95	57
PHLA2_HUMAN	22	97	41
PHLA3_HUMAN	100	114	88
PHLB1_HUMAN	56	110	45
PHLB2_HUMAN	154	108	109
PHLB3_HUMAN	85	84	80
PHLD_HUMAN	7	110	49
PHLP1_HUMAN	348	107	248
PHLP2_HUMAN	36	104	51
PHLP_HUMAN	133	98	85
PHOCN_HUMAN	150	89	106
PHOP1_HUMAN	57	103	66
PHOP2_HUMAN	12	109	41
PHOS_HUMAN	13	95	41
PHP14_HUMAN	59	96	75
PHRF1_HUMAN	71	83	70
PHS2_HUMAN	46	101	54
PHS_HUMAN	89	107	71
PHTF1_HUMAN	18	98	53
PHTF2_HUMAN	21	93	41
PHX2A_HUMAN	5	98	44
PHX2B_HUMAN	5	107	40
PHYD1_HUMAN	6	99	32
PHYIP_HUMAN	42	114	67
PI15_HUMAN	87	108	68
PI16_HUMAN	21	98	60
PI2R_HUMAN	68	102	76
PI3R4_HUMAN	108	113	105
PI3R5_HUMAN	9	114	48
PI3R6_HUMAN	16	68	40
PI42A_HUMAN	225	131	148
PI42B_HUMAN	91	112	76
PI42C_HUMAN	143	94	98
PI4KA_HUMAN	243	128	163
PI4KB_HUMAN	64	115	72
PI4P1_HUMAN	34	117	47
PI4P2_HUMAN	4	93	36
PI51A_HUMAN	185	87	113
PI51B_HUMAN	12	91	57
PI51C_HUMAN	50	115	82
PI5L1_HUMAN	5	103	49
PI5PA_HUMAN	23	100	46
PIAS1_HUMAN	332	102	249
PIAS2_HUMAN	179	101	115
PIAS3_HUMAN	87	117	75
PIAS4_HUMAN	167	103	109
PIBF1_HUMAN	202	100	146
PICAL_HUMAN	285	97	182
PICK1_HUMAN	504	103	395
PIDD_HUMAN,PIDD1_HUMAN	46	94	61
PIEZ1_HUMAN	68	92	88
PIEZ2_HUMAN	2	108	42
PIF1_HUMAN	15	111	55
PIFO_HUMAN	8	109	36
PIGA_HUMAN	58	97	80
PIGB_HUMAN	21	96	60
PIGC_HUMAN	8	94	40
PIGF_HUMAN	26	104	53
PIGG_HUMAN	83	106	63
PIGH_HUMAN	178	88	136
PIGL_HUMAN	3	108	45
PIGM_HUMAN	40	85	48
PIGN_HUMAN	84	111	76
PIGO_HUMAN	84	118	82
PIGP_HUMAN	36	94	54
PIGQ_HUMAN	54	98	61
PIGR_HUMAN	141	103	101
PIGS_HUMAN	159	88	106
PIGT_HUMAN	239	80	153
PIGU_HUMAN	108	96	87
PIGV_HUMAN	2	105	47
PIGW_HUMAN	37	90	47
PIGX_HUMAN	6	100	31
PIGY_HUMAN	5	106	50
PIGZ_HUMAN	3	97	32
PIHD1_HUMAN	743	107	678
PIHD2_HUMAN	70	96	59
PILRA_HUMAN	26	91	42
PILRB_HUMAN	45	103	73
PIM1_HUMAN	115	108	88
PIM2_HUMAN	33	97	49
PIM3_HUMAN	63	109	66
PIMT_HUMAN	292	96	180
PIN1_HUMAN	385	110	268
PIN4_HUMAN	83	95	85
PININ_HUMAN	326	94	212
PINK1_HUMAN	676	110	620
PINL_HUMAN	1	102	31
PINX1_HUMAN	187	102	122
PIPNA_HUMAN	39	117	61
PIPNB_HUMAN	58	108	60
PIPSL_HUMAN	260	95	181
PIP_HUMAN	237	118	150
PIR_HUMAN	82	113	76
PISD_HUMAN	81	114	81
PIT1_HUMAN	29	114	50
PITC1_HUMAN	23	106	38
PITH1_HUMAN	50	102	54
PITM1_HUMAN	13	87	58
PITM2_HUMAN	8	107	55
PITM3_HUMAN	15	108	38
PITX1_HUMAN	124	123	92
PITX2_HUMAN	66	113	92
PITX3_HUMAN	4	99	53
PIWL1_HUMAN	19	105	46
PIWL2_HUMAN	14	114	49
PIWL3_HUMAN	7	93	43
PIWL4_HUMAN	17	92	48
PJA1_HUMAN	78	99	73
PJA2_HUMAN	170	105	128
PJVK_HUMAN	1	97	38
PK1IP_HUMAN	131	101	100
PK1L1_HUMAN	7	108	37
PK1L2_HUMAN	22	98	45
PK1L3_HUMAN	5	101	29
PK2L1_HUMAN	5	102	38
PK2L2_HUMAN	11	102	39
PK3C3_HUMAN	107	120	84
PK3CA_HUMAN	263	99	189
PK3CB_HUMAN	96	104	62
PK3CD_HUMAN	21	95	54
PK3CG_HUMAN	39	110	54
PKCB1_HUMAN	216	105	147
PKD1_HUMAN	44	96	54
PKD2_HUMAN	89	111	76
PKDCC_HUMAN	1	102	50
PKDRE_HUMAN	9	99	37
PKH4B_HUMAN	28	107	48
PKHA1_HUMAN	103	97	87
PKHA2_HUMAN	91	103	77
PKHA3_HUMAN	26	98	48
PKHA4_HUMAN	2942	104	2860
PKHA5_HUMAN	250	89	145
PKHA6_HUMAN	38	108	58
PKHA7_HUMAN	689	97	595
PKHA8_HUMAN	14	117	54
PKHA9_HUMAN	1	111	40
PKHB1_HUMAN	34	102	53
PKHB2_HUMAN	81	101	72
PKHD1_HUMAN	14	114	38
PKHF1_HUMAN	12	118	49
PKHF2_HUMAN	193	116	138
PKHG1_HUMAN	69	107	75
PKHG2_HUMAN	30	105	51
PKHG3_HUMAN	124	92	90
PKHG4_HUMAN	159	101	119
PKHG5_HUMAN	28	87	42
PKHG6_HUMAN	42	102	47
PKHG7_HUMAN	149	106	87
PKHH1_HUMAN	37	95	56
PKHH2_HUMAN	29	90	45
PKHH3_HUMAN	64	114	69
PKHJ1_HUMAN	31	114	58
PKHL1_HUMAN	5	92	36
PKHM1_HUMAN	55	92	47
PKHM2_HUMAN	18	85	47
PKHM3_HUMAN	27	80	54
PKHMP_HUMAN	3	102	28
PKHN1_HUMAN	65	104	69
PKHO1_HUMAN	83	93	74
PKHO2_HUMAN	38	86	69
PKN1_HUMAN	140	104	100
PKN2_HUMAN	197	108	136
PKN3_HUMAN	182	124	141
PKNX1_HUMAN	69	101	63
PKNX2_HUMAN	45	110	56
PKP1_HUMAN	149	101	95
PKP2_HUMAN	289	114	192
PKP3_HUMAN	159	100	102
PKP4_HUMAN	171	101	108
PKR1_HUMAN	20	113	34
PKR2_HUMAN	6	88	39
PKRI1_HUMAN	40	103	59
PL8L1_HUMAN	19	108	39
PLA1A_HUMAN	6	104	36
PLA2R_HUMAN	4	111	34
PLAC1_HUMAN	24	96	55
PLAC2_HUMAN	3	101	43
PLAC4_HUMAN	1	114	34
PLAC8_HUMAN	25	105	62
PLAC9_HUMAN	27	119	57
PLACL_HUMAN,OOSP2_HUMAN	1	109	46
PLAG1_HUMAN	12	99	44
PLAK_HUMAN	505	114	400
PLAL1_HUMAN	18	109	41
PLAL2_HUMAN	65	118	77
PLAP_HUMAN	118	103	84
PLB1_HUMAN	18	106	59
PLBL1_HUMAN	96	107	75
PLBL2_HUMAN	46	89	41
PLCA_HUMAN	268	108	189
PLCB1_HUMAN	53	121	53
PLCB2_HUMAN	17	97	60
PLCB3_HUMAN	100	123	82
PLCB4_HUMAN	34	97	60
PLCB_HUMAN	81	116	65
PLCC_HUMAN	101	103	93
PLCD1_HUMAN	60	108	48
PLCD3_HUMAN	130	104	100
PLCD4_HUMAN	29	124	50
PLCD_HUMAN	90	114	72
PLCE1_HUMAN	17	118	55
PLCE_HUMAN	73	108	76
PLCG1_HUMAN	305	116	213
PLCG2_HUMAN	83	104	71
PLCH1_HUMAN	71	106	61
PLCH2_HUMAN	11	112	53
PLCL1_HUMAN	7	97	41
PLCL2_HUMAN	23	111	44
PLCX1_HUMAN	7	114	37
PLCX2_HUMAN	6	95	29
PLCX3_HUMAN	3	117	39
PLCZ1_HUMAN	15	101	60
PLD1_HUMAN	139	84	111
PLD2_HUMAN	147	85	111
PLD3_HUMAN	273	88	176
PLD4_HUMAN	81	102	76
PLD5_HUMAN	55	93	76
PLD6_HUMAN	152	93	102
PLDN_HUMAN,BL1S6_HUMAN	79	91	62
PLDX1_HUMAN	5	113	39
PLEC_HUMAN	455	99	345
PLEK2_HUMAN	15	91	47
PLEK_HUMAN	16	93	35
PLF4_HUMAN	16	105	40
PLGF_HUMAN	6	112	51
PLHD1_HUMAN	1	116	45
PLIN1_HUMAN	13	104	54
PLIN2_HUMAN	35	106	64
PLIN3_HUMAN	139	108	99
PLIN4_HUMAN	9	94	49
PLIN5_HUMAN	10	80	33
PLK1_HUMAN	840	114	918
PLK2_HUMAN	68	131	65
PLK3_HUMAN	35	97	61
PLK4_HUMAN	138	98	117
PLLP_HUMAN	66	118	72
PLMN_HUMAN	82	116	65
PLM_HUMAN	16	121	54
PLOD1_HUMAN	272	85	175
PLOD2_HUMAN	190	117	134
PLOD3_HUMAN	191	99	127
PLP2_HUMAN	118	80	97
PLPL1_HUMAN	20	84	43
PLPL2_HUMAN	46	92	77
PLPL3_HUMAN	7	101	47
PLPL4_HUMAN	11	102	42
PLPL5_HUMAN	33	92	58
PLPL6_HUMAN	125	108	86
PLPL7_HUMAN	10	105	51
PLPL8_HUMAN	65	125	62
PLPP_HUMAN	29	101	47
PLRG1_HUMAN	200	89	126
PLRKT_HUMAN	84	110	78
PLS1_HUMAN	172	109	118
PLS2_HUMAN	16	111	37
PLS3_HUMAN	48	113	58
PLS4_HUMAN	80	103	66
PLS5_HUMAN	3	96	38
PLSI_HUMAN	134	116	99
PLSL_HUMAN	109	115	89
PLST_HUMAN	255	97	172
PLTP_HUMAN	60	86	60
PLVAP_HUMAN	14	110	59
PLXA1_HUMAN	138	124	94
PLXA2_HUMAN	97	116	71
PLXA3_HUMAN	106	102	95
PLXA4_HUMAN	37	103	51
PLXB1_HUMAN	42	110	45
PLXB2_HUMAN	196	109	123
PLXB3_HUMAN	18	112	42
PLXC1_HUMAN	18	97	45
PLXD1_HUMAN	42	104	55
PM14_HUMAN,SF3B6_HUMAN	213	92	159
PM2L1_HUMAN	5	102	50
PM2L2_HUMAN	1	91	40
PM2L3_HUMAN	4	87	34
PM2L5_HUMAN	1	107	31
PM34_HUMAN	77	113	76
PME17_HUMAN	62	102	69
PMEL_HUMAN	61	95	63
PMEPA_HUMAN	57	108	62
PMF1_HUMAN	98	86	83
PMFBP_HUMAN	10	88	48
PMGE_HUMAN	30	96	45
PMGT1_HUMAN	115	110	100
PML_HUMAN	921	99	1146
PMM1_HUMAN	22	117	42
PMM2_HUMAN	48	93	48
PMP22_HUMAN	76	106	62
PMS1_HUMAN	116	104	88
PMS2L_HUMAN	1	92	42
PMS2_HUMAN	98	127	79
PMVK_HUMAN	97	116	73
PMYT1_HUMAN	144	97	116
PNCB_HUMAN	50	102	61
PNDC1_HUMAN	15	113	57
PNISR_HUMAN	54	88	64
PNKD_HUMAN	148	84	109
PNKP_HUMAN	135	80	110
PNM6A_HUMAN	28	99	56
PNMA1_HUMAN	203	95	150
PNMA2_HUMAN	339	106	244
PNMA3_HUMAN	17	96	56
PNMA5_HUMAN	64	116	69
PNML1_HUMAN	118	110	98
PNML2_HUMAN	1	114	46
PNMT_HUMAN	5	115	46
PNO1_HUMAN	134	104	81
PNOC_HUMAN	16	106	39
PNPH_HUMAN	97	91	90
PNPO_HUMAN	47	83	57
PNPT1_HUMAN	165	94	124
PNRC1_HUMAN	24	111	43
PNRC2_HUMAN	33	100	56
PO210_HUMAN	228	92	155
PO2F1_HUMAN	164	108	115
PO2F2_HUMAN	28	101	59
PO2F3_HUMAN	7	93	37
PO3F1_HUMAN	15	110	49
PO3F2_HUMAN	14	116	37
PO3F3_HUMAN	23	131	41
PO3F4_HUMAN	3	107	42
PO4F1_HUMAN	7	97	46
PO4F2_HUMAN	78	124	67
PO4F3_HUMAN	12	93	45
PO5F1_HUMAN	333	116	220
PO5F2_HUMAN	2	112	56
PO6F1_HUMAN	3	108	42
PO6F2_HUMAN	149	103	113
POC1A_HUMAN	70	89	70
POC1B_HUMAN	79	96	79
POC5_HUMAN	290	99	199
PODN_HUMAN	18	95	42
PODO_HUMAN	5	105	39
PODXL_HUMAN	92	96	57
POF1B_HUMAN	236	115	138
POGK_HUMAN	29	93	52
POGZ_HUMAN	276	105	195
POK3_HUMAN	10	110	50
POLH_HUMAN	82	108	78
POLI_HUMAN	36	105	48
POLK_HUMAN	56	99	55
POLS3_HUMAN	2	86	48
POMP_HUMAN	65	89	70
POMT1_HUMAN	59	98	60
POMT2_HUMAN	60	93	72
PON1_HUMAN	23	99	51
PON2_HUMAN	233	109	130
PON3_HUMAN	6	108	46
PONL1_HUMAN	9	108	47
POP1_HUMAN	277	103	166
POP5_HUMAN	35	112	51
POP7_HUMAN	69	91	63
POPD1_HUMAN	17	94	45
POPD2_HUMAN	41	119	66
POPD3_HUMAN	1	105	39
PORCN_HUMAN	8	105	40
PORED_HUMAN	5	81	45
PORIM_HUMAN	6	92	40
POSTN_HUMAN	12	123	47
POTE1_HUMAN	235	100	168
POTEA_HUMAN	5	84	29
POTEC_HUMAN	11	97	52
POTED_HUMAN	1	117	43
POTEE_HUMAN	141	92	97
POTEF_HUMAN	237	114	154
POTEG_HUMAN	10	109	50
POTEH_HUMAN	2	102	44
POTEI_HUMAN	79	98	71
POTEJ_HUMAN	7	95	34
POTEM_HUMAN	2	103	46
POZP3_HUMAN	9	99	47
PP12C_HUMAN	60	103	72
PP13G_HUMAN	1	100	52
PP13_HUMAN	13	122	26
PP14A_HUMAN	14	109	40
PP14B_HUMAN	30	107	35
PP14C_HUMAN	9	116	44
PP14D_HUMAN	4	109	35
PP16A_HUMAN	60	121	70
PP16B_HUMAN	66	99	55
PP1A_HUMAN	679	104	627
PP1B_HUMAN	492	95	354
PP1G_HUMAN	756	90	744
PP1R7_HUMAN	109	94	84
PP1R8_HUMAN	92	127	90
PP1RA_HUMAN	181	112	128
PP1RB_HUMAN	18	107	42
PP2AA_HUMAN	461	110	325
PP2AB_HUMAN	287	113	187
PP2BA_HUMAN	149	103	113
PP2BB_HUMAN	91	96	77
PP2BC_HUMAN	73	93	43
PP4C_HUMAN	157	111	110
PP4R1_HUMAN	80	122	80
PP4R2_HUMAN	119	114	99
PP4R4_HUMAN	15	119	32
PP4RL_HUMAN	86	100	97
PP6R1_HUMAN	193	102	129
PP6R2_HUMAN	125	99	74
PP6R3_HUMAN	270	113	186
PPA5_HUMAN	41	107	47
PPA6_HUMAN	45	106	63
PPAC2_HUMAN,PLPP6_HUMAN	75	86	61
PPAC3_HUMAN,PLPP7_HUMAN	1	102	35
PPAC_HUMAN	108	101	92
PPAL_HUMAN	104	101	87
PPAP_HUMAN	148	89	113
PPARA_HUMAN	84	114	72
PPARD_HUMAN	125	98	109
PPARG_HUMAN	289	98	199
PPAT_HUMAN	1	109	45
PPB1_HUMAN	130	98	114
PPBI_HUMAN	76	113	73
PPBN_HUMAN	40	94	60
PPBT_HUMAN	30	87	41
PPC1A_HUMAN,PLPP4_HUMAN	51	102	60
PPC1B_HUMAN,PLPP5_HUMAN	2	108	42
PPCEL_HUMAN	120	114	81
PPCE_HUMAN	94	115	83
PPCS_HUMAN	38	116	46
PPCT_HUMAN	12	107	48
PPDPF_HUMAN	12	109	43
PPE1_HUMAN	49	108	60
PPE2_HUMAN	24	96	52
PPGB_HUMAN	126	98	122
PPHLN_HUMAN	146	115	118
PPIA_HUMAN	899	102	1027
PPIB_HUMAN	369	107	251
PPIC_HUMAN	30	87	53
PPID_HUMAN	101	99	84
PPIE_HUMAN	270	97	182
PPIF_HUMAN	155	115	97
PPIG_HUMAN	132	115	99
PPIH_HUMAN	125	110	90
PPIL1_HUMAN	132	97	101
PPIL2_HUMAN	80	119	69
PPIL3_HUMAN	77	112	70
PPIL4_HUMAN	172	103	112
PPIL6_HUMAN	6	102	52
PPIP1_HUMAN	105	106	84
PPIP2_HUMAN	30	100	53
PPL13_HUMAN	51	99	66
PPLA_HUMAN	72	114	68
PPM1A_HUMAN	159	89	123
PPM1B_HUMAN	231	113	158
PPM1D_HUMAN	67	114	72
PPM1E_HUMAN	42	88	48
PPM1F_HUMAN	72	88	63
PPM1G_HUMAN	353	88	248
PPM1H_HUMAN	139	91	85
PPM1J_HUMAN	25	102	41
PPM1K_HUMAN	54	110	55
PPM1L_HUMAN	26	92	41
PPM1M_HUMAN	53	98	53
PPM1N_HUMAN	1	124	38
PPMBL_HUMAN	3	95	46
PPME1_HUMAN	151	111	102
PPN_HUMAN	18	107	40
PPOX_HUMAN	83	97	71
PPP5_HUMAN	208	101	132
PPP6_HUMAN	240	109	151
PPR17_HUMAN	1	89	28
PPR18_HUMAN	136	120	94
PPR1A_HUMAN	11	112	41
PPR1B_HUMAN	7	98	32
PPR1C_HUMAN	1	83	42
PPR21_HUMAN	76	89	83
PPR26_HUMAN	16	119	53
PPR27_HUMAN	10	93	38
PPR29_HUMAN	29	108	46
PPR32_HUMAN	78	107	77
PPR35_HUMAN	11	112	42
PPR36_HUMAN	5	99	44
PPR37_HUMAN	39	106	43
PPR3A_HUMAN	53	107	55
PPR3B_HUMAN	25	89	48
PPR3C_HUMAN	32	93	52
PPR3D_HUMAN	24	85	53
PPR3E_HUMAN	11	115	48
PPR3F_HUMAN	16	117	39
PPR42_HUMAN	3	118	41
PPRC1_HUMAN	25	110	45
PPT1_HUMAN	287	118	184
PPT2_HUMAN	46	118	57
PPTC7_HUMAN	80	99	62
PPWD1_HUMAN	48	105	49
PQBP1_HUMAN	102	108	84
PQLC1_HUMAN	26	93	38
PQLC2_HUMAN,LAAT1_HUMAN	12	99	53
PQLC3_HUMAN	2	112	40
PR14L_HUMAN	61	118	62
PR15A_HUMAN	140	122	82
PR15B_HUMAN	85	104	67
PR20C_HUMAN	20	91	52
PR20D_HUMAN	78	115	64
PR20E_HUMAN	20	104	50
PR23B_HUMAN	6	99	36
PR285_HUMAN,HELZ2_HUMAN	71	104	70
PR38A_HUMAN	162	111	110
PR38B_HUMAN	113	86	88
PR40A_HUMAN	440	102	297
PR40B_HUMAN	20	111	51
PRA10_HUMAN	3	106	40
PRA12_HUMAN	4	106	51
PRA17_HUMAN	12	97	45
PRA20_HUMAN	2	95	45
PRA22_HUMAN	1	106	39
PRA25_HUMAN	1	110	35
PRAF1_HUMAN	143	97	103
PRAF2_HUMAN	114	102	92
PRAF3_HUMAN	201	103	170
PRAM2_HUMAN	14	103	41
PRAM4_HUMAN	2	104	30
PRAM5_HUMAN	7	111	41
PRAM8_HUMAN	2	100	42
PRAM9_HUMAN	13	104	52
PRAME_HUMAN	103	92	99
PRAM_HUMAN	44	120	57
PRAP1_HUMAN	18	100	50
PRAX_HUMAN	24	119	53
PRB2_HUMAN	6	107	53
PRB3_HUMAN	16	102	39
PRB4_HUMAN	3	97	46
PRC1_HUMAN	959	76	1226
PRC2A_HUMAN	388	103	275
PRC2B_HUMAN	277	105	205
PRC2C_HUMAN	295	102	215
PRCA1_HUMAN	3	84	50
PRCC_HUMAN	91	109	67
PRCD_HUMAN	3	86	49
PRCM_HUMAN	40	112	59
PRD10_HUMAN	71	95	65
PRD11_HUMAN	21	101	45
PRD12_HUMAN	3	109	34
PRD13_HUMAN	10	103	45
PRD14_HUMAN	95	104	91
PRD15_HUMAN	83	127	69
PRD16_HUMAN	194	112	122
PRDBP_HUMAN	72	102	74
PRDC1_HUMAN	39	85	51
PRDM1_HUMAN	82	102	58
PRDM2_HUMAN	41	79	40
PRDM4_HUMAN	22	130	55
PRDM5_HUMAN	58	107	58
PRDM6_HUMAN	89	123	88
PRDM7_HUMAN	13	90	42
PRDM8_HUMAN	4	126	49
PRDM9_HUMAN	8	97	55
PRDX1_HUMAN	440	92	326
PRDX2_HUMAN	337	112	229
PRDX3_HUMAN	327	105	207
PRDX4_HUMAN	234	85	162
PRDX5_HUMAN	176	112	132
PRDX6_HUMAN	264	91	167
PREB_HUMAN	193	103	140
PRELP_HUMAN	35	96	75
PREP_HUMAN	162	97	119
PREX1_HUMAN	67	96	53
PREX2_HUMAN	23	98	45
PREY_HUMAN	2	111	52
PRG2_HUMAN	293	112	197
PRG3_HUMAN	98	107	87
PRG4_HUMAN	11	100	51
PRGC1_HUMAN	69	107	71
PRGC2_HUMAN	26	103	47
PRGR_HUMAN	134	117	113
PRI1_HUMAN	107	88	89
PRI2_HUMAN	99	103	61
PRIC1_HUMAN	21	101	54
PRIC2_HUMAN	15	108	34
PRIC3_HUMAN	81	103	59
PRIC4_HUMAN	15	101	55
PRIMA_HUMAN	1	94	39
PRIO_HUMAN,APRIO_HUMAN,PRIO_HUMAN	2195	75	3544
PRIP1_HUMAN	18	104	37
PRKDC_HUMAN	753	103	767
PRKN2_HUMAN	3378	111	5608
PRKRA_HUMAN	409	95	302
PRKX_HUMAN	43	90	58
PRKY_HUMAN	139	102	111
PRLD1_HUMAN	44	117	66
PRLD2_HUMAN	17	97	56
PRLHR_HUMAN	4	108	38
PRLR_HUMAN	22	95	55
PRL_HUMAN	6	91	48
PRM2_HUMAN	39	115	57
PRM3_HUMAN	2	110	40
PRND_HUMAN	8	119	49
PROC_HUMAN	17	108	47
PROD2_HUMAN	2	108	40
PROD_HUMAN	12	88	40
PROF1_HUMAN	517	112	418
PROF2_HUMAN	157	102	105
PROF3_HUMAN	9	126	47
PROF4_HUMAN	1	117	37
PROK1_HUMAN	4	112	41
PROK2_HUMAN	12	117	38
PROL1_HUMAN	7	107	52
PROL4_HUMAN	65	100	69
PROM1_HUMAN	44	94	49
PROM2_HUMAN	9	102	36
PROP1_HUMAN	63	98	86
PROP_HUMAN	52	115	45
PROSC_HUMAN	125	100	106
PROS_HUMAN	59	91	81
PROX1_HUMAN	44	99	64
PROZ_HUMAN	41	94	51
PRP16_HUMAN	182	115	125
PRP17_HUMAN	125	90	91
PRP18_HUMAN	103	117	92
PRP19_HUMAN	464	118	313
PRP1_HUMAN	16	117	51
PRP31_HUMAN	382	106	258
PRP39_HUMAN	62	103	60
PRP4B_HUMAN	330	98	273
PRP4_HUMAN	266	95	159
PRP6_HUMAN	386	118	263
PRP8_HUMAN	790	119	832
PRPC_HUMAN	24	100	50
PRPF3_HUMAN	276	111	167
PRPH2_HUMAN	32	120	57
PRPK_HUMAN	234	99	163
PRPS1_HUMAN	222	102	132
PRPS2_HUMAN	244	110	173
PRPS3_HUMAN	36	95	53
PRR10_HUMAN	1	101	43
PRR11_HUMAN	139	118	116
PRR12_HUMAN	118	91	90
PRR13_HUMAN	55	111	58
PRR14_HUMAN	37	114	61
PRR15_HUMAN	6	107	48
PRR16_HUMAN,LARGN_HUMAN	12	94	38
PRR19_HUMAN	11	108	43
PRR20_HUMAN	108	109	82
PRR22_HUMAN	31	98	60
PRR25_HUMAN	1	101	43
PRR3_HUMAN	278	106	202
PRR5L_HUMAN	23	111	48
PRR5_HUMAN	49	91	59
PRR7_HUMAN	5	107	38
PRRC1_HUMAN	60	89	60
PRRP_HUMAN	1	93	48
PRRT1_HUMAN	7	109	35
PRRT2_HUMAN	33	107	47
PRRT3_HUMAN	6	112	31
PRRT4_HUMAN	2	112	38
PRRX1_HUMAN	15	87	50
PRRX2_HUMAN	1	113	34
PRS10_HUMAN	375	96	243
PRS23_HUMAN	50	102	60
PRS27_HUMAN	1	100	39
PRS33_HUMAN	12	94	43
PRS35_HUMAN	36	131	54
PRS37_HUMAN	14	121	50
PRS38_HUMAN	1	94	43
PRS41_HUMAN	2	109	34
PRS42_HUMAN	5	95	37
PRS45_HUMAN	5	120	45
PRS46_HUMAN	1	96	35
PRS48_HUMAN	4	104	40
PRS4_HUMAN	375	105	261
PRS53_HUMAN	2	78	45
PRS56_HUMAN	3	105	46
PRS6A_HUMAN	443	97	352
PRS6B_HUMAN	354	113	240
PRS7_HUMAN	385	94	258
PRS8_HUMAN	492	92	386
PRSR1_HUMAN	36	105	62
PRSS8_HUMAN	65	86	63
PRTG_HUMAN	16	105	42
PRTN3_HUMAN	87	105	74
PRUN2_HUMAN	33	117	50
PRUNE_HUMAN	37	128	41
PRVA_HUMAN	5	109	44
PRY_HUMAN	1	103	40
PS1C1_HUMAN	1	113	38
PS1C2_HUMAN	26	121	48
PSA1_HUMAN	512	104	407
PSA2_HUMAN	238	107	132
PSA3_HUMAN	474	95	384
PSA4_HUMAN	515	95	412
PSA5_HUMAN	355	106	256
PSA6_HUMAN	342	102	269
PSA7L_HUMAN	73	101	46
PSA7_HUMAN	292	90	184
PSA_HUMAN	200	104	127
PSB10_HUMAN	92	100	79
PSB11_HUMAN	7	97	38
PSB1_HUMAN	361	109	265
PSB2_HUMAN	223	92	124
PSB3_HUMAN	219	119	131
PSB4_HUMAN	233	101	165
PSB5_HUMAN	271	83	169
PSB6_HUMAN	240	96	142
PSB7_HUMAN	215	106	119
PSB8_HUMAN	108	100	87
PSB9_HUMAN	82	106	72
PSCA_HUMAN	150	106	121
PSD10_HUMAN	210	95	135
PSD11_HUMAN	374	105	268
PSD12_HUMAN	332	120	251
PSD13_HUMAN	330	113	229
PSD1_HUMAN	12	126	42
PSD2_HUMAN	15	107	47
PSD3_HUMAN	73	91	71
PSD4_HUMAN	20	104	52
PSD7_HUMAN,PSMD7_HUMAN	281	101	177
PSDE_HUMAN	536	112	443
PSF1_HUMAN	39	121	63
PSF2_HUMAN	52	97	63
PSF3_HUMAN	71	104	77
PSG10_HUMAN	2	95	41
PSG11_HUMAN	62	85	72
PSG1_HUMAN	51	96	50
PSG2_HUMAN	2	99	35
PSG3_HUMAN	31	110	63
PSG4_HUMAN	9	102	49
PSG5_HUMAN	4	95	46
PSG6_HUMAN	5	117	45
PSG7_HUMAN	2	112	35
PSG8_HUMAN	46	93	56
PSG9_HUMAN	25	90	42
PSIP1_HUMAN	207	95	146
PSL1_HUMAN	230	109	150
PSL4_HUMAN	57	107	59
PSMD1_HUMAN	425	101	331
PSMD2_HUMAN	471	98	370
PSMD3_HUMAN	823	103	931
PSMD4_HUMAN	355	99	254
PSMD5_HUMAN	121	101	87
PSMD6_HUMAN	337	94	205
PSMD8_HUMAN	180	91	128
PSMD9_HUMAN	178	97	105
PSME1_HUMAN	280	109	196
PSME2_HUMAN	135	119	95
PSME3_HUMAN	414	109	292
PSME4_HUMAN	97	109	85
PSMF1_HUMAN	98	97	75
PSMG1_HUMAN	106	83	84
PSMG2_HUMAN	74	99	64
PSMG3_HUMAN	97	102	81
PSMG4_HUMAN	55	85	60
PSN1_HUMAN	234	100	140
PSN2_HUMAN	86	108	80
PSPB_HUMAN	1	85	50
PSPC1_HUMAN	521	105	376
PSPC_HUMAN	248	101	181
PSPN_HUMAN	5	95	36
PSRC1_HUMAN	67	102	62
PSTK_HUMAN	4	102	45
PSYR_HUMAN	1	97	49
PT117_HUMAN	1	104	43
PTAFR_HUMAN	49	104	55
PTAR1_HUMAN	22	105	39
PTBP1_HUMAN	385	98	310
PTBP2_HUMAN	68	101	56
PTBP3_HUMAN	397	108	281
PTC1_HUMAN	270	89	187
PTC2_HUMAN	16	100	50
PTCA_HUMAN	16	113	43
PTCD1_HUMAN	134	109	97
PTCD2_HUMAN	34	101	63
PTCD3_HUMAN	337	91	250
PTCRA_HUMAN	9	91	43
PTEN_HUMAN	675	99	621
PTER_HUMAN	43	98	49
PTF1A_HUMAN	13	97	34
PTGDS_HUMAN	32	116	60
PTGES_HUMAN	21	102	48
PTGIS_HUMAN	7	112	45
PTGR1_HUMAN	42	112	52
PTGR2_HUMAN	53	90	57
PTH1R_HUMAN	88	90	78
PTH2R_HUMAN	137	118	97
PTH2_HUMAN	243	107	138
PTHB1_HUMAN	22	115	46
PTHD1_HUMAN	38	118	62
PTHD2_HUMAN	8	94	50
PTHD3_HUMAN	30	118	45
PTHR_HUMAN	5	116	25
PTHY_HUMAN	9	106	39
PTH_HUMAN	29	98	64
PTK6_HUMAN	97	106	81
PTK7_HUMAN	157	107	115
PTMA_HUMAN	204	96	139
PTMS_HUMAN	80	124	67
PTN11_HUMAN	607	91	529
PTN12_HUMAN	162	91	106
PTN13_HUMAN	194	99	112
PTN14_HUMAN	179	103	125
PTN18_HUMAN	58	98	72
PTN1_HUMAN	673	85	599
PTN20_HUMAN	11	104	44
PTN21_HUMAN	93	101	72
PTN22_HUMAN	62	105	76
PTN23_HUMAN	171	85	118
PTN2_HUMAN	218	107	142
PTN3_HUMAN	102	107	104
PTN4_HUMAN	65	104	62
PTN5_HUMAN	77	86	72
PTN6_HUMAN	246	88	147
PTN7_HUMAN	61	95	58
PTN9_HUMAN	100	95	84
PTN_HUMAN	107	105	104
PTOV1_HUMAN	68	101	64
PTPA_HUMAN	102	102	85
PTPC1_HUMAN	70	116	63
PTPM1_HUMAN	233	107	186
PTPR2_HUMAN	59	95	64
PTPRA_HUMAN	145	123	107
PTPRB_HUMAN	55	106	69
PTPRC_HUMAN	55	89	62
PTPRD_HUMAN	141	133	110
PTPRE_HUMAN	55	110	66
PTPRF_HUMAN	271	101	184
PTPRG_HUMAN	125	95	100
PTPRH_HUMAN	80	100	79
PTPRJ_HUMAN	117	108	93
PTPRK_HUMAN	208	93	121
PTPRM_HUMAN	67	100	63
PTPRN_HUMAN	128	96	96
PTPRO_HUMAN	156	102	131
PTPRQ_HUMAN	9	112	46
PTPRR_HUMAN	106	105	94
PTPRS_HUMAN	172	92	139
PTPRT_HUMAN	13	115	30
PTPRU_HUMAN	117	102	84
PTPRZ_HUMAN	36	103	56
PTPS_HUMAN	53	94	62
PTRD1_HUMAN	12	96	48
PTRF_HUMAN	389	102	271
PTSS1_HUMAN	222	104	137
PTSS2_HUMAN	111	91	88
PTTG1_HUMAN	50	101	72
PTTG2_HUMAN	9	116	40
PTTG_HUMAN	55	97	67
PTX3_HUMAN	78	103	69
PTX4_HUMAN	2	109	41
PUF60_HUMAN	335	105	229
PUM1_HUMAN	259	102	171
PUM2_HUMAN	136	108	103
PUR1_HUMAN	77	97	69
PUR2_HUMAN	240	102	150
PUR4_HUMAN	179	119	104
PUR6_HUMAN	350	105	222
PUR8_HUMAN	195	98	148
PUR9_HUMAN	168	110	124
PURA1_HUMAN	15	107	38
PURA2_HUMAN	130	111	95
PURA_HUMAN	220	102	155
PURB_HUMAN	133	129	99
PURG_HUMAN	223	98	155
PUS10_HUMAN	6	103	45
PUS3_HUMAN	8	93	47
PUS7L_HUMAN	13	101	37
PUS7_HUMAN	140	88	92
PUSL1_HUMAN	60	101	62
PVRIG_HUMAN	20	92	51
PVRL1_HUMAN	21	85	49
PVRL2_HUMAN	182	96	114
PVRL3_HUMAN	84	107	66
PVRL4_HUMAN	27	105	60
PVR_HUMAN	178	115	144
PWP1_HUMAN	175	97	128
PWP2A_HUMAN	80	105	85
PWP2B_HUMAN	18	115	53
PWP2_HUMAN	138	82	99
PX11A_HUMAN	11	99	58
PX11B_HUMAN	50	104	47
PX11C_HUMAN	8	93	48
PXDC1_HUMAN	12	119	44
PXDC2_HUMAN	82	92	65
PXDNL_HUMAN	19	102	53
PXDN_HUMAN	88	93	57
PXK_HUMAN	39	107	53
PXMP2_HUMAN	284	116	210
PXMP4_HUMAN	11	116	52
PXT1_HUMAN	1	112	42
PYC_HUMAN	233	102	136
PYDC1_HUMAN	3	117	46
PYDC2_HUMAN	5	123	50
PYGB_HUMAN	164	110	116
PYGL_HUMAN	133	98	97
PYGM_HUMAN	88	106	79
PYGO1_HUMAN	23	97	53
PYGO2_HUMAN	52	107	50
PYR1_HUMAN	455	100	337
PYRD1_HUMAN	13	108	37
PYRD2_HUMAN	6	103	39
PYRD_HUMAN	30	111	48
PYRG1_HUMAN	218	134	140
PYRG2_HUMAN	121	123	95
PYY_HUMAN	11	127	38
PZP_HUMAN	19	113	60
PZRN3_HUMAN	40	102	54
PZRN4_HUMAN	4	96	47
P_HUMAN	67	111	50
QCR10_HUMAN	52	104	66
QCR1_HUMAN	241	101	160
QCR2_HUMAN	392	105	261
QCR6_HUMAN	144	106	95
QCR7_HUMAN	139	112	95
QCR8_HUMAN	171	89	140
QCR9_HUMAN	65	105	61
QIL1_HUMAN,MIC13_HUMAN	135	112	80
QKI_HUMAN	194	108	113
QN1_HUMAN,CE162_HUMAN	164	109	138
QORL1_HUMAN	32	109	44
QORX_HUMAN	14	100	42
QOR_HUMAN	176	100	115
QPCTL_HUMAN	109	92	89
QPCT_HUMAN	45	99	55
QRFPR_HUMAN	11	94	42
QRIC1_HUMAN	156	116	90
QRIC2_HUMAN	14	107	43
QSER1_HUMAN	117	117	93
QSOX1_HUMAN	74	104	75
QSOX2_HUMAN	121	101	86
QTRD1_HUMAN	42	96	51
R10B1_HUMAN	2	114	45
R10B2_HUMAN	2	101	49
R113A_HUMAN	685	91	573
R113B_HUMAN	9	103	45
R144A_HUMAN	99	107	70
R144B_HUMAN	79	91	62
R216L_HUMAN	4	103	52
R39L5_HUMAN	61	116	64
R3GEF_HUMAN	53	87	64
R3HC1_HUMAN	6	113	46
R3HCL_HUMAN	22	112	47
R3HD1_HUMAN	88	124	77
R3HD2_HUMAN	128	106	99
R3HD4_HUMAN	3	125	41
R4RL1_HUMAN	11	83	40
R4RL2_HUMAN	13	106	45
R51A1_HUMAN	33	105	44
R51A2_HUMAN	7	105	35
R7BP_HUMAN	4	100	43
R9BP_HUMAN	17	98	43
RA1L2_HUMAN	153	109	96
RA51B_HUMAN	51	94	49
RA51C_HUMAN	52	102	70
RA51D_HUMAN	98	93	82
RA54B_HUMAN	55	109	48
RAB10_HUMAN	224	113	129
RAB12_HUMAN	40	100	59
RAB13_HUMAN	112	94	85
RAB14_HUMAN	298	105	201
RAB15_HUMAN	39	117	48
RAB17_HUMAN	21	99	43
RAB18_HUMAN	180	106	126
RAB19_HUMAN	13	113	42
RAB1A_HUMAN	413	107	323
RAB1B_HUMAN	230	98	162
RAB1C_HUMAN	28	100	47
RAB20_HUMAN	28	97	41
RAB21_HUMAN	139	124	116
RAB23_HUMAN	57	105	73
RAB24_HUMAN	38	101	54
RAB25_HUMAN	263	100	190
RAB26_HUMAN	23	94	57
RAB28_HUMAN	21	107	61
RAB2A_HUMAN	554	101	471
RAB2B_HUMAN	107	111	100
RAB30_HUMAN	37	83	58
RAB31_HUMAN	52	105	67
RAB32_HUMAN	84	94	70
RAB34_HUMAN	93	97	64
RAB35_HUMAN	586	101	488
RAB36_HUMAN	3	109	44
RAB37_HUMAN	10	93	42
RAB38_HUMAN	32	107	52
RAB3A_HUMAN	86	96	94
RAB3B_HUMAN	308	111	222
RAB3C_HUMAN	27	107	53
RAB3D_HUMAN	42	87	72
RAB3I_HUMAN	120	109	76
RAB41_HUMAN	8	94	42
RAB42_HUMAN	2	103	34
RAB43_HUMAN	44	107	44
RAB44_HUMAN	1	113	52
RAB4A_HUMAN	465	115	362
RAB4B_HUMAN	37	101	57
RAB5A_HUMAN	700	110	603
RAB5B_HUMAN	149	105	105
RAB5C_HUMAN	601	98	511
RAB6A_HUMAN	159	102	118
RAB6B_HUMAN	126	119	84
RAB6C_HUMAN	15	111	53
RAB7A_HUMAN	910	93	1032
RAB7B_HUMAN	14	105	40
RAB7L_HUMAN	97	99	78
RAB8A_HUMAN	218	108	128
RAB8B_HUMAN	77	92	75
RAB9A_HUMAN	602	117	506
RAB9B_HUMAN	32	121	42
RABE1_HUMAN	181	123	117
RABE2_HUMAN	93	125	83
RABEK_HUMAN	35	120	50
RABL3_HUMAN	196	100	128
RABL5_HUMAN,IFT22_HUMAN	53	118	59
RABP1_HUMAN	17	110	42
RABP2_HUMAN	92	109	76
RABX5_HUMAN	164	105	126
RAC1_HUMAN	1008	100	1283
RAC2_HUMAN	676	96	678
RAC3_HUMAN	626	98	560
RAD17_HUMAN	93	108	81
RAD18_HUMAN	451	104	335
RAD1_HUMAN	45	105	51
RAD21_HUMAN	376	108	234
RAD26_HUMAN	7	94	57
RAD50_HUMAN	398	112	286
RAD51_HUMAN	214	103	144
RAD52_HUMAN	66	116	67
RAD54_HUMAN	12	93	53
RAD9A_HUMAN	54	123	61
RAD9B_HUMAN	10	97	46
RADIL_HUMAN	54	81	63
RADI_HUMAN	299	112	195
RAD_HUMAN	16	101	43
RAE1L_HUMAN	288	98	192
RAE1_HUMAN	104	96	76
RAE2_HUMAN	59	110	70
RAF1_HUMAN	1942	99	2381
RAG1_HUMAN	25	97	51
RAG2_HUMAN	6	99	50
RAGE_HUMAN	34	114	54
RAGP1_HUMAN	309	102	206
RAI14_HUMAN	237	121	161
RAI1_HUMAN	118	103	76
RAI2_HUMAN	23	104	62
RAI3_HUMAN	111	115	89
RAIN_HUMAN	19	114	45
RALA_HUMAN	150	118	113
RALB_HUMAN	82	108	74
RALYL_HUMAN	64	110	75
RALY_HUMAN	383	103	277
RAMP1_HUMAN	34	116	52
RAMP2_HUMAN	76	96	71
RAMP3_HUMAN	198	114	143
RAM_HUMAN	78	111	107
RANB3_HUMAN	116	105	97
RANB9_HUMAN	464	95	319
RANG_HUMAN	235	100	188
RAN_HUMAN	488	108	388
RAP1A_HUMAN	162	124	102
RAP1B_HUMAN	210	101	121
RAP2A_HUMAN	97	119	81
RAP2B_HUMAN	39	114	68
RAP2C_HUMAN	67	108	54
RAPH1_HUMAN	70	108	74
RAPSN_HUMAN	19	103	62
RARA_HUMAN	189	120	132
RARB_HUMAN	29	99	45
RARG_HUMAN	48	104	53
RARR2_HUMAN	4	96	44
RAS4B_HUMAN	1	112	31
RASA1_HUMAN	150	95	109
RASA2_HUMAN	23	78	52
RASA3_HUMAN	35	83	60
RASD1_HUMAN	40	82	68
RASEF_HUMAN	25	103	45
RASE_HUMAN	4	97	42
RASF1_HUMAN	100	103	84
RASF2_HUMAN	44	125	65
RASF3_HUMAN	48	81	63
RASF4_HUMAN	11	108	45
RASF5_HUMAN	63	110	62
RASF6_HUMAN	11	107	44
RASF7_HUMAN	52	104	69
RASF8_HUMAN	109	106	100
RASF9_HUMAN	39	93	43
RASFA_HUMAN	61	113	54
RASH_HUMAN	692	106	641
RASK_HUMAN	1288	93	1415
RASL1_HUMAN	8	123	37
RASL2_HUMAN	13	111	51
RASL3_HUMAN	28	100	54
RASLC_HUMAN	7	119	49
RASM_HUMAN	17	92	62
RASN_HUMAN	709	76	648
RAVR1_HUMAN	180	108	114
RAVR2_HUMAN	19	92	47
RAX2_HUMAN	1	112	37
RB11A_HUMAN	856	110	983
RB11B_HUMAN	169	119	120
RB12B_HUMAN	68	82	64
RB15B_HUMAN	109	102	101
RB22A_HUMAN	28	121	42
RB27A_HUMAN	85	103	77
RB27B_HUMAN	40	108	60
RB33A_HUMAN	38	91	67
RB33B_HUMAN	56	99	71
RB39A_HUMAN	55	105	57
RB39B_HUMAN	64	102	74
RB3GP_HUMAN	173	107	100
RB40A_HUMAN	27	87	61
RB40B_HUMAN	27	91	55
RB40C_HUMAN	32	117	51
RB40L_HUMAN	15	115	47
RB6I2_HUMAN	201	120	120
RBAK_HUMAN	63	110	65
RBBP4_HUMAN	587	108	506
RBBP5_HUMAN	285	108	193
RBBP6_HUMAN	238	99	157
RBBP7_HUMAN	524	100	389
RBBP9_HUMAN	10	108	46
RBCC1_HUMAN	359	89	257
RBEL1_HUMAN,RABL6_HUMAN	137	108	107
RBFA_HUMAN	71	108	63
RBG10_HUMAN	28	104	47
RBG1L_HUMAN	121	102	98
RBGP1_HUMAN	125	102	99
RBGPR_HUMAN	161	89	108
RBL1_HUMAN	120	105	90
RBL2A_HUMAN	27	99	41
RBL2B_HUMAN	11	102	47
RBL2_HUMAN	82	110	79
RBM10_HUMAN	271	113	170
RBM11_HUMAN	173	118	133
RBM12_HUMAN	143	127	104
RBM14_HUMAN	572	115	482
RBM15_HUMAN	211	117	150
RBM18_HUMAN	15	108	55
RBM19_HUMAN	213	108	155
RBM20_HUMAN	42	98	56
RBM22_HUMAN	172	105	117
RBM23_HUMAN	96	96	74
RBM24_HUMAN	37	104	57
RBM25_HUMAN	325	98	247
RBM26_HUMAN	146	109	100
RBM27_HUMAN	166	113	118
RBM28_HUMAN	363	103	240
RBM33_HUMAN	126	89	92
RBM34_HUMAN	299	98	215
RBM38_HUMAN	25	99	57
RBM39_HUMAN	1055	116	1366
RBM3_HUMAN	168	115	101
RBM40_HUMAN	46	102	58
RBM41_HUMAN	40	85	50
RBM42_HUMAN	342	98	256
RBM43_HUMAN	11	100	38
RBM44_HUMAN	1	99	28
RBM45_HUMAN	203	88	146
RBM46_HUMAN	9	113	30
RBM47_HUMAN	203	118	157
RBM48_HUMAN	72	123	59
RBM4B_HUMAN	264	101	188
RBM4_HUMAN	283	114	169
RBM5_HUMAN	140	111	87
RBM6_HUMAN	132	107	99
RBM7_HUMAN	127	93	92
RBM8A_HUMAN	464	102	316
RBMS1_HUMAN	206	91	155
RBMS2_HUMAN	238	99	141
RBMS3_HUMAN	54	115	60
RBMX2_HUMAN	128	98	106
RBMX_HUMAN	476	110	397
RBNS5_HUMAN	57	86	63
RBP10_HUMAN	134	95	103
RBP17_HUMAN	18	108	34
RBP1_HUMAN	178	86	123
RBP2_HUMAN	373	116	253
RBP56_HUMAN	352	108	235
RBPJL_HUMAN	9	100	44
RBPMS_HUMAN	357	109	241
RBPS2_HUMAN	83	108	83
RBSK_HUMAN	19	106	54
RBTN1_HUMAN	159	108	132
RBTN2_HUMAN	256	88	177
RBX1_HUMAN	538	87	478
RBX2_HUMAN	140	96	101
RBY1A_HUMAN	29	98	41
RBY1B_HUMAN	1	107	29
RBY1D_HUMAN	1	115	44
RBY1E_HUMAN	2	100	47
RBY1F_HUMAN	34	106	58
RB_HUMAN	362	88	265
RC3H1_HUMAN	666	94	612
RC3H2_HUMAN	657	98	600
RCAN1_HUMAN	53	109	68
RCAN2_HUMAN	25	109	38
RCAN3_HUMAN	17	108	37
RCAS1_HUMAN	297	101	194
RCBT1_HUMAN	34	114	59
RCBT2_HUMAN	52	105	62
RCC1_HUMAN	199	92	141
RCC2_HUMAN	242	89	173
RCCD1_HUMAN	87	109	81
RCD1_HUMAN	227	119	160
RCL1_HUMAN	116	116	78
RCL_HUMAN,DNPH1_HUMAN	17	118	47
RCN1_HUMAN	284	103	204
RCN2_HUMAN	340	84	233
RCN3_HUMAN	29	86	56
RCOR1_HUMAN	507	125	478
RCOR2_HUMAN	33	119	52
RCOR3_HUMAN	176	99	129
RD21L_HUMAN	1	122	27
RD23A_HUMAN	256	112	171
RD23B_HUMAN	233	110	172
RD3L_HUMAN	2	109	38
RD3_HUMAN	15	98	38
RDH10_HUMAN	28	99	42
RDH11_HUMAN	152	96	85
RDH12_HUMAN	47	101	61
RDH13_HUMAN	89	124	91
RDH14_HUMAN	48	120	58
RDH16_HUMAN	1	99	40
RDH1_HUMAN	8	97	42
RDH8_HUMAN	8	114	43
RDHE2_HUMAN	38	104	52
RDM1_HUMAN	8	117	45
REBL1_HUMAN	6	105	52
REC8_HUMAN	40	100	48
RECK_HUMAN	53	100	63
RECO_HUMAN	18	105	40
RECQ1_HUMAN	313	112	207
RECQ4_HUMAN	1409	95	1802
RECQ5_HUMAN	113	93	85
RED1_HUMAN	449	126	324
RED2_HUMAN	17	100	45
RED_HUMAN	216	109	112
REEP1_HUMAN	30	106	65
REEP2_HUMAN	73	108	67
REEP3_HUMAN	34	93	48
REEP4_HUMAN	209	111	144
REEP5_HUMAN	398	94	296
REEP6_HUMAN	120	100	99
REG1A_HUMAN	8	98	40
REG1B_HUMAN	6	109	37
REG3A_HUMAN	15	100	36
REG3G_HUMAN	1	91	48
REG4_HUMAN	8	107	41
REL1_HUMAN	94	106	87
REL2_HUMAN	11	101	51
REL3_HUMAN	3	98	28
RELB_HUMAN	115	99	101
RELL1_HUMAN	87	97	80
RELL2_HUMAN	48	117	52
RELN_HUMAN	9	103	44
REL_HUMAN	405	108	332
REM1_HUMAN	7	115	43
REM2_HUMAN	3	116	46
REN3A_HUMAN	52	102	65
REN3B_HUMAN	142	94	91
RENBP_HUMAN	5	98	45
RENI_HUMAN	13	100	47
RENR_HUMAN	327	102	251
RENT1_HUMAN	529	97	426
RENT2_HUMAN	181	98	123
REP15_HUMAN	20	110	44
REPI1_HUMAN	110	106	75
REPS1_HUMAN	113	94	79
REPS2_HUMAN	31	102	54
REQU_HUMAN	343	106	246
RER1_HUMAN	196	98	123
RERE_HUMAN	95	100	78
RERG_HUMAN	2	115	40
REST_HUMAN	261	107	164
RET1G_HUMAN	1	117	39
RET1L_HUMAN	13	106	42
RET1_HUMAN	39	113	46
RET2_HUMAN	4	93	34
RET3_HUMAN	17	89	41
RET4_HUMAN	26	98	45
RET5_HUMAN	5	98	43
RET7_HUMAN	11	99	45
RETNB_HUMAN	15	115	47
RETN_HUMAN	8	98	54
RETST_HUMAN	127	85	115
RET_HUMAN	275	92	202
REV1_HUMAN	30	96	54
REXO1_HUMAN	11	102	41
REXO4_HUMAN	278	99	165
REXON_HUMAN	35	113	49
RF1ML_HUMAN	242	123	163
RF1M_HUMAN	239	113	154
RFA1_HUMAN	3043	84	3663
RFA2_HUMAN	2896	92	2024
RFA3_HUMAN	2878	81	1877
RFA4_HUMAN	451	99	316
RFC1_HUMAN	242	94	162
RFC2_HUMAN	176	109	129
RFC3_HUMAN	183	107	110
RFC4_HUMAN	249	88	149
RFC5_HUMAN	210	106	142
RFESD_HUMAN	9	96	49
RFFL_HUMAN	77	122	79
RFIP1_HUMAN	133	108	78
RFIP2_HUMAN	81	98	72
RFIP3_HUMAN	27	113	41
RFIP4_HUMAN	25	104	47
RFIP5_HUMAN	185	88	147
RFNG_HUMAN	5	106	37
RFOX1_HUMAN	92	103	78
RFOX2_HUMAN	241	104	171
RFOX3_HUMAN	15	98	45
RFPL1_HUMAN	4	104	42
RFPL2_HUMAN	21	99	50
RFPL3_HUMAN	18	101	52
RFPLA_HUMAN	12	81	52
RFPLB_HUMAN	49	109	76
RFRP_HUMAN,NPVF_HUMAN	6	101	43
RFT1_HUMAN	94	111	82
RFTN1_HUMAN	58	105	78
RFTN2_HUMAN	10	102	41
RFWD2_HUMAN	329	109	213
RFWD3_HUMAN	77	93	65
RFX1_HUMAN	82	99	68
RFX2_HUMAN	25	103	46
RFX3_HUMAN	70	91	73
RFX4_HUMAN	2	114	34
RFX5_HUMAN	52	96	53
RFX6_HUMAN	43	111	62
RFX7_HUMAN	28	96	61
RFXAP_HUMAN	21	97	47
RFXK_HUMAN	151	114	103
RG18L_HUMAN	12	95	50
RG9D2_HUMAN,TM10A_HUMAN	24	85	48
RG9D3_HUMAN,TM10B_HUMAN	40	106	47
RGAG1_HUMAN	14	105	45
RGAG4_HUMAN	2	89	45
RGAP1_HUMAN	217	117	148
RGCC_HUMAN	10	109	46
RGDSR_HUMAN	7	100	44
RGF1A_HUMAN	5	125	40
RGF1B_HUMAN	10	96	39
RGF1C_HUMAN	9	118	46
RGL1_HUMAN	16	97	40
RGL2_HUMAN	29	84	46
RGL3_HUMAN	53	105	53
RGMA_HUMAN	18	101	38
RGMB_HUMAN	9	96	46
RGMC_HUMAN	4	108	59
RGN_HUMAN	9	98	40
RGP1_HUMAN	26	108	59
RGPA1_HUMAN	80	93	65
RGPA2_HUMAN	43	89	61
RGPD1_HUMAN	61	98	68
RGPD2_HUMAN	13	118	57
RGPD3_HUMAN	50	103	67
RGPD4_HUMAN	25	114	50
RGPD5_HUMAN	126	103	90
RGPD8_HUMAN	82	103	78
RGPS1_HUMAN	8	92	39
RGPS2_HUMAN	47	87	70
RGRF1_HUMAN	19	94	49
RGRF2_HUMAN	28	85	58
RGR_HUMAN	10	95	38
RGS10_HUMAN	14	112	37
RGS11_HUMAN	11	110	55
RGS12_HUMAN	41	91	51
RGS13_HUMAN	10	91	48
RGS14_HUMAN	22	114	38
RGS16_HUMAN	15	120	42
RGS17_HUMAN	46	95	66
RGS18_HUMAN	7	101	45
RGS19_HUMAN	32	105	62
RGS1_HUMAN	9	101	56
RGS20_HUMAN	119	141	100
RGS22_HUMAN	7	104	44
RGS2_HUMAN	77	114	84
RGS3_HUMAN	75	103	85
RGS4_HUMAN	18	103	47
RGS5_HUMAN	13	106	44
RGS6_HUMAN	19	109	66
RGS7_HUMAN	14	110	54
RGS8_HUMAN	11	107	42
RGS9_HUMAN	13	107	38
RGSL_HUMAN	8	108	46
RHAG_HUMAN	10	110	52
RHBD1_HUMAN,RHBL4_HUMAN	350	103	239
RHBD2_HUMAN	110	104	103
RHBD3_HUMAN	27	88	45
RHBG_HUMAN	25	102	42
RHBL1_HUMAN	17	117	54
RHBL2_HUMAN	8	130	43
RHBL3_HUMAN	4	122	45
RHBT1_HUMAN	407	108	277
RHBT2_HUMAN	164	113	112
RHBT3_HUMAN	105	110	83
RHCG_HUMAN	63	115	48
RHDF1_HUMAN	21	101	43
RHDF2_HUMAN	178	92	132
RHD_HUMAN	9	111	44
RHEB_HUMAN	107	106	78
RHES_HUMAN	13	114	45
RHF2B_HUMAN	1	104	39
RHG01_HUMAN	247	96	159
RHG04_HUMAN	29	95	44
RHG05_HUMAN	57	114	44
RHG06_HUMAN	8	88	49
RHG07_HUMAN	58	91	73
RHG08_HUMAN	24	102	52
RHG09_HUMAN	42	114	60
RHG10_HUMAN	31	108	56
RHG12_HUMAN	69	100	67
RHG15_HUMAN	19	110	57
RHG17_HUMAN	98	103	82
RHG18_HUMAN	109	107	85
RHG19_HUMAN	67	92	69
RHG20_HUMAN	30	114	45
RHG21_HUMAN	188	101	110
RHG22_HUMAN	64	90	64
RHG23_HUMAN	70	99	75
RHG24_HUMAN	476	98	355
RHG25_HUMAN	52	99	57
RHG26_HUMAN	66	86	60
RHG27_HUMAN	12	94	39
RHG28_HUMAN	9	104	51
RHG29_HUMAN	85	99	85
RHG30_HUMAN	9	104	44
RHG31_HUMAN	48	110	72
RHG32_HUMAN	147	89	96
RHG33_HUMAN	11	119	40
RHG35_HUMAN	100	102	75
RHG36_HUMAN	73	117	65
RHG39_HUMAN	29	114	44
RHG42_HUMAN	9	101	46
RHG44_HUMAN	35	111	56
RHGBA_HUMAN	71	101	64
RHGBB_HUMAN	30	99	59
RHGXX_HUMAN	113	108	82
RHINO_HUMAN	14	103	54
RHOA_HUMAN	1203	109	1594
RHOB_HUMAN	843	104	901
RHOC_HUMAN	591	91	539
RHOD_HUMAN	565	78	491
RHOF_HUMAN	682	100	636
RHOG_HUMAN	902	93	1006
RHOH_HUMAN	507	113	432
RHOJ_HUMAN	623	98	507
RHOQ_HUMAN	437	87	378
RHOU_HUMAN	397	110	308
RHOV_HUMAN	240	112	154
RHPN1_HUMAN	51	94	60
RHPN2_HUMAN	37	103	57
RHXF1_HUMAN	3	117	32
RHXF2_HUMAN	101	119	90
RIBC1_HUMAN	63	110	54
RIBC2_HUMAN	32	84	49
RIC1_HUMAN	32	116	48
RIC3_HUMAN	134	85	110
RIC8A_HUMAN	100	97	96
RIC8B_HUMAN	47	107	61
RICTR_HUMAN	751	110	736
RIF1_HUMAN	327	108	197
RIFK_HUMAN	26	104	68
RILP_HUMAN	20	88	62
RIM3A_HUMAN	36	96	58
RIM3C_HUMAN	17	101	58
RIMB1_HUMAN	26	101	48
RIMB2_HUMAN	7	104	35
RIMKA_HUMAN	7	140	40
RIMKB_HUMAN	12	104	47
RIMS1_HUMAN	259	98	155
RIMS2_HUMAN	26	110	50
RIMS3_HUMAN	10	117	36
RIMS4_HUMAN	8	99	40
RIN1_HUMAN	123	102	97
RIN2_HUMAN	24	107	39
RIN3_HUMAN	457	95	378
RING1_HUMAN	200	89	129
RING2_HUMAN	814	92	860
RINI_HUMAN	238	93	171
RINL_HUMAN	15	96	46
RINT1_HUMAN	234	101	150
RIOK1_HUMAN	530	105	407
RIOK2_HUMAN	361	96	246
RIOK3_HUMAN	89	97	72
RIPK1_HUMAN	205	111	136
RIPK2_HUMAN	119	107	89
RIPK3_HUMAN	122	91	87
RIPK4_HUMAN	447	105	342
RIPL1_HUMAN	20	115	43
RIPL2_HUMAN	11	106	52
RIPP1_HUMAN	53	104	76
RIPP2_HUMAN	20	92	42
RIP_HUMAN	16	95	46
RIR1_HUMAN	146	95	105
RIR2B_HUMAN	60	115	53
RIR2_HUMAN	100	116	85
RISC_HUMAN	88	81	79
RIT1_HUMAN	32	106	55
RIT2_HUMAN	21	100	52
RITA_HUMAN,RITA1_HUMAN	48	92	56
RK_HUMAN	9	105	49
RL10A_HUMAN	531	102	451
RL10L_HUMAN	119	105	83
RL10_HUMAN	708	104	700
RL11_HUMAN	698	102	641
RL12_HUMAN	439	114	291
RL13A_HUMAN	580	84	501
RL13_HUMAN	764	88	760
RL14_HUMAN	585	108	505
RL15_HUMAN	534	108	424
RL17_HUMAN	619	105	550
RL18A_HUMAN	479	88	368
RL18_HUMAN	553	108	443
RL19_HUMAN	660	105	608
RL1D1_HUMAN	479	93	377
RL21_HUMAN	396	106	253
RL22L_HUMAN	88	103	85
RL22_HUMAN	465	95	334
RL23A_HUMAN	670	100	542
RL23_HUMAN	581	101	413
RL24_HUMAN	442	97	302
RL26L_HUMAN	470	92	344
RL26_HUMAN	433	84	291
RL27A_HUMAN	495	113	365
RL27_HUMAN	453	106	354
RL28_HUMAN	496	89	355
RL29_HUMAN	326	113	210
RL30_HUMAN	478	107	371
RL31_HUMAN	796	112	819
RL32_HUMAN	359	97	259
RL34_HUMAN	306	99	191
RL35A_HUMAN	409	116	282
RL35_HUMAN	549	91	404
RL36A_HUMAN	158	97	105
RL36L_HUMAN	325	107	208
RL36_HUMAN	540	94	442
RL37A_HUMAN	433	100	311
RL37_HUMAN	163	98	130
RL38_HUMAN	383	91	251
RL39L_HUMAN	4	105	36
RL39_HUMAN	116	101	96
RL3L_HUMAN	63	93	50
RL3R1_HUMAN	10	107	41
RL3R2_HUMAN	11	107	48
RL3_HUMAN	758	118	732
RL40_HUMAN	430	83	319
RL41_HUMAN	10	104	50
RL4_HUMAN	814	93	838
RL5_HUMAN	641	105	565
RL6_HUMAN	693	103	644
RL7A_HUMAN	723	85	683
RL7L_HUMAN	217	113	135
RL7_HUMAN	519	117	385
RL8_HUMAN	568	102	466
RL9_HUMAN	421	106	329
RLA0_HUMAN	679	122	566
RLA1_HUMAN	339	103	249
RLA2_HUMAN	438	105	299
RLBL1_HUMAN	1	105	48
RLBP1_HUMAN	6	131	47
RLF_HUMAN	66	93	57
RLGPB_HUMAN	72	124	68
RLP24_HUMAN	105	107	75
RM01_HUMAN	208	114	133
RM02_HUMAN	233	110	168
RM03_HUMAN	178	102	122
RM04_HUMAN	280	114	189
RM09_HUMAN	217	116	151
RM10_HUMAN	185	111	133
RM11_HUMAN	397	85	298
RM12_HUMAN	355	96	256
RM13_HUMAN	233	110	147
RM14_HUMAN	127	106	106
RM15_HUMAN	217	90	130
RM16_HUMAN	186	99	123
RM17_HUMAN	161	99	103
RM18_HUMAN	205	104	142
RM19_HUMAN	167	116	126
RM20_HUMAN	176	91	130
RM21_HUMAN	181	102	127
RM22_HUMAN	186	106	112
RM23_HUMAN	225	104	158
RM24_HUMAN	214	115	137
RM27_HUMAN	185	96	127
RM28_HUMAN	251	92	164
RM30_HUMAN	159	99	127
RM32_HUMAN	121	114	95
RM33_HUMAN	54	100	57
RM34_HUMAN	64	112	83
RM35_HUMAN	97	111	83
RM36_HUMAN	9	102	45
RM37_HUMAN	221	113	148
RM38_HUMAN	256	100	190
RM39_HUMAN	215	97	147
RM40_HUMAN	181	104	112
RM41_HUMAN	209	98	145
RM42_HUMAN	238	101	165
RM43_HUMAN	161	95	122
RM44_HUMAN	235	99	140
RM45_HUMAN	209	93	151
RM46_HUMAN	195	102	109
RM47_HUMAN	209	102	123
RM48_HUMAN	163	84	115
RM49_HUMAN	432	103	328
RM50_HUMAN	232	106	172
RM51_HUMAN	140	104	112
RM52_HUMAN	160	92	118
RM53_HUMAN	197	95	121
RM54_HUMAN	63	108	68
RM55_HUMAN	133	109	104
RMD1_HUMAN	52	115	65
RMD2_HUMAN	30	90	40
RMD3_HUMAN	329	98	199
RMD5A_HUMAN	178	104	123
RMD5B_HUMAN	51	98	59
RMI1_HUMAN	40	109	57
RMI2_HUMAN	21	92	51
RMND1_HUMAN	213	103	146
RMP_HUMAN	150	100	110
RMTL1_HUMAN,MRM3_HUMAN	189	116	121
RMXL1_HUMAN	120	93	95
RMXL2_HUMAN	48	99	52
RMXL3_HUMAN	10	117	36
RN103_HUMAN	28	96	55
RN111_HUMAN	107	114	99
RN112_HUMAN	763	90	768
RN114_HUMAN	103	99	80
RN115_HUMAN	137	98	120
RN121_HUMAN	16	92	45
RN122_HUMAN	15	115	43
RN123_HUMAN	799	103	806
RN125_HUMAN	57	84	63
RN126_HUMAN	159	92	141
RN128_HUMAN	64	113	52
RN133_HUMAN	24	95	55
RN135_HUMAN	27	105	33
RN138_HUMAN	104	99	82
RN139_HUMAN	46	103	56
RN141_HUMAN	11	104	48
RN145_HUMAN	30	96	68
RN146_HUMAN	97	110	82
RN148_HUMAN	55	111	56
RN149_HUMAN	560	112	516
RN150_HUMAN	19	120	47
RN151_HUMAN	124	101	84
RN152_HUMAN	19	91	52
RN157_HUMAN	38	112	47
RN165_HUMAN	15	96	48
RN166_HUMAN	125	72	85
RN167_HUMAN	57	124	64
RN168_HUMAN	92	100	89
RN169_HUMAN	72	110	66
RN170_HUMAN	64	108	66
RN175_HUMAN	4	99	44
RN180_HUMAN	15	99	51
RN181_HUMAN	137	103	100
RN182_HUMAN	10	92	54
RN183_HUMAN	17	103	52
RN185_HUMAN	166	113	133
RN186_HUMAN	12	104	55
RN187_HUMAN	40	92	64
RN19A_HUMAN	22	107	53
RN19B_HUMAN	78	115	82
RN207_HUMAN	5	100	42
RN208_HUMAN	74	95	70
RN212_HUMAN	4	98	42
RN213_HUMAN	177	105	132
RN214_HUMAN	102	121	76
RN215_HUMAN	4	122	40
RN216_HUMAN	55	119	59
RN217_HUMAN	8	103	41
RN219_HUMAN	174	120	121
RN220_HUMAN	47	104	62
RN222_HUMAN	1	123	40
RN5A_HUMAN	46	110	53
RNAS1_HUMAN	12	102	44
RNAS2_HUMAN	5	103	36
RNAS4_HUMAN	17	114	47
RNAS6_HUMAN	1	92	34
RNAS7_HUMAN	69	108	56
RNAS9_HUMAN	4	122	43
RNB3L_HUMAN	12	112	43
RNBP6_HUMAN	124	105	86
RNC_HUMAN	181	112	120
RND1_HUMAN	240	99	165
RND2_HUMAN	436	111	323
RND3_HUMAN	271	121	189
RNF10_HUMAN	140	98	108
RNF11_HUMAN	163	88	122
RNF12_HUMAN	360	92	251
RNF13_HUMAN	80	125	84
RNF14_HUMAN	40	90	63
RNF17_HUMAN	14	101	46
RNF24_HUMAN	19	108	51
RNF25_HUMAN	44	108	61
RNF26_HUMAN	66	99	59
RNF31_HUMAN	388	81	255
RNF32_HUMAN	45	89	43
RNF34_HUMAN	56	112	69
RNF37_HUMAN	29	106	44
RNF38_HUMAN	101	114	95
RNF39_HUMAN	8	100	44
RNF41_HUMAN	150	118	95
RNF43_HUMAN	430	87	349
RNF44_HUMAN	14	105	48
RNF4_HUMAN	1392	112	1824
RNF5_HUMAN	154	96	109
RNF6_HUMAN	73	96	56
RNF8_HUMAN	437	102	312
RNFT1_HUMAN	32	121	62
RNFT2_HUMAN	3	116	38
RNH1_HUMAN	60	103	50
RNH2A_HUMAN	76	107	67
RNH2B_HUMAN	65	100	64
RNH2C_HUMAN	24	114	63
RNK_HUMAN	30	98	64
RNLS_HUMAN	38	92	65
RNPL1_HUMAN	8	119	43
RNPS1_HUMAN	490	100	388
RNS10_HUMAN	9	97	38
RNS11_HUMAN	1	84	27
RNS12_HUMAN	2	105	39
RNS13_HUMAN	15	114	30
RNT2_HUMAN	17	104	50
RNZ1_HUMAN	1	91	42
RNZ2_HUMAN	190	118	115
RO52_HUMAN	684	109	584
RO60_HUMAN	200	112	115
ROA0_HUMAN	302	96	179
ROA1_HUMAN	906	98	1022
ROA2_HUMAN	715	91	683
ROA3_HUMAN	449	99	338
ROAA_HUMAN	380	91	249
ROBO1_HUMAN	115	103	87
ROBO2_HUMAN	51	113	59
ROBO3_HUMAN	13	77	44
ROBO4_HUMAN	12	101	36
ROCK1_HUMAN	166	112	112
ROCK2_HUMAN	160	95	132
ROGDI_HUMAN	32	100	47
ROM1_HUMAN	6	108	39
ROMO1_HUMAN	19	91	50
RON_HUMAN	189	124	157
ROP1A_HUMAN	62	112	59
ROP1B_HUMAN	3	112	44
ROP1L_HUMAN	10	93	46
ROR1_HUMAN	117	102	96
ROR2_HUMAN	334	85	253
RORA_HUMAN	37	103	41
RORB_HUMAN	74	111	79
RORG_HUMAN	46	99	53
ROS1_HUMAN	103	112	88
RP1L1_HUMAN	7	102	36
RP1_HUMAN	9	118	40
RP25L_HUMAN	78	117	60
RP3A_HUMAN	32	115	55
RP9_HUMAN	103	90	79
RPA12_HUMAN	64	93	55
RPA1_HUMAN	206	123	159
RPA2_HUMAN	160	113	128
RPA34_HUMAN	494	83	386
RPA43_HUMAN	54	101	55
RPA49_HUMAN	340	113	249
RPAB1_HUMAN	294	120	215
RPAB2_HUMAN	139	82	110
RPAB3_HUMAN	229	114	141
RPAB4_HUMAN	143	109	103
RPAB5_HUMAN	169	102	120
RPAC1_HUMAN	316	105	217
RPAC2_HUMAN	137	96	107
RPAP1_HUMAN	108	103	75
RPAP2_HUMAN	160	97	98
RPAP3_HUMAN	220	98	144
RPB11_HUMAN	152	85	117
RPB1B_HUMAN	15	107	39
RPB1C_HUMAN	21	114	53
RPB1_HUMAN	504	88	365
RPB2_HUMAN	368	122	255
RPB3_HUMAN	339	112	237
RPB4_HUMAN	152	101	99
RPB7_HUMAN	179	105	103
RPB9_HUMAN	125	122	93
RPC10_HUMAN	79	112	75
RPC1_HUMAN	162	111	103
RPC2_HUMAN	126	116	90
RPC3_HUMAN	110	106	111
RPC4_HUMAN	87	107	77
RPC5_HUMAN	106	102	85
RPC6_HUMAN	65	104	66
RPC7L_HUMAN	41	93	57
RPC7_HUMAN	36	114	47
RPC8_HUMAN	91	99	82
RPC9_HUMAN	89	104	72
RPE65_HUMAN	7	97	47
RPESP_HUMAN	3	126	37
RPE_HUMAN	52	103	60
RPF1_HUMAN	139	98	103
RPF2_HUMAN	236	94	171
RPGF1_HUMAN	38	108	46
RPGF2_HUMAN	86	98	90
RPGF3_HUMAN	22	93	44
RPGF4_HUMAN	28	110	55
RPGF5_HUMAN	37	96	60
RPGF6_HUMAN	81	90	69
RPGFL_HUMAN	6	113	42
RPGP1_HUMAN	48	114	65
RPGP2_HUMAN	10	89	36
RPGR1_HUMAN	68	105	61
RPGR_HUMAN	51	112	61
RPH3L_HUMAN	31	113	58
RPIA_HUMAN	70	102	66
RPKL1_HUMAN	50	96	59
RPN1_HUMAN	871	75	956
RPN2_HUMAN	818	105	835
RPOM_HUMAN	230	102	159
RPP14_HUMAN	45	112	69
RPP21_HUMAN	21	111	52
RPP25_HUMAN	59	111	65
RPP29_HUMAN,RPP29_HUMAN,PYDC4_HUMAN	77	101	72
RPP30_HUMAN	114	100	93
RPP38_HUMAN	105	99	72
RPP40_HUMAN	50	118	52
RPR1A_HUMAN	181	96	118
RPR1B_HUMAN	243	106	159
RPRD2_HUMAN	153	108	115
RPRML_HUMAN	1	111	35
RPRM_HUMAN	100	111	85
RPTN_HUMAN	5	127	36
RPTOR_HUMAN	337	120	249
RRAGA_HUMAN	70	118	62
RRAGB_HUMAN	56	117	67
RRAGC_HUMAN	75	97	75
RRAGD_HUMAN	69	86	74
RRAS2_HUMAN	101	87	88
RRAS_HUMAN	71	110	63
RRBP1_HUMAN	346	97	247
RREB1_HUMAN	95	89	83
RRF2M_HUMAN	181	100	103
RRFM_HUMAN	295	116	200
RRMJ1_HUMAN,TRM7_HUMAN	178	106	140
RRMJ2_HUMAN,MRM2_HUMAN	91	105	85
RRMJ3_HUMAN,SPB1_HUMAN	412	76	272
RRN3_HUMAN	37	98	69
RRNAD_HUMAN	1	107	41
RRP12_HUMAN	318	102	199
RRP15_HUMAN	160	115	117
RRP1B_HUMAN	678	110	596
RRP1_HUMAN	166	128	113
RRP36_HUMAN	67	105	71
RRP44_HUMAN	198	107	138
RRP5_HUMAN	328	115	227
RRP7A_HUMAN	131	97	84
RRP7B_HUMAN	4	97	33
RRP8_HUMAN	306	112	180
RRS1_HUMAN	372	109	251
RS10L_HUMAN	62	108	54
RS10_HUMAN	640	89	566
RS11_HUMAN	545	93	440
RS12_HUMAN	346	104	231
RS13_HUMAN	518	98	427
RS14_HUMAN	577	91	476
RS15A_HUMAN	430	96	313
RS15_HUMAN	438	95	348
RS16_HUMAN	768	116	751
RS17L_HUMAN	15	101	59
RS17_HUMAN	341	99	200
RS18_HUMAN	449	103	322
RS19_HUMAN	709	98	674
RS20_HUMAN	545	101	478
RS21_HUMAN	267	89	154
RS23_HUMAN	422	112	308
RS24_HUMAN	555	99	463
RS25_HUMAN	466	107	343
RS26L_HUMAN	73	108	82
RS26_HUMAN	341	90	224
RS27A_HUMAN	509	108	391
RS27L_HUMAN	228	103	161
RS27_HUMAN	389	96	259
RS28_HUMAN	308	109	198
RS29_HUMAN	221	113	143
RS2_HUMAN	676	105	604
RS30_HUMAN	249	99	177
RS3A_HUMAN	688	91	605
RS3_HUMAN	775	96	767
RS4X_HUMAN	546	117	481
RS4Y1_HUMAN	89	114	97
RS4Y2_HUMAN	74	111	59
RS5_HUMAN	445	100	309
RS6_HUMAN	914	93	1046
RS7_HUMAN	522	88	442
RS8_HUMAN	685	115	637
RS9_HUMAN	576	92	478
RSAD1_HUMAN	52	105	55
RSAD2_HUMAN	26	90	36
RSBN1_HUMAN	169	97	121
RSBNL_HUMAN	126	112	83
RSCA1_HUMAN	12	109	40
RSF1_HUMAN	121	91	97
RSG1_HUMAN	12	100	62
RSH4A_HUMAN	3	109	46
RSH6A_HUMAN	32	100	52
RSHL1_HUMAN	32	109	53
RSLAA_HUMAN	6	93	47
RSLAB_HUMAN	53	89	58
RSLBA_HUMAN	13	109	56
RSLBB_HUMAN	13	113	38
RSMB_HUMAN	525	106	456
RSMN_HUMAN	194	95	127
RSPH1_HUMAN	132	100	101
RSPH3_HUMAN	9	108	42
RSPH9_HUMAN	18	104	52
RSPO1_HUMAN	25	112	62
RSPO2_HUMAN	22	94	58
RSPO3_HUMAN	7	97	39
RSPO4_HUMAN	15	90	53
RSPRY_HUMAN	85	103	69
RSRC1_HUMAN	109	100	64
RSRC2_HUMAN	72	104	62
RSSA_HUMAN	517	106	415
RSU1_HUMAN	67	96	58
RT02_HUMAN	281	97	160
RT05_HUMAN	296	106	192
RT06_HUMAN	188	97	142
RT07_HUMAN	357	101	261
RT09_HUMAN	399	103	276
RT10_HUMAN	226	117	142
RT11_HUMAN	224	119	173
RT12_HUMAN	259	104	172
RT14_HUMAN	230	115	146
RT15_HUMAN	151	94	78
RT16_HUMAN	196	81	145
RT17_HUMAN	240	113	154
RT18A_HUMAN	140	94	102
RT18B_HUMAN	319	110	179
RT18C_HUMAN	204	103	144
RT21_HUMAN	117	89	76
RT22_HUMAN	295	118	172
RT23_HUMAN	368	97	275
RT24_HUMAN	274	107	179
RT25_HUMAN	276	106	179
RT26_HUMAN	456	111	344
RT27_HUMAN	343	97	218
RT28_HUMAN	230	110	138
RT29_HUMAN	344	113	233
RT30_HUMAN	208	100	132
RT31_HUMAN	321	104	234
RT33_HUMAN	172	94	109
RT34_HUMAN	325	94	248
RT35_HUMAN	310	117	205
RT36_HUMAN	111	97	75
RT4I1_HUMAN	91	113	73
RT63_HUMAN	97	114	79
RTBDN_HUMAN	9	124	42
RTCA_HUMAN	103	118	86
RTCB_HUMAN	322	98	223
RTDR1_HUMAN,RSP14_HUMAN	50	92	66
RTEL1_HUMAN	97	104	75
RTF1_HUMAN	111	105	82
RTKN2_HUMAN	14	116	44
RTKN_HUMAN	110	102	75
RTL1_HUMAN	8	103	43
RTN1_HUMAN	121	140	94
RTN2_HUMAN	43	86	67
RTN3_HUMAN	187	92	136
RTN4R_HUMAN	40	103	64
RTN4_HUMAN	354	95	245
RTP1_HUMAN	2	124	46
RTP2_HUMAN	89	94	69
RTP3_HUMAN	8	99	50
RTP4_HUMAN	10	115	42
RTTN_HUMAN	21	92	46
RU17_HUMAN	1013	98	1301
RU1C_HUMAN	446	86	322
RU2A_HUMAN	329	95	229
RU2B_HUMAN	267	96	171
RUAS1_HUMAN	3	103	49
RUBIC_HUMAN	55	96	60
RUFY1_HUMAN	494	95	357
RUFY2_HUMAN	63	93	60
RUFY3_HUMAN	57	113	52
RUFY4_HUMAN	15	105	33
RUN3A_HUMAN	62	106	74
RUN3B_HUMAN	8	98	33
RUND1_HUMAN	17	98	52
RUNX1_HUMAN	301	112	175
RUNX2_HUMAN	83	111	62
RUNX3_HUMAN	63	109	55
RUSC1_HUMAN	104	98	87
RUSC2_HUMAN	42	90	50
RUSD1_HUMAN	4	82	38
RUSD2_HUMAN	35	90	54
RUSD3_HUMAN	204	103	140
RUSD4_HUMAN	246	89	160
RUVB1_HUMAN	624	100	526
RUVB2_HUMAN	655	103	624
RUXE_HUMAN	308	95	218
RUXF_HUMAN	383	107	258
RUXG_HUMAN	177	104	112
RWD2A_HUMAN	9	127	47
RWD2B_HUMAN	33	97	66
RWDD1_HUMAN	13	112	44
RWDD3_HUMAN	10	98	43
RWDD4_HUMAN	23	123	51
RXFP1_HUMAN	85	102	83
RXFP2_HUMAN	4	91	34
RXRA_HUMAN	164	107	113
RXRB_HUMAN	65	101	58
RXRG_HUMAN	39	97	52
RX_HUMAN	2	96	50
RYBP_HUMAN	637	113	583
RYK_HUMAN	209	98	138
RYR1_HUMAN	37	113	44
RYR2_HUMAN	54	94	70
RYR3_HUMAN	22	112	43
S100B_HUMAN	181	125	126
S100G_HUMAN	5	108	45
S100P_HUMAN	265	107	164
S100Z_HUMAN	11	102	44
S10A1_HUMAN	38	105	51
S10A2_HUMAN	424	104	303
S10A3_HUMAN	63	97	71
S10A4_HUMAN	161	110	112
S10A5_HUMAN	12	112	63
S10A6_HUMAN	213	111	135
S10A7_HUMAN	187	98	126
S10A8_HUMAN	214	108	155
S10A9_HUMAN	319	92	216
S10AA_HUMAN	132	90	96
S10AB_HUMAN	90	107	80
S10AC_HUMAN	6	103	42
S10AD_HUMAN	50	89	70
S10AE_HUMAN	87	101	79
S10AG_HUMAN	74	99	71
S11IP_HUMAN	91	127	78
S12A1_HUMAN	20	94	53
S12A2_HUMAN	229	98	170
S12A3_HUMAN	74	107	74
S12A4_HUMAN	198	112	142
S12A5_HUMAN	33	92	51
S12A6_HUMAN	142	118	111
S12A7_HUMAN	154	117	88
S12A8_HUMAN	18	79	50
S12A9_HUMAN	211	112	149
S12IP_HUMAN	67	101	69
S13A1_HUMAN	52	101	60
S13A2_HUMAN	43	96	54
S13A3_HUMAN	56	88	60
S13A4_HUMAN	36	98	59
S13A5_HUMAN	38	92	59
S14L1_HUMAN	19	109	58
S14L2_HUMAN	24	94	45
S14L3_HUMAN	4	114	49
S14L4_HUMAN	23	117	55
S14L5_HUMAN	5	112	45
S15A1_HUMAN	111	130	97
S15A2_HUMAN	77	107	76
S15A3_HUMAN	382	113	319
S15A4_HUMAN	131	104	103
S15A5_HUMAN	1	103	31
S17A4_HUMAN	1	104	44
S17A5_HUMAN	67	105	77
S17A9_HUMAN	80	93	73
S18B1_HUMAN	32	104	56
S18L2_HUMAN	71	102	65
S19A1_HUMAN	147	109	97
S19A2_HUMAN	298	97	202
S19A3_HUMAN	101	117	91
S1A7A_HUMAN	79	107	69
S1A7B_HUMAN	9	114	44
S1PBP_HUMAN	11	120	37
S1PR1_HUMAN	130	109	94
S1PR2_HUMAN	30	92	50
S1PR3_HUMAN	178	101	117
S1PR4_HUMAN	145	110	109
S1PR5_HUMAN	17	110	42
S20A1_HUMAN	93	89	72
S20A2_HUMAN	122	107	94
S22A1_HUMAN	43	99	53
S22A2_HUMAN	105	111	98
S22A3_HUMAN	19	123	45
S22A4_HUMAN	239	97	167
S22A5_HUMAN	113	82	93
S22A6_HUMAN	57	111	57
S22A7_HUMAN	16	110	35
S22A8_HUMAN	33	97	46
S22A9_HUMAN	301	109	197
S22AA_HUMAN	21	122	63
S22AB_HUMAN	146	123	100
S22AC_HUMAN	12	107	48
S22AD_HUMAN	14	106	59
S22AE_HUMAN	64	120	69
S22AF_HUMAN	36	95	53
S22AG_HUMAN	54	101	60
S22AH_HUMAN	47	99	60
S22AI_HUMAN	86	116	87
S22AK_HUMAN	1	110	50
S22AN_HUMAN	60	88	59
S22AO_HUMAN	13	98	43
S22AP_HUMAN	12	102	44
S23A1_HUMAN	55	111	60
S23A2_HUMAN	33	103	60
S23A3_HUMAN	6	105	37
S23IP_HUMAN	217	115	134
S2533_HUMAN	39	125	50
S2534_HUMAN	1	110	39
S2535_HUMAN	17	107	52
S2536_HUMAN	7	129	36
S2538_HUMAN	14	114	51
S2539_HUMAN	8	117	42
S2540_HUMAN	60	118	83
S2541_HUMAN	89	104	75
S2542_HUMAN	14	97	47
S2543_HUMAN	9	110	40
S2544_HUMAN	9	111	44
S2545_HUMAN	1	97	42
S2546_HUMAN	275	103	205
S2547_HUMAN	4	103	35
S2548_HUMAN	31	110	51
S2551_HUMAN	28	94	44
S2552_HUMAN	5	106	53
S2553_HUMAN	1	81	37
S2610_HUMAN	8	106	35
S2611_HUMAN	174	113	116
S26A1_HUMAN	8	111	38
S26A2_HUMAN	67	114	71
S26A3_HUMAN	29	130	45
S26A4_HUMAN	34	104	59
S26A5_HUMAN	15	124	55
S26A6_HUMAN	77	102	68
S26A7_HUMAN	13	109	46
S26A8_HUMAN	91	98	72
S26A9_HUMAN	5	100	35
S27A1_HUMAN	161	98	113
S27A2_HUMAN	288	104	197
S27A3_HUMAN	108	119	76
S27A4_HUMAN	259	95	171
S27A5_HUMAN	101	114	83
S27A6_HUMAN	246	105	180
S28A1_HUMAN	36	110	49
S28A2_HUMAN	74	91	70
S28A3_HUMAN	24	106	50
S29A1_HUMAN	138	119	99
S29A2_HUMAN	47	102	56
S29A3_HUMAN	7	119	47
S29A4_HUMAN	10	107	50
S2A4R_HUMAN	2	94	46
S30BP_HUMAN	112	104	79
S352B_HUMAN	9	111	44
S35A1_HUMAN	58	119	63
S35A2_HUMAN	39	118	50
S35A3_HUMAN	141	123	114
S35A4_HUMAN	84	102	73
S35A5_HUMAN	54	114	75
S35B1_HUMAN	98	91	80
S35B2_HUMAN	241	88	139
S35B3_HUMAN	33	102	61
S35B4_HUMAN	140	92	111
S35C2_HUMAN	203	93	147
S35D1_HUMAN	3	112	37
S35D2_HUMAN	25	103	44
S35D3_HUMAN	19	98	52
S35E1_HUMAN	118	101	82
S35E2_HUMAN	25	104	40
S35E3_HUMAN	79	99	74
S35E4_HUMAN	58	107	64
S35F1_HUMAN	151	107	120
S35F2_HUMAN	197	91	135
S35F3_HUMAN	108	99	96
S35F4_HUMAN	222	98	134
S35F5_HUMAN	64	111	72
S35G1_HUMAN	110	96	100
S35G2_HUMAN	76	107	75
S35G3_HUMAN	99	105	94
S35G5_HUMAN	4	100	37
S35G6_HUMAN	1	116	31
S36A1_HUMAN	17	109	49
S36A2_HUMAN	14	98	56
S36A3_HUMAN	1	133	47
S36A4_HUMAN	10	112	41
S38A1_HUMAN	196	124	131
S38A2_HUMAN	161	98	100
S38A3_HUMAN	9	125	44
S38A4_HUMAN	8	130	43
S38A5_HUMAN	57	88	68
S38A6_HUMAN	19	111	63
S38A7_HUMAN	96	92	93
S38A8_HUMAN	27	111	57
S38A9_HUMAN	77	115	84
S38AA_HUMAN	80	111	81
S38AB_HUMAN	2	93	40
S39A1_HUMAN	71	90	88
S39A2_HUMAN	103	111	93
S39A3_HUMAN	99	110	74
S39A4_HUMAN	283	120	197
S39A5_HUMAN	123	103	96
S39A6_HUMAN	152	102	122
S39A7_HUMAN	346	110	215
S39A8_HUMAN	139	109	102
S39A9_HUMAN	192	80	143
S39AA_HUMAN	229	97	155
S39AB_HUMAN	194	115	124
S39AC_HUMAN	248	82	191
S39AD_HUMAN	51	101	55
S39AE_HUMAN	336	85	235
S3TC1_HUMAN	8	93	37
S3TC2_HUMAN	1	89	44
S40A1_HUMAN	47	111	56
S41A1_HUMAN	88	112	76
S41A2_HUMAN	39	124	60
S41A3_HUMAN	100	105	95
S43A3_HUMAN	88	100	86
S45A1_HUMAN	20	123	53
S45A2_HUMAN	22	91	41
S45A3_HUMAN	96	98	76
S45A4_HUMAN	42	99	47
S46A3_HUMAN	44	80	51
S47A1_HUMAN	88	86	87
S47A2_HUMAN	19	112	47
S4A10_HUMAN	20	112	49
S4A11_HUMAN	13	101	49
S4A4_HUMAN	69	89	61
S4A5_HUMAN	134	90	93
S4A7_HUMAN	260	113	203
S4A8_HUMAN	69	99	76
S52A1_HUMAN	17	94	52
S52A2_HUMAN	8	93	43
S52A3_HUMAN	14	106	56
S5A1_HUMAN	4	93	35
S5A2_HUMAN	5	102	36
S61A1_HUMAN	228	109	133
S61A2_HUMAN	47	109	64
S6A11_HUMAN	141	98	114
S6A12_HUMAN	196	114	136
S6A13_HUMAN	17	100	48
S6A14_HUMAN	25	90	49
S6A15_HUMAN	202	106	154
S6A16_HUMAN	77	119	80
S6A17_HUMAN	21	109	51
S6A18_HUMAN	5	123	39
S6A19_HUMAN	7	103	41
S6A20_HUMAN	75	109	64
S6OS1_HUMAN	6	98	55
S7A13_HUMAN	2	114	38
S7A14_HUMAN	154	102	119
S7A6O_HUMAN	23	119	43
S9A10_HUMAN	26	103	45
S9A11_HUMAN	48	106	50
SAA4_HUMAN	9	107	38
SAAL1_HUMAN	330	95	229
SAC1_HUMAN	186	99	126
SAC2_HUMAN	42	115	57
SAC31_HUMAN	15	103	48
SACA1_HUMAN	115	117	105
SACA3_HUMAN	6	89	39
SACA4_HUMAN	8	88	42
SACS_HUMAN	63	106	54
SAE1_HUMAN	147	113	101
SAE2_HUMAN	175	97	112
SAFB1_HUMAN	261	105	155
SAFB2_HUMAN	222	94	151
SAGE1_HUMAN	7	92	51
SAHH2_HUMAN	410	98	320
SAHH3_HUMAN	152	90	100
SAHH_HUMAN	305	88	199
SALL1_HUMAN	96	87	81
SALL2_HUMAN	96	86	81
SALL3_HUMAN	21	101	46
SALL4_HUMAN	26	108	51
SAM10_HUMAN	2	104	39
SAM11_HUMAN	45	95	51
SAM12_HUMAN	12	110	42
SAM13_HUMAN	5	119	36
SAM14_HUMAN	1	106	48
SAM50_HUMAN	220	102	130
SAM9L_HUMAN	13	104	43
SAMC_HUMAN	18	102	44
SAMD1_HUMAN	131	84	114
SAMD3_HUMAN	15	118	50
SAMD5_HUMAN	1	92	37
SAMD7_HUMAN	11	102	49
SAMD8_HUMAN	4	101	43
SAMD9_HUMAN	31	98	53
SAMH1_HUMAN	214	107	131
SAMN1_HUMAN	8	123	42
SAMP_HUMAN	29	113	36
SAP18_HUMAN	522	100	425
SAP30_HUMAN	159	108	128
SAP3_HUMAN	79	116	80
SAPC1_HUMAN	14	90	63
SAPC2_HUMAN	31	95	53
SAPL1_HUMAN	5	123	36
SAP_HUMAN	141	99	103
SAR1A_HUMAN	297	104	183
SAR1B_HUMAN	342	104	245
SARAF_HUMAN	222	107	149
SARCO_HUMAN	9	92	31
SARDH_HUMAN	41	102	51
SARG_HUMAN	20	115	46
SARM1_HUMAN	59	101	56
SARNP_HUMAN	158	90	123
SART3_HUMAN	517	92	393
SAS10_HUMAN	156	101	104
SAS6_HUMAN	159	90	114
SASH1_HUMAN	55	117	74
SASH3_HUMAN	3	116	53
SAST_HUMAN	1	103	32
SAT1_HUMAN	103	111	69
SAT2_HUMAN	19	110	38
SATB1_HUMAN	129	80	94
SATB2_HUMAN	155	94	121
SATT_HUMAN	45	112	58
SAV1_HUMAN	170	108	114
SBDS_HUMAN	203	97	142
SBK1_HUMAN	9	106	44
SBK2_HUMAN	6	113	40
SBNO1_HUMAN	73	118	66
SBNO2_HUMAN	17	93	53
SBP1_HUMAN	164	106	126
SBP2L_HUMAN	41	101	50
SBSN_HUMAN	137	102	95
SBSPO_HUMAN	3	90	41
SC11A_HUMAN	114	100	85
SC11B_HUMAN	1	101	40
SC11C_HUMAN	67	106	72
SC16A_HUMAN	460	105	347
SC16B_HUMAN	6	98	46
SC22A_HUMAN	130	91	111
SC22B_HUMAN	378	95	244
SC22C_HUMAN	11	120	45
SC23A_HUMAN	267	96	168
SC23B_HUMAN	187	122	116
SC24A_HUMAN	196	95	141
SC24B_HUMAN	217	97	145
SC24C_HUMAN	170	114	98
SC24D_HUMAN	60	93	55
SC2B2_HUMAN	1	104	40
SC31A_HUMAN	195	107	127
SC31B_HUMAN	21	97	52
SC5A1_HUMAN	11	100	38
SC5A2_HUMAN	14	103	35
SC5A3_HUMAN	96	99	81
SC5A4_HUMAN	38	113	63
SC5A5_HUMAN	29	100	58
SC5A6_HUMAN	79	102	59
SC5A7_HUMAN	24	84	35
SC5A8_HUMAN	52	129	48
SC5A9_HUMAN	31	119	75
SC5AA_HUMAN	4	118	39
SC5AB_HUMAN	8	97	61
SC5AC_HUMAN	38	118	59
SC5D_HUMAN	39	80	54
SC61B_HUMAN	777	107	839
SC61G_HUMAN	41	103	57
SC65_HUMAN	87	100	78
SC6A1_HUMAN	64	87	77
SC6A2_HUMAN	19	101	48
SC6A3_HUMAN	61	104	52
SC6A4_HUMAN	47	108	57
SC6A5_HUMAN	52	106	61
SC6A6_HUMAN	49	90	72
SC6A7_HUMAN	42	107	63
SC6A8_HUMAN	205	88	165
SC6A9_HUMAN	39	99	47
SCAF8_HUMAN	80	105	82
SCAFB_HUMAN	144	101	94
SCAI_HUMAN	59	90	58
SCAM1_HUMAN	206	105	131
SCAM2_HUMAN	151	104	99
SCAM3_HUMAN	232	119	154
SCAM4_HUMAN	37	114	60
SCAM5_HUMAN	32	90	50
SCAPE_HUMAN	37	109	57
SCAP_HUMAN	144	102	107
SCAR3_HUMAN	103	103	83
SCAR5_HUMAN	23	113	34
SCC4_HUMAN	136	93	98
SCD5_HUMAN	56	106	61
SCEL_HUMAN	41	123	51
SCFD1_HUMAN	278	110	188
SCFD2_HUMAN	41	109	65
SCF_HUMAN	18	105	46
SCG1_HUMAN	43	86	42
SCG2_HUMAN	20	99	56
SCG3_HUMAN	22	113	53
SCGBL_HUMAN	2	118	47
SCHI1_HUMAN	28	100	48
SCIMP_HUMAN	9	103	39
SCLT1_HUMAN	171	97	133
SCLY_HUMAN	42	108	67
SCMC1_HUMAN	161	90	116
SCMC2_HUMAN	110	103	96
SCMC3_HUMAN	44	103	51
SCMH1_HUMAN	52	116	71
SCML1_HUMAN	62	115	60
SCML2_HUMAN	78	92	69
SCML4_HUMAN	6	127	43
SCN1A_HUMAN	25	107	42
SCN1B_HUMAN	17	83	46
SCN2A_HUMAN	74	114	73
SCN2B_HUMAN	187	97	140
SCN3A_HUMAN	16	85	40
SCN3B_HUMAN	303	103	208
SCN4A_HUMAN	93	106	90
SCN4B_HUMAN	5	100	40
SCN5A_HUMAN	37	89	62
SCN7A_HUMAN	5	94	37
SCN8A_HUMAN	13	92	64
SCN9A_HUMAN	13	90	44
SCNAA_HUMAN	12	94	52
SCNBA_HUMAN	5	87	35
SCND1_HUMAN	68	102	72
SCND2_HUMAN	1	107	41
SCND3_HUMAN	16	118	51
SCNM1_HUMAN	198	124	139
SCNNA_HUMAN	66	106	66
SCNNB_HUMAN	20	87	52
SCNND_HUMAN	25	114	43
SCNNG_HUMAN	18	113	30
SCO1_HUMAN	178	103	122
SCO2_HUMAN	148	111	119
SCOC_HUMAN	50	100	60
SCOT1_HUMAN	153	99	109
SCOT2_HUMAN	34	104	54
SCPDL_HUMAN	229	101	146
SCRB1_HUMAN	122	98	83
SCRB2_HUMAN	220	100	167
SCRG1_HUMAN	4	110	41
SCRIB_HUMAN	319	111	236
SCRN1_HUMAN	57	110	64
SCRN2_HUMAN	29	91	46
SCRN3_HUMAN	15	117	43
SCRT1_HUMAN	10	102	56
SCRT2_HUMAN	9	102	46
SCTM1_HUMAN	20	103	39
SCTR_HUMAN	5	131	44
SCUB2_HUMAN	2	92	50
SCUB3_HUMAN	5	98	44
SCX_HUMAN	5	101	38
SCYL2_HUMAN	195	97	132
SDA1_HUMAN	166	107	102
SDC1_HUMAN	808	88	800
SDC2_HUMAN	169	108	134
SDC3_HUMAN	40	104	62
SDC4_HUMAN	104	118	91
SDCB1_HUMAN	456	100	361
SDCB2_HUMAN	73	90	76
SDCG3_HUMAN	189	105	139
SDCG8_HUMAN	40	107	52
SDF1_HUMAN	12	99	45
SDF2L_HUMAN	334	110	216
SDF2_HUMAN	66	82	59
SDHF1_HUMAN	11	105	46
SDHF2_HUMAN	35	124	57
SDHL_HUMAN	4	111	39
SDK1_HUMAN	23	108	47
SDK2_HUMAN	49	105	53
SDOS_HUMAN	78	119	77
SDPR_HUMAN	68	88	67
SDS3_HUMAN	138	98	96
SDSL_HUMAN	8	100	41
SE1L1_HUMAN	178	79	116
SE1L2_HUMAN	5	110	40
SE1L3_HUMAN	65	101	70
SE6L1_HUMAN	11	98	40
SE6L2_HUMAN	44	103	40
SEBP2_HUMAN	78	105	71
SEC13_HUMAN	215	106	135
SEC20_HUMAN	132	80	94
SEC62_HUMAN	534	85	429
SEC63_HUMAN	391	102	300
SECR_HUMAN	6	108	44
SEGN_HUMAN	71	103	74
SEH1_HUMAN	139	100	96
SEHL2_HUMAN	6	94	45
SELB_HUMAN	50	117	68
SELH_HUMAN	38	109	50
SELK_HUMAN	54	100	59
SELM_HUMAN	24	103	48
SELN_HUMAN	79	112	70
SELO_HUMAN	42	104	47
SELPL_HUMAN	12	133	31
SELR1_HUMAN,COA7_HUMAN	143	85	113
SELS_HUMAN	63	95	59
SELT_HUMAN	52	109	64
SELV_HUMAN	12	105	45
SELW_HUMAN	6	100	38
SEM3A_HUMAN	12	113	42
SEM3B_HUMAN	75	102	64
SEM3C_HUMAN	63	106	57
SEM3D_HUMAN	6	106	36
SEM3E_HUMAN	3	87	35
SEM3F_HUMAN	12	108	42
SEM3G_HUMAN	3	76	35
SEM4A_HUMAN	25	85	40
SEM4B_HUMAN	38	103	48
SEM4C_HUMAN	172	108	124
SEM4D_HUMAN	32	90	73
SEM4F_HUMAN	52	91	64
SEM4G_HUMAN	52	106	56
SEM5A_HUMAN	1	126	51
SEM5B_HUMAN	10	109	45
SEM6A_HUMAN	64	103	73
SEM6B_HUMAN	50	93	65
SEM6C_HUMAN	4	125	37
SEM6D_HUMAN	18	104	39
SEM7A_HUMAN	32	107	51
SEMG1_HUMAN	102	99	89
SEMG2_HUMAN	80	104	70
SEN15_HUMAN	63	108	65
SEN2_HUMAN	60	102	68
SEN34_HUMAN	47	104	62
SEN54_HUMAN	37	101	48
SENP1_HUMAN	128	96	99
SENP2_HUMAN	157	98	106
SENP3_HUMAN	300	114	170
SENP5_HUMAN	65	109	70
SENP6_HUMAN	38	101	57
SENP7_HUMAN	26	99	53
SENP8_HUMAN	16	95	48
SEP10_HUMAN	141	101	105
SEP11_HUMAN	120	109	75
SEP12_HUMAN	38	107	44
SEP14_HUMAN	32	105	53
SEP15_HUMAN	65	92	59
SEPP1_HUMAN	6	119	38
SEPR_HUMAN	39	95	50
SEPT1_HUMAN	48	119	64
SEPT2_HUMAN	207	83	119
SEPT3_HUMAN	60	110	70
SEPT4_HUMAN	36	100	42
SEPT5_HUMAN	52	101	64
SEPT6_HUMAN	83	105	73
SEPT7_HUMAN	226	91	149
SEPT8_HUMAN	84	122	60
SEPT9_HUMAN	278	98	198
SERA_HUMAN	400	105	272
SERB_HUMAN	33	83	39
SERC1_HUMAN	74	114	77
SERC2_HUMAN	54	109	53
SERC3_HUMAN	21	121	48
SERC5_HUMAN	36	121	56
SERC_HUMAN	113	114	74
SERF1_HUMAN	24	90	42
SERF2_HUMAN	88	90	85
SERHL_HUMAN	2	99	41
SERP1_HUMAN	67	94	59
SERP2_HUMAN	62	97	61
SERPH_HUMAN	324	105	206
SESD1_HUMAN	42	113	50
SESN1_HUMAN	11	101	38
SESN2_HUMAN	37	88	52
SESN3_HUMAN	10	98	45
SESQ1_HUMAN	38	118	67
SESQ2_HUMAN	12	112	43
SET1A_HUMAN	165	107	143
SET1B_HUMAN	72	87	67
SETB1_HUMAN	244	106	161
SETB2_HUMAN	20	83	50
SETBP_HUMAN	33	105	44
SETD2_HUMAN	137	116	72
SETD3_HUMAN	36	105	56
SETD4_HUMAN	21	105	50
SETD5_HUMAN	74	105	74
SETD6_HUMAN	19	112	52
SETD7_HUMAN	74	117	86
SETD8_HUMAN	78	109	78
SETD9_HUMAN	5	95	46
SETMR_HUMAN	25	99	46
SETX_HUMAN	181	112	128
SET_HUMAN	312	115	177
SEZ6_HUMAN	9	103	44
SF01_HUMAN	398	120	299
SF3A1_HUMAN	445	104	330
SF3A2_HUMAN	273	92	169
SF3A3_HUMAN	292	97	198
SF3B1_HUMAN	916	103	1075
SF3B2_HUMAN	467	105	350
SF3B3_HUMAN	506	99	360
SF3B4_HUMAN	287	99	184
SF3B5_HUMAN	142	117	93
SFI1_HUMAN	28	116	52
SFPA2_HUMAN	42	109	45
SFPQ_HUMAN	528	94	396
SFR15_HUMAN	149	117	90
SFR19_HUMAN	140	81	120
SFR1_HUMAN	36	112	53
SFRP1_HUMAN	13	90	37
SFRP2_HUMAN	25	114	46
SFRP3_HUMAN	13	80	55
SFRP4_HUMAN	51	93	64
SFRP5_HUMAN	4	98	39
SFSWA_HUMAN	107	99	70
SFT2A_HUMAN	47	107	65
SFT2B_HUMAN	45	101	55
SFT2C_HUMAN	25	92	62
SFTA1_HUMAN	3	102	41
SFTA2_HUMAN	8	97	46
SFTPD_HUMAN	6	99	42
SFXN1_HUMAN	439	91	308
SFXN2_HUMAN	90	88	64
SFXN3_HUMAN	184	96	133
SFXN4_HUMAN	116	100	90
SFXN5_HUMAN	65	110	73
SG11A_HUMAN	12	99	52
SG11B_HUMAN	13	99	56
SG196_HUMAN	277	100	176
SG1C1_HUMAN	13	99	50
SG1D1_HUMAN	146	94	93
SG1D2_HUMAN	21	101	41
SG1D4_HUMAN	26	108	56
SG2A1_HUMAN	106	103	98
SG2A2_HUMAN	224	108	152
SG3A1_HUMAN	13	99	44
SG3A2_HUMAN	1	91	48
SG493_HUMAN	17	90	48
SG494_HUMAN	12	93	51
SGCA_HUMAN	104	101	83
SGCB_HUMAN	104	94	102
SGCD_HUMAN	11	100	46
SGCE_HUMAN	30	102	51
SGCG_HUMAN	18	105	45
SGCZ_HUMAN	30	101	43
SGF29_HUMAN	173	92	123
SGIP1_HUMAN	37	112	52
SGK1_HUMAN	101	85	82
SGK2_HUMAN	26	92	48
SGK3_HUMAN	70	116	67
SGK71_HUMAN,STKL1_HUMAN	5	102	47
SGMR1_HUMAN	143	106	105
SGOL1_HUMAN	97	96	83
SGOL2_HUMAN	77	111	62
SGPL1_HUMAN	254	104	165
SGPP1_HUMAN	53	100	53
SGPP2_HUMAN	8	108	48
SGSM1_HUMAN	13	104	48
SGSM2_HUMAN	29	83	47
SGSM3_HUMAN	24	91	58
SGT1_HUMAN,ECD_HUMAN	154	104	122
SGTA_HUMAN	322	104	220
SGTB_HUMAN	198	110	152
SH21A_HUMAN	42	95	59
SH21B_HUMAN	34	99	54
SH22A_HUMAN	49	112	59
SH23A_HUMAN	72	100	87
SH24A_HUMAN	130	106	100
SH2B1_HUMAN	27	103	48
SH2B2_HUMAN	37	111	53
SH2B3_HUMAN	22	108	55
SH2D3_HUMAN	166	102	122
SH2D5_HUMAN	10	101	40
SH2D7_HUMAN	1	105	44
SH319_HUMAN	60	99	65
SH321_HUMAN	7	94	43
SH3B4_HUMAN	137	101	98
SH3BG_HUMAN	8	111	58
SH3G1_HUMAN	168	136	117
SH3G2_HUMAN	83	107	68
SH3G3_HUMAN	142	107	102
SH3K1_HUMAN	331	99	216
SH3L1_HUMAN	149	96	94
SH3L2_HUMAN	27	90	47
SH3L3_HUMAN	49	99	59
SH3R1_HUMAN	121	125	100
SH3R2_HUMAN	54	81	63
SH3R3_HUMAN	57	94	67
SH3Y1_HUMAN	13	117	51
SHAN1_HUMAN	32	96	65
SHAN2_HUMAN	55	104	54
SHAN3_HUMAN	346	93	229
SHBG_HUMAN	66	104	66
SHB_HUMAN	77	94	68
SHC1_HUMAN	364	123	252
SHC2_HUMAN	39	93	60
SHC3_HUMAN	61	121	62
SHC4_HUMAN	16	105	49
SHCBP_HUMAN	108	94	73
SHD_HUMAN	14	118	49
SHE_HUMAN	9	107	38
SHF_HUMAN	1	86	42
SHH_HUMAN	12	134	52
SHIP1_HUMAN	61	122	74
SHIP2_HUMAN	212	98	155
SHKB1_HUMAN	122	96	106
SHLB1_HUMAN	157	102	113
SHLB2_HUMAN	104	110	76
SHOC2_HUMAN	71	114	69
SHOT1_HUMAN	129	113	90
SHOX2_HUMAN	6	108	39
SHOX_HUMAN	11	97	50
SHP1L_HUMAN	5	115	47
SHPK_HUMAN	26	113	43
SHPRH_HUMAN	93	106	81
SHPS1_HUMAN	61	107	76
SHQ1_HUMAN	26	97	60
SHRM1_HUMAN	23	103	39
SHRM2_HUMAN	29	99	65
SHRM3_HUMAN	90	107	67
SHRM4_HUMAN	3	96	40
SHRPN_HUMAN	183	93	129
SHSA2_HUMAN	18	100	61
SHSA3_HUMAN	33	105	70
SHSA4_HUMAN	12	104	42
SHSA5_HUMAN	15	106	48
SHSA6_HUMAN	41	104	66
SHSA9_HUMAN	1	104	44
SI1L1_HUMAN	181	96	116
SI1L2_HUMAN	130	103	98
SI1L3_HUMAN	117	103	76
SIA10_HUMAN	23	93	55
SIA4A_HUMAN	35	90	44
SIA4B_HUMAN	25	89	53
SIA4C_HUMAN	57	93	66
SIA7A_HUMAN	7	92	41
SIA7B_HUMAN	2	117	46
SIA7C_HUMAN	35	96	51
SIA7D_HUMAN	24	117	58
SIA7E_HUMAN	10	97	43
SIA7F_HUMAN	102	103	95
SIA8A_HUMAN	19	122	45
SIA8B_HUMAN	10	108	47
SIA8C_HUMAN	27	89	59
SIA8D_HUMAN	88	118	75
SIA8E_HUMAN	51	100	67
SIA8F_HUMAN	2	97	44
SIAE_HUMAN	66	98	55
SIAH1_HUMAN	219	88	157
SIAH2_HUMAN	92	109	87
SIAH3_HUMAN	5	98	48
SIAL_HUMAN	12	92	40
SIAS_HUMAN	114	99	85
SIAT1_HUMAN	29	107	62
SIAT2_HUMAN	18	100	39
SIAT6_HUMAN	20	97	63
SIAT9_HUMAN	15	96	38
SIDT1_HUMAN	3	99	50
SIDT2_HUMAN	149	97	121
SIG10_HUMAN	14	100	58
SIG11_HUMAN	5	117	41
SIG12_HUMAN	25	91	51
SIG14_HUMAN	1	120	38
SIG16_HUMAN	1	110	32
SIGIR_HUMAN	13	101	51
SIGL5_HUMAN	24	99	53
SIGL6_HUMAN	13	95	41
SIGL7_HUMAN	12	132	47
SIGL8_HUMAN	1	108	32
SIGL9_HUMAN	16	109	42
SIK1_HUMAN	65	105	66
SIK2_HUMAN	113	100	96
SIK3_HUMAN	74	118	81
SIKE1_HUMAN	61	92	65
SIL1_HUMAN	90	116	72
SIM1_HUMAN	10	106	47
SIM2_HUMAN	26	111	47
SIN1_HUMAN	147	86	119
SIN3A_HUMAN	369	103	261
SIN3B_HUMAN	139	99	117
SIPA1_HUMAN	45	86	56
SIR1_HUMAN	433	103	358
SIR2_HUMAN	156	107	102
SIR3_HUMAN	94	104	77
SIR4_HUMAN	122	91	103
SIR5_HUMAN	69	125	65
SIR6_HUMAN	622	87	539
SIR7_HUMAN	698	108	631
SIRB1_HUMAN	13	98	40
SIRPD_HUMAN	91	103	74
SIRPG_HUMAN	4	89	38
SIT1_HUMAN	16	96	34
SIVA_HUMAN	45	93	52
SIX1_HUMAN	40	102	49
SIX2_HUMAN	27	89	53
SIX3_HUMAN	16	125	55
SIX4_HUMAN	46	97	65
SIX5_HUMAN	31	96	53
SIX6_HUMAN	9	116	36
SK2L2_HUMAN	248	84	166
SKA1_HUMAN	66	89	63
SKA2_HUMAN	37	92	66
SKA3_HUMAN	150	123	122
SKAP1_HUMAN	105	93	75
SKAP2_HUMAN	49	109	59
SKAP_HUMAN	94	126	74
SKIL_HUMAN	132	104	99
SKIV2_HUMAN	121	99	88
SKI_HUMAN	175	97	98
SKOR1_HUMAN	4	125	37
SKP1_HUMAN	516	109	403
SKP2_HUMAN	303	105	189
SKT_HUMAN	111	106	80
SL9A1_HUMAN	137	99	112
SL9A2_HUMAN	127	113	113
SL9A3_HUMAN	128	110	89
SL9A4_HUMAN	66	118	56
SL9A5_HUMAN	113	87	72
SL9A6_HUMAN	113	95	88
SL9A7_HUMAN	63	114	57
SL9A8_HUMAN	63	103	74
SL9A9_HUMAN	56	103	70
SL9B1_HUMAN	3	88	42
SL9B2_HUMAN	79	105	66
SL9C1_HUMAN	25	90	41
SL9C2_HUMAN	48	112	54
SLAF1_HUMAN	125	97	118
SLAF5_HUMAN	6	97	31
SLAF6_HUMAN	17	113	46
SLAF7_HUMAN	23	103	43
SLAF8_HUMAN	16	114	52
SLAF9_HUMAN	3	123	39
SLAI1_HUMAN	89	111	84
SLAI2_HUMAN	126	107	97
SLAP1_HUMAN	26	108	57
SLAP2_HUMAN	19	105	51
SLBP_HUMAN	75	100	56
SLC31_HUMAN	113	106	87
SLD5_HUMAN	66	108	77
SLFN5_HUMAN	47	93	47
SLIB_HUMAN	5	113	41
SLIK1_HUMAN	5	117	38
SLIK2_HUMAN	1	110	39
SLIK3_HUMAN	22	98	45
SLIK4_HUMAN	30	100	47
SLIK5_HUMAN	52	101	55
SLIK6_HUMAN	11	94	54
SLIP_HUMAN	3	110	35
SLIRP_HUMAN	348	97	225
SLIT1_HUMAN	21	130	49
SLIT2_HUMAN	63	92	68
SLIT3_HUMAN	8	109	40
SLK_HUMAN	195	107	120
SLMAP_HUMAN	145	93	111
SLMO1_HUMAN,PLD3A_HUMAN	9	99	39
SLMO2_HUMAN,PLD3B_HUMAN	36	98	55
SLN11_HUMAN	375	98	265
SLN12_HUMAN	14	110	48
SLN13_HUMAN	4	102	42
SLN14_HUMAN	4	118	31
SLNL1_HUMAN	1	80	39
SLPI_HUMAN	31	105	49
SLTM_HUMAN	166	109	112
SLU7_HUMAN	157	107	108
SLUR1_HUMAN	146	100	92
SLX1_HUMAN	70	110	78
SLX4_HUMAN	667	100	608
SMAD1_HUMAN	206	96	144
SMAD2_HUMAN	319	90	253
SMAD3_HUMAN	406	110	280
SMAD4_HUMAN	793	109	853
SMAD5_HUMAN	95	108	62
SMAD6_HUMAN	56	92	63
SMAD7_HUMAN	113	102	94
SMAD9_HUMAN	148	93	112
SMAG1_HUMAN	52	88	68
SMAG2_HUMAN	121	119	113
SMAGP_HUMAN	40	90	65
SMAL1_HUMAN	50	93	59
SMAP1_HUMAN	72	96	73
SMAP2_HUMAN	193	117	124
SMAP_HUMAN	101	111	76
SMBP2_HUMAN	37	108	57
SMBT1_HUMAN	52	101	71
SMBT2_HUMAN	33	114	58
SMC1A_HUMAN	440	101	312
SMC1B_HUMAN	14	110	52
SMC2_HUMAN	342	90	213
SMC3_HUMAN	438	120	301
SMC4_HUMAN	309	110	200
SMC5_HUMAN	975	92	1208
SMC6_HUMAN	88	108	84
SMCA1_HUMAN	194	116	107
SMCA2_HUMAN	340	114	248
SMCA4_HUMAN	678	107	655
SMCA5_HUMAN	416	98	294
SMCE1_HUMAN	294	120	185
SMCR8_HUMAN	149	113	118
SMD1_HUMAN	350	98	221
SMD2_HUMAN	419	91	296
SMD3_HUMAN	367	94	256
SMDC1_HUMAN	32	95	57
SMG1_HUMAN	106	101	88
SMG5_HUMAN	80	100	86
SMG7_HUMAN	322	102	216
SMG8_HUMAN	116	103	85
SMG9_HUMAN	74	99	75
SMHD1_HUMAN	216	109	130
SMN_HUMAN	493	90	350
SMOC1_HUMAN	58	96	57
SMOC2_HUMAN	5	108	40
SMOX_HUMAN	11	94	54
SMO_HUMAN	60	109	73
SMPX_HUMAN	3	83	45
SMR3A_HUMAN	7	97	53
SMR3B_HUMAN	34	103	56
SMRC1_HUMAN	389	102	272
SMRC2_HUMAN	371	107	261
SMRCD_HUMAN	220	93	128
SMRD1_HUMAN	339	115	237
SMRD2_HUMAN	185	111	125
SMRD3_HUMAN	89	113	74
SMRP1_HUMAN	38	111	41
SMS1_HUMAN	8	135	44
SMS2_HUMAN	19	113	55
SMS_HUMAN	8	116	50
SMTL1_HUMAN	5	114	42
SMTL2_HUMAN	39	96	57
SMTN_HUMAN	58	113	44
SMU1_HUMAN	210	99	150
SMUF1_HUMAN	397	90	300
SMUF2_HUMAN	188	125	110
SMUG1_HUMAN	51	106	61
SMYD1_HUMAN	56	98	58
SMYD2_HUMAN	80	98	85
SMYD3_HUMAN	79	107	63
SMYD4_HUMAN	16	99	40
SMYD5_HUMAN	26	86	50
SN12L_HUMAN	2	102	39
SNAA_HUMAN	215	78	161
SNAB_HUMAN	57	103	50
SNAG_HUMAN	93	117	89
SNAI1_HUMAN	524	110	425
SNAI2_HUMAN	44	94	61
SNAI3_HUMAN	7	97	35
SNAPN_HUMAN	182	102	144
SNAT_HUMAN	9	127	48
SNCAP_HUMAN	42	97	52
SND1_HUMAN	352	86	249
SNED1_HUMAN	6	89	40
SNF5_HUMAN	365	89	250
SNF8_HUMAN	73	89	77
SNG1_HUMAN	106	112	71
SNG2_HUMAN	84	103	63
SNG3_HUMAN	32	96	50
SNG4_HUMAN	2	117	34
SNH11_HUMAN	5	94	39
SNH12_HUMAN	3	108	47
SNIP1_HUMAN	430	101	347
SNN_HUMAN	7	89	40
SNP23_HUMAN	216	83	144
SNP25_HUMAN	77	127	70
SNP29_HUMAN	258	96	176
SNP47_HUMAN	170	102	120
SNPC1_HUMAN	35	107	45
SNPC2_HUMAN	7	111	51
SNPC3_HUMAN	23	92	63
SNPC4_HUMAN	79	98	68
SNPC5_HUMAN	46	102	46
SNPH_HUMAN	16	101	45
SNR25_HUMAN	29	115	48
SNR27_HUMAN	212	98	139
SNR40_HUMAN	642	106	574
SNR48_HUMAN	39	85	57
SNRK_HUMAN	32	129	59
SNRPA_HUMAN	494	93	401
SNTA1_HUMAN	50	107	59
SNTB1_HUMAN	68	111	90
SNTB2_HUMAN	156	106	100
SNTG1_HUMAN	28	90	37
SNTG2_HUMAN	22	123	47
SNURF_HUMAN	16	107	37
SNUT1_HUMAN	334	103	253
SNUT2_HUMAN	222	107	145
SNW1_HUMAN	876	107	1022
SNX10_HUMAN	5	82	49
SNX11_HUMAN	42	104	65
SNX12_HUMAN	56	105	59
SNX13_HUMAN	30	122	54
SNX14_HUMAN	69	103	77
SNX15_HUMAN	18	88	54
SNX16_HUMAN	15	125	43
SNX17_HUMAN	103	97	68
SNX18_HUMAN	95	112	65
SNX19_HUMAN	78	125	52
SNX1_HUMAN	232	94	150
SNX20_HUMAN	21	113	50
SNX21_HUMAN	74	109	57
SNX22_HUMAN	12	112	43
SNX24_HUMAN	33	123	54
SNX25_HUMAN	47	108	40
SNX27_HUMAN	505	98	423
SNX29_HUMAN	47	99	51
SNX2_HUMAN	230	83	156
SNX30_HUMAN	28	119	49
SNX31_HUMAN	7	105	49
SNX32_HUMAN	24	99	60
SNX33_HUMAN	71	111	57
SNX3_HUMAN	212	119	118
SNX4_HUMAN	76	115	84
SNX5_HUMAN	139	96	91
SNX6_HUMAN	235	88	137
SNX7_HUMAN	36	97	64
SNX8_HUMAN	69	114	75
SNX9_HUMAN	174	100	111
SN_HUMAN	3	101	34
SO1A2_HUMAN	6	117	39
SO1B1_HUMAN	31	91	53
SO1B3_HUMAN	112	112	94
SO1B7_HUMAN	6	87	47
SO1C1_HUMAN	23	98	55
SO2A1_HUMAN	7	98	52
SO2B1_HUMAN	16	86	46
SO3A1_HUMAN	37	114	49
SO4A1_HUMAN	66	101	69
SO4C1_HUMAN	42	105	61
SO5A1_HUMAN	18	95	48
SO6A1_HUMAN	113	107	82
SOAT1_HUMAN	317	89	221
SOAT2_HUMAN	6	128	44
SOAT_HUMAN	189	92	151
SOBP_HUMAN	12	105	44
SOCS1_HUMAN	165	105	127
SOCS2_HUMAN	89	101	65
SOCS3_HUMAN	90	97	74
SOCS4_HUMAN	23	98	50
SOCS5_HUMAN	19	102	47
SOCS6_HUMAN	117	86	107
SOCS7_HUMAN	38	104	51
SODC_HUMAN	432	94	326
SODE_HUMAN	12	100	47
SODM_HUMAN	144	104	104
SOGA1_HUMAN	118	80	90
SOGA2_HUMAN,MTCL1_HUMAN	83	83	64
SOGA3_HUMAN	37	90	64
SOLH1_HUMAN	117	98	81
SOLH2_HUMAN	2	110	40
SOM2_HUMAN	3	98	49
SOMA_HUMAN	85	94	57
SON_HUMAN	220	115	160
SORC1_HUMAN	3	98	40
SORC2_HUMAN	20	106	48
SORC3_HUMAN	8	102	54
SORCN_HUMAN	75	101	76
SORL_HUMAN	147	119	98
SORT_HUMAN	242	100	155
SOS1_HUMAN	90	114	67
SOS2_HUMAN	57	98	73
SOSB1_HUMAN	77	99	72
SOSB2_HUMAN	23	102	50
SOSD1_HUMAN	27	115	50
SOSSC_HUMAN	44	106	48
SOST_HUMAN	40	107	54
SOX10_HUMAN	83	88	76
SOX11_HUMAN	6	95	35
SOX12_HUMAN	8	95	41
SOX13_HUMAN	40	91	57
SOX14_HUMAN	11	98	39
SOX15_HUMAN	133	115	97
SOX17_HUMAN	80	100	78
SOX18_HUMAN	4	119	41
SOX1_HUMAN	8	87	41
SOX21_HUMAN	10	104	39
SOX2_HUMAN	1368	108	1825
SOX30_HUMAN	18	91	51
SOX3_HUMAN	28	115	47
SOX4_HUMAN	77	112	86
SOX5_HUMAN	161	106	114
SOX6_HUMAN	153	105	102
SOX7_HUMAN	79	92	76
SOX8_HUMAN	16	103	38
SOX9_HUMAN	95	102	73
SOX_HUMAN	15	103	40
SP100_HUMAN	205	117	149
SP110_HUMAN	122	115	88
SP130_HUMAN	187	99	111
SP16H_HUMAN	442	105	320
SP17_HUMAN	16	91	41
SP1_HUMAN	333	103	230
SP2_HUMAN	41	108	51
SP30L_HUMAN	34	105	62
SP3_HUMAN	75	106	81
SP4_HUMAN	40	111	61
SP5_HUMAN	3	95	38
SP6_HUMAN	22	100	42
SP7_HUMAN	293	108	208
SP8_HUMAN	4	117	43
SP9_HUMAN	1	93	39
SPA11_HUMAN	2	101	42
SPA12_HUMAN	126	97	100
SPA24_HUMAN	50	76	63
SPA2L_HUMAN	14	91	39
SPA4L_HUMAN	3	98	33
SPA5L_HUMAN	1311	109	1581
SPA6L_HUMAN	4	90	18
SPA9_HUMAN	9	104	37
SPAG1_HUMAN	31	106	40
SPAG4_HUMAN	36	127	40
SPAG5_HUMAN	198	122	144
SPAG6_HUMAN	23	86	49
SPAG7_HUMAN	26	88	47
SPAG8_HUMAN	90	94	69
SPAS1_HUMAN	11	97	53
SPAS2_HUMAN	123	114	93
SPAST_HUMAN	83	99	80
SPAT1_HUMAN	25	112	46
SPAT2_HUMAN	82	104	82
SPAT4_HUMAN	5	109	35
SPAT5_HUMAN	1127	96	1544
SPAT6_HUMAN	15	113	40
SPAT7_HUMAN	31	113	45
SPAT8_HUMAN	29	109	56
SPAT9_HUMAN	2	109	48
SPATL_HUMAN,TBATA_HUMAN	3	84	38
SPB10_HUMAN	3	98	47
SPB11_HUMAN	11	103	43
SPB12_HUMAN	124	113	100
SPB13_HUMAN	103	77	91
SPB3_HUMAN	214	82	155
SPB4_HUMAN	194	116	128
SPB5_HUMAN	170	91	148
SPB6_HUMAN	50	87	51
SPB7_HUMAN	69	102	94
SPB8_HUMAN	89	94	71
SPB9_HUMAN	52	109	57
SPC24_HUMAN	81	106	65
SPC25_HUMAN	65	103	58
SPCS1_HUMAN	155	102	123
SPCS2_HUMAN	167	86	108
SPCS3_HUMAN	133	105	95
SPCS_HUMAN	21	130	52
SPD2A_HUMAN	131	108	116
SPD2B_HUMAN	64	99	66
SPDE1_HUMAN	4	132	36
SPDE2_HUMAN	4	98	42
SPDE4_HUMAN	59	109	66
SPDE6_HUMAN	4	95	45
SPDEF_HUMAN	34	111	52
SPDLY_HUMAN	306	105	210
SPDYA_HUMAN	11	114	55
SPDYC_HUMAN	12	135	40
SPE2L_HUMAN	1	105	44
SPE39_HUMAN	40	89	65
SPEB_HUMAN	47	97	51
SPEE_HUMAN	66	112	80
SPEF1_HUMAN	9	105	36
SPEF2_HUMAN	21	98	57
SPEG_HUMAN	20	99	51
SPEM1_HUMAN	2	120	41
SPERI_HUMAN	5	99	40
SPERT_HUMAN	132	114	129
SPESP_HUMAN	1	98	42
SPF27_HUMAN	282	99	207
SPF30_HUMAN	124	118	78
SPF45_HUMAN	210	101	125
SPG16_HUMAN	10	110	39
SPG17_HUMAN	19	89	55
SPG20_HUMAN	111	118	86
SPG21_HUMAN	204	105	156
SPG7_HUMAN	134	104	109
SPHK1_HUMAN	85	105	69
SPHK2_HUMAN	21	97	44
SPHM_HUMAN	52	110	57
SPI1_HUMAN	51	118	59
SPI2A_HUMAN	16	94	41
SPI2B_HUMAN	32	107	45
SPI2_HUMAN	14	111	50
SPIB_HUMAN	13	108	41
SPICE_HUMAN	196	102	158
SPIC_HUMAN	4	105	44
SPIN1_HUMAN	112	105	99
SPIN3_HUMAN	34	89	60
SPIN4_HUMAN	22	91	62
SPIR1_HUMAN	34	111	63
SPIR2_HUMAN	19	102	45
SPIT1_HUMAN	65	91	67
SPIT2_HUMAN	166	99	123
SPIT3_HUMAN	1	97	38
SPIT4_HUMAN	1	103	45
SPKAP_HUMAN	13	107	62
SPN1_HUMAN	43	105	64
SPN90_HUMAN	142	107	98
SPNS1_HUMAN	105	96	100
SPNS2_HUMAN	75	102	76
SPNS3_HUMAN	23	103	45
SPNXA_HUMAN	8	119	54
SPNXB_HUMAN	18	90	52
SPNXC_HUMAN	8	108	41
SPNXD_HUMAN	7	102	43
SPO11_HUMAN	3	121	40
SPOC1_HUMAN	3	100	40
SPON1_HUMAN	25	97	60
SPON2_HUMAN	9	99	46
SPOPL_HUMAN	15	105	47
SPOP_HUMAN	781	93	816
SPP24_HUMAN	1	93	50
SPP2A_HUMAN	17	99	48
SPP2B_HUMAN	240	102	159
SPP2C_HUMAN	2	91	46
SPPL3_HUMAN	60	77	64
SPR1A_HUMAN	18	105	45
SPR1B_HUMAN	48	104	51
SPR2A_HUMAN	21	105	48
SPR2B_HUMAN	4	97	40
SPR2D_HUMAN	15	97	38
SPR2E_HUMAN	29	102	47
SPR2F_HUMAN	4	96	34
SPR2G_HUMAN	8	115	46
SPRC_HUMAN	61	91	75
SPRE1_HUMAN	54	100	64
SPRE2_HUMAN	61	101	70
SPRE3_HUMAN	1	102	31
SPRE_HUMAN	123	93	113
SPRL1_HUMAN	25	119	45
SPRN_HUMAN	2	99	34
SPRR3_HUMAN	36	109	58
SPRR4_HUMAN	1	103	47
SPRY3_HUMAN	30	121	64
SPRY4_HUMAN	67	102	76
SPRY7_HUMAN	48	96	63
SPS1_HUMAN	90	93	89
SPS2L_HUMAN	137	98	96
SPS2_HUMAN	29	124	52
SPSB1_HUMAN	32	112	53
SPSB2_HUMAN	61	116	59
SPSB3_HUMAN	41	95	54
SPSB4_HUMAN	139	102	101
SPSY_HUMAN	121	92	100
SPT12_HUMAN	11	96	46
SPT13_HUMAN	19	114	45
SPT16_HUMAN	2	112	44
SPT17_HUMAN	2	94	39
SPT19_HUMAN	8	92	40
SPT20_HUMAN	92	105	68
SPT21_HUMAN	2	101	28
SPT22_HUMAN	13	108	42
SPT25_HUMAN	19	84	45
SPT2_HUMAN	104	102	85
SPT4H_HUMAN	62	103	60
SPT5H_HUMAN	416	97	291
SPT6H_HUMAN	213	115	143
SPTA1_HUMAN	92	106	75
SPTA2_HUMAN,SPTN1_HUMAN	525	109	442
SPTA3_HUMAN	21	96	55
SPTB1_HUMAN	83	107	60
SPTB2_HUMAN	433	107	334
SPTC1_HUMAN	181	98	111
SPTC2_HUMAN	109	97	68
SPTC3_HUMAN	15	104	52
SPTCS_HUMAN	144	84	120
SPTN2_HUMAN	172	96	126
SPTN4_HUMAN	52	104	69
SPTN5_HUMAN	17	88	47
SPTSA_HUMAN	17	108	56
SPTSB_HUMAN	3	112	44
SPX2_HUMAN	95	92	69
SPX3_HUMAN	72	110	67
SPXN2_HUMAN	93	84	71
SPXN3_HUMAN	65	108	67
SPXN4_HUMAN	56	99	75
SPXN5_HUMAN	16	81	49
SPXN_HUMAN	32	102	60
SPY1_HUMAN	108	90	89
SPY2_HUMAN	150	95	109
SPY3_HUMAN	28	108	52
SPY4_HUMAN	86	100	65
SPYA_HUMAN	44	107	53
SPZ1_HUMAN	19	114	49
SQRD_HUMAN	125	113	97
SQSTM_HUMAN	1241	91	1573
SR140_HUMAN	321	87	233
SR1IP_HUMAN	48	103	69
SRA1_HUMAN	73	115	69
SRAC1_HUMAN	30	99	54
SRB4D_HUMAN	49	100	63
SRBD1_HUMAN	126	92	102
SRBP1_HUMAN	98	88	92
SRBP2_HUMAN	143	88	115
SRBS1_HUMAN	92	93	71
SRBS2_HUMAN	94	99	64
SRC8_HUMAN	452	97	393
SRCAP_HUMAN	127	111	102
SRCA_HUMAN	7	120	49
SRCH_HUMAN	10	87	42
SRCN1_HUMAN	19	115	42
SRC_HUMAN	650	105	569
SREC2_HUMAN	35	89	65
SREC_HUMAN	21	101	46
SREK1_HUMAN	185	107	142
SRFB1_HUMAN	109	116	87
SRF_HUMAN	110	116	91
SRGEF_HUMAN	15	85	37
SRGN_HUMAN	21	102	54
SRGP1_HUMAN	42	101	50
SRGP3_HUMAN	54	115	62
SRMS_HUMAN	34	105	42
SRP09_HUMAN	443	110	350
SRP14_HUMAN	389	93	269
SRP19_HUMAN	238	109	169
SRP54_HUMAN	149	118	86
SRP68_HUMAN	387	90	266
SRP72_HUMAN	349	100	224
SRPK1_HUMAN	515	100	415
SRPK2_HUMAN	574	103	484
SRPK3_HUMAN	191	90	126
SRPRB_HUMAN	381	112	275
SRPR_HUMAN	332	99	219
SRPX2_HUMAN	12	105	55
SRPX_HUMAN	17	103	48
SRR1L_HUMAN	3	116	47
SRRM1_HUMAN	357	114	220
SRRM2_HUMAN	496	106	393
SRRM4_HUMAN	35	111	41
SRRM5_HUMAN	2	101	35
SRRT_HUMAN	356	101	223
SRR_HUMAN	24	99	51
SRS10_HUMAN	279	110	188
SRS11_HUMAN	208	106	154
SRS12_HUMAN	133	109	100
SRSF1_HUMAN	573	95	507
SRSF2_HUMAN	277	113	170
SRSF3_HUMAN	531	96	412
SRSF4_HUMAN	311	103	228
SRSF5_HUMAN	490	112	412
SRSF6_HUMAN	515	97	409
SRSF7_HUMAN	417	95	308
SRSF8_HUMAN	101	105	103
SRSF9_HUMAN	236	125	135
SRTD1_HUMAN	73	110	82
SRTD2_HUMAN	35	106	44
SRTD3_HUMAN	55	119	62
SRTD4_HUMAN	18	122	42
SRTM1_HUMAN	13	114	40
SRXN1_HUMAN	47	127	61
SRY_HUMAN	9	105	37
SSA27_HUMAN	372	97	258
SSBP2_HUMAN	125	95	81
SSBP3_HUMAN	94	111	86
SSBP4_HUMAN	53	119	51
SSBP_HUMAN	615	91	524
SSDH_HUMAN	64	99	66
SSF1_HUMAN	316	95	218
SSFA2_HUMAN	140	93	112
SSH1_HUMAN	80	84	82
SSH2_HUMAN	39	115	50
SSH3_HUMAN	72	119	71
SSNA1_HUMAN	47	107	67
SSPN_HUMAN	2	95	36
SSPO_HUMAN	10	101	55
SSR1_HUMAN	13	99	42
SSR2_HUMAN	44	117	69
SSR3_HUMAN	15	94	45
SSR4_HUMAN	7	98	42
SSR5_HUMAN	10	95	37
SSRA_HUMAN	471	132	368
SSRB_HUMAN	47	97	49
SSRD_HUMAN	251	110	160
SSRG_HUMAN	171	112	104
SSRP1_HUMAN	678	90	561
SSU72_HUMAN	63	112	62
SSX10_HUMAN	1	82	38
SSX1_HUMAN	13	113	40
SSX2_HUMAN	43	104	55
SSX3_HUMAN	34	111	43
SSX4_HUMAN	15	100	46
SSX5_HUMAN	9	102	40
SSX6_HUMAN	7	108	46
SSX7_HUMAN	11	111	48
SSX9_HUMAN	2	104	39
SSXT_HUMAN	88	101	66
ST14_HUMAN	210	102	141
ST17A_HUMAN	24	115	47
ST17B_HUMAN	59	103	71
ST18_HUMAN	10	99	45
ST1A1_HUMAN	66	109	53
ST1A2_HUMAN	17	118	40
ST1A3_HUMAN,ST1A4_HUMAN	22	80	40
ST1B1_HUMAN	5	102	40
ST1C2_HUMAN	17	97	30
ST1C3_HUMAN	9	109	53
ST1C4_HUMAN	107	89	85
ST1E1_HUMAN	16	107	37
ST20_HUMAN	3	99	37
ST2A1_HUMAN	10	106	51
ST2B1_HUMAN	65	107	68
ST32A_HUMAN	16	105	46
ST32B_HUMAN	15	95	50
ST32C_HUMAN	89	88	84
ST38L_HUMAN	74	101	58
ST4A1_HUMAN	20	108	48
ST5_HUMAN	33	94	47
ST65G_HUMAN	73	93	65
ST6B1_HUMAN	1	108	40
ST7L_HUMAN	39	87	67
ST7_HUMAN	383	112	293
STA13_HUMAN	68	117	62
STA5A_HUMAN	109	108	80
STA5B_HUMAN	110	96	84
STAB1_HUMAN	9	110	47
STAB2_HUMAN	12	97	40
STABP_HUMAN	96	116	83
STAC2_HUMAN	18	79	54
STAC3_HUMAN	46	101	62
STAC_HUMAN	26	110	44
STAG1_HUMAN	105	92	78
STAG2_HUMAN	244	109	164
STAG3_HUMAN	17	103	46
STALP_HUMAN	76	103	74
STAM1_HUMAN	150	101	101
STAM2_HUMAN	143	110	107
STAP1_HUMAN	22	99	47
STAP2_HUMAN	24	106	52
STAR3_HUMAN	97	109	86
STAR4_HUMAN	6	107	47
STAR5_HUMAN	2	115	51
STAR6_HUMAN	3	127	40
STAR7_HUMAN	50	116	69
STAR8_HUMAN	21	135	42
STAR9_HUMAN	41	92	64
STAR_HUMAN	11	102	41
STAT1_HUMAN	315	105	229
STAT2_HUMAN	82	110	76
STAT3_HUMAN	457	96	351
STAT4_HUMAN	41	102	54
STAT6_HUMAN	80	89	64
STAT_HUMAN	59	103	65
STAU1_HUMAN	1541	85	2201
STAU2_HUMAN	234	103	164
STB5L_HUMAN	10	90	54
STBD1_HUMAN	130	90	97
STC1_HUMAN	8	122	39
STC2_HUMAN	50	108	82
STEA1_HUMAN	6	97	39
STEA2_HUMAN	12	102	46
STEA3_HUMAN	147	92	103
STEA4_HUMAN	8	105	48
STEAL_HUMAN	3	110	50
STF1_HUMAN	66	121	70
STG31_HUMAN	3	104	36
STG34_HUMAN,ST3L4_HUMAN	6	99	51
STH_HUMAN	16	103	47
STIL_HUMAN	187	100	129
STIM1_HUMAN	418	107	282
STIM2_HUMAN	132	100	104
STIP1_HUMAN	1043	106	1342
STK10_HUMAN	62	92	71
STK11_HUMAN	277	106	215
STK16_HUMAN	157	116	120
STK19_HUMAN	34	99	58
STK24_HUMAN	281	86	178
STK25_HUMAN	237	91	160
STK31_HUMAN	14	103	54
STK33_HUMAN	40	95	45
STK35_HUMAN	26	107	53
STK36_HUMAN	40	116	53
STK38_HUMAN	183	100	125
STK39_HUMAN	103	99	82
STK3_HUMAN	257	96	201
STK40_HUMAN	57	116	67
STK4_HUMAN	1145	92	1545
STML1_HUMAN	13	104	40
STML2_HUMAN	308	93	181
STML3_HUMAN	7	116	48
STMN1_HUMAN	186	85	129
STMN2_HUMAN	96	106	88
STMN3_HUMAN	50	97	62
STMN4_HUMAN	38	97	60
STN1_HUMAN	106	117	90
STOM_HUMAN	382	94	264
STON1_HUMAN	8	104	40
STON2_HUMAN	92	117	76
STOX1_HUMAN	14	105	49
STOX2_HUMAN	16	98	49
STP1_HUMAN	7	112	47
STP2_HUMAN	25	105	65
STPAP_HUMAN	55	106	78
STRA6_HUMAN	36	109	54
STRA8_HUMAN	9	110	37
STRAA_HUMAN	26	115	41
STRAB_HUMAN	29	105	52
STRAP_HUMAN	275	87	173
STRBP_HUMAN	204	115	127
STRC_HUMAN	1	87	49
STRN3_HUMAN	150	121	99
STRN4_HUMAN	175	98	129
STRN_HUMAN	143	121	104
STRUM_HUMAN	97	111	64
STS_HUMAN	34	115	56
STT3A_HUMAN	209	100	136
STT3B_HUMAN	268	96	171
STX10_HUMAN	125	109	93
STX11_HUMAN	154	112	116
STX12_HUMAN	298	90	188
STX16_HUMAN	80	88	65
STX17_HUMAN	274	106	183
STX18_HUMAN	159	108	112
STX19_HUMAN	27	97	56
STX1A_HUMAN	219	102	169
STX1B_HUMAN	63	115	75
STX2_HUMAN	85	94	74
STX3_HUMAN	167	113	112
STX4_HUMAN	437	110	310
STX5_HUMAN	284	95	175
STX6_HUMAN	451	96	353
STX7_HUMAN	714	108	678
STX8_HUMAN	237	116	165
STXB1_HUMAN	178	116	137
STXB2_HUMAN	91	92	82
STXB3_HUMAN	114	109	96
STXB4_HUMAN	84	111	82
STXB5_HUMAN	37	103	58
STXB6_HUMAN	22	109	42
STYK1_HUMAN	156	86	115
STYL1_HUMAN	45	108	42
STYX_HUMAN	81	102	65
SUCA_HUMAN	126	98	108
SUCB1_HUMAN	192	104	116
SUCB2_HUMAN	128	106	82
SUCR1_HUMAN	3	95	38
SUFU_HUMAN	107	98	88
SUGP1_HUMAN	140	103	98
SUGP2_HUMAN	166	92	106
SUGT1_HUMAN,SGT1_HUMAN	307	106	214
SUH_HUMAN	248	99	166
SUIS_HUMAN	5	105	44
SULF1_HUMAN	33	107	48
SULF2_HUMAN	248	98	176
SUMF1_HUMAN	51	109	58
SUMF2_HUMAN	61	97	63
SUMO1_HUMAN	1105	94	1407
SUMO2_HUMAN	1698	70	2812
SUMO3_HUMAN	460	92	366
SUMO4_HUMAN	103	96	87
SUN1_HUMAN	171	107	127
SUN2_HUMAN	242	103	143
SUN3_HUMAN	6	130	52
SUN5_HUMAN	2	114	43
SUNC1_HUMAN	6	89	37
SUOX_HUMAN	104	104	83
SUPT3_HUMAN	57	109	63
SURF1_HUMAN	199	93	137
SURF2_HUMAN	69	122	73
SURF4_HUMAN	224	110	161
SURF6_HUMAN	449	93	326
SUSD1_HUMAN	37	104	57
SUSD2_HUMAN	17	99	36
SUSD3_HUMAN	48	111	67
SUSD4_HUMAN	55	113	54
SUSD5_HUMAN	24	122	54
SUV3_HUMAN	146	96	83
SUV91_HUMAN	228	110	145
SUV92_HUMAN	81	113	96
SUZ12_HUMAN	630	99	524
SV2A_HUMAN	91	99	72
SV2B_HUMAN	108	99	90
SV2C_HUMAN	36	104	57
SV421_HUMAN	30	102	47
SV422_HUMAN	40	107	47
SVEP1_HUMAN	13	102	54
SVIL_HUMAN	254	82	168
SVIP_HUMAN	29	116	57
SVOPL_HUMAN	43	110	70
SVOP_HUMAN	60	82	58
SWAHA_HUMAN	4	127	38
SWAHB_HUMAN	10	120	43
SWAHC_HUMAN	29	105	50
SWAP1_HUMAN	35	93	44
SWET1_HUMAN	8	116	33
SWI5_HUMAN	2	121	36
SWP70_HUMAN	80	101	80
SWT1_HUMAN	1	100	48
SYAC_HUMAN	183	97	105
SYAM_HUMAN	337	86	208
SYAP1_HUMAN	152	102	120
SYBU_HUMAN	34	119	58
SYC2L_HUMAN	5	93	58
SYCC_HUMAN	108	119	74
SYCE1_HUMAN	127	110	100
SYCE2_HUMAN	19	111	42
SYCE3_HUMAN	62	103	71
SYCM_HUMAN	103	120	75
SYCN_HUMAN	7	122	46
SYCP1_HUMAN	20	116	36
SYCP2_HUMAN	7	115	46
SYCP3_HUMAN	12	102	36
SYDC_HUMAN	267	90	150
SYDE1_HUMAN	113	108	86
SYDE2_HUMAN	49	114	59
SYDM_HUMAN	160	106	126
SYEM_HUMAN	107	107	92
SYEP_HUMAN	461	112	312
SYF1_HUMAN	185	92	117
SYF2_HUMAN	74	114	67
SYFA_HUMAN	220	94	135
SYFB_HUMAN	169	105	104
SYFM_HUMAN	143	108	121
SYGP1_HUMAN	481	98	354
SYG_HUMAN	275	119	172
SYHC_HUMAN	140	95	109
SYHM_HUMAN	173	111	114
SYIC_HUMAN	345	94	242
SYIM_HUMAN	290	96	204
SYJ2B_HUMAN	144	102	113
SYK_HUMAN	327	94	228
SYLC_HUMAN	324	104	212
SYLM_HUMAN	160	108	121
SYMC_HUMAN	283	102	166
SYMM_HUMAN	86	104	70
SYMPK_HUMAN	212	90	138
SYN1_HUMAN	50	105	57
SYN2_HUMAN	31	89	44
SYN3_HUMAN	18	119	50
SYNCI_HUMAN	64	107	66
SYNC_HUMAN	155	85	99
SYNE1_HUMAN	129	97	85
SYNE2_HUMAN	205	91	156
SYNE3_HUMAN	438	90	332
SYNE4_HUMAN	103	106	83
SYNEM_HUMAN	71	125	59
SYNG1_HUMAN	20	92	50
SYNJ1_HUMAN	98	102	78
SYNJ2_HUMAN	53	106	48
SYNM_HUMAN	85	88	80
SYNP2_HUMAN	28	110	64
SYNPO_HUMAN	207	108	127
SYNPR_HUMAN	15	120	48
SYNRG_HUMAN	77	100	65
SYP2L_HUMAN	11	88	39
SYPH_HUMAN	153	99	125
SYPL1_HUMAN	43	100	60
SYPL2_HUMAN	23	104	47
SYPM_HUMAN	53	95	55
SYQ_HUMAN	365	90	268
SYRC_HUMAN	276	102	185
SYRM_HUMAN	115	95	96
SYS1_HUMAN	29	114	58
SYSC_HUMAN	132	101	91
SYSM_HUMAN	106	105	81
SYT10_HUMAN	4	95	32
SYT11_HUMAN	72	105	68
SYT12_HUMAN	29	92	47
SYT13_HUMAN	6	103	43
SYT14_HUMAN	3	92	35
SYT15_HUMAN	10	105	38
SYT16_HUMAN	45	113	68
SYT17_HUMAN	54	104	59
SYT1_HUMAN	110	107	73
SYT2_HUMAN	171	103	107
SYT3_HUMAN	20	106	45
SYT4_HUMAN	10	98	46
SYT5_HUMAN	14	104	48
SYT6_HUMAN	119	92	98
SYT7_HUMAN	21	98	43
SYT8_HUMAN	1	99	33
SYT9_HUMAN	16	126	41
SYTC2_HUMAN	63	115	69
SYTC_HUMAN	210	102	130
SYTL1_HUMAN	9	99	35
SYTL2_HUMAN	17	92	51
SYTL3_HUMAN	5	101	43
SYTL4_HUMAN	69	98	65
SYTL5_HUMAN	18	104	55
SYTM_HUMAN	172	114	116
SYUA_HUMAN	958	94	1205
SYUB_HUMAN	18	107	51
SYUG_HUMAN	45	102	35
SYVC_HUMAN	275	93	202
SYVM_HUMAN	113	121	91
SYVN1_HUMAN	338	109	225
SYWC_HUMAN	195	84	111
SYWM_HUMAN	39	99	57
SYYC_HUMAN	153	97	91
SYYM_HUMAN	240	101	162
SZT2_HUMAN	39	102	59
T106A_HUMAN	230	105	163
T106B_HUMAN	348	106	284
T106C_HUMAN	84	108	79
T10IP_HUMAN	138	92	98
T11L1_HUMAN	76	97	72
T11L2_HUMAN	22	98	52
T120A_HUMAN	81	96	71
T120B_HUMAN	119	100	92
T126A_HUMAN	112	79	85
T126B_HUMAN	47	97	65
T131L_HUMAN	106	109	80
T132A_HUMAN	135	110	113
T132B_HUMAN	2	114	43
T132C_HUMAN	3	110	53
T132D_HUMAN	70	103	72
T132E_HUMAN	8	104	38
T150A_HUMAN	45	103	52
T150B_HUMAN	1	91	45
T151A_HUMAN	1	88	42
T151B_HUMAN	2	91	41
T161A_HUMAN	98	124	76
T161B_HUMAN	30	116	45
T167B_HUMAN	38	90	47
T170A_HUMAN	13	101	43
T176A_HUMAN	17	111	52
T176B_HUMAN	25	98	42
T179B_HUMAN	98	98	81
T183A_HUMAN	28	107	52
T183B_HUMAN	1	116	36
T184A_HUMAN	106	93	88
T184B_HUMAN	40	107	45
T184C_HUMAN	17	84	66
T185A_HUMAN	87	106	76
T185B_HUMAN	5	99	43
T191B_HUMAN	1	110	42
T194A_HUMAN,NEMP1_HUMAN	101	124	88
T194B_HUMAN,NEMP2_HUMAN	4	100	37
T200A_HUMAN	48	96	59
T200B_HUMAN	3	105	43
T200C_HUMAN	1	102	54
T229B_HUMAN	41	106	56
T22D1_HUMAN	199	103	128
T22D2_HUMAN	63	108	68
T22D3_HUMAN	62	102	62
T22D4_HUMAN	126	115	95
T23O_HUMAN	23	91	46
T2AG_HUMAN	25	97	62
T2EA_HUMAN	99	111	85
T2EB_HUMAN	171	95	114
T2FA_HUMAN	210	102	144
T2FB_HUMAN	135	116	99
T2H2L_HUMAN	56	105	56
T2R10_HUMAN	4	120	33
T2R13_HUMAN	3	112	30
T2R14_HUMAN	5	106	51
T2R19_HUMAN	24	97	46
T2R20_HUMAN	1	113	38
T2R31_HUMAN	7	126	33
T2R38_HUMAN	3	103	39
T2R39_HUMAN	1	92	33
T2R41_HUMAN	19	98	50
T2R42_HUMAN	10	99	43
T2R45_HUMAN	1	106	41
T2R48_HUMAN	24	106	44
T2R49_HUMAN	1	112	34
T2R50_HUMAN	1	111	38
T2R60_HUMAN	3	111	48
T3JAM_HUMAN	84	108	68
T4S18_HUMAN	47	97	55
T4S19_HUMAN	40	104	52
T4S1_HUMAN	12	96	51
T4S20_HUMAN	20	102	49
T4S4_HUMAN	24	111	42
T4S5_HUMAN	33	115	48
T53G1_HUMAN	3	109	36
T53G3_HUMAN	1	113	33
T53G5_HUMAN	10	107	40
T53I1_HUMAN	22	118	40
T53I2_HUMAN	4	112	45
TA2R3_HUMAN	1	115	28
TA2R4_HUMAN	1	94	51
TA2R5_HUMAN	6	96	35
TA2R7_HUMAN	14	101	39
TA2R8_HUMAN	4	107	37
TA2R_HUMAN	62	106	66
TAAR1_HUMAN	5	94	66
TAAR2_HUMAN	1	117	48
TAAR3_HUMAN	8	102	41
TAAR8_HUMAN	1	104	35
TAAR9_HUMAN	2	99	45
TAB1_HUMAN	262	87	188
TAB2_HUMAN	204	109	165
TAB3_HUMAN	61	95	70
TAC2N_HUMAN	12	100	41
TACC1_HUMAN	171	93	110
TACC2_HUMAN	76	108	71
TACC3_HUMAN	158	109	98
TACD2_HUMAN	135	108	101
TACO1_HUMAN	334	85	224
TACT_HUMAN	15	116	55
TAD2A_HUMAN	196	93	137
TAD2B_HUMAN	90	106	86
TADA1_HUMAN	56	122	45
TADA3_HUMAN	141	116	93
TADBP_HUMAN	544	95	443
TAF10_HUMAN	104	99	87
TAF11_HUMAN	45	89	76
TAF12_HUMAN	99	96	77
TAF13_HUMAN	33	119	57
TAF1A_HUMAN	70	101	74
TAF1B_HUMAN	81	117	86
TAF1C_HUMAN	115	97	84
TAF1D_HUMAN	94	100	85
TAF1L_HUMAN	24	110	46
TAF1_HUMAN	241	104	164
TAF2_HUMAN	132	95	99
TAF3_HUMAN	91	106	74
TAF4B_HUMAN	23	118	44
TAF4_HUMAN	162	116	99
TAF5L_HUMAN	110	96	76
TAF5_HUMAN	99	98	99
TAF6L_HUMAN	127	105	97
TAF6_HUMAN	240	118	161
TAF7L_HUMAN	35	89	53
TAF7_HUMAN	104	115	77
TAF8_HUMAN	57	97	66
TAF9B_HUMAN	111	117	77
TAF9_HUMAN	51	126	60
TAGAP_HUMAN	18	88	52
TAGL2_HUMAN	242	93	160
TAGL3_HUMAN	42	110	51
TAGL_HUMAN	232	111	169
TAK1L_HUMAN,M3KCL_HUMAN	11	103	34
TAL1_HUMAN	94	113	90
TAL2_HUMAN	11	91	37
TALAN_HUMAN	19	94	37
TALDO_HUMAN	149	96	113
TAM41_HUMAN	48	86	63
TANC1_HUMAN	96	96	85
TANC2_HUMAN	89	100	65
TANK_HUMAN	228	114	148
TAOK1_HUMAN	64	93	65
TAOK2_HUMAN	82	100	87
TAOK3_HUMAN	48	115	47
TAP1_HUMAN	154	98	112
TAP26_HUMAN	120	110	102
TAP2_HUMAN	102	86	91
TAPT1_HUMAN	40	103	70
TARA_HUMAN	133	95	87
TARB1_HUMAN	81	98	69
TARSH_HUMAN	14	100	44
TASP1_HUMAN	11	102	37
TATD1_HUMAN	58	112	68
TATD2_HUMAN	22	110	40
TATD3_HUMAN	8	97	47
TAU_HUMAN	2148	88	3263
TAXB1_HUMAN	361	105	232
TAZ_HUMAN	183	100	145
TB10A_HUMAN	33	88	57
TB10B_HUMAN	109	105	81
TB10C_HUMAN	15	91	53
TB15A_HUMAN	2	110	39
TB182_HUMAN	172	99	128
TB22A_HUMAN	39	102	40
TB22B_HUMAN	196	92	141
TBA1A_HUMAN	742	87	716
TBA1B_HUMAN	489	106	366
TBA1C_HUMAN	527	105	435
TBA3C_HUMAN	184	107	118
TBA3E_HUMAN	47	109	63
TBA4A_HUMAN	542	92	478
TBA4B_HUMAN	41	105	59
TBA8_HUMAN	100	120	79
TBAL3_HUMAN	73	117	64
TBB1_HUMAN	166	105	114
TBB2A_HUMAN	347	102	234
TBB2B_HUMAN	267	128	169
TBB3_HUMAN	476	97	328
TBB4A_HUMAN	280	102	200
TBB4B_HUMAN	611	92	545
TBB5_HUMAN	825	97	862
TBB6_HUMAN	274	110	193
TBB8_HUMAN	403	90	300
TBC12_HUMAN	10	111	46
TBC13_HUMAN	14	89	46
TBC14_HUMAN	40	101	66
TBC15_HUMAN	205	90	140
TBC16_HUMAN	27	98	36
TBC17_HUMAN	59	105	69
TBC19_HUMAN	14	110	51
TBC20_HUMAN	20	98	33
TBC21_HUMAN	30	104	57
TBC23_HUMAN	56	125	54
TBC24_HUMAN	39	99	60
TBC25_HUMAN	60	98	67
TBC26_HUMAN	11	114	49
TBC28_HUMAN	5	107	40
TBC30_HUMAN	32	131	47
TBC3A_HUMAN	18	111	47
TBC3B_HUMAN,TBC3I_HUMAN,TBC3B_HUMAN	1	99	54
TBC3C_HUMAN,TBC3D_HUMAN,TBC3C_HUMAN	2	98	34
TBC3F_HUMAN	5	108	37
TBC3G_HUMAN	19	108	46
TBC3H_HUMAN	1	109	47
TBC8B_HUMAN	7	100	48
TBC9B_HUMAN	91	91	86
TBCA_HUMAN	115	102	89
TBCB_HUMAN	106	110	79
TBCC1_HUMAN	23	87	46
TBCC_HUMAN	12	108	39
TBCD1_HUMAN	62	99	66
TBCD4_HUMAN	137	96	87
TBCD5_HUMAN	102	91	80
TBCD7_HUMAN	55	107	64
TBCD8_HUMAN	51	101	46
TBCD9_HUMAN	67	109	67
TBCD_HUMAN	136	113	82
TBCEL_HUMAN	10	106	42
TBCE_HUMAN	64	94	71
TBCK_HUMAN	82	105	70
TBD2A_HUMAN	37	108	51
TBD2B_HUMAN	96	111	79
TBD_HUMAN	26	98	49
TBE_HUMAN	15	96	42
TBG1_HUMAN	359	100	246
TBG2_HUMAN	42	123	61
TBK1_HUMAN	440	87	326
TBKB1_HUMAN	78	104	71
TBL1R_HUMAN	161	105	108
TBL1X_HUMAN	131	102	108
TBL1Y_HUMAN	39	118	47
TBL2_HUMAN	211	110	160
TBL3_HUMAN	196	97	141
TBPL1_HUMAN	42	102	52
TBPL2_HUMAN	20	114	39
TBP_HUMAN	225	86	139
TBR1_HUMAN	188	101	121
TBRG1_HUMAN	22	120	41
TBRG4_HUMAN	426	102	298
TBX15_HUMAN	14	103	43
TBX18_HUMAN	9	91	48
TBX19_HUMAN	17	101	46
TBX1_HUMAN	12	85	35
TBX20_HUMAN	20	113	46
TBX21_HUMAN	10	80	29
TBX22_HUMAN	10	98	43
TBX2_HUMAN	29	109	51
TBX3_HUMAN	72	104	70
TBX4_HUMAN	4	109	48
TBX5_HUMAN	146	95	104
TBX6_HUMAN	35	105	50
TC1D1_HUMAN	9	106	38
TC1D2_HUMAN	39	119	61
TC1D3_HUMAN	4	85	32
TC1D4_HUMAN	27	103	49
TCAL1_HUMAN	86	104	80
TCAL2_HUMAN	23	80	49
TCAL3_HUMAN	4	104	37
TCAL4_HUMAN	48	92	71
TCAL5_HUMAN	11	89	40
TCAL6_HUMAN	1	115	54
TCAL7_HUMAN	23	87	39
TCAL8_HUMAN	17	119	37
TCAM1_HUMAN	48	103	63
TCAM2_HUMAN	43	100	57
TCA_HUMAN	34	110	47
TCEA1_HUMAN	123	99	90
TCEA2_HUMAN	156	95	106
TCEA3_HUMAN	10	98	45
TCF15_HUMAN	12	111	44
TCF19_HUMAN	35	99	46
TCF20_HUMAN	165	104	98
TCF21_HUMAN	13	107	59
TCF23_HUMAN	11	98	38
TCF25_HUMAN	107	89	81
TCF7_HUMAN	29	97	51
TCFL5_HUMAN	2	93	41
TCHL1_HUMAN	6	110	49
TCHP_HUMAN	134	92	105
TCL1A_HUMAN	60	108	50
TCL1B_HUMAN	46	98	52
TCL6_HUMAN	1	104	41
TCO1_HUMAN	8	89	45
TCO2_HUMAN	13	90	46
TCOF_HUMAN	285	113	170
TCP10_HUMAN	20	82	47
TCP11_HUMAN	12	98	57
TCP1L_HUMAN	73	103	71
TCP4_HUMAN	249	98	172
TCPA_HUMAN	592	115	516
TCPB_HUMAN	686	91	653
TCPD_HUMAN	555	95	453
TCPE_HUMAN	560	105	458
TCPG_HUMAN	638	112	568
TCPH_HUMAN	604	75	489
TCPQL_HUMAN	8	108	43
TCPQM_HUMAN	176	85	120
TCPQ_HUMAN	586	94	436
TCPR1_HUMAN	17	102	50
TCPR2_HUMAN	20	101	41
TCPW_HUMAN	206	118	131
TCPZ_HUMAN	604	116	544
TCRG1_HUMAN	212	104	145
TCRGL_HUMAN	2	105	39
TCTA_HUMAN	7	122	36
TCTP_HUMAN	369	81	279
TD26_HUMAN,ANGL8_HUMAN	10	105	56
TDGF1_HUMAN	60	98	56
TDG_HUMAN	68	96	64
TDH_HUMAN	2	100	34
TDIF1_HUMAN	103	96	85
TDIF2_HUMAN	162	90	121
TDR10_HUMAN	2	109	49
TDR12_HUMAN	2	88	33
TDRD1_HUMAN	10	102	53
TDRD3_HUMAN	209	94	136
TDRD5_HUMAN	9	96	45
TDRD6_HUMAN	7	102	38
TDRD7_HUMAN	52	118	68
TDRD9_HUMAN	8	99	35
TDRKH_HUMAN	87	118	58
TDT_HUMAN	12	104	42
TE2IP_HUMAN	560	102	411
TEAD1_HUMAN	171	108	99
TEAD2_HUMAN	127	103	93
TEAD3_HUMAN	43	114	55
TEAD4_HUMAN	86	94	48
TEAN2_HUMAN	35	95	43
TEANC_HUMAN	142	86	106
TEBP_HUMAN	453	95	346
TECR_HUMAN	299	108	206
TECT1_HUMAN	151	90	130
TECT2_HUMAN	311	116	226
TECT3_HUMAN	333	109	246
TECTA_HUMAN	6	94	42
TECTB_HUMAN	35	107	59
TEC_HUMAN	70	99	71
TEFF1_HUMAN	40	112	59
TEFF2_HUMAN	16	118	32
TEFM_HUMAN	229	114	155
TEF_HUMAN	5	124	38
TEKT1_HUMAN	29	104	55
TEKT2_HUMAN	26	89	58
TEKT3_HUMAN	43	106	62
TEKT4_HUMAN	121	94	92
TEKT5_HUMAN	52	119	60
TELO2_HUMAN	159	118	123
TELT_HUMAN	54	128	53
TEN1L_HUMAN	5	128	49
TEN1_HUMAN	24	118	32
TEN2_HUMAN	30	95	42
TEN3_HUMAN	78	117	81
TEN4_HUMAN	34	100	56
TENA_HUMAN	31	99	49
TENC1_HUMAN,TNS2_HUMAN	239	134	181
TENN_HUMAN	22	105	46
TENR_HUMAN	15	104	43
TENS1_HUMAN	51	108	65
TENS3_HUMAN	96	90	77
TENS4_HUMAN	42	90	59
TENXA_HUMAN	2	111	53
TENX_HUMAN	17	110	47
TEP1_HUMAN	42	99	62
TEPP_HUMAN	4	127	40
TERA_HUMAN	1850	96	2005
TERF1_HUMAN	346	97	243
TERF2_HUMAN	333	99	227
TERT_HUMAN	110	104	94
TESC_HUMAN,CHP3_HUMAN	22	93	58
TESK1_HUMAN	37	106	50
TESK2_HUMAN	98	106	67
TESP1_HUMAN	15	103	57
TEST_HUMAN	30	112	45
TES_HUMAN	334	113	229
TET1_HUMAN	35	120	57
TET2_HUMAN	153	93	125
TET3_HUMAN	28	80	51
TETN_HUMAN	19	101	41
TEX10_HUMAN	201	127	129
TEX11_HUMAN	95	109	83
TEX12_HUMAN	19	86	49
TEX14_HUMAN	33	120	68
TEX15_HUMAN	20	104	56
TEX19_HUMAN	51	107	68
TEX28_HUMAN	38	108	43
TEX29_HUMAN	42	111	61
TEX2_HUMAN	189	95	108
TEX30_HUMAN	5	96	43
TEX33_HUMAN	18	113	39
TEX34_HUMAN	2	110	34
TEX9_HUMAN	38	84	55
TF2AA_HUMAN	86	80	87
TF2AY_HUMAN	22	110	54
TF2B_HUMAN	130	85	109
TF2H1_HUMAN	87	103	68
TF2H2_HUMAN	46	99	59
TF2H3_HUMAN	52	102	61
TF2H4_HUMAN	74	106	73
TF2H5_HUMAN	32	100	44
TF2L1_HUMAN	8	106	37
TF2LX_HUMAN	35	103	56
TF2LY_HUMAN	42	92	47
TF3A_HUMAN	13	99	46
TF3B_HUMAN	81	118	56
TF3C1_HUMAN	263	119	168
TF3C2_HUMAN	180	96	111
TF3C3_HUMAN	220	108	131
TF3C4_HUMAN	202	100	133
TF3C5_HUMAN	167	120	112
TF3C6_HUMAN	28	105	55
TF65_HUMAN	1256	90	1483
TF7L1_HUMAN	12	130	49
TF7L2_HUMAN	269	102	182
TFAM_HUMAN	459	101	334
TFAP4_HUMAN	156	105	136
TFB1M_HUMAN	94	107	80
TFB2M_HUMAN	101	106	80
TFCP2_HUMAN	434	112	322
TFDP1_HUMAN	115	106	74
TFDP2_HUMAN	53	104	63
TFDP3_HUMAN	35	115	48
TFE2_HUMAN	186	107	126
TFE3_HUMAN	81	89	65
TFEB_HUMAN	46	100	57
TFEC_HUMAN	12	115	50
TFF1_HUMAN	20	105	50
TFF2_HUMAN	4	96	46
TFF3_HUMAN	7	100	37
TFG_HUMAN	286	102	163
TFIP8_HUMAN	36	97	37
TFP11_HUMAN	433	78	306
TFPI1_HUMAN	26	97	41
TFPI2_HUMAN	39	108	66
TFPT_HUMAN	175	110	120
TFR1_HUMAN	538	100	451
TFR2_HUMAN	24	107	50
TF_HUMAN	25	116	50
TGBR3_HUMAN	46	101	58
TGDS_HUMAN	11	101	49
TGFA1_HUMAN	80	100	74
TGFA_HUMAN	83	99	78
TGFB1_HUMAN	315	81	230
TGFB2_HUMAN	24	108	41
TGFB3_HUMAN	14	101	38
TGFI1_HUMAN	50	116	60
TGFR1_HUMAN	173	101	108
TGFR2_HUMAN	226	103	175
TGIF1_HUMAN	30	96	50
TGIF2_HUMAN	49	90	58
TGM1_HUMAN	224	96	143
TGM2_HUMAN	207	105	116
TGM3L_HUMAN	1	100	56
TGM3_HUMAN	163	123	119
TGM4_HUMAN	11	103	49
TGM5_HUMAN	35	112	53
TGM7_HUMAN	33	84	42
TGON2_HUMAN	1588	93	2292
TGS1_HUMAN	69	114	73
TGT_HUMAN	40	98	58
THA10_HUMAN	28	111	56
THA11_HUMAN	128	111	84
THADA_HUMAN	132	93	103
THAP1_HUMAN	111	105	93
THAP2_HUMAN	11	104	51
THAP3_HUMAN	67	99	56
THAP4_HUMAN	79	100	65
THAP5_HUMAN	8	104	43
THAP6_HUMAN	19	103	43
THAP7_HUMAN	93	111	85
THAP8_HUMAN	27	83	41
THAP9_HUMAN	5	118	36
THAS_HUMAN	3	101	47
THA_HUMAN	97	105	71
THBG_HUMAN	10	117	43
THB_HUMAN	72	126	76
THEGL_HUMAN	1	109	37
THEG_HUMAN	11	95	47
THEM4_HUMAN	83	110	89
THEM5_HUMAN,ACO15_HUMAN	21	98	51
THEM6_HUMAN	156	112	118
THG1_HUMAN	59	89	56
THIC_HUMAN	88	89	65
THIK_HUMAN	76	101	58
THIL_HUMAN	248	99	177
THIM_HUMAN	184	113	109
THIOM_HUMAN	152	98	128
THIO_HUMAN	371	123	260
THMS1_HUMAN	11	83	43
THMS2_HUMAN	4	75	29
THNS1_HUMAN	81	114	74
THNS2_HUMAN	3	121	47
THOC1_HUMAN	203	108	141
THOC2_HUMAN	239	81	177
THOC3_HUMAN	125	102	85
THOC4_HUMAN	421	109	292
THOC5_HUMAN	136	111	97
THOC6_HUMAN	101	114	75
THOC7_HUMAN	118	90	94
THOP1_HUMAN	112	119	87
THRB_HUMAN	47	126	63
THRSP_HUMAN	64	108	58
THS7A_HUMAN	27	115	56
THS7B_HUMAN	27	98	49
THSD1_HUMAN	3	119	32
THSD4_HUMAN	51	111	62
THTM_HUMAN	73	116	54
THTPA_HUMAN	73	105	70
THTR_HUMAN	70	106	86
THUM1_HUMAN	68	97	62
THUM2_HUMAN	16	122	56
THUM3_HUMAN	117	92	99
THY1_HUMAN	65	116	92
THYG_HUMAN	6	112	45
THYN1_HUMAN	27	110	47
TI17A_HUMAN	26	99	53
TI17B_HUMAN	52	97	61
TI23B_HUMAN	3	102	40
TIA1_HUMAN	118	102	84
TIAF1_HUMAN	9	99	52
TIAM1_HUMAN	206	83	153
TIAM2_HUMAN	16	105	44
TIAR_HUMAN	168	109	116
TICN1_HUMAN	10	113	54
TICN2_HUMAN	20	93	58
TICN3_HUMAN	8	114	43
TICRR_HUMAN	33	100	56
TIDC1_HUMAN	231	97	178
TIE1_HUMAN	20	109	45
TIE2_HUMAN	125	94	111
TIF1A_HUMAN	373	97	275
TIF1B_HUMAN	1515	110	2205
TIFAB_HUMAN	99	109	101
TIFA_HUMAN	40	93	56
TIG1_HUMAN	22	115	50
TIG3_HUMAN,HRSL4_HUMAN	27	101	40
TIGA1_HUMAN	1	93	30
TIGAR_HUMAN	76	105	65
TIGD1_HUMAN	12	92	37
TIGD2_HUMAN	5	105	42
TIGD3_HUMAN	13	101	59
TIGD4_HUMAN	5	95	31
TIGD5_HUMAN	72	103	61
TIGD6_HUMAN	21	91	41
TIGD7_HUMAN	12	107	38
TIGIT_HUMAN	26	125	43
TILB_HUMAN	15	111	48
TIM10_HUMAN	90	131	93
TIM13_HUMAN	186	113	151
TIM14_HUMAN	208	108	131
TIM16_HUMAN	126	106	102
TIM21_HUMAN	68	111	79
TIM22_HUMAN	11	107	51
TIM23_HUMAN	89	102	79
TIM44_HUMAN	267	90	183
TIM50_HUMAN	316	104	196
TIM8A_HUMAN	85	109	77
TIM8B_HUMAN	62	87	66
TIM9B_HUMAN,T10B_HUMAN	26	101	56
TIM9_HUMAN	47	85	62
TIMD4_HUMAN	14	99	52
TIMP1_HUMAN	43	102	71
TIMP2_HUMAN	290	124	197
TIMP3_HUMAN	114	122	112
TIMP4_HUMAN	5	101	46
TIM_HUMAN	86	97	74
TINAG_HUMAN	27	97	47
TINAL_HUMAN	37	98	64
TINF2_HUMAN	128	117	102
TIP39_HUMAN	1	116	38
TIPIN_HUMAN	31	102	48
TIPRL_HUMAN	124	113	105
TIP_HUMAN	560	97	472
TIRAP_HUMAN	47	106	58
TISB_HUMAN	34	98	50
TISD_HUMAN	211	101	149
TISR_HUMAN	29	115	55
TITIN_HUMAN	339	103	207
TJAP1_HUMAN	53	104	53
TKN1_HUMAN	17	113	45
TKN4_HUMAN	1	98	43
TKNK_HUMAN	17	91	39
TKTL1_HUMAN	8	94	56
TKTL2_HUMAN	25	108	58
TKT_HUMAN	359	104	255
TLCD1_HUMAN	25	93	51
TLCD2_HUMAN	11	112	55
TLE1_HUMAN	217	105	144
TLE2_HUMAN	137	112	113
TLE3_HUMAN	363	96	254
TLE4_HUMAN	31	110	47
TLE6_HUMAN	9	91	44
TLK1_HUMAN	63	111	70
TLK2_HUMAN	152	108	114
TLL1_HUMAN	12	101	39
TLL2_HUMAN	21	104	59
TLN1_HUMAN	291	108	191
TLN2_HUMAN	57	85	59
TLR10_HUMAN	28	100	49
TLR1_HUMAN	23	92	51
TLR2_HUMAN	48	98	63
TLR3_HUMAN	57	91	69
TLR4_HUMAN	59	102	62
TLR5_HUMAN	25	106	57
TLR6_HUMAN	14	103	52
TLR7_HUMAN	15	114	38
TLR8_HUMAN	15	118	37
TLR9_HUMAN	77	119	61
TLX1_HUMAN	171	114	118
TLX2_HUMAN	138	96	104
TLX3_HUMAN	253	96	184
TM100_HUMAN	36	117	57
TM101_HUMAN	37	96	51
TM102_HUMAN	25	101	53
TM104_HUMAN	24	87	43
TM107_HUMAN	55	101	56
TM108_HUMAN	28	115	53
TM109_HUMAN	130	136	84
TM110_HUMAN,STIMA_HUMAN	5	109	47
TM114_HUMAN	2	110	51
TM115_HUMAN	54	114	57
TM116_HUMAN	6	105	41
TM117_HUMAN	6	113	34
TM119_HUMAN	8	89	36
TM11A_HUMAN	12	103	38
TM11B_HUMAN	416	106	317
TM11D_HUMAN	4	103	34
TM11E_HUMAN	12	100	51
TM11F_HUMAN	2	96	35
TM121_HUMAN	14	109	33
TM127_HUMAN	12	110	47
TM128_HUMAN	91	112	84
TM129_HUMAN	42	109	49
TM130_HUMAN	37	89	68
TM131_HUMAN	161	92	128
TM134_HUMAN	16	96	52
TM135_HUMAN	9	88	41
TM136_HUMAN	20	94	32
TM138_HUMAN	5	97	45
TM139_HUMAN	44	113	54
TM140_HUMAN	60	110	61
TM141_HUMAN	8	96	45
TM143_HUMAN	36	92	49
TM144_HUMAN	9	122	49
TM145_HUMAN	1	84	46
TM147_HUMAN	89	112	76
TM148_HUMAN	2	94	38
TM14A_HUMAN	43	106	61
TM14B_HUMAN	278	96	226
TM14C_HUMAN	67	105	56
TM14D_HUMAN	1	125	35
TM154_HUMAN	43	100	62
TM155_HUMAN	4	110	39
TM156_HUMAN	1	113	41
TM158_HUMAN	3	113	45
TM159_HUMAN	66	107	68
TM160_HUMAN	92	94	78
TM163_HUMAN	8	115	45
TM164_HUMAN	36	107	60
TM165_HUMAN	110	104	78
TM168_HUMAN	12	108	41
TM169_HUMAN	116	100	102
TM171_HUMAN	84	94	85
TM173_HUMAN,STING_HUMAN	139	102	106
TM174_HUMAN	17	90	54
TM175_HUMAN	5	106	30
TM177_HUMAN	58	84	65
TM178_HUMAN,T178A_HUMAN	2	93	46
TM180_HUMAN,MF13A_HUMAN	12	97	44
TM181_HUMAN	26	119	39
TM182_HUMAN	23	89	42
TM186_HUMAN	81	93	79
TM187_HUMAN	16	95	52
TM189_HUMAN	65	98	75
TM190_HUMAN	14	110	47
TM192_HUMAN	204	94	151
TM195_HUMAN	1	108	42
TM196_HUMAN	7	106	44
TM198_HUMAN	1	113	34
TM199_HUMAN	144	101	100
TM1L1_HUMAN	88	98	85
TM1L2_HUMAN	69	106	69
TM201_HUMAN	153	93	115
TM203_HUMAN	43	114	57
TM204_HUMAN	8	101	44
TM205_HUMAN	73	99	63
TM206_HUMAN	167	98	144
TM207_HUMAN	12	91	34
TM208_HUMAN	52	106	45
TM209_HUMAN	157	104	106
TM212_HUMAN	1	123	37
TM213_HUMAN	9	106	39
TM214_HUMAN	172	111	130
TM216_HUMAN	244	110	147
TM217_HUMAN	2	98	43
TM218_HUMAN	78	114	81
TM219_HUMAN	29	113	52
TM220_HUMAN	8	110	43
TM222_HUMAN	53	106	70
TM223_HUMAN	73	111	67
TM230_HUMAN	54	98	72
TM231_HUMAN	60	113	70
TM232_HUMAN	1	93	40
TM234_HUMAN	19	107	42
TM236_HUMAN	6	107	37
TM237_HUMAN	211	103	130
TM238_HUMAN	1	105	41
TM239_HUMAN	62	96	58
TM241_HUMAN	73	109	82
TM242_HUMAN	41	103	66
TM245_HUMAN	49	89	70
TM246_HUMAN	71	104	65
TM248_HUMAN	56	103	58
TM2D1_HUMAN	6	101	50
TM2D2_HUMAN	21	119	53
TM2D3_HUMAN	92	106	80
TM38A_HUMAN	9	112	35
TM38B_HUMAN	68	78	58
TM39A_HUMAN	50	113	64
TM39B_HUMAN	43	80	63
TM40L_HUMAN	9	99	37
TM41A_HUMAN	16	100	49
TM41B_HUMAN	168	108	123
TM45A_HUMAN	17	112	46
TM45B_HUMAN	47	104	75
TM50A_HUMAN	17	119	49
TM50B_HUMAN	26	114	47
TM55A_HUMAN	48	105	70
TM55B_HUMAN	98	114	73
TM59L_HUMAN	48	83	53
TM63A_HUMAN,CSCL1_HUMAN	116	115	93
TM63B_HUMAN,CSCL2_HUMAN	176	106	142
TM63C_HUMAN,CSC1_HUMAN	40	105	57
TM6S1_HUMAN	3	85	41
TM6S2_HUMAN	11	116	40
TM74B_HUMAN	3	95	46
TM7S3_HUMAN	12	102	42
TM86A_HUMAN	51	120	65
TM86B_HUMAN	107	96	98
TM87A_HUMAN	211	114	143
TM87B_HUMAN	18	102	46
TM9S1_HUMAN	68	104	64
TM9S2_HUMAN	81	94	63
TM9S3_HUMAN	169	99	117
TM9S4_HUMAN	126	132	95
TMA16_HUMAN	97	112	68
TMC1_HUMAN	10	106	34
TMC2_HUMAN	2	101	40
TMC3_HUMAN	2	105	47
TMC4_HUMAN	29	96	46
TMC5A_HUMAN	8	112	36
TMC5_HUMAN	5	109	40
TMC6_HUMAN	30	131	42
TMC7_HUMAN	7	92	39
TMC8_HUMAN	6	107	38
TMCC1_HUMAN	36	107	47
TMCC2_HUMAN	49	100	65
TMCC3_HUMAN	48	102	60
TMCO1_HUMAN	208	95	142
TMCO2_HUMAN	6	109	32
TMCO3_HUMAN	76	109	87
TMCO4_HUMAN	7	100	43
TMCO6_HUMAN	14	121	48
TMCO7_HUMAN,TNG6_HUMAN	75	101	63
TMED1_HUMAN	80	117	79
TMED2_HUMAN	181	112	114
TMED3_HUMAN	32	90	43
TMED4_HUMAN	94	103	72
TMED5_HUMAN	103	99	98
TMED6_HUMAN	39	109	62
TMED7_HUMAN	98	117	66
TMED8_HUMAN	62	109	67
TMED9_HUMAN	180	97	110
TMEDA_HUMAN	292	121	200
TMEM2_HUMAN	129	107	113
TMEM5_HUMAN	28	91	58
TMEM9_HUMAN	258	91	180
TMF1_HUMAN	84	103	78
TMG1_HUMAN	13	91	53
TMG2_HUMAN	6	112	38
TMG3_HUMAN	4	133	47
TMG4_HUMAN	38	105	51
TMHS_HUMAN	144	105	96
TMIE_HUMAN	29	90	56
TMIG1_HUMAN	29	107	47
TMIG2_HUMAN	2	109	40
TMLH_HUMAN	70	98	74
TMM11_HUMAN	117	110	81
TMM17_HUMAN	402	114	284
TMM18_HUMAN	13	90	41
TMM19_HUMAN	45	118	57
TMM20_HUMAN	115	105	81
TMM25_HUMAN	149	87	106
TMM27_HUMAN	5	101	46
TMM31_HUMAN	223	100	173
TMM33_HUMAN	215	98	138
TMM35_HUMAN	35	110	55
TMM40_HUMAN	13	102	38
TMM42_HUMAN	56	92	70
TMM43_HUMAN	211	108	153
TMM44_HUMAN	13	90	37
TMM47_HUMAN	9	98	42
TMM51_HUMAN	101	100	92
TMM52_HUMAN	3	100	59
TMM53_HUMAN	11	117	51
TMM54_HUMAN	27	117	47
TMM56_HUMAN	101	114	96
TMM59_HUMAN	231	124	172
TMM60_HUMAN	101	104	79
TMM61_HUMAN	1	111	33
TMM62_HUMAN	24	97	70
TMM64_HUMAN	4	123	24
TMM65_HUMAN	55	99	58
TMM68_HUMAN	42	100	60
TMM69_HUMAN	19	105	39
TMM70_HUMAN	247	94	163
TMM71_HUMAN	6	96	40
TMM72_HUMAN	41	110	58
TMM74_HUMAN	138	123	103
TMM75_HUMAN	9	110	50
TMM79_HUMAN	67	99	72
TMM80_HUMAN	69	97	82
TMM81_HUMAN	2	102	42
TMM82_HUMAN	4	104	29
TMM88_HUMAN	55	110	61
TMM89_HUMAN	2	104	35
TMM8A_HUMAN	35	93	40
TMM8B_HUMAN	5	106	45
TMM91_HUMAN	2	109	51
TMM92_HUMAN	16	101	49
TMM95_HUMAN	44	98	56
TMM97_HUMAN	109	108	92
TMM98_HUMAN	34	100	52
TMM99_HUMAN	1	105	50
TMM9B_HUMAN	156	98	103
TMOD1_HUMAN	165	111	116
TMOD2_HUMAN	86	94	81
TMOD3_HUMAN	263	90	169
TMOD4_HUMAN	28	101	57
TMPPE_HUMAN	80	110	61
TMPS2_HUMAN	338	109	253
TMPS3_HUMAN	37	90	67
TMPS4_HUMAN	309	91	211
TMPS5_HUMAN	47	94	56
TMPS6_HUMAN	4	107	35
TMPS7_HUMAN	4	114	35
TMPS9_HUMAN	4	109	40
TMPSC_HUMAN	22	105	50
TMPSD_HUMAN	119	105	84
TMTC1_HUMAN	7	124	55
TMTC2_HUMAN	15	106	46
TMTC3_HUMAN	121	109	113
TMTC4_HUMAN	56	99	61
TMUB1_HUMAN	89	113	94
TMUB2_HUMAN	49	96	67
TMX1_HUMAN	263	93	153
TMX2_HUMAN	238	98	163
TMX3_HUMAN	118	101	78
TMX4_HUMAN	81	111	76
TN13B_HUMAN	117	96	83
TNAP2_HUMAN	136	102	90
TNAP3_HUMAN	190	116	127
TNC18_HUMAN	92	93	78
TNF10_HUMAN	24	94	39
TNF11_HUMAN	35	106	41
TNF12_HUMAN	25	117	48
TNF13_HUMAN	50	99	50
TNF14_HUMAN	79	93	76
TNF15_HUMAN	2	111	33
TNF18_HUMAN	69	90	72
TNF6B_HUMAN	40	107	54
TNFA_HUMAN	318	100	193
TNFB_HUMAN	26	100	54
TNFC_HUMAN	3	119	37
TNFL4_HUMAN	2	108	42
TNFL6_HUMAN	108	109	79
TNFL8_HUMAN	151	99	104
TNFL9_HUMAN	91	108	84
TNI3K_HUMAN	20	112	46
TNIK_HUMAN	310	110	212
TNIP1_HUMAN	1199	111	1564
TNIP2_HUMAN	924	93	1114
TNIP3_HUMAN	46	88	55
TNK1_HUMAN	39	96	53
TNKS1_HUMAN	103	114	88
TNKS2_HUMAN	82	107	68
TNMD_HUMAN	18	111	48
TNNC1_HUMAN	31	92	36
TNNC2_HUMAN	80	103	55
TNNI1_HUMAN	58	103	64
TNNI2_HUMAN	32	108	52
TNNI3_HUMAN	24	107	52
TNNT1_HUMAN	82	93	66
TNNT2_HUMAN	12	95	49
TNNT3_HUMAN	26	108	50
TNPO1_HUMAN	322	99	234
TNPO2_HUMAN	226	103	153
TNPO3_HUMAN	259	106	169
TNR11_HUMAN	19	108	55
TNR12_HUMAN	11	108	48
TNR14_HUMAN	84	102	78
TNR16_HUMAN	65	112	63
TNR17_HUMAN	22	104	47
TNR18_HUMAN	12	99	50
TNR19_HUMAN	51	110	67
TNR1A_HUMAN	262	101	176
TNR1B_HUMAN	234	103	165
TNR21_HUMAN	31	97	58
TNR25_HUMAN	12	113	43
TNR27_HUMAN	20	93	46
TNR3_HUMAN	93	93	70
TNR4_HUMAN	7	93	50
TNR5_HUMAN	217	117	143
TNR6A_HUMAN	292	100	203
TNR6B_HUMAN	296	103	197
TNR6C_HUMAN	150	111	121
TNR6_HUMAN	361	116	231
TNR8_HUMAN	28	118	44
TNR9_HUMAN	43	94	57
TNT_HUMAN	1	103	42
TO20L_HUMAN	10	115	48
TOB1_HUMAN	55	93	57
TOB2_HUMAN	20	101	45
TOE1_HUMAN	151	115	103
TOIP1_HUMAN	239	98	161
TOIP2_HUMAN,TOIP2_HUMAN,IFG15_HUMAN	220	109	136
TOLIP_HUMAN	384	97	310
TOM1_HUMAN	107	85	72
TOM20_HUMAN	244	106	160
TOM22_HUMAN	374	96	271
TOM34_HUMAN	115	113	86
TOM40_HUMAN	324	95	210
TOM5_HUMAN	117	101	102
TOM6_HUMAN	42	116	42
TOM70_HUMAN	147	89	108
TOM7_HUMAN	29	111	43
TOMT_HUMAN	1	114	33
TONSL_HUMAN	93	93	83
TOP1M_HUMAN	33	112	54
TOP1_HUMAN	641	95	559
TOP2A_HUMAN	519	112	388
TOP2B_HUMAN	276	121	180
TOP3A_HUMAN	98	106	75
TOP3B_HUMAN	1467	106	1955
TOPB1_HUMAN	580	99	514
TOPK_HUMAN	217	118	148
TOPRS_HUMAN	93	108	70
TOPZ1_HUMAN	12	123	47
TOR1A_HUMAN	85	86	101
TOR1B_HUMAN	66	93	60
TOR2A_HUMAN	23	92	45
TOR3A_HUMAN	96	106	78
TOR4A_HUMAN	31	109	38
TOX2_HUMAN	33	118	54
TOX3_HUMAN	29	99	61
TOX4_HUMAN	149	97	99
TOX_HUMAN	12	107	38
TP4A1_HUMAN	109	108	80
TP4A2_HUMAN	102	100	80
TP4A3_HUMAN	163	112	134
TP4AP_HUMAN	116	118	103
TP53B_HUMAN	486	103	409
TP8L1_HUMAN	47	111	66
TP8L2_HUMAN	8	103	48
TP8L3_HUMAN	3	120	55
TPA_HUMAN	53	100	63
TPBG_HUMAN	36	95	62
TPC10_HUMAN	79	101	83
TPC11_HUMAN	57	94	60
TPC12_HUMAN	43	106	51
TPC1_HUMAN	34	87	45
TPC2A_HUMAN	102	99	103
TPC2B_HUMAN	3	100	35
TPC2L_HUMAN	71	96	65
TPC2_HUMAN	66	114	63
TPC3L_HUMAN	13	89	51
TPC6A_HUMAN	53	111	50
TPC6B_HUMAN	40	110	50
TPC_HUMAN	86	103	72
TPD52_HUMAN	116	104	89
TPD53_HUMAN	56	112	51
TPD54_HUMAN	171	93	125
TPD55_HUMAN	15	127	38
TPGS1_HUMAN	82	108	65
TPGS2_HUMAN	22	95	45
TPH1_HUMAN	11	112	43
TPH2_HUMAN	5	105	36
TPIP1_HUMAN	2	108	35
TPIS_HUMAN	287	85	187
TPK1_HUMAN	24	124	47
TPM1_HUMAN	265	96	157
TPM2_HUMAN	211	111	141
TPM3_HUMAN	396	118	277
TPM4_HUMAN	276	88	194
TPMT_HUMAN	10	92	41
TPOR_HUMAN	35	94	66
TPO_HUMAN	4	103	48
TPP1_HUMAN	116	109	95
TPP2_HUMAN	138	86	90
TPPC1_HUMAN	58	111	78
TPPC3_HUMAN	73	106	86
TPPC4_HUMAN	84	103	92
TPPC5_HUMAN	98	109	83
TPPC8_HUMAN	74	90	65
TPPC9_HUMAN	92	93	79
TPPP2_HUMAN	8	102	38
TPPP3_HUMAN	7	115	50
TPPP_HUMAN	36	105	67
TPRA1_HUMAN	37	107	69
TPRG1_HUMAN	23	98	58
TPRGL_HUMAN	5	96	41
TPRKB_HUMAN	65	102	69
TPRN_HUMAN	52	95	50
TPRX1_HUMAN	17	115	44
TPRXL_HUMAN	2	93	30
TPR_HUMAN	385	101	274
TPSNR_HUMAN	22	97	51
TPSN_HUMAN	86	100	91
TPST1_HUMAN	37	104	60
TPST2_HUMAN	131	98	91
TPT1L_HUMAN	8	117	45
TPTE2_HUMAN	87	106	68
TPTE_HUMAN	129	99	109
TPTG3_HUMAN	1	121	44
TPX2_HUMAN	218	112	161
TR10A_HUMAN	134	109	111
TR10B_HUMAN	175	103	117
TR10C_HUMAN	102	106	82
TR10D_HUMAN	78	106	82
TR112_HUMAN	108	108	91
TR11B_HUMAN	7	113	42
TR13B_HUMAN	57	104	78
TR13C_HUMAN	12	107	51
TR150_HUMAN	479	89	383
TR16L_HUMAN	30	112	61
TR19L_HUMAN	70	100	79
TR1L1_HUMAN	29	89	62
TR3N_HUMAN	9	87	53
TR43B_HUMAN	3	100	43
TR49C_HUMAN	3	102	42
TR61B_HUMAN	302	93	193
TR64C_HUMAN	4	115	40
TRA2A_HUMAN	287	99	214
TRA2B_HUMAN	298	91	219
TRABD_HUMAN	113	104	107
TRAD1_HUMAN	75	87	66
TRADD_HUMAN	139	111	93
TRAF1_HUMAN	329	105	267
TRAF2_HUMAN	636	101	584
TRAF3_HUMAN	235	95	151
TRAF4_HUMAN	204	108	128
TRAF5_HUMAN	90	113	78
TRAF6_HUMAN	676	104	584
TRAF7_HUMAN	138	87	93
TRAIP_HUMAN	78	100	68
TRAK1_HUMAN	95	100	70
TRAK2_HUMAN	62	102	74
TRAM1_HUMAN	69	116	53
TRAM2_HUMAN	17	87	36
TRAP1_HUMAN	497	103	403
TRAT1_HUMAN	24	122	60
TRBM_HUMAN	35	99	48
TRBP2_HUMAN	148	102	99
TRDMT_HUMAN	23	90	53
TRDN_HUMAN	174	103	124
TREA_HUMAN	1	91	41
TREF1_HUMAN	39	102	64
TREM1_HUMAN	17	109	44
TREM2_HUMAN	8	112	41
TREX1_HUMAN	53	104	60
TREX2_HUMAN	53	87	66
TRFE_HUMAN	203	112	136
TRFL_HUMAN	163	101	107
TRFM_HUMAN	77	106	67
TRFR_HUMAN	19	97	47
TRHDE_HUMAN	28	105	45
TRHY_HUMAN	17	99	47
TRH_HUMAN	3	105	37
TRI10_HUMAN	61	88	68
TRI11_HUMAN	176	102	120
TRI13_HUMAN	28	114	49
TRI14_HUMAN	385	102	282
TRI15_HUMAN	46	94	68
TRI16_HUMAN	59	125	73
TRI17_HUMAN	79	102	80
TRI18_HUMAN	119	114	98
TRI22_HUMAN	25	114	52
TRI23_HUMAN	372	108	281
TRI25_HUMAN	2264	85	3589
TRI26_HUMAN	196	109	125
TRI27_HUMAN	522	100	393
TRI29_HUMAN	239	103	160
TRI31_HUMAN	445	106	349
TRI32_HUMAN	192	112	132
TRI33_HUMAN	489	109	344
TRI34_HUMAN	13	111	42
TRI35_HUMAN	108	77	99
TRI36_HUMAN	137	92	102
TRI37_HUMAN	633	108	532
TRI38_HUMAN	47	103	60
TRI39_HUMAN	112	105	91
TRI40_HUMAN	13	100	39
TRI41_HUMAN	228	113	147
TRI42_HUMAN	145	101	113
TRI43_HUMAN	50	100	59
TRI44_HUMAN	81	95	92
TRI45_HUMAN	32	106	44
TRI46_HUMAN	41	105	62
TRI47_HUMAN	52	106	53
TRI48_HUMAN	2	110	33
TRI49_HUMAN	9	98	51
TRI50_HUMAN	57	98	53
TRI51_HUMAN	5	112	36
TRI52_HUMAN	130	98	98
TRI54_HUMAN	302	109	224
TRI55_HUMAN	453	99	320
TRI56_HUMAN	155	121	95
TRI58_HUMAN	40	114	52
TRI59_HUMAN	47	79	57
TRI60_HUMAN	2	106	35
TRI61_HUMAN	1	98	32
TRI62_HUMAN	32	97	46
TRI63_HUMAN	313	116	261
TRI64_HUMAN	9	108	40
TRI65_HUMAN	78	105	72
TRI66_HUMAN	201	101	142
TRI67_HUMAN	4780	94	5254
TRI68_HUMAN	118	96	95
TRI69_HUMAN	83	99	60
TRI72_HUMAN	46	106	56
TRI73_HUMAN	20	106	57
TRI74_HUMAN	66	108	67
TRI75_HUMAN	5	98	53
TRIA1_HUMAN	52	102	62
TRIB1_HUMAN	47	107	67
TRIB2_HUMAN	46	100	59
TRIB3_HUMAN	151	100	107
TRIL_HUMAN	2	117	40
TRIM1_HUMAN	264	98	185
TRIM2_HUMAN	47	112	62
TRIM3_HUMAN	72	98	69
TRIM4_HUMAN	53	102	56
TRIM5_HUMAN	80	84	54
TRIM6_HUMAN	70	104	70
TRIM7_HUMAN	79	96	84
TRIM8_HUMAN	120	97	97
TRIM9_HUMAN	129	107	95
TRIML_HUMAN	5	103	34
TRIMM_HUMAN	64	106	58
TRIO_HUMAN	115	82	90
TRIP4_HUMAN	210	100	152
TRIP6_HUMAN	372	91	252
TRIPB_HUMAN	168	104	105
TRIPC_HUMAN	226	111	126
TRIQK_HUMAN	1	102	39
TRIT1_HUMAN	6	118	44
TRM11_HUMAN	42	101	57
TRM13_HUMAN	12	95	39
TRM1L_HUMAN	204	105	124
TRM1_HUMAN	153	99	110
TRM2A_HUMAN	150	102	97
TRM2_HUMAN	31	124	46
TRM44_HUMAN	38	89	59
TRM5_HUMAN	44	117	55
TRM61_HUMAN	96	111	86
TRM6_HUMAN	116	106	90
TRMB_HUMAN	46	94	53
TRML1_HUMAN	8	119	38
TRML2_HUMAN	25	102	50
TRNK1_HUMAN	8	104	57
TRNP1_HUMAN	4	102	41
TRNT1_HUMAN	57	105	69
TROAP_HUMAN	54	87	59
TROP_HUMAN	77	98	76
TRPA1_HUMAN	5	94	59
TRPC1_HUMAN	28	102	54
TRPC3_HUMAN	25	100	46
TRPC4_HUMAN	17	87	46
TRPC5_HUMAN	19	82	46
TRPC6_HUMAN	17	116	56
TRPC7_HUMAN	4	106	45
TRPM1_HUMAN	13	101	39
TRPM2_HUMAN	8	110	43
TRPM3_HUMAN	24	110	44
TRPM4_HUMAN	71	109	76
TRPM5_HUMAN	4	96	32
TRPM6_HUMAN	8	109	41
TRPM7_HUMAN	130	116	109
TRPM8_HUMAN	18	105	47
TRPS1_HUMAN	145	123	103
TRPT1_HUMAN	12	94	51
TRPV1_HUMAN	11	100	41
TRPV2_HUMAN	26	107	42
TRPV3_HUMAN	6	112	40
TRPV4_HUMAN	21	88	41
TRPV5_HUMAN	29	115	49
TRPV6_HUMAN	17	98	44
TRRAP_HUMAN	758	96	747
TRUA_HUMAN	137	97	89
TRUB1_HUMAN	40	95	49
TRUB2_HUMAN	357	107	234
TRXR1_HUMAN	107	118	93
TRXR2_HUMAN	58	105	52
TRXR3_HUMAN	23	108	45
TRY1_HUMAN	74	96	80
TRY2_HUMAN	35	106	50
TRY3_HUMAN	80	112	72
TRYB1_HUMAN	4	115	43
TRYB2_HUMAN	19	103	44
TRYG1_HUMAN	2	99	32
TRYX3_HUMAN	1	101	36
TS101_HUMAN	324	95	239
TS1R1_HUMAN	2	106	32
TS1R2_HUMAN	27	113	59
TS1R3_HUMAN	12	114	48
TSAP1_HUMAN	33	111	47
TSC1_HUMAN	277	91	193
TSC21_HUMAN,TEX37_HUMAN	49	115	63
TSC2_HUMAN	185	108	128
TSCOT_HUMAN	47	93	66
TSEAR_HUMAN	1	109	44
TSG10_HUMAN	95	106	99
TSG13_HUMAN	3	88	40
TSG6_HUMAN	49	95	44
TSH1_HUMAN	20	107	47
TSH2_HUMAN	35	107	57
TSH3_HUMAN	90	94	81
TSHB_HUMAN	17	105	51
TSHR_HUMAN	94	98	74
TSKS_HUMAN	41	107	59
TSK_HUMAN	4	85	42
TSLP_HUMAN	11	110	25
TSN10_HUMAN	66	115	49
TSN11_HUMAN	12	93	33
TSN12_HUMAN	36	102	65
TSN13_HUMAN	2	102	48
TSN14_HUMAN	23	78	54
TSN15_HUMAN	315	108	235
TSN16_HUMAN	21	108	45
TSN17_HUMAN	72	105	63
TSN18_HUMAN	30	108	63
TSN1_HUMAN	19	100	53
TSN2_HUMAN	73	104	81
TSN31_HUMAN	54	100	77
TSN33_HUMAN	67	108	79
TSN3_HUMAN	111	108	96
TSN4_HUMAN	50	94	55
TSN5_HUMAN	113	78	87
TSN6_HUMAN	64	110	77
TSN7_HUMAN	37	101	55
TSN8_HUMAN	76	93	72
TSN9_HUMAN	13	100	48
TSNA1_HUMAN	38	107	50
TSNAX_HUMAN	199	106	150
TSN_HUMAN	122	105	92
TSP1_HUMAN	104	98	82
TSP2_HUMAN	18	95	43
TSP3_HUMAN	73	101	61
TSP4_HUMAN	8	116	40
TSP50_HUMAN	44	107	62
TSPO2_HUMAN	63	92	71
TSPOA_HUMAN	45	95	62
TSPY1_HUMAN	3	103	47
TSPY2_HUMAN	12	107	45
TSPY3_HUMAN	4	96	54
TSPY8_HUMAN	2	100	27
TSPYA_HUMAN	2	98	40
TSR1_HUMAN	356	106	240
TSR2_HUMAN	36	109	55
TSR3_HUMAN	51	123	59
TSSC1_HUMAN	88	92	80
TSSC4_HUMAN	117	108	91
TSSK1_HUMAN	51	99	53
TSSK2_HUMAN	26	95	49
TSSK3_HUMAN	78	110	75
TSSK4_HUMAN	7	112	34
TSSK6_HUMAN	44	118	55
TSSP1_HUMAN	1	102	37
TSSP2_HUMAN	6	128	48
TSSP5_HUMAN	6	110	41
TSSP_HUMAN	44	124	65
TSTD2_HUMAN	41	96	47
TSYL1_HUMAN	129	101	76
TSYL2_HUMAN	102	98	88
TSYL4_HUMAN	41	91	46
TSYL5_HUMAN	48	97	48
TSYL6_HUMAN	75	105	62
TT21A_HUMAN	19	102	49
TT21B_HUMAN	24	124	43
TT23L_HUMAN	29	83	61
TT30A_HUMAN	41	93	53
TT30B_HUMAN	61	106	55
TT39A_HUMAN	13	110	45
TT39B_HUMAN	16	88	43
TT39C_HUMAN	12	98	47
TTBK1_HUMAN	25	90	51
TTBK2_HUMAN	23	92	54
TTC12_HUMAN	16	94	44
TTC13_HUMAN	89	108	71
TTC14_HUMAN	29	102	55
TTC16_HUMAN	8	99	49
TTC17_HUMAN	123	103	101
TTC18_HUMAN,CFA70_HUMAN	3	103	42
TTC19_HUMAN	142	98	108
TTC1_HUMAN	164	118	107
TTC22_HUMAN	1	113	43
TTC23_HUMAN	113	96	76
TTC24_HUMAN	1	105	54
TTC25_HUMAN	25	98	45
TTC26_HUMAN,IFT56_HUMAN	66	115	63
TTC27_HUMAN	115	83	86
TTC28_HUMAN	106	97	90
TTC29_HUMAN	19	122	45
TTC31_HUMAN	18	94	45
TTC32_HUMAN	12	103	35
TTC33_HUMAN	53	100	54
TTC34_HUMAN	4	110	39
TTC36_HUMAN	1	115	40
TTC37_HUMAN	124	106	84
TTC38_HUMAN	26	99	49
TTC3_HUMAN	126	92	86
TTC40_HUMAN	8	95	42
TTC4_HUMAN	169	115	122
TTC5_HUMAN	63	102	63
TTC6_HUMAN	2	109	47
TTC7A_HUMAN	31	124	54
TTC7B_HUMAN	25	116	46
TTC8_HUMAN	26	105	49
TTC9A_HUMAN	5	107	43
TTC9B_HUMAN	6	97	40
TTC9C_HUMAN	198	93	150
TTDN1_HUMAN	33	118	52
TTF1_HUMAN	112	97	99
TTF2_HUMAN	161	107	127
TTHY_HUMAN	111	88	95
TTI1_HUMAN	116	125	88
TTI2_HUMAN	65	101	72
TTK_HUMAN	171	122	117
TTL10_HUMAN	17	105	46
TTL11_HUMAN	8	108	47
TTL12_HUMAN	145	97	96
TTL13_HUMAN	3	96	43
TTLL1_HUMAN	30	100	51
TTLL2_HUMAN	2	113	32
TTLL3_HUMAN	17	109	50
TTLL4_HUMAN	24	110	56
TTLL5_HUMAN	50	101	61
TTLL6_HUMAN	13	104	63
TTLL7_HUMAN	14	112	43
TTLL8_HUMAN	1	113	49
TTLL9_HUMAN	13	91	43
TTL_HUMAN	19	100	56
TTMA_HUMAN	3	93	43
TTMP_HUMAN	307	96	208
TTPAL_HUMAN	11	123	44
TTPA_HUMAN	47	112	49
TTP_HUMAN	177	94	108
TTY14_HUMAN	1	102	39
TTYH1_HUMAN	308	116	204
TTYH2_HUMAN	24	92	47
TTYH3_HUMAN	84	104	58
TUB_HUMAN	25	123	52
TUFT1_HUMAN	65	103	55
TULP1_HUMAN	7	94	47
TULP2_HUMAN	38	98	62
TULP3_HUMAN	348	122	231
TULP4_HUMAN	26	90	28
TUSC1_HUMAN	9	101	37
TUSC2_HUMAN	79	102	57
TUSC3_HUMAN	63	116	62
TUSC5_HUMAN	110	84	78
TUT4_HUMAN	79	109	72
TUT7_HUMAN	118	116	101
TUTLA_HUMAN	10	98	45
TUTLB_HUMAN	8	109	46
TVB2_HUMAN	5	95	50
TVC_HUMAN	54	90	69
TWF1_HUMAN	185	101	128
TWF2_HUMAN	110	118	111
TWSG1_HUMAN	16	99	39
TWST1_HUMAN	60	95	47
TWST2_HUMAN	17	117	53
TX101_HUMAN	281	90	191
TX13A_HUMAN	26	111	52
TX13B_HUMAN	19	114	53
TX1B3_HUMAN	73	124	83
TX261_HUMAN	3	106	34
TX264_HUMAN	194	104	149
TXD11_HUMAN	96	114	95
TXD12_HUMAN	143	99	116
TXD15_HUMAN	68	97	72
TXD16_HUMAN	63	105	70
TXD17_HUMAN	55	94	68
TXIP1_HUMAN	21	90	56
TXK_HUMAN	49	117	59
TXLNA_HUMAN	246	103	169
TXLNB_HUMAN	91	108	90
TXLNG_HUMAN	99	107	76
TXN4A_HUMAN	75	103	72
TXN4B_HUMAN	35	99	53
TXND2_HUMAN	16	108	41
TXND3_HUMAN	10	117	35
TXND5_HUMAN	235	109	158
TXND6_HUMAN	3	111	48
TXND8_HUMAN	6	95	41
TXND9_HUMAN	128	92	103
TXNIP_HUMAN	215	103	134
TXNL1_HUMAN	221	97	122
TXTP_HUMAN	320	127	205
TY3H_HUMAN	32	107	54
TYB10_HUMAN	62	101	61
TYB4Y_HUMAN	37	115	50
TYB4_HUMAN	84	97	71
TYDP1_HUMAN	33	100	78
TYDP2_HUMAN	71	93	60
TYK2_HUMAN	161	97	128
TYOBP_HUMAN	98	96	97
TYPH_HUMAN	99	110	86
TYRO3_HUMAN	160	111	136
TYRO_HUMAN	4	109	44
TYRP1_HUMAN	9	102	49
TYRP2_HUMAN	21	119	52
TYSD1_HUMAN	37	90	58
TYSY_HUMAN	97	113	82
TYW1B_HUMAN	22	97	44
TYW1_HUMAN	125	106	102
TYW2_HUMAN	10	101	33
TYW3_HUMAN	53	101	71
TYW5_HUMAN	11	115	51
TYY1_HUMAN	449	96	347
TYY2_HUMAN	12	110	46
U119A_HUMAN	162	118	122
U119B_HUMAN	42	100	48
U17L1_HUMAN	5	113	47
U17L2_HUMAN	30	91	50
U17L3_HUMAN	2	114	35
U17L5_HUMAN	1	101	37
U17L7_HUMAN	6	105	41
U1SBP_HUMAN	35	104	45
U2AF1_HUMAN	246	92	175
U2AF2_HUMAN	660	104	574
U2AF4_HUMAN	16	115	49
U2AFL_HUMAN	9	97	50
U2AFM_HUMAN	74	99	65
U2D2L_HUMAN	11	104	42
U3IP2_HUMAN	130	115	103
U513_HUMAN	71	95	70
U520_HUMAN	476	87	325
U5S1_HUMAN	1470	92	1883
U632A_HUMAN	6	115	34
UACA_HUMAN	156	91	126
UAP1L_HUMAN	16	97	50
UAP1_HUMAN	47	91	63
UB2D1_HUMAN	224	106	162
UB2D2_HUMAN	253	108	148
UB2D3_HUMAN	221	99	148
UB2D4_HUMAN	113	92	104
UB2E1_HUMAN	145	96	95
UB2E2_HUMAN	83	108	77
UB2E3_HUMAN	123	103	107
UB2G1_HUMAN	24	118	46
UB2G2_HUMAN	97	136	84
UB2J1_HUMAN	195	85	133
UB2J2_HUMAN	33	112	50
UB2L3_HUMAN	170	94	112
UB2L6_HUMAN	106	103	72
UB2Q1_HUMAN	60	86	49
UB2Q2_HUMAN	27	107	53
UB2R1_HUMAN	299	103	209
UB2R2_HUMAN	75	101	78
UB2V1_HUMAN	112	118	73
UB2V2_HUMAN	93	115	90
UBA1_HUMAN	382	92	299
UBA3_HUMAN	69	104	76
UBA5_HUMAN	122	92	96
UBA6_HUMAN	158	115	114
UBA7_HUMAN	15	101	35
UBAC1_HUMAN	135	110	94
UBAC2_HUMAN	202	116	128
UBAP1_HUMAN	30	124	55
UBAP2_HUMAN	174	115	129
UBB_HUMAN	477	109	360
UBC12_HUMAN	618	121	543
UBC9_HUMAN	502	99	371
UBCP1_HUMAN	96	97	58
UBD_HUMAN	658	99	610
UBE2A_HUMAN	219	102	158
UBE2B_HUMAN	78	90	91
UBE2C_HUMAN	74	101	67
UBE2F_HUMAN	21	98	44
UBE2H_HUMAN	1940	88	2507
UBE2K_HUMAN	131	90	93
UBE2N_HUMAN	287	99	195
UBE2O_HUMAN	806	102	817
UBE2S_HUMAN	125	109	97
UBE2T_HUMAN	69	100	66
UBE2U_HUMAN	137	100	118
UBE2W_HUMAN	93	106	67
UBE2Z_HUMAN	81	102	64
UBE3A_HUMAN	398	89	295
UBE3B_HUMAN	48	102	66
UBE3C_HUMAN	225	108	155
UBE3D_HUMAN	35	110	63
UBE4A_HUMAN	109	95	87
UBE4B_HUMAN	139	123	88
UBF1_HUMAN	230	118	146
UBFD1_HUMAN	57	108	69
UBFL1_HUMAN	28	102	59
UBFL6_HUMAN	1	117	33
UBIA1_HUMAN	123	106	86
UBIM_HUMAN	7	100	40
UBIP1_HUMAN	72	116	62
UBL3_HUMAN	32	120	53
UBL4A_HUMAN	358	83	229
UBL4B_HUMAN	14	130	48
UBL5_HUMAN	86	107	82
UBL7_HUMAN	67	96	70
UBN1_HUMAN	63	98	63
UBN2_HUMAN	97	100	98
UBP10_HUMAN	310	87	211
UBP11_HUMAN	560	114	423
UBP12_HUMAN	64	85	69
UBP13_HUMAN	113	115	116
UBP14_HUMAN	479	107	381
UBP15_HUMAN	474	114	391
UBP16_HUMAN	72	90	53
UBP17_HUMAN,U17LO_HUMAN	7	91	67
UBP18_HUMAN	57	94	56
UBP19_HUMAN	154	104	117
UBP1_HUMAN	130	118	92
UBP20_HUMAN	197	88	144
UBP21_HUMAN	130	100	77
UBP22_HUMAN	160	84	92
UBP24_HUMAN	122	110	81
UBP25_HUMAN	101	83	76
UBP26_HUMAN	13	103	46
UBP27_HUMAN	38	99	46
UBP28_HUMAN	90	106	87
UBP29_HUMAN	28	113	43
UBP2L_HUMAN	312	90	224
UBP2_HUMAN	202	98	147
UBP30_HUMAN	109	110	111
UBP31_HUMAN	25	100	45
UBP32_HUMAN	132	120	92
UBP33_HUMAN	136	97	114
UBP34_HUMAN	183	106	127
UBP35_HUMAN	28	109	57
UBP36_HUMAN	594	106	488
UBP37_HUMAN	111	106	104
UBP38_HUMAN	31	118	51
UBP3_HUMAN	66	108	71
UBP40_HUMAN	48	104	55
UBP41_HUMAN	6	112	49
UBP42_HUMAN	83	94	79
UBP43_HUMAN	54	92	61
UBP44_HUMAN	185	107	129
UBP45_HUMAN	34	96	46
UBP46_HUMAN	91	120	63
UBP47_HUMAN	196	115	107
UBP48_HUMAN	169	104	106
UBP49_HUMAN	57	113	75
UBP4_HUMAN	290	108	223
UBP50_HUMAN	33	111	53
UBP51_HUMAN	43	106	44
UBP53_HUMAN	138	92	103
UBP54_HUMAN	213	107	142
UBP5_HUMAN	213	108	137
UBP6_HUMAN	20	129	47
UBP7_HUMAN	638	83	561
UBP8_HUMAN	134	110	93
UBQL1_HUMAN	427	105	307
UBQL2_HUMAN	792	108	859
UBQL3_HUMAN	2	124	49
UBQL4_HUMAN	262	116	212
UBQLN_HUMAN	4	99	47
UBR1_HUMAN	268	89	174
UBR2_HUMAN	152	103	101
UBR3_HUMAN	105	117	83
UBR4_HUMAN	350	87	254
UBR5_HUMAN	583	76	524
UBR7_HUMAN	87	121	78
UBS3A_HUMAN	116	105	87
UBS3B_HUMAN	170	117	128
UBTD1_HUMAN	39	108	41
UBTD2_HUMAN	28	102	55
UBX10_HUMAN	32	101	50
UBX11_HUMAN	50	108	66
UBX2A_HUMAN	24	104	53
UBX2B_HUMAN	41	99	60
UBXN1_HUMAN	213	113	141
UBXN4_HUMAN	186	107	121
UBXN6_HUMAN	333	102	234
UBXN7_HUMAN	262	96	177
UBXN8_HUMAN	87	105	72
UCHL1_HUMAN	256	100	168
UCHL3_HUMAN	175	102	122
UCHL5_HUMAN	243	93	174
UCK1_HUMAN	16	96	45
UCK2_HUMAN	77	110	47
UCKL1_HUMAN	53	102	60
UCMA_HUMAN	1	105	38
UCN1_HUMAN	4	114	34
UCN2_HUMAN	1	86	38
UCN3_HUMAN	20	93	50
UCP1_HUMAN	4	99	54
UCP2_HUMAN	25	103	42
UCP3_HUMAN	15	117	46
UCP4_HUMAN	2	111	33
UCP5_HUMAN	67	96	64
UCRIL_HUMAN	44	94	65
UCRI_HUMAN	255	109	156
UD110_HUMAN	37	108	51
UD11_HUMAN	15	97	41
UD13_HUMAN	10	101	41
UD14_HUMAN	12	128	41
UD15_HUMAN	13	103	43
UD16_HUMAN	9	99	48
UD17_HUMAN	65	87	67
UD18_HUMAN	8	94	45
UD19_HUMAN	19	104	50
UD2A1_HUMAN	2	106	39
UD2A3_HUMAN	6	105	42
UD2B4_HUMAN	1	95	33
UD2B7_HUMAN	45	104	46
UD3A1_HUMAN	5	125	43
UD3A2_HUMAN	19	115	51
UDB10_HUMAN	4	102	47
UDB11_HUMAN	6	88	45
UDB15_HUMAN	6	111	49
UDB17_HUMAN	2	114	42
UDB28_HUMAN	5	112	31
UE2NL_HUMAN	16	103	50
UEVLD_HUMAN	28	95	67
UFC1_HUMAN	66	112	61
UFD1_HUMAN	166	107	114
UFL1_HUMAN	1042	103	1259
UFM1_HUMAN	109	115	87
UFO_HUMAN	347	107	256
UFSP1_HUMAN	47	94	69
UFSP2_HUMAN	128	118	89
UGDH_HUMAN	104	102	79
UGGG1_HUMAN	264	115	196
UGGG2_HUMAN	116	93	95
UGPA_HUMAN	110	106	65
UH1BL_HUMAN	73	119	69
UHMK1_HUMAN	51	115	73
UHRF1_HUMAN	209	88	134
UHRF2_HUMAN	129	97	82
UIF_HUMAN	161	85	111
UIMC1_HUMAN	115	105	90
UK114_HUMAN	41	111	73
ULA1_HUMAN	95	99	63
ULK1_HUMAN	187	95	160
ULK2_HUMAN	58	112	53
ULK3_HUMAN	60	76	63
ULK4_HUMAN	26	106	38
UMPS_HUMAN	115	125	81
UN13A_HUMAN	80	97	91
UN13B_HUMAN	55	93	53
UN13C_HUMAN	14	114	54
UN13D_HUMAN	46	106	67
UN45A_HUMAN	259	98	175
UN45B_HUMAN	23	96	49
UN5CL_HUMAN	24	96	44
UN93A_HUMAN	63	100	54
UN93B_HUMAN	455	112	336
UNC4_HUMAN	5	116	33
UNC50_HUMAN	48	106	59
UNC5A_HUMAN	6	112	38
UNC5B_HUMAN	92	124	71
UNC5C_HUMAN	36	109	48
UNC5D_HUMAN	4	110	35
UNC79_HUMAN	13	106	52
UNC80_HUMAN	15	97	42
UNG_HUMAN	41	111	52
UNKL_HUMAN	69	116	62
UNK_HUMAN	408	90	329
UPAR_HUMAN	136	91	96
UPK1A_HUMAN	154	110	130
UPK1B_HUMAN	59	105	55
UPK2_HUMAN	226	99	150
UPK3A_HUMAN	3	128	43
UPK3B_HUMAN	10	117	44
UPK3L_HUMAN	50	114	42
UPP1_HUMAN	88	103	98
UPP2_HUMAN	6	108	52
UPP_HUMAN	22	108	48
UQCC_HUMAN,UQCC1_HUMAN	112	101	74
UR2R_HUMAN	1	104	43
URAD_HUMAN	1	87	54
URB2_HUMAN	110	100	85
URFB1_HUMAN	99	105	83
URGCP_HUMAN	34	102	51
URM1_HUMAN	49	116	50
UROK_HUMAN	61	115	87
UROL1_HUMAN	14	100	43
UROM_HUMAN	10	102	53
URP2_HUMAN	55	101	60
US6NL_HUMAN	106	90	66
USBP1_HUMAN	238	100	157
USE1_HUMAN	156	119	117
USF1_HUMAN	79	112	75
USF2_HUMAN	49	91	62
USH1C_HUMAN	35	86	51
USH1G_HUMAN	22	107	45
USH2A_HUMAN	10	97	39
USMG5_HUMAN	138	97	86
USO1_HUMAN	227	111	144
USP9X_HUMAN	439	98	312
USP9Y_HUMAN	49	117	48
USPL1_HUMAN	35	97	41
UST_HUMAN	39	107	48
UT14A_HUMAN	248	104	162
UT14C_HUMAN	51	100	68
UT1_HUMAN	53	102	69
UT2_HUMAN	141	95	109
UTER_HUMAN	10	106	38
UTF1_HUMAN	5	104	41
UTP11_HUMAN	110	101	96
UTP15_HUMAN	119	107	98
UTP18_HUMAN	155	116	96
UTP20_HUMAN	152	112	90
UTP23_HUMAN	209	121	138
UTP6_HUMAN	104	105	91
UTRO_HUMAN	229	86	172
UTS2B_HUMAN	2	109	41
UTS2_HUMAN	14	82	45
UTY_HUMAN	26	104	47
UVRAG_HUMAN	108	112	81
UVSSA_HUMAN	33	119	58
UXS1_HUMAN	127	104	106
UXT_HUMAN	127	93	98
V1AR_HUMAN	7	111	44
V1BR_HUMAN	28	79	55
V2R_HUMAN	129	87	88
VA0D1_HUMAN	226	95	170
VA0D2_HUMAN	60	110	53
VA0E1_HUMAN	31	121	52
VA0E2_HUMAN	2	114	36
VAC14_HUMAN	215	113	158
VACHT_HUMAN	31	99	41
VAMP1_HUMAN	47	113	64
VAMP2_HUMAN	189	96	144
VAMP3_HUMAN	345	119	237
VAMP4_HUMAN	139	99	108
VAMP5_HUMAN	179	95	119
VAMP7_HUMAN	139	95	100
VAMP8_HUMAN	104	99	81
VANG1_HUMAN	242	116	160
VANG2_HUMAN	217	91	138
VAPA_HUMAN	705	99	611
VAPB_HUMAN	504	91	393
VAS1_HUMAN	149	106	104
VASH1_HUMAN	17	99	43
VASH2_HUMAN	13	93	40
VASN_HUMAN	193	106	137
VASP_HUMAN	297	108	179
VAT1L_HUMAN	13	101	51
VAT1_HUMAN	132	105	76
VATA_HUMAN	348	96	270
VATB1_HUMAN	113	119	79
VATB2_HUMAN	270	100	187
VATC1_HUMAN	110	109	80
VATC2_HUMAN	49	115	59
VATD_HUMAN	122	106	92
VATE1_HUMAN	138	97	97
VATE2_HUMAN	23	103	53
VATF_HUMAN	127	88	103
VATG1_HUMAN	88	110	68
VATG2_HUMAN	44	90	56
VATG3_HUMAN	4	100	47
VATH_HUMAN	177	94	106
VATL_HUMAN	168	105	120
VATO_HUMAN	32	103	53
VAV2_HUMAN	101	97	68
VAV3_HUMAN	51	96	54
VAV_HUMAN	194	100	134
VAX1_HUMAN	17	88	44
VAX2_HUMAN	8	94	45
VCAM1_HUMAN	660	84	591
VCIP1_HUMAN	160	105	99
VCX1_HUMAN	4	107	52
VCX2_HUMAN	9	97	48
VCX3_HUMAN	1	118	36
VCY1_HUMAN	7	109	41
VCY2_HUMAN	3	99	39
VDAC1_HUMAN	559	107	432
VDAC2_HUMAN	458	112	324
VDAC3_HUMAN	370	113	259
VDR_HUMAN	128	109	88
VEGFA_HUMAN	56	115	73
VEGFB_HUMAN	35	99	55
VEGFC_HUMAN	3	108	50
VEGFD_HUMAN	39	93	53
VENTX_HUMAN	422	91	329
VEZA_HUMAN	183	120	141
VEZF1_HUMAN	110	103	84
VGFR1_HUMAN	177	112	114
VGFR2_HUMAN	150	98	100
VGFR3_HUMAN	255	79	179
VGF_HUMAN	45	106	49
VGLL1_HUMAN	15	87	45
VGLL2_HUMAN	4	101	39
VGLL3_HUMAN	70	119	75
VGLL4_HUMAN	38	106	57
VGLU1_HUMAN	14	94	54
VGLU2_HUMAN	32	110	51
VGLU3_HUMAN	30	99	47
VHLL_HUMAN	5	99	48
VHL_HUMAN	609	117	528
VIAAT_HUMAN	114	108	88
VIGLN_HUMAN	871	104	935
VILI_HUMAN	20	97	41
VILL_HUMAN	9	103	55
VIME_HUMAN	843	95	933
VINC_HUMAN	316	100	246
VINEX_HUMAN	204	96	159
VIP1_HUMAN	57	97	60
VIP2_HUMAN	68	93	60
VIPR1_HUMAN	199	92	148
VIPR2_HUMAN	236	109	181
VIP_HUMAN	26	115	58
VIR_HUMAN	2826	80	2263
VISL1_HUMAN	33	116	60
VITRN_HUMAN	3	104	35
VKGC_HUMAN	73	96	72
VKIND_HUMAN	23	93	57
VKOR1_HUMAN	134	97	84
VKORL_HUMAN	114	101	85
VLDLR_HUMAN	38	95	52
VMA21_HUMAN	120	98	89
VMA5A_HUMAN	46	104	72
VMAC_HUMAN	20	103	51
VMAT1_HUMAN	175	101	99
VMAT2_HUMAN	163	87	122
VMO1_HUMAN	1	101	36
VMP1_HUMAN	195	96	130
VN1R1_HUMAN	3	110	37
VN1R2_HUMAN	2	108	35
VN1R3_HUMAN	1	103	47
VN1R5_HUMAN	4	100	32
VNN1_HUMAN	8	79	37
VNN2_HUMAN	48	97	64
VNN3_HUMAN	1	99	46
VOPP1_HUMAN	25	111	42
VP13A_HUMAN	117	96	96
VP13B_HUMAN	75	99	72
VP13C_HUMAN	132	78	105
VP13D_HUMAN	65	96	63
VP26A_HUMAN	175	112	148
VP26B_HUMAN	83	107	69
VP33A_HUMAN	254	103	194
VP33B_HUMAN	192	98	120
VP37A_HUMAN	35	111	46
VP37B_HUMAN	58	92	65
VP37C_HUMAN	135	90	104
VP37D_HUMAN	18	104	39
VPP1_HUMAN	279	108	163
VPP2_HUMAN	169	99	116
VPP3_HUMAN	93	110	82
VPP4_HUMAN	49	109	50
VPRBP_HUMAN	218	97	142
VPREB_HUMAN	3	88	35
VPS11_HUMAN	96	104	81
VPS16_HUMAN	133	120	93
VPS18_HUMAN	142	108	113
VPS25_HUMAN	69	97	67
VPS28_HUMAN	124	102	94
VPS29_HUMAN	136	108	109
VPS35_HUMAN	322	92	209
VPS36_HUMAN	58	110	69
VPS39_HUMAN	64	95	55
VPS41_HUMAN	60	106	69
VPS45_HUMAN	155	110	98
VPS4A_HUMAN	89	94	92
VPS4B_HUMAN	91	106	82
VPS52_HUMAN	199	133	108
VPS53_HUMAN	106	109	90
VPS54_HUMAN	33	100	40
VPS72_HUMAN	123	100	97
VPS8_HUMAN	82	101	69
VRK1_HUMAN	297	94	201
VRK2_HUMAN	230	82	167
VRK3_HUMAN	142	89	89
VRTN_HUMAN	15	110	33
VSI10_HUMAN	7	111	49
VSIG1_HUMAN	179	116	125
VSIG2_HUMAN	31	109	50
VSIG4_HUMAN	229	108	141
VSIG8_HUMAN	119	112	88
VSTM1_HUMAN	56	117	60
VSTM4_HUMAN	11	94	43
VSX1_HUMAN	80	110	74
VSX2_HUMAN	14	121	54
VTA1_HUMAN	146	120	89
VTCN1_HUMAN	18	116	53
VTDB_HUMAN	61	99	59
VTI1A_HUMAN	70	105	66
VTI1B_HUMAN	221	91	156
VTM2A_HUMAN	5	117	49
VTM2B_HUMAN	1	93	39
VTM2L_HUMAN	3	108	40
VTNC_HUMAN	204	104	151
VW5B1_HUMAN	1	93	39
VW5B2_HUMAN	30	123	45
VWA1_HUMAN	23	119	60
VWA2_HUMAN	35	97	59
VWA3A_HUMAN	4	112	51
VWA3B_HUMAN	13	82	39
VWA7_HUMAN	2	105	46
VWC2L_HUMAN	38	100	59
VWC2_HUMAN	61	94	66
VWCE_HUMAN	70	116	72
VWDE_HUMAN	68	100	67
VWF_HUMAN	31	117	52
WAC_HUMAN	101	104	64
WAP53_HUMAN	100	92	82
WAPL_HUMAN	188	102	129
WASF1_HUMAN	90	109	78
WASF2_HUMAN	139	97	100
WASF3_HUMAN	62	91	53
WASF4_HUMAN	1	93	42
WASH1_HUMAN	86	100	77
WASH2_HUMAN	13	95	60
WASH4_HUMAN	3	103	53
WASH6_HUMAN	21	99	40
WASH7_HUMAN	104	126	81
WASL_HUMAN	120	104	90
WASP_HUMAN	88	108	75
WBP11_HUMAN	164	91	105
WBP1L_HUMAN	8	90	36
WBP1_HUMAN	40	100	60
WBP2L_HUMAN	10	92	51
WBP2_HUMAN	80	114	76
WBP4_HUMAN	108	98	86
WBP5_HUMAN	51	113	70
WBS16_HUMAN	117	107	81
WBS22_HUMAN	53	90	62
WBS27_HUMAN	38	89	58
WBS28_HUMAN	2	97	41
WD51A_HUMAN	120	84	98
WDFY1_HUMAN	73	103	76
WDFY2_HUMAN	32	92	47
WDFY3_HUMAN	122	112	98
WDFY4_HUMAN	6	90	60
WDHD1_HUMAN	183	112	136
WDR11_HUMAN	142	86	112
WDR12_HUMAN	141	97	88
WDR13_HUMAN	27	104	64
WDR16_HUMAN,CFA52_HUMAN	11	108	48
WDR17_HUMAN	9	109	41
WDR18_HUMAN	135	97	80
WDR19_HUMAN	33	99	63
WDR1_HUMAN	217	95	145
WDR20_HUMAN	88	100	84
WDR24_HUMAN	40	101	48
WDR25_HUMAN	55	97	65
WDR26_HUMAN	198	87	131
WDR27_HUMAN	8	97	53
WDR33_HUMAN	150	88	121
WDR34_HUMAN	59	96	72
WDR35_HUMAN	37	105	60
WDR36_HUMAN	214	105	111
WDR37_HUMAN	79	113	87
WDR3_HUMAN	170	99	120
WDR41_HUMAN	131	123	91
WDR43_HUMAN	130	106	103
WDR44_HUMAN	108	122	75
WDR46_HUMAN	192	97	134
WDR47_HUMAN	43	105	59
WDR48_HUMAN	165	107	107
WDR49_HUMAN	3	107	38
WDR4_HUMAN	88	100	81
WDR52_HUMAN,CFA44_HUMAN	17	114	42
WDR53_HUMAN	27	112	41
WDR54_HUMAN	50	109	56
WDR55_HUMAN	63	119	70
WDR59_HUMAN	112	113	87
WDR5B_HUMAN	55	100	70
WDR5_HUMAN	1083	89	1305
WDR60_HUMAN	47	98	61
WDR61_HUMAN	164	103	113
WDR62_HUMAN	117	90	93
WDR63_HUMAN	4	117	43
WDR64_HUMAN	16	96	51
WDR65_HUMAN,CFA57_HUMAN	10	93	57
WDR66_HUMAN	9	96	42
WDR67_HUMAN,TBC31_HUMAN	50	75	60
WDR69_HUMAN,DAW1_HUMAN	12	102	35
WDR6_HUMAN	337	106	203
WDR70_HUMAN	80	110	67
WDR72_HUMAN	7	90	36
WDR73_HUMAN	33	105	44
WDR74_HUMAN	126	93	94
WDR75_HUMAN	113	102	89
WDR76_HUMAN	371	97	268
WDR78_HUMAN	2	107	46
WDR7_HUMAN	54	97	65
WDR81_HUMAN	53	88	62
WDR82_HUMAN	208	88	115
WDR83_HUMAN	203	96	153
WDR85_HUMAN,DPH7_HUMAN	17	131	45
WDR86_HUMAN	25	112	60
WDR87_HUMAN	24	99	52
WDR88_HUMAN	4	114	38
WDR89_HUMAN	33	118	59
WDR90_HUMAN	36	100	60
WDR91_HUMAN	40	109	59
WDR92_HUMAN	125	104	99
WDR93_HUMAN	1	98	36
WDR96_HUMAN	1	104	47
WDTC1_HUMAN	171	99	135
WEE1_HUMAN	97	103	84
WF10A_HUMAN	2	109	36
WF10B_HUMAN	2	112	36
WFD11_HUMAN	18	104	51
WFD12_HUMAN	8	98	44
WFD13_HUMAN	2	111	45
WFDC1_HUMAN	12	113	45
WFDC2_HUMAN	32	113	54
WFDC3_HUMAN	3	93	48
WFDC5_HUMAN	13	101	48
WFDC6_HUMAN	11	97	35
WFDC8_HUMAN	3	113	46
WFDC9_HUMAN	5	116	40
WFKN1_HUMAN	14	113	48
WFKN2_HUMAN	11	97	36
WFS1_HUMAN	129	99	97
WHAL1_HUMAN	119	86	96
WHAMM_HUMAN	10	120	42
WHRN_HUMAN	23	116	36
WIBG_HUMAN,PYM1_HUMAN	206	118	146
WIF1_HUMAN	149	118	107
WIPF1_HUMAN	46	112	83
WIPF2_HUMAN	41	113	41
WIPF3_HUMAN	14	103	45
WIPI1_HUMAN	48	125	55
WIPI2_HUMAN	101	96	94
WIPI3_HUMAN	64	118	59
WIPI4_HUMAN	49	130	61
WISP1_HUMAN	4	88	36
WISP2_HUMAN	12	99	40
WISP3_HUMAN	28	115	39
WIT1_HUMAN	12	98	34
WIZ_HUMAN	220	92	153
WLS_HUMAN	143	98	110
WN10A_HUMAN	37	114	52
WN10B_HUMAN	49	88	66
WNK1_HUMAN	145	93	101
WNK2_HUMAN	42	93	57
WNK3_HUMAN	56	114	59
WNK4_HUMAN	22	100	44
WNT11_HUMAN	30	101	58
WNT16_HUMAN	29	87	52
WNT1_HUMAN	10	92	54
WNT2B_HUMAN	24	103	45
WNT2_HUMAN	17	101	38
WNT3A_HUMAN	48	92	41
WNT3_HUMAN	8	108	48
WNT4_HUMAN	41	95	59
WNT5A_HUMAN	68	105	71
WNT5B_HUMAN	5	105	44
WNT6_HUMAN	10	94	51
WNT7A_HUMAN	42	97	61
WNT7B_HUMAN	10	104	54
WNT8A_HUMAN	8	94	47
WNT8B_HUMAN	6	109	34
WNT9A_HUMAN	46	104	62
WNT9B_HUMAN	9	115	43
WRB_HUMAN	67	115	84
WRIP1_HUMAN	160	107	98
WRN_HUMAN	102	95	68
WRP73_HUMAN	170	95	109
WSB1_HUMAN	26	113	47
WSB2_HUMAN	86	119	69
WSCD2_HUMAN	1	119	47
WSDU1_HUMAN	3	102	37
WT1_HUMAN	74	97	71
WTIP_HUMAN	17	90	50
WWC2_HUMAN	34	98	53
WWC3_HUMAN	24	107	54
WWOX_HUMAN	618	88	523
WWP1_HUMAN	253	89	189
WWP2_HUMAN	807	107	852
WWTR1_HUMAN	405	109	272
X3CL1_HUMAN	81	98	61
XAF1_HUMAN	39	113	42
XBP1_HUMAN	49	113	61
XCL1_HUMAN	9	106	42
XCL2_HUMAN	3	105	44
XCR1_HUMAN	2	97	40
XCT_HUMAN	227	81	178
XDH_HUMAN	22	100	49
XIAP_HUMAN	215	104	133
XIRP1_HUMAN	17	106	45
XIRP2_HUMAN	46	121	64
XKR2_HUMAN	10	113	51
XKR3_HUMAN	3	122	31
XKR4_HUMAN	10	99	45
XKR5_HUMAN	1	111	47
XKR6_HUMAN	7	106	51
XKR7_HUMAN	1	99	43
XKR8_HUMAN	6	118	37
XKRY2_HUMAN	2	94	44
XK_HUMAN	11	101	39
XLRS1_HUMAN	4	105	38
XP32_HUMAN	64	109	73
XPA_HUMAN	88	110	77
XPC_HUMAN	227	105	133
XPF_HUMAN	86	120	69
XPO1_HUMAN	1494	99	1976
XPO2_HUMAN	334	104	241
XPO4_HUMAN	114	77	85
XPO5_HUMAN	256	96	178
XPO6_HUMAN	96	88	90
XPO7_HUMAN	1120	88	1482
XPOT_HUMAN	253	86	169
XPP1_HUMAN	130	93	82
XPP2_HUMAN	3	128	49
XPP3_HUMAN	116	101	104
XPR1_HUMAN	220	101	132
XRCC1_HUMAN	181	99	122
XRCC2_HUMAN	23	104	56
XRCC3_HUMAN	179	111	138
XRCC4_HUMAN	122	95	97
XRCC5_HUMAN	538	91	408
XRCC6_HUMAN	938	96	1127
XRN1_HUMAN	254	97	153
XRN2_HUMAN	352	108	237
XRP2_HUMAN	120	100	96
XRRA1_HUMAN	9	95	39
XXLT1_HUMAN	82	94	81
XYLB_HUMAN	12	114	45
XYLK_HUMAN	78	93	75
XYLT1_HUMAN	13	85	53
XYLT2_HUMAN	55	103	45
YA047_HUMAN	59	110	63
YAED1_HUMAN	32	101	41
YAF2_HUMAN	216	121	136
YAP1_HUMAN	1083	98	1361
YB017_HUMAN	3	111	42
YB020_HUMAN	1	116	33
YB044_HUMAN	1	91	26
YBEY_HUMAN	98	111	83
YBOX1_HUMAN	794	104	825
YBOX2_HUMAN	267	95	173
YD286_HUMAN	1	113	39
YDJC_HUMAN	5	103	41
YE013_HUMAN	7	107	42
YE019_HUMAN	24	111	62
YES_HUMAN	408	124	321
YETS2_HUMAN	182	108	119
YETS4_HUMAN	184	91	126
YG015_HUMAN	3	97	37
YG023_HUMAN	3	113	43
YIF1A_HUMAN	133	94	82
YIF1B_HUMAN	103	105	69
YIPF1_HUMAN	57	116	65
YIPF2_HUMAN	44	126	57
YIPF3_HUMAN	207	102	166
YIPF4_HUMAN	79	104	69
YIPF5_HUMAN	138	106	103
YIPF6_HUMAN	138	106	92
YJEN3_HUMAN	10	102	40
YK021_HUMAN	24	103	29
YKT6_HUMAN	242	118	154
YL023_HUMAN	1	99	34
YLAT1_HUMAN	22	121	38
YLAT2_HUMAN	80	116	82
YLPM1_HUMAN	175	108	127
YMEL1_HUMAN	204	83	129
YPEL1_HUMAN	8	114	37
YPEL2_HUMAN	5	100	37
YPEL3_HUMAN	127	111	101
YPEL5_HUMAN	91	108	57
YQ023_HUMAN	5	100	39
YRDC_HUMAN	23	81	46
YS020_HUMAN	2	103	65
YS038_HUMAN	1	91	34
YSK4_HUMAN,M3K19_HUMAN	6	98	45
YTDC1_HUMAN	390	121	295
YTDC2_HUMAN	231	113	141
YTHD1_HUMAN	450	102	336
YTHD2_HUMAN	463	101	369
YTHD3_HUMAN	249	97	160
YYAP1_HUMAN	61	127	79
YYY4_HUMAN	5	95	50
Z280A_HUMAN	13	107	48
Z280B_HUMAN	6	125	48
Z280C_HUMAN	60	94	61
Z280D_HUMAN	22	97	49
Z285A_HUMAN	2	110	43
Z286A_HUMAN	29	100	57
Z322A_HUMAN	2	107	53
Z324A_HUMAN	46	88	53
Z324B_HUMAN	88	124	65
Z354A_HUMAN	39	139	62
Z354B_HUMAN	4	99	52
Z354C_HUMAN	33	104	51
Z385A_HUMAN	19	112	41
Z385B_HUMAN	4	97	41
Z385C_HUMAN	29	99	46
Z385D_HUMAN	1	102	39
Z397O_HUMAN	14	98	45
Z3H7A_HUMAN	207	111	111
Z3H7B_HUMAN	57	102	60
Z512B_HUMAN	203	114	123
Z518A_HUMAN	53	103	50
Z518B_HUMAN	20	106	52
Z585A_HUMAN	4	112	44
Z585B_HUMAN	6	113	39
Z587B_HUMAN	4	98	30
Z658B_HUMAN	3	92	42
Z705A_HUMAN	1	118	29
Z705D_HUMAN	1	84	41
Z705G_HUMAN	1	93	30
Z780A_HUMAN	22	97	58
Z780B_HUMAN	2	88	38
Z804A_HUMAN	9	114	58
Z804B_HUMAN	3	101	42
Z816A_HUMAN	15	112	31
ZA2G_HUMAN	185	108	121
ZACN_HUMAN	97	102	71
ZADH2_HUMAN	36	120	50
ZAN_HUMAN	2	104	35
ZAP70_HUMAN	60	109	63
ZAR1L_HUMAN	25	110	52
ZAR1_HUMAN	2	103	38
ZBBX_HUMAN	30	98	50
ZBED1_HUMAN	92	116	76
ZBED2_HUMAN	5	118	36
ZBED3_HUMAN	12	96	43
ZBED4_HUMAN	35	87	31
ZBED5_HUMAN	11	108	42
ZBED6_HUMAN	8	98	40
ZBP1_HUMAN	42	103	60
ZBT10_HUMAN	155	115	120
ZBT11_HUMAN	119	118	96
ZBT12_HUMAN	10	107	51
ZBT16_HUMAN	180	116	137
ZBT17_HUMAN	49	101	56
ZBT20_HUMAN	40	87	60
ZBT22_HUMAN	22	114	51
ZBT24_HUMAN	152	105	118
ZBT25_HUMAN	44	96	57
ZBT26_HUMAN	36	84	44
ZBT32_HUMAN	55	96	67
ZBT34_HUMAN	36	94	44
ZBT37_HUMAN	7	103	47
ZBT38_HUMAN	150	105	90
ZBT39_HUMAN	33	95	57
ZBT40_HUMAN	25	111	48
ZBT41_HUMAN	13	99	36
ZBT42_HUMAN	66	99	57
ZBT43_HUMAN	46	97	62
ZBT44_HUMAN	69	94	61
ZBT45_HUMAN	7	99	45
ZBT46_HUMAN	30	98	60
ZBT47_HUMAN	144	126	102
ZBT48_HUMAN	139	106	105
ZBT49_HUMAN	28	115	42
ZBT7A_HUMAN	142	118	110
ZBT7B_HUMAN	55	98	48
ZBT7C_HUMAN	16	95	39
ZBT8A_HUMAN	83	103	72
ZBT8B_HUMAN	30	113	45
ZBTB1_HUMAN	144	98	96
ZBTB2_HUMAN	455	98	339
ZBTB3_HUMAN	58	106	68
ZBTB4_HUMAN	38	98	57
ZBTB5_HUMAN	58	100	70
ZBTB6_HUMAN	14	112	57
ZBTB9_HUMAN	119	85	102
ZC11A_HUMAN	221	107	138
ZC12A_HUMAN	41	113	51
ZC12B_HUMAN	4	97	49
ZC12C_HUMAN	8	112	44
ZC12D_HUMAN	2	110	45
ZC21A_HUMAN	28	104	47
ZC21B_HUMAN	26	102	47
ZC21C_HUMAN	97	118	88
ZC3H1_HUMAN	196	102	140
ZC3H3_HUMAN	227	93	152
ZC3H4_HUMAN	178	103	140
ZC3H6_HUMAN	11	102	38
ZC3H8_HUMAN	88	111	81
ZC3HA_HUMAN	195	95	137
ZC3HD_HUMAN	171	106	115
ZC3HE_HUMAN	184	83	119
ZC3HF_HUMAN	122	104	81
ZC4H2_HUMAN	46	110	57
ZCCHL_HUMAN	43	94	68
ZCCHV_HUMAN	617	111	550
ZCH10_HUMAN	253	116	183
ZCH12_HUMAN	36	110	36
ZCH13_HUMAN	6	90	42
ZCH14_HUMAN	33	102	59
ZCH16_HUMAN	3	89	45
ZCH18_HUMAN	907	95	997
ZCH24_HUMAN	10	112	42
ZCHC2_HUMAN	25	120	52
ZCHC3_HUMAN	181	107	141
ZCHC4_HUMAN	9	104	45
ZCHC7_HUMAN	71	109	63
ZCHC8_HUMAN	153	110	112
ZCHC9_HUMAN	78	109	79
ZCPW1_HUMAN	11	111	36
ZCPW2_HUMAN	4	100	38
ZCRB1_HUMAN	150	88	104
ZDBF2_HUMAN	67	97	71
ZDH11_HUMAN	76	86	73
ZDH12_HUMAN	125	94	95
ZDH13_HUMAN	62	100	66
ZDH14_HUMAN	7	114	46
ZDH15_HUMAN	126	100	114
ZDH16_HUMAN	8	96	49
ZDH17_HUMAN	281	101	215
ZDH18_HUMAN	73	98	77
ZDH19_HUMAN	42	103	60
ZDH20_HUMAN	37	112	50
ZDH21_HUMAN	26	112	58
ZDH22_HUMAN	18	101	53
ZDH23_HUMAN	71	117	76
ZDH24_HUMAN	19	98	51
ZDHC1_HUMAN	22	96	44
ZDHC2_HUMAN	7	88	45
ZDHC3_HUMAN	16	95	51
ZDHC4_HUMAN	8	120	50
ZDHC5_HUMAN	572	107	532
ZDHC6_HUMAN	61	119	63
ZDHC7_HUMAN	19	98	39
ZDHC8_HUMAN	36	87	55
ZDHC9_HUMAN	61	112	63
ZEB1_HUMAN	189	91	147
ZEB2_HUMAN	99	105	67
ZEP1_HUMAN	186	107	134
ZEP2_HUMAN	34	109	54
ZEP3_HUMAN	27	103	47
ZER1_HUMAN	86	98	79
ZF106_HUMAN	83	104	69
ZF112_HUMAN,ZN112_HUMAN	9	104	43
ZF161_HUMAN,ZBT14_HUMAN	81	106	63
ZF64A_HUMAN	48	108	65
ZF64B_HUMAN	23	120	57
ZFAN1_HUMAN	14	96	46
ZFAN3_HUMAN	16	87	52
ZFAN4_HUMAN	6	105	32
ZFAN5_HUMAN	26	116	69
ZFAN6_HUMAN	21	111	47
ZFAT_HUMAN	8	111	31
ZFHX2_HUMAN	9	83	50
ZFHX3_HUMAN	109	120	98
ZFHX4_HUMAN	74	84	67
ZFN2A_HUMAN	25	113	42
ZFN2B_HUMAN	43	110	71
ZFP14_HUMAN	23	96	54
ZFP1_HUMAN	61	112	70
ZFP28_HUMAN	6	95	37
ZFP2_HUMAN	15	101	42
ZFP30_HUMAN	13	91	43
ZFP37_HUMAN	5	111	37
ZFP3_HUMAN	4	116	43
ZFP41_HUMAN	55	116	63
ZFP42_HUMAN	17	114	55
ZFP57_HUMAN	28	121	47
ZFP62_HUMAN	68	92	71
ZFP82_HUMAN	12	105	43
ZFP90_HUMAN	34	96	58
ZFP91_HUMAN	143	105	102
ZFP92_HUMAN	2	85	48
ZFPL1_HUMAN	456	114	334
ZFR2_HUMAN	3	90	39
ZFR_HUMAN	269	116	167
ZFX_HUMAN	19	96	55
ZFY16_HUMAN	102	109	90
ZFY19_HUMAN,ANCHR_HUMAN	55	116	60
ZFY21_HUMAN	79	125	77
ZFY26_HUMAN	69	105	72
ZFY27_HUMAN	74	86	59
ZFYV1_HUMAN	58	100	86
ZFYV9_HUMAN	109	98	97
ZFY_HUMAN	11	106	39
ZG16B_HUMAN	160	94	115
ZG16_HUMAN	12	88	36
ZGPAT_HUMAN	187	107	141
ZH11B_HUMAN	1	99	38
ZHANG_HUMAN	37	98	56
ZHX1R_HUMAN	25	102	39
ZHX1_HUMAN	97	95	86
ZHX2_HUMAN	74	101	67
ZHX3_HUMAN	47	108	55
ZIC1_HUMAN	123	114	100
ZIC2_HUMAN	40	112	66
ZIC3_HUMAN	20	96	33
ZIC4_HUMAN	3	112	43
ZIC5_HUMAN	4	102	39
ZIK1_HUMAN	5	99	35
ZIM2_HUMAN	53	105	70
ZIM3_HUMAN	15	116	49
ZKSC1_HUMAN	78	91	80
ZKSC2_HUMAN	10	103	37
ZKSC3_HUMAN	39	109	50
ZKSC4_HUMAN	101	101	96
ZKSC5_HUMAN	21	104	42
ZMAT1_HUMAN	28	115	43
ZMAT2_HUMAN	117	113	83
ZMAT3_HUMAN	27	118	49
ZMAT4_HUMAN	30	125	40
ZMAT5_HUMAN	50	105	78
ZMIZ1_HUMAN	48	105	55
ZMIZ2_HUMAN	62	108	48
ZMY10_HUMAN	19	109	57
ZMY11_HUMAN	105	115	82
ZMY12_HUMAN	82	110	71
ZMY17_HUMAN	22	121	66
ZMY19_HUMAN	124	107	93
ZMYM1_HUMAN	86	92	89
ZMYM2_HUMAN	282	108	202
ZMYM3_HUMAN	146	104	109
ZMYM4_HUMAN	179	81	117
ZMYM5_HUMAN	36	116	70
ZMYM6_HUMAN	92	91	77
ZMYNB_HUMAN	17	103	46
ZN100_HUMAN	19	110	39
ZN101_HUMAN	33	101	70
ZN107_HUMAN	32	108	51
ZN114_HUMAN	20	109	50
ZN117_HUMAN	1	100	35
ZN121_HUMAN	51	93	55
ZN124_HUMAN	59	110	66
ZN131_HUMAN	123	106	90
ZN132_HUMAN	3	94	36
ZN133_HUMAN	29	101	49
ZN134_HUMAN	3	98	33
ZN135_HUMAN	11	100	43
ZN136_HUMAN	36	113	58
ZN137_HUMAN	2	98	39
ZN138_HUMAN	25	114	49
ZN140_HUMAN	9	126	45
ZN141_HUMAN	5	103	38
ZN142_HUMAN	20	102	42
ZN143_HUMAN	61	108	75
ZN148_HUMAN	137	104	94
ZN154_HUMAN	28	91	52
ZN155_HUMAN	9	89	41
ZN157_HUMAN	9	108	43
ZN160_HUMAN	11	91	41
ZN165_HUMAN	48	110	54
ZN167_HUMAN,ZKSC7_HUMAN	19	83	49
ZN169_HUMAN	53	110	64
ZN174_HUMAN	68	107	67
ZN175_HUMAN	13	112	46
ZN177_HUMAN	20	107	40
ZN180_HUMAN	19	102	50
ZN181_HUMAN	10	122	47
ZN182_HUMAN	4	115	39
ZN184_HUMAN	69	107	76
ZN185_HUMAN	67	103	75
ZN187_HUMAN,ZSC26_HUMAN	60	113	82
ZN189_HUMAN	51	106	56
ZN192_HUMAN,ZKSC8_HUMAN	135	116	96
ZN193_HUMAN,ZSC9_HUMAN	20	105	45
ZN195_HUMAN	59	100	57
ZN197_HUMAN	20	119	59
ZN200_HUMAN	12	85	50
ZN202_HUMAN	31	102	64
ZN205_HUMAN	21	96	53
ZN207_HUMAN	110	105	77
ZN208_HUMAN	2	99	44
ZN211_HUMAN	31	86	53
ZN212_HUMAN	48	103	54
ZN213_HUMAN	38	115	51
ZN214_HUMAN	15	105	49
ZN215_HUMAN	30	119	51
ZN217_HUMAN	93	99	87
ZN219_HUMAN	80	119	77
ZN221_HUMAN	10	99	34
ZN222_HUMAN	9	99	42
ZN223_HUMAN	37	89	40
ZN224_HUMAN	22	114	52
ZN225_HUMAN	7	112	35
ZN226_HUMAN	14	94	48
ZN227_HUMAN	21	110	42
ZN229_HUMAN	5	120	24
ZN230_HUMAN	10	98	44
ZN232_HUMAN	54	113	69
ZN233_HUMAN	3	126	53
ZN234_HUMAN	8	97	52
ZN235_HUMAN	12	100	42
ZN236_HUMAN	11	100	54
ZN238_HUMAN,ZBT18_HUMAN	264	101	167
ZN239_HUMAN	13	84	51
ZN248_HUMAN	26	92	45
ZN250_HUMAN	131	118	105
ZN251_HUMAN	22	117	57
ZN253_HUMAN	9	97	55
ZN254_HUMAN	11	102	37
ZN256_HUMAN	4	116	44
ZN257_HUMAN	5	93	40
ZN260_HUMAN	16	109	39
ZN263_HUMAN	147	104	109
ZN264_HUMAN	39	97	49
ZN266_HUMAN	14	94	50
ZN267_HUMAN	25	107	53
ZN268_HUMAN	11	109	45
ZN273_HUMAN	20	106	46
ZN274_HUMAN	24	94	56
ZN275_HUMAN	23	110	49
ZN276_HUMAN	46	104	49
ZN277_HUMAN	25	96	54
ZN281_HUMAN	192	101	128
ZN282_HUMAN	28	122	46
ZN283_HUMAN	17	95	51
ZN284_HUMAN	13	122	41
ZN285_HUMAN	3	102	33
ZN287_HUMAN	18	108	52
ZN292_HUMAN	64	107	74
ZN295_HUMAN,ZBT21_HUMAN	172	110	121
ZN296_HUMAN	29	97	55
ZN300_HUMAN	6	97	40
ZN302_HUMAN	27	114	59
ZN304_HUMAN	23	102	51
ZN311_HUMAN	9	94	34
ZN316_HUMAN	66	114	57
ZN317_HUMAN	64	111	50
ZN318_HUMAN	140	97	104
ZN319_HUMAN	24	113	44
ZN320_HUMAN	41	106	56
ZN321_HUMAN	8	90	36
ZN323_HUMAN,ZSC31_HUMAN	19	98	58
ZN326_HUMAN	235	113	146
ZN329_HUMAN	32	107	48
ZN330_HUMAN	437	106	295
ZN331_HUMAN	69	121	83
ZN333_HUMAN	28	113	43
ZN334_HUMAN	2	114	37
ZN335_HUMAN	42	92	56
ZN337_HUMAN	24	109	55
ZN33A_HUMAN	10	114	42
ZN33B_HUMAN	8	103	35
ZN341_HUMAN	23	94	41
ZN343_HUMAN	25	89	49
ZN345_HUMAN	7	84	52
ZN346_HUMAN	345	113	249
ZN350_HUMAN	22	103	44
ZN358_HUMAN	17	94	52
ZN362_HUMAN	41	104	59
ZN363_HUMAN	321	92	205
ZN365_HUMAN	14	97	40
ZN366_HUMAN	10	94	43
ZN367_HUMAN	2	108	41
ZN37A_HUMAN	3	111	57
ZN382_HUMAN	8	100	43
ZN383_HUMAN	19	89	44
ZN384_HUMAN	77	89	64
ZN391_HUMAN	7	110	51
ZN394_HUMAN	12	90	42
ZN395_HUMAN	20	111	34
ZN396_HUMAN	24	90	53
ZN397_HUMAN	70	103	66
ZN398_HUMAN	47	83	58
ZN404_HUMAN	1	90	38
ZN407_HUMAN	15	95	35
ZN408_HUMAN	142	102	89
ZN410_HUMAN	65	97	71
ZN414_HUMAN	120	81	92
ZN415_HUMAN	5	116	51
ZN416_HUMAN	19	92	38
ZN417_HUMAN	187	105	128
ZN418_HUMAN	22	91	51
ZN419_HUMAN	15	101	44
ZN420_HUMAN	32	105	52
ZN423_HUMAN	44	96	53
ZN425_HUMAN	1	113	37
ZN426_HUMAN	58	110	60
ZN428_HUMAN	33	107	48
ZN430_HUMAN	30	109	46
ZN431_HUMAN	23	87	49
ZN432_HUMAN	8	110	32
ZN433_HUMAN	9	106	45
ZN434_HUMAN,ZSC32_HUMAN	46	95	62
ZN436_HUMAN	20	116	53
ZN438_HUMAN	71	95	72
ZN439_HUMAN	27	89	60
ZN440_HUMAN	37	101	60
ZN441_HUMAN	11	107	49
ZN442_HUMAN	5	89	44
ZN443_HUMAN	3	101	39
ZN444_HUMAN	109	95	89
ZN445_HUMAN	64	113	51
ZN446_HUMAN	100	100	80
ZN449_HUMAN	9	96	53
ZN451_HUMAN	90	114	78
ZN454_HUMAN	4	114	43
ZN460_HUMAN	144	110	106
ZN461_HUMAN	7	108	47
ZN462_HUMAN	69	103	62
ZN467_HUMAN	176	86	129
ZN468_HUMAN	6	108	40
ZN469_HUMAN	12	92	45
ZN470_HUMAN	3	119	40
ZN471_HUMAN	12	124	47
ZN473_HUMAN	26	111	47
ZN474_HUMAN	42	100	52
ZN479_HUMAN	14	107	62
ZN480_HUMAN	19	107	38
ZN483_HUMAN	66	96	73
ZN484_HUMAN	16	103	54
ZN485_HUMAN	29	113	48
ZN486_HUMAN	1	103	45
ZN487_HUMAN	2	126	46
ZN488_HUMAN	21	108	50
ZN490_HUMAN	49	104	54
ZN491_HUMAN	21	109	50
ZN492_HUMAN	11	108	49
ZN493_HUMAN	5	101	46
ZN496_HUMAN	58	108	56
ZN497_HUMAN	42	83	48
ZN498_HUMAN,ZSC25_HUMAN	73	122	68
ZN500_HUMAN	9	97	53
ZN501_HUMAN	7	114	40
ZN502_HUMAN	3	127	38
ZN503_HUMAN	62	104	84
ZN506_HUMAN	3	93	38
ZN507_HUMAN	52	96	73
ZN510_HUMAN	23	81	53
ZN511_HUMAN	34	111	55
ZN512_HUMAN	252	119	156
ZN513_HUMAN	6	121	36
ZN514_HUMAN	22	101	43
ZN516_HUMAN	65	107	64
ZN517_HUMAN	27	94	49
ZN519_HUMAN	1	94	43
ZN521_HUMAN	40	123	46
ZN524_HUMAN	54	109	63
ZN525_HUMAN	3	108	34
ZN526_HUMAN	86	100	75
ZN527_HUMAN	4	117	41
ZN528_HUMAN	4	107	38
ZN529_HUMAN	6	107	60
ZN530_HUMAN	2	111	30
ZN532_HUMAN	28	110	52
ZN534_HUMAN	8	103	37
ZN536_HUMAN	66	86	72
ZN540_HUMAN	4	104	31
ZN541_HUMAN	7	106	41
ZN543_HUMAN	27	106	61
ZN544_HUMAN	16	104	45
ZN546_HUMAN	27	97	64
ZN547_HUMAN	15	116	33
ZN548_HUMAN	7	102	46
ZN549_HUMAN	10	104	36
ZN550_HUMAN	66	109	62
ZN551_HUMAN	2	99	47
ZN552_HUMAN	39	111	61
ZN554_HUMAN	11	105	54
ZN555_HUMAN	11	105	40
ZN556_HUMAN	14	105	46
ZN557_HUMAN	29	103	45
ZN558_HUMAN	25	98	51
ZN559_HUMAN	12	105	57
ZN561_HUMAN	20	112	41
ZN562_HUMAN	18	101	42
ZN563_HUMAN	11	123	47
ZN564_HUMAN	44	97	44
ZN565_HUMAN	10	90	28
ZN566_HUMAN	25	96	46
ZN567_HUMAN	16	111	44
ZN568_HUMAN	10	106	49
ZN569_HUMAN	10	105	50
ZN570_HUMAN	3	114	49
ZN571_HUMAN	8	108	48
ZN572_HUMAN	60	98	58
ZN573_HUMAN	6	123	45
ZN574_HUMAN	210	119	133
ZN575_HUMAN	25	101	67
ZN576_HUMAN	30	102	54
ZN577_HUMAN	27	111	42
ZN578_HUMAN	31	99	50
ZN579_HUMAN	70	122	62
ZN580_HUMAN	30	97	52
ZN581_HUMAN	106	86	92
ZN582_HUMAN	4	105	35
ZN583_HUMAN	3	95	39
ZN584_HUMAN	11	108	42
ZN586_HUMAN	5	91	42
ZN587_HUMAN	134	89	98
ZN589_HUMAN	11	96	44
ZN592_HUMAN	87	105	70
ZN593_HUMAN	68	94	57
ZN594_HUMAN	7	121	55
ZN595_HUMAN	4	105	30
ZN596_HUMAN	2	111	43
ZN597_HUMAN	26	98	63
ZN598_HUMAN	435	110	350
ZN599_HUMAN	9	108	43
ZN600_HUMAN	4	119	36
ZN605_HUMAN	2	105	34
ZN606_HUMAN	11	126	43
ZN607_HUMAN	11	100	49
ZN608_HUMAN	91	109	70
ZN609_HUMAN	152	109	116
ZN610_HUMAN	6	96	48
ZN611_HUMAN	17	113	51
ZN613_HUMAN	7	106	46
ZN614_HUMAN	27	103	50
ZN615_HUMAN	7	89	31
ZN616_HUMAN	14	111	39
ZN618_HUMAN	36	109	62
ZN619_HUMAN	2	79	44
ZN620_HUMAN	81	104	78
ZN621_HUMAN	8	127	36
ZN622_HUMAN	164	96	117
ZN623_HUMAN	11	126	39
ZN624_HUMAN	40	90	53
ZN625_HUMAN	13	108	52
ZN626_HUMAN	3	103	43
ZN627_HUMAN	37	98	75
ZN628_HUMAN	20	119	52
ZN629_HUMAN	130	90	88
ZN630_HUMAN	1	117	47
ZN638_HUMAN	271	114	159
ZN639_HUMAN	29	100	47
ZN641_HUMAN	22	109	59
ZN642_HUMAN,ZFP69_HUMAN	1	92	43
ZN643_HUMAN,ZF69B_HUMAN	13	110	38
ZN644_HUMAN	183	110	123
ZN645_HUMAN	18	90	31
ZN646_HUMAN	41	106	67
ZN648_HUMAN	63	86	67
ZN649_HUMAN	13	129	43
ZN652_HUMAN	13	98	40
ZN653_HUMAN	52	103	60
ZN654_HUMAN	2	118	38
ZN655_HUMAN	182	118	126
ZN658_HUMAN	8	108	49
ZN660_HUMAN	7	112	38
ZN662_HUMAN	9	105	42
ZN664_HUMAN	31	122	50
ZN665_HUMAN	3	108	37
ZN667_HUMAN	8	100	33
ZN668_HUMAN	225	110	153
ZN669_HUMAN	53	98	46
ZN670_HUMAN	25	103	49
ZN671_HUMAN	4	105	57
ZN672_HUMAN	9	92	49
ZN673_HUMAN,KRBX4_HUMAN	19	107	42
ZN674_HUMAN	8	120	39
ZN675_HUMAN	14	106	41
ZN676_HUMAN	1	98	50
ZN677_HUMAN	27	112	54
ZN678_HUMAN	3	116	44
ZN679_HUMAN	7	104	43
ZN680_HUMAN	5	109	36
ZN681_HUMAN	1	113	28
ZN682_HUMAN	3	92	38
ZN683_HUMAN	6	114	50
ZN684_HUMAN	11	104	44
ZN687_HUMAN	121	100	86
ZN688_HUMAN	114	119	93
ZN689_HUMAN	73	121	65
ZN691_HUMAN	28	113	45
ZN692_HUMAN	60	98	69
ZN695_HUMAN	32	101	43
ZN696_HUMAN	68	104	64
ZN697_HUMAN	16	102	45
ZN699_HUMAN	12	122	48
ZN701_HUMAN	7	97	40
ZN702_HUMAN	2	94	40
ZN703_HUMAN	105	103	83
ZN704_HUMAN	24	93	44
ZN706_HUMAN	9	105	47
ZN707_HUMAN	77	101	55
ZN708_HUMAN	20	93	46
ZN709_HUMAN	12	105	57
ZN710_HUMAN	4	115	45
ZN711_HUMAN	38	114	43
ZN713_HUMAN	4	108	42
ZN714_HUMAN	16	96	46
ZN716_HUMAN	3	118	39
ZN717_HUMAN	3	114	34
ZN718_HUMAN	15	103	39
ZN720_HUMAN	4	102	44
ZN721_HUMAN	9	110	42
ZN726_HUMAN	11	120	32
ZN727_HUMAN	3	88	42
ZN729_HUMAN	19	109	40
ZN730_HUMAN	4	86	41
ZN732_HUMAN	3	106	44
ZN735_HUMAN	1	112	46
ZN736_HUMAN	15	118	43
ZN737_HUMAN	3	107	30
ZN738_HUMAN	4	90	39
ZN740_HUMAN	28	112	49
ZN746_HUMAN	325	112	223
ZN747_HUMAN	41	98	52
ZN749_HUMAN	7	102	44
ZN750_HUMAN	27	108	56
ZN75A_HUMAN	7	100	50
ZN75D_HUMAN	6	92	47
ZN761_HUMAN	8	112	41
ZN763_HUMAN	9	105	34
ZN764_HUMAN	100	92	78
ZN765_HUMAN	42	113	61
ZN766_HUMAN	9	104	47
ZN767_HUMAN	15	101	57
ZN768_HUMAN	138	99	86
ZN770_HUMAN	96	101	71
ZN771_HUMAN	68	86	74
ZN772_HUMAN	20	106	34
ZN773_HUMAN	13	111	38
ZN774_HUMAN	81	106	84
ZN775_HUMAN	25	103	54
ZN776_HUMAN	17	97	37
ZN777_HUMAN	97	99	77
ZN778_HUMAN	10	107	48
ZN781_HUMAN	2	103	41
ZN782_HUMAN	38	106	47
ZN783_HUMAN	11	91	45
ZN784_HUMAN	34	118	59
ZN785_HUMAN	110	101	86
ZN786_HUMAN	20	111	46
ZN787_HUMAN	42	109	59
ZN788_HUMAN	1	115	42
ZN789_HUMAN	4	92	33
ZN790_HUMAN	4	106	41
ZN791_HUMAN	22	103	41
ZN792_HUMAN	57	112	61
ZN793_HUMAN	22	90	68
ZN799_HUMAN	5	107	37
ZN800_HUMAN	47	107	56
ZN805_HUMAN	7	85	26
ZN806_HUMAN	2	106	38
ZN808_HUMAN	14	102	48
ZN813_HUMAN	15	96	45
ZN816_HUMAN	14	115	45
ZN821_HUMAN	15	94	58
ZN823_HUMAN	6	100	55
ZN826_HUMAN	2	101	44
ZN827_HUMAN	32	111	55
ZN829_HUMAN	21	94	52
ZN830_HUMAN	60	93	65
ZN831_HUMAN	8	107	37
ZN835_HUMAN	69	130	68
ZN836_HUMAN	5	117	34
ZN837_HUMAN	79	130	75
ZN839_HUMAN	8	102	37
ZN840_HUMAN	1	112	43
ZN841_HUMAN	4	116	30
ZN843_HUMAN	16	118	42
ZN844_HUMAN	13	108	45
ZN845_HUMAN	30	78	39
ZN846_HUMAN	16	99	54
ZN850_HUMAN	4	113	50
ZN860_HUMAN	4	108	36
ZN862_HUMAN	6	115	46
ZN865_HUMAN	51	105	65
ZN878_HUMAN	2	105	38
ZN879_HUMAN	1	109	43
ZN883_HUMAN	1	91	44
ZNF10_HUMAN	12	125	47
ZNF12_HUMAN	20	106	45
ZNF14_HUMAN	7	110	47
ZNF16_HUMAN	65	91	54
ZNF17_HUMAN	36	92	62
ZNF18_HUMAN	15	114	45
ZNF19_HUMAN	24	84	52
ZNF20_HUMAN	56	104	69
ZNF22_HUMAN	114	100	90
ZNF23_HUMAN	27	114	60
ZNF24_HUMAN	174	81	129
ZNF25_HUMAN	6	114	40
ZNF26_HUMAN	13	102	47
ZNF28_HUMAN	10	93	38
ZNF2_HUMAN	91	121	80
ZNF30_HUMAN	7	111	37
ZNF32_HUMAN	16	104	55
ZNF34_HUMAN	51	111	46
ZNF35_HUMAN	42	103	52
ZNF3_HUMAN	52	92	60
ZNF41_HUMAN	9	104	49
ZNF43_HUMAN	3	114	50
ZNF44_HUMAN	18	99	57
ZNF45_HUMAN	23	100	47
ZNF48_HUMAN	147	104	97
ZNF57_HUMAN	21	102	49
ZNF66_HUMAN	7	104	49
ZNF69_HUMAN	17	81	48
ZNF70_HUMAN	33	107	51
ZNF71_HUMAN	78	106	66
ZNF74_HUMAN	55	106	63
ZNF76_HUMAN	102	109	76
ZNF77_HUMAN	21	103	55
ZNF79_HUMAN	31	98	54
ZNF7_HUMAN	29	98	50
ZNF80_HUMAN	11	104	55
ZNF81_HUMAN	5	104	31
ZNF83_HUMAN	13	116	52
ZNF84_HUMAN	11	96	56
ZNF85_HUMAN	7	108	38
ZNF8_HUMAN	66	97	64
ZNF90_HUMAN	7	99	43
ZNF91_HUMAN	18	116	52
ZNF92_HUMAN	56	107	60
ZNF93_HUMAN	11	106	44
ZNF98_HUMAN	1	94	37
ZNF99_HUMAN	5	106	43
ZNFX1_HUMAN	70	88	69
ZNHI1_HUMAN	56	101	44
ZNHI2_HUMAN	93	109	87
ZNHI3_HUMAN	50	90	49
ZNRF1_HUMAN	32	94	51
ZNRF2_HUMAN	45	101	62
ZNRF3_HUMAN	36	114	49
ZNRF4_HUMAN	110	101	88
ZNT10_HUMAN	181	83	121
ZNT1_HUMAN	211	109	163
ZNT2_HUMAN	170	125	128
ZNT3_HUMAN	78	105	67
ZNT4_HUMAN	266	108	201
ZNT5_HUMAN	302	117	198
ZNT6_HUMAN	186	110	131
ZNT7_HUMAN	410	92	317
ZNT8_HUMAN	213	94	141
ZNT9_HUMAN	170	101	137
ZO1_HUMAN	330	114	219
ZO2_HUMAN	308	98	189
ZO3_HUMAN	17	102	35
ZP1_HUMAN	3	100	58
ZP2_HUMAN	19	100	28
ZP3_HUMAN	26	114	56
ZP4_HUMAN	12	108	42
ZPBP1_HUMAN	3	112	45
ZPBP2_HUMAN	20	100	53
ZPI_HUMAN	23	110	38
ZPLD1_HUMAN	11	99	51
ZPR1_HUMAN	85	102	87
ZRAB2_HUMAN	202	93	137
ZRAB3_HUMAN	35	107	53
ZRAN1_HUMAN	4130	76	4447
ZSA5A_HUMAN	56	111	53
ZSA5B_HUMAN	5	108	37
ZSC10_HUMAN	4	94	35
ZSC12_HUMAN	62	103	70
ZSC16_HUMAN	12	106	51
ZSC18_HUMAN	56	105	61
ZSC20_HUMAN	65	123	69
ZSC21_HUMAN	103	100	79
ZSC22_HUMAN	33	88	54
ZSC23_HUMAN	38	107	51
ZSC29_HUMAN	26	113	56
ZSC30_HUMAN	14	94	36
ZSCA1_HUMAN	54	103	58
ZSCA2_HUMAN	8	100	46
ZSCA4_HUMAN	15	128	45
ZSWM1_HUMAN	4	97	44
ZSWM2_HUMAN	9	121	39
ZSWM3_HUMAN	4	84	36
ZSWM4_HUMAN	3	96	37
ZSWM5_HUMAN	5	106	40
ZSWM6_HUMAN	11	119	40
ZSWM7_HUMAN	16	106	55
ZUFSP_HUMAN	171	119	117
ZW10_HUMAN	158	96	108
ZWILC_HUMAN	37	94	53
ZWINT_HUMAN	141	108	90
ZXDA_HUMAN	15	85	42
ZXDB_HUMAN	20	116	54
ZXDC_HUMAN	35	92	77
ZY11A_HUMAN	21	119	55
ZY11B_HUMAN	106	106	85
ZYX_HUMAN	346	113	246
ZZEF1_HUMAN	147	100	115
ZZZ3_HUMAN	6	108	48
