protein	degree	n_neg_random	n_neg_ddb
1	33	107	50
10	23	106	50
100	36	79	55
1000	113	76	98
10000	69	95	59
100008588	3	79	40
100008589	3	82	38
100009675	1	84	31
10001	95	92	68
10002	19	92	42
10003	11	96	38
100033411	17	79	50
100033413	2	92	24
100033416	1	90	27
100033417	1	78	23
100033418	1	77	35
100033420	1	92	45
100033430	1	88	38
100033432	1	66	30
100033433	1	83	37
100033435	1	85	30
100033821	1	95	37
100034743	1	73	20
100037417	17	93	36
10004	3	86	39
100048912	4	82	35
10005	54	92	59
10006	202	101	143
10007	58	102	45
10008	294	81	207
10009	126	85	86
100093630	2	94	34
1001	20	70	42
10010	209	85	131
100101267	98	110	83
100101467	14	78	41
100101490	1	95	36
100101629	8	86	44
10011	70	72	60
100113381	1	84	33
100113393	1	77	38
100124516	1	96	31
100124533	1	99	27
100124541	1	90	33
100124700	10	99	40
100125556	2	108	29
100126270	1	84	29
100126299	1	80	18
100126314	1	98	39
100126346	1	90	24
100126595	1	97	25
100126693	1	76	28
100127889	2	95	38
100127983	1	89	25
100128025	1	93	32
100128071	1	93	36
100128140	1	102	31
100128236	1	100	29
100128252	4	77	32
100128274	3	73	31
100128327	12	89	35
100128338	1	80	36
100128378	1	79	34
100128400	1	73	26
100128429	1	117	29
100128503	1	75	38
100128525	39	96	53
100128553	2	94	35
100128554	7	86	30
100128569	2	76	27
100128588	2	93	40
100128688	1	90	33
100128731	107	94	77
100128881	1	82	33
100128927	66	98	52
100129118	2	95	41
100129195	1	89	28
100129196	1	90	32
100129239	1	104	30
100129271	53	68	59
100129278	5	81	42
100129387	2	79	33
100129405	1	74	28
100129480	1	88	38
100129482	1	76	29
100129492	1	89	33
100129543	2	88	36
100129583	3	96	33
100129654	4	80	32
100129669	1	100	33
100129696	1	81	26
100129777	1	70	39
100129792	5	106	34
100129794	20	83	35
100129842	2	83	30
100129845	1	89	29
100129858	1	75	37
100129917	1	89	34
100129924	1	97	30
100129969	1	80	38
100129982	1	89	34
10013	915	64	1044
100130075	1	88	32
100130086	9	75	34
100130097	1	91	27
100130238	1	78	28
100130302	2	111	35
100130348	14	61	34
100130417	2	99	28
100130418	1	80	30
100130449	1	96	36
100130557	2	77	30
100130561	3	86	28
100130562	1	94	27
100130581	1	97	26
100130613	4	93	38
100130691	1	91	28
100130717	1	86	32
100130733	3	79	38
100130742	1	82	30
100130827	13	77	48
100130863	1	97	38
100130889	1	78	43
100130892	10	96	43
100130932	30	74	39
100130958	36	96	54
100130967	1	86	38
100130988	3	93	34
100131017	46	96	47
100131067	1	75	36
100131196	1	102	39
100131211	3	99	32
100131234	1	81	38
100131294	1	93	42
100131303	9	95	39
100131390	3	69	39
100131439	2	67	33
100131551	1	111	25
100131561	1	78	30
100131608	1	92	43
100131689	1	92	35
100131713	3	98	36
100131755	14	99	38
100131816	3	89	34
100131827	2	89	31
100131863	2	89	29
100131897	1	82	40
100131971	6	73	41
100131980	2	90	30
100131997	12	87	37
100132015	1	86	38
100132053	1	81	33
100132057	1	93	29
100132074	17	82	43
100132103	1	88	32
100132116	1	88	26
100132163	1	103	31
100132247	3	75	34
100132285	36	76	47
100132288	4	67	43
100132403	2	102	37
100132406	3	92	39
100132417	1	94	22
100132476	14	81	45
100132565	20	94	27
100132594	1	69	31
100132735	88	85	69
100132774	1	87	24
100132795	1	84	39
100132803	1	93	38
100132832	1	95	29
100132979	5	80	30
100132992	1	89	27
100133053	1	104	32
100133091	3	71	35
100133093	18	75	41
100133161	1	87	28
100133205	15	83	49
100133251	1	94	31
100133311	1	98	29
100133315	1	91	41
100133669	2	86	31
100133941	5	86	34
100133991	1	88	29
100134444	3	81	34
100134869	1	73	33
100134934	5	100	28
100134938	37	95	51
100137047	20	74	50
100137049	8	79	40
10014	358	75	241
100141515	1	99	41
100142659	6	69	36
100144435	1	71	36
100144748	1	92	24
100144878	3	90	39
100147744	1	83	39
10015	227	96	138
100151683	12	84	33
100151684	13	79	41
10016	194	94	107
100169751	1	92	29
100169753	1	75	30
100169754	1	87	31
100169755	1	87	28
100169756	1	95	35
100169757	1	85	32
100169758	2	97	32
100169759	1	65	27
100169760	1	102	32
100169761	1	80	25
100169762	1	84	21
100169763	1	95	45
100169764	1	89	42
100169766	1	92	35
100169767	1	94	33
100169768	1	84	37
10017	18	83	37
100170217	2	94	33
100170229	2	92	46
100170765	2	91	31
100170841	28	90	51
10018	68	90	74
100187907	1	93	33
100188776	1	90	45
100188893	40	87	57
100188953	1	93	27
100189137	1	86	29
10019	19	95	55
100190986	1	104	42
100191040	1	75	33
1002	11	74	34
10020	99	95	73
10021	4	89	29
10022	56	94	50
10023	17	72	42
100233209	1	95	32
10024	54	94	40
10025	104	85	97
10026	76	91	64
100271066	2	94	35
100271357	1	82	41
100271715	4	70	40
100271836	2	89	37
100271849	8	87	53
100271873	1	77	41
100271927	4	79	35
100272147	5	93	28
100272216	1	108	31
100272228	1	75	29
100287015	1	90	36
100287042	3	106	28
100287045	1	79	26
100287082	1	89	39
100287171	86	79	68
100287205	1	102	27
100287226	1	75	37
100287284	1	88	32
100287314	7	79	39
100287327	1	99	33
100287362	1	78	35
100287364	2	89	38
100287399	5	85	45
100287482	1	92	32
100287513	1	79	34
100287559	1	70	33
100287569	1	99	32
100287616	1	91	35
100287765	1	92	22
100287898	2	95	32
100287922	1	82	44
100287932	71	88	49
100288069	1	77	33
100288072	3	81	32
100288142	2	86	28
100288413	10	82	44
100288540	1	87	34
100288615	1	88	29
100288637	1	96	28
100288687	212	87	165
100288695	11	90	45
100288711	42	90	40
100288778	10	83	43
100288797	68	85	78
100288805	1	80	32
100289087	3	89	35
100289178	1	79	25
100289187	1	83	22
100289211	38	82	36
100289274	1	87	27
100289290	1	87	34
100289511	1	69	43
100289574	1	91	35
100289635	2	84	35
100289678	10	95	43
100293516	7	104	41
100293534	1	101	28
100294362	1	78	28
1003	96	83	62
100302090	21	100	45
100302123	1	86	23
100302138	2	89	32
100302143	1	107	28
100302168	1	83	33
100302213	1	82	34
100302242	1	90	25
100302246	1	76	31
100302256	1	70	24
100302258	1	79	27
100302650	1	83	30
100302652	1	86	35
100302692	3	91	38
100302736	10	85	30
100303453	1	97	28
100303728	2	81	35
100307126	2	92	38
100310785	3	81	33
100310812	4	84	51
100313824	1	84	32
100316868	2	94	32
100316904	28	108	37
100359396	1	89	34
10036	189	70	119
100379666	1	75	29
10038	113	80	78
100380873	2	91	30
100381270	6	87	42
10039	16	75	41
1004	2	85	36
10040	79	79	58
100418781	1	114	24
100418811	1	92	30
100418861	1	80	34
100418910	1	70	37
100419743	1	86	29
100419906	2	91	33
10042	112	70	63
100420300	1	104	32
100421113	1	85	29
100421816	1	87	30
100421865	1	81	36
100422854	1	100	44
100423008	1	87	29
100423062	127	84	79
10043	99	95	71
10044	166	83	107
10045	72	80	59
10046	6	82	37
100462977	10	90	38
100463486	2	76	41
10047	44	99	49
10048	427	79	324
10049	368	91	246
100499177	1	79	30
100499227	16	86	49
100499467	2	88	30
100499483	30	78	53
1005	3	87	30
10050	1	82	32
100500804	1	94	37
100500812	1	97	26
100500815	1	84	35
100500842	4	97	38
100500862	1	100	36
100500938	3	71	46
100505385	1	96	31
100505478	3	108	29
100505498	1	92	29
100505540	1	88	25
100505573	1	66	31
100505616	1	73	28
100505624	1	92	24
100505636	1	88	23
100505641	1	58	28
100505666	1	87	29
100505696	1	95	27
100505705	1	106	30
100505715	1	94	29
100505724	1	79	34
100505741	30	95	47
100505746	1	79	35
100505753	1	85	46
100505776	1	86	37
100505817	10	84	34
100505852	1	83	34
100505876	3	96	31
100505879	1	86	22
100505929	1	100	25
100505994	16	81	38
100506012	4	91	42
100506020	1	74	41
100506055	1	97	29
100506085	1	94	39
100506127	2	75	38
100506144	16	78	49
100506164	20	105	39
100506175	1	97	34
100506190	2	94	39
100506311	3	75	46
100506334	1	96	37
100506421	1	99	38
100506422	2	99	41
100506436	3	66	23
100506465	3	100	32
100506495	1	104	28
100506548	1	104	34
100506562	1	76	39
100506564	1	94	37
100506627	11	75	53
100506637	1	99	28
100506649	1	107	38
100506658	489	92	401
100506688	1	90	31
100506696	1	100	39
100506736	3	96	37
100506742	16	93	24
100506753	18	118	31
100506757	1	94	23
100506797	1	90	36
100506810	1	90	35
100506866	1	94	36
100506888	2	83	25
100506898	2	75	37
100506906	1	92	25
100506990	1	93	27
100507003	1	66	33
100507032	1	78	27
100507056	65	85	74
100507062	1	76	35
100507098	1	89	36
100507118	1	86	30
100507178	1	89	22
100507203	1	84	31
100507290	48	83	54
100507303	1	86	31
100507321	4	78	29
100507373	1	75	43
100507398	1	85	26
100507419	1	109	27
100507421	3	74	34
100507423	1	87	30
100507436	92	92	75
100507459	1	87	30
100507462	5	91	31
100507495	1	81	34
100507533	2	74	23
100507537	47	90	53
100507547	1	83	31
100507577	1	78	37
100507584	2	89	24
100507602	2	87	31
100507617	1	70	24
100507642	1	91	40
100507679	1	92	26
100507703	18	89	36
100507739	5	77	39
100507855	1	87	33
100508120	1	82	27
100508781	1	97	28
100509457	4	115	41
10051	271	75	168
10052	38	87	50
100526693	34	107	49
100526737	96	88	75
100526739	4	73	35
100526740	74	83	68
100526760	4	89	28
100526767	2	101	27
100526783	2	91	44
100526832	1	76	31
100526835	1	94	29
100526836	6	81	41
100526837	4	98	36
100526842	9	75	40
100527943	3	90	32
100527960	1	84	34
100527963	15	88	41
100528007	1	83	38
100528016	1	89	37
100528018	1	77	44
100528019	20	103	26
100528030	2	88	34
100528062	2	83	25
100528064	51	86	51
100529063	9	76	37
100529067	1	90	23
100529097	7	93	34
100529141	1	78	24
100529144	15	92	42
100529209	3	85	41
100529215	17	87	38
100529239	10	88	34
100529241	10	96	37
100529257	4	104	28
100529261	6	97	45
100529264	2	94	42
10053	57	72	50
100532726	2	91	42
100532731	29	79	30
100532735	5	88	45
100532736	13	79	40
100532737	9	90	40
100532746	2	92	31
100533106	25	85	39
100533107	2	107	28
100533178	1	82	38
100533181	34	92	41
100533183	1	97	33
100533467	10	86	38
100533496	1	107	39
100533952	1	72	31
100533955	4	82	32
100533970	1	102	31
100533975	1	87	29
100534012	1	88	32
100534589	2	78	21
100534593	3	86	44
100534595	7	96	37
100534599	35	90	41
10054	163	96	94
10055	132	96	63
10056	158	79	109
10057	48	80	50
10058	70	100	60
10059	321	95	204
1006	21	93	41
10060	4	91	40
10061	191	69	97
100616101	1	95	35
100616103	2	88	33
100616191	1	77	37
100616202	1	73	31
100616368	1	94	33
100616385	1	74	30
100616436	1	83	31
10062	51	83	64
10063	64	97	52
100630923	1	91	34
100631383	2	88	23
100652730	1	99	30
100652748	23	89	46
100652772	1	76	30
100652824	5	88	35
100652909	1	102	44
100653515	4	86	33
10066	128	83	89
10067	188	89	119
10068	1	91	41
10069	32	82	64
1007	5	94	32
10071	4	97	33
10072	40	95	62
10073	39	81	58
10075	1060	81	1332
100750225	14	84	44
100750247	3	108	36
10076	107	97	84
10078	107	82	77
10079	76	80	48
1008	6	84	38
10081	47	69	54
10082	33	90	47
100820829	1	76	35
10083	28	87	51
10084	96	102	69
100846978	1	75	26
100847046	1	82	40
100847079	1	85	29
10085	33	91	35
100852407	1	102	41
10086	2	95	36
100861402	1	64	32
100861412	5	108	37
100861437	6	93	38
100862678	1	85	37
100862685	2	74	45
100862847	1	92	31
10087	53	78	56
100873291	1	89	24
100873308	1	97	36
100873334	1	108	25
100873374	1	74	22
100873385	1	95	29
100873387	1	85	42
100873412	1	89	27
100873427	1	89	33
100873453	1	96	21
100873463	1	94	27
100873513	1	77	33
100873557	1	79	30
100873612	1	94	24
100873618	1	84	34
100873697	1	85	29
100873815	1	97	29
100873832	1	80	26
100873861	1	106	32
100874042	1	76	28
100874054	2	82	37
100874088	1	76	36
100874112	1	81	36
100874261	1	99	28
100874303	1	94	34
100874315	1	98	28
100874323	1	89	23
100874365	1	72	27
100874392	1	107	34
100885848	2	84	41
100885850	22	97	38
100887067	1	84	38
10089	4	93	34
1009	12	86	46
10090	38	89	46
10092	102	95	66
10093	153	91	112
10094	172	79	95
10095	209	107	138
10096	293	76	187
10097	306	92	195
10098	79	92	73
10099	99	84	75
100996279	2	72	36
100996437	1	95	30
100996648	3	88	21
100996747	1	95	31
100996928	17	74	40
100996939	7	100	40
101	4	83	37
1010	14	80	33
10100	68	82	76
10101	166	107	111
10102	368	93	278
10103	17	98	47
10105	147	98	94
101059918	7	84	32
10106	61	97	66
101060022	2	70	37
101060200	3	59	41
101060226	232	86	157
101060264	3	87	39
101060301	5	96	56
101060321	8	92	46
101060351	2	81	30
101060521	9	90	36
101060621	1	83	40
101060684	5	102	39
101060691	1	84	36
10107	46	87	59
10109	176	79	103
10110	30	78	47
10111	366	78	239
10112	1053	93	1270
10113	162	94	128
10114	36	101	39
10116	85	94	57
10117	3	101	35
1012	42	91	56
10120	109	107	71
10121	261	97	163
10123	134	91	100
10124	16	86	40
101241878	1	93	27
10125	9	92	41
10126	37	84	56
10127	144	92	102
10128	821	79	894
10129	12	96	43
101290500	1	79	26
1013	13	91	38
10130	311	74	203
10131	452	72	322
10133	420	76	319
10134	548	106	473
10135	119	71	79
10136	33	83	46
10137	112	74	72
10138	200	96	137
10139	25	79	42
1014	26	82	45
10140	40	84	44
10141	24	88	39
101410536	1	93	31
10142	203	83	138
10143	51	80	60
10144	29	77	43
10146	823	84	912
10147	206	82	123
10148	14	98	43
10149	11	89	48
1015	6	87	35
10150	28	96	55
10151	2	70	34
10152	282	75	187
10153	244	77	169
10154	13	79	40
10155	1455	76	1843
10156	5	82	28
10157	72	102	48
10158	77	95	66
10159	305	70	219
1016	4	80	44
10160	132	87	112
10161	66	75	73
10162	74	76	69
10163	133	77	68
10164	5	80	31
10165	251	96	164
10166	64	85	45
10168	20	87	40
10169	85	110	81
1017	761	88	855
10170	21	91	49
10171	108	87	70
10172	3	76	35
101730217	1	102	21
101735302	1	82	27
10174	181	93	137
10175	33	77	65
10178	22	105	39
10179	122	95	91
1018	104	86	77
10180	124	78	91
101805492	1	85	37
10181	134	93	78
10184	22	83	41
10186	6	82	32
10188	117	95	92
10189	391	86	253
1019	265	93	181
10190	122	90	79
101926888	1	91	27
101926895	1	85	33
101926987	1	83	32
101927057	1	89	37
101927314	1	82	33
101927359	1	87	32
101927501	1	87	36
101927581	1	71	28
101927588	1	87	30
101927777	1	89	35
101927957	1	91	38
101928094	1	109	31
101928108	1	79	31
101928122	1	92	25
101928154	1	108	41
101928243	6	79	39
101928279	1	95	30
101928405	1	96	36
101928464	1	91	30
101928492	1	69	26
101928509	1	96	29
101928555	1	86	29
101928601	36	97	57
101928687	2	91	25
101928728	1	77	25
101928841	1	90	30
101928877	1	85	30
101929110	1	90	21
101929145	1	76	31
101929222	1	80	28
101929344	2	86	36
101929639	1	87	45
101929664	1	94	34
101929701	1	107	34
101929709	1	100	33
101929745	1	74	32
101929780	1	73	29
101929876	66	81	53
101929977	1	107	28
10193	146	75	96
101930047	1	101	38
101930123	1	82	36
101930400	7	90	41
10194	17	95	30
10195	40	74	54
101954266	1	98	28
101954269	1	89	31
101954273	1	92	38
101954276	1	83	28
101954277	1	93	29
101954278	1	101	17
10196	123	85	82
10197	387	84	257
10198	95	77	64
10199	171	87	115
102	88	80	62
1020	196	84	116
10200	68	87	71
10201	16	79	35
10202	93	86	74
10203	4	85	37
10204	98	76	74
10205	17	73	38
10206	146	86	99
10207	81	80	68
10208	34	82	41
10209	32	70	55
1021	206	74	152
10210	90	85	76
10211	466	89	361
10212	1112	75	1523
10213	512	89	370
10214	35	85	54
10215	18	83	41
102157401	3	79	25
102157402	22	94	30
10216	9	72	36
10217	89	108	77
10218	23	84	51
10219	7	99	32
1022	492	74	402
10220	45	69	56
10221	40	67	56
102216342	1	85	22
10223	15	74	32
10224	3	103	26
10225	15	87	35
10226	135	82	97
10227	17	96	45
10228	440	73	358
102288414	42	98	50
10229	23	81	44
10230	4	80	40
10231	23	91	33
10232	46	88	54
10233	12	83	42
10234	20	80	43
10235	10	95	29
10236	533	93	447
10237	24	81	43
10238	320	84	208
10239	26	92	39
1024	214	82	124
10240	303	79	213
10241	484	83	386
10242	10	89	52
10243	72	106	60
10244	28	88	45
10245	42	93	52
10246	55	99	64
102464835	1	88	30
102465464	1	90	27
102466854	1	81	33
10247	37	92	39
10248	65	96	53
10249	10	75	34
1025	661	87	635
10250	339	81	243
10251	28	73	39
10252	107	71	74
10253	146	97	83
10254	143	86	93
10256	42	111	37
10257	55	95	53
1026	347	92	278
10260	89	75	63
10261	8	95	30
10262	315	62	194
10263	47	101	61
10265	4	91	30
102659353	2	79	27
10266	75	81	65
10267	32	89	38
10268	172	82	129
10269	148	91	94
1027	129	84	95
10270	183	101	110
10272	4	90	26
102723099	6	80	27
102723170	5	70	50
102723508	1	98	35
102723553	3	94	32
102723555	2	89	36
102723631	7	85	25
102723680	1	90	35
102723729	1	89	29
102723737	1	87	24
102724023	12	85	48
102724159	8	92	29
102724307	1	79	32
102724334	147	90	125
102724428	6	91	41
102724473	1	77	31
102724488	5	93	38
102724539	1	76	33
102724560	12	68	37
102724594	40	78	45
102724631	34	86	52
102724652	6	85	37
102724776	1	92	37
102724820	1	94	35
102724827	1	95	33
102725509	8	89	33
10273	592	93	515
10274	99	92	82
10276	32	90	48
10277	128	85	94
10278	35	76	60
10279	43	90	50
1028	35	95	39
10280	111	93	91
102800317	5	103	45
10281	10	84	37
10282	385	86	310
10283	66	80	59
10284	481	75	358
10285	107	88	67
10286	254	77	154
10287	28	83	45
10288	7	87	28
10289	54	84	49
1029	321	92	219
10290	19	79	43
10291	455	78	342
10293	73	74	57
10294	532	75	442
10295	136	95	80
10296	145	85	99
10297	15	89	50
10298	162	87	90
10299	49	91	59
103	285	83	194
1030	71	76	67
10300	58	88	71
10301	19	88	43
10302	45	88	54
10307	25	92	38
10308	12	101	40
10309	29	82	38
1031	90	111	64
10311	75	86	68
10312	69	87	64
10313	164	111	120
10314	116	85	68
10316	1	93	30
10317	25	87	42
10318	1214	89	1552
10319	40	80	44
1032	79	83	56
10320	284	102	191
10321	9	108	34
10322	32	74	42
10324	20	83	52
10325	52	94	52
10326	11	94	40
10327	60	100	60
10328	189	91	128
10329	19	88	40
1033	51	77	58
10330	51	89	52
10331	83	78	78
10332	15	108	42
10333	6	92	35
103344929	74	64	66
10335	13	84	43
10336	92	98	55
10342	254	81	168
10343	8	81	28
10344	34	92	41
10345	75	91	73
10346	28	92	34
10347	20	92	47
10349	8	89	41
10350	8	83	33
103504728	1	79	37
103504731	1	82	25
10351	9	87	35
10352	29	90	62
10357	37	82	37
1036	14	82	35
10360	261	71	173
10361	12	89	40
10362	120	80	83
10363	236	93	145
10365	13	102	51
10367	77	82	59
10368	9	84	36
10369	26	97	47
10370	16	101	37
10371	9	96	36
10376	464	95	362
10379	38	93	43
1038	9	85	39
10380	92	81	79
10381	440	82	348
10382	223	78	136
10383	547	93	493
10384	25	90	47
10385	89	102	77
10388	5	72	31
10389	77	82	57
1039	135	86	109
10390	66	83	61
10391	21	89	43
103910	123	79	91
10392	29	97	50
10393	66	102	47
10394	48	82	46
10395	58	109	59
10396	13	85	43
10397	216	91	136
10398	62	81	78
10399	660	87	614
104	489	88	413
1040	55	101	44
10400	39	81	48
10401	77	84	70
10402	24	82	41
10403	304	82	173
10404	20	89	27
10406	24	88	47
10407	2	94	27
10409	297	80	188
1041	122	83	98
10410	511	76	439
10411	20	76	61
10412	222	97	131
10413	1083	74	1333
10417	9	98	34
10418	23	84	30
10419	440	91	338
10420	95	95	68
10421	233	100	145
10422	114	90	76
10423	161	81	96
10424	272	76	166
10425	293	78	203
10426	216	88	134
104266957	1	104	28
10427	202	97	122
10428	77	87	52
1043	6	99	27
10430	83	83	61
10432	533	77	381
104326058	1	80	31
10434	65	86	61
10435	16	87	40
104355133	1	91	25
104355295	1	79	36
10436	92	83	67
10437	73	100	64
10438	53	94	65
10439	18	92	40
1044	74	86	70
10440	19	96	56
10443	75	84	59
10444	73	88	69
10445	228	81	156
10446	24	95	44
10447	116	70	86
10449	167	93	103
1045	28	95	46
10450	264	93	146
10451	48	85	45
10452	305	92	214
10454	246	73	165
10455	102	71	74
10456	393	95	293
10457	17	86	28
10458	185	82	143
10459	320	69	225
1046	9	99	39
10460	146	91	98
10461	116	101	77
10462	31	75	59
10463	149	93	93
10464	199	90	123
10465	118	92	81
10466	62	91	60
10467	53	79	47
10468	26	98	46
10469	241	70	175
1047	235	79	160
10471	161	69	110
10472	51	82	47
10473	100	87	81
10474	137	98	92
10475	46	90	54
10476	236	84	148
10477	125	73	101
10478	68	83	61
10479	45	96	49
1048	10	75	30
10480	178	91	136
10481	20	100	42
10482	1335	86	1623
10483	180	85	130
10484	239	96	149
10485	4	86	37
10486	62	101	56
10487	193	75	141
10488	235	96	159
10489	81	70	54
10490	182	67	125
10491	107	93	89
10492	686	78	628
10493	121	103	86
10494	100	90	78
10495	31	103	48
10497	48	86	56
10498	263	93	176
10499	120	86	90
105	16	82	28
1050	1171	93	1522
10500	4	92	38
10501	41	86	60
10505	33	95	42
10507	28	89	43
10509	37	82	52
1051	1420	102	1568
10512	50	84	57
10513	189	84	139
10514	428	100	313
10516	156	91	105
10517	135	88	105
10518	79	90	60
10519	64	77	65
1052	53	83	50
10520	20	97	38
10521	404	80	307
10522	42	81	44
10523	261	80	181
10524	319	58	221
10525	300	108	194
10526	190	83	114
10527	298	85	195
10528	562	70	509
10529	72	83	56
1053	49	60	57
10531	142	90	104
10533	189	109	116
10534	286	102	211
10535	75	99	57
10536	84	82	69
10537	49	93	62
10538	21	94	51
10539	189	88	128
1054	58	75	42
10540	318	79	252
10541	154	93	106
10542	146	75	118
10544	37	89	45
10548	48	90	59
10549	204	91	113
10550	189	102	115
10551	934	86	1048
10552	99	85	70
10553	58	86	56
10554	258	94	174
10555	66	79	54
10556	107	85	98
10557	88	80	67
10558	151	89	105
10559	41	73	58
1056	2	94	34
10560	68	101	63
10561	4	104	30
10562	74	89	67
10563	8	91	44
10564	125	97	74
10565	144	82	95
10566	8	78	38
10567	123	84	98
10568	47	92	61
10569	143	88	88
10570	61	90	63
10572	49	70	51
10573	243	88	166
10574	564	83	499
10575	504	87	433
10576	648	80	602
10577	49	88	47
10578	39	71	55
10579	72	86	73
1058	364	98	263
10580	82	100	70
10581	6	85	28
10584	20	93	41
10585	54	86	54
10586	141	102	90
10587	55	68	60
10588	13	94	39
10589	66	95	69
1059	120	81	85
10590	73	91	75
10591	15	98	40
10592	308	95	216
10594	756	84	842
10595	23	77	38
10597	34	93	54
10598	283	68	190
10599	14	87	41
1060	97	92	82
10600	77	82	61
10602	19	83	28
10603	41	92	47
10605	145	72	106
10606	330	86	217
10607	173	100	99
10608	10	85	36
10609	67	110	62
10610	2	101	38
10611	196	74	117
10612	70	77	38
10613	149	92	107
10614	909	74	1043
10615	177	92	123
10616	557	71	498
10617	96	95	84
10618	1580	77	2499
1062	78	102	65
10620	111	69	84
10621	61	94	40
10622	33	84	52
10623	107	78	82
10625	150	84	109
10626	58	80	49
10627	195	77	142
10628	209	91	136
10629	112	88	75
1063	112	84	77
10630	16	77	30
10631	6	93	41
10632	142	89	107
10633	6	81	35
10634	42	72	44
10635	33	87	45
10636	23	84	41
10637	3	80	29
10640	127	78	66
10641	89	98	74
10642	475	91	368
10643	562	90	495
10644	358	70	242
10645	66	99	59
10647	19	102	49
10648	131	78	108
10650	9	80	47
10651	153	89	99
10652	231	75	133
10653	134	88	90
10654	94	96	57
10655	3	83	25
10656	91	75	74
10657	363	67	248
10658	282	81	202
10659	47	106	51
1066	15	100	34
10660	24	83	51
10661	35	96	35
10664	420	68	336
10665	3	73	36
10666	52	97	66
10667	135	83	107
10668	101	86	84
10669	30	89	65
10670	60	69	72
10671	62	98	74
10672	126	84	79
10673	118	88	94
10675	32	72	59
10677	33	95	41
10678	510	95	428
1068	60	98	57
10681	45	90	42
10682	244	84	190
10683	7	92	42
10686	1	105	32
10687	251	83	188
10688	1	86	27
1069	127	98	100
10690	13	89	46
10691	37	91	55
10692	1	92	34
10693	200	76	130
10694	533	74	441
10695	195	100	135
10699	5	103	38
107	4	88	40
1070	74	90	59
1071	3	83	36
10712	119	84	92
10713	197	85	134
10714	87	94	64
10715	24	94	45
10716	112	82	81
10717	22	91	34
10718	2	83	33
1072	370	74	283
10720	6	80	31
10721	16	87	34
10723	129	104	97
10724	121	81	79
10725	37	97	54
10726	286	85	166
10728	429	72	295
107282092	1	78	34
1073	117	91	85
10730	179	80	118
10732	2	90	27
10733	134	91	89
10734	14	98	36
10735	227	82	155
10736	27	97	38
10738	19	100	48
10739	21	101	31
10741	9	82	33
10742	23	98	34
10743	97	97	71
10744	13	75	31
10745	17	113	37
10746	69	81	70
10747	10	69	38
10748	8	97	35
10749	118	94	98
1075	45	99	52
10750	12	81	25
10752	8	86	45
10753	3	83	39
10755	106	94	82
10758	43	91	57
10761	23	89	47
10762	337	85	248
10763	136	92	83
10765	91	92	71
10766	18	91	41
10767	116	85	79
10768	375	80	245
10769	68	91	63
10771	93	85	66
10772	266	76	160
10773	11	107	28
10775	71	71	63
10776	19	73	38
10777	2	101	33
10780	7	84	38
10781	14	85	35
10782	16	105	43
10783	154	90	115
10785	88	75	69
10786	1	97	33
10787	182	75	123
10788	113	82	72
10791	169	82	93
10793	20	85	43
10794	142	86	106
10795	11	95	33
10797	105	93	69
10799	47	93	57
108	11	76	43
1080	1472	83	1883
10800	1	104	32
10801	259	107	179
10802	186	103	117
10803	18	87	36
10804	15	109	48
10806	20	78	42
10807	187	95	115
10808	430	99	264
10809	15	100	44
1081	27	80	60
10810	52	92	55
10811	61	79	68
10813	223	97	131
10814	21	95	41
10815	42	81	47
10816	1	77	32
10817	112	85	76
10818	92	68	82
1082	11	87	44
10825	19	77	49
10826	36	84	57
10827	83	89	57
10838	22	91	37
1084	4	76	39
10840	37	90	41
10841	27	85	33
10842	3	79	34
10844	168	76	102
10845	188	82	119
10846	5	90	33
10847	113	82	79
10848	88	77	83
10849	486	89	421
10850	3	84	30
10855	42	82	40
10856	596	88	552
10857	367	86	281
10858	4	86	34
10859	9	71	38
10861	5	87	37
10863	5	80	35
10865	131	99	94
10866	1	99	29
10867	7	75	39
10868	205	78	119
10869	144	74	118
1087	4	92	42
10870	202	79	135
10871	14	72	36
10873	4	80	36
10874	84	87	61
10875	15	91	43
10876	34	86	48
10877	2	115	40
10878	5	89	41
10879	21	87	41
1088	118	79	93
10880	2	81	44
10881	4	91	30
10882	37	89	44
10884	200	87	137
10885	153	77	78
10886	4	104	39
10887	20	90	48
10888	2	82	32
10890	178	87	117
10891	72	97	79
10892	66	80	70
10893	4	84	25
10894	26	82	40
10896	30	90	37
10897	123	86	104
10898	87	98	66
10899	31	73	51
109	56	96	72
10900	62	95	60
10901	85	82	57
10902	140	105	111
10903	19	103	43
10904	21	75	35
10905	44	86	57
10906	60	93	65
10907	74	86	62
10908	99	85	80
10910	283	74	208
10911	12	79	33
10912	76	92	62
10913	60	95	53
10914	87	88	52
10915	201	81	111
10916	236	90	170
10917	31	85	46
10919	271	107	200
10920	110	74	81
10921	412	93	305
10922	25	87	49
10923	231	86	116
10924	2	84	28
10926	28	116	39
10927	101	73	83
10928	167	83	129
10929	99	93	68
10930	2	73	20
10933	213	90	134
10934	2	82	30
10935	292	76	181
10938	148	72	94
10939	338	89	207
10940	269	92	187
10941	2	93	35
10942	25	86	39
10943	27	65	46
10944	92	74	76
10945	93	73	74
10946	288	81	190
10947	27	86	38
10948	72	86	67
10949	344	84	229
10950	96	97	74
10951	264	96	169
10952	758	85	787
10953	112	88	80
10954	100	79	74
10955	18	76	31
10956	211	69	135
10957	20	95	37
10959	131	99	85
10960	101	108	71
10961	125	94	78
10962	42	95	45
10963	1012	89	1285
10964	11	79	33
10965	110	100	91
10966	32	100	36
10969	314	85	183
10970	587	70	533
10971	1088	90	1439
10972	242	83	174
10973	171	87	98
10974	10	77	42
10975	51	89	51
10978	64	78	60
10979	181	101	105
10980	390	80	271
10981	65	80	64
10982	122	70	89
10983	18	88	43
10984	2	87	28
10985	339	73	235
10987	1079	75	1404
10988	250	91	171
10989	442	90	327
10990	2	82	45
10991	8	93	41
10992	506	80	380
10993	4	87	46
10994	179	72	102
10998	5	84	52
10999	111	79	80
11000	85	80	67
11001	112	100	93
11004	172	94	107
11005	14	76	40
11006	24	95	47
11007	165	87	91
11009	31	69	42
1101	3	80	32
11010	18	101	42
11011	145	79	88
11012	32	77	50
11013	1	89	41
11014	103	87	72
11015	48	89	45
11016	63	90	53
11017	167	96	93
11018	63	84	75
11019	15	87	40
1102	51	88	41
11020	43	84	49
11021	561	97	523
11022	76	83	65
11023	16	77	50
11024	1	94	24
11025	10	89	40
11026	10	96	42
1103	8	92	35
11030	338	85	217
11031	44	83	45
11033	21	90	35
11034	176	80	123
11035	53	77	57
11036	19	93	39
11037	8	101	35
11039	1	79	32
1104	194	104	135
11040	31	84	40
11041	111	84	93
11043	264	85	187
11044	12	86	34
11045	148	82	97
11046	1	84	22
11047	255	81	188
1105	109	79	89
11051	355	89	247
11052	507	78	400
11054	46	100	51
11055	3	83	36
11056	168	82	116
11057	3	79	26
11059	248	87	163
1106	61	89	65
11060	832	78	1009
11061	7	84	39
11062	11	102	42
11063	18	92	38
11064	190	83	148
11065	88	84	83
11066	39	96	50
11067	7	82	32
11068	30	86	42
11069	23	80	49
1107	759	83	861
11070	48	86	52
11072	174	87	124
11073	569	83	524
11074	454	84	330
11075	86	88	58
11076	37	84	45
11077	315	89	231
11078	121	98	80
11079	162	90	119
1108	910	77	1029
11080	137	87	80
11081	15	74	32
11082	19	93	37
11083	174	92	100
11085	54	95	56
11086	1	99	24
1109	7	86	36
11091	1082	95	1373
11092	20	83	36
11093	24	69	41
11094	21	70	38
11095	2	88	29
11096	4	75	27
11097	145	79	107
11098	52	88	65
11099	89	97	60
111	7	84	38
11100	347	100	258
11101	78	88	68
11102	43	83	44
11103	378	89	250
11104	65	67	57
11105	13	78	35
11107	57	82	51
11108	21	102	39
1111	190	76	119
11112	88	76	66
11113	1410	67	1603
11116	190	82	139
11117	102	85	82
11118	24	86	44
11119	22	92	38
1112	54	82	51
11120	61	93	59
11122	9	109	40
11123	17	81	35
11124	328	78	208
11126	47	84	54
11127	128	88	84
11128	151	76	104
11129	77	86	68
1113	13	90	37
11130	135	86	95
11131	10	87	44
11132	29	86	47
11133	57	81	55
11135	130	84	97
11136	4	85	40
11137	167	72	117
11138	47	90	54
1114	37	85	51
11140	631	89	578
11141	6	85	31
11142	11	78	44
11143	140	83	90
11144	27	98	35
11145	10	86	36
11146	172	77	110
11147	4	111	36
11148	14	82	45
11149	14	83	48
11151	101	82	70
11152	47	93	44
11153	6	81	38
11154	28	80	35
11155	12	98	42
11156	99	100	74
11157	86	95	92
11158	11	94	33
11159	27	107	35
1116	15	81	32
11160	232	97	125
11161	137	71	96
11162	18	91	34
11163	13	80	29
11164	68	84	58
11165	96	94	80
11166	10	91	40
11167	66	83	56
11168	199	97	126
11169	172	101	98
1117	9	85	40
11170	69	96	54
11171	255	98	171
11172	24	79	45
11173	55	94	58
11174	8	89	38
11176	73	91	50
11177	123	84	80
11178	117	72	77
11179	23	73	40
1118	11	79	46
11180	281	87	176
11181	1	81	36
11182	6	81	40
11183	98	86	68
11184	115	93	83
11185	3	93	40
11186	94	84	67
11187	134	83	95
11188	154	88	125
11189	11	84	43
1119	11	98	45
11190	283	99	184
11193	104	92	72
11194	58	88	48
11196	200	90	131
11197	144	95	101
11198	422	86	273
11199	8	95	35
112	50	95	54
1120	3	96	29
11200	218	84	147
11201	37	88	41
11202	34	87	36
1121	54	81	46
11211	63	87	65
11212	107	80	64
11213	32	103	44
11214	88	75	66
11215	102	97	79
11216	34	87	39
11217	58	102	60
11218	211	93	120
11219	52	80	53
1122	57	88	67
11221	68	90	64
11222	171	83	107
11223	1	86	38
11224	500	78	382
11226	48	83	54
11227	19	92	45
11228	89	68	56
1123	27	86	44
11230	103	87	77
11231	339	82	210
11232	34	84	43
11234	35	97	59
11235	98	76	65
11236	41	76	53
11237	18	76	46
11238	7	87	37
112398	36	88	60
112399	1292	97	1602
1124	25	83	44
11240	6	82	32
112401	30	69	60
11243	96	99	63
11244	94	67	77
11245	2	82	23
112464	70	93	61
11247	34	86	50
112476	21	93	46
112479	3	95	47
11248	56	78	53
112483	15	63	36
112487	8	106	40
11249	31	68	46
112495	28	92	49
11250	299	68	208
11251	4	85	35
11252	178	83	131
11253	61	88	50
11254	1	87	39
11255	4	88	37
11257	1	98	39
112574	78	83	64
11258	121	95	80
11259	12	86	35
112597	13	84	43
11260	218	90	132
112609	76	84	59
11261	74	78	69
112611	8	93	50
112616	48	98	69
11262	7	91	35
11264	3	90	42
11266	63	77	68
11267	71	91	64
11269	247	82	181
11270	69	107	72
112703	2	80	21
112714	40	89	53
11272	53	81	62
112724	78	90	58
11273	271	85	195
11274	58	95	49
112744	30	102	38
11275	87	99	89
112752	23	85	49
112755	41	89	55
11276	73	82	65
11277	51	87	53
112770	83	78	58
11278	187	98	128
11279	326	92	244
1128	4	97	37
11280	2	82	37
112802	41	95	46
11281	147	79	109
112812	36	97	48
112817	23	93	51
11282	26	85	37
11283	7	91	38
11284	131	91	88
112840	33	102	40
112849	34	82	35
11285	67	86	50
112858	85	94	75
112869	160	87	85
112885	18	100	48
1129	14	82	50
112936	81	84	69
112937	7	90	38
112939	88	76	77
112942	21	85	46
112950	98	71	71
112970	31	109	49
113	9	81	47
1130	49	89	45
113000	5	94	37
113026	117	87	88
11309	4	98	40
113091	1	83	37
1131	76	87	55
11311	124	87	104
113115	44	79	44
11313	54	89	65
113130	139	89	102
11314	7	87	28
113146	145	91	96
11315	341	70	238
113157	3	99	42
11316	318	67	225
11317	9	91	50
113174	185	75	128
113177	1	77	25
113178	31	92	45
113179	23	102	52
11318	454	103	353
113189	50	85	60
11319	116	82	95
1132	89	100	77
11320	1	99	29
113201	41	92	56
11321	118	89	76
11322	30	97	49
113220	5	84	34
113230	3	88	48
113235	5	89	31
113246	41	97	42
11325	205	95	133
113251	210	98	138
11326	178	88	152
113263	23	91	40
113277	213	68	158
113278	1	96	30
11328	70	87	70
11329	169	87	106
1133	37	75	54
11330	18	93	41
11331	526	74	433
11332	169	89	105
11333	101	100	62
11334	67	89	64
11335	611	79	570
11336	140	87	92
11337	127	78	82
11338	630	91	577
11339	214	75	129
1134	41	91	47
11340	183	92	136
113402	42	83	49
11341	5	89	23
113419	2	95	34
11342	69	86	72
11343	33	82	59
11344	92	91	65
113444	37	78	52
11345	163	96	97
113451	14	74	31
113452	27	81	41
113457	13	83	36
11346	179	73	148
113510	15	73	44
113540	3	81	32
1136	34	94	57
113612	4	102	24
113622	2	103	32
113655	20	113	43
113675	7	91	28
1137	152	94	108
113730	26	89	38
113746	11	81	36
113763	13	80	47
113791	20	94	35
1138	52	92	40
113802	11	98	36
113828	35	94	39
113829	29	75	51
113835	4	93	33
113878	328	79	218
1139	26	83	41
114	14	79	40
1140	28	99	44
114026	3	84	34
114034	138	92	107
114043	1	73	25
114044	2	77	34
114049	50	82	48
114088	83	91	77
1141	101	98	83
114112	18	97	44
114131	19	86	68
114132	3	101	26
114134	12	81	31
1142	6	86	28
114294	190	93	140
114299	67	92	51
1143	67	89	51
114327	77	92	63
114335	3	99	36
114336	16	82	31
1144	67	92	61
1145	29	86	31
114548	112	77	82
114569	53	100	56
114571	116	81	89
114599	2	95	36
1146	22	100	40
114609	43	86	55
114625	25	85	51
114659	7	84	40
1147	206	72	114
114757	12	87	46
114769	7	88	29
114770	1	74	34
114771	11	88	33
114780	22	86	40
114781	51	108	40
114783	96	86	89
114784	4	83	42
114785	92	84	65
114786	7	99	44
114787	89	88	58
114788	2	89	32
114789	46	76	53
114790	82	98	60
114791	51	98	36
114792	11	90	35
114793	178	99	104
114794	23	96	46
114795	2	80	30
114796	1	91	41
114798	5	91	31
114799	27	80	44
114800	64	89	68
114801	39	67	59
114803	50	78	53
114804	38	99	50
114805	15	98	43
114815	3	94	29
114818	24	94	47
114819	1	99	19
114821	15	76	39
114822	49	88	58
114823	160	80	90
114824	65	91	61
114825	74	76	55
114826	15	83	31
114827	13	80	52
114836	16	77	40
114876	36	92	54
114879	41	85	57
114880	74	84	69
114881	11	71	43
114882	270	95	188
114883	90	93	66
114884	53	87	60
114885	99	84	61
114897	46	78	57
114898	60	66	67
114899	9	100	42
1149	14	66	48
114900	5	78	40
114902	3	93	30
114904	9	96	29
114905	67	95	64
114907	249	91	163
114908	6	87	30
114915	1	90	40
114926	5	82	45
114928	123	95	97
114932	111	72	79
114960	3	91	29
114971	185	103	134
114984	59	86	72
114990	160	85	116
114991	34	93	35
115	147	68	94
115004	328	90	228
115019	2	92	34
115024	12	81	33
115098	115	82	79
115106	177	88	117
115123	47	81	47
115196	11	84	41
1152	258	81	184
115201	31	68	37
115207	102	87	87
115209	136	90	115
115265	156	90	100
115273	2	86	26
115286	6	74	28
115290	59	76	52
115294	21	67	38
1153	157	115	100
115330	2	81	46
115350	2	91	43
115352	13	75	27
115353	19	83	40
115361	1	94	28
115362	16	82	40
115399	12	75	49
1154	31	101	41
115416	174	82	125
115426	128	92	90
1155	101	91	55
115509	73	94	61
115548	78	85	67
115557	30	83	46
115560	7	85	34
115572	68	91	75
115584	6	94	29
115650	11	95	30
115653	29	101	38
115677	12	90	39
115701	24	85	45
115703	9	92	35
115704	59	107	56
115708	84	83	63
115727	9	92	38
115752	47	96	55
115761	43	89	49
115795	25	74	45
1158	48	94	48
115811	5	85	42
115817	42	86	53
115825	32	98	55
115827	15	80	61
115861	4	92	34
1159	72	71	51
115908	20	74	42
115939	47	89	58
115948	41	85	51
115950	51	78	53
115992	90	101	66
116	29	73	46
1160	52	97	58
116028	21	100	38
116039	8	91	34
116064	8	73	38
116068	13	88	41
116071	30	96	47
116085	4	93	34
116092	94	87	73
1161	113	77	61
116113	97	96	81
116115	79	82	55
116135	13	84	49
116138	86	78	69
116143	119	71	97
116150	60	87	65
116151	97	89	83
116154	35	92	52
116159	7	93	43
116173	237	80	171
116179	32	83	51
116211	39	99	50
116224	28	76	43
116225	116	93	83
116228	47	94	54
116236	25	91	49
116238	19	88	39
116254	82	78	68
116255	2	99	27
116285	9	68	41
1163	96	95	66
116328	12	91	39
116337	2	84	26
116349	6	80	32
116362	11	87	38
116369	2	98	23
116372	56	77	59
116379	13	84	46
1164	47	80	51
116412	78	84	66
116437	1	95	32
116441	46	97	56
116442	53	71	52
116443	7	89	41
116444	26	79	44
116447	31	93	38
116448	27	81	46
116449	29	93	42
116461	59	92	69
116496	23	91	52
116511	1	75	34
116519	16	90	38
116535	1	98	24
116540	194	90	139
116541	58	93	57
116729	9	93	42
116832	4	92	37
116833	2	106	25
116835	65	86	54
116840	165	82	127
116841	149	96	111
116842	11	80	31
116843	7	84	27
116844	9	93	34
116931	45	90	53
116937	1	72	37
116938	1	93	31
116966	8	102	39
116969	50	110	49
116983	19	83	39
116984	33	98	50
116985	46	85	36
116986	21	84	42
116987	114	82	73
116988	75	91	70
117	2	96	37
117143	56	106	59
117144	119	87	88
117145	83	93	67
117153	16	70	38
117154	11	93	32
117155	2	87	34
117156	1	68	30
117157	29	98	57
117159	207	82	121
117166	8	95	41
117177	112	94	76
117178	286	92	203
117195	2	82	32
117196	5	90	37
117245	7	65	36
117246	394	76	269
117247	33	108	49
117248	18	84	42
117283	30	94	55
117285	3	78	27
117286	65	98	68
117289	17	79	34
1173	414	93	289
1174	55	93	60
1175	104	91	75
117531	9	82	31
117532	1	81	23
117579	3	111	37
117581	17	89	40
117583	42	99	52
117584	84	88	65
1176	123	89	67
117608	3	80	31
117854	72	78	75
1179	4	90	45
118	154	87	108
1180	12	88	34
1181	42	91	54
1182	50	88	55
1183	4	88	31
1184	16	88	33
118424	38	81	59
118426	41	81	60
118427	15	92	41
118429	22	75	33
118430	29	96	59
118460	113	80	81
118461	11	77	40
118471	17	86	45
118472	34	89	50
118487	240	73	154
118490	24	91	44
118491	3	90	41
1185	7	87	39
1186	135	83	90
118611	8	86	35
118663	2	97	28
118672	4	69	36
1187	23	84	42
118738	20	83	43
118788	24	75	52
1188	1	93	32
118812	32	93	45
118813	63	101	61
118856	2	81	46
118881	199	90	152
118924	46	80	60
118932	22	94	31
118980	83	87	69
118987	426	85	312
119	81	96	62
119016	4	77	25
119032	32	94	47
1191	236	92	130
119180	84	103	67
1192	163	90	121
1193	19	90	33
119358	4	88	28
119369	2	82	35
119385	3	88	27
119391	24	96	40
119392	33	91	34
119395	1	83	29
119437	5	69	31
119467	12	68	33
1195	208	87	133
119504	63	93	45
119559	105	87	85
119587	3	95	43
1196	194	95	127
119678	1	81	37
119682	1	75	30
119694	1	91	28
119710	25	118	40
119764	4	95	28
119765	1	100	27
119774	3	67	32
1198	213	88	135
12	114	83	68
120	137	81	81
1200	100	95	75
120071	48	75	57
1201	115	87	83
120114	66	93	87
120146	9	74	37
120224	46	87	51
120227	1	107	41
120237	1	72	26
1203	67	84	49
120379	70	101	64
120406	8	84	35
120425	2	79	37
120526	9	99	42
120534	31	67	33
1207	188	70	115
120787	1	102	43
1208	1	86	34
120892	481	89	372
1209	125	99	83
120935	3	76	35
120939	105	101	79
121006	10	88	42
121053	28	80	42
1211	344	77	229
1212	174	102	118
121214	78	93	49
121227	47	87	51
121256	71	91	62
121260	59	86	56
121268	6	109	51
121274	21	83	48
121278	4	102	44
1213	628	69	527
121340	297	99	206
121355	11	89	38
121391	36	76	46
121441	216	102	132
121457	172	94	118
1215	37	81	44
121504	116	77	73
121506	28	100	46
121512	21	92	42
121536	47	90	54
121549	15	72	47
121551	8	80	33
121599	5	84	36
121601	18	81	44
121642	17	93	44
121643	6	74	39
121665	54	74	55
121793	47	78	68
121952	1	83	30
122011	57	73	50
122042	4	96	32
122060	87	93	72
122183	108	82	82
122258	1	85	31
122402	9	93	43
122416	26	102	47
122481	7	87	38
122509	64	82	69
122553	38	84	62
122589	1	99	40
122616	5	104	36
122618	80	92	70
122622	11	82	41
122651	2	84	32
122664	8	92	33
122704	157	79	109
122706	7	81	50
122742	1	92	27
122769	40	90	54
122773	2	88	31
122786	54	96	48
122809	21	84	36
122830	27	93	40
122867	1	87	37
122876	6	79	46
122945	1	78	17
122953	23	94	49
122961	69	79	49
122970	3	87	38
123	26	92	40
1230	346	80	265
123016	20	102	37
123036	14	81	45
123041	2	94	45
123096	29	74	56
123099	1	107	37
123103	25	79	50
123169	120	88	87
1232	9	83	43
123207	9	89	42
123228	24	102	43
123263	94	86	78
123264	12	84	27
123283	58	88	51
1233	37	91	52
123346	4	72	41
123355	12	98	37
1234	21	88	36
1235	84	90	67
123591	14	92	31
1236	3	87	44
123606	7	87	25
123624	7	96	49
123688	8	80	39
1237	14	81	42
123720	9	98	27
123722	113	103	81
123745	18	83	35
123775	2	91	28
1238	80	93	74
123803	12	86	41
123811	32	95	43
123872	10	98	28
123876	2	89	29
123879	26	94	53
123904	3	91	42
123920	29	86	50
123970	4	90	38
124	5	94	46
1240	98	80	77
124044	12	88	30
124045	20	89	42
124056	17	87	42
124093	4	74	31
1241	4	88	40
124149	10	91	48
124152	2	84	29
124220	141	67	110
124222	8	84	50
124245	872	87	1030
124359	21	97	45
1244	68	86	59
124401	37	84	42
124402	1	89	44
124404	25	87	41
124411	5	77	30
124446	22	95	48
124454	89	80	61
124460	20	89	40
124491	13	82	35
124512	29	86	39
124535	4	88	33
124538	4	80	34
124540	169	88	116
124565	59	87	63
124583	79	82	66
124590	22	95	43
124599	6	81	40
124602	6	83	30
124626	20	91	50
124637	2	91	35
124641	6	86	33
124739	52	106	60
124751	8	95	33
124773	1	77	23
124783	4	83	40
124790	81	105	61
124801	156	98	96
124808	44	88	47
124817	3	76	38
124842	2	95	39
124872	6	94	50
124912	6	72	46
124923	11	96	40
124925	8	86	37
124930	9	105	48
124935	13	81	42
124936	35	84	41
124944	100	83	77
124961	4	85	36
124975	12	95	34
124976	2	89	33
124989	5	97	47
124995	174	82	110
124997	36	87	55
125	11	91	44
125050	14	92	43
125058	27	88	31
125061	14	89	40
125111	452	103	353
125113	33	86	36
125115	433	89	343
125144	6	86	37
125150	16	71	42
125170	34	89	42
125206	3	79	35
125208	1	79	22
125228	30	79	42
125336	6	81	40
125476	35	79	41
125488	9	70	44
125704	3	88	31
1258	3	96	33
125875	29	97	41
125893	15	86	50
1259	5	85	28
125919	21	74	47
125950	166	85	116
125958	3	72	35
125962	2	107	25
125963	25	86	40
125965	3	91	40
125972	139	76	107
125981	3	86	40
125988	68	104	53
125997	40	95	52
126	17	76	35
126003	81	87	56
126006	12	101	50
126014	3	83	26
126017	14	88	45
126068	9	90	35
126069	22	87	31
126070	38	90	64
126074	33	81	52
126075	1	105	27
1261	33	82	47
126119	37	94	50
126123	1	77	22
126129	4	85	35
126133	69	81	41
126147	22	97	47
1262	39	89	50
126204	4	90	25
126205	2	80	46
126206	14	101	45
126208	39	76	57
126231	6	82	45
126235	1	115	27
126248	3	80	27
126259	2	91	32
126272	9	95	37
126282	48	87	57
126295	16	85	38
126298	24	89	44
126299	30	71	48
1263	38	93	48
126306	20	99	36
126308	26	82	45
126321	31	84	60
126326	6	86	30
126328	58	109	54
126353	163	86	122
126364	183	76	130
126374	12	82	29
126375	60	82	49
126382	10	88	34
126393	13	89	35
1264	28	82	46
126402	4	83	28
126410	14	80	41
126432	13	94	53
126433	19	100	42
1265	77	81	66
126526	32	91	42
126549	1	88	32
126567	15	81	52
1266	75	86	54
126626	13	79	39
126637	6	85	36
126638	2	103	47
126668	2	80	27
126669	8	74	35
126695	191	104	127
1267	191	92	108
126731	3	87	47
126789	58	87	65
126792	27	77	44
1268	9	84	42
126820	3	79	34
126823	8	94	43
126859	9	92	35
126868	29	91	44
1269	107	84	76
126917	16	80	42
126961	150	86	87
126969	4	96	31
127	5	96	37
1270	25	110	37
127002	57	93	54
127003	1	91	36
127018	70	89	63
127064	1	68	38
127066	1	93	28
127069	3	86	35
127077	1	84	34
1271	11	97	46
127124	4	99	34
1272	45	78	49
127247	23	90	43
127253	51	87	51
127254	6	106	35
127255	8	90	46
127262	5	80	37
127281	13	103	44
127294	9	93	33
127343	2	90	38
127385	1	86	35
127391	6	97	32
127396	12	96	34
127428	32	90	42
127435	17	87	45
127495	11	102	34
127534	10	90	48
127540	5	83	38
127544	81	85	65
127550	1	84	33
127579	2	84	28
127602	30	68	45
127608	1	75	31
127665	64	102	61
127687	16	79	40
1277	108	93	100
127700	14	85	42
127703	71	101	62
127731	1	75	30
127733	41	106	50
127795	20	78	37
1278	50	94	51
127829	93	93	67
127833	127	79	89
127845	31	76	43
127933	47	79	40
127943	1	90	31
128	54	92	54
1280	41	86	51
128025	16	85	31
128061	57	100	67
128077	11	91	37
1281	22	76	40
128153	4	76	33
128178	15	83	41
1282	31	93	38
128209	2	94	42
128229	6	86	44
128239	139	100	93
128240	58	87	61
128272	54	96	66
128308	128	84	77
128312	182	83	117
128338	2	98	31
128344	12	86	50
128346	6	67	29
128372	1	91	29
128387	8	84	42
1284	54	91	53
128408	21	94	40
128414	3	96	36
128434	4	94	35
128439	5	108	27
128486	63	98	68
128488	6	89	35
128497	17	92	45
1285	9	69	40
128553	36	97	41
1286	9	83	51
128602	24	105	39
128611	6	98	33
128637	17	75	25
128646	85	84	71
128653	9	99	39
128674	5	68	30
1287	54	79	61
128710	63	95	54
1288	17	83	32
128817	56	72	56
128821	77	103	77
128822	5	90	37
128853	33	80	47
128859	2	81	22
128861	3	90	32
128866	717	93	743
128869	102	93	100
128872	8	86	30
128876	3	102	42
1289	46	87	59
128954	1	79	31
128977	47	82	59
128989	27	77	39
1290	16	76	39
129025	15	96	46
129049	12	82	33
129080	30	71	45
1291	105	96	75
129138	30	84	38
1292	80	64	60
129285	73	93	74
129293	1	96	37
1293	14	101	44
129303	46	97	49
1294	18	92	35
129401	423	92	314
129446	38	82	48
129450	15	83	37
1295	128	85	91
129521	26	81	44
129530	3	85	33
129531	38	102	45
129563	32	84	54
1296	42	99	49
129642	25	87	37
129684	3	83	28
129685	50	91	49
1297	11	96	37
129787	13	80	38
1298	14	86	36
129804	20	74	45
129807	27	88	57
129831	209	81	125
129852	20	88	42
129868	50	88	47
129880	18	83	29
129881	7	79	43
1299	8	96	39
13	2	96	19
130	11	109	48
1300	35	99	49
130013	5	78	36
130026	12	72	45
130074	57	86	50
130075	1	89	45
1301	22	97	43
130106	9	73	44
130120	1	107	36
130132	9	96	30
130162	9	94	32
1302	9	97	37
130271	16	98	52
1303	47	86	49
130340	18	78	33
130355	5	85	37
130367	2	97	38
130399	12	122	43
130497	3	99	37
1305	11	91	44
130502	12	71	40
130507	97	80	70
130535	14	88	38
130540	34	92	43
130557	6	82	38
130560	22	109	41
130574	31	79	47
130576	36	69	50
130589	19	91	44
1306	6	93	41
130617	42	77	58
1307	15	79	45
130733	2	89	44
130752	2	81	38
1308	30	78	36
130813	11	84	51
130814	2	91	34
130827	22	75	36
130872	5	99	34
130888	2	101	25
130916	25	85	49
130940	11	91	34
130951	16	87	31
131	8	113	30
1310	1	91	35
131034	29	80	38
131076	38	92	52
131096	2	92	34
1311	12	83	33
131118	197	80	136
131149	2	68	40
131177	7	88	34
1312	167	68	124
131368	11	73	45
131375	1	80	32
131377	50	84	57
1314	398	102	269
131405	66	83	63
131408	6	88	40
131450	22	84	46
131474	131	86	94
1315	278	92	216
131540	41	87	52
131544	69	87	56
131566	49	82	66
131578	135	87	92
131583	35	97	46
1316	90	74	71
131601	35	89	49
131616	56	81	60
131669	1	96	36
1317	186	88	130
1318	33	97	41
131831	5	90	40
131870	22	74	43
131873	8	87	35
131890	22	93	50
131920	11	89	31
131965	15	96	38
132	40	85	57
132001	56	93	53
132014	10	79	39
132112	2	86	27
132141	49	97	45
132158	61	85	61
132160	52	91	65
132200	14	89	27
132204	15	77	40
132228	49	83	60
132241	1	82	29
132243	44	90	60
132299	69	77	54
132320	167	81	101
132321	4	91	34
132332	2	81	39
132430	53	94	48
1325	18	86	42
1326	20	91	41
132625	17	87	42
132660	92	94	73
132671	26	86	54
1327	416	69	276
132720	101	103	83
132724	415	82	282
132789	38	80	39
132851	6	72	31
132864	35	91	52
132884	87	93	62
1329	145	91	89
132946	1	86	34
132949	12	113	36
132954	7	79	31
132989	3	76	32
133	5	97	40
133015	18	79	41
133022	29	71	45
133060	4	91	29
133121	45	86	51
133308	3	100	31
133383	6	75	31
133396	25	84	49
133418	35	100	38
133482	17	104	39
133522	25	86	43
133558	7	90	37
133584	13	84	44
133619	54	79	50
133686	51	90	54
133688	4	70	45
133690	13	81	42
1337	51	77	52
133746	39	80	59
133874	1	84	30
1339	5	92	44
133923	43	89	47
133957	19	69	28
134	16	76	45
1340	95	94	53
134111	2	87	34
134121	4	96	41
134145	9	88	46
134147	85	77	58
134187	1	76	38
134218	79	83	57
134265	18	82	42
134266	26	74	48
134285	75	84	70
134288	17	82	33
134353	47	99	57
134359	93	93	79
134391	51	88	54
134429	6	84	25
134430	203	92	141
134492	420	81	346
1345	119	84	90
134510	83	89	76
134526	14	88	37
134548	27	77	47
134549	17	94	41
134553	47	92	42
1346	11	94	47
134637	10	85	44
1347	103	80	94
134701	19	99	44
134728	14	78	30
1348	1	77	28
134829	19	96	52
134860	2	58	45
134864	5	88	36
1349	19	74	52
134957	35	85	42
135	23	72	44
1350	93	94	77
1351	321	97	231
135112	40	73	42
135114	27	93	46
135138	27	93	44
135152	18	78	38
135154	12	81	39
1352	7	88	45
135228	90	81	72
135250	21	92	44
135293	60	83	54
135295	131	100	101
1353	33	108	53
135398	91	101	70
135458	17	77	39
1355	347	86	237
1356	57	91	62
135644	12	94	31
135656	1	85	28
1357	1	86	34
1358	8	83	35
135886	2	105	38
135892	53	100	71
1359	3	92	30
135927	119	96	79
135932	44	78	56
135935	5	92	31
135946	7	95	43
135948	1	93	21
136	39	69	55
136051	20	104	37
1361	6	90	42
1362	168	100	116
136227	4	91	34
136242	14	96	43
136263	116	80	93
136288	9	100	37
1363	44	88	53
136306	10	86	42
136319	153	73	117
136332	2	104	35
136371	32	101	51
1364	72	95	63
1365	20	89	40
136541	1	81	30
1366	83	75	63
136647	34	73	41
1368	42	81	53
136853	44	89	55
136895	15	87	33
1369	8	76	36
136991	11	94	31
1370	3	84	36
137075	2	80	43
1371	94	75	71
137107	5	79	44
137133	1	78	22
137196	9	90	29
137209	60	75	65
1373	136	81	97
137362	4	87	40
137392	26	104	45
1374	160	85	100
137492	31	88	53
1375	4	76	30
137529	3	85	51
1376	66	95	57
137682	6	88	47
137695	39	90	52
137735	35	90	55
137797	8	97	34
1378	2	77	36
137814	1	85	30
137835	6	78	34
137868	30	85	51
137872	3	88	34
137886	39	92	51
1379	7	82	36
137902	16	101	42
137964	129	96	89
137970	4	87	32
137994	5	88	21
1380	11	80	44
138009	40	80	32
138046	64	83	50
138050	10	90	38
138065	19	78	42
1381	13	81	35
138151	47	96	46
138162	2	90	47
138199	51	73	52
1382	77	86	51
138240	2	71	23
138241	10	90	37
138307	8	92	30
138311	14	80	42
1384	44	82	43
138428	28	78	42
138429	5	90	37
138474	22	80	39
1385	220	91	177
1386	238	85	170
138639	70	77	68
138649	1	82	27
1387	516	92	412
138715	9	85	34
138716	71	95	68
138724	4	74	37
138799	2	85	34
1388	59	86	51
138802	1	90	28
138803	34	102	42
138804	1	95	31
138883	1	81	36
1389	10	85	39
1390	72	80	48
139065	27	94	38
139067	28	81	47
139081	8	100	39
139105	11	87	36
139135	3	79	32
139170	2	95	38
139189	5	69	32
1392	23	88	42
139212	16	93	35
139221	4	88	42
139231	20	86	44
139285	57	98	56
1393	14	87	50
139322	82	87	60
139324	26	88	49
139341	31	103	43
139378	7	80	27
1394	18	75	44
139411	1	88	28
139422	65	78	58
139425	2	105	40
1395	4	89	29
139562	33	84	59
139596	21	71	36
139599	10	76	23
1396	51	86	41
139604	1	79	42
139628	41	75	65
1397	43	85	47
139716	7	97	27
139728	1	88	38
139735	2	79	35
139741	15	82	29
139760	4	82	34
139793	5	86	31
1398	347	76	227
139804	10	88	36
139818	48	89	44
139886	16	82	32
1399	206	80	140
14	73	86	50
140	13	78	41
1400	127	84	84
140032	71	91	56
1401	68	90	59
140258	43	73	38
140290	70	80	63
1404	4	104	37
140432	8	109	35
140453	2	90	30
140456	245	75	161
140458	22	80	31
140459	94	98	84
140460	55	87	54
140461	31	90	48
140462	44	87	46
140465	103	76	69
140467	16	99	46
140469	46	83	51
140545	45	76	55
140564	147	96	106
140576	66	97	53
140578	32	93	51
140596	8	82	36
140597	23	95	41
1406	250	83	148
140606	21	82	41
140609	157	80	124
140612	5	107	31
140623	1	83	27
140625	10	89	20
140628	9	80	35
140679	8	89	41
140680	16	79	43
140683	23	76	35
140685	29	71	44
140686	3	96	36
140688	13	103	56
140689	124	80	84
140690	39	85	63
140691	85	91	67
140699	4	87	40
1407	150	81	93
140700	2	82	40
140701	4	79	34
140706	6	92	40
140707	119	90	83
140710	109	76	82
140711	12	104	40
140730	9	90	39
140732	4	104	30
140733	7	87	36
140735	259	72	156
140738	7	88	40
140739	21	87	48
140766	4	74	47
140767	177	75	141
140775	126	85	87
1408	188	87	140
140801	115	92	86
140803	4	83	32
140807	56	102	35
140809	48	87	59
140823	12	78	35
140825	7	88	30
140828	1	95	35
140831	3	99	34
140832	2	95	35
140836	21	109	46
140838	20	74	50
140849	3	98	31
140850	26	91	52
140851	1	102	37
140856	2	91	41
140862	1	87	34
140870	10	100	41
140873	1	82	38
140876	10	87	39
140880	73	86	57
140881	2	70	39
140883	6	77	30
140885	88	79	88
140886	141	90	106
140890	176	86	122
140892	1	80	34
140893	10	100	34
1409	186	74	121
140901	25	106	47
140902	4	97	37
140909	1	92	39
140947	17	68	39
141	10	91	46
1410	164	90	109
1411	24	91	33
1412	25	87	34
1413	32	81	36
1414	12	82	40
1415	7	86	40
1416	1	94	34
1417	61	85	54
1418	5	91	37
1419	3	89	32
142	1298	93	1529
1420	11	73	40
1421	15	95	38
142678	64	79	64
142679	95	93	76
142680	5	97	29
142683	56	91	51
142684	18	88	52
142685	33	91	42
142686	49	85	63
142689	35	84	54
1427	11	85	39
1428	10	73	37
142891	4	76	39
1429	155	87	110
142937	2	87	32
142940	38	88	44
143	43	94	51
143098	97	86	75
1431	456	75	347
143162	11	94	35
143187	58	82	57
1432	302	83	208
143241	35	78	51
143244	23	86	39
143279	8	82	42
143379	14	86	44
143384	21	90	56
1434	299	74	193
143425	14	91	40
143458	6	83	42
143471	71	85	56
1435	14	74	43
143503	2	104	31
143570	8	100	45
1436	48	86	58
143630	4	82	34
143662	5	89	33
143684	97	85	80
143686	11	80	33
143689	17	113	42
1437	14	97	39
1438	7	82	38
143872	24	94	40
143879	8	94	48
143884	176	102	108
143888	75	94	64
1439	18	80	41
143903	8	89	37
143941	2	87	41
1440	12	77	34
144097	54	107	56
1441	13	102	40
144100	115	84	80
144106	11	89	33
144108	96	107	76
144110	49	79	57
144124	1	91	28
144132	15	88	36
144165	14	77	43
144193	5	88	39
144195	20	97	42
1442	14	103	36
144203	3	89	31
144233	8	90	39
144245	7	91	43
1443	14	92	39
144321	20	85	35
144347	1	91	35
144348	30	93	58
144363	23	83	41
1444	6	86	43
144402	102	83	83
144404	112	88	69
144406	5	95	32
144423	4	82	28
144453	1	89	22
144455	40	89	54
1445	143	82	87
144501	63	81	62
144535	6	71	41
144568	124	79	93
144577	11	81	26
1446	31	74	43
144608	1	96	44
144699	37	78	56
1447	33	85	35
144712	1	108	28
144715	10	96	37
144717	37	83	53
1448	15	80	50
144811	41	82	45
144983	150	102	98
145165	20	81	47
145173	34	90	49
1452	357	92	245
145200	1	79	41
145226	44	86	46
145258	78	82	63
145264	99	76	79
145270	1	114	35
145282	99	107	80
1453	244	85	158
145376	1	104	26
145389	13	87	55
1454	298	90	189
145407	9	96	43
145447	4	109	42
145482	22	96	30
145483	78	80	68
145497	4	77	30
1455	112	77	83
145501	15	75	40
145508	295	92	196
145553	52	92	48
145567	24	87	33
145581	2	90	35
1456	131	70	95
145645	2	84	32
1457	861	81	1072
145741	12	85	38
145748	3	91	36
145773	20	104	51
145781	12	85	39
145788	1	81	32
145814	2	81	32
145837	1	79	32
145853	5	88	30
145858	12	96	33
145864	36	90	42
145873	7	70	31
1459	664	83	610
145942	8	84	42
145946	30	83	56
145957	5	73	42
146	16	94	36
1460	594	101	546
146050	26	86	44
146057	20	87	45
146059	32	81	55
146177	3	97	31
146183	13	64	34
146198	30	81	36
1462	43	95	58
146206	23	95	52
146212	8	90	41
146223	33	84	43
146225	17	93	42
146227	3	75	40
146279	51	81	49
1463	15	96	27
146310	123	91	86
146325	82	91	63
146330	24	84	49
146378	17	101	49
146395	2	84	34
1464	71	77	62
146433	3	85	33
146434	25	95	38
146439	10	80	27
146456	38	82	46
1465	64	95	58
146540	94	82	86
146542	116	78	79
146556	1	81	30
146562	32	87	49
1466	63	72	51
146664	117	69	98
146691	61	71	48
146705	168	76	128
146712	3	77	36
146713	34	79	45
146722	3	80	33
146723	1	85	28
146754	31	87	51
146760	12	77	36
146779	12	95	38
1468	191	75	118
146802	2	103	34
146822	9	104	30
146845	10	105	39
146849	10	79	47
146850	13	81	34
146852	26	80	46
146853	12	80	40
146857	4	78	34
146862	20	66	44
146880	1	85	37
146894	7	95	48
1469	138	75	113
146909	62	87	57
146923	13	81	48
146956	47	92	47
147	6	89	37
1470	52	75	48
147007	137	106	75
147011	3	88	34
147015	34	77	42
147040	8	96	28
1471	25	96	36
147111	2	105	44
147138	6	81	50
147166	14	103	36
147172	1	81	23
147179	37	92	58
147183	33	103	42
147199	12	86	37
1472	91	90	77
1473	35	100	44
147323	3	74	36
147339	116	68	95
147372	19	82	36
1474	90	90	74
147407	8	88	33
147409	108	82	69
147429	1	91	31
147463	18	79	36
147495	5	90	31
1475	136	75	109
147525	7	82	41
1476	95	87	74
147645	1	88	36
147650	5	98	34
147657	8	95	33
147658	3	82	33
147660	16	103	35
147664	1	93	31
147670	1	88	43
147685	11	78	38
147686	22	92	36
147687	177	91	105
147694	5	74	30
147699	2	72	30
1477	96	90	61
147700	107	88	101
147719	122	91	89
147744	12	97	41
147746	36	86	39
147791	1	74	37
147798	29	74	47
1478	160	78	118
147804	8	93	40
147807	55	101	62
147808	31	99	48
147837	10	85	33
147841	77	90	60
147872	113	87	85
1479	133	87	96
147906	16	115	34
147912	31	76	46
147920	3	79	31
147923	30	72	49
147929	3	75	37
147945	6	90	36
147948	4	85	40
147949	3	91	30
147965	6	110	40
147968	23	98	43
147991	22	90	34
148	26	89	47
148014	6	82	41
148022	47	72	52
148066	109	65	76
148103	9	83	39
148109	15	111	26
148113	30	88	44
148137	18	81	44
148156	25	93	35
148170	2	94	32
148198	1	82	30
1482	68	82	58
148203	4	83	30
148206	16	76	38
148213	1	88	28
148223	94	71	77
148229	4	73	38
148231	2	80	33
148252	27	85	42
148254	11	77	36
148266	11	88	35
148268	2	85	32
148281	115	86	80
148304	13	98	42
148327	13	72	43
148345	3	81	33
148362	37	94	49
148398	41	91	54
148413	5	106	32
148418	5	82	26
148423	43	85	45
148479	14	98	39
1485	109	97	88
148523	14	88	36
148534	100	104	86
148545	1	92	29
148581	138	87	93
1486	30	86	40
148641	4	91	31
148696	1	89	35
1487	344	79	255
148738	1	100	30
148741	27	81	36
148753	18	95	39
148789	27	78	37
1488	361	75	247
148808	225	94	168
148811	11	87	37
148823	12	92	47
148867	82	94	60
148870	13	83	46
1489	11	74	34
148932	364	86	250
148979	15	76	33
1490	28	64	39
149013	3	78	49
149018	16	88	38
149041	679	102	653
149069	20	85	36
149076	39	86	46
149095	19	79	41
1491	68	70	49
149111	28	91	60
149175	35	79	45
149224	7	83	38
149233	10	93	31
149297	5	85	40
1493	106	81	86
149345	12	89	24
149371	152	98	99
149420	19	78	41
149428	15	81	47
149461	67	86	76
149465	8	86	40
149466	29	85	46
149473	37	87	50
149478	1	80	24
149483	11	83	52
149499	4	98	34
1495	336	78	259
149563	8	92	35
1496	58	79	57
149603	34	82	41
149628	357	87	246
149643	1	93	31
149647	2	85	30
149699	6	91	32
1497	2	74	31
149708	12	93	44
149775	1	84	26
149840	10	95	44
1499	950	82	1074
149950	7	78	29
149951	25	93	48
149954	1	73	22
149986	105	89	77
149998	1	98	33
15	9	85	41
150	9	77	45
1500	243	89	151
150000	1	81	28
150082	30	91	40
150084	12	77	44
150094	60	85	48
1501	28	83	38
150159	1	104	29
150160	156	78	90
150165	3	81	36
150209	9	79	38
150221	17	88	35
150223	5	96	38
150248	20	81	35
150274	810	78	961
150275	25	87	38
150280	28	80	42
150290	23	92	42
150297	11	77	37
1503	187	78	115
150350	21	101	45
150353	34	80	47
150356	1	95	34
150365	9	73	36
150368	12	84	29
150372	12	70	35
150379	32	93	36
150383	36	96	40
1504	2	100	36
150465	19	89	33
150468	24	79	47
150472	60	79	71
150483	118	77	71
150572	52	65	58
150590	2	98	32
1506	13	90	37
150677	7	86	42
150678	44	99	59
150681	3	88	33
150684	120	80	90
150696	9	98	38
150709	6	84	38
150726	3	71	41
150737	56	84	44
150759	1	78	41
150763	34	82	50
150771	38	95	41
150786	5	102	47
1508	221	75	171
150864	39	82	40
1509	150	90	119
150921	11	77	44
150946	10	102	40
150962	5	95	39
151	7	89	34
1510	13	69	49
151011	141	92	72
151050	4	98	39
151056	18	101	36
1511	70	88	64
151112	9	86	55
151126	5	90	36
151176	27	92	39
151188	77	81	68
151194	35	80	48
151195	59	80	59
1512	58	80	48
151230	31	88	40
151242	1	99	28
151246	67	72	48
151254	75	87	73
151258	2	94	45
151278	114	85	98
151295	2	86	35
1513	14	93	40
151306	27	83	50
151313	11	80	38
151354	7	84	38
151393	28	79	47
1514	224	86	145
151473	5	77	38
151477	1	77	32
1515	103	68	85
151507	4	77	30
151516	26	98	46
151525	4	85	29
151531	6	62	30
151556	3	91	30
151613	26	82	47
151636	62	77	67
151647	54	86	64
151648	86	109	72
151649	1	84	37
151651	3	99	35
151742	13	88	42
151790	3	96	36
151827	2	83	28
151835	19	87	38
151871	40	88	52
151887	10	81	34
151888	30	93	36
1519	13	72	53
151903	104	77	83
151963	101	78	83
151987	112	88	97
152	17	77	45
1520	138	90	99
152002	54	97	54
152006	102	91	85
152007	17	69	40
152015	2	78	36
152078	9	85	53
152098	5	99	28
1521	2	87	30
152100	10	113	35
152110	14	83	39
152137	66	87	59
152185	190	81	125
152189	65	77	81
152195	4	91	32
1522	47	77	49
152206	52	100	46
152217	22	84	41
152273	206	88	141
1523	186	85	136
152302	1	80	25
152330	6	105	30
1524	3	80	24
152404	1	96	34
152405	1	85	41
152485	32	75	35
1525	358	81	268
152503	56	88	56
152518	102	90	88
152519	113	100	90
152559	26	92	43
152573	32	76	49
152579	36	100	49
152586	2	81	34
152663	12	86	33
152687	5	86	30
1527	32	80	45
152756	15	97	40
152789	37	94	41
1528	124	88	67
152815	19	87	36
152816	47	89	62
152831	9	102	39
152877	4	86	25
152926	34	96	47
152940	22	69	34
152992	39	93	41
153	10	83	38
153020	9	93	25
153090	74	85	73
153129	39	94	56
153222	11	99	34
153241	105	91	66
153328	33	94	49
153339	6	76	32
153364	60	90	55
153396	26	97	43
1534	63	81	60
153443	63	99	57
153478	27	82	54
1535	58	90	51
153527	113	104	88
153562	59	78	62
153571	1	91	32
153572	6	94	36
153579	153	83	97
1536	17	77	44
153642	89	74	74
153643	16	82	28
153657	25	95	45
153684	3	67	34
1537	222	86	130
153733	27	71	46
153743	14	85	47
153745	3	87	39
153768	16	89	38
153769	46	57	64
153770	18	86	49
1538	20	95	48
153830	28	74	52
1539	26	79	49
153918	27	80	51
154	324	90	219
1540	854	77	984
154007	38	88	46
154043	47	82	49
154064	12	90	36
154075	15	88	36
154091	71	87	84
154141	31	117	41
154150	1	93	33
154197	15	87	36
154214	8	62	41
1543	75	83	71
154313	65	92	61
154386	2	93	36
1544	10	84	40
154449	1	77	46
154467	58	86	56
1545	14	76	34
154661	8	86	35
154664	14	91	34
154743	22	99	37
154754	7	97	39
154790	2	87	27
154791	57	83	56
154796	308	82	229
1548	7	97	40
154807	97	73	69
154810	88	76	75
154865	77	68	81
154881	79	101	55
1549	2	86	35
155	3	77	38
155006	9	91	42
155038	28	98	40
155051	11	84	30
155054	1	63	28
155060	5	77	41
155061	319	76	205
155066	2	75	31
1551	5	102	28
155100	8	69	38
155184	7	81	37
155185	42	93	42
1553	5	78	32
155368	36	84	55
155370	2	98	21
155382	18	77	47
155400	58	83	52
155435	120	83	69
155465	39	84	40
1555	8	87	35
1557	4	81	41
1558	15	85	38
1559	103	75	86
156	86	76	65
1562	26	96	43
1565	4	86	35
157	16	87	36
1571	18	91	44
157247	1	91	26
157285	25	96	40
1573	28	81	40
157310	4	87	46
157313	77	86	67
157378	51	111	59
157381	1	88	30
157506	19	96	33
157556	1	79	33
157567	128	76	98
157570	69	102	57
157574	15	89	35
1576	16	75	42
157638	31	85	44
157657	7	81	37
157680	73	90	58
157695	5	85	30
157697	14	83	45
1577	10	93	38
157708	1	74	37
157724	2	86	36
157739	2	75	44
157753	124	89	109
157769	137	94	83
157773	6	88	28
157777	3	88	23
157807	2	74	30
157869	3	81	33
1579	4	101	35
157922	92	83	69
157927	3	81	39
158	180	82	104
1580	2	94	32
158038	18	101	38
158046	5	79	43
158055	49	94	63
158056	17	97	41
158062	66	74	66
158067	18	73	42
158078	147	79	105
158135	7	87	29
158158	23	75	43
158160	20	91	32
1582	6	85	41
158219	16	67	41
158234	40	79	55
158248	6	82	38
158293	18	76	41
158297	49	89	54
1583	6	83	23
158326	2	84	33
158345	3	89	33
158358	12	73	39
158399	58	98	50
1584	2	89	37
158401	4	94	33
158405	20	82	45
158427	39	91	54
158431	38	77	56
158471	30	68	30
158506	19	76	35
158511	4	87	34
158521	14	80	33
158584	2	77	36
158586	18	76	31
1586	16	91	46
158724	2	82	30
158747	96	80	87
158763	113	91	77
158787	60	79	53
158798	18	83	41
1588	40	93	38
158800	3	90	40
158801	1	103	31
158809	10	81	40
158830	4	71	32
158835	3	87	21
158866	120	87	81
158880	49	71	51
1589	23	91	39
158983	15	86	36
159	118	84	73
159013	8	97	43
159090	40	73	52
159091	8	84	34
1591	54	88	71
159119	10	81	33
159162	1	90	31
159163	35	92	43
159195	211	87	153
1592	3	94	43
159296	4	89	35
1593	13	86	56
159371	32	94	61
1594	2	88	25
1595	133	90	85
159686	15	93	35
159963	2	90	31
159989	76	74	65
16	154	94	105
160	274	83	174
1600	85	85	81
160065	48	88	48
1601	122	108	80
160140	12	94	43
1602	97	85	61
160287	41	93	46
160298	2	95	33
1603	92	84	69
160335	14	104	31
160364	34	79	56
1604	60	95	55
160418	95	83	70
160419	2	85	31
160428	39	89	52
160492	3	83	24
1605	123	96	92
160518	15	82	39
1606	10	79	31
160622	12	109	40
1607	4	96	37
160728	25	78	39
160760	72	80	62
160762	3	86	28
160777	11	95	47
1608	31	69	37
160851	30	72	50
160857	9	85	24
160897	24	80	35
1609	17	92	48
161	182	86	130
1610	9	105	45
161003	8	80	31
1611	9	68	39
161142	3	82	31
161145	43	99	52
161176	439	72	330
161198	84	63	64
1612	198	90	134
161247	1	77	32
161253	3	85	40
161291	84	86	68
1613	79	74	65
161357	2	83	40
161394	1	107	35
161424	122	70	91
161436	18	84	52
161497	1	79	30
1615	319	82	198
161502	13	80	31
161514	31	100	42
161582	20	92	34
1616	346	91	233
1617	9	87	30
161725	16	81	40
161742	49	88	53
161753	9	96	29
161779	1	70	32
1618	143	96	107
161823	6	76	35
161829	2	93	26
161835	6	90	29
161882	12	86	47
161931	8	106	32
162	214	85	141
1620	33	100	59
162073	14	85	39
162083	1	102	33
1621	10	94	38
1622	41	103	47
162239	44	79	58
162333	8	95	38
162394	39	86	61
162417	8	89	33
162427	220	73	132
162461	16	101	45
162466	57	88	61
162494	4	93	27
162514	6	81	33
162515	5	89	44
162517	3	95	36
162540	4	107	28
162605	28	78	44
162655	1	85	35
162681	10	76	28
162699	4	100	27
1627	392	92	261
1628	13	92	51
1629	187	84	129
162962	5	85	44
162963	6	93	41
162966	3	113	40
162967	26	97	34
162968	42	73	49
162972	64	69	70
162979	29	94	50
162989	15	74	35
162993	6	97	26
162998	1	101	21
163	349	78	229
1630	63	81	63
163033	67	71	66
163049	19	81	59
163050	44	80	36
163051	11	102	39
163059	9	92	22
163071	19	97	37
163081	10	84	47
163087	18	79	51
163115	1	100	37
163126	19	91	39
163131	1	79	31
163154	30	102	40
163183	100	86	81
1632	61	85	53
163223	1	79	28
163227	19	93	44
163255	2	77	44
163259	12	86	41
1633	59	84	45
163351	18	77	29
1634	26	87	52
163479	2	81	33
163486	20	92	49
1635	27	81	47
163589	10	100	32
163590	197	86	151
1636	16	90	38
163688	7	95	35
163702	46	95	56
163732	5	75	27
163747	2	91	33
163778	3	76	44
163782	21	77	35
163786	156	101	105
1638	20	77	40
163859	35	104	49
163882	23	86	54
1639	464	103	337
163933	2	75	31
164	139	94	103
164045	7	88	41
164091	8	83	35
1641	82	100	71
164118	1	89	26
164127	59	92	61
164153	14	97	42
1642	633	69	551
164237	2	107	26
164284	3	77	37
1643	138	88	104
164312	7	95	32
164395	12	90	40
1644	5	95	31
1645	20	73	38
164592	35	97	54
1646	54	76	49
164633	5	85	31
164656	2	88	48
164668	3	77	39
164684	10	83	40
1647	92	91	74
164714	1	88	32
164781	10	76	44
164832	23	98	49
1649	117	87	85
165	6	92	31
1650	367	81	276
165055	120	80	97
165082	12	94	42
165100	13	79	52
165140	49	90	52
165186	2	91	34
1652	12	89	35
165215	55	79	62
165257	1	90	30
1653	441	84	310
165324	23	91	39
1654	632	98	605
1655	521	73	472
165530	9	98	36
165545	18	93	28
1656	488	77	425
165631	4	74	40
1657	56	92	48
165721	79	98	78
165829	70	87	46
1659	285	82	203
165904	17	90	43
165918	98	103	73
166	433	97	337
1660	673	86	646
166012	5	99	35
1662	178	89	132
1663	66	101	55
166336	7	76	30
166348	2	84	53
166378	94	99	68
166379	7	85	38
1665	481	68	409
1666	81	90	59
166614	29	80	46
166647	16	95	31
166655	3	92	35
1667	95	95	74
166752	3	93	26
166785	5	89	36
166793	27	76	53
1668	4	83	22
166815	5	81	32
166824	10	100	42
166863	9	77	35
166929	12	85	42
166968	22	96	54
166979	34	85	53
167	1	95	27
1670	68	91	56
1671	21	87	38
167127	19	97	40
167153	44	86	54
1672	10	69	38
167227	94	98	64
1673	2	81	37
167359	8	91	36
1674	146	99	110
167410	5	81	41
167465	7	87	33
1675	4	101	35
167555	1	91	43
1676	67	96	57
167681	7	93	29
167691	124	94	85
1677	28	77	43
1678	79	90	77
167826	29	72	30
167838	90	99	77
168002	15	83	29
168090	6	76	38
168374	54	78	58
168391	6	81	36
168400	6	93	33
168417	6	88	36
168433	24	70	48
168448	1	80	33
168451	6	87	34
168455	23	84	45
168507	7	77	33
168537	1	85	31
168544	174	87	125
168620	73	89	73
168667	2	94	36
1687	52	99	43
168850	37	71	44
168975	1	88	33
1690	46	81	35
169026	71	95	73
169044	8	80	39
169166	7	91	34
169200	4	87	37
169270	2	73	31
169355	11	91	36
169436	5	92	37
169522	9	92	30
169611	7	91	43
169693	10	102	35
169714	76	89	62
169792	23	88	46
169834	1	82	36
169841	53	109	72
169966	19	74	38
169981	31	77	47
170062	12	93	43
170063	6	104	25
170082	143	86	94
170261	34	65	56
170302	27	88	40
170384	73	83	76
170392	64	97	54
170393	12	80	45
170394	17	99	42
170463	49	80	56
170482	21	84	42
170506	291	97	173
170572	87	98	80
170575	43	88	53
170589	23	82	48
170591	10	96	31
170595	1	77	30
170622	55	102	68
170626	20	76	38
170679	1	98	32
170680	27	89	34
170685	20	85	40
170689	8	70	33
170690	5	83	39
170691	20	86	35
170692	7	83	42
170712	11	95	46
170825	3	76	42
170850	7	93	44
170954	129	98	98
170958	3	82	31
170959	21	83	40
170960	8	84	30
170961	9	100	38
171	21	113	46
171017	68	83	69
171019	2	99	42
171023	287	81	215
171024	25	92	39
171169	8	105	34
171177	242	81	165
171222	1	90	35
171389	14	100	50
171392	11	100	41
171425	14	97	39
171482	57	71	67
171483	166	124	97
171484	62	83	67
171523	2	96	41
171546	13	95	30
171558	9	91	45
171568	89	86	77
171586	21	72	52
1716	89	86	78
1717	176	78	118
1718	146	97	91
1719	127	87	92
172	4	81	32
1723	26	82	52
1725	97	102	77
1727	328	85	211
1728	85	81	62
1729	152	76	107
173	10	82	30
1730	49	87	45
1731	45	96	60
1734	16	88	25
1735	20	96	44
1736	383	91	291
1737	225	75	148
1738	478	77	389
1739	191	95	103
174	22	79	27
1740	41	70	58
1741	104	79	77
1742	133	71	82
1743	470	82	344
1744	1	93	24
1745	7	82	44
1746	18	88	36
1747	4	81	37
1748	4	79	27
1749	17	82	40
175	31	84	50
1750	32	111	47
1755	55	79	47
1756	99	68	84
1757	38	88	51
1758	2	96	28
1759	106	92	84
176	7	95	40
1760	21	100	50
1761	5	71	33
1762	81	94	66
1763	69	91	69
1767	25	88	53
1768	34	95	50
1769	19	76	37
177	18	89	41
1770	17	83	54
1773	2	94	31
1774	118	89	69
1775	23	106	28
1776	3	85	31
1777	18	91	36
1778	469	96	391
178	101	80	78
1780	104	82	74
1781	285	102	184
1783	150	85	79
1785	253	89	151
1786	234	68	138
1787	21	98	37
1788	100	72	71
1789	103	94	81
1791	13	100	32
1793	54	87	50
1794	63	84	56
1795	53	88	48
1796	39	100	47
1797	19	89	36
1798	14	87	43
18	72	79	57
1800	63	95	60
1801	59	90	61
1802	44	90	58
1803	433	91	314
1804	16	73	48
1805	2	63	38
1806	17	97	48
1807	9	96	32
1808	207	88	127
1809	78	97	61
181	10	101	36
1810	73	89	48
1811	1	92	37
1812	16	92	43
1813	99	79	71
1814	29	77	52
1815	23	84	38
1816	9	91	33
1818	1	74	27
1819	63	81	53
182	34	69	48
1820	120	83	108
1821	5	86	35
1822	180	115	105
1823	124	84	86
1824	150	104	105
1825	101	91	71
1826	160	89	130
1827	47	93	66
1828	184	61	108
1829	255	103	179
183	27	91	47
1830	31	90	49
1831	62	77	51
1832	406	90	296
1833	2	82	32
1834	2	83	30
1836	48	119	54
1837	120	95	72
1838	101	92	79
1839	14	77	35
1840	29	68	42
1841	37	88	44
1842	1	82	32
1843	96	77	87
1844	78	82	80
1845	72	97	58
1846	113	69	93
1847	52	77	55
1848	122	82	92
1849	68	95	54
185	93	88	59
1850	40	82	41
1852	97	81	71
1854	121	85	83
1855	122	82	91
1856	534	75	511
1857	265	76	192
1859	1061	74	1320
186	11	71	38
1861	69	67	64
1869	159	86	116
187	208	82	133
1870	35	84	51
1871	63	69	38
1874	477	81	384
1875	22	81	38
1876	184	77	111
1877	96	70	77
1879	13	94	33
1880	37	84	44
1889	105	78	81
189	42	88	45
1890	88	80	74
1891	222	84	154
1892	230	91	138
1893	126	83	87
1894	884	91	1063
1896	99	84	59
19	27	67	42
190	20	103	47
1901	105	96	92
1902	205	98	156
1903	3	83	38
1906	5	96	32
1908	103	82	80
1909	48	79	61
191	286	87	180
1910	34	78	48
1911	77	81	62
1912	140	81	98
1915	705	88	716
191585	1	86	40
1917	296	65	182
192111	266	89	161
192286	17	64	36
192666	53	82	59
192668	24	88	45
192669	145	90	104
192670	117	92	87
192683	24	90	43
1933	198	73	132
1936	323	81	188
193629	1	82	27
1937	438	87	327
1938	541	96	476
1939	52	85	53
1942	96	82	90
1943	67	80	61
1944	105	97	80
1945	234	85	169
1946	68	90	60
1947	248	74	146
1948	124	79	83
1949	50	83	53
1950	19	88	34
1951	38	93	47
1952	95	102	57
1953	14	81	39
1954	54	83	41
1955	6	92	32
1956	1718	70	2759
1958	54	102	56
195814	37	95	44
195827	2	84	27
195828	1	91	28
1959	163	77	128
196	128	76	79
1960	2	88	30
196051	50	80	49
196074	274	75	182
1961	4	92	39
1962	144	75	114
196264	5	75	39
196294	243	106	192
196335	1	90	26
196374	86	76	60
196383	6	96	33
196385	30	95	47
196394	4	90	36
1964	107	75	78
196403	105	88	76
196410	17	92	40
196441	182	74	135
196446	1	88	32
196463	44	107	54
196472	20	99	37
196477	14	94	52
196483	25	94	64
1965	250	106	173
196500	15	85	46
196513	103	72	73
196527	127	82	82
196528	149	69	121
196541	19	81	50
196549	1	84	31
1967	128	84	92
196740	12	80	35
196743	3	96	29
196792	57	83	69
1968	293	75	180
196872	1	90	32
196883	7	87	38
1969	708	81	699
196913	2	93	36
196951	15	86	43
196993	1	94	31
196996	10	99	37
197	95	85	74
197003	1	94	41
197021	25	89	39
197131	157	71	132
197135	2	87	41
197187	1	89	38
197196	2	86	28
197257	48	79	42
197258	43	85	44
197259	53	96	48
1973	338	72	240
197320	10	88	37
197322	59	76	65
197335	34	105	51
197342	5	96	36
197350	1	116	35
197358	7	97	49
197370	33	69	39
1974	161	93	115
197407	147	84	111
1975	391	93	305
1977	193	83	128
1978	80	90	72
1979	35	91	34
1981	411	85	287
1982	137	80	76
1983	200	99	123
1984	238	93	142
198437	1	81	44
199	10	90	39
1990	17	95	46
1991	24	96	40
1992	67	112	68
199221	19	91	37
199223	14	92	43
1993	167	85	110
1994	2026	85	2414
1995	25	81	51
1996	36	103	51
199675	13	83	43
199692	19	74	47
1997	119	69	93
199704	4	82	34
199713	161	86	125
199720	24	75	41
199731	45	85	48
199745	27	92	39
199746	14	89	31
199777	3	73	38
199786	3	88	38
1998	149	76	116
199800	1	90	30
199834	79	89	68
199857	8	79	41
199870	19	86	32
1999	48	98	43
199920	8	85	47
199953	126	94	65
199964	1	96	29
199990	61	83	56
2	180	86	124
20	106	93	76
2000	110	84	75
200008	3	51	39
200010	5	95	44
200014	36	107	43
200030	3	76	28
200081	237	72	149
2001	47	81	51
200132	9	93	41
200150	53	74	44
200162	16	75	38
200172	2	91	32
200185	69	72	64
200186	59	79	57
2002	104	81	94
200205	92	84	62
200232	260	93	178
200261	2	83	38
200298	1	86	29
200312	3	86	33
200315	11	75	35
200316	65	101	49
200350	27	97	44
200373	2	83	27
2004	114	87	83
200403	12	84	36
200407	3	88	30
200424	23	83	33
2005	86	83	78
200504	7	70	31
200523	49	79	53
200539	20	81	43
200558	41	87	38
200576	43	89	54
2006	20	95	37
200634	33	84	34
200728	403	92	320
200734	58	95	50
200765	11	94	33
200810	5	87	41
200844	3	83	36
200845	68	81	56
200879	57	74	53
200894	316	76	230
200895	288	95	183
2009	29	87	45
200909	3	88	30
200916	78	67	66
200931	7	86	45
200933	86	78	70
200942	8	82	44
200958	24	84	50
2010	784	98	852
2011	265	69	167
201134	28	83	44
201158	55	84	66
201161	116	81	78
201163	97	82	82
201164	149	70	102
201176	11	96	34
201181	32	98	46
2012	62	86	65
201232	29	86	38
201254	27	73	48
201255	20	91	47
201266	52	91	52
201283	1	87	26
201292	77	95	56
201294	25	84	48
201299	7	83	44
2013	5	72	25
201305	20	92	52
2014	67	74	71
201456	12	80	43
201475	26	89	52
201501	15	80	31
201514	11	75	39
201516	15	104	45
201562	73	80	64
201595	250	87	163
2016	9	92	35
201625	15	102	48
201626	115	88	83
201627	82	95	56
201633	25	76	39
2017	416	87	298
201725	15	79	35
201780	5	87	46
201798	5	65	36
201799	38	80	52
2018	34	92	42
201895	6	109	43
2019	107	92	97
201931	186	89	128
201965	19	116	32
201973	20	90	40
202	73	87	51
2020	7	93	28
202018	37	85	53
202051	50	102	52
202052	74	80	56
2021	59	100	43
202134	27	79	53
202151	10	86	40
202181	1	77	34
2022	205	79	121
202243	65	86	51
202299	141	75	112
2023	702	85	745
202333	32	89	36
202374	16	83	41
202459	4	73	33
202559	128	77	91
2026	133	78	110
202658	2	90	30
2027	86	101	75
2028	5	94	33
202865	3	80	28
2029	59	89	69
202915	100	98	72
203	62	75	49
2030	112	103	86
203054	15	80	54
203062	36	71	44
203068	677	75	651
203069	6	91	36
203076	11	81	38
203100	182	95	113
203102	25	93	41
203111	34	93	51
203190	2	98	29
203197	26	105	43
203228	1318	79	1590
203238	7	91	42
203245	14	87	37
203259	48	79	60
203260	66	78	72
203274	1	83	27
203286	54	79	61
2033	1317	83	1605
203328	48	79	54
2034	160	86	104
203427	9	118	39
203447	4	84	35
2035	116	87	84
203522	19	96	38
203523	10	79	37
203547	108	87	82
203562	197	86	153
203569	8	91	41
2036	161	91	92
203611	5	84	35
2037	276	95	173
2038	10	87	42
203859	11	106	32
2039	35	90	45
204	166	98	106
2040	325	85	204
204010	1	97	32
2041	232	84	148
2042	100	85	71
204219	59	108	55
2043	181	80	117
2044	144	93	127
204474	3	93	42
2045	279	95	201
2046	156	113	110
2047	22	61	43
2048	182	84	135
204801	4	93	47
204851	34	77	60
2049	24	86	44
204962	20	114	40
205	170	84	115
2050	133	72	76
2051	76	90	72
205147	1	79	31
2052	103	92	69
2053	18	87	34
205327	6	92	26
2054	75	81	71
205428	50	103	50
2055	32	86	34
205564	58	88	69
2056	14	110	41
2057	36	95	48
205717	20	94	29
2058	491	76	399
205860	63	88	56
2059	100	81	69
206	1	87	45
2060	206	85	121
2063	39	83	45
206338	2	89	26
206358	11	84	38
2064	676	89	672
206412	1	88	32
206426	11	90	30
2065	325	93	207
2066	167	85	106
2067	56	88	47
2068	74	94	54
2069	11	82	42
207	566	79	505
2070	246	85	191
207063	22	82	41
2071	161	96	100
207147	1	95	41
2072	82	102	57
2073	56	89	73
2074	226	72	151
2077	105	85	78
2078	216	82	137
2079	224	88	131
208	118	84	81
2081	55	97	56
2086	3	92	40
2091	628	91	575
2098	75	80	53
2099	2291	80	2853
21	41	96	62
210	40	98	49
2100	2290	95	2840
2101	62	90	64
2103	100	86	77
2104	68	79	59
2107	130	94	94
2108	278	90	152
2109	170	72	115
211	133	92	97
2110	21	84	37
2113	108	90	73
2114	51	96	58
2115	20	81	50
2116	2	77	25
2117	129	93	93
2118	66	80	47
2119	31	100	39
212	4	88	32
2120	103	79	65
2121	5	87	35
2122	360	86	260
2123	20	67	52
2124	33	90	38
2125	92	93	69
2128	1	92	47
213	369	86	279
2130	838	93	908
2131	51	76	61
2132	78	100	65
2134	6	88	49
2135	46	81	46
2137	106	84	80
2138	45	67	56
2139	121	92	84
214	77	95	51
2140	70	85	48
2145	82	78	56
2146	1457	87	1887
2147	41	90	49
2149	27	75	38
215	74	70	65
2150	171	81	107
2152	24	84	49
2153	18	81	38
2155	17	93	43
2157	18	86	39
2158	38	93	48
2159	26	96	28
216	50	90	43
2160	9	82	45
2161	68	95	49
2162	14	98	47
2165	2	94	37
2166	11	91	29
2167	19	104	46
2168	14	63	44
2169	4	81	33
217	130	75	84
2170	30	92	52
2171	150	101	90
2172	2	87	45
2173	16	99	37
2175	158	77	106
2176	85	94	65
2177	823	65	948
2178	29	73	50
218	75	101	72
2180	71	85	73
2181	253	92	198
2182	138	75	94
2184	21	80	53
2185	77	79	68
2186	190	93	135
2187	24	84	47
2188	22	90	37
2189	101	82	66
219	185	102	117
2191	19	91	43
2192	120	76	91
219285	11	71	37
219287	5	85	40
219293	36	88	37
2193	167	83	97
219333	66	104	59
219347	1	101	29
219348	27	83	37
2194	394	91	271
219402	296	97	231
219409	46	85	44
219431	3	87	35
219432	1	84	29
219437	2	82	40
219447	1	73	26
219482	3	120	40
219484	4	77	47
219487	2	95	29
219493	1	86	42
2195	103	85	79
219527	64	76	57
219537	5	68	30
219541	103	72	64
219557	1	71	38
219578	3	95	31
219595	10	87	30
2196	7	80	34
219621	26	86	38
219654	7	109	41
219670	12	80	31
219681	5	98	31
219699	78	80	55
2197	200	89	113
219736	14	69	33
219738	89	83	69
219743	24	82	34
219749	5	89	33
219770	13	84	40
219771	46	105	48
219790	8	85	36
219793	1	88	36
219833	9	85	32
219844	5	84	37
219854	77	77	63
219855	1	110	27
219865	1	96	39
219869	1	90	23
219870	5	88	28
219873	7	82	38
219874	40	90	57
219899	11	90	40
2199	52	90	57
219902	20	78	35
219927	176	87	108
219931	62	86	55
219938	8	105	38
219957	4	90	29
219972	3	79	33
219981	3	89	26
219983	2	80	33
219988	177	92	114
219990	1	87	27
219995	38	82	57
22	135	88	104
220	51	72	49
2200	31	84	62
220001	62	73	44
220002	24	94	37
220004	78	76	48
220032	4	83	31
220042	14	92	49
220047	11	83	29
220064	12	79	36
220074	4	84	38
220081	8	86	37
220082	134	85	99
2201	56	95	63
220107	1	90	28
220108	46	95	62
220134	67	78	64
220136	30	99	48
220164	23	76	50
2202	118	80	90
220202	1	90	24
220213	169	80	105
220296	5	87	37
2203	345	73	234
220323	61	96	69
220359	12	78	25
220388	18	82	39
2204	6	75	38
220416	1	78	30
220441	20	96	34
2205	35	92	56
220594	9	97	38
2206	7	86	43
2207	86	67	72
220717	129	92	73
2208	7	83	35
220869	8	82	32
220885	8	85	25
2209	46	104	58
220929	70	82	60
220963	5	70	31
220965	19	82	46
220972	61	95	63
220979	2	95	35
220988	487	92	383
220992	29	90	43
221	107	98	81
2210	3	88	35
221002	6	84	40
221035	30	105	32
221037	85	100	65
221044	1	104	39
221061	88	90	83
221074	79	79	79
221078	14	81	38
221079	55	93	58
221091	62	105	58
221092	273	105	189
221120	53	76	58
221143	7	76	35
221150	148	86	96
221154	93	79	77
221178	17	98	49
221184	89	93	81
221188	92	85	76
2212	46	100	50
221241	1	81	32
221264	17	87	51
221294	26	87	39
2213	15	89	36
221301	39	90	49
221302	171	91	118
221322	93	100	77
221336	5	100	38
221357	8	75	42
221391	2	90	25
221393	1	85	30
221395	7	65	49
2214	32	81	43
221400	8	93	36
221409	11	88	31
221416	2	85	35
221421	18	86	47
221424	33	79	44
221443	15	86	34
221458	7	76	43
221472	25	83	36
221476	8	100	36
221477	8	98	30
221481	55	85	50
221491	1	84	33
221496	94	79	65
2215	42	86	59
221504	114	77	81
221527	7	86	33
221545	9	89	35
221547	2	90	37
221613	70	87	65
221656	58	65	49
221662	38	88	57
221687	11	77	38
221692	10	80	48
2217	114	78	74
221710	2	79	21
221711	5	95	31
221718	3	100	37
221749	7	82	41
221756	1	96	26
221785	73	98	72
221786	10	85	43
2218	10	93	35
221806	67	72	57
221823	34	91	43
221830	53	97	51
221833	3	83	31
221838	1	86	31
221883	1	73	33
221895	60	86	52
2219	32	69	46
221908	10	108	36
221914	8	94	34
221927	94	89	53
221935	20	80	49
221937	237	76	156
221938	8	86	41
221955	56	88	53
221960	13	99	36
221981	25	84	42
222	24	81	47
2220	3	89	36
222008	5	85	38
222068	74	72	51
2221	1	96	25
222166	34	105	46
222171	8	89	39
222183	3	84	32
222194	114	70	84
2222	136	81	96
222223	6	81	39
222229	115	91	89
222234	10	90	45
222235	42	88	49
222236	3	75	38
222255	80	98	73
222256	7	93	29
222389	94	80	75
2224	124	75	101
222484	101	102	90
222487	12	79	52
222537	1	86	38
222546	43	89	51
222553	18	96	32
222584	141	75	88
222611	1	104	33
222642	62	87	54
222643	22	85	46
222658	16	90	43
222659	1	84	33
222662	141	75	109
222663	2	81	34
222696	38	92	55
222698	24	86	45
2228	1	80	25
222826	3	78	30
222865	35	85	40
222894	15	81	41
222950	11	87	36
222962	3	62	28
222967	2	85	33
223	81	58	71
2230	39	92	52
223082	47	92	53
223117	6	84	39
2232	70	89	59
2235	125	87	73
2237	192	100	121
2239	76	79	76
224	304	90	207
2241	38	77	66
2242	34	85	43
2243	87	89	71
2244	191	90	140
2245	41	83	50
2246	39	92	41
2247	45	88	42
2248	62	86	43
2249	39	71	47
225	3	73	33
2250	6	91	32
2251	4	89	40
2252	5	84	34
2253	104	90	82
2254	13	87	49
2255	12	103	31
2256	169	88	114
225689	55	91	53
2257	75	96	56
2258	114	67	92
2259	41	90	46
226	311	85	191
2260	608	87	587
2261	288	87	227
2262	11	95	38
2263	217	94	140
2264	442	86	358
2266	95	77	60
2267	76	79	63
2268	82	95	56
2271	166	81	109
2272	18	82	37
2273	120	86	96
2274	382	76	289
2275	268	79	186
2277	36	100	51
22794	140	84	90
22795	75	74	70
22796	83	96	56
22797	12	100	47
22798	4	77	22
2280	108	85	84
22800	84	100	65
22801	4	68	34
22802	24	91	42
22803	332	101	233
22806	303	84	207
22807	25	89	44
22808	13	90	46
22809	19	95	41
2281	31	89	44
22818	132	91	66
22820	222	97	150
22821	31	94	43
22822	62	92	57
22823	78	75	64
22824	238	91	147
22826	223	79	139
22827	360	86	250
22828	61	73	50
22829	5	81	33
22832	162	80	121
22834	6	77	33
22835	12	97	40
22836	95	99	71
22837	66	90	59
22838	15	102	41
22839	67	91	86
22841	79	90	63
22843	38	82	46
22844	5	92	33
22845	50	71	61
22846	14	81	43
22847	47	98	73
22848	108	91	67
22849	4	86	38
22850	56	104	56
22852	132	88	85
22853	100	84	82
22854	102	97	78
22856	49	80	57
22858	57	79	67
22859	72	79	66
2286	76	86	55
22861	40	79	63
22862	288	85	204
22863	63	93	57
22864	128	78	87
22865	19	101	40
22866	14	73	48
22868	272	89	180
22869	22	96	46
2287	125	83	75
22870	165	82	109
22871	21	97	49
22872	178	95	97
22873	41	84	45
22874	33	81	44
22875	24	70	42
22876	40	78	44
22877	17	85	42
22878	73	83	58
22879	21	91	53
2288	272	89	162
22880	86	87	62
22881	6	86	50
22882	70	89	70
22883	108	98	84
22884	74	87	72
22885	34	88	48
22887	39	86	38
22888	21	98	42
22889	58	89	46
2289	409	94	336
22890	137	98	96
22891	17	88	34
22893	61	94	60
22894	177	87	122
22895	25	84	43
22897	129	103	101
22898	4	96	40
22899	47	101	51
229	34	87	46
2290	84	96	70
22900	52	81	44
22901	37	79	40
22902	53	92	53
22903	17	83	49
22904	13	98	28
22905	92	102	65
22906	75	83	58
22907	512	85	386
22908	142	75	103
22909	56	82	51
22911	36	81	55
22913	352	94	244
22914	21	87	34
22915	27	71	35
22916	125	103	97
22918	29	91	33
22919	508	86	419
22920	104	98	71
22921	60	92	60
22924	221	81	151
22925	3	65	34
22926	111	99	80
22927	143	99	92
22928	30	82	45
22929	72	84	75
22930	150	82	94
22931	129	78	84
22932	8	89	24
22933	147	110	107
22934	56	91	55
22936	30	84	49
22937	117	93	75
22938	733	79	740
2294	33	80	45
22941	35	75	36
22943	23	90	46
22944	66	78	59
22948	512	74	419
22949	39	92	53
2295	53	81	59
22950	132	96	84
22953	67	67	58
22954	184	76	119
22955	48	100	52
2296	227	78	157
2297	4	81	33
22974	201	87	137
22976	354	92	253
22977	16	94	51
22978	107	96	88
22979	68	82	62
2298	56	89	58
22980	89	88	61
22981	456	72	384
22982	9	88	28
22983	222	84	185
22984	378	97	267
22985	295	99	173
22986	6	87	33
22987	12	99	27
22989	20	67	40
2299	91	74	65
22990	12	88	40
22992	95	100	63
22993	8	89	46
22994	198	88	124
22995	164	83	116
22996	12	95	39
22997	8	88	40
22998	93	94	72
22999	19	93	56
23	196	97	128
230	121	103	74
2300	194	83	127
23001	97	76	71
23002	51	87	54
23005	68	93	68
23007	72	78	50
23008	53	102	53
2301	7	91	41
23011	113	93	57
23012	72	77	59
23013	136	87	88
23014	60	93	51
23015	34	79	46
23016	122	76	93
23017	10	92	40
23019	271	98	146
2302	25	76	49
23020	427	83	340
23022	115	105	71
23023	22	95	35
23024	38	75	40
23025	10	86	35
23026	11	98	32
23028	796	82	858
23029	287	78	207
2303	41	88	40
23030	64	78	70
23031	126	82	101
23032	138	86	97
23033	19	94	46
23034	44	84	42
23035	31	87	52
23036	60	75	69
23037	22	82	35
23038	147	85	98
23039	1092	91	1394
2304	79	72	68
23040	8	96	35
23041	143	79	95
23042	203	75	131
23043	154	86	98
23046	48	91	60
23047	174	90	117
23048	117	97	85
23049	87	95	51
2305	111	88	68
23051	46	112	49
23052	83	88	58
23053	66	99	49
23054	139	67	105
23057	23	77	40
23059	226	90	134
2306	28	97	41
23060	138	88	95
23061	77	81	62
23062	80	91	70
23063	168	86	123
23064	154	97	109
23065	405	88	286
23066	85	98	76
23067	69	88	65
2307	85	82	75
23070	210	91	138
23071	175	83	112
23072	34	75	50
23074	71	84	61
23075	74	72	65
23076	311	83	221
23077	215	82	121
23078	333	69	230
2308	331	89	230
23080	22	93	54
23081	63	92	52
23082	18	89	30
23085	181	79	118
23086	53	86	58
23087	97	79	88
23089	103	76	72
2309	84	89	64
23090	39	88	43
23091	154	79	85
23092	64	90	71
23093	47	81	62
23094	111	78	80
23095	159	86	101
23096	33	73	44
23097	86	89	83
23098	49	87	41
23099	46	94	44
231	78	103	59
2310	5	87	26
23101	36	86	48
23102	90	75	78
23105	33	84	56
23107	326	102	197
23108	10	93	39
23109	6	87	31
23111	102	89	78
23112	279	74	200
23113	169	92	117
23114	7	89	37
23116	12	87	40
23117	2	91	26
23118	165	78	114
23119	58	83	43
2312	103	83	79
23120	4	90	32
23122	135	91	88
23125	17	103	44
23126	263	86	213
23127	65	73	54
23129	22	98	39
2313	58	94	44
23130	41	79	57
23131	110	100	79
23132	98	80	73
23133	174	98	110
23135	93	73	66
23136	245	84	158
23137	991	83	1188
23138	49	96	45
23139	50	94	52
2314	288	95	187
23140	130	87	104
23141	202	70	132
23142	30	77	54
23143	62	80	63
23144	226	104	188
23145	6	80	36
23148	20	71	56
23149	71	88	59
2315	5	74	26
23150	6	94	44
23151	61	85	52
23152	674	78	660
23154	105	102	84
23155	185	94	109
23157	76	74	70
23158	55	69	61
2316	608	83	555
23160	112	81	82
23161	20	88	39
23162	56	91	59
23163	108	82	74
23164	212	92	141
23165	234	96	129
23166	10	75	45
23167	106	90	74
23168	105	90	91
23169	3	88	29
2317	297	89	199
23170	119	80	74
23171	64	79	53
23172	88	70	64
23173	49	87	53
23174	36	84	56
23175	30	80	37
23176	79	82	61
23177	19	75	36
23178	130	80	90
23179	14	80	40
2318	217	94	128
23180	35	97	38
23181	94	80	65
23184	145	89	103
23185	237	78	168
23186	495	74	416
23187	44	97	55
23189	38	88	46
2319	280	84	161
23190	180	101	127
23191	188	88	127
23192	122	85	81
23193	361	84	230
23194	25	76	39
23195	189	96	139
23196	342	83	210
23197	434	83	314
23198	93	83	68
23199	154	99	86
23200	8	77	44
23201	142	75	90
23203	379	106	302
23204	126	73	84
23205	6	80	39
23207	12	95	46
23208	30	90	37
23209	19	85	30
2321	156	89	109
23210	198	96	143
23211	147	97	82
23212	340	86	205
23213	32	73	48
23214	87	74	58
23215	274	89	173
23216	60	104	49
23217	4	89	32
23218	24	92	47
23219	105	96	89
2322	189	88	128
23220	20	90	46
23221	164	81	95
23223	300	81	203
23224	173	82	94
23225	172	80	103
23228	16	97	30
23229	26	92	50
2323	3	83	28
23230	104	102	87
23231	54	94	59
23232	10	90	31
23233	44	79	43
23234	289	87	193
23235	104	80	80
23236	46	86	51
23237	25	89	42
23239	305	78	216
2324	246	93	176
23240	87	69	66
23241	18	84	55
23242	75	77	58
23243	229	91	154
23244	242	85	166
23245	9	99	42
23246	187	90	122
23247	11	91	40
23248	144	87	90
23250	35	98	36
23251	9	75	39
23252	56	80	49
23253	37	104	56
23254	26	89	47
23255	80	76	52
23256	223	75	133
23258	21	83	49
23259	42	91	53
2326	10	87	41
23261	8	104	33
23262	63	95	57
23263	20	76	53
23264	49	102	51
23265	123	81	79
23266	86	94	72
23268	109	89	82
23269	225	81	141
2327	3	96	38
23270	36	86	40
23271	161	99	112
23272	84	94	61
23274	625	80	580
23275	16	103	45
23276	39	78	53
23277	137	78	88
23279	174	79	108
2328	5	91	43
23281	368	72	268
23283	92	81	56
23284	23	87	38
23285	38	67	45
23286	91	89	73
23287	60	75	64
23288	33	88	47
2329	3	100	31
23291	462	79	358
23293	82	85	59
23294	160	80	116
23295	88	91	73
23299	422	83	335
2330	6	85	35
23300	12	96	36
23301	129	90	74
23303	142	91	82
23304	116	93	76
23305	5	95	32
23306	88	77	76
23307	95	97	80
23308	19	92	50
23309	137	93	93
2331	41	80	53
23310	145	90	108
23312	64	97	51
23313	26	73	37
23314	159	99	125
23315	21	74	47
23316	14	88	34
23317	140	89	99
23318	84	95	59
2332	283	97	209
23321	49	89	52
23322	184	85	132
23324	70	98	56
23325	102	95	89
23326	157	94	114
23327	304	85	206
23328	50	97	64
23329	25	99	47
23331	105	77	87
23332	117	85	67
23333	69	86	66
23334	38	80	58
23335	50	81	46
23336	55	73	54
23338	46	89	56
23339	53	95	51
2334	6	83	47
23341	230	94	154
23344	421	81	305
23345	110	97	88
23347	187	90	100
23348	59	96	70
23349	6	82	37
2335	806	93	912
23350	342	86	255
23351	20	88	39
23352	307	94	200
23353	156	92	113
23354	131	84	90
23355	61	99	59
23357	53	98	66
23358	106	77	79
23359	1	96	32
23360	63	90	54
23361	126	80	98
23362	68	86	48
23363	901	92	1048
23365	91	82	79
23366	12	82	37
23367	466	80	345
23368	164	86	106
23369	138	93	86
23370	32	92	40
23371	232	89	156
23373	26	71	38
23376	1026	98	1216
23378	257	85	154
23379	50	85	45
23380	156	92	104
23381	78	99	55
23382	137	99	77
23383	136	76	97
23384	158	80	119
23385	177	74	122
23386	146	67	97
23387	70	79	54
23389	101	84	81
2339	76	93	72
23390	278	90	206
23392	318	83	224
23394	202	91	137
23395	143	83	89
23396	42	87	50
23397	305	106	215
23398	47	76	36
23399	69	91	72
23400	97	79	90
23401	26	86	51
23403	31	87	33
23404	154	108	107
23405	170	102	111
23406	54	83	54
23408	63	81	50
23409	12	83	40
23410	89	84	66
23411	390	91	277
23412	70	103	56
23413	77	79	54
23414	29	88	50
23415	5	103	37
23416	2	99	37
23417	29	109	44
23418	8	93	41
2342	96	78	71
23420	179	84	127
23421	69	98	49
23423	24	100	39
23424	50	83	57
23426	82	83	70
23428	31	78	62
23429	233	97	150
23431	50	97	41
23432	29	89	43
23433	435	73	350
23434	9	69	38
23435	514	84	425
23436	13	99	46
23437	1	85	31
23438	184	76	110
23439	59	91	62
23440	9	99	36
23443	10	75	35
23446	39	86	45
23450	533	93	412
23451	548	98	445
23452	5	84	29
23456	74	77	69
23457	33	88	39
2346	15	92	38
23460	9	96	43
23461	8	94	43
23462	137	87	103
23463	59	91	54
23464	57	90	53
23466	279	97	193
23467	25	108	49
23468	328	82	228
23469	113	83	79
23471	47	78	49
23473	39	103	44
23474	45	82	56
23475	82	94	85
23476	1591	80	2625
23478	92	89	61
23479	41	79	43
2348	225	70	134
23480	41	104	68
23481	251	67	162
23483	8	78	31
23484	76	86	73
23491	15	87	37
23492	43	95	34
23493	50	80	56
23495	44	100	46
23498	6	84	27
23499	201	78	115
2350	1	92	37
23500	28	89	48
23503	48	87	53
23504	5	74	43
23505	141	68	90
23506	44	85	46
23507	30	96	42
23508	5	81	32
23509	37	81	32
23510	54	86	55
23511	144	77	115
23512	636	83	613
23513	254	105	177
23514	22	98	57
23515	75	81	52
23516	112	89	80
23517	225	93	130
23518	86	75	68
2352	7	78	39
23520	6	88	24
23521	549	85	495
23522	33	91	50
23523	78	101	76
23524	444	80	309
23526	24	80	45
23527	48	64	65
23528	168	92	104
23529	12	89	44
2353	263	91	192
23530	174	96	109
23531	24	95	37
23532	95	90	95
23533	7	83	43
23534	230	69	136
23536	10	83	49
23539	5	94	41
2354	44	102	49
23541	23	101	46
23542	108	104	75
23543	285	95	175
23544	10	85	46
23545	127	110	94
23546	2	86	38
23548	49	83	53
23549	84	80	70
2355	82	89	74
23550	17	112	47
23551	13	90	29
23552	113	73	101
23553	4	79	32
23554	21	86	37
23555	274	101	196
23556	68	84	62
23557	157	77	128
23558	80	83	66
23559	41	85	49
2356	26	98	47
23560	402	87	295
23562	4	93	46
23563	33	105	44
23564	69	85	72
23566	65	94	64
23567	376	81	261
23568	38	99	48
23569	32	96	58
2357	140	90	113
23576	47	85	49
2358	136	99	88
23580	76	88	66
23581	156	96	88
23582	134	96	104
23583	45	87	48
23584	31	81	60
23585	16	82	42
23586	1763	95	2350
23587	18	96	36
23588	74	73	64
23589	55	102	47
23590	23	93	45
23592	265	87	165
23593	15	94	45
23594	45	88	45
23595	91	83	72
23596	5	93	35
23597	160	99	136
23598	161	103	109
23600	66	94	57
23601	19	100	53
23603	325	93	223
23604	14	86	45
23607	193	103	137
23608	165	65	105
23609	383	79	265
23612	29	92	41
23613	190	86	121
23616	44	68	55
23617	24	96	45
23619	51	93	69
23621	33	87	38
23623	101	107	73
23624	73	97	67
23625	6	86	28
23626	3	69	21
23627	7	93	30
23630	7	82	40
23632	70	84	60
23633	167	97	124
23635	103	95	75
23636	257	92	165
23637	117	95	75
23639	18	90	43
23640	165	90	119
23641	112	80	74
23642	8	75	40
23643	8	85	50
23644	214	84	126
23645	38	80	44
23646	240	72	160
23647	99	96	90
23648	90	96	66
23649	129	70	100
23650	220	84	160
23654	162	71	106
23657	76	76	89
23658	69	85	70
23659	16	102	35
23660	15	82	35
23666	10	98	39
23670	112	99	87
23671	12	94	35
23673	240	87	154
23676	3	88	32
23677	129	78	91
23678	61	105	62
23682	28	99	46
23683	43	87	58
23704	35	72	48
23705	34	96	50
23708	106	64	78
23710	147	84	94
23714	3	79	43
23729	26	84	38
23731	36	76	43
23732	1	87	37
23741	49	77	69
23742	8	102	35
23743	7	100	43
23746	34	76	56
23753	306	76	230
23759	76	76	61
23760	52	81	50
23761	65	68	64
23762	24	85	48
23764	43	99	54
23765	153	102	94
23766	2	91	40
23767	19	110	36
23768	21	84	49
23769	40	90	50
23770	532	92	456
23772	1	82	37
23774	344	91	221
23779	23	76	56
23780	108	89	81
23784	1	89	30
23786	137	89	111
23787	197	86	145
23788	408	78	301
238	588	80	516
239	9	83	52
2395	54	81	51
24	5	78	38
240	70	92	51
241	11	82	33
24137	101	101	57
24138	68	85	58
24139	37	85	45
24140	73	84	55
24141	10	84	27
24142	13	86	50
24144	410	92	316
24145	273	89	194
24146	4	80	28
24147	4	94	37
24148	334	104	231
24149	132	93	92
24150	1	77	31
242	98	77	71
2436	1	78	34
2444	48	87	54
245	1	86	22
245711	11	59	38
245802	7	89	44
245806	2	107	32
245812	19	76	32
245908	1	90	24
245909	16	98	38
245910	12	85	37
245911	3	91	29
245913	14	83	44
245915	3	101	40
245928	2	84	27
245929	2	85	43
245930	6	87	40
245932	1	83	31
245934	20	88	48
245936	15	87	37
245937	4	74	45
245938	18	73	31
245939	1	98	33
245940	1	66	33
245972	57	106	58
245973	42	72	52
246	9	85	28
246100	78	96	67
246126	1	93	39
246175	91	90	70
246176	54	93	64
246181	71	94	51
246184	48	105	55
246213	6	83	35
246243	46	86	46
246269	13	72	48
246329	43	87	57
246330	36	101	41
246715	1	89	35
246721	4	81	30
246744	16	91	30
246777	1	93	29
246778	5	91	25
247	22	85	44
2475	314	80	228
248	69	87	57
2483	57	88	63
2487	10	85	40
2488	1	90	28
249	23	91	48
2491	34	92	51
2492	35	88	40
2494	34	91	45
2495	168	77	118
2498	1	95	28
25	219	84	144
250	126	84	91
251	31	90	43
2512	343	70	263
2515	8	76	35
2516	33	82	52
2517	26	92	43
2519	42	70	52
2520	36	87	58
2521	747	69	797
2523	35	85	47
2524	1	88	35
2525	26	75	49
2526	8	87	39
252839	224	99	138
252884	21	79	34
2529	5	95	25
252969	20	98	34
252983	81	113	65
252995	126	83	102
2530	111	80	69
253012	38	92	41
253017	1	83	25
253018	1	92	23
2531	99	84	65
253143	58	96	51
253152	25	101	41
253175	1	97	34
253190	7	92	54
2532	3	86	35
253260	721	89	768
2533	21	90	42
253314	3	77	37
2534	358	85	229
253430	11	96	42
253461	143	106	104
2535	59	86	51
253512	42	86	38
253558	73	77	50
253559	7	84	36
253635	53	91	56
253639	82	82	61
253650	9	83	48
2537	49	79	41
253714	62	86	48
253724	3	83	30
253725	67	70	62
253738	23	83	33
253769	8	87	35
253782	102	89	73
2538	3	96	32
253827	89	97	61
253832	34	71	47
253868	1	78	30
2539	202	82	133
253935	1	77	31
253943	247	71	151
253959	74	81	67
253980	50	93	42
253982	5	94	40
254013	28	84	39
254042	10	80	37
254048	88	77	50
254050	2	81	34
254065	43	74	63
254102	52	83	53
254122	24	87	45
254158	5	67	33
254170	16	91	29
254173	16	79	34
254187	138	76	97
2542	46	82	47
254225	73	79	52
254228	4	83	25
254240	2	95	34
254251	12	83	41
254263	10	83	32
254268	10	81	40
254272	5	90	32
254295	7	81	32
2543	13	84	50
254359	13	86	41
254394	49	91	53
254427	56	89	60
254428	38	81	50
254528	4	102	31
254531	47	92	52
254552	21	85	41
2547	912	76	1051
254773	55	93	54
254778	6	90	26
254786	1	89	36
2548	115	94	74
254827	18	67	44
254863	15	77	42
254879	1	76	39
254887	72	104	70
254896	42	81	43
2549	161	89	120
254910	88	84	72
254950	80	95	81
254956	12	93	40
254958	3	87	25
2550	42	104	65
255022	1	82	28
255027	2	76	45
255031	1	75	32
255043	106	84	83
255057	76	84	68
255061	2	93	39
255082	3	87	37
2551	128	97	103
255101	4	78	38
255104	5	92	30
255119	7	95	34
255167	2	80	31
255180	1	93	32
255189	9	69	31
255193	4	95	38
255220	6	87	28
255231	31	87	43
255239	30	85	48
255252	31	92	46
255275	11	87	44
2553	36	97	45
255308	29	97	48
255324	4	92	42
255330	41	102	40
255374	15	87	35
255394	20	70	44
2554	134	109	90
255403	13	95	41
255426	8	99	32
255488	38	81	50
2555	3	52	38
255520	15	77	40
2556	24	79	34
255626	179	74	124
255631	5	87	37
2557	4	92	28
255725	18	81	44
255738	74	92	71
255743	7	95	39
255758	38	84	45
255762	8	87	35
255798	6	89	33
2558	1	82	35
255809	82	86	78
255812	1	93	36
255877	31	94	44
2559	11	85	39
255919	5	88	31
255926	2	96	30
255928	3	86	38
255967	65	83	55
2560	6	88	47
256006	6	100	32
256051	4	103	37
256076	4	84	40
2561	8	84	41
256126	19	71	44
256130	7	84	33
256158	4	85	38
2562	14	94	33
256223	1	93	29
256227	3	86	32
256236	1	80	26
256281	17	82	52
256297	13	84	35
2563	24	102	39
256302	12	92	36
256309	13	85	44
256329	18	93	39
256355	14	98	34
256356	6	90	37
256364	57	70	58
256369	19	102	50
256380	6	80	31
256394	2	101	34
2564	50	93	50
256435	29	71	54
256471	59	76	61
256472	1	97	29
2565	3	94	31
256536	2	90	37
256586	14	98	40
2566	21	87	35
256643	2	76	48
256646	55	90	58
256691	10	86	31
2567	3	87	32
256714	66	93	54
256764	8	74	43
2568	2	74	36
256815	13	79	37
2569	6	90	40
256933	27	70	34
256949	4	93	35
256957	3	84	46
256979	6	91	33
256987	31	87	44
257	19	84	38
257000	3	96	32
257019	26	74	53
257044	7	79	40
257062	3	84	39
257068	5	93	34
2571	26	86	46
257101	9	95	33
257106	5	84	27
257144	5	86	45
257160	102	85	81
257169	10	88	40
257194	13	87	47
2572	47	99	57
257203	146	100	98
257218	95	88	76
257236	160	78	102
257240	61	83	63
257313	2	114	30
257364	61	93	69
257397	61	88	62
2574	1	73	33
257407	6	79	35
257415	29	86	39
25758	6	90	34
25759	37	108	51
257629	9	80	50
25763	81	88	58
25764	113	87	96
25766	20	83	40
25769	1	81	38
2577	50	89	58
25770	4	87	33
25771	31	86	35
25776	179	99	127
25777	207	82	130
25778	66	98	63
25780	18	93	43
25782	140	75	97
25787	1	71	25
25788	53	77	52
25789	41	109	45
25790	15	77	38
25791	75	93	55
25792	53	71	62
25793	590	84	582
25794	6	90	37
25796	68	88	67
25797	42	71	28
25798	5	101	46
25799	46	95	48
258	4	92	34
2580	172	83	102
25800	118	97	75
25801	45	96	46
258010	29	85	38
25802	8	78	27
25803	35	86	50
25804	172	71	124
25805	12	85	39
25806	8	98	30
25807	26	89	49
25809	26	91	58
2581	33	92	46
25812	3	95	35
25813	199	88	129
25814	121	80	89
25816	33	91	42
25817	16	75	39
25818	106	89	74
25819	48	100	46
2582	50	95	58
25820	249	90	163
25821	79	87	67
25822	113	92	78
25823	2	80	31
25824	164	68	99
25825	79	82	63
25827	31	70	55
25828	143	88	95
25829	35	93	56
2583	22	88	44
25830	21	76	45
25831	980	81	1157
25832	3	72	28
25833	7	77	34
25834	37	74	42
25836	189	79	115
25837	18	97	45
25839	105	70	91
2584	75	86	71
25840	359	72	264
25841	98	79	78
25842	244	89	126
25843	147	94	81
25844	181	82	142
25845	1	90	44
25847	23	79	36
25849	14	59	23
2585	21	93	41
25850	6	104	39
25851	13	97	39
25852	228	72	143
25853	104	70	76
25854	2	63	36
25855	91	73	70
25858	3	90	33
25861	22	85	38
25862	59	91	54
25864	63	82	52
25865	251	85	186
2587	3	87	36
25870	53	98	59
25871	102	66	88
25873	502	80	427
25874	56	86	54
25875	59	95	51
25876	8	74	34
25878	9	81	28
25879	222	103	134
2588	81	90	69
25880	68	89	61
25884	33	94	51
25885	192	104	116
25886	121	77	90
25888	26	80	37
2589	46	83	58
25890	12	83	33
25891	3	84	37
25893	19	78	50
25894	151	105	118
25895	364	89	270
25896	105	86	76
25897	19	81	46
25898	322	85	216
259	21	87	40
2590	92	83	70
25900	52	87	56
25901	30	90	47
25902	155	77	94
25903	10	83	41
25904	141	84	90
25906	125	93	84
25907	3	95	35
25909	142	80	92
2591	17	113	45
25911	29	96	51
25912	79	88	70
25913	233	89	159
25914	21	90	42
25915	119	87	103
25917	93	93	73
259173	9	79	36
259197	118	88	78
2592	21	99	45
25920	111	99	95
25921	108	86	81
259215	5	78	26
259217	102	74	84
25923	179	78	106
259230	9	78	33
259232	5	87	42
259236	30	85	46
259239	18	88	41
25924	7	74	29
259240	5	98	34
259249	4	87	36
25925	38	85	53
25926	119	93	90
259266	138	94	94
25927	21	77	37
25928	26	77	45
259282	124	85	77
259285	1	74	31
259287	19	79	46
25929	239	82	161
259290	6	72	36
259294	24	82	42
259295	1	91	38
259296	2	80	39
2593	31	102	37
25930	153	98	91
259307	12	78	43
259308	1	110	40
25932	132	105	94
25934	90	76	66
25936	54	72	51
25937	387	84	316
25938	25	108	43
25939	187	89	130
25940	233	77	137
25941	20	92	45
25942	346	96	227
25943	8	86	34
25945	78	86	62
25946	20	93	43
25948	11	97	35
25949	69	81	61
2595	6	89	34
25950	9	81	32
25953	130	90	79
25956	20	94	29
25957	46	78	55
25959	281	83	216
2596	37	90	46
25960	6	99	29
25961	16	79	44
25962	2936	71	2487
25963	183	89	141
25966	43	78	62
2597	682	94	596
25970	30	93	37
25972	44	89	60
25973	51	91	51
25974	16	77	43
25975	20	105	38
25976	1540	93	2262
25977	73	89	78
25978	76	89	62
25979	100	94	65
25980	656	74	602
25981	17	72	31
25983	118	87	77
25984	30	79	42
25987	3	92	38
25988	39	104	49
25989	60	83	53
25992	3	101	32
25994	75	85	70
25996	32	88	33
25998	122	81	91
25999	15	84	43
26	11	78	32
26000	89	94	65
26001	55	88	55
26002	47	100	49
26003	365	77	286
26005	33	83	47
26007	92	86	74
26009	137	86	81
26010	124	81	78
26011	14	102	38
26012	32	74	41
26013	107	78	91
26015	93	69	74
26017	30	93	36
26018	59	80	62
26019	156	77	101
26020	113	79	87
26022	23	94	48
26024	131	100	81
26025	9	100	40
26027	18	86	41
260293	3	93	30
260294	15	71	32
26030	99	68	84
26031	108	77	83
26032	24	72	47
26033	10	105	35
260334	13	87	41
26034	10	96	32
26035	44	108	42
26036	82	83	47
26037	161	74	118
26038	70	82	57
26039	100	82	79
26040	28	78	43
260425	54	91	59
260429	8	77	38
26043	260	86	185
260431	1	100	26
260434	2	76	32
260436	11	83	42
26045	19	91	49
26046	197	85	135
26047	17	88	42
26048	8	68	29
26049	34	98	45
26050	51	90	56
26051	63	90	62
26052	86	96	69
26053	43	86	43
26054	40	91	52
26056	176	91	128
26057	217	71	109
26058	254	88	175
26059	34	106	51
26060	174	94	90
26061	24	88	44
26063	52	98	49
26064	213	72	133
26065	242	86	166
26070	2	80	40
26071	10	74	35
26073	204	82	116
26074	1	96	28
26084	42	88	47
26085	10	80	38
26086	54	77	60
26088	115	90	89
26090	90	77	65
26091	72	61	70
26092	226	93	120
26093	84	78	67
26094	377	71	268
26095	11	104	46
26097	210	85	149
26098	96	81	71
26099	20	91	50
26100	78	87	58
26108	23	94	31
26112	29	90	44
26115	81	93	62
26118	26	78	49
26119	31	79	52
26121	369	88	224
26122	59	86	58
26123	332	91	220
26127	90	89	70
26128	180	89	102
26130	176	82	109
26133	103	88	86
26135	1429	64	1723
26136	328	83	212
26137	36	102	54
26138	1	89	30
26140	15	86	38
26145	81	89	57
26146	93	91	69
26147	79	105	71
26148	52	80	40
26149	8	83	37
2615	26	99	32
26150	29	85	43
26151	18	94	42
26152	15	90	42
26153	14	88	37
26154	8	69	30
26155	274	85	182
26156	457	90	320
26157	8	89	27
2616	1	89	36
26160	53	78	50
26164	275	96	179
26165	5	83	35
26166	4	92	46
26167	15	76	38
26168	297	72	187
2617	260	81	188
261726	117	75	84
261729	9	85	42
26173	168	67	118
261734	63	78	58
26175	1	82	26
2618	222	78	127
26188	1	110	32
26189	3	84	42
2619	15	82	41
26190	37	82	54
26191	51	81	55
262	55	78	39
2620	6	90	38
26205	51	74	45
26206	88	77	91
26207	20	82	28
2621	73	91	61
2622	120	90	100
26223	9	83	27
26224	22	102	43
26225	79	100	57
26226	1	66	44
26227	372	73	234
26228	19	74	42
26229	99	82	93
2623	146	72	109
26230	15	86	53
26231	29	105	41
26232	407	79	306
26233	581	109	498
26234	43	95	52
26235	104	73	71
26238	1	111	42
26239	80	68	57
2624	187	94	116
26240	64	100	74
26248	6	100	30
26249	35	101	45
2625	179	74	119
26251	1	103	40
26253	351	79	269
26254	14	75	33
26256	6	75	31
26258	78	79	57
26259	153	77	98
2626	399	89	297
26260	196	82	107
26261	13	101	38
26262	71	89	68
26263	539	73	507
26266	28	96	51
26267	44	90	46
26268	13	102	42
26269	13	80	36
2627	23	83	37
26270	716	104	799
26271	49	87	50
26272	35	92	42
26273	64	73	56
26275	67	76	78
26276	192	79	121
26277	127	107	99
26278	51	103	58
26279	20	82	36
2628	10	84	47
26280	2	92	29
26281	2	84	38
26284	236	91	157
26285	4	90	35
26286	104	93	73
26287	13	104	36
26289	10	86	30
2629	126	106	86
26290	8	80	29
26291	10	85	42
26292	106	101	90
26297	15	82	39
26298	13	97	45
2630	24	89	46
2631	239	83	178
2632	71	93	58
2633	37	96	41
26330	166	92	124
26333	4	94	49
2634	53	94	51
26341	8	89	36
2635	9	83	43
26353	165	95	110
26354	329	96	233
26355	71	86	55
2636	7	92	39
2637	4	79	47
2638	59	80	59
2639	90	78	58
2641	24	88	51
2642	106	86	75
2643	61	96	66
2644	18	94	37
2645	10	74	42
2646	13	101	39
26468	56	81	48
26469	54	99	55
2647	47	62	44
26470	41	98	55
26471	682	87	673
26472	30	78	46
2648	172	83	142
2649	6	78	25
26493	3	71	35
26494	1	71	39
26499	14	90	32
2650	31	71	34
26502	22	97	44
26503	7	95	47
26504	61	77	49
26505	175	89	107
26507	54	83	58
26508	27	68	45
26509	101	95	90
2651	22	103	43
26511	71	84	57
26512	101	90	61
26515	23	89	35
26517	168	97	107
26519	87	96	67
26520	41	86	55
26521	52	78	51
26523	166	83	94
26524	289	88	204
26525	44	95	43
26526	21	91	40
26528	136	92	98
2653	58	71	67
26532	8	100	41
26533	1	77	25
26534	1	94	31
26538	71	103	67
26539	47	92	45
26548	21	99	45
2657	2	86	32
26574	322	101	210
26575	46	82	47
26576	189	74	105
26577	26	94	66
26578	87	91	76
26579	15	96	45
2658	6	92	37
26580	188	80	139
26582	10	88	45
26583	3	94	29
26584	6	97	25
26585	4	81	36
26586	127	84	79
26589	182	82	121
26595	1	79	30
266	1	78	32
2660	29	81	49
26608	172	78	101
26609	4	88	29
2661	56	91	60
26610	52	83	43
2662	6	87	38
2664	139	74	91
26648	1	90	41
2665	172	76	132
266553	17	92	38
26658	1	87	42
26659	6	86	35
266629	4	91	41
26664	1	85	32
266655	1	97	24
266697	2	93	37
2667	3	94	39
266722	7	81	44
266727	3	79	33
266740	24	82	38
266743	5	78	35
266747	7	95	39
2668	23	81	42
266812	52	83	59
26683	1	99	33
26686	2	94	32
2669	145	94	109
26692	1	92	30
26696	4	89	34
266971	252	80	175
266977	29	89	42
267	223	92	141
2670	211	87	134
267002	3	90	30
267004	5	81	32
267010	27	78	43
267012	2	85	43
267020	4	86	46
2671	71	83	60
26716	1	96	34
2672	21	79	52
2673	153	79	86
26735	3	85	40
2674	43	72	50
26747	137	82	98
26748	2	100	41
26749	34	85	51
2675	4	67	34
26750	27	93	49
26751	14	121	47
2676	12	71	59
26762	26	75	40
26765	1	78	39
26768	3	77	28
2677	67	94	72
26774	1	94	33
2678	21	104	33
26781	3	89	32
26782	2	84	40
26784	1	99	20
26785	1	79	28
26786	1	71	35
26787	1	70	23
26788	1	89	33
26789	1	76	25
26790	1	85	25
26791	1	89	28
26792	1	79	33
26793	1	81	26
26795	1	77	32
26799	1	87	39
268	7	72	49
26800	2	82	38
26806	2	73	29
26807	1	89	26
26809	1	91	29
2681	1	95	32
26810	1	82	37
26811	1	96	36
26813	2	79	40
26814	1	90	31
26815	1	83	38
26816	1	72	35
26817	1	98	30
26818	1	86	40
26820	4	79	36
26821	3	89	37
26824	27	86	45
26825	1	92	30
26826	1	87	22
26827	7	72	42
26828	1	98	31
2683	48	80	51
26831	9	80	40
26832	3	75	35
26834	1	94	26
26835	12	80	39
26851	2	92	36
26853	1	88	32
26855	2	89	38
2686	110	89	82
26861	1	94	27
26863	1	90	37
26864	1	81	28
26865	1	88	35
26866	1	93	33
26869	1	89	32
2687	5	77	35
26870	1	88	35
26871	21	82	41
26872	5	81	47
26873	11	95	42
2688	13	64	41
2689	5	82	38
269	42	80	43
2690	42	98	45
2691	3	85	31
2692	2	77	31
2693	3	90	31
2694	15	89	38
2695	43	97	59
26952	7	77	38
26953	102	85	87
26958	149	74	92
26959	120	84	92
2696	2	100	30
26960	76	83	57
2697	566	98	500
26973	122	98	80
26974	1	92	36
26980	1	102	24
26984	126	91	80
26985	145	107	101
26986	655	95	629
26993	236	94	145
26994	160	78	119
26995	347	75	248
26996	2	89	29
26998	8	83	23
26999	157	98	111
27	100	82	68
270	10	80	38
2700	17	88	45
27000	214	72	131
27004	1	82	36
27005	159	90	113
27006	1	90	45
2701	9	81	34
27010	23	73	45
27012	5	86	48
27013	8	78	37
27018	35	76	49
27019	6	95	44
2702	36	86	61
27020	251	97	165
27022	26	82	45
27023	133	96	99
2703	158	72	118
27030	58	61	54
27031	33	85	52
27032	89	103	70
27033	57	89	52
27034	33	98	58
27035	11	101	42
27036	10	77	35
27037	137	76	89
27039	10	87	31
27040	111	89	84
27042	94	78	78
27043	178	83	96
27044	337	99	224
2705	78	85	66
2706	65	90	59
27063	25	84	48
27065	38	99	38
27067	225	82	122
27068	135	87	102
27069	133	89	106
2707	18	90	50
27071	25	84	49
27072	55	82	52
27074	485	88	415
27075	3	106	30
27076	139	88	103
27077	30	83	45
27079	34	92	45
27085	22	113	55
27086	249	94	174
27087	376	86	298
27089	157	86	116
2709	72	83	60
27090	23	86	37
27091	41	73	52
27092	57	72	61
27094	52	95	53
27095	68	81	59
27097	103	92	84
27098	1	87	40
271	102	71	63
2710	89	86	68
27101	272	94	180
27102	27	96	31
27106	52	90	50
27107	109	76	77
27109	19	100	35
27111	67	68	77
27113	29	93	48
27115	11	84	26
2712	7	91	39
27120	109	100	91
27121	9	88	32
27122	75	97	74
27123	48	77	55
27124	19	95	35
27125	118	99	91
27127	11	95	32
27128	42	84	51
27129	22	75	46
2713	11	79	38
27130	18	63	51
27131	132	95	98
27132	74	85	70
27133	7	79	43
27134	13	85	36
27136	13	90	42
27141	76	105	75
27143	80	85	61
27145	28	84	45
27146	12	106	33
27147	5	90	34
27148	41	97	49
27151	5	80	37
27152	50	85	53
27153	99	87	77
27154	163	77	90
27156	50	82	54
27158	50	94	55
27159	38	79	54
27161	460	86	358
27163	220	87	160
27164	20	96	43
27165	14	78	42
27166	26	70	39
2717	60	94	52
27173	38	96	50
27175	35	75	44
27177	3	65	37
27178	26	89	44
27179	20	75	43
27180	7	86	29
27181	1	93	21
27183	76	75	55
27185	420	77	309
2719	69	93	67
27190	77	91	62
27198	4	85	33
27199	1	103	30
272	11	102	32
2720	108	103	66
27201	1	91	34
27202	74	90	58
27229	158	74	100
27230	61	70	56
27231	5	82	40
27232	37	81	60
27233	107	89	79
27235	84	89	64
27236	132	71	93
27237	93	83	81
27238	115	93	65
27239	4	89	37
27240	16	92	44
27241	19	85	37
27242	23	88	41
27243	96	87	86
27244	10	84	40
27245	74	83	62
27246	133	89	101
27247	51	86	53
27248	127	85	86
27249	33	96	49
27250	171	95	119
27252	214	87	147
27253	38	77	49
27254	4	81	26
27255	1	71	30
27257	96	87	78
27258	113	92	80
27283	26	122	49
27284	4	94	45
27285	22	98	43
27287	102	97	95
27288	37	97	64
27289	242	88	156
2729	28	74	40
27290	11	71	36
27291	22	70	43
27292	186	87	122
27293	38	77	45
27294	46	84	47
27295	22	85	38
27296	7	95	44
27297	88	96	78
273	53	86	53
2730	53	72	52
27300	16	84	37
27301	35	83	61
27302	61	91	55
27303	50	86	64
27304	43	92	57
27306	7	100	36
27309	438	71	380
2731	308	76	207
27314	33	110	45
27315	42	98	45
27316	455	96	345
27319	2	85	35
27321	1	90	28
27324	27	83	36
27327	279	80	177
27328	6	101	39
27329	6	80	26
2733	149	92	103
27330	66	84	61
27332	257	90	149
27333	90	90	74
27334	105	100	79
27335	168	82	109
27336	138	75	102
27338	141	85	94
27339	434	90	347
2734	117	86	75
27340	204	80	127
27341	107	64	96
27342	140	100	87
27343	74	73	57
27344	16	95	43
27345	4	88	31
27346	104	94	82
27347	93	77	70
27348	57	80	44
27349	110	88	81
2735	119	70	89
27350	187	91	119
27351	65	76	54
27352	21	89	42
2736	60	101	68
2737	68	85	60
2738	125	72	97
2739	104	78	80
274	103	95	77
2740	119	87	86
2741	2	81	31
2742	28	71	41
27429	250	92	161
2743	39	87	46
27430	104	96	73
27433	18	88	42
27434	20	88	41
27436	137	101	78
27439	1	103	31
2744	213	92	123
27440	70	71	55
27443	47	91	50
27445	58	86	46
2745	42	85	44
2746	236	85	161
2747	34	78	45
2749	2	84	26
275	8	93	36
2752	138	88	101
276	25	87	48
2760	72	89	58
2762	60	79	58
2764	29	106	42
2765	57	88	48
2766	6	88	40
2767	94	107	76
2768	45	74	53
2769	10	84	33
277	2	84	28
2770	133	89	110
2771	228	85	152
2773	211	82	125
2774	18	100	38
2775	83	73	54
2776	105	80	78
2778	219	63	132
2779	10	91	32
278	88	90	69
2780	21	72	40
2781	67	86	55
2782	276	88	181
2783	486	78	414
2784	44	93	49
2785	20	96	40
2786	23	90	44
2787	75	92	70
2788	18	87	40
279	19	92	36
2790	42	80	45
2791	12	76	42
2792	21	90	39
2793	11	85	39
2794	89	71	68
2796	8	96	35
2797	1	78	18
2798	5	80	29
2799	117	79	75
28	3	88	35
280	9	71	36
2800	173	93	115
2801	724	93	734
2802	225	89	168
2803	215	86	144
2804	199	83	131
2805	273	102	181
2806	106	75	87
280636	35	86	49
280655	1	77	45
280657	7	75	42
280658	10	91	43
280660	1	101	33
280664	2	95	32
2810	678	96	691
2811	19	76	39
2812	59	96	57
2813	4	77	33
2814	62	101	59
2815	91	80	66
2817	174	89	132
2819	20	81	41
2820	90	85	67
2821	197	98	117
2822	7	88	28
28227	28	84	46
2823	142	114	95
28231	43	87	40
28232	13	95	47
28234	9	89	43
2824	24	89	35
2826	3	92	35
282616	3	104	25
282617	4	66	28
282618	6	77	31
282679	1	88	28
2827	10	81	29
282763	1	75	37
282770	5	95	37
2828	4	94	45
282808	15	86	43
282809	82	94	59
282890	9	76	41
2829	2	96	30
282966	12	82	35
282969	20	86	51
282973	4	88	31
282974	86	86	73
28299	14	86	37
282991	78	91	68
282996	42	82	45
283	8	89	39
2830	2	76	28
283025	1	77	33
283050	1	82	25
283078	15	74	33
2831	3	105	35
283106	109	98	78
283111	1	83	29
283120	24	74	41
283129	10	90	38
283130	1	102	35
283131	22	86	42
283149	50	98	55
283150	42	91	39
283152	18	66	37
28316	1	87	34
283160	1	95	28
283165	2	87	36
28317	2	89	22
28318	9	92	37
2832	17	80	45
283208	112	86	90
283209	15	87	37
283212	10	75	33
283219	34	75	48
283229	22	89	40
283232	67	77	60
283234	43	82	34
283237	135	79	98
283238	1	95	41
283248	29	94	33
283254	2	86	36
283267	1	84	35
283284	1	83	28
283297	5	94	34
2833	10	99	34
283303	1	90	33
283310	1	97	29
283314	1	108	42
283316	1	77	35
283335	1	86	34
283337	24	88	37
283349	38	98	42
283358	15	64	48
283365	1	89	43
283372	1	81	40
283373	86	90	71
283375	47	94	50
283377	43	99	35
283383	7	84	32
283385	69	96	66
2834	3	91	29
283416	1	97	15
283417	1	83	22
283420	1	78	44
283431	35	94	40
283446	9	104	35
283450	37	91	45
283455	44	83	37
283458	99	88	73
283459	57	107	50
283460	1	84	30
283461	5	81	37
283463	9	68	49
283464	97	88	72
283471	22	77	46
283487	8	66	33
283489	142	82	89
2835	92	101	77
283514	5	79	24
283518	8	73	40
283537	2	100	32
283551	21	86	45
283554	2	98	41
283556	3	78	30
283576	17	77	32
283578	61	73	58
283596	1	86	22
283600	5	82	29
283601	1	100	36
283617	2	79	32
283629	8	89	28
283635	49	82	46
283638	67	80	67
283643	56	84	49
283651	1	83	29
283652	4	69	46
283659	10	90	30
283677	1	93	34
283685	36	87	59
283687	1	89	24
283694	1	76	23
2837	1	91	30
283726	2	91	43
283742	105	78	85
283748	29	90	57
283755	3	90	17
283767	1	76	35
283768	23	78	38
283777	3	89	41
283788	2	89	31
283796	1	97	28
2838	2	98	42
283807	12	105	26
283820	41	86	63
283847	1	85	30
283848	2	87	37
283849	16	87	40
28386	1	78	38
283869	18	96	45
283870	193	80	122
283871	24	70	28
28388	1	81	34
283888	1	80	32
283897	14	81	45
283899	74	77	76
283922	1	88	45
283927	2	80	37
283932	2	83	37
283933	13	86	33
283948	20	76	40
283951	4	105	39
283953	2	100	28
28396	7	90	28
283970	13	101	41
283971	1	87	31
283985	19	86	40
283987	20	100	37
283989	33	73	48
283991	8	87	31
284	15	86	40
2840	279	76	209
284001	165	76	114
284004	11	85	41
28401	1	78	27
284014	1	76	27
284021	65	85	71
284023	1	82	37
284029	2	73	40
284040	2	76	30
284047	9	82	38
284058	97	82	78
284067	8	107	33
284069	101	82	72
284071	14	66	37
284076	12	84	41
284083	3	90	37
284086	62	94	58
28409	1	93	32
284098	24	78	37
284099	11	78	41
2841	13	91	47
28410	2	98	31
284100	1	84	31
284106	87	99	74
284110	102	79	66
284111	20	98	43
284114	24	87	46
284119	286	82	203
28412	1	87	36
284129	8	84	37
284131	16	107	39
284161	38	89	55
284184	39	77	33
284185	1	97	35
284194	44	93	42
2842	2	91	35
284203	1	84	24
284207	54	81	69
284217	51	110	52
28423	1	80	28
28424	2	95	30
284252	34	100	42
284257	13	113	28
284273	33	95	41
284274	3	92	38
284276	2	98	23
284297	25	81	44
2843	3	85	30
284306	16	83	37
284307	3	89	28
284309	17	98	41
284312	54	99	43
284323	24	87	35
284325	75	104	74
284338	12	87	30
28434	3	106	35
284340	16	90	39
284346	26	88	48
284348	12	79	46
284349	1	74	30
284352	41	83	53
284355	20	109	32
284359	30	101	52
284361	50	86	63
284365	2	82	32
284366	19	83	43
284369	112	82	93
284370	5	84	35
284371	4	77	28
284382	2	80	38
28439	2	103	25
284390	4	108	34
284391	13	105	33
284393	7	88	42
2844	80	95	75
284402	2	85	34
284403	100	89	70
284406	12	82	44
284412	1	100	27
284415	55	89	52
284417	1	90	25
284418	10	95	42
28442	4	84	26
284422	2	73	48
284427	89	70	65
284434	4	86	27
284439	12	80	31
284440	4	81	28
284443	4	78	41
284451	14	94	35
284454	2	96	31
284459	4	90	37
284467	77	77	67
28448	1	82	35
284485	4	98	41
284486	16	79	48
28449	1	80	26
284498	6	92	33
2845	3	97	35
28452	2	96	40
284521	6	90	32
284541	2	91	25
284565	5	96	24
2846	35	79	46
28461	2	79	44
284611	11	70	48
284612	19	106	26
284613	5	91	40
284615	52	69	49
284618	5	86	36
28465	3	99	34
284654	14	91	30
284656	85	80	66
28466	5	103	26
28468	3	80	38
284680	26	78	43
284685	1	89	34
284695	221	91	128
284697	4	83	30
2847	1	94	24
284702	2	97	38
284716	7	82	32
284723	1	69	36
284729	1	112	31
28473	1	85	35
28474	2	88	32
284751	1	79	35
284756	94	87	90
28476	1	78	34
28477	1	92	19
2848	31	82	56
284800	1	69	33
284801	1	81	29
284802	4	72	40
284805	3	83	42
284827	9	85	34
28486	1	77	43
284889	1	80	26
2849	1	89	33
284904	23	85	32
284930	2	85	37
284958	2	87	32
284992	11	92	39
284996	547	80	511
285	14	90	36
2850	4	98	40
285016	10	97	32
285025	10	78	43
285033	1	99	37
285051	4	82	34
28506	1	94	33
285093	52	94	46
28511	28	103	41
285116	1	77	32
28512	13	88	28
285126	9	83	46
28513	29	86	42
28514	24	86	41
285141	5	94	33
285148	24	83	50
285172	17	81	45
285175	10	82	32
285180	15	82	46
285190	22	104	47
285193	60	100	61
285195	22	80	45
2852	1	85	31
285203	60	76	51
285205	4	91	36
285220	42	69	44
285231	10	83	36
285237	16	82	41
285242	7	90	43
285267	2	96	35
285268	7	82	29
285282	162	112	97
285286	1	86	32
285296	1	92	33
285311	1	91	34
285313	13	112	44
285315	29	88	40
285331	31	104	49
285335	2	83	31
285343	4	93	33
285346	10	69	39
285349	7	93	35
285362	50	73	47
285367	197	84	144
285368	5	85	34
285381	11	85	38
285382	2	90	37
285386	23	112	49
285423	2	83	34
285429	22	88	42
285440	7	89	34
285463	1	92	32
285464	6	106	40
285489	7	100	35
285498	5	102	27
285512	4	94	21
285513	44	81	46
285521	7	96	38
285527	58	82	54
285533	4	94	34
285550	3	98	44
285555	4	82	44
285556	3	92	33
285590	61	87	54
285596	10	96	37
285598	187	102	123
285600	10	95	36
285601	9	67	35
285605	28	93	45
285613	48	82	39
285622	6	87	26
285636	23	79	43
285641	1	89	29
285643	13	71	42
285668	3	89	40
285671	8	103	39
285672	67	90	63
285676	4	87	50
285679	8	90	33
285692	1	86	26
285696	1	99	38
2857	14	83	25
285704	10	79	29
285708	1	75	37
28574	1	61	38
285753	92	89	71
285755	6	87	33
285758	1	89	39
285761	31	89	57
28577	2	96	34
285782	18	85	36
285829	1	76	21
285830	1	83	39
28584	1	96	27
285848	20	99	45
285855	200	88	109
285877	1	106	29
2859	132	92	89
285943	1	97	24
285955	4	87	19
285958	1	84	26
285962	162	84	118
285966	41	90	48
285971	24	75	48
285973	20	91	37
285987	2	96	37
285989	4	82	35
286	47	89	57
286002	19	86	48
286006	10	91	44
286016	1	91	30
286042	2	90	42
286046	6	94	40
286053	39	89	38
286075	78	82	77
286077	138	54	113
286097	14	79	37
2861	77	90	73
286102	1	79	30
286103	27	81	39
286122	2	85	31
286128	55	104	61
286133	24	94	36
286144	2	103	47
286148	43	92	53
286151	72	82	53
286183	7	88	35
286187	2	82	40
2862	64	98	71
28620	3	95	29
286204	4	88	40
286205	56	92	37
286207	4	74	33
286234	3	89	42
286256	2	94	42
286257	33	76	45
286262	48	98	59
2863	1	83	34
286310	4	76	40
286319	8	79	34
286336	5	74	23
286343	21	89	37
286365	1	104	20
28638	1	82	25
286380	16	94	38
28639	1	87	29
2864	234	75	167
286410	85	93	65
286411	37	92	50
286423	1	96	39
28643	1	74	21
286436	1	90	32
286451	115	93	86
286464	3	75	43
286467	4	97	42
286499	80	84	67
2865	13	75	40
286514	9	73	43
286527	1	86	36
286530	177	75	122
2866	110	105	105
28663	47	75	44
286676	9	87	39
2867	118	99	92
286749	3	102	40
286753	110	99	72
2868	30	86	40
286826	112	76	87
286827	46	90	38
286887	77	79	62
2869	174	88	126
28699	6	81	39
287	185	85	107
2870	130	76	84
287015	147	87	104
2872	50	104	60
2873	208	88	126
2874	137	85	108
2875	16	86	26
28755	14	92	51
2876	66	77	58
2877	5	87	34
28778	11	84	47
2878	4	88	37
28785	3	107	27
28786	1	74	35
2879	87	98	71
28793	1	90	24
28796	3	90	34
28797	2	87	45
288	184	95	130
2880	1	92	31
28803	1	92	25
28804	1	90	27
28813	1	94	30
28815	4	100	24
28816	1	86	30
28817	1	96	36
2882	64	72	57
28820	2	85	38
28822	4	85	35
28823	1	96	28
28831	1	85	33
28834	15	91	40
2885	726	101	817
2886	173	86	125
2887	154	93	105
28874	2	90	32
28875	1	101	37
28877	2	73	30
28878	11	86	34
2888	24	67	42
28881	2	77	29
28882	18	105	43
28883	11	78	40
28884	3	82	35
28885	9	99	29
2889	34	81	51
28893	1	95	30
28896	6	102	31
2890	40	74	61
28901	1	105	29
28902	4	78	35
28903	1	71	26
28908	21	86	35
2891	52	85	62
28912	7	112	37
28913	5	94	35
28916	12	70	41
28919	8	96	43
2892	29	93	37
28920	10	80	36
28921	5	89	27
28923	4	79	41
2893	26	74	58
28930	2	104	37
28933	4	93	32
28935	3	94	32
28937	2	90	27
28938	2	101	15
2894	14	90	46
28940	2	79	34
28941	1	69	30
28942	4	82	46
28946	1	87	29
28949	1	73	25
2895	10	87	33
28950	1	81	41
28951	47	92	52
28952	147	95	92
28954	7	81	27
28955	5	87	40
28956	103	88	75
28957	224	105	166
28958	84	81	54
28959	26	74	32
2896	228	99	126
28960	388	94	275
28962	78	89	54
28964	143	95	81
28965	52	95	50
28966	32	83	45
28969	115	80	81
2897	31	86	52
28970	43	96	50
28971	36	93	49
28972	146	106	93
28973	302	90	199
28974	27	72	46
28976	415	80	328
28977	233	88	175
28978	41	91	40
2898	21	89	60
28981	71	85	57
28982	103	77	82
28983	12	89	46
28984	10	76	36
28985	118	79	95
28986	21	91	43
28987	111	81	89
28988	171	92	93
28989	55	83	54
2899	4	82	35
28990	15	83	50
28991	54	72	63
28992	55	95	59
28996	89	62	88
28998	218	89	154
28999	278	97	185
29	37	85	40
290	173	96	112
2900	7	92	35
2901	12	86	36
29015	39	90	45
2902	55	77	40
29028	57	88	48
2903	63	91	55
29035	467	89	365
2904	57	95	53
2905	15	100	46
29057	8	90	47
29058	42	98	58
2906	8	104	38
29062	31	94	51
29063	9	83	32
29066	210	80	124
29068	63	89	51
2907	12	106	35
29070	19	95	39
29071	30	97	46
29072	129	70	91
29074	196	88	126
29078	182	99	121
29079	436	70	345
2908	945	100	1063
29080	107	85	72
29081	15	91	38
29082	71	98	50
29083	20	89	44
29085	47	97	46
29086	91	99	77
29087	25	76	44
29088	203	88	145
29089	73	70	55
2909	96	89	67
29090	42	76	53
29091	20	96	48
29092	1	92	31
29093	173	88	105
29094	24	87	42
29095	56	75	57
29097	42	78	45
29098	31	103	36
29099	40	93	62
291	219	78	121
29100	50	74	51
29101	62	90	50
29102	171	96	117
29103	164	89	113
29104	4	89	39
29105	88	94	47
29106	16	80	33
29107	33	90	51
29108	80	74	63
29109	74	83	65
2911	47	83	50
29110	389	90	283
29113	21	98	31
29114	40	116	50
29115	105	88	61
29116	49	94	60
29117	624	82	602
29118	6	85	38
29119	111	63	70
2912	362	95	254
29121	195	97	114
29122	43	78	42
29123	152	89	99
29124	13	76	40
29126	382	75	284
29127	194	88	128
29128	201	99	114
2913	9	79	30
2914	3	82	31
2915	21	98	60
2916	1	86	30
2917	8	104	40
2918	1	93	32
2919	22	101	42
292	409	81	273
2920	22	82	51
2921	11	86	36
2922	2	102	26
2923	458	74	360
2925	60	105	57
2926	513	75	447
2928	60	83	59
293	424	105	300
2931	447	87	343
2932	824	83	904
2934	188	88	117
2935	297	94	221
2936	100	100	69
2937	34	82	55
2938	21	86	47
2939	9	82	35
2940	4	88	35
2941	11	78	40
2944	14	82	46
2946	20	108	40
2947	149	93	102
2948	15	88	26
2949	14	105	51
2950	204	91	131
2952	24	93	43
2953	4	91	29
2954	21	82	26
2956	259	94	163
2957	84	90	63
2958	17	92	38
2959	121	75	91
2960	100	93	69
2961	167	88	113
2962	209	98	144
2963	132	82	92
2965	88	84	69
2966	45	90	56
2967	50	82	57
2968	71	96	54
2969	372	75	254
2970	1	87	40
2971	10	102	38
2972	86	88	83
2974	4	85	26
2975	232	72	143
2976	167	88	118
29760	41	103	50
29761	100	91	80
29763	123	81	103
29765	28	80	50
29766	237	78	145
29767	76	85	69
2977	17	81	42
29775	124	84	93
29777	385	73	277
2978	8	95	29
29780	19	100	41
29781	165	95	107
29785	83	87	72
29789	140	91	83
2979	8	75	25
29796	56	80	72
29797	10	83	38
29798	3	81	38
29799	7	98	50
2980	14	84	37
29800	24	87	46
29801	24	84	40
29803	109	86	72
2981	3	97	33
2982	39	86	40
2983	33	99	47
2984	2	98	32
29841	5	79	35
29842	8	88	40
29843	126	86	86
29844	156	92	101
29850	2	98	29
29851	15	93	43
29855	78	86	49
2986	5	82	46
2987	54	91	50
29880	62	78	58
29881	2	93	37
29882	225	82	147
29883	133	76	94
29886	42	83	46
29887	5	66	33
29888	146	84	105
29889	349	84	228
29890	103	79	78
29893	34	85	50
29894	248	77	175
29895	16	96	37
29896	331	78	211
29899	27	85	52
2990	70	89	52
29901	14	85	31
29902	8	84	45
29903	56	87	63
29904	52	75	65
29906	49	94	61
29907	17	88	48
29909	4	101	50
29911	179	96	128
29914	113	94	99
29915	90	88	72
29916	39	78	40
29919	142	90	89
2992	44	100	47
29920	197	99	138
29922	156	101	86
29923	3	89	38
29924	114	74	86
29925	65	75	61
29926	48	89	63
29927	212	78	121
29928	8	71	40
29929	28	89	36
2993	173	85	120
29930	18	90	43
29931	3	83	28
29934	49	95	51
29935	450	90	368
29937	85	96	74
2994	54	79	47
29940	30	94	48
29941	177	113	117
29942	221	80	140
29943	8	84	45
29944	18	85	40
29945	125	86	101
29946	44	90	45
29947	83	94	74
29948	52	87	51
29949	3	103	38
2995	15	102	52
29950	71	87	59
29951	5	87	35
29952	37	78	61
29953	24	82	41
29954	56	95	39
29956	207	102	125
29957	134	74	93
29958	6	106	39
29959	127	86	83
29960	82	89	70
29964	16	99	55
29965	17	91	30
29966	141	81	94
29967	51	76	58
29968	91	83	69
29969	8	78	42
2997	115	101	66
29970	32	77	49
29974	32	76	35
29978	783	85	860
29979	426	75	311
2998	10	75	50
29980	25	91	43
29982	66	82	54
29984	563	87	493
29985	44	85	50
29986	49	104	64
29988	45	95	46
29989	1	89	26
2999	73	85	66
29990	42	95	51
29991	9	74	34
29992	23	91	43
29993	53	93	59
29994	55	102	66
29995	20	81	49
29997	284	86	177
29998	67	67	51
29999	4	83	32
30	70	91	74
3000	11	95	40
30000	222	65	138
30001	123	90	99
30008	133	89	102
30009	10	86	50
3001	15	88	48
30010	23	76	41
30011	299	69	193
30012	257	90	177
30014	6	98	35
3002	16	85	37
3003	15	64	49
3004	7	70	29
3005	248	70	148
3006	650	87	594
30061	5	103	30
30062	2	83	39
3007	299	92	174
3008	660	93	666
3009	451	92	357
301	295	84	185
3010	227	96	155
3012	175	91	122
3013	107	82	70
3014	581	84	543
3015	367	92	277
3017	333	95	230
3018	417	91	318
302	399	75	263
3020	927	101	1048
3021	100	91	67
3024	495	77	412
3026	5	98	40
3028	428	106	313
3029	79	88	67
3030	517	76	418
3032	440	78	310
3033	115	76	87
3034	136	87	101
3035	117	91	77
3036	9	99	38
3037	3	79	31
3038	12	87	47
3039	69	103	54
304	76	94	58
3040	104	90	82
3042	26	84	33
3043	181	82	135
3045	74	93	66
3046	15	83	44
3047	20	88	47
3048	24	80	52
3049	27	90	45
3050	51	95	59
3052	114	83	101
3053	11	94	31
3054	261	101	177
3055	154	103	105
3059	60	81	52
306	47	61	66
3060	2	72	32
3061	3	88	42
3062	35	83	56
3064	330	87	254
3065	1067	96	1266
3066	826	80	878
3067	3	82	29
3068	321	110	203
3069	839	73	953
307	47	90	51
3070	179	85	111
3071	16	97	54
3073	93	97	70
3074	58	96	62
3075	132	104	103
3077	114	97	82
3078	4	94	29
308	218	77	130
3080	2	84	32
3081	6	99	50
30811	106	91	95
30812	12	95	38
30813	64	84	59
30814	5	86	41
30815	103	98	68
30817	34	67	41
30818	30	85	34
30819	14	102	39
3082	38	76	54
30820	23	93	44
30827	120	83	89
3083	21	82	37
30832	32	73	44
30833	37	86	50
30834	63	79	59
30835	17	84	31
30836	140	99	101
30837	39	87	45
3084	100	93	80
30844	125	68	87
30845	27	86	36
30846	64	86	51
30848	33	88	54
30849	99	93	83
30850	94	76	82
30851	58	98	60
3087	44	75	50
309	117	85	90
3090	34	80	47
3091	427	93	305
3092	87	98	69
3093	141	91	88
3094	172	90	128
3096	184	76	117
30968	263	102	190
3097	30	96	44
3098	221	85	135
3099	120	88	84
31	298	94	192
310	176	84	125
3101	27	99	44
3104	138	82	103
3105	275	67	176
3106	238	78	141
3107	356	90	257
3108	4	90	40
3109	52	86	53
311	100	82	67
3110	29	72	54
3111	4	91	35
3112	3	73	32
3113	116	89	95
3115	92	92	70
3117	133	94	91
3118	2	93	35
3119	77	82	64
312	19	94	44
3120	9	105	35
3122	163	79	108
3123	121	65	86
3125	65	100	49
3126	10	88	42
3127	29	88	37
313	2	88	31
3131	6	87	30
3133	76	82	59
3134	84	87	67
3135	115	93	84
3136	19	85	41
3139	1	87	35
314	12	96	40
3140	61	79	46
3141	38	85	43
3142	37	86	57
3145	21	90	32
3146	457	105	330
3148	248	90	139
3149	89	102	63
3150	164	97	115
3151	220	84	145
3155	68	83	60
3156	91	94	73
3157	113	78	69
3158	12	69	39
3159	403	82	284
316	10	77	39
3161	104	91	80
3162	121	71	77
3163	283	93	169
3164	202	79	149
3167	6	78	27
3169	518	89	433
317	88	80	67
3170	26	95	57
3171	50	103	49
3172	262	76	167
3174	18	99	36
3175	9	92	43
3176	10	99	32
317648	1	73	29
317649	10	96	41
317662	4	88	23
317671	9	67	43
3177	25	93	42
317701	2	82	29
317702	1	88	36
317705	3	87	36
317719	44	87	34
317749	12	78	36
317754	2	97	39
317760	1	83	35
317761	5	87	24
317762	124	79	73
317772	235	86	143
317781	102	103	85
3178	934	103	1069
318	11	76	35
3181	740	83	793
3182	354	78	258
3183	628	78	548
3184	613	87	552
3185	582	77	535
3186	1	97	33
3187	1567	69	2368
3188	298	93	201
3189	302	100	209
319	4	79	41
3190	714	85	729
319089	5	98	30
3191	1973	84	2502
319101	52	77	48
319103	1	60	32
3192	984	87	1184
3195	168	76	109
3196	140	92	91
3198	351	109	276
3199	16	102	35
32	131	70	85
320	93	77	92
3200	13	78	33
3201	10	88	31
3202	87	77	78
3203	1	81	28
3204	21	84	42
3205	27	86	43
3206	44	92	47
3207	12	84	35
3208	40	77	49
3209	14	81	46
321	44	91	42
3211	33	88	45
3212	33	83	47
3213	7	89	39
3214	6	94	37
3215	109	75	68
3216	54	109	66
3217	20	81	27
3218	15	84	37
3219	123	66	74
322	182	67	114
3221	34	73	51
3222	45	92	44
3223	14	99	44
3224	118	70	77
3225	54	101	60
3226	17	84	42
3227	22	77	42
3228	5	91	31
3229	20	77	38
323	77	95	68
3231	2	84	43
3232	11	97	40
3233	25	87	52
3234	11	86	37
3235	10	98	41
3236	11	84	41
3237	13	76	34
3238	18	98	36
3239	75	86	74
324	322	90	211
3240	100	85	89
3241	86	110	71
3242	18	85	49
3248	8	78	27
3249	96	79	79
325	26	77	43
3250	16	102	47
3251	117	92	100
3257	10	97	45
326	96	105	80
326278	1	87	29
3263	69	97	67
326340	2	83	31
326342	25	77	56
326343	3	90	30
3265	681	77	739
326594	1	83	29
3266	4	85	28
326624	9	89	29
326625	123	85	78
3267	106	74	70
3268	18	81	45
3269	15	85	48
327	86	80	62
3270	7	90	42
3272	2	105	24
3273	54	78	58
3275	80	92	65
3276	900	93	983
327657	9	82	35
328	1258	76	1509
3280	50	88	48
3281	58	84	53
3283	8	71	40
3284	19	92	34
329	224	73	155
3290	21	93	45
3291	8	69	42
3292	17	90	41
3293	28	88	52
3294	10	88	26
3295	173	84	108
3297	598	94	544
3298	72	90	47
3299	50	90	55
33	15	70	36
330	1321	72	1555
3300	98	88	84
3301	525	81	442
3303	1562	72	2214
3304	300	82	195
3305	283	90	179
3306	412	78	300
3308	656	66	629
3309	1525	85	2195
331	233	85	145
3310	320	89	203
3311	81	89	62
3312	2167	79	2421
3313	686	86	662
3315	704	80	708
3316	133	89	96
332	95	86	52
3320	1239	109	1361
3321	72	84	70
3323	110	96	88
3324	54	76	50
3326	900	81	1034
3327	97	80	68
3329	999	79	1235
333	51	91	51
3336	292	91	191
3337	290	89	170
3338	56	80	49
3339	74	94	52
333926	25	73	48
333929	7	104	39
333932	217	93	151
334	105	89	83
3340	33	94	55
3344	16	100	39
3346	3	88	45
3347	29	93	42
335	178	103	115
3350	27	89	46
3351	62	80	68
3352	3	83	34
3354	8	94	33
3356	7	89	31
3357	28	93	50
3358	126	85	90
3359	105	83	92
336	101	90	89
3360	17	103	47
3361	2	93	27
3362	53	90	51
3363	6	86	33
3364	67	93	51
337	19	98	40
3371	22	86	45
3373	27	97	42
3375	3	94	43
3376	386	81	245
337867	165	91	120
337873	41	115	50
337874	3	88	39
337875	2	82	25
337876	36	102	53
337878	37	67	46
337879	78	83	67
337880	108	90	85
337882	46	76	58
337959	98	75	73
337960	84	88	74
337963	8	103	33
337966	102	96	88
337967	186	75	115
337968	160	93	125
337969	46	101	40
337970	17	81	38
337971	10	76	36
337972	98	83	80
337973	78	106	69
337974	116	76	100
337978	30	90	38
337979	14	104	43
338	145	99	104
338069	1	93	35
338094	1	99	29
3381	12	85	33
3382	25	88	38
3383	249	83	160
338321	9	76	33
338322	11	90	34
338323	6	81	32
338324	75	82	74
338328	132	104	89
338339	260	69	186
338376	26	74	50
338382	15	83	36
338398	3	98	46
3384	54	100	44
338429	1	87	29
338440	5	84	34
3385	21	85	36
338567	29	84	42
338596	1	87	34
338599	38	83	50
3386	39	86	48
338645	1	81	29
338657	27	97	44
338662	1	85	29
338667	1	87	35
338674	11	86	30
338692	58	97	52
338699	5	92	35
338707	8	92	36
338751	2	80	42
338761	71	104	52
338773	8	98	29
338785	58	69	60
338797	7	73	39
338809	128	88	83
338811	45	84	47
338872	36	88	46
338879	9	103	42
338917	14	91	34
339	15	81	28
339005	118	95	82
339044	4	80	39
339105	2	99	34
339122	45	74	52
339123	32	74	53
339145	5	79	30
339168	17	98	47
339175	20	105	36
339184	1	97	32
339201	3	85	37
339210	2	77	38
339221	27	97	42
339229	53	84	61
339230	199	72	119
339231	82	114	85
339263	4	105	35
339287	70	85	57
339291	1	89	38
339302	109	82	90
339318	8	113	31
339324	14	89	31
339327	2	106	28
339344	52	93	53
339345	24	81	41
339366	8	78	28
339390	30	88	41
339398	2	105	29
3394	54	87	55
339403	11	80	26
339416	6	94	39
339448	47	93	45
339451	12	77	47
339456	1	96	36
339479	25	91	42
339487	13	81	34
339488	1	99	31
339500	3	84	34
339501	1	84	25
339512	4	96	27
339529	1	81	29
339535	5	98	35
339541	6	76	34
339559	1	81	33
3396	386	90	280
339665	17	82	38
339669	18	102	47
3397	62	92	46
339745	14	89	40
339761	5	86	34
339766	3	69	37
339768	4	76	38
339779	7	90	31
339789	1	90	41
339799	2	95	34
3398	91	90	67
339804	4	84	41
339829	12	90	33
339834	81	89	71
339855	2	90	30
339883	1	80	30
339896	8	94	35
3399	46	86	45
339906	6	72	25
339942	4	86	41
339965	22	94	41
339967	13	86	33
339970	2	87	28
339976	6	84	39
339977	3	94	40
339983	11	104	49
34	142	93	99
3400	18	85	39
340024	1	69	33
340061	99	93	86
340069	19	85	35
340075	5	87	34
340120	4	83	27
340146	3	100	33
340152	2	86	36
340156	89	93	68
340168	1	75	36
340204	12	98	37
340205	7	86	45
340252	4	72	44
340260	4	78	35
340267	4	88	41
340273	13	89	37
340277	20	113	39
340307	7	77	30
340348	64	71	72
340351	7	86	44
340359	91	81	68
340371	63	105	59
340385	27	90	49
340390	4	91	27
340419	22	66	47
340441	5	104	29
340481	25	77	43
340485	2	79	32
340527	48	90	39
340529	10	90	46
340533	7	95	34
340542	26	72	44
340543	10	78	39
340547	71	99	63
340554	3	66	27
340571	1	76	31
340578	13	81	48
340595	3	107	29
340596	12	97	49
340602	15	80	33
340706	35	103	48
340719	17	83	33
340784	8	97	44
340811	1	83	47
340900	3	105	31
340990	9	84	50
341	35	89	49
341019	8	87	43
341032	4	84	26
341116	7	80	32
341208	71	84	69
341277	1	85	31
341333	1	83	34
341346	1	97	27
341350	4	94	27
341359	4	82	40
341392	1	82	24
341405	15	86	35
341418	1	105	24
341567	177	102	123
3416	175	87	126
341640	56	74	43
341676	6	81	42
3417	122	98	83
341799	1	91	29
3418	192	98	124
341883	5	100	32
3419	103	67	54
3420	93	91	71
342096	54	78	45
3421	56	88	59
342125	1	76	31
342132	78	85	66
342184	10	82	40
3422	36	83	49
3423	118	81	81
342346	7	95	38
342357	8	86	32
342371	148	100	88
342372	3	84	39
3425	54	95	54
342510	13	90	39
342527	30	83	41
342538	22	79	52
342574	194	85	115
3426	11	78	49
342618	2	81	32
342666	2	61	25
342667	18	83	43
3428	709	94	766
342850	1	94	41
342865	1	95	46
342892	6	83	40
342897	107	73	84
342898	7	77	37
3429	8	90	45
342900	46	99	46
342908	1	86	30
342909	13	88	52
342926	26	93	50
342931	3	74	35
342933	5	87	40
342945	33	100	41
342977	16	95	49
342979	13	85	43
343	7	83	42
3430	33	87	58
343035	15	87	48
343068	7	92	40
343069	161	95	110
343070	12	76	32
343071	3	87	37
343099	64	76	60
3431	121	79	94
343170	1	91	34
343171	2	84	33
343263	12	93	40
3433	60	85	63
3434	63	86	60
343413	1	79	28
343450	30	83	46
343472	2	79	39
343477	3	85	27
343521	15	93	38
343563	1	98	36
343578	12	84	42
343637	15	90	44
343641	1	100	28
3437	79	87	59
343702	1	97	33
3438	1	90	29
3439	12	94	39
343930	34	105	44
343990	9	71	40
344	39	88	44
3440	10	84	29
344018	16	94	45
344022	31	98	43
3441	40	92	52
344148	31	82	46
344167	2	69	44
344191	9	76	37
3442	20	83	38
3443	7	86	44
344382	2	91	38
344387	12	90	43
3444	8	85	34
3445	13	79	37
344558	54	76	59
344561	2	89	29
3446	6	89	31
344657	3	90	34
344658	11	95	39
3447	10	75	33
344758	1	83	29
344787	4	91	38
3448	15	96	43
344805	3	87	30
344807	2	77	34
344838	9	86	31
344875	1	108	36
344892	88	74	86
3449	6	85	31
344901	5	92	36
344905	1	89	34
345	41	100	61
345062	4	79	25
345079	11	72	38
3451	6	90	45
345193	4	77	30
3452	30	72	41
345222	1	102	43
345274	178	74	151
345275	139	68	97
3454	56	84	78
345456	9	97	34
345462	4	110	27
3455	27	68	34
345557	3	87	23
3456	7	86	35
345611	23	89	37
345630	34	89	40
345643	6	107	31
345651	289	66	178
345757	221	78	171
345778	75	87	68
3458	17	66	49
345895	2	71	39
3459	83	84	64
345930	28	96	43
346	26	89	45
3460	60	80	70
346007	3	107	36
346157	7	95	37
346171	15	81	46
346288	31	84	50
346389	13	82	43
346547	1	79	31
346562	13	81	42
346606	22	90	34
346653	4	94	36
346673	10	86	39
346689	103	82	80
3467	7	94	40
347	167	83	105
347148	1	96	30
347240	35	76	59
347252	5	94	34
347273	7	102	23
347344	5	88	25
347365	13	81	33
347404	2	88	31
347442	24	85	53
347475	1	98	32
347487	35	97	36
3475	37	79	36
347516	46	93	50
347517	7	92	37
347527	3	87	41
347541	1	98	35
3476	147	88	103
347688	387	107	282
347689	2	90	40
347730	42	87	50
347731	19	72	39
347733	210	86	135
347734	88	94	58
347735	53	93	46
347736	1	84	33
347741	8	85	37
347746	2	103	35
347853	1	78	24
347862	64	85	60
3479	23	83	52
347902	23	86	54
347918	13	96	31
348	155	84	104
3480	407	77	307
348013	15	74	38
348093	83	91	79
348094	6	90	33
3481	36	85	54
348110	25	93	50
348158	3	118	25
348174	16	84	32
348180	67	91	66
3482	261	79	178
348235	29	91	30
348254	2	102	33
348262	50	83	56
3483	11	93	44
348303	11	69	40
348327	2	94	38
348378	3	74	35
3484	24	89	41
348487	16	102	35
3485	13	108	37
3486	46	100	49
348645	1	88	27
348654	28	86	57
3487	34	88	56
348738	12	94	33
348793	28	75	46
3488	119	83	87
348801	24	94	46
348807	10	75	31
348825	2	87	35
3489	48	86	53
348938	19	86	35
348980	62	92	63
348995	599	74	548
3490	18	88	40
349075	5	88	35
3491	44	90	56
349114	1	94	24
349136	25	84	43
349149	2	95	26
349160	1	84	28
3492	18	76	49
3493	125	90	112
349334	1	79	29
3494	87	86	69
3495	27	87	38
349565	7	82	34
349667	13	100	40
3497	2	79	30
35	19	79	43
350	21	119	47
3500	169	92	116
3501	127	92	83
3502	47	83	33
3503	47	92	50
350383	2	83	36
3507	122	74	90
3508	33	102	39
351	2324	94	3960
3512	68	88	68
3514	127	96	105
3516	245	93	176
3519	4	83	41
3523	1	83	31
352909	5	109	39
352954	5	93	39
352999	14	85	48
353	97	79	71
353116	18	95	31
353131	83	93	78
353132	82	74	57
353133	76	95	58
353134	69	81	62
353135	67	95	62
353137	90	96	68
353139	67	112	73
353140	87	86	62
353141	73	71	53
353142	75	93	65
353143	45	104	48
353144	66	100	59
353145	59	90	80
353149	12	119	36
353164	10	91	39
353174	95	92	65
353189	27	81	23
353219	5	89	34
353238	14	84	47
353267	1	79	29
353274	55	103	46
353288	34	87	47
353299	6	96	35
353322	3	75	35
353323	127	78	91
353324	11	85	34
353332	62	85	55
353333	26	85	44
353345	21	85	35
353355	2	81	32
353376	20	89	43
353497	16	79	40
3535	4	94	36
353500	19	77	38
353511	1	91	26
353513	1	82	43
353514	31	96	36
353515	1	95	28
3537	25	93	48
3538	33	78	54
3539	5	90	35
354	49	85	62
3542	13	77	38
3543	9	99	32
3547	15	82	37
3549	1	80	36
355	340	80	264
3550	198	89	118
3551	210	87	138
3552	70	70	59
3553	45	91	58
3554	31	79	41
3556	36	110	45
3557	43	87	50
3558	5	89	39
3559	47	97	61
356	92	80	68
3560	25	91	49
3561	25	98	46
3562	5	72	33
3563	44	81	48
3565	3	101	44
3566	45	79	40
3567	3	83	27
3568	123	70	91
3569	10	108	33
357	15	96	38
3570	19	88	39
3572	64	95	52
3574	9	102	47
3575	129	78	78
3576	15	86	45
3577	9	95	39
3578	4	89	32
3579	19	73	42
358	135	86	103
3581	25	97	45
3586	17	87	48
3587	20	87	45
3588	5	82	30
3589	9	84	35
359	63	99	52
3590	2	86	29
3592	9	92	51
3593	3	82	47
3594	77	91	79
3595	7	92	29
3596	15	89	31
3597	13	107	41
359710	5	100	39
359787	45	107	50
3598	131	94	88
359845	22	94	44
359948	109	83	83
36	68	78	53
360	238	90	172
3600	9	101	33
360023	13	93	38
360030	2	91	34
3601	8	112	33
360132	7	81	36
360165	1	95	26
360200	2	61	35
360203	6	83	39
360226	1	77	31
360227	2	88	38
3603	107	94	81
3604	29	88	53
3605	10	87	39
3606	29	110	53
3607	228	99	155
3608	584	87	471
3609	887	69	1037
361	6	91	41
3611	302	92	213
3612	27	86	50
3613	74	97	64
3614	133	88	85
3615	406	101	289
3617	3	103	34
3619	75	88	49
362	11	92	36
3620	6	88	27
3621	104	93	79
3622	64	95	69
3623	9	84	50
3624	20	88	40
3625	10	94	36
3627	18	85	44
3628	20	99	39
363	328	80	248
3630	508	88	436
3631	15	83	49
3632	30	94	41
3633	23	76	41
3635	56	105	75
3636	203	86	116
3638	124	75	90
364	4	109	28
3640	17	93	47
3641	5	91	34
3642	8	74	39
3643	316	88	213
3645	89	90	66
3646	253	97	150
3651	15	71	27
3652	30	86	39
3653	1	97	20
3654	301	71	203
3655	135	82	100
3656	51	92	49
3658	54	83	64
3659	62	90	55
366	41	80	45
3660	100	93	70
3661	129	85	86
3662	78	83	54
3663	48	94	48
3664	16	78	45
3665	90	80	97
3667	107	79	88
3669	12	75	42
367	946	70	1045
3670	36	96	49
3671	137	93	107
3672	42	102	52
3673	90	82	75
3674	20	81	48
3675	55	87	55
3676	535	96	470
3678	111	95	78
3679	97	78	79
368	52	89	63
3680	22	89	43
3681	45	77	56
3682	7	88	41
3683	9	91	31
3684	59	83	55
3685	147	88	106
3687	3	79	30
3688	317	81	237
3689	55	101	55
369	371	74	236
3690	54	104	66
3691	108	78	83
3692	345	92	262
3693	121	68	85
3694	10	66	36
3695	16	89	37
3696	37	77	53
3697	19	84	38
3698	88	79	75
3699	21	81	42
37	122	88	80
3700	28	100	37
3702	48	96	42
3703	174	87	117
3704	94	86	68
3705	28	86	39
3706	6	112	27
3707	25	100	47
3708	113	78	77
3709	116	91	85
3710	206	82	129
3712	61	88	65
3713	130	81	96
3714	107	94	83
3716	214	71	139
3717	130	74	106
3718	114	78	93
372	220	85	149
3720	39	91	56
3725	421	86	330
3726	110	83	78
3727	70	93	57
3728	464	104	366
373	358	90	239
3730	144	113	110
373073	2	81	30
373156	111	89	68
3732	40	84	54
3735	363	81	242
373509	33	85	37
3736	20	76	27
3737	116	85	89
3738	728	81	738
373856	5	78	30
373861	1	86	27
373863	18	95	46
3739	59	91	64
374	13	117	35
3741	57	97	43
3742	16	95	47
374286	1	81	32
374291	296	88	207
374308	29	96	49
374354	371	91	264
374355	27	93	45
374378	60	74	57
374383	75	97	62
374393	26	78	36
374395	90	84	77
3744	23	101	40
374403	13	93	41
374407	46	85	47
374454	78	91	66
374462	9	97	40
3745	27	75	43
374569	13	96	42
3746	12	84	26
374618	36	76	53
374650	3	85	34
374654	143	94	86
374655	3	104	37
374659	56	88	59
374666	40	85	60
374677	4	99	37
3747	1	84	25
374739	4	84	46
374768	2	101	41
374786	6	89	50
3748	27	96	46
374819	2	79	33
374860	8	89	36
374864	2	85	28
374868	8	95	37
374872	11	93	45
374875	3	92	33
374877	20	90	47
374879	12	88	38
374882	66	81	64
374887	10	88	22
374897	112	93	88
374899	21	101	43
3749	34	81	41
374900	7	73	36
374907	21	79	41
374918	10	72	28
374920	18	81	29
374928	13	78	46
374955	2	76	30
374969	3	93	39
374977	4	81	37
374986	48	85	63
374987	1	108	27
375	219	96	136
3750	1	93	32
375033	9	89	33
375035	45	83	47
375056	228	94	139
375057	20	103	35
375061	4	104	34
3751	20	102	46
375133	4	102	36
375190	6	109	32
3752	38	95	44
375248	32	84	56
375260	7	81	30
375287	10	98	33
375298	12	89	27
3753	20	89	34
375307	16	74	26
375316	2	91	34
375323	31	94	58
375337	7	83	32
375341	34	83	51
375346	5	90	38
375387	25	98	40
3754	19	102	31
375444	32	92	46
375449	24	98	32
375484	43	85	48
3755	19	72	48
375513	1	96	34
375519	54	95	63
375567	61	82	56
375593	20	95	45
3756	14	73	45
375607	10	94	29
375611	1	85	38
375612	3	102	43
375686	5	106	32
3757	39	81	52
375743	20	118	44
375748	7	75	45
375757	3	86	35
375759	1	91	34
375775	7	81	34
375790	259	85	179
375791	509	89	472
3758	4	84	37
375850	1	85	30
3759	29	87	46
3760	10	78	49
3761	14	106	50
376132	36	93	46
3762	19	84	36
376267	28	97	48
3763	78	86	72
3764	40	81	54
376497	29	99	47
3765	5	92	42
3766	35	93	54
376693	1	75	34
3767	19	76	43
3768	26	69	26
376940	10	89	33
377	124	93	82
377007	1	87	34
377047	6	84	40
3772	7	89	41
3773	1	76	31
377381	1	83	25
3775	72	74	65
377630	33	90	52
377677	6	82	43
3777	5	105	29
3778	18	100	37
377841	1	91	37
3779	7	77	39
378	277	83	172
3780	7	85	43
3781	6	91	33
378108	17	78	44
3782	10	89	34
3783	61	96	51
3784	19	86	30
3785	18	69	39
3786	10	92	40
3787	1	85	37
378706	1	87	24
378707	2	70	34
378708	34	109	47
3788	7	83	36
378805	1	95	36
378807	5	85	36
378884	23	96	41
378925	6	93	37
378938	138	84	97
378948	1	97	30
378949	1	98	36
378950	3	100	33
378951	28	76	48
379	135	93	92
3790	36	85	39
379025	1	85	27
3791	133	79	93
3792	12	93	40
3795	25	86	39
3796	228	81	144
3797	19	92	43
3798	78	98	71
3799	327	88	196
38	218	96	135
3800	70	87	55
3801	249	80	181
3802	27	68	47
3803	11	88	35
3804	62	87	69
3805	92	75	83
3806	2	88	44
3808	19	82	30
381	223	76	161
3810	15	92	35
3811	10	94	43
3812	21	92	39
3813	25	87	52
3814	11	87	41
3815	95	83	72
3816	42	93	59
3817	32	72	33
3818	10	87	37
382	569	101	575
3820	54	95	61
3821	159	85	113
3822	44	85	45
3823	27	75	43
3824	102	87	73
3827	44	78	47
383	137	84	87
3831	246	80	147
3832	250	96	181
3833	93	78	68
3834	1	84	25
3835	125	89	83
3836	340	79	243
3837	523	83	422
3838	498	91	396
3839	237	85	165
384	18	74	40
3840	214	94	134
3841	88	93	68
3842	290	63	184
3843	401	94	331
3845	1283	72	1428
3846	202	86	140
3848	228	96	148
3849	233	103	143
3850	89	88	82
3851	61	98	67
3852	181	77	106
3853	147	86	103
3854	133	78	80
3855	73	84	66
3856	435	80	318
3857	159	75	125
3858	178	122	114
3859	22	93	39
3860	108	77	79
3861	181	101	140
3866	169	110	102
386607	5	90	33
386617	3	66	29
386618	10	78	41
386627	1	68	30
386653	17	86	33
386672	11	91	47
386674	87	73	67
386675	292	80	210
386676	240	84	167
386677	152	103	97
386678	63	84	69
386680	159	80	116
386681	400	95	302
386682	293	80	210
386683	145	72	105
386684	51	86	60
386724	20	88	35
3868	192	93	121
387	1173	90	1534
387032	78	77	58
387066	2	90	39
387082	14	99	46
387103	13	76	40
387104	32	77	43
387119	33	95	48
387129	34	70	37
3872	242	79	171
387254	3	77	29
387263	31	84	54
387264	12	87	38
387266	65	72	61
387267	62	81	51
387316	1	73	28
387332	10	97	30
387338	80	82	79
387357	4	88	22
387496	13	88	45
3875	405	92	280
387509	1	77	33
387521	27	100	33
387522	42	78	50
387569	1	79	33
387597	21	69	51
3876	1	85	28
387601	2	86	48
387640	13	108	50
387680	124	92	100
387700	5	85	30
387707	5	66	37
387712	2	85	33
387715	6	83	27
387718	3	80	18
387733	6	93	39
387751	9	103	40
387753	1	103	25
387755	27	89	39
387758	68	85	73
387763	1	90	32
387778	12	87	36
387787	2	78	31
387836	5	80	33
387837	183	76	108
387849	19	91	35
387856	13	90	34
387867	10	84	34
387882	22	91	53
387893	78	62	65
387911	50	106	61
387914	18	96	34
387921	34	73	53
387923	61	92	54
387990	8	70	38
388	833	82	995
3880	270	87	190
388015	7	92	35
388077	1	78	29
3881	453	78	361
388115	13	94	40
388121	2	85	28
388122	7	85	32
388125	44	80	55
388135	167	68	117
388152	1	89	30
388199	1	94	25
3882	39	102	48
388228	10	66	38
388255	1	98	24
388272	47	92	55
388289	1	71	37
3883	10	94	35
388323	1	93	32
388324	238	86	146
388325	5	85	35
388333	60	88	57
388335	8	80	37
388336	38	95	48
388339	1	99	20
388344	10	79	40
388364	1	89	23
388372	24	112	52
388381	1	84	28
388387	2	86	34
388389	35	85	53
388394	1	75	29
3884	93	104	70
388403	5	80	34
388407	16	90	49
388419	2	79	27
388468	12	108	21
388474	2	96	40
3885	282	76	204
388503	4	85	38
388507	1	98	23
388512	23	107	43
388523	1	74	48
388524	151	84	106
388531	17	96	55
388536	4	81	37
388551	13	76	29
388552	18	92	42
388555	74	92	69
388558	11	87	44
388559	9	89	38
388561	8	97	39
388564	1	88	25
388566	3	96	33
388567	6	81	41
388569	88	77	64
388585	2	74	31
388588	58	85	59
388591	6	77	37
388595	4	97	32
3886	108	89	100
388610	4	79	35
388611	9	85	34
388630	2	107	31
388633	198	80	130
388646	9	89	40
388649	7	89	44
388650	88	96	76
388662	5	91	41
388677	380	79	294
388695	13	81	43
388697	138	91	88
388698	113	107	79
3887	52	80	55
388701	55	88	65
388707	1	99	29
388719	1	95	41
388722	2	89	34
388730	3	81	33
388743	8	74	37
388753	24	89	51
388789	3	91	29
388796	1	107	25
3888	34	65	47
388815	1	89	24
388818	93	88	75
388849	1	75	29
388882	28	103	45
388886	1	63	38
3889	67	61	71
388931	1	76	29
388939	9	89	35
388951	67	91	61
388960	6	80	36
388962	36	84	32
388965	2	86	37
388969	27	94	43
389	578	79	510
3890	47	92	56
389015	4	73	37
389036	1	86	31
389058	3	72	38
389072	24	84	36
389073	1	87	34
389084	25	82	58
3891	60	72	55
389114	8	98	39
389118	68	81	56
389119	18	88	45
389123	24	98	49
389124	5	101	38
389125	1	67	35
389136	69	99	53
389141	1	83	40
389151	7	84	38
389158	2	109	41
389161	1	79	32
389170	5	86	23
389177	1	67	27
389197	1	85	32
3892	76	88	49
389203	13	85	40
389206	5	91	28
389207	16	98	41
389208	2	99	35
389257	4	86	37
389289	8	88	42
389320	8	74	55
389333	1	94	36
389336	14	84	29
389337	6	81	32
389362	54	85	62
389376	8	91	35
389383	2	88	32
389384	30	65	35
389396	1	92	36
389400	2	75	36
389421	214	75	130
389432	1	82	34
389434	7	78	31
389435	5	82	37
3895	317	87	223
389524	15	88	38
389541	41	82	60
389549	27	72	37
389610	1	88	26
389643	3	88	39
389649	2	85	29
389658	1	95	24
389677	74	94	66
389690	1	88	31
389692	15	78	50
3897	47	109	41
389730	2	95	35
389741	11	99	26
389762	1	99	28
389763	2	83	40
389766	1	82	33
389792	4	99	33
389799	6	87	32
3898	52	81	63
389812	11	87	52
389813	3	91	36
389840	18	85	50
389842	2	104	33
389849	1	86	37
389856	37	96	42
389857	1	96	24
389860	4	84	32
389874	6	93	46
389895	2	88	38
389898	16	86	40
3899	13	78	53
389903	1	72	23
389906	1	78	37
389941	6	95	32
39	60	73	60
390	268	91	176
390010	3	101	35
390037	4	82	27
390059	1	103	32
390072	3	81	27
390075	4	98	32
390078	1	89	31
390083	1	83	42
390113	1	90	43
390151	2	75	45
390155	1	100	27
390167	1	93	29
390174	1	96	26
390190	1	93	27
3902	14	81	41
390201	1	98	26
390205	3	79	34
390212	197	103	126
390226	1	87	25
390231	1	94	27
390259	1	97	39
390260	1	100	41
390261	6	91	42
390264	7	77	42
390265	1	85	29
390271	1	91	41
3903	7	91	44
390321	1	100	44
390323	1	86	30
390327	1	103	41
390354	1	85	31
3904	47	89	45
390429	28	96	35
390436	1	82	29
390437	1	83	39
390439	4	85	33
390443	3	78	38
390502	2	87	23
390531	1	93	38
390535	24	90	32
390594	2	81	37
390598	4	95	42
3906	5	85	35
390612	1	83	32
390616	35	87	50
390627	1	71	40
390637	16	78	35
390664	17	88	50
390667	2	84	42
390748	36	86	52
390760	1	76	29
390792	58	97	51
3908	21	81	46
390874	7	89	42
390883	1	88	24
390892	2	99	40
3909	53	99	68
390916	138	82	91
390927	7	86	40
390928	23	90	40
390937	1	75	30
390980	7	100	40
390992	4	82	30
390999	4	84	43
391	894	84	1081
3910	37	91	42
391002	2	101	30
391004	10	81	42
391059	2	74	37
3911	99	85	64
391104	5	84	38
391109	1	82	37
391114	4	103	36
391123	118	78	90
391195	2	85	39
391196	21	59	50
3912	130	84	86
391211	16	84	65
391257	40	105	42
3913	115	89	94
391356	40	90	51
391365	1	94	23
3914	85	82	66
391475	1	89	34
3915	124	85	82
3916	641	87	631
391627	9	79	38
391634	110	79	74
391712	1	88	25
391714	5	79	46
391723	12	94	35
391769	19	104	41
3918	22	100	36
391833	1	93	28
392	213	95	141
3920	584	97	544
3921	499	88	395
392138	1	76	25
392197	6	101	38
392255	4	90	21
392307	23	100	49
392309	8	88	38
392360	1	94	29
392364	1	87	25
392391	5	93	34
392399	26	91	37
3924	1	80	34
392465	1	83	22
392490	7	104	39
3925	185	91	122
392509	2	72	28
392617	6	81	47
392636	1	94	23
3927	232	85	145
392748	1	77	41
392843	4	77	45
392862	6	104	43
3929	17	90	38
392979	2	92	34
393	25	79	45
3930	293	90	199
3931	6	78	36
3932	395	89	306
3933	102	69	75
3934	155	109	110
3936	97	89	65
3937	45	92	48
3938	5	101	36
3939	375	92	255
394	54	96	42
394261	2	94	48
3945	314	93	195
3948	39	99	49
3949	134	81	116
395	6	79	29
3950	23	84	41
3952	13	95	37
3953	30	84	41
3954	226	72	155
3955	10	82	42
3956	318	90	241
3957	10	92	41
3958	327	87	228
3959	274	84	174
396	175	98	132
3960	21	93	47
3963	137	81	88
3964	173	89	114
3965	586	79	578
397	37	97	42
3972	4	95	27
3973	9	95	48
3975	99	88	84
3976	8	82	33
3977	33	95	51
3978	109	94	74
398	18	88	51
3980	203	80	137
3981	149	103	92
3982	1	90	33
3983	164	99	99
3984	85	90	65
3985	78	77	62
3987	88	86	72
3988	42	78	59
399	505	93	438
3990	8	85	33
3991	12	82	43
3992	81	89	56
3993	129	91	99
399473	1	88	25
399474	1	87	34
399491	1	86	36
3995	38	84	52
399512	14	87	34
3996	141	80	83
399664	44	93	52
399665	13	85	38
399668	1	78	35
399669	5	84	41
399670	1	96	32
399671	2	94	33
399687	280	115	167
399693	74	97	63
399694	21	79	29
399726	2	101	27
399761	6	85	35
3998	435	94	329
399806	1	81	26
399814	4	86	33
399818	37	87	41
399823	52	83	59
399888	1	82	37
399909	67	107	56
399942	1	81	31
399947	56	86	55
399959	2	83	36
399967	4	94	40
399975	1	95	21
399979	58	75	42
40	14	86	29
400	189	80	135
4000	1248	79	1431
400011	1	94	25
400027	1	85	35
400043	1	70	37
400055	1	80	29
400073	1	89	35
4001	594	88	518
400120	14	73	43
400126	1	76	31
400221	1	74	30
400224	4	107	31
400242	2	95	32
400258	47	86	52
400322	2	97	33
400359	5	99	41
400360	2	74	25
400389	1	93	32
4004	152	71	99
400410	3	85	30
400456	1	105	28
400499	1	87	47
4005	252	101	158
400506	273	86	180
400566	3	86	39
400569	65	78	75
400581	5	92	33
400591	5	90	27
400619	3	78	34
400629	52	77	53
400643	1	85	29
400657	1	79	28
400673	20	97	37
400680	1	77	31
400682	1	96	36
4007	73	82	60
400709	1	76	25
400713	1	78	30
400720	8	68	40
400735	2	95	34
400745	6	99	39
400757	1	74	29
400793	52	83	66
400798	6	76	36
4008	171	86	110
400818	2	90	26
400823	3	97	39
400830	3	82	44
400831	8	89	32
4009	4	94	28
400916	73	102	67
400927	1	87	34
400931	3	82	30
400932	1	80	25
400935	1	70	24
400954	10	102	42
400961	51	88	48
400966	49	98	51
400986	12	70	51
401	5	84	34
4010	30	86	55
401010	1	85	30
401024	25	94	51
401027	1	79	46
401036	26	91	43
401052	2	84	32
401067	2	94	31
401068	1	89	40
401089	1	87	34
401115	4	96	23
401124	2	90	32
401137	17	90	39
401138	24	85	55
401145	24	84	46
401152	89	72	66
401190	3	96	41
4012	185	78	124
401207	1	102	46
401250	30	99	33
401251	16	94	33
401253	1	78	26
401262	2	79	41
401264	1	94	23
401285	8	95	35
401288	1	100	27
401296	1	81	25
4013	49	98	53
401387	2	91	38
401388	58	85	70
401393	2	83	35
401397	2	90	36
401399	9	81	32
4014	34	85	47
401409	11	91	26
401442	1	70	27
401447	3	91	33
401466	23	74	40
401474	12	93	32
401494	1	101	32
4015	35	91	43
401505	114	88	94
401507	2	80	33
401508	26	78	36
401509	2	81	34
401535	14	82	39
401541	45	89	55
401546	5	89	37
401548	22	99	34
401561	1	99	25
401562	2	84	37
401563	4	93	39
401565	7	83	44
401577	2	91	32
4016	14	64	37
401612	2	96	39
401647	10	80	30
401666	1	74	28
401667	1	82	32
4017	410	95	275
401720	3	87	44
4018	5	81	29
401817	1	79	28
401827	5	103	41
401934	1	89	23
401944	2	90	26
401992	1	84	21
401993	1	104	39
401994	3	76	38
402	82	102	80
402055	3	84	47
402057	1	74	26
402117	39	78	48
402135	1	88	28
402160	1	83	29
4023	33	93	53
402381	114	92	96
402415	9	79	34
402483	2	69	34
4025	5	96	39
402569	8	82	33
4026	120	87	99
402643	7	91	47
402682	46	101	43
402778	1	75	32
4029	26	86	52
403	74	106	70
403244	3	82	35
4033	10	84	45
403312	2	96	27
403313	66	97	59
403314	3	95	29
403341	29	88	42
4034	35	80	47
4035	160	87	103
4036	134	78	79
4037	45	93	45
4038	80	108	66
4040	121	84	120
404037	2	79	42
404093	81	102	70
4041	100	79	76
404203	2	85	34
404216	1	80	32
404217	32	98	40
404220	13	98	40
404266	1	99	18
404281	12	83	45
4043	171	93	104
4045	9	81	44
404550	6	94	30
404552	26	85	39
4046	38	95	47
404636	30	82	54
404663	3	83	25
404665	2	81	34
404672	31	106	61
4047	60	87	57
404734	107	96	79
404785	10	92	42
4048	56	102	56
4049	23	88	47
405	229	86	153
4050	2	97	30
4051	4	93	26
4052	78	93	70
4053	84	100	67
4054	26	90	35
4055	86	90	73
4056	12	84	45
4057	143	78	97
405753	50	92	36
405754	15	90	38
4058	149	73	83
4059	49	90	47
406	97	86	68
4060	30	66	51
4061	13	84	41
4062	57	87	57
4063	8	82	30
4064	1	101	30
4065	1	110	27
4066	11	72	30
4067	677	90	618
4068	38	73	53
406881	107	86	76
406882	95	101	76
406883	101	97	89
406884	100	92	71
406885	96	89	89
406886	100	79	72
406887	105	65	67
406888	93	81	65
406889	96	92	76
406890	116	80	96
406891	113	87	75
406892	1	72	33
406894	1	101	29
406895	1	75	35
406896	1	97	38
406899	82	88	62
4069	120	88	81
406900	97	85	75
406901	84	93	68
406903	81	82	68
406904	89	82	58
406905	78	90	60
406906	70	92	74
406909	3	91	32
406911	1	84	31
406912	1	90	30
406914	1	78	31
406915	91	81	72
406916	98	103	81
406919	1	96	24
406921	1	111	31
406929	67	66	71
406930	87	87	78
406931	1	98	30
406932	70	71	68
406933	87	97	68
406934	1	82	29
406935	79	90	72
406936	1	93	33
406937	80	68	75
406943	1	90	26
406947	91	82	67
406948	74	94	60
406949	102	99	66
406950	75	91	57
406951	84	74	62
406952	84	80	63
406953	72	67	53
406958	2	106	40
406959	2	90	38
406964	1	94	31
406967	1	81	42
406976	83	83	82
406977	75	86	67
406979	99	94	85
406980	103	100	74
406981	93	86	78
406982	73	96	63
406983	76	86	65
406984	83	93	64
406985	89	95	54
406986	1	84	22
406987	1	72	28
406988	92	105	78
406989	78	82	70
406991	96	94	73
406996	92	88	73
406998	1	85	39
406999	2	93	39
407	15	91	41
4070	128	83	88
407004	1	83	33
407006	89	77	53
407007	78	80	72
407008	4	81	36
407011	1	84	24
407012	2	88	44
407014	100	103	82
407017	1	100	27
407018	1	92	30
407019	1	95	27
407021	86	73	70
407023	1	101	28
407024	72	84	65
407025	70	72	69
407026	88	83	72
407028	1	86	34
407029	1	98	30
407030	1	105	31
407031	1	92	36
407035	83	83	63
407040	104	87	88
407041	109	91	84
407042	78	72	75
407043	102	75	91
407044	83	85	78
407045	75	89	85
407046	84	97	71
407047	76	103	64
407048	77	87	69
407049	88	83	66
407050	83	86	68
407051	69	82	68
407054	77	68	60
4071	7	94	34
4072	25	96	49
4074	60	82	66
4076	440	89	309
4077	368	71	266
407738	8	105	29
407835	1	106	42
407975	2	89	38
407977	6	91	36
408	300	103	202
408029	23	78	48
408050	61	83	48
4081	13	101	39
408186	1	89	30
408187	14	87	34
4082	597	101	537
408263	88	85	96
4084	37	85	47
4085	252	68	164
4086	172	87	101
4087	314	82	202
4088	387	103	281
4089	444	86	354
409	439	78	370
4090	84	72	63
4091	51	77	56
4092	108	77	89
4093	130	81	95
4094	56	96	57
4097	39	98	49
4099	16	95	52
41	54	77	70
410	73	97	62
4100	93	82	85
4101	29	93	44
4102	134	96	82
4103	57	82	65
4105	90	91	77
4107	145	90	89
4108	207	93	133
4109	49	81	51
411	37	90	48
4110	134	79	85
4111	24	101	32
4112	8	95	39
4113	349	90	251
4114	4	79	37
4115	60	87	66
4116	249	85	148
4117	40	87	55
4118	81	102	72
412	32	84	48
4121	57	67	46
4122	88	79	63
4123	33	77	55
4124	47	94	55
4125	60	91	55
4126	72	97	64
4128	15	85	43
4129	37	106	41
4130	91	103	61
4131	504	83	413
4133	76	75	80
4134	310	93	189
4135	15	87	24
4137	947	75	1053
4139	69	84	72
414	2	96	41
4140	234	78	145
414059	10	75	40
414060	2	93	38
414061	60	70	53
414062	4	81	27
4141	325	92	232
414149	13	88	32
414153	4	106	39
414157	14	91	47
414189	1	78	34
414194	2	96	40
4142	84	84	60
414236	63	76	51
4143	21	80	38
414301	64	76	65
414318	3	88	24
414325	11	78	45
414332	1	91	32
4144	204	91	117
4145	31	90	34
4146	8	88	33
4147	101	87	84
414771	1	73	37
414777	3	85	41
4148	10	111	42
414899	11	94	51
4149	224	71	151
414918	9	78	34
414919	167	78	114
414927	2	83	33
415	25	86	45
4150	86	78	74
4151	17	99	40
415116	58	88	51
415117	26	77	55
4152	69	82	76
4153	30	91	46
4154	249	69	162
4155	84	86	81
4157	17	78	39
4158	3	94	40
4159	3	85	35
416	31	95	42
4160	17	87	36
4161	1	76	29
4162	465	90	374
4163	212	79	134
4166	17	80	41
4168	15	90	52
417	7	93	42
4170	124	94	85
4171	1050	73	1344
4172	341	82	268
4173	295	84	198
4174	412	74	290
4175	272	85	187
4176	405	89	280
4179	36	83	46
4184	78	81	65
4185	28	77	45
4188	426	79	330
4189	196	98	127
419	28	104	42
4190	145	70	96
4191	517	83	426
4192	78	78	58
4193	622	70	606
4194	102	95	87
4199	64	88	62
420	13	78	34
4200	86	90	69
4201	24	91	50
4204	1264	89	1434
4205	71	86	60
4207	14	87	38
4208	36	94	61
4209	81	72	74
421	50	121	58
4210	19	78	54
4211	31	69	40
4212	87	72	62
4214	150	87	97
4215	74	93	56
4216	72	68	71
4217	128	96	82
4218	167	79	113
4221	1019	90	1289
4222	104	86	68
4223	694	97	727
4224	10	80	35
4225	5	90	38
4232	44	80	56
4233	231	77	162
4234	48	88	50
4236	269	80	199
4237	8	81	36
4238	67	91	56
4239	138	96	110
4240	50	64	54
4241	65	82	66
4242	22	86	49
4245	31	76	50
4246	101	93	92
4247	30	91	45
4248	3	81	41
4249	57	77	51
425	1	85	29
4250	221	80	134
4253	97	93	79
4254	19	87	42
4255	89	82	77
4256	5	88	37
4257	124	75	87
4258	33	86	61
4259	265	85	190
4261	39	85	53
4267	70	72	71
427	78	88	55
4277	67	73	74
4281	118	76	72
4282	257	101	183
4283	76	75	75
4284	51	88	53
4285	80	74	77
4286	50	83	50
4287	435	87	302
4288	635	104	567
4289	117	78	85
429	36	102	58
4291	111	89	77
4292	245	86	134
4293	28	87	53
4294	42	83	52
4295	2	81	33
4296	55	90	58
4297	289	96	181
4298	122	92	83
4299	61	80	57
43	3	89	39
430	8	96	41
4300	85	81	70
4301	311	103	200
4302	99	79	91
4303	29	83	48
4306	34	80	45
4308	10	82	22
4311	124	79	73
4312	14	92	35
4313	51	84	56
4314	20	83	29
4316	24	74	46
4317	6	83	34
431705	8	102	37
431707	51	83	49
4318	36	82	57
4319	20	79	55
432	54	68	65
4320	1	77	36
4321	4	109	32
4322	16	98	40
4323	57	98	64
432369	12	96	48
4324	27	91	49
4325	2	85	19
4326	3	93	28
4327	8	72	34
4329	45	83	62
433	88	83	62
4330	29	78	40
4331	116	100	92
4332	180	90	124
4335	26	69	49
4336	23	102	43
4337	32	79	39
4338	20	84	42
434	8	86	28
4340	20	85	39
4342	74	83	73
4343	1281	102	1375
4345	6	90	31
435	26	91	36
4350	93	91	64
4351	48	98	60
4352	34	82	39
4353	52	95	66
4354	112	93	85
4355	40	93	55
4356	34	77	39
4357	65	79	54
4358	54	70	51
4359	5	108	35
4360	5	77	38
4361	280	79	192
4363	134	87	85
43847	6	87	29
43849	9	106	41
439	107	93	71
439921	69	86	50
439936	1	84	40
439949	1	89	33
439990	2	102	24
439996	6	92	41
440	177	85	134
440021	61	89	53
440023	93	93	80
440026	155	89	96
440044	1	81	38
440050	70	89	68
440051	65	84	52
440068	2	68	32
440073	3	92	36
440077	1	82	24
440081	5	83	32
440087	6	80	38
440093	116	90	72
440097	7	98	38
440107	22	83	49
440119	1	94	41
440138	57	88	65
440145	39	92	33
440163	15	85	39
440176	1	92	32
440184	33	97	44
440193	67	80	71
440248	29	86	43
440253	1	114	38
440270	4	96	36
440275	71	77	69
440279	11	72	42
440288	1	89	29
440295	215	82	136
440300	1	101	37
440307	3	81	41
440348	2	82	35
440354	2	96	39
440356	1	87	32
440387	2	77	24
440400	29	92	43
440414	2	90	26
440416	1	75	29
440423	1	76	25
440434	14	77	43
440435	3	89	36
440452	2	102	31
440456	3	85	39
440482	2	81	34
440498	11	93	39
440503	8	80	45
440515	3	77	42
440519	36	96	53
440533	40	83	46
440556	1	79	30
440563	274	90	186
440567	3	86	30
440570	3	94	34
440574	58	109	53
440587	2	92	38
440590	19	89	37
440603	10	92	36
440686	136	85	88
440689	183	83	116
440695	1	74	33
440699	18	86	31
440712	22	84	48
440730	4834	53	5250
440738	73	89	78
440786	1	95	36
440822	7	84	28
440823	1	87	31
440829	1	81	36
440836	9	83	42
440854	1	89	40
440894	1	75	35
440910	1	98	30
440915	57	87	56
440944	4	90	29
440955	1	97	27
440957	5	84	34
440992	1	92	35
440993	1	88	29
441024	17	80	36
441027	1	82	35
441046	74	94	77
441054	2	99	34
441058	6	100	35
441061	1	69	29
441094	3	90	39
441108	2	94	25
441150	8	83	40
441151	2	85	29
441155	1	99	38
441161	10	104	41
441168	3	100	40
441177	1	95	34
441178	2	90	37
441191	4	70	39
441194	1	85	33
441208	8	97	39
441212	5	81	29
441234	3	92	28
441246	2	96	24
441250	22	103	45
441251	11	87	38
441263	2	77	30
441272	1	83	43
441273	4	81	29
441282	14	85	41
441294	4	91	32
441308	1	79	39
441315	1	77	26
441362	4	82	34
441376	15	93	39
441381	15	87	39
441400	21	86	33
441425	1	77	31
441430	6	83	28
441432	2	94	46
441452	2	83	34
441457	1	81	33
441459	7	78	39
441476	10	92	30
441478	2	82	33
441502	66	85	63
441509	2	74	24
441518	13	67	38
441519	8	81	45
441521	77	90	70
441525	54	83	45
441531	38	86	56
441549	4	70	32
441608	1	92	26
441631	12	85	37
441642	9	86	44
441669	2	91	46
441670	1	100	39
441869	3	83	37
441873	1	88	27
441925	10	93	46
441933	22	97	39
441951	1	88	33
442038	9	97	35
442112	1	75	26
442114	1	78	28
442117	2	98	28
442179	1	93	39
442184	1	101	31
442185	1	85	29
442191	3	86	29
442227	1	75	39
442247	47	91	44
442253	1	93	30
442319	3	78	30
442361	1	94	33
442444	1	97	28
442497	4	70	40
442523	2	99	32
442524	1	96	31
442578	3	91	32
442721	2	93	35
442897	1	90	27
442898	1	68	39
442900	1	100	41
442903	1	87	23
442908	1	76	37
442920	1	86	28
443	7	81	37
4430	266	83	159
4435	34	83	35
4436	295	73	205
4437	98	82	88
4438	13	85	35
4439	24	90	40
444	314	91	222
4440	110	80	84
445	186	88	122
445328	7	106	44
445329	7	93	40
445341	3	90	30
445347	2	90	33
445372	3	98	36
445571	88	90	65
445582	134	87	96
445815	37	79	51
4477	46	87	56
4478	316	85	210
4481	19	75	50
4482	32	82	51
4485	10	99	36
4486	172	88	121
4487	16	104	48
4488	184	95	123
448831	1	81	31
448834	282	91	198
4489	1	74	31
4490	5	90	33
4493	6	93	36
4494	10	92	37
4495	8	91	50
449520	1	94	24
4496	4	83	35
4499	17	87	57
4500	1	73	31
4501	20	95	38
4502	34	86	44
4503	1	100	31
4504	8	108	42
4507	91	90	72
4508	25	77	41
4509	42	83	55
4512	60	101	77
4513	198	78	135
4514	39	81	43
4515	5	93	23
4519	19	85	41
4520	113	97	86
4521	80	94	66
4522	266	92	159
4524	45	100	54
4528	340	83	226
4534	67	90	60
4535	70	78	74
4536	22	89	44
4537	2	87	24
4538	67	70	63
4539	4	103	29
4540	64	95	56
4541	7	85	33
4542	38	80	51
4543	161	81	119
4544	130	99	99
4547	11	71	48
4548	115	103	79
4549	2	81	34
4550	4	77	46
4552	16	95	32
4556	1	86	24
4565	1	87	34
4577	1	100	30
4580	114	98	85
4582	157	77	111
4583	4	88	54
4584	1	74	26
4585	7	95	38
4586	21	97	57
4588	1	92	30
4589	24	93	47
4591	627	83	567
4593	67	86	65
4594	56	76	62
4595	27	92	38
4597	52	70	62
4598	55	88	50
4599	52	79	57
460	5	97	28
4600	18	100	49
4601	48	91	46
4602	124	91	90
4603	12	87	30
4604	39	80	50
4605	145	81	104
4606	42	76	39
4607	11	96	36
4608	9	97	36
4609	2968	76	2488
4610	46	86	53
4613	1369	105	1777
4615	80	91	71
4616	26	82	40
4617	30	96	38
4618	15	91	45
4619	61	81	59
462	48	84	46
4620	45	88	62
4621	45	88	53
4622	64	77	62
4624	57	82	46
4625	97	80	97
4626	42	89	53
4627	733	77	796
4628	341	75	245
4629	126	74	66
463	106	78	103
4632	54	81	63
4633	21	83	42
4634	21	97	39
4635	20	84	40
4636	4	85	32
4637	242	82	153
4638	99	71	74
4640	23	83	55
4641	380	92	262
4642	187	89	125
4643	196	90	122
4644	179	92	102
4645	101	87	85
4646	384	86	281
4647	26	78	46
4648	2	88	35
4649	96	86	74
4650	106	86	76
4651	131	77	87
4653	44	97	53
4654	164	71	100
4656	62	95	58
4659	306	73	206
466	52	89	44
4660	58	93	52
4661	10	83	45
4664	26	96	35
4665	130	91	103
4666	206	92	139
4668	61	80	48
4669	71	87	76
467	90	93	69
4670	717	75	774
4671	10	95	55
4673	341	86	234
4674	33	85	38
4675	22	93	46
4676	203	76	129
4677	140	105	96
4678	203	79	129
468	88	104	70
4680	256	81	176
4681	16	93	41
4682	58	89	60
4683	175	76	110
4684	70	90	58
4685	19	92	34
4686	335	89	240
4688	29	92	37
4689	8	74	43
4690	200	74	126
4691	778	91	879
4692	384	67	290
4693	33	91	62
4694	42	87	58
4695	192	81	142
4696	88	92	67
4697	311	84	201
4698	224	88	132
47	327	99	222
4700	142	80	89
4701	203	84	132
4702	173	92	116
4703	91	81	72
4704	303	109	196
4705	145	94	87
4706	151	102	96
4707	38	77	50
4708	10	78	44
4709	101	79	82
471	150	92	97
4710	74	73	61
4711	120	75	77
4712	51	99	57
4713	98	76	82
4714	122	98	83
4715	131	82	106
4716	134	102	95
4717	1	96	32
4718	76	69	60
4719	337	96	204
472	305	67	205
4720	275	93	179
4722	377	99	287
4723	287	81	212
4724	187	82	122
4725	146	87	99
4726	232	94	148
4728	246	89	162
4729	197	96	129
473	90	77	75
4731	177	71	120
4733	369	80	257
4734	552	103	497
4735	176	82	109
4736	480	90	387
4738	364	80	242
4739	78	85	67
474	77	91	73
4741	175	76	124
474170	8	83	39
474338	1	68	28
474343	28	79	59
474344	5	80	30
474354	6	98	38
474381	106	76	79
474382	23	78	42
474383	4	91	38
4744	40	94	45
4745	34	98	50
4747	138	83	95
475	29	95	49
4750	81	84	73
4751	122	83	84
4752	21	86	42
4753	50	105	58
4756	35	91	34
4758	66	76	52
4759	49	78	57
476	539	81	430
4760	18	82	39
4761	10	101	35
4762	15	89	33
4763	169	99	114
477	42	72	44
4771	331	86	222
4772	156	88	93
4773	192	78	132
4774	721	69	778
4775	42	93	57
4776	36	89	49
4778	18	91	44
4779	40	78	52
478	236	72	158
4780	159	81	114
4781	673	96	623
4782	812	99	941
4783	33	92	57
4784	591	79	525
479	179	84	111
4790	273	80	193
4791	110	79	76
4792	208	83	138
4793	79	104	64
4794	30	76	51
4795	92	108	65
4796	102	91	56
4798	116	89	81
4799	451	101	361
48	42	81	36
480	26	89	30
4800	94	88	70
4801	54	72	51
4802	155	89	113
4803	9	85	39
4804	59	91	60
4807	84	69	58
4808	23	80	31
4809	280	75	172
481	150	79	106
4810	48	101	52
4811	30	89	43
4814	22	76	48
4815	80	93	70
4817	67	80	52
4818	49	77	57
482	20	101	36
4820	85	106	65
4821	4	94	45
4824	47	103	53
4825	3	72	28
4826	2	93	33
4828	31	84	46
4829	1	83	33
483	232	75	143
4830	190	78	119
4831	182	85	144
4832	96	80	78
4833	182	94	122
4835	27	81	38
4836	151	88	100
4837	14	77	31
4838	8	76	36
4839	413	88	303
4841	531	92	481
4842	33	81	49
4843	162	80	130
4846	50	85	54
4848	170	98	115
4849	147	94	93
4850	61	80	53
4851	335	66	243
4852	7	78	28
4853	411	73	293
4854	105	76	83
4855	11	69	45
4856	33	88	49
4857	16	91	36
4858	14	94	37
486	5	89	36
4860	79	94	53
4861	243	86	175
4862	40	78	58
4863	63	78	47
4864	347	72	239
4867	92	93	74
4868	17	80	41
4869	1238	92	1396
487	413	83	318
4878	56	103	67
4879	27	106	43
488	346	95	242
4880	9	77	29
4881	7	112	33
4882	6	91	38
4883	11	86	32
4884	75	84	69
4885	18	93	48
4886	3	82	31
4887	62	91	57
4888	1	84	43
4889	2	86	23
489	224	83	158
4891	36	99	55
4892	10	85	24
4893	673	85	638
4897	29	87	46
4898	118	98	87
4899	75	96	59
49	5	93	35
490	230	86	141
4900	14	87	33
4901	8	81	31
4902	3	86	43
4904	730	95	798
4905	222	92	133
4907	82	81	54
4908	26	96	43
4909	10	76	40
491	184	86	123
4913	46	89	52
4914	2041	77	2419
4915	128	103	87
4916	360	93	268
4917	4	90	35
4919	108	99	81
492	82	96	68
4920	329	81	212
4921	127	77	97
4922	5	88	39
4923	61	87	59
492303	4	69	26
492307	1	89	45
492311	2	91	33
4924	87	79	71
4925	81	70	64
4926	465	71	385
4927	132	92	93
4928	212	81	129
4929	21	75	39
493	154	85	124
4931	144	71	90
4935	2	98	29
493753	22	65	41
4938	16	93	50
493812	1	84	26
493829	48	83	54
493856	231	76	147
493860	6	86	44
493861	33	83	44
493869	266	79	174
4939	13	88	42
493901	2	92	38
493911	12	87	57
4940	64	82	54
494115	159	74	104
494119	94	85	81
494141	1	80	27
494143	21	80	39
494188	2	96	37
494197	16	95	43
4942	199	80	119
4943	57	100	57
494324	2	85	42
494327	1	100	43
494470	12	77	44
494513	1	87	30
494514	15	90	39
4946	33	106	38
4947	11	80	34
4948	4	89	38
495	99	78	62
4951	7	91	29
4952	170	100	104
4953	21	83	48
4956	28	83	39
4957	153	103	104
4958	5	97	28
496	7	90	36
4967	236	90	136
4968	15	90	38
4969	12	96	37
497049	1	77	32
497258	2	91	40
4973	28	77	46
4974	9	86	54
4975	13	94	40
4976	186	90	129
497661	8	96	35
4978	18	85	39
498	530	86	450
4982	6	88	30
4983	8	85	38
4985	40	94	42
49854	164	84	96
49855	30	83	40
49856	124	89	83
4986	11	80	34
49860	75	91	78
49861	10	90	38
4987	98	83	88
4988	136	96	106
4990	8	102	31
4991	1	95	29
4994	4	94	37
4995	2	100	34
4998	79	86	64
4999	104	87	81
50	222	90	157
5000	99	77	72
5001	84	93	55
5002	44	93	48
5003	6	79	31
5004	64	94	57
5005	17	90	52
5007	120	87	67
5008	14	96	36
5009	103	85	63
501	121	97	83
5010	11	87	44
5013	153	97	96
5015	51	95	60
5016	4	83	26
5017	11	94	44
5018	147	80	87
5019	122	90	82
5020	7	84	46
5021	14	90	40
5023	23	91	44
5024	2	84	36
5025	45	93	54
5026	29	99	42
5027	18	81	38
5028	43	84	45
5029	106	99	94
5031	376	77	290
5032	5	64	32
5033	290	103	174
5034	412	91	324
503497	63	81	57
503542	1	81	42
503582	8	70	36
5036	270	78	170
503618	1	106	30
503627	55	95	55
503638	10	93	38
503639	21	89	43
5037	256	87	169
503834	17	73	35
503835	11	88	46
504180	1	82	39
504189	1	67	42
5042	84	81	71
5045	224	76	177
5046	55	89	53
5047	70	79	67
5048	216	78	117
50484	49	88	59
50485	44	87	66
50486	19	77	36
50487	5	87	34
50488	174	94	130
50489	22	75	43
5049	69	75	63
5050	65	86	46
50506	28	109	61
50507	11	87	48
50508	1	106	34
50509	7	81	32
5051	16	89	52
50511	15	90	46
50512	55	86	51
50514	33	71	47
50515	13	78	39
5052	372	80	250
5053	7	100	36
5054	46	86	59
5055	102	75	81
5058	189	107	115
506	577	66	496
50604	14	82	33
50613	2	80	33
50614	44	96	53
50615	4	88	28
50616	6	87	39
50617	27	103	31
50618	146	84	95
50619	58	76	62
5062	190	86	112
50624	2	106	36
50626	46	90	50
50628	250	88	155
5063	30	92	49
50632	3	96	24
50636	68	86	69
5064	75	96	68
50640	57	76	52
50649	60	102	55
50650	16	96	45
50651	6	82	45
5066	44	94	40
50674	146	93	95
5068	12	106	35
5069	14	77	26
50700	8	77	31
5071	3416	65	4860
50717	147	83	98
5073	142	102	91
5074	120	96	83
5075	3	85	26
5076	79	81	76
5077	36	91	44
5078	17	87	32
5079	55	89	76
5080	344	94	249
50801	8	82	28
50804	137	92	99
50805	5	93	46
50807	67	94	66
50808	65	88	59
50809	325	85	174
5081	122	84	95
50810	42	84	53
50813	149	103	95
50814	161	91	112
5082	125	86	86
5083	126	110	107
50831	1	93	40
50836	4	76	26
50837	14	90	35
50838	2	80	39
50839	4	85	30
50840	5	90	34
50846	40	84	49
50848	52	98	50
50852	22	79	48
50853	8	90	34
50854	2	76	40
50855	61	88	66
50856	101	72	76
50859	6	92	27
50861	41	86	56
50862	12	82	48
50863	34	80	53
50865	26	94	49
5087	73	81	63
5089	74	98	70
509	417	96	301
5090	88	102	85
5091	192	96	141
5092	84	80	70
5093	645	79	618
50937	21	76	46
5094	280	84	177
50940	1	88	40
50943	86	82	67
50944	25	101	51
50945	8	67	37
5095	133	85	105
5096	167	92	104
50964	34	88	47
5097	74	84	64
5098	52	112	51
5099	277	101	168
50999	63	85	48
51	99	84	61
5100	3	96	26
51000	5	82	31
51001	351	84	240
51002	60	86	55
51003	123	81	94
51004	52	94	40
51005	7	79	37
51006	127	89	81
51008	69	84	62
51009	120	84	86
5101	38	92	44
51010	97	74	60
51011	49	93	57
51012	6	83	37
51013	105	90	87
51014	80	86	81
51015	75	73	56
51016	161	101	128
51018	153	96	81
51019	133	84	81
51020	21	100	31
51021	180	96	124
51022	11	92	30
51023	190	105	125
51024	208	89	123
51025	117	85	79
51026	222	81	147
51027	33	72	39
51028	54	84	56
51029	15	95	38
51030	29	84	53
51031	80	95	68
51032	33	101	60
51035	204	88	145
5104	32	82	50
51042	56	91	61
51043	56	102	52
51046	26	88	47
5105	115	90	92
51050	82	81	57
51053	105	82	67
51054	1	86	43
51056	104	87	60
51057	1	100	33
51058	28	90	57
51059	6	84	41
5106	99	101	82
51060	137	82	84
51061	85	92	80
51062	50	87	46
51063	4	100	37
51065	195	97	127
51066	198	88	144
51067	228	88	131
51068	115	92	81
51069	223	76	124
51070	90	105	72
51071	37	71	49
51072	58	82	65
51073	272	82	196
51074	45	92	37
51075	223	80	143
51076	31	80	45
51077	91	78	61
51078	75	92	61
51079	138	92	89
5108	425	92	342
51081	346	82	230
51082	137	85	85
51083	24	96	43
51084	56	76	58
51085	43	91	64
51086	18	88	44
51087	285	64	194
51088	14	87	37
51090	64	87	71
51091	17	83	46
51092	139	90	98
51093	4	71	31
51094	48	86	45
51095	53	90	62
51096	131	77	97
51097	190	91	134
51098	36	102	53
51099	34	75	43
5110	250	103	149
51100	118	96	98
51101	58	81	65
51102	24	89	40
51103	140	75	104
51104	58	107	74
51105	73	93	56
51106	77	97	64
51107	46	91	45
51108	66	90	64
51109	118	93	76
5111	475	85	376
51110	80	87	80
51111	20	85	35
51112	46	100	46
51114	47	84	64
51115	46	90	43
51116	270	68	173
51117	37	76	51
51118	85	106	80
51119	175	84	116
51121	434	92	322
51122	79	74	68
51123	9	81	46
51124	57	90	47
51125	63	76	59
51126	24	90	52
51127	80	67	60
51128	337	85	255
51129	29	82	45
51130	82	72	58
51131	136	84	94
51132	378	79	264
51133	161	95	124
51134	40	80	53
51135	42	79	49
51136	30	57	48
51138	173	90	103
51141	176	87	123
51142	245	93	177
51143	227	93	150
51144	216	99	137
51146	49	78	52
51147	74	92	51
51148	117	68	79
51149	13	80	32
51150	151	99	90
51151	15	100	37
51154	171	85	122
51155	42	93	30
51156	16	69	49
51157	31	101	47
5116	231	89	163
51160	110	103	75
51161	114	78	73
51162	77	69	63
51163	32	77	42
51164	128	81	97
51166	22	78	47
51167	4	70	32
51168	11	98	42
51170	384	82	267
51171	46	64	42
51172	24	97	47
51174	27	96	40
51175	15	80	40
51176	59	96	65
51177	75	88	68
51179	29	83	39
5118	6	100	28
51181	53	81	53
51182	87	81	66
51184	101	90	77
51185	197	94	133
51186	30	88	38
51187	104	78	81
51188	75	102	71
5119	100	95	69
51191	245	76	173
51192	5	63	31
51193	23	91	47
51194	155	106	84
51195	6	86	40
51196	15	90	44
51199	353	89	247
51200	80	86	75
51201	4	109	30
51202	177	73	110
51203	100	85	81
51204	331	91	232
51205	31	65	39
51206	10	92	37
51207	102	75	83
51208	4	92	37
51209	25	84	53
5121	46	85	56
51213	98	81	86
51214	1	97	33
51218	79	86	61
5122	12	81	36
51222	78	85	70
51224	63	73	74
51225	77	102	63
51226	13	83	50
51227	34	84	50
51228	27	90	42
51230	42	88	55
51231	141	94	100
51232	23	95	44
51233	9	93	33
51234	277	54	215
51236	35	99	39
51237	10	79	38
51239	69	82	62
51241	22	98	40
51244	36	89	51
51246	11	77	39
51247	61	85	59
51248	61	86	50
51249	19	88	40
5125	105	83	91
51250	281	91	177
51251	87	81	68
51252	2	72	31
51253	212	80	138
51255	138	99	91
51256	57	89	61
51257	76	94	55
51258	129	77	96
51259	245	100	151
5126	1	81	41
51260	46	96	43
51263	152	97	100
51264	183	73	118
51265	65	86	65
51266	4	103	39
51267	16	94	47
51268	15	100	37
5127	126	78	82
51270	35	92	47
51271	31	87	41
51272	42	80	39
51274	225	81	173
51275	1	91	31
51276	5	86	30
51277	14	83	37
51278	9	81	42
51279	9	113	37
5128	61	72	41
51280	133	87	97
51281	2	78	26
51282	65	82	59
51283	28	111	42
51284	12	83	47
51285	9	102	31
51286	12	102	43
51287	24	84	34
51289	10	63	27
5129	126	83	80
51290	236	79	127
51291	31	90	46
51292	17	92	40
51293	58	83	56
51294	22	104	50
51295	225	77	147
51296	232	81	158
51297	99	75	62
51298	11	85	35
51299	39	97	36
513	131	63	94
5130	62	80	56
51300	219	80	124
51301	3	102	32
51302	5	73	30
51303	22	84	40
51304	15	77	30
51305	2	87	24
51306	24	89	37
51307	68	92	72
51308	65	74	56
51309	13	87	28
51310	3	73	36
51311	8	90	38
51312	5	103	34
51313	3	86	46
51314	12	88	36
51315	8	91	30
51316	25	96	48
51317	344	75	246
51318	92	79	63
51319	104	92	80
5132	9	89	32
51320	83	90	71
51321	23	96	50
51322	83	84	60
51324	198	91	126
51326	16	93	47
51327	14	90	32
51329	108	74	80
5133	79	80	67
51330	7	78	35
51332	15	90	46
51333	58	85	57
51334	14	100	41
51335	234	90	139
51337	119	112	93
51338	41	91	42
51339	25	81	42
5134	42	102	60
51340	167	101	107
51341	136	107	81
51343	1120	81	1572
51347	48	98	42
51348	7	90	29
51350	83	92	65
51351	1	100	28
51352	12	87	47
5136	5	89	36
51360	12	93	45
51361	237	98	171
51362	114	84	69
51363	28	73	41
51364	20	84	43
51365	6	91	34
51366	538	83	486
51367	35	85	62
51368	177	89	109
5137	11	90	39
51371	61	79	61
51372	44	98	55
51373	228	98	127
51374	8	83	30
51375	22	91	39
51377	306	100	203
51378	32	77	52
51379	36	83	39
5138	112	95	88
51380	15	91	39
51382	93	70	99
51384	29	84	39
51385	11	79	36
51386	238	92	132
51388	167	109	111
51389	13	86	35
5139	76	88	78
51390	60	83	62
51393	6	85	39
51397	44	98	46
51398	7	112	40
51399	74	91	57
514	56	92	72
5140	112	93	70
51400	145	101	84
51406	66	93	59
51409	32	80	53
5141	24	77	37
51411	12	86	41
51412	79	85	63
5142	67	87	62
51421	148	92	110
51422	63	64	62
51426	55	94	55
51427	31	77	54
51428	148	71	91
51429	142	84	108
5143	9	77	34
51430	53	96	58
51433	134	112	97
51434	161	91	112
51435	89	89	73
51438	29	86	44
51439	70	92	63
5144	62	85	62
51440	27	84	46
51441	450	78	356
51442	15	92	35
51444	101	76	83
51447	20	90	35
51449	79	83	45
5145	9	80	41
51451	28	121	39
51454	38	78	27
51455	30	99	42
51458	16	91	51
5146	8	79	43
51460	51	73	53
51463	34	88	48
51465	169	92	119
51466	64	84	60
5147	60	77	44
51471	19	74	39
51473	29	89	42
51474	424	102	287
51475	59	78	57
51477	71	55	63
51478	36	83	52
51479	217	92	146
5148	7	77	45
51480	9	79	44
51481	1	92	26
5149	11	104	34
51490	115	86	100
51491	177	80	99
51493	360	88	253
51495	237	79	135
51496	68	97	52
51497	98	90	70
51499	49	87	48
515	324	89	248
5150	17	83	36
51501	18	92	39
51503	120	80	98
51504	83	77	73
51506	63	91	79
51507	74	82	42
5151	19	89	42
51510	90	82	71
51512	211	97	132
51513	26	81	46
51514	118	86	88
51517	127	82	107
5152	54	93	67
51520	352	79	267
51522	64	70	51
51523	19	101	41
51524	5	75	34
51526	12	93	44
51527	21	101	49
51528	13	99	37
51529	77	91	56
5153	4	75	27
51530	124	95	85
51531	32	77	45
51533	28	83	49
51534	137	102	93
51535	138	96	76
51537	33	91	36
51538	104	86	92
5154	27	88	34
51540	41	99	39
51542	32	96	56
51545	108	96	75
51547	742	88	788
51548	626	72	599
5155	84	97	74
51550	63	85	62
51552	208	80	140
51554	7	87	30
51555	8	93	31
51557	3	94	41
51559	48	98	51
5156	362	78	265
51560	102	80	69
51561	7	97	26
51562	165	94	118
51564	133	85	100
51566	128	97	90
51567	69	87	68
51569	108	89	86
5157	41	102	64
51571	80	75	63
51573	33	82	50
51574	1110	94	1440
51575	148	75	99
5158	8	89	39
51582	19	95	45
51585	111	91	77
51586	109	99	78
51588	168	86	120
5159	201	82	143
51592	454	85	362
51593	332	83	230
51594	101	85	81
51596	47	90	53
51599	176	75	116
516	31	80	53
5160	734	81	779
51601	13	81	50
51602	287	76	210
51603	74	78	56
51604	196	91	126
51605	95	95	52
51606	135	92	85
51608	150	89	102
5161	20	88	42
51611	18	85	47
51614	338	87	228
51616	111	87	91
51617	24	81	36
51619	120	91	98
5162	311	78	219
51621	17	88	39
51622	70	79	74
51626	39	78	56
51629	8	97	34
5163	354	94	256
51631	343	92	206
51633	83	92	66
51634	100	95	91
51635	135	78	87
51637	204	88	148
51639	192	80	127
5164	30	106	49
51642	150	90	91
51643	13	88	41
51645	129	90	92
51646	71	74	69
51647	103	92	82
51649	291	76	201
5165	118	109	75
51650	166	70	127
51651	220	80	146
51652	59	105	61
51654	100	79	81
51655	39	73	53
51657	42	68	65
51659	47	79	65
5166	48	91	48
51660	5	80	36
51661	143	73	93
51663	295	88	196
51665	25	91	36
51666	32	105	44
51667	52	80	47
51668	30	90	53
51669	195	77	137
5167	52	90	54
51673	5	94	36
51676	43	89	59
51678	73	90	66
5168	9	77	35
51684	90	84	81
51686	41	95	43
5169	7	81	44
51690	106	81	80
51691	93	100	58
51692	136	87	96
51693	70	89	69
51696	10	88	41
51699	125	85	75
517	6	74	34
5170	179	90	135
51700	29	103	44
51701	68	100	64
51702	35	85	39
51703	30	91	45
51704	98	87	84
51705	9	84	36
51706	123	106	86
5171	2	78	25
51710	17	99	35
51714	46	97	51
51715	52	83	51
51716	8	88	48
51719	65	88	68
5172	13	93	35
51720	114	81	75
51725	12	86	47
51726	341	91	238
51727	103	87	72
51728	77	72	64
51729	152	69	94
5173	12	77	40
51733	1	78	23
51734	11	97	39
51735	77	91	58
51738	17	90	37
5174	58	82	64
51741	618	101	566
51742	192	86	146
51744	37	75	49
51747	175	104	109
5175	26	70	33
51750	93	89	61
51751	1	81	23
51752	72	85	52
51754	5	94	33
51755	177	93	126
51759	619	89	575
5176	36	98	40
51760	52	91	57
51761	5	96	29
51762	69	75	50
51763	61	98	54
51764	35	86	39
51765	184	78	104
51768	6	88	28
51773	120	104	88
51776	95	89	90
51778	17	74	50
5178	12	76	36
51780	98	74	79
5179	9	82	52
518	17	85	38
51802	8	87	33
51804	42	91	48
51805	45	90	57
51806	183	88	114
51807	82	92	51
51808	163	95	115
51809	56	83	61
51816	6	94	42
5184	88	65	59
5187	80	103	53
5188	94	89	80
5189	86	83	60
5190	79	94	60
5191	36	80	58
5192	24	80	41
5193	42	87	43
5194	25	93	32
5195	227	87	166
5196	28	93	46
5197	22	90	38
5198	145	85	102
5199	42	87	49
52	92	86	84
5201	172	78	106
5202	242	88	163
5203	121	77	89
5204	296	88	220
5205	6	73	37
5207	20	97	47
5208	54	84	63
5209	63	78	68
521	105	101	76
5210	34	74	48
5211	197	76	114
5212	3	97	33
5213	167	85	98
5214	271	101	182
5216	487	85	366
5217	141	76	86
5218	44	91	60
522	198	103	131
5223	184	99	109
5224	76	87	57
5225	5	94	38
5226	164	93	90
5228	6	97	24
5229	21	95	40
523	249	93	165
5230	309	87	185
5232	49	74	43
5236	105	94	77
5238	78	87	58
5239	9	69	33
5241	71	87	58
5243	52	99	44
5244	6	71	32
5245	1111	95	1447
525	110	94	80
5250	384	85	264
5251	2	91	29
5252	170	80	131
5253	71	92	52
5255	40	73	47
5256	67	91	48
5257	58	90	58
526	224	73	139
5260	4	62	31
5261	90	78	60
5264	23	84	41
5265	133	76	87
5266	7	77	42
5267	18	78	50
5268	149	73	105
5269	39	84	48
527	127	88	89
5270	45	76	52
5271	81	73	68
5272	50	91	54
5273	3	80	36
5274	8	78	29
5275	81	84	63
5276	14	86	31
5277	46	86	65
5279	3	69	28
528	91	97	67
5281	25	98	45
5283	157	84	103
5284	130	76	99
5286	170	112	93
5287	43	76	46
5288	3	87	42
5289	97	83	68
529	109	81	80
5290	153	98	105
5291	78	91	63
5292	65	85	61
5293	14	74	37
5294	29	97	41
5295	346	80	248
5296	218	80	148
5297	212	99	128
5298	50	92	45
53	82	91	62
5300	357	86	268
5303	77	88	65
5304	180	102	128
5305	199	85	124
5306	31	78	43
5307	126	112	108
5308	60	83	70
5309	6	91	37
5310	39	96	44
5311	71	84	56
5313	49	86	54
5314	11	98	41
5315	473	103	365
5316	70	97	75
5317	134	100	72
5318	224	73	156
5319	6	95	31
5320	29	91	48
5321	54	84	57
5322	9	89	27
5324	11	94	33
5325	20	85	47
5326	62	84	58
5327	54	86	60
5328	49	83	60
5329	127	67	104
533	33	86	45
5330	14	88	45
5331	87	91	85
5332	29	68	37
5333	52	90	55
53335	103	81	66
53336	6	93	44
53339	107	88	81
5334	7	96	32
53340	14	93	38
53342	4	81	41
53343	40	69	47
53344	12	79	40
53345	11	80	34
53346	2	89	30
53347	123	73	86
53349	56	78	65
5335	225	84	150
53353	69	105	52
53354	6	85	37
53358	61	73	53
5336	74	76	63
53369	1	105	36
5337	118	80	94
53371	116	90	88
53373	29	87	43
5338	127	94	90
5339	413	84	314
534	37	82	50
5340	70	87	54
53405	16	92	47
53407	137	103	91
5341	9	83	36
5345	23	97	32
5346	12	70	39
5347	817	73	926
5348	15	102	41
5349	92	92	65
535	167	86	116
5350	68	95	69
5351	287	105	199
5352	172	66	111
5354	112	71	79
5355	107	71	88
5356	196	82	138
5357	124	102	79
5358	229	82	133
5359	167	85	110
5360	53	78	50
5361	115	83	98
53615	286	70	191
53616	25	94	33
5362	81	70	65
53630	3	69	34
53632	79	78	66
53635	67	86	64
53637	16	86	47
5364	35	100	40
5365	9	83	44
5366	177	86	125
5367	14	96	40
5368	15	81	45
537	115	89	60
5371	920	100	1136
5372	20	83	50
5373	40	99	47
5375	8	83	42
5376	69	104	57
5378	108	90	66
5379	5	112	36
538	91	79	81
5380	1	88	31
53820	111	88	83
53822	3	80	26
53826	86	93	65
53829	1	91	25
5383	1	91	25
53831	24	80	51
53832	33	69	58
53833	33	96	49
53834	52	80	48
53838	15	85	37
53840	16	84	46
53841	16	102	52
53842	7	81	40
5387	5	73	35
539	333	80	237
53904	11	111	36
53905	9	81	31
53916	33	107	45
53917	26	80	38
53918	114	80	88
53919	1	93	31
5393	131	84	88
53938	75	65	62
5394	216	86	148
53940	8	104	31
53942	1	83	24
53944	39	75	61
53947	15	97	31
5395	85	107	50
5396	14	85	47
53981	158	101	86
54	30	85	50
540	42	86	54
54014	48	89	54
54020	6	89	41
54033	169	95	114
54039	122	94	91
54053	1	82	30
54058	21	89	49
54059	97	80	72
5406	10	95	39
54065	18	83	33
54067	1	75	38
54069	92	94	72
5407	54	74	48
5408	13	105	49
54084	1	86	37
54088	1	90	31
5409	5	87	42
54093	20	78	43
54097	11	91	46
54101	445	98	331
54102	28	81	37
54103	6	98	43
54106	69	78	70
54107	80	104	79
54108	53	85	58
5411	283	98	182
54112	15	94	23
5412	32	86	50
5413	47	90	54
5414	24	86	52
54143	1	101	27
54145	22	85	33
541465	3	83	35
541466	25	98	33
541468	132	90	90
541471	2	93	40
541472	1	77	27
541473	1	79	39
54148	207	93	136
54149	12	83	39
541565	3	93	31
541611	1	94	32
54165	274	79	182
54187	97	98	65
5420	76	97	73
54205	173	81	106
54206	105	88	77
54209	11	81	45
54210	15	94	36
54212	27	89	38
5422	110	92	100
54221	23	77	53
5423	61	105	43
5424	321	71	215
5425	69	95	63
5426	126	82	87
5427	55	79	52
542767	1	86	27
5428	104	100	70
5429	80	95	76
5430	495	100	441
5431	355	94	240
5432	331	85	254
54328	49	78	45
54329	3	88	35
5433	143	63	97
54331	60	81	63
54332	37	100	58
5434	277	88	201
54344	15	90	40
54345	5	106	44
54346	23	78	48
5435	140	92	98
5436	171	79	131
54360	1	87	34
54361	36	116	49
54363	6	95	37
5437	218	86	149
5438	123	93	99
54386	550	75	481
5439	147	97	88
5440	147	82	106
54407	133	90	100
5441	164	92	106
54413	89	92	80
54414	64	92	54
5442	204	86	140
54429	6	59	39
5443	31	103	45
54431	252	76	188
54432	42	92	60
54433	208	94	148
54434	69	115	53
54436	6	82	38
54437	10	87	44
54438	51	79	47
54439	136	84	125
5444	19	76	41
54440	3	90	43
54441	3	73	42
54442	90	79	64
54443	1779	72	2237
5445	200	77	148
54453	22	91	46
54454	16	83	52
54455	255	78	169
54456	4	76	28
54457	24	93	35
54458	54	91	53
5446	4	99	33
54460	108	94	59
54461	167	94	109
54462	65	100	60
54463	74	82	66
54464	250	92	162
54465	28	82	34
54466	15	98	38
54467	10	95	35
54468	69	95	61
54469	20	78	48
5447	208	75	133
54470	6	78	36
54471	49	80	55
54472	353	73	248
54474	61	88	63
54475	205	84	154
54476	52	88	61
54477	230	83	141
54478	39	75	43
54480	63	82	57
54482	12	84	43
54487	237	97	150
5449	28	86	41
54490	5	94	49
54491	404	89	341
54492	4	90	39
54494	8	96	50
54495	107	102	74
54496	49	107	52
54497	47	95	59
54498	11	87	32
54499	188	79	124
545	204	83	127
5450	51	75	53
54502	206	80	158
54503	51	87	54
54504	159	85	99
54505	96	108	63
54507	215	98	141
54508	1	81	37
54509	671	95	650
5451	163	91	110
54510	12	81	48
54511	19	106	54
54512	177	100	106
54514	22	100	40
54516	242	70	165
54517	132	69	72
54518	18	110	34
5452	25	89	50
54520	100	82	82
54521	105	79	79
54522	5	95	34
54529	27	92	42
5453	14	97	55
54531	36	82	54
54532	138	90	94
54534	227	82	166
54535	227	90	153
54536	83	92	47
54537	42	105	53
54538	10	71	41
54539	97	113	61
5454	15	86	42
54540	27	93	50
54541	20	84	46
54542	669	95	600
54543	28	81	52
54544	65	82	62
54545	44	90	45
54546	12	79	39
54549	46	89	52
5455	15	94	45
54550	100	79	73
54551	57	76	60
54552	125	74	96
54554	49	90	53
54555	65	65	56
54556	84	88	53
54557	200	71	138
54558	14	95	38
54566	84	95	71
5457	7	79	31
54575	32	80	41
54576	2	76	32
54577	57	90	48
54578	2	83	27
54579	13	86	47
5458	80	86	72
54581	2	79	38
54583	87	84	71
54584	55	93	58
54585	49	77	50
54587	10	80	38
5459	12	83	37
54596	28	106	40
546	208	102	121
5460	333	72	239
54600	12	94	46
54602	53	106	60
54606	299	98	173
54617	83	90	70
54619	7	100	33
54620	103	83	97
54621	2	93	33
54622	110	86	75
54623	190	83	116
54625	44	68	45
54626	3	87	31
54627	28	82	43
54629	31	87	45
5463	3	79	43
5464	182	73	108
5465	78	65	60
54657	4	93	39
54658	8	85	46
54659	3	92	42
54660	1	76	42
54662	12	98	35
54663	110	75	82
54664	306	80	215
54665	155	98	107
5467	108	90	72
54674	3	105	33
54675	3	95	26
54676	54	77	52
54677	16	93	45
5468	289	82	177
54680	66	104	50
54681	36	91	47
54682	103	79	72
5469	184	94	113
547	96	81	71
5470	25	78	44
54700	34	79	47
54704	104	102	65
54707	18	84	48
54708	201	91	143
5471	63	88	59
54714	6	70	31
54715	87	83	73
54716	34	82	45
54718	6	75	36
54726	233	89	142
54729	1	81	32
5473	26	83	47
54732	144	95	116
54733	72	88	58
54734	32	78	41
54737	92	88	74
54738	202	79	116
54739	40	100	59
54741	13	83	39
54742	2	97	34
54749	73	76	71
5475	50	100	48
54751	49	80	70
54752	17	71	38
54753	1	68	33
54754	44	99	52
54756	12	90	38
54757	1	85	41
54758	30	98	49
5476	110	106	94
54760	4	83	43
54762	19	83	36
54763	59	87	57
54764	4160	81	4318
54765	69	75	55
54766	1	88	28
54768	17	88	32
54769	39	78	53
54776	51	87	49
54777	13	94	46
54778	99	98	71
5478	862	85	1086
54780	51	104	65
54784	33	92	37
54785	170	84	112
54788	167	94	102
5479	326	74	218
54790	139	86	103
54793	219	74	158
54795	39	102	48
54796	11	98	32
54797	75	83	69
54798	3	86	39
54799	55	89	43
5480	24	89	44
54800	57	85	59
54801	156	75	111
54802	16	81	43
54805	27	87	42
54806	54	97	69
54807	4	75	24
54808	77	81	74
54809	27	80	43
5481	88	76	83
54810	27	107	38
54811	18	106	41
54812	52	87	40
54813	24	77	33
54814	86	104	62
54815	217	94	139
54816	22	88	58
54819	235	88	173
54820	105	85	69
54821	81	98	59
54822	121	86	96
54823	5	104	34
54825	12	103	41
54826	12	85	29
54827	3	85	38
54828	78	81	60
54829	4	81	46
5483	1	72	31
54830	35	88	49
54831	17	91	46
548313	2	76	37
54832	115	95	85
54834	19	85	39
54836	35	75	49
54838	8	90	35
54839	102	100	82
54840	76	90	59
54841	13	83	39
54842	40	88	58
54843	15	87	39
54845	75	63	52
54847	3	89	27
54848	5	75	46
54849	50	86	47
54850	60	106	64
54851	50	72	52
54852	9	87	50
54853	59	95	51
54855	138	97	103
54856	41	78	51
54857	5	88	33
54858	15	98	47
54859	47	99	49
548593	26	80	37
548594	3	85	37
548596	79	98	62
54860	8	79	31
54861	31	92	30
54862	153	75	104
54863	20	96	35
548644	19	84	43
548645	282	94	175
54865	232	93	162
54866	4	93	34
54867	143	75	111
54868	6	74	35
54869	43	93	65
54870	140	80	92
54872	59	76	62
54873	13	97	33
54874	51	80	49
54875	22	87	38
54876	64	84	68
54877	24	90	41
54878	52	92	55
54879	37	84	44
54880	292	99	190
54881	171	86	120
54882	218	82	149
54883	58	81	47
54884	103	87	86
54885	5	87	41
54886	19	77	41
54887	88	84	64
54888	280	79	176
54890	49	86	57
54891	25	86	35
54892	91	79	65
54893	40	83	53
54894	426	83	305
54896	12	84	39
54897	42	73	55
54898	60	84	62
54899	40	92	49
549	304	80	209
54900	8	91	42
54901	214	88	129
54902	119	67	90
54903	109	84	90
54904	113	90	86
54905	14	83	31
54906	100	89	93
54908	304	92	202
54910	155	89	107
54913	57	87	61
54914	65	98	67
54915	442	84	334
54916	12	96	47
54918	86	89	65
54919	154	115	115
54920	17	77	40
54921	28	92	30
54922	16	91	24
54923	59	81	62
54925	44	88	63
54926	62	93	65
54927	258	76	190
54928	55	68	55
54929	70	77	64
5493	168	79	111
54930	97	85	69
54931	205	83	142
54932	8	88	38
54933	7	98	32
54934	68	73	71
54935	117	79	90
54936	31	74	47
54937	1	85	38
54938	94	82	72
54939	105	85	92
5494	140	95	96
54940	414	84	323
54941	53	90	62
54942	15	78	33
54943	95	80	72
54946	34	91	36
54947	74	77	70
54948	176	88	142
54949	34	94	46
5495	210	83	139
54951	66	94	71
54952	30	103	56
54953	94	75	75
54954	184	91	136
54955	154	106	104
54956	48	93	58
54957	34	94	57
54958	68	91	59
54959	15	76	43
5496	318	81	210
54960	59	78	62
54961	70	82	70
54962	31	90	50
54963	49	78	48
54964	5	91	40
54965	4	86	26
54967	51	93	54
54968	221	108	138
54969	38	102	48
54970	15	85	32
54971	271	93	157
54972	126	70	97
54973	99	84	79
54974	58	100	51
54976	32	66	48
54977	5	94	34
54978	54	82	45
54979	12	80	46
5498	72	98	72
54980	7	85	37
54981	7	81	26
54982	100	98	79
54984	96	84	72
54985	3	82	46
54986	27	89	57
54987	31	96	42
54988	54	96	43
54989	97	89	70
5499	593	83	531
54991	10	83	46
54993	9	78	29
54994	120	79	77
54995	29	96	45
54996	41	66	46
54997	10	84	39
54998	282	87	188
55	139	75	93
550	235	77	137
5500	457	76	354
55000	6	87	53
55001	1	90	36
55002	58	88	50
55003	123	84	80
55004	716	84	687
55005	191	93	135
55006	279	76	202
55007	17	93	37
55008	13	81	45
55009	5	90	33
5501	709	92	702
55010	9	76	37
55011	731	76	763
55012	41	75	49
55013	170	77	112
55014	261	73	161
55015	50	83	58
55016	70	91	58
55017	65	68	66
5502	11	91	36
55020	21	89	39
55022	25	104	55
55023	191	77	125
55024	9	89	37
55025	1	80	35
55026	16	82	43
55027	165	89	122
55028	262	80	174
55030	52	71	54
55031	188	98	132
55032	18	82	34
55033	81	86	52
55034	38	97	46
55035	115	82	91
55036	34	88	46
55037	333	77	188
55038	44	88	48
55039	10	84	33
5504	59	109	58
55040	57	81	67
55041	71	93	67
55048	133	88	88
55049	19	83	36
55051	30	74	47
55052	170	85	125
55054	1137	80	1585
55055	30	83	46
55057	28	84	49
5506	52	64	50
55061	49	89	47
55062	50	94	55
55063	7	90	33
550631	6	81	37
55064	5	90	32
550643	5	95	34
55065	9	104	39
55066	96	85	71
55068	19	106	35
55069	48	87	64
5507	32	94	52
55070	154	100	117
55071	23	95	42
55072	398	89	280
55073	1	87	29
55074	30	79	37
55075	131	80	82
55076	17	75	33
55079	5	84	39
55080	16	76	47
55081	88	72	84
55082	168	94	93
55083	51	85	55
55084	9	74	49
55086	49	87	36
55088	26	74	33
55089	2	85	35
5509	21	76	36
55090	97	95	64
55092	99	71	82
55093	428	69	346
55094	101	74	79
55095	120	89	88
55096	8	92	35
551	26	91	47
5510	100	96	76
55100	75	79	52
55101	15	98	33
55102	87	84	65
55103	46	79	66
55105	33	94	58
55106	7	77	44
55107	9	80	41
55108	21	93	36
55109	58	79	63
5511	90	101	59
55110	158	92	101
55111	31	84	47
55112	44	85	36
55113	7	80	42
55114	94	104	79
55116	37	82	53
55117	147	81	102
55118	27	81	47
55119	102	92	62
55120	65	90	47
55122	73	86	51
55124	14	81	49
55125	185	85	120
55127	219	76	143
55128	100	93	84
55129	30	93	39
55130	21	94	37
55131	349	89	267
55132	140	89	107
55133	111	94	88
55135	89	105	70
55137	11	92	32
55138	210	85	141
55139	39	74	49
5514	175	89	113
55140	95	97	49
55142	125	113	88
55143	115	80	74
55144	28	102	41
55145	114	71	66
55146	6	102	51
55147	91	85	85
55148	94	90	75
55149	147	84	92
5515	436	70	296
55150	3	79	29
55151	62	88	52
55152	22	98	39
55153	154	61	92
55154	56	101	65
55156	66	77	62
55157	140	77	90
55159	75	80	71
5516	248	98	173
55160	60	87	62
55161	160	97	105
55163	43	83	47
55164	25	85	45
55165	254	95	151
55166	105	84	68
55167	34	95	37
55168	136	89	104
55170	146	80	89
55171	23	92	43
55172	101	87	82
55173	214	91	143
55174	49	93	61
55175	71	85	49
55176	40	87	55
55177	312	96	200
55178	165	92	113
55179	43	92	64
5518	577	85	494
55180	6	96	41
55181	105	64	79
55182	41	115	55
55183	199	90	124
55184	7	70	36
55186	6	75	28
55187	63	106	59
55188	43	97	60
5519	153	88	95
55190	6	77	41
55191	35	84	47
55192	130	89	99
55193	213	99	131
55194	67	90	53
55195	34	106	34
55196	47	93	48
55197	173	97	139
55198	72	100	75
55199	34	70	48
552	3	80	39
5520	275	78	191
55200	41	83	52
55201	105	86	84
55203	4	95	30
55204	70	106	59
55205	24	80	37
55206	71	75	64
55207	196	88	154
55208	30	93	54
55209	36	73	55
5521	237	88	142
55210	334	87	213
55211	138	78	116
55212	86	82	63
55213	20	73	43
55214	28	90	41
55215	214	54	132
55216	160	91	113
55217	55	76	48
55218	385	86	262
55219	176	82	119
5522	63	78	67
55220	17	85	42
55222	16	83	34
55223	31	97	47
55224	20	90	43
55225	17	88	39
55226	298	85	175
55227	80	67	65
55228	121	84	85
55229	77	81	69
5523	42	86	53
55230	51	80	48
55231	22	74	43
55233	83	90	53
55234	200	92	133
55236	147	66	88
55237	18	106	46
55238	86	99	72
55239	51	86	46
5524	106	88	93
55240	142	79	103
55243	118	87	97
55244	52	71	58
55245	103	85	69
55246	37	99	45
55247	95	87	83
55248	118	87	86
55249	51	106	57
5525	77	89	67
55250	86	91	63
55251	25	88	42
55252	280	82	189
55253	110	104	95
55254	48	94	44
55255	128	73	67
55256	41	88	56
55257	101	88	67
55258	1	78	36
55259	9	91	37
5526	32	96	60
55260	31	96	37
55262	35	86	46
55266	42	100	53
55267	20	95	40
55268	20	94	44
55269	503	96	416
5527	77	83	63
55270	10	81	25
55272	108	83	76
55273	34	93	48
55274	136	93	96
55275	101	91	74
55276	52	85	54
55277	4	83	40
55278	106	84	71
55279	2	79	30
5528	145	92	110
55280	74	80	60
55281	57	85	49
55282	13	105	49
55283	63	81	65
55284	94	77	67
55285	40	74	55
55286	10	86	37
55287	10	69	48
55288	60	78	61
552889	13	86	36
55289	2	113	38
552891	12	76	41
5529	108	94	77
55290	36	84	66
552900	117	104	74
55291	247	89	168
55293	22	94	46
55294	941	74	1013
55295	76	93	73
55296	13	94	39
55297	25	93	44
55298	13	85	30
55299	298	79	186
553	29	89	53
5530	143	88	87
55300	58	72	53
55301	1	87	38
55303	4	79	28
55304	9	97	30
55308	83	100	72
5531	132	83	87
55311	105	85	66
553115	100	98	72
553117	29	81	35
55312	25	75	45
55313	19	87	43
55314	8	85	37
55315	2	100	36
553158	9	95	47
55316	52	75	50
55317	18	83	49
55319	90	89	75
5532	76	97	67
55320	54	71	45
55321	1	84	25
55322	26	81	36
55323	11	84	40
55324	117	85	73
55325	99	81	69
55326	67	82	56
55327	96	84	72
55328	2	89	34
55329	38	85	41
5533	72	91	62
55330	18	100	40
55331	8	95	35
55332	12	91	34
55333	127	80	82
55334	91	86	63
55335	20	83	42
55336	11	89	40
55337	95	92	75
55339	139	105	109
5534	63	100	49
55340	75	90	55
55341	162	90	110
55342	231	83	157
55343	8	113	50
55344	7	94	36
55345	23	77	40
55346	74	73	70
55347	92	93	82
55349	23	88	53
5535	31	70	49
55350	1	98	45
55351	14	73	48
55352	69	95	68
55353	47	76	46
55354	7	84	37
55355	103	86	87
55356	21	82	41
55357	36	97	50
55359	160	84	106
5536	184	73	128
55361	68	80	51
55362	143	87	104
55363	42	83	48
55364	33	88	53
55365	16	80	38
55366	262	94	178
55367	46	97	46
5537	220	88	119
55370	86	84	64
55374	14	84	42
55379	819	79	889
5538	254	98	189
55380	1	95	27
55384	5	85	35
55388	118	79	83
5539	9	96	45
554	122	99	87
5540	1	86	32
5542	18	91	39
554203	3	83	33
554206	1	78	31
554207	1	90	27
55421	151	97	117
554210	75	71	57
55422	62	78	75
554223	19	97	39
554226	1	91	26
55423	3	81	29
554235	13	80	50
554236	3	103	26
55425	40	100	44
554250	5	86	31
554251	3	86	42
554313	41	98	36
55432	518	75	422
55435	27	92	39
554354	1	67	35
55437	29	82	48
5544	16	80	43
5545	3	77	37
55450	7	74	30
55454	103	72	69
5546	87	82	63
55466	81	83	61
5547	42	87	58
55471	68	75	59
5548	2	80	49
55486	220	76	148
5549	30	78	49
5550	84	94	66
55500	23	94	39
55501	69	82	78
55502	46	75	61
55503	17	97	33
55504	44	61	67
55505	85	81	63
55506	208	92	136
55507	71	83	58
55508	26	66	53
55509	53	84	54
5551	47	86	56
55510	18	93	38
55511	6	87	30
55512	23	85	34
55515	132	83	119
5552	14	75	47
55520	4	89	22
55521	140	87	112
55526	62	89	57
55527	101	82	76
55529	35	88	46
5553	275	78	181
55530	8	92	35
55531	13	88	30
55532	5	77	30
55534	16	94	51
55536	82	78	67
5554	19	88	50
55540	36	92	49
55544	23	89	51
5555	1	80	31
55552	5	72	23
55553	150	79	101
55554	149	76	95
55556	11	72	49
55558	90	88	63
55559	109	83	88
55561	34	79	36
55565	13	81	35
55567	12	68	36
55568	52	104	54
5557	97	85	70
55571	109	113	89
55572	63	77	47
55573	83	92	57
55576	8	96	36
55577	151	89	103
55578	89	80	78
5558	84	88	76
55582	15	83	40
55584	73	89	61
55585	62	73	58
55586	12	85	40
55588	98	77	83
55589	97	88	76
55591	156	91	108
55592	2	79	37
55593	49	93	50
55596	144	83	84
55599	45	78	61
55600	56	82	41
55601	84	92	66
55602	136	78	92
55603	82	79	70
55604	77	89	73
55605	105	79	77
55607	119	84	84
55608	24	86	47
55609	59	75	62
55610	116	70	80
55611	347	111	251
55612	32	86	41
55613	23	90	52
55614	76	91	62
55615	38	74	46
55616	25	82	42
55617	13	78	40
55619	24	91	42
5562	245	83	148
55620	21	72	38
55621	117	95	92
55622	97	75	73
55623	63	71	54
55624	82	88	63
55625	18	100	37
55626	265	71	169
55627	162	80	99
55628	12	89	43
55629	26	80	28
5563	233	90	144
55630	162	94	118
55631	85	88	59
55632	16	75	34
55633	192	79	115
55634	19	95	40
55635	30	88	45
55636	148	95	86
55638	29	87	53
5564	90	68	72
55640	3	84	40
55643	68	90	61
55644	140	98	106
55646	371	82	277
55647	20	92	41
5565	232	92	158
55650	2	75	29
55651	123	80	67
55652	13	86	40
55653	15	66	33
55654	10	98	36
55655	44	89	59
55656	61	84	53
55657	41	99	52
55658	137	96	87
55659	8	81	31
5566	388	96	272
55660	412	74	315
55661	302	64	185
55662	313	100	213
55663	81	87	69
55664	29	84	46
55665	31	96	47
55666	188	100	120
55667	134	79	94
55668	70	84	51
55669	45	69	42
5567	178	89	119
55670	11	93	27
55671	179	74	134
55672	8	103	30
55676	108	80	83
55677	112	91	72
55679	20	74	49
5568	100	94	82
55680	33	74	57
55681	181	83	118
55683	77	86	68
55684	130	88	86
55686	15	69	38
55687	86	85	75
55689	167	103	113
5569	9	87	40
55690	44	87	60
55691	15	85	44
55692	237	74	141
55693	41	74	41
55695	62	71	62
55696	164	77	89
55697	198	96	130
55698	44	87	38
55699	257	78	147
5570	7	81	36
55700	158	97	103
55701	62	84	62
55702	69	83	48
55703	114	90	79
55704	220	89	145
55705	224	94	169
55706	202	99	128
55707	60	83	69
55709	311	73	210
5571	141	89	99
55711	41	72	48
55713	2	63	26
55714	56	80	57
55715	66	79	58
55716	945	88	1109
55717	130	101	73
55718	97	79	93
55719	38	89	62
55720	315	80	198
55721	13	85	31
55722	106	94	80
55723	107	84	83
55726	68	78	55
55727	10	107	58
55728	85	100	70
55729	79	88	69
5573	295	87	201
55731	41	85	49
55732	58	95	62
55733	1	83	36
55734	48	78	56
55735	217	94	125
55737	258	101	162
55738	127	95	90
55739	64	89	66
55740	108	90	67
55741	100	97	86
55742	77	88	61
55743	52	95	49
55744	31	91	43
55745	11	74	39
55746	177	98	116
55748	132	80	96
55749	184	86	108
5575	156	77	109
55750	129	95	71
55751	11	96	43
55752	108	103	71
55753	44	97	48
55754	129	89	98
55755	179	81	133
55756	63	84	46
55757	77	88	58
55758	174	89	113
55759	133	72	74
5576	194	74	100
55760	38	79	40
55761	109	80	91
55762	7	92	51
55763	138	80	87
55764	60	107	46
55765	65	104	63
55766	128	86	100
55768	64	79	70
55769	12	95	36
5577	126	102	92
55770	99	87	67
55771	124	90	78
55773	54	84	72
55775	29	91	37
55776	31	82	51
55777	86	91	72
55778	7	94	39
55779	14	96	40
5578	276	92	170
55780	1	98	34
55781	124	92	89
55783	20	107	47
55784	10	86	35
55785	36	111	27
55786	6	101	42
55787	96	114	68
55788	8	92	43
55789	192	86	137
5579	197	79	133
55790	61	81	69
55791	247	90	131
55793	41	92	56
55794	222	68	134
55795	85	89	68
55796	15	78	40
55798	23	88	52
55799	9	92	40
558	340	87	245
5580	156	82	109
55800	212	78	148
55801	8	75	30
55802	165	97	105
55803	14	88	39
55805	22	94	45
55806	46	91	53
55808	4	79	34
55809	35	110	42
5581	125	85	99
55810	79	95	63
55811	4	87	31
55812	24	88	40
55813	84	82	61
55814	36	84	52
55815	20	84	41
55816	16	93	43
55818	62	90	67
55819	322	94	239
5582	70	91	61
55821	2	86	37
55823	80	68	68
55824	59	87	59
55825	24	94	37
55827	208	88	124
55829	52	79	54
5583	24	103	52
55830	55	109	50
55831	118	87	94
55832	935	70	1014
55833	168	78	93
55835	175	95	122
55837	74	88	75
55839	58	78	65
5584	299	59	207
55840	36	72	51
55841	15	78	33
55843	21	98	34
55844	157	75	105
55845	122	83	84
55846	27	84	41
55847	86	75	61
55848	79	89	84
5585	137	98	102
55850	112	81	89
55851	78	71	73
55852	183	79	101
55853	3	82	42
55854	113	77	85
55855	8	93	44
55856	43	98	45
55857	26	98	57
55858	94	83	71
55859	51	85	48
5586	176	77	107
55860	85	84	74
55861	10	84	32
55862	53	85	54
55863	48	105	65
55867	3	80	36
55869	41	79	30
5587	172	83	113
55870	57	93	60
55871	174	76	97
55872	147	72	98
55876	11	84	47
55879	5	81	34
5588	42	70	47
55884	83	84	79
55885	147	109	111
55888	18	78	48
55889	3	96	34
5589	253	83	152
55890	102	80	83
55891	10	84	38
55892	12	80	44
55893	18	92	40
55894	11	83	29
55897	9	92	42
55898	223	71	141
5590	360	85	233
55900	24	73	40
55901	3	98	40
55902	14	95	41
55904	44	96	52
55905	88	97	63
55906	44	92	53
55907	109	82	81
55908	9	80	40
55909	42	73	65
5591	673	60	659
55911	3	70	38
55914	243	75	150
55915	92	85	67
55916	45	85	53
55917	71	74	59
5592	46	70	58
55920	216	83	141
55922	241	97	138
55924	26	88	47
55929	180	68	110
5593	11	80	39
55930	169	74	105
55937	43	94	69
5594	432	97	341
5595	340	83	277
55954	47	81	57
55957	91	94	81
55958	79	81	69
55959	115	84	89
5596	66	83	69
55964	54	79	61
55966	3	74	26
55967	199	83	124
55968	164	83	117
55969	100	72	82
5597	469	74	378
55970	101	91	80
55971	123	86	102
55972	49	81	62
55973	38	81	49
55974	7	76	37
55975	42	88	51
5598	138	68	81
5599	220	76	147
55997	125	96	103
55998	12	78	35
55999	1	72	29
56	3	88	38
5600	40	97	49
56000	7	90	42
56001	60	89	49
56005	63	74	44
56006	70	98	67
5601	174	94	118
5602	52	85	59
5603	34	86	57
56033	9	91	35
56034	12	76	45
5604	246	82	179
5605	258	73	182
56052	46	94	47
5606	241	85	161
56061	56	71	53
56062	31	84	49
56063	19	75	51
5607	110	75	90
5608	56	108	77
5609	174	82	126
56097	21	85	47
56098	71	85	61
56099	5	78	40
5610	346	85	223
56100	8	73	43
56101	42	85	56
56102	7	93	34
56103	43	86	49
56104	74	105	81
56105	18	94	36
56106	18	93	37
56107	33	78	44
56108	24	77	42
56109	23	86	50
5611	217	97	127
56110	62	72	65
56111	33	86	49
56112	8	91	38
56113	2	84	25
56114	2	95	37
5612	99	91	77
56121	26	86	49
56122	22	99	31
56123	4	99	24
56124	14	84	34
56125	55	85	53
56126	7	91	43
56127	2	83	43
56128	3	86	42
56129	43	86	42
5613	43	94	38
56130	26	89	49
56131	2	87	44
56132	141	91	104
56133	10	109	25
56134	43	93	42
56135	17	86	34
56136	4	78	34
56137	44	90	55
56138	17	84	33
56139	19	109	40
56140	53	100	50
56141	10	86	38
56142	6	98	32
56143	2	76	36
56144	53	108	66
56145	32	96	48
56146	12	84	33
56147	6	93	37
56154	19	83	40
56155	31	85	49
56156	19	85	45
56157	26	84	41
56158	19	93	21
56159	93	95	81
5616	139	88	96
56160	38	89	58
56163	13	77	33
56164	14	87	35
56165	8	84	39
56169	5	89	33
5617	6	96	35
56171	17	77	42
56172	12	88	34
5618	16	103	39
56180	5	89	30
56181	61	87	58
5619	2	69	35
5620	38	88	37
56203	6	108	32
56204	11	87	37
5621	2246	86	2925
5623	5	89	36
5624	15	74	45
56241	16	80	38
56242	6	98	45
56243	98	84	76
56244	154	92	100
56246	3	79	35
5625	11	72	26
56252	159	90	109
56254	202	85	118
56255	73	86	72
56256	18	85	47
56257	854	79	1064
56259	143	78	86
5626	54	83	71
56260	2	88	31
56261	7	79	33
56262	84	73	59
56265	1	75	27
56267	42	89	51
56269	19	85	41
5627	38	89	43
56270	62	80	64
56271	18	77	37
56287	28	86	38
56288	284	89	190
5629	37	92	54
563	142	97	102
5630	199	77	146
56300	42	85	56
56301	2	90	36
56302	27	90	45
5631	192	88	127
56311	2	87	42
56339	282	96	211
5634	239	94	148
56341	87	78	85
56342	186	105	114
56344	37	103	56
5635	101	104	73
5636	100	81	83
5638	14	71	46
5639	8	76	39
5641	46	93	52
56413	48	95	53
5644	69	73	61
5645	34	104	50
5646	55	76	62
56474	117	90	93
56475	97	107	70
56477	23	88	37
56478	292	84	219
56479	29	80	37
5648	23	84	43
5649	15	86	33
5650	73	76	71
5651	2	85	34
5652	55	92	71
56521	56	89	49
5653	29	83	41
5654	35	83	39
56547	20	80	38
56548	28	81	45
5655	179	96	126
5657	81	92	77
566	21	81	44
5660	112	95	96
56603	29	68	41
56604	28	93	45
56605	54	93	63
56606	32	90	58
56616	266	83	176
5662	4	92	27
56623	65	76	63
56624	4	73	43
5663	195	71	127
5664	67	94	69
56647	141	80	72
56648	55	70	59
56649	308	89	251
56650	70	88	51
56651	1	81	31
56652	125	99	87
56654	68	82	51
56655	32	68	47
56656	2	87	43
56658	106	96	83
56659	1	77	34
56660	1	96	27
56663	2	76	33
56664	3	96	34
56666	8	82	38
56667	37	65	48
56670	3	93	29
56672	19	108	30
56673	15	80	51
56674	108	86	101
56675	13	101	40
56676	10	89	37
56681	272	85	193
56683	81	97	69
5669	50	100	58
567	82	89	68
5670	2	99	32
56704	229	102	166
5671	19	79	36
5672	7	77	39
56729	8	88	42
5673	4	98	37
56731	3	78	29
5675	2	106	34
56751	3	90	43
56776	61	82	54
5678	21	88	46
5680	60	96	61
5681	62	77	38
5682	474	86	376
56829	602	77	541
5683	209	88	117
56832	1	79	28
56833	13	77	43
56834	7	97	42
5684	439	86	322
56848	16	80	39
56849	23	73	30
5685	304	97	200
56850	184	78	120
56851	145	97	107
56852	459	80	340
56853	10	86	34
5686	337	87	243
5687	296	86	210
5688	255	96	170
56882	16	81	29
56884	2	96	24
56886	201	88	121
56888	154	87	119
56889	132	90	78
5689	333	84	196
56890	8	69	28
56891	48	88	43
56892	4	83	31
56893	251	98	201
56894	83	75	72
56895	69	80	50
56896	64	93	69
56897	115	96	82
56898	39	89	40
56899	26	90	43
5690	205	87	118
56900	39	86	46
56901	15	110	41
56902	125	81	85
56903	7	105	42
56904	99	95	82
56905	77	80	69
56906	28	80	40
56907	25	90	49
5691	191	68	141
56910	35	87	49
56911	11	86	39
56912	40	74	36
56913	51	80	60
56914	1	93	20
56915	157	94	121
56916	190	96	108
56917	25	73	35
56918	3	79	39
56919	61	65	61
5692	214	65	130
56920	4	93	38
56922	175	87	108
56923	29	78	52
56924	69	74	68
56925	38	84	52
56926	177	85	121
56927	24	100	46
56928	232	102	169
56929	21	96	36
5693	232	81	141
56931	53	97	39
56934	45	79	62
56935	62	85	62
56937	50	98	52
56938	26	86	39
5694	220	76	121
56940	138	85	109
56941	48	89	51
56942	18	92	44
56943	176	93	127
56944	11	76	41
56945	277	92	169
56946	133	89	95
56947	178	92	118
56948	28	94	35
56949	178	105	99
5695	203	83	133
56950	63	83	54
56951	17	96	35
56952	37	100	49
56954	72	96	64
56955	8	87	41
56956	14	83	34
56957	68	98	54
5696	103	75	77
56961	17	89	37
56963	17	98	40
56964	1	96	46
56965	12	89	41
56969	86	86	68
5697	7	90	30
56970	51	104	52
56971	1	85	37
56975	186	85	134
56977	16	85	36
56978	4	109	32
56979	7	93	42
5698	87	95	77
56980	66	92	59
56981	20	94	33
56983	107	95	60
56984	69	83	75
56986	14	84	40
56987	109	94	90
5699	89	74	70
56990	21	114	42
56992	91	79	81
56993	359	87	243
56994	64	94	63
56995	19	85	30
56996	50	68	59
56997	219	75	152
56998	39	72	40
56999	5	87	50
570	26	80	46
5700	343	79	218
57001	33	73	52
57002	27	89	37
57003	446	89	360
57007	19	84	55
5701	359	76	248
57010	9	76	40
57016	42	98	53
57017	214	93	178
57018	57	94	56
57019	89	91	63
5702	406	85	302
57020	42	89	50
57026	28	79	44
57030	2	74	38
57035	26	87	45
57037	63	100	55
57038	89	100	78
5704	326	78	220
57045	15	100	37
57047	15	101	44
57048	46	87	39
5705	470	105	393
57050	150	79	91
57053	8	102	42
57054	1	78	28
57055	21	64	47
57057	18	70	44
5706	324	78	231
57060	43	80	52
57062	576	85	526
5707	386	79	294
5708	418	84	296
57082	106	92	82
57084	2	94	32
57085	160	98	125
57088	75	85	60
57089	51	86	56
5709	377	88	261
57091	9	96	37
57092	90	91	69
57093	11	92	35
57094	14	83	39
57095	43	85	47
57096	66	88	56
57097	15	93	44
57099	25	91	46
571	106	80	78
5710	326	74	200
57101	2	89	31
57102	11	113	40
57103	60	83	57
57104	40	89	48
57105	21	85	48
57106	64	93	63
57107	23	81	47
57109	259	102	186
5711	116	78	84
57110	10	95	43
57111	256	82	150
57113	4	92	38
57116	24	67	41
57117	116	78	94
57118	48	89	55
57119	5	92	35
57120	290	75	224
57121	2	83	35
57122	211	79	122
57124	1	97	35
57125	5	76	30
57126	4	68	40
57127	4	77	32
57128	67	84	55
57129	202	81	123
5713	254	100	167
57130	168	82	115
57132	42	69	45
57134	5	87	33
57135	1	78	31
57136	70	94	71
57139	47	110	51
5714	167	85	113
57140	8	79	39
57142	322	87	201
57143	75	93	74
57144	110	74	85
57146	53	75	51
57147	91	64	86
57148	60	86	66
57149	10	82	32
5715	169	98	115
57150	17	67	56
57151	31	86	47
57152	143	96	97
57153	12	97	40
57154	475	84	403
57156	33	91	52
57157	15	83	32
57158	25	90	40
57159	319	71	218
5716	186	75	127
57161	51	74	46
57162	63	96	55
57165	7	90	37
57167	25	84	45
57168	33	75	47
57169	59	92	55
5717	343	82	238
57171	49	84	61
57172	9	98	34
57175	184	102	109
57176	108	95	85
57178	45	93	41
57179	48	88	61
5718	298	105	184
57180	54	81	56
57181	149	98	105
57182	108	98	79
57184	20	89	44
57185	17	90	38
57186	34	81	55
57187	191	73	134
57188	14	96	46
57189	19	70	49
5719	295	90	214
57190	65	82	49
57191	3	86	39
57192	17	97	36
57194	6	86	24
57198	41	87	58
572	100	91	59
5720	263	93	178
57205	7	94	38
57209	12	82	29
5721	128	74	100
57210	11	85	37
57211	36	66	43
57212	1	91	28
57213	44	84	38
57214	66	74	57
57215	118	96	93
57216	177	85	114
57217	17	85	37
57221	79	94	63
57222	259	91	159
57223	71	83	59
57224	48	77	52
57226	27	105	46
57228	41	80	53
5723	16	100	46
57231	59	70	59
5724	48	62	59
5725	439	106	334
5726	3	88	37
5727	266	80	202
5728	637	71	621
57282	3	86	25
5729	10	92	50
57291	25	87	39
57292	1	96	23
573	472	83	390
5730	29	90	48
5731	3	78	33
5732	2	79	26
57325	110	87	89
57326	209	83	150
5733	117	88	84
57332	242	72	166
57333	24	116	40
57335	29	90	46
57336	12	84	45
57337	26	77	48
57338	50	96	49
5734	47	101	46
57343	5	96	37
57348	298	87	193
57369	2	91	37
5737	18	79	32
57379	68	85	71
5738	50	79	46
57380	80	106	73
57381	623	99	562
5739	69	94	61
57393	4	87	40
57396	43	84	52
573971	1	110	31
574	1	87	32
5740	5	75	32
574016	5	88	41
57402	69	97	68
574029	2	102	34
57403	20	91	37
574031	96	100	69
574032	85	80	83
574033	84	87	84
574036	1	80	28
57404	17	94	39
574040	5	87	30
574042	2	91	38
57405	61	82	59
57406	24	84	49
57407	240	83	176
57408	7	84	41
57409	43	88	59
5741	9	72	33
57410	149	98	104
57412	5	89	33
57414	102	88	82
57415	9	89	28
57418	123	83	87
57419	19	83	36
5742	12	90	39
5743	44	73	56
5744	6	84	26
574411	77	83	60
57446	36	95	34
57447	45	99	41
574470	1	103	35
57448	249	97	171
57449	25	89	46
5745	85	95	87
57451	7	96	42
57452	20	81	36
57453	8	80	33
574537	1	103	30
57455	11	93	34
57456	59	84	80
57458	38	78	68
57459	232	76	145
5746	116	88	75
57460	120	93	84
57461	133	91	92
57462	34	94	40
57463	90	87	84
57464	35	80	42
57465	36	106	44
57466	144	100	98
57467	21	78	30
57468	7	92	34
57469	1	87	37
5747	273	72	188
57470	114	86	84
57471	5	103	25
57472	55	70	57
57473	198	92	128
57474	49	100	46
57475	13	88	36
57476	67	78	71
57477	3	71	28
57478	27	72	36
57479	82	82	76
57480	65	90	59
57481	2	99	31
57482	39	79	46
57484	19	67	39
57486	50	96	41
57488	364	87	265
57489	39	84	49
57491	6	86	31
57492	195	90	109
57493	11	87	43
57494	12	84	37
57495	3	74	46
57496	55	89	49
57497	7	98	49
57498	184	97	130
575	31	79	47
57502	4	70	31
57504	168	79	100
57505	322	86	236
57506	294	85	190
57507	90	99	81
57508	102	75	77
57509	80	101	58
57510	217	88	139
57511	159	82	105
57512	6	90	31
57513	47	88	48
57514	44	71	60
57515	62	82	63
57519	35	76	40
57520	318	101	222
57521	319	93	207
57522	37	106	44
57523	28	89	45
57524	6	85	40
57526	20	103	35
57528	9	84	44
57529	12	85	40
5753	91	96	74
57530	148	80	114
57531	28	85	48
57532	411	87	297
57533	36	94	49
57534	292	99	217
57535	15	101	42
57536	41	85	52
57537	10	84	36
57538	8	94	31
57539	35	88	48
5754	112	85	64
57540	5	86	43
57541	42	92	44
57542	89	74	74
57544	61	83	64
57545	43	84	47
57546	19	89	39
57547	37	99	41
57549	9	89	38
57551	49	81	43
57552	86	81	67
57553	76	90	54
57554	35	84	47
57555	63	85	66
57556	56	92	56
57558	25	87	47
57559	72	84	53
5756	167	103	97
57560	28	80	43
57561	224	88	140
57562	80	82	76
57563	79	84	71
57565	65	82	57
57567	25	99	37
57568	124	80	85
57569	28	96	41
5757	195	95	117
57570	43	85	51
57571	3	94	30
57572	55	69	63
57573	12	81	41
57574	110	99	81
57575	61	82	60
57576	5	90	30
57577	7	72	42
57578	9	83	38
57579	85	80	75
57580	65	92	50
57583	15	83	39
57584	177	77	97
57585	34	92	45
57586	4	83	44
57587	57	94	60
57589	21	98	42
57590	63	97	64
57591	54	93	56
57592	113	84	65
57593	4	78	43
57594	143	70	111
57595	18	87	36
57596	54	99	44
57597	40	101	49
57599	146	93	102
576	10	78	36
57600	20	111	36
57602	598	78	539
57604	6	84	44
57605	6	100	38
57606	121	88	102
57608	36	62	64
57609	64	78	59
57610	112	85	82
57611	10	79	27
57613	73	81	61
57614	61	79	46
57615	11	80	42
57616	77	83	53
57617	116	85	78
57619	75	91	62
57620	131	93	107
57621	446	88	350
57622	126	73	106
57623	8	90	41
57624	16	95	39
57626	16	101	53
57628	5	84	35
5763	81	89	77
57630	100	76	93
57631	68	91	58
57633	7	82	40
57634	176	90	116
57636	59	86	53
57639	81	81	70
5764	102	67	69
57642	26	82	47
57643	5	96	38
57644	63	110	53
57645	28	80	40
57646	114	77	79
57647	176	81	117
57648	112	90	85
57649	107	96	75
57650	171	99	120
57653	1	77	36
57654	38	75	49
57655	164	82	95
57657	5	98	38
57658	74	85	71
57659	31	96	49
57661	61	91	60
57662	122	85	99
57663	23	80	38
57664	2969	87	2618
57665	37	78	51
57666	64	124	63
57669	298	84	204
57670	80	92	64
57673	111	107	83
57674	148	84	101
57677	8	83	29
57678	24	83	40
57679	24	79	41
5768	66	88	58
57680	261	82	171
57683	60	94	69
57684	37	89	36
57685	57	83	67
57687	10	79	35
57688	7	75	30
57689	52	93	54
57690	137	89	105
57691	18	87	39
57692	30	108	53
57693	64	97	63
57695	114	97	96
57696	164	80	106
57697	60	88	62
57698	120	91	84
57699	40	78	40
577	13	104	43
5770	606	105	536
57700	54	85	47
57701	106	88	73
57703	102	114	76
57704	24	84	41
57705	5	83	43
57706	100	90	75
57707	31	92	45
57708	80	82	79
57709	73	86	54
5771	193	98	120
57710	4	82	37
57711	6	90	52
57713	35	93	45
57715	47	89	53
57716	15	79	47
57717	40	93	54
57718	14	81	44
57719	13	90	38
57720	55	82	45
57721	555	82	491
57722	33	88	35
57724	12	100	38
57727	117	81	73
57728	33	77	54
57730	59	74	56
57731	46	76	43
57732	7	98	30
57733	10	79	37
5774	91	100	87
5775	48	89	43
57758	2	72	44
57761	153	100	99
57763	32	78	33
5777	222	88	138
5778	63	87	56
57786	57	77	59
57787	72	98	55
57794	138	106	92
57795	24	86	54
57798	126	92	98
57799	30	80	41
578	36	78	53
5780	100	102	79
57801	23	83	38
57804	10	75	37
57805	337	89	196
5781	318	79	236
57817	3	78	24
57818	3	70	40
57819	168	103	120
5782	136	81	82
57820	17	75	38
57821	6	99	41
57822	9	76	43
57823	19	90	41
57826	53	82	63
57827	27	93	47
57828	5	92	46
5783	176	100	100
57830	6	93	33
57834	5	87	34
57835	6	90	44
5784	166	104	114
5786	134	102	100
57862	53	93	51
57863	3	89	29
5787	32	87	59
5788	32	80	66
5789	124	92	86
579	8	85	35
5790	15	85	40
5791	52	76	41
5792	216	87	146
5793	94	84	65
5794	80	81	68
5795	79	79	81
5796	169	90	114
5797	61	92	56
5798	114	90	87
5799	55	71	43
58	279	69	190
580	324	94	219
5800	138	71	94
5801	105	89	78
5802	137	84	84
5803	25	89	40
5805	44	84	55
5806	58	83	60
581	118	103	89
5810	47	104	40
5813	261	92	188
5814	143	109	101
58155	65	77	50
58157	158	82	109
58158	10	88	32
5816	4	80	33
58160	7	96	44
58164	1	92	27
5817	157	84	121
5818	16	96	30
58189	12	76	42
5819	162	74	105
58190	103	80	75
58191	87	85	62
582	111	102	77
5820	13	74	44
5822	130	86	71
5824	186	83	109
5825	250	96	164
5826	38	90	54
5827	281	74	207
5828	19	89	39
5829	309	76	215
583	52	88	65
5830	188	85	123
5831	199	88	126
5832	185	78	145
5833	38	91	50
5834	142	90	90
5836	116	79	88
5837	81	89	50
58472	93	78	81
58473	29	90	47
58475	11	95	46
58476	5	91	31
58477	329	92	209
58478	38	100	53
58480	508	88	438
58484	22	82	45
58485	51	69	43
58486	8	86	40
58487	30	87	61
58488	12	74	37
58489	7	82	36
58490	224	86	144
58491	78	80	70
58492	21	85	50
58493	45	91	47
58494	11	75	42
58495	126	80	93
58496	26	86	36
58497	35	80	43
58498	8	83	32
58499	63	94	59
585	44	88	49
58500	129	82	85
58503	6	81	27
58504	63	84	54
58505	51	84	56
58506	133	81	67
58508	134	79	101
58509	103	86	85
58510	1	111	27
58511	43	79	58
58512	21	87	37
58513	129	74	82
58515	52	74	51
58516	136	94	100
58517	306	73	207
58524	86	77	70
58525	207	103	150
58526	70	83	66
58527	7	85	28
58528	32	98	46
58529	45	83	60
58530	8	75	37
58531	2	97	37
58533	215	78	144
58538	2	106	30
5858	14	95	49
5859	406	77	285
586	67	99	67
5860	38	102	53
5861	386	87	279
5862	527	84	495
5863	27	87	36
5864	70	82	70
5865	296	80	202
5866	55	88	54
5867	449	98	327
5868	692	82	711
5869	124	73	79
587	28	88	45
5870	127	85	101
5871	97	82	74
5872	101	78	70
5873	80	84	68
5874	35	82	35
5875	81	81	59
5876	88	89	85
5877	77	68	53
5878	564	95	492
5879	988	88	1144
5880	664	84	639
5881	614	73	603
5883	54	73	50
5884	85	78	71
5885	378	75	253
5886	216	78	147
5887	219	93	136
5888	224	80	151
5889	44	93	67
5890	43	96	56
5891	26	89	47
5892	96	84	86
5893	61	103	53
5894	1840	77	2581
5896	27	75	49
5897	7	114	38
5898	121	99	74
58985	24	80	49
58986	30	86	30
5899	77	83	67
59	335	87	263
590	61	83	63
5900	30	85	56
5901	449	80	359
5902	210	87	124
5903	342	95	218
5905	291	86	156
5906	148	88	110
59067	7	80	39
5908	172	99	114
59082	2	82	36
59084	6	75	40
5909	46	86	47
5910	139	71	88
5911	79	83	62
5912	35	113	57
5913	18	69	52
5914	159	73	118
5915	27	94	49
5916	44	94	45
5917	324	84	198
5918	21	84	32
5919	4	94	35
5920	26	92	31
5921	137	87	92
5922	24	92	43
5923	15	79	33
5924	26	93	42
5925	316	104	220
5926	68	100	58
59269	20	74	42
5927	65	90	77
59271	64	109	62
59272	1112	79	1514
59274	10	92	32
59277	19	85	36
5928	555	106	501
59283	13	91	31
59284	19	84	42
59285	33	73	26
59286	76	94	68
5929	281	74	193
593	174	71	122
5930	208	78	142
59307	12	73	39
5931	486	82	411
5932	108	76	68
5933	96	101	89
59335	3	86	36
59336	10	87	30
59338	105	78	86
59339	91	85	81
5934	74	93	73
59340	1	72	35
59341	16	86	37
59342	77	85	58
59343	165	80	95
59344	50	95	47
59345	120	77	91
59347	3	97	33
59348	17	65	44
59349	100	100	94
5935	158	88	93
59350	85	99	72
59352	4	105	37
59353	34	85	53
5936	323	96	245
5937	205	96	149
5939	249	105	152
594	65	94	70
5940	27	86	44
5942	1	83	33
5947	32	81	40
5948	3	97	41
594837	2	80	29
594839	1	91	25
594855	25	88	41
5949	16	83	58
595	263	97	159
5950	26	108	37
595097	1	110	25
595099	1	103	31
595100	1	92	33
595101	1	82	34
5953	1	80	21
5954	255	90	158
5955	277	93	184
5956	4	87	45
5957	18	84	47
5959	8	92	42
596	129	103	96
5961	28	88	45
5962	276	83	173
5965	286	95	192
5966	376	82	265
5967	6	93	33
5968	5	90	28
597	21	89	42
5970	430	81	372
5971	75	87	77
5972	11	80	38
5973	5	80	31
5976	559	84	502
5977	341	80	247
5978	259	94	176
5979	265	105	181
598	189	76	114
5980	38	91	48
5981	220	91	128
5982	167	85	90
5983	173	88	91
5984	219	89	142
5985	198	74	107
5986	5	88	38
5987	506	94	392
5988	4	77	42
5989	73	77	70
599	71	91	50
5990	23	83	49
5991	43	84	53
5992	2	101	36
5993	51	108	61
5994	20	89	28
5995	10	97	40
5996	8	99	43
5997	75	73	64
5998	56	85	59
5999	16	90	43
60	971	80	1099
6000	15	85	35
6001	13	83	35
6002	33	91	45
6003	13	72	37
6004	15	91	39
6005	7	70	33
6007	8	90	32
6009	93	110	80
6010	11	76	35
6011	9	92	38
6013	91	74	59
6014	14	91	22
6015	200	99	139
6016	20	80	38
6017	7	92	41
6018	63	96	60
6019	11	95	41
602	49	88	53
6023	3	84	33
6025	2	88	34
6029	9	94	35
6030	1	99	31
6031	1	95	31
60312	58	71	41
60313	84	85	63
60314	78	86	64
60343	20	95	40
6035	11	84	39
60358	1	97	37
6036	4	75	28
6037	13	80	54
60370	47	81	63
6038	12	83	35
60385	38	81	47
60386	74	86	64
6039	1	80	20
604	226	90	135
60401	19	83	44
6041	35	91	46
60412	196	92	150
6043	3	84	38
60436	21	70	46
60437	3	101	28
6045	809	78	923
6046	413	81	325
60468	86	100	62
6047	1408	95	1603
6048	126	91	80
60481	361	85	246
60482	7	89	37
60484	48	105	54
60485	148	84	102
60487	40	90	55
60488	299	77	202
60489	18	111	42
6049	73	90	43
60490	12	84	38
60491	173	91	126
60492	219	82	144
60493	292	83	200
60494	2	82	31
60495	23	92	43
60496	80	108	68
605	124	98	89
6050	212	94	125
60500	1	115	29
60506	17	92	30
60509	24	95	42
6051	53	89	54
6052	3	88	29
60526	5	104	40
60528	175	82	129
60529	17	84	50
60558	102	86	70
60559	121	81	93
60560	47	87	62
60561	215	95	137
6059	392	88	259
60592	46	98	60
606	1	71	27
6060	3	93	34
60625	64	101	56
60626	87	85	61
606293	1	84	39
606551	1	84	22
6066	14	104	51
60672	48	77	63
60673	88	62	79
60674	10	93	43
60675	12	79	45
60676	3	87	42
60677	4	83	33
60678	47	94	54
6068	1	83	34
60680	36	77	46
60681	91	89	66
60682	64	95	60
60684	57	105	63
60685	16	72	47
60686	8	100	34
607	86	94	70
6076	1	91	38
6079	1	100	33
608	21	97	39
6080	3	92	37
6082	1	98	36
6083	2	91	32
6084	2	100	41
6085	2	87	38
6086	1	83	32
6091	88	101	73
6092	33	92	41
6093	162	91	94
6094	3	99	32
6095	33	69	46
6096	36	83	50
6097	39	100	48
6098	94	109	66
610	7	87	41
6100	98	100	78
6101	8	89	39
6102	92	102	61
6103	47	90	31
611	3	84	35
6117	3049	80	3865
6118	2897	77	1616
6119	2872	68	1311
6120	52	85	60
6121	7	88	36
6122	696	88	649
6123	64	93	58
6124	748	55	844
6125	587	74	545
6128	599	69	539
6129	474	83	367
613	215	88	136
6130	653	82	633
613037	4	92	31
6132	518	77	404
613209	41	96	45
613210	42	87	43
613212	59	88	54
613227	17	92	39
613266	1	74	31
6133	391	89	276
6134	680	77	693
6135	625	96	555
6136	391	90	276
6137	668	88	648
6138	508	103	410
6139	556	93	475
6141	503	84	442
6142	428	100	327
6143	601	82	546
6144	353	73	248
6146	407	80	274
6147	594	84	550
6150	214	82	162
6152	371	87	248
6154	377	97	252
6155	415	83	317
6156	451	75	347
6157	442	83	328
6158	442	104	304
6159	274	85	180
6160	667	88	627
6161	317	73	218
6164	282	77	188
6165	376	88	257
6166	306	91	204
6167	153	86	106
6168	385	73	258
6169	315	75	198
617	106	88	80
6170	110	100	69
6171	9	90	40
6173	125	103	85
6175	634	92	597
6176	298	86	182
618	1	93	29
6181	383	87	278
6182	341	91	246
6183	237	76	127
6184	805	83	911
6185	777	90	844
6187	620	88	536
6188	696	74	649
6189	622	74	574
6191	480	85	360
619190	1	90	27
6192	84	78	65
619208	2	83	42
619279	22	85	34
6193	405	75	270
619383	1	103	23
6194	836	94	994
619498	2	93	40
6195	197	97	135
619505	1	117	15
619553	1	88	40
619563	4	89	35
619565	2	96	40
619567	1	76	32
619568	1	84	39
619569	1	101	33
619570	1	75	35
6196	174	86	96
6197	193	81	126
6198	110	92	89
6199	252	90	155
6201	454	77	380
6202	624	79	520
6203	506	71	394
6204	552	90	509
6205	481	86	411
6206	320	99	211
6207	464	98	380
6208	496	81	354
6209	409	77	314
6210	394	76	279
6217	704	77	689
6218	292	82	167
622	58	69	50
6222	389	96	260
6223	619	91	567
6224	508	99	420
6227	254	86	153
6228	353	99	242
6229	509	82	437
623	31	91	48
6230	378	77	269
6231	309	88	198
6232	339	81	240
6233	459	82	340
6234	287	75	204
6235	177	103	99
6236	18	85	50
6237	51	99	33
6238	313	70	196
6239	89	83	64
624	27	81	53
6240	126	91	80
6241	93	82	68
6242	109	93	82
6247	2	94	34
6248	12	88	41
6249	177	93	122
6251	63	99	65
6252	108	85	85
6253	42	89	53
6256	155	78	109
6257	60	74	55
6258	35	77	49
6259	207	79	129
6261	30	93	49
6262	49	87	58
6263	23	91	42
627	42	84	51
6271	31	78	40
6272	196	82	141
6273	406	82	332
6274	58	89	53
6275	128	82	104
6276	2	85	30
6277	231	94	139
6278	174	93	131
6279	186	88	114
6280	262	90	161
6281	117	81	71
6282	74	76	63
6283	2	86	28
6284	40	104	44
6285	171	98	125
6286	277	100	189
6288	47	91	56
6289	10	86	43
629	42	64	39
6291	10	89	39
6293	183	109	124
6294	240	79	135
6295	6	90	30
6296	14	111	32
6297	91	98	73
6299	95	91	89
6300	62	95	50
6301	119	82	72
6302	50	74	45
63027	35	86	50
6303	97	83	88
63035	87	100	92
63036	15	91	33
6304	120	107	89
6305	148	83	101
6307	86	86	78
6309	36	88	49
631	49	87	61
6310	469	109	372
6311	290	88	205
6314	110	80	90
6317	208	87	146
6318	186	80	125
6319	133	91	81
632	8	95	29
6320	93	82	79
6322	58	90	52
6323	10	98	22
6324	15	91	38
6326	64	91	58
6327	90	93	81
6328	13	83	32
6329	91	77	49
633	20	95	38
6330	4	76	37
6331	25	86	33
6332	4	89	27
6334	9	88	42
6335	7	88	52
6336	2	81	29
6337	63	85	65
6338	20	110	50
6339	22	77	49
634	11	91	34
6340	16	79	38
6341	164	87	97
6342	66	82	55
6343	6	98	26
6344	6	82	34
6345	4	100	34
6346	5	98	32
6347	29	95	50
6348	169	88	129
6349	35	82	50
635	11	81	40
6351	25	81	47
6352	57	84	56
6354	10	83	38
6355	14	86	32
6356	27	97	42
6357	21	84	46
6358	14	98	48
6359	6	79	31
636	225	87	143
6360	8	93	44
6361	11	80	44
6362	19	81	41
6363	14	95	51
6364	14	99	43
6366	35	104	41
6367	40	80	41
6368	4	96	31
6369	6	83	46
637	130	82	76
6370	10	75	33
6372	34	78	51
6373	23	83	36
6374	24	93	49
6375	25	90	34
6376	70	83	67
638	123	67	93
6382	73	80	61
63826	20	87	45
63827	31	81	47
6383	141	92	89
6385	72	98	62
6386	415	94	336
6387	30	93	44
63874	15	81	44
63875	155	81	86
63876	45	87	53
63877	23	86	37
6388	54	89	54
6389	385	78	300
63891	816	93	958
63892	111	88	71
63893	776	75	900
63894	38	84	41
63895	5	91	33
63897	103	88	85
63898	124	97	80
63899	35	96	36
639	78	82	60
6390	186	102	120
63901	63	72	53
63904	84	83	63
63905	29	92	49
63906	4	86	42
63908	49	89	60
6391	20	87	36
63910	7	90	33
63915	42	98	57
63916	56	79	65
63917	30	68	42
6392	19	74	44
63920	15	92	37
63922	87	84	63
63923	22	94	41
63924	15	83	44
63925	28	94	44
63926	15	97	22
63928	13	79	47
63929	73	84	57
63931	206	88	152
63932	77	80	62
63933	188	86	128
63934	8	87	38
63935	21	92	30
63939	39	80	53
63940	81	90	74
63941	10	95	32
63943	30	85	49
63946	2	77	30
63947	2	85	46
63948	94	79	81
63951	3	93	43
6396	188	79	116
63967	83	95	77
6397	17	88	29
63970	2	86	34
63971	36	96	42
63973	2	82	40
63974	4	87	43
63976	194	89	125
63977	82	79	72
63978	92	73	74
63979	62	93	73
6398	18	78	54
63982	9	90	29
6399	98	78	81
640	188	83	122
6400	138	92	101
64005	12	75	40
64006	3	75	44
6401	18	90	36
6402	15	100	42
6403	10	90	40
6404	8	93	29
6405	11	75	44
6406	87	97	65
64061	102	82	86
64062	128	80	77
64063	14	76	49
64064	27	83	39
64065	5	75	36
64066	3	78	27
64067	9	93	43
6407	67	94	67
64072	67	78	71
64073	20	71	40
64077	36	101	45
64078	2	108	41
64080	19	88	39
64081	22	83	46
64083	132	95	97
64084	22	79	48
64087	149	105	102
64089	12	98	35
64090	17	91	51
64091	22	97	44
64092	14	87	30
64093	53	90	52
64094	8	90	29
64096	1	90	32
64097	127	97	100
64098	48	89	42
641	198	91	136
64100	90	90	78
64101	19	86	43
64102	18	90	42
64105	36	85	49
64106	2	80	37
64108	9	82	38
64109	57	74	53
64110	31	101	43
64111	3	107	39
64112	42	101	56
64114	20	92	50
64115	28	100	49
64116	35	97	45
64118	17	98	41
64121	67	88	66
64122	10	68	43
64127	98	86	90
64129	35	91	48
641293	7	84	37
641298	1	97	32
64130	37	87	43
64131	13	82	48
64132	47	85	50
641339	8	93	23
64135	38	74	51
641364	5	78	27
641367	1	93	29
64137	7	82	37
641371	123	107	94
641372	6	80	43
641373	9	99	41
641384	9	76	39
6414	6	92	30
64145	55	94	67
641455	2	77	28
64146	72	101	57
64147	69	93	63
64149	51	74	46
6415	7	94	37
64151	196	73	123
641517	37	85	50
6416	63	74	48
641638	2	75	43
641648	2	88	22
641649	2	73	27
641654	10	86	40
64167	25	88	37
64168	33	92	37
64170	162	94	128
641700	12	93	44
64172	7	93	37
64174	48	91	50
64175	177	98	127
6418	280	82	186
64180	8	93	34
64184	59	78	48
6419	23	80	41
641977	1	90	38
642	130	89	97
64207	49	104	56
64208	1	96	30
6421	540	71	474
64210	301	77	194
64215	357	75	268
64216	80	72	65
64218	11	87	29
64219	119	84	83
6422	16	91	38
64220	16	81	38
64221	14	95	32
64222	85	95	74
64223	105	83	72
64224	24	81	49
64225	95	93	71
642273	11	104	47
6423	24	100	32
64231	1	80	34
64232	1	91	24
642345	1	85	32
64236	21	79	44
642394	2	83	29
6424	47	86	62
64240	2	88	35
64241	14	96	44
642475	6	89	28
642477	1	74	24
6425	4	77	24
642517	1	79	27
642585	1	92	31
642587	1	90	38
642597	1	115	38
6426	549	99	481
642612	4	79	36
642623	30	99	52
642636	2	81	26
642658	5	98	46
6427	251	82	150
642778	1	91	32
6428	488	88	352
642812	1	81	29
642819	2	77	36
64282	136	83	95
64283	29	81	40
64284	20	79	37
642843	7	80	37
64285	12	103	38
642852	1	80	27
64288	17	86	44
6429	292	91	186
642938	38	93	45
642943	1	74	28
642954	1	78	29
642968	17	100	44
642987	5	88	28
643	6	94	44
6430	465	83	364
643008	42	74	50
6431	496	84	389
643136	2	75	34
643155	1	94	33
643161	18	107	44
64318	217	73	147
64319	105	82	75
6432	388	81	263
64320	42	82	61
643201	2	89	41
64321	80	87	92
643224	2	87	28
643226	1	83	31
643236	40	92	57
64324	113	83	83
643246	18	97	32
643253	1	80	33
64326	326	75	229
64327	76	97	62
64328	97	84	83
6433	97	97	65
643314	37	79	45
64332	11	91	44
64333	44	100	45
643338	1	82	37
643365	1	80	31
643376	4	97	36
643382	2	85	30
643394	1	79	31
6434	344	84	225
643414	7	91	32
64342	46	87	59
64343	37	83	57
64344	5	73	45
643535	1	101	23
64359	35	90	44
643596	1	86	26
643615	1	86	26
643617	1	92	28
643641	3	79	33
643646	1	94	27
643650	1	89	33
643677	12	94	43
643699	1	99	31
643719	1	85	31
643736	1	76	29
64374	73	101	62
64375	33	75	47
643752	20	88	42
64376	62	93	58
64377	84	68	62
643783	1	83	29
643834	1	97	39
643836	66	90	55
643837	1	80	30
643847	11	92	34
643853	70	91	64
64386	3	95	44
64388	34	69	48
6439	1	86	39
643904	1	91	28
643911	5	79	43
64393	24	100	59
643949	1	67	32
64395	150	101	108
64396	35	91	52
64397	80	95	74
64398	84	89	56
643988	2	95	30
64399	6	98	51
644	83	103	65
6440	221	86	153
64400	102	85	77
644019	9	112	38
64403	6	82	41
644041	6	100	40
64405	1	87	26
644054	19	96	44
644068	14	101	42
64407	6	84	29
644096	9	82	40
6441	4	112	33
64410	15	98	30
64411	63	77	56
64412	75	81	62
644128	1	77	24
644139	1	91	28
644150	13	85	32
64417	15	77	44
64418	11	78	41
644186	59	83	50
64419	114	82	92
644192	1	91	32
6442	104	90	83
64420	36	87	50
64421	40	82	57
64422	77	91	63
64423	285	101	196
64425	326	91	227
64426	134	76	102
64427	16	85	25
64428	31	85	43
64429	51	97	65
6443	82	87	64
64430	9	94	44
64431	47	91	48
644314	1	93	38
64432	263	86	194
644338	4	82	33
64434	129	85	88
644353	2	87	40
644378	1	100	31
6444	11	79	34
644414	4	91	47
644422	1	66	37
64446	78	87	65
644464	1	86	24
6445	18	91	39
644524	15	84	33
644540	7	73	31
644591	26	78	38
644596	1	85	35
6446	66	91	51
644619	12	79	35
6447	22	65	52
644739	1	96	26
64478	5	95	36
6448	38	93	47
644815	25	96	56
644890	3	74	34
6449	300	79	204
644903	3	96	50
644907	1	86	40
644914	2	87	29
644934	1	80	42
644943	61	86	73
644961	2	91	36
644962	1	90	33
64499	17	89	41
645	53	66	60
6450	8	109	46
645000	1	78	34
645027	2	83	27
645051	1	99	35
64506	138	73	106
645073	5	80	42
645086	1	79	31
6451	149	81	96
645104	75	104	70
645121	6	87	52
645142	1	75	37
64518	40	78	51
6452	37	102	51
645203	1	77	32
6453	256	91	176
645313	1	85	27
645323	1	82	28
645345	28	78	46
645369	3	85	29
645425	1	83	24
645432	42	97	48
645455	113	88	79
6455	150	98	110
645513	1	104	34
6456	70	85	68
645644	1	64	29
645676	1	98	35
645683	35	92	41
645694	1	60	34
6457	132	74	103
645745	1	101	31
64577	13	88	36
64579	6	102	31
6458	1	91	33
64581	52	74	42
645811	5	84	35
64582	6	85	41
645836	2	83	28
645840	6	91	43
6459	1	86	30
64591	12	91	28
645922	9	87	47
64595	1	87	33
645957	1	103	31
64598	23	77	42
64599	210	88	139
646	5	83	28
64600	4	82	36
64601	108	98	70
646090	1	109	25
6461	78	94	60
646174	1	105	27
6462	58	83	51
646262	1	105	30
646309	4	86	38
646377	1	102	32
6464	322	83	223
64641	59	94	61
64645	5	84	44
646450	1	94	34
64648	5	83	38
646508	1	80	26
64651	20	109	44
646603	1	102	49
646625	1	90	37
64663	7	80	27
646643	6	99	34
646644	1	89	44
646698	3	95	29
646723	1	99	36
646754	3	80	33
646762	1	77	48
646780	1	73	22
646785	1	94	39
646799	16	92	48
6468	58	83	57
646817	27	93	39
64682	144	80	87
646851	1	87	32
646875	2	80	36
64689	101	74	70
6469	9	73	39
646915	2	95	37
64693	10	95	36
646938	1	93	40
646960	12	90	41
646962	1	97	40
646982	1	84	42
64699	36	83	46
6470	86	101	66
647000	1	86	35
647013	1	92	29
647024	24	84	63
647030	2	93	23
647042	1	101	32
64708	134	93	106
647087	2	85	28
647099	1	92	34
64710	219	83	160
647107	1	86	28
64711	4	82	41
647121	1	88	34
647135	9	83	30
64714	23	88	52
64718	68	77	53
6472	668	69	631
647219	2	84	29
647286	1	84	29
6473	9	95	34
647309	1	87	29
647310	1	77	23
6474	6	103	31
64743	22	93	36
64744	187	92	141
64745	401	82	326
64746	247	87	151
64747	7	86	28
64748	68	87	69
64750	149	72	93
64753	167	74	129
64754	68	89	63
64755	180	87	144
64756	127	77	94
64757	65	91	63
64759	82	89	58
6476	4	84	27
64760	32	87	42
64761	43	92	57
64762	27	71	41
64763	204	107	135
64764	20	88	42
64766	10	107	40
64768	108	74	94
64769	91	98	78
6477	214	72	143
64770	127	71	92
64771	18	90	47
64772	7	99	31
64773	15	81	41
64776	41	100	46
64777	48	82	53
64778	161	100	106
64779	9	96	28
6478	94	96	67
64780	70	68	72
64781	88	76	72
64782	45	97	46
64783	173	101	97
64784	59	72	60
64785	68	77	57
64786	154	87	101
64787	58	108	60
64788	50	80	45
64789	20	76	42
64792	49	97	52
64793	164	87	115
64794	257	91	170
647946	1	91	34
64795	169	84	108
647979	5	86	25
64798	82	77	62
64799	5	84	30
648	624	68	599
6480	24	79	41
64800	8	113	28
648000	1	83	28
64801	55	77	48
64802	122	99	84
64805	60	99	64
64806	40	82	47
64816	21	89	31
6482	27	103	32
6483	24	99	47
64834	50	97	45
64837	165	92	121
64838	20	98	40
64839	83	81	77
6484	55	91	59
64840	6	84	41
64841	30	84	45
64843	44	86	50
64844	78	102	69
64847	53	78	52
64848	198	91	114
64849	11	78	30
64850	6	114	33
64852	47	85	53
64853	28	84	42
64854	58	81	66
64855	142	87	96
64856	23	75	45
64857	28	76	35
64858	33	81	47
64859	24	82	48
64860	28	83	41
64864	23	85	33
64866	20	91	37
6487	19	90	38
648791	1	79	31
64881	69	104	55
6489	19	94	38
64895	34	93	40
64897	47	85	46
649	97	87	76
6490	62	71	61
64900	72	87	57
64901	19	80	52
64902	4	92	33
6491	187	97	131
649159	1	86	31
64919	71	98	73
6492	11	89	30
64921	7	88	29
64922	1	83	25
649238	2	101	24
64924	100	84	63
64925	71	95	66
64926	27	90	41
64927	101	89	70
64928	119	95	81
6493	26	114	47
649305	1	100	35
649330	22	93	38
6494	36	99	39
64940	6	92	33
64943	115	85	89
649458	1	56	42
64946	92	80	79
64949	441	96	354
6495	40	81	37
64951	272	83	175
6496	15	81	52
64960	142	101	93
64963	216	89	145
64965	367	83	226
64968	175	73	104
64969	280	75	191
6497	161	97	102
64975	200	87	134
64976	173	102	103
64978	242	82	172
64979	9	101	41
6498	111	102	82
64981	56	92	50
64983	119	92	97
6499	104	101	84
649946	1	80	36
650	16	86	29
6500	478	86	353
65003	393	87	291
65005	207	96	139
65008	198	80	154
65009	50	83	59
65010	69	82	78
65012	2	87	31
65018	678	74	672
6502	290	85	193
6503	25	73	28
6504	123	86	92
6505	174	97	125
65055	28	93	52
65056	70	81	41
650560	1	91	30
65057	78	78	65
65059	63	97	82
6506	12	76	44
65061	116	93	96
65062	200	87	145
650623	1	86	26
65065	16	100	36
650655	1	76	36
6507	68	88	60
65078	36	74	61
6508	7	78	38
65080	224	80	132
65082	234	101	155
65083	206	94	112
65084	9	99	51
6509	22	83	38
65094	61	89	68
65095	226	71	173
651	3	103	31
6510	252	91	139
65108	122	96	98
65109	133	76	77
6511	3	92	31
65110	44	84	47
65117	68	81	50
6512	2	93	37
65122	14	81	37
65123	139	89	110
65124	26	79	40
65125	126	79	79
6513	235	94	149
6514	10	96	38
651430	1	65	26
6515	23	98	49
6517	54	85	64
651746	7	88	47
6518	28	91	39
6519	3	88	33
652	124	80	99
6520	362	77	259
6521	23	86	51
65217	3	96	36
6522	125	92	81
65220	77	81	66
652276	1	79	23
6523	6	83	40
6524	6	91	27
65243	13	100	48
65244	108	74	74
65249	3	87	35
6525	39	73	39
65250	19	90	35
65251	11	90	42
65258	80	73	83
6526	59	89	59
65260	123	97	80
65263	106	76	78
65264	60	80	55
65265	166	89	92
65266	18	89	45
65267	54	88	53
65268	34	82	37
6527	29	102	49
6528	31	92	51
6529	23	106	43
652966	2	94	35
652968	14	86	40
652991	1	78	34
652995	2	89	42
653	4	92	40
6530	3	75	46
653067	12	95	47
653073	2	80	33
653082	1	77	37
6531	21	99	42
653121	81	90	70
653125	2	89	34
653140	20	98	47
653145	47	82	48
653147	1	92	30
653149	5	82	36
653162	1	100	29
653166	25	91	49
653188	2	80	46
653192	3	88	28
6532	20	79	48
653214	3	78	34
653220	41	98	45
653226	1	87	30
653234	1	84	27
653238	1	102	34
653240	90	99	77
653247	5	99	39
653259	3	99	31
653268	3	70	33
653269	106	82	84
6533	36	94	61
653308	1	91	23
653316	10	94	26
653319	3	82	33
653333	16	90	25
653361	84	109	70
653390	2	75	21
6534	3	71	41
653404	47	88	64
653423	10	74	40
653437	39	104	45
653440	16	89	33
653441	3	70	36
653447	4	106	36
653464	2	80	38
653483	1	83	42
653486	1	82	36
653489	48	77	43
653499	91	82	78
6535	141	79	105
653505	10	98	40
653509	3	80	28
653519	116	79	85
653566	1	74	31
653567	6	99	38
653583	85	93	82
653598	8	85	43
6536	13	90	33
653602	1	76	26
653604	28	80	50
653606	1	103	32
653619	1	87	36
653639	2	80	25
653641	3	86	39
653643	2	63	38
653650	3	77	35
653657	1	70	35
653659	1	88	19
653689	10	78	30
653720	3	92	36
653781	51	92	52
653784	21	88	43
6538	1	80	26
653808	11	93	38
653820	2	85	46
653857	9	112	51
6539	3	70	28
654	15	107	42
6540	4	80	42
6541	190	107	124
6542	97	83	77
654231	5	73	49
654254	3	92	35
6543	6	82	35
654319	4	81	27
654320	3	80	39
654321	1	104	27
654322	3	85	30
654346	34	85	36
654364	94	92	66
654429	9	92	46
654433	1	93	24
654463	6	94	32
654483	53	94	64
6545	1	94	29
6546	5	78	36
6547	12	84	41
654790	3	96	36
6548	108	84	87
654817	2	87	27
6549	9	99	30
655	74	97	54
6550	14	89	39
6553	22	90	32
6554	120	78	71
6555	12	88	38
6557	4	81	34
6558	189	78	110
6559	19	84	40
656	21	76	31
6560	124	91	95
6561	32	85	58
6563	33	110	40
6564	78	77	62
6565	26	87	35
6566	194	88	135
6567	44	104	65
6568	1	78	44
6569	4	94	32
657	238	91	159
6570	151	77	131
6571	101	75	81
6572	5	106	30
6573	71	86	64
6574	80	82	67
6575	66	78	67
6576	266	67	168
658	26	86	50
6580	26	81	43
6581	4	86	41
6582	80	88	50
6583	188	83	125
6584	22	107	48
6585	19	91	33
6586	5	93	34
6588	9	120	35
659	81	84	71
6590	29	95	62
6591	46	84	61
6594	187	83	132
6595	331	89	222
6596	134	89	105
6597	412	79	317
65975	37	90	52
65977	26	81	50
65979	109	92	77
6598	345	79	247
65980	104	100	81
65981	15	92	39
65982	43	97	48
65983	41	92	54
65985	24	100	43
65986	151	90	92
65987	17	94	38
65988	39	83	44
65989	35	95	43
6599	369	96	251
65990	25	80	51
65991	96	83	73
65992	1246	85	1495
65993	311	88	199
65996	2	101	28
65997	18	96	44
65999	43	71	53
660	77	83	65
66000	29	80	43
66002	9	95	40
66004	3	92	39
66005	72	100	56
66008	61	104	62
6601	339	111	246
6602	328	89	212
6603	176	82	122
66035	2	109	36
66036	66	84	76
66037	40	84	52
6604	91	73	70
6605	273	101	152
6606	294	95	193
6607	77	79	56
6608	43	76	57
6609	30	78	40
661	86	96	54
6610	84	87	73
6611	115	86	82
6612	106	86	63
6613	580	99	540
6614	2	99	35
6615	522	92	480
6616	51	87	54
6617	32	99	33
6618	7	106	38
6619	20	93	40
662	117	102	82
6620	19	101	47
6621	72	83	62
6622	988	76	1172
6623	39	97	60
6624	248	91	174
6625	974	85	1118
6626	477	81	374
6627	292	83	199
6628	492	90	407
6629	251	86	147
663	70	88	61
6631	426	69	328
6632	327	79	208
6633	389	100	292
6634	337	86	220
6635	286	100	181
6636	370	102	265
6637	170	102	122
6638	179	86	117
664	93	117	67
6640	93	85	69
6641	58	97	43
6642	211	78	126
6643	203	90	149
6645	142	83	122
6646	287	78	210
664618	125	108	97
6647	417	74	333
664701	1	88	28
664709	1	106	27
6648	90	87	69
6649	11	80	34
665	62	88	47
6650	31	97	49
6651	195	82	106
6652	92	86	63
6653	131	96	92
6654	71	97	53
6655	47	80	50
6656	6	87	28
6657	1350	75	1733
6658	17	92	31
6659	74	109	71
666	8	100	33
6660	160	99	114
6662	90	91	72
6663	67	91	54
6664	6	78	43
6665	135	84	100
6666	8	82	27
6667	335	74	228
6668	38	83	43
667	275	80	167
6670	71	93	68
6671	42	88	48
6672	204	76	118
6674	30	84	47
6675	40	85	54
6676	29	88	45
6677	1	92	26
6678	50	77	58
668	67	83	73
6683	56	90	65
6687	110	75	87
6688	47	102	59
6689	14	78	43
669	29	94	52
6690	6	90	48
6691	27	77	48
6692	52	102	54
6693	52	92	52
6695	9	80	27
6696	94	99	85
6697	108	96	75
6698	16	122	43
6699	44	92	43
670	47	84	52
6700	20	112	41
6701	4	106	39
6702	1	73	29
6703	14	93	36
6704	28	72	44
6705	3	95	34
6706	7	92	40
6707	27	100	50
6708	81	78	71
6709	462	75	351
671	8	96	44
6710	77	81	67
6711	381	106	280
6712	152	100	107
6713	43	79	53
6714	530	86	484
6715	4	90	51
6716	5	91	36
6717	75	65	73
6718	9	82	39
672	1222	84	1476
6720	95	71	77
6721	117	94	99
6722	101	60	65
6723	62	83	53
6725	36	71	46
6726	424	90	296
6727	360	83	256
6728	231	111	149
6729	139	101	84
673	165	77	109
6730	363	100	241
6731	330	94	210
6732	473	75	395
6733	715	79	752
6734	278	82	181
6736	12	62	41
6737	685	78	660
6738	189	90	124
6741	455	92	352
6742	572	79	518
6744	121	90	87
6745	445	69	367
6746	44	80	49
6747	154	86	99
6748	207	84	120
6749	678	79	610
675	234	73	144
6750	2	93	29
6751	12	74	33
6752	8	92	31
6753	12	96	35
6754	3	88	35
6755	4	90	42
6756	13	91	32
6757	44	88	53
6758	9	71	36
6759	8	82	40
676	78	100	83
6760	86	95	69
6762	1	81	34
6764	20	113	44
6767	188	85	126
6768	202	91	127
6769	29	82	47
677	29	86	42
6770	11	101	33
6772	298	89	190
6773	74	96	71
6774	403	80	256
6775	31	92	39
6776	97	91	85
677679	1	80	28
677681	1	98	37
6777	99	89	92
677766	2	104	44
677767	2	87	28
677768	2	77	33
677769	3	72	32
677770	117	93	72
677771	1	91	42
677772	2	88	29
677773	1	81	43
677774	1	86	30
677775	5	73	39
677776	1	87	31
677777	1	78	37
677780	1	77	32
677781	1	85	35
677796	1	52	28
677797	1	81	26
6778	75	86	72
677800	1	88	35
677801	1	90	36
677804	2	82	41
677805	1	87	26
677808	1	98	29
677809	1	89	36
677810	1	91	21
677813	1	81	33
677815	1	76	43
677822	1	81	30
677823	2	91	28
677824	1	98	37
677826	2	80	33
677832	2	80	25
677833	2	86	33
677838	1	80	32
677840	1	90	30
677841	1	102	35
677842	2	90	33
677843	1	86	32
677844	1	92	40
677845	1	104	28
677846	1	90	31
677847	1	74	22
677850	2	90	32
6779	57	97	49
678	210	98	146
6780	1524	80	2123
6781	4	80	30
6782	117	91	94
6783	15	81	36
6785	127	85	81
6786	385	100	286
6787	578	75	543
6788	185	79	129
6789	150	73	105
6790	664	89	634
6792	29	86	37
6793	58	74	53
6794	264	96	167
6795	40	91	55
6799	17	91	38
6801	134	85	108
6804	170	96	122
6809	142	58	99
6810	415	84	345
6811	254	97	164
6812	119	90	87
6813	83	76	62
6814	92	95	66
6815	82	83	65
6817	65	101	59
6818	17	84	42
6819	17	86	49
682	792	82	903
6820	60	83	57
6821	95	76	78
6822	8	79	46
6827	58	82	45
6829	389	95	296
683	13	82	39
6830	212	89	142
6832	136	74	95
6833	10	93	41
6834	185	75	125
6835	63	98	71
6836	185	85	120
6837	78	91	59
6838	412	101	283
6839	228	82	151
684	51	96	70
6840	227	86	161
6843	45	78	66
6844	180	93	134
6845	110	87	75
6846	18	77	36
6847	17	87	39
685	23	80	51
6850	223	80	141
6853	41	99	45
6854	25	95	46
6855	124	71	96
6856	32	86	37
6857	75	80	67
686	31	103	53
6860	8	102	37
6861	9	84	37
6862	116	92	86
6863	8	85	44
6865	4	76	40
6866	15	96	36
6867	170	86	121
6868	53	79	73
6869	66	74	68
687	94	78	58
6870	72	88	82
6871	196	79	138
6872	235	89	159
6873	127	85	90
6874	153	69	101
6875	22	97	29
6876	76	74	48
6877	80	79	52
6878	235	91	144
6879	103	88	76
688	186	70	123
6880	155	82	95
6881	101	86	59
6882	46	96	44
6883	98	102	76
6884	31	84	47
6885	364	88	255
6886	89	90	75
6887	10	79	36
6888	133	95	79
689	751	78	821
6890	124	93	104
6891	87	78	57
6892	62	108	56
6894	80	96	58
6895	125	93	74
6897	196	83	126
6898	5	79	38
6899	12	80	37
6900	16	100	34
6901	180	102	124
6902	103	84	68
6903	10	93	39
6904	131	78	98
6905	59	87	73
6906	9	92	41
6907	136	65	104
6908	223	88	150
6909	27	87	42
6910	146	97	101
6911	39	98	50
6913	13	83	32
6915	62	100	47
6916	4	95	25
6917	118	72	80
6919	155	90	104
6920	7	78	32
692053	1	77	38
692063	1	86	22
692072	1	91	27
692073	1	82	26
692075	1	90	28
692076	1	72	32
692084	3	83	36
692086	2	70	41
692088	1	77	26
692089	1	74	38
692091	1	77	35
692093	1	81	23
6921	240	87	124
692109	2	93	33
692148	1	98	29
692158	1	98	36
692195	1	85	25
692196	3	78	38
692201	1	102	38
692203	2	91	33
692204	1	87	38
692224	2	95	39
692227	3	84	36
6923	319	81	207
692312	142	83	93
6924	233	80	137
6925	290	86	218
6926	69	82	62
6927	61	96	67
6928	187	92	130
6929	169	88	122
693155	1	85	32
693164	1	92	29
693174	1	97	29
693197	2	84	37
693199	1	91	33
6932	25	83	52
6934	258	107	188
6935	186	81	131
6936	59	83	48
6938	130	85	83
6939	12	86	37
694	21	88	50
6940	38	78	44
6941	30	94	52
6942	142	93	98
6943	12	85	42
6944	116	93	76
6945	58	82	60
6947	8	79	26
6948	14	86	43
6949	259	101	179
695	99	84	70
6950	542	92	481
6953	22	64	35
6954	13	91	34
6955	23	106	29
6957	6	92	35
696	18	92	39
6975	36	95	48
6976	54	91	72
6981	1	93	30
6988	7	81	39
699	125	79	127
6990	31	84	50
6991	2	70	38
6992	20	94	42
6993	234	86	148
6996	61	86	65
6997	66	84	61
6999	21	90	48
70	668	83	675
7001	301	73	194
7003	155	66	126
7004	75	88	71
7005	30	75	42
7006	58	91	46
7007	6	94	39
7008	5	78	44
7009	115	83	79
701	159	105	115
7010	109	85	80
7011	47	83	34
7012	9	89	36
7013	339	92	268
7014	323	89	212
7015	101	111	73
7016	31	92	51
7018	173	73	110
7019	419	91	297
7020	98	85	92
7021	19	75	48
7022	34	97	53
7023	148	82	76
7024	434	87	326
7025	53	88	54
7026	137	88	91
7027	118	77	83
7029	50	94	48
7030	51	64	42
7031	25	75	49
7032	2	87	31
7033	6	85	40
7035	22	84	40
7036	21	80	36
7037	476	76	345
7038	5	90	47
7039	79	104	58
7040	297	95	199
7041	41	93	44
7042	17	81	36
7043	11	106	33
7044	4	86	36
7045	15	90	49
7046	133	83	73
7047	8	90	38
7048	185	85	121
7049	41	88	56
705	345	90	221
7050	27	82	44
7051	218	71	145
7052	207	91	131
7053	150	89	100
7054	29	98	53
7056	35	86	50
7057	101	93	79
7058	15	77	41
7059	70	82	54
706	41	87	41
7060	6	91	25
7062	15	92	50
7064	94	82	70
7066	5	79	38
7067	90	93	74
7068	61	90	49
7069	64	84	47
7070	42	94	39
7071	42	81	46
7072	104	77	75
7073	162	86	117
7074	197	94	141
7075	14	87	45
7076	39	71	30
7077	274	107	206
7078	85	80	64
7079	5	91	35
708	797	76	918
7080	164	81	107
7082	293	87	193
7083	223	107	141
7084	13	96	38
7086	340	95	236
7087	44	79	47
7088	205	78	139
7089	131	81	105
7090	370	73	272
7091	85	80	61
7092	8	81	39
7093	15	91	40
7094	260	95	157
7095	498	85	405
7096	16	74	38
7097	39	74	37
7098	47	102	38
7099	42	93	57
71	463	95	354
710	40	92	59
7100	16	74	28
7101	36	88	47
7102	29	80	50
7103	73	92	59
7104	23	86	48
7105	62	91	55
7106	50	82	64
7107	9	99	38
7108	14	89	49
7109	74	108	70
7110	79	86	69
7111	147	72	104
7112	759	85	860
7113	336	97	215
7114	67	99	56
7115	3	83	32
7116	1	89	40
7117	2	111	35
7118	1	85	21
712	60	75	57
7120	3	80	36
7122	39	95	56
7123	17	79	48
7124	314	79	232
7125	58	91	67
7126	72	92	54
7127	40	106	50
7128	180	91	132
713	81	90	82
7130	27	90	33
7132	187	79	135
7133	142	76	102
7134	28	90	47
7135	52	75	53
7136	27	90	35
7137	19	65	41
7138	77	75	65
7139	14	83	33
714	27	84	44
7140	21	84	37
7141	11	89	37
7142	30	80	43
7143	13	82	39
7145	37	81	43
7148	13	86	52
715	12	81	54
7150	638	75	565
7151	1	73	37
7153	495	82	403
7155	258	86	168
7156	92	91	63
7157	2185	69	2554
7158	478	74	381
7159	230	100	163
716	9	68	32
7161	157	92	98
7162	32	86	48
7163	97	83	63
7164	39	85	49
7165	151	89	110
7166	10	86	37
7167	270	74	170
7168	245	78	162
7169	200	75	127
717	12	74	41
7170	369	82	243
7171	252	80	176
7172	11	87	41
7174	115	96	77
7175	253	73	162
7177	2	84	32
7178	280	72	185
7179	128	93	99
718	137	78	91
7180	39	73	56
7181	83	87	74
7182	1400	89	1584
7184	632	81	566
7185	297	89	195
7186	587	80	591
7187	208	94	142
7188	86	84	79
7189	431	95	341
719	97	77	82
7190	24	93	40
72	53	66	53
720	67	78	60
7200	2	72	34
7201	19	102	37
7203	589	99	563
7204	97	82	72
7205	350	88	251
721	14	70	37
7214	2	93	38
7216	68	84	79
722	29	90	42
7220	24	88	37
7221	4	96	39
7222	18	87	35
7223	16	97	27
7224	21	79	43
7225	16	91	34
7226	7	92	43
7227	136	85	99
723790	47	79	59
723961	2	86	32
724022	1	109	38
724033	2	107	34
724102	3	91	38
7247	104	95	66
7248	242	88	168
7249	152	85	108
725	29	79	40
7251	284	84	200
7252	15	105	44
7253	83	77	81
7257	183	66	138
7258	6	81	32
7259	115	97	94
726	11	88	42
7260	76	80	63
7262	20	77	49
7263	56	90	69
7264	49	76	54
7265	148	101	113
7266	416	81	314
7267	118	101	67
7268	123	89	89
727	33	77	46
7270	107	96	68
7272	163	101	104
7273	285	76	215
7274	47	89	50
7275	23	120	45
7276	90	96	75
727676	2	73	30
7277	482	80	399
727751	1	76	36
727758	1	99	39
727764	3	102	38
7278	137	95	94
727800	74	91	72
727803	1	90	29
727830	1	80	25
727832	1	89	23
727837	9	105	32
727851	73	75	62
727857	12	94	31
727866	2	74	27
727896	1	87	32
727897	39	95	49
727905	1	85	25
727909	1	78	31
727910	10	86	33
727936	22	80	43
727940	1	87	38
727956	16	86	33
727957	38	90	43
728	150	82	112
7280	298	91	184
728013	9	80	37
728024	1	92	38
728026	1	83	33
728039	1	90	24
728047	4	75	34
728096	1	71	33
728113	11	72	33
728116	16	72	31
728118	5	86	31
728130	2	94	38
728137	5	81	31
728175	2	94	30
728190	1	94	28
728192	1	87	22
728194	3	96	32
728226	1	95	32
728233	34	82	53
728239	10	86	44
728262	1	98	33
728269	7	85	36
728276	2	69	42
728279	2	94	33
728294	143	66	88
7283	364	88	240
728310	2	80	42
728318	1	71	38
728323	2	92	39
728340	47	95	57
728343	4	80	36
728358	10	78	38
728369	1	91	30
728377	1	68	24
728378	229	92	152
728386	1	85	28
7284	669	76	639
728403	2	104	26
728411	4	70	40
728431	2	98	38
728441	1	100	27
728464	1	81	36
728489	31	84	49
728492	12	90	38
728505	4	94	31
728556	1	97	29
728568	9	84	39
728577	50	82	65
728591	2	92	37
728597	1	97	40
728599	1	90	39
7286	59	87	67
728621	7	93	46
728622	2	86	30
728635	4	94	43
728637	6	67	37
728638	1	87	39
728642	177	80	109
728643	1	71	35
728655	160	83	124
728656	1	83	34
728661	4	97	31
728689	97	85	85
728695	14	84	46
7287	3	97	25
728712	4	74	36
728741	14	96	43
728743	1	87	32
728747	5	84	38
728758	1	69	35
728763	7	87	30
728774	2	79	31
728780	1	91	32
728791	1	80	30
7288	37	92	40
728833	5	99	38
728841	4	86	35
728858	1	83	34
728888	1	86	35
7289	337	81	238
728911	7	81	33
728927	2	82	33
728929	1	94	29
728945	2	83	32
728953	1	90	25
728957	1	103	33
728970	4	86	26
729	14	85	36
7290	150	79	114
729020	3	103	34
729082	1	92	30
729085	7	94	37
729092	3	95	35
7291	66	80	66
729156	2	90	40
729171	1	99	29
729209	1	94	28
729211	2	98	24
729230	41	72	45
729233	89	88	62
729238	35	93	36
729240	89	92	62
729246	89	78	74
729250	100	86	60
729254	1	78	38
729262	4	79	43
729288	1	95	34
7293	8	85	32
729324	1	69	28
729330	22	96	39
729359	6	93	37
729362	11	85	38
729396	1	100	25
7294	34	106	48
729402	7	89	32
729408	1	84	41
729428	2	87	37
729438	15	88	37
729440	28	83	50
729447	2	83	39
729475	5	99	44
729480	2	82	34
7295	336	96	230
729500	1	95	30
729515	51	92	38
729533	2	93	33
729540	31	85	47
729582	1	86	26
729583	1	84	30
7296	106	80	85
729603	1	86	39
729611	8	83	36
729665	6	113	41
729678	1	71	22
7297	139	96	104
729708	3	90	30
729727	1	74	31
729732	1	71	30
729747	3	77	36
729759	1	85	34
729774	1	97	26
729786	2	90	44
729789	1	89	33
7298	91	91	73
729809	1	65	38
729830	32	94	41
729852	12	90	40
729857	27	94	33
729862	2	74	33
729867	1	95	37
729873	10	94	41
7299	3	84	37
729920	1	80	27
729967	4	91	36
729991	41	89	61
729993	2	97	39
730	8	89	36
7300	1	72	31
730029	2	83	32
730051	1	83	32
730087	10	72	36
730092	1	100	32
7301	155	85	108
730112	24	77	48
730211	95	83	74
730249	3	86	32
730262	1	103	34
730291	1	98	26
730394	15	91	45
7305	76	90	69
7306	9	89	31
730668	1	86	34
7307	227	90	133
730755	94	81	82
731	19	104	39
7310	8	92	36
7311	399	81	260
731220	1	94	29
731275	1	100	36
7314	407	93	315
7316	1648	78	3044
7317	353	96	225
7318	16	89	46
7319	221	98	142
732	7	89	35
7320	85	82	98
7321	286	74	177
7322	312	77	215
7323	274	77	182
7324	162	84	119
7325	92	85	77
7326	35	81	52
7327	80	93	59
7328	1960	79	2358
7329	614	81	593
733	9	95	41
7332	207	76	135
7334	321	67	228
7335	113	100	84
7336	88	86	64
7337	417	86	309
734	3	68	44
7341	254	81	191
7342	65	72	55
7343	216	86	139
7345	236	91	172
7347	178	76	108
7348	59	101	50
7349	3	93	33
735	14	92	41
7350	3	85	32
7351	23	109	41
7352	14	115	35
7353	152	89	103
7355	23	98	46
7356	9	89	38
7357	35	88	46
7358	99	99	60
7360	90	73	59
7363	1	74	24
7364	3	107	30
7365	4	90	47
7366	5	78	33
7367	2	84	34
7368	83	97	66
7369	6	82	36
7371	56	76	47
7372	97	77	68
7373	88	78	58
7374	40	78	49
7375	288	80	185
7376	66	93	51
7378	78	95	63
7379	141	85	88
738	132	84	91
7380	3	90	23
7381	119	111	77
7384	218	84	148
7385	349	76	233
7386	234	69	152
7388	130	85	100
7389	31	71	41
7390	13	79	42
7391	79	91	86
7392	43	83	54
7398	126	95	84
7399	5	95	37
740	179	84	112
7401	28	83	40
7402	209	89	148
7403	156	68	105
7404	23	69	49
7405	60	111	58
7407	248	95	169
7408	285	89	219
7409	185	77	128
741	93	94	83
7410	92	90	73
7411	198	87	135
7412	466	71	375
7414	276	89	164
7415	1395	82	1613
7416	513	91	430
7417	408	83	302
7419	333	91	210
7421	118	75	78
7422	50	105	55
7423	29	72	33
7424	3	93	29
7425	27	86	39
7428	464	92	352
7429	18	79	40
7430	533	93	442
7431	771	88	947
7432	16	102	40
7433	192	91	136
7434	191	79	120
7436	30	88	40
7439	7	78	31
744	21	89	36
7441	1	88	37
7442	10	99	39
7443	274	88	186
7444	220	89	121
7447	31	92	48
7448	177	80	117
745	7	90	36
7450	31	102	62
7451	1	95	30
7453	186	80	117
7454	73	95	72
7455	2	86	34
7456	40	99	50
7458	114	100	73
746	37	93	41
7461	25	74	41
7462	8	89	34
7464	58	70	55
7465	88	89	90
7466	103	83	82
7468	263	85	155
7469	84	86	71
747	19	100	25
7471	7	98	49
7472	18	91	46
7473	5	81	29
7474	62	73	67
7475	7	76	27
7476	38	103	45
7477	8	83	43
7478	6	87	33
7479	5	95	45
7480	23	73	44
7481	29	94	45
7482	5	87	39
7483	2	65	30
7484	7	82	30
7485	60	77	62
7486	93	90	74
7490	67	95	58
7494	45	83	65
7495	4	87	45
7498	12	83	39
750	1	87	28
7503	11	83	37
7504	10	105	36
7507	85	84	85
7508	169	79	93
751071	7	95	38
7511	107	84	79
7512	2	72	33
7514	1473	91	1873
7515	167	69	120
7516	24	83	46
7517	169	78	112
7518	115	88	83
752	89	74	68
7520	503	96	380
752014	5	81	38
7525	354	68	255
7526	1	73	39
7528	435	76	325
7529	975	84	1119
753	58	87	64
7531	1163	82	1489
7532	1176	80	1540
7533	1070	94	1365
7534	1195	63	1588
7535	67	91	71
7536	299	73	205
7538	175	90	124
7539	5	84	45
754	47	96	54
7541	82	81	69
7542	443	89	351
7543	17	82	41
7544	11	82	32
7545	114	89	94
7546	37	84	48
7547	24	95	47
7549	78	98	56
755	48	75	41
7551	27	81	57
7552	35	75	44
7553	22	91	34
7554	42	77	48
7555	269	80	179
7556	12	94	32
7559	18	93	31
7561	6	96	42
7562	17	83	43
7564	34	89	49
7565	36	84	54
7566	13	98	39
7567	24	88	36
7568	42	89	43
7569	4	93	32
757	24	89	27
7570	113	91	94
7571	28	66	38
7572	159	90	116
7574	13	94	45
7576	8	79	39
7579	64	95	60
758	37	96	42
7580	15	88	43
7581	8	88	37
7582	6	83	28
7584	39	81	53
7586	65	97	62
7587	3	78	33
7589	102	88	83
759	10	98	48
7592	9	80	37
7593	28	75	47
7594	1	83	29
7596	8	100	47
7597	43	92	30
760	60	82	66
761	9	82	33
7617	7	80	45
762	8	74	40
7620	17	79	38
7621	35	80	40
7625	33	85	63
7626	1	92	33
7627	8	85	37
7629	103	83	79
763	7	95	38
7633	12	104	31
7634	10	107	32
7637	12	73	42
7638	9	74	52
7639	7	78	42
7643	3	82	29
7644	13	98	50
765	67	94	67
7652	4	85	39
767	37	88	48
7673	1	99	31
7675	46	77	40
767558	1	101	31
7678	58	102	58
768	211	89	144
7681	210	88	130
7682	6	83	32
768206	1	75	22
768211	74	78	62
768213	1	89	38
768216	1	95	36
768217	1	66	26
768239	4	75	38
7690	119	90	97
7692	28	79	29
7693	2	84	37
7694	10	85	43
7695	35	77	50
7696	2	85	26
7697	18	92	34
7699	9	91	43
770	10	78	32
7700	2	87	38
7701	18	70	32
7702	56	88	65
7703	89	111	83
7704	164	99	123
7705	91	78	62
7706	2517	88	4313
7707	131	92	89
7709	43	88	48
771	11	82	41
7710	27	91	53
7711	9	102	39
7712	8	85	35
7716	97	105	69
7718	46	100	62
7726	195	100	122
7727	65	67	61
7728	12	90	40
773	98	92	77
7730	22	85	45
7732	4	82	39
7733	9	86	38
7737	690	93	775
7738	64	87	55
7739	60	100	52
774	12	89	48
7741	56	81	58
7743	50	100	66
7745	130	90	88
7746	18	80	29
7748	57	81	53
775	42	72	42
7750	262	92	190
7752	12	89	42
7753	31	88	42
7755	21	79	42
7756	98	90	71
7757	1	92	39
776	10	98	31
7760	29	88	45
7761	14	91	38
7762	21	92	42
7763	31	88	45
7764	89	86	83
7766	29	94	42
7767	18	90	34
7768	5	87	35
7769	12	81	44
777	7	75	38
7770	19	96	48
7771	7	80	37
7772	4	82	26
7773	10	82	29
7775	52	84	58
7776	9	92	43
777778	5	68	23
7779	114	102	91
778	3	94	39
7780	100	88	71
7781	42	65	53
7782	55	92	50
7783	8	93	43
7784	14	96	48
7786	19	73	33
7789	13	100	38
779	10	79	37
7791	319	103	220
7795	1	95	32
7798	186	74	114
7799	40	88	53
780	110	78	94
7802	17	102	42
7803	102	80	80
7804	77	64	52
7805	57	96	61
780776	5	81	26
780851	6	72	32
780852	1	64	30
780853	3	92	36
7809	63	85	65
781	77	88	62
7812	270	83	163
7813	52	83	50
7818	319	75	213
782	13	87	41
7827	7	89	47
783	10	84	47
7832	25	90	46
7834	1	70	35
7837	78	90	69
784	27	87	45
7840	157	79	112
7841	156	92	116
7844	27	90	41
7846	692	90	704
7849	105	90	86
785	13	88	43
7850	59	98	41
7851	149	87	107
7852	239	81	167
7855	18	80	38
7857	14	92	47
786	40	91	60
7862	74	99	61
7866	31	96	44
7867	46	77	55
7869	73	83	60
7870	1	79	37
7871	123	83	86
7873	79	102	68
7874	820	93	932
7879	867	68	1040
788	63	69	65
7881	13	94	47
7884	63	93	50
78986	56	89	63
78987	161	76	99
78988	91	81	78
78989	19	94	41
78990	96	75	87
78991	40	84	37
78992	30	96	50
78994	37	91	52
78995	40	87	57
78996	25	75	49
78997	4	89	39
78998	1	90	32
78999	65	77	55
790	401	97	311
79000	13	68	39
79001	123	83	81
79002	54	74	40
79003	87	86	75
79004	42	82	40
79005	197	78	128
79006	45	97	61
79007	3	90	33
79008	45	87	57
79009	258	91	158
79012	110	69	87
79016	364	94	283
79017	68	73	59
79018	71	84	74
79019	103	83	71
79020	22	70	43
79022	68	71	55
79023	64	92	60
79024	2	101	33
79025	66	80	58
79026	317	91	220
79027	178	94	104
79029	99	100	86
7903	82	77	82
79031	96	85	79
79033	24	87	40
79034	25	91	35
79035	71	96	56
79036	170	73	106
79037	19	76	53
79038	83	87	57
79039	356	72	212
79041	9	71	23
79042	34	81	56
79047	65	79	62
79048	78	89	66
7905	368	93	249
79050	173	91	107
79053	52	76	60
79054	17	104	36
79056	37	80	40
79057	4	77	38
79058	79	81	54
79064	58	97	65
79065	434	105	345
79066	29	92	42
79068	84	95	70
79070	67	68	55
79071	6	87	41
79072	133	87	102
79073	113	88	71
79074	37	90	55
79075	47	91	47
79077	57	90	47
79078	19	76	41
79080	151	96	100
79081	12	84	35
79083	19	79	45
79084	350	80	255
79085	40	89	50
79086	4	90	30
79087	26	88	39
79088	53	72	64
79089	43	89	62
79090	52	80	68
79091	25	95	55
79092	14	103	41
79094	3	99	36
79095	23	89	46
790955	20	98	41
79096	81	78	72
79097	2	84	39
79098	20	99	38
79101	93	86	75
79102	98	84	80
79104	1	88	28
79109	120	76	92
7913	199	98	139
79132	24	91	34
79133	86	78	73
79134	3	98	30
79135	141	97	101
79137	36	85	38
79139	449	80	372
79140	22	84	43
79142	39	103	50
79143	181	100	129
79144	12	86	28
79145	7	94	35
79147	36	117	52
79148	9	97	42
79149	37	95	41
7915	52	105	60
79152	45	85	57
79153	38	89	52
79154	8	89	28
79155	949	83	1112
79156	10	104	41
79157	21	81	49
79158	46	81	55
79159	145	82	93
7916	366	81	255
79161	47	78	50
79165	116	73	93
79168	3	100	40
79169	305	83	178
7917	436	98	307
79170	1	79	25
79171	331	87	232
79172	45	75	55
79173	42	91	55
79174	65	83	63
79175	25	79	46
79176	29	76	37
79177	26	115	32
79178	62	82	59
7918	103	94	77
79180	116	93	84
79183	11	98	40
79184	121	78	67
79187	71	89	69
79188	157	76	103
7919	562	79	498
79190	11	104	38
79191	1	91	35
79192	2	82	26
7920	81	81	83
7922	144	91	100
79228	87	99	59
7923	34	91	51
79230	17	81	37
79258	5	80	32
79269	121	88	86
79289	2	105	37
79290	1	94	37
793	8	90	35
79315	1	86	28
7932	2	84	39
79339	1	67	23
79345	1	94	26
7936	193	83	114
79363	11	97	31
79364	28	71	45
79365	40	96	53
79366	150	83	89
79368	11	86	33
79369	3	93	38
79370	120	81	74
794	8	89	35
7940	4	73	42
79400	13	83	34
7941	3	85	36
79411	24	88	34
79412	24	70	38
79413	5	79	28
79414	56	89	50
79415	83	73	79
7942	38	94	57
79441	97	100	79
79442	2	91	25
79443	98	81	72
79444	56	92	59
79446	55	84	66
79447	49	84	63
79465	53	95	56
79473	1	75	33
795	1	86	44
79541	144	98	98
79549	2	72	26
79567	22	105	53
79568	97	85	69
7957	51	90	47
79570	64	80	65
79571	97	87	63
79572	143	82	105
79573	78	82	64
79574	6	93	44
79575	10	104	31
79576	133	78	93
79577	370	114	248
79581	9	95	42
79582	7	106	40
79583	71	101	61
79585	56	74	67
79586	41	90	45
79587	97	101	81
79589	64	93	60
79590	207	86	122
79591	17	87	36
79594	99	79	69
79595	175	85	121
79596	146	80	101
79598	165	80	100
796	14	77	34
79600	149	83	109
79602	122	83	78
79603	61	105	53
79605	6	87	43
79607	76	86	63
79608	52	88	65
79609	17	79	39
79611	10	90	45
79612	31	86	50
79613	66	103	64
79616	44	92	45
79618	133	96	80
79621	56	79	60
79622	31	83	35
79623	20	95	63
79624	65	86	52
79625	15	91	47
79626	7	92	35
79627	2	85	39
79628	1	96	25
79629	4	96	34
79630	166	82	132
79631	67	73	72
79632	68	79	72
79633	78	84	59
79634	14	81	36
79635	12	93	38
79637	80	99	65
79639	12	91	38
79640	4	72	44
79641	30	101	40
79642	5	84	39
79643	26	96	48
79644	4	80	35
79645	8	93	42
79646	12	78	41
79647	20	99	42
79648	99	71	82
79649	122	84	88
7965	441	78	299
79650	49	81	53
79651	166	96	133
79652	8	87	36
79654	120	79	87
79656	30	95	45
79657	214	79	145
79658	28	85	35
79659	72	86	67
79660	18	98	37
79661	272	85	186
79663	20	81	45
79664	65	91	71
79665	247	92	172
79666	189	93	147
79668	19	94	40
79669	304	76	230
79670	119	93	76
79671	72	81	48
79672	59	91	44
79673	31	101	39
79674	5	85	31
79675	91	108	84
79676	6	80	52
79677	82	98	62
79679	18	87	38
79680	13	84	38
79682	107	94	74
79683	5	97	38
79684	18	80	42
79685	31	73	40
79686	7	89	37
79689	8	88	41
79690	3	80	32
79691	34	95	49
79692	3	82	27
79693	22	94	48
79694	59	87	46
79695	86	100	84
79696	98	96	91
79697	59	77	43
79698	29	87	37
79699	92	87	83
797	9	96	30
79701	32	104	45
79703	1	74	36
79705	102	92	83
79706	41	80	38
79707	134	103	93
79709	154	88	101
79710	76	85	82
79711	213	88	124
79712	1	82	28
79714	72	82	54
79716	41	92	47
79717	31	84	49
79718	148	87	89
79719	32	79	38
79720	56	84	58
79722	227	91	153
79723	73	74	69
79724	124	91	92
79725	5	86	36
79726	105	91	81
79727	414	88	340
79728	81	71	61
79729	4	98	38
79730	7	88	38
79731	80	83	53
79733	30	83	47
79734	125	69	96
79735	48	85	58
79736	217	70	129
79738	20	91	34
79739	14	86	45
79740	28	116	53
79741	17	91	30
79742	1	83	40
79744	8	79	42
79745	46	88	45
79746	11	94	45
79747	11	82	49
79748	8	105	48
7975	31	85	39
79750	1	90	39
79751	116	80	94
79752	16	82	47
79753	396	97	324
79754	32	99	43
79755	27	92	42
79758	20	80	43
79759	223	80	154
7976	19	98	39
79760	62	94	58
79762	23	83	36
79763	64	89	52
79767	34	94	48
79768	46	76	57
79770	63	86	61
79772	5	95	42
79774	12	93	37
79776	73	56	59
79777	14	99	40
79778	140	93	99
7978	16	60	43
79780	26	92	40
79781	4	111	38
79782	204	96	141
79783	21	80	36
79784	190	88	123
79786	36	94	53
79788	2	96	34
79789	63	81	53
7979	140	75	93
79791	42	78	49
79792	21	86	40
79794	44	80	52
79796	74	103	63
79797	142	79	117
79798	197	98	128
79799	6	94	42
7980	39	92	40
79800	3	90	44
79801	75	94	65
79802	3	110	34
79803	33	90	52
79804	1	100	33
79805	13	90	44
79807	25	89	45
79809	18	84	43
79810	32	85	48
79811	155	89	102
79812	6	81	39
79813	174	85	118
79814	44	96	46
79815	2	73	36
79816	6	108	31
79817	31	81	44
79818	38	81	50
79819	3	87	32
7982	360	76	283
79820	1	99	40
79822	9	91	35
79823	35	78	44
79825	2	92	26
79827	8	88	38
79828	18	76	42
79829	976	80	1150
79830	72	79	60
79831	29	96	42
79832	101	90	78
79833	69	88	76
79834	148	93	94
79836	18	78	40
79837	140	96	89
79838	5	73	28
79839	150	81	106
7984	75	107	56
79840	14	74	45
79841	10	80	42
79842	58	69	59
79843	72	89	61
79844	22	74	44
79845	15	86	38
79846	9	109	39
79847	10	74	38
79848	92	89	67
79849	10	89	39
79850	35	78	44
79852	1	82	29
79853	18	103	40
79856	12	88	28
79858	23	97	51
79861	60	83	62
79862	51	77	70
79863	61	89	50
79864	8	87	36
79865	25	82	49
79866	47	79	43
79867	303	75	215
79868	176	91	114
79869	332	78	225
79870	15	90	41
79871	155	80	100
79872	73	97	72
79873	38	81	38
79874	92	82	75
79875	49	83	55
79876	117	72	77
79877	81	91	72
79879	27	83	61
7988	47	85	65
79882	165	87	103
79883	2	82	37
79884	49	89	58
79885	150	86	106
79886	42	80	43
79887	88	98	69
79888	122	72	80
79890	458	76	347
79891	4	84	30
79892	151	77	91
79893	14	97	36
79894	11	96	37
79895	5	100	41
79896	76	82	69
79897	21	83	40
79898	7	80	29
79899	22	77	52
799	6	80	39
79901	47	94	61
79902	131	94	80
79903	3	84	35
79905	7	85	35
79906	4	91	36
79908	46	83	47
7991	55	87	64
79912	14	103	51
79913	67	88	68
79915	71	82	60
79917	33	71	37
79918	5	79	40
79919	10	87	35
79921	46	78	50
79922	349	96	273
79923	239	85	172
79924	2	93	24
79925	13	87	36
79927	25	82	44
79929	1	72	12
7993	78	92	63
79930	44	76	48
79931	33	78	39
79932	88	75	72
79933	9	78	34
79934	109	88	65
79937	118	89	99
79939	74	97	71
7994	508	96	413
79940	1	94	27
79943	68	89	65
79944	55	84	45
79946	1	87	31
79947	9	61	47
79948	13	86	27
79949	7	96	37
79953	19	86	43
79954	152	105	112
79955	6	70	39
79956	146	87	95
79957	8	91	25
79958	8	81	33
79959	218	92	149
79960	69	82	74
79961	35	104	59
79962	39	77	63
79966	45	89	51
79968	376	78	288
79969	21	81	34
79970	15	81	32
79971	89	87	82
79973	2	91	36
79974	2	93	35
79977	18	92	48
79979	27	87	41
79980	91	88	80
79981	51	86	49
79982	64	86	57
79983	198	86	109
79986	2	81	26
79987	11	96	48
79989	61	90	68
79990	56	79	62
79991	93	86	71
79992	1	83	31
79993	16	99	33
79998	4	80	43
800	262	97	205
8000	145	81	99
80000	15	103	48
80003	10	95	28
80004	75	93	71
80005	104	80	80
80006	34	82	47
80007	112	93	85
80008	1	108	34
8001	9	84	48
80010	37	93	55
80011	106	72	83
80012	81	82	67
80013	46	89	58
80014	28	99	37
80017	19	95	36
80018	49	83	40
80019	38	95	55
80020	95	91	80
80021	18	100	47
80022	102	79	92
80023	13	81	35
80024	4	83	28
80025	34	92	47
80028	57	76	60
80031	16	100	32
80032	15	87	43
80034	2	102	33
80035	1	99	29
80036	21	90	50
80039	1	95	27
80045	1	93	33
80055	28	90	45
80059	29	87	51
80060	1	78	34
80063	17	90	43
80067	16	84	35
80070	4	93	31
80071	11	78	33
80086	35	89	50
80094	1	84	36
80095	10	92	36
80097	73	84	84
80099	8	84	28
801	558	80	471
80108	15	84	30
80110	8	81	31
80111	25	83	41
80114	27	76	43
80115	7	85	36
80117	115	93	87
80119	14	94	34
80122	5	71	40
80124	152	84	72
80125	172	93	118
80127	5	85	28
80128	29	101	65
80129	10	82	44
8013	46	103	52
80131	95	72	95
80133	3	76	31
80135	130	75	106
80139	97	79	76
80142	96	98	74
80143	61	86	49
80144	103	96	73
80145	114	85	86
80146	89	90	81
80148	25	86	37
80149	34	84	49
80150	22	91	41
80152	34	84	53
80153	157	101	93
80154	3	87	37
80155	151	107	108
80157	2	80	32
80161	1	83	38
80162	5	87	48
80164	11	105	29
80167	33	66	51
80168	4	98	38
80169	56	93	45
80173	131	84	92
80174	34	122	46
80176	31	68	37
80177	11	85	30
80178	21	94	54
80179	250	77	149
80183	11	91	42
80184	162	98	109
80185	49	88	57
8019	490	71	418
80194	15	81	41
80195	45	76	52
80196	55	74	65
80198	57	75	61
80199	22	81	53
802	1	94	18
80201	47	85	59
80204	126	84	87
80205	70	88	59
80206	10	73	45
80207	43	89	50
80208	54	86	51
80209	35	75	48
8021	183	85	126
80210	19	92	37
80212	52	81	62
80213	83	87	52
80216	7	85	50
80217	6	97	30
80218	91	100	72
80219	16	67	43
8022	176	81	127
80221	96	92	75
80222	138	82	89
80223	124	83	72
80224	64	74	63
80227	76	83	88
80228	6	79	44
80230	474	94	371
80231	7	80	35
80232	175	87	108
80233	100	77	68
80235	3	81	36
80237	23	90	37
80243	13	86	37
80254	166	92	120
80255	24	95	43
80256	66	79	76
80258	111	100	70
80262	47	83	50
80263	32	89	40
80264	30	106	56
80267	116	85	102
8027	151	92	100
80270	383	105	262
80271	18	82	47
80273	207	90	131
80279	165	84	104
8028	49	86	56
8029	8	85	26
80298	8	84	32
8030	286	88	198
80301	38	75	44
80303	71	92	53
80304	101	68	80
80305	91	84	80
80306	101	78	83
80307	5	106	25
80308	113	85	85
80309	9	78	36
8031	43	84	44
80310	22	111	48
80311	81	78	63
80312	39	81	50
80313	24	90	48
80314	72	91	56
80315	150	111	109
80316	3	84	38
80317	28	101	41
80318	42	80	41
80319	13	79	43
80320	19	97	58
80321	261	86	158
80323	21	89	47
80324	132	78	87
80325	16	76	43
80326	36	93	51
80328	26	86	44
80329	10	78	35
80331	373	77	287
80332	77	90	81
80333	23	81	45
80335	196	70	103
80336	26	79	56
80339	8	96	38
8034	33	86	42
80341	9	91	44
80342	81	97	76
80343	5	85	42
80344	132	85	97
80345	13	90	32
80346	190	88	134
80347	94	99	86
80349	153	78	87
80350	1	84	38
80351	59	82	49
80352	8	96	30
8036	67	91	49
8038	43	76	55
80380	35	80	35
80381	29	104	43
8045	40	79	52
8048	15	91	29
805	194	90	134
8050	106	93	61
8061	66	81	68
8065	524	85	468
80700	320	80	235
80704	17	87	69
80705	95	94	73
80709	7	85	35
80712	3	98	38
80714	80	85	61
80723	21	76	59
80724	96	92	81
80725	32	68	38
80726	70	91	62
80727	72	68	66
80728	112	72	80
8073	109	100	86
80731	27	87	43
80736	3	90	44
80737	4	73	43
80739	2	97	40
8074	4	81	27
80740	11	95	36
80741	14	82	40
80742	245	86	156
80745	15	86	33
80746	53	84	59
80755	119	76	83
80757	14	86	35
80758	4	82	48
80759	15	74	36
8076	44	101	58
80760	11	68	39
80761	10	100	35
80762	100	88	66
80763	32	74	43
80764	96	92	73
80765	1	83	34
80772	8	91	33
80774	13	74	36
80775	42	91	53
80776	72	88	55
80777	277	84	180
80778	48	84	57
8078	211	85	117
80781	88	77	64
80789	108	76	75
8079	127	80	92
80790	28	72	49
808	310	89	189
80816	164	80	106
80817	189	85	119
80818	19	92	47
8082	2	82	35
80820	31	76	40
80821	33	80	40
80823	60	77	54
80824	234	90	164
80829	137	75	87
80830	14	79	38
80831	2	90	31
80832	2	90	29
80833	35	97	38
80834	26	73	38
80835	2	84	32
8085	160	88	108
80851	32	98	45
80852	10	68	39
80853	4	81	31
80854	76	84	77
80856	288	90	215
8086	154	80	107
80862	1	86	26
80863	7	89	36
80864	50	104	55
8087	622	96	572
8089	175	81	127
80895	109	93	77
80896	7	103	39
8091	136	67	100
8092	23	87	47
80975	47	88	62
8099	115	79	86
81	373	73	280
810	228	88	161
8100	50	73	36
81025	2	86	23
81027	128	91	98
81029	4	78	35
81030	39	82	51
81031	2	85	27
81034	34	73	39
81035	66	86	66
81037	100	110	63
81050	1	77	19
8106	185	95	113
811	389	82	277
8110	95	95	93
8115	59	90	52
8120	34	78	51
8123	1	92	36
81248	1	87	39
8125	126	77	77
8128	9	81	26
81285	10	73	37
813	331	78	189
81309	1	94	35
8131	74	83	60
81327	1	102	26
81328	1	105	28
8139	250	79	185
81392	1	86	34
81399	1	77	27
814	50	94	55
8140	179	99	109
8148	394	93	274
81488	127	108	90
81490	87	99	77
81492	32	74	47
81493	62	79	56
81494	22	86	43
815	218	77	135
81501	1	97	29
81502	135	99	80
8153	436	109	337
81532	115	118	70
81533	540	87	443
81537	45	94	42
81539	173	87	115
81542	229	95	146
81543	17	78	40
81544	54	89	55
81545	144	100	101
81550	207	96	134
81551	36	85	47
81552	10	88	37
81553	6	68	45
81554	98	79	67
81555	130	83	84
81556	93	94	76
81557	23	80	43
81558	13	103	30
81559	170	95	122
81562	95	88	72
81563	32	89	55
81565	152	81	108
81566	4	92	25
81567	217	84	157
81569	18	82	50
81570	212	95	149
81571	2	86	33
81572	100	94	65
81573	19	90	34
81575	6	103	27
81576	63	77	61
81577	8	72	37
81578	9	73	34
81579	14	102	38
816	144	106	92
81602	13	75	36
81603	91	86	67
81605	26	107	40
81606	22	85	51
81607	25	94	57
81608	208	99	117
81609	498	85	404
8161	548	78	470
81610	81	79	57
81611	114	97	73
81614	15	90	34
81615	2	74	31
81616	8	66	36
81617	28	93	44
81618	88	75	67
81619	7	93	39
81620	71	71	60
81621	12	90	37
81622	414	83	316
81623	2	89	33
81624	108	76	80
81626	5	91	37
81627	198	86	120
81628	114	76	95
81629	78	83	70
81631	546	99	466
8165	500	98	394
81669	90	98	87
81671	185	84	140
81688	18	90	46
81689	90	97	90
81691	32	98	56
81693	1	84	39
817	196	84	117
8170	15	117	40
81704	119	76	85
81706	11	89	36
8174	4	84	26
8175	262	92	186
8178	70	94	63
81786	79	89	75
81788	49	86	65
81789	21	88	41
81790	61	100	55
81792	50	97	48
81793	11	80	41
81794	11	76	42
81796	2	96	43
81797	3	104	40
818	181	71	117
81831	55	77	52
81832	10	84	35
81833	110	81	76
81839	231	81	133
81844	133	63	74
81846	39	89	46
81847	74	87	50
81848	82	96	74
81849	3	82	33
81850	183	96	135
81851	218	102	148
81853	277	83	208
81854	2	81	38
81855	156	78	113
81856	11	91	37
81857	88	80	58
81858	182	70	152
8187	11	91	31
81870	1	85	31
81873	76	96	59
81875	44	91	52
81876	200	92	153
81887	170	68	106
81888	25	95	36
81889	170	65	109
8189	220	87	134
81890	38	84	55
81892	332	103	235
81894	33	89	45
819	122	87	86
8190	3	92	33
8192	558	76	459
81926	36	89	43
81928	19	90	41
81929	133	80	85
8193	92	93	64
81930	46	86	48
81931	5	97	31
81932	56	90	52
8195	16	80	39
820	7	96	41
8200	31	81	35
8202	181	93	128
8204	153	80	104
8208	151	88	111
8209	391	96	273
821	1230	65	1494
8214	72	95	55
8215	4	86	39
8216	107	95	81
8218	180	96	118
822	77	100	58
8220	136	110	103
8224	12	79	43
8225	72	87	50
8226	60	93	46
8227	101	88	66
8228	12	76	48
823	190	78	128
8233	69	84	54
8237	539	77	477
8239	396	86	277
824	146	89	107
8241	253	86	169
8242	122	98	91
8243	412	75	285
825	36	61	59
826	117	89	84
8260	163	92	84
8263	10	105	48
8266	349	82	237
8269	16	77	40
827	16	86	30
8270	108	101	90
8273	5	93	37
8277	8	100	41
828	24	77	39
8284	6	104	27
8287	49	102	44
8288	13	88	38
8289	219	100	141
829	356	78	228
8290	424	95	310
8291	58	105	43
8292	30	87	46
8293	21	102	38
8294	106	88	91
8295	748	92	806
830	410	80	314
8301	254	93	160
8302	36	89	45
8303	7	89	35
8309	5	103	42
831	98	89	78
8310	40	75	52
8312	145	90	89
8313	71	84	56
8314	1283	78	1430
8315	89	86	75
8317	114	76	72
8318	121	77	92
832	1023	81	1222
8320	5	95	30
8321	13	89	27
8322	11	76	32
8323	51	93	51
8324	73	82	68
8325	19	82	42
83259	3	94	41
8326	4	80	34
8328	101	77	87
8329	72	92	62
833	105	92	71
8330	15	95	21
8331	143	72	98
8332	11	91	34
8334	98	98	85
8335	512	90	426
8336	231	82	156
8337	149	71	96
8338	313	84	203
8339	573	83	515
83394	13	74	44
834	70	80	67
8340	213	82	150
83401	6	84	36
8341	143	104	113
83416	12	107	50
83417	15	99	38
8342	102	97	68
8343	12	94	42
83439	13	98	34
8344	61	90	62
83440	87	76	62
83442	46	95	41
83443	133	75	89
83444	169	81	132
83445	10	86	37
83446	18	92	32
83447	56	78	48
83448	14	81	44
83449	9	89	42
8345	446	71	343
83450	22	87	48
83451	63	104	50
83452	34	99	47
8346	60	101	62
83460	57	91	65
83461	176	84	125
83463	39	79	48
83464	9	87	35
83468	26	102	50
8347	260	97	180
83473	29	86	45
83475	19	90	60
83478	480	85	396
83479	21	99	36
8348	147	70	120
83480	7	90	39
83481	185	101	127
83482	9	83	33
83483	12	90	42
8349	690	74	672
835	47	98	42
8350	909	76	1111
8351	18	73	48
8352	495	75	409
8353	225	91	152
83538	23	89	54
83539	10	75	40
8354	39	97	52
83540	117	101	98
83541	101	87	64
83543	47	93	54
83544	7	73	48
83546	9	87	36
83547	24	90	42
83548	87	101	65
83549	16	93	39
8355	25	79	43
83550	25	90	33
83552	1	99	32
8356	41	76	40
8357	37	81	40
8358	67	75	65
8359	1760	77	2089
83590	69	82	63
83591	11	76	45
83592	1	83	29
83593	48	92	52
83594	38	86	51
83595	80	98	62
83596	39	92	48
83597	8	108	45
836	128	87	83
8360	31	81	53
83604	9	79	37
83605	39	102	50
83606	87	79	66
83607	17	84	34
83608	153	80	114
8361	67	87	58
8362	54	93	60
8363	45	105	46
83636	2	98	42
83637	62	98	56
83638	17	90	35
83639	254	102	172
8364	46	82	58
83640	79	93	70
83641	17	75	46
83642	36	85	60
83643	4	83	44
83648	95	87	79
8365	41	82	34
83650	1	91	33
83657	14	77	34
83658	84	95	77
83659	29	82	47
8366	54	102	56
83660	50	83	44
83666	27	72	43
83667	38	85	53
8367	34	77	34
8368	58	77	69
8369	33	84	44
83690	7	85	35
83692	41	94	48
83693	68	97	72
83694	50	76	43
83695	21	91	60
83696	86	82	72
83698	12	88	48
83699	21	89	43
837	48	82	41
8370	85	85	57
83700	28	82	41
83706	57	87	60
83707	13	99	44
83714	7	104	37
83715	17	86	33
83716	2	92	32
83719	133	88	88
8372	9	93	47
83723	2	99	35
83729	44	82	52
83732	557	84	466
83733	38	94	55
83734	16	86	44
83737	344	86	205
83740	135	85	93
83741	76	83	62
83742	2	83	39
83743	392	83	295
83744	12	78	48
83746	205	84	132
83752	58	66	68
83755	160	82	110
83756	13	83	38
83758	6	86	38
83759	264	85	208
83786	17	71	38
83787	32	91	39
8379	137	79	103
83795	41	83	56
838	4	88	34
8382	10	86	36
8383	2	98	37
83844	13	81	41
83849	10	96	31
83850	5	84	40
83851	40	83	48
83852	17	82	41
83853	11	91	35
83854	3	86	42
83855	421	81	321
83856	7	99	41
83857	7	70	39
83858	216	79	148
83860	87	91	70
83861	9	68	41
83862	63	104	64
83869	1	107	38
8387	3	91	37
83871	66	95	58
83872	10	92	36
83873	20	77	43
83874	28	97	50
83875	1	92	35
83876	1	94	39
83877	19	88	42
83878	238	104	156
83879	8	78	43
8388	1	89	31
83882	61	87	60
83884	6	87	36
83886	1	89	36
83887	2	92	37
83888	5	90	35
83889	20	82	37
83890	2	85	43
83891	19	92	57
83892	174	88	116
83893	1	85	30
83894	19	77	54
83895	47	91	43
83896	84	96	84
83897	78	89	75
83899	148	94	113
839	36	86	47
8390	1	89	26
83900	139	74	116
83901	99	89	75
83902	47	70	52
83903	125	79	83
83930	50	90	62
83931	57	80	55
83932	594	88	516
83933	40	89	49
83937	8	89	24
83938	7	93	37
83939	138	84	83
8394	142	101	84
83940	54	80	38
83941	6	81	37
83942	39	93	48
83943	383	90	260
8395	10	77	41
83953	1	82	32
83955	11	97	57
83957	3	80	24
83959	5	87	29
8396	81	103	73
8398	23	91	46
83983	45	95	42
83985	72	85	59
83986	126	83	110
83987	656	82	611
83988	52	83	68
83989	25	95	47
8399	108	104	70
83990	88	102	62
83992	48	83	55
83998	8	83	53
840	64	82	62
84000	104	82	74
84002	5	90	39
8402	233	86	145
8403	10	108	52
84033	64	82	63
84034	26	91	42
8404	18	84	41
8405	484	90	392
84056	30	87	55
84057	45	77	53
84058	47	86	55
84059	56	96	57
8406	8	91	28
84060	72	75	68
84061	184	101	99
84062	158	86	105
84063	14	97	43
84064	16	93	35
84065	52	80	52
84066	56	92	78
84067	40	79	50
84068	24	87	45
84069	54	87	64
8407	218	109	122
84070	10	81	34
84071	5	90	37
84072	8	98	43
84073	28	82	44
84074	9	81	32
84075	1	74	25
84076	18	93	39
84077	12	80	49
84078	213	100	165
84079	39	95	50
8408	174	96	131
84080	221	80	158
84081	197	91	125
84083	32	80	46
84084	9	99	41
84085	50	87	47
8409	112	74	85
841	171	94	122
84100	35	95	51
84101	47	79	57
84102	33	100	43
84103	16	84	43
84105	46	72	47
84106	45	84	61
84107	2	84	37
84108	168	88	109
84109	3	95	29
8411	154	77	98
8412	64	78	60
84124	12	91	35
84125	42	76	60
84126	92	85	79
84128	98	74	69
84129	148	80	108
84131	93	85	70
84132	66	103	72
84133	32	107	34
84134	8	89	38
84135	105	108	85
84138	24	91	55
84140	157	94	124
84141	10	85	33
84142	34	102	40
84144	44	96	45
84146	185	71	138
84148	81	89	76
84152	7	80	41
84153	22	86	31
84154	226	76	148
84159	68	94	66
8416	38	103	47
84162	42	96	47
84163	11	88	43
84164	116	78	87
84166	22	88	53
84167	29	92	52
84168	134	82	96
8417	652	91	642
84171	99	65	69
84172	150	78	102
84173	14	98	32
84174	23	85	39
84176	4	89	37
84179	3	75	28
8418	1	90	29
84181	71	77	68
84182	72	87	62
84186	65	88	65
84187	35	82	44
84188	106	87	69
84189	11	75	34
8419	67	81	69
84190	10	85	36
84191	173	97	107
84193	34	88	40
84196	170	75	114
84197	267	82	166
842	58	74	67
8420	5	92	36
84203	16	85	38
84206	219	97	151
84210	8	89	37
84215	6	85	39
84216	1	105	34
84217	81	101	70
84218	3	81	31
84219	39	82	46
84220	95	100	84
84221	55	76	51
84223	8	92	24
84224	6	77	35
84226	4	69	34
84229	4	97	35
84230	28	91	40
84231	115	81	76
84232	31	88	37
84233	96	105	63
84236	345	85	251
84239	1	73	31
8424	26	81	46
84240	69	98	64
84243	71	86	72
84245	37	82	47
84246	91	85	61
84247	13	99	41
84248	151	72	104
84249	14	82	35
8425	65	82	61
84250	21	85	58
84251	36	102	59
84253	6	88	36
84254	45	95	52
84255	24	81	36
84256	31	98	39
84258	21	96	46
84259	77	87	88
84260	129	92	107
84261	22	94	47
84262	97	75	69
84263	123	69	88
84264	5	93	28
84265	38	85	47
84266	12	90	35
84267	38	89	36
84268	16	74	29
84269	12	88	31
8427	23	83	43
84270	26	83	44
84271	219	101	148
84272	68	69	86
84273	99	87	69
84274	93	78	74
84275	25	89	50
84276	22	87	53
84277	216	97	129
84278	1	87	37
84279	9	92	25
8428	158	98	102
84280	16	95	58
84281	16	87	35
84282	26	85	42
84283	65	81	70
84284	135	89	78
84285	92	87	71
84286	6	77	43
84287	9	95	34
84288	14	96	46
84289	106	73	81
84290	49	83	40
84292	189	81	139
84293	85	80	55
84294	188	105	121
84295	155	89	91
84296	64	85	64
84298	139	88	98
84299	19	109	35
843	47	96	49
84300	50	86	53
84301	119	87	73
84302	50	93	58
84303	80	67	62
84304	25	87	48
84305	131	91	94
84306	66	97	65
84307	61	94	69
84309	103	86	71
8431	66	78	76
84310	190	70	119
84311	201	86	129
84312	126	86	104
84313	68	98	56
84314	51	85	71
84315	14	81	41
84316	37	96	53
84317	94	79	69
84318	64	98	68
84319	125	87	74
84320	19	72	47
84321	83	84	68
84324	151	97	95
84326	10	81	42
84327	8	107	42
84328	22	97	30
84329	30	96	48
8433	3	95	42
84330	114	86	85
84331	49	98	47
84332	11	92	37
84333	102	93	78
84334	5	66	37
84335	29	82	40
84336	29	77	52
84337	27	90	35
8434	54	93	74
84340	176	89	129
84342	38	97	47
84343	44	78	53
8435	5	77	31
8436	59	91	47
84364	126	98	78
84365	425	75	338
8437	8	92	42
84376	201	100	145
8438	9	82	39
8439	40	91	63
844	3	95	35
8440	249	92	165
84417	3	102	40
84418	23	76	40
84419	135	85	109
8443	78	87	69
84432	4	81	33
84433	33	90	44
84436	4	77	31
84437	14	87	50
84439	28	82	36
8444	39	86	46
84440	23	91	49
84441	14	80	46
84443	3	85	27
84444	798	87	906
84445	510	85	434
84446	34	95	52
84447	306	81	207
84448	13	87	48
84449	21	80	47
8445	167	107	101
84450	254	87	174
84451	111	83	75
84455	17	89	37
84456	121	86	102
84457	20	90	42
84458	212	82	157
8446	81	82	69
84460	26	92	38
84461	114	83	79
84464	570	106	500
84465	5	94	37
84466	14	69	34
84467	15	79	48
8447	6	78	23
8448	16	94	50
8449	173	82	114
84498	39	70	43
845	63	100	56
8450	727	86	760
84501	19	86	43
84502	67	88	69
84503	2	84	33
84504	1	72	34
8451	825	77	934
84513	2	101	36
84514	64	83	61
84515	56	99	52
84516	84	81	67
84517	1	84	30
84518	16	83	43
84519	20	87	48
8452	3146	70	5645
84520	18	98	44
84522	156	76	99
84524	74	100	76
84525	13	75	38
84527	13	80	57
84528	103	84	78
84529	30	83	44
8453	589	87	549
84530	35	96	34
84532	23	84	44
84536	4	82	42
8454	881	94	1037
84541	19	105	37
84542	13	77	37
84545	155	98	100
84546	1	86	37
84547	28	90	37
84548	84	74	70
84549	152	97	88
8455	53	90	61
84552	31	98	33
84553	116	90	72
84557	237	84	152
8456	39	88	49
84561	8	78	42
84569	117	73	80
84570	5	75	27
84572	31	90	47
8458	139	79	99
8459	118	87	94
846	20	90	34
8460	20	85	36
84612	134	81	97
84614	7	92	47
84616	80	81	65
84617	238	82	163
84618	26	109	39
84619	174	72	131
8462	19	93	48
84620	16	78	32
84622	6	101	40
84623	2	94	33
84624	23	76	36
84626	40	78	48
84627	8	87	24
84628	7	92	37
84629	88	85	86
8463	125	100	92
84630	24	70	39
84631	1	90	43
84632	19	90	43
84634	3	90	25
84639	8	86	44
8464	58	75	53
84640	31	88	40
84641	78	82	77
84643	50	85	55
84645	7	79	37
84647	4	93	33
84648	72	94	77
84649	6	88	29
84650	3	67	44
84651	18	89	44
84654	19	86	42
84656	232	88	143
84657	1	77	34
84659	64	82	64
84660	4	84	41
84661	184	86	121
84662	103	83	78
84665	30	76	40
84666	15	93	45
84667	9	91	35
84668	34	94	42
84669	114	84	81
8467	396	104	265
84674	8	87	45
84675	464	93	376
84676	334	91	237
84677	3	89	35
84678	153	89	96
84679	4	95	27
8468	80	80	73
84680	9	97	21
84681	338	86	221
84684	4	85	41
84687	178	102	117
84688	38	102	46
84689	6	83	42
84690	12	65	34
84691	5	78	33
84692	1	93	36
84693	10	88	35
84694	4	87	34
84695	22	75	42
84696	1	94	19
84699	58	88	55
847	168	76	121
8470	76	77	68
84700	13	86	34
84701	24	96	42
84705	81	86	69
84706	37	87	50
84707	105	99	71
84708	568	81	524
84709	221	77	157
8471	285	94	185
84717	188	77	124
84719	1	96	36
84720	61	89	49
84722	31	82	52
84725	13	114	42
84726	265	85	143
84727	50	74	58
8473	941	85	1054
84733	121	66	81
84735	17	101	33
84740	1	105	27
84747	36	85	36
84749	106	85	90
84750	8	85	49
84752	3	92	40
84759	205	85	156
8476	136	83	81
84765	5	86	35
84766	58	85	56
84767	5	82	25
84769	3	93	40
8477	1	91	35
84775	10	77	49
84777	5	91	39
84779	59	78	55
84787	41	81	43
8479	81	108	65
84790	466	70	335
84791	4	95	34
84792	3	83	36
84795	4	88	31
84798	5	75	37
8480	226	75	135
84803	102	82	74
84804	8	84	33
84807	120	83	92
84808	1	99	26
84809	15	87	39
8481	345	81	242
84811	110	84	79
84812	30	86	30
84814	1	73	35
84816	88	86	66
84817	51	98	65
84818	51	85	60
8482	24	95	43
84820	1	90	28
84823	224	84	142
84824	2	88	39
84826	21	70	44
8483	2	96	34
84830	5	94	42
84832	20	86	44
84833	111	81	78
84836	28	97	28
84838	53	97	65
8484	5	94	39
84842	16	76	24
84844	151	90	99
84851	132	93	98
84856	82	100	76
84858	60	75	44
84859	109	100	87
84861	125	60	88
84864	95	87	68
84865	10	82	44
84866	132	79	103
84867	76	92	50
84868	81	74	72
84869	40	73	48
8487	106	76	82
84870	7	91	32
84871	68	89	66
84872	197	88	127
84873	4	95	32
84874	20	90	29
84875	29	92	45
84876	40	70	47
84878	6	89	32
84879	2	97	34
84881	243	85	148
84883	27	107	42
84885	124	79	85
84886	90	91	67
84888	8	82	36
84889	50	99	49
84890	17	94	38
84891	3	76	40
84892	80	101	80
84893	28	77	45
84894	51	84	44
84895	20	85	34
84896	78	77	57
84897	21	84	39
84898	58	95	57
84899	50	95	48
8490	11	96	39
84900	2	90	29
84901	68	89	69
84902	142	81	95
84904	55	94	52
84905	20	103	35
84908	101	91	87
84909	20	85	36
8491	80	73	81
84910	14	96	48
84911	7	90	36
84912	38	93	48
84913	2	93	39
84914	133	86	102
84915	12	100	44
84916	163	83	127
84918	40	86	61
84919	75	94	52
8492	15	81	48
84920	46	92	56
84922	17	85	41
84923	7	82	31
84924	18	80	35
84925	5	91	33
84926	27	83	40
84928	148	83	101
84929	6	87	39
8493	56	87	51
84930	48	90	33
84932	78	76	47
84933	11	68	48
84934	48	100	57
84935	6	94	35
84936	54	72	52
84937	35	89	41
84938	38	83	48
84939	31	63	51
84940	37	87	57
84941	23	86	50
84942	27	83	45
84944	20	89	53
84945	2	84	34
84946	194	90	122
84947	16	80	52
84948	69	103	61
8495	41	87	33
84950	159	88	97
84951	42	73	42
84952	43	78	49
84953	2	94	36
84954	11	80	38
84955	62	76	60
84957	63	76	61
84958	10	97	35
84959	146	85	96
8496	173	84	114
84960	42	94	45
84961	13	72	31
84962	82	94	57
84964	2	76	39
84966	38	98	52
84967	18	95	39
84968	27	78	57
84969	33	80	44
8497	8	84	20
84970	103	93	84
84971	14	83	36
84973	2	84	31
84975	83	79	68
84976	13	94	42
84978	64	86	62
8498	103	108	92
84981	2	88	32
84984	156	74	105
84985	39	96	51
84986	64	79	51
84987	145	82	97
84988	55	85	50
8499	28	99	43
84991	201	103	123
84992	5	83	44
84993	65	101	61
84996	4	95	26
8500	205	108	145
85002	2	76	32
85004	2	86	34
85007	15	79	41
85009	2	85	37
8501	10	84	30
85012	5	80	43
85013	88	88	74
85014	8	99	29
85015	35	89	49
85016	13	79	42
85019	6	75	34
8502	146	89	107
85021	99	95	72
85025	91	84	88
85026	3	79	32
85027	52	80	41
85028	3	63	33
8503	191	91	129
8504	169	99	124
8505	28	83	57
8506	69	83	68
8507	21	93	47
8508	223	80	140
8509	41	83	61
8510	2	88	24
8513	12	93	43
8514	43	94	60
8515	4	77	30
8516	61	99	54
8517	437	74	318
8518	168	82	106
8519	354	83	268
8520	212	85	139
8521	67	76	57
8522	36	96	49
85235	117	83	89
85236	328	84	248
8525	83	79	65
8526	64	96	48
8527	22	104	50
8528	2	86	33
85280	30	80	59
85285	29	76	46
85289	74	82	71
8529	37	90	48
85291	130	90	87
85293	81	87	74
85294	100	100	80
8530	12	81	37
85300	7	115	43
85301	6	83	47
85302	163	89	107
8531	377	81	258
85313	165	80	109
85315	3	92	27
85319	69	86	65
8532	5	92	33
85320	4	73	29
85329	12	101	42
8533	229	92	154
8534	5	104	27
85349	3	87	34
8535	198	79	128
85352	59	90	52
85358	304	77	232
85359	30	94	38
8536	86	75	72
85360	112	102	83
85363	89	88	72
85364	170	85	127
85365	35	84	35
85366	99	87	86
85369	98	93	65
8537	8	98	49
85376	21	73	42
85377	93	89	50
85378	61	78	44
85379	192	81	137
8538	2	87	39
85389	2	108	28
8539	183	87	116
85390	1	74	34
85391	1	93	35
85395	176	94	112
85397	11	79	33
8540	188	88	131
85403	123	108	106
85406	45	87	71
85407	20	72	44
85409	36	87	51
8541	36	112	43
85413	36	81	35
85414	3	73	38
85415	21	76	48
85416	4	91	35
85417	13	97	41
8542	4	80	36
8543	155	108	113
85437	130	76	90
85438	14	90	32
85439	86	84	62
8544	81	80	81
85440	249	73	175
85441	53	76	44
85442	22	102	41
85443	5	89	39
85444	24	75	44
85445	21	97	41
85446	8	78	35
85449	1	100	32
8545	53	86	61
85450	52	95	57
85451	406	109	332
85452	10	82	26
85453	50	91	59
85455	3	93	34
85456	163	83	94
85457	17	75	40
85458	20	89	36
85459	46	76	45
8546	182	88	112
85460	19	95	58
85461	92	84	70
85462	6	91	44
85463	7	94	35
85464	34	93	54
85465	27	78	40
8547	43	82	51
85474	6	90	41
85476	313	99	223
85477	56	97	70
85478	12	95	36
85479	82	87	62
8548	124	69	81
85480	4	85	27
85481	64	76	66
8549	11	110	40
8550	46	91	66
85508	9	98	30
85509	69	87	69
8552	1	103	25
8553	116	74	80
8554	331	74	252
8555	155	79	121
8556	106	87	69
85569	6	83	35
8557	48	93	59
8558	51	94	55
8559	94	98	66
8560	60	70	58
8562	72	102	49
8563	122	77	95
8564	8	91	35
8565	141	87	82
8566	49	75	54
8567	82	93	56
8568	147	90	118
8569	66	73	63
857	704	92	723
8570	270	85	170
8572	20	90	44
8573	191	94	142
8574	61	88	72
8575	393	88	301
8576	153	74	129
8577	36	91	33
8578	20	97	53
858	109	74	79
8581	17	79	38
85865	135	90	84
859	61	81	60
8590	1	97	40
86	259	86	147
860	71	72	66
8600	32	82	60
8601	114	87	88
8602	176	98	99
8603	67	72	64
8604	229	71	143
8605	3	96	38
8607	543	85	489
8608	1	80	40
8609	5	89	26
861	290	71	208
8611	14	87	51
8612	20	90	45
8613	26	93	43
8614	48	92	53
8615	193	71	118
8618	65	82	60
862	118	91	78
8620	2	89	39
8621	150	93	97
8622	5	115	37
8623	37	76	52
8624	100	87	83
8625	143	89	117
8626	156	81	104
8629	46	85	52
863	75	73	57
8630	14	93	44
8631	100	92	82
8632	22	86	32
8633	29	88	34
8634	123	103	70
8635	18	79	36
8636	42	88	50
8637	9	78	34
8638	221	78	160
8639	24	86	44
864	59	88	66
8641	59	106	60
8642	18	110	48
8643	16	98	46
8644	38	86	52
8645	33	96	43
8646	89	95	86
8647	7	92	41
8648	134	89	99
8649	137	86	95
865	97	85	68
8650	212	68	113
8651	165	89	115
8653	101	74	79
8654	14	88	43
8655	458	70	374
8658	97	80	69
8659	103	83	68
866	13	97	37
8660	76	90	64
8661	345	71	230
86614	33	83	33
8662	330	95	201
8663	245	88	149
8664	234	72	170
8665	294	83	191
8666	232	81	156
8667	246	97	150
8668	244	78	147
8669	123	100	91
867	467	96	358
8671	10	103	40
8672	137	77	112
8673	96	94	86
8674	139	95	103
8675	68	90	62
8676	144	89	84
8677	110	87	88
8678	198	104	140
868	90	74	74
8681	14	110	49
8682	83	85	51
8683	221	78	157
8685	9	86	28
8687	171	78	108
8688	99	72	73
8689	70	94	59
869	1	86	31
8690	9	77	36
8692	82	90	83
8693	14	96	34
8694	38	88	47
8697	231	68	132
8698	134	78	110
87	307	73	197
8701	9	86	44
8702	36	94	51
8703	79	88	60
8704	118	70	81
8705	31	83	39
8706	29	75	36
8707	11	85	34
8708	2	66	48
871	294	96	177
8710	65	74	61
8711	38	94	36
8712	36	86	47
8714	21	80	32
8715	59	84	58
8717	103	89	67
87171	1	85	27
87178	141	93	96
8718	12	79	34
8720	59	97	59
8721	88	97	54
8722	42	90	60
8723	62	94	51
8724	181	103	113
8725	134	84	91
8726	574	101	544
8727	64	92	50
8728	33	90	54
8729	376	86	247
873	137	75	77
8731	84	88	64
8732	128	81	92
8733	83	97	61
8735	47	103	39
8736	20	84	37
8737	189	94	120
8738	24	91	58
8739	6	106	41
874	39	93	47
8740	76	74	72
8741	28	84	56
8742	22	83	47
8743	22	107	43
8744	84	104	73
8745	8	78	37
8747	62	87	56
8748	1	92	35
8749	15	91	47
875	138	109	110
8751	60	92	48
8754	102	87	85
8756	35	94	51
8759	1	78	40
8760	97	89	79
8761	442	90	372
8763	8	76	38
8764	31	77	39
8766	824	80	893
8767	83	100	64
8771	30	92	48
8772	110	92	79
8773	186	81	116
8774	78	81	72
8775	184	91	141
8776	103	89	74
87769	10	96	43
8777	88	103	64
8778	14	93	36
8780	74	91	61
8784	10	84	37
8785	20	74	45
8786	11	87	42
8787	13	85	43
8788	95	83	76
8789	25	83	46
8790	4	80	39
8792	17	84	41
8793	41	81	59
8794	100	88	78
8795	157	89	120
8796	32	69	35
8797	130	81	79
8798	32	80	41
8799	33	85	48
88	139	106	72
8800	11	91	34
8801	112	90	83
8802	121	79	92
8803	179	81	107
8804	26	101	33
8805	382	82	265
8807	4	89	36
8808	14	75	41
8809	4	105	27
881	8	98	33
8812	113	91	83
8813	166	72	93
8814	22	74	49
8815	200	76	129
8816	92	88	69
8817	2	89	32
8818	48	89	42
8819	153	80	118
8820	13	84	32
8821	26	108	54
8822	40	89	46
8823	11	79	34
8824	29	74	31
8825	49	99	46
8826	550	84	476
8828	45	103	56
8829	303	83	231
883	19	72	41
8831	185	79	137
8832	6	97	29
8833	156	80	110
8834	101	100	69
8835	95	102	73
8836	239	92	140
8837	61	83	62
8838	17	103	44
8839	13	91	27
8840	4	95	37
8841	284	93	192
8842	18	69	47
8844	120	107	81
88455	120	97	85
8846	4	90	34
8847	4	81	38
8848	99	74	83
885	4	77	28
8850	243	89	147
8851	54	95	67
8852	8	77	33
8853	38	87	50
8854	40	92	42
8856	46	63	57
8857	16	83	35
8858	32	98	57
8859	25	96	44
886	1	70	34
8861	98	96	78
8862	7	92	36
8863	16	92	45
8864	140	82	100
8867	80	66	78
8869	14	92	38
887	17	74	44
8870	23	95	45
8871	39	103	45
8872	1835	89	2515
8874	112	95	66
88745	60	109	58
8875	48	98	56
8876	8	94	32
8877	34	88	48
8878	1210	86	1530
8879	198	84	121
8880	306	99	222
8881	227	78	142
8882	81	82	47
8883	93	83	83
8884	72	95	77
8886	324	87	215
8887	332	84	213
8888	97	104	69
889	41	102	49
8890	129	93	84
8891	119	94	89
8892	125	84	78
8893	159	91	92
8894	227	87	156
8895	113	91	72
8896	112	65	90
8897	62	69	45
8898	68	87	57
8899	312	98	217
89	98	78	86
890	165	102	118
8900	59	97	65
8904	57	82	55
8905	53	89	55
8906	64	81	48
8907	212	80	138
8908	29	71	44
8909	23	111	46
891	228	88	149
8910	24	87	44
8911	4	73	34
8912	14	79	42
89122	50	100	51
8913	7	77	32
8914	83	88	64
8915	83	95	74
8916	62	86	59
892	183	93	108
8924	452	79	361
8925	140	91	97
8926	6	86	37
8927	23	78	42
8928	102	87	79
8929	4	75	31
8930	80	81	75
8932	144	95	84
8933	47	79	49
8934	87	89	76
8935	47	92	51
8936	82	95	67
8938	5	102	42
8939	294	100	196
894	145	90	101
8940	1469	62	1889
8941	19	87	46
8942	68	81	55
8943	159	73	97
8945	748	93	801
896	81	95	62
8968	73	105	60
8969	248	85	162
8970	185	99	100
8971	278	76	196
8972	9	59	32
8973	1	78	26
8974	137	78	106
8975	111	95	82
8976	112	101	78
89765	130	101	84
89766	13	80	42
89777	111	86	74
89778	10	101	34
89780	33	93	43
89781	4	84	28
89782	30	103	39
89790	9	75	48
89792	1	79	30
89795	28	71	48
89796	142	87	98
89797	41	97	52
898	139	78	95
89801	15	90	44
89822	1	75	31
89832	1	85	30
89839	30	79	35
89845	35	95	44
89846	7	86	41
89848	19	92	39
89849	11	104	40
8985	164	74	102
89853	17	84	45
89857	21	89	37
89858	23	96	34
8986	86	91	68
89866	7	89	37
89869	15	93	39
8987	122	96	98
89870	47	86	40
89872	21	85	42
89874	17	74	37
89876	9	77	42
8988	19	82	40
89882	15	77	44
89884	165	87	113
89885	99	87	66
89886	3	92	52
89887	19	90	28
8989	3	82	33
89890	95	83	97
89891	53	79	57
89894	6	73	42
899	2068	66	2568
8991	154	78	103
89910	52	85	53
8992	31	91	47
89927	24	77	46
8993	5	90	50
89932	16	94	38
8994	120	93	77
89941	321	91	212
89944	61	93	65
8995	67	88	59
89953	119	93	75
89958	35	100	47
8996	35	90	54
8997	35	81	46
89970	72	80	69
89978	24	83	42
8999	68	74	58
9	7	98	30
90	58	88	50
900	45	89	59
90007	625	79	588
9001	106	76	89
90011	3	91	38
90019	1	80	29
9002	5	75	33
90025	36	88	57
90050	4	100	33
90060	167	85	119
90070	88	74	83
90075	7	86	33
901	14	87	35
90102	142	83	75
90113	12	94	47
90120	1	92	30
90121	33	98	44
9013	103	84	73
90133	3	87	32
90134	4	91	43
90135	21	83	41
90139	28	88	48
9014	84	72	55
90141	15	92	47
9015	72	72	46
9016	29	74	50
90161	53	91	61
90167	3	89	29
90187	53	84	54
9019	116	94	76
90196	28	93	49
90199	4	87	31
902	91	73	80
9020	158	82	101
90203	66	87	58
90204	3	77	30
9021	94	82	86
9022	61	83	54
9023	4	84	26
90231	115	88	92
90233	2	93	33
9024	25	76	38
90249	5	83	43
9025	417	81	303
9026	143	81	100
90268	167	84	100
9027	30	97	56
90271	2	85	41
90273	78	61	49
9028	18	79	43
90288	5	86	29
90293	82	79	66
9031	199	86	132
90313	6	93	32
90316	35	85	50
90317	15	64	47
9032	31	77	47
90321	9	100	46
90324	54	84	56
90326	66	85	46
9033	3	89	40
90332	11	73	42
90333	6	94	32
90338	9	73	32
9034	9	85	37
90342	4	84	47
90353	71	97	68
90355	30	86	54
90362	62	97	56
9037	1	92	29
90378	119	81	87
90379	252	73	182
90381	26	86	43
9039	69	96	45
90390	81	98	71
904	216	78	147
9040	611	89	606
90407	14	97	41
90410	139	73	104
90411	78	94	62
90416	16	88	38
90417	88	76	64
90423	12	90	34
90427	29	93	48
9043	260	74	182
9044	126	83	89
90441	126	124	89
9045	536	86	468
90459	31	90	36
9046	110	73	82
9047	47	93	49
9048	1	88	32
90480	276	77	174
90485	68	65	62
90488	84	87	72
9049	167	101	111
905	55	90	44
9050	27	102	55
90506	25	82	59
90507	29	98	41
9051	91	94	77
9052	67	100	58
90522	69	83	74
90523	10	98	50
90525	2	100	37
90527	2	105	47
90529	2	98	32
9053	240	90	126
9054	137	87	100
9055	969	78	1181
90550	188	82	129
90557	34	82	41
9056	3	86	38
9057	52	88	59
90576	1	88	28
9058	18	77	33
90580	128	98	90
90586	1	105	26
90589	14	83	38
90594	26	88	57
9060	58	74	53
9061	76	77	63
90624	51	88	57
90627	45	87	55
9063	168	82	130
90632	2	89	30
90634	6	91	30
90637	25	104	45
90639	7	78	42
9064	48	81	40
90649	2	88	44
90655	31	92	57
9066	16	87	33
90665	39	69	48
90668	1	85	30
90673	11	85	37
90678	80	79	45
9069	9	83	33
90693	4	75	31
9070	244	94	151
90701	53	101	51
9071	23	88	47
9073	13	80	37
90736	2	83	31
90737	12	68	37
9074	7	89	37
9075	29	75	44
9076	20	89	42
90768	1	81	32
9077	262	95	188
90780	51	92	50
90784	1	78	31
9079	31	84	53
90799	49	70	53
908	562	79	477
9080	17	74	48
90806	73	91	62
90809	72	77	60
9081	1	98	32
9082	1	77	41
90826	27	96	36
90827	7	74	36
9083	3	76	27
90835	3	86	34
9084	7	95	22
90843	17	86	48
9085	4	97	37
90850	420	78	314
90853	2	86	30
9086	29	74	54
90861	51	86	49
90864	36	88	44
90865	9	82	47
9087	37	69	55
90871	5	89	32
90874	16	72	47
9088	136	71	88
909	70	97	52
9091	33	80	52
9092	315	93	216
9093	360	91	264
90933	221	89	146
9094	144	101	105
9095	17	95	34
90952	9	92	35
90956	80	79	75
90957	247	88	137
9096	7	89	35
9097	476	90	385
9098	24	84	43
90987	20	99	46
9099	240	86	137
90990	6	95	37
90993	202	92	131
91	88	98	72
910	76	89	60
9100	300	87	210
9101	144	80	101
91010	35	91	34
91012	28	79	50
9103	2	72	24
91039	103	91	73
9104	8	82	36
91050	5	80	33
91056	36	80	49
91057	9	58	37
9107	86	95	72
91074	8	79	29
9108	62	102	59
9110	156	62	103
91107	47	93	63
9111	115	87	78
9112	262	89	184
91120	3	80	33
9113	441	81	300
91133	22	89	52
91137	265	71	166
9114	170	83	92
91147	127	76	95
91151	9	82	36
91156	45	114	48
9117	11	96	36
91179	20	86	42
9118	134	106	98
91181	4	104	45
9119	181	91	97
912	6	77	23
9120	9	90	38
9121	5	86	30
9122	8	78	41
91227	1	92	30
9123	56	80	57
9124	92	90	69
9125	225	88	150
91252	12	87	57
9126	398	87	288
9127	57	82	56
91272	27	97	43
9128	260	90	161
91283	21	96	43
91289	114	77	80
9129	262	86	172
91298	8	79	40
913	35	83	47
9130	93	97	76
91300	7	98	42
91304	89	91	55
9131	615	86	574
91319	24	79	46
9132	6	73	35
9133	63	99	58
9134	24	98	47
9135	174	97	116
91351	20	104	49
91355	3	93	36
9136	125	105	93
91368	30	77	32
91369	77	111	81
91373	13	87	33
9138	131	97	76
9139	46	95	64
91392	3	103	35
914	18	78	39
9140	85	84	81
91404	36	94	41
91408	93	87	84
91409	32	73	44
9141	82	85	60
91419	58	90	60
9142	46	78	54
9143	28	75	50
91433	66	77	65
9144	74	76	60
91442	21	102	42
91445	155	80	104
9145	102	83	80
91452	199	71	119
9146	514	76	473
91461	17	88	40
91464	31	90	47
9147	86	82	71
9148	13	85	37
9149	85	75	74
915	77	87	71
9150	197	84	139
9152	37	87	40
91522	13	77	47
91523	6	90	43
91526	48	84	47
9153	15	73	33
91543	23	88	54
91544	50	90	56
9156	51	92	48
91574	228	92	147
9158	62	92	66
91582	93	79	68
91584	21	73	46
9159	3	96	27
916	58	99	59
91603	53	103	57
91607	372	91	247
91608	55	80	42
91612	20	68	46
91614	15	86	28
9162	7	77	38
91624	87	82	73
91646	2	84	38
91647	115	84	80
91653	21	98	44
9166	297	82	208
91661	23	92	52
91662	9	79	42
91663	95	103	72
91664	30	102	44
9167	86	82	77
9168	54	83	53
91683	24	71	43
91687	22	80	43
91689	27	84	56
9169	129	93	96
91694	106	99	73
91695	4	89	42
917	19	99	42
9170	117	104	89
91703	26	81	44
9172	26	99	53
9173	20	96	32
91734	13	84	39
91746	392	94	276
91748	106	86	90
91749	20	79	34
9175	42	90	50
91750	48	98	53
91752	9	82	45
91754	103	85	74
91768	42	99	47
9177	19	99	57
91775	37	93	58
91782	80	102	57
9179	49	64	56
9180	52	81	55
91801	7	76	27
91807	8	73	39
9181	212	82	130
9182	38	77	38
91828	4	94	25
9183	142	93	104
91833	83	82	67
9184	224	85	139
9185	25	88	44
91851	9	84	40
91860	2	98	35
91862	1	85	37
91869	76	73	71
9187	3	81	36
91875	62	85	60
9188	714	84	736
9189	92	84	72
91893	11	83	41
91894	310	79	212
919	35	94	48
9191	27	88	51
91937	14	69	35
9194	29	75	41
91942	129	91	87
91947	82	92	90
91949	69	95	69
9196	10	100	36
91966	5	82	40
9197	154	85	108
91975	5	92	40
91977	68	86	68
91978	80	91	52
92	92	90	73
920	94	73	74
9200	24	87	45
92002	18	108	37
9201	120	83	86
92014	150	97	109
92017	41	87	57
9202	160	106	108
9203	137	91	102
9204	85	73	64
9205	37	85	43
92070	3	100	29
9208	147	83	105
92086	3	87	40
9209	107	81	65
92092	40	114	51
921	18	86	32
9210	5	80	38
92104	36	92	61
92105	102	101	74
92106	19	83	44
9211	52	78	49
9212	747	87	811
92126	5	98	41
92129	54	85	60
9213	110	103	63
9214	10	98	33
92140	499	94	414
9215	22	60	40
92154	45	98	53
92162	16	94	40
9217	458	81	371
92170	152	95	120
9218	670	82	634
92181	27	75	44
9219	426	74	318
92196	8	95	31
9220	6	75	44
9221	318	82	216
92211	5	109	36
9223	133	100	86
92235	4	87	25
92241	10	88	31
92255	61	87	51
92259	105	90	79
9227	6	103	32
9228	20	88	43
92283	7	90	44
92285	6	98	44
9229	23	76	44
92291	15	93	49
92292	6	89	27
92293	2	88	29
923	152	88	115
9230	151	72	102
92304	14	102	43
92305	32	116	41
9231	173	73	115
92312	382	92	266
9232	56	83	45
92335	24	82	38
92342	61	89	62
92344	84	85	64
92345	135	78	92
92346	10	90	33
9235	29	103	43
92359	28	84	56
9236	82	99	63
92369	123	86	92
92370	29	92	46
9238	396	94	286
92399	295	89	183
924	19	95	34
9240	184	84	130
92400	15	80	47
9241	40	81	46
9242	13	81	34
92421	684	77	697
9244	71	74	66
9245	20	74	43
9246	114	103	87
9247	35	86	43
9248	57	94	56
92482	5	100	35
92483	48	86	44
9249	39	106	44
925	17	85	28
9252	118	86	78
92521	136	101	83
9253	108	88	78
9254	72	82	67
9255	254	89	171
92552	11	93	24
92558	1	94	30
9256	22	73	47
92565	10	84	36
92579	14	82	47
9258	103	88	83
92591	20	79	35
92595	92	105	69
92597	60	103	65
926	18	92	45
9260	257	93	167
92609	250	86	158
9261	117	83	87
92610	40	79	46
9262	58	88	70
9263	24	90	37
9265	30	75	40
9266	44	77	54
92667	110	77	83
9267	46	84	47
92675	27	86	34
92689	26	81	46
92691	73	89	60
9270	29	88	43
92703	27	84	38
9271	14	82	38
92714	65	86	52
92715	15	77	48
92736	5	76	37
92737	4	90	36
9274	112	89	83
92745	31	90	36
92747	53	86	51
92749	6	99	37
9275	95	111	78
9276	357	75	247
9277	168	81	109
9278	20	94	46
92797	19	93	31
92799	106	84	92
928	76	91	57
92806	2	81	36
92815	79	86	66
9282	132	85	118
92822	30	85	39
9283	56	75	64
9284	2	94	25
92840	108	94	84
92856	107	89	80
9287	1	85	37
9288	8	93	26
9289	56	89	60
929	45	89	54
9290	66	88	63
92906	158	92	98
92912	27	93	51
92922	60	84	57
9293	34	81	55
92935	44	79	47
9294	29	92	45
92949	12	83	28
9295	195	85	128
9296	116	84	87
92960	8	73	36
9297	1	82	26
92979	5	83	30
9298	1	82	29
9299	1	101	39
92999	143	99	92
93	94	98	77
930	21	75	38
9300	2	86	37
9301	1	76	37
93010	23	89	36
9302	2	86	38
9303	2	93	28
93034	4	112	35
93035	5	91	28
9304	5	95	40
93058	3	85	31
9306	119	94	87
9308	63	87	42
93081	3	91	39
93082	4	88	42
93099	24	73	50
931	53	84	57
9310	12	72	47
93100	49	89	59
93107	16	81	44
93109	14	89	35
9311	7	95	39
9312	54	79	65
9313	4	79	36
93134	10	92	25
9314	153	75	122
93144	56	93	48
93145	87	93	64
9315	17	93	39
93166	88	84	55
9317	38	101	46
9318	227	74	139
93183	37	82	34
93185	231	70	161
9319	273	81	162
93190	12	89	34
932	39	101	48
9320	206	95	128
9321	155	94	118
93210	8	85	38
9322	98	68	71
93233	56	99	48
9324	56	66	66
9325	200	94	119
9326	47	85	47
93273	14	94	32
9328	157	88	93
9329	191	77	111
933	20	103	40
9330	203	62	128
9331	21	98	44
9332	7	98	39
93323	123	85	81
9333	32	97	42
9334	57	77	63
93343	54	71	56
93349	8	89	26
9337	70	100	78
93377	207	94	146
9338	73	92	75
93380	377	73	281
9340	1	88	22
93408	27	93	52
9341	306	66	218
9342	239	105	145
93426	122	83	93
9343	1434	72	1697
93432	3	94	29
93436	142	84	104
9344	71	81	59
93474	23	82	49
9348	8	92	41
93487	44	103	59
9349	516	93	421
93492	84	98	65
9350	16	105	43
9351	165	78	125
93517	3	80	35
9352	221	97	150
9353	58	81	51
9354	101	82	73
9355	178	86	123
93550	6	73	33
9356	26	86	43
9358	2	93	39
93587	24	74	45
93594	48	99	51
9360	123	92	102
9361	454	110	324
93611	38	90	45
9362	17	68	40
93621	90	81	82
93622	3	77	24
93624	88	101	72
93627	80	81	56
9363	36	75	43
9364	21	93	52
93643	52	81	39
93649	16	83	37
9365	5	84	33
93650	1	78	35
93655	1	85	31
93659	3	86	35
93661	1	87	30
93663	107	94	77
93664	23	106	38
9367	590	96	559
9368	163	72	107
9369	26	100	42
9370	98	87	59
9371	49	75	33
9372	102	90	76
9373	92	95	76
9374	46	73	56
9375	61	97	59
9376	21	92	42
9377	211	81	132
9378	21	89	50
9379	8	101	43
9380	100	101	74
9381	10	99	42
9382	76	105	69
9388	63	97	46
9389	4	95	32
939	71	83	61
9390	3	104	30
9391	284	93	203
9392	50	90	55
9394	34	101	53
93953	4	98	46
9397	72	90	63
93973	52	88	53
93974	163	89	86
93979	19	94	34
9398	5	74	40
93986	71	84	58
9399	8	81	31
94	32	82	52
940	17	97	45
9400	107	94	80
94005	134	86	83
94009	1	78	37
9401	1413	82	1605
94015	23	80	41
9402	96	85	71
94025	16	97	39
94027	1	94	19
9403	57	75	59
94030	14	89	39
94031	16	83	33
94032	3	78	30
94033	1	98	27
94039	32	88	42
9404	65	93	65
94056	143	93	116
94059	7	107	27
9406	195	79	139
9407	4	85	42
94081	406	101	317
94086	11	82	47
9409	60	77	70
94097	50	76	62
941	76	91	54
9410	630	75	563
94101	65	84	72
94103	56	76	47
94104	95	84	52
94107	43	95	52
9411	64	82	67
94115	2	98	36
9412	149	88	93
94120	5	88	38
94121	66	98	46
94122	17	103	40
9413	83	81	65
94134	66	82	63
94137	3	105	37
9414	278	91	189
9415	66	106	54
9416	473	88	357
94160	11	87	41
94162	1	95	20
9419	25	85	51
942	7	74	30
9420	3	84	34
9421	15	87	43
9422	39	81	43
9423	17	85	24
94233	5	83	33
94234	137	80	98
94235	123	95	80
94239	167	92	87
94240	25	102	45
94241	18	85	37
9425	90	102	63
9426	20	91	47
9427	132	90	93
94274	21	70	46
9429	35	76	39
943	28	105	47
9435	4	82	38
9436	2	85	26
9437	21	96	47
9439	219	99	155
944	139	76	105
9440	189	97	128
9441	102	105	62
9442	100	78	81
9443	77	80	79
9444	188	85	103
9445	99	86	70
9446	102	74	75
9447	110	75	97
9448	233	90	123
945	27	89	50
9450	216	101	144
9451	153	85	130
9452	20	84	40
9453	61	99	56
9454	124	77	81
9455	26	92	46
9456	89	92	66
9457	94	86	71
9459	86	87	69
946	7	78	26
9462	156	95	91
9463	480	81	390
9464	30	80	50
9465	46	76	47
9466	64	109	57
9467	26	78	41
9468	11	79	40
9469	14	83	43
947	2	106	36
9470	239	80	155
9472	16	108	34
9473	3	77	20
9474	413	92	305
9475	144	88	102
9476	10	80	48
9477	182	86	120
9478	10	85	39
9479	47	91	50
948	29	94	40
9480	11	84	49
9481	1	73	40
9482	215	101	143
9486	51	94	51
9487	3	82	33
9488	19	99	40
9489	9	86	31
949	110	74	78
9491	95	85	71
9493	1014	86	1293
9495	70	94	50
9496	4	90	34
9497	179	106	124
9498	35	95	47
9499	16	107	49
95	47	79	42
950	194	89	127
9500	282	83	183
9501	23	102	39
9502	14	75	37
9506	252	81	172
9507	60	66	61
9508	7	75	46
9509	52	94	57
951	8	87	45
9510	89	80	77
9512	364	83	279
9513	421	83	304
9514	10	85	38
9515	9	66	36
9516	73	94	60
9517	75	95	62
9518	69	86	64
9519	39	79	46
952	8	74	45
9520	166	77	104
9521	124	98	76
9522	178	68	112
9524	278	94	181
9525	85	76	65
9526	60	89	54
9527	109	72	87
9528	180	71	129
9529	336	79	241
953	14	77	40
9530	219	79	148
9531	623	80	603
9532	612	77	578
9533	299	81	158
9534	9	81	41
9535	15	86	39
9536	21	81	40
9537	31	84	41
9538	83	86	71
954	94	87	99
9540	16	88	49
9541	70	106	59
9542	5	82	35
9543	2	101	28
9545	31	78	48
9546	58	84	61
9547	40	90	57
955	46	83	52
9550	74	85	55
9551	110	103	64
9552	26	79	54
9553	47	71	52
9554	339	75	189
9555	449	87	321
9556	21	73	46
9557	105	82	86
9559	161	89	100
956	16	82	43
9560	33	96	48
9562	55	87	72
9563	27	90	41
9564	538	80	486
9567	119	90	81
9568	13	93	51
95681	25	98	39
9569	89	79	71
957	13	72	36
9570	126	84	93
9572	21	86	50
9573	12	102	37
9575	82	94	67
9576	22	85	34
9577	87	96	61
9578	102	80	83
958	141	99	123
9580	37	80	53
9581	99	81	68
9582	129	90	94
9583	18	98	34
9584	1031	90	1321
9585	87	103	63
9586	164	89	103
9587	58	86	69
9588	250	90	161
9589	191	92	108
959	11	84	38
9590	150	92	109
9592	36	69	44
9595	16	88	42
960	219	86	153
9600	13	88	33
9601	469	89	395
9603	18	103	31
9604	39	82	42
9605	35	74	46
9607	44	77	57
9609	2	66	27
961	63	103	60
9610	106	95	86
9611	293	92	209
9612	241	92	167
9615	60	90	57
9616	140	91	102
9617	239	76	159
9618	191	90	137
9619	10	93	39
962	32	93	43
9620	72	85	53
9622	8	96	41
9623	46	90	47
9625	192	88	122
9626	3	91	40
9627	28	93	32
9628	17	95	33
963	95	89	76
9630	11	68	34
9631	472	87	419
9632	155	81	80
9633	24	89	52
9635	5	86	34
9636	487	90	410
9637	34	96	43
9638	81	92	66
9639	85	91	66
9640	76	92	78
9641	99	87	75
9643	164	77	108
9644	121	98	98
9645	26	92	41
96459	33	72	45
9646	215	95	134
9647	66	71	59
9648	122	97	81
9649	9	74	42
965	26	100	36
9650	68	83	61
9651	10	98	42
9652	106	100	74
9653	117	72	85
9654	23	81	40
9655	22	78	48
9656	412	94	322
9657	279	86	176
9658	57	95	48
9659	187	91	117
96597	1	90	28
966	88	82	62
9662	263	104	175
96626	13	95	35
9663	21	95	40
9665	127	88	94
9666	175	81	120
9667	199	94	126
9668	7	87	30
9669	192	102	128
967	101	83	52
9670	92	67	72
9672	36	85	50
9673	8	85	38
9674	5	84	42
9675	100	71	64
96764	68	92	69
9677	51	74	59
9678	88	85	69
9679	17	86	40
968	29	95	35
9681	38	103	48
9682	58	92	52
9683	35	91	43
9684	15	81	37
9685	205	88	133
9686	28	92	33
9687	28	106	52
9688	257	82	145
9689	173	100	104
969	22	96	29
9690	204	84	141
9692	131	95	81
9693	82	90	55
9694	390	89	295
9695	202	94	117
9696	50	94	48
9697	6	84	39
9698	288	76	192
9699	12	93	48
97	7	86	35
970	166	70	90
9700	73	91	63
9701	115	103	78
9702	158	89	112
9703	36	105	49
9704	29	73	49
9705	5	90	36
9706	24	80	28
9708	4	83	31
9709	164	86	124
971	26	95	46
9710	166	86	126
9711	52	105	76
9712	104	95	62
9715	40	84	51
9716	188	88	138
9717	4	82	40
9718	28	89	46
9719	2	95	30
972	144	80	91
9720	4	82	26
9721	27	86	45
9722	110	92	70
9723	2	95	27
9724	50	86	45
9725	101	94	89
9726	40	105	50
9727	19	104	32
9728	32	87	47
9729	58	103	59
973	244	83	183
9730	215	101	138
9731	84	81	72
9732	67	90	74
9733	528	98	472
9734	70	75	55
9735	93	76	62
9736	158	91	121
9737	38	88	51
9738	165	81	112
9739	162	88	111
974	112	105	85
9741	29	79	40
9742	52	97	55
9743	139	87	87
9744	17	93	31
9745	63	87	52
9746	65	86	56
9747	117	97	79
9748	179	82	108
9749	28	97	42
975	295	82	189
9750	13	98	33
9751	13	85	34
9752	30	90	53
9753	61	112	49
9754	19	101	36
9755	76	70	66
9757	121	86	95
9758	7	82	36
9759	394	89	302
976	150	104	104
9760	12	73	47
9761	98	86	78
9762	27	80	53
9764	8	75	32
9765	103	72	58
9766	15	107	53
9767	52	72	56
9768	50	88	56
977	57	91	43
9770	42	93	44
9771	36	90	55
9772	32	89	46
9774	315	76	184
9775	486	96	383
9776	204	98	129
9777	99	95	86
9778	74	82	64
9779	89	89	67
978	50	99	62
9780	48	98	58
9781	91	74	69
9782	640	75	594
9783	11	69	34
9784	76	105	68
9785	167	86	100
9786	25	94	43
9787	62	93	67
9788	28	72	37
9789	143	96	97
9790	220	85	137
9791	209	84	133
9792	34	92	57
9793	279	88	202
9794	70	81	58
9796	36	79	47
9797	17	80	40
9798	88	97	78
98	11	87	41
9801	159	88	107
9802	181	87	123
9804	233	80	137
9805	54	90	53
9806	19	87	42
9807	43	89	64
9808	4	71	51
9810	256	86	178
9811	72	86	53
9812	7	97	33
9813	9	85	49
9814	28	88	49
9815	134	89	89
9816	99	77	83
9817	282	91	160
9818	89	90	73
9819	63	71	64
9820	840	85	994
9821	343	87	252
9823	27	87	48
9824	65	99	59
9825	85	94	56
9826	68	96	52
9827	17	84	52
9828	47	83	50
9829	59	87	46
983	519	80	439
9830	380	101	296
9831	10	77	37
9832	20	86	32
9833	104	96	74
9836	28	61	35
9837	31	98	48
9839	92	86	73
984	173	77	125
9840	15	94	36
9841	156	89	105
9842	53	86	52
9843	5	84	40
9844	36	90	49
9846	120	81	95
9847	90	75	75
9848	2	87	39
9849	51	95	39
9851	157	99	117
9852	68	98	63
9853	36	109	51
9854	106	83	90
9855	85	98	75
9856	3	92	35
9857	148	100	98
9858	12	89	41
9859	309	68	188
9860	61	88	50
9861	293	95	202
9862	112	77	78
9863	30	95	39
9865	1	104	25
9866	201	93	138
9867	146	87	110
9868	135	82	87
9869	205	84	137
987	172	103	109
9870	26	78	46
9871	55	90	49
9873	61	79	45
9874	59	75	55
9875	132	98	88
9877	210	77	128
9878	141	73	96
9879	220	86	151
988	829	79	933
9880	32	97	57
9881	6	80	31
9882	124	98	74
9883	147	89	111
9884	1	71	31
9885	30	102	49
9886	150	100	107
9887	319	85	219
9889	32	93	50
989	210	87	136
9890	12	77	40
9891	92	86	72
9892	50	96	41
9894	130	93	91
9895	16	80	31
9896	24	86	41
9897	89	92	69
9898	295	81	192
9899	8	87	34
990	111	72	75
9900	72	93	64
9901	44	100	59
9902	64	82	46
9903	45	94	35
9904	215	82	148
9905	27	76	37
9906	7	85	27
9907	33	79	41
9908	503	95	396
9909	12	87	39
991	225	83	151
9910	120	87	82
9911	44	96	55
9912	36	79	51
9913	68	90	69
9914	1	101	30
9915	83	90	73
9917	59	95	53
9918	208	81	120
9919	424	79	310
9920	6	80	34
9921	427	86	305
9922	91	84	75
9923	23	87	50
9924	392	84	286
9925	52	79	69
9926	69	91	58
9927	138	94	87
9928	1809	74	2461
9929	56	86	60
993	119	96	99
9931	255	97	147
9933	248	90	153
9934	4	93	29
9935	243	100	157
9936	11	93	36
9937	20	84	39
9938	49	76	47
9939	448	79	326
994	114	88	95
9940	6	92	33
9941	49	86	41
9942	12	79	33
9943	147	95	83
9945	63	91	64
9946	24	86	45
9947	17	82	44
9948	202	94	151
9949	32	80	41
995	149	93	108
9950	214	85	127
9951	12	86	46
9953	7	83	30
9955	3	73	31
9956	16	95	50
9957	37	89	55
9958	484	90	386
9959	1	87	36
996	231	75	160
9960	63	86	59
9961	165	95	91
9962	20	91	42
9963	24	96	42
9965	3	82	31
9966	2	75	34
9967	431	79	347
9968	169	99	105
9969	82	86	66
997	320	88	216
9970	40	83	51
9971	29	96	40
9972	212	96	136
9973	41	102	52
9975	60	80	62
9976	146	80	98
9978	551	79	519
998	1280	85	1399
9980	43	95	48
9982	253	90	191
9984	183	99	108
9985	38	93	50
9986	9	66	32
9987	366	94	269
9988	6	81	34
9989	74	90	65
999	718	75	771
9990	119	81	71
9991	185	109	120
9992	5	92	30
9993	178	97	123
9994	47	75	59
9997	131	96	77
